workload,input_bytes,sample,records,seconds,records_per_second,input_bytes_per_second,allocations_per_record,allocated_bytes_per_record
compile,0,0,125568,0.050001458,2511287,0,8.000000,578.000000
compile,0,1,225152,0.050001625,4502894,0,8.000000,578.000000
compile,0,2,245408,0.050001583,4908005,0,8.000000,578.000000
compile,0,3,244960,0.050000334,4899167,0,8.000000,578.000000
compile,0,4,244032,0.050000583,4880583,0,8.000000,578.000000
compile,0,5,244960,0.050005667,4898645,0,8.000000,578.000000
compile,0,6,245120,0.050004666,4901943,0,8.000000,578.000000
ascii/validate,100,0,550944,0.050000625,11018742,1101874227,0.000000,0.000000
ascii/validate,100,1,555360,0.050002000,11106756,1110675573,0.000000,0.000000
ascii/validate,100,2,553920,0.050001666,11078031,1107803088,0.000000,0.000000
ascii/validate,100,3,555680,0.050001667,11113229,1111322948,0.000000,0.000000
ascii/validate,100,4,549184,0.050001875,10983268,1098326813,0.000000,0.000000
ascii/validate,100,5,557280,0.050000542,11145479,1114547918,0.000000,0.000000
ascii/validate,100,6,557536,0.050001584,11150367,1115036676,0.000000,0.000000
ascii/identity,100,0,529024,0.050001625,10580136,1058013615,0.000000,0.000000
ascii/identity,100,1,533440,0.050002334,10668302,1066830200,0.000000,0.000000
ascii/identity,100,2,534240,0.050000709,10684648,1068464849,0.000000,0.000000
ascii/identity,100,3,534976,0.050001375,10699226,1069922577,0.000000,0.000000
ascii/identity,100,4,535296,0.050001125,10705679,1070567912,0.000000,0.000000
ascii/identity,100,5,521216,0.050000333,10424251,1042425057,0.000000,0.000000
ascii/identity,100,6,518656,0.050002875,10372524,1037252358,0.000000,0.000000
ascii/shallow,100,0,455968,0.050000542,9119261,911926115,0.000000,0.000000
ascii/shallow,100,1,457376,0.050000833,9147368,914736760,0.000000,0.000000
ascii/shallow,100,2,454336,0.050000917,9086553,908655335,0.000000,0.000000
ascii/shallow,100,3,460960,0.050001958,9218839,921883899,0.000000,0.000000
ascii/shallow,100,4,457152,0.050001250,9142811,914281143,0.000000,0.000000
ascii/shallow,100,5,460608,0.050002917,9211623,921162259,0.000000,0.000000
ascii/shallow,100,6,453216,0.050002833,9063806,906380644,0.000000,0.000000
ascii/nested,100,0,444928,0.050001750,8898249,889824856,0.000000,0.000000
ascii/nested,100,1,443264,0.050003917,8864586,886458555,0.000000,0.000000
ascii/nested,100,2,449248,0.050002208,8984563,898456324,0.000000,0.000000
ascii/nested,100,3,452768,0.050000792,9055217,905521657,0.000000,0.000000
ascii/nested,100,4,448448,0.050000750,8968825,896882547,0.000000,0.000000
ascii/nested,100,5,440352,0.050000875,8806886,880688588,0.000000,0.000000
ascii/nested,100,6,452832,0.050002334,9056217,905621726,0.000000,0.000000
ascii/missing,100,0,479264,0.050001750,9584945,958494453,0.000000,0.000000
ascii/missing,100,1,487360,0.050001625,9746883,974688323,0.000000,0.000000
ascii/missing,100,2,498784,0.050000208,9975639,997563850,0.000000,0.000000
ascii/missing,100,3,493440,0.050000709,9868660,986866006,0.000000,0.000000
ascii/missing,100,4,497792,0.050001959,9955450,995544995,0.000000,0.000000
ascii/missing,100,5,496704,0.050002208,9933641,993364133,0.000000,0.000000
ascii/missing,100,6,484800,0.050001875,9695636,969563641,0.000000,0.000000
ascii/array_value,100,0,445888,0.050000083,8917745,891774520,0.000000,0.000000
ascii/array_value,100,1,458912,0.050001750,9177919,917791877,0.000000,0.000000
ascii/array_value,100,2,471264,0.050003292,9424659,942465948,0.000000,0.000000
ascii/array_value,100,3,476256,0.050000708,9524985,952498513,0.000000,0.000000
ascii/array_value,100,4,474464,0.050000625,9489161,948916139,0.000000,0.000000
ascii/array_value,100,5,473632,0.050000375,9472569,947256896,0.000000,0.000000
ascii/array_value,100,6,474112,0.050002375,9481790,948178961,0.000000,0.000000
ascii/identity_write,100,0,303456,0.050001375,6068953,606895310,0.000000,0.000000
ascii/identity_write,100,1,305952,0.050000334,6118999,611899913,0.000000,0.000000
ascii/identity_write,100,2,308384,0.050004084,6167176,616717627,0.000000,0.000000
ascii/identity_write,100,3,306720,0.050003375,6133986,613398596,0.000000,0.000000
ascii/identity_write,100,4,308576,0.050005042,6170898,617089773,0.000000,0.000000
ascii/identity_write,100,5,304576,0.050001667,6091317,609131692,0.000000,0.000000
ascii/identity_write,100,6,305632,0.050000458,6112584,611258401,0.000000,0.000000
ascii/validate,500,0,164480,0.050004167,3289326,1644662934,0.000000,0.000000
ascii/validate,500,1,165152,0.050007834,3302523,1651261280,0.000000,0.000000
ascii/validate,500,2,164736,0.050009500,3294094,1647047061,0.000000,0.000000
ascii/validate,500,3,164896,0.050008541,3297357,1648678373,0.000000,0.000000
ascii/validate,500,4,164800,0.050001500,3295901,1647950561,0.000000,0.000000
ascii/validate,500,5,165376,0.050004916,3307195,1653597418,0.000000,0.000000
ascii/validate,500,6,164992,0.050008292,3299293,1649646423,0.000000,0.000000
ascii/identity,500,0,161856,0.050003750,3236877,1618438617,0.000000,0.000000
ascii/identity,500,1,158688,0.050000333,3173739,1586869431,0.000000,0.000000
ascii/identity,500,2,158848,0.050007417,3176489,1588244400,0.000000,0.000000
ascii/identity,500,3,159488,0.050005875,3189385,1594692624,0.000000,0.000000
ascii/identity,500,4,161888,0.050003583,3237528,1618763999,0.000000,0.000000
ascii/identity,500,5,162368,0.050003916,3247106,1623552843,0.000000,0.000000
ascii/identity,500,6,162464,0.050004625,3248979,1624489735,0.000000,0.000000
ascii/shallow,500,0,153696,0.050007917,3073433,1536716676,0.000000,0.000000
ascii/shallow,500,1,151808,0.050007167,3035725,1517862430,0.000000,0.000000
ascii/shallow,500,2,150848,0.050009750,3016372,1508185904,0.000000,0.000000
ascii/shallow,500,3,151168,0.050008166,3022866,1511433153,0.000000,0.000000
ascii/shallow,500,4,151040,0.050002666,3020639,1510319470,0.000000,0.000000
ascii/shallow,500,5,152256,0.050007250,3044679,1522339261,0.000000,0.000000
ascii/shallow,500,6,154496,0.050000458,3089892,1544945848,0.000000,0.000000
ascii/nested,500,0,153728,0.050009458,3073979,1536989263,0.000000,0.000000
ascii/nested,500,1,155264,0.050003292,3105076,1552537781,0.000000,0.000000
ascii/nested,500,2,155136,0.050007000,3102286,1551142840,0.000000,0.000000
ascii/nested,500,3,154752,0.050008000,3094545,1547272436,0.000000,0.000000
ascii/nested,500,4,154464,0.050004333,3089012,1544506153,0.000000,0.000000
ascii/nested,500,5,154592,0.050009666,3091242,1545621201,0.000000,0.000000
ascii/nested,500,6,154848,0.050004041,3096710,1548354862,0.000000,0.000000
ascii/missing,500,0,157664,0.050001084,3153212,1576605819,0.000000,0.000000
ascii/missing,500,1,158240,0.050006334,3164399,1582199567,0.000000,0.000000
ascii/missing,500,2,159040,0.050006041,3180416,1590207871,0.000000,0.000000
ascii/missing,500,3,157216,0.050005667,3143964,1571981832,0.000000,0.000000
ascii/missing,500,4,156768,0.050001459,3135269,1567634256,0.000000,0.000000
ascii/missing,500,5,157216,0.050009125,3143746,1571873133,0.000000,0.000000
ascii/missing,500,6,157440,0.050003792,3148561,1574280607,0.000000,0.000000
ascii/array_value,500,0,154208,0.050007666,3083687,1541843605,0.000000,0.000000
ascii/array_value,500,1,153888,0.050001291,3077681,1538840267,0.000000,0.000000
ascii/array_value,500,2,153920,0.050007208,3077956,1538978141,0.000000,0.000000
ascii/array_value,500,3,155392,0.050009000,3107281,1553640345,0.000000,0.000000
ascii/array_value,500,4,154624,0.050007000,3092047,1546023557,0.000000,0.000000
ascii/array_value,500,5,152352,0.050004542,3046763,1523381616,0.000000,0.000000
ascii/array_value,500,6,154080,0.050009084,3081040,1540520118,0.000000,0.000000
ascii/identity_write,500,0,74912,0.050011958,1497882,748940883,0.000000,0.000000
ascii/identity_write,500,1,74848,0.050009667,1496671,748335317,0.000000,0.000000
ascii/identity_write,500,2,75104,0.050002459,1502006,751003066,0.000000,0.000000
ascii/identity_write,500,3,74880,0.050004959,1497451,748725741,0.000000,0.000000
ascii/identity_write,500,4,75136,0.050002709,1502639,751319294,0.000000,0.000000
ascii/identity_write,500,5,75232,0.050016917,1504131,752065546,0.000000,0.000000
ascii/identity_write,500,6,74976,0.050005584,1499353,749676276,0.000000,0.000000
ascii/validate,1024,0,87168,0.050006541,1743132,1784967131,0.000000,0.000000
ascii/validate,1024,1,87200,0.050005125,1743821,1785672969,0.000000,0.000000
ascii/validate,1024,2,87296,0.050004750,1745754,1787652253,0.000000,0.000000
ascii/validate,1024,3,87424,0.050001584,1748425,1790386801,0.000000,0.000000
ascii/validate,1024,4,87488,0.050005792,1749557,1791546707,0.000000,0.000000
ascii/validate,1024,5,87456,0.050004208,1748973,1790948154,0.000000,0.000000
ascii/validate,1024,6,87392,0.050017208,1747239,1789172398,0.000000,0.000000
ascii/identity,1024,0,86464,0.050001042,1729244,1770745818,0.000000,0.000000
ascii/identity,1024,1,86368,0.050011375,1726967,1768414326,0.000000,0.000000
ascii/identity,1024,2,86304,0.050004375,1725929,1767351277,0.000000,0.000000
ascii/identity,1024,3,86624,0.050011875,1732069,1773638281,0.000000,0.000000
ascii/identity,1024,4,86720,0.050017625,1733789,1775399772,0.000000,0.000000
ascii/identity,1024,5,86528,0.050014166,1730070,1771591513,0.000000,0.000000
ascii/identity,1024,6,86592,0.050006875,1731602,1773160350,0.000000,0.000000
ascii/shallow,1024,0,84032,0.050006584,1680419,1720748772,0.000000,0.000000
ascii/shallow,1024,1,84064,0.050002000,1681213,1721561858,0.000000,0.000000
ascii/shallow,1024,2,84608,0.050005875,1691961,1732568263,0.000000,0.000000
ascii/shallow,1024,3,84448,0.050002500,1688876,1729408570,0.000000,0.000000
ascii/shallow,1024,4,84416,0.050005333,1688140,1728655302,0.000000,0.000000
ascii/shallow,1024,5,84512,0.050001583,1690186,1730750964,0.000000,0.000000
ascii/shallow,1024,6,84288,0.050013000,1685322,1725769540,0.000000,0.000000
ascii/nested,1024,0,84096,0.050009625,1681596,1721954604,0.000000,0.000000
ascii/nested,1024,1,83424,0.050002750,1668388,1708429556,0.000000,0.000000
ascii/nested,1024,2,83936,0.050003917,1678588,1718874623,0.000000,0.000000
ascii/nested,1024,3,83968,0.050001333,1679315,1719618795,0.000000,0.000000
ascii/nested,1024,4,83552,0.050017625,1670451,1710541994,0.000000,0.000000
ascii/nested,1024,5,83936,0.050015750,1678191,1718467963,0.000000,0.000000
ascii/nested,1024,6,83968,0.050018959,1678723,1719012825,0.000000,0.000000
ascii/missing,1024,0,85216,0.050004208,1704177,1745076814,0.000000,0.000000
ascii/missing,1024,1,85088,0.050009291,1701444,1742278490,0.000000,0.000000
ascii/missing,1024,2,84864,0.050013042,1696837,1737561494,0.000000,0.000000
ascii/missing,1024,3,85088,0.050007916,1701491,1742326395,0.000000,0.000000
ascii/missing,1024,4,85280,0.050006042,1705394,1746323374,0.000000,0.000000
ascii/missing,1024,5,85184,0.050000959,1703647,1744534860,0.000000,0.000000
ascii/missing,1024,6,85568,0.050016292,1710803,1751861813,0.000000,0.000000
ascii/array_value,1024,0,84384,0.050006375,1687465,1727964005,0.000000,0.000000
ascii/array_value,1024,1,84576,0.050006333,1691306,1731897118,0.000000,0.000000
ascii/array_value,1024,2,84768,0.050004166,1695219,1735904004,0.000000,0.000000
ascii/array_value,1024,3,84960,0.050006584,1698976,1739751709,0.000000,0.000000
ascii/array_value,1024,4,85056,0.050016167,1700570,1741383821,0.000000,0.000000
ascii/array_value,1024,5,84832,0.050015834,1696103,1736809347,0.000000,0.000000
ascii/array_value,1024,6,84320,0.050007708,1686140,1726607426,0.000000,0.000000
ascii/identity_write,1024,0,38368,0.050021084,767037,785445433,0.000000,0.000000
ascii/identity_write,1024,1,38528,0.050001791,770532,789025177,0.000000,0.000000
ascii/identity_write,1024,2,38368,0.050028875,766917,785323116,0.000000,0.000000
ascii/identity_write,1024,3,38432,0.050038459,768049,786482413,0.000000,0.000000
ascii/identity_write,1024,4,38368,0.050029916,766901,785306775,0.000000,0.000000
ascii/identity_write,1024,5,38496,0.050039541,769312,787775092,0.000000,0.000000
ascii/identity_write,1024,6,38400,0.050031167,767522,785942091,0.000000,0.000000
ascii/validate,10240,0,9408,0.050106708,187759,1922655146,0.000000,0.000000
ascii/validate,10240,1,9408,0.050095000,187803,1923104501,0.000000,0.000000
ascii/validate,10240,2,9376,0.050017209,187455,1919544131,0.000000,0.000000
ascii/validate,10240,3,9408,0.050129458,187674,1921782597,0.000000,0.000000
ascii/validate,10240,4,9408,0.050081084,187855,1923638873,0.000000,0.000000
ascii/validate,10240,5,9408,0.050088583,187827,1923350876,0.000000,0.000000
ascii/validate,10240,6,9408,0.050165333,187540,1920408263,0.000000,0.000000
ascii/identity,10240,0,9408,0.050159958,187560,1920614048,0.000000,0.000000
ascii/identity,10240,1,9376,0.050051917,187325,1918213043,0.000000,0.000000
ascii/identity,10240,2,9408,0.050129833,187673,1921768221,0.000000,0.000000
ascii/identity,10240,3,9376,0.050108958,187112,1916029465,0.000000,0.000000
ascii/identity,10240,4,9376,0.050020666,187443,1919411469,0.000000,0.000000
ascii/identity,10240,5,9408,0.050168542,187528,1920285425,0.000000,0.000000
ascii/identity,10240,6,9376,0.050074833,187240,1917335201,0.000000,0.000000
ascii/shallow,10240,0,9376,0.050155458,186939,1914253081,0.000000,0.000000
ascii/shallow,10240,1,9376,0.050128791,187038,1915271406,0.000000,0.000000
ascii/shallow,10240,2,9376,0.050129209,187037,1915255435,0.000000,0.000000
ascii/shallow,10240,3,9376,0.050133084,187022,1915107397,0.000000,0.000000
ascii/shallow,10240,4,9376,0.050128458,187039,1915284129,0.000000,0.000000
ascii/shallow,10240,5,9344,0.050026167,186782,1912650234,0.000000,0.000000
ascii/shallow,10240,6,9376,0.050044000,187355,1918516505,0.000000,0.000000
ascii/nested,10240,0,9376,0.050167417,186894,1913796758,0.000000,0.000000
ascii/nested,10240,1,9344,0.050037000,186742,1912236145,0.000000,0.000000
ascii/nested,10240,2,9376,0.050094250,187167,1916592024,0.000000,0.000000
ascii/nested,10240,3,9344,0.050060041,186656,1911356005,0.000000,0.000000
ascii/nested,10240,4,9376,0.050138875,187001,1914886204,0.000000,0.000000
ascii/nested,10240,5,9344,0.050037291,186741,1912225024,0.000000,0.000000
ascii/nested,10240,6,9376,0.050129333,187036,1915250698,0.000000,0.000000
ascii/missing,10240,0,9376,0.050129042,187037,1915261816,0.000000,0.000000
ascii/missing,10240,1,9376,0.050042125,187362,1918588389,0.000000,0.000000
ascii/missing,10240,2,9376,0.050158667,186927,1914130613,0.000000,0.000000
ascii/missing,10240,3,9376,0.050087833,187191,1916837568,0.000000,0.000000
ascii/missing,10240,4,9376,0.050115792,187087,1915768187,0.000000,0.000000
ascii/missing,10240,5,9376,0.050122583,187061,1915508624,0.000000,0.000000
ascii/missing,10240,6,9376,0.050123417,187058,1915476752,0.000000,0.000000
ascii/array_value,10240,0,9344,0.050082792,186571,1910487738,0.000000,0.000000
ascii/array_value,10240,1,9344,0.050026292,186782,1912645455,0.000000,0.000000
ascii/array_value,10240,2,9344,0.050046042,186708,1911890655,0.000000,0.000000
ascii/array_value,10240,3,9344,0.050020000,186805,1912886046,0.000000,0.000000
ascii/array_value,10240,4,9376,0.050110333,187107,1915976890,0.000000,0.000000
ascii/array_value,10240,5,9376,0.050164291,186906,1913916016,0.000000,0.000000
ascii/array_value,10240,6,9376,0.050158958,186926,1914119508,0.000000,0.000000
ascii/identity_write,10240,0,4032,0.050311458,80141,820641692,0.000000,0.000000
ascii/identity_write,10240,1,4032,0.050264625,80215,821406307,0.000000,0.000000
ascii/identity_write,10240,2,4032,0.050332416,80107,820299983,0.000000,0.000000
ascii/identity_write,10240,3,4032,0.050265083,80215,821398823,0.000000,0.000000
ascii/identity_write,10240,4,4032,0.050218625,80289,822158711,0.000000,0.000000
ascii/identity_write,10240,5,4032,0.050279042,80192,821170777,0.000000,0.000000
ascii/identity_write,10240,6,4032,0.050276958,80196,821204815,0.000000,0.000000
ascii/validate,65536,0,1504,0.050746916,29637,1942308061,0.000000,0.000000
ascii/validate,65536,1,1504,0.050879959,29560,1937229234,0.000000,0.000000
ascii/validate,65536,2,1504,0.050759958,29630,1941809014,0.000000,0.000000
ascii/validate,65536,3,1504,0.050807500,29602,1939992009,0.000000,0.000000
ascii/validate,65536,4,1504,0.050769459,29624,1941445624,0.000000,0.000000
ascii/validate,65536,5,1504,0.050891708,29553,1936782000,0.000000,0.000000
ascii/validate,65536,6,1504,0.050787291,29614,1940763960,0.000000,0.000000
ascii/identity,65536,0,1504,0.050792709,29611,1940556941,0.000000,0.000000
ascii/identity,65536,1,1504,0.050750083,29635,1942186853,0.000000,0.000000
ascii/identity,65536,2,1504,0.050787292,29614,1940763922,0.000000,0.000000
ascii/identity,65536,3,1504,0.050765708,29626,1941589074,0.000000,0.000000
ascii/identity,65536,4,1504,0.050811958,29599,1939821803,0.000000,0.000000
ascii/identity,65536,5,1504,0.050757166,29631,1941915827,0.000000,0.000000
ascii/identity,65536,6,1504,0.050816208,29597,1939659567,0.000000,0.000000
ascii/shallow,65536,0,1504,0.050794750,29609,1940478967,0.000000,0.000000
ascii/shallow,65536,1,1504,0.050880125,29560,1937222914,0.000000,0.000000
ascii/shallow,65536,2,1504,0.050759917,29630,1941810583,0.000000,0.000000
ascii/shallow,65536,3,1504,0.050944875,29522,1934760739,0.000000,0.000000
ascii/shallow,65536,4,1504,0.050842750,29581,1938646985,0.000000,0.000000
ascii/shallow,65536,5,1504,0.050860000,29571,1937989461,0.000000,0.000000
ascii/shallow,65536,6,1504,0.050833625,29587,1938994986,0.000000,0.000000
ascii/nested,65536,0,1504,0.050913291,29540,1935960965,0.000000,0.000000
ascii/nested,65536,1,1504,0.050814875,29598,1939710449,0.000000,0.000000
ascii/nested,65536,2,1504,0.050812750,29599,1939791568,0.000000,0.000000
ascii/nested,65536,3,1504,0.050844458,29580,1938581861,0.000000,0.000000
ascii/nested,65536,4,1504,0.050832250,29588,1939047435,0.000000,0.000000
ascii/nested,65536,5,1504,0.050928167,29532,1935395476,0.000000,0.000000
ascii/nested,65536,6,1504,0.050954375,29517,1934400020,0.000000,0.000000
ascii/missing,65536,0,1504,0.050821291,29594,1939465568,0.000000,0.000000
ascii/missing,65536,1,1504,0.050822667,29593,1939413058,0.000000,0.000000
ascii/missing,65536,2,1504,0.050821125,29594,1939471903,0.000000,0.000000
ascii/missing,65536,3,1504,0.050869958,29566,1937610092,0.000000,0.000000
ascii/missing,65536,4,1504,0.050788750,29613,1940708208,0.000000,0.000000
ascii/missing,65536,5,1504,0.050821708,29594,1939449654,0.000000,0.000000
ascii/missing,65536,6,1504,0.050903000,29546,1936352356,0.000000,0.000000
ascii/array_value,65536,0,1504,0.050788292,29613,1940725709,0.000000,0.000000
ascii/array_value,65536,1,1504,0.050807334,29602,1939998347,0.000000,0.000000
ascii/array_value,65536,2,1504,0.050878875,29560,1937270508,0.000000,0.000000
ascii/array_value,65536,3,1504,0.050874500,29563,1937437105,0.000000,0.000000
ascii/array_value,65536,4,1504,0.050840750,29583,1938723249,0.000000,0.000000
ascii/array_value,65536,5,1504,0.050860625,29571,1937965646,0.000000,0.000000
ascii/array_value,65536,6,1504,0.050786500,29614,1940794187,0.000000,0.000000
ascii/identity_write,65536,0,640,0.050901125,12573,824010078,0.000000,0.000000
ascii/identity_write,65536,1,640,0.050797208,12599,825695774,0.000000,0.000000
ascii/identity_write,65536,2,640,0.050890916,12576,824175379,0.000000,0.000000
ascii/identity_write,65536,3,640,0.050765625,12607,826209468,0.000000,0.000000
ascii/identity_write,65536,4,640,0.051003458,12548,822356790,0.000000,0.000000
ascii/identity_write,65536,5,640,0.050693084,12625,827391760,0.000000,0.000000
ascii/identity_write,65536,6,640,0.050917416,12569,823746437,0.000000,0.000000
ascii/validate,1048576,0,96,0.051675792,1858,1947977807,0.000000,0.000000
ascii/validate,1048576,1,96,0.051717625,1856,1946402140,0.000000,0.000000
ascii/validate,1048576,2,96,0.051732791,1856,1945831533,0.000000,0.000000
ascii/validate,1048576,3,96,0.051699625,1857,1947079810,0.000000,0.000000
ascii/validate,1048576,4,96,0.051807500,1853,1943025546,0.000000,0.000000
ascii/validate,1048576,5,96,0.051728541,1856,1945991402,0.000000,0.000000
ascii/validate,1048576,6,96,0.051817708,1853,1942642774,0.000000,0.000000
ascii/identity,1048576,0,96,0.051803166,1853,1943188106,0.000000,0.000000
ascii/identity,1048576,1,96,0.051774583,1854,1944260874,0.000000,0.000000
ascii/identity,1048576,2,96,0.051801041,1853,1943267820,0.000000,0.000000
ascii/identity,1048576,3,96,0.051727542,1856,1946028984,0.000000,0.000000
ascii/identity,1048576,4,96,0.051726750,1856,1946058780,0.000000,0.000000
ascii/identity,1048576,5,96,0.051759834,1855,1944814893,0.000000,0.000000
ascii/identity,1048576,6,96,0.051740125,1855,1945555717,0.000000,0.000000
ascii/shallow,1048576,0,96,0.051736459,1856,1945693578,0.000000,0.000000
ascii/shallow,1048576,1,96,0.051827000,1852,1942294480,0.000000,0.000000
ascii/shallow,1048576,2,96,0.051759958,1855,1944810233,0.000000,0.000000
ascii/shallow,1048576,3,96,0.051751167,1855,1945140599,0.000000,0.000000
ascii/shallow,1048576,4,96,0.051706125,1857,1946835041,0.000000,0.000000
ascii/shallow,1048576,5,96,0.051727208,1856,1946041549,0.000000,0.000000
ascii/shallow,1048576,6,96,0.051760125,1855,1944803959,0.000000,0.000000
ascii/nested,1048576,0,96,0.051538084,1863,1953182738,0.000000,0.000000
ascii/nested,1048576,1,96,0.051758625,1855,1944860320,0.000000,0.000000
ascii/nested,1048576,2,96,0.051809000,1853,1942969291,0.000000,0.000000
ascii/nested,1048576,3,96,0.051770125,1854,1944428297,0.000000,0.000000
ascii/nested,1048576,4,96,0.051783166,1854,1943938615,0.000000,0.000000
ascii/nested,1048576,5,96,0.051719791,1856,1946320626,0.000000,0.000000
ascii/nested,1048576,6,96,0.051886375,1850,1940071859,0.000000,0.000000
ascii/missing,1048576,0,96,0.051760292,1855,1944797684,0.000000,0.000000
ascii/missing,1048576,1,96,0.051761459,1855,1944753837,0.000000,0.000000
ascii/missing,1048576,2,96,0.051799708,1853,1943317827,0.000000,0.000000
ascii/missing,1048576,3,96,0.051747708,1855,1945270620,0.000000,0.000000
ascii/missing,1048576,4,96,0.051802208,1853,1943224042,0.000000,0.000000
ascii/missing,1048576,5,96,0.051741916,1855,1945488373,0.000000,0.000000
ascii/missing,1048576,6,96,0.051781167,1854,1944013660,0.000000,0.000000
ascii/array_value,1048576,0,96,0.051740000,1855,1945560417,0.000000,0.000000
ascii/array_value,1048576,1,96,0.051796000,1853,1943456946,0.000000,0.000000
ascii/array_value,1048576,2,96,0.051855333,1851,1941233238,0.000000,0.000000
ascii/array_value,1048576,3,96,0.051857417,1851,1941155226,0.000000,0.000000
ascii/array_value,1048576,4,96,0.051755166,1855,1944990303,0.000000,0.000000
ascii/array_value,1048576,5,96,0.051891125,1850,1939894269,0.000000,0.000000
ascii/array_value,1048576,6,96,0.051723500,1856,1946181059,0.000000,0.000000
ascii/identity_write,1048576,0,64,0.081353791,787,824901497,0.000000,0.000000
ascii/identity_write,1048576,1,64,0.081400041,786,824432803,0.000000,0.000000
ascii/identity_write,1048576,2,64,0.081530625,785,823112346,0.000000,0.000000
ascii/identity_write,1048576,3,64,0.081304916,787,825397372,0.000000,0.000000
ascii/identity_write,1048576,4,64,0.081913916,781,819260845,0.000000,0.000000
ascii/identity_write,1048576,5,64,0.081916917,781,819230831,0.000000,0.000000
ascii/identity_write,1048576,6,64,0.081936500,781,819035033,0.000000,0.000000
structured/validate,485,0,99072,0.050001958,1981362,960960769,0.000000,0.000000
structured/validate,485,1,97120,0.050013041,1941894,941818355,0.000000,0.000000
structured/validate,485,2,98592,0.050012791,1971336,956097811,0.000000,0.000000
structured/validate,485,3,98400,0.050008084,1967682,954325705,0.000000,0.000000
structured/validate,485,4,98080,0.050013000,1961090,951128707,0.000000,0.000000
structured/validate,485,5,98912,0.050001875,1978166,959410422,0.000000,0.000000
structured/validate,485,6,97664,0.050000625,1953256,947328958,0.000000,0.000000
structured/identity,485,0,98176,0.050005917,1963288,952194517,0.000000,0.000000
structured/identity,485,1,97856,0.050008584,1956784,949040269,0.000000,0.000000
structured/identity,485,2,97984,0.050013542,1959149,950187451,0.000000,0.000000
structured/identity,485,3,98400,0.050010917,1967570,954271644,0.000000,0.000000
structured/identity,485,4,98848,0.050013541,1976425,958566001,0.000000,0.000000
structured/identity,485,5,100896,0.050007083,2017634,978552578,0.000000,0.000000
structured/identity,485,6,100256,0.050012292,2004627,972244183,0.000000,0.000000
structured/shallow,485,0,96480,0.050014083,1929057,935592481,0.000000,0.000000
structured/shallow,485,1,98720,0.050005208,1974194,957484268,0.000000,0.000000
structured/shallow,485,2,98176,0.050015833,1962898,952005738,0.000000,0.000000
structured/shallow,485,3,97056,0.050007833,1940816,941295737,0.000000,0.000000
structured/shallow,485,4,98528,0.050012125,1970082,955489894,0.000000,0.000000
structured/shallow,485,5,98880,0.050001375,1977546,959109624,0.000000,0.000000
structured/shallow,485,6,97568,0.050004625,1951180,946322065,0.000000,0.000000
structured/nested,485,0,97344,0.050015750,1946267,943939459,0.000000,0.000000
structured/nested,485,1,98144,0.050000208,1962872,951992840,0.000000,0.000000
structured/nested,485,2,98592,0.050015125,1971244,956053194,0.000000,0.000000
structured/nested,485,3,98080,0.050004041,1961441,951299116,0.000000,0.000000
structured/nested,485,4,95264,0.050000416,1905264,924053112,0.000000,0.000000
structured/nested,485,5,96480,0.050004583,1929423,935770227,0.000000,0.000000
structured/nested,485,6,97280,0.050005375,1945391,943514572,0.000000,0.000000
structured/missing,485,0,97792,0.050009666,1955462,948399055,0.000000,0.000000
structured/missing,485,1,98176,0.050015791,1962900,952006537,0.000000,0.000000
structured/missing,485,2,98176,0.050005250,1963314,952207218,0.000000,0.000000
structured/missing,485,3,97696,0.050003750,1953773,947580131,0.000000,0.000000
structured/missing,485,4,97024,0.050010166,1940086,940941488,0.000000,0.000000
structured/missing,485,5,97920,0.050001625,1958336,949793132,0.000000,0.000000
structured/missing,485,6,98880,0.050004666,1977415,959046502,0.000000,0.000000
structured/array_value,485,0,96896,0.050006083,1937684,939776867,0.000000,0.000000
structured/array_value,485,1,96768,0.050013958,1934820,938387640,0.000000,0.000000
structured/array_value,485,2,98112,0.050000291,1962229,951680861,0.000000,0.000000
structured/array_value,485,3,98912,0.050001250,1978191,959422414,0.000000,0.000000
structured/array_value,485,4,98848,0.050008333,1976631,958665829,0.000000,0.000000
structured/array_value,485,5,98720,0.050013417,1973870,957327111,0.000000,0.000000
structured/array_value,485,6,99456,0.050002000,1989040,964684613,0.000000,0.000000
structured/identity_write,485,0,63296,0.050019834,1265418,613727746,0.000000,0.000000
structured/identity_write,485,1,62816,0.050016375,1255909,609115715,0.000000,0.000000
structured/identity_write,485,2,62944,0.050013250,1258546,610395045,0.000000,0.000000
structured/identity_write,485,3,62432,0.050022334,1248083,605320016,0.000000,0.000000
structured/identity_write,485,4,62688,0.050016125,1253356,607877559,0.000000,0.000000
structured/identity_write,485,5,61888,0.050001250,1237729,600298593,0.000000,0.000000
structured/identity_write,485,6,62528,0.050020667,1250043,606271004,0.000000,0.000000
unicode_escaped_keys/validate,960,0,57344,0.050012458,1146594,1100730542,0.000000,0.000000
unicode_escaped_keys/validate,960,1,55840,0.050018334,1116391,1071735016,0.000000,0.000000
unicode_escaped_keys/validate,960,2,55936,0.050004584,1118617,1073872747,0.000000,0.000000
unicode_escaped_keys/validate,960,3,56032,0.050019708,1120198,1075390524,0.000000,0.000000
unicode_escaped_keys/validate,960,4,55936,0.050023334,1118198,1073470233,0.000000,0.000000
unicode_escaped_keys/validate,960,5,56800,0.050004875,1135889,1090453681,0.000000,0.000000
unicode_escaped_keys/validate,960,6,57280,0.050008792,1145399,1099582649,0.000000,0.000000
unicode_escaped_keys/identity,960,0,56832,0.050002292,1136588,1091124383,0.000000,0.000000
unicode_escaped_keys/identity,960,1,56960,0.050010292,1138966,1093406933,0.000000,0.000000
unicode_escaped_keys/identity,960,2,56992,0.050021709,1139345,1093771506,0.000000,0.000000
unicode_escaped_keys/identity,960,3,55904,0.050023833,1117547,1072845418,0.000000,0.000000
unicode_escaped_keys/identity,960,4,56608,0.050023542,1131627,1086362097,0.000000,0.000000
unicode_escaped_keys/identity,960,5,55744,0.050020250,1114429,1069851510,0.000000,0.000000
unicode_escaped_keys/identity,960,6,57152,0.050004833,1142930,1097212343,0.000000,0.000000
unicode_escaped_keys/shallow,960,0,55296,0.050018291,1105516,1061294957,0.000000,0.000000
unicode_escaped_keys/shallow,960,1,55456,0.050022208,1108628,1064282488,0.000000,0.000000
unicode_escaped_keys/shallow,960,2,54592,0.050000209,1091835,1048162019,0.000000,0.000000
unicode_escaped_keys/shallow,960,3,55520,0.050009959,1110179,1065771720,0.000000,0.000000
unicode_escaped_keys/shallow,960,4,55776,0.050000667,1115505,1070884914,0.000000,0.000000
unicode_escaped_keys/shallow,960,5,54112,0.050015125,1081913,1038636213,0.000000,0.000000
unicode_escaped_keys/shallow,960,6,55232,0.050016334,1104279,1060108084,0.000000,0.000000
unicode_escaped_keys/nested,960,0,54272,0.050013334,1085151,1041744588,0.000000,0.000000
unicode_escaped_keys/nested,960,1,54304,0.050008292,1085900,1042463918,0.000000,0.000000
unicode_escaped_keys/nested,960,2,54496,0.050008750,1089729,1046140125,0.000000,0.000000
unicode_escaped_keys/nested,960,3,54528,0.050000375,1090552,1046929748,0.000000,0.000000
unicode_escaped_keys/nested,960,4,55136,0.050004250,1102626,1058521226,0.000000,0.000000
unicode_escaped_keys/nested,960,5,55552,0.050003708,1110958,1066519307,0.000000,0.000000
unicode_escaped_keys/nested,960,6,55584,0.050002333,1111628,1067163006,0.000000,0.000000
unicode_escaped_keys/missing,960,0,55744,0.050003375,1114805,1070212561,0.000000,0.000000
unicode_escaped_keys/missing,960,1,56096,0.050003459,1121842,1076968695,0.000000,0.000000
unicode_escaped_keys/missing,960,2,56256,0.050003416,1125043,1080041412,0.000000,0.000000
unicode_escaped_keys/missing,960,3,55680,0.050022334,1113103,1068578687,0.000000,0.000000
unicode_escaped_keys/missing,960,4,55840,0.050011209,1116550,1071887704,0.000000,0.000000
unicode_escaped_keys/missing,960,5,56192,0.050027250,1123228,1078298727,0.000000,0.000000
unicode_escaped_keys/missing,960,6,54816,0.050010500,1096090,1052246228,0.000000,0.000000
unicode_escaped_keys/array_value,960,0,55744,0.050001959,1114836,1070242868,0.000000,0.000000
unicode_escaped_keys/array_value,960,1,55104,0.050022041,1101594,1057530619,0.000000,0.000000
unicode_escaped_keys/array_value,960,2,54528,0.050018083,1090166,1046559101,0.000000,0.000000
unicode_escaped_keys/array_value,960,3,55136,0.050011333,1102470,1058371310,0.000000,0.000000
unicode_escaped_keys/array_value,960,4,54784,0.050002875,1095617,1051792322,0.000000,0.000000
unicode_escaped_keys/array_value,960,5,55456,0.050001583,1109085,1064721491,0.000000,0.000000
unicode_escaped_keys/array_value,960,6,55424,0.050001375,1108450,1064111537,0.000000,0.000000
unicode_escaped_keys/identity_write,960,0,31200,0.050046125,623425,598487895,0.000000,0.000000
unicode_escaped_keys/identity_write,960,1,31456,0.050004958,629058,603895318,0.000000,0.000000
unicode_escaped_keys/identity_write,960,2,31520,0.050008209,630297,605084657,0.000000,0.000000
unicode_escaped_keys/identity_write,960,3,31104,0.050005833,622007,597127139,0.000000,0.000000
unicode_escaped_keys/identity_write,960,4,31520,0.050043917,629847,604652909,0.000000,0.000000
unicode_escaped_keys/identity_write,960,5,31296,0.050011625,625775,600743527,0.000000,0.000000
unicode_escaped_keys/identity_write,960,6,31680,0.050016334,633393,608057360,0.000000,0.000000
array/shallow,78,0,192160,0.050006333,3842713,299731636,0.000000,0.000000
array/shallow,78,1,196288,0.050006666,3925237,306168462,0.000000,0.000000
array/shallow,78,2,198112,0.050005833,3961778,309018670,0.000000,0.000000
array/shallow,78,3,203104,0.050003792,4061772,316818213,0.000000,0.000000
array/shallow,78,4,204160,0.050007875,4082557,318439446,0.000000,0.000000
array/shallow,78,5,201952,0.050000458,4039003,315042234,0.000000,0.000000
array/shallow,78,6,201696,0.050005083,4033510,314613776,0.000000,0.000000
array/nested,78,0,181536,0.050007750,3630157,283152271,0.000000,0.000000
array/nested,78,1,182432,0.050003625,3648375,284573288,0.000000,0.000000
array/nested,78,2,181056,0.050007875,3620550,282402882,0.000000,0.000000
array/nested,78,3,179232,0.050005417,3584252,279571631,0.000000,0.000000
array/nested,78,4,181440,0.050008250,3628201,282999705,0.000000,0.000000
array/nested,78,5,183520,0.050004708,3670054,286264245,0.000000,0.000000
array/nested,78,6,184192,0.050000916,3683773,287334256,0.000000,0.000000
array/flatten,78,0,200000,0.050004750,3999620,311970363,0.000000,0.000000
array/flatten,78,1,203648,0.050004708,4072577,317660969,0.000000,0.000000
array/flatten,78,2,205248,0.050000709,4104902,320182340,0.000000,0.000000
array/flatten,78,3,204320,0.050003166,4086141,318719019,0.000000,0.000000
array/flatten,78,4,205248,0.050000875,4104888,320181277,0.000000,0.000000
array/flatten,78,5,206784,0.050007166,4135087,322536814,0.000000,0.000000
array/flatten,78,6,205760,0.050006167,4114692,320946015,0.000000,0.000000
array/missing,78,0,209632,0.050006625,4192085,326982595,0.000000,0.000000
array/missing,78,1,208224,0.050000500,4164438,324826192,0.000000,0.000000
array/missing,78,2,204896,0.050004542,4097548,319608727,0.000000,0.000000
array/missing,78,3,207008,0.050000125,4140150,322931673,0.000000,0.000000
array/missing,78,4,205984,0.050000458,4119642,321332097,0.000000,0.000000
array/missing,78,5,206048,0.050007458,4120345,321386942,0.000000,0.000000
array/missing,78,6,207072,0.050000166,4141426,323031248,0.000000,0.000000
array/root,67,0,215712,0.050005042,4313805,289024935,0.000000,0.000000
array/root,67,1,217984,0.050000250,4359658,292097100,0.000000,0.000000
array/root,67,2,217664,0.050004500,4352888,291643512,0.000000,0.000000
array/root,67,3,218528,0.050000708,4370498,292823374,0.000000,0.000000
array/root,67,4,213536,0.050005625,4270240,286106053,0.000000,0.000000
array/root,67,5,215104,0.050004375,4301704,288214141,0.000000,0.000000
array/root,67,6,217888,0.050002542,4357538,291955077,0.000000,0.000000
array/cancel_first,78,0,199840,0.050005041,3996397,311718972,0.000000,0.000000
array/cancel_first,78,1,202656,0.050003250,4052857,316122812,0.000000,0.000000
array/cancel_first,78,2,203104,0.050000875,4062009,316836695,0.000000,0.000000
array/cancel_first,78,3,204288,0.050006875,4085198,318645466,0.000000,0.000000
array/cancel_first,78,4,204704,0.050005750,4093609,319301520,0.000000,0.000000
array/cancel_first,78,5,204384,0.050003667,4087380,318815658,0.000000,0.000000
array/cancel_first,78,6,206176,0.050003541,4123228,321611783,0.000000,0.000000
array/shallow,540,0,28608,0.050050458,571583,308654918,0.000000,0.000000
array/shallow,540,1,28832,0.050050542,576058,311071157,0.000000,0.000000
array/shallow,540,2,28640,0.050028792,572470,309133988,0.000000,0.000000
array/shallow,540,3,28576,0.050032083,571154,308422897,0.000000,0.000000
array/shallow,540,4,28704,0.050015042,573907,309909967,0.000000,0.000000
array/shallow,540,5,28576,0.050015708,571341,308523874,0.000000,0.000000
array/shallow,540,6,28480,0.050047833,569056,307290028,0.000000,0.000000
array/nested,540,0,25632,0.050060292,512023,276492195,0.000000,0.000000
array/nested,540,1,25472,0.050023792,509198,274966760,0.000000,0.000000
array/nested,540,2,25472,0.050009000,509348,275048091,0.000000,0.000000
array/nested,540,3,25728,0.050011375,514443,277799201,0.000000,0.000000
array/nested,540,4,25760,0.050006666,515131,278170914,0.000000,0.000000
array/nested,540,5,25792,0.050040542,515422,278327921,0.000000,0.000000
array/nested,540,6,25952,0.050030125,518727,280112832,0.000000,0.000000
array/flatten,540,0,26208,0.050009375,524062,282993339,0.000000,0.000000
array/flatten,540,1,26624,0.050022000,532246,287412738,0.000000,0.000000
array/flatten,540,2,26624,0.050024292,532221,287399570,0.000000,0.000000
array/flatten,540,3,26752,0.050013000,534901,288846500,0.000000,0.000000
array/flatten,540,4,26816,0.050005042,536266,289583598,0.000000,0.000000
array/flatten,540,5,26752,0.050014000,534890,288840725,0.000000,0.000000
array/flatten,540,6,26592,0.050046250,531349,286928191,0.000000,0.000000
array/missing,540,0,29568,0.050024125,591075,319180395,0.000000,0.000000
array/missing,540,1,29440,0.050006250,588726,317912261,0.000000,0.000000
array/missing,540,2,29856,0.050045792,596574,322149762,0.000000,0.000000
array/missing,540,3,29856,0.050018250,596902,322327151,0.000000,0.000000
array/missing,540,4,30016,0.050011000,600188,324101498,0.000000,0.000000
array/missing,540,5,30048,0.050031167,600586,324316241,0.000000,0.000000
array/missing,540,6,30176,0.050017708,603306,325785420,0.000000,0.000000
array/root,529,0,29376,0.050009166,587412,310741115,0.000000,0.000000
array/root,529,1,29280,0.050033459,585208,309575238,0.000000,0.000000
array/root,529,2,29408,0.050035500,587743,310915890,0.000000,0.000000
array/root,529,3,29440,0.050046125,588257,311188129,0.000000,0.000000
array/root,529,4,29248,0.050017375,584757,309336346,0.000000,0.000000
array/root,529,5,29376,0.050005750,587452,310762342,0.000000,0.000000
array/root,529,6,29440,0.050007542,588711,311428224,0.000000,0.000000
array/cancel_first,540,0,59360,0.050008166,1187006,640983315,0.000000,0.000000
array/cancel_first,540,1,59680,0.050015084,1193240,644349613,0.000000,0.000000
array/cancel_first,540,2,59008,0.050019083,1179710,637043266,0.000000,0.000000
array/cancel_first,540,3,58400,0.050018250,1167574,630489871,0.000000,0.000000
array/cancel_first,540,4,59072,0.050007209,1181270,637885630,0.000000,0.000000
array/cancel_first,540,5,59040,0.050009875,1180567,637506093,0.000000,0.000000
array/cancel_first,540,6,59072,0.050002583,1181379,637944644,0.000000,0.000000
array/shallow,1074,0,13984,0.050040916,279451,300130717,0.000000,0.000000
array/shallow,1074,1,13984,0.050079083,279238,299901977,0.000000,0.000000
array/shallow,1074,2,13984,0.050113458,279047,299696261,0.000000,0.000000
array/shallow,1074,3,14048,0.050041250,280728,301502301,0.000000,0.000000
array/shallow,1074,4,14016,0.050097500,279774,300477748,0.000000,0.000000
array/shallow,1074,5,14048,0.050037708,280748,301523643,0.000000,0.000000
array/shallow,1074,6,13984,0.050018083,279579,300267725,0.000000,0.000000
array/nested,1074,0,12448,0.050047417,248724,267129710,0.000000,0.000000
array/nested,1074,1,12576,0.050041000,251314,269911153,0.000000,0.000000
array/nested,1074,2,12736,0.050121459,254103,272906341,0.000000,0.000000
array/nested,1074,3,12672,0.050089292,252988,271709331,0.000000,0.000000
array/nested,1074,4,12736,0.050022125,254607,273448279,0.000000,0.000000
array/nested,1074,5,12768,0.050019500,255260,274149722,0.000000,0.000000
array/nested,1074,6,12768,0.050109833,254800,273655512,0.000000,0.000000
array/flatten,1074,0,13024,0.050073875,260096,279342791,0.000000,0.000000
array/flatten,1074,1,13088,0.050028584,261610,280969615,0.000000,0.000000
array/flatten,1074,2,13120,0.050029167,262247,281653300,0.000000,0.000000
array/flatten,1074,3,13152,0.050046584,262795,282242001,0.000000,0.000000
array/flatten,1074,4,12992,0.050081333,259418,278614948,0.000000,0.000000
array/flatten,1074,5,13024,0.050017791,260387,279656013,0.000000,0.000000
array/flatten,1074,6,13088,0.050030125,261602,280960961,0.000000,0.000000
array/missing,1074,0,14720,0.050024875,294254,316028376,0.000000,0.000000
array/missing,1074,1,14496,0.050019416,289807,311253214,0.000000,0.000000
array/missing,1074,2,14464,0.050017541,289179,310577763,0.000000,0.000000
array/missing,1074,3,14560,0.050076792,290753,312269204,0.000000,0.000000
array/missing,1074,4,14560,0.050083500,290715,312227380,0.000000,0.000000
array/missing,1074,5,14560,0.050103000,290601,312105862,0.000000,0.000000
array/missing,1074,6,14688,0.050037542,293540,315261529,0.000000,0.000000
array/root,1063,0,14304,0.050019916,285966,303981958,0.000000,0.000000
array/root,1063,1,14432,0.050049375,288355,306521630,0.000000,0.000000
array/root,1063,2,14464,0.050026500,289127,307341749,0.000000,0.000000
array/root,1063,3,14464,0.050014584,289196,307414973,0.000000,0.000000
array/root,1063,4,14432,0.050097667,288077,306226156,0.000000,0.000000
array/root,1063,5,14400,0.050066625,287617,305736606,0.000000,0.000000
array/root,1063,6,14176,0.050002708,283505,301365438,0.000000,0.000000
array/cancel_first,1074,0,35584,0.050022500,711360,764000520,0.000000,0.000000
array/cancel_first,1074,1,35680,0.050016875,713359,766147825,0.000000,0.000000
array/cancel_first,1074,2,35776,0.050006083,715433,768374999,0.000000,0.000000
array/cancel_first,1074,3,35712,0.050043125,713624,766432712,0.000000,0.000000
array/cancel_first,1074,4,35456,0.050032958,708653,761093198,0.000000,0.000000
array/cancel_first,1074,5,35008,0.050001083,700145,751955553,0.000000,0.000000
array/cancel_first,1074,6,35392,0.050004834,707772,760146669,0.000000,0.000000
array/shallow,8606,0,1856,0.050742292,36577,314781524,0.000000,0.000000
array/shallow,8606,1,1856,0.050602958,36678,315648267,0.000000,0.000000
array/shallow,8606,2,1824,0.050055000,36440,313601918,0.000000,0.000000
array/shallow,8606,3,1824,0.050027250,36460,313775872,0.000000,0.000000
array/shallow,8606,4,1856,0.050827291,36516,314255111,0.000000,0.000000
array/shallow,8606,5,1856,0.050861292,36491,314045031,0.000000,0.000000
array/shallow,8606,6,1856,0.050805458,36532,314390159,0.000000,0.000000
array/nested,8606,0,1632,0.050469542,32336,278286496,0.000000,0.000000
array/nested,8606,1,1664,0.050831625,32736,281721940,0.000000,0.000000
array/nested,8606,2,1664,0.050405334,33012,284104535,0.000000,0.000000
array/nested,8606,3,1664,0.050412417,33008,284064618,0.000000,0.000000
array/nested,8606,4,1696,0.050799750,33386,287319839,0.000000,0.000000
array/nested,8606,5,1664,0.050570584,32905,283176164,0.000000,0.000000
array/nested,8606,6,1664,0.050325417,33065,284555695,0.000000,0.000000
array/flatten,8606,0,1728,0.050914084,33940,292083581,0.000000,0.000000
array/flatten,8606,1,1696,0.050060041,33879,291565402,0.000000,0.000000
array/flatten,8606,2,1696,0.050017375,33908,291814115,0.000000,0.000000
array/flatten,8606,3,1696,0.050281125,33730,290283402,0.000000,0.000000
array/flatten,8606,4,1696,0.050115834,33842,291240808,0.000000,0.000000
array/flatten,8606,5,1728,0.050901541,33948,292155556,0.000000,0.000000
array/flatten,8606,6,1728,0.050832917,33994,292549963,0.000000,0.000000
array/missing,8606,0,1888,0.050451916,37422,322051753,0.000000,0.000000
array/missing,8606,1,1888,0.050420500,37445,322252417,0.000000,0.000000
array/missing,8606,2,1888,0.050077750,37701,324458028,0.000000,0.000000
array/missing,8606,3,1888,0.050214000,37599,323577648,0.000000,0.000000
array/missing,8606,4,1888,0.050194875,37613,323700936,0.000000,0.000000
array/missing,8606,5,1888,0.050545792,37352,321453624,0.000000,0.000000
array/missing,8606,6,1920,0.050706709,37865,325864571,0.000000,0.000000
array/root,8595,0,1856,0.050863125,36490,313632322,0.000000,0.000000
array/root,8595,1,1856,0.050633292,36656,315055952,0.000000,0.000000
array/root,8595,2,1856,0.050590250,36687,315324000,0.000000,0.000000
array/root,8595,3,1856,0.050370167,36847,316701749,0.000000,0.000000
array/root,8595,4,1888,0.050533875,37361,321118458,0.000000,0.000000
array/root,8595,5,1888,0.050136833,37657,323661449,0.000000,0.000000
array/root,8595,6,1888,0.050294833,37539,322644674,0.000000,0.000000
array/cancel_first,8606,0,5984,0.050132750,119363,1027238761,0.000000,0.000000
array/cancel_first,8606,1,5984,0.050035416,119595,1029237051,0.000000,0.000000
array/cancel_first,8606,2,5888,0.050039417,117667,1012644252,0.000000,0.000000
array/cancel_first,8606,3,5888,0.050220667,117243,1008989546,0.000000,0.000000
array/cancel_first,8606,4,5856,0.050101334,116883,1005896091,0.000000,0.000000
array/cancel_first,8606,5,5920,0.050017416,118359,1018595603,0.000000,0.000000
array/cancel_first,8606,6,5920,0.050003541,118392,1018878243,0.000000,0.000000
array/shallow,69558,0,256,0.054611250,4688,326065563,0.000000,0.000000
array/shallow,69558,1,256,0.054659958,4684,325775003,0.000000,0.000000
array/shallow,69558,2,256,0.054964750,4658,323968507,0.000000,0.000000
array/shallow,69558,3,256,0.055119208,4644,323060665,0.000000,0.000000
array/shallow,69558,4,256,0.054748875,4676,325245916,0.000000,0.000000
array/shallow,69558,5,256,0.054736917,4677,325316970,0.000000,0.000000
array/shallow,69558,6,256,0.054571042,4691,326305809,0.000000,0.000000
array/nested,69558,0,224,0.054202583,4133,287458478,0.000000,0.000000
array/nested,69558,1,224,0.054002208,4148,288525091,0.000000,0.000000
array/nested,69558,2,224,0.053679958,4173,290257157,0.000000,0.000000
array/nested,69558,3,224,0.053289959,4203,292381385,0.000000,0.000000
array/nested,69558,4,224,0.053435750,4192,291583668,0.000000,0.000000
array/nested,69558,5,224,0.054619250,4101,285265579,0.000000,0.000000
array/nested,69558,6,224,0.054279708,4127,287050034,0.000000,0.000000
array/flatten,69558,0,224,0.051730291,4330,301196682,0.000000,0.000000
array/flatten,69558,1,224,0.051647250,4337,301680961,0.000000,0.000000
array/flatten,69558,2,224,0.052558875,4262,296448354,0.000000,0.000000
array/flatten,69558,3,224,0.052731208,4248,295479519,0.000000,0.000000
array/flatten,69558,4,224,0.052030875,4305,299456659,0.000000,0.000000
array/flatten,69558,5,224,0.052160417,4294,298712949,0.000000,0.000000
array/flatten,69558,6,224,0.051763875,4327,301001268,0.000000,0.000000
array/missing,69558,0,256,0.053453584,4789,333127298,0.000000,0.000000
array/missing,69558,1,256,0.052849958,4844,336932113,0.000000,0.000000
array/missing,69558,2,256,0.052634333,4864,338312409,0.000000,0.000000
array/missing,69558,3,256,0.052419541,4884,339698663,0.000000,0.000000
array/missing,69558,4,256,0.052528541,4874,338993767,0.000000,0.000000
array/missing,69558,5,256,0.053658375,4771,331855894,0.000000,0.000000
array/missing,69558,6,256,0.053712959,4766,331518656,0.000000,0.000000
array/root,69547,0,256,0.054916125,4662,324204084,0.000000,0.000000
array/root,69547,1,256,0.054986125,4656,323791356,0.000000,0.000000
array/root,69547,2,256,0.054823500,4670,324751831,0.000000,0.000000
array/root,69547,3,256,0.054242500,4720,328230299,0.000000,0.000000
array/root,69547,4,256,0.054174334,4725,328643302,0.000000,0.000000
array/root,69547,5,256,0.053990958,4742,329759513,0.000000,0.000000
array/root,69547,6,256,0.054143958,4728,328827678,0.000000,0.000000
array/cancel_first,69558,0,800,0.051622833,15497,1077941615,0.000000,0.000000
array/cancel_first,69558,1,768,0.050851458,15103,1050521383,0.000000,0.000000
array/cancel_first,69558,2,768,0.050704875,15146,1053558341,0.000000,0.000000
array/cancel_first,69558,3,768,0.050094708,15331,1066390965,0.000000,0.000000
array/cancel_first,69558,4,768,0.050014000,15356,1068111809,0.000000,0.000000
array/cancel_first,69558,5,768,0.050031291,15350,1067742665,0.000000,0.000000
array/cancel_first,69558,6,800,0.051927000,15406,1071627477,0.000000,0.000000
array/shallow,1135782,0,32,0.112407125,285,323333810,0.000000,0.000000
array/shallow,1135782,1,32,0.111176250,288,326913563,0.000000,0.000000
array/shallow,1135782,2,32,0.108949500,294,333595143,0.000000,0.000000
array/shallow,1135782,3,32,0.110347791,290,329367935,0.000000,0.000000
array/shallow,1135782,4,32,0.110083584,291,330158437,0.000000,0.000000
array/shallow,1135782,5,32,0.111066791,288,327235744,0.000000,0.000000
array/shallow,1135782,6,32,0.109733792,292,331210863,0.000000,0.000000
array/nested,1135782,0,32,0.122863792,260,295815581,0.000000,0.000000
array/nested,1135782,1,32,0.122372791,261,297002493,0.000000,0.000000
array/nested,1135782,2,32,0.121475166,263,299197154,0.000000,0.000000
array/nested,1135782,3,32,0.121697667,263,298650129,0.000000,0.000000
array/nested,1135782,4,32,0.120624875,265,301306211,0.000000,0.000000
array/nested,1135782,5,32,0.122695375,261,296221630,0.000000,0.000000
array/nested,1135782,6,32,0.121898542,263,298157988,0.000000,0.000000
array/flatten,1135782,0,32,0.119335208,268,304562456,0.000000,0.000000
array/flatten,1135782,1,32,0.117992541,271,308028149,0.000000,0.000000
array/flatten,1135782,2,32,0.117939917,271,308165589,0.000000,0.000000
array/flatten,1135782,3,32,0.120642125,265,301263128,0.000000,0.000000
array/flatten,1135782,4,32,0.119266750,268,304737272,0.000000,0.000000
array/flatten,1135782,5,32,0.118782084,269,305980690,0.000000,0.000000
array/flatten,1135782,6,32,0.118799750,269,305935189,0.000000,0.000000
array/missing,1135782,0,32,0.106081625,302,342613756,0.000000,0.000000
array/missing,1135782,1,32,0.106251291,301,342066658,0.000000,0.000000
array/missing,1135782,2,32,0.106182792,301,342287327,0.000000,0.000000
array/missing,1135782,3,32,0.106200667,301,342229715,0.000000,0.000000
array/missing,1135782,4,32,0.106276417,301,341985786,0.000000,0.000000
array/missing,1135782,5,32,0.107042375,299,339538655,0.000000,0.000000
array/missing,1135782,6,32,0.107405958,298,338389273,0.000000,0.000000
array/root,1135771,0,32,0.110475125,290,328985118,0.000000,0.000000
array/root,1135771,1,32,0.109673792,292,331388852,0.000000,0.000000
array/root,1135771,2,32,0.109467208,292,332014241,0.000000,0.000000
array/root,1135771,3,32,0.108588792,295,334700031,0.000000,0.000000
array/root,1135771,4,32,0.109128000,293,333046258,0.000000,0.000000
array/root,1135771,5,32,0.110106750,291,330085776,0.000000,0.000000
array/root,1135771,6,32,0.110384458,290,329255338,0.000000,0.000000
array/cancel_first,1135782,0,64,0.066250083,966,1097206897,0.000000,0.000000
array/cancel_first,1135782,1,64,0.066340125,965,1095717682,0.000000,0.000000
array/cancel_first,1135782,2,64,0.066269084,966,1096892300,0.000000,0.000000
array/cancel_first,1135782,3,64,0.066238541,966,1097398084,0.000000,0.000000
array/cancel_first,1135782,4,64,0.066702625,959,1089762929,0.000000,0.000000
array/cancel_first,1135782,5,64,0.066861792,957,1087168708,0.000000,0.000000
array/cancel_first,1135782,6,64,0.066680500,960,1090124519,0.000000,0.000000
array/nested_contexts,972,0,7776,0.050199709,154901,150564060,0.000000,0.000000
array/nested_contexts,972,1,7776,0.050107458,155186,150841258,0.000000,0.000000
array/nested_contexts,972,2,7776,0.050098833,155213,150867227,0.000000,0.000000
array/nested_contexts,972,3,7808,0.050201209,155534,151179148,0.000000,0.000000
array/nested_contexts,972,4,7680,0.050137333,153179,148890249,0.000000,0.000000
array/nested_contexts,972,5,7712,0.050119333,153873,149564321,0.000000,0.000000
array/nested_contexts,972,6,7648,0.050059625,152778,148500034,0.000000,0.000000
array/sparse,785,0,11296,0.050021625,225822,177270530,0.000000,0.000000
array/sparse,785,1,11360,0.050041000,227014,178205871,0.000000,0.000000
array/sparse,785,2,11232,0.050040625,224458,176199238,0.000000,0.000000
array/sparse,785,3,11264,0.050066709,224980,176609172,0.000000,0.000000
array/sparse,785,4,11296,0.050121459,225373,176917436,0.000000,0.000000
array/sparse,785,5,11104,0.050129750,221505,173881577,0.000000,0.000000
array/sparse,785,6,11104,0.050004500,222060,174317111,0.000000,0.000000
array/deep,136,0,3808,0.050343625,75640,10287062,0.000000,0.000000
array/deep,136,1,3808,0.050312834,75686,10293358,0.000000,0.000000
array/deep,136,2,3808,0.050031875,76111,10351161,0.000000,0.000000
array/deep,136,3,3808,0.050357291,75620,10284270,0.000000,0.000000
array/deep,136,4,3776,0.050015792,75496,10267477,0.000000,0.000000
array/deep,136,5,3808,0.050343834,75640,10287019,0.000000,0.000000
array/deep,136,6,3776,0.050000875,75519,10270540,0.000000,0.000000
array/empty,2,0,2682752,0.050000375,53654638,107309275,0.000000,0.000000
array/empty,2,1,2675392,0.050000583,53507216,107014432,0.000000,0.000000
array/empty,2,2,2680192,0.050000167,53603661,107207322,0.000000,0.000000
array/empty,2,3,2674528,0.050000458,53490070,106980140,0.000000,0.000000
array/empty,2,4,2677216,0.050000334,53543962,107087925,0.000000,0.000000
array/empty,2,5,2679616,0.050000209,53592096,107184192,0.000000,0.000000
array/empty,2,6,2678208,0.050000041,53564116,107128232,0.000000,0.000000
array/singleton,12,0,651680,0.050001291,13033263,156399162,0.000000,0.000000
array/singleton,12,1,655584,0.050001625,13111254,157335047,0.000000,0.000000
array/singleton,12,2,655104,0.050001583,13101665,157219982,0.000000,0.000000
array/singleton,12,3,655744,0.050002375,13114257,157371085,0.000000,0.000000
array/singleton,12,4,666592,0.050001375,13331473,159977681,0.000000,0.000000
array/singleton,12,5,655296,0.050000792,13105712,157268549,0.000000,0.000000
array/singleton,12,6,656000,0.050002417,13119366,157432390,0.000000,0.000000
array/nested_values,31,0,236512,0.050006250,4729649,146619113,0.000000,0.000000
array/nested_values,31,1,237056,0.050003292,4740808,146965044,0.000000,0.000000
array/nested_values,31,2,237984,0.050003083,4759387,147540983,0.000000,0.000000
array/nested_values,31,3,236928,0.050005291,4738059,146879817,0.000000,0.000000
array/nested_values,31,4,238176,0.050005042,4763040,147654231,0.000000,0.000000
array/nested_values,31,5,238368,0.050001250,4767241,147784465,0.000000,0.000000
array/nested_values,31,6,238048,0.050001875,4760781,147584226,0.000000,0.000000
compile/scalar,0,0,40448,0.050034084,808409,0,58.000000,3234.000000
compile/scalar,0,1,41408,0.050037625,827537,0,58.000000,3234.000000
compile/scalar,0,2,41440,0.050023834,828405,0,58.000000,3234.000000
compile/scalar,0,3,41568,0.050031500,830837,0,58.000000,3234.000000
compile/scalar,0,4,41632,0.050003125,832588,0,58.000000,3234.000000
compile/scalar,0,5,41696,0.050023833,833523,0,58.000000,3234.000000
compile/scalar,0,6,41664,0.050031750,832751,0,58.000000,3234.000000
scalar/literal,100,0,507136,0.050001417,10142433,1014243256,0.000000,0.000000
scalar/literal,100,1,526528,0.050002958,10529937,1052993705,0.000000,0.000000
scalar/literal,100,2,530368,0.050002792,10606768,1060676772,0.000000,0.000000
scalar/literal,100,3,527008,0.050002750,10539580,1053958032,0.000000,0.000000
scalar/literal,100,4,531776,0.050001041,10635299,1063529857,0.000000,0.000000
scalar/literal,100,5,530528,0.050000500,10610454,1061045390,0.000000,0.000000
scalar/literal,100,6,533536,0.050001375,10670427,1067042656,0.000000,0.000000
scalar/arithmetic,100,0,143584,0.050003458,2871481,287148141,0.000000,0.000000
scalar/arithmetic,100,1,141792,0.050009084,2835325,283532488,0.000000,0.000000
scalar/arithmetic,100,2,139904,0.050006250,2797730,279773028,0.000000,0.000000
scalar/arithmetic,100,3,142592,0.050002375,2851705,285170454,0.000000,0.000000
scalar/arithmetic,100,4,143648,0.050000667,2872922,287292168,0.000000,0.000000
scalar/arithmetic,100,5,143456,0.050011208,2868477,286847700,0.000000,0.000000
scalar/arithmetic,100,6,142976,0.050004042,2859289,285928886,0.000000,0.000000
scalar/nested,100,0,136928,0.050000208,2738549,273854861,0.000000,0.000000
scalar/nested,100,1,136608,0.050002291,2732035,273203482,0.000000,0.000000
scalar/nested,100,2,138720,0.050000500,2774372,277437226,0.000000,0.000000
scalar/nested,100,3,139488,0.050009708,2789218,278921845,0.000000,0.000000
scalar/nested,100,4,140256,0.050006250,2804769,280476940,0.000000,0.000000
scalar/nested,100,5,140352,0.050003917,2806820,280682011,0.000000,0.000000
scalar/nested,100,6,140992,0.050001042,2819781,281978124,0.000000,0.000000
scalar/comparison,100,0,144928,0.050002917,2898391,289839091,0.000000,0.000000
scalar/comparison,100,1,145568,0.050010833,2910729,291072936,0.000000,0.000000
scalar/comparison,100,2,147104,0.050007833,2941619,294161917,0.000000,0.000000
scalar/comparison,100,3,146144,0.050004083,2922641,292264134,0.000000,0.000000
scalar/comparison,100,4,147488,0.050003542,2949551,294955105,0.000000,0.000000
scalar/comparison,100,5,149216,0.050006208,2983950,298394951,0.000000,0.000000
scalar/comparison,100,6,149664,0.050002459,2993133,299313280,0.000000,0.000000
scalar/strings,100,0,214496,0.050006625,4289352,428935166,0.000000,0.000000
scalar/strings,100,1,215264,0.050005333,4304821,430482085,0.000000,0.000000
scalar/strings,100,2,215040,0.050003792,4300474,430047385,0.000000,0.000000
scalar/strings,100,3,214624,0.050006333,4291936,429193638,0.000000,0.000000
scalar/strings,100,4,209216,0.050005916,4183825,418382497,0.000000,0.000000
scalar/strings,100,5,210656,0.050003083,4212860,421286024,0.000000,0.000000
scalar/strings,100,6,211936,0.050003625,4238413,423841272,0.000000,0.000000
scalar/boolean,100,0,139616,0.050000542,2792290,279228973,0.000000,0.000000
scalar/boolean,100,1,140000,0.050009000,2799496,279949609,0.000000,0.000000
scalar/boolean,100,2,139392,0.050005000,2787561,278756124,0.000000,0.000000
scalar/boolean,100,3,140192,0.050010583,2803247,280324666,0.000000,0.000000
scalar/boolean,100,4,140672,0.050003417,2813248,281324774,0.000000,0.000000
scalar/boolean,100,5,141216,0.050010167,2823746,282374582,0.000000,0.000000
scalar/boolean,100,6,140640,0.050002625,2812652,281265234,0.000000,0.000000
scalar/missing,100,0,150688,0.050002042,3013637,301363692,0.000000,0.000000
scalar/missing,100,1,150592,0.050005000,3011539,301153885,0.000000,0.000000
scalar/missing,100,2,151552,0.050001292,3030962,303096168,0.000000,0.000000
scalar/missing,100,3,151360,0.050000834,3027150,302714951,0.000000,0.000000
scalar/missing,100,4,153120,0.050007792,3061923,306192283,0.000000,0.000000
scalar/missing,100,5,152032,0.050004000,3040397,304039677,0.000000,0.000000
scalar/missing,100,6,153056,0.050004333,3060855,306085475,0.000000,0.000000
scalar/short_circuit,100,0,488928,0.050000167,9778527,977852734,0.000000,0.000000
scalar/short_circuit,100,1,491264,0.050001459,9824993,982499331,0.000000,0.000000
scalar/short_circuit,100,2,497888,0.050002917,9957179,995717910,0.000000,0.000000
scalar/short_circuit,100,3,484800,0.050000167,9695968,969596762,0.000000,0.000000
scalar/short_circuit,100,4,493696,0.050002333,9873459,987345930,0.000000,0.000000
scalar/short_circuit,100,5,499456,0.050003125,9988496,998849572,0.000000,0.000000
scalar/short_circuit,100,6,499296,0.050000458,9985829,998582853,0.000000,0.000000
scalar/mixed,100,0,81376,0.050008417,1627246,162724607,0.000000,0.000000
scalar/mixed,100,1,81792,0.050007709,1635588,163558783,0.000000,0.000000
scalar/mixed,100,2,81152,0.050018750,1622432,162243159,0.000000,0.000000
scalar/mixed,100,3,80864,0.050017167,1616725,161672491,0.000000,0.000000
scalar/mixed,100,4,81376,0.050016500,1626983,162698310,0.000000,0.000000
scalar/mixed,100,5,81888,0.050002916,1637664,163766449,0.000000,0.000000
scalar/mixed,100,6,80864,0.050011166,1616919,161691891,0.000000,0.000000
scalar/write,100,0,130784,0.050001708,2615591,261559065,0.000000,0.000000
scalar/write,100,1,131168,0.050006916,2622997,262299719,0.000000,0.000000
scalar/write,100,2,131904,0.050009750,2637566,263756567,0.000000,0.000000
scalar/write,100,3,132224,0.050004417,2644246,264424641,0.000000,0.000000
scalar/write,100,4,131648,0.050007166,2632583,263258270,0.000000,0.000000
scalar/write,100,5,132384,0.050011625,2647065,264706456,0.000000,0.000000
scalar/write,100,6,132384,0.050000250,2647667,264766676,0.000000,0.000000
scalar/literal,500,0,162816,0.050004500,3256027,1628013479,0.000000,0.000000
scalar/literal,500,1,161984,0.050003417,3239459,1619729308,0.000000,0.000000
scalar/literal,500,2,162912,0.050006750,3257800,1628900098,0.000000,0.000000
scalar/literal,500,3,162560,0.050003125,3250997,1625498406,0.000000,0.000000
scalar/literal,500,4,162688,0.050001333,3253673,1626836629,0.000000,0.000000
scalar/literal,500,5,161792,0.050001584,3235737,1617868746,0.000000,0.000000
scalar/literal,500,6,162656,0.050003625,3252884,1626442083,0.000000,0.000000
scalar/arithmetic,500,0,50880,0.050026500,1017061,508530479,0.000000,0.000000
scalar/arithmetic,500,1,51040,0.050021666,1020358,510178929,0.000000,0.000000
scalar/arithmetic,500,2,50880,0.050014875,1017297,508648677,0.000000,0.000000
scalar/arithmetic,500,3,51104,0.050010833,1021859,510929302,0.000000,0.000000
scalar/arithmetic,500,4,51040,0.050012958,1020536,510267759,0.000000,0.000000
scalar/arithmetic,500,5,51040,0.050014208,1020510,510255006,0.000000,0.000000
scalar/arithmetic,500,6,50976,0.050023791,1019035,509517561,0.000000,0.000000
scalar/nested,500,0,50464,0.050014584,1008986,504492850,0.000000,0.000000
scalar/nested,500,1,50432,0.050029250,1008050,504025145,0.000000,0.000000
scalar/nested,500,2,50368,0.050026042,1006836,503417800,0.000000,0.000000
scalar/nested,500,3,50432,0.050024917,1008138,504068802,0.000000,0.000000
scalar/nested,500,4,50432,0.050026584,1008104,504052006,0.000000,0.000000
scalar/nested,500,5,50560,0.050006625,1011066,505533017,0.000000,0.000000
scalar/nested,500,6,50528,0.050002375,1010512,505256000,0.000000,0.000000
scalar/comparison,500,0,51392,0.050002916,1027780,513890030,0.000000,0.000000
scalar/comparison,500,1,51584,0.050005666,1031563,515781552,0.000000,0.000000
scalar/comparison,500,2,51744,0.050022917,1034406,517202945,0.000000,0.000000
scalar/comparison,500,3,51744,0.050028625,1034288,517143935,0.000000,0.000000
scalar/comparison,500,4,51424,0.050025167,1027963,513981293,0.000000,0.000000
scalar/comparison,500,5,51552,0.050030209,1030417,515208721,0.000000,0.000000
scalar/comparison,500,6,51488,0.050017958,1029390,514695142,0.000000,0.000000
scalar/strings,500,0,75776,0.050014334,1515086,757542828,0.000000,0.000000
scalar/strings,500,1,75680,0.050005875,1513422,756711086,0.000000,0.000000
scalar/strings,500,2,75744,0.050005583,1514711,757355434,0.000000,0.000000
scalar/strings,500,3,76256,0.050005875,1524941,762470410,0.000000,0.000000
scalar/strings,500,4,76320,0.050015500,1525927,762963481,0.000000,0.000000
scalar/strings,500,5,76320,0.050016792,1525888,762943773,0.000000,0.000000
scalar/strings,500,6,76416,0.050005792,1528143,764071490,0.000000,0.000000
scalar/boolean,500,0,50688,0.050025333,1013247,506623314,0.000000,0.000000
scalar/boolean,500,1,50752,0.050022667,1014580,507290025,0.000000,0.000000
scalar/boolean,500,2,50688,0.050025000,1013253,506626687,0.000000,0.000000
scalar/boolean,500,3,50848,0.050010166,1016753,508376637,0.000000,0.000000
scalar/boolean,500,4,50912,0.050027917,1017672,508835897,0.000000,0.000000
scalar/boolean,500,5,50848,0.050008125,1016795,508397385,0.000000,0.000000
scalar/boolean,500,6,50976,0.050023834,1019034,509517123,0.000000,0.000000
scalar/missing,500,0,51296,0.050008167,1025752,512876227,0.000000,0.000000
scalar/missing,500,1,51744,0.050010583,1034661,517330502,0.000000,0.000000
scalar/missing,500,2,50912,0.050016667,1017901,508950346,0.000000,0.000000
scalar/missing,500,3,51072,0.050011541,1021204,510602143,0.000000,0.000000
scalar/missing,500,4,51104,0.050014333,1021787,510893547,0.000000,0.000000
scalar/missing,500,5,51232,0.050022875,1024171,512085721,0.000000,0.000000
scalar/missing,500,6,51392,0.050001375,1027812,513905868,0.000000,0.000000
scalar/short_circuit,500,0,157792,0.050003542,3155616,1577808228,0.000000,0.000000
scalar/short_circuit,500,1,158080,0.050004291,3161329,1580664347,0.000000,0.000000
scalar/short_circuit,500,2,158208,0.050004542,3163873,1581936297,0.000000,0.000000
scalar/short_circuit,500,3,158368,0.050005750,3166996,1583497898,0.000000,0.000000
scalar/short_circuit,500,4,158304,0.050007333,3165616,1582807865,0.000000,0.000000
scalar/short_circuit,500,5,157888,0.050003000,3157571,1578785273,0.000000,0.000000
scalar/short_circuit,500,6,158048,0.050001500,3160865,1580432587,0.000000,0.000000
scalar/mixed,500,0,29792,0.050029500,595489,297744331,0.000000,0.000000
scalar/mixed,500,1,29888,0.050047792,597189,298594591,0.000000,0.000000
scalar/mixed,500,2,29792,0.050049792,595247,297623614,0.000000,0.000000
scalar/mixed,500,3,30016,0.050040875,599830,299914820,0.000000,0.000000
scalar/mixed,500,4,29952,0.050009709,598924,299461850,0.000000,0.000000
scalar/mixed,500,5,29984,0.050009334,599568,299784036,0.000000,0.000000
scalar/mixed,500,6,30080,0.050023208,601321,300660445,0.000000,0.000000
scalar/write,500,0,49472,0.050010583,989231,494615310,0.000000,0.000000
scalar/write,500,1,49056,0.050025250,980625,490312392,0.000000,0.000000
scalar/write,500,2,49280,0.050008125,985440,492719933,0.000000,0.000000
scalar/write,500,3,49376,0.050001708,987486,493743134,0.000000,0.000000
scalar/write,500,4,49248,0.050030083,984368,492183873,0.000000,0.000000
scalar/write,500,5,49376,0.050017542,987174,493586830,0.000000,0.000000
scalar/write,500,6,49344,0.050031250,986264,493131793,0.000000,0.000000
scalar/literal,1024,0,86208,0.050007542,1723900,1765273566,0.000000,0.000000
scalar/literal,1024,1,86240,0.050004792,1724635,1766025944,0.000000,0.000000
scalar/literal,1024,2,86560,0.050004250,1731053,1772598129,0.000000,0.000000
scalar/literal,1024,3,86368,0.050013000,1726911,1768356867,0.000000,0.000000
scalar/literal,1024,4,86560,0.050001917,1731134,1772680835,0.000000,0.000000
scalar/literal,1024,5,86304,0.050007792,1725811,1767230515,0.000000,0.000000
scalar/literal,1024,6,86688,0.050017750,1733145,1774740207,0.000000,0.000000
scalar/arithmetic,1024,0,27968,0.050005500,559298,572721641,0.000000,0.000000
scalar/arithmetic,1024,1,28000,0.050018959,559788,573222645,0.000000,0.000000
scalar/arithmetic,1024,2,27840,0.050037708,556380,569733530,0.000000,0.000000
scalar/arithmetic,1024,3,27968,0.050052334,558775,572185745,0.000000,0.000000
scalar/arithmetic,1024,4,27872,0.050036125,557038,570406441,0.000000,0.000000
scalar/arithmetic,1024,5,28000,0.050045083,559496,572923418,0.000000,0.000000
scalar/arithmetic,1024,6,28064,0.050009000,561179,574647283,0.000000,0.000000
scalar/nested,1024,0,27968,0.050041542,558896,572309143,0.000000,0.000000
scalar/nested,1024,1,28000,0.050027083,559697,573129559,0.000000,0.000000
scalar/nested,1024,2,27968,0.050029208,559033,572450237,0.000000,0.000000
scalar/nested,1024,3,27776,0.050002417,555493,568824983,0.000000,0.000000
scalar/nested,1024,4,27648,0.050029875,552630,565892919,0.000000,0.000000
scalar/nested,1024,5,27744,0.050011708,554750,568064102,0.000000,0.000000
scalar/nested,1024,6,27872,0.050028417,557123,570494325,0.000000,0.000000
scalar/comparison,1024,0,28160,0.050019625,562979,576490527,0.000000,0.000000
scalar/comparison,1024,1,28128,0.050018333,562354,575850299,0.000000,0.000000
scalar/comparison,1024,2,28128,0.050017625,562362,575858450,0.000000,0.000000
scalar/comparison,1024,3,28064,0.050028625,560959,574421863,0.000000,0.000000
scalar/comparison,1024,4,28128,0.050003833,562517,576017283,0.000000,0.000000
scalar/comparison,1024,5,28128,0.050012584,562418,575916493,0.000000,0.000000
scalar/comparison,1024,6,28160,0.050034333,562814,576321063,0.000000,0.000000
scalar/strings,1024,0,41728,0.050006625,834449,854476222,0.000000,0.000000
scalar/strings,1024,1,41664,0.050012333,833075,853068302,0.000000,0.000000
scalar/strings,1024,2,41792,0.050028791,835359,855407599,0.000000,0.000000
scalar/strings,1024,3,41760,0.050013166,834980,855019656,0.000000,0.000000
scalar/strings,1024,4,41728,0.050001958,834527,854555976,0.000000,0.000000
scalar/strings,1024,5,41760,0.050031333,834677,854709188,0.000000,0.000000
scalar/strings,1024,6,41824,0.050009625,836319,856390665,0.000000,0.000000
scalar/boolean,1024,0,28032,0.050019292,560424,573873936,0.000000,0.000000
scalar/boolean,1024,1,28160,0.050029750,562865,576373858,0.000000,0.000000
scalar/boolean,1024,2,28032,0.050016000,560461,573911708,0.000000,0.000000
scalar/boolean,1024,3,28000,0.050032875,559632,573063211,0.000000,0.000000
scalar/boolean,1024,4,27968,0.050043375,558875,572288180,0.000000,0.000000
scalar/boolean,1024,5,27904,0.050004167,558033,571426297,0.000000,0.000000
scalar/boolean,1024,6,27936,0.050040708,558265,571663854,0.000000,0.000000
scalar/missing,1024,0,28192,0.050043292,563352,576872681,0.000000,0.000000
scalar/missing,1024,1,28160,0.050014917,563032,576544794,0.000000,0.000000
scalar/missing,1024,2,28224,0.050047958,563939,577473630,0.000000,0.000000
scalar/missing,1024,3,28128,0.050004166,562513,576013447,0.000000,0.000000
scalar/missing,1024,4,28192,0.050010291,563724,577253350,0.000000,0.000000
scalar/missing,1024,5,28288,0.050013667,565605,579179927,0.000000,0.000000
scalar/missing,1024,6,28320,0.050017667,566200,579788737,0.000000,0.000000
scalar/short_circuit,1024,0,85472,0.050002833,1709343,1750367384,0.000000,0.000000
scalar/short_circuit,1024,1,85344,0.050005208,1706702,1747663083,0.000000,0.000000
scalar/short_circuit,1024,2,85440,0.050011667,1708401,1749402994,0.000000,0.000000
scalar/short_circuit,1024,3,85536,0.050011750,1710318,1751365709,0.000000,0.000000
scalar/short_circuit,1024,4,85280,0.050012375,1705178,1746102240,0.000000,0.000000
scalar/short_circuit,1024,5,85152,0.050002000,1702972,1743843206,0.000000,0.000000
scalar/short_circuit,1024,6,85024,0.050012042,1700071,1740872248,0.000000,0.000000
scalar/mixed,1024,0,16640,0.050068792,332343,340318976,0.000000,0.000000
scalar/mixed,1024,1,16704,0.050073625,333589,341594921,0.000000,0.000000
scalar/mixed,1024,2,16704,0.050088750,333488,341491772,0.000000,0.000000
scalar/mixed,1024,3,16672,0.050000416,333437,341439719,0.000000,0.000000
scalar/mixed,1024,4,16704,0.050001334,334071,342088793,0.000000,0.000000
scalar/mixed,1024,5,16704,0.050066375,333637,341644387,0.000000,0.000000
scalar/mixed,1024,6,16768,0.050023583,335202,343246744,0.000000,0.000000
scalar/write,1024,0,27360,0.050032625,546843,559967421,0.000000,0.000000
scalar/write,1024,1,27616,0.050030208,551987,565234188,0.000000,0.000000
scalar/write,1024,2,27520,0.050040833,549951,563149698,0.000000,0.000000
scalar/write,1024,3,27584,0.050006208,551612,564850188,0.000000,0.000000
scalar/write,1024,4,27584,0.050043834,551197,564425499,0.000000,0.000000
scalar/write,1024,5,27488,0.050018416,549558,562746969,0.000000,0.000000
scalar/write,1024,6,27520,0.050009417,550296,563503470,0.000000,0.000000
scalar/literal,10240,0,9376,0.050105459,187125,1916163267,0.000000,0.000000
scalar/literal,10240,1,9376,0.050166791,186897,1913820639,0.000000,0.000000
scalar/literal,10240,2,9440,0.050174417,188144,1926591394,0.000000,0.000000
scalar/literal,10240,3,9376,0.050152792,186949,1914354838,0.000000,0.000000
scalar/literal,10240,4,9376,0.050161167,186918,1914035214,0.000000,0.000000
scalar/literal,10240,5,9376,0.050095958,187161,1916526679,0.000000,0.000000
scalar/literal,10240,6,9376,0.050096041,187160,1916523503,0.000000,0.000000
scalar/arithmetic,10240,0,3200,0.050348375,63557,650825374,0.000000,0.000000
scalar/arithmetic,10240,1,3200,0.050341375,63566,650915872,0.000000,0.000000
scalar/arithmetic,10240,2,3168,0.050156542,63162,646781431,0.000000,0.000000
scalar/arithmetic,10240,3,3168,0.050004875,63354,648743148,0.000000,0.000000
scalar/arithmetic,10240,4,3200,0.050404500,63486,650100685,0.000000,0.000000
scalar/arithmetic,10240,5,3168,0.050069084,63273,647911194,0.000000,0.000000
scalar/arithmetic,10240,6,3168,0.050164167,63153,646683119,0.000000,0.000000
scalar/nested,10240,0,3168,0.050036583,63314,648332041,0.000000,0.000000
scalar/nested,10240,1,3168,0.050151709,63168,646843760,0.000000,0.000000
scalar/nested,10240,2,3168,0.050219834,63083,645966293,0.000000,0.000000
scalar/nested,10240,3,3168,0.050285208,63001,645126495,0.000000,0.000000
scalar/nested,10240,4,3168,0.050145458,63176,646924393,0.000000,0.000000
scalar/nested,10240,5,3200,0.050498000,63369,648896986,0.000000,0.000000
scalar/nested,10240,6,3200,0.050415125,63473,649963677,0.000000,0.000000
scalar/comparison,10240,0,3200,0.050485666,63384,649055516,0.000000,0.000000
scalar/comparison,10240,1,3200,0.050291208,63629,651565180,0.000000,0.000000
scalar/comparison,10240,2,3200,0.050327875,63583,651090474,0.000000,0.000000
scalar/comparison,10240,3,3200,0.050302500,63615,651418916,0.000000,0.000000
scalar/comparison,10240,4,3200,0.050462791,63413,649349736,0.000000,0.000000
scalar/comparison,10240,5,3200,0.050243750,63690,652180619,0.000000,0.000000
scalar/comparison,10240,6,3200,0.050207292,63736,652654200,0.000000,0.000000
scalar/strings,10240,0,4768,0.050263708,94860,971363275,0.000000,0.000000
scalar/strings,10240,1,4768,0.050269750,94848,971246525,0.000000,0.000000
scalar/strings,10240,2,4736,0.050131000,94472,967398217,0.000000,0.000000
scalar/strings,10240,3,4768,0.050297875,94795,970703434,0.000000,0.000000
scalar/strings,10240,4,4736,0.050025875,94671,969431119,0.000000,0.000000
scalar/strings,10240,5,4768,0.050308416,94775,970500045,0.000000,0.000000
scalar/strings,10240,6,4768,0.050321834,94750,970241267,0.000000,0.000000
scalar/boolean,10240,0,3200,0.050398042,63495,650183989,0.000000,0.000000
scalar/boolean,10240,1,3200,0.050374917,63524,650482461,0.000000,0.000000
scalar/boolean,10240,2,3200,0.050407792,63482,650058229,0.000000,0.000000
scalar/boolean,10240,3,3200,0.050403792,63487,650109817,0.000000,0.000000
scalar/boolean,10240,4,3168,0.050006958,63351,648716125,0.000000,0.000000
scalar/boolean,10240,5,3200,0.050480167,63391,649126220,0.000000,0.000000
scalar/boolean,10240,6,3200,0.050342291,63565,650904028,0.000000,0.000000
scalar/missing,10240,0,3200,0.050359500,63543,650681599,0.000000,0.000000
scalar/missing,10240,1,3200,0.050392833,63501,650251197,0.000000,0.000000
scalar/missing,10240,2,3200,0.050300208,63618,651448598,0.000000,0.000000
scalar/missing,10240,3,3200,0.050405375,63485,650089400,0.000000,0.000000
scalar/missing,10240,4,3200,0.050221708,63717,652466858,0.000000,0.000000
scalar/missing,10240,5,3200,0.050439416,63442,649650662,0.000000,0.000000
scalar/missing,10240,6,3200,0.050428125,63457,649796121,0.000000,0.000000
scalar/short_circuit,10240,0,9408,0.050029167,188050,1925635100,0.000000,0.000000
scalar/short_circuit,10240,1,9376,0.050130292,187033,1915214059,0.000000,0.000000
scalar/short_circuit,10240,2,9376,0.050121791,187064,1915538892,0.000000,0.000000
scalar/short_circuit,10240,3,9376,0.050116000,187086,1915760236,0.000000,0.000000
scalar/short_circuit,10240,4,9376,0.050078000,187228,1917213946,0.000000,0.000000
scalar/short_circuit,10240,5,9376,0.050160916,186918,1914044791,0.000000,0.000000
scalar/short_circuit,10240,6,9344,0.050007250,186853,1913373761,0.000000,0.000000
scalar/mixed,10240,0,1920,0.050661541,37899,388081365,0.000000,0.000000
scalar/mixed,10240,1,1920,0.050695208,37873,387823638,0.000000,0.000000
scalar/mixed,10240,2,1920,0.050319750,38156,390717362,0.000000,0.000000
scalar/mixed,10240,3,1920,0.050428875,38073,389871874,0.000000,0.000000
scalar/mixed,10240,4,1920,0.050284417,38183,390991905,0.000000,0.000000
scalar/mixed,10240,5,1920,0.050208875,38240,391580174,0.000000,0.000000
scalar/mixed,10240,6,1920,0.050228500,38225,391427178,0.000000,0.000000
scalar/write,10240,0,3200,0.050455417,63422,649444637,0.000000,0.000000
scalar/write,10240,1,3200,0.050479875,63392,649129975,0.000000,0.000000
scalar/write,10240,2,3200,0.050482417,63388,649097289,0.000000,0.000000
scalar/write,10240,3,3200,0.050449750,63429,649517589,0.000000,0.000000
scalar/write,10240,4,3200,0.050447875,63432,649541730,0.000000,0.000000
scalar/write,10240,5,3168,0.050012666,63344,648642086,0.000000,0.000000
scalar/write,10240,6,3200,0.050355375,63548,650734902,0.000000,0.000000
scalar/literal,65536,0,1504,0.050819375,29595,1939538690,0.000000,0.000000
scalar/literal,65536,1,1504,0.050887875,29555,1936927883,0.000000,0.000000
scalar/literal,65536,2,1504,0.050720875,29652,1943305276,0.000000,0.000000
scalar/literal,65536,3,1504,0.050788791,29613,1940706641,0.000000,0.000000
scalar/literal,65536,4,1504,0.050821709,29594,1939449616,0.000000,0.000000
scalar/literal,65536,5,1504,0.050811833,29599,1939826575,0.000000,0.000000
scalar/literal,65536,6,1504,0.050817250,29596,1939619794,0.000000,0.000000
scalar/arithmetic,65536,0,512,0.050698041,10099,661848690,0.000000,0.000000
scalar/arithmetic,65536,1,512,0.050828792,10073,660146163,0.000000,0.000000
scalar/arithmetic,65536,2,512,0.050744334,10090,661244899,0.000000,0.000000
scalar/arithmetic,65536,3,512,0.050864500,10066,659682726,0.000000,0.000000
scalar/arithmetic,65536,4,512,0.050701292,10098,661806251,0.000000,0.000000
scalar/arithmetic,65536,5,512,0.050760083,10087,661039739,0.000000,0.000000
scalar/arithmetic,65536,6,512,0.050701250,10098,661806800,0.000000,0.000000
scalar/nested,65536,0,512,0.050768167,10085,660934479,0.000000,0.000000
scalar/nested,65536,1,512,0.050729875,10093,661433366,0.000000,0.000000
scalar/nested,65536,2,512,0.050823584,10074,660213809,0.000000,0.000000
scalar/nested,65536,3,512,0.050738416,10091,661322025,0.000000,0.000000
scalar/nested,65536,4,512,0.050856917,10067,659781087,0.000000,0.000000
scalar/nested,65536,5,512,0.050729250,10093,661441515,0.000000,0.000000
scalar/nested,65536,6,512,0.050845333,10070,659931404,0.000000,0.000000
scalar/comparison,65536,0,512,0.050791916,10080,660625443,0.000000,0.000000
scalar/comparison,65536,1,512,0.050574833,10124,663461054,0.000000,0.000000
scalar/comparison,65536,2,512,0.050821791,10074,660237102,0.000000,0.000000
scalar/comparison,65536,3,512,0.050745042,10090,661235673,0.000000,0.000000
scalar/comparison,65536,4,512,0.050805125,10078,660453685,0.000000,0.000000
scalar/comparison,65536,5,512,0.050730667,10093,661423040,0.000000,0.000000
scalar/comparison,65536,6,512,0.050794792,10080,660588038,0.000000,0.000000
scalar/strings,65536,0,768,0.051046833,15045,985989630,0.000000,0.000000
scalar/strings,65536,1,768,0.051105375,15028,984860164,0.000000,0.000000
scalar/strings,65536,2,768,0.051051791,15044,985893874,0.000000,0.000000
scalar/strings,65536,3,768,0.051082833,15034,985294766,0.000000,0.000000
scalar/strings,65536,4,768,0.051015875,15054,986587959,0.000000,0.000000
scalar/strings,65536,5,768,0.051226917,14992,982523465,0.000000,0.000000
scalar/strings,65536,6,768,0.051026541,15051,986381734,0.000000,0.000000
scalar/boolean,65536,0,512,0.050853333,10068,659827587,0.000000,0.000000
scalar/boolean,65536,1,512,0.050738917,10091,661315495,0.000000,0.000000
scalar/boolean,65536,2,512,0.050778166,10083,660804331,0.000000,0.000000
scalar/boolean,65536,3,512,0.050810458,10077,660384364,0.000000,0.000000
scalar/boolean,65536,4,512,0.050801083,10079,660506234,0.000000,0.000000
scalar/boolean,65536,5,512,0.050829125,10073,660141838,0.000000,0.000000
scalar/boolean,65536,6,512,0.050795541,10080,660578298,0.000000,0.000000
scalar/missing,65536,0,512,0.050702541,10098,661789949,0.000000,0.000000
scalar/missing,65536,1,512,0.050819959,10075,660260903,0.000000,0.000000
scalar/missing,65536,2,512,0.050745583,10090,661228624,0.000000,0.000000
scalar/missing,65536,3,512,0.050687042,10101,661992310,0.000000,0.000000
scalar/missing,65536,4,512,0.050755625,10088,661097800,0.000000,0.000000
scalar/missing,65536,5,512,0.050773333,10084,660867231,0.000000,0.000000
scalar/missing,65536,6,512,0.050801583,10078,660499733,0.000000,0.000000
scalar/short_circuit,65536,0,1504,0.050839625,29583,1938766149,0.000000,0.000000
scalar/short_circuit,65536,1,1504,0.050812542,29599,1939799509,0.000000,0.000000
scalar/short_circuit,65536,2,1504,0.050766791,29626,1941547655,0.000000,0.000000
scalar/short_circuit,65536,3,1504,0.050855583,29574,1938157783,0.000000,0.000000
scalar/short_circuit,65536,4,1504,0.050813291,29599,1939770915,0.000000,0.000000
scalar/short_circuit,65536,5,1504,0.050836333,29585,1938891698,0.000000,0.000000
scalar/short_circuit,65536,6,1504,0.050816584,29597,1939645215,0.000000,0.000000
scalar/mixed,65536,0,320,0.052717625,6070,397808513,0.000000,0.000000
scalar/mixed,65536,1,320,0.052688917,6073,398025262,0.000000,0.000000
scalar/mixed,65536,2,320,0.052673542,6075,398141443,0.000000,0.000000
scalar/mixed,65536,3,320,0.052674458,6075,398134519,0.000000,0.000000
scalar/mixed,65536,4,320,0.052712875,6071,397844360,0.000000,0.000000
scalar/mixed,65536,5,320,0.052642417,6079,398376845,0.000000,0.000000
scalar/mixed,65536,6,320,0.052645125,6078,398356353,0.000000,0.000000
scalar/write,65536,0,512,0.050762875,10086,661003381,0.000000,0.000000
scalar/write,65536,1,512,0.050778041,10083,660805957,0.000000,0.000000
scalar/write,65536,2,512,0.050761625,10086,661019658,0.000000,0.000000
scalar/write,65536,3,512,0.050839333,10071,660009288,0.000000,0.000000
scalar/write,65536,4,512,0.050737500,10091,661333964,0.000000,0.000000
scalar/write,65536,5,512,0.050804666,10078,660459651,0.000000,0.000000
scalar/write,65536,6,512,0.050719750,10095,661565406,0.000000,0.000000
scalar/literal,1048576,0,96,0.051790625,1854,1943658645,0.000000,0.000000
scalar/literal,1048576,1,96,0.051808125,1853,1943002106,0.000000,0.000000
scalar/literal,1048576,2,96,0.051737791,1856,1945643485,0.000000,0.000000
scalar/literal,1048576,3,96,0.051728000,1856,1946011754,0.000000,0.000000
scalar/literal,1048576,4,96,0.051806583,1853,1943059939,0.000000,0.000000
scalar/literal,1048576,5,96,0.051896750,1850,1939684007,0.000000,0.000000
scalar/literal,1048576,6,96,0.051762667,1855,1944708452,0.000000,0.000000
scalar/arithmetic,1048576,0,32,0.050669500,632,662221494,0.000000,0.000000
scalar/arithmetic,1048576,1,32,0.050521375,633,664163079,0.000000,0.000000
scalar/arithmetic,1048576,2,32,0.050619834,632,662871237,0.000000,0.000000
scalar/arithmetic,1048576,3,32,0.050615375,632,662929634,0.000000,0.000000
scalar/arithmetic,1048576,4,32,0.053157166,602,631230642,0.000000,0.000000
scalar/arithmetic,1048576,5,32,0.050593875,632,663211347,0.000000,0.000000
scalar/arithmetic,1048576,6,32,0.050656500,632,662391440,0.000000,0.000000
scalar/nested,1048576,0,32,0.050593291,632,663219003,0.000000,0.000000
scalar/nested,1048576,1,32,0.050605416,632,663060096,0.000000,0.000000
scalar/nested,1048576,2,32,0.050699667,631,661827463,0.000000,0.000000
scalar/nested,1048576,3,32,0.050578417,633,663414041,0.000000,0.000000
scalar/nested,1048576,4,32,0.050589708,633,663265975,0.000000,0.000000
scalar/nested,1048576,5,32,0.050671750,632,662192089,0.000000,0.000000
scalar/nested,1048576,6,32,0.050670833,632,662204073,0.000000,0.000000
scalar/comparison,1048576,0,32,0.050604834,632,663067722,0.000000,0.000000
scalar/comparison,1048576,1,32,0.050666125,632,662265606,0.000000,0.000000
scalar/comparison,1048576,2,32,0.050413542,635,665583704,0.000000,0.000000
scalar/comparison,1048576,3,32,0.050621458,632,662849972,0.000000,0.000000
scalar/comparison,1048576,4,32,0.050611875,632,662975478,0.000000,0.000000
scalar/comparison,1048576,5,32,0.050637916,632,662634537,0.000000,0.000000
scalar/comparison,1048576,6,32,0.050555250,633,663718051,0.000000,0.000000
scalar/strings,1048576,0,64,0.067913583,942,988150839,0.000000,0.000000
scalar/strings,1048576,1,64,0.067915791,942,988118713,0.000000,0.000000
scalar/strings,1048576,2,64,0.068020958,941,986590986,0.000000,0.000000
scalar/strings,1048576,3,64,0.067904583,942,988281807,0.000000,0.000000
scalar/strings,1048576,4,64,0.067876792,943,988686442,0.000000,0.000000
scalar/strings,1048576,5,64,0.067879791,943,988642761,0.000000,0.000000
scalar/strings,1048576,6,64,0.067857792,943,988963272,0.000000,0.000000
scalar/boolean,1048576,0,32,0.050666834,632,662256339,0.000000,0.000000
scalar/boolean,1048576,1,32,0.050870500,629,659604918,0.000000,0.000000
scalar/boolean,1048576,2,32,0.050703917,631,661771989,0.000000,0.000000
scalar/boolean,1048576,3,32,0.050645458,632,662535859,0.000000,0.000000
scalar/boolean,1048576,4,32,0.050635083,632,662671611,0.000000,0.000000
scalar/boolean,1048576,5,32,0.050646250,632,662525498,0.000000,0.000000
scalar/boolean,1048576,6,32,0.050588833,633,663277447,0.000000,0.000000
scalar/missing,1048576,0,32,0.050730458,631,661425765,0.000000,0.000000
scalar/missing,1048576,1,32,0.050659708,632,662349495,0.000000,0.000000
scalar/missing,1048576,2,32,0.050729750,631,661434996,0.000000,0.000000
scalar/missing,1048576,3,32,0.050666334,632,662262875,0.000000,0.000000
scalar/missing,1048576,4,32,0.050728708,631,661448583,0.000000,0.000000
scalar/missing,1048576,5,32,0.050631292,632,662721228,0.000000,0.000000
scalar/missing,1048576,6,32,0.050665333,632,662275959,0.000000,0.000000
scalar/short_circuit,1048576,0,96,0.051819208,1853,1942586540,0.000000,0.000000
scalar/short_circuit,1048576,1,96,0.051749833,1855,1945190741,0.000000,0.000000
scalar/short_circuit,1048576,2,96,0.051814041,1853,1942780259,0.000000,0.000000
scalar/short_circuit,1048576,3,96,0.051827708,1852,1942267947,0.000000,0.000000
scalar/short_circuit,1048576,4,96,0.051723000,1856,1946199872,0.000000,0.000000
scalar/short_circuit,1048576,5,96,0.051764417,1855,1944642707,0.000000,0.000000
scalar/short_circuit,1048576,6,96,0.051717208,1856,1946417834,0.000000,0.000000
scalar/mixed,1048576,0,32,0.083968541,381,399607181,0.000000,0.000000
scalar/mixed,1048576,1,32,0.084088834,381,399035525,0.000000,0.000000
scalar/mixed,1048576,2,32,0.084002458,381,399445835,0.000000,0.000000
scalar/mixed,1048576,3,32,0.084233209,380,398351581,0.000000,0.000000
scalar/mixed,1048576,4,32,0.084227375,380,398379173,0.000000,0.000000
scalar/mixed,1048576,5,32,0.084076125,381,399095843,0.000000,0.000000
scalar/mixed,1048576,6,32,0.084012541,381,399397895,0.000000,0.000000
scalar/write,1048576,0,32,0.050550209,633,663784239,0.000000,0.000000
scalar/write,1048576,1,32,0.050589750,633,663265424,0.000000,0.000000
scalar/write,1048576,2,32,0.050694625,631,661893288,0.000000,0.000000
scalar/write,1048576,3,32,0.050581792,633,663369775,0.000000,0.000000
scalar/write,1048576,4,32,0.050783625,630,660733297,0.000000,0.000000
scalar/write,1048576,5,32,0.050668166,632,662238929,0.000000,0.000000
scalar/write,1048576,6,32,0.050718417,631,661582793,0.000000,0.000000
scalar/sequence_boolean,330,0,28128,0.050006417,562488,185620977,0.000000,0.000000
scalar/sequence_boolean,330,1,28096,0.050020958,561685,185355906,0.000000,0.000000
scalar/sequence_boolean,330,2,28000,0.050023375,559738,184713646,0.000000,0.000000
scalar/sequence_boolean,330,3,28000,0.050021000,559765,184722417,0.000000,0.000000
scalar/sequence_boolean,330,4,28128,0.050012833,562416,185597165,0.000000,0.000000
scalar/sequence_boolean,330,5,27968,0.050053042,558767,184393188,0.000000,0.000000
scalar/sequence_boolean,330,6,28064,0.050039709,560835,185075417,0.000000,0.000000
scalar/sequence_array_equality,330,0,19552,0.050071958,390478,128857753,0.000000,0.000000
scalar/sequence_array_equality,330,1,19520,0.050072667,389833,128645035,0.000000,0.000000
scalar/sequence_array_equality,330,2,19520,0.050080625,389771,128624593,0.000000,0.000000
scalar/sequence_array_equality,330,3,19648,0.050059750,392491,129522021,0.000000,0.000000
scalar/sequence_array_equality,330,4,19712,0.050032250,393986,130015340,0.000000,0.000000
scalar/sequence_array_equality,330,5,19808,0.050045791,395798,130613182,0.000000,0.000000
scalar/sequence_array_equality,330,6,19840,0.050046000,396435,130823642,0.000000,0.000000
scalar/sequence_equality,330,0,15616,0.050070917,311878,102919625,3.000000,672.000000
scalar/sequence_equality,330,1,15584,0.050032333,311479,102787931,3.000000,672.000000
scalar/sequence_equality,330,2,15488,0.050083000,309247,102051395,3.000000,672.000000
scalar/sequence_equality,330,3,15584,0.050062666,311290,102725652,3.000000,672.000000
scalar/sequence_equality,330,4,15616,0.050004041,312295,103057271,3.000000,672.000000
scalar/sequence_equality,330,5,15648,0.050053458,312626,103166499,3.000000,672.000000
scalar/sequence_equality,330,6,15584,0.050032750,311476,102787074,3.000000,672.000000
scalar/array_equality,330,0,13856,0.050010125,277064,91431085,16.000000,3264.000000
scalar/array_equality,330,1,13952,0.050022667,278914,92041474,16.000000,3264.000000
scalar/array_equality,330,2,14080,0.050100500,281035,92741589,16.000000,3264.000000
scalar/array_equality,330,3,14176,0.050000167,283519,93561288,16.000000,3264.000000
scalar/array_equality,330,4,14208,0.050085167,283677,93613345,16.000000,3264.000000
scalar/array_equality,330,5,14208,0.050016333,284067,93742178,16.000000,3264.000000
scalar/array_equality,330,6,14208,0.050001959,284149,93769126,16.000000,3264.000000
scalar/singleton,15,0,402368,0.050002250,8046998,120704968,0.000000,0.000000
scalar/singleton,15,1,397696,0.050004000,7953284,119299256,0.000000,0.000000
scalar/singleton,15,2,400704,0.050002834,8013626,120204387,0.000000,0.000000
scalar/singleton,15,3,400512,0.050000167,8010213,120153199,0.000000,0.000000
scalar/singleton,15,4,401888,0.050003708,8037164,120557459,0.000000,0.000000
scalar/singleton,15,5,400000,0.050000083,7999987,119999801,0.000000,0.000000
scalar/singleton,15,6,404096,0.050002208,8081563,121223447,0.000000,0.000000
scalar/sequence_type_error,330,0,45248,0.050033250,904359,298438339,0.000000,0.000000
scalar/sequence_type_error,330,1,45344,0.050016333,906584,299172672,0.000000,0.000000
scalar/sequence_type_error,330,2,45024,0.050035083,899849,296950042,0.000000,0.000000
scalar/sequence_type_error,330,3,45248,0.050037417,904283,298413485,0.000000,0.000000
scalar/sequence_type_error,330,4,45024,0.050018625,900145,297047750,0.000000,0.000000
scalar/sequence_type_error,330,5,45120,0.050021000,902021,297666980,0.000000,0.000000
scalar/sequence_type_error,330,6,45344,0.050007333,906747,299226515,0.000000,0.000000
scalar/object_equality,125,0,34720,0.050013084,694218,86777292,3.000000,1396.000000
scalar/object_equality,125,1,35072,0.050015042,701229,87653630,3.000000,1396.000000
scalar/object_equality,125,2,35744,0.050012083,714707,89338410,3.000000,1396.000000
scalar/object_equality,125,3,35744,0.050017541,714629,89328662,3.000000,1396.000000
scalar/object_equality,125,4,35776,0.050028042,715119,89389867,3.000000,1396.000000
scalar/object_equality,125,5,35360,0.050019334,706927,88365831,3.000000,1396.000000
scalar/object_equality,125,6,35456,0.050020542,708829,88603598,3.000000,1396.000000
scalar/object_equality,2389,0,2144,0.050575917,42392,101273814,7.000000,24948.000000
scalar/object_equality,2389,1,2176,0.050354458,43214,103237413,7.000000,24948.000000
scalar/object_equality,2389,2,2144,0.050165917,42738,102101512,7.000000,24948.000000
scalar/object_equality,2389,3,2176,0.050558667,43039,102820432,7.000000,24948.000000
scalar/object_equality,2389,4,2176,0.050606542,42998,102723162,7.000000,24948.000000
scalar/object_equality,2389,5,2176,0.050432209,43147,103078253,7.000000,24948.000000
scalar/object_equality,2389,6,2176,0.050445500,43136,103051095,7.000000,24948.000000
scalar/escaped_strings,26,0,546368,0.050001625,10927005,284102127,0.000000,0.000000
scalar/escaped_strings,26,1,556288,0.050002750,11125148,289253851,0.000000,0.000000
scalar/escaped_strings,26,2,551232,0.050001292,11024355,286633233,0.000000,0.000000
scalar/escaped_strings,26,3,552128,0.050002125,11042091,287094358,0.000000,0.000000
scalar/escaped_strings,26,4,555488,0.050000209,11109714,288852553,0.000000,0.000000
scalar/escaped_strings,26,5,556288,0.050002208,11125269,289256986,0.000000,0.000000
scalar/escaped_strings,26,6,546368,0.050001333,10927069,284103786,0.000000,0.000000
compile/filter,0,0,75840,0.050010500,1516482,0,24.000000,1752.000000
compile/filter,0,1,76544,0.050002000,1530819,0,24.000000,1752.000000
compile/filter,0,2,76736,0.050009750,1534421,0,24.000000,1752.000000
compile/filter,0,3,76928,0.050003375,1538456,0,24.000000,1752.000000
compile/filter,0,4,77056,0.050013166,1540714,0,24.000000,1752.000000
compile/filter,0,5,77312,0.050020541,1545605,0,24.000000,1752.000000
compile/filter,0,6,75616,0.050015000,1511866,0,24.000000,1752.000000
filter/predicate,100,0,98976,0.050011167,1979078,197907799,0.000000,0.000000
filter/predicate,100,1,100352,0.050000209,2007032,200703161,0.000000,0.000000
filter/predicate,100,2,101728,0.050006375,2034301,203430063,0.000000,0.000000
filter/predicate,100,3,100992,0.050013334,2019301,201930149,0.000000,0.000000
filter/predicate,100,4,101600,0.050006042,2031754,203175448,0.000000,0.000000
filter/predicate,100,5,102080,0.050013750,2041039,204103871,0.000000,0.000000
filter/predicate,100,6,101664,0.050011709,2032804,203280396,0.000000,0.000000
filter/none,100,0,113920,0.050006083,2278123,227812284,0.000000,0.000000
filter/none,100,1,114400,0.050006125,2287720,228771975,0.000000,0.000000
filter/none,100,2,113856,0.050000042,2277118,227711809,0.000000,0.000000
filter/none,100,3,114016,0.050004541,2280113,228011292,0.000000,0.000000
filter/none,100,4,113664,0.050004250,2273087,227308679,0.000000,0.000000
filter/none,100,5,113568,0.050011959,2270817,227081687,0.000000,0.000000
filter/none,100,6,113120,0.050007083,2262080,226207955,0.000000,0.000000
filter/first,100,0,143168,0.050007375,2862938,286293772,0.000000,0.000000
filter/first,100,1,142080,0.050008833,2841098,284109809,0.000000,0.000000
filter/first,100,2,143392,0.050005917,2867501,286750066,0.000000,0.000000
filter/first,100,3,144224,0.050005416,2884168,288416759,0.000000,0.000000
filter/first,100,4,144352,0.050008375,2886557,288655650,0.000000,0.000000
filter/first,100,5,144352,0.050000583,2887006,288700634,0.000000,0.000000
filter/first,100,6,144608,0.050007250,2891741,289174070,0.000000,0.000000
filter/last,100,0,123616,0.050002958,2472174,247217375,0.000000,0.000000
filter/last,100,1,122144,0.050011875,2442300,244229995,0.000000,0.000000
filter/last,100,2,120544,0.050000625,2410850,241084986,0.000000,0.000000
filter/last,100,3,121280,0.050011833,2425026,242502609,0.000000,0.000000
filter/last,100,4,121472,0.050009791,2428964,242896436,0.000000,0.000000
filter/last,100,5,121152,0.050003208,2422885,242288455,0.000000,0.000000
filter/last,100,6,122272,0.050007000,2445098,244509769,0.000000,0.000000
filter/computed_last,100,0,111392,0.050002833,2227714,222771378,0.000000,0.000000
filter/computed_last,100,1,112608,0.050005584,2251909,225190851,0.000000,0.000000
filter/computed_last,100,2,112576,0.050011125,2251019,225101915,0.000000,0.000000
filter/computed_last,100,3,112640,0.050008292,2252426,225242646,0.000000,0.000000
filter/computed_last,100,4,112672,0.050012083,2252896,225289557,0.000000,0.000000
filter/computed_last,100,5,113376,0.050001042,2267473,226747275,0.000000,0.000000
filter/computed_last,100,6,112768,0.050014042,2254727,225472678,0.000000,0.000000
filter/chained,100,0,77632,0.050014584,1552187,155218726,0.000000,0.000000
filter/chained,100,1,77504,0.050014083,1549644,154964353,0.000000,0.000000
filter/chained,100,2,77440,0.050018500,1548227,154822716,0.000000,0.000000
filter/chained,100,3,77824,0.050006458,1556279,155627899,0.000000,0.000000
filter/chained,100,4,77824,0.050014125,1556040,155604042,0.000000,0.000000
filter/chained,100,5,77152,0.050007917,1542796,154279571,0.000000,0.000000
filter/chained,100,6,76864,0.050005209,1537120,153711986,0.000000,0.000000
filter/predicate,500,0,54912,0.050001292,1098212,549105811,0.000000,0.000000
filter/predicate,500,1,55040,0.050000208,1100795,550397710,0.000000,0.000000
filter/predicate,500,2,55136,0.050009250,1102516,551258017,0.000000,0.000000
filter/predicate,500,3,54848,0.050018417,1096556,548278047,0.000000,0.000000
filter/predicate,500,4,55168,0.050023958,1102832,551415784,0.000000,0.000000
filter/predicate,500,5,54656,0.050028792,1092491,546245450,0.000000,0.000000
filter/predicate,500,6,54880,0.050020750,1097145,548572342,0.000000,0.000000
filter/none,500,0,57760,0.050013375,1154891,577445533,0.000000,0.000000
filter/none,500,1,57856,0.050002375,1157065,578532520,0.000000,0.000000
filter/none,500,2,57952,0.050010334,1158800,579400250,0.000000,0.000000
filter/none,500,3,58048,0.050018625,1160528,580263852,0.000000,0.000000
filter/none,500,4,58144,0.050022917,1162347,581173625,0.000000,0.000000
filter/none,500,5,57952,0.050010958,1158786,579393020,0.000000,0.000000
filter/none,500,6,58016,0.050002583,1160260,580130030,0.000000,0.000000
filter/first,500,0,64576,0.050023042,1290925,645462545,0.000000,0.000000
filter/first,500,1,64992,0.050009166,1299602,649800879,0.000000,0.000000
filter/first,500,2,64992,0.050017292,1299391,649695309,0.000000,0.000000
filter/first,500,3,65088,0.050006667,1301586,650793223,0.000000,0.000000
filter/first,500,4,65184,0.050013209,1303336,651667842,0.000000,0.000000
filter/first,500,5,64896,0.050009917,1297663,648831311,0.000000,0.000000
filter/first,500,6,65088,0.050007708,1301559,650779676,0.000000,0.000000
filter/last,500,0,60576,0.050001500,1211484,605741828,0.000000,0.000000
filter/last,500,1,60672,0.050020458,1212944,606471856,0.000000,0.000000
filter/last,500,2,60448,0.050022542,1208415,604207599,0.000000,0.000000
filter/last,500,3,60608,0.050018333,1211716,605857856,0.000000,0.000000
filter/last,500,4,60576,0.050022625,1210972,605486018,0.000000,0.000000
filter/last,500,5,60544,0.050011000,1210614,605306832,0.000000,0.000000
filter/last,500,6,60160,0.050008375,1202998,601499249,0.000000,0.000000
filter/computed_last,500,0,57504,0.050001125,1150054,575027062,0.000000,0.000000
filter/computed_last,500,1,57248,0.050026250,1144359,572179606,0.000000,0.000000
filter/computed_last,500,2,57568,0.050009625,1151138,575569203,0.000000,0.000000
filter/computed_last,500,3,57536,0.050010667,1150475,575237279,0.000000,0.000000
filter/computed_last,500,4,57568,0.050021417,1150867,575433519,0.000000,0.000000
filter/computed_last,500,5,57664,0.050023666,1152734,576367194,0.000000,0.000000
filter/computed_last,500,6,57600,0.050004542,1151895,575947681,0.000000,0.000000
filter/chained,500,0,46336,0.050017042,926404,463202122,0.000000,0.000000
filter/chained,500,1,46656,0.050010083,932932,466465932,0.000000,0.000000
filter/chained,500,2,46688,0.050008125,933608,466804144,0.000000,0.000000
filter/chained,500,3,46624,0.050024542,932023,466011263,0.000000,0.000000
filter/chained,500,4,46720,0.050015500,934110,467055213,0.000000,0.000000
filter/chained,500,5,46592,0.050021584,931438,465718958,0.000000,0.000000
filter/chained,500,6,46816,0.050027459,935806,467903037,0.000000,0.000000
filter/predicate,1024,0,34688,0.050043250,693160,709796266,0.000000,0.000000
filter/predicate,1024,1,34592,0.050004709,691775,708377445,0.000000,0.000000
filter/predicate,1024,2,34528,0.050013375,690375,706944332,0.000000,0.000000
filter/predicate,1024,3,34464,0.050005042,689211,705751552,0.000000,0.000000
filter/predicate,1024,4,34560,0.050044542,690585,707158835,0.000000,0.000000
filter/predicate,1024,5,34592,0.050044375,691227,707815973,0.000000,0.000000
filter/predicate,1024,6,34464,0.050001917,689254,705795660,0.000000,0.000000
filter/none,1024,0,35808,0.050024917,715803,732982565,0.000000,0.000000
filter/none,1024,1,35808,0.050025709,715792,732970961,0.000000,0.000000
filter/none,1024,2,35776,0.050001541,715498,732669899,0.000000,0.000000
filter/none,1024,3,35904,0.050013583,717885,735114219,0.000000,0.000000
filter/none,1024,4,35776,0.050029625,715096,732258617,0.000000,0.000000
filter/none,1024,5,35840,0.050028542,716391,733584441,0.000000,0.000000
filter/none,1024,6,35776,0.050032959,715049,732209822,0.000000,0.000000
filter/first,1024,0,38272,0.050003959,765379,783748503,0.000000,0.000000
filter/first,1024,1,38144,0.050019125,762588,780890429,0.000000,0.000000
filter/first,1024,2,38240,0.050033708,764285,782627584,0.000000,0.000000
filter/first,1024,3,38208,0.050006541,764060,782397487,0.000000,0.000000
filter/first,1024,4,38208,0.050008708,764027,782363584,0.000000,0.000000
filter/first,1024,5,38272,0.050036667,764879,783236182,0.000000,0.000000
filter/first,1024,6,38208,0.050027000,763748,782077518,0.000000,0.000000
filter/last,1024,0,36640,0.050036709,732262,749836685,0.000000,0.000000
filter/last,1024,1,36544,0.050001458,730859,748399297,0.000000,0.000000
filter/last,1024,2,36512,0.050025000,729875,747392064,0.000000,0.000000
filter/last,1024,3,36736,0.050038083,734161,751780679,0.000000,0.000000
filter/last,1024,4,36704,0.050011833,733906,751520065,0.000000,0.000000
filter/last,1024,5,36672,0.050011125,733277,750875490,0.000000,0.000000
filter/last,1024,6,36704,0.050007209,733974,751589556,0.000000,0.000000
filter/computed_last,1024,0,35552,0.050013958,710842,727901759,0.000000,0.000000
filter/computed_last,1024,1,35552,0.050041333,710453,727503562,0.000000,0.000000
filter/computed_last,1024,2,35520,0.050010750,710247,727293232,0.000000,0.000000
filter/computed_last,1024,3,35456,0.050018250,708861,725873936,0.000000,0.000000
filter/computed_last,1024,4,35552,0.050019750,710759,727817472,0.000000,0.000000
filter/computed_last,1024,5,35648,0.050010833,712806,729912897,0.000000,0.000000
filter/computed_last,1024,6,35552,0.050023041,710712,727769589,0.000000,0.000000
filter/chained,1024,0,31168,0.050002583,623328,638287666,0.000000,0.000000
filter/chained,1024,1,31200,0.050023625,623705,638674226,0.000000,0.000000
filter/chained,1024,2,31168,0.050019875,623112,638067008,0.000000,0.000000
filter/chained,1024,3,31264,0.050010458,625149,640152826,0.000000,0.000000
filter/chained,1024,4,31136,0.050010791,622586,637527689,0.000000,0.000000
filter/chained,1024,5,31168,0.050046167,622785,637731797,0.000000,0.000000
filter/chained,1024,6,31104,0.050012750,621921,636847524,0.000000,0.000000
filter/predicate,10240,0,4640,0.050076291,92659,948824265,0.000000,0.000000
filter/predicate,10240,1,4640,0.050185125,92458,946766597,0.000000,0.000000
filter/predicate,10240,2,4640,0.050108750,92599,948209644,0.000000,0.000000
filter/predicate,10240,3,4640,0.050193083,92443,946616489,0.000000,0.000000
filter/predicate,10240,4,4640,0.050068334,92673,948975055,0.000000,0.000000
filter/predicate,10240,5,4640,0.050140334,92540,947612355,0.000000,0.000000
filter/predicate,10240,6,4640,0.050075000,92661,948848727,0.000000,0.000000
filter/none,10240,0,4672,0.050252666,92970,952014765,0.000000,0.000000
filter/none,10240,1,4672,0.050222584,93026,952584996,0.000000,0.000000
filter/none,10240,2,4672,0.050178208,93108,953427432,0.000000,0.000000
filter/none,10240,3,4672,0.050250458,92974,952056596,0.000000,0.000000
filter/none,10240,4,4672,0.050249583,92976,952073174,0.000000,0.000000
filter/none,10240,5,4672,0.050201667,93065,952981900,0.000000,0.000000
filter/none,10240,6,4672,0.050208375,93052,952854579,0.000000,0.000000
filter/first,10240,0,4704,0.050108792,93876,961287592,0.000000,0.000000
filter/first,10240,1,4704,0.050111708,93870,961231655,0.000000,0.000000
filter/first,10240,2,4704,0.050030833,94022,962785489,0.000000,0.000000
filter/first,10240,3,4704,0.050125041,93845,960975972,0.000000,0.000000
filter/first,10240,4,4704,0.050198792,93707,959564127,0.000000,0.000000
filter/first,10240,5,4704,0.050183125,93737,959863699,0.000000,0.000000
filter/first,10240,6,4704,0.050066292,93955,962103605,0.000000,0.000000
filter/last,10240,0,4672,0.050109708,93235,954730768,0.000000,0.000000
filter/last,10240,1,4704,0.050337375,93449,956922366,0.000000,0.000000
filter/last,10240,2,4672,0.050138083,93183,954190450,0.000000,0.000000
filter/last,10240,3,4704,0.050258334,93596,958427313,0.000000,0.000000
filter/last,10240,4,4672,0.050074167,93302,955408404,0.000000,0.000000
filter/last,10240,5,4672,0.050169291,93125,953596893,0.000000,0.000000
filter/last,10240,6,4672,0.050100583,93252,954904656,0.000000,0.000000
filter/computed_last,10240,0,4672,0.050321042,92844,950721171,0.000000,0.000000
filter/computed_last,10240,1,4672,0.050329750,92828,950556679,0.000000,0.000000
filter/computed_last,10240,2,4672,0.050272750,92933,951634434,0.000000,0.000000
filter/computed_last,10240,3,4672,0.050269750,92939,951691226,0.000000,0.000000
filter/computed_last,10240,4,4672,0.050290125,92901,951305649,0.000000,0.000000
filter/computed_last,10240,5,4672,0.050302459,92878,951072392,0.000000,0.000000
filter/computed_last,10240,6,4672,0.050266625,92944,951750391,0.000000,0.000000
filter/chained,10240,0,4576,0.050184750,91183,933714724,0.000000,0.000000
filter/chained,10240,1,4576,0.050072916,91387,935800104,0.000000,0.000000
filter/chained,10240,2,4576,0.050115667,91309,935001823,0.000000,0.000000
filter/chained,10240,3,4576,0.050138167,91268,934582232,0.000000,0.000000
filter/chained,10240,4,4576,0.050067666,91396,935898230,0.000000,0.000000
filter/chained,10240,5,4576,0.050263042,91041,932260328,0.000000,0.000000
filter/chained,10240,6,4576,0.050187875,91177,933656585,0.000000,0.000000
filter/predicate,65536,0,768,0.051281792,14976,981472098,0.000000,0.000000
filter/predicate,65536,1,768,0.051318250,14965,980774832,0.000000,0.000000
filter/predicate,65536,2,768,0.051246917,14986,982140018,0.000000,0.000000
filter/predicate,65536,3,768,0.051284250,14975,981425057,0.000000,0.000000
filter/predicate,65536,4,768,0.051327875,14963,980590917,0.000000,0.000000
filter/predicate,65536,5,768,0.051219709,14994,982661733,0.000000,0.000000
filter/predicate,65536,6,768,0.051232583,14990,982414804,0.000000,0.000000
filter/none,65536,0,768,0.051193291,15002,983168830,0.000000,0.000000
filter/none,65536,1,768,0.051300958,14970,981105421,0.000000,0.000000
filter/none,65536,2,768,0.051204833,14999,982947215,0.000000,0.000000
filter/none,65536,3,768,0.051234083,14990,982386042,0.000000,0.000000
filter/none,65536,4,768,0.051206041,14998,982924026,0.000000,0.000000
filter/none,65536,5,768,0.051255833,14984,981969174,0.000000,0.000000
filter/none,65536,6,768,0.051127667,15021,984430758,0.000000,0.000000
filter/first,65536,0,768,0.051124833,15022,984485328,0.000000,0.000000
filter/first,65536,1,768,0.051148667,15015,984026583,0.000000,0.000000
filter/first,65536,2,768,0.051147208,15015,984054653,0.000000,0.000000
filter/first,65536,3,768,0.051127167,15021,984440386,0.000000,0.000000
filter/first,65536,4,768,0.051150500,15015,983991320,0.000000,0.000000
filter/first,65536,5,768,0.050987667,15062,987133771,0.000000,0.000000
filter/first,65536,6,768,0.051177042,15007,983480991,0.000000,0.000000
filter/last,65536,0,768,0.051175292,15007,983514623,0.000000,0.000000
filter/last,65536,1,768,0.051195417,15001,983128001,0.000000,0.000000
filter/last,65536,2,768,0.051180000,15006,983424150,0.000000,0.000000
filter/last,65536,3,768,0.051177750,15007,983467386,0.000000,0.000000
filter/last,65536,4,768,0.051215750,14995,982737693,0.000000,0.000000
filter/last,65536,5,768,0.051161209,15011,983785352,0.000000,0.000000
filter/last,65536,6,768,0.051196333,15001,983110411,0.000000,0.000000
filter/computed_last,65536,0,768,0.051210083,14997,982846445,0.000000,0.000000
filter/computed_last,65536,1,768,0.051176458,15007,983492214,0.000000,0.000000
filter/computed_last,65536,2,768,0.051285750,14975,981396353,0.000000,0.000000
filter/computed_last,65536,3,768,0.051204625,14999,982951208,0.000000,0.000000
filter/computed_last,65536,4,768,0.051235792,14990,982353274,0.000000,0.000000
filter/computed_last,65536,5,768,0.051285042,14975,981409901,0.000000,0.000000
filter/computed_last,65536,6,768,0.051191542,15002,983202420,0.000000,0.000000
filter/chained,65536,0,768,0.051449917,14927,978264902,0.000000,0.000000
filter/chained,65536,1,768,0.051330625,14962,980538382,0.000000,0.000000
filter/chained,65536,2,768,0.051410917,14938,979007007,0.000000,0.000000
filter/chained,65536,3,768,0.051335500,14960,980445267,0.000000,0.000000
filter/chained,65536,4,768,0.051407208,14940,979077642,0.000000,0.000000
filter/chained,65536,5,768,0.051282791,14976,981452979,0.000000,0.000000
filter/chained,65536,6,768,0.051388500,14945,979434076,0.000000,0.000000
filter/predicate,1048576,0,64,0.067950416,942,987615205,0.000000,0.000000
filter/predicate,1048576,1,64,0.068034083,941,986400655,0.000000,0.000000
filter/predicate,1048576,2,64,0.067884833,943,988569332,0.000000,0.000000
filter/predicate,1048576,3,64,0.067686375,946,991467840,0.000000,0.000000
filter/predicate,1048576,4,64,0.067860000,943,988931093,0.000000,0.000000
filter/predicate,1048576,5,64,0.068056500,940,986075746,0.000000,0.000000
filter/predicate,1048576,6,64,0.067851125,943,989060447,0.000000,0.000000
filter/none,1048576,0,64,0.067954208,942,987560093,0.000000,0.000000
filter/none,1048576,1,64,0.067894875,943,988423117,0.000000,0.000000
filter/none,1048576,2,64,0.067857250,943,988971171,0.000000,0.000000
filter/none,1048576,3,64,0.067971917,942,987302800,0.000000,0.000000
filter/none,1048576,4,64,0.067924750,942,987988384,0.000000,0.000000
filter/none,1048576,5,64,0.067765375,944,990311999,0.000000,0.000000
filter/none,1048576,6,64,0.067909500,942,988210250,0.000000,0.000000
filter/first,1048576,0,64,0.067920375,942,988052024,0.000000,0.000000
filter/first,1048576,1,64,0.067926583,942,987961723,0.000000,0.000000
filter/first,1048576,2,64,0.067823000,944,989470593,0.000000,0.000000
filter/first,1048576,3,64,0.067988417,941,987063193,0.000000,0.000000
filter/first,1048576,4,64,0.067999666,941,986899906,0.000000,0.000000
filter/first,1048576,5,64,0.067907417,942,988240563,0.000000,0.000000
filter/first,1048576,6,64,0.067713916,945,991064584,0.000000,0.000000
filter/last,1048576,0,64,0.067811750,944,989634746,0.000000,0.000000
filter/last,1048576,1,64,0.067872458,943,988749575,0.000000,0.000000
filter/last,1048576,2,64,0.067853791,943,989021586,0.000000,0.000000
filter/last,1048576,3,64,0.067885042,943,988566288,0.000000,0.000000
filter/last,1048576,4,64,0.067848042,943,989105389,0.000000,0.000000
filter/last,1048576,5,64,0.068020875,941,986592190,0.000000,0.000000
filter/last,1048576,6,64,0.067894583,943,988427368,0.000000,0.000000
filter/computed_last,1048576,0,64,0.067962750,942,987435970,0.000000,0.000000
filter/computed_last,1048576,1,64,0.067980667,941,987175722,0.000000,0.000000
filter/computed_last,1048576,2,64,0.067895958,943,988407351,0.000000,0.000000
filter/computed_last,1048576,3,64,0.067924292,942,987995046,0.000000,0.000000
filter/computed_last,1048576,4,64,0.067899417,943,988356999,0.000000,0.000000
filter/computed_last,1048576,5,64,0.067948584,942,987641832,0.000000,0.000000
filter/computed_last,1048576,6,64,0.067811792,944,989634133,0.000000,0.000000
filter/chained,1048576,0,64,0.067877333,943,988678562,0.000000,0.000000
filter/chained,1048576,1,64,0.067928625,942,987932024,0.000000,0.000000
filter/chained,1048576,2,64,0.067905500,942,988268461,0.000000,0.000000
filter/chained,1048576,3,64,0.067973958,942,987273155,0.000000,0.000000
filter/chained,1048576,4,64,0.067860916,943,988917745,0.000000,0.000000
filter/chained,1048576,5,64,0.067810541,944,989652390,0.000000,0.000000
filter/chained,1048576,6,64,0.067795959,944,989865251,0.000000,0.000000
filter/wide_predicate,164,0,31008,0.050047375,619573,101609965,0.000000,0.000000
filter/wide_predicate,164,1,30976,0.050018125,619296,101564463,0.000000,0.000000
filter/wide_predicate,164,2,31072,0.050028958,621080,101857168,0.000000,0.000000
filter/wide_predicate,164,3,30496,0.050021792,609654,99983303,0.000000,0.000000
filter/wide_predicate,164,4,30496,0.050017250,609710,99992383,0.000000,0.000000
filter/wide_predicate,164,5,30528,0.050029000,610206,100073797,0.000000,0.000000
filter/wide_predicate,164,6,31008,0.050030625,619780,101643983,0.000000,0.000000
filter/wide_last,164,0,55424,0.050024667,1107933,181701080,0.000000,0.000000
filter/wide_last,164,1,55456,0.050021625,1108641,181817044,0.000000,0.000000
filter/wide_last,164,2,55488,0.050013416,1109462,181951819,0.000000,0.000000
filter/wide_last,164,3,55200,0.050025208,1103444,180964765,0.000000,0.000000
filter/wide_last,164,4,55104,0.050027083,1101483,180643273,0.000000,0.000000
filter/wide_last,164,5,54592,0.050016667,1091476,179002091,0.000000,0.000000
filter/wide_last,164,6,53280,0.050014208,1065297,174708755,0.000000,0.000000
filter/sequence_last,164,0,29440,0.050030750,588438,96503850,0.000000,0.000000
filter/sequence_last,164,1,29760,0.050004125,595151,97604748,0.000000,0.000000
filter/sequence_last,164,2,29728,0.050026750,594242,97455701,0.000000,0.000000
filter/sequence_last,164,3,29856,0.050042708,596610,97844105,0.000000,0.000000
filter/sequence_last,164,4,29856,0.050042000,596619,97845490,0.000000,0.000000
filter/sequence_last,164,5,29664,0.050010166,593159,97278141,0.000000,0.000000
filter/sequence_last,164,6,29920,0.050007250,598313,98123372,0.000000,0.000000
filter/wide_predicate,2736,0,1984,0.050748375,39095,106963504,0.000000,0.000000
filter/wide_predicate,2736,1,1984,0.050743959,39098,106972812,0.000000,0.000000
filter/wide_predicate,2736,2,1952,0.050142417,38929,106510063,0.000000,0.000000
filter/wide_predicate,2736,3,1984,0.050579709,39225,107320190,0.000000,0.000000
filter/wide_predicate,2736,4,2016,0.050662250,39793,108873491,0.000000,0.000000
filter/wide_predicate,2736,5,2016,0.050666042,39790,108865342,0.000000,0.000000
filter/wide_predicate,2736,6,2016,0.050669750,39787,108857375,0.000000,0.000000
filter/wide_last,2736,0,4128,0.050226750,82187,224864400,0.000000,0.000000
filter/wide_last,2736,1,4128,0.050200500,82230,224981982,0.000000,0.000000
filter/wide_last,2736,2,4096,0.050019166,81889,224047238,0.000000,0.000000
filter/wide_last,2736,3,4064,0.050137500,81057,221772206,0.000000,0.000000
filter/wide_last,2736,4,4064,0.050369834,80683,220749268,0.000000,0.000000
filter/wide_last,2736,5,4032,0.050122042,80444,220093826,0.000000,0.000000
filter/wide_last,2736,6,4032,0.050191250,80333,219790342,0.000000,0.000000
filter/sequence_last,2736,0,2176,0.050544667,43051,117787619,0.000000,0.000000
filter/sequence_last,2736,1,2176,0.050660541,42953,117518208,0.000000,0.000000
filter/sequence_last,2736,2,2176,0.050210833,43337,118570747,0.000000,0.000000
filter/sequence_last,2736,3,2176,0.050216083,43333,118558351,0.000000,0.000000
filter/sequence_last,2736,4,2176,0.050185292,43359,118631092,0.000000,0.000000
filter/sequence_last,2736,5,2176,0.050049000,43477,118954145,0.000000,0.000000
filter/sequence_last,2736,6,2176,0.050250417,43303,118477345,0.000000,0.000000
filter/wide_predicate,23392,0,256,0.054281625,4716,110320058,0.000000,0.000000
filter/wide_predicate,23392,1,256,0.053353167,4798,112239860,0.000000,0.000000
filter/wide_predicate,23392,2,256,0.053071334,4824,112835905,0.000000,0.000000
filter/wide_predicate,23392,3,256,0.053096042,4821,112783397,0.000000,0.000000
filter/wide_predicate,23392,4,256,0.053265250,4806,112425118,0.000000,0.000000
filter/wide_predicate,23392,5,256,0.053313750,4802,112322844,0.000000,0.000000
filter/wide_predicate,23392,6,256,0.053153709,4816,112661037,0.000000,0.000000
filter/wide_last,23392,0,512,0.052176334,9813,229542842,0.000000,0.000000
filter/wide_last,23392,1,512,0.050153917,10209,238798976,0.000000,0.000000
filter/wide_last,23392,2,544,0.052531583,10356,242239949,0.000000,0.000000
filter/wide_last,23392,3,544,0.052347583,10392,243091415,0.000000,0.000000
filter/wide_last,23392,4,544,0.052374875,10387,242964742,0.000000,0.000000
filter/wide_last,23392,5,544,0.053151417,10235,239415028,0.000000,0.000000
filter/wide_last,23392,6,512,0.051562333,9930,232276224,0.000000,0.000000
filter/sequence_last,23392,0,288,0.053690584,5364,125476303,0.000000,0.000000
filter/sequence_last,23392,1,288,0.051786000,5561,130091067,0.000000,0.000000
filter/sequence_last,23392,2,288,0.051612625,5580,130528064,0.000000,0.000000
filter/sequence_last,23392,3,288,0.051158666,5630,131686311,0.000000,0.000000
filter/sequence_last,23392,4,288,0.051120875,5634,131783660,0.000000,0.000000
filter/sequence_last,23392,5,288,0.051283458,5616,131365869,0.000000,0.000000
filter/sequence_last,23392,6,288,0.052653541,5470,127947634,0.000000,0.000000
filter/nested,892,0,3712,0.050234083,73894,65913495,0.000000,0.000000
filter/nested,892,1,3712,0.050091500,74104,66101115,0.000000,0.000000
filter/nested,892,2,3712,0.050012625,74221,66205363,0.000000,0.000000
filter/nested,892,3,3744,0.050071959,74772,66696971,0.000000,0.000000
filter/nested,892,4,3744,0.050385208,74308,66282310,0.000000,0.000000
filter/nested,892,5,3680,0.050160375,73365,65441297,0.000000,0.000000
filter/nested,892,6,3680,0.050009625,73586,65638565,0.000000,0.000000
filter/per_group,892,0,5024,0.050010916,100458,89608597,0.000000,0.000000
filter/per_group,892,1,5088,0.050290041,101173,90246417,0.000000,0.000000
filter/per_group,892,2,5056,0.050062833,100993,90085833,0.000000,0.000000
filter/per_group,892,3,5056,0.050028500,101062,90147656,0.000000,0.000000
filter/per_group,892,4,5088,0.050246708,101260,90324246,0.000000,0.000000
filter/per_group,892,5,5120,0.050251167,101888,90884257,0.000000,0.000000
filter/per_group,892,6,5120,0.050193292,102006,90989051,0.000000,0.000000
filter/global,892,0,7456,0.050224916,148452,132419375,0.000000,0.000000
filter/global,892,1,7488,0.050157709,149289,133165891,0.000000,0.000000
filter/global,892,2,7392,0.050068833,147637,131691985,0.000000,0.000000
filter/global,892,3,7488,0.050184667,149209,133094357,0.000000,0.000000
filter/global,892,4,7456,0.050029542,149032,132936496,0.000000,0.000000
filter/global,892,5,7456,0.050141250,148700,132640331,0.000000,0.000000
filter/global,892,6,7488,0.050089625,149492,133346896,0.000000,0.000000
filter/deep,136,0,3552,0.050165958,70805,9629478,0.000000,0.000000
filter/deep,136,1,3552,0.050094833,70906,9643150,0.000000,0.000000
filter/deep,136,2,3584,0.050059875,71594,9736820,0.000000,0.000000
filter/deep,136,3,3552,0.050084125,70921,9645212,0.000000,0.000000
filter/deep,136,4,3552,0.050127375,70859,9636890,0.000000,0.000000
filter/deep,136,5,3584,0.050241959,71335,9701533,0.000000,0.000000
filter/deep,136,6,3552,0.050164375,70807,9629782,0.000000,0.000000
filter/negative_chain,20,0,6080,0.050221875,121063,2421256,0.000000,0.000000
filter/negative_chain,20,1,6080,0.050234125,121033,2420665,0.000000,0.000000
filter/negative_chain,20,2,6016,0.050120958,120030,2400593,0.000000,0.000000
filter/negative_chain,20,3,6048,0.050121125,120668,2413354,0.000000,0.000000
filter/negative_chain,20,4,6112,0.050039333,122144,2442878,0.000000,0.000000
filter/negative_chain,20,5,6048,0.050071000,120788,2415770,0.000000,0.000000
filter/negative_chain,20,6,6048,0.050100708,120717,2414337,0.000000,0.000000
compile/aggregate,0,0,70432,0.050011875,1408306,0,24.000000,1992.000000
compile/aggregate,0,1,71424,0.050021375,1427870,0,24.000000,1992.000000
compile/aggregate,0,2,71552,0.050017292,1430545,0,24.000000,1992.000000
compile/aggregate,0,3,71840,0.050011250,1436477,0,24.000000,1992.000000
compile/aggregate,0,4,71744,0.050014083,1434476,0,24.000000,1992.000000
compile/aggregate,0,5,71680,0.050021042,1432997,0,24.000000,1992.000000
compile/aggregate,0,6,71424,0.050004583,1428349,0,24.000000,1992.000000
aggregate/count,100,0,181600,0.050003250,3631764,363176394,0.000000,0.000000
aggregate/count,100,1,183744,0.050006416,3674408,367440850,0.000000,0.000000
aggregate/count,100,2,184256,0.050003541,3684859,368485904,0.000000,0.000000
aggregate/count,100,3,184928,0.050002959,3698341,369834113,0.000000,0.000000
aggregate/count,100,4,185728,0.050004875,3714198,371419787,0.000000,0.000000
aggregate/count,100,5,185984,0.050001875,3719541,371954052,0.000000,0.000000
aggregate/count,100,6,186080,0.050001292,3721504,372150384,0.000000,0.000000
aggregate/sum,100,0,178496,0.050006750,3569438,356943813,0.000000,0.000000
aggregate/sum,100,1,178944,0.050003084,3578659,357865927,0.000000,0.000000
aggregate/sum,100,2,175616,0.050006291,3511878,351187814,0.000000,0.000000
aggregate/sum,100,3,174336,0.050009166,3486081,348608093,0.000000,0.000000
aggregate/sum,100,4,178464,0.050001542,3569170,356916993,0.000000,0.000000
aggregate/sum,100,5,178272,0.050004208,3565140,356513996,0.000000,0.000000
aggregate/sum,100,6,178464,0.050001000,3569209,356920862,0.000000,0.000000
aggregate/min,100,0,176448,0.050008958,3528328,352832786,0.000000,0.000000
aggregate/min,100,1,177888,0.050001958,3557621,355762068,0.000000,0.000000
aggregate/min,100,2,178016,0.050000500,3560284,356028440,0.000000,0.000000
aggregate/min,100,3,175936,0.050000416,3518691,351869072,0.000000,0.000000
aggregate/min,100,4,173536,0.050007833,3470176,347017636,0.000000,0.000000
aggregate/min,100,5,175104,0.050002416,3501911,350191079,0.000000,0.000000
aggregate/min,100,6,174784,0.050006834,3495202,349520228,0.000000,0.000000
aggregate/max,100,0,176544,0.050004916,3530533,353053288,0.000000,0.000000
aggregate/max,100,1,175808,0.050008042,3515595,351559455,0.000000,0.000000
aggregate/max,100,2,175840,0.050007667,3516261,351626082,0.000000,0.000000
aggregate/max,100,3,175712,0.050003041,3514026,351402628,0.000000,0.000000
aggregate/max,100,4,176320,0.050008500,3525801,352580061,0.000000,0.000000
aggregate/max,100,5,177088,0.050001000,3541689,354168917,0.000000,0.000000
aggregate/max,100,6,177888,0.050004667,3557428,355742795,0.000000,0.000000
aggregate/filtered_count,100,0,118272,0.050011708,2364886,236488624,0.000000,0.000000
aggregate/filtered_count,100,1,118368,0.050007542,2367003,236700296,0.000000,0.000000
aggregate/filtered_count,100,2,118240,0.050010583,2364300,236429957,0.000000,0.000000
aggregate/filtered_count,100,3,118656,0.050013208,2372493,237249328,0.000000,0.000000
aggregate/filtered_count,100,4,117664,0.050006334,2352982,235298192,0.000000,0.000000
aggregate/filtered_count,100,5,117824,0.050007833,2356111,235611089,0.000000,0.000000
aggregate/filtered_count,100,6,117952,0.050001750,2358957,235895744,0.000000,0.000000
aggregate/filtered_sum,100,0,116320,0.050011208,2325879,232587863,0.000000,0.000000
aggregate/filtered_sum,100,1,116480,0.050002291,2329493,232949326,0.000000,0.000000
aggregate/filtered_sum,100,2,116224,0.050000083,2324476,232447614,0.000000,0.000000
aggregate/filtered_sum,100,3,116640,0.050004209,2332604,233260364,0.000000,0.000000
aggregate/filtered_sum,100,4,116864,0.050003833,2337101,233710084,0.000000,0.000000
aggregate/filtered_sum,100,5,116544,0.050007333,2330538,233053820,0.000000,0.000000
aggregate/filtered_sum,100,6,117824,0.050000708,2356447,235644663,0.000000,0.000000
aggregate/empty_sum,100,0,131104,0.050009125,2621602,262160156,0.000000,0.000000
aggregate/empty_sum,100,1,131424,0.050001500,2628401,262840115,0.000000,0.000000
aggregate/empty_sum,100,2,131008,0.050009750,2619649,261964917,0.000000,0.000000
aggregate/empty_sum,100,3,130656,0.050001208,2613057,261305687,0.000000,0.000000
aggregate/empty_sum,100,4,131328,0.050008750,2626100,262610043,0.000000,0.000000
aggregate/empty_sum,100,5,131584,0.050000792,2631638,263163831,0.000000,0.000000
aggregate/empty_sum,100,6,131392,0.050006125,2627518,262751813,0.000000,0.000000
aggregate/count,500,0,72448,0.050006833,1448762,724381006,0.000000,0.000000
aggregate/count,500,1,72384,0.050007833,1447453,723726621,0.000000,0.000000
aggregate/count,500,2,72512,0.050014666,1449815,724907370,0.000000,0.000000
aggregate/count,500,3,72416,0.050012666,1447953,723976602,0.000000,0.000000
aggregate/count,500,4,72544,0.050007333,1450667,725333623,0.000000,0.000000
aggregate/count,500,5,72512,0.050015250,1449798,724898906,0.000000,0.000000
aggregate/count,500,6,72544,0.050018791,1450335,725167468,0.000000,0.000000
aggregate/sum,500,0,71040,0.050006875,1420605,710302333,0.000000,0.000000
aggregate/sum,500,1,71296,0.050017500,1425421,712710551,0.000000,0.000000
aggregate/sum,500,2,71456,0.050004292,1428997,714498667,0.000000,0.000000
aggregate/sum,500,3,71328,0.050001208,1426526,713262768,0.000000,0.000000
aggregate/sum,500,4,71392,0.050021875,1427216,713607797,0.000000,0.000000
aggregate/sum,500,5,71136,0.050008250,1422485,711242645,0.000000,0.000000
aggregate/sum,500,6,71136,0.050010500,1422421,711210646,0.000000,0.000000
aggregate/min,500,0,71264,0.050016584,1424807,712403710,0.000000,0.000000
aggregate/min,500,1,70912,0.050001792,1418189,709094586,0.000000,0.000000
aggregate/min,500,2,71104,0.050007041,1421880,710939885,0.000000,0.000000
aggregate/min,500,3,71136,0.050002542,1422648,711323836,0.000000,0.000000
aggregate/min,500,4,71136,0.050021625,1422105,711052470,0.000000,0.000000
aggregate/min,500,5,71168,0.050000125,1423356,711678221,0.000000,0.000000
aggregate/min,500,6,71200,0.050016083,1423542,711771052,0.000000,0.000000
aggregate/max,500,0,71264,0.050010041,1424994,712496916,0.000000,0.000000
aggregate/max,500,1,71104,0.050021750,1421462,710730832,0.000000,0.000000
aggregate/max,500,2,71232,0.050004541,1424511,712255313,0.000000,0.000000
aggregate/max,500,3,71392,0.050022166,1427207,713603645,0.000000,0.000000
aggregate/max,500,4,71296,0.050007792,1425698,712848910,0.000000,0.000000
aggregate/max,500,5,71296,0.050013333,1425540,712769933,0.000000,0.000000
aggregate/max,500,6,71296,0.050006875,1425724,712861981,0.000000,0.000000
aggregate/filtered_count,500,0,59456,0.050008625,1188915,594457456,0.000000,0.000000
aggregate/filtered_count,500,1,59520,0.050021209,1189895,594947635,0.000000,0.000000
aggregate/filtered_count,500,2,59456,0.050007875,1188933,594466372,0.000000,0.000000
aggregate/filtered_count,500,3,59360,0.050000625,1187185,593592580,0.000000,0.000000
aggregate/filtered_count,500,4,59392,0.050010084,1187600,593800242,0.000000,0.000000
aggregate/filtered_count,500,5,59168,0.050003208,1183284,591642040,0.000000,0.000000
aggregate/filtered_count,500,6,59328,0.050002500,1186501,593250337,0.000000,0.000000
aggregate/filtered_sum,500,0,59008,0.050021125,1179662,589830796,0.000000,0.000000
aggregate/filtered_sum,500,1,58784,0.050008000,1175492,587745961,0.000000,0.000000
aggregate/filtered_sum,500,2,58784,0.050011084,1175419,587709717,0.000000,0.000000
aggregate/filtered_sum,500,3,58880,0.050026917,1176966,588483196,0.000000,0.000000
aggregate/filtered_sum,500,4,58720,0.050011375,1174133,587066442,0.000000,0.000000
aggregate/filtered_sum,500,5,58784,0.050016167,1175300,587649989,0.000000,0.000000
aggregate/filtered_sum,500,6,58688,0.050010583,1173512,586755807,0.000000,0.000000
aggregate/empty_sum,500,0,62400,0.050006208,1247845,623922534,0.000000,0.000000
aggregate/empty_sum,500,1,62112,0.050013333,1241909,620954416,0.000000,0.000000
aggregate/empty_sum,500,2,62112,0.050013583,1241903,620951312,0.000000,0.000000
aggregate/empty_sum,500,3,62400,0.050006667,1247834,623916807,0.000000,0.000000
aggregate/empty_sum,500,4,62560,0.050012125,1250897,625448329,0.000000,0.000000
aggregate/empty_sum,500,5,62368,0.050008875,1247139,623569316,0.000000,0.000000
aggregate/empty_sum,500,6,62432,0.050007958,1248441,624220649,0.000000,0.000000
aggregate/count,1024,0,40928,0.050024375,818161,837797014,0.000000,0.000000
aggregate/count,1024,1,40928,0.050030875,818055,837688168,0.000000,0.000000
aggregate/count,1024,2,40960,0.050001458,819176,838836340,0.000000,0.000000
aggregate/count,1024,3,40928,0.050017459,818274,837912858,0.000000,0.000000
aggregate/count,1024,4,40992,0.050032625,819305,838968733,0.000000,0.000000
aggregate/count,1024,5,40960,0.050003084,819149,838809062,0.000000,0.000000
aggregate/count,1024,6,40960,0.050003209,819147,838806965,0.000000,0.000000
aggregate/sum,1024,0,40480,0.050013208,809386,828811461,0.000000,0.000000
aggregate/sum,1024,1,40544,0.050033292,810340,829788614,0.000000,0.000000
aggregate/sum,1024,2,40480,0.050001250,809580,829009675,0.000000,0.000000
aggregate/sum,1024,3,40512,0.050031541,809729,829162708,0.000000,0.000000
aggregate/sum,1024,4,40480,0.050023000,809228,828649221,0.000000,0.000000
aggregate/sum,1024,5,40384,0.050000334,807675,827058795,0.000000,0.000000
aggregate/sum,1024,6,40448,0.050030084,808474,827876923,0.000000,0.000000
aggregate/min,1024,0,40416,0.050032333,807798,827184773,0.000000,0.000000
aggregate/min,1024,1,40544,0.050026958,810443,829893675,0.000000,0.000000
aggregate/min,1024,2,40448,0.050000708,808949,828363310,0.000000,0.000000
aggregate/min,1024,3,40512,0.050000917,810225,829670544,0.000000,0.000000
aggregate/min,1024,4,40512,0.050011250,810058,829499123,0.000000,0.000000
aggregate/min,1024,5,40576,0.050015625,811266,830736875,0.000000,0.000000
aggregate/min,1024,6,40640,0.050023125,812424,831922436,0.000000,0.000000
aggregate/max,1024,0,40480,0.050007250,809483,828910208,0.000000,0.000000
aggregate/max,1024,1,40448,0.050036959,808362,827763174,0.000000,0.000000
aggregate/max,1024,2,40480,0.050020750,809264,828686495,0.000000,0.000000
aggregate/max,1024,3,40512,0.050032875,809708,829140600,0.000000,0.000000
aggregate/max,1024,4,40512,0.050026833,809805,829240740,0.000000,0.000000
aggregate/max,1024,5,40512,0.050027167,809800,829235203,0.000000,0.000000
aggregate/max,1024,6,40576,0.050014625,811283,830753485,0.000000,0.000000
aggregate/filtered_count,1024,0,36416,0.050017042,728072,745545568,0.000000,0.000000
aggregate/filtered_count,1024,1,36480,0.050026959,729207,746707790,0.000000,0.000000
aggregate/filtered_count,1024,2,36288,0.050009916,725616,743030882,0.000000,0.000000
aggregate/filtered_count,1024,3,36416,0.050008042,728203,745679745,0.000000,0.000000
aggregate/filtered_count,1024,4,36352,0.050029084,726617,744056157,0.000000,0.000000
aggregate/filtered_count,1024,5,36256,0.050038916,724556,741945409,0.000000,0.000000
aggregate/filtered_count,1024,6,36320,0.050012416,726220,743648937,0.000000,0.000000
aggregate/filtered_sum,1024,0,36320,0.050037458,725856,743276767,0.000000,0.000000
aggregate/filtered_sum,1024,1,36288,0.050037666,725214,742618810,0.000000,0.000000
aggregate/filtered_sum,1024,2,36288,0.050024541,725404,742813652,0.000000,0.000000
aggregate/filtered_sum,1024,3,36192,0.050022334,723517,740881223,0.000000,0.000000
aggregate/filtered_sum,1024,4,36416,0.050023833,727973,745444356,0.000000,0.000000
aggregate/filtered_sum,1024,5,36352,0.050016208,726804,744247705,0.000000,0.000000
aggregate/filtered_sum,1024,6,36352,0.050029708,726608,744046877,0.000000,0.000000
aggregate/empty_sum,1024,0,37472,0.050028042,749020,766996398,0.000000,0.000000
aggregate/empty_sum,1024,1,37440,0.050014291,748586,766552104,0.000000,0.000000
aggregate/empty_sum,1024,2,37440,0.050001167,748783,766753304,0.000000,0.000000
aggregate/empty_sum,1024,3,37536,0.050035917,750181,768185462,0.000000,0.000000
aggregate/empty_sum,1024,4,37440,0.050018416,748524,766488887,0.000000,0.000000
aggregate/empty_sum,1024,5,37472,0.050012250,749256,767238587,0.000000,0.000000
aggregate/empty_sum,1024,6,37408,0.050021125,747844,765792293,0.000000,0.000000
aggregate/count,10240,0,4736,0.050041000,94642,969138107,0.000000,0.000000
aggregate/count,10240,1,4736,0.050052833,94620,968908993,0.000000,0.000000
aggregate/count,10240,2,4736,0.050033250,94657,969288223,0.000000,0.000000
aggregate/count,10240,3,4768,0.050200709,94979,972582280,0.000000,0.000000
aggregate/count,10240,4,4768,0.050335416,94725,969979467,0.000000,0.000000
aggregate/count,10240,5,4736,0.050049500,94626,968973516,0.000000,0.000000
aggregate/count,10240,6,4768,0.050297042,94797,970719511,0.000000,0.000000
aggregate/sum,10240,0,4736,0.050107916,94516,967843883,0.000000,0.000000
aggregate/sum,10240,1,4736,0.050091166,94548,968167521,0.000000,0.000000
aggregate/sum,10240,2,4736,0.050112167,94508,967761781,0.000000,0.000000
aggregate/sum,10240,3,4736,0.050043500,94638,969089692,0.000000,0.000000
aggregate/sum,10240,4,4736,0.050098458,94534,968026601,0.000000,0.000000
aggregate/sum,10240,5,4736,0.050043208,94638,969095347,0.000000,0.000000
aggregate/sum,10240,6,4736,0.050137792,94460,967267166,0.000000,0.000000
aggregate/min,10240,0,4736,0.050075292,94578,968474432,0.000000,0.000000
aggregate/min,10240,1,4736,0.050000792,94718,969917437,0.000000,0.000000
aggregate/min,10240,2,4736,0.050083709,94562,968311672,0.000000,0.000000
aggregate/min,10240,3,4736,0.050091625,94547,968158649,0.000000,0.000000
aggregate/min,10240,4,4736,0.050138917,94458,967245463,0.000000,0.000000
aggregate/min,10240,5,4736,0.050092458,94545,968142550,0.000000,0.000000
aggregate/min,10240,6,4736,0.050021584,94679,969514280,0.000000,0.000000
aggregate/max,10240,0,4736,0.050215709,94313,965766310,0.000000,0.000000
aggregate/max,10240,1,4736,0.050096625,94537,968062020,0.000000,0.000000
aggregate/max,10240,2,4736,0.050195958,94350,966146318,0.000000,0.000000
aggregate/max,10240,3,4736,0.050095833,94539,968077325,0.000000,0.000000
aggregate/max,10240,4,4736,0.050186375,94368,966330802,0.000000,0.000000
aggregate/max,10240,5,4736,0.050050709,94624,968950110,0.000000,0.000000
aggregate/max,10240,6,4736,0.050132917,94469,967361225,0.000000,0.000000
aggregate/filtered_count,10240,0,4672,0.050068833,93312,955510187,0.000000,0.000000
aggregate/filtered_count,10240,1,4672,0.050164500,93134,953687967,0.000000,0.000000
aggregate/filtered_count,10240,2,4672,0.050044291,93357,955978775,0.000000,0.000000
aggregate/filtered_count,10240,3,4672,0.050133041,93192,954286416,0.000000,0.000000
aggregate/filtered_count,10240,4,4704,0.050327042,93469,957118839,0.000000,0.000000
aggregate/filtered_count,10240,5,4672,0.050136083,93186,954228514,0.000000,0.000000
aggregate/filtered_count,10240,6,4672,0.050075792,93299,955377401,0.000000,0.000000
aggregate/filtered_sum,10240,0,4672,0.050141667,93176,954122247,0.000000,0.000000
aggregate/filtered_sum,10240,1,4672,0.050074625,93301,955399666,0.000000,0.000000
aggregate/filtered_sum,10240,2,4672,0.050123250,93210,954472824,0.000000,0.000000
aggregate/filtered_sum,10240,3,4672,0.050107459,93240,954773620,0.000000,0.000000
aggregate/filtered_sum,10240,4,4672,0.050161000,93140,953754510,0.000000,0.000000
aggregate/filtered_sum,10240,5,4672,0.050050000,93347,955869730,0.000000,0.000000
aggregate/filtered_sum,10240,6,4672,0.050246750,92981,952126854,0.000000,0.000000
aggregate/empty_sum,10240,0,4704,0.050289042,93539,957842068,0.000000,0.000000
aggregate/empty_sum,10240,1,4704,0.050271750,93571,958171538,0.000000,0.000000
aggregate/empty_sum,10240,2,4704,0.050166958,93767,960173029,0.000000,0.000000
aggregate/empty_sum,10240,3,4672,0.050173292,93117,953520849,0.000000,0.000000
aggregate/empty_sum,10240,4,4704,0.050190208,93723,959728240,0.000000,0.000000
aggregate/empty_sum,10240,5,4704,0.050229875,93649,958970334,0.000000,0.000000
aggregate/empty_sum,10240,6,4704,0.050243458,93624,958711082,0.000000,0.000000
aggregate/count,65536,0,768,0.051116334,15025,984649016,0.000000,0.000000
aggregate/count,65536,1,768,0.050980875,15064,987265283,0.000000,0.000000
aggregate/count,65536,2,768,0.051120583,15023,984567175,0.000000,0.000000
aggregate/count,65536,3,768,0.051057250,15042,985788463,0.000000,0.000000
aggregate/count,65536,4,768,0.051046459,15045,985996854,0.000000,0.000000
aggregate/count,65536,5,768,0.051104667,15028,984873808,0.000000,0.000000
aggregate/count,65536,6,768,0.051024042,15052,986430044,0.000000,0.000000
aggregate/sum,65536,0,768,0.051087833,15033,985198335,0.000000,0.000000
aggregate/sum,65536,1,768,0.051063416,15040,985669427,0.000000,0.000000
aggregate/sum,65536,2,768,0.051094750,15031,985064963,0.000000,0.000000
aggregate/sum,65536,3,768,0.051093250,15031,985093882,0.000000,0.000000
aggregate/sum,65536,4,768,0.051135792,15019,984274342,0.000000,0.000000
aggregate/sum,65536,5,768,0.051030500,15050,986305210,0.000000,0.000000
aggregate/sum,65536,6,768,0.051083416,15034,985283521,0.000000,0.000000
aggregate/min,65536,0,768,0.051047500,15045,985976747,0.000000,0.000000
aggregate/min,65536,1,768,0.051361208,14953,979954521,0.000000,0.000000
aggregate/min,65536,2,768,0.051253750,14984,982009082,0.000000,0.000000
aggregate/min,65536,3,768,0.051127750,15021,984429160,0.000000,0.000000
aggregate/min,65536,4,768,0.051157917,15012,983848658,0.000000,0.000000
aggregate/min,65536,5,768,0.051057167,15042,985790065,0.000000,0.000000
aggregate/min,65536,6,768,0.051094583,15031,985068182,0.000000,0.000000
aggregate/max,65536,0,768,0.051086541,15033,985223251,0.000000,0.000000
aggregate/max,65536,1,768,0.051092542,15032,985107533,0.000000,0.000000
aggregate/max,65536,2,768,0.051073750,15037,985469992,0.000000,0.000000
aggregate/max,65536,3,768,0.051039542,15047,986130479,0.000000,0.000000
aggregate/max,65536,4,768,0.051109750,15026,984775860,0.000000,0.000000
aggregate/max,65536,5,768,0.051102250,15029,984920390,0.000000,0.000000
aggregate/max,65536,6,768,0.051116459,15025,984646609,0.000000,0.000000
aggregate/filtered_count,65536,0,768,0.051163541,15011,983740512,0.000000,0.000000
aggregate/filtered_count,65536,1,768,0.051288959,14974,981334950,0.000000,0.000000
aggregate/filtered_count,65536,2,768,0.051022166,15052,986466313,0.000000,0.000000
aggregate/filtered_count,65536,3,768,0.051138625,15018,984219814,0.000000,0.000000
aggregate/filtered_count,65536,4,768,0.051202667,14999,982988796,0.000000,0.000000
aggregate/filtered_count,65536,5,768,0.051200042,15000,983039194,0.000000,0.000000
aggregate/filtered_count,65536,6,768,0.051170042,15009,983615530,0.000000,0.000000
aggregate/filtered_sum,65536,0,768,0.051193500,15002,983164816,0.000000,0.000000
aggregate/filtered_sum,65536,1,768,0.051191417,15003,983204821,0.000000,0.000000
aggregate/filtered_sum,65536,2,768,0.051167666,15009,983661205,0.000000,0.000000
aggregate/filtered_sum,65536,3,768,0.051259709,14983,981894923,0.000000,0.000000
aggregate/filtered_sum,65536,4,768,0.051253208,14984,982019467,0.000000,0.000000
aggregate/filtered_sum,65536,5,768,0.051203083,14999,982980810,0.000000,0.000000
aggregate/filtered_sum,65536,6,768,0.051109833,15026,984774261,0.000000,0.000000
aggregate/empty_sum,65536,0,768,0.051156333,15013,983879122,0.000000,0.000000
aggregate/empty_sum,65536,1,768,0.051206084,14998,982923201,0.000000,0.000000
aggregate/empty_sum,65536,2,768,0.051154417,15013,983915973,0.000000,0.000000
aggregate/empty_sum,65536,3,768,0.051162375,15011,983762931,0.000000,0.000000
aggregate/empty_sum,65536,4,768,0.051200000,15000,983040000,0.000000,0.000000
aggregate/empty_sum,65536,5,768,0.051131417,15020,984358560,0.000000,0.000000
aggregate/empty_sum,65536,6,768,0.051201250,15000,983016001,0.000000,0.000000
aggregate/count,1048576,0,64,0.067840083,943,989221431,0.000000,0.000000
aggregate/count,1048576,1,64,0.067816334,944,989567852,0.000000,0.000000
aggregate/count,1048576,2,64,0.067880042,943,988639105,0.000000,0.000000
aggregate/count,1048576,3,64,0.067883583,943,988587535,0.000000,0.000000
aggregate/count,1048576,4,64,0.067906459,942,988254505,0.000000,0.000000
aggregate/count,1048576,5,64,0.067849583,943,989082925,0.000000,0.000000
aggregate/count,1048576,6,64,0.067899584,943,988354568,0.000000,0.000000
aggregate/sum,1048576,0,64,0.067843333,943,989174043,0.000000,0.000000
aggregate/sum,1048576,1,64,0.067888583,943,988514726,0.000000,0.000000
aggregate/sum,1048576,2,64,0.067863166,943,988884957,0.000000,0.000000
aggregate/sum,1048576,3,64,0.067819625,944,989519833,0.000000,0.000000
aggregate/sum,1048576,4,64,0.067906083,942,988259977,0.000000,0.000000
aggregate/sum,1048576,5,64,0.068158417,939,984601271,0.000000,0.000000
aggregate/sum,1048576,6,64,0.067868625,943,988805416,0.000000,0.000000
aggregate/min,1048576,0,64,0.067788916,944,989968094,0.000000,0.000000
aggregate/min,1048576,1,64,0.067969292,942,987340930,0.000000,0.000000
aggregate/min,1048576,2,64,0.067882000,943,988610589,0.000000,0.000000
aggregate/min,1048576,3,64,0.067918334,942,988081716,0.000000,0.000000
aggregate/min,1048576,4,64,0.067972208,942,987298574,0.000000,0.000000
aggregate/min,1048576,5,64,0.067828292,944,989393394,0.000000,0.000000
aggregate/min,1048576,6,64,0.067946334,942,987674537,0.000000,0.000000
aggregate/max,1048576,0,64,0.068693834,932,976927041,0.000000,0.000000
aggregate/max,1048576,1,64,0.068429125,935,980706154,0.000000,0.000000
aggregate/max,1048576,2,64,0.067945291,942,987689699,0.000000,0.000000
aggregate/max,1048576,3,64,0.067814750,944,989590967,0.000000,0.000000
aggregate/max,1048576,4,64,0.067903667,943,988295139,0.000000,0.000000
aggregate/max,1048576,5,64,0.068051083,940,986154239,0.000000,0.000000
aggregate/max,1048576,6,64,0.067904833,942,988278169,0.000000,0.000000
aggregate/filtered_count,1048576,0,64,0.067921084,942,988041710,0.000000,0.000000
aggregate/filtered_count,1048576,1,64,0.067855750,943,988993033,0.000000,0.000000
aggregate/filtered_count,1048576,2,64,0.067967459,942,987367558,0.000000,0.000000
aggregate/filtered_count,1048576,3,64,0.067942625,942,987728455,0.000000,0.000000
aggregate/filtered_count,1048576,4,64,0.067895000,943,988421298,0.000000,0.000000
aggregate/filtered_count,1048576,5,64,0.067986000,941,987098285,0.000000,0.000000
aggregate/filtered_count,1048576,6,64,0.067900000,943,988348513,0.000000,0.000000
aggregate/filtered_sum,1048576,0,64,0.067939709,942,987770848,0.000000,0.000000
aggregate/filtered_sum,1048576,1,64,0.067792292,944,989918795,0.000000,0.000000
aggregate/filtered_sum,1048576,2,64,0.067914208,942,988141745,0.000000,0.000000
aggregate/filtered_sum,1048576,3,64,0.067983625,941,987132769,0.000000,0.000000
aggregate/filtered_sum,1048576,4,64,0.068068834,940,985897070,0.000000,0.000000
aggregate/filtered_sum,1048576,5,64,0.067908667,942,988222372,0.000000,0.000000
aggregate/filtered_sum,1048576,6,64,0.067877041,943,988682815,0.000000,0.000000
aggregate/empty_sum,1048576,0,64,0.067915375,942,988124766,0.000000,0.000000
aggregate/empty_sum,1048576,1,64,0.068085167,940,985660562,0.000000,0.000000
aggregate/empty_sum,1048576,2,64,0.067878833,943,988656714,0.000000,0.000000
aggregate/empty_sum,1048576,3,64,0.067934208,942,987850834,0.000000,0.000000
aggregate/empty_sum,1048576,4,64,0.067871458,943,988764143,0.000000,0.000000
aggregate/empty_sum,1048576,5,64,0.067951541,942,987598854,0.000000,0.000000
aggregate/empty_sum,1048576,6,64,0.067921625,942,988033840,0.000000,0.000000
aggregate/array_count,23,0,280672,0.050001333,5613290,129105678,0.000000,0.000000
aggregate/array_count,23,1,280960,0.050004333,5618713,129230401,0.000000,0.000000
aggregate/array_count,23,2,282240,0.050005459,5644184,129816227,0.000000,0.000000
aggregate/array_count,23,3,280736,0.050003625,5614313,129129198,0.000000,0.000000
aggregate/array_count,23,4,279392,0.050005125,5587267,128507148,0.000000,0.000000
aggregate/array_count,23,5,280288,0.050002500,5605480,128926034,0.000000,0.000000
aggregate/array_count,23,6,280768,0.050000125,5615346,129152957,0.000000,0.000000
aggregate/array_sum,23,0,230144,0.050003250,4602581,105859359,0.000000,0.000000
aggregate/array_sum,23,1,227680,0.050000958,4553513,104730793,0.000000,0.000000
aggregate/array_sum,23,2,228992,0.050005334,4579351,105325084,0.000000,0.000000
aggregate/array_sum,23,3,229568,0.050003750,4591016,105593360,0.000000,0.000000
aggregate/array_sum,23,4,230496,0.050004000,4609551,106019678,0.000000,0.000000
aggregate/array_sum,23,5,229344,0.050005125,4586410,105487428,0.000000,0.000000
aggregate/array_sum,23,6,227712,0.050004542,4553826,104738006,0.000000,0.000000
aggregate/array_min,23,0,220640,0.050004500,4412403,101485266,0.000000,0.000000
aggregate/array_min,23,1,225376,0.050006041,4506975,103660436,0.000000,0.000000
aggregate/array_min,23,2,225120,0.050003250,4502107,103548469,0.000000,0.000000
aggregate/array_min,23,3,226144,0.050003917,4522526,104018091,0.000000,0.000000
aggregate/array_min,23,4,223200,0.050002750,4463754,102666353,0.000000,0.000000
aggregate/array_min,23,5,221504,0.050000334,4430050,101891159,0.000000,0.000000
aggregate/array_min,23,6,221536,0.050005417,4430240,101895521,0.000000,0.000000
aggregate/array_max,23,0,221088,0.050000250,4421738,101699972,0.000000,0.000000
aggregate/array_max,23,1,223264,0.050006416,4464707,102688263,0.000000,0.000000
aggregate/array_max,23,2,223968,0.050000500,4479315,103024250,0.000000,0.000000
aggregate/array_max,23,3,224064,0.050003458,4480970,103062312,0.000000,0.000000
aggregate/array_max,23,4,222176,0.050011583,4442491,102177290,0.000000,0.000000
aggregate/array_max,23,5,221920,0.050001375,4438278,102080393,0.000000,0.000000
aggregate/array_max,23,6,223392,0.050000417,4467803,102759463,0.000000,0.000000
aggregate/sequence_sum,23,0,124192,0.050001166,2483782,57126988,0.000000,0.000000
aggregate/sequence_sum,23,1,122144,0.050010042,2442389,56174958,0.000000,0.000000
aggregate/sequence_sum,23,2,122944,0.050001083,2458827,56553015,0.000000,0.000000
aggregate/sequence_sum,23,3,122656,0.050009750,2452642,56410760,0.000000,0.000000
aggregate/sequence_sum,23,4,122496,0.050010792,2449391,56336000,0.000000,0.000000
aggregate/sequence_sum,23,5,123104,0.050004834,2461842,56622366,0.000000,0.000000
aggregate/sequence_sum,23,6,122752,0.050000250,2455028,56465638,0.000000,0.000000
aggregate/computed_sum,23,0,98464,0.050000375,1969265,45293100,0.000000,0.000000
aggregate/computed_sum,23,1,98464,0.050007167,1968998,45286949,0.000000,0.000000
aggregate/computed_sum,23,2,98112,0.050007959,1961928,45124337,0.000000,0.000000
aggregate/computed_sum,23,3,96416,0.050001208,1928273,44350288,0.000000,0.000000
aggregate/computed_sum,23,4,97184,0.050009416,1943314,44696223,0.000000,0.000000
aggregate/computed_sum,23,5,96512,0.050016375,1929608,44380985,0.000000,0.000000
aggregate/computed_sum,23,6,97824,0.050009542,1956107,44990454,0.000000,0.000000
aggregate/wide_filtered_sum,23,0,69888,0.050015125,1397337,32138758,0.000000,0.000000
aggregate/wide_filtered_sum,23,1,70016,0.050011583,1399996,32199901,0.000000,0.000000
aggregate/wide_filtered_sum,23,2,69664,0.050008417,1393045,32040046,0.000000,0.000000
aggregate/wide_filtered_sum,23,3,68128,0.050025542,1361864,31322879,0.000000,0.000000
aggregate/wide_filtered_sum,23,4,68640,0.050009125,1372550,31568639,0.000000,0.000000
aggregate/wide_filtered_sum,23,5,68224,0.050010625,1364190,31376373,0.000000,0.000000
aggregate/wide_filtered_sum,23,6,69216,0.050011291,1384007,31832172,0.000000,0.000000
aggregate/array_count,409,0,23712,0.050058042,473690,193739260,0.000000,0.000000
aggregate/array_count,409,1,23744,0.050013375,474753,194173978,0.000000,0.000000
aggregate/array_count,409,2,23680,0.050018250,473427,193631724,0.000000,0.000000
aggregate/array_count,409,3,23680,0.050008500,473520,193669476,0.000000,0.000000
aggregate/array_count,409,4,23648,0.050030250,472674,193323679,0.000000,0.000000
aggregate/array_count,409,5,21184,0.050013583,423565,173238058,0.000000,0.000000
aggregate/array_count,409,6,19616,0.050021084,392155,160391246,0.000000,0.000000
aggregate/array_sum,409,0,15712,0.050095875,313639,128278187,0.000000,0.000000
aggregate/array_sum,409,1,15808,0.050018334,316044,129262042,0.000000,0.000000
aggregate/array_sum,409,2,15840,0.050059458,316424,129417302,0.000000,0.000000
aggregate/array_sum,409,3,17088,0.050085625,341176,139540876,0.000000,0.000000
aggregate/array_sum,409,4,17632,0.050012958,352549,144192391,0.000000,0.000000
aggregate/array_sum,409,5,17568,0.050031584,351138,143615521,0.000000,0.000000
aggregate/array_sum,409,6,17664,0.050028708,353077,144408606,0.000000,0.000000
aggregate/array_min,409,0,16320,0.050046667,326096,133373118,0.000000,0.000000
aggregate/array_min,409,1,16032,0.050080083,320127,130932051,0.000000,0.000000
aggregate/array_min,409,2,17088,0.050026833,341577,139704866,0.000000,0.000000
aggregate/array_min,409,3,17760,0.050048083,354859,145137227,0.000000,0.000000
aggregate/array_min,409,4,17824,0.050063750,356026,145614661,0.000000,0.000000
aggregate/array_min,409,5,17888,0.050017750,357633,146271913,0.000000,0.000000
aggregate/array_min,409,6,17824,0.050062084,356038,145619507,0.000000,0.000000
aggregate/array_max,409,0,17856,0.050087417,356497,145807160,0.000000,0.000000
aggregate/array_max,409,1,17824,0.050055708,356083,145638056,0.000000,0.000000
aggregate/array_max,409,2,17824,0.050043750,356168,145672856,0.000000,0.000000
aggregate/array_max,409,3,17792,0.050052625,355466,145385542,0.000000,0.000000
aggregate/array_max,409,4,17792,0.050015000,355733,145494912,0.000000,0.000000
aggregate/array_max,409,5,17760,0.050040250,354914,145159946,0.000000,0.000000
aggregate/array_max,409,6,17824,0.050030417,356263,145711678,0.000000,0.000000
aggregate/sequence_sum,409,0,9952,0.050015791,198977,81381658,0.000000,0.000000
aggregate/sequence_sum,409,1,9984,0.050099875,199282,81506311,0.000000,0.000000
aggregate/sequence_sum,409,2,9664,0.050023208,193190,79014844,0.000000,0.000000
aggregate/sequence_sum,409,3,9792,0.050021042,195758,80064866,0.000000,0.000000
aggregate/sequence_sum,409,4,9952,0.050154667,198426,81156316,0.000000,0.000000
aggregate/sequence_sum,409,5,9920,0.050146000,197822,80909345,0.000000,0.000000
aggregate/sequence_sum,409,6,9984,0.050011209,199635,81650816,0.000000,0.000000
aggregate/computed_sum,409,0,7488,0.050073542,149540,61161881,0.000000,0.000000
aggregate/computed_sum,409,1,7488,0.050046875,149620,61194470,0.000000,0.000000
aggregate/computed_sum,409,2,7552,0.050144500,150605,61597344,0.000000,0.000000
aggregate/computed_sum,409,3,7520,0.050095375,150114,61396486,0.000000,0.000000
aggregate/computed_sum,409,4,7552,0.050005459,151024,61768616,0.000000,0.000000
aggregate/computed_sum,409,5,7552,0.050176250,150509,61558367,0.000000,0.000000
aggregate/computed_sum,409,6,7552,0.050069042,150832,61690176,0.000000,0.000000
aggregate/wide_filtered_sum,409,0,4480,0.050105583,89411,36569178,0.000000,0.000000
aggregate/wide_filtered_sum,409,1,4544,0.050242959,90441,36990178,0.000000,0.000000
aggregate/wide_filtered_sum,409,2,4640,0.050220834,92392,37788301,0.000000,0.000000
aggregate/wide_filtered_sum,409,3,4640,0.050077916,92656,37896146,0.000000,0.000000
aggregate/wide_filtered_sum,409,4,4576,0.050187083,91179,37292145,0.000000,0.000000
aggregate/wide_filtered_sum,409,5,4576,0.050199083,91157,37283231,0.000000,0.000000
aggregate/wide_filtered_sum,409,6,4576,0.050174459,91202,37301528,0.000000,0.000000
aggregate/array_count,4017,0,3072,0.050403291,60948,244829727,0.000000,0.000000
aggregate/array_count,4017,1,3072,0.050448417,60894,244610728,0.000000,0.000000
aggregate/array_count,4017,2,3072,0.050399917,60952,244846118,0.000000,0.000000
aggregate/array_count,4017,3,3072,0.050468250,60870,244514601,0.000000,0.000000
aggregate/array_count,4017,4,2944,0.050260292,58575,235296046,0.000000,0.000000
aggregate/array_count,4017,5,2944,0.050286625,58544,235172832,0.000000,0.000000
aggregate/array_count,4017,6,2944,0.050291084,58539,235151980,0.000000,0.000000
aggregate/array_sum,4017,0,2176,0.050406625,43169,173409587,0.000000,0.000000
aggregate/array_sum,4017,1,2176,0.050356708,43212,173581482,0.000000,0.000000
aggregate/array_sum,4017,2,2176,0.050470750,43114,173189263,0.000000,0.000000
aggregate/array_sum,4017,3,2176,0.050255042,43299,173932637,0.000000,0.000000
aggregate/array_sum,4017,4,2176,0.050375708,43195,173516013,0.000000,0.000000
aggregate/array_sum,4017,5,2176,0.050293833,43266,173798485,0.000000,0.000000
aggregate/array_sum,4017,6,2240,0.050685416,44194,177527990,0.000000,0.000000
aggregate/array_min,4017,0,2272,0.050311375,45159,181402794,0.000000,0.000000
aggregate/array_min,4017,1,2272,0.050337208,45136,181309698,0.000000,0.000000
aggregate/array_min,4017,2,2272,0.050075333,45372,182257879,0.000000,0.000000
aggregate/array_min,4017,3,2272,0.050023833,45418,182445516,0.000000,0.000000
aggregate/array_min,4017,4,2272,0.050089375,45359,182206785,0.000000,0.000000
aggregate/array_min,4017,5,2272,0.050057875,45387,182321443,0.000000,0.000000
aggregate/array_min,4017,6,2272,0.050189333,45269,181843899,0.000000,0.000000
aggregate/array_max,4017,0,2272,0.050477000,45011,180807576,0.000000,0.000000
aggregate/array_max,4017,1,2272,0.050043458,45401,182373968,0.000000,0.000000
aggregate/array_max,4017,2,2272,0.050010125,45431,182495525,0.000000,0.000000
aggregate/array_max,4017,3,2304,0.050677708,45464,182627991,0.000000,0.000000
aggregate/array_max,4017,4,2272,0.050060875,45385,182310517,0.000000,0.000000
aggregate/array_max,4017,5,2272,0.050024417,45418,182443386,0.000000,0.000000
aggregate/array_max,4017,6,2272,0.050121042,45330,182091665,0.000000,0.000000
aggregate/sequence_sum,4017,0,1280,0.050284167,25455,102254055,0.000000,0.000000
aggregate/sequence_sum,4017,1,1280,0.050405500,25394,102007916,0.000000,0.000000
aggregate/sequence_sum,4017,2,1280,0.050344375,25425,102131767,0.000000,0.000000
aggregate/sequence_sum,4017,3,1280,0.050450792,25371,101916339,0.000000,0.000000
aggregate/sequence_sum,4017,4,1280,0.050397500,25398,102024108,0.000000,0.000000
aggregate/sequence_sum,4017,5,1280,0.050441208,25376,101935703,0.000000,0.000000
aggregate/sequence_sum,4017,6,1280,0.050144000,25526,102539885,0.000000,0.000000
aggregate/computed_sum,4017,0,992,0.051628833,19214,77182918,0.000000,0.000000
aggregate/computed_sum,4017,1,960,0.050589250,18976,76228052,0.000000,0.000000
aggregate/computed_sum,4017,2,960,0.050973541,18833,75653367,0.000000,0.000000
aggregate/computed_sum,4017,3,960,0.050536917,18996,76306990,0.000000,0.000000
aggregate/computed_sum,4017,4,960,0.050178375,19132,76852230,0.000000,0.000000
aggregate/computed_sum,4017,5,960,0.050311458,19081,76648941,0.000000,0.000000
aggregate/computed_sum,4017,6,992,0.051560209,19240,77285645,0.000000,0.000000
aggregate/wide_filtered_sum,4017,0,576,0.052105000,11055,44406333,0.000000,0.000000
aggregate/wide_filtered_sum,4017,1,576,0.051773042,11125,44691058,0.000000,0.000000
aggregate/wide_filtered_sum,4017,2,576,0.051858916,11107,44617053,0.000000,0.000000
aggregate/wide_filtered_sum,4017,3,576,0.051687209,11144,44765273,0.000000,0.000000
aggregate/wide_filtered_sum,4017,4,544,0.050527750,10766,43248472,0.000000,0.000000
aggregate/wide_filtered_sum,4017,5,544,0.050943250,10679,42895732,0.000000,0.000000
aggregate/wide_filtered_sum,4017,6,576,0.052483458,10975,44086119,0.000000,0.000000
aggregate/array_count,87201,0,192,0.057391708,3345,291724930,0.000000,0.000000
aggregate/array_count,87201,1,192,0.057231416,3355,292541984,0.000000,0.000000
aggregate/array_count,87201,2,192,0.056881583,3375,294341175,0.000000,0.000000
aggregate/array_count,87201,3,192,0.054941500,3495,304734891,0.000000,0.000000
aggregate/array_count,87201,4,192,0.055699875,3447,300585809,0.000000,0.000000
aggregate/array_count,87201,5,192,0.053687875,3576,311850525,0.000000,0.000000
aggregate/array_count,87201,6,192,0.054748583,3507,305808682,0.000000,0.000000
aggregate/array_sum,87201,0,160,0.059487875,2690,234537879,0.000000,0.000000
aggregate/array_sum,87201,1,160,0.059439959,2692,234726945,0.000000,0.000000
aggregate/array_sum,87201,2,160,0.060025708,2666,232436409,0.000000,0.000000
aggregate/array_sum,87201,3,160,0.059442083,2692,234718558,0.000000,0.000000
aggregate/array_sum,87201,4,160,0.061492209,2602,226893134,0.000000,0.000000
aggregate/array_sum,87201,5,160,0.062107541,2576,224645184,0.000000,0.000000
aggregate/array_sum,87201,6,160,0.062184833,2573,224365964,0.000000,0.000000
aggregate/array_min,87201,0,128,0.050279833,2546,221992145,0.000000,0.000000
aggregate/array_min,87201,1,160,0.062051916,2578,224846562,0.000000,0.000000
aggregate/array_min,87201,2,128,0.050167500,2551,222489221,0.000000,0.000000
aggregate/array_min,87201,3,128,0.051450042,2488,216943030,0.000000,0.000000
aggregate/array_min,87201,4,128,0.051464833,2487,216880680,0.000000,0.000000
aggregate/array_min,87201,5,128,0.050788042,2520,219770788,0.000000,0.000000
aggregate/array_min,87201,6,128,0.050741542,2523,219972188,0.000000,0.000000
aggregate/array_max,87201,0,128,0.051302958,2495,217564999,0.000000,0.000000
aggregate/array_max,87201,1,160,0.062070291,2578,224780000,0.000000,0.000000
aggregate/array_max,87201,2,160,0.061634625,2596,226368863,0.000000,0.000000
aggregate/array_max,87201,3,160,0.061899000,2585,225402026,0.000000,0.000000
aggregate/array_max,87201,4,160,0.060706792,2636,229828649,0.000000,0.000000
aggregate/array_max,87201,5,160,0.060612500,2640,230186183,0.000000,0.000000
aggregate/array_max,87201,6,128,0.050140667,2553,222608287,0.000000,0.000000
aggregate/sequence_sum,87201,0,96,0.063218084,1519,132419325,0.000000,0.000000
aggregate/sequence_sum,87201,1,96,0.063410792,1514,132016897,0.000000,0.000000
aggregate/sequence_sum,87201,2,96,0.062905750,1526,133076801,0.000000,0.000000
aggregate/sequence_sum,87201,3,96,0.062476833,1537,133990402,0.000000,0.000000
aggregate/sequence_sum,87201,4,96,0.062787542,1529,133327341,0.000000,0.000000
aggregate/sequence_sum,87201,5,96,0.062698000,1531,133517752,0.000000,0.000000
aggregate/sequence_sum,87201,6,96,0.062335000,1540,134295276,0.000000,0.000000
aggregate/computed_sum,87201,0,64,0.055811458,1147,99994951,0.000000,0.000000
aggregate/computed_sum,87201,1,64,0.055988084,1143,99679496,0.000000,0.000000
aggregate/computed_sum,87201,2,64,0.055934458,1144,99775062,0.000000,0.000000
aggregate/computed_sum,87201,3,64,0.055053417,1163,101371800,0.000000,0.000000
aggregate/computed_sum,87201,4,64,0.055063208,1162,101353775,0.000000,0.000000
aggregate/computed_sum,87201,5,64,0.055699750,1149,100195495,0.000000,0.000000
aggregate/computed_sum,87201,6,64,0.055609792,1151,100357577,0.000000,0.000000
aggregate/wide_filtered_sum,87201,0,64,0.099592750,643,56036850,0.000000,0.000000
aggregate/wide_filtered_sum,87201,1,32,0.051395583,623,54293226,0.000000,0.000000
aggregate/wide_filtered_sum,87201,2,32,0.050300583,636,55475142,0.000000,0.000000
aggregate/wide_filtered_sum,87201,3,64,0.098860917,647,56451671,0.000000,0.000000
aggregate/wide_filtered_sum,87201,4,32,0.050839958,629,54886591,0.000000,0.000000
aggregate/wide_filtered_sum,87201,5,32,0.050418958,635,55344896,0.000000,0.000000
aggregate/wide_filtered_sum,87201,6,32,0.050846208,629,54879845,0.000000,0.000000
aggregate/nested_sum,1036,0,6080,0.050114250,121323,125690397,0.000000,0.000000
aggregate/nested_sum,1036,1,6112,0.050183334,121793,126177986,0.000000,0.000000
aggregate/nested_sum,1036,2,6144,0.050106042,122620,127034261,0.000000,0.000000
aggregate/nested_sum,1036,3,6144,0.050176750,122447,126855247,0.000000,0.000000
aggregate/nested_sum,1036,4,6144,0.050014292,122845,127267302,0.000000,0.000000
aggregate/nested_sum,1036,5,6176,0.050125833,123210,127645480,0.000000,0.000000
aggregate/nested_sum,1036,6,6176,0.050172458,123095,127526859,0.000000,0.000000
aggregate/nested_filtered_sum,1036,0,3520,0.050361667,69894,72410629,0.000000,0.000000
aggregate/nested_filtered_sum,1036,1,3488,0.050085041,69642,72148648,0.000000,0.000000
aggregate/nested_filtered_sum,1036,2,3520,0.050222083,70089,72611883,0.000000,0.000000
aggregate/nested_filtered_sum,1036,3,3488,0.050410666,69192,71682608,0.000000,0.000000
aggregate/nested_filtered_sum,1036,4,3520,0.050464625,69752,72262897,0.000000,0.000000
aggregate/nested_filtered_sum,1036,5,3520,0.050388250,69858,72372428,0.000000,0.000000
aggregate/nested_filtered_sum,1036,6,3488,0.050189000,69497,71999203,0.000000,0.000000
aggregate/nested_filtered_count,1036,0,3552,0.050166875,70804,73352626,0.000000,0.000000
aggregate/nested_filtered_count,1036,1,3552,0.050151125,70826,73375662,0.000000,0.000000
aggregate/nested_filtered_count,1036,2,3552,0.050047791,70972,73527161,0.000000,0.000000
aggregate/nested_filtered_count,1036,3,3552,0.050161041,70812,73361157,0.000000,0.000000
aggregate/nested_filtered_count,1036,4,3552,0.050064750,70948,73502255,0.000000,0.000000
aggregate/nested_filtered_count,1036,5,3552,0.050096458,70903,73455732,0.000000,0.000000
aggregate/nested_filtered_count,1036,6,3424,0.050071333,68382,70844209,0.000000,0.000000
aggregate/nested_sum,16396,0,384,0.050602792,7589,124421277,0.000000,0.000000
aggregate/nested_sum,16396,1,384,0.050375667,7623,124982246,0.000000,0.000000
aggregate/nested_sum,16396,2,416,0.053887292,7720,126574110,0.000000,0.000000
aggregate/nested_sum,16396,3,416,0.053740833,7741,126919060,0.000000,0.000000
aggregate/nested_sum,16396,4,416,0.053708625,7745,126995171,0.000000,0.000000
aggregate/nested_sum,16396,5,416,0.053437458,7785,127639604,0.000000,0.000000
aggregate/nested_sum,16396,6,416,0.053419500,7787,127682513,0.000000,0.000000
aggregate/nested_filtered_sum,16396,0,224,0.050441458,4441,72811218,0.000000,0.000000
aggregate/nested_filtered_sum,16396,1,224,0.050386750,4446,72890274,0.000000,0.000000
aggregate/nested_filtered_sum,16396,2,224,0.050400750,4444,72870027,0.000000,0.000000
aggregate/nested_filtered_sum,16396,3,224,0.050516334,4434,72703296,0.000000,0.000000
aggregate/nested_filtered_sum,16396,4,224,0.050239042,4459,73104579,0.000000,0.000000
aggregate/nested_filtered_sum,16396,5,224,0.050095125,4471,73314599,0.000000,0.000000
aggregate/nested_filtered_sum,16396,6,224,0.050016459,4479,73429908,0.000000,0.000000
aggregate/nested_filtered_count,16396,0,256,0.056144042,4560,74760845,0.000000,0.000000
aggregate/nested_filtered_count,16396,1,256,0.056182084,4557,74710223,0.000000,0.000000
aggregate/nested_filtered_count,16396,2,256,0.056044959,4568,74893016,0.000000,0.000000
aggregate/nested_filtered_count,16396,3,256,0.056699917,4515,74027904,0.000000,0.000000
aggregate/nested_filtered_count,16396,4,256,0.056412083,4538,74405620,0.000000,0.000000
aggregate/nested_filtered_count,16396,5,256,0.056783417,4508,73919046,0.000000,0.000000
aggregate/nested_filtered_count,16396,6,256,0.056804709,4507,73891339,0.000000,0.000000
aggregate/nested_sum,1048588,0,32,0.261790792,122,128174164,0.000000,0.000000
aggregate/nested_sum,1048588,1,32,0.260813583,123,128654404,0.000000,0.000000
aggregate/nested_sum,1048588,2,32,0.262508417,122,127823772,0.000000,0.000000
aggregate/nested_sum,1048588,3,32,0.264345250,121,126935574,0.000000,0.000000
aggregate/nested_sum,1048588,4,32,0.263381667,121,127399968,0.000000,0.000000
aggregate/nested_sum,1048588,5,32,0.260820041,123,128651218,0.000000,0.000000
aggregate/nested_sum,1048588,6,32,0.261819000,122,128160355,0.000000,0.000000
aggregate/nested_filtered_sum,1048588,0,32,0.461728000,69,72672257,0.000000,0.000000
aggregate/nested_filtered_sum,1048588,1,32,0.463332625,69,72420577,0.000000,0.000000
aggregate/nested_filtered_sum,1048588,2,32,0.463681750,69,72366048,0.000000,0.000000
aggregate/nested_filtered_sum,1048588,3,32,0.461858500,69,72651723,0.000000,0.000000
aggregate/nested_filtered_sum,1048588,4,32,0.459587542,70,73010717,0.000000,0.000000
aggregate/nested_filtered_sum,1048588,5,32,0.458961250,70,73110346,0.000000,0.000000
aggregate/nested_filtered_sum,1048588,6,32,0.460620083,69,72847054,0.000000,0.000000
aggregate/nested_filtered_count,1048588,0,32,0.450876750,71,74421260,0.000000,0.000000
aggregate/nested_filtered_count,1048588,1,32,0.451307292,71,74350263,0.000000,0.000000
aggregate/nested_filtered_count,1048588,2,32,0.452252875,71,74194810,0.000000,0.000000
aggregate/nested_filtered_count,1048588,3,32,0.454247125,70,73869077,0.000000,0.000000
aggregate/nested_filtered_count,1048588,4,32,0.455136917,70,73724663,0.000000,0.000000
aggregate/nested_filtered_count,1048588,5,32,0.451953000,71,74244039,0.000000,0.000000
aggregate/nested_filtered_count,1048588,6,32,0.454448542,70,73836338,0.000000,0.000000
aggregate/deep_sum,136,0,3808,0.050081333,76036,10340939,0.000000,0.000000
aggregate/deep_sum,136,1,3808,0.050098000,76011,10337499,0.000000,0.000000
aggregate/deep_sum,136,2,3808,0.050145375,75939,10327732,0.000000,0.000000
aggregate/deep_sum,136,3,3808,0.050070709,76052,10343133,0.000000,0.000000
aggregate/deep_sum,136,4,3808,0.050167333,75906,10323212,0.000000,0.000000
aggregate/deep_sum,136,5,3808,0.050089792,76023,10339192,0.000000,0.000000
aggregate/deep_sum,136,6,3808,0.050095291,76015,10338058,0.000000,0.000000
aggregate/deep_filtered_sum,136,0,3808,0.050184458,75880,10319689,0.000000,0.000000
aggregate/deep_filtered_sum,136,1,3776,0.050105667,75361,10249060,0.000000,0.000000
aggregate/deep_filtered_sum,136,2,3776,0.050102875,75365,10249631,0.000000,0.000000
aggregate/deep_filtered_sum,136,3,3776,0.050030875,75473,10264382,0.000000,0.000000
aggregate/deep_filtered_sum,136,4,3776,0.050058084,75432,10258803,0.000000,0.000000
aggregate/deep_filtered_sum,136,5,3776,0.050087292,75388,10252820,0.000000,0.000000
aggregate/deep_filtered_sum,136,6,3776,0.050067083,75419,10256959,0.000000,0.000000
compile/constructor,0,0,27712,0.050026417,553947,0,57.000000,4976.000000
compile/constructor,0,1,28000,0.050033000,559631,0,57.000000,4976.000000
compile/constructor,0,2,28224,0.050011084,564355,0,57.000000,4976.000000
compile/constructor,0,3,28096,0.050043333,561433,0,57.000000,4976.000000
compile/constructor,0,4,27776,0.050039916,555077,0,57.000000,4976.000000
compile/constructor,0,5,27808,0.050022583,555909,0,57.000000,4976.000000
compile/constructor,0,6,27840,0.050032250,556441,0,57.000000,4976.000000
construct/raw_member,100,0,296992,0.050000125,5939825,593982515,3.000000,168.000000
construct/raw_member,100,1,300928,0.050000583,6018490,601848982,3.000000,168.000000
construct/raw_member,100,2,297664,0.050002708,5952958,595295759,3.000000,168.000000
construct/raw_member,100,3,299488,0.050002292,5989485,598948544,3.000000,168.000000
construct/raw_member,100,4,300512,0.050004000,6009759,600975922,3.000000,168.000000
construct/raw_member,100,5,301248,0.050005125,6024343,602434250,3.000000,168.000000
construct/raw_member,100,6,300448,0.050001208,6008815,600881483,3.000000,168.000000
construct/raw_member_write,100,0,206336,0.050000750,4126658,412665810,3.000000,168.000000
construct/raw_member_write,100,1,206048,0.050006208,4120448,412044841,3.000000,168.000000
construct/raw_member_write,100,2,206400,0.050002958,4127756,412775580,3.000000,168.000000
construct/raw_member_write,100,3,207328,0.050003917,4146235,414623518,3.000000,168.000000
construct/raw_member_write,100,4,204384,0.050007125,4087098,408709759,3.000000,168.000000
construct/raw_member_write,100,5,204256,0.050003542,4084831,408483063,3.000000,168.000000
construct/raw_member_write,100,6,205312,0.050000625,4106189,410618867,3.000000,168.000000
construct/scalars,100,0,96672,0.050016375,1932807,193280701,3.000000,552.000000
construct/scalars,100,1,98304,0.050006667,1965818,196581788,3.000000,552.000000
construct/scalars,100,2,98976,0.050014500,1978946,197894611,3.000000,552.000000
construct/scalars,100,3,98016,0.050017041,1959652,195965211,3.000000,552.000000
construct/scalars,100,4,96608,0.050014208,1931611,193161111,3.000000,552.000000
construct/scalars,100,5,97152,0.050011334,1942600,194259965,3.000000,552.000000
construct/scalars,100,6,97376,0.050008666,1947183,194718251,3.000000,552.000000
construct/filtered_summary,100,0,45664,0.050021000,912897,91289658,5.000000,368.000000
construct/filtered_summary,100,1,46368,0.050004625,927274,92727423,5.000000,368.000000
construct/filtered_summary,100,2,46336,0.050021000,926331,92633094,5.000000,368.000000
construct/filtered_summary,100,3,46112,0.050009709,922061,92206095,5.000000,368.000000
construct/filtered_summary,100,4,46208,0.050027042,923660,92366045,5.000000,368.000000
construct/filtered_summary,100,5,46560,0.050033708,930573,93057265,5.000000,368.000000
construct/filtered_summary,100,6,45568,0.050009291,911191,91119068,5.000000,368.000000
construct/nested,100,0,33952,0.050034125,678577,67857687,15.000000,1352.000000
construct/nested,100,1,34432,0.050007125,688542,68854188,15.000000,1352.000000
construct/nested,100,2,34656,0.050029166,692716,69271592,15.000000,1352.000000
construct/nested,100,3,34880,0.050003542,697551,69755059,15.000000,1352.000000
construct/nested,100,4,34432,0.050021625,688342,68834229,15.000000,1352.000000
construct/nested,100,5,33952,0.050005083,678971,67897098,15.000000,1352.000000
construct/nested,100,6,33952,0.050032125,678604,67860400,15.000000,1352.000000
construct/navigate,100,0,94816,0.050016333,1895701,189570075,3.000000,168.000000
construct/navigate,100,1,95520,0.050000375,1910386,191038567,3.000000,168.000000
construct/navigate,100,2,95712,0.050010084,1913854,191385401,3.000000,168.000000
construct/navigate,100,3,95968,0.050009291,1919003,191900341,3.000000,168.000000
construct/navigate,100,4,96320,0.050015333,1925809,192580943,3.000000,168.000000
construct/navigate,100,5,96096,0.050014292,1921371,192137080,3.000000,168.000000
construct/navigate,100,6,96000,0.050012458,1919522,191952173,3.000000,168.000000
construct/raw_member,500,0,131616,0.050004667,2632074,1316037161,3.000000,168.000000
construct/raw_member,500,1,131648,0.050011458,2632357,1316178385,3.000000,168.000000
construct/raw_member,500,2,131360,0.050006666,2626850,1313424894,3.000000,168.000000
construct/raw_member,500,3,131616,0.050005041,2632055,1316027318,3.000000,168.000000
construct/raw_member,500,4,131296,0.050009125,2625441,1312720429,3.000000,168.000000
construct/raw_member,500,5,131456,0.050001458,2629043,1314521669,3.000000,168.000000
construct/raw_member,500,6,131424,0.050006917,2628116,1314058213,3.000000,168.000000
construct/raw_member_write,500,0,66880,0.050005958,1337441,668720315,3.000000,168.000000
construct/raw_member_write,500,1,66912,0.050019250,1337725,668862488,3.000000,168.000000
construct/raw_member_write,500,2,66912,0.050017917,1337761,668880313,3.000000,168.000000
construct/raw_member_write,500,3,66720,0.050004542,1334279,667139397,3.000000,168.000000
construct/raw_member_write,500,4,66976,0.050007334,1339324,669661774,3.000000,168.000000
construct/raw_member_write,500,5,66944,0.050000583,1338864,669432194,3.000000,168.000000
construct/raw_member_write,500,6,66752,0.050020333,1334497,667248657,3.000000,168.000000
construct/scalars,500,0,43456,0.050016625,868831,434415557,3.000000,552.000000
construct/scalars,500,1,43616,0.050032750,871749,435874502,3.000000,552.000000
construct/scalars,500,2,43840,0.050014167,876552,438275819,3.000000,552.000000
construct/scalars,500,3,43808,0.050023125,875755,437877482,3.000000,552.000000
construct/scalars,500,4,43648,0.050035666,872338,436168872,3.000000,552.000000
construct/scalars,500,5,43648,0.050000791,872946,436473095,3.000000,552.000000
construct/scalars,500,6,43840,0.050022875,876399,438199524,3.000000,552.000000
construct/filtered_summary,500,0,28832,0.050017541,576438,288218887,5.000000,368.000000
construct/filtered_summary,500,1,28800,0.050037708,575566,287782966,5.000000,368.000000
construct/filtered_summary,500,2,28896,0.050041583,577440,288719883,5.000000,368.000000
construct/filtered_summary,500,3,28800,0.050041209,575526,287762832,5.000000,368.000000
construct/filtered_summary,500,4,28896,0.050019292,577697,288848551,5.000000,368.000000
construct/filtered_summary,500,5,28928,0.050044041,578051,289025421,5.000000,368.000000
construct/filtered_summary,500,6,29056,0.050035250,580711,290355300,5.000000,368.000000
construct/nested,500,0,21568,0.050036375,431046,215523207,15.000000,1352.000000
construct/nested,500,1,21696,0.050019667,433749,216874695,15.000000,1352.000000
construct/nested,500,2,21696,0.050048958,433496,216747769,15.000000,1352.000000
construct/nested,500,3,21600,0.050025500,431780,215889896,15.000000,1352.000000
construct/nested,500,4,21568,0.050064917,430801,215400337,15.000000,1352.000000
construct/nested,500,5,21664,0.050049500,432851,216425739,15.000000,1352.000000
construct/nested,500,6,21728,0.050023292,434358,217178829,15.000000,1352.000000
construct/navigate,500,0,52608,0.050024375,1051647,525823661,3.000000,168.000000
construct/navigate,500,1,52384,0.050012792,1047412,523706015,3.000000,168.000000
construct/navigate,500,2,52608,0.050007625,1052000,525999785,3.000000,168.000000
construct/navigate,500,3,52800,0.050020250,1055572,527786247,3.000000,168.000000
construct/navigate,500,4,52704,0.050004000,1053996,526997840,3.000000,168.000000
construct/navigate,500,5,52992,0.050029333,1059219,529609299,3.000000,168.000000
construct/navigate,500,6,52416,0.050007875,1048155,524077458,3.000000,168.000000
construct/raw_member,1024,0,76832,0.050003667,1536527,1573403967,3.000000,168.000000
construct/raw_member,1024,1,76992,0.050013458,1539426,1576371864,3.000000,168.000000
construct/raw_member,1024,2,76896,0.050004208,1537791,1574697553,3.000000,168.000000
construct/raw_member,1024,3,77088,0.050011334,1541411,1578404447,3.000000,168.000000
construct/raw_member,1024,4,76896,0.050015625,1537440,1574338099,3.000000,168.000000
construct/raw_member,1024,5,76800,0.050010792,1535669,1572524586,3.000000,168.000000
construct/raw_member,1024,6,76800,0.050013833,1535575,1572428972,3.000000,168.000000
construct/raw_member_write,1024,0,36224,0.050009708,724339,741723507,3.000000,168.000000
construct/raw_member_write,1024,1,36160,0.050004084,723141,740496316,3.000000,168.000000
construct/raw_member_write,1024,2,36256,0.050040459,724534,741922531,3.000000,168.000000
construct/raw_member_write,1024,3,36032,0.050022500,720316,737603438,3.000000,168.000000
construct/raw_member_write,1024,4,36064,0.050011250,721118,738424574,3.000000,168.000000
construct/raw_member_write,1024,5,36000,0.050040292,719420,736686349,3.000000,168.000000
construct/raw_member_write,1024,6,35968,0.050027583,718963,736218498,3.000000,168.000000
construct/scalars,1024,0,25728,0.050022375,514330,526673753,3.000000,552.000000
construct/scalars,1024,1,25696,0.050016209,513753,526083534,3.000000,552.000000
construct/scalars,1024,2,25760,0.050017208,515023,527383296,3.000000,552.000000
construct/scalars,1024,3,25856,0.050038917,516718,529119045,3.000000,552.000000
construct/scalars,1024,4,25856,0.050039416,516713,529113769,3.000000,552.000000
construct/scalars,1024,5,25856,0.050014041,516975,529382219,3.000000,552.000000
construct/scalars,1024,6,25920,0.050055833,517822,530249492,3.000000,552.000000
construct/filtered_summary,1024,0,19936,0.050062292,398224,407781250,5.000000,368.000000
construct/filtered_summary,1024,1,19904,0.050018416,397933,407483836,5.000000,368.000000
construct/filtered_summary,1024,2,19744,0.050052666,394465,403931651,5.000000,368.000000
construct/filtered_summary,1024,3,19776,0.050069417,394972,404450965,5.000000,368.000000
construct/filtered_summary,1024,4,19776,0.050072791,394945,404423712,5.000000,368.000000
construct/filtered_summary,1024,5,19776,0.050012375,395422,404912264,5.000000,368.000000
construct/filtered_summary,1024,6,19776,0.050079708,394890,404367853,5.000000,368.000000
construct/nested,1024,0,14816,0.050045500,296051,303155808,15.000000,1352.000000
construct/nested,1024,1,14912,0.050101333,297637,304780074,15.000000,1352.000000
construct/nested,1024,2,14880,0.050100958,297000,304128316,15.000000,1352.000000
construct/nested,1024,3,14912,0.050023167,298102,305256323,15.000000,1352.000000
construct/nested,1024,4,14912,0.050059500,297886,305034769,15.000000,1352.000000
construct/nested,1024,5,14912,0.050077500,297778,304925126,15.000000,1352.000000
construct/nested,1024,6,14816,0.050087250,295804,302903114,15.000000,1352.000000
construct/navigate,1024,0,33824,0.050005958,676399,692632986,3.000000,168.000000
construct/navigate,1024,1,33760,0.050012792,675027,691227956,3.000000,168.000000
construct/navigate,1024,2,33728,0.050025583,674215,690396192,3.000000,168.000000
construct/navigate,1024,3,33760,0.050005125,675131,691333938,3.000000,168.000000
construct/navigate,1024,4,33600,0.050046041,671382,687494941,3.000000,168.000000
construct/navigate,1024,5,33792,0.050014250,675647,691862979,3.000000,168.000000
construct/navigate,1024,6,33664,0.050041125,672727,688872123,3.000000,168.000000
construct/raw_member,10240,0,9280,0.050146750,185057,1894982227,3.000000,168.000000
construct/raw_member,10240,1,9248,0.050086667,184640,1890713151,3.000000,168.000000
construct/raw_member,10240,2,9280,0.050143208,185070,1895116084,3.000000,168.000000
construct/raw_member,10240,3,9248,0.050043417,184800,1892347199,3.000000,168.000000
construct/raw_member,10240,4,9248,0.050047000,184786,1892211721,3.000000,168.000000
construct/raw_member,10240,5,9248,0.050053666,184762,1891959722,3.000000,168.000000
construct/raw_member,10240,6,9248,0.050042333,184804,1892388191,3.000000,168.000000
construct/raw_member_write,10240,0,4000,0.050222708,79645,815567333,3.000000,168.000000
construct/raw_member_write,10240,1,4000,0.050192625,79693,816056144,3.000000,168.000000
construct/raw_member_write,10240,2,4000,0.050146167,79767,816812180,3.000000,168.000000
construct/raw_member_write,10240,3,4000,0.050107917,79828,817435696,3.000000,168.000000
construct/raw_member_write,10240,4,4000,0.050189958,79697,816099507,3.000000,168.000000
construct/raw_member_write,10240,5,4000,0.050179375,79714,816271626,3.000000,168.000000
construct/raw_member_write,10240,6,4000,0.050162000,79742,816554364,3.000000,168.000000
construct/scalars,10240,0,3168,0.050297791,62985,644965104,3.000000,552.000000
construct/scalars,10240,1,3168,0.050234042,63065,645783590,3.000000,552.000000
construct/scalars,10240,2,3168,0.050343916,62927,644374188,3.000000,552.000000
construct/scalars,10240,3,3168,0.050400292,62857,643653414,3.000000,552.000000
construct/scalars,10240,4,3168,0.050291792,62992,645042038,3.000000,552.000000
construct/scalars,10240,5,3168,0.050366916,62898,644079935,3.000000,552.000000
construct/scalars,10240,6,3168,0.050251708,63043,645556565,3.000000,552.000000
construct/filtered_summary,10240,0,3040,0.050128625,60644,620994492,5.000000,368.000000
construct/filtered_summary,10240,1,3040,0.050082292,60700,621568997,5.000000,368.000000
construct/filtered_summary,10240,2,3040,0.050111625,60665,621205159,5.000000,368.000000
construct/filtered_summary,10240,3,3040,0.050117750,60657,621129241,5.000000,368.000000
construct/filtered_summary,10240,4,3040,0.050084291,60698,621544188,5.000000,368.000000
construct/filtered_summary,10240,5,3040,0.050039000,60753,622106757,5.000000,368.000000
construct/filtered_summary,10240,6,3040,0.050075125,60709,621657959,5.000000,368.000000
construct/nested,10240,0,2304,0.050511166,45614,467084050,15.000000,1352.000000
construct/nested,10240,1,2304,0.050594250,45539,466317022,15.000000,1352.000000
construct/nested,10240,2,2304,0.050477833,45644,467392489,15.000000,1352.000000
construct/nested,10240,3,2304,0.050443500,45675,467710607,15.000000,1352.000000
construct/nested,10240,4,2304,0.050498583,45625,467200436,15.000000,1352.000000
construct/nested,10240,5,2304,0.050475959,45645,467409842,15.000000,1352.000000
construct/nested,10240,6,2304,0.050547917,45581,466744456,15.000000,1352.000000
construct/navigate,10240,0,4640,0.050317500,92214,944275848,3.000000,168.000000
construct/navigate,10240,1,4640,0.050322291,92206,944185947,3.000000,168.000000
construct/navigate,10240,2,4608,0.050070125,92031,942396689,3.000000,168.000000
construct/navigate,10240,3,4640,0.050266041,92309,945242535,3.000000,168.000000
construct/navigate,10240,4,4640,0.050343375,92167,943790519,3.000000,168.000000
construct/navigate,10240,5,4640,0.050317000,92215,944285232,3.000000,168.000000
construct/navigate,10240,6,4640,0.050275667,92291,945061554,3.000000,168.000000
construct/raw_member,65536,0,1504,0.050951334,29518,1934515473,3.000000,168.000000
construct/raw_member,65536,1,1504,0.050960166,29513,1934180199,3.000000,168.000000
construct/raw_member,65536,2,1504,0.050917500,29538,1935800933,3.000000,168.000000
construct/raw_member,65536,3,1504,0.050975417,29504,1933601524,3.000000,168.000000
construct/raw_member,65536,4,1504,0.050849459,29578,1938391203,3.000000,168.000000
construct/raw_member,65536,5,1504,0.050997959,29491,1932746838,3.000000,168.000000
construct/raw_member,65536,6,1504,0.050880709,29559,1937200679,3.000000,168.000000
construct/raw_member_write,65536,0,640,0.050883250,12578,824299548,3.000000,168.000000
construct/raw_member_write,65536,1,640,0.050700875,12623,827264618,3.000000,168.000000
construct/raw_member_write,65536,2,640,0.050799750,12598,825654457,3.000000,168.000000
construct/raw_member_write,65536,3,640,0.050786250,12602,825873932,3.000000,168.000000
construct/raw_member_write,65536,4,640,0.050861333,12583,824654753,3.000000,168.000000
construct/raw_member_write,65536,5,640,0.050811458,12596,825464209,3.000000,168.000000
construct/raw_member_write,65536,6,640,0.050876625,12579,824406886,3.000000,168.000000
construct/scalars,65536,0,512,0.050893875,10060,659301969,3.000000,552.000000
construct/scalars,65536,1,512,0.051006584,10038,657845113,3.000000,552.000000
construct/scalars,65536,2,512,0.050929333,10053,658842950,3.000000,552.000000
construct/scalars,65536,3,512,0.050981750,10043,658165559,3.000000,552.000000
construct/scalars,65536,4,512,0.050929209,10053,658844554,3.000000,552.000000
construct/scalars,65536,5,512,0.051003125,10039,657889727,3.000000,552.000000
construct/scalars,65536,6,512,0.050864416,10066,659683815,3.000000,552.000000
construct/filtered_summary,65536,0,512,0.051142541,10011,656096302,5.000000,368.000000
construct/filtered_summary,65536,1,512,0.051248458,9991,654740324,5.000000,368.000000
construct/filtered_summary,65536,2,512,0.051108709,10018,656530612,5.000000,368.000000
construct/filtered_summary,65536,3,512,0.051213959,9997,655181374,5.000000,368.000000
construct/filtered_summary,65536,4,512,0.051113375,10017,656470679,5.000000,368.000000
construct/filtered_summary,65536,5,512,0.051230041,9994,654975701,5.000000,368.000000
construct/filtered_summary,65536,6,512,0.051130833,10014,656246535,5.000000,368.000000
construct/nested,65536,0,384,0.051128750,7510,492204953,15.000000,1352.000000
construct/nested,65536,1,384,0.050959250,7535,493842119,15.000000,1352.000000
construct/nested,65536,2,384,0.051038375,7524,493076514,15.000000,1352.000000
construct/nested,65536,3,384,0.050948625,7537,493945106,15.000000,1352.000000
construct/nested,65536,4,384,0.050989791,7531,493546326,15.000000,1352.000000
construct/nested,65536,5,384,0.051016916,7527,493283914,15.000000,1352.000000
construct/nested,65536,6,384,0.051079458,7518,492679934,15.000000,1352.000000
construct/navigate,65536,0,768,0.051290708,14973,981301486,3.000000,168.000000
construct/navigate,65536,1,768,0.051344625,14958,980271022,3.000000,168.000000
construct/navigate,65536,2,768,0.051252000,14985,982042613,3.000000,168.000000
construct/navigate,65536,3,768,0.051284208,14975,981425861,3.000000,168.000000
construct/navigate,65536,4,768,0.051377500,14948,979643774,3.000000,168.000000
construct/navigate,65536,5,768,0.051408709,14939,979049056,3.000000,168.000000
construct/navigate,65536,6,768,0.051280250,14977,981501611,3.000000,168.000000
construct/raw_member,1048576,0,96,0.051797792,1853,1943389711,3.000000,168.000000
construct/raw_member,1048576,1,96,0.051756000,1855,1944958961,3.000000,168.000000
construct/raw_member,1048576,2,96,0.051762208,1855,1944725696,3.000000,168.000000
construct/raw_member,1048576,3,96,0.051917458,1849,1938910337,3.000000,168.000000
construct/raw_member,1048576,4,96,0.051793083,1854,1943566402,3.000000,168.000000
construct/raw_member,1048576,5,96,0.051775541,1854,1944224900,3.000000,168.000000
construct/raw_member,1048576,6,96,0.051798917,1853,1943347503,3.000000,168.000000
construct/raw_member_write,1048576,0,64,0.082047000,780,817931966,3.000000,168.000000
construct/raw_member_write,1048576,1,64,0.081791958,782,820482424,3.000000,168.000000
construct/raw_member_write,1048576,2,64,0.081390917,786,824525223,3.000000,168.000000
construct/raw_member_write,1048576,3,64,0.081818417,782,820217091,3.000000,168.000000
construct/raw_member_write,1048576,4,64,0.081398042,786,824453050,3.000000,168.000000
construct/raw_member_write,1048576,5,64,0.081511958,785,823300846,3.000000,168.000000
construct/raw_member_write,1048576,6,64,0.081996667,781,818434047,3.000000,168.000000
construct/scalars,1048576,0,32,0.050652875,632,662438845,3.000000,552.000000
construct/scalars,1048576,1,32,0.050693375,631,661909609,3.000000,552.000000
construct/scalars,1048576,2,32,0.050645625,632,662533674,3.000000,552.000000
construct/scalars,1048576,3,32,0.050724708,631,661500742,3.000000,552.000000
construct/scalars,1048576,4,32,0.050628375,632,662759411,3.000000,552.000000
construct/scalars,1048576,5,32,0.050695208,631,661885676,3.000000,552.000000
construct/scalars,1048576,6,32,0.050579792,633,663396006,3.000000,552.000000
construct/filtered_summary,1048576,0,32,0.050663583,632,662298835,5.000000,368.000000
construct/filtered_summary,1048576,1,32,0.050759625,630,661045703,5.000000,368.000000
construct/filtered_summary,1048576,2,32,0.050622083,632,662841788,5.000000,368.000000
construct/filtered_summary,1048576,3,32,0.050728000,631,661457814,5.000000,368.000000
construct/filtered_summary,1048576,4,32,0.050638375,632,662628530,5.000000,368.000000
construct/filtered_summary,1048576,5,32,0.050701250,631,661806800,5.000000,368.000000
construct/filtered_summary,1048576,6,32,0.050709041,631,661705119,5.000000,368.000000
construct/nested,1048576,0,32,0.067361584,475,498124153,15.000000,1352.000000
construct/nested,1048576,1,32,0.067195708,476,499353798,15.000000,1352.000000
construct/nested,1048576,2,32,0.067442875,474,497523749,15.000000,1352.000000
construct/nested,1048576,3,32,0.067323500,475,498405936,15.000000,1352.000000
construct/nested,1048576,4,32,0.067343834,475,498255445,15.000000,1352.000000
construct/nested,1048576,5,32,0.067348167,475,498223389,15.000000,1352.000000
construct/nested,1048576,6,32,0.067405542,475,497799306,15.000000,1352.000000
construct/navigate,1048576,0,64,0.067884959,943,988567497,3.000000,168.000000
construct/navigate,1048576,1,64,0.067940542,942,987758738,3.000000,168.000000
construct/navigate,1048576,2,64,0.067857041,943,988974217,3.000000,168.000000
construct/navigate,1048576,3,64,0.067851084,943,989061044,3.000000,168.000000
construct/navigate,1048576,4,64,0.067892875,943,988452234,3.000000,168.000000
construct/navigate,1048576,5,64,0.067930417,942,987905963,3.000000,168.000000
construct/navigate,1048576,6,64,0.068086084,940,985647287,3.000000,168.000000
construct/mapped_objects,262,0,21536,0.050026083,430495,112789802,12.000000,1184.000000
construct/mapped_objects,262,1,21440,0.050002875,428775,112339140,12.000000,1184.000000
construct/mapped_objects,262,2,21536,0.050041250,430365,112755617,12.000000,1184.000000
construct/mapped_objects,262,3,21536,0.050050167,430288,112735528,12.000000,1184.000000
construct/mapped_objects,262,4,21632,0.050025250,432422,113294466,12.000000,1184.000000
construct/mapped_objects,262,5,21408,0.050011375,428063,112152405,12.000000,1184.000000
construct/mapped_objects,262,6,21632,0.050032250,432361,113278615,12.000000,1184.000000
construct/collected_objects,262,0,20832,0.050041625,416293,109068880,15.000000,1352.000000
construct/collected_objects,262,1,20864,0.050050916,416856,109216143,15.000000,1352.000000
construct/collected_objects,262,2,20768,0.050035833,415063,108746386,15.000000,1352.000000
construct/collected_objects,262,3,20704,0.050074042,413468,108328543,15.000000,1352.000000
construct/collected_objects,262,4,20640,0.050018125,412650,108114409,15.000000,1352.000000
construct/collected_objects,262,5,20672,0.050065333,412900,108179926,15.000000,1352.000000
construct/collected_objects,262,6,20704,0.050039958,413749,108402329,15.000000,1352.000000
construct/collected_write,262,0,19296,0.050080959,385296,100947588,15.000000,1352.000000
construct/collected_write,262,1,19168,0.050005917,383315,100428435,15.000000,1352.000000
construct/collected_write,262,2,19040,0.050000625,380795,99768353,15.000000,1352.000000
construct/collected_write,262,3,18912,0.050004417,378207,99090126,15.000000,1352.000000
construct/collected_write,262,4,18912,0.050071583,377699,98957207,15.000000,1352.000000
construct/collected_write,262,5,19168,0.050075375,382783,100289134,15.000000,1352.000000
construct/collected_write,262,6,19168,0.050025000,383168,100390125,15.000000,1352.000000
construct/filtered_aggregate,262,0,17920,0.050088583,357766,93734734,3.000000,296.000000
construct/filtered_aggregate,262,1,17952,0.050000708,359035,94067148,3.000000,296.000000
construct/filtered_aggregate,262,2,17856,0.050057958,356707,93457108,3.000000,296.000000
construct/filtered_aggregate,262,3,17824,0.050044542,356163,93314632,3.000000,296.000000
construct/filtered_aggregate,262,4,18016,0.050051375,359950,94306940,3.000000,296.000000
construct/filtered_aggregate,262,5,17952,0.050073583,358512,93930247,3.000000,296.000000
construct/filtered_aggregate,262,6,17728,0.050040334,354274,92819844,3.000000,296.000000
construct/mapped_objects,4334,0,1440,0.051121208,28168,122081622,192.000000,18944.000000
construct/mapped_objects,4334,1,1440,0.051078291,28192,122184198,192.000000,18944.000000
construct/mapped_objects,4334,2,1440,0.051102666,28179,122125918,192.000000,18944.000000
construct/mapped_objects,4334,3,1408,0.050212708,28041,121528439,192.000000,18944.000000
construct/mapped_objects,4334,4,1408,0.050462084,27902,120927863,192.000000,18944.000000
construct/mapped_objects,4334,5,1408,0.050277666,28004,121371426,192.000000,18944.000000
construct/mapped_objects,4334,6,1408,0.050225625,28033,121497184,192.000000,18944.000000
construct/collected_objects,4334,0,1408,0.050636000,27806,120512521,199.000000,21992.000000
construct/collected_objects,4334,1,1408,0.050788917,27723,120149678,199.000000,21992.000000
construct/collected_objects,4334,2,1408,0.050564958,27845,120681837,199.000000,21992.000000
construct/collected_objects,4334,3,1408,0.050582125,27836,120640879,199.000000,21992.000000
construct/collected_objects,4334,4,1408,0.050718875,27761,120315602,199.000000,21992.000000
construct/collected_objects,4334,5,1408,0.050347750,27965,121202477,199.000000,21992.000000
construct/collected_objects,4334,6,1408,0.050373792,27951,121139818,199.000000,21992.000000
construct/collected_write,4334,0,1280,0.050262834,25466,110370219,199.000000,21992.000000
construct/collected_write,4334,1,1280,0.050281833,25457,110328516,199.000000,21992.000000
construct/collected_write,4334,2,1312,0.051227792,25611,110998499,199.000000,21992.000000
construct/collected_write,4334,3,1280,0.050864875,25165,109063868,199.000000,21992.000000
construct/collected_write,4334,4,1280,0.050440500,25376,109981463,199.000000,21992.000000
construct/collected_write,4334,5,1280,0.050406208,25394,110056285,199.000000,21992.000000
construct/collected_write,4334,6,1280,0.051115917,25041,108528230,199.000000,21992.000000
construct/filtered_aggregate,4334,0,1280,0.051245666,24978,108253447,3.000000,296.000000
construct/filtered_aggregate,4334,1,1280,0.050650500,25271,109525474,3.000000,296.000000
construct/filtered_aggregate,4334,2,1280,0.050700375,25246,109417731,3.000000,296.000000
construct/filtered_aggregate,4334,3,1280,0.050658125,25267,109508988,3.000000,296.000000
construct/filtered_aggregate,4334,4,1280,0.050623000,25285,109584971,3.000000,296.000000
construct/filtered_aggregate,4334,5,1280,0.050543792,25325,109756704,3.000000,296.000000
construct/filtered_aggregate,4334,6,1280,0.050615625,25289,109600938,3.000000,296.000000
construct/mapped_objects,36190,0,192,0.056006333,3428,124065969,1536.000000,151552.000000
construct/mapped_objects,36190,1,192,0.055554583,3456,125074830,1536.000000,151552.000000
construct/mapped_objects,36190,2,192,0.055723625,3446,124695405,1536.000000,151552.000000
construct/mapped_objects,36190,3,192,0.055583667,3454,125009385,1536.000000,151552.000000
construct/mapped_objects,36190,4,192,0.054951750,3494,126446928,1536.000000,151552.000000
construct/mapped_objects,36190,5,192,0.054437917,3527,127640446,1536.000000,151552.000000
construct/mapped_objects,36190,6,192,0.054436292,3527,127644256,1536.000000,151552.000000
construct/collected_objects,36190,0,192,0.054742583,3507,126930072,1546.000000,176104.000000
construct/collected_objects,36190,1,192,0.054584417,3517,127297870,1546.000000,176104.000000
construct/collected_objects,36190,2,192,0.055004625,3491,126325377,1546.000000,176104.000000
construct/collected_objects,36190,3,192,0.054804125,3503,126787537,1546.000000,176104.000000
construct/collected_objects,36190,4,192,0.054743458,3507,126928043,1546.000000,176104.000000
construct/collected_objects,36190,5,192,0.054639584,3514,127169343,1546.000000,176104.000000
construct/collected_objects,36190,6,192,0.055167125,3480,125953274,1546.000000,176104.000000
construct/collected_write,36190,0,160,0.051171458,3127,113156831,1546.000000,176104.000000
construct/collected_write,36190,1,160,0.050629750,3160,114367541,1546.000000,176104.000000
construct/collected_write,36190,2,160,0.050274208,3183,115176354,1546.000000,176104.000000
construct/collected_write,36190,3,160,0.050066750,3196,115653602,1546.000000,176104.000000
construct/collected_write,36190,4,160,0.050047000,3197,115699243,1546.000000,176104.000000
construct/collected_write,36190,5,192,0.059985125,3201,115836718,1546.000000,176104.000000
construct/collected_write,36190,6,160,0.050107792,3193,115558874,1546.000000,176104.000000
construct/filtered_aggregate,36190,0,192,0.059823084,3209,116150481,3.000000,296.000000
construct/filtered_aggregate,36190,1,192,0.059701708,3216,116386620,3.000000,296.000000
construct/filtered_aggregate,36190,2,160,0.050002167,3200,115802981,3.000000,296.000000
construct/filtered_aggregate,36190,3,192,0.059834167,3209,116128967,3.000000,296.000000
construct/filtered_aggregate,36190,4,192,0.060065833,3196,115681073,3.000000,296.000000
construct/filtered_aggregate,36190,5,160,0.050139542,3191,115485698,3.000000,296.000000
construct/filtered_aggregate,36190,6,192,0.059912042,3205,115978020,3.000000,296.000000
construct/mapped_objects,624958,0,32,0.148033209,216,135095741,24576.000000,2424832.000000
construct/mapped_objects,624958,1,32,0.148366042,216,134792677,24576.000000,2424832.000000
construct/mapped_objects,624958,2,32,0.148259458,216,134889580,24576.000000,2424832.000000
construct/mapped_objects,624958,3,32,0.148386334,216,134774244,24576.000000,2424832.000000
construct/mapped_objects,624958,4,32,0.147649084,217,135447207,24576.000000,2424832.000000
construct/mapped_objects,624958,5,32,0.149498667,214,133771467,24576.000000,2424832.000000
construct/mapped_objects,624958,6,32,0.149218459,214,134022668,24576.000000,2424832.000000
construct/collected_objects,624958,0,32,0.149414083,214,133847196,24590.000000,2818024.000000
construct/collected_objects,624958,1,32,0.148813750,215,134387152,24590.000000,2818024.000000
construct/collected_objects,624958,2,32,0.148849625,215,134354762,24590.000000,2818024.000000
construct/collected_objects,624958,3,32,0.149050833,215,134173393,24590.000000,2818024.000000
construct/collected_objects,624958,4,32,0.148713834,215,134477442,24590.000000,2818024.000000
construct/collected_objects,624958,5,32,0.148284000,216,134867255,24590.000000,2818024.000000
construct/collected_objects,624958,6,32,0.148215875,216,134929244,24590.000000,2818024.000000
construct/collected_write,624958,0,32,0.163825250,195,122073099,24590.000000,2818024.000000
construct/collected_write,624958,1,32,0.163339833,196,122435879,24590.000000,2818024.000000
construct/collected_write,624958,2,32,0.163322375,196,122448966,24590.000000,2818024.000000
construct/collected_write,624958,3,32,0.166310750,192,120248727,24590.000000,2818024.000000
construct/collected_write,624958,4,32,0.163766000,195,122117265,24590.000000,2818024.000000
construct/collected_write,624958,5,32,0.163410875,196,122382650,24590.000000,2818024.000000
construct/collected_write,624958,6,32,0.164068709,195,121891957,24590.000000,2818024.000000
construct/filtered_aggregate,624958,0,32,0.164563541,194,121525436,3.000000,296.000000
construct/filtered_aggregate,624958,1,32,0.164300000,195,121720365,3.000000,296.000000
construct/filtered_aggregate,624958,2,32,0.163982500,195,121956038,3.000000,296.000000
construct/filtered_aggregate,624958,3,32,0.163348750,196,122429195,3.000000,296.000000
construct/filtered_aggregate,624958,4,32,0.163956417,195,121975439,3.000000,296.000000
construct/filtered_aggregate,624958,5,32,0.164752084,194,121386361,3.000000,296.000000
construct/filtered_aggregate,624958,6,32,0.164810041,194,121343675,3.000000,296.000000
construct/nested_summary,1036,0,1888,0.050204208,37606,38960240,3.000000,296.000000
construct/nested_summary,1036,1,1888,0.050099958,37685,39041310,3.000000,296.000000
construct/nested_summary,1036,2,1920,0.050773542,37815,39176310,3.000000,296.000000
construct/nested_summary,1036,3,1920,0.050723667,37852,39214830,3.000000,296.000000
construct/nested_summary,1036,4,1920,0.050544791,37986,39353610,3.000000,296.000000
construct/nested_summary,1036,5,1920,0.050643792,37912,39276680,3.000000,296.000000
construct/nested_summary,1036,6,1920,0.050475750,38038,39407438,3.000000,296.000000
construct/nested_summary,16396,0,128,0.052795166,2424,39751518,3.000000,296.000000
construct/nested_summary,16396,1,128,0.052457667,2440,40007269,3.000000,296.000000
construct/nested_summary,16396,2,128,0.052346375,2445,40092327,3.000000,296.000000
construct/nested_summary,16396,3,128,0.052267291,2449,40152990,3.000000,296.000000
construct/nested_summary,16396,4,128,0.052275417,2449,40146748,3.000000,296.000000
construct/nested_summary,16396,5,128,0.053314583,2401,39364239,3.000000,296.000000
construct/nested_summary,16396,6,128,0.052718292,2428,39809484,3.000000,296.000000
construct/nested_summary,1048588,0,32,0.839766500,38,39957317,3.000000,296.000000
construct/nested_summary,1048588,1,32,0.836167750,38,40129287,3.000000,296.000000
construct/nested_summary,1048588,2,32,0.833515000,38,40257003,3.000000,296.000000
construct/nested_summary,1048588,3,32,0.836741792,38,40101757,3.000000,296.000000
construct/nested_summary,1048588,4,32,0.832774666,38,40292792,3.000000,296.000000
construct/nested_summary,1048588,5,32,0.834021667,38,40232547,3.000000,296.000000
construct/nested_summary,1048588,6,32,0.834655959,38,40201973,3.000000,296.000000
compile/lexical,0,0,39360,0.050001084,787183,0,40.000000,2912.000000
compile/lexical,0,1,39456,0.050032584,788606,0,40.000000,2912.000000
compile/lexical,0,2,39744,0.050000792,794867,0,40.000000,2912.000000
compile/lexical,0,3,39872,0.050017583,797160,0,40.000000,2912.000000
compile/lexical,0,4,39968,0.050012750,799156,0,40.000000,2912.000000
compile/lexical,0,5,39904,0.050018083,797791,0,40.000000,2912.000000
compile/lexical,0,6,39904,0.050007583,797959,0,40.000000,2912.000000
lexical/lookup,100,0,139680,0.050003834,2793386,279338580,5.000000,504.000000
lexical/lookup,100,1,143072,0.050003916,2861216,286121591,5.000000,504.000000
lexical/lookup,100,2,143392,0.050008834,2867333,286733340,5.000000,504.000000
lexical/lookup,100,3,144128,0.050003833,2882339,288233904,5.000000,504.000000
lexical/lookup,100,4,144064,0.050001709,2881182,288118152,5.000000,504.000000
lexical/lookup,100,5,144896,0.050008792,2897411,289741052,5.000000,504.000000
lexical/lookup,100,6,144896,0.050010708,2897300,289729951,5.000000,504.000000
lexical/repeated_binding,100,0,119104,0.050001541,2382007,238200659,5.000000,504.000000
lexical/repeated_binding,100,1,119584,0.050008416,2391278,239127750,5.000000,504.000000
lexical/repeated_binding,100,2,120512,0.050005292,2409985,240998493,5.000000,504.000000
lexical/repeated_binding,100,3,120416,0.050011209,2407780,240778022,5.000000,504.000000
lexical/repeated_binding,100,4,120352,0.050007708,2406669,240666899,5.000000,504.000000
lexical/repeated_binding,100,5,120384,0.050008875,2407253,240725271,5.000000,504.000000
lexical/repeated_binding,100,6,117952,0.050010167,2358560,235856041,5.000000,504.000000
lexical/retained_sequence,100,0,91648,0.050003333,1832838,183283782,7.000000,648.000000
lexical/retained_sequence,100,1,91936,0.050014833,1838175,183817469,7.000000,648.000000
lexical/retained_sequence,100,2,92256,0.050000167,1845114,184511384,7.000000,648.000000
lexical/retained_sequence,100,3,92832,0.050008333,1856331,185633062,7.000000,648.000000
lexical/retained_sequence,100,4,92064,0.050007542,1841002,184100230,7.000000,648.000000
lexical/retained_sequence,100,5,90624,0.050016416,1811885,181188512,7.000000,648.000000
lexical/retained_sequence,100,6,91488,0.050015291,1829201,182920059,7.000000,648.000000
lexical/closure_call,100,0,78080,0.050018459,1561024,156102370,8.000000,768.000000
lexical/closure_call,100,1,78688,0.050005750,1573579,157357904,8.000000,768.000000
lexical/closure_call,100,2,79392,0.050014792,1587370,158737039,8.000000,768.000000
lexical/closure_call,100,3,78176,0.050002375,1563446,156344574,8.000000,768.000000
lexical/closure_call,100,4,77632,0.050012000,1552267,155226746,8.000000,768.000000
lexical/closure_call,100,5,78592,0.050011834,1571468,157146806,8.000000,768.000000
lexical/closure_call,100,6,79200,0.050004334,1583863,158386271,8.000000,768.000000
lexical/escaped_closure,100,0,70464,0.050010542,1408983,140898293,11.000000,1032.000000
lexical/escaped_closure,100,1,70624,0.050004125,1412363,141236348,11.000000,1032.000000
lexical/escaped_closure,100,2,70688,0.050019458,1413210,141321004,11.000000,1032.000000
lexical/escaped_closure,100,3,71008,0.050018417,1419637,141963709,11.000000,1032.000000
lexical/escaped_closure,100,4,70720,0.050018459,1413878,141387802,11.000000,1032.000000
lexical/escaped_closure,100,5,71200,0.050007000,1423801,142380067,11.000000,1032.000000
lexical/escaped_closure,100,6,71232,0.050004291,1424518,142451775,11.000000,1032.000000
lexical/mixed,100,0,39968,0.050031500,798857,79885672,14.000000,1480.000000
lexical/mixed,100,1,40000,0.050020083,799679,79967880,14.000000,1480.000000
lexical/mixed,100,2,40320,0.050015792,806145,80614539,14.000000,1480.000000
lexical/mixed,100,3,39520,0.050000583,790391,79039078,14.000000,1480.000000
lexical/mixed,100,4,40000,0.050002417,799961,79996133,14.000000,1480.000000
lexical/mixed,100,5,39968,0.050034500,798809,79880882,14.000000,1480.000000
lexical/mixed,100,6,40096,0.050029125,801453,80145315,14.000000,1480.000000
lexical/lookup,500,0,65632,0.050003208,1312556,656277893,5.000000,504.000000
lexical/lookup,500,1,65760,0.050007209,1315010,657505201,5.000000,504.000000
lexical/lookup,500,2,65088,0.050011416,1301463,650731425,5.000000,504.000000
lexical/lookup,500,3,65024,0.050002417,1300417,650208569,5.000000,504.000000
lexical/lookup,500,4,64864,0.050012709,1296950,648475171,5.000000,504.000000
lexical/lookup,500,5,64768,0.050006125,1295201,647600669,5.000000,504.000000
lexical/lookup,500,6,64864,0.050002875,1297205,648602705,5.000000,504.000000
lexical/repeated_binding,500,0,59520,0.050002167,1190348,595174205,5.000000,504.000000
lexical/repeated_binding,500,1,59488,0.050010583,1189508,594754114,5.000000,504.000000
lexical/repeated_binding,500,2,59488,0.050001541,1189723,594861666,5.000000,504.000000
lexical/repeated_binding,500,3,59424,0.050001750,1188438,594219202,5.000000,504.000000
lexical/repeated_binding,500,4,59616,0.050019250,1191861,595930567,5.000000,504.000000
lexical/repeated_binding,500,5,59616,0.050003833,1192229,596114302,5.000000,504.000000
lexical/repeated_binding,500,6,59648,0.050009667,1192729,596364699,5.000000,504.000000
lexical/retained_sequence,500,0,51360,0.050003208,1027134,513567050,7.000000,648.000000
lexical/retained_sequence,500,1,51680,0.050005125,1033494,516747033,7.000000,648.000000
lexical/retained_sequence,500,2,51712,0.050022542,1033774,516886967,7.000000,648.000000
lexical/retained_sequence,500,3,51840,0.050012917,1036532,518266111,7.000000,648.000000
lexical/retained_sequence,500,4,51712,0.050023625,1033752,516875776,7.000000,648.000000
lexical/retained_sequence,500,5,51936,0.050015958,1038389,519194294,7.000000,648.000000
lexical/retained_sequence,500,6,51776,0.050028750,1034925,517462459,7.000000,648.000000
lexical/closure_call,500,0,39808,0.050009250,796013,398006369,8.000000,768.000000
lexical/closure_call,500,1,39808,0.050017791,795877,397938406,8.000000,768.000000
lexical/closure_call,500,2,39904,0.050035292,797517,398758540,8.000000,768.000000
lexical/closure_call,500,3,39616,0.050011167,792143,396071541,8.000000,768.000000
lexical/closure_call,500,4,39424,0.050010583,788313,394156573,8.000000,768.000000
lexical/closure_call,500,5,39264,0.050031833,784780,392390181,8.000000,768.000000
lexical/closure_call,500,6,39200,0.050009958,783844,391921945,8.000000,768.000000
lexical/escaped_closure,500,0,37088,0.050009958,741612,370806150,11.000000,1032.000000
lexical/escaped_closure,500,1,36992,0.050039583,739255,369627381,11.000000,1032.000000
lexical/escaped_closure,500,2,37216,0.050015708,744086,372043119,11.000000,1032.000000
lexical/escaped_closure,500,3,37280,0.050033041,745108,372553809,11.000000,1032.000000
lexical/escaped_closure,500,4,37312,0.050042792,745602,372800942,11.000000,1032.000000
lexical/escaped_closure,500,5,37408,0.050012458,747974,373986817,11.000000,1032.000000
lexical/escaped_closure,500,6,37376,0.050029417,747080,373540231,11.000000,1032.000000
lexical/mixed,500,0,26464,0.050002042,529258,264629193,14.000000,1480.000000
lexical/mixed,500,1,26400,0.050015458,527837,263918407,14.000000,1480.000000
lexical/mixed,500,2,26176,0.050028541,523221,261610667,14.000000,1480.000000
lexical/mixed,500,3,26144,0.050044583,522414,261207092,14.000000,1480.000000
lexical/mixed,500,4,26272,0.050046292,524954,262476988,14.000000,1480.000000
lexical/mixed,500,5,26144,0.050030292,522563,261281705,14.000000,1480.000000
lexical/mixed,500,6,26272,0.050040750,525012,262506058,14.000000,1480.000000
lexical/lookup,1024,0,38272,0.050010166,765284,783651228,5.000000,504.000000
lexical/lookup,1024,1,38208,0.050008083,764036,782373362,5.000000,504.000000
lexical/lookup,1024,2,38144,0.050019209,762587,780889118,5.000000,504.000000
lexical/lookup,1024,3,38144,0.050008417,762752,781057637,5.000000,504.000000
lexical/lookup,1024,4,38144,0.050015666,762641,780944434,5.000000,504.000000
lexical/lookup,1024,5,38176,0.050011500,763344,781664697,5.000000,504.000000
lexical/lookup,1024,6,38208,0.050015042,763930,782264504,5.000000,504.000000
lexical/repeated_binding,1024,0,36096,0.050018375,721655,738974507,5.000000,504.000000
lexical/repeated_binding,1024,1,36032,0.050042334,720030,737311093,5.000000,504.000000
lexical/repeated_binding,1024,2,36064,0.050005375,721202,738511330,5.000000,504.000000
lexical/repeated_binding,1024,3,36096,0.050004792,721851,739175237,5.000000,504.000000
lexical/repeated_binding,1024,4,36064,0.050010333,721131,738438114,5.000000,504.000000
lexical/repeated_binding,1024,5,36128,0.050004458,722496,739835476,5.000000,504.000000
lexical/repeated_binding,1024,6,36224,0.050037958,723930,741304751,5.000000,504.000000
lexical/retained_sequence,1024,0,33152,0.050010375,662902,678812106,7.000000,648.000000
lexical/retained_sequence,1024,1,33216,0.050040333,663785,679715381,7.000000,648.000000
lexical/retained_sequence,1024,2,33088,0.050011167,661612,677490929,7.000000,648.000000
lexical/retained_sequence,1024,3,33152,0.050006416,662955,678865848,7.000000,648.000000
lexical/retained_sequence,1024,4,33088,0.050003583,661713,677593684,7.000000,648.000000
lexical/retained_sequence,1024,5,33056,0.050032834,660686,676542608,7.000000,648.000000
lexical/retained_sequence,1024,6,33056,0.050025250,660786,676645174,7.000000,648.000000
lexical/closure_call,1024,0,24256,0.050058792,484550,496179452,8.000000,768.000000
lexical/closure_call,1024,1,24224,0.050032667,484164,495783605,8.000000,768.000000
lexical/closure_call,1024,2,24288,0.050010875,485654,497310075,8.000000,768.000000
lexical/closure_call,1024,3,24224,0.050035083,484140,495759665,8.000000,768.000000
lexical/closure_call,1024,4,24160,0.050031833,482893,494481983,8.000000,768.000000
lexical/closure_call,1024,5,24096,0.050064958,481295,492845794,8.000000,768.000000
lexical/closure_call,1024,6,24128,0.050024250,482326,493901898,8.000000,768.000000
lexical/escaped_closure,1024,0,23232,0.050054417,464135,475274100,11.000000,1032.000000
lexical/escaped_closure,1024,1,23328,0.050034000,466243,477432786,11.000000,1032.000000
lexical/escaped_closure,1024,2,23264,0.050006125,465223,476388362,11.000000,1032.000000
lexical/escaped_closure,1024,3,23296,0.050050792,465447,476617912,11.000000,1032.000000
lexical/escaped_closure,1024,4,23296,0.050060625,465356,476524294,11.000000,1032.000000
lexical/escaped_closure,1024,5,23328,0.050026292,466315,477506348,11.000000,1032.000000
lexical/escaped_closure,1024,6,23296,0.050005500,465869,477049605,11.000000,1032.000000
lexical/mixed,1024,0,18720,0.050047208,374047,383023964,14.000000,1480.000000
lexical/mixed,1024,1,18752,0.050084334,374408,383394297,14.000000,1480.000000
lexical/mixed,1024,2,18752,0.050036084,374770,383764005,14.000000,1480.000000
lexical/mixed,1024,3,18688,0.050051000,373379,382340253,14.000000,1480.000000
lexical/mixed,1024,4,18560,0.050030333,370975,379878343,14.000000,1480.000000
lexical/mixed,1024,5,18624,0.050039000,372190,381122245,14.000000,1480.000000
lexical/mixed,1024,6,18656,0.050060708,372668,381611543,14.000000,1480.000000
lexical/lookup,10240,0,4704,0.050089292,93912,961661826,5.000000,504.000000
lexical/lookup,10240,1,4704,0.050034750,94015,962710116,5.000000,504.000000
lexical/lookup,10240,2,4704,0.050111417,93871,961237237,5.000000,504.000000
lexical/lookup,10240,3,4736,0.050337917,94084,963421669,5.000000,504.000000
lexical/lookup,10240,4,4704,0.050072125,93944,961991527,5.000000,504.000000
lexical/lookup,10240,5,4704,0.050068417,93951,962062771,5.000000,504.000000
lexical/lookup,10240,6,4704,0.050031542,94021,962771845,5.000000,504.000000
lexical/repeated_binding,10240,0,4672,0.050072625,93304,955437827,5.000000,504.000000
lexical/repeated_binding,10240,1,4672,0.050335084,92818,950455948,5.000000,504.000000
lexical/repeated_binding,10240,2,4672,0.050110541,93234,954714897,5.000000,504.000000
lexical/repeated_binding,10240,3,4672,0.050194583,93078,953116395,5.000000,504.000000
lexical/repeated_binding,10240,4,4672,0.050097125,93259,954970570,5.000000,504.000000
lexical/repeated_binding,10240,5,4672,0.050181833,93101,953358559,5.000000,504.000000
lexical/repeated_binding,10240,6,4672,0.050099875,93254,954918151,5.000000,504.000000
lexical/retained_sequence,10240,0,4640,0.050334791,92183,943951471,7.000000,648.000000
lexical/retained_sequence,10240,1,4640,0.050343958,92166,943779589,7.000000,648.000000
lexical/retained_sequence,10240,2,4640,0.050273000,92296,945111690,7.000000,648.000000
lexical/retained_sequence,10240,3,4640,0.050239709,92357,945737962,7.000000,648.000000
lexical/retained_sequence,10240,4,4608,0.050112625,91953,941597452,7.000000,648.000000
lexical/retained_sequence,10240,5,4608,0.050016166,92130,943413376,7.000000,648.000000
lexical/retained_sequence,10240,6,4640,0.050319083,92212,944246142,7.000000,648.000000
lexical/closure_call,10240,0,3136,0.050247083,62412,639094612,8.000000,768.000000
lexical/closure_call,10240,1,3136,0.050245042,62414,639120572,8.000000,768.000000
lexical/closure_call,10240,2,3136,0.050164125,62515,640151503,8.000000,768.000000
lexical/closure_call,10240,3,3136,0.050259667,62396,638934595,8.000000,768.000000
lexical/closure_call,10240,4,3136,0.050188500,62484,639840601,8.000000,768.000000
lexical/closure_call,10240,5,3136,0.050239750,62421,639187894,8.000000,768.000000
lexical/closure_call,10240,6,3136,0.050210500,62457,639560251,8.000000,768.000000
lexical/escaped_closure,10240,0,3104,0.050134167,61914,633997968,11.000000,1032.000000
lexical/escaped_closure,10240,1,3136,0.050465625,62141,636327005,11.000000,1032.000000
lexical/escaped_closure,10240,2,3104,0.050046084,62023,635113828,11.000000,1032.000000
lexical/escaped_closure,10240,3,3136,0.050514125,62082,635716050,11.000000,1032.000000
lexical/escaped_closure,10240,4,3136,0.050487416,62114,636052358,11.000000,1032.000000
lexical/escaped_closure,10240,5,3136,0.050435542,62178,636706551,11.000000,1032.000000
lexical/escaped_closure,10240,6,3104,0.050008959,62069,635585316,11.000000,1032.000000
lexical/mixed,10240,0,3040,0.050495083,60204,616487748,14.000000,1480.000000
lexical/mixed,10240,1,3008,0.050046375,60104,615467554,14.000000,1480.000000
lexical/mixed,10240,2,3040,0.050451209,60256,617023866,14.000000,1480.000000
lexical/mixed,10240,3,3008,0.050063167,60084,615261116,14.000000,1480.000000
lexical/mixed,10240,4,3040,0.050391542,60328,617754464,14.000000,1480.000000
lexical/mixed,10240,5,3008,0.050097459,60043,614839966,14.000000,1480.000000
lexical/mixed,10240,6,3008,0.050011292,60146,615899305,14.000000,1480.000000
lexical/lookup,65536,0,768,0.051173583,15008,983547468,5.000000,504.000000
lexical/lookup,65536,1,768,0.051131708,15020,984352958,5.000000,504.000000
lexical/lookup,65536,2,768,0.051100042,15029,984962948,5.000000,504.000000
lexical/lookup,65536,3,768,0.051203875,14999,982965606,5.000000,504.000000
lexical/lookup,65536,4,768,0.051111542,15026,984741333,5.000000,504.000000
lexical/lookup,65536,5,768,0.051200375,15000,983032800,5.000000,504.000000
lexical/lookup,65536,6,768,0.051119125,15024,984595257,5.000000,504.000000
lexical/repeated_binding,65536,0,768,0.051304958,14969,981028929,5.000000,504.000000
lexical/repeated_binding,65536,1,768,0.051222708,14993,982604200,5.000000,504.000000
lexical/repeated_binding,65536,2,768,0.051242166,14988,982231079,5.000000,504.000000
lexical/repeated_binding,65536,3,768,0.051192750,15002,983179220,5.000000,504.000000
lexical/repeated_binding,65536,4,768,0.051215167,14996,982748880,5.000000,504.000000
lexical/repeated_binding,65536,5,768,0.051212666,14996,982796873,5.000000,504.000000
lexical/repeated_binding,65536,6,768,0.051264500,14981,981803158,5.000000,504.000000
lexical/retained_sequence,65536,0,768,0.051285667,14975,981397941,7.000000,648.000000
lexical/retained_sequence,65536,1,768,0.051305500,14969,981018565,7.000000,648.000000
lexical/retained_sequence,65536,2,768,0.051314833,14966,980840140,7.000000,648.000000
lexical/retained_sequence,65536,3,768,0.051312000,14967,980894294,7.000000,648.000000
lexical/retained_sequence,65536,4,768,0.051329500,14962,980559873,7.000000,648.000000
lexical/retained_sequence,65536,5,768,0.051358084,14954,980014130,7.000000,648.000000
lexical/retained_sequence,65536,6,768,0.051307750,14968,980975545,7.000000,648.000000
lexical/closure_call,65536,0,512,0.050967000,10046,658356034,8.000000,768.000000
lexical/closure_call,65536,1,512,0.050895792,10060,659277136,8.000000,768.000000
lexical/closure_call,65536,2,512,0.050969083,10045,658329129,8.000000,768.000000
lexical/closure_call,65536,3,512,0.050928750,10053,658850492,8.000000,768.000000
lexical/closure_call,65536,4,512,0.050857250,10067,659776767,8.000000,768.000000
lexical/closure_call,65536,5,512,0.050939625,10051,658709835,8.000000,768.000000
lexical/closure_call,65536,6,512,0.050958125,10047,658470695,8.000000,768.000000
lexical/escaped_closure,65536,0,512,0.050995584,10040,657987013,11.000000,1032.000000
lexical/escaped_closure,65536,1,512,0.050974334,10044,658261312,11.000000,1032.000000
lexical/escaped_closure,65536,2,512,0.051024500,10034,657614127,11.000000,1032.000000
lexical/escaped_closure,65536,3,512,0.050991584,10041,658038628,11.000000,1032.000000
lexical/escaped_closure,65536,4,512,0.050948708,10049,658592402,11.000000,1032.000000
lexical/escaped_closure,65536,5,512,0.050942708,10051,658669971,11.000000,1032.000000
lexical/escaped_closure,65536,6,512,0.050957167,10048,658483075,11.000000,1032.000000
lexical/mixed,65536,0,512,0.051166417,10007,655790145,14.000000,1480.000000
lexical/mixed,65536,1,512,0.051416541,9958,652599948,14.000000,1480.000000
lexical/mixed,65536,2,512,0.051284500,9984,654280182,14.000000,1480.000000
lexical/mixed,65536,3,512,0.051357625,9969,653348592,14.000000,1480.000000
lexical/mixed,65536,4,512,0.051244291,9991,654793565,14.000000,1480.000000
lexical/mixed,65536,5,512,0.051302791,9980,654046911,14.000000,1480.000000
lexical/mixed,65536,6,512,0.051238708,9992,654864912,14.000000,1480.000000
lexical/lookup,1048576,0,64,0.067906166,942,988258769,5.000000,504.000000
lexical/lookup,1048576,1,64,0.067896958,943,988392794,5.000000,504.000000
lexical/lookup,1048576,2,64,0.067985084,941,987111585,5.000000,504.000000
lexical/lookup,1048576,3,64,0.067864250,943,988869162,5.000000,504.000000
lexical/lookup,1048576,4,64,0.067877000,943,988683413,5.000000,504.000000
lexical/lookup,1048576,5,64,0.067868000,943,988814522,5.000000,504.000000
lexical/lookup,1048576,6,64,0.067902708,943,988309097,5.000000,504.000000
lexical/repeated_binding,1048576,0,64,0.067923708,942,988003541,5.000000,504.000000
lexical/repeated_binding,1048576,1,64,0.067939750,942,987770252,5.000000,504.000000
lexical/repeated_binding,1048576,2,64,0.067881125,943,988623332,5.000000,504.000000
lexical/repeated_binding,1048576,3,64,0.067876875,943,988685233,5.000000,504.000000
lexical/repeated_binding,1048576,4,64,0.067825125,944,989439592,5.000000,504.000000
lexical/repeated_binding,1048576,5,64,0.067712500,945,991085309,5.000000,504.000000
lexical/repeated_binding,1048576,6,64,0.067763291,944,990342455,5.000000,504.000000
lexical/retained_sequence,1048576,0,64,0.067923667,942,988004137,7.000000,648.000000
lexical/retained_sequence,1048576,1,64,0.068226542,938,983618135,7.000000,648.000000
lexical/retained_sequence,1048576,2,64,0.067771625,944,990220671,7.000000,648.000000
lexical/retained_sequence,1048576,3,64,0.067955959,942,987534647,7.000000,648.000000
lexical/retained_sequence,1048576,4,64,0.067924791,942,987987788,7.000000,648.000000
lexical/retained_sequence,1048576,5,64,0.067932458,942,987876281,7.000000,648.000000
lexical/retained_sequence,1048576,6,64,0.067847875,943,989107824,7.000000,648.000000
lexical/closure_call,1048576,0,32,0.050662042,632,662318980,8.000000,768.000000
lexical/closure_call,1048576,1,32,0.050667792,632,662243818,8.000000,768.000000
lexical/closure_call,1048576,2,32,0.050603833,632,663080838,8.000000,768.000000
lexical/closure_call,1048576,3,32,0.050789791,630,660653083,8.000000,768.000000
lexical/closure_call,1048576,4,32,0.050578000,633,663419510,8.000000,768.000000
lexical/closure_call,1048576,5,32,0.050667833,632,662243282,8.000000,768.000000
lexical/closure_call,1048576,6,32,0.050607125,632,663037705,8.000000,768.000000
lexical/escaped_closure,1048576,0,32,0.050704750,631,661761117,11.000000,1032.000000
lexical/escaped_closure,1048576,1,32,0.050603875,632,663080288,11.000000,1032.000000
lexical/escaped_closure,1048576,2,32,0.050673083,631,662174670,11.000000,1032.000000
lexical/escaped_closure,1048576,3,32,0.050602000,632,663104858,11.000000,1032.000000
lexical/escaped_closure,1048576,4,32,0.050635750,632,662662881,11.000000,1032.000000
lexical/escaped_closure,1048576,5,32,0.050627542,632,662770316,11.000000,1032.000000
lexical/escaped_closure,1048576,6,32,0.050830750,630,660120734,11.000000,1032.000000
lexical/mixed,1048576,0,32,0.050674166,631,662160518,14.000000,1480.000000
lexical/mixed,1048576,1,32,0.050634792,632,662675419,14.000000,1480.000000
lexical/mixed,1048576,2,32,0.050732250,631,661402402,14.000000,1480.000000
lexical/mixed,1048576,3,32,0.050635458,632,662666703,14.000000,1480.000000
lexical/mixed,1048576,4,32,0.050656708,632,662388721,14.000000,1480.000000
lexical/mixed,1048576,5,32,0.050683917,631,662033126,14.000000,1480.000000
lexical/mixed,1048576,6,32,0.050636250,632,662656338,14.000000,1480.000000
lexical/mapped_calls,106,0,27296,0.050024292,545655,57839419,25.000000,2392.000000
lexical/mapped_calls,106,1,27712,0.050011958,554107,58735393,25.000000,2392.000000
lexical/mapped_calls,106,2,27904,0.050018750,557871,59134305,25.000000,2392.000000
lexical/mapped_calls,106,3,28000,0.050007958,559911,59350554,25.000000,2392.000000
lexical/mapped_calls,106,4,28000,0.050027000,559698,59327963,25.000000,2392.000000
lexical/mapped_calls,106,5,27648,0.050046125,552450,58559739,25.000000,2392.000000
lexical/mapped_calls,106,6,27520,0.050018958,550191,58320287,25.000000,2392.000000
lexical/repeated_projection,106,0,50816,0.050012542,1016065,107702904,8.000000,840.000000
lexical/repeated_projection,106,1,50752,0.050000083,1015038,107594061,8.000000,840.000000
lexical/repeated_projection,106,2,50816,0.050009334,1016130,107709813,8.000000,840.000000
lexical/repeated_projection,106,3,50944,0.050028542,1018299,107939664,8.000000,840.000000
lexical/repeated_projection,106,4,50784,0.050010375,1015469,107639745,8.000000,840.000000
lexical/repeated_projection,106,5,50592,0.050028792,1011258,107193314,8.000000,840.000000
lexical/repeated_projection,106,6,50624,0.050009291,1012292,107302941,8.000000,840.000000
lexical/mapped_calls,1692,0,2208,0.050610542,43627,73817348,269.000000,30232.000000
lexical/mapped_calls,1692,1,2208,0.050099916,44072,74569706,269.000000,30232.000000
lexical/mapped_calls,1692,2,2240,0.050557292,44306,74966041,269.000000,30232.000000
lexical/mapped_calls,1692,3,2176,0.050025666,43498,73598061,269.000000,30232.000000
lexical/mapped_calls,1692,4,2176,0.050081000,43450,73516743,269.000000,30232.000000
lexical/mapped_calls,1692,5,2208,0.050673916,43573,73725030,269.000000,30232.000000
lexical/mapped_calls,1692,6,2208,0.050235375,43953,74368630,269.000000,30232.000000
lexical/repeated_projection,1692,0,4448,0.050134084,88722,150117752,12.000000,6600.000000
lexical/repeated_projection,1692,1,4352,0.050186542,86716,146724275,12.000000,6600.000000
lexical/repeated_projection,1692,2,4320,0.050055042,86305,146028046,12.000000,6600.000000
lexical/repeated_projection,1692,3,4384,0.050330875,87104,147379278,12.000000,6600.000000
lexical/repeated_projection,1692,4,4384,0.050007334,87667,148332803,12.000000,6600.000000
lexical/repeated_projection,1692,5,4384,0.050176042,87372,147834060,12.000000,6600.000000
lexical/repeated_projection,1692,6,4384,0.050035708,87617,148248687,12.000000,6600.000000
lexical/mapped_calls,14260,0,288,0.052181584,5519,78703628,2064.000000,238104.000000
lexical/mapped_calls,14260,1,288,0.051276750,5617,80092440,2064.000000,238104.000000
lexical/mapped_calls,14260,2,288,0.051058708,5641,80434468,2064.000000,238104.000000
lexical/mapped_calls,14260,3,288,0.050894042,5659,80694711,2064.000000,238104.000000
lexical/mapped_calls,14260,4,288,0.050960833,5651,80588950,2064.000000,238104.000000
lexical/mapped_calls,14260,5,288,0.051234417,5621,80158617,2064.000000,238104.000000
lexical/mapped_calls,14260,6,288,0.050784834,5671,80868237,2064.000000,238104.000000
lexical/repeated_projection,14260,0,576,0.051267292,11235,160214431,15.000000,49608.000000
lexical/repeated_projection,14260,1,576,0.050841959,11329,161554750,15.000000,49608.000000
lexical/repeated_projection,14260,2,576,0.050785666,11342,161733825,15.000000,49608.000000
lexical/repeated_projection,14260,3,576,0.050873250,11322,161455382,15.000000,49608.000000
lexical/repeated_projection,14260,4,576,0.050883542,11320,161422725,15.000000,49608.000000
lexical/repeated_projection,14260,5,576,0.050923291,11311,161296724,15.000000,49608.000000
lexical/repeated_projection,14260,6,576,0.051147833,11261,160588622,15.000000,49608.000000
lexical/mapped_calls,251044,0,32,0.091501917,350,87794969,32788.000000,3801624.000000
lexical/mapped_calls,251044,1,32,0.091578375,349,87721670,32788.000000,3801624.000000
lexical/mapped_calls,251044,2,32,0.090976375,352,88302133,32788.000000,3801624.000000
lexical/mapped_calls,251044,3,32,0.092081459,348,87242406,32788.000000,3801624.000000
lexical/mapped_calls,251044,4,32,0.091244917,351,88042252,32788.000000,3801624.000000
lexical/mapped_calls,251044,5,32,0.090732792,353,88539191,32788.000000,3801624.000000
lexical/mapped_calls,251044,6,32,0.090295042,354,88968429,32788.000000,3801624.000000
lexical/repeated_projection,251044,0,64,0.091462167,700,175666251,19.000000,786888.000000
lexical/repeated_projection,251044,1,64,0.093703959,683,171463577,19.000000,786888.000000
lexical/repeated_projection,251044,2,64,0.093778500,682,171327287,19.000000,786888.000000
lexical/repeated_projection,251044,3,64,0.090826750,705,176895199,19.000000,786888.000000
lexical/repeated_projection,251044,4,64,0.090215417,709,178093906,19.000000,786888.000000
lexical/repeated_projection,251044,5,64,0.092234542,694,174195216,19.000000,786888.000000
lexical/repeated_projection,251044,6,64,0.093156709,687,172470842,19.000000,786888.000000
lexical/nested_retention,1036,0,3264,0.050408417,64751,67082130,10.000000,1992.000000
lexical/nested_retention,1036,1,3264,0.050039958,65228,67576076,10.000000,1992.000000
lexical/nested_retention,1036,2,3264,0.050182083,65043,67384688,10.000000,1992.000000
lexical/nested_retention,1036,3,3296,0.050218833,65633,67995527,10.000000,1992.000000
lexical/nested_retention,1036,4,3264,0.050132750,65107,67450998,10.000000,1992.000000
lexical/nested_retention,1036,5,3296,0.050487417,65284,67633803,10.000000,1992.000000
lexical/nested_retention,1036,6,3296,0.050321916,65498,67856240,10.000000,1992.000000
lexical/nested_retention,16396,0,224,0.051485458,4351,71334784,14.000000,25032.000000
lexical/nested_retention,16396,1,224,0.052211083,4290,70343379,14.000000,25032.000000
lexical/nested_retention,16396,2,224,0.052225708,4289,70323680,14.000000,25032.000000
lexical/nested_retention,16396,3,224,0.051882625,4317,70788708,14.000000,25032.000000
lexical/nested_retention,16396,4,224,0.051782125,4326,70926097,14.000000,25032.000000
lexical/nested_retention,16396,5,224,0.051851167,4320,70831656,14.000000,25032.000000
lexical/nested_retention,16396,6,224,0.051863750,4319,70814471,14.000000,25032.000000
lexical/nested_retention,1048588,0,32,0.470514958,68,71315089,20.000000,1573320.000000
lexical/nested_retention,1048588,1,32,0.469833041,68,71418596,20.000000,1573320.000000
lexical/nested_retention,1048588,2,32,0.471071459,68,71230841,20.000000,1573320.000000
lexical/nested_retention,1048588,3,32,0.469759166,68,71429827,20.000000,1573320.000000
lexical/nested_retention,1048588,4,32,0.468920667,68,71557554,20.000000,1573320.000000
lexical/nested_retention,1048588,5,32,0.469010875,68,71543791,20.000000,1573320.000000
lexical/nested_retention,1048588,6,32,0.467516959,68,71772404,20.000000,1573320.000000
compile/nested_fallback,0,0,17792,0.050064375,355382,0,113.000000,7921.000000
compile/nested_fallback,0,1,17664,0.050037500,353015,0,113.000000,7921.000000
compile/nested_fallback,0,2,17664,0.050008000,353223,0,113.000000,7921.000000
compile/nested_fallback,0,3,17696,0.050008375,353861,0,113.000000,7921.000000
compile/nested_fallback,0,4,17728,0.050079208,353999,0,113.000000,7921.000000
compile/nested_fallback,0,5,17664,0.050043584,352972,0,113.000000,7921.000000
compile/nested_fallback,0,6,17728,0.050059458,354139,0,113.000000,7921.000000
compile/navigation,0,0,30720,0.050029125,614042,0,52.000000,4367.000000
compile/navigation,0,1,31008,0.050048625,619557,0,52.000000,4367.000000
compile/navigation,0,2,31008,0.050010333,620032,0,52.000000,4367.000000
compile/navigation,0,3,30976,0.050041875,619002,0,52.000000,4367.000000
compile/navigation,0,4,31040,0.050027291,620461,0,52.000000,4367.000000
compile/navigation,0,5,31008,0.050004791,620101,0,52.000000,4367.000000
compile/navigation,0,6,30752,0.050018416,614814,0,52.000000,4367.000000
navigation/keep,100,0,93312,0.050009625,1865881,186588082,2.000000,144.000000
navigation/keep,100,1,93440,0.050014125,1868272,186827221,2.000000,144.000000
navigation/keep,100,2,93472,0.050009916,1869069,186906933,2.000000,144.000000
navigation/keep,100,3,93120,0.050015542,1861821,186182127,2.000000,144.000000
navigation/keep,100,4,92608,0.050014083,1851638,185163847,2.000000,144.000000
navigation/keep,100,5,93280,0.050005875,1865381,186538082,2.000000,144.000000
navigation/keep,100,6,93120,0.050003500,1862270,186226964,2.000000,144.000000
navigation/wildcard,100,0,54912,0.050021000,1097779,109777893,8.000000,1072.000000
navigation/wildcard,100,1,55264,0.050024875,1104730,110473040,8.000000,1072.000000
navigation/wildcard,100,2,56320,0.050002916,1126334,112633431,8.000000,1072.000000
navigation/wildcard,100,3,56608,0.050006583,1132011,113201096,8.000000,1072.000000
navigation/wildcard,100,4,57152,0.050024250,1142486,114248589,8.000000,1072.000000
navigation/wildcard,100,5,56704,0.050010375,1133845,113384473,8.000000,1072.000000
navigation/wildcard,100,6,55392,0.050022750,1107336,110733616,8.000000,1072.000000
navigation/descendants,100,0,38720,0.050003500,774346,77434580,8.000000,1072.000000
navigation/descendants,100,1,38880,0.050019417,777298,77729814,8.000000,1072.000000
navigation/descendants,100,2,39104,0.050003583,782024,78202396,8.000000,1072.000000
navigation/descendants,100,3,39232,0.050031917,784139,78413945,8.000000,1072.000000
navigation/descendants,100,4,39232,0.050028041,784200,78420020,8.000000,1072.000000
navigation/descendants,100,5,39200,0.050005584,783912,78391245,8.000000,1072.000000
navigation/descendants,100,6,39104,0.050037500,781494,78149388,8.000000,1072.000000
navigation/ordering,100,0,76576,0.050005958,1531338,153133753,6.000000,320.000000
navigation/ordering,100,1,76608,0.050003333,1532058,153205787,6.000000,320.000000
navigation/ordering,100,2,76896,0.050007709,1537683,153768292,6.000000,320.000000
navigation/ordering,100,3,77504,0.050005333,1549915,154991469,6.000000,320.000000
navigation/ordering,100,4,77280,0.050000792,1545576,154557552,6.000000,320.000000
navigation/ordering,100,5,77472,0.050018500,1548867,154886692,6.000000,320.000000
navigation/ordering,100,6,77696,0.050010292,1553600,155360021,6.000000,320.000000
navigation/grouping,100,0,65312,0.050010750,1305959,130595922,11.000000,824.000000
navigation/grouping,100,1,64448,0.050015000,1288573,128857343,11.000000,824.000000
navigation/grouping,100,2,64256,0.050001500,1285081,128508145,11.000000,824.000000
navigation/grouping,100,3,65152,0.050002083,1302986,130298572,11.000000,824.000000
navigation/grouping,100,4,65408,0.050008459,1307939,130793872,11.000000,824.000000
navigation/grouping,100,5,65376,0.050004041,1307414,130741433,11.000000,824.000000
navigation/grouping,100,6,65344,0.050019584,1306368,130636832,11.000000,824.000000
navigation/membership,100,0,81088,0.050010750,1621411,162141140,2.000000,32.000000
navigation/membership,100,1,81152,0.050011875,1622655,162265462,2.000000,32.000000
navigation/membership,100,2,81056,0.050015292,1620624,162062435,2.000000,32.000000
navigation/membership,100,3,80736,0.050007583,1614475,161447515,2.000000,32.000000
navigation/membership,100,4,80896,0.050009667,1617607,161760725,2.000000,32.000000
navigation/membership,100,5,80992,0.050018500,1619241,161924088,2.000000,32.000000
navigation/membership,100,6,80192,0.050015250,1603351,160335098,2.000000,32.000000
navigation/fallback,100,0,150208,0.050001708,3004057,300405738,0.000000,0.000000
navigation/fallback,100,1,150880,0.050004083,3017354,301735360,0.000000,0.000000
navigation/fallback,100,2,150432,0.050007625,3008181,300818125,0.000000,0.000000
navigation/fallback,100,3,150528,0.050003834,3010329,301032917,0.000000,0.000000
navigation/fallback,100,4,150592,0.050001042,3011777,301177723,0.000000,0.000000
navigation/fallback,100,5,150912,0.050001209,3018167,301816702,0.000000,0.000000
navigation/fallback,100,6,151328,0.050004791,3026270,302627002,0.000000,0.000000
navigation/mixed,100,0,56768,0.050012792,1135070,113506960,11.000000,968.000000
navigation/mixed,100,1,57568,0.050018416,1150936,115093609,11.000000,968.000000
navigation/mixed,100,2,57728,0.050011375,1154297,115429740,11.000000,968.000000
navigation/mixed,100,3,57376,0.050017500,1147119,114711851,11.000000,968.000000
navigation/mixed,100,4,57408,0.050027750,1147523,114752312,11.000000,968.000000
navigation/mixed,100,5,57152,0.050017833,1142632,114263247,11.000000,968.000000
navigation/mixed,100,6,57600,0.050018667,1151570,115157007,11.000000,968.000000
navigation/keep,500,0,52000,0.050028208,1039414,519706802,2.000000,144.000000
navigation/keep,500,1,52000,0.050025458,1039471,519735372,2.000000,144.000000
navigation/keep,500,2,52192,0.050023833,1043343,521671340,2.000000,144.000000
navigation/keep,500,3,52160,0.050025833,1042661,521330649,2.000000,144.000000
navigation/keep,500,4,51840,0.050014875,1036492,518245822,2.000000,144.000000
navigation/keep,500,5,52160,0.050000000,1043200,521600000,2.000000,144.000000
navigation/keep,500,6,51808,0.050000708,1036145,518072664,2.000000,144.000000
navigation/wildcard,500,0,37632,0.050006334,752545,376272334,8.000000,1072.000000
navigation/wildcard,500,1,37792,0.050025292,755458,377728930,8.000000,1072.000000
navigation/wildcard,500,2,37728,0.050009791,754412,377206135,8.000000,1072.000000
navigation/wildcard,500,3,37952,0.050026334,758640,379320220,8.000000,1072.000000
navigation/wildcard,500,4,38048,0.050001125,760943,380471439,8.000000,1072.000000
navigation/wildcard,500,5,38336,0.050010208,766563,383281749,8.000000,1072.000000
navigation/wildcard,500,6,38240,0.050034209,764277,382138548,8.000000,1072.000000
navigation/descendants,500,0,23872,0.050040917,477050,238524806,8.000000,1072.000000
navigation/descendants,500,1,23904,0.050031500,477779,238889500,8.000000,1072.000000
navigation/descendants,500,2,23680,0.050047459,473151,236575447,8.000000,1072.000000
navigation/descendants,500,3,23680,0.050064917,472986,236492952,8.000000,1072.000000
navigation/descendants,500,4,23584,0.050030583,471392,235695834,8.000000,1072.000000
navigation/descendants,500,5,23680,0.050029500,473321,236660370,8.000000,1072.000000
navigation/descendants,500,6,23616,0.050021375,472118,236059085,8.000000,1072.000000
navigation/ordering,500,0,46336,0.050023625,926282,463141166,6.000000,320.000000
navigation/ordering,500,1,46432,0.050024292,928189,464094524,6.000000,320.000000
navigation/ordering,500,2,46368,0.050019250,927003,463501552,6.000000,320.000000
navigation/ordering,500,3,46272,0.050029250,924899,462449467,6.000000,320.000000
navigation/ordering,500,4,46560,0.050024917,930736,465368088,6.000000,320.000000
navigation/ordering,500,5,46432,0.050026875,928141,464070562,6.000000,320.000000
navigation/ordering,500,6,46464,0.050017500,928955,464477433,6.000000,320.000000
navigation/grouping,500,0,41248,0.050029667,824471,412235404,11.000000,824.000000
navigation/grouping,500,1,41728,0.050029333,834071,417035342,11.000000,824.000000
navigation/grouping,500,2,41760,0.050003750,835137,417568682,11.000000,824.000000
navigation/grouping,500,3,41792,0.050005167,835754,417876817,11.000000,824.000000
navigation/grouping,500,4,41696,0.050034042,833353,416676310,11.000000,824.000000
navigation/grouping,500,5,41376,0.050010166,827352,413675891,11.000000,824.000000
navigation/grouping,500,6,41792,0.050027292,835384,417692007,11.000000,824.000000
navigation/membership,500,0,47936,0.050010041,958528,479263754,2.000000,32.000000
navigation/membership,500,1,48064,0.050003250,961218,480608760,2.000000,32.000000
navigation/membership,500,2,47552,0.050018084,950696,475348076,2.000000,32.000000
navigation/membership,500,3,47584,0.050028375,951140,475570114,2.000000,32.000000
navigation/membership,500,4,47392,0.050010625,947639,473819313,2.000000,32.000000
navigation/membership,500,5,47456,0.050002625,949070,474535087,2.000000,32.000000
navigation/membership,500,6,47712,0.050021458,953831,476915327,2.000000,32.000000
navigation/fallback,500,0,51008,0.050010417,1019948,509973752,0.000000,0.000000
navigation/fallback,500,1,51488,0.050017792,1029394,514696850,0.000000,0.000000
navigation/fallback,500,2,51424,0.050029083,1027882,513941061,0.000000,0.000000
navigation/fallback,500,3,51584,0.050021958,1031227,515613563,0.000000,0.000000
navigation/fallback,500,4,51392,0.050024208,1027343,513671301,0.000000,0.000000
navigation/fallback,500,5,51552,0.050003666,1030964,515482205,0.000000,0.000000
navigation/fallback,500,6,51456,0.050009958,1028915,514457541,0.000000,0.000000
navigation/mixed,500,0,38464,0.050014209,769061,384530724,11.000000,968.000000
navigation/mixed,500,1,38272,0.050013417,765235,382617328,11.000000,968.000000
navigation/mixed,500,2,38112,0.050006375,762143,381071413,11.000000,968.000000
navigation/mixed,500,3,37856,0.050037708,756549,378274720,11.000000,968.000000
navigation/mixed,500,4,38016,0.050025334,759935,379967478,11.000000,968.000000
navigation/mixed,500,5,38080,0.050023500,761242,380621108,11.000000,968.000000
navigation/mixed,500,6,38144,0.050014333,762661,381330688,11.000000,968.000000
navigation/keep,1024,0,33408,0.050021375,667874,683903471,2.000000,144.000000
navigation/keep,1024,1,33504,0.050014875,669881,685957848,2.000000,144.000000
navigation/keep,1024,2,33472,0.050014709,669243,685304957,2.000000,144.000000
navigation/keep,1024,3,33536,0.050010084,670585,686678791,2.000000,144.000000
navigation/keep,1024,4,33408,0.050018084,667918,683948470,2.000000,144.000000
navigation/keep,1024,5,33536,0.050002584,670685,686781787,2.000000,144.000000
navigation/keep,1024,6,33408,0.050039792,667629,683651763,2.000000,144.000000
navigation/wildcard,1024,0,27168,0.050029709,543037,556070234,8.000000,1072.000000
navigation/wildcard,1024,1,27008,0.050030958,539826,552781580,8.000000,1072.000000
navigation/wildcard,1024,2,27072,0.050008333,541350,554342173,8.000000,1072.000000
navigation/wildcard,1024,3,27072,0.050003584,541401,554394821,8.000000,1072.000000
navigation/wildcard,1024,4,27072,0.050026209,541156,554144089,8.000000,1072.000000
navigation/wildcard,1024,5,27040,0.050032375,540450,553420860,8.000000,1072.000000
navigation/wildcard,1024,6,27008,0.050041000,539717,552670650,8.000000,1072.000000
navigation/descendants,1024,0,15680,0.050014750,313508,321031696,8.000000,1072.000000
navigation/descendants,1024,1,15776,0.050095042,314921,322479498,8.000000,1072.000000
navigation/descendants,1024,2,15680,0.050027208,313429,320951751,8.000000,1072.000000
navigation/descendants,1024,3,15744,0.050058959,314509,322057356,8.000000,1072.000000
navigation/descendants,1024,4,15744,0.050062375,314488,322035381,8.000000,1072.000000
navigation/descendants,1024,5,15744,0.050038291,314639,322190380,8.000000,1072.000000
navigation/descendants,1024,6,15680,0.050062917,313206,320722822,8.000000,1072.000000
navigation/ordering,1024,0,31168,0.050028666,623003,637954888,6.000000,320.000000
navigation/ordering,1024,1,31136,0.050035709,622276,637210197,6.000000,320.000000
navigation/ordering,1024,2,31232,0.050050333,624012,638988116,6.000000,320.000000
navigation/ordering,1024,3,31200,0.050034625,623568,638533815,6.000000,320.000000
navigation/ordering,1024,4,31264,0.050050708,624647,639638025,6.000000,320.000000
navigation/ordering,1024,5,31200,0.050046958,623415,638376462,6.000000,320.000000
navigation/ordering,1024,6,31104,0.050045875,621510,636425999,6.000000,320.000000
navigation/grouping,1024,0,28672,0.050037084,573015,586767366,11.000000,824.000000
navigation/grouping,1024,1,28800,0.050025917,575702,589518429,11.000000,824.000000
navigation/grouping,1024,2,28864,0.050049500,576709,590550075,11.000000,824.000000
navigation/grouping,1024,3,28864,0.050010583,577158,591009627,11.000000,824.000000
navigation/grouping,1024,4,28800,0.050050792,575415,589225441,11.000000,824.000000
navigation/grouping,1024,5,28896,0.050056083,577272,591127036,11.000000,824.000000
navigation/grouping,1024,6,28864,0.050015375,577103,590953002,11.000000,824.000000
navigation/membership,1024,0,31616,0.050048166,631711,646872535,2.000000,32.000000
navigation/membership,1024,1,31616,0.050030083,631940,647106342,2.000000,32.000000
navigation/membership,1024,2,31808,0.050047958,635550,650803615,2.000000,32.000000
navigation/membership,1024,3,31616,0.050019208,632077,647247034,2.000000,32.000000
navigation/membership,1024,4,31616,0.050045541,631745,646906465,2.000000,32.000000
navigation/membership,1024,5,31584,0.050045250,631109,646255459,2.000000,32.000000
navigation/membership,1024,6,31584,0.050018208,631450,646604852,2.000000,32.000000
navigation/fallback,1024,0,28128,0.050010208,562445,575943855,0.000000,0.000000
navigation/fallback,1024,1,28256,0.050025625,564831,578386457,0.000000,0.000000
navigation/fallback,1024,2,28224,0.050044042,563983,577518818,0.000000,0.000000
navigation/fallback,1024,3,28320,0.050016708,566211,579799854,0.000000,0.000000
navigation/fallback,1024,4,28032,0.050053917,560036,573476957,0.000000,0.000000
navigation/fallback,1024,5,28128,0.050005541,562498,575997608,0.000000,0.000000
navigation/fallback,1024,6,28192,0.050015583,563664,577192272,0.000000,0.000000
navigation/mixed,1024,0,27072,0.050003333,541404,554397604,11.000000,968.000000
navigation/mixed,1024,1,27136,0.050037791,542310,555325554,11.000000,968.000000
navigation/mixed,1024,2,27232,0.050005792,544577,557646762,11.000000,968.000000
navigation/mixed,1024,3,27360,0.050009292,547098,560228687,11.000000,968.000000
navigation/mixed,1024,4,27360,0.050056625,546581,559698941,11.000000,968.000000
navigation/mixed,1024,5,27328,0.050000625,546553,559670444,11.000000,968.000000
navigation/mixed,1024,6,27392,0.050023708,547580,560722288,11.000000,968.000000
navigation/keep,10240,0,4608,0.050062625,92045,942537871,2.000000,144.000000
navigation/keep,10240,1,4608,0.050197583,91797,940003824,2.000000,144.000000
navigation/keep,10240,2,4576,0.050006167,91509,937049224,2.000000,144.000000
navigation/keep,10240,3,4608,0.050139209,91904,941098213,2.000000,144.000000
navigation/keep,10240,4,4608,0.050133291,91915,941209305,2.000000,144.000000
navigation/keep,10240,5,4608,0.050279042,91649,938480888,2.000000,144.000000
navigation/keep,10240,6,4608,0.050166625,91854,940583904,2.000000,144.000000
navigation/wildcard,10240,0,4448,0.050010709,88941,910755334,8.000000,1072.000000
navigation/wildcard,10240,1,4480,0.050244958,89163,913030915,8.000000,1072.000000
navigation/wildcard,10240,2,4480,0.050221500,89205,913457384,8.000000,1072.000000
navigation/wildcard,10240,3,4448,0.050004625,88952,910866145,8.000000,1072.000000
navigation/wildcard,10240,4,4480,0.050195584,89251,913929002,8.000000,1072.000000
navigation/wildcard,10240,5,4448,0.050179083,88643,907699330,8.000000,1072.000000
navigation/wildcard,10240,6,4480,0.050104959,89412,915582029,8.000000,1072.000000
navigation/descendants,10240,0,2336,0.050608875,46158,472657019,8.000000,1072.000000
navigation/descendants,10240,1,2336,0.050631000,46138,472450475,8.000000,1072.000000
navigation/descendants,10240,2,2304,0.050175083,45919,470212675,8.000000,1072.000000
navigation/descendants,10240,3,2336,0.050645709,46124,472313262,8.000000,1072.000000
navigation/descendants,10240,4,2336,0.050629458,46139,472464864,8.000000,1072.000000
navigation/descendants,10240,5,2336,0.050662083,46109,472160610,8.000000,1072.000000
navigation/descendants,10240,6,2304,0.050271542,45831,469310450,8.000000,1072.000000
navigation/ordering,10240,0,4576,0.050233667,91094,932805483,6.000000,320.000000
navigation/ordering,10240,1,4576,0.050293125,90987,931702693,6.000000,320.000000
navigation/ordering,10240,2,4576,0.050125625,91291,934816075,6.000000,320.000000
navigation/ordering,10240,3,4576,0.050298334,90977,931606204,6.000000,320.000000
navigation/ordering,10240,4,4576,0.050110083,91319,935106014,6.000000,320.000000
navigation/ordering,10240,5,4576,0.050288500,90995,931788381,6.000000,320.000000
navigation/ordering,10240,6,4576,0.050171291,91208,933965203,6.000000,320.000000
navigation/grouping,10240,0,4512,0.050142791,89983,921426173,11.000000,824.000000
navigation/grouping,10240,1,4512,0.050116166,90031,921915695,11.000000,824.000000
navigation/grouping,10240,2,4512,0.050148500,89973,921321276,11.000000,824.000000
navigation/grouping,10240,3,4512,0.050079667,90096,922587604,11.000000,824.000000
navigation/grouping,10240,4,4512,0.050217000,89850,920064520,11.000000,824.000000
navigation/grouping,10240,5,4512,0.050165709,89942,921005223,11.000000,824.000000
navigation/grouping,10240,6,4512,0.050196667,89886,920437208,11.000000,824.000000
navigation/membership,10240,0,4576,0.050106042,91326,935181430,2.000000,32.000000
navigation/membership,10240,1,4576,0.050128958,91285,934753920,2.000000,32.000000
navigation/membership,10240,2,4576,0.050084459,91366,935584429,2.000000,32.000000
navigation/membership,10240,3,4576,0.050137250,91269,934599325,2.000000,32.000000
navigation/membership,10240,4,4576,0.050104375,91329,935212544,2.000000,32.000000
navigation/membership,10240,5,4576,0.050190416,91173,933609317,2.000000,32.000000
navigation/membership,10240,6,4576,0.050136500,91271,934613306,2.000000,32.000000
navigation/fallback,10240,0,3200,0.050430833,63453,649761228,0.000000,0.000000
navigation/fallback,10240,1,3200,0.050284750,63638,651648860,0.000000,0.000000
navigation/fallback,10240,2,3200,0.050328000,63583,651088857,0.000000,0.000000
navigation/fallback,10240,3,3168,0.050491833,62743,642486479,0.000000,0.000000
navigation/fallback,10240,4,3200,0.050382792,63514,650380789,0.000000,0.000000
navigation/fallback,10240,5,3200,0.050291083,63630,651566800,0.000000,0.000000
navigation/fallback,10240,6,3168,0.050363875,62902,644118825,0.000000,0.000000
navigation/mixed,10240,0,4480,0.050134375,89360,915044817,11.000000,968.000000
navigation/mixed,10240,1,4480,0.050071792,89472,916188500,11.000000,968.000000
navigation/mixed,10240,2,4480,0.050141250,89348,914919353,11.000000,968.000000
navigation/mixed,10240,3,4480,0.050124042,89378,915233452,11.000000,968.000000
navigation/mixed,10240,4,4448,0.050011250,88940,910745482,11.000000,968.000000
navigation/mixed,10240,5,4480,0.050207333,89230,913715134,11.000000,968.000000
navigation/mixed,10240,6,4480,0.050133375,89362,915063069,11.000000,968.000000
navigation/keep,65536,0,768,0.051278000,14977,981544678,2.000000,144.000000
navigation/keep,65536,1,768,0.051301000,14970,981104618,2.000000,144.000000
navigation/keep,65536,2,768,0.051391417,14944,979378483,2.000000,144.000000
navigation/keep,65536,3,768,0.051356791,14954,980038803,2.000000,144.000000
navigation/keep,65536,4,768,0.051344209,14958,980278964,2.000000,144.000000
navigation/keep,65536,5,768,0.051359375,14953,979989496,2.000000,144.000000
navigation/keep,65536,6,768,0.051284625,14975,981417881,2.000000,144.000000
navigation/wildcard,65536,0,768,0.051685958,14859,973797332,8.000000,1072.000000
navigation/wildcard,65536,1,768,0.051614417,14880,975147080,8.000000,1072.000000
navigation/wildcard,65536,2,768,0.051599750,14884,975424261,8.000000,1072.000000
navigation/wildcard,65536,3,768,0.051660250,14866,974281929,8.000000,1072.000000
navigation/wildcard,65536,4,768,0.051696167,14856,973605026,8.000000,1072.000000
navigation/wildcard,65536,5,768,0.051788458,14830,971869987,8.000000,1072.000000
navigation/wildcard,65536,6,768,0.051527292,14905,976795908,8.000000,1072.000000
navigation/descendants,65536,0,384,0.050933834,7539,494088546,8.000000,1072.000000
navigation/descendants,65536,1,384,0.050897750,7545,494438831,8.000000,1072.000000
navigation/descendants,65536,2,384,0.050907916,7543,494340094,8.000000,1072.000000
navigation/descendants,65536,3,384,0.051035875,7524,493100667,8.000000,1072.000000
navigation/descendants,65536,4,384,0.050917583,7542,494246241,8.000000,1072.000000
navigation/descendants,65536,5,384,0.050929541,7540,494130194,8.000000,1072.000000
navigation/descendants,65536,6,384,0.050916667,7542,494255133,8.000000,1072.000000
navigation/ordering,65536,0,768,0.051320459,14965,980732616,6.000000,320.000000
navigation/ordering,65536,1,768,0.051449125,14927,978279961,6.000000,320.000000
navigation/ordering,65536,2,768,0.051439958,14930,978454298,6.000000,320.000000
navigation/ordering,65536,3,768,0.051377833,14948,979637425,6.000000,320.000000
navigation/ordering,65536,4,768,0.051408208,14939,979058597,6.000000,320.000000
navigation/ordering,65536,5,768,0.051445875,14928,978341762,6.000000,320.000000
navigation/ordering,65536,6,768,0.051330375,14962,980543158,6.000000,320.000000
navigation/grouping,65536,0,768,0.051545084,14900,976458744,11.000000,824.000000
navigation/grouping,65536,1,768,0.051489791,14916,977507328,11.000000,824.000000
navigation/grouping,65536,2,768,0.051525416,14905,976831473,11.000000,824.000000
navigation/grouping,65536,3,768,0.051539083,14901,976572439,11.000000,824.000000
navigation/grouping,65536,4,768,0.051449125,14927,978279961,11.000000,824.000000
navigation/grouping,65536,5,768,0.051490959,14915,977485154,11.000000,824.000000
navigation/grouping,65536,6,768,0.051567333,14893,976037446,11.000000,824.000000
navigation/membership,65536,0,768,0.051481292,14918,977668703,2.000000,32.000000
navigation/membership,65536,1,768,0.051489875,14916,977505733,2.000000,32.000000
navigation/membership,65536,2,768,0.051401167,14941,979192710,2.000000,32.000000
navigation/membership,65536,3,768,0.051506334,14911,977193368,2.000000,32.000000
navigation/membership,65536,4,768,0.051325000,14963,980645845,2.000000,32.000000
navigation/membership,65536,5,768,0.051411792,14938,978990345,2.000000,32.000000
navigation/membership,65536,6,768,0.051371125,14950,979765345,2.000000,32.000000
navigation/fallback,65536,0,512,0.050846208,10070,659920048,0.000000,0.000000
navigation/fallback,65536,1,512,0.050717542,10095,661594207,0.000000,0.000000
navigation/fallback,65536,2,512,0.050778291,10083,660802704,0.000000,0.000000
navigation/fallback,65536,3,512,0.050717709,10095,661592029,0.000000,0.000000
navigation/fallback,65536,4,512,0.050825750,10074,660185674,0.000000,0.000000
navigation/fallback,65536,5,512,0.050763708,10086,660992534,0.000000,0.000000
navigation/fallback,65536,6,512,0.050793583,10080,660603762,0.000000,0.000000
navigation/mixed,65536,0,768,0.051649583,14869,974483143,11.000000,968.000000
navigation/mixed,65536,1,768,0.051586084,14888,975682667,11.000000,968.000000
navigation/mixed,65536,2,768,0.051515375,14908,977021870,11.000000,968.000000
navigation/mixed,65536,3,768,0.051613583,14880,975162836,11.000000,968.000000
navigation/mixed,65536,4,768,0.051506000,14911,977199705,11.000000,968.000000
navigation/mixed,65536,5,768,0.051635958,14873,974740277,11.000000,968.000000
navigation/mixed,65536,6,768,0.051518292,14907,976966550,11.000000,968.000000
navigation/keep,1048576,0,64,0.067942291,942,987733310,2.000000,144.000000
navigation/keep,1048576,1,64,0.067958208,942,987501966,2.000000,144.000000
navigation/keep,1048576,2,64,0.067869792,943,988788414,2.000000,144.000000
navigation/keep,1048576,3,64,0.067908000,942,988232079,2.000000,144.000000
navigation/keep,1048576,4,64,0.067932916,942,987869621,2.000000,144.000000
navigation/keep,1048576,5,64,0.067829459,944,989376371,2.000000,144.000000
navigation/keep,1048576,6,64,0.067974417,942,987266489,2.000000,144.000000
navigation/wildcard,1048576,0,64,0.067937084,942,987809015,8.000000,1072.000000
navigation/wildcard,1048576,1,64,0.067914875,942,988132040,8.000000,1072.000000
navigation/wildcard,1048576,2,64,0.067964541,942,987409950,8.000000,1072.000000
navigation/wildcard,1048576,3,64,0.067929375,942,987921117,8.000000,1072.000000
navigation/wildcard,1048576,4,64,0.067936833,942,987812664,8.000000,1072.000000
navigation/wildcard,1048576,5,64,0.067895458,943,988414630,8.000000,1072.000000
navigation/wildcard,1048576,6,64,0.067928917,942,987927778,8.000000,1072.000000
navigation/descendants,1048576,0,32,0.067458666,474,497407286,8.000000,1072.000000
navigation/descendants,1048576,1,32,0.067466833,474,497347074,8.000000,1072.000000
navigation/descendants,1048576,2,32,0.067374500,475,498028661,8.000000,1072.000000
navigation/descendants,1048576,3,32,0.067317708,475,498448818,8.000000,1072.000000
navigation/descendants,1048576,4,32,0.067398375,475,497852241,8.000000,1072.000000
navigation/descendants,1048576,5,32,0.067398667,475,497850084,8.000000,1072.000000
navigation/descendants,1048576,6,32,0.067387291,475,497934128,8.000000,1072.000000
navigation/ordering,1048576,0,64,0.067947000,942,987664856,6.000000,320.000000
navigation/ordering,1048576,1,64,0.068020709,941,986594597,6.000000,320.000000
navigation/ordering,1048576,2,64,0.067885458,943,988560230,6.000000,320.000000
navigation/ordering,1048576,3,64,0.067982250,941,987152735,6.000000,320.000000
navigation/ordering,1048576,4,64,0.067896042,943,988406128,6.000000,320.000000
navigation/ordering,1048576,5,64,0.067941375,942,987746627,6.000000,320.000000
navigation/ordering,1048576,6,64,0.067924916,942,987985970,6.000000,320.000000
navigation/grouping,1048576,0,64,0.067934958,942,987839928,11.000000,824.000000
navigation/grouping,1048576,1,64,0.068027500,941,986496108,11.000000,824.000000
navigation/grouping,1048576,2,64,0.067937541,942,987802370,11.000000,824.000000
navigation/grouping,1048576,3,64,0.067895333,943,988416450,11.000000,824.000000
navigation/grouping,1048576,4,64,0.067941167,942,987749651,11.000000,824.000000
navigation/grouping,1048576,5,64,0.067960709,942,987465625,11.000000,824.000000
navigation/grouping,1048576,6,64,0.067952042,942,987591572,11.000000,824.000000
navigation/membership,1048576,0,64,0.068045416,941,986236369,2.000000,32.000000
navigation/membership,1048576,1,64,0.067867167,943,988826659,2.000000,32.000000
navigation/membership,1048576,2,64,0.067932583,942,987874464,2.000000,32.000000
navigation/membership,1048576,3,64,0.067946875,942,987666673,2.000000,32.000000
navigation/membership,1048576,4,64,0.067898625,943,988368527,2.000000,32.000000
navigation/membership,1048576,5,64,0.067893083,943,988449206,2.000000,32.000000
navigation/membership,1048576,6,64,0.067953458,942,987570993,2.000000,32.000000
navigation/fallback,1048576,0,32,0.050615250,632,662931271,0.000000,0.000000
navigation/fallback,1048576,1,32,0.050688834,631,661968906,0.000000,0.000000
navigation/fallback,1048576,2,32,0.050649125,632,662487891,0.000000,0.000000
navigation/fallback,1048576,3,32,0.050626834,632,662779584,0.000000,0.000000
navigation/fallback,1048576,4,32,0.050619709,632,662872874,0.000000,0.000000
navigation/fallback,1048576,5,32,0.050614917,632,662935632,0.000000,0.000000
navigation/fallback,1048576,6,32,0.050605625,632,663057358,0.000000,0.000000
navigation/mixed,1048576,0,64,0.068051417,940,986149399,11.000000,968.000000
navigation/mixed,1048576,1,64,0.067975583,942,987249554,11.000000,968.000000
navigation/mixed,1048576,2,64,0.067850375,943,989071379,11.000000,968.000000
navigation/mixed,1048576,3,64,0.068138500,939,984889072,11.000000,968.000000
navigation/mixed,1048576,4,64,0.067957625,942,987510438,11.000000,968.000000
navigation/mixed,1048576,5,64,0.067935125,942,987837499,11.000000,968.000000
navigation/mixed,1048576,6,64,0.067986625,941,987089211,11.000000,968.000000
navigation/wide_sort,250,0,17472,0.050005417,349402,87350536,7.000000,752.000000
navigation/wide_sort,250,1,17696,0.050063917,353468,88367037,7.000000,752.000000
navigation/wide_sort,250,2,17856,0.050052250,356747,89186800,7.000000,752.000000
navigation/wide_sort,250,3,17856,0.050039166,356840,89210120,7.000000,752.000000
navigation/wide_sort,250,4,17952,0.050083042,358445,89611170,7.000000,752.000000
navigation/wide_sort,250,5,17600,0.050071791,351495,87873829,7.000000,752.000000
navigation/wide_sort,250,6,17696,0.050001833,353907,88476756,7.000000,752.000000
navigation/wide_group,250,0,23072,0.050036875,461100,115274985,10.000000,1016.000000
navigation/wide_group,250,1,23488,0.050048750,469302,117325608,10.000000,1016.000000
navigation/wide_group,250,2,23456,0.050046333,468686,117171422,10.000000,1016.000000
navigation/wide_group,250,3,23520,0.050064792,469791,117447806,10.000000,1016.000000
navigation/wide_group,250,4,23552,0.050030500,470753,117688210,10.000000,1016.000000
navigation/wide_group,250,5,23616,0.050038750,471954,117988559,10.000000,1016.000000
navigation/wide_group,250,6,23648,0.050023667,472736,118184059,10.000000,1016.000000
navigation/wide_descendants,250,0,13120,0.050075916,262002,65500549,20.000000,2680.000000
navigation/wide_descendants,250,1,12896,0.050075500,257531,64382782,20.000000,2680.000000
navigation/wide_descendants,250,2,12896,0.050028084,257775,64443803,20.000000,2680.000000
navigation/wide_descendants,250,3,13024,0.050118000,259867,64966679,20.000000,2680.000000
navigation/wide_descendants,250,4,13024,0.050041500,260264,65065995,20.000000,2680.000000
navigation/wide_descendants,250,5,13120,0.050092166,261917,65479301,20.000000,2680.000000
navigation/wide_descendants,250,6,13088,0.050089042,261295,65323669,20.000000,2680.000000
navigation/range,250,0,49664,0.050026750,992749,248187220,4.000000,360.000000
navigation/range,250,1,49056,0.050014042,980845,245211135,4.000000,360.000000
navigation/range,250,2,49696,0.050001250,993895,248473788,4.000000,360.000000
navigation/range,250,3,50144,0.050008417,1002711,250677801,4.000000,360.000000
navigation/range,250,4,50400,0.050016125,1007675,251918756,4.000000,360.000000
navigation/range,250,5,50464,0.050020458,1008867,252216803,4.000000,360.000000
navigation/range,250,6,50048,0.050015250,1000655,250163700,4.000000,360.000000
navigation/wide_sort,4144,0,672,0.050634500,13272,54997442,11.000000,11312.000000
navigation/wide_sort,4144,1,672,0.050134708,13404,55545711,11.000000,11312.000000
navigation/wide_sort,4144,2,672,0.050336083,13350,55323494,11.000000,11312.000000
navigation/wide_sort,4144,3,672,0.050443500,13322,55205686,11.000000,11312.000000
navigation/wide_sort,4144,4,672,0.050068292,13422,55619393,11.000000,11312.000000
navigation/wide_sort,4144,5,672,0.050065708,13422,55622263,11.000000,11312.000000
navigation/wide_sort,4144,6,672,0.050063334,13423,55624901,11.000000,11312.000000
navigation/wide_group,4144,0,1664,0.050660667,32846,136113802,18.000000,9656.000000
navigation/wide_group,4144,1,1664,0.050434125,32994,136725203,18.000000,9656.000000
navigation/wide_group,4144,2,1664,0.050309416,33075,137064123,18.000000,9656.000000
navigation/wide_group,4144,3,1632,0.050443750,32353,134070286,18.000000,9656.000000
navigation/wide_group,4144,4,1632,0.050114500,32565,134951122,18.000000,9656.000000
navigation/wide_group,4144,5,1664,0.050406542,33012,136800021,18.000000,9656.000000
navigation/wide_group,4144,6,1664,0.050319375,33069,137036996,18.000000,9656.000000
navigation/wide_descendants,4144,0,896,0.050511000,17739,73509216,260.000000,34840.000000
navigation/wide_descendants,4144,1,896,0.051039000,17555,72748761,260.000000,34840.000000
navigation/wide_descendants,4144,2,896,0.050440375,17764,73612141,260.000000,34840.000000
navigation/wide_descendants,4144,3,896,0.050064875,17897,74164252,260.000000,34840.000000
navigation/wide_descendants,4144,4,896,0.050197375,17850,73968489,260.000000,34840.000000
navigation/wide_descendants,4144,5,896,0.050092042,17887,74124030,260.000000,34840.000000
navigation/wide_descendants,4144,6,896,0.050185958,17854,73985317,260.000000,34840.000000
navigation/range,4144,0,3648,0.050028500,72918,302174001,8.000000,6120.000000
navigation/range,4144,1,3648,0.050153750,72736,301419375,8.000000,6120.000000
navigation/range,4144,2,3648,0.050040917,72900,302099020,8.000000,6120.000000
navigation/range,4144,3,3616,0.050064041,72227,299310717,8.000000,6120.000000
navigation/range,4144,4,3648,0.050063875,72867,301960485,8.000000,6120.000000
navigation/range,4144,5,3680,0.050264541,73213,303393201,8.000000,6120.000000
navigation/range,4144,6,3680,0.050391750,73028,302627315,8.000000,6120.000000
navigation/wide_sort,34657,0,96,0.074335792,1291,44757336,14.000000,90160.000000
navigation/wide_sort,34657,1,64,0.050244000,1274,44145530,14.000000,90160.000000
navigation/wide_sort,34657,2,96,0.074734875,1285,44518332,14.000000,90160.000000
navigation/wide_sort,34657,3,96,0.074291250,1292,44784170,14.000000,90160.000000
navigation/wide_sort,34657,4,96,0.075320875,1275,44171978,14.000000,90160.000000
navigation/wide_sort,34657,5,96,0.074567875,1287,44618034,14.000000,90160.000000
navigation/wide_sort,34657,6,96,0.074320792,1292,44766369,14.000000,90160.000000
navigation/wide_group,34657,0,224,0.052234167,4288,148622414,24.000000,74168.000000
navigation/wide_group,34657,1,224,0.051875750,4318,149649268,24.000000,74168.000000
navigation/wide_group,34657,2,224,0.051567042,4344,150545149,24.000000,74168.000000
navigation/wide_group,34657,3,224,0.051851250,4320,149719978,24.000000,74168.000000
navigation/wide_group,34657,4,224,0.051746292,4329,150023658,24.000000,74168.000000
navigation/wide_group,34657,5,224,0.051669500,4335,150246625,24.000000,74168.000000
navigation/wide_group,34657,6,224,0.051632416,4338,150354537,24.000000,74168.000000
navigation/wide_descendants,34657,0,128,0.056667209,2259,78283298,2052.000000,274968.000000
navigation/wide_descendants,34657,1,128,0.056540958,2264,78458098,2052.000000,274968.000000
navigation/wide_descendants,34657,2,128,0.057451791,2228,77214233,2052.000000,274968.000000
navigation/wide_descendants,34657,3,128,0.057245834,2236,77492032,2052.000000,274968.000000
navigation/wide_descendants,34657,4,128,0.057025292,2245,77791728,2052.000000,274968.000000
navigation/wide_descendants,34657,5,128,0.056698667,2258,78239864,2052.000000,274968.000000
navigation/wide_descendants,34657,6,128,0.057163125,2239,77604155,2052.000000,274968.000000
navigation/range,34657,0,480,0.052316417,9175,317975904,11.000000,49128.000000
navigation/range,34657,1,480,0.052005208,9230,319878732,11.000000,49128.000000
navigation/range,34657,2,480,0.051764958,9273,321363344,11.000000,49128.000000
navigation/range,34657,3,480,0.051715583,9282,321670163,11.000000,49128.000000
navigation/range,34657,4,480,0.051819708,9263,321023808,11.000000,49128.000000
navigation/range,34657,5,480,0.051775209,9271,321299717,11.000000,49128.000000
navigation/range,34657,6,480,0.053033125,9051,313678668,11.000000,49128.000000
navigation/wide_sort,600386,0,32,0.549942083,58,34935228,18.000000,1441840.000000
navigation/wide_sort,600386,1,32,0.546376250,59,35163227,18.000000,1441840.000000
navigation/wide_sort,600386,2,32,0.542836125,59,35392545,18.000000,1441840.000000
navigation/wide_sort,600386,3,32,0.544415209,59,35289888,18.000000,1441840.000000
navigation/wide_sort,600386,4,32,0.544044500,59,35313935,18.000000,1441840.000000
navigation/wide_sort,600386,5,32,0.542709541,59,35400800,18.000000,1441840.000000
navigation/wide_sort,600386,6,32,0.541313709,59,35492085,18.000000,1441840.000000
navigation/wide_group,600386,0,32,0.120815375,265,159022409,32.000000,1180088.000000
navigation/wide_group,600386,1,32,0.120569500,265,159346700,32.000000,1180088.000000
navigation/wide_group,600386,2,32,0.120374292,266,159605109,32.000000,1180088.000000
navigation/wide_group,600386,3,32,0.121149875,264,158583342,32.000000,1180088.000000
navigation/wide_group,600386,4,32,0.121610250,263,157982999,32.000000,1180088.000000
navigation/wide_group,600386,5,32,0.121419292,264,158231461,32.000000,1180088.000000
navigation/wide_group,600386,6,32,0.120236542,266,159787962,32.000000,1180088.000000
navigation/wide_descendants,600386,0,32,0.230919125,139,83199484,32772.000000,4391448.000000
navigation/wide_descendants,600386,1,32,0.231500667,138,82990482,32772.000000,4391448.000000
navigation/wide_descendants,600386,2,32,0.230168167,139,83470935,32772.000000,4391448.000000
navigation/wide_descendants,600386,3,32,0.231076750,138,83142731,32772.000000,4391448.000000
navigation/wide_descendants,600386,4,32,0.232578125,138,82606015,32772.000000,4391448.000000
navigation/wide_descendants,600386,5,32,0.231660792,138,82933119,32772.000000,4391448.000000
navigation/wide_descendants,600386,6,32,0.230664625,139,83291281,32772.000000,4391448.000000
navigation/range,600386,0,32,0.057924000,552,331682066,15.000000,786408.000000
navigation/range,600386,1,32,0.057775666,554,332533631,15.000000,786408.000000
navigation/range,600386,2,32,0.057731291,554,332789232,15.000000,786408.000000
navigation/range,600386,3,32,0.056871750,563,337818900,15.000000,786408.000000
navigation/range,600386,4,32,0.056863000,563,337870883,15.000000,786408.000000
navigation/range,600386,5,32,0.057857167,553,332065205,15.000000,786408.000000
navigation/range,600386,6,32,0.057592750,556,333589766,15.000000,786408.000000
navigation/distinct_groups,194,0,27168,0.050015583,543191,105378998,5.000000,1464.000000
navigation/distinct_groups,194,1,27456,0.050034292,548744,106456268,5.000000,1464.000000
navigation/distinct_groups,194,2,27520,0.050009375,550297,106757583,5.000000,1464.000000
navigation/distinct_groups,194,3,27744,0.050039792,554439,107561119,5.000000,1464.000000
navigation/distinct_groups,194,4,27680,0.050035958,553202,107321219,5.000000,1464.000000
navigation/distinct_groups,194,5,27680,0.050026458,553307,107341599,5.000000,1464.000000
navigation/distinct_groups,194,6,27328,0.050043708,546083,105940031,5.000000,1464.000000
navigation/distinct_groups,3246,0,576,0.051711666,11139,36156174,10.000000,36664.000000
navigation/distinct_groups,3246,1,640,0.051048917,12537,40695085,10.000000,36664.000000
navigation/distinct_groups,3246,2,640,0.050950083,12561,40774026,10.000000,36664.000000
navigation/distinct_groups,3246,3,640,0.050961667,12558,40764758,10.000000,36664.000000
navigation/distinct_groups,3246,4,640,0.050837709,12589,40864155,10.000000,36664.000000
navigation/distinct_groups,3246,5,608,0.051703709,11759,38170724,10.000000,36664.000000
navigation/distinct_groups,3246,6,576,0.052779583,10913,35424607,10.000000,36664.000000
navigation/distinct_groups,27486,0,32,0.115181041,278,7636257,13.000000,294712.000000
navigation/distinct_groups,27486,1,32,0.115094083,278,7642026,13.000000,294712.000000
navigation/distinct_groups,27486,2,32,0.115066458,278,7643861,13.000000,294712.000000
navigation/distinct_groups,27486,3,32,0.114939292,278,7652318,13.000000,294712.000000
navigation/distinct_groups,27486,4,32,0.115149291,278,7638362,13.000000,294712.000000
navigation/distinct_groups,27486,5,32,0.114979208,278,7649661,13.000000,294712.000000
navigation/distinct_groups,27486,6,32,0.133475792,240,6589599,13.000000,294712.000000
navigation/deep_descendants,24,0,63424,0.050007875,1268280,30438726,4.000000,536.000000
navigation/deep_descendants,24,1,63680,0.050014917,1273220,30557284,4.000000,536.000000
navigation/deep_descendants,24,2,64160,0.050015084,1282813,30787512,4.000000,536.000000
navigation/deep_descendants,24,3,63680,0.050018917,1273118,30554840,4.000000,536.000000
navigation/deep_descendants,24,4,63776,0.050001083,1275492,30611817,4.000000,536.000000
navigation/deep_descendants,24,5,63744,0.050017125,1274444,30586644,4.000000,536.000000
navigation/deep_descendants,24,6,63936,0.050014750,1278343,30680229,4.000000,536.000000
navigation/deep_descendants,72,0,9248,0.050151458,184401,13276902,4.000000,536.000000
navigation/deep_descendants,72,1,9280,0.050130750,185116,13328346,4.000000,536.000000
navigation/deep_descendants,72,2,9280,0.050104541,185213,13335318,4.000000,536.000000
navigation/deep_descendants,72,3,9280,0.050039875,185452,13352551,4.000000,536.000000
navigation/deep_descendants,72,4,9248,0.050030667,184847,13308957,4.000000,536.000000
navigation/deep_descendants,72,5,9280,0.050166166,184985,13318937,4.000000,536.000000
navigation/deep_descendants,72,6,9248,0.050048917,184779,13304104,4.000000,536.000000
navigation/deep_descendants,136,0,1920,0.050036666,38372,5218573,4.000000,536.000000
navigation/deep_descendants,136,1,1920,0.050049458,38362,5217239,4.000000,536.000000
navigation/deep_descendants,136,2,1920,0.050212292,38238,5200320,4.000000,536.000000
navigation/deep_descendants,136,3,1920,0.050212708,38237,5200277,4.000000,536.000000
navigation/deep_descendants,136,4,1920,0.050089583,38331,5213060,4.000000,536.000000
navigation/deep_descendants,136,5,1920,0.050006250,38395,5221747,4.000000,536.000000
navigation/deep_descendants,136,6,1952,0.050815917,38413,5224190,4.000000,536.000000
compiler/lookup_8_hit,501,0,128544,0.050008584,2570439,1287789792,0.000000,0.000000
compiler/lookup_8_hit,501,1,128256,0.050005667,2564829,1284979480,0.000000,0.000000
compiler/lookup_8_hit,501,2,129248,0.050008167,2584538,1294853459,0.000000,0.000000
compiler/lookup_8_hit,501,3,129408,0.050007625,2587765,1296470448,0.000000,0.000000
compiler/lookup_8_hit,501,4,129248,0.050009041,2584493,1294830829,0.000000,0.000000
compiler/lookup_8_hit,501,5,130496,0.050002166,2609807,1307513279,0.000000,0.000000
compiler/lookup_8_hit,501,6,130592,0.050002708,2611699,1308460974,0.000000,0.000000
rust/lookup_8_hit,501,0,163232,0.050002167,3264499,1635513757,0.000000,0.000000
rust/lookup_8_hit,501,1,161984,0.050002416,3239523,1623001257,0.000000,0.000000
rust/lookup_8_hit,501,2,162752,0.050001042,3254972,1630741055,0.000000,0.000000
rust/lookup_8_hit,501,3,163008,0.050006250,3259753,1633136018,0.000000,0.000000
rust/lookup_8_hit,501,4,163488,0.050002750,3269580,1638059667,0.000000,0.000000
rust/lookup_8_hit,501,5,163200,0.050001542,3263899,1635213570,0.000000,0.000000
rust/lookup_8_hit,501,6,163008,0.050005875,3259777,1633148265,0.000000,0.000000
compiler/lookup_8_miss,501,0,159424,0.050000375,3188456,1597416499,0.000000,0.000000
compiler/lookup_8_miss,501,1,160128,0.050004750,3202256,1604330149,0.000000,0.000000
compiler/lookup_8_miss,501,2,159392,0.050002083,3187707,1597041307,0.000000,0.000000
compiler/lookup_8_miss,501,3,160960,0.050007375,3218725,1612581344,0.000000,0.000000
compiler/lookup_8_miss,501,4,158816,0.050007625,3175836,1591093678,0.000000,0.000000
compiler/lookup_8_miss,501,5,159104,0.050007667,3181592,1593977659,0.000000,0.000000
compiler/lookup_8_miss,501,6,159296,0.050003417,3185702,1596036847,0.000000,0.000000
rust/lookup_8_miss,501,0,166080,0.050003750,3321351,1663996800,0.000000,0.000000
rust/lookup_8_miss,501,1,165984,0.050001041,3319611,1663125054,0.000000,0.000000
rust/lookup_8_miss,501,2,166144,0.050008125,3322340,1664492400,0.000000,0.000000
rust/lookup_8_miss,501,3,165920,0.050004583,3318096,1662366028,0.000000,0.000000
rust/lookup_8_miss,501,4,166496,0.050008208,3329373,1668016098,0.000000,0.000000
rust/lookup_8_miss,501,5,165664,0.050003834,3313026,1659826005,0.000000,0.000000
rust/lookup_8_miss,501,6,165984,0.050005000,3319348,1662993381,0.000000,0.000000
compiler/varying_lookup_8,501,0,128448,0.050003083,2568802,1286969605,0.000000,0.000000
compiler/varying_lookup_8,501,1,128384,0.050003000,2567526,1286330500,0.000000,0.000000
compiler/varying_lookup_8,501,2,128192,0.050012125,2563218,1284172428,0.000000,0.000000
compiler/varying_lookup_8,501,3,128544,0.050008917,2570422,1287781217,0.000000,0.000000
compiler/varying_lookup_8,501,4,128000,0.050003000,2559846,1282483051,0.000000,0.000000
compiler/varying_lookup_8,501,5,127936,0.050001167,2558660,1281888801,0.000000,0.000000
compiler/varying_lookup_8,501,6,127872,0.050004458,2557212,1281163211,0.000000,0.000000
rust/varying_lookup_8,501,0,161792,0.050003542,3235611,1621041005,0.000000,0.000000
rust/varying_lookup_8,501,1,161568,0.050001916,3231236,1618849326,0.000000,0.000000
rust/varying_lookup_8,501,2,162112,0.050008958,3241659,1624071271,0.000000,0.000000
rust/varying_lookup_8,501,3,161952,0.050005042,3238713,1622595417,0.000000,0.000000
rust/varying_lookup_8,501,4,162624,0.050006541,3252055,1629279338,0.000000,0.000000
rust/varying_lookup_8,501,5,162272,0.050001250,3245359,1625924792,0.000000,0.000000
rust/varying_lookup_8,501,6,162400,0.050005625,3247635,1627064955,0.000000,0.000000
compiler/bound_lookup_8,16,0,168096,0.050004458,3361620,53785924,6.000000,520.000000
compiler/bound_lookup_8,16,1,168640,0.050000292,3372780,53964485,6.000000,520.000000
compiler/bound_lookup_8,16,2,169440,0.050007542,3388289,54212623,6.000000,520.000000
compiler/bound_lookup_8,16,3,170048,0.050002459,3400793,54412684,6.000000,520.000000
compiler/bound_lookup_8,16,4,169696,0.050002500,3393750,54300005,6.000000,520.000000
compiler/bound_lookup_8,16,5,169760,0.050000333,3395177,54322838,6.000000,520.000000
compiler/bound_lookup_8,16,6,172640,0.050001166,3452719,55243512,6.000000,520.000000
compile/lookup_8,0,0,16096,0.050011000,321849,0,60.000000,5769.000000
compile/lookup_8,0,1,16160,0.050057833,322827,0,60.000000,5769.000000
compile/lookup_8,0,2,16320,0.050063916,325983,0,60.000000,5769.000000
compile/lookup_8,0,3,16384,0.050086083,327117,0,60.000000,5769.000000
compile/lookup_8,0,4,16352,0.050051750,326702,0,60.000000,5769.000000
compile/lookup_8,0,5,16256,0.050018542,324999,0,60.000000,5769.000000
compile/lookup_8,0,6,16160,0.050026125,323031,0,60.000000,5769.000000
compiler/lookup_128_hit,501,0,113632,0.050006000,2272367,1138456025,0.000000,0.000000
compiler/lookup_128_hit,501,1,113856,0.050004417,2276919,1140736347,0.000000,0.000000
compiler/lookup_128_hit,501,2,111232,0.050006167,2224366,1114407189,0.000000,0.000000
compiler/lookup_128_hit,501,3,108736,0.050007417,2174397,1089373122,0.000000,0.000000
compiler/lookup_128_hit,501,4,108480,0.050002333,2169499,1086918884,0.000000,0.000000
compiler/lookup_128_hit,501,5,110624,0.050000833,2212443,1108434013,0.000000,0.000000
compiler/lookup_128_hit,501,6,112000,0.050012458,2239442,1121960452,0.000000,0.000000
rust/lookup_128_hit,501,0,162816,0.050002333,3256168,1631340202,0.000000,0.000000
rust/lookup_128_hit,501,1,162400,0.050002042,3247867,1627181546,0.000000,0.000000
rust/lookup_128_hit,501,2,162880,0.050008125,3257071,1631792434,0.000000,0.000000
rust/lookup_128_hit,501,3,163072,0.050008167,3260907,1633714589,0.000000,0.000000
rust/lookup_128_hit,501,4,163360,0.050000042,3267197,1636865825,0.000000,0.000000
rust/lookup_128_hit,501,5,162752,0.050008334,3254498,1630503268,0.000000,0.000000
rust/lookup_128_hit,501,6,163520,0.050004917,3270078,1638309289,0.000000,0.000000
compiler/lookup_128_miss,501,0,154176,0.050003000,3083335,1544750835,0.000000,0.000000
compiler/lookup_128_miss,501,1,153696,0.050008542,3073395,1539770866,0.000000,0.000000
compiler/lookup_128_miss,501,2,153184,0.050004333,3063415,1534770677,0.000000,0.000000
compiler/lookup_128_miss,501,3,153312,0.050005083,3065928,1536030087,0.000000,0.000000
compiler/lookup_128_miss,501,4,152160,0.050004583,3042921,1524503464,0.000000,0.000000
compiler/lookup_128_miss,501,5,153952,0.050004417,3078768,1542462779,0.000000,0.000000
compiler/lookup_128_miss,501,6,152288,0.050002291,3045620,1525855845,0.000000,0.000000
rust/lookup_128_miss,501,0,164032,0.050005375,3280287,1643423972,0.000000,0.000000
rust/lookup_128_miss,501,1,163552,0.050000625,3270999,1638770555,0.000000,0.000000
rust/lookup_128_miss,501,2,163872,0.050003000,3277243,1641898926,0.000000,0.000000
rust/lookup_128_miss,501,3,163712,0.050003041,3274041,1640294477,0.000000,0.000000
rust/lookup_128_miss,501,4,163648,0.050009625,3272330,1639437368,0.000000,0.000000
rust/lookup_128_miss,501,5,164032,0.050007833,3280126,1643343194,0.000000,0.000000
rust/lookup_128_miss,501,6,163456,0.050004750,3268809,1637673541,0.000000,0.000000
compiler/varying_lookup_128,501,0,103968,0.050002000,2079277,1041717691,0.000000,0.000000
compiler/varying_lookup_128,501,1,104448,0.050012458,2088440,1046308262,0.000000,0.000000
compiler/varying_lookup_128,501,2,104352,0.050014125,2086451,1045311739,0.000000,0.000000
compiler/varying_lookup_128,501,3,104800,0.050006709,2095719,1049955117,0.000000,0.000000
compiler/varying_lookup_128,501,4,104096,0.050001750,2081847,1043005415,0.000000,0.000000
compiler/varying_lookup_128,501,5,105440,0.050002042,2108714,1056465654,0.000000,0.000000
compiler/varying_lookup_128,501,6,105248,0.050004334,2104778,1054493556,0.000000,0.000000
rust/varying_lookup_128,501,0,161216,0.050004833,3224008,1615228192,0.000000,0.000000
rust/varying_lookup_128,501,1,160832,0.050008333,3216104,1611268106,0.000000,0.000000
rust/varying_lookup_128,501,2,160960,0.050002167,3219060,1612749303,0.000000,0.000000
rust/varying_lookup_128,501,3,161120,0.050000875,3222344,1614394148,0.000000,0.000000
rust/varying_lookup_128,501,4,161344,0.050002875,3226694,1616573927,0.000000,0.000000
rust/varying_lookup_128,501,5,161312,0.050008125,3225716,1616083626,0.000000,0.000000
rust/varying_lookup_128,501,6,161728,0.050003958,3234304,1620386290,0.000000,0.000000
compiler/bound_lookup_128,16,0,130848,0.050009667,2616454,41863266,6.000000,520.000000
compiler/bound_lookup_128,16,1,140416,0.050010459,2807733,44923723,6.000000,520.000000
compiler/bound_lookup_128,16,2,138240,0.050010709,2764208,44227327,6.000000,520.000000
compiler/bound_lookup_128,16,3,139680,0.050009459,2793072,44689146,6.000000,520.000000
compiler/bound_lookup_128,16,4,138560,0.050005417,2770900,44334397,6.000000,520.000000
compiler/bound_lookup_128,16,5,140064,0.050006208,2800932,44814916,6.000000,520.000000
compiler/bound_lookup_128,16,6,141856,0.050002083,2837002,45392029,6.000000,520.000000
compile/lookup_128,0,0,352,0.052308334,6729,0,669.000000,99649.000000
compile/lookup_128,0,1,352,0.051831041,6791,0,669.000000,99649.000000
compile/lookup_128,0,2,352,0.051909500,6781,0,669.000000,99649.000000
compile/lookup_128,0,3,352,0.051924166,6779,0,669.000000,99649.000000
compile/lookup_128,0,4,352,0.051986416,6771,0,669.000000,99649.000000
compile/lookup_128,0,5,352,0.051862291,6787,0,669.000000,99649.000000
compile/lookup_128,0,6,352,0.052024791,6766,0,669.000000,99649.000000
compiler/lookup_1024_hit,501,0,104256,0.050013709,2084548,1044358778,0.000000,0.000000
compiler/lookup_1024_hit,501,1,105344,0.050014708,2106260,1055236472,0.000000,0.000000
compiler/lookup_1024_hit,501,2,101312,0.050006083,2025994,1015022752,0.000000,0.000000
compiler/lookup_1024_hit,501,3,100928,0.050007584,2018254,1011145189,0.000000,0.000000
compiler/lookup_1024_hit,501,4,100800,0.050007625,2015693,1009861996,0.000000,0.000000
compiler/lookup_1024_hit,501,5,100896,0.050006125,2017673,1010854090,0.000000,0.000000
compiler/lookup_1024_hit,501,6,103264,0.050012041,2064783,1034456162,0.000000,0.000000
rust/lookup_1024_hit,501,0,163264,0.050002083,3265144,1635837131,0.000000,0.000000
rust/lookup_1024_hit,501,1,163392,0.050007875,3267325,1636930024,0.000000,0.000000
rust/lookup_1024_hit,501,2,163232,0.050009125,3264044,1635286200,0.000000,0.000000
rust/lookup_1024_hit,501,3,163136,0.050005250,3262377,1634451103,0.000000,0.000000
rust/lookup_1024_hit,501,4,163520,0.050009291,3269792,1638165996,0.000000,0.000000
rust/lookup_1024_hit,501,5,163584,0.050008042,3271154,1638848088,0.000000,0.000000
rust/lookup_1024_hit,501,6,162720,0.050007458,3253915,1630211238,0.000000,0.000000
compiler/lookup_1024_miss,501,0,148800,0.050007666,2975544,1490747439,0.000000,0.000000
compiler/lookup_1024_miss,501,1,148544,0.050001917,2970766,1488353817,0.000000,0.000000
compiler/lookup_1024_miss,501,2,148832,0.050006333,2976263,1491107776,0.000000,0.000000
compiler/lookup_1024_miss,501,3,148608,0.050010542,2971533,1488738274,0.000000,0.000000
compiler/lookup_1024_miss,501,4,149472,0.050007333,2989002,1497489818,0.000000,0.000000
compiler/lookup_1024_miss,501,5,149120,0.050008125,2981915,1493939635,0.000000,0.000000
compiler/lookup_1024_miss,501,6,149408,0.050010125,2987555,1496765065,0.000000,0.000000
rust/lookup_1024_miss,501,0,166336,0.050003375,3326495,1666574226,0.000000,0.000000
rust/lookup_1024_miss,501,1,166240,0.050002125,3324659,1665654010,0.000000,0.000000
rust/lookup_1024_miss,501,2,166176,0.050003791,3323268,1664957283,0.000000,0.000000
rust/lookup_1024_miss,501,3,166400,0.050002792,3327814,1667234902,0.000000,0.000000
rust/lookup_1024_miss,501,4,166240,0.050002375,3324642,1665645682,0.000000,0.000000
rust/lookup_1024_miss,501,5,166528,0.050007500,3330060,1668360306,0.000000,0.000000
rust/lookup_1024_miss,501,6,166272,0.050000459,3325409,1666030146,0.000000,0.000000
compiler/varying_lookup_1024,501,0,88896,0.050002833,1777819,890687454,0.000000,0.000000
compiler/varying_lookup_1024,501,1,88960,0.050001958,1779130,891344295,0.000000,0.000000
compiler/varying_lookup_1024,501,2,89568,0.050012917,1790897,897239567,0.000000,0.000000
compiler/varying_lookup_1024,501,3,93504,0.050002542,1869985,936862450,0.000000,0.000000
compiler/varying_lookup_1024,501,4,93312,0.050009291,1865893,934812533,0.000000,0.000000
compiler/varying_lookup_1024,501,5,93472,0.050004750,1869262,936500472,0.000000,0.000000
compiler/varying_lookup_1024,501,6,92992,0.050008958,1859507,931612932,0.000000,0.000000
rust/varying_lookup_1024,501,0,160320,0.050007833,3205898,1606154780,0.000000,0.000000
rust/varying_lookup_1024,501,1,160256,0.050003458,3204898,1605654073,0.000000,0.000000
rust/varying_lookup_1024,501,2,159456,0.050004459,3188836,1597606645,0.000000,0.000000
rust/varying_lookup_1024,501,3,159968,0.050001541,3199261,1602829961,0.000000,0.000000
rust/varying_lookup_1024,501,4,159616,0.050002583,3192155,1599269702,0.000000,0.000000
rust/varying_lookup_1024,501,5,160192,0.050006875,3203400,1604903166,0.000000,0.000000
rust/varying_lookup_1024,501,6,159232,0.050005333,3184300,1595334482,0.000000,0.000000
compiler/bound_lookup_1024,16,0,114528,0.050003333,2290407,36646517,6.000000,520.000000
compiler/bound_lookup_1024,16,1,117408,0.050001625,2348084,37569339,6.000000,520.000000
compiler/bound_lookup_1024,16,2,123296,0.050009125,2465470,39447521,6.000000,520.000000
compiler/bound_lookup_1024,16,3,121152,0.050005417,2422778,38764440,6.000000,520.000000
compiler/bound_lookup_1024,16,4,117344,0.050002125,2346780,37548484,6.000000,520.000000
compiler/bound_lookup_1024,16,5,122848,0.050004334,2456747,39307953,6.000000,520.000000
compiler/bound_lookup_1024,16,6,123968,0.050012333,2478749,39659977,6.000000,520.000000
compile/lookup_1024,0,0,32,0.222766833,144,0,5156.000000,804033.000000
compile/lookup_1024,0,1,32,0.218024750,147,0,5156.000000,804033.000000
compile/lookup_1024,0,2,32,0.215164167,149,0,5156.000000,804033.000000
compile/lookup_1024,0,3,32,0.215006000,149,0,5156.000000,804033.000000
compile/lookup_1024,0,4,32,0.215116083,149,0,5156.000000,804033.000000
compile/lookup_1024,0,5,32,0.215092042,149,0,5156.000000,804033.000000
compile/lookup_1024,0,6,32,0.215031333,149,0,5156.000000,804033.000000
compiler/lookup_4096_hit,501,0,99296,0.050008292,1985591,994780946,0.000000,0.000000
compiler/lookup_4096_hit,501,1,98528,0.050002000,1970481,987211072,0.000000,0.000000
compiler/lookup_4096_hit,501,2,99360,0.050006083,1986958,995466092,0.000000,0.000000
compiler/lookup_4096_hit,501,3,99520,0.050014625,1989818,996898807,0.000000,0.000000
compiler/lookup_4096_hit,501,4,99584,0.050015792,1991051,997516624,0.000000,0.000000
compiler/lookup_4096_hit,501,5,99648,0.050008667,1992615,998299915,0.000000,0.000000
compiler/lookup_4096_hit,501,6,98944,0.050003167,1978755,991356088,0.000000,0.000000
rust/lookup_4096_hit,501,0,161856,0.050006042,3236729,1621601166,0.000000,0.000000
rust/lookup_4096_hit,501,1,162880,0.050007000,3257144,1631829144,0.000000,0.000000
rust/lookup_4096_hit,501,2,162560,0.050006542,3250775,1628638109,0.000000,0.000000
rust/lookup_4096_hit,501,3,163136,0.050002958,3262527,1634526021,0.000000,0.000000
rust/lookup_4096_hit,501,4,162816,0.050009333,3255712,1631111857,0.000000,0.000000
rust/lookup_4096_hit,501,5,163424,0.050007833,3267968,1637251988,0.000000,0.000000
rust/lookup_4096_hit,501,6,162912,0.050005375,3257890,1632202778,0.000000,0.000000
compiler/lookup_4096_miss,501,0,142656,0.050001625,2853027,1429366666,0.000000,0.000000
compiler/lookup_4096_miss,501,1,142976,0.050008334,2859043,1432380771,0.000000,0.000000
compiler/lookup_4096_miss,501,2,142880,0.050010666,2856991,1431352264,0.000000,0.000000
compiler/lookup_4096_miss,501,3,142752,0.050006416,2854674,1430191518,0.000000,0.000000
compiler/lookup_4096_miss,501,4,143328,0.050003750,2866345,1436038857,0.000000,0.000000
compiler/lookup_4096_miss,501,5,143104,0.050006083,2861732,1433727653,0.000000,0.000000
compiler/lookup_4096_miss,501,6,143616,0.050001792,2872217,1438980747,0.000000,0.000000
rust/lookup_4096_miss,501,0,165952,0.050008291,3318490,1662563354,0.000000,0.000000
rust/lookup_4096_miss,501,1,165856,0.050001000,3317054,1661843883,0.000000,0.000000
rust/lookup_4096_miss,501,2,166080,0.050008000,3321069,1663855383,0.000000,0.000000
rust/lookup_4096_miss,501,3,165856,0.050006833,3316667,1661650039,0.000000,0.000000
rust/lookup_4096_miss,501,4,166112,0.050003125,3322032,1664338219,0.000000,0.000000
rust/lookup_4096_miss,501,5,166400,0.050007792,3327481,1667068204,0.000000,0.000000
rust/lookup_4096_miss,501,6,164768,0.050008750,3294783,1650686490,0.000000,0.000000
compiler/varying_lookup_4096,501,0,87328,0.050015709,1746011,874751731,0.000000,0.000000
compiler/varying_lookup_4096,501,1,87872,0.050002125,1757365,880440021,0.000000,0.000000
compiler/varying_lookup_4096,501,2,87712,0.050016250,1753670,878588699,0.000000,0.000000
compiler/varying_lookup_4096,501,3,88160,0.050016541,1762617,883071062,0.000000,0.000000
compiler/varying_lookup_4096,501,4,88032,0.050003916,1760502,882011561,0.000000,0.000000
compiler/varying_lookup_4096,501,5,88192,0.050001375,1763791,883659539,0.000000,0.000000
compiler/varying_lookup_4096,501,6,87616,0.050003208,1752208,877855997,0.000000,0.000000
rust/varying_lookup_4096,501,0,159744,0.050000875,3194824,1600606869,0.000000,0.000000
rust/varying_lookup_4096,501,1,159840,0.050003416,3196582,1601487386,0.000000,0.000000
rust/varying_lookup_4096,501,2,160192,0.050002542,3203677,1605042240,0.000000,0.000000
rust/varying_lookup_4096,501,3,158656,0.050003625,3172890,1589617873,0.000000,0.000000
rust/varying_lookup_4096,501,4,159424,0.050009417,3187880,1597127677,0.000000,0.000000
rust/varying_lookup_4096,501,5,160032,0.050005084,3200315,1603357611,0.000000,0.000000
rust/varying_lookup_4096,501,6,152192,0.050001875,3043726,1524906656,0.000000,0.000000
compiler/bound_lookup_4096,16,0,117024,0.050004833,2340254,37444061,6.000000,520.000000
compiler/bound_lookup_4096,16,1,118048,0.050006334,2360661,37770575,6.000000,520.000000
compiler/bound_lookup_4096,16,2,112832,0.050000583,2256614,36105819,6.000000,520.000000
compiler/bound_lookup_4096,16,3,112192,0.050003334,2243690,35899046,6.000000,520.000000
compiler/bound_lookup_4096,16,4,112960,0.050012250,2258647,36138346,6.000000,520.000000
compiler/bound_lookup_4096,16,5,111872,0.050004000,2237261,35796176,6.000000,520.000000
compiler/bound_lookup_4096,16,6,111904,0.050000667,2238050,35808802,6.000000,520.000000
compile/lookup_4096,0,0,32,2.764006291,12,0,20520.000000,3215553.000000
compile/lookup_4096,0,1,32,2.769202833,12,0,20520.000000,3215553.000000
compile/lookup_4096,0,2,32,2.793620667,11,0,20520.000000,3215553.000000
compile/lookup_4096,0,3,32,2.764054250,12,0,20520.000000,3215553.000000
compile/lookup_4096,0,4,32,2.771130959,12,0,20520.000000,3215553.000000
compile/lookup_4096,0,5,32,2.768555708,12,0,20520.000000,3215553.000000
compile/lookup_4096,0,6,32,2.768718542,12,0,20520.000000,3215553.000000
compiler/constant_scalar,100,0,506496,0.050002584,10129397,1012939651,0.000000,0.000000
compiler/constant_scalar,100,1,506528,0.050000250,10130509,1013050935,0.000000,0.000000
compiler/constant_scalar,100,2,509088,0.050001917,10181370,1018136965,0.000000,0.000000
compiler/constant_scalar,100,3,504096,0.050002750,10081366,1008136552,0.000000,0.000000
compiler/constant_scalar,100,4,509248,0.050000417,10184875,1018487506,0.000000,0.000000
compiler/constant_scalar,100,5,510208,0.050001500,10203854,1020385388,0.000000,0.000000
compiler/constant_scalar,100,6,514432,0.050002625,10288100,1028809987,0.000000,0.000000
compiler/repeated_fields,100,0,138048,0.050008875,2760470,276047002,0.000000,0.000000
compiler/repeated_fields,100,1,139072,0.050006375,2781085,278108541,0.000000,0.000000
compiler/repeated_fields,100,2,139072,0.050003375,2781252,278125227,0.000000,0.000000
compiler/repeated_fields,100,3,139808,0.050011000,2795545,279554498,0.000000,0.000000
compiler/repeated_fields,100,4,139296,0.050001625,2785829,278582946,0.000000,0.000000
compiler/repeated_fields,100,5,138560,0.050011250,2770577,277057662,0.000000,0.000000
compiler/repeated_fields,100,6,138656,0.050000792,2773076,277307607,0.000000,0.000000
compiler/dynamic_leaves,100,0,148544,0.050004417,2970618,297061758,4.000000,312.000000
compiler/dynamic_leaves,100,1,148320,0.050010209,2965794,296579444,4.000000,312.000000
compiler/dynamic_leaves,100,2,148416,0.050004667,2968043,296804296,4.000000,312.000000
compiler/dynamic_leaves,100,3,148768,0.050008625,2974847,297484684,4.000000,312.000000
compiler/dynamic_leaves,100,4,148320,0.050005833,2966054,296605398,4.000000,312.000000
compiler/dynamic_leaves,100,5,148704,0.050000167,2974070,297407007,4.000000,312.000000
compiler/dynamic_leaves,100,6,149600,0.050002500,2991850,299185041,4.000000,312.000000
compiler/filtered_sum,100,0,109632,0.050006042,2192375,219237507,0.000000,0.000000
compiler/filtered_sum,100,1,109504,0.050009792,2189651,218965118,0.000000,0.000000
compiler/filtered_sum,100,2,110656,0.050000333,2213105,221310526,0.000000,0.000000
compiler/filtered_sum,100,3,110944,0.050006458,2218593,221859345,0.000000,0.000000
compiler/filtered_sum,100,4,110592,0.050014166,2211214,221121352,0.000000,0.000000
compiler/filtered_sum,100,5,109728,0.050001667,2194487,219448684,0.000000,0.000000
compiler/filtered_sum,100,6,110272,0.050001208,2205387,220538672,0.000000,0.000000
compiler/invariant_aggregate,100,0,226336,0.050001583,4526577,452657669,0.000000,0.000000
compiler/invariant_aggregate,100,1,227776,0.050004167,4555140,455514037,0.000000,0.000000
compiler/invariant_aggregate,100,2,228832,0.050005416,4576144,457614431,0.000000,0.000000
compiler/invariant_aggregate,100,3,228160,0.050003500,4562881,456288060,0.000000,0.000000
compiler/invariant_aggregate,100,4,227936,0.050000791,4558648,455864788,0.000000,0.000000
compiler/invariant_aggregate,100,5,228288,0.050002792,4565505,456550506,0.000000,0.000000
compiler/invariant_aggregate,100,6,229408,0.050006333,4587579,458757894,0.000000,0.000000
compiler/builtin_reference,100,0,514880,0.050000292,10297540,1029753986,0.000000,0.000000
compiler/builtin_reference,100,1,513824,0.050002250,10276018,1027601758,0.000000,0.000000
compiler/builtin_reference,100,2,510944,0.050000125,10218854,1021885445,0.000000,0.000000
compiler/builtin_reference,100,3,507296,0.050001958,10145523,1014552270,0.000000,0.000000
compiler/builtin_reference,100,4,509376,0.050001834,10187146,1018714634,0.000000,0.000000
compiler/builtin_reference,100,5,507680,0.050001125,10153372,1015337155,0.000000,0.000000
compiler/builtin_reference,100,6,512000,0.050000583,10239881,1023988060,0.000000,0.000000
compiler/static_array,100,0,455040,0.050000125,9100777,910077725,1.000000,16.000000
compiler/static_array,100,1,461120,0.050001166,9222185,922218494,1.000000,16.000000
compiler/static_array,100,2,454912,0.050003166,9097664,909766394,1.000000,16.000000
compiler/static_array,100,3,460576,0.050001209,9211297,921129727,1.000000,16.000000
compiler/static_array,100,4,460384,0.050001000,9207496,920749585,1.000000,16.000000
compiler/static_array,100,5,460576,0.050000833,9211367,921136654,1.000000,16.000000
compiler/static_array,100,6,460192,0.050000292,9203786,920378625,1.000000,16.000000
compiler/constant_membership,100,0,147360,0.050001208,2947129,294712880,1.000000,16.000000
compiler/constant_membership,100,1,149056,0.050007500,2980673,298067290,1.000000,16.000000
compiler/constant_membership,100,2,149376,0.050000792,2987473,298747268,1.000000,16.000000
compiler/constant_membership,100,3,149472,0.050002875,2989268,298926812,1.000000,16.000000
compiler/constant_membership,100,4,149248,0.050009583,2984388,298438801,1.000000,16.000000
compiler/constant_membership,100,5,149152,0.050004500,2982772,298277155,1.000000,16.000000
compiler/constant_membership,100,6,149632,0.050002292,2992503,299250282,1.000000,16.000000
compiler/lookup_record,100,0,223168,0.050006584,4462772,446277234,0.000000,0.000000
compiler/lookup_record,100,1,223840,0.050003125,4476520,447652022,0.000000,0.000000
compiler/lookup_record,100,2,222368,0.050001375,4447238,444723770,0.000000,0.000000
compiler/lookup_record,100,3,221376,0.050000958,4427435,442743517,0.000000,0.000000
compiler/lookup_record,100,4,220416,0.050006334,4407762,440776162,0.000000,0.000000
compiler/lookup_record,100,5,220928,0.050001959,4418387,441838689,0.000000,0.000000
compiler/lookup_record,100,6,221344,0.050004375,4426493,442649268,0.000000,0.000000
rust/repeated_fields,100,0,404032,0.050001250,8080438,808043799,0.000000,0.000000
rust/repeated_fields,100,1,407520,0.050000250,8150359,815035925,0.000000,0.000000
rust/repeated_fields,100,2,410880,0.050001125,8217415,821741511,0.000000,0.000000
rust/repeated_fields,100,3,411360,0.050000125,8227179,822717943,0.000000,0.000000
rust/repeated_fields,100,4,408064,0.050002833,8160818,816081761,0.000000,0.000000
rust/repeated_fields,100,5,408608,0.050002292,8171785,817178541,0.000000,0.000000
rust/repeated_fields,100,6,409792,0.050002042,8195505,819550530,0.000000,0.000000
compiler/constant_scalar,500,0,160192,0.050000375,3203816,1601907986,0.000000,0.000000
compiler/constant_scalar,500,1,160704,0.050001625,3213976,1606987773,0.000000,0.000000
compiler/constant_scalar,500,2,160544,0.050006708,3210449,1605224643,0.000000,0.000000
compiler/constant_scalar,500,3,159840,0.050006750,3196368,1598184245,0.000000,0.000000
compiler/constant_scalar,500,4,159904,0.050001334,3197995,1598997339,0.000000,0.000000
compiler/constant_scalar,500,5,160096,0.050009084,3201338,1600669190,0.000000,0.000000
compiler/constant_scalar,500,6,160320,0.050008000,3205887,1602943529,0.000000,0.000000
compiler/repeated_fields,500,0,50112,0.050023667,1001766,500882912,0.000000,0.000000
compiler/repeated_fields,500,1,50080,0.050003375,1001532,500766198,0.000000,0.000000
compiler/repeated_fields,500,2,50112,0.050024459,1001750,500874982,0.000000,0.000000
compiler/repeated_fields,500,3,50080,0.050008458,1001431,500715299,0.000000,0.000000
compiler/repeated_fields,500,4,49952,0.050006500,998910,499455071,0.000000,0.000000
compiler/repeated_fields,500,5,49952,0.050007292,998894,499447161,0.000000,0.000000
compiler/repeated_fields,500,6,50176,0.050003584,1003448,501724036,0.000000,0.000000
compiler/dynamic_leaves,500,0,65792,0.050017792,1315372,657685969,4.000000,312.000000
compiler/dynamic_leaves,500,1,65760,0.050004000,1315095,657547396,4.000000,312.000000
compiler/dynamic_leaves,500,2,65792,0.050009333,1315594,657797216,4.000000,312.000000
compiler/dynamic_leaves,500,3,65760,0.050015291,1314798,657398954,4.000000,312.000000
compiler/dynamic_leaves,500,4,65824,0.050006375,1316312,658156085,4.000000,312.000000
compiler/dynamic_leaves,500,5,65952,0.050018542,1318551,659275514,4.000000,312.000000
compiler/dynamic_leaves,500,6,65856,0.050004833,1316993,658496350,4.000000,312.000000
compiler/filtered_sum,500,0,56736,0.050001708,1134681,567340620,0.000000,0.000000
compiler/filtered_sum,500,1,56640,0.050018083,1132390,566195230,0.000000,0.000000
compiler/filtered_sum,500,2,56896,0.050019583,1137474,568737248,0.000000,0.000000
compiler/filtered_sum,500,3,57024,0.050009875,1140255,570127400,0.000000,0.000000
compiler/filtered_sum,500,4,57216,0.050018500,1143897,571948379,0.000000,0.000000
compiler/filtered_sum,500,5,57088,0.050018333,1141342,570670758,0.000000,0.000000
compiler/filtered_sum,500,6,56960,0.050004917,1139088,569543991,0.000000,0.000000
compiler/invariant_aggregate,500,0,77536,0.050003458,1550613,775306380,0.000000,0.000000
compiler/invariant_aggregate,500,1,77440,0.050012667,1548408,774203863,0.000000,0.000000
compiler/invariant_aggregate,500,2,77312,0.050012042,1545868,772933847,0.000000,0.000000
compiler/invariant_aggregate,500,3,77568,0.050015125,1550891,775445428,0.000000,0.000000
compiler/invariant_aggregate,500,4,76736,0.050019500,1534122,767060846,0.000000,0.000000
compiler/invariant_aggregate,500,5,76896,0.050004625,1537778,768888878,0.000000,0.000000
compiler/invariant_aggregate,500,6,76992,0.050020458,1539210,769605108,0.000000,0.000000
compiler/builtin_reference,500,0,160384,0.050008792,3207116,1603558030,0.000000,0.000000
compiler/builtin_reference,500,1,160512,0.050007917,3209732,1604865886,0.000000,0.000000
compiler/builtin_reference,500,2,160480,0.050003291,3209389,1604694379,0.000000,0.000000
compiler/builtin_reference,500,3,160192,0.050003583,3203610,1601805215,0.000000,0.000000
compiler/builtin_reference,500,4,160800,0.050009708,3215376,1607687851,0.000000,0.000000
compiler/builtin_reference,500,5,160608,0.050006625,3211734,1605867223,0.000000,0.000000
compiler/builtin_reference,500,6,160832,0.050003333,3216426,1608212797,0.000000,0.000000
compiler/static_array,500,0,155520,0.050004375,3110128,1555063932,1.000000,16.000000
compiler/static_array,500,1,155904,0.050002584,3117919,1558959433,1.000000,16.000000
compiler/static_array,500,2,155104,0.050003625,3101855,1550927558,1.000000,16.000000
compiler/static_array,500,3,155648,0.050007375,3112501,1556250453,1.000000,16.000000
compiler/static_array,500,4,155136,0.050007209,3102273,1551136357,1.000000,16.000000
compiler/static_array,500,5,154784,0.050000583,3095644,1547821952,1.000000,16.000000
compiler/static_array,500,6,154656,0.050006875,3092695,1546347377,1.000000,16.000000
compiler/constant_membership,500,0,65024,0.050024250,1299850,649924786,1.000000,16.000000
compiler/constant_membership,500,1,65152,0.050004959,1302911,651455389,1.000000,16.000000
compiler/constant_membership,500,2,65184,0.050010667,1303402,651700966,1.000000,16.000000
compiler/constant_membership,500,3,65536,0.050001458,1310682,655340890,1.000000,16.000000
compiler/constant_membership,500,4,65632,0.050010375,1312368,656183842,1.000000,16.000000
compiler/constant_membership,500,5,65824,0.050009125,1316240,658119893,1.000000,16.000000
compiler/constant_membership,500,6,65568,0.050014542,1310979,655489357,1.000000,16.000000
compiler/lookup_record,500,0,113184,0.050008541,2263293,1131646692,0.000000,0.000000
compiler/lookup_record,500,1,113696,0.050003333,2273768,1136884215,0.000000,0.000000
compiler/lookup_record,500,2,114208,0.050010167,2283696,1141847817,0.000000,0.000000
compiler/lookup_record,500,3,114240,0.050006584,2284499,1142249589,0.000000,0.000000
compiler/lookup_record,500,4,112960,0.050012375,2258641,1129320493,0.000000,0.000000
compiler/lookup_record,500,5,113728,0.050011958,2274016,1137008073,0.000000,0.000000
compiler/lookup_record,500,6,113824,0.050005625,2276224,1138111962,0.000000,0.000000
rust/repeated_fields,500,0,147424,0.050002667,2948323,1474161368,0.000000,0.000000
rust/repeated_fields,500,1,147520,0.050006417,2950021,1475010697,0.000000,0.000000
rust/repeated_fields,500,2,148160,0.050010625,2962570,1481285227,0.000000,0.000000
rust/repeated_fields,500,3,147456,0.050001625,2949024,1474512078,0.000000,0.000000
rust/repeated_fields,500,4,147712,0.050006708,2953844,1476921856,0.000000,0.000000
rust/repeated_fields,500,5,148096,0.050003292,2961725,1480862500,0.000000,0.000000
rust/repeated_fields,500,6,147776,0.050010500,2954899,1477449736,0.000000,0.000000
compiler/constant_scalar,1024,0,86240,0.050018334,1724168,1765547809,0.000000,0.000000
compiler/constant_scalar,1024,1,86400,0.050013333,1727539,1769000278,0.000000,0.000000
compiler/constant_scalar,1024,2,85760,0.050001958,1715133,1756296023,0.000000,0.000000
compiler/constant_scalar,1024,3,86240,0.050014625,1724296,1765678739,0.000000,0.000000
compiler/constant_scalar,1024,4,86048,0.050016417,1720395,1761684608,0.000000,0.000000
compiler/constant_scalar,1024,5,86240,0.050001334,1724754,1766148079,0.000000,0.000000
compiler/constant_scalar,1024,6,85856,0.050007750,1716854,1758058381,0.000000,0.000000
compiler/repeated_fields,1024,0,27840,0.050031208,556453,569807549,0.000000,0.000000
compiler/repeated_fields,1024,1,27808,0.050034750,555774,569112307,0.000000,0.000000
compiler/repeated_fields,1024,2,27904,0.050028667,557760,571146459,0.000000,0.000000
compiler/repeated_fields,1024,3,27872,0.050020042,557217,570589845,0.000000,0.000000
compiler/repeated_fields,1024,4,27904,0.050011125,557956,571346795,0.000000,0.000000
compiler/repeated_fields,1024,5,27936,0.050041500,558257,571654807,0.000000,0.000000
compiler/repeated_fields,1024,6,27904,0.050041042,557622,571005216,0.000000,0.000000
compiler/dynamic_leaves,1024,0,38592,0.050029250,771389,789902067,4.000000,312.000000
compiler/dynamic_leaves,1024,1,38624,0.050007417,772365,790902198,4.000000,312.000000
compiler/dynamic_leaves,1024,2,38560,0.050027584,770775,789273374,4.000000,312.000000
compiler/dynamic_leaves,1024,3,38624,0.050023667,772115,790645276,4.000000,312.000000
compiler/dynamic_leaves,1024,4,38496,0.050005750,769831,788307425,4.000000,312.000000
compiler/dynamic_leaves,1024,5,38592,0.050028500,771400,789913909,4.000000,312.000000
compiler/dynamic_leaves,1024,6,38560,0.050014584,770975,789478525,4.000000,312.000000
compiler/filtered_sum,1024,0,35296,0.050007583,705813,722752467,0.000000,0.000000
compiler/filtered_sum,1024,1,35456,0.050001667,709096,726114671,0.000000,0.000000
compiler/filtered_sum,1024,2,35424,0.050010916,708325,725325167,0.000000,0.000000
compiler/filtered_sum,1024,3,35264,0.050002708,705242,722167607,0.000000,0.000000
compiler/filtered_sum,1024,4,35328,0.050004792,706492,723448105,0.000000,0.000000
compiler/filtered_sum,1024,5,35328,0.050038916,706010,722954750,0.000000,0.000000
compiler/filtered_sum,1024,6,35360,0.050030834,706764,723726492,0.000000,0.000000
compiler/invariant_aggregate,1024,0,42400,0.050020583,847651,867994681,0.000000,0.000000
compiler/invariant_aggregate,1024,1,42368,0.050002500,847318,867653257,0.000000,0.000000
compiler/invariant_aggregate,1024,2,42176,0.050007709,843390,863631325,0.000000,0.000000
compiler/invariant_aggregate,1024,3,42304,0.050005875,845981,866284132,0.000000,0.000000
compiler/invariant_aggregate,1024,4,42336,0.050033791,846148,866455712,0.000000,0.000000
compiler/invariant_aggregate,1024,5,42368,0.050016125,847087,867416898,0.000000,0.000000
compiler/invariant_aggregate,1024,6,42464,0.050022375,848900,869273720,0.000000,0.000000
compiler/builtin_reference,1024,0,86048,0.050006792,1720726,1762023687,0.000000,0.000000
compiler/builtin_reference,1024,1,86048,0.050014125,1720474,1761765341,0.000000,0.000000
compiler/builtin_reference,1024,2,86048,0.050007791,1720692,1761988487,0.000000,0.000000
compiler/builtin_reference,1024,3,86304,0.050012875,1725636,1767050904,0.000000,0.000000
compiler/builtin_reference,1024,4,86400,0.050016750,1727421,1768879425,0.000000,0.000000
compiler/builtin_reference,1024,5,86080,0.050015542,1721065,1762370585,0.000000,0.000000
compiler/builtin_reference,1024,6,85920,0.050000333,1718389,1759629881,0.000000,0.000000
compiler/static_array,1024,0,84544,0.050013792,1690414,1730983645,1.000000,16.000000
compiler/static_array,1024,1,84640,0.050012375,1692381,1732998283,1.000000,16.000000
compiler/static_array,1024,2,84480,0.050002875,1689503,1730050922,1.000000,16.000000
compiler/static_array,1024,3,84672,0.050011750,1693042,1733675146,1.000000,16.000000
compiler/static_array,1024,4,84544,0.050000625,1690859,1731439477,1.000000,16.000000
compiler/static_array,1024,5,84224,0.050009792,1684150,1724569780,1.000000,16.000000
compiler/static_array,1024,6,84160,0.050005875,1683002,1723394301,1.000000,16.000000
compiler/constant_membership,1024,0,38368,0.050011375,767185,785597916,1.000000,16.000000
compiler/constant_membership,1024,1,38240,0.050012166,764614,782964689,1.000000,16.000000
compiler/constant_membership,1024,2,38400,0.050014250,767781,786207931,1.000000,16.000000
compiler/constant_membership,1024,3,38432,0.050034500,768110,786544644,1.000000,16.000000
compiler/constant_membership,1024,4,38432,0.050036000,768087,786521065,1.000000,16.000000
compiler/constant_membership,1024,5,38432,0.050017709,768368,786808688,1.000000,16.000000
compiler/constant_membership,1024,6,38464,0.050026458,768873,787326099,1.000000,16.000000
compiler/lookup_record,1024,0,68480,0.050002917,1369520,1402388585,0.000000,0.000000
compiler/lookup_record,1024,1,68288,0.050015417,1365339,1398107148,0.000000,0.000000
compiler/lookup_record,1024,2,68512,0.050019250,1369713,1402585764,0.000000,0.000000
compiler/lookup_record,1024,3,68672,0.050022542,1372821,1405768783,0.000000,0.000000
compiler/lookup_record,1024,4,68640,0.050013875,1372419,1405357213,0.000000,0.000000
compiler/lookup_record,1024,5,68672,0.050004833,1373307,1406266630,0.000000,0.000000
compiler/lookup_record,1024,6,69408,0.050011333,1387845,1421153721,0.000000,0.000000
rust/repeated_fields,1024,0,82496,0.050011542,1649539,1689128162,0.000000,0.000000
rust/repeated_fields,1024,1,82496,0.050009500,1649607,1689197133,0.000000,0.000000
rust/repeated_fields,1024,2,82432,0.050006084,1648439,1688001964,0.000000,0.000000
rust/repeated_fields,1024,3,82560,0.050005416,1651021,1690645669,0.000000,0.000000
rust/repeated_fields,1024,4,82496,0.050000833,1649893,1689489933,0.000000,0.000000
rust/repeated_fields,1024,5,81824,0.050014667,1636000,1675264098,0.000000,0.000000
rust/repeated_fields,1024,6,82304,0.050013708,1645629,1685123926,0.000000,0.000000
compiler/constant_scalar,10240,0,9408,0.050161542,187554,1920553399,0.000000,0.000000
compiler/constant_scalar,10240,1,9376,0.050074750,187240,1917338379,0.000000,0.000000
compiler/constant_scalar,10240,2,9376,0.050015125,187463,1919624114,0.000000,0.000000
compiler/constant_scalar,10240,3,9376,0.050032875,187397,1918943095,0.000000,0.000000
compiler/constant_scalar,10240,4,9376,0.050039833,187371,1918676267,0.000000,0.000000
compiler/constant_scalar,10240,5,9376,0.050015875,187460,1919595328,0.000000,0.000000
compiler/constant_scalar,10240,6,9376,0.050030084,187407,1919050146,0.000000,0.000000
compiler/repeated_fields,10240,0,3200,0.050368417,63532,650566406,0.000000,0.000000
compiler/repeated_fields,10240,1,3200,0.050320666,63592,651183750,0.000000,0.000000
compiler/repeated_fields,10240,2,3200,0.050342500,63565,650901326,0.000000,0.000000
compiler/repeated_fields,10240,3,3200,0.050405875,63485,650082952,0.000000,0.000000
compiler/repeated_fields,10240,4,3200,0.050286333,63636,651628346,0.000000,0.000000
compiler/repeated_fields,10240,5,3200,0.050488834,63380,649014790,0.000000,0.000000
compiler/repeated_fields,10240,6,3200,0.050295292,63624,651512273,0.000000,0.000000
compiler/dynamic_leaves,10240,0,4704,0.050118375,93858,961103787,4.000000,312.000000
compiler/dynamic_leaves,10240,1,4704,0.050048875,93988,962438416,4.000000,312.000000
compiler/dynamic_leaves,10240,2,4704,0.050126792,93842,960942404,4.000000,312.000000
compiler/dynamic_leaves,10240,3,4704,0.050060375,93967,962217323,4.000000,312.000000
compiler/dynamic_leaves,10240,4,4704,0.050122500,93850,961024690,4.000000,312.000000
compiler/dynamic_leaves,10240,5,4704,0.050025292,94032,962892131,4.000000,312.000000
compiler/dynamic_leaves,10240,6,4704,0.050071708,93945,961999539,4.000000,312.000000
compiler/filtered_sum,10240,0,4672,0.050356292,92779,950055655,0.000000,0.000000
compiler/filtered_sum,10240,1,4640,0.050068792,92672,948966374,0.000000,0.000000
compiler/filtered_sum,10240,2,4640,0.050012709,92776,950030521,0.000000,0.000000
compiler/filtered_sum,10240,3,4640,0.050022167,92759,949850893,0.000000,0.000000
compiler/filtered_sum,10240,4,4640,0.050016083,92770,949966434,0.000000,0.000000
compiler/filtered_sum,10240,5,4672,0.050303792,92876,951047189,0.000000,0.000000
compiler/filtered_sum,10240,6,4672,0.050332500,92823,950504743,0.000000,0.000000
compiler/invariant_aggregate,10240,0,4768,0.050234125,94916,971935313,0.000000,0.000000
compiler/invariant_aggregate,10240,1,4768,0.050167917,95041,973218003,0.000000,0.000000
compiler/invariant_aggregate,10240,2,4768,0.050254708,94877,971537234,0.000000,0.000000
compiler/invariant_aggregate,10240,3,4768,0.050189542,95000,972798676,0.000000,0.000000
compiler/invariant_aggregate,10240,4,4768,0.050191709,94996,972756676,0.000000,0.000000
compiler/invariant_aggregate,10240,5,4768,0.050178000,95022,973022440,0.000000,0.000000
compiler/invariant_aggregate,10240,6,4736,0.050094291,94542,968107124,0.000000,0.000000
compiler/builtin_reference,10240,0,9408,0.050160333,187559,1920599690,0.000000,0.000000
compiler/builtin_reference,10240,1,9376,0.050093625,187170,1916615937,0.000000,0.000000
compiler/builtin_reference,10240,2,9408,0.050116792,187722,1922268289,0.000000,0.000000
compiler/builtin_reference,10240,3,9376,0.050071792,187251,1917451646,0.000000,0.000000
compiler/builtin_reference,10240,4,9408,0.050126917,187684,1921880015,0.000000,0.000000
compiler/builtin_reference,10240,5,9376,0.050112917,187097,1915878096,0.000000,0.000000
compiler/builtin_reference,10240,6,9408,0.050157208,187570,1920719351,0.000000,0.000000
compiler/static_array,10240,0,9344,0.050009334,186845,1913294026,1.000000,16.000000
compiler/static_array,10240,1,9376,0.050115791,187087,1915768226,1.000000,16.000000
compiler/static_array,10240,2,9344,0.050012042,186835,1913190427,1.000000,16.000000
compiler/static_array,10240,3,9376,0.050155000,186940,1914270561,1.000000,16.000000
compiler/static_array,10240,4,9344,0.050131667,186389,1908625141,1.000000,16.000000
compiler/static_array,10240,5,9376,0.050092292,187175,1916666939,1.000000,16.000000
compiler/static_array,10240,6,9376,0.050148292,186965,1914526620,1.000000,16.000000
compiler/constant_membership,10240,0,4704,0.050075541,93938,961925903,1.000000,16.000000
compiler/constant_membership,10240,1,4704,0.050148917,93801,960518449,1.000000,16.000000
compiler/constant_membership,10240,2,4704,0.050129334,93837,960893676,1.000000,16.000000
compiler/constant_membership,10240,3,4704,0.050050959,93984,962398343,1.000000,16.000000
compiler/constant_membership,10240,4,4704,0.050119041,93857,961091015,1.000000,16.000000
compiler/constant_membership,10240,5,4704,0.050146000,93806,960574323,1.000000,16.000000
compiler/constant_membership,10240,6,4704,0.050018625,94045,963020475,1.000000,16.000000
compiler/lookup_record,10240,0,9120,0.050030791,182288,1866626494,0.000000,0.000000
compiler/lookup_record,10240,1,9120,0.050082333,182100,1864705464,0.000000,0.000000
compiler/lookup_record,10240,2,9120,0.050124667,181946,1863130582,0.000000,0.000000
compiler/lookup_record,10240,3,9120,0.050046208,182232,1866051470,0.000000,0.000000
compiler/lookup_record,10240,4,9120,0.050118250,181970,1863369132,0.000000,0.000000
compiler/lookup_record,10240,5,9120,0.050102417,182027,1863957980,0.000000,0.000000
compiler/lookup_record,10240,6,9120,0.050121209,181959,1863259124,0.000000,0.000000
rust/repeated_fields,10240,0,9344,0.050101750,186500,1909764829,0.000000,0.000000
rust/repeated_fields,10240,1,9312,0.050051750,186047,1905125795,0.000000,0.000000
rust/repeated_fields,10240,2,9344,0.050140583,186356,1908285749,0.000000,0.000000
rust/repeated_fields,10240,3,9344,0.050092166,186536,1910130219,0.000000,0.000000
rust/repeated_fields,10240,4,9344,0.050084125,186566,1910436890,0.000000,0.000000
rust/repeated_fields,10240,5,9344,0.050099625,186508,1909845832,0.000000,0.000000
rust/repeated_fields,10240,6,9344,0.050075500,186598,1910765943,0.000000,0.000000
compiler/constant_scalar,1048576,0,96,0.051741209,1855,1945514957,0.000000,0.000000
compiler/constant_scalar,1048576,1,96,0.051909500,1849,1939207582,0.000000,0.000000
compiler/constant_scalar,1048576,2,96,0.051756833,1855,1944927658,0.000000,0.000000
compiler/constant_scalar,1048576,3,96,0.051919875,1849,1938820076,0.000000,0.000000
compiler/constant_scalar,1048576,4,96,0.051776083,1854,1944204547,0.000000,0.000000
compiler/constant_scalar,1048576,5,96,0.051729292,1856,1945963150,0.000000,0.000000
compiler/constant_scalar,1048576,6,96,0.051796667,1853,1943431920,0.000000,0.000000
compiler/repeated_fields,1048576,0,32,0.050690333,631,661949331,0.000000,0.000000
compiler/repeated_fields,1048576,1,32,0.050631791,632,662714696,0.000000,0.000000
compiler/repeated_fields,1048576,2,32,0.050698083,631,661848141,0.000000,0.000000
compiler/repeated_fields,1048576,3,32,0.050624209,632,662813951,0.000000,0.000000
compiler/repeated_fields,1048576,4,32,0.050901083,629,659208607,0.000000,0.000000
compiler/repeated_fields,1048576,5,32,0.050623083,632,662828694,0.000000,0.000000
compiler/repeated_fields,1048576,6,32,0.050582916,633,663355035,0.000000,0.000000
compiler/dynamic_leaves,1048576,0,64,0.067851250,943,989058625,4.000000,312.000000
compiler/dynamic_leaves,1048576,1,64,0.067903250,943,988301208,4.000000,312.000000
compiler/dynamic_leaves,1048576,2,64,0.067903583,943,988296361,4.000000,312.000000
compiler/dynamic_leaves,1048576,3,64,0.067868667,943,988804804,4.000000,312.000000
compiler/dynamic_leaves,1048576,4,64,0.067905042,942,988275127,4.000000,312.000000
compiler/dynamic_leaves,1048576,5,64,0.068007792,941,986781985,4.000000,312.000000
compiler/dynamic_leaves,1048576,6,64,0.067865958,943,988844274,4.000000,312.000000
compiler/filtered_sum,1048576,0,64,0.067951125,942,987604900,0.000000,0.000000
compiler/filtered_sum,1048576,1,64,0.067919458,942,988065364,0.000000,0.000000
compiler/filtered_sum,1048576,2,64,0.067864208,943,988869774,0.000000,0.000000
compiler/filtered_sum,1048576,3,64,0.067944125,942,987706649,0.000000,0.000000
compiler/filtered_sum,1048576,4,64,0.067874667,943,988717396,0.000000,0.000000
compiler/filtered_sum,1048576,5,64,0.067974042,942,987271935,0.000000,0.000000
compiler/filtered_sum,1048576,6,64,0.067879875,943,988641538,0.000000,0.000000
compiler/invariant_aggregate,1048576,0,64,0.068157625,939,984612712,0.000000,0.000000
compiler/invariant_aggregate,1048576,1,64,0.067925250,942,987981112,0.000000,0.000000
compiler/invariant_aggregate,1048576,2,64,0.067842375,943,989188011,0.000000,0.000000
compiler/invariant_aggregate,1048576,3,64,0.067949000,942,987635786,0.000000,0.000000
compiler/invariant_aggregate,1048576,4,64,0.067887959,943,988523812,0.000000,0.000000
compiler/invariant_aggregate,1048576,5,64,0.067833459,943,989318030,0.000000,0.000000
compiler/invariant_aggregate,1048576,6,64,0.067907125,942,988244812,0.000000,0.000000
compiler/builtin_reference,1048576,0,96,0.052086583,1843,1932614700,0.000000,0.000000
compiler/builtin_reference,1048576,1,96,0.052367667,1833,1922241371,0.000000,0.000000
compiler/builtin_reference,1048576,2,96,0.051768500,1854,1944489332,0.000000,0.000000
compiler/builtin_reference,1048576,3,96,0.051752459,1855,1945092039,0.000000,0.000000
compiler/builtin_reference,1048576,4,96,0.051734791,1856,1945756309,0.000000,0.000000
compiler/builtin_reference,1048576,5,96,0.051818291,1853,1942620917,0.000000,0.000000
compiler/builtin_reference,1048576,6,96,0.051739583,1855,1945576098,0.000000,0.000000
compiler/static_array,1048576,0,96,0.051738042,1856,1945634046,1.000000,16.000000
compiler/static_array,1048576,1,96,0.051795292,1853,1943483512,1.000000,16.000000
compiler/static_array,1048576,2,96,0.051754500,1855,1945015332,1.000000,16.000000
compiler/static_array,1048576,3,96,0.051800875,1853,1943274047,1.000000,16.000000
compiler/static_array,1048576,4,96,0.051670542,1858,1948175732,1.000000,16.000000
compiler/static_array,1048576,5,96,0.051829000,1852,1942219530,1.000000,16.000000
compiler/static_array,1048576,6,96,0.051773583,1854,1944298427,1.000000,16.000000
compiler/constant_membership,1048576,0,64,0.067905750,942,988264823,1.000000,16.000000
compiler/constant_membership,1048576,1,64,0.067908791,942,988220568,1.000000,16.000000
compiler/constant_membership,1048576,2,64,0.067965250,942,987399649,1.000000,16.000000
compiler/constant_membership,1048576,3,64,0.067962166,942,987444455,1.000000,16.000000
compiler/constant_membership,1048576,4,64,0.067884042,943,988580851,1.000000,16.000000
compiler/constant_membership,1048576,5,64,0.068018792,941,986622403,1.000000,16.000000
compiler/constant_membership,1048576,6,64,0.067896500,943,988399461,1.000000,16.000000
compiler/lookup_record,1048576,0,96,0.051841500,1852,1941751222,0.000000,0.000000
compiler/lookup_record,1048576,1,96,0.051869667,1851,1940696785,0.000000,0.000000
compiler/lookup_record,1048576,2,96,0.051854166,1851,1941276927,0.000000,0.000000
compiler/lookup_record,1048576,3,96,0.051756375,1855,1944944869,0.000000,0.000000
compiler/lookup_record,1048576,4,96,0.051840291,1852,1941796507,0.000000,0.000000
compiler/lookup_record,1048576,5,96,0.051827458,1852,1942277316,0.000000,0.000000
compiler/lookup_record,1048576,6,96,0.051798541,1853,1943361609,0.000000,0.000000
rust/repeated_fields,1048576,0,96,0.051777167,1854,1944163843,0.000000,0.000000
rust/repeated_fields,1048576,1,96,0.051714042,1856,1946536997,0.000000,0.000000
rust/repeated_fields,1048576,2,96,0.051764792,1855,1944628619,0.000000,0.000000
rust/repeated_fields,1048576,3,96,0.051785375,1854,1943855693,0.000000,0.000000
rust/repeated_fields,1048576,4,96,0.051810584,1853,1942909889,0.000000,0.000000
rust/repeated_fields,1048576,5,96,0.051805500,1853,1943100559,0.000000,0.000000
rust/repeated_fields,1048576,6,96,0.051764750,1855,1944630197,0.000000,0.000000
compile/execution,0,0,17760,0.050090125,354561,0,129.000000,7694.000000
compile/execution,0,1,17568,0.050005041,351325,0,129.000000,7694.000000
compile/execution,0,2,17696,0.050025833,353737,0,129.000000,7694.000000
compile/execution,0,3,17760,0.050035584,354947,0,129.000000,7694.000000
compile/execution,0,4,17856,0.050053209,356740,0,129.000000,7694.000000
compile/execution,0,5,17792,0.050047125,355505,0,129.000000,7694.000000
compile/execution,0,6,17824,0.050038083,356209,0,129.000000,7694.000000
execution/arithmetic,100,0,167168,0.050002250,3343210,334320956,0.000000,0.000000
execution/arithmetic,100,1,166848,0.050002917,3336765,333676533,0.000000,0.000000
execution/arithmetic,100,2,168448,0.050004958,3368626,336862597,0.000000,0.000000
execution/arithmetic,100,3,167072,0.050002250,3341290,334128964,0.000000,0.000000
execution/arithmetic,100,4,169408,0.050004041,3387886,338788619,0.000000,0.000000
execution/arithmetic,100,5,169952,0.050009417,3398400,339839995,0.000000,0.000000
execution/arithmetic,100,6,170176,0.050003875,3403256,340325625,0.000000,0.000000
execution/comparison,100,0,165184,0.050008541,3303116,330311576,0.000000,0.000000
execution/comparison,100,1,165824,0.050006834,3316027,331602677,0.000000,0.000000
execution/comparison,100,2,167168,0.050004834,3343037,334303680,0.000000,0.000000
execution/comparison,100,3,167744,0.050002834,3354690,335468986,0.000000,0.000000
execution/comparison,100,4,167808,0.050003041,3355956,335595589,0.000000,0.000000
execution/comparison,100,5,163136,0.050008542,3262163,326216269,0.000000,0.000000
execution/comparison,100,6,165088,0.050002584,3301589,330158937,0.000000,0.000000
execution/conditional,100,0,101024,0.050012375,2019980,201998005,0.000000,0.000000
execution/conditional,100,1,101888,0.050009708,2037364,203736443,0.000000,0.000000
execution/conditional,100,2,102272,0.050009209,2045063,204506334,0.000000,0.000000
execution/conditional,100,3,102848,0.050006708,2056684,205668408,0.000000,0.000000
execution/conditional,100,4,101824,0.050015834,2035835,203583529,0.000000,0.000000
execution/conditional,100,5,101632,0.050014584,2032047,203204729,0.000000,0.000000
execution/conditional,100,6,102656,0.050002875,2053002,205300195,0.000000,0.000000
execution/constructor,100,0,121664,0.050010375,2432775,243277520,4.000000,312.000000
execution/constructor,100,1,122176,0.050004250,2443312,244331232,4.000000,312.000000
execution/constructor,100,2,119680,0.050005500,2393337,239333673,4.000000,312.000000
execution/constructor,100,3,120032,0.050012875,2400022,240002199,4.000000,312.000000
execution/constructor,100,4,120480,0.050001541,2409526,240952574,4.000000,312.000000
execution/constructor,100,5,120320,0.050000875,2406358,240635789,4.000000,312.000000
execution/constructor,100,6,120480,0.050004875,2409365,240936509,4.000000,312.000000
rust/execution_arithmetic,100,0,476928,0.050002375,9538107,953810694,0.000000,0.000000
rust/execution_arithmetic,100,1,475712,0.050001667,9513923,951392281,0.000000,0.000000
rust/execution_arithmetic,100,2,475520,0.050001542,9510107,951010671,0.000000,0.000000
rust/execution_arithmetic,100,3,482656,0.050001250,9652879,965287868,0.000000,0.000000
rust/execution_arithmetic,100,4,473344,0.050001791,9466541,946654091,0.000000,0.000000
rust/execution_arithmetic,100,5,482240,0.050001084,9644591,964459091,0.000000,0.000000
rust/execution_arithmetic,100,6,481760,0.050002708,9634678,963467819,0.000000,0.000000
rust/execution_constructor,100,0,478688,0.050001417,9573489,957348869,0.000000,0.000000
rust/execution_constructor,100,1,479776,0.050000459,9595432,959543191,0.000000,0.000000
rust/execution_constructor,100,2,480576,0.050000250,9611472,961147194,0.000000,0.000000
rust/execution_constructor,100,3,476640,0.050002042,9532411,953241070,0.000000,0.000000
rust/execution_constructor,100,4,474144,0.050002417,9482422,948242162,0.000000,0.000000
rust/execution_constructor,100,5,477568,0.050001416,9551090,955108951,0.000000,0.000000
rust/execution_constructor,100,6,476736,0.050002459,9534251,953425111,0.000000,0.000000
execution/arithmetic,500,0,53696,0.050005459,1073803,536901381,0.000000,0.000000
execution/arithmetic,500,1,53728,0.050025291,1074017,537008370,0.000000,0.000000
execution/arithmetic,500,2,53728,0.050004167,1074470,537235227,0.000000,0.000000
execution/arithmetic,500,3,53856,0.050027750,1076523,538261265,0.000000,0.000000
execution/arithmetic,500,4,53856,0.050025000,1076582,538290855,0.000000,0.000000
execution/arithmetic,500,5,53856,0.050000750,1077104,538551922,0.000000,0.000000
execution/arithmetic,500,6,53856,0.050025375,1076574,538286819,0.000000,0.000000
execution/comparison,500,0,53696,0.050028416,1073310,536655008,0.000000,0.000000
execution/comparison,500,1,53504,0.050018083,1069693,534846567,0.000000,0.000000
execution/comparison,500,2,53888,0.050028875,1077138,538568976,0.000000,0.000000
execution/comparison,500,3,53600,0.050015375,1071670,535835231,0.000000,0.000000
execution/comparison,500,4,53632,0.050009042,1072446,536223029,0.000000,0.000000
execution/comparison,500,5,53664,0.050017583,1072903,536451352,0.000000,0.000000
execution/comparison,500,6,53632,0.050021708,1072175,536087252,0.000000,0.000000
execution/conditional,500,0,32512,0.050038792,649736,324867954,0.000000,0.000000
execution/conditional,500,1,32480,0.050015291,649401,324700700,0.000000,0.000000
execution/conditional,500,2,32512,0.050016375,650027,325013558,0.000000,0.000000
execution/conditional,500,3,32544,0.050043667,650312,325156028,0.000000,0.000000
execution/conditional,500,4,32576,0.050031709,651107,325553540,0.000000,0.000000
execution/conditional,500,5,32544,0.050032041,650463,325231585,0.000000,0.000000
execution/conditional,500,6,32544,0.050019958,650620,325310149,0.000000,0.000000
execution/constructor,500,0,47808,0.050001375,956134,478066853,4.000000,312.000000
execution/constructor,500,1,47744,0.050011000,954670,477334986,4.000000,312.000000
execution/constructor,500,2,47712,0.050013250,953987,476993597,4.000000,312.000000
execution/constructor,500,3,47712,0.050005875,954128,477063945,4.000000,312.000000
execution/constructor,500,4,47840,0.050024917,956323,478161713,4.000000,312.000000
execution/constructor,500,5,47712,0.050007417,954098,477049235,4.000000,312.000000
execution/constructor,500,6,47808,0.050020417,955770,477884860,4.000000,312.000000
rust/execution_arithmetic,500,0,157536,0.050009416,3150127,1575063384,0.000000,0.000000
rust/execution_arithmetic,500,1,157568,0.050002916,3151176,1575588112,0.000000,0.000000
rust/execution_arithmetic,500,2,157152,0.050002625,3142875,1571437500,0.000000,0.000000
rust/execution_arithmetic,500,3,156672,0.050008042,3132936,1566468049,0.000000,0.000000
rust/execution_arithmetic,500,4,157120,0.050002084,3142269,1571134515,0.000000,0.000000
rust/execution_arithmetic,500,5,157952,0.050005208,3158711,1579355494,0.000000,0.000000
rust/execution_arithmetic,500,6,157024,0.050001625,3140378,1570188969,0.000000,0.000000
rust/execution_constructor,500,0,157824,0.050003667,3156249,1578124260,0.000000,0.000000
rust/execution_constructor,500,1,157152,0.050002000,3142914,1571457142,0.000000,0.000000
rust/execution_constructor,500,2,157344,0.050000667,3146838,1573419011,0.000000,0.000000
rust/execution_constructor,500,3,156896,0.050005375,3137583,1568791355,0.000000,0.000000
rust/execution_constructor,500,4,157216,0.050008625,3143778,1571888849,0.000000,0.000000
rust/execution_constructor,500,5,156704,0.050000667,3134038,1567019096,0.000000,0.000000
rust/execution_constructor,500,6,157184,0.050007166,3143230,1571614756,0.000000,0.000000
execution/arithmetic,1024,0,28960,0.050023333,578930,592824153,0.000000,0.000000
execution/arithmetic,1024,1,28960,0.050043292,578699,592587714,0.000000,0.000000
execution/arithmetic,1024,2,28896,0.050015042,577746,591612099,0.000000,0.000000
execution/arithmetic,1024,3,28928,0.050034583,578160,592035952,0.000000,0.000000
execution/arithmetic,1024,4,28896,0.050028875,577586,591448518,0.000000,0.000000
execution/arithmetic,1024,5,28928,0.050024292,578279,592157746,0.000000,0.000000
execution/arithmetic,1024,6,28928,0.050033500,578173,592048767,0.000000,0.000000
execution/comparison,1024,0,28800,0.050017750,575796,589614687,0.000000,0.000000
execution/comparison,1024,1,28864,0.050053958,576658,590497479,0.000000,0.000000
execution/comparison,1024,2,28864,0.050017625,577077,590926418,0.000000,0.000000
execution/comparison,1024,3,28768,0.050035875,574947,588746215,0.000000,0.000000
execution/comparison,1024,4,28864,0.050034667,576880,590725147,0.000000,0.000000
execution/comparison,1024,5,28640,0.050013750,572643,586385944,0.000000,0.000000
execution/comparison,1024,6,28896,0.050054250,577294,591148684,0.000000,0.000000
execution/conditional,1024,0,17472,0.050075167,348915,357289433,0.000000,0.000000
execution/conditional,1024,1,17504,0.050057167,349680,358072521,0.000000,0.000000
execution/conditional,1024,2,17472,0.050060291,349019,357395605,0.000000,0.000000
execution/conditional,1024,3,17472,0.050042750,349141,357520880,0.000000,0.000000
execution/conditional,1024,4,17472,0.050055833,349050,357427435,0.000000,0.000000
execution/conditional,1024,5,17440,0.050067375,348331,356690559,0.000000,0.000000
execution/conditional,1024,6,17408,0.050073500,347649,355992531,0.000000,0.000000
execution/constructor,1024,0,27136,0.050051125,542166,555177611,4.000000,312.000000
execution/constructor,1024,1,27072,0.050043416,540970,553953551,4.000000,312.000000
execution/constructor,1024,2,27136,0.050038416,542303,555318618,4.000000,312.000000
execution/constructor,1024,3,27232,0.050048084,544117,557175535,4.000000,312.000000
execution/constructor,1024,4,27168,0.050055083,542762,555788350,4.000000,312.000000
execution/constructor,1024,5,27200,0.050033500,543636,556683022,4.000000,312.000000
execution/constructor,1024,6,27136,0.050017750,542527,555548060,4.000000,312.000000
rust/execution_arithmetic,1024,0,85088,0.050001750,1701700,1742541251,0.000000,0.000000
rust/execution_arithmetic,1024,1,85088,0.050012750,1701326,1742157990,0.000000,0.000000
rust/execution_arithmetic,1024,2,84864,0.050000792,1697253,1737987190,0.000000,0.000000
rust/execution_arithmetic,1024,3,85152,0.050000333,1703029,1743901346,0.000000,0.000000
rust/execution_arithmetic,1024,4,84832,0.050017917,1696032,1736737018,0.000000,0.000000
rust/execution_arithmetic,1024,5,85216,0.050015250,1703800,1744691549,0.000000,0.000000
rust/execution_arithmetic,1024,6,85280,0.050008416,1705313,1746240473,0.000000,0.000000
rust/execution_constructor,1024,0,85088,0.050009167,1701448,1742282810,0.000000,0.000000
rust/execution_constructor,1024,1,85184,0.050015500,1703152,1744027671,0.000000,0.000000
rust/execution_constructor,1024,2,85184,0.050008000,1703407,1744289234,0.000000,0.000000
rust/execution_constructor,1024,3,85280,0.050010625,1705238,1746163340,0.000000,0.000000
rust/execution_constructor,1024,4,85408,0.050013791,1707689,1748673521,0.000000,0.000000
rust/execution_constructor,1024,5,85088,0.050002334,1701681,1742520899,0.000000,0.000000
rust/execution_constructor,1024,6,85472,0.050013583,1708976,1749991157,0.000000,0.000000
execution/arithmetic,10240,0,3200,0.050298000,63621,651477196,0.000000,0.000000
execution/arithmetic,10240,1,3200,0.050058792,63925,654590307,0.000000,0.000000
execution/arithmetic,10240,2,3200,0.050211042,63731,652605457,0.000000,0.000000
execution/arithmetic,10240,3,3200,0.050141625,63819,653508936,0.000000,0.000000
execution/arithmetic,10240,4,3200,0.050230667,63706,652350485,0.000000,0.000000
execution/arithmetic,10240,5,3200,0.050099209,63873,654062223,0.000000,0.000000
execution/arithmetic,10240,6,3200,0.050406000,63485,650081340,0.000000,0.000000
execution/comparison,10240,0,3200,0.050188958,63759,652892614,0.000000,0.000000
execution/comparison,10240,1,3200,0.050221625,63718,652467936,0.000000,0.000000
execution/comparison,10240,2,3200,0.050185709,63763,652934882,0.000000,0.000000
execution/comparison,10240,3,3200,0.050158542,63798,653288527,0.000000,0.000000
execution/comparison,10240,4,3200,0.050124250,63841,653735467,0.000000,0.000000
execution/comparison,10240,5,3200,0.050155708,63801,653325440,0.000000,0.000000
execution/comparison,10240,6,3200,0.050187709,63761,652908863,0.000000,0.000000
execution/conditional,10240,0,1952,0.050793959,38430,393520812,0.000000,0.000000
execution/conditional,10240,1,1952,0.050777916,38442,393645143,0.000000,0.000000
execution/conditional,10240,2,1920,0.050001458,38399,393204534,0.000000,0.000000
execution/conditional,10240,3,1952,0.050735875,38474,393971327,0.000000,0.000000
execution/conditional,10240,4,1920,0.050087375,38333,392530054,0.000000,0.000000
execution/conditional,10240,5,1952,0.050820333,38410,393316588,0.000000,0.000000
execution/conditional,10240,6,1952,0.050743583,38468,393911482,0.000000,0.000000
execution/constructor,10240,0,3168,0.050070167,63271,647897180,4.000000,312.000000
execution/constructor,10240,1,3168,0.050082666,63255,647735486,4.000000,312.000000
execution/constructor,10240,2,3200,0.050494667,63373,648939818,4.000000,312.000000
execution/constructor,10240,3,3200,0.050377834,63520,650444797,4.000000,312.000000
execution/constructor,10240,4,3168,0.050373917,62890,643990421,4.000000,312.000000
execution/constructor,10240,5,3168,0.050054750,63291,648096734,4.000000,312.000000
execution/constructor,10240,6,3200,0.050468625,63406,649274673,4.000000,312.000000
rust/execution_arithmetic,10240,0,9344,0.050139458,186360,1908328566,0.000000,0.000000
rust/execution_arithmetic,10240,1,9376,0.050094708,187165,1916574501,0.000000,0.000000
rust/execution_arithmetic,10240,2,9376,0.050147750,186968,1914547313,0.000000,0.000000
rust/execution_arithmetic,10240,3,9408,0.050164167,187544,1920452900,0.000000,0.000000
rust/execution_arithmetic,10240,4,9376,0.050138417,187002,1914903696,0.000000,0.000000
rust/execution_arithmetic,10240,5,9376,0.050048583,187338,1918340825,0.000000,0.000000
rust/execution_arithmetic,10240,6,9376,0.050172458,186875,1913604472,0.000000,0.000000
rust/execution_constructor,10240,0,9376,0.050078458,187226,1917196412,0.000000,0.000000
rust/execution_constructor,10240,1,9376,0.050153083,186948,1914343730,0.000000,0.000000
rust/execution_constructor,10240,2,9376,0.050117583,187080,1915699726,0.000000,0.000000
rust/execution_constructor,10240,3,9376,0.050133375,187021,1915096281,0.000000,0.000000
rust/execution_constructor,10240,4,9376,0.050120917,187068,1915572295,0.000000,0.000000
rust/execution_constructor,10240,5,9376,0.050057666,187304,1917992741,0.000000,0.000000
rust/execution_constructor,10240,6,9376,0.050094292,187167,1916590417,0.000000,0.000000
execution/arithmetic,1048576,0,32,0.050613208,632,662958017,0.000000,0.000000
execution/arithmetic,1048576,1,32,0.050653125,632,662435575,0.000000,0.000000
execution/arithmetic,1048576,2,32,0.050550667,633,663778225,0.000000,0.000000
execution/arithmetic,1048576,3,32,0.050589458,633,663269253,0.000000,0.000000
execution/arithmetic,1048576,4,32,0.050676375,631,662131654,0.000000,0.000000
execution/arithmetic,1048576,5,32,0.050576625,633,663437546,0.000000,0.000000
execution/arithmetic,1048576,6,32,0.050697291,631,661858481,0.000000,0.000000
execution/comparison,1048576,0,32,0.050595875,632,663185131,0.000000,0.000000
execution/comparison,1048576,1,32,0.050668167,632,662238916,0.000000,0.000000
execution/comparison,1048576,2,32,0.050627625,632,662769229,0.000000,0.000000
execution/comparison,1048576,3,32,0.050816166,630,660310186,0.000000,0.000000
execution/comparison,1048576,4,32,0.050595542,632,663189496,0.000000,0.000000
execution/comparison,1048576,5,32,0.050676833,631,662125670,0.000000,0.000000
execution/comparison,1048576,6,32,0.050568041,633,663550166,0.000000,0.000000
execution/conditional,1048576,0,32,0.084037500,381,399279274,0.000000,0.000000
execution/conditional,1048576,1,32,0.084055959,381,399191591,0.000000,0.000000
execution/conditional,1048576,2,32,0.083950125,381,399694843,0.000000,0.000000
execution/conditional,1048576,3,32,0.084132083,380,398830396,0.000000,0.000000
execution/conditional,1048576,4,32,0.083936500,381,399759723,0.000000,0.000000
execution/conditional,1048576,5,32,0.084119667,380,398889263,0.000000,0.000000
execution/conditional,1048576,6,32,0.083948250,381,399703770,0.000000,0.000000
execution/constructor,1048576,0,32,0.050680250,631,662081028,4.000000,312.000000
execution/constructor,1048576,1,32,0.050584958,633,663328257,4.000000,312.000000
execution/constructor,1048576,2,32,0.050626000,632,662790503,4.000000,312.000000
execution/constructor,1048576,3,32,0.050749792,631,661173784,4.000000,312.000000
execution/constructor,1048576,4,32,0.050678333,631,662106072,4.000000,312.000000
execution/constructor,1048576,5,32,0.050630542,632,662731045,4.000000,312.000000
execution/constructor,1048576,6,32,0.050679292,631,662093543,4.000000,312.000000
rust/execution_arithmetic,1048576,0,96,0.051720750,1856,1946284538,0.000000,0.000000
rust/execution_arithmetic,1048576,1,96,0.051791833,1854,1943613311,0.000000,0.000000
rust/execution_arithmetic,1048576,2,96,0.051725541,1856,1946104266,0.000000,0.000000
rust/execution_arithmetic,1048576,3,96,0.051835333,1852,1941982238,0.000000,0.000000
rust/execution_arithmetic,1048576,4,96,0.051639667,1859,1949340533,0.000000,0.000000
rust/execution_arithmetic,1048576,5,96,0.051812959,1853,1942820830,0.000000,0.000000
rust/execution_arithmetic,1048576,6,96,0.051663417,1858,1948444409,0.000000,0.000000
rust/execution_constructor,1048576,0,96,0.051691459,1857,1947387401,0.000000,0.000000
rust/execution_constructor,1048576,1,96,0.051825625,1852,1942346011,0.000000,0.000000
rust/execution_constructor,1048576,2,96,0.051749334,1855,1945209498,0.000000,0.000000
rust/execution_constructor,1048576,3,96,0.051778166,1854,1944126333,0.000000,0.000000
rust/execution_constructor,1048576,4,96,0.051900083,1850,1939559442,0.000000,0.000000
rust/execution_constructor,1048576,5,96,0.051694833,1857,1947260300,0.000000,0.000000
rust/execution_constructor,1048576,6,96,0.051787917,1854,1943760279,0.000000,0.000000
execution/filtered_sum,74,0,44096,0.050006125,881812,65254086,0.000000,0.000000
execution/filtered_sum,74,1,44480,0.050004791,889515,65824093,0.000000,0.000000
execution/filtered_sum,74,2,44512,0.050033750,889639,65833323,0.000000,0.000000
execution/filtered_sum,74,3,44320,0.050033125,885813,65550173,0.000000,0.000000
execution/filtered_sum,74,4,44352,0.050024791,886600,65608430,0.000000,0.000000
execution/filtered_sum,74,5,44192,0.050011250,883641,65389447,0.000000,0.000000
execution/filtered_sum,74,6,44576,0.050006042,891412,65964509,0.000000,0.000000
execution/mapped_sum,74,0,51552,0.050011750,1030798,76279034,0.000000,0.000000
execution/mapped_sum,74,1,52800,0.050000375,1055992,78143414,0.000000,0.000000
execution/mapped_sum,74,2,52736,0.050000083,1054718,78049150,0.000000,0.000000
execution/mapped_sum,74,3,52832,0.050027875,1056051,78147793,0.000000,0.000000
execution/mapped_sum,74,4,52928,0.050022791,1058078,78297750,0.000000,0.000000
execution/mapped_sum,74,5,52800,0.050023375,1055507,78107485,0.000000,0.000000
execution/mapped_sum,74,6,52736,0.050028917,1054110,78004167,0.000000,0.000000
rust/execution_filtered_sum,74,0,215552,0.050000917,4310961,319011109,0.000000,0.000000
rust/execution_filtered_sum,74,1,215328,0.050004417,4306180,318657290,0.000000,0.000000
rust/execution_filtered_sum,74,2,217952,0.050004500,4358648,322539931,0.000000,0.000000
rust/execution_filtered_sum,74,3,210656,0.050005375,4212667,311737368,0.000000,0.000000
rust/execution_filtered_sum,74,4,215616,0.050003500,4312018,319089344,0.000000,0.000000
rust/execution_filtered_sum,74,5,216288,0.050006458,4325201,320064900,0.000000,0.000000
rust/execution_filtered_sum,74,6,215424,0.050006625,4307909,318785281,0.000000,0.000000
execution/filtered_sum,1082,0,2848,0.050500666,56395,61019710,0.000000,0.000000
execution/filtered_sum,1082,1,2848,0.050293250,56628,61271363,0.000000,0.000000
execution/filtered_sum,1082,2,2848,0.050261458,56664,61310120,0.000000,0.000000
execution/filtered_sum,1082,3,2848,0.050247292,56680,61327404,0.000000,0.000000
execution/filtered_sum,1082,4,2848,0.050498000,56398,61022932,0.000000,0.000000
execution/filtered_sum,1082,5,2816,0.050004542,56315,60932705,0.000000,0.000000
execution/filtered_sum,1082,6,2848,0.050325750,56591,61231795,0.000000,0.000000
execution/mapped_sum,1082,0,3552,0.050252625,70683,76478871,0.000000,0.000000
execution/mapped_sum,1082,1,3616,0.050229958,71989,77892002,0.000000,0.000000
execution/mapped_sum,1082,2,3584,0.050188291,71411,77266787,0.000000,0.000000
execution/mapped_sum,1082,3,3616,0.050176458,72066,77975054,0.000000,0.000000
execution/mapped_sum,1082,4,3616,0.050246458,71965,77866424,0.000000,0.000000
execution/mapped_sum,1082,5,3616,0.050256625,71951,77850671,0.000000,0.000000
execution/mapped_sum,1082,6,3616,0.050283667,71912,77808804,0.000000,0.000000
rust/execution_filtered_sum,1082,0,14912,0.050087125,297721,322134361,0.000000,0.000000
rust/execution_filtered_sum,1082,1,15040,0.050097292,300216,324833526,0.000000,0.000000
rust/execution_filtered_sum,1082,2,14848,0.050064000,296580,320899968,0.000000,0.000000
rust/execution_filtered_sum,1082,3,15456,0.050025250,308964,334299019,0.000000,0.000000
rust/execution_filtered_sum,1082,4,15616,0.050083042,311802,337369923,0.000000,0.000000
rust/execution_filtered_sum,1082,5,15616,0.050064625,311917,337494029,0.000000,0.000000
rust/execution_filtered_sum,1082,6,15584,0.050048792,311376,336908991,0.000000,0.000000
execution/filtered_sum,8586,0,384,0.053725542,7147,61367906,0.000000,0.000000
execution/filtered_sum,8586,1,384,0.053864958,7129,61209070,0.000000,0.000000
execution/filtered_sum,8586,2,384,0.053801833,7137,61280886,0.000000,0.000000
execution/filtered_sum,8586,3,384,0.054163917,7090,60871225,0.000000,0.000000
execution/filtered_sum,8586,4,384,0.054112125,7096,60929487,0.000000,0.000000
execution/filtered_sum,8586,5,384,0.053807500,7137,61274432,0.000000,0.000000
execution/filtered_sum,8586,6,384,0.053526167,7174,61596490,0.000000,0.000000
execution/mapped_sum,8586,0,480,0.053480792,8975,77060938,0.000000,0.000000
execution/mapped_sum,8586,1,480,0.052466042,9149,78551380,0.000000,0.000000
execution/mapped_sum,8586,2,480,0.052348666,9169,78727508,0.000000,0.000000
execution/mapped_sum,8586,3,480,0.052464500,9149,78553689,0.000000,0.000000
execution/mapped_sum,8586,4,480,0.052419041,9157,78621812,0.000000,0.000000
execution/mapped_sum,8586,5,480,0.052375375,9165,78687360,0.000000,0.000000
execution/mapped_sum,8586,6,480,0.052180875,9199,78980661,0.000000,0.000000
rust/execution_filtered_sum,8586,0,1984,0.050381792,39379,338110721,0.000000,0.000000
rust/execution_filtered_sum,8586,1,2016,0.050459583,39953,343034464,0.000000,0.000000
rust/execution_filtered_sum,8586,2,2016,0.050465416,39948,342994815,0.000000,0.000000
rust/execution_filtered_sum,8586,3,1984,0.050750667,39093,335653204,0.000000,0.000000
rust/execution_filtered_sum,8586,4,1952,0.050379041,38746,332675487,0.000000,0.000000
rust/execution_filtered_sum,8586,5,1920,0.050031000,38376,329498111,0.000000,0.000000
rust/execution_filtered_sum,8586,6,1952,0.050501916,38652,331866062,0.000000,0.000000
execution/filtered_sum,137226,0,32,0.073317500,436,59893368,0.000000,0.000000
execution/filtered_sum,137226,1,32,0.071783000,446,61173704,0.000000,0.000000
execution/filtered_sum,137226,2,32,0.071778750,446,61177326,0.000000,0.000000
execution/filtered_sum,137226,3,32,0.071519333,447,61399230,0.000000,0.000000
execution/filtered_sum,137226,4,32,0.071295709,449,61591813,0.000000,0.000000
execution/filtered_sum,137226,5,32,0.071449458,448,61459277,0.000000,0.000000
execution/filtered_sum,137226,6,32,0.071562750,447,61361980,0.000000,0.000000
execution/mapped_sum,137226,0,32,0.056963542,562,77088465,0.000000,0.000000
execution/mapped_sum,137226,1,32,0.055625208,575,78943201,0.000000,0.000000
execution/mapped_sum,137226,2,32,0.055562917,576,79031704,0.000000,0.000000
execution/mapped_sum,137226,3,32,0.055992084,572,78425943,0.000000,0.000000
execution/mapped_sum,137226,4,32,0.055865250,573,78603998,0.000000,0.000000
execution/mapped_sum,137226,5,32,0.055753500,574,78761549,0.000000,0.000000
execution/mapped_sum,137226,6,32,0.055913583,572,78536051,0.000000,0.000000
rust/execution_filtered_sum,137226,0,128,0.052642750,2431,333662812,0.000000,0.000000
rust/execution_filtered_sum,137226,1,128,0.052060709,2459,337393177,0.000000,0.000000
rust/execution_filtered_sum,137226,2,128,0.051374167,2492,341901952,0.000000,0.000000
rust/execution_filtered_sum,137226,3,128,0.051161917,2502,343320365,0.000000,0.000000
rust/execution_filtered_sum,137226,4,128,0.051418333,2489,341608274,0.000000,0.000000
rust/execution_filtered_sum,137226,5,128,0.051629916,2479,340208340,0.000000,0.000000
rust/execution_filtered_sum,137226,6,128,0.051380416,2491,341860370,0.000000,0.000000
execution/lookup_8192,501,0,97280,0.050012458,1945115,974502793,0.000000,0.000000
execution/lookup_8192,501,1,96800,0.050006125,1935763,969817197,0.000000,0.000000
execution/lookup_8192,501,2,97216,0.050004833,1944132,974010172,0.000000,0.000000
execution/lookup_8192,501,3,98048,0.050006458,1960707,982314084,0.000000,0.000000
execution/lookup_8192,501,4,97632,0.050005833,1952412,978158528,0.000000,0.000000
execution/lookup_8192,501,5,97280,0.050008167,1945282,974586411,0.000000,0.000000
execution/lookup_8192,501,6,97344,0.050003167,1946757,975325103,0.000000,0.000000
rust/execution_lookup_8192,501,0,159936,0.050002500,3198560,1602478596,0.000000,0.000000
rust/execution_lookup_8192,501,1,163584,0.050009666,3271048,1638794868,0.000000,0.000000
rust/execution_lookup_8192,501,2,162400,0.050001209,3247921,1627208654,0.000000,0.000000
rust/execution_lookup_8192,501,3,162624,0.050008334,3251938,1629220921,0.000000,0.000000
rust/execution_lookup_8192,501,4,163776,0.050000667,3275476,1641013629,0.000000,0.000000
rust/execution_lookup_8192,501,5,163040,0.050000666,3260757,1633639040,0.000000,0.000000
rust/execution_lookup_8192,501,6,163872,0.050000416,3277413,1641983779,0.000000,0.000000
execution/type_fallback,16,0,346304,0.050003334,6925618,110809891,0.000000,0.000000
execution/type_fallback,16,1,350368,0.050003166,7006916,112110661,0.000000,0.000000
execution/type_fallback,16,2,350176,0.050002875,7003117,112049877,0.000000,0.000000
execution/type_fallback,16,3,347456,0.050001125,6948964,111183418,0.000000,0.000000
execution/type_fallback,16,4,344096,0.050003833,6881392,110102280,0.000000,0.000000
execution/type_fallback,16,5,345792,0.050000875,6915719,110651504,0.000000,0.000000
execution/type_fallback,16,6,342880,0.050004000,6857051,109712823,0.000000,0.000000
plan/branch,100,0,100128,0.050011542,2002098,200209784,0.000000,0.000000
plan/branch,100,1,101312,0.050002875,2026123,202612350,0.000000,0.000000
plan/branch,100,2,101344,0.050001167,2026833,202683269,0.000000,0.000000
plan/branch,100,3,101312,0.050007958,2025918,202591755,0.000000,0.000000
plan/branch,100,4,100576,0.050011583,2011054,201105412,0.000000,0.000000
plan/branch,100,5,97728,0.050004333,1954391,195439063,0.000000,0.000000
plan/branch,100,6,99840,0.050012750,1996291,199629095,0.000000,0.000000
plan/boolean,100,0,79200,0.050019375,1583386,158338644,0.000000,0.000000
plan/boolean,100,1,79968,0.050005625,1599180,159918009,0.000000,0.000000
plan/boolean,100,2,79680,0.050007167,1593372,159337161,0.000000,0.000000
plan/boolean,100,3,79360,0.050014375,1586744,158674381,0.000000,0.000000
plan/boolean,100,4,80384,0.050011459,1607312,160731164,0.000000,0.000000
plan/boolean,100,5,80064,0.050010416,1600946,160094649,0.000000,0.000000
plan/boolean,100,6,80192,0.050015417,1603346,160334562,0.000000,0.000000
plan/object,100,0,57408,0.050021375,1147669,114766937,4.000000,568.000000
plan/object,100,1,57184,0.050024459,1143121,114312081,4.000000,568.000000
plan/object,100,2,57152,0.050018916,1142608,114260773,4.000000,568.000000
plan/object,100,3,57088,0.050018584,1141336,114133579,4.000000,568.000000
plan/object,100,4,56896,0.050018834,1137492,113749153,4.000000,568.000000
plan/object,100,5,57216,0.050021208,1143835,114383483,4.000000,568.000000
plan/object,100,6,56864,0.050001541,1137245,113724495,4.000000,568.000000
plan/branch,500,0,32352,0.050021042,646768,323383907,0.000000,0.000000
plan/branch,500,1,32384,0.050005375,647610,323805191,0.000000,0.000000
plan/branch,500,2,32384,0.050013875,647500,323750159,0.000000,0.000000
plan/branch,500,3,32352,0.050001666,647018,323509221,0.000000,0.000000
plan/branch,500,4,32256,0.050004250,645065,322532585,0.000000,0.000000
plan/branch,500,5,32256,0.050027000,644772,322385912,0.000000,0.000000
plan/branch,500,6,32320,0.050048583,645773,322886264,0.000000,0.000000
plan/boolean,500,0,26400,0.050044792,527527,263763710,0.000000,0.000000
plan/boolean,500,1,26496,0.050044875,529445,264722412,0.000000,0.000000
plan/boolean,500,2,26496,0.050044333,529451,264725279,0.000000,0.000000
plan/boolean,500,3,26560,0.050021333,530973,265486727,0.000000,0.000000
plan/boolean,500,4,26464,0.050019875,529070,264534847,0.000000,0.000000
plan/boolean,500,5,26528,0.050005833,530498,265249056,0.000000,0.000000
plan/boolean,500,6,26464,0.050059000,528656,264328093,0.000000,0.000000
plan/object,500,0,21344,0.050034209,426588,213294068,4.000000,568.000000
plan/object,500,1,21280,0.050007791,425534,212766847,4.000000,568.000000
plan/object,500,2,21344,0.050060083,426368,213183826,4.000000,568.000000
plan/object,500,3,21216,0.050038625,423992,211996233,4.000000,568.000000
plan/object,500,4,21344,0.050023416,426680,213340089,4.000000,568.000000
plan/object,500,5,21280,0.050002042,425583,212791310,4.000000,568.000000
plan/object,500,6,21248,0.050008208,424890,212445125,4.000000,568.000000
plan/branch,1024,0,17408,0.050039417,347886,356235006,0.000000,0.000000
plan/branch,1024,1,17440,0.050061958,348368,356729155,0.000000,0.000000
plan/branch,1024,2,17440,0.050041917,348508,356872020,0.000000,0.000000
plan/branch,1024,3,17408,0.050004167,348131,356486130,0.000000,0.000000
plan/branch,1024,4,17440,0.050037375,348539,356904414,0.000000,0.000000
plan/branch,1024,5,17472,0.050089166,348818,357189577,0.000000,0.000000
plan/branch,1024,6,17440,0.050047667,348468,356831019,0.000000,0.000000
plan/boolean,1024,0,14400,0.050078875,287546,294447509,0.000000,0.000000
plan/boolean,1024,1,14400,0.050044125,287746,294651970,0.000000,0.000000
plan/boolean,1024,2,14400,0.050097667,287439,294337060,0.000000,0.000000
plan/boolean,1024,3,14336,0.050070917,286314,293185443,0.000000,0.000000
plan/boolean,1024,4,14400,0.050033125,287809,294716750,0.000000,0.000000
plan/boolean,1024,5,14368,0.050039583,287133,294023873,0.000000,0.000000
plan/boolean,1024,6,14400,0.050033875,287805,294712332,0.000000,0.000000
plan/object,1024,0,11968,0.050061417,239066,244803938,4.000000,568.000000
plan/object,1024,1,12000,0.050105500,239495,245242538,4.000000,568.000000
plan/object,1024,2,11968,0.050067958,239035,244771956,4.000000,568.000000
plan/object,1024,3,12000,0.050094417,239548,245296796,4.000000,568.000000
plan/object,1024,4,12000,0.050127500,239390,245134906,4.000000,568.000000
plan/object,1024,5,12000,0.050039291,239812,245567029,4.000000,568.000000
plan/object,1024,6,11936,0.050016250,238642,244369860,4.000000,568.000000
plan/branch,10240,0,1952,0.050724541,38482,394059357,0.000000,0.000000
plan/branch,10240,1,1952,0.050754167,38460,393829338,0.000000,0.000000
plan/branch,10240,2,1952,0.050822458,38408,393300143,0.000000,0.000000
plan/branch,10240,3,1952,0.050752833,38461,393839690,0.000000,0.000000
plan/branch,10240,4,1952,0.050721250,38485,394084925,0.000000,0.000000
plan/branch,10240,5,1952,0.050804917,38421,393435935,0.000000,0.000000
plan/branch,10240,6,1952,0.050756791,38458,393808978,0.000000,0.000000
plan/boolean,10240,0,1632,0.050952709,32030,327984131,0.000000,0.000000
plan/boolean,10240,1,1632,0.050895709,32066,328351453,0.000000,0.000000
plan/boolean,10240,2,1600,0.050124500,31921,326866103,0.000000,0.000000
plan/boolean,10240,3,1632,0.050914166,32054,328232422,0.000000,0.000000
plan/boolean,10240,4,1600,0.050029833,31981,327484603,0.000000,0.000000
plan/boolean,10240,5,1632,0.050812666,32118,328888077,0.000000,0.000000
plan/boolean,10240,6,1632,0.050896459,32065,328346614,0.000000,0.000000
plan/object,10240,0,1376,0.050273208,27370,280273342,4.000000,568.000000
plan/object,10240,1,1376,0.050277459,27368,280249644,4.000000,568.000000
plan/object,10240,2,1376,0.050273291,27370,280272879,4.000000,568.000000
plan/object,10240,3,1376,0.050258292,27379,280356523,4.000000,568.000000
plan/object,10240,4,1376,0.050253833,27381,280381399,4.000000,568.000000
plan/object,10240,5,1376,0.050315875,27347,280035675,4.000000,568.000000
plan/object,10240,6,1376,0.050217250,27401,280585655,4.000000,568.000000
plan/branch,1048576,0,32,0.083995000,381,399481302,0.000000,0.000000
plan/branch,1048576,1,32,0.084058500,381,399179524,0.000000,0.000000
plan/branch,1048576,2,32,0.084026958,381,399329368,0.000000,0.000000
plan/branch,1048576,3,32,0.083993667,381,399487642,0.000000,0.000000
plan/branch,1048576,4,32,0.083916500,381,399854999,0.000000,0.000000
plan/branch,1048576,5,32,0.083927250,381,399803782,0.000000,0.000000
plan/branch,1048576,6,32,0.083828583,382,400274355,0.000000,0.000000
plan/boolean,1048576,0,32,0.100709125,318,333181646,0.000000,0.000000
plan/boolean,1048576,1,32,0.100717792,318,333152975,0.000000,0.000000
plan/boolean,1048576,2,32,0.100630042,318,333443486,0.000000,0.000000
plan/boolean,1048576,3,32,0.100701291,318,333207565,0.000000,0.000000
plan/boolean,1048576,4,32,0.100714916,318,333162488,0.000000,0.000000
plan/boolean,1048576,5,32,0.100749542,318,333047985,0.000000,0.000000
plan/boolean,1048576,6,32,0.100986375,317,332266922,0.000000,0.000000
plan/object,1048576,0,32,0.117515916,272,285530957,4.000000,568.000000
plan/object,1048576,1,32,0.117572125,272,285394450,4.000000,568.000000
plan/object,1048576,2,32,0.117288583,273,286084384,4.000000,568.000000
plan/object,1048576,3,32,0.117481750,272,285613995,4.000000,568.000000
plan/object,1048576,4,32,0.117536583,272,285480751,4.000000,568.000000
plan/object,1048576,5,32,0.117385208,273,285848895,4.000000,568.000000
plan/object,1048576,6,32,0.117663292,272,285173323,4.000000,568.000000
plan/lookup_branch,490,0,28416,0.050044667,567813,278228248,0.000000,0.000000
plan/lookup_branch,490,1,28544,0.050055417,570248,279421506,0.000000,0.000000
plan/lookup_branch,490,2,28640,0.050046458,572268,280411453,0.000000,0.000000
plan/lookup_branch,490,3,28640,0.050017583,572599,280573334,0.000000,0.000000
plan/lookup_branch,490,4,28480,0.050038667,569160,278888325,0.000000,0.000000
plan/lookup_branch,490,5,28160,0.050018875,562987,275863861,0.000000,0.000000
plan/lookup_branch,490,6,28160,0.050042292,562724,275734773,0.000000,0.000000
plan/lookup_quote,490,0,20768,0.050053041,414920,203310724,0.000000,0.000000
plan/lookup_quote,490,1,20864,0.050061458,416768,204216186,0.000000,0.000000
plan/lookup_quote,490,2,20960,0.050041375,418853,205238165,0.000000,0.000000
plan/lookup_quote,490,3,20896,0.050026000,417703,204674369,0.000000,0.000000
plan/lookup_quote,490,4,20960,0.050020875,419025,205322278,0.000000,0.000000
plan/lookup_quote,490,5,20864,0.050001875,417264,204459533,0.000000,0.000000
plan/lookup_quote,490,6,20928,0.050052834,418118,204877910,0.000000,0.000000
plan/invoice_sum,58,0,113504,0.050013500,2269467,131629100,0.000000,0.000000
plan/invoice_sum,58,1,114880,0.050002583,2297481,133253916,0.000000,0.000000
plan/invoice_sum,58,2,116832,0.050006709,2336327,135506938,0.000000,0.000000
plan/invoice_sum,58,3,115968,0.050005959,2319084,134506849,0.000000,0.000000
plan/invoice_sum,58,4,115840,0.050003417,2316642,134365217,0.000000,0.000000
plan/invoice_sum,58,5,113760,0.050007625,2274853,131941479,0.000000,0.000000
plan/invoice_sum,58,6,115520,0.050006042,2310121,133987009,0.000000,0.000000
rust/plan_invoice,58,0,293664,0.050001708,5873079,340638604,0.000000,0.000000
rust/plan_invoice,58,1,294240,0.050001542,5884619,341307874,0.000000,0.000000
rust/plan_invoice,58,2,285728,0.050005292,5713955,331409404,0.000000,0.000000
rust/plan_invoice,58,3,290272,0.050003750,5805005,336690268,0.000000,0.000000
rust/plan_invoice,58,4,295680,0.050002958,5913250,342968510,0.000000,0.000000
rust/plan_invoice,58,5,294080,0.050002792,5881272,341113752,0.000000,0.000000
rust/plan_invoice,58,6,291744,0.050003583,5834462,338398790,0.000000,0.000000
plan/invoice_object,58,0,90432,0.050001250,1808595,104898498,3.000000,296.000000
plan/invoice_object,58,1,90976,0.050009875,1819161,105511322,3.000000,296.000000
plan/invoice_object,58,2,91648,0.050014250,1832438,106281390,3.000000,296.000000
plan/invoice_object,58,3,91712,0.050011041,1833835,106362433,3.000000,296.000000
plan/invoice_object,58,4,91808,0.050005625,1835953,106485300,3.000000,296.000000
plan/invoice_object,58,5,92384,0.050011500,1847255,107140798,3.000000,296.000000
plan/invoice_object,58,6,92352,0.050001209,1846995,107125730,3.000000,296.000000
plan/mapped_objects,58,0,82720,0.050015375,1653891,95925703,3.000000,296.000000
plan/mapped_objects,58,1,82944,0.050009625,1658561,96196522,3.000000,296.000000
plan/mapped_objects,58,2,83488,0.050008625,1669472,96829377,3.000000,296.000000
plan/mapped_objects,58,3,83552,0.050003125,1670936,96914263,3.000000,296.000000
plan/mapped_objects,58,4,82688,0.050006792,1653535,95905052,3.000000,296.000000
plan/mapped_objects,58,5,83584,0.050015792,1671152,96926827,3.000000,296.000000
plan/mapped_objects,58,6,83968,0.050004417,1679212,97394276,3.000000,296.000000
plan/invoice_sum,300,0,20864,0.050057625,416800,125039892,0.000000,0.000000
plan/invoice_sum,300,1,21088,0.050068625,421182,126354578,0.000000,0.000000
plan/invoice_sum,300,2,21088,0.050065375,421209,126362781,0.000000,0.000000
plan/invoice_sum,300,3,21056,0.050020541,420947,126284120,0.000000,0.000000
plan/invoice_sum,300,4,21280,0.050017291,425453,127635861,0.000000,0.000000
plan/invoice_sum,300,5,20992,0.050059833,419338,125801458,0.000000,0.000000
plan/invoice_sum,300,6,21216,0.050059958,423812,127143535,0.000000,0.000000
rust/plan_invoice,300,0,49312,0.050022833,985790,295736949,0.000000,0.000000
rust/plan_invoice,300,1,49440,0.050028834,988230,296469032,0.000000,0.000000
rust/plan_invoice,300,2,49184,0.050024250,983203,294960944,0.000000,0.000000
rust/plan_invoice,300,3,49152,0.050019917,982649,294794572,0.000000,0.000000
rust/plan_invoice,300,4,49280,0.050026958,985069,295520667,0.000000,0.000000
rust/plan_invoice,300,5,49472,0.050025167,988942,296682668,0.000000,0.000000
rust/plan_invoice,300,6,49440,0.050017459,988455,296536455,0.000000,0.000000
plan/invoice_object,300,0,20000,0.050009375,399925,119977504,3.000000,296.000000
plan/invoice_object,300,1,20032,0.050014792,400522,120156453,3.000000,296.000000
plan/invoice_object,300,2,20096,0.050075084,401317,120395205,3.000000,296.000000
plan/invoice_object,300,3,20224,0.050004834,404441,121332270,3.000000,296.000000
plan/invoice_object,300,4,20352,0.050002708,407018,122105387,3.000000,296.000000
plan/invoice_object,300,5,20224,0.050064917,403956,121186659,3.000000,296.000000
plan/invoice_object,300,6,20288,0.050020709,405592,121677604,3.000000,296.000000
plan/mapped_objects,300,0,13344,0.050106792,266311,79893361,24.000000,2368.000000
plan/mapped_objects,300,1,13088,0.050006792,261724,78517334,24.000000,2368.000000
plan/mapped_objects,300,2,13184,0.050059666,263366,79009716,24.000000,2368.000000
plan/mapped_objects,300,3,13184,0.050090167,263205,78961605,24.000000,2368.000000
plan/mapped_objects,300,4,13280,0.050118042,264974,79492331,24.000000,2368.000000
plan/mapped_objects,300,5,13152,0.050094541,262544,78763073,24.000000,2368.000000
plan/mapped_objects,300,6,13216,0.050100625,263789,79136737,24.000000,2368.000000
plan/invoice_sum,4488,0,1312,0.050101208,26187,117527226,0.000000,0.000000
plan/invoice_sum,4488,1,1312,0.050033083,26223,117687251,0.000000,0.000000
plan/invoice_sum,4488,2,1344,0.050450916,26640,119559217,0.000000,0.000000
plan/invoice_sum,4488,3,1344,0.050579666,26572,119254880,0.000000,0.000000
plan/invoice_sum,4488,4,1344,0.050547292,26589,119331259,0.000000,0.000000
plan/invoice_sum,4488,5,1344,0.050293917,26723,119932436,0.000000,0.000000
plan/invoice_sum,4488,6,1344,0.050278333,26731,119969610,0.000000,0.000000
rust/plan_invoice,4488,0,3232,0.050026166,64606,289952582,0.000000,0.000000
rust/plan_invoice,4488,1,3232,0.050039583,64589,289874838,0.000000,0.000000
rust/plan_invoice,4488,2,3264,0.050256708,64947,291480134,0.000000,0.000000
rust/plan_invoice,4488,3,3232,0.050081375,64535,289632942,0.000000,0.000000
rust/plan_invoice,4488,4,3264,0.050432875,64720,290461966,0.000000,0.000000
rust/plan_invoice,4488,5,3264,0.050147542,65088,292114656,0.000000,0.000000
rust/plan_invoice,4488,6,3264,0.050362292,64810,290869049,0.000000,0.000000
plan/invoice_object,4488,0,1312,0.050191125,26140,117316677,3.000000,296.000000
plan/invoice_object,4488,1,1344,0.050921833,26393,118453552,3.000000,296.000000
plan/invoice_object,4488,2,1344,0.050854709,26428,118609901,3.000000,296.000000
plan/invoice_object,4488,3,1344,0.050590583,26566,119229146,3.000000,296.000000
plan/invoice_object,4488,4,1344,0.050708667,26504,118951500,3.000000,296.000000
plan/invoice_object,4488,5,1344,0.050576375,26574,119262640,3.000000,296.000000
plan/invoice_object,4488,6,1344,0.050555542,26585,119311786,3.000000,296.000000
plan/mapped_objects,4488,0,864,0.051027250,16932,75991397,384.000000,37888.000000
plan/mapped_objects,4488,1,864,0.050743625,17027,76416141,384.000000,37888.000000
plan/mapped_objects,4488,2,864,0.050317084,17171,77063925,384.000000,37888.000000
plan/mapped_objects,4488,3,896,0.051724375,17323,77743772,384.000000,37888.000000
plan/mapped_objects,4488,4,896,0.051359458,17446,78296153,384.000000,37888.000000
plan/mapped_objects,4488,5,896,0.051129709,17524,78647974,384.000000,37888.000000
plan/mapped_objects,4488,6,896,0.051197459,17501,78543898,384.000000,37888.000000
plan/invoice_sum,35736,0,192,0.057451291,3342,119428335,0.000000,0.000000
plan/invoice_sum,35736,1,192,0.058245792,3296,117799274,0.000000,0.000000
plan/invoice_sum,35736,2,192,0.058412042,3287,117463998,0.000000,0.000000
plan/invoice_sum,35736,3,192,0.057921834,3315,118458128,0.000000,0.000000
plan/invoice_sum,35736,4,192,0.057529375,3337,119266236,0.000000,0.000000
plan/invoice_sum,35736,5,192,0.057203916,3356,119944795,0.000000,0.000000
plan/invoice_sum,35736,6,192,0.057088000,3363,120188341,0.000000,0.000000
rust/plan_invoice,35736,0,416,0.050815250,8187,292553436,0.000000,0.000000
rust/plan_invoice,35736,1,416,0.050789416,8191,292702243,0.000000,0.000000
rust/plan_invoice,35736,2,416,0.050608250,8220,293750051,0.000000,0.000000
rust/plan_invoice,35736,3,416,0.050739834,8199,292988266,0.000000,0.000000
rust/plan_invoice,35736,4,416,0.050780334,8192,292754593,0.000000,0.000000
rust/plan_invoice,35736,5,416,0.051298084,8109,289799830,0.000000,0.000000
rust/plan_invoice,35736,6,416,0.050861000,8179,292290281,0.000000,0.000000
plan/invoice_object,35736,0,192,0.057825250,3320,118655985,3.000000,296.000000
plan/invoice_object,35736,1,192,0.058097167,3305,118100630,3.000000,296.000000
plan/invoice_object,35736,2,192,0.057640792,3331,119035700,3.000000,296.000000
plan/invoice_object,35736,3,192,0.057238875,3354,119871538,3.000000,296.000000
plan/invoice_object,35736,4,192,0.057658292,3330,118999571,3.000000,296.000000
plan/invoice_object,35736,5,192,0.057635583,3331,119046458,3.000000,296.000000
plan/invoice_object,35736,6,192,0.057558708,3336,119205455,3.000000,296.000000
plan/mapped_objects,35736,0,128,0.059445292,2153,76948196,3072.000000,303104.000000
plan/mapped_objects,35736,1,128,0.059574625,2149,76781146,3072.000000,303104.000000
plan/mapped_objects,35736,2,128,0.059219250,2161,77241910,3072.000000,303104.000000
plan/mapped_objects,35736,3,128,0.059709042,2144,76608297,3072.000000,303104.000000
plan/mapped_objects,35736,4,128,0.059715166,2144,76600440,3072.000000,303104.000000
plan/mapped_objects,35736,5,128,0.059110834,2165,77383581,3072.000000,303104.000000
plan/mapped_objects,35736,6,128,0.058759250,2178,77846603,3072.000000,303104.000000
plan/invoice_sum,571416,0,32,0.153446542,209,119164054,0.000000,0.000000
plan/invoice_sum,571416,1,32,0.152569208,210,119849295,0.000000,0.000000
plan/invoice_sum,571416,2,32,0.152799750,209,119668468,0.000000,0.000000
plan/invoice_sum,571416,3,32,0.153013208,209,119501527,0.000000,0.000000
plan/invoice_sum,571416,4,32,0.153360750,209,119230716,0.000000,0.000000
plan/invoice_sum,571416,5,32,0.152095500,210,120222571,0.000000,0.000000
plan/invoice_sum,571416,6,32,0.152746458,209,119710219,0.000000,0.000000
rust/plan_invoice,571416,0,32,0.061889709,517,295449959,0.000000,0.000000
rust/plan_invoice,571416,1,32,0.062073292,516,294576160,0.000000,0.000000
rust/plan_invoice,571416,2,32,0.062658250,511,291826088,0.000000,0.000000
rust/plan_invoice,571416,3,32,0.062277292,514,293611225,0.000000,0.000000
rust/plan_invoice,571416,4,32,0.062343917,513,293297452,0.000000,0.000000
rust/plan_invoice,571416,5,32,0.062298958,514,293509115,0.000000,0.000000
rust/plan_invoice,571416,6,32,0.062478125,512,292667426,0.000000,0.000000
plan/invoice_object,571416,0,32,0.153269917,209,119301376,3.000000,296.000000
plan/invoice_object,571416,1,32,0.152430250,210,119958552,3.000000,296.000000
plan/invoice_object,571416,2,32,0.152643292,210,119791127,3.000000,296.000000
plan/invoice_object,571416,3,32,0.153023667,209,119493359,3.000000,296.000000
plan/invoice_object,571416,4,32,0.152863875,209,119618268,3.000000,296.000000
plan/invoice_object,571416,5,32,0.152117666,210,120205052,3.000000,296.000000
plan/invoice_object,571416,6,32,0.152409125,210,119975179,3.000000,296.000000
plan/mapped_objects,571416,0,32,0.237078166,135,77127777,49152.000000,4849664.000000
plan/mapped_objects,571416,1,32,0.235276042,136,77718546,49152.000000,4849664.000000
plan/mapped_objects,571416,2,32,0.238024583,134,76821107,49152.000000,4849664.000000
plan/mapped_objects,571416,3,32,0.238680750,134,76609915,49152.000000,4849664.000000
plan/mapped_objects,571416,4,32,0.236397250,135,77349935,49152.000000,4849664.000000
plan/mapped_objects,571416,5,32,0.236956625,135,77167338,49152.000000,4849664.000000
plan/mapped_objects,571416,6,32,0.236670209,135,77260725,49152.000000,4849664.000000
plan/wide_fields,7583,0,1440,0.050641708,28435,215623059,0.000000,0.000000
plan/wide_fields,7583,1,1440,0.050617000,28449,215728313,0.000000,0.000000
plan/wide_fields,7583,2,1440,0.050586750,28466,215857314,0.000000,0.000000
plan/wide_fields,7583,3,1440,0.050430584,28554,216525750,0.000000,0.000000
plan/wide_fields,7583,4,1472,0.051108208,28802,218402805,0.000000,0.000000
plan/wide_fields,7583,5,1440,0.050154458,28711,217717835,0.000000,0.000000
plan/wide_fields,7583,6,1440,0.050787375,28354,215004615,0.000000,0.000000
plan/untaken_branch,496,0,84544,0.050006916,1690646,838560490,0.000000,0.000000
plan/untaken_branch,496,1,84288,0.050016167,1685215,835866691,0.000000,0.000000
plan/untaken_branch,496,2,84128,0.050010541,1682205,834373857,0.000000,0.000000
plan/untaken_branch,496,3,84544,0.050000875,1690850,838661803,0.000000,0.000000
plan/untaken_branch,496,4,83680,0.050003375,1673487,830049572,0.000000,0.000000
plan/untaken_branch,496,5,83872,0.050004666,1677283,831932604,0.000000,0.000000
plan/untaken_branch,496,6,84320,0.050015209,1685887,836200045,0.000000,0.000000
compile/plan_branch,0,0,35296,0.050029083,705510,0,75.000000,3282.000000
compile/plan_branch,0,1,35488,0.050044625,709127,0,75.000000,3282.000000
compile/plan_branch,0,2,35136,0.050008792,702596,0,75.000000,3282.000000
compile/plan_branch,0,3,35072,0.050015584,701221,0,75.000000,3282.000000
compile/plan_branch,0,4,35296,0.050015083,705707,0,75.000000,3282.000000
compile/plan_branch,0,5,35200,0.050001542,703978,0,75.000000,3282.000000
compile/plan_branch,0,6,35360,0.050044958,706565,0,75.000000,3282.000000
