workload,input_bytes,sample,records,seconds,records_per_second,input_bytes_per_second,allocations_per_record,allocated_bytes_per_record
compile,0,0,249984,0.050004250,4999255,0,8.000000,578.000000
compile,0,1,251744,0.050005750,5034301,0,8.000000,578.000000
compile,0,2,252864,0.050005834,5056690,0,8.000000,578.000000
compile,0,3,250752,0.050000042,5015036,0,8.000000,578.000000
compile,0,4,251936,0.050005125,5038204,0,8.000000,578.000000
compile,0,5,252064,0.050000458,5041234,0,8.000000,578.000000
compile,0,6,253216,0.050003791,5063936,0,8.000000,578.000000
ascii/validate,100,0,600704,0.050001459,12013729,1201372944,0.000000,0.000000
ascii/validate,100,1,613344,0.050000667,12266716,1226671636,0.000000,0.000000
ascii/validate,100,2,614880,0.050001541,12297221,1229722100,0.000000,0.000000
ascii/validate,100,3,626144,0.050002042,12522369,1252236859,0.000000,0.000000
ascii/validate,100,4,625408,0.050000833,12507952,1250795162,0.000000,0.000000
ascii/validate,100,5,621984,0.050000875,12439462,1243946231,0.000000,0.000000
ascii/validate,100,6,621504,0.050001166,12429790,1242979014,0.000000,0.000000
ascii/identity,100,0,592960,0.050001833,11858765,1185876526,0.000000,0.000000
ascii/identity,100,1,583904,0.050002041,11677603,1167760332,0.000000,0.000000
ascii/identity,100,2,584928,0.050000458,11698453,1169845284,0.000000,0.000000
ascii/identity,100,3,585024,0.050000125,11700451,1170045075,0.000000,0.000000
ascii/identity,100,4,594080,0.050002291,11881056,1188105561,0.000000,0.000000
ascii/identity,100,5,593088,0.050001375,11861434,1186143381,0.000000,0.000000
ascii/identity,100,6,588320,0.050000750,11766224,1176622351,0.000000,0.000000
ascii/shallow,100,0,498432,0.050002792,9968083,996808338,0.000000,0.000000
ascii/shallow,100,1,494048,0.050000458,9880869,988086949,0.000000,0.000000
ascii/shallow,100,2,490816,0.050000084,9816304,981630351,0.000000,0.000000
ascii/shallow,100,3,506816,0.050001375,10136041,1013604126,0.000000,0.000000
ascii/shallow,100,4,517152,0.050001625,10342704,1034270386,0.000000,0.000000
ascii/shallow,100,5,516736,0.050002458,10334212,1033421197,0.000000,0.000000
ascii/shallow,100,6,516768,0.050002292,10334886,1033488625,0.000000,0.000000
ascii/nested,100,0,481728,0.050003000,9633982,963398196,0.000000,0.000000
ascii/nested,100,1,487680,0.050001375,9753332,975333178,0.000000,0.000000
ascii/nested,100,2,491168,0.050000417,9823278,982327807,0.000000,0.000000
ascii/nested,100,3,489696,0.050000167,9793887,979388729,0.000000,0.000000
ascii/nested,100,4,488992,0.050002709,9779310,977931016,0.000000,0.000000
ascii/nested,100,5,488512,0.050001208,9770004,977000396,0.000000,0.000000
ascii/nested,100,6,488320,0.050001333,9766140,976613963,0.000000,0.000000
ascii/missing,100,0,524576,0.050001250,10491258,1049125772,0.000000,0.000000
ascii/missing,100,1,522464,0.050000041,10449271,1044927143,0.000000,0.000000
ascii/missing,100,2,524928,0.050002667,10498000,1049800004,0.000000,0.000000
ascii/missing,100,3,532704,0.050001000,10653867,1065386692,0.000000,0.000000
ascii/missing,100,4,533248,0.050000792,10664791,1066479107,0.000000,0.000000
ascii/missing,100,5,535232,0.050001458,10704328,1070432786,0.000000,0.000000
ascii/missing,100,6,529120,0.050001792,10582021,1058202074,0.000000,0.000000
ascii/array_value,100,0,500672,0.050002083,10013023,1001302286,0.000000,0.000000
ascii/array_value,100,1,507488,0.050001542,10149447,1014944699,0.000000,0.000000
ascii/array_value,100,2,502816,0.050002708,10055775,1005577538,0.000000,0.000000
ascii/array_value,100,3,503968,0.050001667,10079024,1007902397,0.000000,0.000000
ascii/array_value,100,4,503648,0.050001000,10072759,1007275854,0.000000,0.000000
ascii/array_value,100,5,508224,0.050000500,10164378,1016437836,0.000000,0.000000
ascii/array_value,100,6,505664,0.050000792,10113120,1011311981,0.000000,0.000000
ascii/identity_write,100,0,317632,0.050002417,6352333,635233293,0.000000,0.000000
ascii/identity_write,100,1,319360,0.050000500,6387136,638713613,0.000000,0.000000
ascii/identity_write,100,2,318432,0.050001000,6368513,636851263,0.000000,0.000000
ascii/identity_write,100,3,319328,0.050001750,6386336,638633648,0.000000,0.000000
ascii/identity_write,100,4,316672,0.050000417,6333387,633338718,0.000000,0.000000
ascii/identity_write,100,5,316992,0.050001459,6339655,633965501,0.000000,0.000000
ascii/identity_write,100,6,320096,0.050002416,6401611,640161067,0.000000,0.000000
ascii/validate,500,0,168928,0.050005792,3378169,1689084336,0.000000,0.000000
ascii/validate,500,1,169312,0.050004250,3385952,1692976097,0.000000,0.000000
ascii/validate,500,2,170976,0.050009333,3418882,1709440916,0.000000,0.000000
ascii/validate,500,3,170656,0.050009334,3412483,1706241479,0.000000,0.000000
ascii/validate,500,4,170336,0.050006125,3406303,1703151364,0.000000,0.000000
ascii/validate,500,5,171648,0.050003958,3432688,1716344134,0.000000,0.000000
ascii/validate,500,6,169632,0.050006208,3392219,1696109411,0.000000,0.000000
ascii/identity,500,0,166400,0.050009833,3327346,1663672822,0.000000,0.000000
ascii/identity,500,1,166080,0.050000291,3321581,1660790334,0.000000,0.000000
ascii/identity,500,2,167488,0.050007375,3349266,1674632992,0.000000,0.000000
ascii/identity,500,3,171168,0.050004791,3423032,1711516003,0.000000,0.000000
ascii/identity,500,4,168864,0.050006250,3376858,1688428946,0.000000,0.000000
ascii/identity,500,5,168480,0.050005708,3369215,1684607685,0.000000,0.000000
ascii/identity,500,6,170112,0.050004209,3401954,1700976812,0.000000,0.000000
ascii/shallow,500,0,162016,0.050007167,3239856,1619927800,0.000000,0.000000
ascii/shallow,500,1,161568,0.050007500,3230875,1615437684,0.000000,0.000000
ascii/shallow,500,2,159232,0.050008500,3184099,1592049352,0.000000,0.000000
ascii/shallow,500,3,159744,0.050006125,3194489,1597244338,0.000000,0.000000
ascii/shallow,500,4,160128,0.050008500,3202016,1601007829,0.000000,0.000000
ascii/shallow,500,5,160256,0.050004458,3204834,1602417128,0.000000,0.000000
ascii/shallow,500,6,159872,0.050005250,3197104,1598552152,0.000000,0.000000
ascii/nested,500,0,158592,0.050002166,3171703,1585851301,0.000000,0.000000
ascii/nested,500,1,158848,0.050010000,3176325,1588162368,0.000000,0.000000
ascii/nested,500,2,159200,0.050010125,3183355,1591677685,0.000000,0.000000
ascii/nested,500,3,158880,0.050001292,3177518,1588758946,0.000000,0.000000
ascii/nested,500,4,161056,0.050005792,3220747,1610373454,0.000000,0.000000
ascii/nested,500,5,160992,0.050006583,3219416,1609708066,0.000000,0.000000
ascii/nested,500,6,160512,0.050003750,3209999,1604999625,0.000000,0.000000
ascii/missing,500,0,166048,0.050007500,3320462,1660230965,0.000000,0.000000
ascii/missing,500,1,164448,0.050000042,3288957,1644478619,0.000000,0.000000
ascii/missing,500,2,164896,0.050004125,3297648,1648823972,0.000000,0.000000
ascii/missing,500,3,161344,0.050007542,3226393,1613196665,0.000000,0.000000
ascii/missing,500,4,165792,0.050003458,3315611,1657805346,0.000000,0.000000
ascii/missing,500,5,163264,0.050000791,3265228,1632614172,0.000000,0.000000
ascii/missing,500,6,164032,0.050006708,3280200,1640099964,0.000000,0.000000
ascii/array_value,500,0,159360,0.050000792,3187150,1593574758,0.000000,0.000000
ascii/array_value,500,1,159904,0.050006750,3197648,1598824159,0.000000,0.000000
ascii/array_value,500,2,161728,0.050002875,3234374,1617187012,0.000000,0.000000
ascii/array_value,500,3,160672,0.050005875,3213062,1606531233,0.000000,0.000000
ascii/array_value,500,4,160992,0.050009250,3219244,1609622220,0.000000,0.000000
ascii/array_value,500,5,160544,0.050003709,3210642,1605320917,0.000000,0.000000
ascii/array_value,500,6,161152,0.050003416,3222820,1611409908,0.000000,0.000000
ascii/identity_write,500,0,76128,0.050000625,1522541,761270484,0.000000,0.000000
ascii/identity_write,500,1,75712,0.050007333,1514018,757008977,0.000000,0.000000
ascii/identity_write,500,2,75840,0.050018958,1516225,758112554,0.000000,0.000000
ascii/identity_write,500,3,75584,0.050011541,1511331,755665577,0.000000,0.000000
ascii/identity_write,500,4,75616,0.050004042,1512198,756098877,0.000000,0.000000
ascii/identity_write,500,5,75840,0.050001959,1516741,758370287,0.000000,0.000000
ascii/identity_write,500,6,76032,0.050005000,1520488,760243976,0.000000,0.000000
ascii/validate,1024,0,88544,0.050003916,1770741,1813239107,0.000000,0.000000
ascii/validate,1024,1,88256,0.050014666,1764602,1806952865,0.000000,0.000000
ascii/validate,1024,2,88768,0.050015041,1774826,1817421923,0.000000,0.000000
ascii/validate,1024,3,88512,0.050011834,1769821,1812296826,0.000000,0.000000
ascii/validate,1024,4,88416,0.050000584,1768299,1810738531,0.000000,0.000000
ascii/validate,1024,5,88608,0.050017250,1771549,1814065987,0.000000,0.000000
ascii/validate,1024,6,88896,0.050005667,1777719,1820383758,0.000000,0.000000
ascii/identity,1024,0,87712,0.050015833,1753685,1795773110,0.000000,0.000000
ascii/identity,1024,1,87648,0.050012667,1752516,1794576402,0.000000,0.000000
ascii/identity,1024,2,88000,0.050003833,1759865,1802101851,0.000000,0.000000
ascii/identity,1024,3,87872,0.050014917,1756916,1799081822,0.000000,0.000000
ascii/identity,1024,4,88160,0.050003917,1763062,1805375367,0.000000,0.000000
ascii/identity,1024,5,88512,0.050002000,1770169,1812653254,0.000000,0.000000
ascii/identity,1024,6,87904,0.050013417,1757608,1799790964,0.000000,0.000000
ascii/shallow,1024,0,85600,0.050017166,1711412,1752486336,0.000000,0.000000
ascii/shallow,1024,1,85600,0.050002750,1711906,1752991585,0.000000,0.000000
ascii/shallow,1024,2,85856,0.050016458,1716555,1757752298,0.000000,0.000000
ascii/shallow,1024,3,85952,0.050002042,1718970,1760225072,0.000000,0.000000
ascii/shallow,1024,4,85952,0.050013292,1718583,1759829127,0.000000,0.000000
ascii/shallow,1024,5,86432,0.050008708,1728339,1769819128,0.000000,0.000000
ascii/shallow,1024,6,85728,0.050003792,1714430,1755576297,0.000000,0.000000
ascii/nested,1024,0,84960,0.050009792,1698867,1739640109,0.000000,0.000000
ascii/nested,1024,1,85504,0.050004750,1709918,1750955579,0.000000,0.000000
ascii/nested,1024,2,85536,0.050012250,1710301,1751348200,0.000000,0.000000
ascii/nested,1024,3,85600,0.050004208,1711856,1752940473,0.000000,0.000000
ascii/nested,1024,4,85440,0.050011750,1708399,1749400091,0.000000,0.000000
ascii/nested,1024,5,85408,0.050013333,1707705,1748689534,0.000000,0.000000
ascii/nested,1024,6,84064,0.050007125,1681040,1721385423,0.000000,0.000000
ascii/missing,1024,0,85920,0.050005792,1718201,1759437787,0.000000,0.000000
ascii/missing,1024,1,86240,0.050018208,1724172,1765552256,0.000000,0.000000
ascii/missing,1024,2,86176,0.050001417,1723471,1764834465,0.000000,0.000000
ascii/missing,1024,3,86336,0.050001750,1726660,1768099397,0.000000,0.000000
ascii/missing,1024,4,86368,0.050012458,1726930,1768376031,0.000000,0.000000
ascii/missing,1024,5,87104,0.050000458,1742064,1783873580,0.000000,0.000000
ascii/missing,1024,6,86560,0.050006291,1730982,1772525781,0.000000,0.000000
ascii/array_value,1024,0,85824,0.050009750,1716145,1757332840,0.000000,0.000000
ascii/array_value,1024,1,85696,0.050014417,1713426,1754548174,0.000000,0.000000
ascii/array_value,1024,2,86464,0.050017167,1728686,1770174948,0.000000,0.000000
ascii/array_value,1024,3,85664,0.050009209,1712965,1754075654,0.000000,0.000000
ascii/array_value,1024,4,85888,0.050000458,1717744,1758970128,0.000000,0.000000
ascii/array_value,1024,5,85952,0.050005333,1718857,1760109227,0.000000,0.000000
ascii/array_value,1024,6,86400,0.050014250,1727508,1768967844,0.000000,0.000000
ascii/identity_write,1024,0,38688,0.050031667,773270,791828743,0.000000,0.000000
ascii/identity_write,1024,1,38624,0.050030917,772003,790530703,0.000000,0.000000
ascii/identity_write,1024,2,38656,0.050037917,772534,791074976,0.000000,0.000000
ascii/identity_write,1024,3,38624,0.050019958,772172,790703903,0.000000,0.000000
ascii/identity_write,1024,4,38688,0.050029750,773300,791859084,0.000000,0.000000
ascii/identity_write,1024,5,38592,0.050030292,771373,789885616,0.000000,0.000000
ascii/identity_write,1024,6,38880,0.050001583,777575,796237191,0.000000,0.000000
ascii/validate,10240,0,9504,0.050052666,189880,1944371155,0.000000,0.000000
ascii/validate,10240,1,9408,0.050032125,188039,1925521253,0.000000,0.000000
ascii/validate,10240,2,9408,0.050059417,187937,1924471474,0.000000,0.000000
ascii/validate,10240,3,9408,0.050116041,187724,1922297094,0.000000,0.000000
ascii/validate,10240,4,9440,0.050081625,188492,1930161012,0.000000,0.000000
ascii/validate,10240,5,9408,0.050059917,187935,1924452252,0.000000,0.000000
ascii/validate,10240,6,9408,0.050067125,187908,1924175195,0.000000,0.000000
ascii/identity,10240,0,9408,0.050153708,187583,1920853389,0.000000,0.000000
ascii/identity,10240,1,9408,0.050103708,187771,1922770267,0.000000,0.000000
ascii/identity,10240,2,9408,0.050141125,187630,1921335431,0.000000,0.000000
ascii/identity,10240,3,9376,0.050157916,186930,1914159272,0.000000,0.000000
ascii/identity,10240,4,9376,0.050005333,187500,1920000013,0.000000,0.000000
ascii/identity,10240,5,9408,0.050111083,187743,1922487287,0.000000,0.000000
ascii/identity,10240,6,9408,0.050160708,187557,1920585331,0.000000,0.000000
ascii/shallow,10240,0,9504,0.050062875,189841,1943974652,0.000000,0.000000
ascii/shallow,10240,1,9376,0.050057667,187304,1917992702,0.000000,0.000000
ascii/shallow,10240,2,9376,0.050033375,187395,1918923918,0.000000,0.000000
ascii/shallow,10240,3,9376,0.050120291,187070,1915596220,0.000000,0.000000
ascii/shallow,10240,4,9440,0.050053958,188596,1931227896,0.000000,0.000000
ascii/shallow,10240,5,9408,0.050097958,187792,1922990953,0.000000,0.000000
ascii/shallow,10240,6,9376,0.050097917,187153,1916451736,0.000000,0.000000
ascii/nested,10240,0,9472,0.050131792,188942,1934765867,0.000000,0.000000
ascii/nested,10240,1,9376,0.050134667,187016,1915046928,0.000000,0.000000
ascii/nested,10240,2,9376,0.050110000,187108,1915989623,0.000000,0.000000
ascii/nested,10240,3,9376,0.050109541,187110,1916007173,0.000000,0.000000
ascii/nested,10240,4,9440,0.050067083,188547,1930721628,0.000000,0.000000
ascii/nested,10240,5,9344,0.050034084,186753,1912347591,0.000000,0.000000
ascii/nested,10240,6,9344,0.050034125,186753,1912346024,0.000000,0.000000
ascii/missing,10240,0,9376,0.050032875,187397,1918943095,0.000000,0.000000
ascii/missing,10240,1,9376,0.050024709,187427,1919256342,0.000000,0.000000
ascii/missing,10240,2,9376,0.050054250,187317,1918123636,0.000000,0.000000
ascii/missing,10240,3,9376,0.050121375,187066,1915554791,0.000000,0.000000
ascii/missing,10240,4,9408,0.050132042,187664,1921683541,0.000000,0.000000
ascii/missing,10240,5,9504,0.050099750,189702,1942543825,0.000000,0.000000
ascii/missing,10240,6,9408,0.050099583,187786,1922928580,0.000000,0.000000
ascii/array_value,10240,0,9376,0.050134291,187018,1915061290,0.000000,0.000000
ascii/array_value,10240,1,9376,0.050143041,186985,1914727110,0.000000,0.000000
ascii/array_value,10240,2,9376,0.050042958,187359,1918556453,0.000000,0.000000
ascii/array_value,10240,3,9376,0.050119125,187074,1915640786,0.000000,0.000000
ascii/array_value,10240,4,9440,0.050088833,188465,1929883254,0.000000,0.000000
ascii/array_value,10240,5,9376,0.050032041,187400,1918975082,0.000000,0.000000
ascii/array_value,10240,6,9376,0.050074208,187242,1917359132,0.000000,0.000000
ascii/identity_write,10240,0,4032,0.050299708,80160,820833393,0.000000,0.000000
ascii/identity_write,10240,1,4000,0.050041792,79933,818515852,0.000000,0.000000
ascii/identity_write,10240,2,4032,0.050247292,80243,821689654,0.000000,0.000000
ascii/identity_write,10240,3,4064,0.050312875,80775,827131425,0.000000,0.000000
ascii/identity_write,10240,4,4032,0.050299417,80160,820838142,0.000000,0.000000
ascii/identity_write,10240,5,4032,0.050255209,80230,821560209,0.000000,0.000000
ascii/identity_write,10240,6,4032,0.050280792,80190,821142197,0.000000,0.000000
ascii/validate,65536,0,1504,0.050814042,29598,1939742247,0.000000,0.000000
ascii/validate,65536,1,1504,0.050800750,29606,1940249780,0.000000,0.000000
ascii/validate,65536,2,1504,0.050635084,29703,1946597817,0.000000,0.000000
ascii/validate,65536,3,1504,0.050833125,29587,1939014058,0.000000,0.000000
ascii/validate,65536,4,1536,0.050916166,30167,1977039984,0.000000,0.000000
ascii/validate,65536,5,1504,0.050565958,29743,1949258907,0.000000,0.000000
ascii/validate,65536,6,1504,0.050074958,30035,1968371975,0.000000,0.000000
ascii/identity,65536,0,1504,0.050621291,29711,1947128215,0.000000,0.000000
ascii/identity,65536,1,1504,0.050876125,29562,1937375223,0.000000,0.000000
ascii/identity,65536,2,1504,0.050764083,29627,1941651226,0.000000,0.000000
ascii/identity,65536,3,1504,0.050839042,29584,1938788382,0.000000,0.000000
ascii/identity,65536,4,1504,0.050455334,29809,1953532683,0.000000,0.000000
ascii/identity,65536,5,1504,0.050696084,29667,1944255576,0.000000,0.000000
ascii/identity,65536,6,1504,0.050804833,29603,1940093849,0.000000,0.000000
ascii/shallow,65536,0,1504,0.050824334,29592,1939349446,0.000000,0.000000
ascii/shallow,65536,1,1504,0.050812500,29599,1939801112,0.000000,0.000000
ascii/shallow,65536,2,1504,0.050865333,29568,1937786272,0.000000,0.000000
ascii/shallow,65536,3,1504,0.050774042,29621,1941270384,0.000000,0.000000
ascii/shallow,65536,4,1504,0.050333292,29881,1958269370,0.000000,0.000000
ascii/shallow,65536,5,1504,0.050794500,29610,1940488517,0.000000,0.000000
ascii/shallow,65536,6,1504,0.050871000,29565,1937570404,0.000000,0.000000
ascii/nested,65536,0,1504,0.050625875,29708,1946951909,0.000000,0.000000
ascii/nested,65536,1,1504,0.050572709,29739,1948998698,0.000000,0.000000
ascii/nested,65536,2,1504,0.050448416,29813,1953800571,0.000000,0.000000
ascii/nested,65536,3,1504,0.050842041,29582,1938674020,0.000000,0.000000
ascii/nested,65536,4,1504,0.050857292,29573,1938092653,0.000000,0.000000
ascii/nested,65536,5,1504,0.050854041,29575,1938216552,0.000000,0.000000
ascii/nested,65536,6,1504,0.050805291,29603,1940076359,0.000000,0.000000
ascii/missing,65536,0,1504,0.050853333,29575,1938243537,0.000000,0.000000
ascii/missing,65536,1,1504,0.050780458,29618,1941025109,0.000000,0.000000
ascii/missing,65536,2,1504,0.050864791,29569,1937806920,0.000000,0.000000
ascii/missing,65536,3,1504,0.050754417,29633,1942021007,0.000000,0.000000
ascii/missing,65536,4,1504,0.050411625,29834,1955226478,0.000000,0.000000
ascii/missing,65536,5,1504,0.050766500,29626,1941558784,0.000000,0.000000
ascii/missing,65536,6,1504,0.050811875,29599,1939824972,0.000000,0.000000
ascii/array_value,65536,0,1504,0.050897125,29550,1936575867,0.000000,0.000000
ascii/array_value,65536,1,1504,0.050615750,29714,1947341371,0.000000,0.000000
ascii/array_value,65536,2,1504,0.050812333,29599,1939807487,0.000000,0.000000
ascii/array_value,65536,3,1504,0.050820958,29594,1939478276,0.000000,0.000000
ascii/array_value,65536,4,1504,0.050880208,29560,1937219754,0.000000,0.000000
ascii/array_value,65536,5,1504,0.050161625,29983,1964971111,0.000000,0.000000
ascii/array_value,65536,6,1504,0.050767584,29625,1941517327,0.000000,0.000000
ascii/identity_write,65536,0,640,0.050833792,12590,825101539,0.000000,0.000000
ascii/identity_write,65536,1,640,0.050843375,12588,824946023,0.000000,0.000000
ascii/identity_write,65536,2,640,0.050753750,12610,826402778,0.000000,0.000000
ascii/identity_write,65536,3,640,0.050909541,12571,823873859,0.000000,0.000000
ascii/identity_write,65536,4,640,0.050761709,12608,826273205,0.000000,0.000000
ascii/identity_write,65536,5,640,0.051003042,12548,822363497,0.000000,0.000000
ascii/identity_write,65536,6,640,0.050767333,12607,826181671,0.000000,0.000000
ascii/validate,1048576,0,96,0.051727542,1856,1946028984,0.000000,0.000000
ascii/validate,1048576,1,96,0.051754416,1855,1945018489,0.000000,0.000000
ascii/validate,1048576,2,96,0.051780541,1854,1944037163,0.000000,0.000000
ascii/validate,1048576,3,96,0.051787416,1854,1943779083,0.000000,0.000000
ascii/validate,1048576,4,96,0.051772084,1854,1944354722,0.000000,0.000000
ascii/validate,1048576,5,96,0.051498750,1864,1954674550,0.000000,0.000000
ascii/validate,1048576,6,96,0.051763375,1855,1944681853,0.000000,0.000000
ascii/identity,1048576,0,96,0.051896208,1850,1939704265,0.000000,0.000000
ascii/identity,1048576,1,96,0.051679375,1858,1947842752,0.000000,0.000000
ascii/identity,1048576,2,96,0.051936000,1848,1938218115,0.000000,0.000000
ascii/identity,1048576,3,96,0.051981958,1847,1936504508,0.000000,0.000000
ascii/identity,1048576,4,96,0.051883583,1850,1940176260,0.000000,0.000000
ascii/identity,1048576,5,96,0.051993417,1846,1936077715,0.000000,0.000000
ascii/identity,1048576,6,96,0.051868167,1851,1940752909,0.000000,0.000000
ascii/shallow,1048576,0,96,0.051944083,1848,1937916509,0.000000,0.000000
ascii/shallow,1048576,1,96,0.051937750,1848,1938152808,0.000000,0.000000
ascii/shallow,1048576,2,96,0.051966083,1847,1937096086,0.000000,0.000000
ascii/shallow,1048576,3,96,0.051783250,1854,1943935462,0.000000,0.000000
ascii/shallow,1048576,4,96,0.051393833,1868,1958664885,0.000000,0.000000
ascii/shallow,1048576,5,96,0.051821959,1852,1942483417,0.000000,0.000000
ascii/shallow,1048576,6,96,0.051713000,1856,1946576219,0.000000,0.000000
ascii/nested,1048576,0,96,0.051718375,1856,1946373914,0.000000,0.000000
ascii/nested,1048576,1,96,0.051551500,1862,1952674432,0.000000,0.000000
ascii/nested,1048576,2,96,0.051759959,1855,1944810196,0.000000,0.000000
ascii/nested,1048576,3,96,0.051778167,1854,1944126296,0.000000,0.000000
ascii/nested,1048576,4,96,0.051788084,1854,1943754011,0.000000,0.000000
ascii/nested,1048576,5,96,0.051393458,1868,1958679177,0.000000,0.000000
ascii/nested,1048576,6,96,0.051432208,1867,1957203471,0.000000,0.000000
ascii/missing,1048576,0,96,0.051996584,1846,1935959793,0.000000,0.000000
ascii/missing,1048576,1,96,0.051794167,1853,1943525726,0.000000,0.000000
ascii/missing,1048576,2,96,0.051886958,1850,1940050060,0.000000,0.000000
ascii/missing,1048576,3,96,0.051842125,1852,1941727813,0.000000,0.000000
ascii/missing,1048576,4,96,0.051812750,1853,1942828667,0.000000,0.000000
ascii/missing,1048576,5,96,0.051765709,1855,1944594171,0.000000,0.000000
ascii/missing,1048576,6,96,0.051855375,1851,1941231666,0.000000,0.000000
ascii/array_value,1048576,0,96,0.053359875,1799,1886497972,0.000000,0.000000
ascii/array_value,1048576,1,96,0.052361042,1833,1922484583,0.000000,0.000000
ascii/array_value,1048576,2,96,0.051767125,1854,1944540980,0.000000,0.000000
ascii/array_value,1048576,3,96,0.051810959,1853,1942895826,0.000000,0.000000
ascii/array_value,1048576,4,96,0.051702916,1857,1946955874,0.000000,0.000000
ascii/array_value,1048576,5,96,0.051525417,1863,1953662908,0.000000,0.000000
ascii/array_value,1048576,6,96,0.051787417,1854,1943779046,0.000000,0.000000
ascii/identity_write,1048576,0,64,0.081593750,784,822475545,0.000000,0.000000
ascii/identity_write,1048576,1,64,0.081649375,784,821915220,0.000000,0.000000
ascii/identity_write,1048576,2,64,0.080861750,791,829920995,0.000000,0.000000
ascii/identity_write,1048576,3,64,0.081416542,786,824265712,0.000000,0.000000
ascii/identity_write,1048576,4,64,0.081541000,785,823007616,0.000000,0.000000
ascii/identity_write,1048576,5,64,0.081346667,787,824973739,0.000000,0.000000
ascii/identity_write,1048576,6,64,0.081433042,786,824098699,0.000000,0.000000
structured/validate,485,0,100160,0.050000708,2003172,971538243,0.000000,0.000000
structured/validate,485,1,100672,0.050007042,2013156,976380887,0.000000,0.000000
structured/validate,485,2,99616,0.050013917,1991766,966006322,0.000000,0.000000
structured/validate,485,3,99424,0.050015292,1987872,964117934,0.000000,0.000000
structured/validate,485,4,99776,0.050015584,1994898,967525642,0.000000,0.000000
structured/validate,485,5,99872,0.050011459,1996982,968536431,0.000000,0.000000
structured/validate,485,6,99328,0.050012416,1986067,963242408,0.000000,0.000000
structured/identity,485,0,99840,0.050014958,1996203,968158366,0.000000,0.000000
structured/identity,485,1,100160,0.050005375,2002985,971447569,0.000000,0.000000
structured/identity,485,2,100352,0.050002750,2006930,973360865,0.000000,0.000000
structured/identity,485,3,100128,0.050001417,2002503,971214076,0.000000,0.000000
structured/identity,485,4,99904,0.050008083,1997757,968912166,0.000000,0.000000
structured/identity,485,5,100576,0.050005583,2011295,975478278,0.000000,0.000000
structured/identity,485,6,100224,0.050001583,2004417,972142022,0.000000,0.000000
structured/shallow,485,0,98720,0.050005458,1974184,957479482,0.000000,0.000000
structured/shallow,485,1,99040,0.050004375,1980627,960603947,0.000000,0.000000
structured/shallow,485,2,99168,0.050005125,1983157,961831012,0.000000,0.000000
structured/shallow,485,3,98848,0.050001500,1976901,958796836,0.000000,0.000000
structured/shallow,485,4,99072,0.050011709,1980976,960773406,0.000000,0.000000
structured/shallow,485,5,98784,0.050015750,1975058,957903061,0.000000,0.000000
structured/shallow,485,6,98176,0.050001416,1963464,952280231,0.000000,0.000000
structured/nested,485,0,97856,0.050011959,1956652,948976224,0.000000,0.000000
structured/nested,485,1,97888,0.050008958,1957409,949343516,0.000000,0.000000
structured/nested,485,2,96704,0.050008250,1933761,937874051,0.000000,0.000000
structured/nested,485,3,97824,0.050013583,1955949,948635094,0.000000,0.000000
structured/nested,485,4,98272,0.050000584,1965417,953227266,0.000000,0.000000
structured/nested,485,5,98560,0.050002291,1971110,955988197,0.000000,0.000000
structured/nested,485,6,98560,0.050005875,1970968,955919679,0.000000,0.000000
structured/missing,485,0,99936,0.050012250,1998230,969141760,0.000000,0.000000
structured/missing,485,1,99904,0.050001125,1998035,969046996,0.000000,0.000000
structured/missing,485,2,99328,0.050011959,1986085,963251210,0.000000,0.000000
structured/missing,485,3,99456,0.050000083,1989117,964721599,0.000000,0.000000
structured/missing,485,4,99680,0.050008917,1993245,966723595,0.000000,0.000000
structured/missing,485,5,99968,0.050006208,1999112,969569218,0.000000,0.000000
structured/missing,485,6,99072,0.050016250,1980796,960686177,0.000000,0.000000
structured/array_value,485,0,98240,0.050007959,1964487,952776337,0.000000,0.000000
structured/array_value,485,1,98624,0.050000125,1972475,956650408,0.000000,0.000000
structured/array_value,485,2,98816,0.050016208,1975680,958204588,0.000000,0.000000
structured/array_value,485,3,99840,0.050009584,1996417,968262403,0.000000,0.000000
structured/array_value,485,4,99360,0.050000625,1987175,963779953,0.000000,0.000000
structured/array_value,485,5,99392,0.050006542,1987580,963976273,0.000000,0.000000
structured/array_value,485,6,99616,0.050014500,1991742,965995061,0.000000,0.000000
structured/identity_write,485,0,61792,0.050022500,1235284,599112799,0.000000,0.000000
structured/identity_write,485,1,61856,0.050012959,1236799,599847731,0.000000,0.000000
structured/identity_write,485,2,62272,0.050021291,1244910,603781298,0.000000,0.000000
structured/identity_write,485,3,62240,0.050004917,1244678,603668635,0.000000,0.000000
structured/identity_write,485,4,62560,0.050006709,1251032,606750586,0.000000,0.000000
structured/identity_write,485,5,62528,0.050009458,1250323,606406892,0.000000,0.000000
structured/identity_write,485,6,62720,0.050013791,1254054,608216242,0.000000,0.000000
unicode_escaped_keys/validate,960,0,57824,0.050026625,1155865,1109629922,0.000000,0.000000
unicode_escaped_keys/validate,960,1,58048,0.050019000,1160519,1114098243,0.000000,0.000000
unicode_escaped_keys/validate,960,2,57856,0.050024583,1156551,1110289315,0.000000,0.000000
unicode_escaped_keys/validate,960,3,56960,0.050026542,1138596,1093051764,0.000000,0.000000
unicode_escaped_keys/validate,960,4,57952,0.050018084,1158621,1112276112,0.000000,0.000000
unicode_escaped_keys/validate,960,5,57952,0.050011333,1158777,1112426257,0.000000,0.000000
unicode_escaped_keys/validate,960,6,58112,0.050021584,1161739,1115268961,0.000000,0.000000
unicode_escaped_keys/identity,960,0,57568,0.050027459,1150728,1104698921,0.000000,0.000000
unicode_escaped_keys/identity,960,1,57344,0.050009584,1146660,1100793800,0.000000,0.000000
unicode_escaped_keys/identity,960,2,56192,0.050002667,1123780,1078828855,0.000000,0.000000
unicode_escaped_keys/identity,960,3,56288,0.050007375,1125594,1080570216,0.000000,0.000000
unicode_escaped_keys/identity,960,4,57504,0.050012292,1149797,1103805440,0.000000,0.000000
unicode_escaped_keys/identity,960,5,56288,0.050025125,1125195,1080186806,0.000000,0.000000
unicode_escaped_keys/identity,960,6,57312,0.050011667,1145973,1100133695,0.000000,0.000000
unicode_escaped_keys/shallow,960,0,56384,0.050022125,1127181,1082093973,0.000000,0.000000
unicode_escaped_keys/shallow,960,1,56480,0.050006709,1129448,1084270513,0.000000,0.000000
unicode_escaped_keys/shallow,960,2,56224,0.050017375,1124089,1079125804,0.000000,0.000000
unicode_escaped_keys/shallow,960,3,55072,0.050014667,1101117,1057072318,0.000000,0.000000
unicode_escaped_keys/shallow,960,4,55136,0.050016209,1102363,1058268131,0.000000,0.000000
unicode_escaped_keys/shallow,960,5,56320,0.050027584,1125779,1080747773,0.000000,0.000000
unicode_escaped_keys/shallow,960,6,55008,0.050023500,1099643,1055657441,0.000000,0.000000
unicode_escaped_keys/nested,960,0,54816,0.050007291,1096160,1052313752,0.000000,0.000000
unicode_escaped_keys/nested,960,1,53728,0.050004833,1074456,1031477897,0.000000,0.000000
unicode_escaped_keys/nested,960,2,55584,0.050026833,1111084,1066640377,0.000000,0.000000
unicode_escaped_keys/nested,960,3,55872,0.050003958,1117352,1072657488,0.000000,0.000000
unicode_escaped_keys/nested,960,4,54944,0.050015166,1098547,1054604917,0.000000,0.000000
unicode_escaped_keys/nested,960,5,56064,0.050013208,1120984,1076144526,0.000000,0.000000
unicode_escaped_keys/nested,960,6,55360,0.050025458,1106637,1062371083,0.000000,0.000000
unicode_escaped_keys/missing,960,0,56960,0.050025208,1138626,1093080912,0.000000,0.000000
unicode_escaped_keys/missing,960,1,56928,0.050009709,1138339,1092805399,0.000000,0.000000
unicode_escaped_keys/missing,960,2,55488,0.050006291,1109620,1065235572,0.000000,0.000000
unicode_escaped_keys/missing,960,3,56128,0.050005375,1122439,1077541764,0.000000,0.000000
unicode_escaped_keys/missing,960,4,56320,0.050019916,1125952,1080913451,0.000000,0.000000
unicode_escaped_keys/missing,960,5,56800,0.050006875,1135844,1090410069,0.000000,0.000000
unicode_escaped_keys/missing,960,6,56576,0.050026834,1130913,1085676539,0.000000,0.000000
unicode_escaped_keys/array_value,960,0,56576,0.050022750,1131005,1085765177,0.000000,0.000000
unicode_escaped_keys/array_value,960,1,53472,0.050002958,1069377,1026601666,0.000000,0.000000
unicode_escaped_keys/array_value,960,2,55104,0.050017709,1101690,1057622211,0.000000,0.000000
unicode_escaped_keys/array_value,960,3,55136,0.050011542,1102466,1058366887,0.000000,0.000000
unicode_escaped_keys/array_value,960,4,54592,0.050011750,1091583,1047920139,0.000000,0.000000
unicode_escaped_keys/array_value,960,5,55200,0.050018584,1103590,1059446225,0.000000,0.000000
unicode_escaped_keys/array_value,960,6,55168,0.050021208,1102892,1058776509,0.000000,0.000000
unicode_escaped_keys/identity_write,960,0,32128,0.050016208,642352,616657704,0.000000,0.000000
unicode_escaped_keys/identity_write,960,1,31840,0.050035625,636347,610892739,0.000000,0.000000
unicode_escaped_keys/identity_write,960,2,31616,0.050013166,632154,606867400,0.000000,0.000000
unicode_escaped_keys/identity_write,960,3,31776,0.050024583,635208,609799386,0.000000,0.000000
unicode_escaped_keys/identity_write,960,4,31648,0.050011292,632817,607504401,0.000000,0.000000
unicode_escaped_keys/identity_write,960,5,31712,0.050017792,634014,608653817,0.000000,0.000000
unicode_escaped_keys/identity_write,960,6,31968,0.050046666,638764,613213276,0.000000,0.000000
array/shallow,78,0,214784,0.050003083,4295415,335042381,0.000000,0.000000
array/shallow,78,1,217280,0.050001542,4345466,338946347,0.000000,0.000000
array/shallow,78,2,218560,0.050004417,4370814,340923483,0.000000,0.000000
array/shallow,78,3,218464,0.050002666,4369047,340785669,0.000000,0.000000
array/shallow,78,4,219456,0.050000917,4389040,342345081,0.000000,0.000000
array/shallow,78,5,219520,0.050003084,4390129,342430079,0.000000,0.000000
array/shallow,78,6,220096,0.050000375,4401887,343347185,0.000000,0.000000
array/nested,78,0,196096,0.050001708,3921786,305899310,0.000000,0.000000
array/nested,78,1,196128,0.050003459,3922289,305938515,0.000000,0.000000
array/nested,78,2,195936,0.050006458,3918214,305620686,0.000000,0.000000
array/nested,78,3,197568,0.050004125,3951034,308180655,0.000000,0.000000
array/nested,78,4,197664,0.050002250,3953102,308341965,0.000000,0.000000
array/nested,78,5,198816,0.050007458,3975727,310106704,0.000000,0.000000
array/nested,78,6,198112,0.050001917,3962088,309042871,0.000000,0.000000
array/flatten,78,0,220064,0.050002458,4401064,343282964,0.000000,0.000000
array/flatten,78,1,219712,0.050000250,4394218,342749006,0.000000,0.000000
array/flatten,78,2,219104,0.050002708,4381843,341783729,0.000000,0.000000
array/flatten,78,3,218912,0.050006167,4377700,341460604,0.000000,0.000000
array/flatten,78,4,220192,0.050002292,4403638,343483775,0.000000,0.000000
array/flatten,78,5,220224,0.050003916,4404135,343522535,0.000000,0.000000
array/flatten,78,6,221408,0.050003084,4427887,345375177,0.000000,0.000000
array/missing,78,0,224736,0.050005875,4494192,350546971,0.000000,0.000000
array/missing,78,1,222464,0.050001916,4449110,347030542,0.000000,0.000000
array/missing,78,2,224800,0.050000792,4495929,350682445,0.000000,0.000000
array/missing,78,3,227904,0.050000500,4558034,355526685,0.000000,0.000000
array/missing,78,4,228224,0.050006417,4563894,355983753,0.000000,0.000000
array/missing,78,5,224928,0.050000584,4498507,350883582,0.000000,0.000000
array/missing,78,6,226240,0.050004500,4524393,352902639,0.000000,0.000000
array/root,67,0,222112,0.050006833,4441633,297589411,0.000000,0.000000
array/root,67,1,224256,0.050004291,4484735,300477253,0.000000,0.000000
array/root,67,2,224544,0.050002375,4490667,300874668,0.000000,0.000000
array/root,67,3,222816,0.050003334,4456023,298553532,0.000000,0.000000
array/root,67,4,223296,0.050005916,4465392,299181241,0.000000,0.000000
array/root,67,5,222080,0.050000292,4441574,297585462,0.000000,0.000000
array/root,67,6,223520,0.050004792,4469972,299488097,0.000000,0.000000
array/cancel_first,78,0,219360,0.050002375,4386992,342185346,0.000000,0.000000
array/cancel_first,78,1,213152,0.050006584,4262479,332473340,0.000000,0.000000
array/cancel_first,78,2,219040,0.050000292,4380774,341700404,0.000000,0.000000
array/cancel_first,78,3,221376,0.050004791,4427096,345313472,0.000000,0.000000
array/cancel_first,78,4,221312,0.050006416,4425672,345202424,0.000000,0.000000
array/cancel_first,78,5,222080,0.050002250,4441400,346429211,0.000000,0.000000
array/cancel_first,78,6,221664,0.050006167,4432733,345753195,0.000000,0.000000
array/shallow,540,0,31520,0.050040125,629895,340143035,0.000000,0.000000
array/shallow,540,1,31008,0.050048542,619559,334561594,0.000000,0.000000
array/shallow,540,2,31168,0.050003250,623319,336592521,0.000000,0.000000
array/shallow,540,3,31104,0.050007417,621988,335873377,0.000000,0.000000
array/shallow,540,4,31328,0.050006083,626484,338301242,0.000000,0.000000
array/shallow,540,5,31008,0.050037791,619692,334633477,0.000000,0.000000
array/shallow,540,6,31360,0.050000500,627194,338684613,0.000000,0.000000
array/nested,540,0,27776,0.050012209,555384,299907569,0.000000,0.000000
array/nested,540,1,27808,0.050021209,555924,300199062,0.000000,0.000000
array/nested,540,2,28064,0.050035792,560879,302874390,0.000000,0.000000
array/nested,540,3,27776,0.050025292,555239,299829134,0.000000,0.000000
array/nested,540,4,28032,0.050012542,560499,302669678,0.000000,0.000000
array/nested,540,5,28352,0.050000500,567034,306198538,0.000000,0.000000
array/nested,540,6,27968,0.050024459,559087,301906713,0.000000,0.000000
array/flatten,540,0,28512,0.050028875,569911,307751873,0.000000,0.000000
array/flatten,540,1,28608,0.050020625,571924,308839004,0.000000,0.000000
array/flatten,540,2,28864,0.050019292,577057,311610968,0.000000,0.000000
array/flatten,540,3,28992,0.050043875,579332,312839084,0.000000,0.000000
array/flatten,540,4,29088,0.050030875,581401,313956532,0.000000,0.000000
array/flatten,540,5,28992,0.050000250,579837,313112034,0.000000,0.000000
array/flatten,540,6,29056,0.050026000,580818,313641706,0.000000,0.000000
array/missing,540,0,33024,0.050001042,660466,356651767,0.000000,0.000000
array/missing,540,1,33088,0.050005458,661688,357311396,0.000000,0.000000
array/missing,540,2,32864,0.050043458,656709,354622976,0.000000,0.000000
array/missing,540,3,33120,0.050036292,661920,357436558,0.000000,0.000000
array/missing,540,4,33184,0.050024750,663352,358209886,0.000000,0.000000
array/missing,540,5,33248,0.050011250,664810,358997626,0.000000,0.000000
array/missing,540,6,33280,0.050008792,665483,359360810,0.000000,0.000000
array/root,529,0,32064,0.050047708,640669,338913742,0.000000,0.000000
array/root,529,1,32032,0.050011500,640493,338820631,0.000000,0.000000
array/root,529,2,31904,0.050012000,637927,337463329,0.000000,0.000000
array/root,529,3,32000,0.050032500,639584,338340079,0.000000,0.000000
array/root,529,4,32160,0.050034542,642756,340017902,0.000000,0.000000
array/root,529,5,32000,0.050009792,639875,338493709,0.000000,0.000000
array/root,529,6,32224,0.050041083,643951,340650022,0.000000,0.000000
array/cancel_first,540,0,64704,0.050015959,1293667,698580227,0.000000,0.000000
array/cancel_first,540,1,64064,0.050015792,1280875,691672742,0.000000,0.000000
array/cancel_first,540,2,64960,0.050011833,1298893,701402006,0.000000,0.000000
array/cancel_first,540,3,65152,0.050008125,1302828,703527277,0.000000,0.000000
array/cancel_first,540,4,64992,0.050018666,1299355,701651659,0.000000,0.000000
array/cancel_first,540,5,64672,0.050009125,1293204,698330155,0.000000,0.000000
array/cancel_first,540,6,65088,0.050015458,1301358,702733143,0.000000,0.000000
array/shallow,1074,0,15456,0.050090083,308564,331397814,0.000000,0.000000
array/shallow,1074,1,15328,0.050048833,306261,328924193,0.000000,0.000000
array/shallow,1074,2,15104,0.050023500,301938,324281508,0.000000,0.000000
array/shallow,1074,3,15328,0.050047542,306269,328932678,0.000000,0.000000
array/shallow,1074,4,15360,0.050020042,307077,329800603,0.000000,0.000000
array/shallow,1074,5,15424,0.050070458,308046,330841312,0.000000,0.000000
array/shallow,1074,6,15424,0.050018500,308366,331184982,0.000000,0.000000
array/nested,1074,0,13600,0.050048291,271738,291846129,0.000000,0.000000
array/nested,1074,1,13664,0.050019708,273172,293387079,0.000000,0.000000
array/nested,1074,2,13664,0.050037541,273075,293282518,0.000000,0.000000
array/nested,1074,3,13440,0.050035791,268608,288484697,0.000000,0.000000
array/nested,1074,4,13728,0.050068417,274185,294474499,0.000000,0.000000
array/nested,1074,5,13824,0.050092583,275969,296390705,0.000000,0.000000
array/nested,1074,6,13728,0.050041791,274331,294631181,0.000000,0.000000
array/flatten,1074,0,14080,0.050066416,281226,302037198,0.000000,0.000000
array/flatten,1074,1,14144,0.050037833,282666,303583411,0.000000,0.000000
array/flatten,1074,2,14016,0.050103375,279742,300442515,0.000000,0.000000
array/flatten,1074,3,13920,0.050043167,278160,298743683,0.000000,0.000000
array/flatten,1074,4,14016,0.050106250,279726,300425276,0.000000,0.000000
array/flatten,1074,5,14048,0.050004625,280934,301723131,0.000000,0.000000
array/flatten,1074,6,14048,0.050076792,280529,301288309,0.000000,0.000000
array/missing,1074,0,16000,0.050022208,319858,343527419,0.000000,0.000000
array/missing,1074,1,15936,0.050032125,318515,342085490,0.000000,0.000000
array/missing,1074,2,15936,0.050007125,318675,342256508,0.000000,0.000000
array/missing,1074,3,16064,0.050095291,320669,344398359,0.000000,0.000000
array/missing,1074,4,16096,0.050057291,321552,345346375,0.000000,0.000000
array/missing,1074,5,16064,0.050022125,321138,344902101,0.000000,0.000000
array/missing,1074,6,16064,0.050096708,320660,344388617,0.000000,0.000000
array/root,1063,0,15648,0.050092375,312383,332062994,0.000000,0.000000
array/root,1063,1,15680,0.050065042,313193,332923720,0.000000,0.000000
array/root,1063,2,15424,0.050008459,308428,327858773,0.000000,0.000000
array/root,1063,3,15552,0.050045834,310755,330332711,0.000000,0.000000
array/root,1063,4,15584,0.050052917,311350,330965566,0.000000,0.000000
array/root,1063,5,15552,0.050023083,310896,330482949,0.000000,0.000000
array/root,1063,6,15520,0.050057875,310041,329573718,0.000000,0.000000
array/cancel_first,1074,0,38752,0.050039375,774430,831737966,0.000000,0.000000
array/cancel_first,1074,1,38880,0.050003125,777551,835090207,0.000000,0.000000
array/cancel_first,1074,2,38976,0.050020916,779194,836854407,0.000000,0.000000
array/cancel_first,1074,3,39040,0.050033417,780279,838019118,0.000000,0.000000
array/cancel_first,1074,4,38880,0.050039625,776984,834481074,0.000000,0.000000
array/cancel_first,1074,5,38784,0.050013625,775469,832853367,0.000000,0.000000
array/cancel_first,1074,6,38848,0.050005917,776868,834356302,0.000000,0.000000
array/shallow,8606,0,2048,0.050480834,40570,349144152,0.000000,0.000000
array/shallow,8606,1,2016,0.050519625,39905,343424877,0.000000,0.000000
array/shallow,8606,2,2048,0.050428834,40612,349504175,0.000000,0.000000
array/shallow,8606,3,2048,0.050476916,40573,349171253,0.000000,0.000000
array/shallow,8606,4,2016,0.050213459,40149,345518838,0.000000,0.000000
array/shallow,8606,5,2048,0.050040541,40927,352216176,0.000000,0.000000
array/shallow,8606,6,2048,0.050070417,40902,352006016,0.000000,0.000000
array/nested,8606,0,1824,0.050601167,36047,310217035,0.000000,0.000000
array/nested,8606,1,1824,0.050144166,36375,313044273,0.000000,0.000000
array/nested,8606,2,1824,0.050074291,36426,313481104,0.000000,0.000000
array/nested,8606,3,1824,0.050525333,36101,310682643,0.000000,0.000000
array/nested,8606,4,1824,0.050652208,36010,309904437,0.000000,0.000000
array/nested,8606,5,1856,0.050826917,36516,314257424,0.000000,0.000000
array/nested,8606,6,1824,0.050525792,36100,310679821,0.000000,0.000000
array/flatten,8606,0,1888,0.050546583,37352,321448593,0.000000,0.000000
array/flatten,8606,1,1856,0.050231667,36949,317981404,0.000000,0.000000
array/flatten,8606,2,1888,0.050819834,37151,319720210,0.000000,0.000000
array/flatten,8606,3,1888,0.050672708,37259,320648504,0.000000,0.000000
array/flatten,8606,4,1888,0.050674208,37258,320639012,0.000000,0.000000
array/flatten,8606,5,1888,0.050487458,37395,321825036,0.000000,0.000000
array/flatten,8606,6,1888,0.050275958,37553,323178884,0.000000,0.000000
array/missing,8606,0,2112,0.050082500,42170,362918624,0.000000,0.000000
array/missing,8606,1,2144,0.050647750,42332,364305700,0.000000,0.000000
array/missing,8606,2,2112,0.050491958,41828,359975583,0.000000,0.000000
array/missing,8606,3,2112,0.050324458,41968,361173726,0.000000,0.000000
array/missing,8606,4,2112,0.050458917,41856,360211298,0.000000,0.000000
array/missing,8606,5,2112,0.050107084,42150,362740566,0.000000,0.000000
array/missing,8606,6,2112,0.050241958,42037,361766793,0.000000,0.000000
array/root,8595,0,2080,0.050530542,41163,353797907,0.000000,0.000000
array/root,8595,1,2080,0.050490375,41196,354079367,0.000000,0.000000
array/root,8595,2,2080,0.050315208,41339,355312056,0.000000,0.000000
array/root,8595,3,2080,0.050140834,41483,356547719,0.000000,0.000000
array/root,8595,4,2080,0.050076292,41537,357007264,0.000000,0.000000
array/root,8595,5,2080,0.050038750,41568,357275112,0.000000,0.000000
array/root,8595,6,2080,0.050115625,41504,356727069,0.000000,0.000000
array/cancel_first,8606,0,6432,0.050028583,128567,1106443331,0.000000,0.000000
array/cancel_first,8606,1,6528,0.050227000,129970,1118521273,0.000000,0.000000
array/cancel_first,8606,2,6592,0.050230041,131236,1129418787,0.000000,0.000000
array/cancel_first,8606,3,6592,0.050049625,131709,1133490051,0.000000,0.000000
array/cancel_first,8606,4,6560,0.050180625,130728,1125042982,0.000000,0.000000
array/cancel_first,8606,5,6624,0.050135709,132121,1137036758,0.000000,0.000000
array/cancel_first,8606,6,6592,0.050154000,131435,1131131156,0.000000,0.000000
array/shallow,69558,0,256,0.050312542,5088,353924634,0.000000,0.000000
array/shallow,69558,1,256,0.050332666,5086,353783128,0.000000,0.000000
array/shallow,69558,2,288,0.056173875,5127,356619585,0.000000,0.000000
array/shallow,69558,3,288,0.055870000,5155,358559227,0.000000,0.000000
array/shallow,69558,4,288,0.056183000,5126,356561665,0.000000,0.000000
array/shallow,69558,5,256,0.050060375,5114,355707443,0.000000,0.000000
array/shallow,69558,6,288,0.056066875,5137,357300171,0.000000,0.000000
array/nested,69558,0,256,0.056116208,4562,317320942,0.000000,0.000000
array/nested,69558,1,256,0.055904416,4579,318523102,0.000000,0.000000
array/nested,69558,2,256,0.055808500,4587,319070536,0.000000,0.000000
array/nested,69558,3,256,0.056037708,4568,317765459,0.000000,0.000000
array/nested,69558,4,256,0.056226417,4553,316698964,0.000000,0.000000
array/nested,69558,5,224,0.050059709,4475,311248154,0.000000,0.000000
array/nested,69558,6,256,0.056197500,4555,316861924,0.000000,0.000000
array/flatten,69558,0,256,0.054671333,4683,325707222,0.000000,0.000000
array/flatten,69558,1,256,0.054136417,4729,328925499,0.000000,0.000000
array/flatten,69558,2,256,0.053913583,4748,330285004,0.000000,0.000000
array/flatten,69558,3,256,0.053807542,4758,330935912,0.000000,0.000000
array/flatten,69558,4,256,0.053873959,4752,330527927,0.000000,0.000000
array/flatten,69558,5,256,0.054602292,4688,326119057,0.000000,0.000000
array/flatten,69558,6,256,0.055127750,4644,323010607,0.000000,0.000000
array/missing,69558,0,288,0.054771250,5258,365752178,0.000000,0.000000
array/missing,69558,1,288,0.054133958,5320,370057996,0.000000,0.000000
array/missing,69558,2,288,0.054080459,5325,370424075,0.000000,0.000000
array/missing,69558,3,288,0.054046500,5329,370656823,0.000000,0.000000
array/missing,69558,4,288,0.053708750,5362,372987716,0.000000,0.000000
array/missing,69558,5,288,0.053404625,5393,375111781,0.000000,0.000000
array/missing,69558,6,288,0.053387666,5395,375230938,0.000000,0.000000
array/root,69547,0,288,0.055249416,5213,362529370,0.000000,0.000000
array/root,69547,1,288,0.056180458,5126,356521408,0.000000,0.000000
array/root,69547,2,256,0.050576750,5062,352020088,0.000000,0.000000
array/root,69547,3,256,0.051115208,5008,348311837,0.000000,0.000000
array/root,69547,4,288,0.056197083,5125,356415937,0.000000,0.000000
array/root,69547,5,288,0.056001042,5143,357663631,0.000000,0.000000
array/root,69547,6,288,0.055934459,5149,358089385,0.000000,0.000000
array/cancel_first,69558,0,864,0.050422375,17135,1191893718,0.000000,0.000000
array/cancel_first,69558,1,864,0.050436583,17130,1191557961,0.000000,0.000000
array/cancel_first,69558,2,864,0.050726667,17032,1184743953,0.000000,0.000000
array/cancel_first,69558,3,864,0.050214000,17206,1196839766,0.000000,0.000000
array/cancel_first,69558,4,864,0.050029458,17270,1201254509,0.000000,0.000000
array/cancel_first,69558,5,864,0.050848125,16992,1181914023,0.000000,0.000000
array/cancel_first,69558,6,864,0.050846667,16992,1181947914,0.000000,0.000000
array/shallow,1135782,0,32,0.099157500,323,366538325,0.000000,0.000000
array/shallow,1135782,1,32,0.099103583,323,366737739,0.000000,0.000000
array/shallow,1135782,2,32,0.100164625,319,362852893,0.000000,0.000000
array/shallow,1135782,3,32,0.098978500,323,367201200,0.000000,0.000000
array/shallow,1135782,4,32,0.100538250,318,361504442,0.000000,0.000000
array/shallow,1135782,5,32,0.100529750,318,361535008,0.000000,0.000000
array/shallow,1135782,6,32,0.099904416,320,363797973,0.000000,0.000000
array/nested,1135782,0,32,0.111959625,286,324626168,0.000000,0.000000
array/nested,1135782,1,32,0.111552167,287,325811905,0.000000,0.000000
array/nested,1135782,2,32,0.114243542,280,318136355,0.000000,0.000000
array/nested,1135782,3,32,0.114482625,280,317471966,0.000000,0.000000
array/nested,1135782,4,32,0.112154541,285,324061992,0.000000,0.000000
array/nested,1135782,5,32,0.111905708,286,324782575,0.000000,0.000000
array/nested,1135782,6,32,0.112447417,285,323217954,0.000000,0.000000
array/flatten,1135782,0,32,0.109517750,292,331864232,0.000000,0.000000
array/flatten,1135782,1,32,0.108739917,294,334238107,0.000000,0.000000
array/flatten,1135782,2,32,0.110533708,290,328813940,0.000000,0.000000
array/flatten,1135782,3,32,0.109711417,292,331278412,0.000000,0.000000
array/flatten,1135782,4,32,0.109253291,293,332667544,0.000000,0.000000
array/flatten,1135782,5,32,0.108286958,296,335636208,0.000000,0.000000
array/flatten,1135782,6,32,0.112112792,285,324182668,0.000000,0.000000
array/missing,1135782,0,32,0.097782875,327,371691096,0.000000,0.000000
array/missing,1135782,1,32,0.097174834,329,374016836,0.000000,0.000000
array/missing,1135782,2,32,0.097466875,328,372896166,0.000000,0.000000
array/missing,1135782,3,32,0.096957834,330,374853918,0.000000,0.000000
array/missing,1135782,4,32,0.096324833,332,377317280,0.000000,0.000000
array/missing,1135782,5,32,0.098214167,326,370058873,0.000000,0.000000
array/missing,1135782,6,32,0.097225792,329,373820807,0.000000,0.000000
array/root,1135771,0,32,0.100885208,317,360257690,0.000000,0.000000
array/root,1135771,1,32,0.098834333,324,367733265,0.000000,0.000000
array/root,1135771,2,32,0.098851583,324,367669094,0.000000,0.000000
array/root,1135771,3,32,0.101182542,316,359199040,0.000000,0.000000
array/root,1135771,4,32,0.097825417,327,371525858,0.000000,0.000000
array/root,1135771,5,32,0.098474292,325,369077769,0.000000,0.000000
array/root,1135771,6,32,0.098562500,325,368747465,0.000000,0.000000
array/cancel_first,1135782,0,64,0.059713167,1072,1217320260,0.000000,0.000000
array/cancel_first,1135782,1,64,0.060392375,1060,1203629564,0.000000,0.000000
array/cancel_first,1135782,2,64,0.059335166,1079,1225075329,0.000000,0.000000
array/cancel_first,1135782,3,64,0.059518583,1075,1221300043,0.000000,0.000000
array/cancel_first,1135782,4,64,0.059325833,1079,1225268055,0.000000,0.000000
array/cancel_first,1135782,5,64,0.059400250,1077,1223733031,0.000000,0.000000
array/cancel_first,1135782,6,64,0.059606125,1074,1219506351,0.000000,0.000000
array/nested_contexts,972,0,8064,0.050146792,160808,156305273,0.000000,0.000000
array/nested_contexts,972,1,8064,0.050195208,160653,156154508,0.000000,0.000000
array/nested_contexts,972,2,8096,0.050037583,161798,157268028,0.000000,0.000000
array/nested_contexts,972,3,8096,0.050115292,161547,157024167,0.000000,0.000000
array/nested_contexts,972,4,8192,0.050166875,163295,158722743,0.000000,0.000000
array/nested_contexts,972,5,8160,0.050053708,163025,158460188,0.000000,0.000000
array/nested_contexts,972,6,8160,0.050059416,163006,158442120,0.000000,0.000000
array/sparse,785,0,11424,0.050043000,228284,179202686,0.000000,0.000000
array/sparse,785,1,11616,0.050043292,232119,182213432,0.000000,0.000000
array/sparse,785,2,11680,0.050019250,233510,183305427,0.000000,0.000000
array/sparse,785,3,11552,0.050014458,230973,181313971,0.000000,0.000000
array/sparse,785,4,11584,0.050004917,231657,181850917,0.000000,0.000000
array/sparse,785,5,11616,0.050109041,231814,181974347,0.000000,0.000000
array/sparse,785,6,11616,0.050039542,232136,182227088,0.000000,0.000000
array/deep,136,0,3840,0.050246959,76423,10393465,0.000000,0.000000
array/deep,136,1,3840,0.050333291,76291,10375638,0.000000,0.000000
array/deep,136,2,3840,0.050358791,76253,10370384,0.000000,0.000000
array/deep,136,3,3840,0.050363666,76245,10369380,0.000000,0.000000
array/deep,136,4,3840,0.050282250,76369,10386170,0.000000,0.000000
array/deep,136,5,3808,0.050091250,76021,10338892,0.000000,0.000000
array/deep,136,6,3840,0.050339709,76282,10374315,0.000000,0.000000
array/empty,2,0,2749088,0.050000292,54981439,109962878,0.000000,0.000000
array/empty,2,1,2750208,0.050000541,55003565,110007130,0.000000,0.000000
array/empty,2,2,2746240,0.050000250,54924525,109849051,0.000000,0.000000
array/empty,2,3,2750816,0.050000250,55016045,110032090,0.000000,0.000000
array/empty,2,4,2750176,0.050000500,55002970,110005940,0.000000,0.000000
array/empty,2,5,2752352,0.050000167,55046856,110093712,0.000000,0.000000
array/empty,2,6,2753120,0.050000042,55062354,110124707,0.000000,0.000000
array/singleton,12,0,682752,0.050000541,13654892,163858707,0.000000,0.000000
array/singleton,12,1,682432,0.050002041,13648083,163776995,0.000000,0.000000
array/singleton,12,2,678464,0.050000459,13569155,162829865,0.000000,0.000000
array/singleton,12,3,680768,0.050001542,13614940,163379281,0.000000,0.000000
array/singleton,12,4,684096,0.050001250,13681578,164178936,0.000000,0.000000
array/singleton,12,5,688032,0.050000125,13760606,165127267,0.000000,0.000000
array/singleton,12,6,688992,0.050001917,13779312,165351740,0.000000,0.000000
array/nested_values,31,0,240544,0.050000417,4810840,149136036,0.000000,0.000000
array/nested_values,31,1,241440,0.050004667,4828349,149678829,0.000000,0.000000
array/nested_values,31,2,242560,0.050001708,4851034,150382063,0.000000,0.000000
array/nested_values,31,3,243360,0.050000167,4867184,150882696,0.000000,0.000000
array/nested_values,31,4,240640,0.050000542,4812748,149195183,0.000000,0.000000
array/nested_values,31,5,242784,0.050002958,4855393,150517175,0.000000,0.000000
array/nested_values,31,6,241280,0.050002125,4825395,149587243,0.000000,0.000000
compile/scalar,0,0,63680,0.050019166,1273112,0,29.000000,1906.000000
compile/scalar,0,1,63776,0.050008666,1275299,0,29.000000,1906.000000
compile/scalar,0,2,64320,0.050012709,1286073,0,29.000000,1906.000000
compile/scalar,0,3,64160,0.050009208,1282964,0,29.000000,1906.000000
compile/scalar,0,4,64160,0.050001625,1283158,0,29.000000,1906.000000
compile/scalar,0,5,64640,0.050022541,1292217,0,29.000000,1906.000000
compile/scalar,0,6,64768,0.050019833,1294846,0,29.000000,1906.000000
scalar/literal,100,0,593280,0.050000875,11865392,1186539236,0.000000,0.000000
scalar/literal,100,1,596224,0.050000250,11924420,1192442038,0.000000,0.000000
scalar/literal,100,2,586848,0.050002208,11736442,1173644172,0.000000,0.000000
scalar/literal,100,3,583936,0.050000458,11678613,1167861302,0.000000,0.000000
scalar/literal,100,4,584352,0.050000083,11687021,1168702060,0.000000,0.000000
scalar/literal,100,5,587456,0.050001917,11748670,1174866956,0.000000,0.000000
scalar/literal,100,6,592704,0.050001791,11853655,1185365540,0.000000,0.000000
scalar/arithmetic,100,0,154656,0.050005500,3092780,309277979,0.000000,0.000000
scalar/arithmetic,100,1,156224,0.050008625,3123941,312394112,0.000000,0.000000
scalar/arithmetic,100,2,154752,0.050008917,3094488,309448813,0.000000,0.000000
scalar/arithmetic,100,3,156448,0.050005167,3128637,312863669,0.000000,0.000000
scalar/arithmetic,100,4,157568,0.050008708,3150811,315081125,0.000000,0.000000
scalar/arithmetic,100,5,154176,0.050000917,3083463,308346345,0.000000,0.000000
scalar/arithmetic,100,6,154688,0.050010375,3093118,309311818,0.000000,0.000000
scalar/nested,100,0,149120,0.050008167,2981913,298191293,0.000000,0.000000
scalar/nested,100,1,150720,0.050002000,3014279,301427943,0.000000,0.000000
scalar/nested,100,2,149024,0.050006916,2980068,298006780,0.000000,0.000000
scalar/nested,100,3,152096,0.050008041,3041431,304143088,0.000000,0.000000
scalar/nested,100,4,152832,0.050003042,3056454,305645405,0.000000,0.000000
scalar/nested,100,5,153024,0.050002083,3060353,306035251,0.000000,0.000000
scalar/nested,100,6,153440,0.050008416,3068284,306828355,0.000000,0.000000
scalar/comparison,100,0,162848,0.050003167,3256754,325675372,0.000000,0.000000
scalar/comparison,100,1,162656,0.050008833,3252545,325254541,0.000000,0.000000
scalar/comparison,100,2,162240,0.050009292,3244197,324419710,0.000000,0.000000
scalar/comparison,100,3,160064,0.050003667,3201045,320104524,0.000000,0.000000
scalar/comparison,100,4,161888,0.050006125,3237363,323736342,0.000000,0.000000
scalar/comparison,100,5,159712,0.050001292,3194157,319415746,0.000000,0.000000
scalar/comparison,100,6,161600,0.050000333,3231978,323197848,0.000000,0.000000
scalar/strings,100,0,230464,0.050000750,4609211,460921086,0.000000,0.000000
scalar/strings,100,1,232032,0.050003833,4640284,464028428,0.000000,0.000000
scalar/strings,100,2,231808,0.050001959,4635978,463597836,0.000000,0.000000
scalar/strings,100,3,232032,0.050006791,4640010,464000979,0.000000,0.000000
scalar/strings,100,4,234528,0.050002375,4690337,469033721,0.000000,0.000000
scalar/strings,100,5,234784,0.050006500,4695070,469506964,0.000000,0.000000
scalar/strings,100,6,232992,0.050002166,4659638,465963814,0.000000,0.000000
scalar/boolean,100,0,154016,0.050008292,3079809,307980924,0.000000,0.000000
scalar/boolean,100,1,151968,0.050003584,3039142,303914215,0.000000,0.000000
scalar/boolean,100,2,154816,0.050007500,3095856,309585562,0.000000,0.000000
scalar/boolean,100,3,153952,0.050007958,3078550,307855002,0.000000,0.000000
scalar/boolean,100,4,155072,0.050010167,3100809,310080948,0.000000,0.000000
scalar/boolean,100,5,152416,0.050009834,3047721,304772057,0.000000,0.000000
scalar/boolean,100,6,155424,0.050004667,3108190,310818988,0.000000,0.000000
scalar/missing,100,0,161632,0.050003792,3232395,323239486,0.000000,0.000000
scalar/missing,100,1,165440,0.050001542,3308698,330869796,0.000000,0.000000
scalar/missing,100,2,166400,0.050004625,3327692,332769219,0.000000,0.000000
scalar/missing,100,3,161984,0.050001833,3239561,323956124,0.000000,0.000000
scalar/missing,100,4,165536,0.050006792,3310270,331027033,0.000000,0.000000
scalar/missing,100,5,166464,0.050006583,3328842,332884172,0.000000,0.000000
scalar/missing,100,6,161216,0.050006625,3223893,322389283,0.000000,0.000000
scalar/short_circuit,100,0,516736,0.050002541,10334195,1033419482,0.000000,0.000000
scalar/short_circuit,100,1,543936,0.050000834,10878539,1087853855,0.000000,0.000000
scalar/short_circuit,100,2,546880,0.050000167,10937563,1093756347,0.000000,0.000000
scalar/short_circuit,100,3,543552,0.050000834,10870859,1087085867,0.000000,0.000000
scalar/short_circuit,100,4,546176,0.050000167,10923484,1092348352,0.000000,0.000000
scalar/short_circuit,100,5,542944,0.050002542,10858328,1085832796,0.000000,0.000000
scalar/short_circuit,100,6,543424,0.050000833,10868299,1086829893,0.000000,0.000000
scalar/mixed,100,0,86368,0.050015500,1726825,172682468,0.000000,0.000000
scalar/mixed,100,1,87552,0.050009125,1750720,175072049,0.000000,0.000000
scalar/mixed,100,2,86592,0.050015583,1731300,173130042,0.000000,0.000000
scalar/mixed,100,3,87520,0.050015917,1749843,174984295,0.000000,0.000000
scalar/mixed,100,4,88000,0.050004417,1759845,175984454,0.000000,0.000000
scalar/mixed,100,5,87200,0.050015625,1743455,174345517,0.000000,0.000000
scalar/mixed,100,6,87744,0.050013667,1754400,175440045,0.000000,0.000000
scalar/write,100,0,139168,0.050010416,2782780,278278029,0.000000,0.000000
scalar/write,100,1,141984,0.050001708,2839583,283958300,0.000000,0.000000
scalar/write,100,2,143264,0.050006417,2864912,286491232,0.000000,0.000000
scalar/write,100,3,142816,0.050004750,2856049,285604868,0.000000,0.000000
scalar/write,100,4,142272,0.050008459,2844959,284495869,0.000000,0.000000
scalar/write,100,5,142688,0.050007458,2853334,285333440,0.000000,0.000000
scalar/write,100,6,143680,0.050011042,2872966,287296553,0.000000,0.000000
scalar/literal,500,0,167232,0.050003625,3344398,1672198766,0.000000,0.000000
scalar/literal,500,1,167808,0.050003833,3355903,1677951368,0.000000,0.000000
scalar/literal,500,2,167264,0.050000292,3345260,1672630232,0.000000,0.000000
scalar/literal,500,3,167456,0.050002208,3348972,1674486055,0.000000,0.000000
scalar/literal,500,4,166912,0.050000625,3338198,1669099136,0.000000,0.000000
scalar/literal,500,5,167328,0.050007375,3346066,1673033228,0.000000,0.000000
scalar/literal,500,6,167296,0.050002750,3345736,1672867992,0.000000,0.000000
scalar/arithmetic,500,0,52480,0.050017791,1049227,524613332,0.000000,0.000000
scalar/arithmetic,500,1,52064,0.050009500,1041082,520541097,0.000000,0.000000
scalar/arithmetic,500,2,52384,0.050028125,1047091,523545506,0.000000,0.000000
scalar/arithmetic,500,3,52000,0.050020458,1039575,519787324,0.000000,0.000000
scalar/arithmetic,500,4,52288,0.050010500,1045540,522770218,0.000000,0.000000
scalar/arithmetic,500,5,52256,0.050024083,1044617,522308425,0.000000,0.000000
scalar/arithmetic,500,6,52256,0.050020041,1044701,522350631,0.000000,0.000000
scalar/nested,500,0,51936,0.050003375,1038650,519324946,0.000000,0.000000
scalar/nested,500,1,51904,0.050026875,1037522,518761166,0.000000,0.000000
scalar/nested,500,2,52032,0.050014875,1040331,520165251,0.000000,0.000000
scalar/nested,500,3,51744,0.050016333,1034542,517271028,0.000000,0.000000
scalar/nested,500,4,52032,0.050024875,1040123,520061270,0.000000,0.000000
scalar/nested,500,5,51904,0.050019666,1037672,518835931,0.000000,0.000000
scalar/nested,500,6,51712,0.050007250,1034090,517045028,0.000000,0.000000
scalar/comparison,500,0,52896,0.050010000,1057708,528854229,0.000000,0.000000
scalar/comparison,500,1,52992,0.050018667,1059444,529722234,0.000000,0.000000
scalar/comparison,500,2,52800,0.050003666,1055923,527961290,0.000000,0.000000
scalar/comparison,500,3,53024,0.050005000,1060374,530186981,0.000000,0.000000
scalar/comparison,500,4,53024,0.050021542,1060023,530011650,0.000000,0.000000
scalar/comparison,500,5,52960,0.050012542,1058934,529467188,0.000000,0.000000
scalar/comparison,500,6,53088,0.050028917,1061146,530573148,0.000000,0.000000
scalar/strings,500,0,77664,0.050013167,1552871,776435533,0.000000,0.000000
scalar/strings,500,1,77760,0.050003875,1555079,777539741,0.000000,0.000000
scalar/strings,500,2,78176,0.050010042,1563206,781603023,0.000000,0.000000
scalar/strings,500,3,78400,0.050016250,1567491,783745283,0.000000,0.000000
scalar/strings,500,4,77600,0.050019459,1551396,775698114,0.000000,0.000000
scalar/strings,500,5,78208,0.050010458,1563833,781916454,0.000000,0.000000
scalar/strings,500,6,77920,0.050016583,1557883,778941656,0.000000,0.000000
scalar/boolean,500,0,51840,0.050000666,1036786,518393095,0.000000,0.000000
scalar/boolean,500,1,52096,0.050002833,1041861,520930484,0.000000,0.000000
scalar/boolean,500,2,52160,0.050003959,1043117,521558703,0.000000,0.000000
scalar/boolean,500,3,52160,0.050008208,1043029,521514388,0.000000,0.000000
scalar/boolean,500,4,52256,0.050029458,1044505,522252310,0.000000,0.000000
scalar/boolean,500,5,51936,0.050029959,1038098,519048996,0.000000,0.000000
scalar/boolean,500,6,52192,0.050008250,1043668,521833897,0.000000,0.000000
scalar/missing,500,0,52672,0.050022208,1052972,526486156,0.000000,0.000000
scalar/missing,500,1,52832,0.050003083,1056575,528287426,0.000000,0.000000
scalar/missing,500,2,52896,0.050010541,1057697,528848508,0.000000,0.000000
scalar/missing,500,3,52832,0.050010500,1056418,528209076,0.000000,0.000000
scalar/missing,500,4,52992,0.050017625,1059467,529733269,0.000000,0.000000
scalar/missing,500,5,51872,0.050010959,1037213,518606332,0.000000,0.000000
scalar/missing,500,6,52704,0.050003250,1054011,527005745,0.000000,0.000000
scalar/short_circuit,500,0,160928,0.050002750,3218383,1609191494,0.000000,0.000000
scalar/short_circuit,500,1,162784,0.050009750,3255045,1627522633,0.000000,0.000000
scalar/short_circuit,500,2,163616,0.050004500,3272026,1636012759,0.000000,0.000000
scalar/short_circuit,500,3,163392,0.050004250,3267562,1633781129,0.000000,0.000000
scalar/short_circuit,500,4,163712,0.050008750,3273667,1636833554,0.000000,0.000000
scalar/short_circuit,500,5,163456,0.050004542,3268823,1634411530,0.000000,0.000000
scalar/short_circuit,500,6,163808,0.050001375,3276070,1638034954,0.000000,0.000000
scalar/mixed,500,0,30496,0.050025584,609608,304804038,0.000000,0.000000
scalar/mixed,500,1,30528,0.050006167,610485,305242351,0.000000,0.000000
scalar/mixed,500,2,30528,0.050023625,610272,305135823,0.000000,0.000000
scalar/mixed,500,3,30592,0.050015000,611657,305828252,0.000000,0.000000
scalar/mixed,500,4,30464,0.050003208,609241,304620456,0.000000,0.000000
scalar/mixed,500,5,30592,0.050048709,611245,305622269,0.000000,0.000000
scalar/mixed,500,6,30624,0.050033250,612073,306036486,0.000000,0.000000
scalar/write,500,0,50752,0.050013000,1014776,507388079,0.000000,0.000000
scalar/write,500,1,50624,0.050016000,1012156,506078055,0.000000,0.000000
scalar/write,500,2,50752,0.050012958,1014777,507388505,0.000000,0.000000
scalar/write,500,3,50528,0.050002667,1010506,505253050,0.000000,0.000000
scalar/write,500,4,50656,0.050015958,1012797,506398378,0.000000,0.000000
scalar/write,500,5,50720,0.050022833,1013937,506968488,0.000000,0.000000
scalar/write,500,6,50336,0.050009083,1006537,503268576,0.000000,0.000000
scalar/literal,1024,0,88000,0.050009375,1759670,1801902143,0.000000,0.000000
scalar/literal,1024,1,88128,0.050013000,1762102,1804392298,0.000000,0.000000
scalar/literal,1024,2,87968,0.050016417,1758783,1800993302,0.000000,0.000000
scalar/literal,1024,3,88000,0.050013542,1759523,1801752013,0.000000,0.000000
scalar/literal,1024,4,88224,0.050006625,1764246,1806588147,0.000000,0.000000
scalar/literal,1024,5,88320,0.050012208,1765969,1808352073,0.000000,0.000000
scalar/literal,1024,6,87872,0.050017167,1756837,1799000891,0.000000,0.000000
scalar/arithmetic,1024,0,28416,0.050040500,567860,581488674,0.000000,0.000000
scalar/arithmetic,1024,1,28544,0.050042333,570397,584086597,0.000000,0.000000
scalar/arithmetic,1024,2,28480,0.050046542,569070,582727973,0.000000,0.000000
scalar/arithmetic,1024,3,28416,0.050024292,568044,581677078,0.000000,0.000000
scalar/arithmetic,1024,4,28544,0.050016375,570693,584389732,0.000000,0.000000
scalar/arithmetic,1024,5,28480,0.050050958,569020,582676559,0.000000,0.000000
scalar/arithmetic,1024,6,28512,0.050051750,569650,583322022,0.000000,0.000000
scalar/nested,1024,0,28288,0.050033917,565376,578945518,0.000000,0.000000
scalar/nested,1024,1,28384,0.050010750,567558,581179366,0.000000,0.000000
scalar/nested,1024,2,28352,0.050040250,566584,580181914,0.000000,0.000000
scalar/nested,1024,3,28416,0.050000583,568313,581952894,0.000000,0.000000
scalar/nested,1024,4,28320,0.050045041,565890,579471600,0.000000,0.000000
scalar/nested,1024,5,28352,0.050012500,566898,580503834,0.000000,0.000000
scalar/nested,1024,6,28352,0.050028542,566716,580317691,0.000000,0.000000
scalar/comparison,1024,0,28768,0.050055084,574727,588520279,0.000000,0.000000
scalar/comparison,1024,1,28672,0.050028333,573115,586870004,0.000000,0.000000
scalar/comparison,1024,2,28736,0.050005125,574661,588452964,0.000000,0.000000
scalar/comparison,1024,3,28640,0.050036000,572388,586125190,0.000000,0.000000
scalar/comparison,1024,4,28768,0.050039250,574909,588706505,0.000000,0.000000
scalar/comparison,1024,5,28672,0.050011167,573312,587071443,0.000000,0.000000
scalar/comparison,1024,6,28768,0.050041875,574879,588675624,0.000000,0.000000
scalar/strings,1024,0,42368,0.050009334,847202,867534689,0.000000,0.000000
scalar/strings,1024,1,42656,0.050033084,852556,873017222,0.000000,0.000000
scalar/strings,1024,2,42528,0.050006625,850447,870858051,0.000000,0.000000
scalar/strings,1024,3,42528,0.050022209,850182,870586743,0.000000,0.000000
scalar/strings,1024,4,42432,0.050004541,848563,868928444,0.000000,0.000000
scalar/strings,1024,5,42432,0.050037250,848008,868360431,0.000000,0.000000
scalar/strings,1024,6,42368,0.050024833,846939,867265904,0.000000,0.000000
scalar/boolean,1024,0,28448,0.050038125,568526,582171135,0.000000,0.000000
scalar/boolean,1024,1,28512,0.050010708,570118,583800733,0.000000,0.000000
scalar/boolean,1024,2,28480,0.050022625,569342,583006590,0.000000,0.000000
scalar/boolean,1024,3,28480,0.050017916,569396,583061477,0.000000,0.000000
scalar/boolean,1024,4,28512,0.050035417,569836,583512435,0.000000,0.000000
scalar/boolean,1024,5,28352,0.050044042,566541,580137951,0.000000,0.000000
scalar/boolean,1024,6,28480,0.050032459,569230,582891998,0.000000,0.000000
scalar/missing,1024,0,28704,0.050042917,573588,587353771,0.000000,0.000000
scalar/missing,1024,1,28672,0.050017458,573240,586997604,0.000000,0.000000
scalar/missing,1024,2,28736,0.050051083,574133,587912633,0.000000,0.000000
scalar/missing,1024,3,28672,0.050028875,573109,586863646,0.000000,0.000000
scalar/missing,1024,4,28736,0.050029292,574384,588168707,0.000000,0.000000
scalar/missing,1024,5,28640,0.050005792,572734,586479262,0.000000,0.000000
scalar/missing,1024,6,28736,0.050036458,574301,588084472,0.000000,0.000000
scalar/short_circuit,1024,0,86528,0.050015500,1730024,1771544261,0.000000,0.000000
scalar/short_circuit,1024,1,86528,0.050017708,1729947,1771466058,0.000000,0.000000
scalar/short_circuit,1024,2,86880,0.050007583,1737337,1779032592,0.000000,0.000000
scalar/short_circuit,1024,3,86944,0.050011125,1738493,1780217022,0.000000,0.000000
scalar/short_circuit,1024,4,87200,0.050008500,1743704,1785552456,0.000000,0.000000
scalar/short_circuit,1024,5,86912,0.050008666,1737939,1779649311,0.000000,0.000000
scalar/short_circuit,1024,6,86720,0.050002792,1734303,1775926432,0.000000,0.000000
scalar/mixed,1024,0,16128,0.050024417,322403,330140219,0.000000,0.000000
scalar/mixed,1024,1,16896,0.050006167,337878,345987406,0.000000,0.000000
scalar/mixed,1024,2,16896,0.050013041,337832,345939852,0.000000,0.000000
scalar/mixed,1024,3,16864,0.050070541,336805,344888145,0.000000,0.000000
scalar/mixed,1024,4,16896,0.050038667,337659,345762688,0.000000,0.000000
scalar/mixed,1024,5,16928,0.050062750,338136,346250895,0.000000,0.000000
scalar/mixed,1024,6,16864,0.050062917,336856,344940667,0.000000,0.000000
scalar/write,1024,0,27968,0.050041291,558898,572312013,0.000000,0.000000
scalar/write,1024,1,27872,0.050001292,557426,570803810,0.000000,0.000000
scalar/write,1024,2,27968,0.050024875,559082,572499821,0.000000,0.000000
scalar/write,1024,3,28000,0.050041125,559540,572968733,0.000000,0.000000
scalar/write,1024,4,27872,0.050029292,557114,570484347,0.000000,0.000000
scalar/write,1024,5,27904,0.050021083,557845,571233054,0.000000,0.000000
scalar/write,1024,6,27968,0.050044250,558865,572278174,0.000000,0.000000
scalar/literal,10240,0,9408,0.050091291,187817,1923246897,0.000000,0.000000
scalar/literal,10240,1,9408,0.050102250,187776,1922826220,0.000000,0.000000
scalar/literal,10240,2,9408,0.050050792,187969,1924803108,0.000000,0.000000
scalar/literal,10240,3,9408,0.050141666,187628,1921314701,0.000000,0.000000
scalar/literal,10240,4,9408,0.050150750,187594,1920966685,0.000000,0.000000
scalar/literal,10240,5,9408,0.050026875,188059,1925723324,0.000000,0.000000
scalar/literal,10240,6,9376,0.050001417,187515,1920150383,0.000000,0.000000
scalar/arithmetic,10240,0,3200,0.050396458,63497,650204425,0.000000,0.000000
scalar/arithmetic,10240,1,3200,0.050272750,63653,651804407,0.000000,0.000000
scalar/arithmetic,10240,2,3200,0.050250833,63681,652088693,0.000000,0.000000
scalar/arithmetic,10240,3,3200,0.050270500,63656,651833580,0.000000,0.000000
scalar/arithmetic,10240,4,3200,0.050221458,63718,652470106,0.000000,0.000000
scalar/arithmetic,10240,5,3200,0.050279583,63644,651715827,0.000000,0.000000
scalar/arithmetic,10240,6,3200,0.050275709,63649,651766045,0.000000,0.000000
scalar/nested,10240,0,3200,0.050306916,63610,651361733,0.000000,0.000000
scalar/nested,10240,1,3200,0.050181833,63768,652985314,0.000000,0.000000
scalar/nested,10240,2,3200,0.050313375,63601,651278114,0.000000,0.000000
scalar/nested,10240,3,3200,0.050284750,63638,651648860,0.000000,0.000000
scalar/nested,10240,4,3200,0.050406458,63484,650075433,0.000000,0.000000
scalar/nested,10240,5,3200,0.050327292,63584,651098017,0.000000,0.000000
scalar/nested,10240,6,3200,0.050307542,63609,651353628,0.000000,0.000000
scalar/comparison,10240,0,3200,0.050180334,63770,653004821,0.000000,0.000000
scalar/comparison,10240,1,3200,0.050182917,63767,652971209,0.000000,0.000000
scalar/comparison,10240,2,3200,0.050190042,63758,652878513,0.000000,0.000000
scalar/comparison,10240,3,3200,0.050227541,63710,652391086,0.000000,0.000000
scalar/comparison,10240,4,3200,0.050224125,63714,652435458,0.000000,0.000000
scalar/comparison,10240,5,3200,0.050269750,63657,651843305,0.000000,0.000000
scalar/comparison,10240,6,3200,0.050199458,63746,652756052,0.000000,0.000000
scalar/strings,10240,0,4768,0.050217959,94946,972248195,0.000000,0.000000
scalar/strings,10240,1,4736,0.050022417,94678,969498135,0.000000,0.000000
scalar/strings,10240,2,4768,0.050185666,95007,972873808,0.000000,0.000000
scalar/strings,10240,3,4736,0.050209208,94325,965891356,0.000000,0.000000
scalar/strings,10240,4,4768,0.050173084,95031,973117778,0.000000,0.000000
scalar/strings,10240,5,4768,0.050241083,94902,971800707,0.000000,0.000000
scalar/strings,10240,6,4768,0.050225084,94933,972110271,0.000000,0.000000
scalar/boolean,10240,0,3200,0.050290041,63631,651580300,0.000000,0.000000
scalar/boolean,10240,1,3200,0.050259458,63670,651976788,0.000000,0.000000
scalar/boolean,10240,2,3200,0.050335417,63574,650992918,0.000000,0.000000
scalar/boolean,10240,3,3200,0.050305417,63611,651381143,0.000000,0.000000
scalar/boolean,10240,4,3200,0.050346375,63560,650851228,0.000000,0.000000
scalar/boolean,10240,5,3200,0.050372500,63527,650513673,0.000000,0.000000
scalar/boolean,10240,6,3200,0.050261792,63667,651946512,0.000000,0.000000
scalar/missing,10240,0,3200,0.050244750,63688,652167639,0.000000,0.000000
scalar/missing,10240,1,3200,0.050218958,63721,652502587,0.000000,0.000000
scalar/missing,10240,2,3200,0.050285625,63636,651637521,0.000000,0.000000
scalar/missing,10240,3,3200,0.050237709,63697,652259043,0.000000,0.000000
scalar/missing,10240,4,3200,0.050273541,63652,651794152,0.000000,0.000000
scalar/missing,10240,5,3200,0.050149583,63809,653405234,0.000000,0.000000
scalar/missing,10240,6,3200,0.050257208,63672,652005977,0.000000,0.000000
scalar/short_circuit,10240,0,9376,0.050052292,187324,1918198671,0.000000,0.000000
scalar/short_circuit,10240,1,9376,0.050016708,187457,1919563359,0.000000,0.000000
scalar/short_circuit,10240,2,9344,0.050033833,186754,1912357184,0.000000,0.000000
scalar/short_circuit,10240,3,9408,0.050150875,187594,1920961897,0.000000,0.000000
scalar/short_circuit,10240,4,9344,0.050064958,186638,1911168287,0.000000,0.000000
scalar/short_circuit,10240,5,9376,0.050106500,187121,1916123457,0.000000,0.000000
scalar/short_circuit,10240,6,9376,0.050017250,187455,1919542558,0.000000,0.000000
scalar/mixed,10240,0,1920,0.050226834,38227,391440161,0.000000,0.000000
scalar/mixed,10240,1,1920,0.050149125,38286,392046721,0.000000,0.000000
scalar/mixed,10240,2,1920,0.050155750,38281,391994936,0.000000,0.000000
scalar/mixed,10240,3,1920,0.050059250,38355,392750591,0.000000,0.000000
scalar/mixed,10240,4,1920,0.050227667,38226,391433669,0.000000,0.000000
scalar/mixed,10240,5,1920,0.050152875,38283,392017407,0.000000,0.000000
scalar/mixed,10240,6,1920,0.050193125,38252,391703047,0.000000,0.000000
scalar/write,10240,0,3200,0.050341500,63566,650914256,0.000000,0.000000
scalar/write,10240,1,3200,0.050361625,63540,650654144,0.000000,0.000000
scalar/write,10240,2,3200,0.050410167,63479,650027603,0.000000,0.000000
scalar/write,10240,3,3200,0.050326625,63585,651106646,0.000000,0.000000
scalar/write,10240,4,3168,0.050109667,63221,647386461,0.000000,0.000000
scalar/write,10240,5,3200,0.050366958,63534,650585251,0.000000,0.000000
scalar/write,10240,6,3200,0.050341000,63566,650920721,0.000000,0.000000
scalar/literal,65536,0,1504,0.050695333,29667,1944284378,0.000000,0.000000
scalar/literal,65536,1,1504,0.050840958,29582,1938715317,0.000000,0.000000
scalar/literal,65536,2,1504,0.050706500,29661,1943856192,0.000000,0.000000
scalar/literal,65536,3,1504,0.050780125,29618,1941037837,0.000000,0.000000
scalar/literal,65536,4,1504,0.050780791,29617,1941012380,0.000000,0.000000
scalar/literal,65536,5,1504,0.050874000,29563,1937456147,0.000000,0.000000
scalar/literal,65536,6,1504,0.050848375,29578,1938432526,0.000000,0.000000
scalar/arithmetic,65536,0,512,0.050823875,10074,660210029,0.000000,0.000000
scalar/arithmetic,65536,1,512,0.050719292,10095,661571380,0.000000,0.000000
scalar/arithmetic,65536,2,512,0.050818834,10075,660275519,0.000000,0.000000
scalar/arithmetic,65536,3,512,0.050816084,10076,660311251,0.000000,0.000000
scalar/arithmetic,65536,4,512,0.050800167,10079,660518144,0.000000,0.000000
scalar/arithmetic,65536,5,512,0.050690917,10100,661941704,0.000000,0.000000
scalar/arithmetic,65536,6,512,0.050905417,10058,659152483,0.000000,0.000000
scalar/nested,65536,0,512,0.050745167,10090,661234044,0.000000,0.000000
scalar/nested,65536,1,512,0.050702833,10098,661786137,0.000000,0.000000
scalar/nested,65536,2,512,0.050728584,10093,661450199,0.000000,0.000000
scalar/nested,65536,3,512,0.050608875,10117,663014778,0.000000,0.000000
scalar/nested,65536,4,512,0.050738250,10091,661324188,0.000000,0.000000
scalar/nested,65536,5,512,0.050915583,10056,659020874,0.000000,0.000000
scalar/nested,65536,6,512,0.050789958,10081,660650911,0.000000,0.000000
scalar/comparison,65536,0,512,0.050775750,10084,660835773,0.000000,0.000000
scalar/comparison,65536,1,512,0.050744083,10090,661248170,0.000000,0.000000
scalar/comparison,65536,2,512,0.050830792,10073,660120189,0.000000,0.000000
scalar/comparison,65536,3,512,0.050695875,10099,661876967,0.000000,0.000000
scalar/comparison,65536,4,512,0.050804542,10078,660461263,0.000000,0.000000
scalar/comparison,65536,5,512,0.050758250,10087,661063610,0.000000,0.000000
scalar/comparison,65536,6,512,0.050852542,10068,659837850,0.000000,0.000000
scalar/strings,65536,0,768,0.051237625,14989,982318130,0.000000,0.000000
scalar/strings,65536,1,768,0.051211834,14997,982812840,0.000000,0.000000
scalar/strings,65536,2,768,0.051068000,15039,985580951,0.000000,0.000000
scalar/strings,65536,3,768,0.051041000,15047,986102310,0.000000,0.000000
scalar/strings,65536,4,768,0.051094625,15031,985067373,0.000000,0.000000
scalar/strings,65536,5,768,0.051085334,15034,985246529,0.000000,0.000000
scalar/strings,65536,6,768,0.051100458,15029,984954929,0.000000,0.000000
scalar/boolean,65536,0,512,0.050833083,10072,660090438,0.000000,0.000000
scalar/boolean,65536,1,512,0.050819958,10075,660260916,0.000000,0.000000
scalar/boolean,65536,2,512,0.050803000,10078,660481310,0.000000,0.000000
scalar/boolean,65536,3,512,0.050812292,10076,660360529,0.000000,0.000000
scalar/boolean,65536,4,512,0.050756959,10087,661080424,0.000000,0.000000
scalar/boolean,65536,5,512,0.050793708,10080,660602136,0.000000,0.000000
scalar/boolean,65536,6,512,0.050754167,10088,661116791,0.000000,0.000000
scalar/missing,65536,0,512,0.050784541,10082,660721380,0.000000,0.000000
scalar/missing,65536,1,512,0.050776667,10083,660823839,0.000000,0.000000
scalar/missing,65536,2,512,0.050742375,10090,661270427,0.000000,0.000000
scalar/missing,65536,3,512,0.050988458,10041,658078972,0.000000,0.000000
scalar/missing,65536,4,512,0.050728167,10093,661455637,0.000000,0.000000
scalar/missing,65536,5,512,0.050870500,10065,659604918,0.000000,0.000000
scalar/missing,65536,6,512,0.050760291,10087,661037030,0.000000,0.000000
scalar/short_circuit,65536,0,1504,0.050836542,29585,1938883727,0.000000,0.000000
scalar/short_circuit,65536,1,1504,0.050837500,29584,1938847190,0.000000,0.000000
scalar/short_circuit,65536,2,1504,0.050929833,29531,1935332166,0.000000,0.000000
scalar/short_circuit,65536,3,1504,0.050825084,29592,1939320828,0.000000,0.000000
scalar/short_circuit,65536,4,1504,0.050833833,29587,1938987052,0.000000,0.000000
scalar/short_circuit,65536,5,1504,0.050801833,29605,1940208417,0.000000,0.000000
scalar/short_circuit,65536,6,1504,0.050859000,29572,1938027566,0.000000,0.000000
scalar/mixed,65536,0,320,0.052658875,6077,398252336,0.000000,0.000000
scalar/mixed,65536,1,320,0.052643875,6079,398365812,0.000000,0.000000
scalar/mixed,65536,2,320,0.052634792,6080,398434556,0.000000,0.000000
scalar/mixed,65536,3,320,0.052743041,6067,397616815,0.000000,0.000000
scalar/mixed,65536,4,320,0.052672917,6075,398146167,0.000000,0.000000
scalar/mixed,65536,5,320,0.052772625,6064,397393914,0.000000,0.000000
scalar/mixed,65536,6,320,0.052643416,6079,398369285,0.000000,0.000000
scalar/write,65536,0,512,0.050851875,10068,659846505,0.000000,0.000000
scalar/write,65536,1,512,0.050758459,10087,661060888,0.000000,0.000000
scalar/write,65536,2,512,0.050850125,10069,659869214,0.000000,0.000000
scalar/write,65536,3,512,0.050764208,10086,660986024,0.000000,0.000000
scalar/write,65536,4,512,0.050846708,10069,659913558,0.000000,0.000000
scalar/write,65536,5,512,0.050798500,10079,660539819,0.000000,0.000000
scalar/write,65536,6,512,0.050800750,10079,660510563,0.000000,0.000000
scalar/literal,1048576,0,96,0.051731125,1856,1945894198,0.000000,0.000000
scalar/literal,1048576,1,96,0.051784292,1854,1943896346,0.000000,0.000000
scalar/literal,1048576,2,96,0.051757208,1855,1944913566,0.000000,0.000000
scalar/literal,1048576,3,96,0.051780125,1854,1944052781,0.000000,0.000000
scalar/literal,1048576,4,96,0.051894875,1850,1939754089,0.000000,0.000000
scalar/literal,1048576,5,96,0.051778417,1854,1944116909,0.000000,0.000000
scalar/literal,1048576,6,96,0.051799542,1853,1943324055,0.000000,0.000000
scalar/arithmetic,1048576,0,32,0.050654666,632,662415423,0.000000,0.000000
scalar/arithmetic,1048576,1,32,0.050836583,629,660044992,0.000000,0.000000
scalar/arithmetic,1048576,2,32,0.050644458,632,662548941,0.000000,0.000000
scalar/arithmetic,1048576,3,32,0.050658792,632,662361471,0.000000,0.000000
scalar/arithmetic,1048576,4,32,0.050698292,631,661845413,0.000000,0.000000
scalar/arithmetic,1048576,5,32,0.050688916,631,661967835,0.000000,0.000000
scalar/arithmetic,1048576,6,32,0.050745459,631,661230239,0.000000,0.000000
scalar/nested,1048576,0,32,0.050504792,634,664381154,0.000000,0.000000
scalar/nested,1048576,1,32,0.050654250,632,662420863,0.000000,0.000000
scalar/nested,1048576,2,32,0.050710000,631,661692605,0.000000,0.000000
scalar/nested,1048576,3,32,0.050777125,630,660817878,0.000000,0.000000
scalar/nested,1048576,4,32,0.050661000,632,662332603,0.000000,0.000000
scalar/nested,1048576,5,32,0.050631125,632,662723414,0.000000,0.000000
scalar/nested,1048576,6,32,0.050698500,631,661842698,0.000000,0.000000
scalar/comparison,1048576,0,32,0.050633875,632,662687420,0.000000,0.000000
scalar/comparison,1048576,1,32,0.050670458,632,662208974,0.000000,0.000000
scalar/comparison,1048576,2,32,0.050663792,632,662296103,0.000000,0.000000
scalar/comparison,1048576,3,32,0.050660958,632,662333152,0.000000,0.000000
scalar/comparison,1048576,4,32,0.050794542,630,660591290,0.000000,0.000000
scalar/comparison,1048576,5,32,0.050595000,632,663196600,0.000000,0.000000
scalar/comparison,1048576,6,32,0.050733416,631,661387201,0.000000,0.000000
scalar/strings,1048576,0,64,0.067943792,942,987711490,0.000000,0.000000
scalar/strings,1048576,1,64,0.067835250,943,989291909,0.000000,0.000000
scalar/strings,1048576,2,64,0.067855250,943,989000321,0.000000,0.000000
scalar/strings,1048576,3,64,0.068051334,940,986150602,0.000000,0.000000
scalar/strings,1048576,4,64,0.067968667,942,987350009,0.000000,0.000000
scalar/strings,1048576,5,64,0.067878833,943,988656714,0.000000,0.000000
scalar/strings,1048576,6,64,0.068104000,940,985387995,0.000000,0.000000
scalar/boolean,1048576,0,32,0.050615375,632,662929634,0.000000,0.000000
scalar/boolean,1048576,1,32,0.051239459,625,654855314,0.000000,0.000000
scalar/boolean,1048576,2,32,0.051433250,622,652387940,0.000000,0.000000
scalar/boolean,1048576,3,32,0.051521209,621,651274158,0.000000,0.000000
scalar/boolean,1048576,4,32,0.051173250,625,655702579,0.000000,0.000000
scalar/boolean,1048576,5,32,0.050707708,631,661722514,0.000000,0.000000
scalar/boolean,1048576,6,32,0.050855375,629,659801093,0.000000,0.000000
scalar/missing,1048576,0,32,0.050570375,633,663519541,0.000000,0.000000
scalar/missing,1048576,1,32,0.050674375,631,662157787,0.000000,0.000000
scalar/missing,1048576,2,32,0.050635209,632,662669962,0.000000,0.000000
scalar/missing,1048576,3,32,0.050661834,632,662321700,0.000000,0.000000
scalar/missing,1048576,4,32,0.050640833,632,662596368,0.000000,0.000000
scalar/missing,1048576,5,32,0.050687333,631,661988509,0.000000,0.000000
scalar/missing,1048576,6,32,0.050640334,632,662602897,0.000000,0.000000
scalar/short_circuit,1048576,0,96,0.051764625,1855,1944634893,0.000000,0.000000
scalar/short_circuit,1048576,1,96,0.051834667,1852,1942007190,0.000000,0.000000
scalar/short_circuit,1048576,2,96,0.051768041,1854,1944506573,0.000000,0.000000
scalar/short_circuit,1048576,3,96,0.051781875,1854,1943987080,0.000000,0.000000
scalar/short_circuit,1048576,4,96,0.051799541,1853,1943324092,0.000000,0.000000
scalar/short_circuit,1048576,5,96,0.051762542,1855,1944713148,0.000000,0.000000
scalar/short_circuit,1048576,6,96,0.051781083,1854,1944016814,0.000000,0.000000
scalar/mixed,1048576,0,32,0.083983792,381,399534615,0.000000,0.000000
scalar/mixed,1048576,1,32,0.084152250,380,398734817,0.000000,0.000000
scalar/mixed,1048576,2,32,0.084017208,381,399375709,0.000000,0.000000
scalar/mixed,1048576,3,32,0.083981208,381,399546908,0.000000,0.000000
scalar/mixed,1048576,4,32,0.084029167,381,399318870,0.000000,0.000000
scalar/mixed,1048576,5,32,0.084099500,381,398984917,0.000000,0.000000
scalar/mixed,1048576,6,32,0.083879250,382,400032571,0.000000,0.000000
scalar/write,1048576,0,32,0.050668458,632,662235113,0.000000,0.000000
scalar/write,1048576,1,32,0.050649666,632,662480815,0.000000,0.000000
scalar/write,1048576,2,32,0.050656833,632,662387086,0.000000,0.000000
scalar/write,1048576,3,32,0.050628041,632,662763783,0.000000,0.000000
scalar/write,1048576,4,32,0.050805292,630,660451514,0.000000,0.000000
scalar/write,1048576,5,32,0.050754041,630,661118432,0.000000,0.000000
scalar/write,1048576,6,32,0.050663625,632,662298286,0.000000,0.000000
scalar/sequence_boolean,330,0,28800,0.050019625,575774,190005423,0.000000,0.000000
scalar/sequence_boolean,330,1,28800,0.050019542,575775,190005738,0.000000,0.000000
scalar/sequence_boolean,330,2,28832,0.050052291,576038,190092398,0.000000,0.000000
scalar/sequence_boolean,330,3,29088,0.050051875,581157,191781826,0.000000,0.000000
scalar/sequence_boolean,330,4,28864,0.050002708,577249,190492083,0.000000,0.000000
scalar/sequence_boolean,330,5,29024,0.050016709,580286,191494406,0.000000,0.000000
scalar/sequence_boolean,330,6,29056,0.050000833,581110,191766405,0.000000,0.000000
scalar/sequence_array_equality,330,0,20416,0.050067125,407773,134564947,0.000000,0.000000
scalar/sequence_array_equality,330,1,20416,0.050010625,408233,134716973,0.000000,0.000000
scalar/sequence_array_equality,330,2,20544,0.050072750,410283,135393403,0.000000,0.000000
scalar/sequence_array_equality,330,3,20480,0.050048584,409202,135036787,0.000000,0.000000
scalar/sequence_array_equality,330,4,20384,0.050034958,407395,134440405,0.000000,0.000000
scalar/sequence_array_equality,330,5,20320,0.050024875,406198,134045312,0.000000,0.000000
scalar/sequence_array_equality,330,6,20384,0.050074709,407072,134333681,0.000000,0.000000
scalar/sequence_equality,330,0,15936,0.050012292,318642,105151749,3.000000,672.000000
scalar/sequence_equality,330,1,16064,0.050006042,321241,106009590,3.000000,672.000000
scalar/sequence_equality,330,2,16128,0.050094875,321949,106243204,3.000000,672.000000
scalar/sequence_equality,330,3,16000,0.050059583,319619,105474310,3.000000,672.000000
scalar/sequence_equality,330,4,15968,0.050020583,319229,105345433,3.000000,672.000000
scalar/sequence_equality,330,5,16064,0.050021125,321144,105977624,3.000000,672.000000
scalar/sequence_equality,330,6,16224,0.050089750,323899,106886539,3.000000,672.000000
scalar/array_equality,330,0,14624,0.050084375,291987,96355800,16.000000,3264.000000
scalar/array_equality,330,1,14720,0.050033750,294201,97086467,16.000000,3264.000000
scalar/array_equality,330,2,14688,0.050087042,293249,96772335,16.000000,3264.000000
scalar/array_equality,330,3,14560,0.050016750,291102,96063819,16.000000,3264.000000
scalar/array_equality,330,4,14752,0.050029708,294865,97305385,16.000000,3264.000000
scalar/array_equality,330,5,14528,0.050045125,290298,95798342,16.000000,3264.000000
scalar/array_equality,330,6,14848,0.050073667,296523,97852630,16.000000,3264.000000
scalar/singleton,15,0,406240,0.050000917,8124651,121869765,0.000000,0.000000
scalar/singleton,15,1,403936,0.050001750,8078437,121176559,0.000000,0.000000
scalar/singleton,15,2,402784,0.050002750,8055237,120828554,0.000000,0.000000
scalar/singleton,15,3,406016,0.050000542,8120232,121803480,0.000000,0.000000
scalar/singleton,15,4,406336,0.050003125,8126212,121893182,0.000000,0.000000
scalar/singleton,15,5,408352,0.050001500,8166795,122501925,0.000000,0.000000
scalar/singleton,15,6,406784,0.050001792,8135388,122030826,0.000000,0.000000
scalar/sequence_type_error,330,0,47072,0.050033167,940816,310469253,0.000000,0.000000
scalar/sequence_type_error,330,1,46976,0.050003417,939456,310020413,0.000000,0.000000
scalar/sequence_type_error,330,2,47264,0.050019750,944907,311819231,0.000000,0.000000
scalar/sequence_type_error,330,3,47360,0.050008041,947048,312525740,0.000000,0.000000
scalar/sequence_type_error,330,4,47360,0.050004666,947112,312546833,0.000000,0.000000
scalar/sequence_type_error,330,5,47488,0.050029208,949206,313237819,0.000000,0.000000
scalar/sequence_type_error,330,6,47648,0.050007542,952816,314429371,0.000000,0.000000
scalar/object_equality,125,0,35168,0.050003000,703318,87914725,3.000000,1396.000000
scalar/object_equality,125,1,36160,0.050037292,722661,90332626,3.000000,1396.000000
scalar/object_equality,125,2,36288,0.050009583,725621,90702616,3.000000,1396.000000
scalar/object_equality,125,3,36768,0.050016542,735117,91889599,3.000000,1396.000000
scalar/object_equality,125,4,36608,0.050007459,732051,91506349,3.000000,1396.000000
scalar/object_equality,125,5,36320,0.050009792,726258,90782221,3.000000,1396.000000
scalar/object_equality,125,6,37184,0.050002041,743650,92956206,3.000000,1396.000000
scalar/object_equality,2389,0,2272,0.050055792,45389,108435164,7.000000,24948.000000
scalar/object_equality,2389,1,2240,0.050275792,44554,106440093,7.000000,24948.000000
scalar/object_equality,2389,2,2240,0.050153041,44663,106700609,7.000000,24948.000000
scalar/object_equality,2389,3,2240,0.050135209,44679,106738560,7.000000,24948.000000
scalar/object_equality,2389,4,2240,0.050529958,44330,105904699,7.000000,24948.000000
scalar/object_equality,2389,5,2240,0.050098666,44712,106816417,7.000000,24948.000000
scalar/object_equality,2389,6,2208,0.050077583,44092,105334796,7.000000,24948.000000
scalar/escaped_strings,26,0,539968,0.050000584,10799234,280780080,0.000000,0.000000
scalar/escaped_strings,26,1,545536,0.050000167,10910684,283677773,0.000000,0.000000
scalar/escaped_strings,26,2,548960,0.050000834,10979017,285454439,0.000000,0.000000
scalar/escaped_strings,26,3,548160,0.050001625,10962844,285033936,0.000000,0.000000
scalar/escaped_strings,26,4,545376,0.050001916,10907102,283584653,0.000000,0.000000
scalar/escaped_strings,26,5,549280,0.050002167,10985124,285613222,0.000000,0.000000
scalar/escaped_strings,26,6,545408,0.050002792,10907551,283596324,0.000000,0.000000
compile/filter,0,0,85312,0.050007750,1705976,0,20.000000,1539.000000
compile/filter,0,1,84384,0.050001500,1687629,0,20.000000,1539.000000
compile/filter,0,2,85248,0.050014375,1704470,0,20.000000,1539.000000
compile/filter,0,3,85056,0.050005292,1700940,0,20.000000,1539.000000
compile/filter,0,4,85248,0.050002875,1704862,0,20.000000,1539.000000
compile/filter,0,5,83840,0.050001625,1676746,0,20.000000,1539.000000
compile/filter,0,6,84768,0.050018417,1694736,0,20.000000,1539.000000
filter/predicate,100,0,102624,0.050010250,2052059,205205933,0.000000,0.000000
filter/predicate,100,1,103392,0.050008042,2067507,206750746,0.000000,0.000000
filter/predicate,100,2,103392,0.050001459,2067780,206777966,0.000000,0.000000
filter/predicate,100,3,102944,0.050014375,2058288,205828824,0.000000,0.000000
filter/predicate,100,4,102720,0.050003750,2054246,205424593,0.000000,0.000000
filter/predicate,100,5,101888,0.050012917,2037234,203723370,0.000000,0.000000
filter/predicate,100,6,103072,0.050001875,2061363,206136270,0.000000,0.000000
filter/none,100,0,118752,0.050011917,2374474,237447407,0.000000,0.000000
filter/none,100,1,117696,0.050008875,2353502,235350225,0.000000,0.000000
filter/none,100,2,118176,0.050013291,2362892,236289190,0.000000,0.000000
filter/none,100,3,118432,0.050002750,2368510,236850973,0.000000,0.000000
filter/none,100,4,118432,0.050008292,2368247,236824725,0.000000,0.000000
filter/none,100,5,116992,0.050000167,2339832,233983218,0.000000,0.000000
filter/none,100,6,117184,0.050000875,2343639,234363899,0.000000,0.000000
filter/first,100,0,148512,0.050008917,2969710,296971038,0.000000,0.000000
filter/first,100,1,149184,0.050010375,2983061,298306101,0.000000,0.000000
filter/first,100,2,149952,0.050002834,2998870,299887002,0.000000,0.000000
filter/first,100,3,149312,0.050008167,2985752,298575231,0.000000,0.000000
filter/first,100,4,149888,0.050006750,2997355,299735536,0.000000,0.000000
filter/first,100,5,149184,0.050000875,2983628,298362779,0.000000,0.000000
filter/first,100,6,146752,0.050002041,2934920,293492020,0.000000,0.000000
filter/last,100,0,128416,0.050005083,2568059,256805893,0.000000,0.000000
filter/last,100,1,128768,0.050007666,2574965,257496521,0.000000,0.000000
filter/last,100,2,129984,0.050003042,2599522,259952185,0.000000,0.000000
filter/last,100,3,129152,0.050007959,2582629,258262890,0.000000,0.000000
filter/last,100,4,128832,0.050001458,2576565,257656487,0.000000,0.000000
filter/last,100,5,129408,0.050003334,2587987,258798743,0.000000,0.000000
filter/last,100,6,129632,0.050004542,2592405,259240451,0.000000,0.000000
filter/computed_last,100,0,116800,0.050004125,2335807,233580730,0.000000,0.000000
filter/computed_last,100,1,116128,0.050001250,2322502,232250194,0.000000,0.000000
filter/computed_last,100,2,116576,0.050010333,2331038,233103827,0.000000,0.000000
filter/computed_last,100,3,116448,0.050011750,2328413,232841282,0.000000,0.000000
filter/computed_last,100,4,116416,0.050000708,2328287,232828703,0.000000,0.000000
filter/computed_last,100,5,116832,0.050004583,2336426,233642584,0.000000,0.000000
filter/computed_last,100,6,116064,0.050013250,2320665,232066502,0.000000,0.000000
filter/chained,100,0,78080,0.050019292,1560998,156099770,0.000000,0.000000
filter/chained,100,1,79264,0.050010875,1584935,158493528,0.000000,0.000000
filter/chained,100,2,79424,0.050014417,1588022,158802211,0.000000,0.000000
filter/chained,100,3,79264,0.050010333,1584952,158495245,0.000000,0.000000
filter/chained,100,4,79488,0.050015791,1589258,158925808,0.000000,0.000000
filter/chained,100,5,79360,0.050003459,1587090,158709021,0.000000,0.000000
filter/chained,100,6,78528,0.050010250,1570238,157023810,0.000000,0.000000
filter/predicate,500,0,55040,0.050001125,1100775,550387616,0.000000,0.000000
filter/predicate,500,1,55232,0.050015917,1104288,552144230,0.000000,0.000000
filter/predicate,500,2,55104,0.050022458,1101585,550792606,0.000000,0.000000
filter/predicate,500,3,55424,0.050015042,1108147,554073313,0.000000,0.000000
filter/predicate,500,4,55104,0.050012792,1101798,550899058,0.000000,0.000000
filter/predicate,500,5,55040,0.050009500,1100591,550295444,0.000000,0.000000
filter/predicate,500,6,55040,0.050003375,1100726,550362851,0.000000,0.000000
filter/none,500,0,59200,0.050020084,1183525,591762301,0.000000,0.000000
filter/none,500,1,59264,0.050004417,1185175,592587651,0.000000,0.000000
filter/none,500,2,59072,0.050009583,1181214,590606804,0.000000,0.000000
filter/none,500,3,59136,0.050010583,1182470,591234859,0.000000,0.000000
filter/none,500,4,59168,0.050019500,1182899,591449335,0.000000,0.000000
filter/none,500,5,58880,0.050022541,1177069,588534677,0.000000,0.000000
filter/none,500,6,59264,0.050003000,1185209,592604444,0.000000,0.000000
filter/first,500,0,66272,0.050015834,1325020,662510196,0.000000,0.000000
filter/first,500,1,66432,0.050008708,1328409,664204322,0.000000,0.000000
filter/first,500,2,66432,0.050010208,1328369,664184400,0.000000,0.000000
filter/first,500,3,66528,0.050002000,1330507,665253390,0.000000,0.000000
filter/first,500,4,66624,0.050008542,1332252,666126199,0.000000,0.000000
filter/first,500,5,66656,0.050012792,1332779,666389511,0.000000,0.000000
filter/first,500,6,66336,0.050003333,1326632,663315783,0.000000,0.000000
filter/last,500,0,62272,0.050004750,1245322,622660847,0.000000,0.000000
filter/last,500,1,61664,0.050008417,1233072,616536212,0.000000,0.000000
filter/last,500,2,62368,0.050022875,1246790,623394797,0.000000,0.000000
filter/last,500,3,62496,0.050000542,1249906,624953226,0.000000,0.000000
filter/last,500,4,62176,0.050008292,1243314,621656904,0.000000,0.000000
filter/last,500,5,62304,0.050006250,1245924,622962130,0.000000,0.000000
filter/last,500,6,62496,0.050024250,1249314,624657041,0.000000,0.000000
filter/computed_last,500,0,58240,0.050011625,1164529,582264623,0.000000,0.000000
filter/computed_last,500,1,58976,0.050022459,1178990,589495211,0.000000,0.000000
filter/computed_last,500,2,59104,0.050020458,1181597,590798269,0.000000,0.000000
filter/computed_last,500,3,58880,0.050030041,1176893,588446450,0.000000,0.000000
filter/computed_last,500,4,59136,0.050015208,1182360,591180187,0.000000,0.000000
filter/computed_last,500,5,59168,0.050004083,1183263,591631687,0.000000,0.000000
filter/computed_last,500,6,59104,0.050024083,1181511,590755457,0.000000,0.000000
filter/chained,500,0,47552,0.050028708,950494,475247132,0.000000,0.000000
filter/chained,500,1,47296,0.050010000,945731,472865427,0.000000,0.000000
filter/chained,500,2,47232,0.050021417,944236,472117773,0.000000,0.000000
filter/chained,500,3,47392,0.050027041,947328,473663833,0.000000,0.000000
filter/chained,500,4,47488,0.050026000,949266,474633191,0.000000,0.000000
filter/chained,500,5,47264,0.050032542,944665,472332587,0.000000,0.000000
filter/chained,500,6,47456,0.050011708,948898,474448903,0.000000,0.000000
filter/predicate,1024,0,34432,0.050025250,688292,704811430,0.000000,0.000000
filter/predicate,1024,1,34592,0.050022959,691522,708119006,0.000000,0.000000
filter/predicate,1024,2,34560,0.050013667,691011,707595386,0.000000,0.000000
filter/predicate,1024,3,34464,0.050015208,689070,705608102,0.000000,0.000000
filter/predicate,1024,4,34560,0.050012458,691028,707612491,0.000000,0.000000
filter/predicate,1024,5,34720,0.050030417,693978,710633293,0.000000,0.000000
filter/predicate,1024,6,34496,0.050044458,689307,705850466,0.000000,0.000000
filter/none,1024,0,36128,0.050027333,722165,739497186,0.000000,0.000000
filter/none,1024,1,36128,0.050018917,722287,739621612,0.000000,0.000000
filter/none,1024,2,36192,0.050005541,723760,741130028,0.000000,0.000000
filter/none,1024,3,36192,0.050040750,723251,740608564,0.000000,0.000000
filter/none,1024,4,36192,0.050009500,723702,741071356,0.000000,0.000000
filter/none,1024,5,36096,0.050030042,721487,738802178,0.000000,0.000000
filter/none,1024,6,36096,0.050007083,721818,739141373,0.000000,0.000000
filter/first,1024,0,38816,0.050004458,776251,794880808,0.000000,0.000000
filter/first,1024,1,38784,0.050011250,775506,794117644,0.000000,0.000000
filter/first,1024,2,38848,0.050026042,776556,795192872,0.000000,0.000000
filter/first,1024,3,38720,0.050011625,774220,792801274,0.000000,0.000000
filter/first,1024,4,38688,0.050002333,773724,792293272,0.000000,0.000000
filter/first,1024,5,38784,0.050021583,775345,793953602,0.000000,0.000000
filter/first,1024,6,38688,0.050018167,773479,792042459,0.000000,0.000000
filter/last,1024,0,37216,0.050011917,744143,762002064,0.000000,0.000000
filter/last,1024,1,37280,0.050024666,745232,763117939,0.000000,0.000000
filter/last,1024,2,37312,0.050022125,745910,763811773,0.000000,0.000000
filter/last,1024,3,37344,0.050038333,746308,764219224,0.000000,0.000000
filter/last,1024,4,37344,0.050019000,746596,764514604,0.000000,0.000000
filter/last,1024,5,37248,0.050001459,744938,762816781,0.000000,0.000000
filter/last,1024,6,37280,0.050039459,745012,762892341,0.000000,0.000000
filter/computed_last,1024,0,36064,0.050025959,720906,738207457,0.000000,0.000000
filter/computed_last,1024,1,36192,0.050017667,723584,740950353,0.000000,0.000000
filter/computed_last,1024,2,36192,0.050035625,723325,740684422,0.000000,0.000000
filter/computed_last,1024,3,36192,0.050009208,723707,741075684,0.000000,0.000000
filter/computed_last,1024,4,36096,0.050041958,721315,738626254,0.000000,0.000000
filter/computed_last,1024,5,36224,0.050008708,724354,741738339,0.000000,0.000000
filter/computed_last,1024,6,36224,0.050041500,723879,741252281,0.000000,0.000000
filter/chained,1024,0,31424,0.050043417,627935,643005173,0.000000,0.000000
filter/chained,1024,1,31488,0.050050583,629124,644222506,0.000000,0.000000
filter/chained,1024,2,31488,0.050024792,629448,644554644,0.000000,0.000000
filter/chained,1024,3,31392,0.050031625,627443,642501778,0.000000,0.000000
filter/chained,1024,4,31328,0.050041833,626036,641061090,0.000000,0.000000
filter/chained,1024,5,31360,0.050044417,626643,641682768,0.000000,0.000000
filter/chained,1024,6,31392,0.050048916,627226,642279805,0.000000,0.000000
filter/predicate,10240,0,4640,0.050103208,92609,948314527,0.000000,0.000000
filter/predicate,10240,1,4640,0.050254875,92329,945452556,0.000000,0.000000
filter/predicate,10240,2,4640,0.050093708,92626,948494370,0.000000,0.000000
filter/predicate,10240,3,4640,0.050037209,92731,949565352,0.000000,0.000000
filter/predicate,10240,4,4640,0.050123375,92572,947932975,0.000000,0.000000
filter/predicate,10240,5,4640,0.050065208,92679,949034307,0.000000,0.000000
filter/predicate,10240,6,4640,0.050132208,92555,947765955,0.000000,0.000000
filter/none,10240,0,4672,0.050128083,93201,954380801,0.000000,0.000000
filter/none,10240,1,4672,0.050218000,93034,952671950,0.000000,0.000000
filter/none,10240,2,4672,0.050122083,93212,954495048,0.000000,0.000000
filter/none,10240,3,4672,0.050180167,93105,953390211,0.000000,0.000000
filter/none,10240,4,4672,0.050138458,93182,954183314,0.000000,0.000000
filter/none,10240,5,4672,0.050203542,93061,952946308,0.000000,0.000000
filter/none,10240,6,4672,0.050077167,93296,955351168,0.000000,0.000000
filter/first,10240,0,4704,0.050138375,93820,960720406,0.000000,0.000000
filter/first,10240,1,4704,0.050158541,93783,960334153,0.000000,0.000000
filter/first,10240,2,4704,0.050034500,94015,962714927,0.000000,0.000000
filter/first,10240,3,4736,0.050313042,94131,963897989,0.000000,0.000000
filter/first,10240,4,4704,0.050078167,93933,961875462,0.000000,0.000000
filter/first,10240,5,4704,0.050037583,94009,962655610,0.000000,0.000000
filter/first,10240,6,4704,0.050052750,93981,962363906,0.000000,0.000000
filter/last,10240,0,4704,0.050282625,93551,957964307,0.000000,0.000000
filter/last,10240,1,4672,0.050080833,93289,955281235,0.000000,0.000000
filter/last,10240,2,4704,0.050247458,93617,958634763,0.000000,0.000000
filter/last,10240,3,4704,0.050309208,93502,957458126,0.000000,0.000000
filter/last,10240,4,4704,0.050243083,93625,958718238,0.000000,0.000000
filter/last,10240,5,4704,0.050298791,93521,957656418,0.000000,0.000000
filter/last,10240,6,4704,0.050317333,93487,957303520,0.000000,0.000000
filter/computed_last,10240,0,4672,0.050147042,93166,954019980,0.000000,0.000000
filter/computed_last,10240,1,4672,0.050145875,93168,954042182,0.000000,0.000000
filter/computed_last,10240,2,4672,0.050172459,93119,953536680,0.000000,0.000000
filter/computed_last,10240,3,4672,0.050137959,93183,954192810,0.000000,0.000000
filter/computed_last,10240,4,4672,0.050235833,93001,952333765,0.000000,0.000000
filter/computed_last,10240,5,4672,0.050301875,92879,951083434,0.000000,0.000000
filter/computed_last,10240,6,4672,0.050180167,93105,953390211,0.000000,0.000000
filter/chained,10240,0,4576,0.050054875,91420,936137389,0.000000,0.000000
filter/chained,10240,1,4576,0.050055667,91418,936122577,0.000000,0.000000
filter/chained,10240,2,4576,0.050087375,91360,935529961,0.000000,0.000000
filter/chained,10240,3,4576,0.050046959,91434,936285459,0.000000,0.000000
filter/chained,10240,4,4576,0.050042958,91441,936360317,0.000000,0.000000
filter/chained,10240,5,4576,0.050106875,91325,935165883,0.000000,0.000000
filter/chained,10240,6,4576,0.050082791,91369,935615589,0.000000,0.000000
filter/predicate,65536,0,768,0.051205708,14998,982930419,0.000000,0.000000
filter/predicate,65536,1,768,0.051310416,14968,980924575,0.000000,0.000000
filter/predicate,65536,2,768,0.051207875,14998,982888823,0.000000,0.000000
filter/predicate,65536,3,768,0.051305500,14969,981018565,0.000000,0.000000
filter/predicate,65536,4,768,0.051221208,14994,982632975,0.000000,0.000000
filter/predicate,65536,5,768,0.051344375,14958,980275795,0.000000,0.000000
filter/predicate,65536,6,768,0.051243625,14987,982203113,0.000000,0.000000
filter/none,65536,0,768,0.051225458,14993,982551449,0.000000,0.000000
filter/none,65536,1,768,0.051207459,14998,982896808,0.000000,0.000000
filter/none,65536,2,768,0.051275833,14978,981586160,0.000000,0.000000
filter/none,65536,3,768,0.051163791,15011,983735705,0.000000,0.000000
filter/none,65536,4,768,0.051138542,15018,984221412,0.000000,0.000000
filter/none,65536,5,768,0.051216417,14995,982724895,0.000000,0.000000
filter/none,65536,6,768,0.051520959,14907,976915977,0.000000,0.000000
filter/first,65536,0,768,0.051046667,15045,985992837,0.000000,0.000000
filter/first,65536,1,768,0.051474416,14920,977799301,0.000000,0.000000
filter/first,65536,2,768,0.051116583,15024,984644220,0.000000,0.000000
filter/first,65536,3,768,0.050958417,15071,987700383,0.000000,0.000000
filter/first,65536,4,768,0.051023958,15052,986431668,0.000000,0.000000
filter/first,65536,5,768,0.051067833,15039,985584174,0.000000,0.000000
filter/first,65536,6,768,0.051138875,15018,984215003,0.000000,0.000000
filter/last,65536,0,768,0.050995667,15060,986978913,0.000000,0.000000
filter/last,65536,1,768,0.050999875,15059,986897478,0.000000,0.000000
filter/last,65536,2,768,0.051069375,15038,985554415,0.000000,0.000000
filter/last,65536,3,768,0.050987584,15062,987135378,0.000000,0.000000
filter/last,65536,4,704,0.050024042,14073,922303400,0.000000,0.000000
filter/last,65536,5,768,0.050983708,15064,987210424,0.000000,0.000000
filter/last,65536,6,768,0.051025125,15051,986409107,0.000000,0.000000
filter/computed_last,65536,0,768,0.051066666,15039,985606697,0.000000,0.000000
filter/computed_last,65536,1,768,0.051058417,15042,985765932,0.000000,0.000000
filter/computed_last,65536,2,768,0.051100291,15029,984958148,0.000000,0.000000
filter/computed_last,65536,3,768,0.051066042,15039,985618741,0.000000,0.000000
filter/computed_last,65536,4,768,0.051241375,14988,982246241,0.000000,0.000000
filter/computed_last,65536,5,768,0.051189167,15003,983248038,0.000000,0.000000
filter/computed_last,65536,6,768,0.051099250,15030,984978214,0.000000,0.000000
filter/chained,65536,0,768,0.051249083,14986,982098509,0.000000,0.000000
filter/chained,65536,1,768,0.051221875,14994,982620179,0.000000,0.000000
filter/chained,65536,2,768,0.051148250,15015,984034605,0.000000,0.000000
filter/chained,65536,3,768,0.051229459,14991,982474712,0.000000,0.000000
filter/chained,65536,4,768,0.051397375,14942,979264953,0.000000,0.000000
filter/chained,65536,5,768,0.051320000,14965,980741387,0.000000,0.000000
filter/chained,65536,6,768,0.051169791,15009,983620355,0.000000,0.000000
filter/predicate,1048576,0,64,0.067733000,945,990785348,0.000000,0.000000
filter/predicate,1048576,1,64,0.067788833,944,989969307,0.000000,0.000000
filter/predicate,1048576,2,64,0.067697416,945,991306138,0.000000,0.000000
filter/predicate,1048576,3,64,0.067653709,946,991946561,0.000000,0.000000
filter/predicate,1048576,4,64,0.068124667,939,985089057,0.000000,0.000000
filter/predicate,1048576,5,64,0.068898625,929,974023270,0.000000,0.000000
filter/predicate,1048576,6,64,0.068114916,940,985230078,0.000000,0.000000
filter/none,1048576,0,64,0.067951458,942,987600060,0.000000,0.000000
filter/none,1048576,1,64,0.067918125,942,988084756,0.000000,0.000000
filter/none,1048576,2,64,0.067854958,943,989004576,0.000000,0.000000
filter/none,1048576,3,64,0.067955750,942,987537684,0.000000,0.000000
filter/none,1048576,4,64,0.067995084,941,986966411,0.000000,0.000000
filter/none,1048576,5,64,0.068027125,941,986501546,0.000000,0.000000
filter/none,1048576,6,64,0.067944250,942,987704832,0.000000,0.000000
filter/first,1048576,0,64,0.067919625,942,988062935,0.000000,0.000000
filter/first,1048576,1,64,0.067618875,946,992457565,0.000000,0.000000
filter/first,1048576,2,64,0.067699083,945,991281728,0.000000,0.000000
filter/first,1048576,3,64,0.067866333,943,988838811,0.000000,0.000000
filter/first,1048576,4,64,0.067849000,943,989091424,0.000000,0.000000
filter/first,1048576,5,64,0.067978708,941,987204170,0.000000,0.000000
filter/first,1048576,6,64,0.067973917,942,987273751,0.000000,0.000000
filter/last,1048576,0,64,0.067857708,943,988964496,0.000000,0.000000
filter/last,1048576,1,64,0.067961542,942,987453522,0.000000,0.000000
filter/last,1048576,2,64,0.067895709,943,988410976,0.000000,0.000000
filter/last,1048576,3,64,0.067984458,941,987120674,0.000000,0.000000
filter/last,1048576,4,64,0.067954500,942,987555850,0.000000,0.000000
filter/last,1048576,5,64,0.067973750,942,987276176,0.000000,0.000000
filter/last,1048576,6,64,0.068038916,941,986330588,0.000000,0.000000
filter/computed_last,1048576,0,64,0.067741083,945,990667126,0.000000,0.000000
filter/computed_last,1048576,1,64,0.067863208,943,988884345,0.000000,0.000000
filter/computed_last,1048576,2,64,0.068073541,940,985828899,0.000000,0.000000
filter/computed_last,1048576,3,64,0.068286042,937,982761074,0.000000,0.000000
filter/computed_last,1048576,4,64,0.068200250,938,983997331,0.000000,0.000000
filter/computed_last,1048576,5,64,0.067985917,941,987099490,0.000000,0.000000
filter/computed_last,1048576,6,64,0.067945958,942,987680003,0.000000,0.000000
filter/chained,1048576,0,64,0.067970542,942,987322773,0.000000,0.000000
filter/chained,1048576,1,64,0.068072958,940,985837342,0.000000,0.000000
filter/chained,1048576,2,64,0.067901333,943,988329110,0.000000,0.000000
filter/chained,1048576,3,64,0.067928750,942,987930206,0.000000,0.000000
filter/chained,1048576,4,64,0.067943750,942,987712100,0.000000,0.000000
filter/chained,1048576,5,64,0.067876709,943,988687651,0.000000,0.000000
filter/chained,1048576,6,64,0.068114000,940,985243327,0.000000,0.000000
filter/wide_predicate,164,0,31648,0.050044084,632402,103713997,0.000000,0.000000
filter/wide_predicate,164,1,31392,0.050017417,627621,102929905,0.000000,0.000000
filter/wide_predicate,164,2,31584,0.050005875,631606,103583349,0.000000,0.000000
filter/wide_predicate,164,3,31584,0.050039833,631177,103513055,0.000000,0.000000
filter/wide_predicate,164,4,30912,0.050021667,617972,101347442,0.000000,0.000000
filter/wide_predicate,164,5,31744,0.050018584,634644,104081635,0.000000,0.000000
filter/wide_predicate,164,6,31424,0.050019750,628232,103030023,0.000000,0.000000
filter/wide_last,164,0,60192,0.050023000,1203286,197338984,0.000000,0.000000
filter/wide_last,164,1,60064,0.050019292,1200817,196933935,0.000000,0.000000
filter/wide_last,164,2,57344,0.050017084,1146488,188024076,0.000000,0.000000
filter/wide_last,164,3,57920,0.050007917,1158217,189947524,0.000000,0.000000
filter/wide_last,164,4,60320,0.050014750,1206044,197791252,0.000000,0.000000
filter/wide_last,164,5,60384,0.050013083,1207364,198007709,0.000000,0.000000
filter/wide_last,164,6,60480,0.050020708,1209099,198292275,0.000000,0.000000
filter/sequence_last,164,0,31328,0.050001375,626543,102753014,0.000000,0.000000
filter/sequence_last,164,1,31648,0.050044125,632402,103713912,0.000000,0.000000
filter/sequence_last,164,2,31520,0.050046250,629817,103290057,0.000000,0.000000
filter/sequence_last,164,3,31712,0.050033792,633812,103945110,0.000000,0.000000
filter/sequence_last,164,4,31616,0.050027541,631972,103643391,0.000000,0.000000
filter/sequence_last,164,5,31776,0.050025208,635200,104172760,0.000000,0.000000
filter/sequence_last,164,6,31488,0.050010167,629632,103259643,0.000000,0.000000
filter/wide_predicate,2736,0,2016,0.050382083,40014,109478919,0.000000,0.000000
filter/wide_predicate,2736,1,2016,0.050013458,40309,110285835,0.000000,0.000000
filter/wide_predicate,2736,2,2080,0.050796375,40948,112033191,0.000000,0.000000
filter/wide_predicate,2736,3,2048,0.050638000,40444,110654607,0.000000,0.000000
filter/wide_predicate,2736,4,2080,0.050534416,41160,112613946,0.000000,0.000000
filter/wide_predicate,2736,5,2048,0.050677333,40413,110568723,0.000000,0.000000
filter/wide_predicate,2736,6,2016,0.050689667,39771,108814603,0.000000,0.000000
filter/wide_last,2736,0,4480,0.050112584,89399,244594851,0.000000,0.000000
filter/wide_last,2736,1,4512,0.050212500,89858,245851770,0.000000,0.000000
filter/wide_last,2736,2,4512,0.050284834,89729,245498116,0.000000,0.000000
filter/wide_last,2736,3,4480,0.050260125,89136,243876831,0.000000,0.000000
filter/wide_last,2736,4,4512,0.050041292,90166,246692911,0.000000,0.000000
filter/wide_last,2736,5,4512,0.050108209,90045,246363465,0.000000,0.000000
filter/wide_last,2736,6,4512,0.050036375,90174,246717153,0.000000,0.000000
filter/sequence_last,2736,0,2368,0.050659625,46743,127889774,0.000000,0.000000
filter/sequence_last,2736,1,2368,0.050005208,47355,129563465,0.000000,0.000000
filter/sequence_last,2736,2,2368,0.050595291,46803,128052391,0.000000,0.000000
filter/sequence_last,2736,3,2400,0.050614000,47418,129734856,0.000000,0.000000
filter/sequence_last,2736,4,2400,0.050647292,47387,129649577,0.000000,0.000000
filter/sequence_last,2736,5,2368,0.050012250,47348,129545221,0.000000,0.000000
filter/sequence_last,2736,6,2368,0.050233625,47140,128974327,0.000000,0.000000
filter/wide_predicate,23392,0,256,0.051742458,4948,115733814,0.000000,0.000000
filter/wide_predicate,23392,1,256,0.051097625,5010,117194331,0.000000,0.000000
filter/wide_predicate,23392,2,256,0.052415625,4884,114247460,0.000000,0.000000
filter/wide_predicate,23392,3,256,0.051532542,4968,116205251,0.000000,0.000000
filter/wide_predicate,23392,4,256,0.051787417,4943,115633340,0.000000,0.000000
filter/wide_predicate,23392,5,256,0.051126000,5007,117129288,0.000000,0.000000
filter/wide_predicate,23392,6,256,0.050643458,5055,118245322,0.000000,0.000000
filter/wide_last,23392,0,544,0.050383041,10797,252570066,0.000000,0.000000
filter/wide_last,23392,1,576,0.050047167,11509,269221872,0.000000,0.000000
filter/wide_last,23392,2,576,0.051058875,11281,263887365,0.000000,0.000000
filter/wide_last,23392,3,576,0.052405000,10991,257108902,0.000000,0.000000
filter/wide_last,23392,4,576,0.052366375,10999,257298543,0.000000,0.000000
filter/wide_last,23392,5,576,0.052263250,11021,257806241,0.000000,0.000000
filter/wide_last,23392,6,576,0.052371292,10998,257274386,0.000000,0.000000
filter/sequence_last,23392,0,320,0.054807916,5839,136575892,0.000000,0.000000
filter/sequence_last,23392,1,320,0.054971708,5821,136168954,0.000000,0.000000
filter/sequence_last,23392,2,320,0.055074792,5810,135914086,0.000000,0.000000
filter/sequence_last,23392,3,288,0.051394375,5604,131082361,0.000000,0.000000
filter/sequence_last,23392,4,288,0.050577333,5694,133199906,0.000000,0.000000
filter/sequence_last,23392,5,320,0.055072583,5811,135919537,0.000000,0.000000
filter/sequence_last,23392,6,320,0.054423917,5880,137539531,0.000000,0.000000
filter/nested,892,0,3840,0.050128250,76604,68330333,0.000000,0.000000
filter/nested,892,1,3872,0.050370500,76870,68568388,0.000000,0.000000
filter/nested,892,2,3840,0.050232667,76444,68188297,0.000000,0.000000
filter/nested,892,3,3840,0.050273917,76382,68132348,0.000000,0.000000
filter/nested,892,4,3840,0.050200000,76494,68232669,0.000000,0.000000
filter/nested,892,5,3840,0.050199250,76495,68233689,0.000000,0.000000
filter/nested,892,6,3840,0.050222833,76459,68201648,0.000000,0.000000
filter/per_group,892,0,5344,0.050294959,106253,94777848,0.000000,0.000000
filter/per_group,892,1,5312,0.050025541,106186,94717696,0.000000,0.000000
filter/per_group,892,2,5312,0.050119875,105986,94539422,0.000000,0.000000
filter/per_group,892,3,5344,0.050165291,106528,95022832,0.000000,0.000000
filter/per_group,892,4,5344,0.050005375,106869,95326712,0.000000,0.000000
filter/per_group,892,5,5376,0.050213958,107062,95499184,0.000000,0.000000
filter/per_group,892,6,5376,0.050020667,107476,95868214,0.000000,0.000000
filter/global,892,0,7936,0.050135750,158290,141194896,0.000000,0.000000
filter/global,892,1,7936,0.050092084,158428,141317978,0.000000,0.000000
filter/global,892,2,7904,0.050015834,158030,140962720,0.000000,0.000000
filter/global,892,3,7968,0.050157000,158861,141704169,0.000000,0.000000
filter/global,892,4,7936,0.050036750,158603,141474256,0.000000,0.000000
filter/global,892,5,7936,0.050047375,158570,141444222,0.000000,0.000000
filter/global,892,6,7936,0.050109000,158375,141270271,0.000000,0.000000
filter/deep,136,0,3808,0.050182375,75883,10320117,0.000000,0.000000
filter/deep,136,1,3808,0.050264375,75759,10303281,0.000000,0.000000
filter/deep,136,2,3808,0.050234291,75805,10309452,0.000000,0.000000
filter/deep,136,3,3808,0.050216458,75832,10313113,0.000000,0.000000
filter/deep,136,4,3808,0.050191458,75869,10318250,0.000000,0.000000
filter/deep,136,5,3808,0.050288583,75723,10298322,0.000000,0.000000
filter/deep,136,6,3808,0.050183042,75882,10319980,0.000000,0.000000
filter/negative_chain,20,0,6112,0.050171167,121823,2436459,0.000000,0.000000
filter/negative_chain,20,1,6112,0.050047708,122123,2442469,0.000000,0.000000
filter/negative_chain,20,2,6176,0.050257083,122888,2457763,0.000000,0.000000
filter/negative_chain,20,3,6144,0.050101667,122631,2452613,0.000000,0.000000
filter/negative_chain,20,4,6176,0.050201459,123024,2460486,0.000000,0.000000
filter/negative_chain,20,5,6144,0.050130708,122560,2451192,0.000000,0.000000
filter/negative_chain,20,6,6144,0.050089125,122661,2453227,0.000000,0.000000
compile/aggregate,0,0,79936,0.050016583,1598190,0,20.000000,1779.000000
compile/aggregate,0,1,80736,0.050009709,1614407,0,20.000000,1779.000000
compile/aggregate,0,2,80864,0.050018792,1616672,0,20.000000,1779.000000
compile/aggregate,0,3,80320,0.050013125,1605978,0,20.000000,1779.000000
compile/aggregate,0,4,80288,0.050019542,1605133,0,20.000000,1779.000000
compile/aggregate,0,5,80256,0.050004875,1604964,0,20.000000,1779.000000
compile/aggregate,0,6,80768,0.050009500,1615053,0,20.000000,1779.000000
aggregate/count,100,0,190624,0.050007000,3811946,381194633,0.000000,0.000000
aggregate/count,100,1,191136,0.050005333,3822312,382231231,0.000000,0.000000
aggregate/count,100,2,191328,0.050004834,3826190,382619008,0.000000,0.000000
aggregate/count,100,3,191424,0.050002000,3828327,382832687,0.000000,0.000000
aggregate/count,100,4,191840,0.050002416,3836615,383661461,0.000000,0.000000
aggregate/count,100,5,191488,0.050006916,3829230,382923034,0.000000,0.000000
aggregate/count,100,6,192480,0.050006292,3849116,384911563,0.000000,0.000000
aggregate/sum,100,0,182976,0.050002583,3659331,365933096,0.000000,0.000000
aggregate/sum,100,1,184352,0.050003708,3686767,368676659,0.000000,0.000000
aggregate/sum,100,2,185312,0.050001458,3706132,370613193,0.000000,0.000000
aggregate/sum,100,3,184704,0.050002833,3693871,369387071,0.000000,0.000000
aggregate/sum,100,4,186368,0.050002042,3727208,372720778,0.000000,0.000000
aggregate/sum,100,5,186272,0.050008125,3724835,372483471,0.000000,0.000000
aggregate/sum,100,6,181408,0.050001583,3628045,362804514,0.000000,0.000000
aggregate/min,100,0,183872,0.050006292,3676977,367697729,0.000000,0.000000
aggregate/min,100,1,184256,0.050002709,3684920,368492035,0.000000,0.000000
aggregate/min,100,2,184320,0.050004917,3686038,368603752,0.000000,0.000000
aggregate/min,100,3,184128,0.050006500,3682081,368208133,0.000000,0.000000
aggregate/min,100,4,185248,0.050003709,3704685,370468519,0.000000,0.000000
aggregate/min,100,5,185056,0.050007375,3700574,370057417,0.000000,0.000000
aggregate/min,100,6,183680,0.050007042,3673083,367308268,0.000000,0.000000
aggregate/max,100,0,183392,0.050000375,3667812,366781249,0.000000,0.000000
aggregate/max,100,1,183744,0.050001958,3674736,367473610,0.000000,0.000000
aggregate/max,100,2,184288,0.050005500,3685355,368535461,0.000000,0.000000
aggregate/max,100,3,183392,0.050004042,3667544,366754352,0.000000,0.000000
aggregate/max,100,4,182208,0.050007208,3643635,364363473,0.000000,0.000000
aggregate/max,100,5,183136,0.050006042,3662277,366227745,0.000000,0.000000
aggregate/max,100,6,183008,0.050007458,3659614,365961413,0.000000,0.000000
aggregate/filtered_count,100,0,120096,0.050001041,2401870,240186999,0.000000,0.000000
aggregate/filtered_count,100,1,120416,0.050011541,2407764,240776424,0.000000,0.000000
aggregate/filtered_count,100,2,120800,0.050008625,2415583,241558331,0.000000,0.000000
aggregate/filtered_count,100,3,121024,0.050001209,2420421,242042147,0.000000,0.000000
aggregate/filtered_count,100,4,120480,0.050007292,2409249,240924864,0.000000,0.000000
aggregate/filtered_count,100,5,120896,0.050002959,2417777,241777692,0.000000,0.000000
aggregate/filtered_count,100,6,120928,0.050012542,2417953,241795348,0.000000,0.000000
aggregate/filtered_sum,100,0,118304,0.050004416,2365871,236587105,0.000000,0.000000
aggregate/filtered_sum,100,1,118560,0.050012625,2370601,237060142,0.000000,0.000000
aggregate/filtered_sum,100,2,118976,0.050004792,2379292,237929197,0.000000,0.000000
aggregate/filtered_sum,100,3,119040,0.050007042,2380465,238046474,0.000000,0.000000
aggregate/filtered_sum,100,4,118976,0.050011041,2378995,237899467,0.000000,0.000000
aggregate/filtered_sum,100,5,118784,0.050005625,2375413,237541277,0.000000,0.000000
aggregate/filtered_sum,100,6,118720,0.050008500,2373996,237399642,0.000000,0.000000
aggregate/empty_sum,100,0,134656,0.050000333,2693102,269310206,0.000000,0.000000
aggregate/empty_sum,100,1,134304,0.050008542,2685621,268562119,0.000000,0.000000
aggregate/empty_sum,100,2,133696,0.050005125,2673646,267364595,0.000000,0.000000
aggregate/empty_sum,100,3,133632,0.050000334,2672622,267262215,0.000000,0.000000
aggregate/empty_sum,100,4,134272,0.050006750,2685078,268507751,0.000000,0.000000
aggregate/empty_sum,100,5,133984,0.050005291,2679396,267939647,0.000000,0.000000
aggregate/empty_sum,100,6,134784,0.050005458,2695386,269538577,0.000000,0.000000
aggregate/count,500,0,73920,0.050001458,1478357,739178446,0.000000,0.000000
aggregate/count,500,1,73632,0.050020917,1472024,736012097,0.000000,0.000000
aggregate/count,500,2,74176,0.050020875,1482901,741450444,0.000000,0.000000
aggregate/count,500,3,74016,0.050008209,1480077,740038500,0.000000,0.000000
aggregate/count,500,4,73696,0.050016708,1473428,736713820,0.000000,0.000000
aggregate/count,500,5,74112,0.050018125,1481703,740851441,0.000000,0.000000
aggregate/count,500,6,74144,0.050007125,1482669,741334360,0.000000,0.000000
aggregate/sum,500,0,72352,0.050007000,1446837,723418721,0.000000,0.000000
aggregate/sum,500,1,72192,0.050013250,1443457,721728742,0.000000,0.000000
aggregate/sum,500,2,72416,0.050012750,1447951,723975386,0.000000,0.000000
aggregate/sum,500,3,72672,0.050017875,1452921,726460290,0.000000,0.000000
aggregate/sum,500,4,72704,0.050003375,1453982,726990928,0.000000,0.000000
aggregate/sum,500,5,72736,0.050009459,1454445,727222424,0.000000,0.000000
aggregate/sum,500,6,72640,0.050004250,1452677,726338261,0.000000,0.000000
aggregate/min,500,0,72544,0.050019208,1450323,725161422,0.000000,0.000000
aggregate/min,500,1,72608,0.050003875,1452047,726023733,0.000000,0.000000
aggregate/min,500,2,72416,0.050014292,1447906,723953065,0.000000,0.000000
aggregate/min,500,3,72768,0.050003958,1455245,727622401,0.000000,0.000000
aggregate/min,500,4,72864,0.050008667,1457027,728513719,0.000000,0.000000
aggregate/min,500,5,72896,0.050003417,1457820,728910186,0.000000,0.000000
aggregate/min,500,6,72736,0.050009750,1454436,727218192,0.000000,0.000000
aggregate/max,500,0,72864,0.050019958,1456699,728349272,0.000000,0.000000
aggregate/max,500,1,72928,0.050001292,1458522,729261156,0.000000,0.000000
aggregate/max,500,2,72672,0.050014041,1453032,726515980,0.000000,0.000000
aggregate/max,500,3,72128,0.050021167,1441950,720974783,0.000000,0.000000
aggregate/max,500,4,72064,0.050007791,1441055,720527727,0.000000,0.000000
aggregate/max,500,5,72128,0.050001458,1442518,721258968,0.000000,0.000000
aggregate/max,500,6,72256,0.050011458,1444789,722394456,0.000000,0.000000
aggregate/filtered_count,500,0,60256,0.050006167,1204971,602485689,0.000000,0.000000
aggregate/filtered_count,500,1,60192,0.050012458,1203540,601770063,0.000000,0.000000
aggregate/filtered_count,500,2,60096,0.050021375,1201406,600703199,0.000000,0.000000
aggregate/filtered_count,500,3,60128,0.050010500,1202308,601153758,0.000000,0.000000
aggregate/filtered_count,500,4,60320,0.050000333,1206392,603195983,0.000000,0.000000
aggregate/filtered_count,500,5,60192,0.050014500,1203491,601745494,0.000000,0.000000
aggregate/filtered_count,500,6,60160,0.050009416,1202973,601486728,0.000000,0.000000
aggregate/filtered_sum,500,0,59616,0.050023209,1191767,595883403,0.000000,0.000000
aggregate/filtered_sum,500,1,59424,0.050018042,1188051,594025652,0.000000,0.000000
aggregate/filtered_sum,500,2,59616,0.050021250,1191813,595906740,0.000000,0.000000
aggregate/filtered_sum,500,3,59872,0.050013334,1197121,598560376,0.000000,0.000000
aggregate/filtered_sum,500,4,59648,0.050000333,1192952,596476027,0.000000,0.000000
aggregate/filtered_sum,500,5,59872,0.050023792,1196870,598435241,0.000000,0.000000
aggregate/filtered_sum,500,6,59680,0.050025958,1192981,596490326,0.000000,0.000000
aggregate/empty_sum,500,0,63104,0.050014708,1261709,630854428,0.000000,0.000000
aggregate/empty_sum,500,1,63136,0.050016375,1262307,631153297,0.000000,0.000000
aggregate/empty_sum,500,2,63328,0.050013042,1266230,633114858,0.000000,0.000000
aggregate/empty_sum,500,3,63296,0.050010250,1265661,632830270,0.000000,0.000000
aggregate/empty_sum,500,4,63296,0.050006583,1265753,632876675,0.000000,0.000000
aggregate/empty_sum,500,5,63328,0.050013041,1266230,633114871,0.000000,0.000000
aggregate/empty_sum,500,6,63136,0.050014750,1262348,631173804,0.000000,0.000000
aggregate/count,1024,0,41440,0.050002792,828754,848643812,0.000000,0.000000
aggregate/count,1024,1,41312,0.050030416,825738,845555392,0.000000,0.000000
aggregate/count,1024,2,41536,0.050023458,830330,850258373,0.000000,0.000000
aggregate/count,1024,3,41408,0.050035583,827571,847432756,0.000000,0.000000
aggregate/count,1024,4,41280,0.050018792,825290,845096779,0.000000,0.000000
aggregate/count,1024,5,41408,0.050014375,827922,847792100,0.000000,0.000000
aggregate/count,1024,6,41312,0.050017750,825947,845769512,0.000000,0.000000
aggregate/sum,1024,0,40928,0.050026833,818121,837755850,0.000000,0.000000
aggregate/sum,1024,1,40992,0.050015792,819581,839251091,0.000000,0.000000
aggregate/sum,1024,2,41088,0.050017042,821480,841195527,0.000000,0.000000
aggregate/sum,1024,3,40928,0.050003625,818501,838144675,0.000000,0.000000
aggregate/sum,1024,4,40960,0.050024625,818797,838447864,0.000000,0.000000
aggregate/sum,1024,5,41024,0.050016583,820208,839892961,0.000000,0.000000
aggregate/sum,1024,6,40992,0.050015875,819580,839249698,0.000000,0.000000
aggregate/min,1024,0,41024,0.050035875,819892,839569129,0.000000,0.000000
aggregate/min,1024,1,41024,0.050006833,820368,840056718,0.000000,0.000000
aggregate/min,1024,2,41056,0.050006500,821013,840717587,0.000000,0.000000
aggregate/min,1024,3,41024,0.050005667,820387,840076306,0.000000,0.000000
aggregate/min,1024,4,41120,0.050000584,822390,842127764,0.000000,0.000000
aggregate/min,1024,5,41024,0.050035750,819894,839571227,0.000000,0.000000
aggregate/min,1024,6,41056,0.050034416,820555,840248520,0.000000,0.000000
aggregate/max,1024,0,40992,0.050014833,819597,839267183,0.000000,0.000000
aggregate/max,1024,1,40896,0.050006750,817810,837437026,0.000000,0.000000
aggregate/max,1024,2,41056,0.050034708,820550,840243616,0.000000,0.000000
aggregate/max,1024,3,41088,0.050036291,821164,840871918,0.000000,0.000000
aggregate/max,1024,4,40960,0.050011375,819014,838670003,0.000000,0.000000
aggregate/max,1024,5,40864,0.050022541,816912,836517601,0.000000,0.000000
aggregate/max,1024,6,40992,0.050038625,819207,838868134,0.000000,0.000000
aggregate/filtered_count,1024,0,36736,0.050021625,734402,752028028,0.000000,0.000000
aggregate/filtered_count,1024,1,36800,0.050001417,735979,753642642,0.000000,0.000000
aggregate/filtered_count,1024,2,36768,0.050001583,735337,752984801,0.000000,0.000000
aggregate/filtered_count,1024,3,36672,0.050016750,733194,750791045,0.000000,0.000000
aggregate/filtered_count,1024,4,36800,0.050032291,735525,753177583,0.000000,0.000000
aggregate/filtered_count,1024,5,36832,0.050042333,736017,753681248,0.000000,0.000000
aggregate/filtered_count,1024,6,36672,0.050025375,733068,750661599,0.000000,0.000000
aggregate/filtered_sum,1024,0,36512,0.050031792,729776,747290603,0.000000,0.000000
aggregate/filtered_sum,1024,1,36480,0.050017291,729348,746852124,0.000000,0.000000
aggregate/filtered_sum,1024,2,36480,0.050035084,729088,746586535,0.000000,0.000000
aggregate/filtered_sum,1024,3,36544,0.050004875,730809,748348156,0.000000,0.000000
aggregate/filtered_sum,1024,4,36448,0.050027625,728557,746042851,0.000000,0.000000
aggregate/filtered_sum,1024,5,36576,0.050031500,731059,748604859,0.000000,0.000000
aggregate/filtered_sum,1024,6,36576,0.050020292,731223,748772598,0.000000,0.000000
aggregate/empty_sum,1024,0,37920,0.050034542,757876,776065463,0.000000,0.000000
aggregate/empty_sum,1024,1,37984,0.050030458,759218,777438735,0.000000,0.000000
aggregate/empty_sum,1024,2,37888,0.050015208,757530,775710300,0.000000,0.000000
aggregate/empty_sum,1024,3,37888,0.050008083,757638,775820821,0.000000,0.000000
aggregate/empty_sum,1024,4,37888,0.050040250,757150,775322106,0.000000,0.000000
aggregate/empty_sum,1024,5,37856,0.050000125,757118,775288942,0.000000,0.000000
aggregate/empty_sum,1024,6,37888,0.050037542,757191,775364066,0.000000,0.000000
aggregate/count,10240,0,4768,0.050333208,94729,970022018,0.000000,0.000000
aggregate/count,10240,1,4768,0.050186209,95006,972863282,0.000000,0.000000
aggregate/count,10240,2,4768,0.050330083,94735,970082247,0.000000,0.000000
aggregate/count,10240,3,4768,0.050310709,94771,970455813,0.000000,0.000000
aggregate/count,10240,4,4736,0.050123041,94487,967551829,0.000000,0.000000
aggregate/count,10240,5,4768,0.050324416,94745,970191487,0.000000,0.000000
aggregate/count,10240,6,4768,0.050309042,94774,970487969,0.000000,0.000000
aggregate/sum,10240,0,4736,0.050083792,94562,968310067,0.000000,0.000000
aggregate/sum,10240,1,4736,0.050075291,94578,968474452,0.000000,0.000000
aggregate/sum,10240,2,4736,0.050037875,94648,969198632,0.000000,0.000000
aggregate/sum,10240,3,4736,0.050008708,94704,969763906,0.000000,0.000000
aggregate/sum,10240,4,4736,0.050072167,94583,968534875,0.000000,0.000000
aggregate/sum,10240,5,4736,0.050014166,94693,969658076,0.000000,0.000000
aggregate/sum,10240,6,4736,0.050038625,94647,969184105,0.000000,0.000000
aggregate/min,10240,0,4736,0.050236375,94274,965369018,0.000000,0.000000
aggregate/min,10240,1,4768,0.050319250,94755,970291091,0.000000,0.000000
aggregate/min,10240,2,4736,0.050070000,94588,968576792,0.000000,0.000000
aggregate/min,10240,3,4736,0.050005042,94710,969835002,0.000000,0.000000
aggregate/min,10240,4,4736,0.050130708,94473,967403852,0.000000,0.000000
aggregate/min,10240,5,4736,0.050016625,94689,969610405,0.000000,0.000000
aggregate/min,10240,6,4736,0.050094375,94542,968105501,0.000000,0.000000
aggregate/max,10240,0,4736,0.050079792,94569,968387409,0.000000,0.000000
aggregate/max,10240,1,4736,0.050048166,94629,968999344,0.000000,0.000000
aggregate/max,10240,2,4736,0.050103041,94525,967938054,0.000000,0.000000
aggregate/max,10240,3,4736,0.050072417,94583,968530039,0.000000,0.000000
aggregate/max,10240,4,4736,0.050041000,94642,969138107,0.000000,0.000000
aggregate/max,10240,5,4736,0.050150375,94436,967024474,0.000000,0.000000
aggregate/max,10240,6,4736,0.050080917,94567,968365655,0.000000,0.000000
aggregate/filtered_count,10240,0,4672,0.050093875,93265,955032526,0.000000,0.000000
aggregate/filtered_count,10240,1,4672,0.050066708,93316,955550742,0.000000,0.000000
aggregate/filtered_count,10240,2,4672,0.050108542,93238,954752984,0.000000,0.000000
aggregate/filtered_count,10240,3,4672,0.050003208,93434,956764214,0.000000,0.000000
aggregate/filtered_count,10240,4,4672,0.050097250,93259,954968187,0.000000,0.000000
aggregate/filtered_count,10240,5,4672,0.050053375,93340,955805278,0.000000,0.000000
aggregate/filtered_count,10240,6,4672,0.050084292,93283,955215260,0.000000,0.000000
aggregate/filtered_sum,10240,0,4672,0.050049500,93348,955879280,0.000000,0.000000
aggregate/filtered_sum,10240,1,4672,0.050111917,93231,954688682,0.000000,0.000000
aggregate/filtered_sum,10240,2,4672,0.050185792,93094,953283352,0.000000,0.000000
aggregate/filtered_sum,10240,3,4672,0.050076500,93297,955363893,0.000000,0.000000
aggregate/filtered_sum,10240,4,4672,0.050046208,93354,955942156,0.000000,0.000000
aggregate/filtered_sum,10240,5,4672,0.050048625,93349,955895991,0.000000,0.000000
aggregate/filtered_sum,10240,6,4672,0.050023750,93396,956371324,0.000000,0.000000
aggregate/empty_sum,10240,0,4704,0.050175625,93751,960007175,0.000000,0.000000
aggregate/empty_sum,10240,1,4704,0.050206792,93693,959411229,0.000000,0.000000
aggregate/empty_sum,10240,2,4704,0.050133333,93830,960817028,0.000000,0.000000
aggregate/empty_sum,10240,3,4704,0.050162125,93776,960265539,0.000000,0.000000
aggregate/empty_sum,10240,4,4672,0.050009250,93423,956648620,0.000000,0.000000
aggregate/empty_sum,10240,5,4704,0.050133625,93829,960811431,0.000000,0.000000
aggregate/empty_sum,10240,6,4704,0.050270291,93574,958199347,0.000000,0.000000
aggregate/count,65536,0,768,0.051014792,15054,986608904,0.000000,0.000000
aggregate/count,65536,1,768,0.051081292,15035,985324490,0.000000,0.000000
aggregate/count,65536,2,768,0.051037125,15048,986177180,0.000000,0.000000
aggregate/count,65536,3,768,0.051174500,15007,983529844,0.000000,0.000000
aggregate/count,65536,4,768,0.051045334,15045,986018585,0.000000,0.000000
aggregate/count,65536,5,768,0.051093667,15031,985085842,0.000000,0.000000
aggregate/count,65536,6,768,0.051075500,15037,985436227,0.000000,0.000000
aggregate/sum,65536,0,768,0.051014667,15054,986611321,0.000000,0.000000
aggregate/sum,65536,1,768,0.051344625,14958,980271022,0.000000,0.000000
aggregate/sum,65536,2,768,0.051122666,15023,984527059,0.000000,0.000000
aggregate/sum,65536,3,768,0.051013292,15055,986637914,0.000000,0.000000
aggregate/sum,65536,4,768,0.051135041,15019,984288797,0.000000,0.000000
aggregate/sum,65536,5,768,0.051053834,15043,985854422,0.000000,0.000000
aggregate/sum,65536,6,768,0.051115292,15025,984669089,0.000000,0.000000
aggregate/min,65536,0,768,0.051024208,15052,986426835,0.000000,0.000000
aggregate/min,65536,1,768,0.051147208,15015,984054653,0.000000,0.000000
aggregate/min,65536,2,768,0.051051792,15044,985893855,0.000000,0.000000
aggregate/min,65536,3,768,0.051128500,15021,984414720,0.000000,0.000000
aggregate/min,65536,4,768,0.051106500,15027,984838484,0.000000,0.000000
aggregate/min,65536,5,768,0.051072625,15037,985491699,0.000000,0.000000
aggregate/min,65536,6,768,0.051077916,15036,985389615,0.000000,0.000000
aggregate/max,65536,0,768,0.051150333,15015,983994532,0.000000,0.000000
aggregate/max,65536,1,768,0.051046584,15045,985994440,0.000000,0.000000
aggregate/max,65536,2,768,0.051092375,15032,985110753,0.000000,0.000000
aggregate/max,65536,3,768,0.051136833,15019,984254305,0.000000,0.000000
aggregate/max,65536,4,768,0.050959375,15071,987681815,0.000000,0.000000
aggregate/max,65536,5,768,0.051119833,15024,984581620,0.000000,0.000000
aggregate/max,65536,6,768,0.051067084,15039,985598629,0.000000,0.000000
aggregate/filtered_count,65536,0,768,0.051449542,14927,978272032,0.000000,0.000000
aggregate/filtered_count,65536,1,768,0.051174333,15008,983533054,0.000000,0.000000
aggregate/filtered_count,65536,2,768,0.051198875,15000,983061600,0.000000,0.000000
aggregate/filtered_count,65536,3,768,0.051155250,15013,983899952,0.000000,0.000000
aggregate/filtered_count,65536,4,768,0.051208208,14998,982882432,0.000000,0.000000
aggregate/filtered_count,65536,5,768,0.051195500,15001,983126408,0.000000,0.000000
aggregate/filtered_count,65536,6,768,0.051211917,14997,982811247,0.000000,0.000000
aggregate/filtered_sum,65536,0,768,0.051206583,14998,982913623,0.000000,0.000000
aggregate/filtered_sum,65536,1,768,0.051282708,14976,981454567,0.000000,0.000000
aggregate/filtered_sum,65536,2,768,0.051183208,15005,983362512,0.000000,0.000000
aggregate/filtered_sum,65536,3,768,0.051237334,14989,982323710,0.000000,0.000000
aggregate/filtered_sum,65536,4,768,0.051175416,15007,983512240,0.000000,0.000000
aggregate/filtered_sum,65536,5,768,0.051264792,14981,981797566,0.000000,0.000000
aggregate/filtered_sum,65536,6,768,0.051169291,15009,983629967,0.000000,0.000000
aggregate/empty_sum,65536,0,768,0.051220792,14994,982640956,0.000000,0.000000
aggregate/empty_sum,65536,1,768,0.051242250,14988,982229469,0.000000,0.000000
aggregate/empty_sum,65536,2,768,0.051210042,14997,982847231,0.000000,0.000000
aggregate/empty_sum,65536,3,768,0.051148125,15015,984037010,0.000000,0.000000
aggregate/empty_sum,65536,4,768,0.051206500,14998,982915216,0.000000,0.000000
aggregate/empty_sum,65536,5,768,0.051099125,15030,984980623,0.000000,0.000000
aggregate/empty_sum,65536,6,768,0.051227000,14992,982521873,0.000000,0.000000
aggregate/count,1048576,0,64,0.067856833,943,988977249,0.000000,0.000000
aggregate/count,1048576,1,64,0.067827750,944,989401300,0.000000,0.000000
aggregate/count,1048576,2,64,0.067934500,942,987846588,0.000000,0.000000
aggregate/count,1048576,3,64,0.067887875,943,988525035,0.000000,0.000000
aggregate/count,1048576,4,64,0.067915750,942,988119310,0.000000,0.000000
aggregate/count,1048576,5,64,0.067874292,943,988722858,0.000000,0.000000
aggregate/count,1048576,6,64,0.068120083,940,985155347,0.000000,0.000000
aggregate/sum,1048576,0,64,0.068147708,939,984755995,0.000000,0.000000
aggregate/sum,1048576,1,64,0.067911875,942,988175691,0.000000,0.000000
aggregate/sum,1048576,2,64,0.067945959,942,987679988,0.000000,0.000000
aggregate/sum,1048576,3,64,0.067951042,942,987606106,0.000000,0.000000
aggregate/sum,1048576,4,64,0.067955292,942,987544340,0.000000,0.000000
aggregate/sum,1048576,5,64,0.067881791,943,988613633,0.000000,0.000000
aggregate/sum,1048576,6,64,0.067999291,941,986905349,0.000000,0.000000
aggregate/min,1048576,0,64,0.067918333,942,988081730,0.000000,0.000000
aggregate/min,1048576,1,64,0.067952959,942,987578245,0.000000,0.000000
aggregate/min,1048576,2,64,0.067913375,942,988153865,0.000000,0.000000
aggregate/min,1048576,3,64,0.067953334,942,987572795,0.000000,0.000000
aggregate/min,1048576,4,64,0.067959292,942,987486215,0.000000,0.000000
aggregate/min,1048576,5,64,0.067882375,943,988605128,0.000000,0.000000
aggregate/min,1048576,6,64,0.068016250,941,986659276,0.000000,0.000000
aggregate/max,1048576,0,64,0.067864833,943,988860667,0.000000,0.000000
aggregate/max,1048576,1,64,0.067898625,943,988368527,0.000000,0.000000
aggregate/max,1048576,2,64,0.068008917,941,986765662,0.000000,0.000000
aggregate/max,1048576,3,64,0.068004542,941,986829144,0.000000,0.000000
aggregate/max,1048576,4,64,0.067850833,943,989064703,0.000000,0.000000
aggregate/max,1048576,5,64,0.067859791,943,988934139,0.000000,0.000000
aggregate/max,1048576,6,64,0.067907416,942,988240577,0.000000,0.000000
aggregate/filtered_count,1048576,0,64,0.067900542,943,988340623,0.000000,0.000000
aggregate/filtered_count,1048576,1,64,0.067968667,942,987350009,0.000000,0.000000
aggregate/filtered_count,1048576,2,64,0.067873625,943,988732575,0.000000,0.000000
aggregate/filtered_count,1048576,3,64,0.067925167,942,987982319,0.000000,0.000000
aggregate/filtered_count,1048576,4,64,0.067871875,943,988758068,0.000000,0.000000
aggregate/filtered_count,1048576,5,64,0.067908833,942,988219957,0.000000,0.000000
aggregate/filtered_count,1048576,6,64,0.067864834,943,988860652,0.000000,0.000000
aggregate/filtered_sum,1048576,0,64,0.067921834,942,988030800,0.000000,0.000000
aggregate/filtered_sum,1048576,1,64,0.067971917,942,987302800,0.000000,0.000000
aggregate/filtered_sum,1048576,2,64,0.067882375,943,988605128,0.000000,0.000000
aggregate/filtered_sum,1048576,3,64,0.067864833,943,988860667,0.000000,0.000000
aggregate/filtered_sum,1048576,4,64,0.067805083,944,989732053,0.000000,0.000000
aggregate/filtered_sum,1048576,5,64,0.067908417,942,988226010,0.000000,0.000000
aggregate/filtered_sum,1048576,6,64,0.067992875,941,986998476,0.000000,0.000000
aggregate/empty_sum,1048576,0,64,0.067881917,943,988611798,0.000000,0.000000
aggregate/empty_sum,1048576,1,64,0.067953750,942,987566749,0.000000,0.000000
aggregate/empty_sum,1048576,2,64,0.067887375,943,988532315,0.000000,0.000000
aggregate/empty_sum,1048576,3,64,0.067933667,942,987858700,0.000000,0.000000
aggregate/empty_sum,1048576,4,64,0.067955375,942,987543134,0.000000,0.000000
aggregate/empty_sum,1048576,5,64,0.067905375,942,988270281,0.000000,0.000000
aggregate/empty_sum,1048576,6,64,0.067867500,943,988821807,0.000000,0.000000
aggregate/array_count,23,0,279456,0.050004250,5588645,128538834,0.000000,0.000000
aggregate/array_count,23,1,283232,0.050004125,5664173,130275972,0.000000,0.000000
aggregate/array_count,23,2,284800,0.050004000,5695544,130997520,0.000000,0.000000
aggregate/array_count,23,3,283872,0.050000208,5677416,130580577,0.000000,0.000000
aggregate/array_count,23,4,284384,0.050003875,5687239,130806502,0.000000,0.000000
aggregate/array_count,23,5,283584,0.050001791,5671477,130443967,0.000000,0.000000
aggregate/array_count,23,6,283808,0.050003625,5675749,130542216,0.000000,0.000000
aggregate/array_sum,23,0,227552,0.050006042,4550490,104661273,0.000000,0.000000
aggregate/array_sum,23,1,227744,0.050006292,4554307,104749058,0.000000,0.000000
aggregate/array_sum,23,2,227520,0.050006792,4549782,104644985,0.000000,0.000000
aggregate/array_sum,23,3,227488,0.050001458,4549627,104641429,0.000000,0.000000
aggregate/array_sum,23,4,228064,0.050006375,4560699,104896066,0.000000,0.000000
aggregate/array_sum,23,5,228256,0.050003583,4564793,104990236,0.000000,0.000000
aggregate/array_sum,23,6,228288,0.050005083,4565296,105001806,0.000000,0.000000
aggregate/array_min,23,0,224384,0.050005291,4487205,103205719,0.000000,0.000000
aggregate/array_min,23,1,221408,0.050004500,4427762,101838515,0.000000,0.000000
aggregate/array_min,23,2,222080,0.050004583,4441193,102147437,0.000000,0.000000
aggregate/array_min,23,3,222752,0.050000959,4454955,102463955,0.000000,0.000000
aggregate/array_min,23,4,222976,0.050006791,4458914,102555031,0.000000,0.000000
aggregate/array_min,23,5,223744,0.050000167,4474865,102921896,0.000000,0.000000
aggregate/array_min,23,6,220960,0.050002208,4419005,101637112,0.000000,0.000000
aggregate/array_max,23,0,220576,0.050005208,4411061,101454393,0.000000,0.000000
aggregate/array_max,23,1,218720,0.050004417,4374014,100602313,0.000000,0.000000
aggregate/array_max,23,2,219168,0.050002791,4383115,100811653,0.000000,0.000000
aggregate/array_max,23,3,219808,0.050005667,4395662,101100221,0.000000,0.000000
aggregate/array_max,23,4,222176,0.050006084,4442979,102188526,0.000000,0.000000
aggregate/array_max,23,5,221984,0.050005625,4439181,102101154,0.000000,0.000000
aggregate/array_max,23,6,219872,0.050002834,4397191,101135388,0.000000,0.000000
aggregate/sequence_sum,23,0,121536,0.050001875,2430629,55904464,0.000000,0.000000
aggregate/sequence_sum,23,1,121824,0.050003709,2436299,56034883,0.000000,0.000000
aggregate/sequence_sum,23,2,122880,0.050008916,2457162,56514722,0.000000,0.000000
aggregate/sequence_sum,23,3,123072,0.050005875,2461151,56606469,0.000000,0.000000
aggregate/sequence_sum,23,4,122144,0.050007458,2442516,56177861,0.000000,0.000000
aggregate/sequence_sum,23,5,122688,0.050010167,2453261,56425007,0.000000,0.000000
aggregate/sequence_sum,23,6,122880,0.050006750,2457268,56517170,0.000000,0.000000
aggregate/computed_sum,23,0,99104,0.050011334,1981631,45577508,0.000000,0.000000
aggregate/computed_sum,23,1,99328,0.050005375,1986346,45685969,0.000000,0.000000
aggregate/computed_sum,23,2,99424,0.050016167,1987837,45720257,0.000000,0.000000
aggregate/computed_sum,23,3,99872,0.050008667,1997094,45933158,0.000000,0.000000
aggregate/computed_sum,23,4,99456,0.050014291,1988552,45736688,0.000000,0.000000
aggregate/computed_sum,23,5,99776,0.050009750,1995131,45888012,0.000000,0.000000
aggregate/computed_sum,23,6,98368,0.050015000,1966770,45235709,0.000000,0.000000
aggregate/wide_filtered_sum,23,0,66816,0.050009375,1336069,30729598,0.000000,0.000000
aggregate/wide_filtered_sum,23,1,67904,0.050017000,1357618,31225223,0.000000,0.000000
aggregate/wide_filtered_sum,23,2,68384,0.050007042,1367487,31452210,0.000000,0.000000
aggregate/wide_filtered_sum,23,3,68672,0.050012250,1373104,31581383,0.000000,0.000000
aggregate/wide_filtered_sum,23,4,68032,0.050009458,1360383,31288801,0.000000,0.000000
aggregate/wide_filtered_sum,23,5,67520,0.050016917,1349943,31048695,0.000000,0.000000
aggregate/wide_filtered_sum,23,6,67808,0.050001500,1356119,31190744,0.000000,0.000000
aggregate/array_count,409,0,22176,0.050031833,443238,181284264,0.000000,0.000000
aggregate/array_count,409,1,22176,0.050021292,443331,181322466,0.000000,0.000000
aggregate/array_count,409,2,22240,0.050045250,444398,181758708,0.000000,0.000000
aggregate/array_count,409,3,23264,0.050057583,464745,190080612,0.000000,0.000000
aggregate/array_count,409,4,23680,0.050022959,473383,193613497,0.000000,0.000000
aggregate/array_count,409,5,23552,0.050013875,470909,192601913,0.000000,0.000000
aggregate/array_count,409,6,23648,0.050014375,472824,193385042,0.000000,0.000000
aggregate/array_sum,409,0,17536,0.050029417,350514,143360135,0.000000,0.000000
aggregate/array_sum,409,1,17536,0.050065334,350262,143257289,0.000000,0.000000
aggregate/array_sum,409,2,17536,0.050010750,350645,143413646,0.000000,0.000000
aggregate/array_sum,409,3,17536,0.050043584,350415,143319551,0.000000,0.000000
aggregate/array_sum,409,4,17536,0.050062750,350280,143264683,0.000000,0.000000
aggregate/array_sum,409,5,17536,0.050010292,350648,143414959,0.000000,0.000000
aggregate/array_sum,409,6,17536,0.050019708,350582,143387962,0.000000,0.000000
aggregate/array_min,409,0,17280,0.050031084,345385,141262580,0.000000,0.000000
aggregate/array_min,409,1,17344,0.050051708,346522,141727351,0.000000,0.000000
aggregate/array_min,409,2,17376,0.050016334,347407,142089262,0.000000,0.000000
aggregate/array_min,409,3,17344,0.050030250,346670,141788138,0.000000,0.000000
aggregate/array_min,409,4,17408,0.050064583,347711,142213748,0.000000,0.000000
aggregate/array_min,409,5,17376,0.050073083,347013,141928229,0.000000,0.000000
aggregate/array_min,409,6,17408,0.050086333,347560,142151992,0.000000,0.000000
aggregate/array_max,409,0,17280,0.050032500,345376,141258582,0.000000,0.000000
aggregate/array_max,409,1,17312,0.050069917,345757,141414415,0.000000,0.000000
aggregate/array_max,409,2,17280,0.050049125,345261,141211660,0.000000,0.000000
aggregate/array_max,409,3,17344,0.050044250,346573,141748473,0.000000,0.000000
aggregate/array_max,409,4,17312,0.050041875,345950,141493659,0.000000,0.000000
aggregate/array_max,409,5,17344,0.050065792,346424,141687482,0.000000,0.000000
aggregate/array_max,409,6,17376,0.050032667,347293,142042878,0.000000,0.000000
aggregate/sequence_sum,409,0,9952,0.050070834,198758,81292195,0.000000,0.000000
aggregate/sequence_sum,409,1,9984,0.050008958,199644,81654491,0.000000,0.000000
aggregate/sequence_sum,409,2,9984,0.050073208,199388,81549718,0.000000,0.000000
aggregate/sequence_sum,409,3,9984,0.050031459,199554,81617768,0.000000,0.000000
aggregate/sequence_sum,409,4,9920,0.050074291,198106,81025211,0.000000,0.000000
aggregate/sequence_sum,409,5,9920,0.050149792,197807,80903227,0.000000,0.000000
aggregate/sequence_sum,409,6,9920,0.050129250,197888,80936379,0.000000,0.000000
aggregate/computed_sum,409,0,7488,0.050154333,149299,61063358,0.000000,0.000000
aggregate/computed_sum,409,1,7488,0.050162458,149275,61053468,0.000000,0.000000
aggregate/computed_sum,409,2,7488,0.050204083,149151,61002847,0.000000,0.000000
aggregate/computed_sum,409,3,7456,0.050041334,148997,60939702,0.000000,0.000000
aggregate/computed_sum,409,4,7424,0.050140625,148064,60558001,0.000000,0.000000
aggregate/computed_sum,409,5,7360,0.050048417,147058,60146558,0.000000,0.000000
aggregate/computed_sum,409,6,7392,0.050040875,147719,60417169,0.000000,0.000000
aggregate/wide_filtered_sum,409,0,4512,0.050231375,89824,36738154,0.000000,0.000000
aggregate/wide_filtered_sum,409,1,4384,0.050106709,87493,35784749,0.000000,0.000000
aggregate/wide_filtered_sum,409,2,4416,0.050133042,88086,36027018,0.000000,0.000000
aggregate/wide_filtered_sum,409,3,4480,0.050313750,89041,36417878,0.000000,0.000000
aggregate/wide_filtered_sum,409,4,4576,0.050210208,91137,37274970,0.000000,0.000000
aggregate/wide_filtered_sum,409,5,4416,0.050059791,88215,36079735,0.000000,0.000000
aggregate/wide_filtered_sum,409,6,4416,0.050235833,87905,35953301,0.000000,0.000000
aggregate/array_count,4017,0,2944,0.050345625,58476,234897233,0.000000,0.000000
aggregate/array_count,4017,1,2944,0.050290708,58540,235153739,0.000000,0.000000
aggregate/array_count,4017,2,2944,0.050360500,58459,234827851,0.000000,0.000000
aggregate/array_count,4017,3,2944,0.050327834,58496,234980270,0.000000,0.000000
aggregate/array_count,4017,4,2944,0.050449417,58355,234413968,0.000000,0.000000
aggregate/array_count,4017,5,3040,0.050022000,60773,244126184,0.000000,0.000000
aggregate/array_count,4017,6,3072,0.050443167,60900,244636186,0.000000,0.000000
aggregate/array_sum,4017,0,2272,0.050535125,44959,180599613,0.000000,0.000000
aggregate/array_sum,4017,1,2272,0.050610459,44892,180330789,0.000000,0.000000
aggregate/array_sum,4017,2,2272,0.050555792,44940,180525784,0.000000,0.000000
aggregate/array_sum,4017,3,2240,0.050020459,44782,179887993,0.000000,0.000000
aggregate/array_sum,4017,4,2272,0.050519292,44973,180656213,0.000000,0.000000
aggregate/array_sum,4017,5,2272,0.050625625,44878,180276767,0.000000,0.000000
aggregate/array_sum,4017,6,2272,0.050522750,44970,180643849,0.000000,0.000000
aggregate/array_min,4017,0,2144,0.050325542,42603,171134729,0.000000,0.000000
aggregate/array_min,4017,1,2176,0.050438042,43142,173301573,0.000000,0.000000
aggregate/array_min,4017,2,2240,0.050667333,44210,177591349,0.000000,0.000000
aggregate/array_min,4017,3,2176,0.050388375,43185,173472393,0.000000,0.000000
aggregate/array_min,4017,4,2176,0.050366208,43204,173548741,0.000000,0.000000
aggregate/array_min,4017,5,2176,0.050465583,43118,173206995,0.000000,0.000000
aggregate/array_min,4017,6,2176,0.050395875,43178,173446577,0.000000,0.000000
aggregate/array_max,4017,0,2208,0.050717166,43536,174882327,0.000000,0.000000
aggregate/array_max,4017,1,2208,0.050608375,43629,175258265,0.000000,0.000000
aggregate/array_max,4017,2,2208,0.050647292,43596,175123598,0.000000,0.000000
aggregate/array_max,4017,3,2176,0.050471000,43114,173188405,0.000000,0.000000
aggregate/array_max,4017,4,2176,0.050463375,43120,173214574,0.000000,0.000000
aggregate/array_max,4017,5,2176,0.050442917,43138,173284824,0.000000,0.000000
aggregate/array_max,4017,6,2176,0.050560000,43038,172883544,0.000000,0.000000
aggregate/sequence_sum,4017,0,1280,0.050740000,25227,101335436,0.000000,0.000000
aggregate/sequence_sum,4017,1,1280,0.050412625,25390,101993499,0.000000,0.000000
aggregate/sequence_sum,4017,2,1280,0.050807333,25193,101201140,0.000000,0.000000
aggregate/sequence_sum,4017,3,1280,0.050428459,25382,101961474,0.000000,0.000000
aggregate/sequence_sum,4017,4,1280,0.050071750,25563,102687843,0.000000,0.000000
aggregate/sequence_sum,4017,5,1280,0.050402458,25396,102014072,0.000000,0.000000
aggregate/sequence_sum,4017,6,1280,0.050216458,25490,102391929,0.000000,0.000000
aggregate/computed_sum,4017,0,960,0.050294209,19088,76675229,0.000000,0.000000
aggregate/computed_sum,4017,1,960,0.050051083,19180,77047683,0.000000,0.000000
aggregate/computed_sum,4017,2,960,0.050498667,19010,76364788,0.000000,0.000000
aggregate/computed_sum,4017,3,992,0.051622583,19216,77192263,0.000000,0.000000
aggregate/computed_sum,4017,4,960,0.050899667,18861,75763168,0.000000,0.000000
aggregate/computed_sum,4017,5,960,0.050269750,19097,76712536,0.000000,0.000000
aggregate/computed_sum,4017,6,992,0.051651833,19206,77148550,0.000000,0.000000
aggregate/wide_filtered_sum,4017,0,544,0.050175084,10842,43552453,0.000000,0.000000
aggregate/wide_filtered_sum,4017,1,544,0.051995625,10462,42027536,0.000000,0.000000
aggregate/wide_filtered_sum,4017,2,576,0.052516042,10968,44058766,0.000000,0.000000
aggregate/wide_filtered_sum,4017,3,576,0.052124709,11050,44389543,0.000000,0.000000
aggregate/wide_filtered_sum,4017,4,576,0.052349958,11003,44198545,0.000000,0.000000
aggregate/wide_filtered_sum,4017,5,576,0.052229709,11028,44300304,0.000000,0.000000
aggregate/wide_filtered_sum,4017,6,544,0.051401458,10583,42513347,0.000000,0.000000
aggregate/array_count,87201,0,192,0.054625875,3515,306495631,0.000000,0.000000
aggregate/array_count,87201,1,192,0.054595125,3517,306668260,0.000000,0.000000
aggregate/array_count,87201,2,192,0.054651708,3513,306350755,0.000000,0.000000
aggregate/array_count,87201,3,192,0.054633875,3514,306450751,0.000000,0.000000
aggregate/array_count,87201,4,192,0.053697292,3576,311795835,0.000000,0.000000
aggregate/array_count,87201,5,192,0.053784166,3570,311292212,0.000000,0.000000
aggregate/array_count,87201,6,192,0.053693750,3576,311816403,0.000000,0.000000
aggregate/array_sum,87201,0,160,0.060585375,2641,230289241,0.000000,0.000000
aggregate/array_sum,87201,1,160,0.062338916,2567,223811399,0.000000,0.000000
aggregate/array_sum,87201,2,128,0.051983667,2462,214716057,0.000000,0.000000
aggregate/array_sum,87201,3,128,0.051999209,2462,214651881,0.000000,0.000000
aggregate/array_sum,87201,4,128,0.051996375,2462,214663580,0.000000,0.000000
aggregate/array_sum,87201,5,128,0.052131709,2455,214106313,0.000000,0.000000
aggregate/array_sum,87201,6,128,0.052468291,2440,212732829,0.000000,0.000000
aggregate/array_min,87201,0,128,0.053134167,2409,210066867,0.000000,0.000000
aggregate/array_min,87201,1,128,0.053069666,2412,210322183,0.000000,0.000000
aggregate/array_min,87201,2,128,0.053048334,2413,210406758,0.000000,0.000000
aggregate/array_min,87201,3,128,0.051148833,2503,218220580,0.000000,0.000000
aggregate/array_min,87201,4,128,0.050705791,2524,220127283,0.000000,0.000000
aggregate/array_min,87201,5,128,0.051548916,2483,216526920,0.000000,0.000000
aggregate/array_min,87201,6,160,0.062188459,2573,224352882,0.000000,0.000000
aggregate/array_max,87201,0,128,0.051527458,2484,216617090,0.000000,0.000000
aggregate/array_max,87201,1,128,0.051237333,2498,217843657,0.000000,0.000000
aggregate/array_max,87201,2,128,0.051245792,2498,217807698,0.000000,0.000000
aggregate/array_max,87201,3,128,0.051226875,2499,217888130,0.000000,0.000000
aggregate/array_max,87201,4,128,0.050490209,2535,221067178,0.000000,0.000000
aggregate/array_max,87201,5,128,0.050692542,2525,220184815,0.000000,0.000000
aggregate/array_max,87201,6,128,0.052153875,2454,214015315,0.000000,0.000000
aggregate/sequence_sum,87201,0,96,0.064746458,1483,129293497,0.000000,0.000000
aggregate/sequence_sum,87201,1,96,0.065026041,1476,128737593,0.000000,0.000000
aggregate/sequence_sum,87201,2,96,0.064565833,1487,129655200,0.000000,0.000000
aggregate/sequence_sum,87201,3,96,0.064462250,1489,129863540,0.000000,0.000000
aggregate/sequence_sum,87201,4,96,0.064510958,1488,129765489,0.000000,0.000000
aggregate/sequence_sum,87201,5,96,0.064519041,1488,129749232,0.000000,0.000000
aggregate/sequence_sum,87201,6,96,0.063106000,1521,132654518,0.000000,0.000000
aggregate/computed_sum,87201,0,64,0.055074750,1162,101332534,0.000000,0.000000
aggregate/computed_sum,87201,1,64,0.055860125,1146,99907832,0.000000,0.000000
aggregate/computed_sum,87201,2,64,0.056012500,1143,99636046,0.000000,0.000000
aggregate/computed_sum,87201,3,64,0.056525917,1132,98731065,0.000000,0.000000
aggregate/computed_sum,87201,4,64,0.055879334,1145,99873488,0.000000,0.000000
aggregate/computed_sum,87201,5,64,0.056050792,1142,99567978,0.000000,0.000000
aggregate/computed_sum,87201,6,64,0.055503875,1153,100549088,0.000000,0.000000
aggregate/wide_filtered_sum,87201,0,32,0.051906166,616,53759162,0.000000,0.000000
aggregate/wide_filtered_sum,87201,1,32,0.050044750,639,55758736,0.000000,0.000000
aggregate/wide_filtered_sum,87201,2,32,0.050071542,639,55728901,0.000000,0.000000
aggregate/wide_filtered_sum,87201,3,32,0.050789791,630,54940805,0.000000,0.000000
aggregate/wide_filtered_sum,87201,4,32,0.051305083,624,54388997,0.000000,0.000000
aggregate/wide_filtered_sum,87201,5,32,0.050525208,633,55228511,0.000000,0.000000
aggregate/wide_filtered_sum,87201,6,32,0.050428667,635,55334241,0.000000,0.000000
aggregate/nested_sum,1036,0,6624,0.050237167,131855,136601333,0.000000,0.000000
aggregate/nested_sum,1036,1,6624,0.050163875,132047,136800915,0.000000,0.000000
aggregate/nested_sum,1036,2,6624,0.050020042,132427,137194287,0.000000,0.000000
aggregate/nested_sum,1036,3,6656,0.050108375,132832,137614042,0.000000,0.000000
aggregate/nested_sum,1036,4,6656,0.050117083,132809,137590131,0.000000,0.000000
aggregate/nested_sum,1036,5,6656,0.050172375,132663,137438501,0.000000,0.000000
aggregate/nested_sum,1036,6,6624,0.050035375,132386,137152245,0.000000,0.000000
aggregate/nested_filtered_sum,1036,0,3616,0.050360333,71803,74387435,0.000000,0.000000
aggregate/nested_filtered_sum,1036,1,3584,0.050111416,71521,74095372,0.000000,0.000000
aggregate/nested_filtered_sum,1036,2,3616,0.050170084,72075,74669518,0.000000,0.000000
aggregate/nested_filtered_sum,1036,3,3616,0.050149834,72104,74699669,0.000000,0.000000
aggregate/nested_filtered_sum,1036,4,3616,0.050094542,72184,74782119,0.000000,0.000000
aggregate/nested_filtered_sum,1036,5,3616,0.050200958,72030,74623596,0.000000,0.000000
aggregate/nested_filtered_sum,1036,6,3616,0.050379709,71775,74358826,0.000000,0.000000
aggregate/nested_filtered_count,1036,0,3648,0.050156042,72733,75351400,0.000000,0.000000
aggregate/nested_filtered_count,1036,1,3648,0.050027416,72920,75545137,0.000000,0.000000
aggregate/nested_filtered_count,1036,2,3648,0.050019708,72931,75556779,0.000000,0.000000
aggregate/nested_filtered_count,1036,3,3648,0.050106667,72805,75425651,0.000000,0.000000
aggregate/nested_filtered_count,1036,4,3648,0.050254083,72591,75204397,0.000000,0.000000
aggregate/nested_filtered_count,1036,5,3648,0.050007750,72949,75574846,0.000000,0.000000
aggregate/nested_filtered_count,1036,6,3648,0.050071000,72857,75479379,0.000000,0.000000
aggregate/nested_sum,16396,0,448,0.053106875,8436,138313693,0.000000,0.000000
aggregate/nested_sum,16396,1,448,0.053183208,8424,138115173,0.000000,0.000000
aggregate/nested_sum,16396,2,448,0.053562375,8364,137137459,0.000000,0.000000
aggregate/nested_sum,16396,3,448,0.053052750,8444,138454802,0.000000,0.000000
aggregate/nested_sum,16396,4,448,0.052986333,8455,138628352,0.000000,0.000000
aggregate/nested_sum,16396,5,448,0.052947417,8461,138730242,0.000000,0.000000
aggregate/nested_sum,16396,6,448,0.053094458,8438,138346040,0.000000,0.000000
aggregate/nested_filtered_sum,16396,0,256,0.055248167,4634,75973127,0.000000,0.000000
aggregate/nested_filtered_sum,16396,1,256,0.055084708,4647,76198570,0.000000,0.000000
aggregate/nested_filtered_sum,16396,2,256,0.054893417,4664,76464105,0.000000,0.000000
aggregate/nested_filtered_sum,16396,3,256,0.055208708,4637,76027427,0.000000,0.000000
aggregate/nested_filtered_sum,16396,4,256,0.054934000,4660,76407616,0.000000,0.000000
aggregate/nested_filtered_sum,16396,5,256,0.054939875,4660,76399446,0.000000,0.000000
aggregate/nested_filtered_sum,16396,6,256,0.054976209,4657,76348953,0.000000,0.000000
aggregate/nested_filtered_count,16396,0,256,0.054179708,4725,77471366,0.000000,0.000000
aggregate/nested_filtered_count,16396,1,256,0.054183083,4725,77466541,0.000000,0.000000
aggregate/nested_filtered_count,16396,2,256,0.054034833,4738,77679078,0.000000,0.000000
aggregate/nested_filtered_count,16396,3,256,0.054452250,4701,77083610,0.000000,0.000000
aggregate/nested_filtered_count,16396,4,256,0.054270833,4717,77341286,0.000000,0.000000
aggregate/nested_filtered_count,16396,5,256,0.054630791,4686,76831690,0.000000,0.000000
aggregate/nested_filtered_count,16396,6,256,0.054266209,4717,77347876,0.000000,0.000000
aggregate/nested_sum,1048588,0,32,0.243813292,131,137625048,0.000000,0.000000
aggregate/nested_sum,1048588,1,32,0.242800416,132,138199170,0.000000,0.000000
aggregate/nested_sum,1048588,2,32,0.242631708,132,138295264,0.000000,0.000000
aggregate/nested_sum,1048588,3,32,0.243495833,131,137804477,0.000000,0.000000
aggregate/nested_sum,1048588,4,32,0.243467625,131,137820443,0.000000,0.000000
aggregate/nested_sum,1048588,5,32,0.242499500,132,138370661,0.000000,0.000000
aggregate/nested_sum,1048588,6,32,0.244249250,131,137379402,0.000000,0.000000
aggregate/nested_filtered_sum,1048588,0,32,0.441219291,73,76050202,0.000000,0.000000
aggregate/nested_filtered_sum,1048588,1,32,0.442831542,72,75773320,0.000000,0.000000
aggregate/nested_filtered_sum,1048588,2,32,0.441510750,72,75999998,0.000000,0.000000
aggregate/nested_filtered_sum,1048588,3,32,0.440725917,73,76135337,0.000000,0.000000
aggregate/nested_filtered_sum,1048588,4,32,0.442159833,72,75888431,0.000000,0.000000
aggregate/nested_filtered_sum,1048588,5,32,0.441265834,73,76042180,0.000000,0.000000
aggregate/nested_filtered_sum,1048588,6,32,0.442107625,72,75897393,0.000000,0.000000
aggregate/nested_filtered_count,1048588,0,32,0.435453833,73,77057115,0.000000,0.000000
aggregate/nested_filtered_count,1048588,1,32,0.434475500,74,77230629,0.000000,0.000000
aggregate/nested_filtered_count,1048588,2,32,0.435238625,74,77095216,0.000000,0.000000
aggregate/nested_filtered_count,1048588,3,32,0.435499458,73,77049042,0.000000,0.000000
aggregate/nested_filtered_count,1048588,4,32,0.434627250,74,77203664,0.000000,0.000000
aggregate/nested_filtered_count,1048588,5,32,0.434215083,74,77276947,0.000000,0.000000
aggregate/nested_filtered_count,1048588,6,32,0.435410000,73,77064872,0.000000,0.000000
aggregate/deep_sum,136,0,3840,0.050301041,76340,10382290,0.000000,0.000000
aggregate/deep_sum,136,1,3840,0.050362625,76247,10369595,0.000000,0.000000
aggregate/deep_sum,136,2,3840,0.050318000,76315,10378791,0.000000,0.000000
aggregate/deep_sum,136,3,3840,0.050233792,76443,10396189,0.000000,0.000000
aggregate/deep_sum,136,4,3840,0.050219292,76465,10399191,0.000000,0.000000
aggregate/deep_sum,136,5,3840,0.050138584,76588,10415930,0.000000,0.000000
aggregate/deep_sum,136,6,3840,0.050302291,76338,10382032,0.000000,0.000000
aggregate/deep_filtered_sum,136,0,3808,0.050239875,75796,10308306,0.000000,0.000000
aggregate/deep_filtered_sum,136,1,3808,0.050187000,75876,10319166,0.000000,0.000000
aggregate/deep_filtered_sum,136,2,3808,0.050331958,75658,10289447,0.000000,0.000000
aggregate/deep_filtered_sum,136,3,3808,0.050152209,75929,10326325,0.000000,0.000000
aggregate/deep_filtered_sum,136,4,3808,0.050250583,75780,10306109,0.000000,0.000000
aggregate/deep_filtered_sum,136,5,3808,0.050154167,75926,10325922,0.000000,0.000000
aggregate/deep_filtered_sum,136,6,3808,0.050240166,75796,10308246,0.000000,0.000000
compile/constructor,0,0,30848,0.050048375,616364,0,49.000000,4550.000000
compile/constructor,0,1,30624,0.050018875,612249,0,49.000000,4550.000000
compile/constructor,0,2,30752,0.050017125,614829,0,49.000000,4550.000000
compile/constructor,0,3,30848,0.050009333,616845,0,49.000000,4550.000000
compile/constructor,0,4,30880,0.050049625,616988,0,49.000000,4550.000000
compile/constructor,0,5,30784,0.050024875,615374,0,49.000000,4550.000000
compile/constructor,0,6,30848,0.050004458,616905,0,49.000000,4550.000000
construct/raw_member,100,0,304224,0.050004500,6083932,608393245,3.000000,168.000000
construct/raw_member,100,1,315424,0.050000083,6308470,630846953,3.000000,168.000000
construct/raw_member,100,2,310016,0.050002167,6200051,620005129,3.000000,168.000000
construct/raw_member,100,3,308288,0.050000750,6165668,616566751,3.000000,168.000000
construct/raw_member,100,4,309600,0.050001667,6191794,619179357,3.000000,168.000000
construct/raw_member,100,5,307200,0.050000917,6143887,614388732,3.000000,168.000000
construct/raw_member,100,6,308288,0.050005125,6165128,616512807,3.000000,168.000000
construct/raw_member_write,100,0,210528,0.050005500,4210097,421009689,3.000000,168.000000
construct/raw_member_write,100,1,215968,0.050008958,4318586,431858628,3.000000,168.000000
construct/raw_member_write,100,2,214336,0.050000791,4286652,428665219,3.000000,168.000000
construct/raw_member_write,100,3,210016,0.050001958,4200156,420015552,3.000000,168.000000
construct/raw_member_write,100,4,212160,0.050009625,4242383,424238334,3.000000,168.000000
construct/raw_member_write,100,5,214496,0.050004584,4289527,428952674,3.000000,168.000000
construct/raw_member_write,100,6,213856,0.050005208,4276675,427667454,3.000000,168.000000
construct/scalars,100,0,100992,0.050003542,2019697,201969692,3.000000,552.000000
construct/scalars,100,1,101152,0.050003500,2022898,202289840,3.000000,552.000000
construct/scalars,100,2,102688,0.050002541,2053656,205365563,3.000000,552.000000
construct/scalars,100,3,102688,0.050005208,2053546,205354610,3.000000,552.000000
construct/scalars,100,4,102336,0.050011042,2046268,204626810,3.000000,552.000000
construct/scalars,100,5,102176,0.050007917,2043196,204319648,3.000000,552.000000
construct/scalars,100,6,102496,0.050011959,2049430,204942982,3.000000,552.000000
construct/filtered_summary,100,0,45504,0.050026917,909590,90959033,5.000000,368.000000
construct/filtered_summary,100,1,46880,0.050000750,937586,93758594,5.000000,368.000000
construct/filtered_summary,100,2,46560,0.050018375,930858,93085791,5.000000,368.000000
construct/filtered_summary,100,3,47040,0.050021041,940404,94040426,5.000000,368.000000
construct/filtered_summary,100,4,47136,0.050033250,942094,94209351,5.000000,368.000000
construct/filtered_summary,100,5,46880,0.050004125,937523,93752265,5.000000,368.000000
construct/filtered_summary,100,6,47296,0.050030334,945346,94534648,5.000000,368.000000
construct/nested,100,0,35264,0.050033208,704812,70481189,15.000000,1352.000000
construct/nested,100,1,35296,0.050036417,705406,70540622,15.000000,1352.000000
construct/nested,100,2,35104,0.050000916,702067,70206714,15.000000,1352.000000
construct/nested,100,3,35232,0.050036458,704127,70412658,15.000000,1352.000000
construct/nested,100,4,35232,0.050006042,704555,70455486,15.000000,1352.000000
construct/nested,100,5,35200,0.050025709,703638,70363820,15.000000,1352.000000
construct/nested,100,6,35168,0.050023833,703025,70302490,15.000000,1352.000000
construct/navigate,100,0,98912,0.050003166,1978115,197811475,3.000000,168.000000
construct/navigate,100,1,98464,0.050015000,1968689,196868939,3.000000,168.000000
construct/navigate,100,2,98560,0.050003084,1971078,197107842,3.000000,168.000000
construct/navigate,100,3,99136,0.050013500,1982185,198218481,3.000000,168.000000
construct/navigate,100,4,99424,0.050014542,1987902,198790184,3.000000,168.000000
construct/navigate,100,5,99232,0.050006625,1984377,198437707,3.000000,168.000000
construct/navigate,100,6,99616,0.050006667,1992054,199205438,3.000000,168.000000
construct/raw_member,500,0,134112,0.050005833,2681927,1340963563,3.000000,168.000000
construct/raw_member,500,1,134656,0.050002166,2693003,1346501670,3.000000,168.000000
construct/raw_member,500,2,134400,0.050011667,2687373,1343686464,3.000000,168.000000
construct/raw_member,500,3,134432,0.050009125,2688149,1344074706,3.000000,168.000000
construct/raw_member,500,4,135040,0.050005667,2700494,1350246963,3.000000,168.000000
construct/raw_member,500,5,134976,0.050005959,2699198,1349599155,3.000000,168.000000
construct/raw_member,500,6,134688,0.050008959,2693277,1346638709,3.000000,168.000000
construct/raw_member_write,500,0,67776,0.050019584,1354989,677494639,3.000000,168.000000
construct/raw_member_write,500,1,67968,0.050006667,1359179,679589384,3.000000,168.000000
construct/raw_member_write,500,2,67872,0.050002917,1357361,678680406,3.000000,168.000000
construct/raw_member_write,500,3,67648,0.050020209,1352413,676206691,3.000000,168.000000
construct/raw_member_write,500,4,67936,0.050018875,1358207,679103638,3.000000,168.000000
construct/raw_member_write,500,5,67872,0.050005917,1357279,678639690,3.000000,168.000000
construct/raw_member_write,500,6,67808,0.050001292,1356125,678062479,3.000000,168.000000
construct/scalars,500,0,44128,0.050023250,882150,441074900,3.000000,552.000000
construct/scalars,500,1,44416,0.050026375,887852,443925829,3.000000,552.000000
construct/scalars,500,2,44032,0.050026916,880166,440083094,3.000000,552.000000
construct/scalars,500,3,44384,0.050017667,887366,443683229,3.000000,552.000000
construct/scalars,500,4,44512,0.050014583,889980,444990214,3.000000,552.000000
construct/scalars,500,5,44608,0.050026958,891679,445839621,3.000000,552.000000
construct/scalars,500,6,44224,0.050014584,884222,442111045,3.000000,552.000000
construct/filtered_summary,500,0,29568,0.050017541,591153,295576306,5.000000,368.000000
construct/filtered_summary,500,1,29440,0.050036709,588368,294184016,5.000000,368.000000
construct/filtered_summary,500,2,29472,0.050035500,589022,294510897,5.000000,368.000000
construct/filtered_summary,500,3,29568,0.050024917,591065,295532724,5.000000,368.000000
construct/filtered_summary,500,4,29600,0.050030708,591637,295818320,5.000000,368.000000
construct/filtered_summary,500,5,29536,0.050013958,590555,295277570,5.000000,368.000000
construct/filtered_summary,500,6,29344,0.050037875,586436,293217887,5.000000,368.000000
construct/nested,500,0,21984,0.050072459,439044,219521873,15.000000,1352.000000
construct/nested,500,1,21888,0.050033959,437463,218731442,15.000000,1352.000000
construct/nested,500,2,21920,0.050066459,437818,218909030,15.000000,1352.000000
construct/nested,500,3,21920,0.050051750,437947,218973363,15.000000,1352.000000
construct/nested,500,4,21824,0.050060791,435950,217974982,15.000000,1352.000000
construct/nested,500,5,21952,0.050050166,438600,219299972,15.000000,1352.000000
construct/nested,500,6,21952,0.050043458,438659,219329368,15.000000,1352.000000
construct/navigate,500,0,54112,0.050002833,1082179,541089342,3.000000,168.000000
construct/navigate,500,1,54080,0.050028917,1080975,540487415,3.000000,168.000000
construct/navigate,500,2,54144,0.050012417,1082611,541305572,3.000000,168.000000
construct/navigate,500,3,54208,0.050011375,1083913,541956705,3.000000,168.000000
construct/navigate,500,4,53952,0.050014875,1078719,539359541,3.000000,168.000000
construct/navigate,500,5,53696,0.050004042,1073833,536916596,3.000000,168.000000
construct/navigate,500,6,53824,0.050001208,1076454,538226996,3.000000,168.000000
construct/raw_member,1024,0,78048,0.050016250,1560453,1597903721,3.000000,168.000000
construct/raw_member,1024,1,78208,0.050011250,1563808,1601339539,3.000000,168.000000
construct/raw_member,1024,2,77760,0.050013000,1554796,1592110851,3.000000,168.000000
construct/raw_member,1024,3,78016,0.050007333,1560091,1597533386,3.000000,168.000000
construct/raw_member,1024,4,77984,0.050015917,1559184,1596604057,3.000000,168.000000
construct/raw_member,1024,5,78368,0.050006292,1567163,1604774695,3.000000,168.000000
construct/raw_member,1024,6,78304,0.050008708,1565807,1603386674,3.000000,168.000000
construct/raw_member_write,1024,0,36480,0.050024500,729243,746744495,3.000000,168.000000
construct/raw_member_write,1024,1,36416,0.050032041,727854,745322063,3.000000,168.000000
construct/raw_member_write,1024,2,36416,0.050036833,727784,745250684,3.000000,168.000000
construct/raw_member_write,1024,3,36416,0.050038083,727766,745232067,3.000000,168.000000
construct/raw_member_write,1024,4,36416,0.050024084,727969,745440616,3.000000,168.000000
construct/raw_member_write,1024,5,36032,0.050031833,720181,737465845,3.000000,168.000000
construct/raw_member_write,1024,6,36288,0.050038667,725199,742603955,3.000000,168.000000
construct/scalars,1024,0,26016,0.050040959,519894,532371572,3.000000,552.000000
construct/scalars,1024,1,26112,0.050040250,521820,534343613,3.000000,552.000000
construct/scalars,1024,2,26144,0.050059208,522262,534795836,3.000000,552.000000
construct/scalars,1024,3,26080,0.050040500,521178,533686114,3.000000,552.000000
construct/scalars,1024,4,26144,0.050018208,522690,535234209,3.000000,552.000000
construct/scalars,1024,5,26080,0.050023334,521357,533869254,3.000000,552.000000
construct/scalars,1024,6,26112,0.050064916,521563,534080353,3.000000,552.000000
construct/filtered_summary,1024,0,19936,0.050027334,398502,408066198,5.000000,368.000000
construct/filtered_summary,1024,1,20000,0.050048834,399610,409200342,5.000000,368.000000
construct/filtered_summary,1024,2,20160,0.050053500,402769,412435494,5.000000,368.000000
construct/filtered_summary,1024,3,20096,0.050060541,401434,411068350,5.000000,368.000000
construct/filtered_summary,1024,4,20064,0.050024125,401086,410712551,5.000000,368.000000
construct/filtered_summary,1024,5,20064,0.050016208,401150,410777562,5.000000,368.000000
construct/filtered_summary,1024,6,20096,0.050026083,401710,411351494,5.000000,368.000000
construct/nested,1024,0,15040,0.050043000,300542,307754531,15.000000,1352.000000
construct/nested,1024,1,15072,0.050049917,301139,308366705,15.000000,1352.000000
construct/nested,1024,2,15072,0.050073459,300998,308221727,15.000000,1352.000000
construct/nested,1024,3,15072,0.050087875,300911,308133016,15.000000,1352.000000
construct/nested,1024,4,15072,0.050008667,301388,308621064,15.000000,1352.000000
construct/nested,1024,5,15104,0.050073959,301634,308873041,15.000000,1352.000000
construct/nested,1024,6,15008,0.050068917,299747,306940771,15.000000,1352.000000
construct/navigate,1024,0,34048,0.050010250,680820,697160122,3.000000,168.000000
construct/navigate,1024,1,34016,0.050045000,679708,696021261,3.000000,168.000000
construct/navigate,1024,2,34048,0.050006792,680868,697208331,3.000000,168.000000
construct/navigate,1024,3,34112,0.050009042,682117,698487446,3.000000,168.000000
construct/navigate,1024,4,34176,0.050009458,683391,699792107,3.000000,168.000000
construct/navigate,1024,5,34176,0.050020000,683247,699644622,3.000000,168.000000
construct/navigate,1024,6,34272,0.050029208,685040,701480783,3.000000,168.000000
construct/raw_member,10240,0,9312,0.050086791,185917,1903792958,3.000000,168.000000
construct/raw_member,10240,1,9280,0.050161292,185003,1894432863,3.000000,168.000000
construct/raw_member,10240,2,9248,0.050119042,184521,1889491822,3.000000,168.000000
construct/raw_member,10240,3,9280,0.050127667,185127,1895703624,3.000000,168.000000
construct/raw_member,10240,4,9280,0.050101917,185222,1896677926,3.000000,168.000000
construct/raw_member,10240,5,9280,0.050149792,185046,1894867281,3.000000,168.000000
construct/raw_member,10240,6,9248,0.050037042,184823,1892588295,3.000000,168.000000
construct/raw_member_write,10240,0,4000,0.050138208,79779,816941842,3.000000,168.000000
construct/raw_member_write,10240,1,4000,0.050218833,79651,815630264,3.000000,168.000000
construct/raw_member_write,10240,2,4000,0.050148667,79763,816771461,3.000000,168.000000
construct/raw_member_write,10240,3,4000,0.050147292,79765,816793856,3.000000,168.000000
construct/raw_member_write,10240,4,4032,0.050372167,80044,819652647,3.000000,168.000000
construct/raw_member_write,10240,5,4000,0.050153667,79755,816690034,3.000000,168.000000
construct/raw_member_write,10240,6,4000,0.050195416,79689,816010769,3.000000,168.000000
construct/scalars,10240,0,3168,0.050269000,63021,645334500,3.000000,552.000000
construct/scalars,10240,1,3168,0.050284125,63002,645140390,3.000000,552.000000
construct/scalars,10240,2,3168,0.050376416,62887,643958475,3.000000,552.000000
construct/scalars,10240,3,3168,0.050162334,63155,646706750,3.000000,552.000000
construct/scalars,10240,4,3168,0.050337584,62935,644455244,3.000000,552.000000
construct/scalars,10240,5,3168,0.050236833,63061,645747713,3.000000,552.000000
construct/scalars,10240,6,3168,0.050253292,63041,645536217,3.000000,552.000000
construct/filtered_summary,10240,0,3072,0.050499041,60833,622928265,5.000000,368.000000
construct/filtered_summary,10240,1,3072,0.050488708,60845,623055753,5.000000,368.000000
construct/filtered_summary,10240,2,3072,0.050460084,60880,623409188,5.000000,368.000000
construct/filtered_summary,10240,3,3040,0.050033875,60759,622170480,5.000000,368.000000
construct/filtered_summary,10240,4,3040,0.050239833,60510,619619894,5.000000,368.000000
construct/filtered_summary,10240,5,3072,0.050425625,60921,623835203,5.000000,368.000000
construct/filtered_summary,10240,6,3040,0.050323083,60410,618594850,5.000000,368.000000
construct/nested,10240,0,2304,0.050221208,45877,469780815,15.000000,1352.000000
construct/nested,10240,1,2304,0.050183167,45912,470136929,15.000000,1352.000000
construct/nested,10240,2,2304,0.050300291,45805,469042217,15.000000,1352.000000
construct/nested,10240,3,2304,0.050167958,45926,470279456,15.000000,1352.000000
construct/nested,10240,4,2304,0.050282041,45822,469212457,15.000000,1352.000000
construct/nested,10240,5,2304,0.050188250,45907,470089314,15.000000,1352.000000
construct/nested,10240,6,2304,0.050294666,45810,469094675,15.000000,1352.000000
construct/navigate,10240,0,4640,0.050039208,92727,949527419,3.000000,168.000000
construct/navigate,10240,1,4640,0.050047625,92712,949367727,3.000000,168.000000
construct/navigate,10240,2,4640,0.050056333,92696,949202571,3.000000,168.000000
construct/navigate,10240,3,4640,0.050022708,92758,949840620,3.000000,168.000000
construct/navigate,10240,4,4640,0.050112083,92592,948146578,3.000000,168.000000
construct/navigate,10240,5,4672,0.050318041,92849,950777873,3.000000,168.000000
construct/navigate,10240,6,4640,0.050000584,92799,950260901,3.000000,168.000000
construct/raw_member,65536,0,1504,0.050816916,29596,1939632543,3.000000,168.000000
construct/raw_member,65536,1,1504,0.050789625,29612,1940674774,3.000000,168.000000
construct/raw_member,65536,2,1504,0.050724709,29650,1943158392,3.000000,168.000000
construct/raw_member,65536,3,1504,0.050928375,29532,1935387571,3.000000,168.000000
construct/raw_member,65536,4,1504,0.050765750,29626,1941587468,3.000000,168.000000
construct/raw_member,65536,5,1504,0.050851250,29576,1938322932,3.000000,168.000000
construct/raw_member,65536,6,1504,0.050814875,29598,1939710449,3.000000,168.000000
construct/raw_member_write,65536,0,640,0.050590583,12651,829068129,3.000000,168.000000
construct/raw_member_write,65536,1,640,0.050575750,12654,829311281,3.000000,168.000000
construct/raw_member_write,65536,2,640,0.050600542,12648,828904955,3.000000,168.000000
construct/raw_member_write,65536,3,640,0.050551000,12660,829717315,3.000000,168.000000
construct/raw_member_write,65536,4,640,0.050601375,12648,828891310,3.000000,168.000000
construct/raw_member_write,65536,5,640,0.050912959,12570,823818549,3.000000,168.000000
construct/raw_member_write,65536,6,640,0.050931791,12566,823513942,3.000000,168.000000
construct/scalars,65536,0,512,0.052055125,9836,644594207,3.000000,552.000000
construct/scalars,65536,1,512,0.052051125,9836,644643742,3.000000,552.000000
construct/scalars,65536,2,512,0.051379458,9965,653070961,3.000000,552.000000
construct/scalars,65536,3,512,0.051028291,10034,657565271,3.000000,552.000000
construct/scalars,65536,4,512,0.050923083,10054,658923813,3.000000,552.000000
construct/scalars,65536,5,512,0.050953834,10048,658526147,3.000000,552.000000
construct/scalars,65536,6,512,0.050882125,10062,659454219,3.000000,552.000000
construct/filtered_summary,65536,0,512,0.051178167,10004,655639582,5.000000,368.000000
construct/filtered_summary,65536,1,512,0.051172583,10005,655711126,5.000000,368.000000
construct/filtered_summary,65536,2,512,0.051124334,10015,656329958,5.000000,368.000000
construct/filtered_summary,65536,3,512,0.051195583,10001,655416542,5.000000,368.000000
construct/filtered_summary,65536,4,512,0.051188334,10002,655509359,5.000000,368.000000
construct/filtered_summary,65536,5,512,0.051129375,10014,656265249,5.000000,368.000000
construct/filtered_summary,65536,6,512,0.051156625,10008,655915671,5.000000,368.000000
construct/nested,65536,0,384,0.050981250,7532,493629011,15.000000,1352.000000
construct/nested,65536,1,384,0.051021125,7526,493243220,15.000000,1352.000000
construct/nested,65536,2,384,0.050997542,7530,493471313,15.000000,1352.000000
construct/nested,65536,3,384,0.051031541,7525,493142545,15.000000,1352.000000
construct/nested,65536,4,384,0.051067166,7520,492798523,15.000000,1352.000000
construct/nested,65536,5,384,0.051005209,7529,493397135,15.000000,1352.000000
construct/nested,65536,6,384,0.051069792,7519,492773184,15.000000,1352.000000
construct/navigate,65536,0,768,0.051267500,14980,981745706,3.000000,168.000000
construct/navigate,65536,1,768,0.051518541,14907,976961828,3.000000,168.000000
construct/navigate,65536,2,768,0.051214292,14996,982765670,3.000000,168.000000
construct/navigate,65536,3,768,0.051284709,14975,981416274,3.000000,168.000000
construct/navigate,65536,4,768,0.051122042,15023,984539076,3.000000,168.000000
construct/navigate,65536,5,768,0.051136459,15019,984261503,3.000000,168.000000
construct/navigate,65536,6,736,0.051032000,14422,945181376,3.000000,168.000000
construct/raw_member,1048576,0,96,0.051815916,1853,1942709958,3.000000,168.000000
construct/raw_member,1048576,1,96,0.051792375,1854,1943592971,3.000000,168.000000
construct/raw_member,1048576,2,96,0.051805750,1853,1943091182,3.000000,168.000000
construct/raw_member,1048576,3,96,0.051853125,1851,1941315899,3.000000,168.000000
construct/raw_member,1048576,4,96,0.051808042,1853,1943005219,3.000000,168.000000
construct/raw_member,1048576,5,96,0.051802459,1853,1943214626,3.000000,168.000000
construct/raw_member,1048576,6,96,0.051774583,1854,1944260874,3.000000,168.000000
construct/raw_member_write,1048576,0,64,0.082091041,780,817493154,3.000000,168.000000
construct/raw_member_write,1048576,1,64,0.082451208,776,813922144,3.000000,168.000000
construct/raw_member_write,1048576,2,64,0.082822792,773,810270487,3.000000,168.000000
construct/raw_member_write,1048576,3,64,0.082657083,774,811894898,3.000000,168.000000
construct/raw_member_write,1048576,4,64,0.081575083,785,822663754,3.000000,168.000000
construct/raw_member_write,1048576,5,64,0.082039917,780,818002583,3.000000,168.000000
construct/raw_member_write,1048576,6,64,0.082078083,780,817622215,3.000000,168.000000
construct/scalars,1048576,0,32,0.050643125,632,662566380,3.000000,552.000000
construct/scalars,1048576,1,32,0.050756375,630,661088031,3.000000,552.000000
construct/scalars,1048576,2,32,0.050786916,630,660690482,3.000000,552.000000
construct/scalars,1048576,3,32,0.050788666,630,660667717,3.000000,552.000000
construct/scalars,1048576,4,32,0.050640208,632,662604545,3.000000,552.000000
construct/scalars,1048576,5,32,0.050737750,631,661330705,3.000000,552.000000
construct/scalars,1048576,6,32,0.050802667,630,660485639,3.000000,552.000000
construct/filtered_summary,1048576,0,32,0.050693042,631,661913957,5.000000,368.000000
construct/filtered_summary,1048576,1,32,0.050665667,632,662271593,5.000000,368.000000
construct/filtered_summary,1048576,2,32,0.050693083,631,661913421,5.000000,368.000000
construct/filtered_summary,1048576,3,32,0.050709042,631,661705106,5.000000,368.000000
construct/filtered_summary,1048576,4,32,0.050865292,629,659672454,5.000000,368.000000
construct/filtered_summary,1048576,5,32,0.050706334,631,661740444,5.000000,368.000000
construct/filtered_summary,1048576,6,32,0.050872292,629,659581683,5.000000,368.000000
construct/nested,1048576,0,32,0.067457833,474,497413429,15.000000,1352.000000
construct/nested,1048576,1,32,0.067326500,475,498383727,15.000000,1352.000000
construct/nested,1048576,2,32,0.067342708,475,498263776,15.000000,1352.000000
construct/nested,1048576,3,32,0.067570542,474,496583733,15.000000,1352.000000
construct/nested,1048576,4,32,0.067658166,473,495940608,15.000000,1352.000000
construct/nested,1048576,5,32,0.067389042,475,497921190,15.000000,1352.000000
construct/nested,1048576,6,32,0.067327542,475,498376014,15.000000,1352.000000
construct/navigate,1048576,0,64,0.068012167,941,986718509,3.000000,168.000000
construct/navigate,1048576,1,64,0.067981583,941,987162420,3.000000,168.000000
construct/navigate,1048576,2,64,0.068096334,940,985498926,3.000000,168.000000
construct/navigate,1048576,3,64,0.068186250,939,984199366,3.000000,168.000000
construct/navigate,1048576,4,64,0.067993291,941,986992437,3.000000,168.000000
construct/navigate,1048576,5,64,0.068063500,940,985974333,3.000000,168.000000
construct/navigate,1048576,6,64,0.067984542,941,987119454,3.000000,168.000000
construct/mapped_objects,262,0,21920,0.050023709,438192,114806361,12.000000,1184.000000
construct/mapped_objects,262,1,22208,0.050038666,443817,116279998,12.000000,1184.000000
construct/mapped_objects,262,2,22336,0.050066375,446128,116885475,12.000000,1184.000000
construct/mapped_objects,262,3,22368,0.050037250,447027,117121065,12.000000,1184.000000
construct/mapped_objects,262,4,22336,0.050036667,446393,116954872,12.000000,1184.000000
construct/mapped_objects,262,5,22240,0.050017458,444645,116496924,12.000000,1184.000000
construct/mapped_objects,262,6,22400,0.050067917,447392,117216780,12.000000,1184.000000
construct/collected_objects,262,0,21248,0.050012625,424853,111311414,15.000000,1352.000000
construct/collected_objects,262,1,21248,0.050066875,424392,111190802,15.000000,1352.000000
construct/collected_objects,262,2,21280,0.050003583,425570,111499210,15.000000,1352.000000
construct/collected_objects,262,3,21248,0.050052375,424515,111223014,15.000000,1352.000000
construct/collected_objects,262,4,21280,0.050064250,425054,111364097,15.000000,1352.000000
construct/collected_objects,262,5,21248,0.050025584,424743,111282579,15.000000,1352.000000
construct/collected_objects,262,6,21408,0.050035583,427856,112098144,15.000000,1352.000000
construct/collected_write,262,0,19648,0.050061958,392474,102828100,15.000000,1352.000000
construct/collected_write,262,1,19584,0.050046250,391318,102525324,15.000000,1352.000000
construct/collected_write,262,2,19648,0.050023667,392774,102906810,15.000000,1352.000000
construct/collected_write,262,3,19648,0.050053375,392541,102845732,15.000000,1352.000000
construct/collected_write,262,4,19648,0.050083625,392304,102783614,15.000000,1352.000000
construct/collected_write,262,5,19680,0.050064041,393097,102991287,15.000000,1352.000000
construct/collected_write,262,6,19488,0.050005750,389715,102105378,15.000000,1352.000000
construct/filtered_aggregate,262,0,18752,0.050050042,374665,98162235,3.000000,296.000000
construct/filtered_aggregate,262,1,18784,0.050056166,375258,98317718,3.000000,296.000000
construct/filtered_aggregate,262,2,18496,0.050006916,369869,96905636,3.000000,296.000000
construct/filtered_aggregate,262,3,18560,0.050048083,370843,97160964,3.000000,296.000000
construct/filtered_aggregate,262,4,18304,0.050042667,365768,95831183,3.000000,296.000000
construct/filtered_aggregate,262,5,18592,0.050031458,371606,97360824,3.000000,296.000000
construct/filtered_aggregate,262,6,18880,0.050051333,377213,98829735,3.000000,296.000000
construct/mapped_objects,4334,0,1472,0.050190500,29328,127108676,192.000000,18944.000000
construct/mapped_objects,4334,1,1504,0.050972541,29506,127879362,192.000000,18944.000000
construct/mapped_objects,4334,2,1504,0.050946083,29521,127945774,192.000000,18944.000000
construct/mapped_objects,4334,3,1504,0.050900875,29548,128059410,192.000000,18944.000000
construct/mapped_objects,4334,4,1504,0.050902417,29547,128055530,192.000000,18944.000000
construct/mapped_objects,4334,5,1504,0.051063834,29453,127650736,192.000000,18944.000000
construct/mapped_objects,4334,6,1504,0.050983500,29500,127851874,192.000000,18944.000000
construct/collected_objects,4334,0,1472,0.050398209,29207,126584816,199.000000,21992.000000
construct/collected_objects,4334,1,1472,0.050359458,29230,126682221,199.000000,21992.000000
construct/collected_objects,4334,2,1472,0.050744750,29008,125720355,199.000000,21992.000000
construct/collected_objects,4334,3,1472,0.050982416,28873,125134282,199.000000,21992.000000
construct/collected_objects,4334,4,1472,0.050879167,28931,125388216,199.000000,21992.000000
construct/collected_objects,4334,5,1472,0.050720666,29022,125780052,199.000000,21992.000000
construct/collected_objects,4334,6,1472,0.050802709,28975,125576925,199.000000,21992.000000
construct/collected_write,4334,0,1344,0.051132417,26285,113917869,199.000000,21992.000000
construct/collected_write,4334,1,1344,0.051215791,26242,113732423,199.000000,21992.000000
construct/collected_write,4334,2,1344,0.051152292,26274,113873607,199.000000,21992.000000
construct/collected_write,4334,3,1344,0.051160250,26270,113855894,199.000000,21992.000000
construct/collected_write,4334,4,1344,0.050857584,26427,114533478,199.000000,21992.000000
construct/collected_write,4334,5,1344,0.051181250,26260,113809178,199.000000,21992.000000
construct/collected_write,4334,6,1344,0.050905500,26402,114425671,199.000000,21992.000000
construct/filtered_aggregate,4334,0,1312,0.050587125,25935,112404253,3.000000,296.000000
construct/filtered_aggregate,4334,1,1376,0.051015375,26972,116897778,3.000000,296.000000
construct/filtered_aggregate,4334,2,1376,0.050751291,27113,117506055,3.000000,296.000000
construct/filtered_aggregate,4334,3,1312,0.050197292,26137,113277186,3.000000,296.000000
construct/filtered_aggregate,4334,4,1376,0.050582625,27203,117897875,3.000000,296.000000
construct/filtered_aggregate,4334,5,1344,0.050865375,26423,114515935,3.000000,296.000000
construct/filtered_aggregate,4334,6,1344,0.050640292,26540,115024929,3.000000,296.000000
construct/mapped_objects,36190,0,192,0.053102708,3616,130849824,1536.000000,151552.000000
construct/mapped_objects,36190,1,192,0.053081917,3617,130901075,1536.000000,151552.000000
construct/mapped_objects,36190,2,192,0.052586708,3651,132133770,1536.000000,151552.000000
construct/mapped_objects,36190,3,192,0.052533583,3655,132267392,1536.000000,151552.000000
construct/mapped_objects,36190,4,192,0.052304667,3671,132846272,1536.000000,151552.000000
construct/mapped_objects,36190,5,192,0.052176209,3680,133173340,1536.000000,151552.000000
construct/mapped_objects,36190,6,192,0.052005542,3692,133610376,1536.000000,151552.000000
construct/collected_objects,36190,0,192,0.052317750,3670,132813051,1546.000000,176104.000000
construct/collected_objects,36190,1,192,0.052390000,3665,132629891,1546.000000,176104.000000
construct/collected_objects,36190,2,192,0.052378042,3666,132660171,1546.000000,176104.000000
construct/collected_objects,36190,3,192,0.052342291,3668,132750781,1546.000000,176104.000000
construct/collected_objects,36190,4,192,0.052307083,3671,132840136,1546.000000,176104.000000
construct/collected_objects,36190,5,192,0.052276917,3673,132916790,1546.000000,176104.000000
construct/collected_objects,36190,6,192,0.053248917,3606,130490541,1546.000000,176104.000000
construct/collected_write,36190,0,192,0.058422708,3286,118934576,1546.000000,176104.000000
construct/collected_write,36190,1,192,0.058249291,3296,119288662,1546.000000,176104.000000
construct/collected_write,36190,2,192,0.058135000,3303,119523179,1546.000000,176104.000000
construct/collected_write,36190,3,192,0.058229833,3297,119328524,1546.000000,176104.000000
construct/collected_write,36190,4,192,0.058016709,3309,119766876,1546.000000,176104.000000
construct/collected_write,36190,5,192,0.057591542,3334,120651050,1546.000000,176104.000000
construct/collected_write,36190,6,192,0.057793792,3322,120228830,1546.000000,176104.000000
construct/filtered_aggregate,36190,0,192,0.057411541,3344,121029324,3.000000,296.000000
construct/filtered_aggregate,36190,1,192,0.055961167,3431,124166103,3.000000,296.000000
construct/filtered_aggregate,36190,2,192,0.057504416,3339,120833850,3.000000,296.000000
construct/filtered_aggregate,36190,3,192,0.057320417,3350,121221728,3.000000,296.000000
construct/filtered_aggregate,36190,4,192,0.056366792,3406,123272582,3.000000,296.000000
construct/filtered_aggregate,36190,5,192,0.057264291,3353,121340540,3.000000,296.000000
construct/filtered_aggregate,36190,6,192,0.057719167,3326,120384274,3.000000,296.000000
construct/mapped_objects,624958,0,32,0.142003458,225,140832176,24576.000000,2424832.000000
construct/mapped_objects,624958,1,32,0.143404375,223,139456387,24576.000000,2424832.000000
construct/mapped_objects,624958,2,32,0.143066875,224,139785370,24576.000000,2424832.000000
construct/mapped_objects,624958,3,32,0.142848083,224,139999471,24576.000000,2424832.000000
construct/mapped_objects,624958,4,32,0.142508708,225,140332870,24576.000000,2424832.000000
construct/mapped_objects,624958,5,32,0.142365125,225,140474403,24576.000000,2424832.000000
construct/mapped_objects,624958,6,32,0.141768792,226,141065292,24576.000000,2424832.000000
construct/collected_objects,624958,0,32,0.144209333,222,138677959,24590.000000,2818024.000000
construct/collected_objects,624958,1,32,0.144255166,222,138633898,24590.000000,2818024.000000
construct/collected_objects,624958,2,32,0.145835542,219,137131564,24590.000000,2818024.000000
construct/collected_objects,624958,3,32,0.144531208,221,138369120,24590.000000,2818024.000000
construct/collected_objects,624958,4,32,0.144643042,221,138262136,24590.000000,2818024.000000
construct/collected_objects,624958,5,32,0.144216542,222,138671027,24590.000000,2818024.000000
construct/collected_objects,624958,6,32,0.144095083,222,138787914,24590.000000,2818024.000000
construct/collected_write,624958,0,32,0.157870083,203,126677934,24590.000000,2818024.000000
construct/collected_write,624958,1,32,0.156731708,204,127598022,24590.000000,2818024.000000
construct/collected_write,624958,2,32,0.157854833,203,126690172,24590.000000,2818024.000000
construct/collected_write,624958,3,32,0.157569709,203,126919420,24590.000000,2818024.000000
construct/collected_write,624958,4,32,0.157582625,203,126909017,24590.000000,2818024.000000
construct/collected_write,624958,5,32,0.157604292,203,126891570,24590.000000,2818024.000000
construct/collected_write,624958,6,32,0.157400791,203,127055626,24590.000000,2818024.000000
construct/filtered_aggregate,624958,0,32,0.158839583,201,125904737,3.000000,296.000000
construct/filtered_aggregate,624958,1,32,0.160195583,200,124838998,3.000000,296.000000
construct/filtered_aggregate,624958,2,32,0.154328958,207,129584598,3.000000,296.000000
construct/filtered_aggregate,624958,3,32,0.154614500,207,129345281,3.000000,296.000000
construct/filtered_aggregate,624958,4,32,0.158891125,201,125863896,3.000000,296.000000
construct/filtered_aggregate,624958,5,32,0.158102166,202,126491980,3.000000,296.000000
construct/filtered_aggregate,624958,6,32,0.153958459,208,129896442,3.000000,296.000000
construct/nested_summary,1036,0,1984,0.050555584,39244,40656716,3.000000,296.000000
construct/nested_summary,1036,1,1984,0.050210709,39513,40935968,3.000000,296.000000
construct/nested_summary,1036,2,1984,0.050106584,39596,41021036,3.000000,296.000000
construct/nested_summary,1036,3,1984,0.050285084,39455,40875421,3.000000,296.000000
construct/nested_summary,1036,4,1984,0.050337083,39414,40833196,3.000000,296.000000
construct/nested_summary,1036,5,1984,0.050452208,39324,40740021,3.000000,296.000000
construct/nested_summary,1036,6,1984,0.050168834,39546,40970137,3.000000,296.000000
construct/nested_summary,16396,0,128,0.050208792,2549,41799213,3.000000,296.000000
construct/nested_summary,16396,1,128,0.050380750,2541,41656545,3.000000,296.000000
construct/nested_summary,16396,2,128,0.050450834,2537,41598678,3.000000,296.000000
construct/nested_summary,16396,3,128,0.050457625,2537,41593079,3.000000,296.000000
construct/nested_summary,16396,4,128,0.050336667,2543,41693027,3.000000,296.000000
construct/nested_summary,16396,5,128,0.050161375,2552,41838726,3.000000,296.000000
construct/nested_summary,16396,6,128,0.050274208,2546,41744825,3.000000,296.000000
construct/nested_summary,1048588,0,32,0.802574125,40,41808993,3.000000,296.000000
construct/nested_summary,1048588,1,32,0.802084208,40,41834530,3.000000,296.000000
construct/nested_summary,1048588,2,32,0.802740250,40,41800341,3.000000,296.000000
construct/nested_summary,1048588,3,32,0.801032792,40,41889441,3.000000,296.000000
construct/nested_summary,1048588,4,32,0.802055167,40,41836045,3.000000,296.000000
construct/nested_summary,1048588,5,32,0.805401209,40,41662237,3.000000,296.000000
construct/nested_summary,1048588,6,32,0.802704041,40,41802226,3.000000,296.000000
compile/lexical,0,0,39424,0.050022542,788125,0,40.000000,2912.000000
compile/lexical,0,1,40256,0.050022333,804761,0,40.000000,2912.000000
compile/lexical,0,2,40256,0.050005041,805039,0,40.000000,2912.000000
compile/lexical,0,3,40352,0.050015209,806795,0,40.000000,2912.000000
compile/lexical,0,4,40416,0.050022958,807949,0,40.000000,2912.000000
compile/lexical,0,5,40416,0.050037875,807708,0,40.000000,2912.000000
compile/lexical,0,6,39968,0.050037583,798760,0,40.000000,2912.000000
lexical/lookup,100,0,148704,0.050008375,2973582,297358193,5.000000,504.000000
lexical/lookup,100,1,151584,0.050008792,3031147,303114700,5.000000,504.000000
lexical/lookup,100,2,151744,0.050002500,3034728,303472826,5.000000,504.000000
lexical/lookup,100,3,152192,0.050010250,3043216,304321614,5.000000,504.000000
lexical/lookup,100,4,152352,0.050004250,3046781,304678102,5.000000,504.000000
lexical/lookup,100,5,152672,0.050001250,3053364,305336367,5.000000,504.000000
lexical/lookup,100,6,152000,0.050003125,3039810,303981001,5.000000,504.000000
lexical/repeated_binding,100,0,124704,0.050012500,2493457,249345664,5.000000,504.000000
lexical/repeated_binding,100,1,124992,0.050009917,2499344,249934428,5.000000,504.000000
lexical/repeated_binding,100,2,125024,0.050002500,2500355,250035498,5.000000,504.000000
lexical/repeated_binding,100,3,124672,0.050006833,2493099,249309929,5.000000,504.000000
lexical/repeated_binding,100,4,122976,0.050001292,2459456,245945645,5.000000,504.000000
lexical/repeated_binding,100,5,123552,0.050011958,2470449,247044917,5.000000,504.000000
lexical/repeated_binding,100,6,123232,0.050005875,2464350,246435044,5.000000,504.000000
lexical/retained_sequence,100,0,94272,0.050013333,1884937,188493736,7.000000,648.000000
lexical/retained_sequence,100,1,94912,0.050002417,1898148,189814824,7.000000,648.000000
lexical/retained_sequence,100,2,96160,0.050015375,1922609,192260880,7.000000,648.000000
lexical/retained_sequence,100,3,95360,0.050014250,1906657,190665660,7.000000,648.000000
lexical/retained_sequence,100,4,95552,0.050009375,1910682,191068175,7.000000,648.000000
lexical/retained_sequence,100,5,96384,0.050015375,1927087,192708742,7.000000,648.000000
lexical/retained_sequence,100,6,97600,0.050015875,1951380,195138044,7.000000,648.000000
lexical/closure_call,100,0,80608,0.050007083,1611932,161193165,8.000000,768.000000
lexical/closure_call,100,1,81760,0.050013541,1634757,163475728,8.000000,768.000000
lexical/closure_call,100,2,81856,0.050008375,1636846,163684583,8.000000,768.000000
lexical/closure_call,100,3,81920,0.050005042,1638235,163823480,8.000000,768.000000
lexical/closure_call,100,4,81408,0.050015209,1627665,162766490,8.000000,768.000000
lexical/closure_call,100,5,81632,0.050008500,1632362,163236250,8.000000,768.000000
lexical/closure_call,100,6,81984,0.050008209,1639411,163941084,8.000000,768.000000
lexical/escaped_closure,100,0,73184,0.050007083,1463473,146347268,11.000000,1032.000000
lexical/escaped_closure,100,1,72992,0.050018083,1459312,145931223,11.000000,1032.000000
lexical/escaped_closure,100,2,72928,0.050007584,1458339,145833880,11.000000,1032.000000
lexical/escaped_closure,100,3,72960,0.050001583,1459154,145915380,11.000000,1032.000000
lexical/escaped_closure,100,4,72992,0.050011250,1459512,145951161,11.000000,1032.000000
lexical/escaped_closure,100,5,73280,0.050002459,1465528,146552793,11.000000,1032.000000
lexical/escaped_closure,100,6,73504,0.050015750,1469617,146961707,11.000000,1032.000000
lexical/mixed,100,0,41440,0.050005958,828701,82870125,14.000000,1480.000000
lexical/mixed,100,1,41600,0.050038083,831367,83136678,14.000000,1480.000000
lexical/mixed,100,2,41440,0.050035750,828208,82820783,14.000000,1480.000000
lexical/mixed,100,3,41568,0.050010583,831184,83118407,14.000000,1480.000000
lexical/mixed,100,4,41600,0.050028916,831519,83151912,14.000000,1480.000000
lexical/mixed,100,5,41632,0.050025500,832216,83221557,14.000000,1480.000000
lexical/mixed,100,6,41568,0.050028833,830881,83088086,14.000000,1480.000000
lexical/lookup,500,0,67776,0.050019625,1354988,677494084,5.000000,504.000000
lexical/lookup,500,1,67456,0.050011041,1348822,674411077,5.000000,504.000000
lexical/lookup,500,2,68000,0.050018875,1359487,679743397,5.000000,504.000000
lexical/lookup,500,3,67680,0.050004917,1353467,676733450,5.000000,504.000000
lexical/lookup,500,4,67872,0.050004166,1357327,678663454,5.000000,504.000000
lexical/lookup,500,5,67168,0.050001250,1343326,671663208,5.000000,504.000000
lexical/lookup,500,6,67584,0.050008958,1351438,675718938,5.000000,504.000000
lexical/repeated_binding,500,0,60288,0.050024250,1205175,602587745,5.000000,504.000000
lexical/repeated_binding,500,1,60512,0.050013167,1209921,604960690,5.000000,504.000000
lexical/repeated_binding,500,2,60608,0.050017333,1211740,605869969,5.000000,504.000000
lexical/repeated_binding,500,3,60640,0.050013292,1212478,606238837,5.000000,504.000000
lexical/repeated_binding,500,4,60544,0.050014459,1210530,605264969,5.000000,504.000000
lexical/repeated_binding,500,5,60544,0.050004208,1210778,605389050,5.000000,504.000000
lexical/repeated_binding,500,6,60704,0.050014458,1213729,606864519,5.000000,504.000000
lexical/retained_sequence,500,0,53056,0.050015625,1060789,530394252,7.000000,648.000000
lexical/retained_sequence,500,1,53344,0.050031291,1066213,533106371,7.000000,648.000000
lexical/retained_sequence,500,2,53376,0.050011458,1067275,533637712,7.000000,648.000000
lexical/retained_sequence,500,3,53536,0.050030000,1070078,535038977,7.000000,648.000000
lexical/retained_sequence,500,4,53600,0.050007500,1071839,535919612,7.000000,648.000000
lexical/retained_sequence,500,5,53504,0.050015250,1069754,534876863,7.000000,648.000000
lexical/retained_sequence,500,6,53600,0.050022459,1071519,535759348,7.000000,648.000000
lexical/closure_call,500,0,40320,0.050002458,806360,403180180,8.000000,768.000000
lexical/closure_call,500,1,40320,0.050015000,806158,403079076,8.000000,768.000000
lexical/closure_call,500,2,40384,0.050008166,807548,403774056,8.000000,768.000000
lexical/closure_call,500,3,40480,0.050006333,809497,404748735,8.000000,768.000000
lexical/closure_call,500,4,40384,0.050027625,807234,403617002,8.000000,768.000000
lexical/closure_call,500,5,40320,0.050001417,806377,403188574,8.000000,768.000000
lexical/closure_call,500,6,40384,0.050007292,807562,403781113,8.000000,768.000000
lexical/escaped_closure,500,0,37600,0.050032709,751508,375754189,11.000000,1032.000000
lexical/escaped_closure,500,1,37632,0.050022292,752305,376152296,11.000000,1032.000000
lexical/escaped_closure,500,2,37600,0.050010291,751845,375922628,11.000000,1032.000000
lexical/escaped_closure,500,3,37568,0.050006291,751265,375632738,11.000000,1032.000000
lexical/escaped_closure,500,4,37536,0.050011792,750543,375271496,11.000000,1032.000000
lexical/escaped_closure,500,5,37280,0.050007208,745493,372746265,11.000000,1032.000000
lexical/escaped_closure,500,6,37728,0.050022333,754223,377111559,11.000000,1032.000000
lexical/mixed,500,0,26784,0.050037667,535277,267638377,14.000000,1480.000000
lexical/mixed,500,1,26816,0.050048000,535806,267902813,14.000000,1480.000000
lexical/mixed,500,2,26784,0.050010042,535572,267786218,14.000000,1480.000000
lexical/mixed,500,3,26784,0.050035625,535299,267649300,14.000000,1480.000000
lexical/mixed,500,4,26752,0.050057875,534421,267210704,14.000000,1480.000000
lexical/mixed,500,5,26688,0.050022333,533522,266760849,14.000000,1480.000000
lexical/mixed,500,6,26720,0.050038625,533987,266993747,14.000000,1480.000000
lexical/lookup,1024,0,38880,0.050020500,777281,795936066,5.000000,504.000000
lexical/lookup,1024,1,38912,0.050011875,778055,796728537,5.000000,504.000000
lexical/lookup,1024,2,39040,0.050014959,780566,799300065,5.000000,504.000000
lexical/lookup,1024,3,39040,0.050037334,780217,798942646,5.000000,504.000000
lexical/lookup,1024,4,39072,0.050024875,781051,799796661,5.000000,504.000000
lexical/lookup,1024,5,38912,0.050011917,778055,796727868,5.000000,504.000000
lexical/lookup,1024,6,38976,0.050039583,778903,797597054,5.000000,504.000000
lexical/repeated_binding,1024,0,36736,0.050014875,734501,752129521,5.000000,504.000000
lexical/repeated_binding,1024,1,36768,0.050030250,734915,752553345,5.000000,504.000000
lexical/repeated_binding,1024,2,36608,0.050012084,731983,749550689,5.000000,504.000000
lexical/repeated_binding,1024,3,36672,0.050007083,733336,750936182,5.000000,504.000000
lexical/repeated_binding,1024,4,36672,0.050012916,733251,750848601,5.000000,504.000000
lexical/repeated_binding,1024,5,36640,0.050014958,732581,750162781,5.000000,504.000000
lexical/repeated_binding,1024,6,36800,0.050038750,735430,753080363,5.000000,504.000000
lexical/retained_sequence,1024,0,33856,0.050019792,676852,693096525,7.000000,648.000000
lexical/retained_sequence,1024,1,33760,0.050015167,674995,691195133,7.000000,648.000000
lexical/retained_sequence,1024,2,33824,0.050017042,676250,692479495,7.000000,648.000000
lexical/retained_sequence,1024,3,33856,0.050032000,676687,692927406,7.000000,648.000000
lexical/retained_sequence,1024,4,33888,0.050042875,677179,693431622,7.000000,648.000000
lexical/retained_sequence,1024,5,33856,0.050036292,676629,692867969,7.000000,648.000000
lexical/retained_sequence,1024,6,33888,0.050027709,677385,693641838,7.000000,648.000000
lexical/closure_call,1024,0,24480,0.050064125,488973,500708242,8.000000,768.000000
lexical/closure_call,1024,1,24416,0.050032625,488002,499713617,8.000000,768.000000
lexical/closure_call,1024,2,24448,0.050069458,488282,500000459,8.000000,768.000000
lexical/closure_call,1024,3,24512,0.050047875,489771,501525549,8.000000,768.000000
lexical/closure_call,1024,4,24576,0.050048541,491043,502828324,8.000000,768.000000
lexical/closure_call,1024,5,24576,0.050045917,491069,502854688,8.000000,768.000000
lexical/closure_call,1024,6,24480,0.050003625,489565,501314055,8.000000,768.000000
lexical/escaped_closure,1024,0,23552,0.050030416,470754,482051718,11.000000,1032.000000
lexical/escaped_closure,1024,1,23584,0.050043791,471267,482577669,11.000000,1032.000000
lexical/escaped_closure,1024,2,23616,0.050004375,472279,483613364,11.000000,1032.000000
lexical/escaped_closure,1024,3,23584,0.050000375,471676,482996698,11.000000,1032.000000
lexical/escaped_closure,1024,4,23648,0.050065583,472340,483676621,11.000000,1032.000000
lexical/escaped_closure,1024,5,23552,0.050007083,470973,482276641,11.000000,1032.000000
lexical/escaped_closure,1024,6,23488,0.050049125,469299,480562088,11.000000,1032.000000
lexical/mixed,1024,0,18976,0.050011167,379435,388541703,14.000000,1480.000000
lexical/mixed,1024,1,18976,0.050031667,379280,388382502,14.000000,1480.000000
lexical/mixed,1024,2,18976,0.050001375,379510,388617793,14.000000,1480.000000
lexical/mixed,1024,3,19008,0.050029667,379935,389052999,14.000000,1480.000000
lexical/mixed,1024,4,18976,0.050036667,379242,388343692,14.000000,1480.000000
lexical/mixed,1024,5,19040,0.050030708,380566,389699862,14.000000,1480.000000
lexical/mixed,1024,6,19008,0.050069416,379633,388744139,14.000000,1480.000000
lexical/lookup,10240,0,4704,0.050117125,93860,961127758,5.000000,504.000000
lexical/lookup,10240,1,4704,0.050006334,94068,963257175,5.000000,504.000000
lexical/lookup,10240,2,4736,0.050285917,94181,964417930,5.000000,504.000000
lexical/lookup,10240,3,4704,0.050002334,94076,963334232,5.000000,504.000000
lexical/lookup,10240,4,4736,0.050292875,94168,964284504,5.000000,504.000000
lexical/lookup,10240,5,4736,0.050262584,94225,964865634,5.000000,504.000000
lexical/lookup,10240,6,4704,0.050042167,94001,962567428,5.000000,504.000000
lexical/repeated_binding,10240,0,4672,0.050182375,93100,953348262,5.000000,504.000000
lexical/repeated_binding,10240,1,4672,0.050094584,93264,955019010,5.000000,504.000000
lexical/repeated_binding,10240,2,4672,0.050110792,93233,954710115,5.000000,504.000000
lexical/repeated_binding,10240,3,4672,0.050162917,93137,953718062,5.000000,504.000000
lexical/repeated_binding,10240,4,4672,0.050093750,93265,955034910,5.000000,504.000000
lexical/repeated_binding,10240,5,4672,0.050062916,93323,955623120,5.000000,504.000000
lexical/repeated_binding,10240,6,4640,0.050002500,92795,950224489,5.000000,504.000000
lexical/retained_sequence,10240,0,4640,0.050163625,92497,947172378,7.000000,648.000000
lexical/retained_sequence,10240,1,4640,0.050269875,92302,945170443,7.000000,648.000000
lexical/retained_sequence,10240,2,4640,0.050224666,92385,946021224,7.000000,648.000000
lexical/retained_sequence,10240,3,4640,0.050222916,92388,946054188,7.000000,648.000000
lexical/retained_sequence,10240,4,4640,0.050152125,92519,947389567,7.000000,648.000000
lexical/retained_sequence,10240,5,4640,0.050245417,92347,945630524,7.000000,648.000000
lexical/retained_sequence,10240,6,4640,0.050109000,92598,948204913,7.000000,648.000000
lexical/closure_call,10240,0,3136,0.050178125,62497,639972897,8.000000,768.000000
lexical/closure_call,10240,1,3136,0.050110750,62581,640833354,8.000000,768.000000
lexical/closure_call,10240,2,3136,0.050163125,62516,640164264,8.000000,768.000000
lexical/closure_call,10240,3,3136,0.050092333,62604,641068964,8.000000,768.000000
lexical/closure_call,10240,4,3136,0.050385208,62240,637342611,8.000000,768.000000
lexical/closure_call,10240,5,3136,0.050212958,62454,639528944,8.000000,768.000000
lexical/closure_call,10240,6,3136,0.050136208,62550,640507954,8.000000,768.000000
lexical/escaped_closure,10240,0,3136,0.050445000,62167,636587174,11.000000,1032.000000
lexical/escaped_closure,10240,1,3136,0.050487625,62114,636049725,11.000000,1032.000000
lexical/escaped_closure,10240,2,3136,0.050365042,62265,637597800,11.000000,1032.000000
lexical/escaped_closure,10240,3,3136,0.050417167,62201,636938605,11.000000,1032.000000
lexical/escaped_closure,10240,4,3136,0.050362917,62268,637624703,11.000000,1032.000000
lexical/escaped_closure,10240,5,3136,0.050390584,62234,637274615,11.000000,1032.000000
lexical/escaped_closure,10240,6,3136,0.050418833,62199,636917558,11.000000,1032.000000
lexical/mixed,10240,0,3040,0.050456542,60250,616958649,14.000000,1480.000000
lexical/mixed,10240,1,3040,0.050368292,60355,618039619,14.000000,1480.000000
lexical/mixed,10240,2,3040,0.050354916,60371,618203792,14.000000,1480.000000
lexical/mixed,10240,3,3040,0.050408958,60307,617541033,14.000000,1480.000000
lexical/mixed,10240,4,3040,0.050333125,60398,618471434,14.000000,1480.000000
lexical/mixed,10240,5,3008,0.050310041,59789,612241998,14.000000,1480.000000
lexical/mixed,10240,6,3040,0.050433250,60278,617243584,14.000000,1480.000000
lexical/lookup,65536,0,768,0.051124125,15022,984498962,5.000000,504.000000
lexical/lookup,65536,1,768,0.051183750,15005,983352099,5.000000,504.000000
lexical/lookup,65536,2,768,0.051132250,15020,984342524,5.000000,504.000000
lexical/lookup,65536,3,768,0.051179292,15006,983437754,5.000000,504.000000
lexical/lookup,65536,4,768,0.051301916,14970,981087100,5.000000,504.000000
lexical/lookup,65536,5,768,0.051167750,15009,983659590,5.000000,504.000000
lexical/lookup,65536,6,768,0.051172625,15008,983565881,5.000000,504.000000
lexical/repeated_binding,65536,0,768,0.051222167,14994,982614578,5.000000,504.000000
lexical/repeated_binding,65536,1,768,0.051236042,14989,982348480,5.000000,504.000000
lexical/repeated_binding,65536,2,768,0.051163833,15011,983734897,5.000000,504.000000
lexical/repeated_binding,65536,3,768,0.051210250,14997,982843239,5.000000,504.000000
lexical/repeated_binding,65536,4,768,0.051218375,14995,982687327,5.000000,504.000000
lexical/repeated_binding,65536,5,768,0.051215208,14996,982748093,5.000000,504.000000
lexical/repeated_binding,65536,6,768,0.051192417,15002,983185615,5.000000,504.000000
lexical/retained_sequence,65536,0,768,0.051364708,14952,979887747,7.000000,648.000000
lexical/retained_sequence,65536,1,768,0.051303833,14970,981050441,7.000000,648.000000
lexical/retained_sequence,65536,2,768,0.051300875,14971,981107008,7.000000,648.000000
lexical/retained_sequence,65536,3,768,0.051376625,14948,979660458,7.000000,648.000000
lexical/retained_sequence,65536,4,768,0.051361833,14953,979942597,7.000000,648.000000
lexical/retained_sequence,65536,5,768,0.051292375,14973,981269594,7.000000,648.000000
lexical/retained_sequence,65536,6,768,0.051276750,14978,981568606,7.000000,648.000000
lexical/closure_call,65536,0,512,0.050912500,10056,659060781,8.000000,768.000000
lexical/closure_call,65536,1,512,0.050961667,10047,658424929,8.000000,768.000000
lexical/closure_call,65536,2,512,0.050955625,10048,658503001,8.000000,768.000000
lexical/closure_call,65536,3,512,0.050934875,10052,658771264,8.000000,768.000000
lexical/closure_call,65536,4,512,0.051156958,10008,655911401,8.000000,768.000000
lexical/closure_call,65536,5,512,0.050925792,10054,658888761,8.000000,768.000000
lexical/closure_call,65536,6,512,0.050902625,10058,659188637,8.000000,768.000000
lexical/escaped_closure,65536,0,512,0.051063333,10027,657114020,11.000000,1032.000000
lexical/escaped_closure,65536,1,512,0.050955208,10048,658508390,11.000000,1032.000000
lexical/escaped_closure,65536,2,512,0.050999333,10039,657938644,11.000000,1032.000000
lexical/escaped_closure,65536,3,512,0.051002333,10039,657899944,11.000000,1032.000000
lexical/escaped_closure,65536,4,512,0.051009458,10037,657808048,11.000000,1032.000000
lexical/escaped_closure,65536,5,512,0.050944208,10050,658650577,11.000000,1032.000000
lexical/escaped_closure,65536,6,512,0.051015917,10036,657724765,11.000000,1032.000000
lexical/mixed,65536,0,512,0.051401125,9961,652795673,14.000000,1480.000000
lexical/mixed,65536,1,512,0.051219167,9996,655114754,14.000000,1480.000000
lexical/mixed,65536,2,512,0.051248000,9991,654746175,14.000000,1480.000000
lexical/mixed,65536,3,512,0.051207042,9999,655269875,14.000000,1480.000000
lexical/mixed,65536,4,512,0.051180625,10004,655608094,14.000000,1480.000000
lexical/mixed,65536,5,512,0.051255084,9989,654655683,14.000000,1480.000000
lexical/mixed,65536,6,512,0.051206584,9999,655275736,14.000000,1480.000000
lexical/lookup,1048576,0,64,0.067957375,942,987514070,5.000000,504.000000
lexical/lookup,1048576,1,64,0.068120875,940,985143893,5.000000,504.000000
lexical/lookup,1048576,2,64,0.067887500,943,988530495,5.000000,504.000000
lexical/lookup,1048576,3,64,0.067844709,943,989153981,5.000000,504.000000
lexical/lookup,1048576,4,64,0.067941958,942,987738151,5.000000,504.000000
lexical/lookup,1048576,5,64,0.067919209,942,988068986,5.000000,504.000000
lexical/lookup,1048576,6,64,0.067890500,943,988486813,5.000000,504.000000
lexical/repeated_binding,1048576,0,64,0.067966833,942,987376652,5.000000,504.000000
lexical/repeated_binding,1048576,1,64,0.068004625,941,986827940,5.000000,504.000000
lexical/repeated_binding,1048576,2,64,0.068118541,940,985177648,5.000000,504.000000
lexical/repeated_binding,1048576,3,64,0.067960000,942,987475927,5.000000,504.000000
lexical/repeated_binding,1048576,4,64,0.068124625,939,985089665,5.000000,504.000000
lexical/repeated_binding,1048576,5,64,0.068031250,941,986441731,5.000000,504.000000
lexical/repeated_binding,1048576,6,64,0.068058167,940,986051593,5.000000,504.000000
lexical/retained_sequence,1048576,0,64,0.068254625,938,983213431,7.000000,648.000000
lexical/retained_sequence,1048576,1,64,0.068146875,939,984768032,7.000000,648.000000
lexical/retained_sequence,1048576,2,64,0.068151000,939,984708427,7.000000,648.000000
lexical/retained_sequence,1048576,3,64,0.068079875,940,985737180,7.000000,648.000000
lexical/retained_sequence,1048576,4,64,0.068060334,940,986020198,7.000000,648.000000
lexical/retained_sequence,1048576,5,64,0.067884500,943,988574181,7.000000,648.000000
lexical/retained_sequence,1048576,6,64,0.068169750,939,984437584,7.000000,648.000000
lexical/closure_call,1048576,0,32,0.050865292,629,659672454,8.000000,768.000000
lexical/closure_call,1048576,1,32,0.050653083,632,662436125,8.000000,768.000000
lexical/closure_call,1048576,2,32,0.050895583,629,659279844,8.000000,768.000000
lexical/closure_call,1048576,3,32,0.050653000,632,662437210,8.000000,768.000000
lexical/closure_call,1048576,4,32,0.050796625,630,660564201,8.000000,768.000000
lexical/closure_call,1048576,5,32,0.050662083,632,662318444,8.000000,768.000000
lexical/closure_call,1048576,6,32,0.050813375,630,660346454,8.000000,768.000000
lexical/escaped_closure,1048576,0,32,0.052315584,612,641385022,11.000000,1032.000000
lexical/escaped_closure,1048576,1,32,0.050802500,630,660487811,11.000000,1032.000000
lexical/escaped_closure,1048576,2,32,0.050628500,632,662757775,11.000000,1032.000000
lexical/escaped_closure,1048576,3,32,0.050752041,631,661144485,11.000000,1032.000000
lexical/escaped_closure,1048576,4,32,0.050610084,632,662998939,11.000000,1032.000000
lexical/escaped_closure,1048576,5,32,0.050706166,631,661742637,11.000000,1032.000000
lexical/escaped_closure,1048576,6,32,0.050759791,630,661043541,11.000000,1032.000000
lexical/mixed,1048576,0,32,0.050625500,632,662797049,14.000000,1480.000000
lexical/mixed,1048576,1,32,0.050626041,632,662789966,14.000000,1480.000000
lexical/mixed,1048576,2,32,0.050674417,631,662157238,14.000000,1480.000000
lexical/mixed,1048576,3,32,0.050653208,632,662434490,14.000000,1480.000000
lexical/mixed,1048576,4,32,0.050822000,630,660234387,14.000000,1480.000000
lexical/mixed,1048576,5,32,0.050666541,632,662260169,14.000000,1480.000000
lexical/mixed,1048576,6,32,0.050657250,632,662381633,14.000000,1480.000000
lexical/mapped_calls,106,0,27680,0.050018208,553398,58660238,25.000000,2392.000000
lexical/mapped_calls,106,1,27840,0.050040542,556349,58972982,25.000000,2392.000000
lexical/mapped_calls,106,2,27200,0.050032083,543651,57627023,25.000000,2392.000000
lexical/mapped_calls,106,3,26912,0.050024667,537975,57025307,25.000000,2392.000000
lexical/mapped_calls,106,4,27040,0.050026125,540518,57294863,25.000000,2392.000000
lexical/mapped_calls,106,5,27168,0.050034708,542983,57556207,25.000000,2392.000000
lexical/mapped_calls,106,6,27072,0.050000833,541431,57391684,25.000000,2392.000000
lexical/repeated_projection,106,0,51168,0.050014667,1023060,108444349,8.000000,840.000000
lexical/repeated_projection,106,1,51328,0.050000292,1026554,108814725,8.000000,840.000000
lexical/repeated_projection,106,2,51072,0.050009083,1021254,108252975,8.000000,840.000000
lexical/repeated_projection,106,3,51296,0.050023125,1025446,108697248,8.000000,840.000000
lexical/repeated_projection,106,4,51776,0.050025125,1035000,109709991,8.000000,840.000000
lexical/repeated_projection,106,5,51904,0.050012709,1037816,110008518,8.000000,840.000000
lexical/repeated_projection,106,6,51936,0.050000208,1038716,110103862,8.000000,840.000000
lexical/mapped_calls,1692,0,2176,0.050244792,43308,73277087,269.000000,30232.000000
lexical/mapped_calls,1692,1,2176,0.050372875,43198,73090766,269.000000,30232.000000
lexical/mapped_calls,1692,2,2176,0.050064334,43464,73541216,269.000000,30232.000000
lexical/mapped_calls,1692,3,2176,0.050104250,43429,73482629,269.000000,30232.000000
lexical/mapped_calls,1692,4,2208,0.050884833,43392,73419441,269.000000,30232.000000
lexical/mapped_calls,1692,5,2176,0.050039417,43486,73577836,269.000000,30232.000000
lexical/mapped_calls,1692,6,2208,0.050522458,43703,73946046,269.000000,30232.000000
lexical/repeated_projection,1692,0,4640,0.050019750,92763,156955603,12.000000,6600.000000
lexical/repeated_projection,1692,1,4640,0.050149000,92524,156551078,12.000000,6600.000000
lexical/repeated_projection,1692,2,4544,0.050257167,90415,152982121,12.000000,6600.000000
lexical/repeated_projection,1692,3,4544,0.050254750,90419,152989479,12.000000,6600.000000
lexical/repeated_projection,1692,4,4544,0.050290708,90355,152880091,12.000000,6600.000000
lexical/repeated_projection,1692,5,4544,0.050080375,90734,153522173,12.000000,6600.000000
lexical/repeated_projection,1692,6,4544,0.050023500,90837,153696723,12.000000,6600.000000
lexical/mapped_calls,14260,0,288,0.051086667,5637,80390447,2064.000000,238104.000000
lexical/mapped_calls,14260,1,288,0.050639959,5687,81099592,2064.000000,238104.000000
lexical/mapped_calls,14260,2,288,0.050948333,5653,80608722,2064.000000,238104.000000
lexical/mapped_calls,14260,3,288,0.050613334,5690,81142254,2064.000000,238104.000000
lexical/mapped_calls,14260,4,288,0.050551125,5697,81242109,2064.000000,238104.000000
lexical/mapped_calls,14260,5,288,0.050580042,5694,81195662,2064.000000,238104.000000
lexical/mapped_calls,14260,6,288,0.050646792,5686,81088650,2064.000000,238104.000000
lexical/repeated_projection,14260,0,608,0.050403959,12063,172011885,15.000000,49608.000000
lexical/repeated_projection,14260,1,608,0.050314875,12084,172316437,15.000000,49608.000000
lexical/repeated_projection,14260,2,608,0.050328958,12081,172268220,15.000000,49608.000000
lexical/repeated_projection,14260,3,608,0.050452041,12051,171847954,15.000000,49608.000000
lexical/repeated_projection,14260,4,608,0.050354917,12074,172179412,15.000000,49608.000000
lexical/repeated_projection,14260,5,608,0.050466500,12048,171798718,15.000000,49608.000000
lexical/repeated_projection,14260,6,608,0.050421667,12058,171951475,15.000000,49608.000000
lexical/mapped_calls,251044,0,32,0.091082834,351,88198925,32788.000000,3801624.000000
lexical/mapped_calls,251044,1,32,0.091061166,351,88219911,32788.000000,3801624.000000
lexical/mapped_calls,251044,2,32,0.091253791,351,88033691,32788.000000,3801624.000000
lexical/mapped_calls,251044,3,32,0.091300750,350,87988412,32788.000000,3801624.000000
lexical/mapped_calls,251044,4,32,0.091013208,352,88266398,32788.000000,3801624.000000
lexical/mapped_calls,251044,5,32,0.091345959,350,87944865,32788.000000,3801624.000000
lexical/mapped_calls,251044,6,32,0.091435625,350,87858622,32788.000000,3801624.000000
lexical/repeated_projection,251044,0,64,0.086783416,737,185136939,19.000000,786888.000000
lexical/repeated_projection,251044,1,64,0.086822125,737,185054397,19.000000,786888.000000
lexical/repeated_projection,251044,2,64,0.086218792,742,186349352,19.000000,786888.000000
lexical/repeated_projection,251044,3,64,0.085791167,746,187278208,19.000000,786888.000000
lexical/repeated_projection,251044,4,64,0.085909042,745,187021245,19.000000,786888.000000
lexical/repeated_projection,251044,5,64,0.086295417,742,186183885,19.000000,786888.000000
lexical/repeated_projection,251044,6,64,0.085846875,746,187156679,19.000000,786888.000000
lexical/nested_retention,1036,0,3392,0.050159417,67624,70058869,10.000000,1992.000000
lexical/nested_retention,1036,1,3424,0.050288250,68087,70538625,10.000000,1992.000000
lexical/nested_retention,1036,2,3424,0.050275041,68105,70557158,10.000000,1992.000000
lexical/nested_retention,1036,3,3424,0.050197250,68211,70666501,10.000000,1992.000000
lexical/nested_retention,1036,4,3424,0.050088333,68359,70820165,10.000000,1992.000000
lexical/nested_retention,1036,5,3424,0.050067542,68388,70849574,10.000000,1992.000000
lexical/nested_retention,1036,6,3424,0.050106417,68335,70794605,10.000000,1992.000000
lexical/nested_retention,16396,0,224,0.050133000,4468,73259211,14.000000,25032.000000
lexical/nested_retention,16396,1,224,0.050093000,4472,73317709,14.000000,25032.000000
lexical/nested_retention,16396,2,224,0.050264542,4456,73067492,14.000000,25032.000000
lexical/nested_retention,16396,3,224,0.050244542,4458,73096576,14.000000,25032.000000
lexical/nested_retention,16396,4,224,0.050291875,4454,73027780,14.000000,25032.000000
lexical/nested_retention,16396,5,224,0.050370250,4447,72914151,14.000000,25032.000000
lexical/nested_retention,16396,6,224,0.050169708,4465,73205608,14.000000,25032.000000
lexical/nested_retention,1048588,0,32,0.456306500,70,73535696,20.000000,1573320.000000
lexical/nested_retention,1048588,1,32,0.453324667,71,74019391,20.000000,1573320.000000
lexical/nested_retention,1048588,2,32,0.454860334,70,73769493,20.000000,1573320.000000
lexical/nested_retention,1048588,3,32,0.453990417,70,73910846,20.000000,1573320.000000
lexical/nested_retention,1048588,4,32,0.454516500,70,73825298,20.000000,1573320.000000
lexical/nested_retention,1048588,5,32,0.455816042,70,73614820,20.000000,1573320.000000
lexical/nested_retention,1048588,6,32,0.455409375,70,73680556,20.000000,1573320.000000
compile/nested_fallback,0,0,18528,0.050000375,370557,0,113.000000,7921.000000
compile/nested_fallback,0,1,18496,0.050029917,369699,0,113.000000,7921.000000
compile/nested_fallback,0,2,18560,0.050061542,370744,0,113.000000,7921.000000
compile/nested_fallback,0,3,18624,0.050029375,372261,0,113.000000,7921.000000
compile/nested_fallback,0,4,18624,0.050036292,372210,0,113.000000,7921.000000
compile/nested_fallback,0,5,18656,0.050049000,372755,0,113.000000,7921.000000
compile/nested_fallback,0,6,18720,0.050054917,373989,0,113.000000,7921.000000
compile/navigation,0,0,32384,0.050043666,647115,0,48.000000,4154.000000
compile/navigation,0,1,33088,0.050043208,661189,0,48.000000,4154.000000
compile/navigation,0,2,32928,0.050011084,658414,0,48.000000,4154.000000
compile/navigation,0,3,33056,0.050032833,660686,0,48.000000,4154.000000
compile/navigation,0,4,33056,0.050036083,660643,0,48.000000,4154.000000
compile/navigation,0,5,33152,0.050028750,662659,0,48.000000,4154.000000
compile/navigation,0,6,33184,0.050024250,663358,0,48.000000,4154.000000
navigation/keep,100,0,96032,0.050010833,1920224,192022396,2.000000,144.000000
navigation/keep,100,1,96960,0.050007000,1938929,193892855,2.000000,144.000000
navigation/keep,100,2,96192,0.050008084,1923529,192352900,2.000000,144.000000
navigation/keep,100,3,96736,0.050005667,1934501,193450074,2.000000,144.000000
navigation/keep,100,4,96896,0.050002083,1937839,193783927,2.000000,144.000000
navigation/keep,100,5,96896,0.050008125,1937605,193760514,2.000000,144.000000
navigation/keep,100,6,95808,0.050006000,1915930,191593009,2.000000,144.000000
navigation/wildcard,100,0,56768,0.050004000,1135269,113526918,8.000000,1072.000000
navigation/wildcard,100,1,57824,0.050007292,1156311,115631136,8.000000,1072.000000
navigation/wildcard,100,2,57920,0.050024583,1157831,115783074,8.000000,1072.000000
navigation/wildcard,100,3,57600,0.050020250,1151534,115153363,8.000000,1072.000000
navigation/wildcard,100,4,57184,0.050013375,1143374,114337415,8.000000,1072.000000
navigation/wildcard,100,5,57344,0.050002875,1146814,114681406,8.000000,1072.000000
navigation/wildcard,100,6,57024,0.050025084,1139908,113990813,8.000000,1072.000000
navigation/descendants,100,0,40128,0.050000542,802551,80255130,8.000000,1072.000000
navigation/descendants,100,1,40256,0.050024750,804722,80472166,8.000000,1072.000000
navigation/descendants,100,2,40224,0.050023834,804097,80409670,8.000000,1072.000000
navigation/descendants,100,3,40320,0.050030667,805906,80590571,8.000000,1072.000000
navigation/descendants,100,4,40576,0.050025458,811107,81110702,8.000000,1072.000000
navigation/descendants,100,5,40224,0.050009291,804331,80433054,8.000000,1072.000000
navigation/descendants,100,6,40352,0.050019708,806722,80672202,8.000000,1072.000000
navigation/ordering,100,0,79232,0.050017917,1584072,158407236,6.000000,320.000000
navigation/ordering,100,1,79776,0.050014834,1595047,159504678,6.000000,320.000000
navigation/ordering,100,2,79776,0.050016208,1595003,159500296,6.000000,320.000000
navigation/ordering,100,3,80256,0.050008625,1604843,160484316,6.000000,320.000000
navigation/ordering,100,4,80000,0.050008542,1599727,159972670,6.000000,320.000000
navigation/ordering,100,5,79328,0.050011292,1586202,158620177,6.000000,320.000000
navigation/ordering,100,6,78624,0.050008500,1572213,157221272,6.000000,320.000000
navigation/grouping,100,0,66080,0.050018458,1321112,132111230,11.000000,824.000000
navigation/grouping,100,1,66752,0.050017583,1334571,133457068,11.000000,824.000000
navigation/grouping,100,2,67328,0.050007083,1346369,134636927,11.000000,824.000000
navigation/grouping,100,3,67424,0.050013667,1348112,134811151,11.000000,824.000000
navigation/grouping,100,4,66784,0.050009500,1335426,133542627,11.000000,824.000000
navigation/grouping,100,5,66720,0.050011083,1334104,133410428,11.000000,824.000000
navigation/grouping,100,6,67168,0.050020708,1342804,134280386,11.000000,824.000000
navigation/membership,100,0,83136,0.050016750,1662163,166216318,2.000000,32.000000
navigation/membership,100,1,83488,0.050015500,1669243,166924253,2.000000,32.000000
navigation/membership,100,2,84064,0.050006125,1681074,168107407,2.000000,32.000000
navigation/membership,100,3,83520,0.050013041,1669964,166996444,2.000000,32.000000
navigation/membership,100,4,83264,0.050007625,1665026,166502608,2.000000,32.000000
navigation/membership,100,5,83520,0.050008083,1670130,167013001,2.000000,32.000000
navigation/membership,100,6,82944,0.050009583,1658562,165856212,2.000000,32.000000
navigation/fallback,100,0,158400,0.050009542,3167396,316739553,0.000000,0.000000
navigation/fallback,100,1,160416,0.050009708,3207697,320769719,0.000000,0.000000
navigation/fallback,100,2,158208,0.050002750,3163986,316398598,0.000000,0.000000
navigation/fallback,100,3,161504,0.050004417,3229795,322979468,0.000000,0.000000
navigation/fallback,100,4,161568,0.050005208,3231023,323102346,0.000000,0.000000
navigation/fallback,100,5,162080,0.050004834,3241287,324128663,0.000000,0.000000
navigation/fallback,100,6,159968,0.050003083,3199163,319916274,0.000000,0.000000
navigation/mixed,100,0,57568,0.050023583,1150817,115081721,11.000000,968.000000
navigation/mixed,100,1,58112,0.050011250,1161979,116197855,11.000000,968.000000
navigation/mixed,100,2,57248,0.050020708,1144486,114448600,11.000000,968.000000
navigation/mixed,100,3,57632,0.050025625,1152050,115204957,11.000000,968.000000
navigation/mixed,100,4,57440,0.050016166,1148429,114842869,11.000000,968.000000
navigation/mixed,100,5,57472,0.050022333,1148927,114892682,11.000000,968.000000
navigation/mixed,100,6,57536,0.050023917,1150170,115016983,11.000000,968.000000
navigation/keep,500,0,53152,0.050005125,1062931,531465525,2.000000,144.000000
navigation/keep,500,1,53248,0.050004667,1064861,532430303,2.000000,144.000000
navigation/keep,500,2,53280,0.050005916,1065474,532736967,2.000000,144.000000
navigation/keep,500,3,53248,0.050029625,1064329,532164692,2.000000,144.000000
navigation/keep,500,4,53184,0.050024000,1063170,531584839,2.000000,144.000000
navigation/keep,500,5,52928,0.050018000,1058179,529089528,2.000000,144.000000
navigation/keep,500,6,53280,0.050026167,1065043,532521310,2.000000,144.000000
navigation/wildcard,500,0,38400,0.050001750,767973,383986560,8.000000,1072.000000
navigation/wildcard,500,1,38656,0.050012250,772931,386465316,8.000000,1072.000000
navigation/wildcard,500,2,38656,0.050003500,773066,386532943,8.000000,1072.000000
navigation/wildcard,500,3,38816,0.050022542,775970,387985081,8.000000,1072.000000
navigation/wildcard,500,4,38496,0.050026958,769505,384752557,8.000000,1072.000000
navigation/wildcard,500,5,38336,0.050037333,766148,383073974,8.000000,1072.000000
navigation/wildcard,500,6,38336,0.050008625,766588,383293882,8.000000,1072.000000
navigation/descendants,500,0,24352,0.050021875,486827,243413507,8.000000,1072.000000
navigation/descendants,500,1,24160,0.050053209,482686,241343167,8.000000,1072.000000
navigation/descendants,500,2,24256,0.050016583,484959,242479579,8.000000,1072.000000
navigation/descendants,500,3,24192,0.050037667,483476,241737889,8.000000,1072.000000
navigation/descendants,500,4,24096,0.050024417,481685,240842387,8.000000,1072.000000
navigation/descendants,500,5,24064,0.050027334,481017,240508519,8.000000,1072.000000
navigation/descendants,500,6,24288,0.050024750,485520,242759834,8.000000,1072.000000
navigation/ordering,500,0,46720,0.050005791,934292,467145895,6.000000,320.000000
navigation/ordering,500,1,46720,0.050017459,934074,467036920,6.000000,320.000000
navigation/ordering,500,2,47008,0.050019583,939792,469895961,6.000000,320.000000
navigation/ordering,500,3,47232,0.050013583,944383,472191724,6.000000,320.000000
navigation/ordering,500,4,47008,0.050009167,939988,469993831,6.000000,320.000000
navigation/ordering,500,5,47200,0.050020333,943616,471808135,6.000000,320.000000
navigation/ordering,500,6,46624,0.050007250,932345,466172405,6.000000,320.000000
navigation/grouping,500,0,42496,0.050011833,849719,424859453,11.000000,824.000000
navigation/grouping,500,1,42368,0.050034583,846774,423387160,11.000000,824.000000
navigation/grouping,500,2,42400,0.050023916,847595,423797289,11.000000,824.000000
navigation/grouping,500,3,42336,0.050002209,846683,423341297,11.000000,824.000000
navigation/grouping,500,4,42560,0.050022792,850812,425406083,11.000000,824.000000
navigation/grouping,500,5,42656,0.050006917,853002,426500998,11.000000,824.000000
navigation/grouping,500,6,42176,0.050020541,843174,421586804,11.000000,824.000000
navigation/membership,500,0,48896,0.050026333,977405,488702620,2.000000,32.000000
navigation/membership,500,1,49120,0.050010833,982187,491093600,2.000000,32.000000
navigation/membership,500,2,49056,0.050003250,981056,490528116,2.000000,32.000000
navigation/membership,500,3,49088,0.050023875,981291,490645717,2.000000,32.000000
navigation/membership,500,4,48992,0.050002083,979799,489899591,2.000000,32.000000
navigation/membership,500,5,49056,0.050028458,980562,490280952,2.000000,32.000000
navigation/membership,500,6,48992,0.050025333,979344,489671903,2.000000,32.000000
navigation/fallback,500,0,52704,0.050016167,1053739,526869642,0.000000,0.000000
navigation/fallback,500,1,52832,0.050004167,1056552,528275973,0.000000,0.000000
navigation/fallback,500,2,52832,0.050004208,1056551,528275540,0.000000,0.000000
navigation/fallback,500,3,52704,0.050005458,1053965,526982475,0.000000,0.000000
navigation/fallback,500,4,52640,0.050015083,1052483,526241254,0.000000,0.000000
navigation/fallback,500,5,52704,0.050012083,1053825,526912666,0.000000,0.000000
navigation/fallback,500,6,52704,0.050018208,1053696,526848143,0.000000,0.000000
navigation/mixed,500,0,38720,0.050008166,774274,387136773,11.000000,968.000000
navigation/mixed,500,1,38816,0.050017084,776055,388027419,11.000000,968.000000
navigation/mixed,500,2,38912,0.050038291,777644,388822232,11.000000,968.000000
navigation/mixed,500,3,39040,0.050020625,780478,390239026,11.000000,968.000000
navigation/mixed,500,4,38912,0.050010417,778078,389038948,11.000000,968.000000
navigation/mixed,500,5,38816,0.050032833,775811,387905278,11.000000,968.000000
navigation/mixed,500,6,39008,0.050035792,779602,389800965,11.000000,968.000000
navigation/keep,1024,0,33888,0.050043292,677174,693425844,2.000000,144.000000
navigation/keep,1024,1,33888,0.050033583,677305,693560403,2.000000,144.000000
navigation/keep,1024,2,33984,0.050034875,679206,695507204,2.000000,144.000000
navigation/keep,1024,3,33792,0.050040375,675295,691501772,2.000000,144.000000
navigation/keep,1024,4,33984,0.050016542,679455,695762134,2.000000,144.000000
navigation/keep,1024,5,33856,0.050008167,677009,693257643,2.000000,144.000000
navigation/keep,1024,6,34048,0.050029417,680560,696893030,2.000000,144.000000
navigation/wildcard,1024,0,27040,0.050057292,540181,553145384,8.000000,1072.000000
navigation/wildcard,1024,1,27168,0.050016250,543183,556219869,8.000000,1072.000000
navigation/wildcard,1024,2,27200,0.050001375,543985,557040681,8.000000,1072.000000
navigation/wildcard,1024,3,27232,0.050036000,544248,557310097,8.000000,1072.000000
navigation/wildcard,1024,4,27360,0.050015208,547034,560162421,8.000000,1072.000000
navigation/wildcard,1024,5,27328,0.050043500,546085,559190944,8.000000,1072.000000
navigation/wildcard,1024,6,27328,0.050039917,546124,559230984,8.000000,1072.000000
navigation/descendants,1024,0,16000,0.050100958,319355,327019695,8.000000,1072.000000
navigation/descendants,1024,1,16000,0.050096291,319385,327050160,8.000000,1072.000000
navigation/descendants,1024,2,15968,0.050075916,318876,326528865,8.000000,1072.000000
navigation/descendants,1024,3,15936,0.050023208,318572,326217863,8.000000,1072.000000
navigation/descendants,1024,4,15904,0.050007500,318032,325665070,8.000000,1072.000000
navigation/descendants,1024,5,15936,0.050042500,318449,326092102,8.000000,1072.000000
navigation/descendants,1024,6,16000,0.050099833,319362,327027038,8.000000,1072.000000
navigation/ordering,1024,0,31360,0.050002167,627173,642224966,6.000000,320.000000
navigation/ordering,1024,1,31392,0.050037583,627368,642425275,6.000000,320.000000
navigation/ordering,1024,2,31296,0.050029208,625555,640567886,6.000000,320.000000
navigation/ordering,1024,3,31328,0.050045042,625996,641019984,6.000000,320.000000
navigation/ordering,1024,4,31200,0.050035792,623554,638518923,6.000000,320.000000
navigation/ordering,1024,5,31296,0.050010167,625793,640811777,6.000000,320.000000
navigation/ordering,1024,6,31264,0.050029500,624911,639909174,6.000000,320.000000
navigation/grouping,1024,0,29152,0.050001542,583022,597014548,11.000000,824.000000
navigation/grouping,1024,1,29056,0.050016667,580926,594868587,11.000000,824.000000
navigation/grouping,1024,2,29248,0.050035583,584544,598573059,11.000000,824.000000
navigation/grouping,1024,3,29184,0.050003791,583636,597643007,11.000000,824.000000
navigation/grouping,1024,4,29344,0.050000750,586871,600956106,11.000000,824.000000
navigation/grouping,1024,5,29344,0.050008000,586786,600868981,11.000000,824.000000
navigation/grouping,1024,6,29376,0.050018250,587306,601400969,11.000000,824.000000
navigation/membership,1024,0,32032,0.050037791,640156,655519905,2.000000,32.000000
navigation/membership,1024,1,32192,0.050034416,643397,658838668,2.000000,32.000000
navigation/membership,1024,2,32192,0.050039292,643334,658774469,2.000000,32.000000
navigation/membership,1024,3,32096,0.050018833,641678,657078585,2.000000,32.000000
navigation/membership,1024,4,32128,0.050026833,642215,657628517,2.000000,32.000000
navigation/membership,1024,5,32160,0.050022084,642916,658346022,2.000000,32.000000
navigation/membership,1024,6,32192,0.050024750,643521,658965972,2.000000,32.000000
navigation/fallback,1024,0,28704,0.050034250,573687,587455513,0.000000,0.000000
navigation/fallback,1024,1,28672,0.050011750,573305,587064600,0.000000,0.000000
navigation/fallback,1024,2,28672,0.050008167,573346,587106662,0.000000,0.000000
navigation/fallback,1024,3,28544,0.050008542,570782,584481267,0.000000,0.000000
navigation/fallback,1024,4,28640,0.050005750,572734,586479755,0.000000,0.000000
navigation/fallback,1024,5,28672,0.050027416,573126,586880762,0.000000,0.000000
navigation/fallback,1024,6,28672,0.050030292,573093,586847025,0.000000,0.000000
navigation/mixed,1024,0,27424,0.050016625,548298,561456836,11.000000,968.000000
navigation/mixed,1024,1,27456,0.050010584,549004,562179878,11.000000,968.000000
navigation/mixed,1024,2,27424,0.050034583,548101,561255322,11.000000,968.000000
navigation/mixed,1024,3,27456,0.050046167,548613,561780166,11.000000,968.000000
navigation/mixed,1024,4,27424,0.050058000,547845,560992768,11.000000,968.000000
navigation/mixed,1024,5,27424,0.050014541,548321,561480230,11.000000,968.000000
navigation/mixed,1024,6,27456,0.050047959,548594,561760051,11.000000,968.000000
navigation/keep,10240,0,4640,0.050330959,92190,944023340,2.000000,144.000000
navigation/keep,10240,1,4640,0.050306583,92234,944480765,2.000000,144.000000
navigation/keep,10240,2,4640,0.050175125,92476,946955289,2.000000,144.000000
navigation/keep,10240,3,4640,0.050297667,92251,944648188,2.000000,144.000000
navigation/keep,10240,4,4640,0.050239792,92357,945736400,2.000000,144.000000
navigation/keep,10240,5,4640,0.050270250,92301,945163392,2.000000,144.000000
navigation/keep,10240,6,4640,0.050280792,92282,944965226,2.000000,144.000000
navigation/wildcard,10240,0,4480,0.050137833,89354,914981707,8.000000,1072.000000
navigation/wildcard,10240,1,4480,0.050104500,89413,915590416,8.000000,1072.000000
navigation/wildcard,10240,2,4480,0.050095459,89429,915755658,8.000000,1072.000000
navigation/wildcard,10240,3,4480,0.050146209,89339,914828876,8.000000,1072.000000
navigation/wildcard,10240,4,4480,0.050216291,89214,913552138,8.000000,1072.000000
navigation/wildcard,10240,5,4480,0.050062875,89487,916351688,8.000000,1072.000000
navigation/wildcard,10240,6,4480,0.050039250,89530,916784324,8.000000,1072.000000
navigation/descendants,10240,0,2336,0.050588917,46176,472843489,8.000000,1072.000000
navigation/descendants,10240,1,2336,0.050526125,46234,473431121,8.000000,1072.000000
navigation/descendants,10240,2,2336,0.050546083,46215,473244188,8.000000,1072.000000
navigation/descendants,10240,3,2336,0.050670333,46102,472083734,8.000000,1072.000000
navigation/descendants,10240,4,2336,0.050595333,46170,472783527,8.000000,1072.000000
navigation/descendants,10240,5,2336,0.050625916,46142,472497920,8.000000,1072.000000
navigation/descendants,10240,6,2336,0.050603500,46163,472707224,8.000000,1072.000000
navigation/ordering,10240,0,4576,0.050264042,91039,932241780,6.000000,320.000000
navigation/ordering,10240,1,4576,0.050127709,91287,934777211,6.000000,320.000000
navigation/ordering,10240,2,4576,0.050129750,91283,934739152,6.000000,320.000000
navigation/ordering,10240,3,4576,0.050118583,91303,934947423,6.000000,320.000000
navigation/ordering,10240,4,4576,0.050100416,91337,935286446,6.000000,320.000000
navigation/ordering,10240,5,4576,0.050242375,91078,932643809,6.000000,320.000000
navigation/ordering,10240,6,4576,0.050123959,91294,934847146,6.000000,320.000000
navigation/grouping,10240,0,4544,0.050257542,90414,925842334,11.000000,824.000000
navigation/grouping,10240,1,4544,0.050295250,90347,925148200,11.000000,824.000000
navigation/grouping,10240,2,4544,0.050342791,90261,924274540,11.000000,824.000000
navigation/grouping,10240,3,4512,0.050005125,90231,923962894,11.000000,824.000000
navigation/grouping,10240,4,4512,0.050073625,90107,922698926,11.000000,824.000000
navigation/grouping,10240,5,4544,0.050326208,90291,924579098,11.000000,824.000000
navigation/grouping,10240,6,4544,0.050349375,90249,924153676,11.000000,824.000000
navigation/membership,10240,0,4608,0.050292334,91624,938232853,2.000000,32.000000
navigation/membership,10240,1,4608,0.050267167,91670,938702593,2.000000,32.000000
navigation/membership,10240,2,4608,0.050276125,91654,938535339,2.000000,32.000000
navigation/membership,10240,3,4608,0.050277333,91652,938512789,2.000000,32.000000
navigation/membership,10240,4,4576,0.050141250,91262,934524768,2.000000,32.000000
navigation/membership,10240,5,4576,0.050469333,90669,928449758,2.000000,32.000000
navigation/membership,10240,6,4192,0.050215084,83481,854844333,2.000000,32.000000
navigation/fallback,10240,0,3200,0.050202958,63741,652710543,0.000000,0.000000
navigation/fallback,10240,1,3168,0.050113917,63216,647331559,0.000000,0.000000
navigation/fallback,10240,2,3200,0.050226042,63712,652410556,0.000000,0.000000
navigation/fallback,10240,3,3200,0.050229125,63708,652370512,0.000000,0.000000
navigation/fallback,10240,4,3200,0.050224625,63714,652428963,0.000000,0.000000
navigation/fallback,10240,5,3200,0.050262709,63665,651934618,0.000000,0.000000
navigation/fallback,10240,6,3200,0.050233292,63703,652316396,0.000000,0.000000
navigation/mixed,10240,0,4480,0.050111917,89400,915454901,11.000000,968.000000
navigation/mixed,10240,1,4480,0.050120458,89385,915298899,11.000000,968.000000
navigation/mixed,10240,2,4480,0.050069875,89475,916223578,11.000000,968.000000
navigation/mixed,10240,3,4480,0.050118375,89388,915336940,11.000000,968.000000
navigation/mixed,10240,4,4480,0.050070500,89474,916212141,11.000000,968.000000
navigation/mixed,10240,5,4480,0.050262084,89133,912719815,11.000000,968.000000
navigation/mixed,10240,6,4480,0.050085375,89447,915940032,11.000000,968.000000
navigation/keep,65536,0,768,0.051269250,14980,981712196,2.000000,144.000000
navigation/keep,65536,1,768,0.051338000,14960,980397522,2.000000,144.000000
navigation/keep,65536,2,768,0.051313459,14967,980866404,2.000000,144.000000
navigation/keep,65536,3,768,0.051289416,14974,981326206,2.000000,144.000000
navigation/keep,65536,4,768,0.051254334,14984,981997893,2.000000,144.000000
navigation/keep,65536,5,768,0.051117000,15024,984636188,2.000000,144.000000
navigation/keep,65536,6,768,0.051159708,15012,983814216,2.000000,144.000000
navigation/wildcard,65536,0,768,0.051539500,14901,976564538,8.000000,1072.000000
navigation/wildcard,65536,1,768,0.051752541,14840,972544479,8.000000,1072.000000
navigation/wildcard,65536,2,768,0.051565292,14894,976076078,8.000000,1072.000000
navigation/wildcard,65536,3,768,0.051538833,14901,976577176,8.000000,1072.000000
navigation/wildcard,65536,4,768,0.051577583,14890,975843478,8.000000,1072.000000
navigation/wildcard,65536,5,768,0.051560708,14895,976162856,8.000000,1072.000000
navigation/wildcard,65536,6,768,0.051563083,14894,976117894,8.000000,1072.000000
navigation/descendants,65536,0,384,0.050949125,7537,493940259,8.000000,1072.000000
navigation/descendants,65536,1,384,0.050910041,7543,494319460,8.000000,1072.000000
navigation/descendants,65536,2,384,0.050919250,7541,494230060,8.000000,1072.000000
navigation/descendants,65536,3,384,0.050885041,7546,494562321,8.000000,1072.000000
navigation/descendants,65536,4,384,0.051069750,7519,492773589,8.000000,1072.000000
navigation/descendants,65536,5,384,0.050877584,7548,494634808,8.000000,1072.000000
navigation/descendants,65536,6,384,0.050945417,7537,493976210,8.000000,1072.000000
navigation/ordering,65536,0,768,0.051445167,14929,978355226,6.000000,320.000000
navigation/ordering,65536,1,768,0.051347084,14957,980224077,6.000000,320.000000
navigation/ordering,65536,2,768,0.051439125,14930,978470143,6.000000,320.000000
navigation/ordering,65536,3,768,0.051405042,14940,979118897,6.000000,320.000000
navigation/ordering,65536,4,768,0.051383417,14946,979530964,6.000000,320.000000
navigation/ordering,65536,5,768,0.051372959,14949,979730367,6.000000,320.000000
navigation/ordering,65536,6,768,0.051413083,14938,978965762,6.000000,320.000000
navigation/grouping,65536,0,768,0.051527083,14905,976799870,11.000000,824.000000
navigation/grouping,65536,1,768,0.051694792,14856,973630922,11.000000,824.000000
navigation/grouping,65536,2,768,0.051502625,14912,977263741,11.000000,824.000000
navigation/grouping,65536,3,768,0.051514042,14909,977047152,11.000000,824.000000
navigation/grouping,65536,4,768,0.051451625,14927,978232427,11.000000,824.000000
navigation/grouping,65536,5,768,0.051535500,14902,976640335,11.000000,824.000000
navigation/grouping,65536,6,768,0.051452875,14926,978208662,11.000000,824.000000
navigation/membership,65536,0,768,0.051392417,14944,979359426,2.000000,32.000000
navigation/membership,65536,1,768,0.051354541,14955,980081742,2.000000,32.000000
navigation/membership,65536,2,768,0.051347584,14957,980214532,2.000000,32.000000
navigation/membership,65536,3,768,0.051343000,14958,980302047,2.000000,32.000000
navigation/membership,65536,4,768,0.051470292,14921,977877646,2.000000,32.000000
navigation/membership,65536,5,768,0.051310500,14968,980922969,2.000000,32.000000
navigation/membership,65536,6,768,0.051338875,14959,980380813,2.000000,32.000000
navigation/fallback,65536,0,512,0.050708000,10097,661718703,0.000000,0.000000
navigation/fallback,65536,1,512,0.050937208,10052,658741092,0.000000,0.000000
navigation/fallback,65536,2,512,0.050771416,10084,660892184,0.000000,0.000000
navigation/fallback,65536,3,512,0.050758250,10087,661063610,0.000000,0.000000
navigation/fallback,65536,4,512,0.050765042,10086,660975165,0.000000,0.000000
navigation/fallback,65536,5,512,0.050699458,10099,661830192,0.000000,0.000000
navigation/fallback,65536,6,512,0.050809458,10077,660397361,0.000000,0.000000
navigation/mixed,65536,0,768,0.051581792,14889,975763851,11.000000,968.000000
navigation/mixed,65536,1,768,0.051677709,14861,973952773,11.000000,968.000000
navigation/mixed,65536,2,768,0.051562375,14895,976131297,11.000000,968.000000
navigation/mixed,65536,3,768,0.051537542,14902,976601639,11.000000,968.000000
navigation/mixed,65536,4,768,0.051612500,14880,975183299,11.000000,968.000000
navigation/mixed,65536,5,768,0.051569750,14892,975991701,11.000000,968.000000
navigation/mixed,65536,6,768,0.051601625,14883,975388818,11.000000,968.000000
navigation/keep,1048576,0,64,0.067916041,942,988115076,2.000000,144.000000
navigation/keep,1048576,1,64,0.068051917,940,986142154,2.000000,144.000000
navigation/keep,1048576,2,64,0.068104042,940,985387387,2.000000,144.000000
navigation/keep,1048576,3,64,0.068008292,941,986774730,2.000000,144.000000
navigation/keep,1048576,4,64,0.067972000,942,987301595,2.000000,144.000000
navigation/keep,1048576,5,64,0.067997625,941,986929529,2.000000,144.000000
navigation/keep,1048576,6,64,0.067956083,942,987532845,2.000000,144.000000
navigation/wildcard,1048576,0,64,0.068006875,941,986795291,8.000000,1072.000000
navigation/wildcard,1048576,1,64,0.068193625,939,984092927,8.000000,1072.000000
navigation/wildcard,1048576,2,64,0.067998666,941,986914420,8.000000,1072.000000
navigation/wildcard,1048576,3,64,0.067990709,941,987029919,8.000000,1072.000000
navigation/wildcard,1048576,4,64,0.068019167,941,986616963,8.000000,1072.000000
navigation/wildcard,1048576,5,64,0.067920166,942,988055065,8.000000,1072.000000
navigation/wildcard,1048576,6,64,0.067957083,942,987518314,8.000000,1072.000000
navigation/descendants,1048576,0,32,0.067367958,475,498077024,8.000000,1072.000000
navigation/descendants,1048576,1,32,0.067636167,473,496101915,8.000000,1072.000000
navigation/descendants,1048576,2,32,0.067537875,474,496823923,8.000000,1072.000000
navigation/descendants,1048576,3,32,0.067378833,475,497996633,8.000000,1072.000000
navigation/descendants,1048576,4,32,0.067459208,474,497403290,8.000000,1072.000000
navigation/descendants,1048576,5,32,0.067309958,475,498506209,8.000000,1072.000000
navigation/descendants,1048576,6,32,0.069605500,460,482065814,8.000000,1072.000000
navigation/ordering,1048576,0,64,0.068416500,935,980887125,6.000000,320.000000
navigation/ordering,1048576,1,64,0.067874542,943,988719217,6.000000,320.000000
navigation/ordering,1048576,2,64,0.067979125,941,987198114,6.000000,320.000000
navigation/ordering,1048576,3,64,0.068057250,940,986064879,6.000000,320.000000
navigation/ordering,1048576,4,64,0.067938666,942,987786013,6.000000,320.000000
navigation/ordering,1048576,5,64,0.068047667,941,986203745,6.000000,320.000000
navigation/ordering,1048576,6,64,0.067944875,942,987695746,6.000000,320.000000
navigation/grouping,1048576,0,64,0.068038334,941,986339025,11.000000,824.000000
navigation/grouping,1048576,1,64,0.068145875,939,984782483,11.000000,824.000000
navigation/grouping,1048576,2,64,0.067956708,942,987523763,11.000000,824.000000
navigation/grouping,1048576,3,64,0.068009459,941,986757798,11.000000,824.000000
navigation/grouping,1048576,4,64,0.067990292,941,987035973,11.000000,824.000000
navigation/grouping,1048576,5,64,0.067869917,943,988786593,11.000000,824.000000
navigation/grouping,1048576,6,64,0.067942417,942,987731479,11.000000,824.000000
navigation/membership,1048576,0,64,0.068146916,939,984767440,2.000000,32.000000
navigation/membership,1048576,1,64,0.068016500,941,986655650,2.000000,32.000000
navigation/membership,1048576,2,64,0.068045916,941,986229122,2.000000,32.000000
navigation/membership,1048576,3,64,0.067844417,943,989158238,2.000000,32.000000
navigation/membership,1048576,4,64,0.068003375,941,986846079,2.000000,32.000000
navigation/membership,1048576,5,64,0.068114583,940,985234895,2.000000,32.000000
navigation/membership,1048576,6,64,0.068030875,941,986447168,2.000000,32.000000
navigation/fallback,1048576,0,32,0.050582167,633,663364857,0.000000,0.000000
navigation/fallback,1048576,1,32,0.050587625,633,663293286,0.000000,0.000000
navigation/fallback,1048576,2,32,0.050566958,633,663564377,0.000000,0.000000
navigation/fallback,1048576,3,32,0.050744458,631,661243283,0.000000,0.000000
navigation/fallback,1048576,4,32,0.050515833,633,664235944,0.000000,0.000000
navigation/fallback,1048576,5,32,0.050790500,630,660643861,0.000000,0.000000
navigation/fallback,1048576,6,32,0.050563083,633,663615231,0.000000,0.000000
navigation/mixed,1048576,0,64,0.068015083,941,986676205,11.000000,968.000000
navigation/mixed,1048576,1,64,0.067897500,943,988384904,11.000000,968.000000
navigation/mixed,1048576,2,64,0.068050917,940,986156645,11.000000,968.000000
navigation/mixed,1048576,3,64,0.067942750,942,987726637,11.000000,968.000000
navigation/mixed,1048576,4,64,0.068433583,935,980642267,11.000000,968.000000
navigation/mixed,1048576,5,64,0.069034166,927,972110882,11.000000,968.000000
navigation/mixed,1048576,6,64,0.068514625,934,979482322,11.000000,968.000000
navigation/wide_sort,250,0,18240,0.050014584,364694,91173407,7.000000,752.000000
navigation/wide_sort,250,1,18240,0.050033000,364559,91139848,7.000000,752.000000
navigation/wide_sort,250,2,18304,0.050008000,366021,91505359,7.000000,752.000000
navigation/wide_sort,250,3,18240,0.050045875,364466,91116401,7.000000,752.000000
navigation/wide_sort,250,4,18528,0.050052666,370170,92542523,7.000000,752.000000
navigation/wide_sort,250,5,18496,0.050052375,369533,92383229,7.000000,752.000000
navigation/wide_sort,250,6,18496,0.050056417,369503,92375769,7.000000,752.000000
navigation/wide_group,250,0,24480,0.050058084,489032,122257975,10.000000,1016.000000
navigation/wide_group,250,1,24480,0.050048750,489123,122280776,10.000000,1016.000000
navigation/wide_group,250,2,24512,0.050004250,490198,122549583,10.000000,1016.000000
navigation/wide_group,250,3,24384,0.050044000,487251,121812805,10.000000,1016.000000
navigation/wide_group,250,4,24224,0.050053208,483965,120991246,10.000000,1016.000000
navigation/wide_group,250,5,24224,0.050056291,483935,120983794,10.000000,1016.000000
navigation/wide_group,250,6,24224,0.050053583,483961,120990339,10.000000,1016.000000
navigation/wide_descendants,250,0,13408,0.050075708,267755,66938644,20.000000,2680.000000
navigation/wide_descendants,250,1,13504,0.050078167,269658,67414608,20.000000,2680.000000
navigation/wide_descendants,250,2,13568,0.050016584,271270,67817506,20.000000,2680.000000
navigation/wide_descendants,250,3,13536,0.050058666,270403,67600683,20.000000,2680.000000
navigation/wide_descendants,250,4,13728,0.050042166,274329,68582163,20.000000,2680.000000
navigation/wide_descendants,250,5,13408,0.050071625,267776,66944103,20.000000,2680.000000
navigation/wide_descendants,250,6,13664,0.050011334,273218,68304517,20.000000,2680.000000
navigation/range,250,0,54208,0.050018833,1083752,270937949,4.000000,360.000000
navigation/range,250,1,54048,0.050011125,1080720,270179885,4.000000,360.000000
navigation/range,250,2,53888,0.050025041,1077221,269305127,4.000000,360.000000
navigation/range,250,3,53472,0.050003000,1069376,267343959,4.000000,360.000000
navigation/range,250,4,52032,0.050004208,1040552,260138107,4.000000,360.000000
navigation/range,250,5,52704,0.050018792,1053684,263420996,4.000000,360.000000
navigation/range,250,6,53056,0.050010458,1060898,265224526,4.000000,360.000000
navigation/wide_sort,4144,0,704,0.050506708,13939,57762149,11.000000,11312.000000
navigation/wide_sort,4144,1,736,0.052199000,14100,58429932,11.000000,11312.000000
navigation/wide_sort,4144,2,704,0.050481750,13946,57790707,11.000000,11312.000000
navigation/wide_sort,4144,3,704,0.050978125,13810,57227997,11.000000,11312.000000
navigation/wide_sort,4144,4,704,0.050893250,13833,57323437,11.000000,11312.000000
navigation/wide_sort,4144,5,704,0.050605125,13912,57649813,11.000000,11312.000000
navigation/wide_sort,4144,6,704,0.050114792,14048,58213870,11.000000,11312.000000
navigation/wide_group,4144,0,1728,0.050177208,34438,142710850,18.000000,9656.000000
navigation/wide_group,4144,1,1792,0.050417250,35543,147291810,18.000000,9656.000000
navigation/wide_group,4144,2,1760,0.050234542,35036,145187748,18.000000,9656.000000
navigation/wide_group,4144,3,1792,0.050052250,35803,148365918,18.000000,9656.000000
navigation/wide_group,4144,4,1760,0.050041375,35171,145748193,18.000000,9656.000000
navigation/wide_group,4144,5,1792,0.050780209,35289,146239020,18.000000,9656.000000
navigation/wide_group,4144,6,1728,0.050753250,34047,141091103,18.000000,9656.000000
navigation/wide_descendants,4144,0,928,0.051028167,18186,75362927,260.000000,34840.000000
navigation/wide_descendants,4144,1,928,0.051147542,18144,75187034,260.000000,34840.000000
navigation/wide_descendants,4144,2,928,0.051198084,18126,75112811,260.000000,34840.000000
navigation/wide_descendants,4144,3,928,0.051705000,17948,74376405,260.000000,34840.000000
navigation/wide_descendants,4144,4,928,0.050714125,18299,75829604,260.000000,34840.000000
navigation/wide_descendants,4144,5,928,0.050295958,18451,76460061,260.000000,34840.000000
navigation/wide_descendants,4144,6,960,0.051709750,18565,76934040,260.000000,34840.000000
navigation/range,4144,0,4000,0.050058917,79906,331129816,8.000000,6120.000000
navigation/range,4144,1,4032,0.050267000,80212,332397159,8.000000,6120.000000
navigation/range,4144,2,4000,0.050060208,79904,331121277,8.000000,6120.000000
navigation/range,4144,3,3968,0.050142875,79134,327930778,8.000000,6120.000000
navigation/range,4144,4,4000,0.050063708,79898,331098128,8.000000,6120.000000
navigation/range,4144,5,4032,0.050378708,80034,331660113,8.000000,6120.000000
navigation/range,4144,6,4000,0.050130125,79792,330659459,8.000000,6120.000000
navigation/wide_sort,34657,0,96,0.071565375,1341,46489968,14.000000,90160.000000
navigation/wide_sort,34657,1,96,0.073180500,1312,45463915,14.000000,90160.000000
navigation/wide_sort,34657,2,96,0.072388958,1326,45961043,14.000000,90160.000000
navigation/wide_sort,34657,3,96,0.071830084,1336,46318643,14.000000,90160.000000
navigation/wide_sort,34657,4,96,0.071830542,1336,46318347,14.000000,90160.000000
navigation/wide_sort,34657,5,96,0.072000500,1333,46209012,14.000000,90160.000000
navigation/wide_sort,34657,6,96,0.071748542,1338,46371284,14.000000,90160.000000
navigation/wide_group,34657,0,256,0.057073125,4485,155453061,24.000000,74168.000000
navigation/wide_group,34657,1,256,0.056148250,4559,158013687,24.000000,74168.000000
navigation/wide_group,34657,2,256,0.055127250,4644,160940225,24.000000,74168.000000
navigation/wide_group,34657,3,256,0.056683750,4516,156520908,24.000000,74168.000000
navigation/wide_group,34657,4,256,0.056595375,4523,156765319,24.000000,74168.000000
navigation/wide_group,34657,5,256,0.054929333,4661,161520112,24.000000,74168.000000
navigation/wide_group,34657,6,256,0.056430667,4537,157222880,24.000000,74168.000000
navigation/wide_descendants,34657,0,128,0.054114709,2365,81975790,2052.000000,274968.000000
navigation/wide_descendants,34657,1,128,0.054339000,2356,81637424,2052.000000,274968.000000
navigation/wide_descendants,34657,2,128,0.053951833,2372,82223268,2052.000000,274968.000000
navigation/wide_descendants,34657,3,128,0.055005250,2327,80648593,2052.000000,274968.000000
navigation/wide_descendants,34657,4,128,0.053947375,2373,82230062,2052.000000,274968.000000
navigation/wide_descendants,34657,5,128,0.054422250,2352,81512543,2052.000000,274968.000000
navigation/wide_descendants,34657,6,128,0.055325916,2314,80181158,2052.000000,274968.000000
navigation/range,34657,0,544,0.052647042,10333,358109540,11.000000,49128.000000
navigation/range,34657,1,544,0.052652625,10332,358071568,11.000000,49128.000000
navigation/range,34657,2,544,0.052638708,10335,358166238,11.000000,49128.000000
navigation/range,34657,3,544,0.052728291,10317,357557729,11.000000,49128.000000
navigation/range,34657,4,544,0.052758500,10311,357352995,11.000000,49128.000000
navigation/range,34657,5,512,0.050007583,10238,354833866,11.000000,49128.000000
navigation/range,34657,6,544,0.052762458,10310,357326188,11.000000,49128.000000
navigation/wide_sort,600386,0,32,0.522153792,61,36794432,18.000000,1441840.000000
navigation/wide_sort,600386,1,32,0.521336500,61,36852114,18.000000,1441840.000000
navigation/wide_sort,600386,2,32,0.523314875,61,36712796,18.000000,1441840.000000
navigation/wide_sort,600386,3,32,0.520505125,61,36910976,18.000000,1441840.000000
navigation/wide_sort,600386,4,32,0.525109916,61,36587296,18.000000,1441840.000000
navigation/wide_sort,600386,5,32,0.525222334,61,36579465,18.000000,1441840.000000
navigation/wide_sort,600386,6,32,0.522957917,61,36737855,18.000000,1441840.000000
navigation/wide_group,600386,0,32,0.116340917,275,165138392,32.000000,1180088.000000
navigation/wide_group,600386,1,32,0.116884333,274,164370635,32.000000,1180088.000000
navigation/wide_group,600386,2,32,0.116517166,275,164888597,32.000000,1180088.000000
navigation/wide_group,600386,3,32,0.116443041,275,164993561,32.000000,1180088.000000
navigation/wide_group,600386,4,32,0.115239250,278,166717086,32.000000,1180088.000000
navigation/wide_group,600386,5,32,0.114801834,279,167352309,32.000000,1180088.000000
navigation/wide_group,600386,6,32,0.115316041,277,166606067,32.000000,1180088.000000
navigation/wide_descendants,600386,0,32,0.226770917,141,84721411,32772.000000,4391448.000000
navigation/wide_descendants,600386,1,32,0.224992917,142,85390919,32772.000000,4391448.000000
navigation/wide_descendants,600386,2,32,0.222764000,144,86245318,32772.000000,4391448.000000
navigation/wide_descendants,600386,3,32,0.221363375,145,86791015,32772.000000,4391448.000000
navigation/wide_descendants,600386,4,32,0.222765917,144,86244576,32772.000000,4391448.000000
navigation/wide_descendants,600386,5,32,0.222960792,144,86169195,32772.000000,4391448.000000
navigation/wide_descendants,600386,6,32,0.222272791,144,86435915,32772.000000,4391448.000000
navigation/range,600386,0,32,0.053020792,604,362355055,15.000000,786408.000000
navigation/range,600386,1,32,0.052519500,609,365813688,15.000000,786408.000000
navigation/range,600386,2,32,0.051992500,615,369521604,15.000000,786408.000000
navigation/range,600386,3,32,0.051807583,618,370840539,15.000000,786408.000000
navigation/range,600386,4,32,0.051183292,625,375363742,15.000000,786408.000000
navigation/range,600386,5,32,0.051231792,625,375008393,15.000000,786408.000000
navigation/range,600386,6,32,0.051463167,622,373322380,15.000000,786408.000000
navigation/distinct_groups,194,0,27136,0.050045875,542223,105191167,5.000000,1464.000000
navigation/distinct_groups,194,1,27680,0.050055459,552987,107279408,5.000000,1464.000000
navigation/distinct_groups,194,2,28096,0.050013375,561770,108983327,5.000000,1464.000000
navigation/distinct_groups,194,3,27872,0.050048375,556901,108038832,5.000000,1464.000000
navigation/distinct_groups,194,4,28000,0.050041834,559532,108549179,5.000000,1464.000000
navigation/distinct_groups,194,5,27872,0.050039084,557005,108058893,5.000000,1464.000000
navigation/distinct_groups,194,6,27648,0.050006167,552892,107261010,5.000000,1464.000000
navigation/distinct_groups,3246,0,640,0.050414750,12695,41206988,10.000000,36664.000000
navigation/distinct_groups,3246,1,640,0.051411375,12449,40408178,10.000000,36664.000000
navigation/distinct_groups,3246,2,544,0.051337000,10597,34396712,10.000000,36664.000000
navigation/distinct_groups,3246,3,640,0.050417750,12694,41204536,10.000000,36664.000000
navigation/distinct_groups,3246,4,640,0.050171709,12756,41406602,10.000000,36664.000000
navigation/distinct_groups,3246,5,640,0.050143667,12763,41429758,10.000000,36664.000000
navigation/distinct_groups,3246,6,640,0.050043041,12789,41513065,10.000000,36664.000000
navigation/distinct_groups,27486,0,32,0.114684417,279,7669324,13.000000,294712.000000
navigation/distinct_groups,27486,1,32,0.132134542,242,6656488,13.000000,294712.000000
navigation/distinct_groups,27486,2,32,0.140140000,228,6276238,13.000000,294712.000000
navigation/distinct_groups,27486,3,32,0.138187958,232,6364896,13.000000,294712.000000
navigation/distinct_groups,27486,4,32,0.140030459,229,6281148,13.000000,294712.000000
navigation/distinct_groups,27486,5,32,0.140195916,228,6273735,13.000000,294712.000000
navigation/distinct_groups,27486,6,32,0.133552167,240,6585831,13.000000,294712.000000
navigation/deep_descendants,24,0,64256,0.050007708,1284922,30838126,4.000000,536.000000
navigation/deep_descendants,24,1,64480,0.050014958,1289214,30941144,4.000000,536.000000
navigation/deep_descendants,24,2,64320,0.050012375,1286082,30865961,4.000000,536.000000
navigation/deep_descendants,24,3,64160,0.050000083,1283198,30796749,4.000000,536.000000
navigation/deep_descendants,24,4,64608,0.050017875,1291698,31000757,4.000000,536.000000
navigation/deep_descendants,24,5,64320,0.050018541,1285923,30862156,4.000000,536.000000
navigation/deep_descendants,24,6,64544,0.050005750,1290732,30977558,4.000000,536.000000
navigation/deep_descendants,72,0,9312,0.050116458,185807,13378120,4.000000,536.000000
navigation/deep_descendants,72,1,9280,0.050063333,185365,13346295,4.000000,536.000000
navigation/deep_descendants,72,2,9312,0.050003708,186226,13408286,4.000000,536.000000
navigation/deep_descendants,72,3,9248,0.050070542,184699,13298358,4.000000,536.000000
navigation/deep_descendants,72,4,9312,0.050138666,185725,13372195,4.000000,536.000000
navigation/deep_descendants,72,5,9312,0.050001958,186233,13408755,4.000000,536.000000
navigation/deep_descendants,72,6,9312,0.050054208,186038,13394758,4.000000,536.000000
navigation/deep_descendants,136,0,1952,0.050800167,38425,5225810,4.000000,536.000000
navigation/deep_descendants,136,1,1952,0.050783709,38438,5227503,4.000000,536.000000
navigation/deep_descendants,136,2,1952,0.050805500,38421,5225261,4.000000,536.000000
navigation/deep_descendants,136,3,1952,0.050674250,38521,5238795,4.000000,536.000000
navigation/deep_descendants,136,4,1952,0.050690167,38508,5237150,4.000000,536.000000
navigation/deep_descendants,136,5,1952,0.050639792,38547,5242360,4.000000,536.000000
navigation/deep_descendants,136,6,1952,0.050656750,38534,5240605,4.000000,536.000000
compiler/lookup_8_hit,501,0,127200,0.050002875,2543854,1274470718,0.000000,0.000000
compiler/lookup_8_hit,501,1,128160,0.050002334,2563080,1284103258,0.000000,0.000000
compiler/lookup_8_hit,501,2,127808,0.050009708,2555664,1280387560,0.000000,0.000000
compiler/lookup_8_hit,501,3,128640,0.050002708,2572661,1288902993,0.000000,0.000000
compiler/lookup_8_hit,501,4,128480,0.050000375,2569581,1287359945,0.000000,0.000000
compiler/lookup_8_hit,501,5,129312,0.050010292,2585708,1295439587,0.000000,0.000000
compiler/lookup_8_hit,501,6,129216,0.050004750,2584075,1294621331,0.000000,0.000000
rust/lookup_8_hit,501,0,166976,0.050005417,3339158,1672918276,0.000000,0.000000
rust/lookup_8_hit,501,1,166784,0.050007792,3335160,1670915285,0.000000,0.000000
rust/lookup_8_hit,501,2,167200,0.050006667,3343554,1675120639,0.000000,0.000000
rust/lookup_8_hit,501,3,166880,0.050003125,3337391,1672033098,0.000000,0.000000
rust/lookup_8_hit,501,4,167264,0.050003917,3345018,1675853994,0.000000,0.000000
rust/lookup_8_hit,501,5,166784,0.050005667,3335302,1670986290,0.000000,0.000000
rust/lookup_8_hit,501,6,167040,0.050001459,3340703,1673691962,0.000000,0.000000
compiler/lookup_8_miss,501,0,161824,0.050008250,3235946,1621208981,0.000000,0.000000
compiler/lookup_8_miss,501,1,162432,0.050002792,3248459,1627477762,0.000000,0.000000
compiler/lookup_8_miss,501,2,162944,0.050000084,3258875,1632696137,0.000000,0.000000
compiler/lookup_8_miss,501,3,163296,0.050007792,3265411,1635970970,0.000000,0.000000
compiler/lookup_8_miss,501,4,162976,0.050009208,3258920,1632718838,0.000000,0.000000
compiler/lookup_8_miss,501,5,163296,0.050000000,3265920,1636225920,0.000000,0.000000
compiler/lookup_8_miss,501,6,163200,0.050008959,3263415,1634971046,0.000000,0.000000
rust/lookup_8_miss,501,0,169536,0.050002000,3390584,1698682773,0.000000,0.000000
rust/lookup_8_miss,501,1,169056,0.050007958,3380582,1693671555,0.000000,0.000000
rust/lookup_8_miss,501,2,168480,0.050000167,3369589,1688163962,0.000000,0.000000
rust/lookup_8_miss,501,3,169152,0.050003375,3382812,1694788642,0.000000,0.000000
rust/lookup_8_miss,501,4,168512,0.050000583,3370201,1688470552,0.000000,0.000000
rust/lookup_8_miss,501,5,169184,0.050008125,3383130,1694948251,0.000000,0.000000
rust/lookup_8_miss,501,6,169376,0.050007042,3387043,1696908527,0.000000,0.000000
compiler/varying_lookup_8,501,0,125824,0.050009833,2515985,1260508588,0.000000,0.000000
compiler/varying_lookup_8,501,1,125376,0.050001167,2507461,1256238199,0.000000,0.000000
compiler/varying_lookup_8,501,2,125504,0.050005542,2509802,1257410709,0.000000,0.000000
compiler/varying_lookup_8,501,3,125696,0.050007125,2513562,1259294471,0.000000,0.000000
compiler/varying_lookup_8,501,4,125664,0.050005084,2513024,1259025262,0.000000,0.000000
compiler/varying_lookup_8,501,5,125888,0.050011125,2517200,1261117161,0.000000,0.000000
compiler/varying_lookup_8,501,6,128672,0.050009291,2572962,1289053908,0.000000,0.000000
rust/varying_lookup_8,501,0,165824,0.050004958,3316151,1661391736,0.000000,0.000000
rust/varying_lookup_8,501,1,165280,0.050003291,3305382,1655996602,0.000000,0.000000
rust/varying_lookup_8,501,2,165728,0.050003584,3314322,1660475537,0.000000,0.000000
rust/varying_lookup_8,501,3,165312,0.050004875,3305918,1656264754,0.000000,0.000000
rust/varying_lookup_8,501,4,165472,0.050003166,3309230,1657924460,0.000000,0.000000
rust/varying_lookup_8,501,5,165632,0.050007834,3312121,1659372649,0.000000,0.000000
rust/varying_lookup_8,501,6,165888,0.050006458,3317332,1661983098,0.000000,0.000000
compiler/bound_lookup_8,16,0,167232,0.050009500,3344005,53504074,6.000000,520.000000
compiler/bound_lookup_8,16,1,168416,0.050008000,3367781,53884498,6.000000,520.000000
compiler/bound_lookup_8,16,2,172672,0.050001375,3453345,55253521,6.000000,520.000000
compiler/bound_lookup_8,16,3,175680,0.050002833,3513401,56214415,6.000000,520.000000
compiler/bound_lookup_8,16,4,176896,0.050002875,3537717,56603465,6.000000,520.000000
compiler/bound_lookup_8,16,5,175424,0.050004000,3508199,56131190,6.000000,520.000000
compiler/bound_lookup_8,16,6,168128,0.050002708,3362378,53798046,6.000000,520.000000
compile/lookup_8,0,0,16288,0.050001708,325749,0,60.000000,5769.000000
compile/lookup_8,0,1,16352,0.050039916,326779,0,60.000000,5769.000000
compile/lookup_8,0,2,16384,0.050066041,327248,0,60.000000,5769.000000
compile/lookup_8,0,3,16384,0.050021750,327538,0,60.000000,5769.000000
compile/lookup_8,0,4,15776,0.050053292,315184,0,60.000000,5769.000000
compile/lookup_8,0,5,15840,0.050017500,316689,0,60.000000,5769.000000
compile/lookup_8,0,6,15936,0.050099541,318087,0,60.000000,5769.000000
compiler/lookup_128_hit,501,0,109984,0.050004333,2199489,1101944186,0.000000,0.000000
compiler/lookup_128_hit,501,1,110304,0.050010375,2205622,1105016789,0.000000,0.000000
compiler/lookup_128_hit,501,2,110208,0.050006250,2203885,1104146142,0.000000,0.000000
compiler/lookup_128_hit,501,3,110304,0.050006375,2205799,1105105179,0.000000,0.000000
compiler/lookup_128_hit,501,4,110176,0.050009417,2203105,1103755639,0.000000,0.000000
compiler/lookup_128_hit,501,5,110208,0.050001917,2204075,1104241823,0.000000,0.000000
compiler/lookup_128_hit,501,6,109984,0.050002916,2199552,1101975413,0.000000,0.000000
rust/lookup_128_hit,501,0,166848,0.050000833,3336904,1671789108,0.000000,0.000000
rust/lookup_128_hit,501,1,166816,0.050005750,3335936,1671304120,0.000000,0.000000
rust/lookup_128_hit,501,2,167232,0.050007584,3344133,1675410514,0.000000,0.000000
rust/lookup_128_hit,501,3,166144,0.050007167,3322404,1664524287,0.000000,0.000000
rust/lookup_128_hit,501,4,166976,0.050008250,3338969,1672823504,0.000000,0.000000
rust/lookup_128_hit,501,5,166752,0.050003208,3334826,1670747845,0.000000,0.000000
rust/lookup_128_hit,501,6,167392,0.050005709,3347458,1677076351,0.000000,0.000000
compiler/lookup_128_miss,501,0,156416,0.050007625,3127843,1567049345,0.000000,0.000000
compiler/lookup_128_miss,501,1,156640,0.050006208,3132411,1569337951,0.000000,0.000000
compiler/lookup_128_miss,501,2,156256,0.050006375,3124722,1565485521,0.000000,0.000000
compiler/lookup_128_miss,501,3,156192,0.050006375,3123442,1564844322,0.000000,0.000000
compiler/lookup_128_miss,501,4,155968,0.050000459,3119331,1562785014,0.000000,0.000000
compiler/lookup_128_miss,501,5,156352,0.050006125,3126657,1566455149,0.000000,0.000000
compiler/lookup_128_miss,501,6,156288,0.050004333,3125489,1565870062,0.000000,0.000000
rust/lookup_128_miss,501,0,169472,0.050007666,3388920,1697849126,0.000000,0.000000
rust/lookup_128_miss,501,1,169312,0.050002666,3386059,1696415787,0.000000,0.000000
rust/lookup_128_miss,501,2,169056,0.050004208,3380835,1693798570,0.000000,0.000000
rust/lookup_128_miss,501,3,168768,0.050001917,3375231,1690990527,0.000000,0.000000
rust/lookup_128_miss,501,4,168960,0.050001959,3379068,1692912872,0.000000,0.000000
rust/lookup_128_miss,501,5,168928,0.050002875,3378366,1692561238,0.000000,0.000000
rust/lookup_128_miss,501,6,169024,0.050001125,3380404,1693582374,0.000000,0.000000
compiler/varying_lookup_128,501,0,101152,0.050012625,2022529,1013287185,0.000000,0.000000
compiler/varying_lookup_128,501,1,101568,0.050000833,2031326,1017694405,0.000000,0.000000
compiler/varying_lookup_128,501,2,101664,0.050001666,2033212,1018639339,0.000000,0.000000
compiler/varying_lookup_128,501,3,101280,0.050011042,2025153,1014601535,0.000000,0.000000
compiler/varying_lookup_128,501,4,101408,0.050010584,2027731,1015893116,0.000000,0.000000
compiler/varying_lookup_128,501,5,101376,0.050015625,2026887,1015470186,0.000000,0.000000
compiler/varying_lookup_128,501,6,101536,0.050014375,2030136,1017098304,0.000000,0.000000
rust/varying_lookup_128,501,0,164928,0.050005458,3298200,1652398184,0.000000,0.000000
rust/varying_lookup_128,501,1,164960,0.050004333,3298914,1652755972,0.000000,0.000000
rust/varying_lookup_128,501,2,164832,0.050001916,3296514,1651553352,0.000000,0.000000
rust/varying_lookup_128,501,3,164928,0.050007833,3298043,1652319708,0.000000,0.000000
rust/varying_lookup_128,501,4,164864,0.050005750,3296901,1651747329,0.000000,0.000000
rust/varying_lookup_128,501,5,164832,0.050001583,3296536,1651564351,0.000000,0.000000
rust/varying_lookup_128,501,6,164544,0.050000750,3290831,1648706149,0.000000,0.000000
compiler/bound_lookup_128,16,0,135296,0.050005167,2705640,43290246,6.000000,520.000000
compiler/bound_lookup_128,16,1,137984,0.050004209,2759448,44151163,6.000000,520.000000
compiler/bound_lookup_128,16,2,140192,0.050005459,2803534,44856543,6.000000,520.000000
compiler/bound_lookup_128,16,3,140128,0.050004167,2802326,44837223,6.000000,520.000000
compiler/bound_lookup_128,16,4,139712,0.050005083,2793956,44703295,6.000000,520.000000
compiler/bound_lookup_128,16,5,141472,0.050007000,2829044,45264703,6.000000,520.000000
compiler/bound_lookup_128,16,6,141664,0.050008250,2832813,45325001,6.000000,520.000000
compile/lookup_128,0,0,352,0.051946458,6776,0,669.000000,99649.000000
compile/lookup_128,0,1,352,0.051848292,6789,0,669.000000,99649.000000
compile/lookup_128,0,2,352,0.053335292,6600,0,669.000000,99649.000000
compile/lookup_128,0,3,352,0.051864500,6787,0,669.000000,99649.000000
compile/lookup_128,0,4,352,0.051969625,6773,0,669.000000,99649.000000
compile/lookup_128,0,5,352,0.051885917,6784,0,669.000000,99649.000000
compile/lookup_128,0,6,352,0.055046208,6395,0,669.000000,99649.000000
compiler/lookup_1024_hit,501,0,101920,0.050005708,2038167,1021121829,0.000000,0.000000
compiler/lookup_1024_hit,501,1,101824,0.050013500,2035930,1020001080,0.000000,0.000000
compiler/lookup_1024_hit,501,2,102272,0.050012250,2044939,1024514434,0.000000,0.000000
compiler/lookup_1024_hit,501,3,102368,0.050009417,2046974,1025534211,0.000000,0.000000
compiler/lookup_1024_hit,501,4,102592,0.050002875,2051722,1027912735,0.000000,0.000000
compiler/lookup_1024_hit,501,5,102432,0.050007750,2048323,1026209578,0.000000,0.000000
compiler/lookup_1024_hit,501,6,102176,0.050002625,2043413,1023749773,0.000000,0.000000
rust/lookup_1024_hit,501,0,166560,0.050006875,3330742,1668701754,0.000000,0.000000
rust/lookup_1024_hit,501,1,166624,0.050001084,3332408,1669536284,0.000000,0.000000
rust/lookup_1024_hit,501,2,166816,0.050002292,3336167,1671419702,0.000000,0.000000
rust/lookup_1024_hit,501,3,167296,0.050004709,3345605,1676148060,0.000000,0.000000
rust/lookup_1024_hit,501,4,166784,0.050006958,3335216,1670943152,0.000000,0.000000
rust/lookup_1024_hit,501,5,167008,0.050004917,3339832,1673255612,0.000000,0.000000
rust/lookup_1024_hit,501,6,164864,0.050006084,3296879,1651736297,0.000000,0.000000
compiler/lookup_1024_miss,501,0,151584,0.050002875,3031506,1518784350,0.000000,0.000000
compiler/lookup_1024_miss,501,1,151904,0.050008125,3037586,1521830782,0.000000,0.000000
compiler/lookup_1024_miss,501,2,151584,0.050006834,3031266,1518664109,0.000000,0.000000
compiler/lookup_1024_miss,501,3,151392,0.050008917,3027300,1516677356,0.000000,0.000000
compiler/lookup_1024_miss,501,4,151744,0.050000875,3034827,1520448272,0.000000,0.000000
compiler/lookup_1024_miss,501,5,151648,0.050002292,3032821,1519443309,0.000000,0.000000
compiler/lookup_1024_miss,501,6,151296,0.050000208,3025907,1515979614,0.000000,0.000000
rust/lookup_1024_miss,501,0,169120,0.050001500,3382299,1694531564,0.000000,0.000000
rust/lookup_1024_miss,501,1,169376,0.050008334,3386955,1696864687,0.000000,0.000000
rust/lookup_1024_miss,501,2,169152,0.050007750,3382516,1694640371,0.000000,0.000000
rust/lookup_1024_miss,501,3,169312,0.050004250,3385952,1696362049,0.000000,0.000000
rust/lookup_1024_miss,501,4,169088,0.050002417,3381597,1694179863,0.000000,0.000000
rust/lookup_1024_miss,501,5,169024,0.050000500,3380446,1693603544,0.000000,0.000000
rust/lookup_1024_miss,501,6,168672,0.050003333,3373215,1689980786,0.000000,0.000000
compiler/varying_lookup_1024,501,0,90048,0.050006417,1800729,902165176,0.000000,0.000000
compiler/varying_lookup_1024,501,1,90176,0.050000083,1803517,903562020,0.000000,0.000000
compiler/varying_lookup_1024,501,2,89856,0.050001375,1797071,900332361,0.000000,0.000000
compiler/varying_lookup_1024,501,3,90176,0.050004709,1803350,903478430,0.000000,0.000000
compiler/varying_lookup_1024,501,4,89792,0.050007750,1795562,899576406,0.000000,0.000000
compiler/varying_lookup_1024,501,5,90176,0.050014083,1803012,903309094,0.000000,0.000000
compiler/varying_lookup_1024,501,6,89888,0.050002417,1797673,900634223,0.000000,0.000000
rust/varying_lookup_1024,501,0,163968,0.050005500,3278999,1642778654,0.000000,0.000000
rust/varying_lookup_1024,501,1,163872,0.050009458,3276820,1641686899,0.000000,0.000000
rust/varying_lookup_1024,501,2,163936,0.050002250,3278572,1642564805,0.000000,0.000000
rust/varying_lookup_1024,501,3,163840,0.050007500,3276309,1641430585,0.000000,0.000000
rust/varying_lookup_1024,501,4,163744,0.050004333,3274596,1640572708,0.000000,0.000000
rust/varying_lookup_1024,501,5,163968,0.050000875,3279303,1642930609,0.000000,0.000000
rust/varying_lookup_1024,501,6,163808,0.050008292,3275617,1641084003,0.000000,0.000000
compiler/bound_lookup_1024,16,0,122560,0.050006292,2450892,39214265,6.000000,520.000000
compiler/bound_lookup_1024,16,1,124800,0.050009291,2495536,39928580,6.000000,520.000000
compiler/bound_lookup_1024,16,2,125152,0.050009791,2502550,40040799,6.000000,520.000000
compiler/bound_lookup_1024,16,3,124224,0.050003708,2484296,39748732,6.000000,520.000000
compiler/bound_lookup_1024,16,4,125344,0.050005917,2506583,40105334,6.000000,520.000000
compiler/bound_lookup_1024,16,5,125568,0.050008125,2510952,40175232,6.000000,520.000000
compiler/bound_lookup_1024,16,6,125152,0.050001959,2502942,40047071,6.000000,520.000000
compile/lookup_1024,0,0,32,0.248000166,129,0,5156.000000,804033.000000
compile/lookup_1024,0,1,32,0.248998958,129,0,5156.000000,804033.000000
compile/lookup_1024,0,2,32,0.215065584,149,0,5156.000000,804033.000000
compile/lookup_1024,0,3,32,0.217206042,147,0,5156.000000,804033.000000
compile/lookup_1024,0,4,32,0.215179500,149,0,5156.000000,804033.000000
compile/lookup_1024,0,5,32,0.215306083,149,0,5156.000000,804033.000000
compile/lookup_1024,0,6,32,0.215134167,149,0,5156.000000,804033.000000
compiler/lookup_4096_hit,501,0,92448,0.050005041,1848774,926235577,0.000000,0.000000
compiler/lookup_4096_hit,501,1,96576,0.050006500,1931269,967565736,0.000000,0.000000
compiler/lookup_4096_hit,501,2,100704,0.050010000,2013677,1008852310,0.000000,0.000000
compiler/lookup_4096_hit,501,3,100832,0.050000292,2016628,1010330740,0.000000,0.000000
compiler/lookup_4096_hit,501,4,100640,0.050003833,2012646,1008335501,0.000000,0.000000
compiler/lookup_4096_hit,501,5,100768,0.050020041,2014553,1009290816,0.000000,0.000000
compiler/lookup_4096_hit,501,6,100928,0.050000500,2018540,1011288447,0.000000,0.000000
rust/lookup_4096_hit,501,0,166848,0.050001209,3336879,1671776536,0.000000,0.000000
rust/lookup_4096_hit,501,1,167072,0.050006125,3341031,1673856393,0.000000,0.000000
rust/lookup_4096_hit,501,2,166624,0.050002250,3332330,1669497353,0.000000,0.000000
rust/lookup_4096_hit,501,3,167264,0.050008750,3344695,1675692034,0.000000,0.000000
rust/lookup_4096_hit,501,4,165696,0.050003042,3313718,1660172915,0.000000,0.000000
rust/lookup_4096_hit,501,5,167136,0.050006542,3342283,1674483631,0.000000,0.000000
rust/lookup_4096_hit,501,6,166912,0.050005375,3337881,1672278470,0.000000,0.000000
compiler/lookup_4096_miss,501,0,146720,0.050006750,2934004,1469935959,0.000000,0.000000
compiler/lookup_4096_miss,501,1,146528,0.050002291,2930426,1468143290,0.000000,0.000000
compiler/lookup_4096_miss,501,2,146944,0.050010875,2938241,1472058707,0.000000,0.000000
compiler/lookup_4096_miss,501,3,146752,0.050002292,2934905,1470387637,0.000000,0.000000
compiler/lookup_4096_miss,501,4,146848,0.050000958,2936904,1471388768,0.000000,0.000000
compiler/lookup_4096_miss,501,5,145088,0.050010792,2901134,1453468043,0.000000,0.000000
compiler/lookup_4096_miss,501,6,146208,0.050007166,2923741,1464794226,0.000000,0.000000
rust/lookup_4096_miss,501,0,168672,0.050001458,3373342,1690044158,0.000000,0.000000
rust/lookup_4096_miss,501,1,168768,0.050005500,3374989,1690869364,0.000000,0.000000
rust/lookup_4096_miss,501,2,169344,0.050003417,3386649,1696710927,0.000000,0.000000
rust/lookup_4096_miss,501,3,169216,0.050002500,3384151,1695459547,0.000000,0.000000
rust/lookup_4096_miss,501,4,169376,0.050005917,3387119,1696946703,0.000000,0.000000
rust/lookup_4096_miss,501,5,168896,0.050005625,3377540,1692147553,0.000000,0.000000
rust/lookup_4096_miss,501,6,169472,0.050009208,3388816,1697796774,0.000000,0.000000
compiler/varying_lookup_4096,501,0,87488,0.050005417,1749570,876534796,0.000000,0.000000
compiler/varying_lookup_4096,501,1,84832,0.050009542,1696316,849854454,0.000000,0.000000
compiler/varying_lookup_4096,501,2,86400,0.050008750,1727698,865576524,0.000000,0.000000
compiler/varying_lookup_4096,501,3,84768,0.050011333,1694976,849182884,0.000000,0.000000
compiler/varying_lookup_4096,501,4,84864,0.050008375,1696996,850194872,0.000000,0.000000
compiler/varying_lookup_4096,501,5,84928,0.050018208,1697942,850668780,0.000000,0.000000
compiler/varying_lookup_4096,501,6,85184,0.050007375,1703429,853417801,0.000000,0.000000
rust/varying_lookup_4096,501,0,163584,0.050007417,3271195,1638868570,0.000000,0.000000
rust/varying_lookup_4096,501,1,163744,0.050002083,3274744,1640646531,0.000000,0.000000
rust/varying_lookup_4096,501,2,163552,0.050008208,3270503,1638522060,0.000000,0.000000
rust/varying_lookup_4096,501,3,163680,0.050001834,3273480,1640013444,0.000000,0.000000
rust/varying_lookup_4096,501,4,163904,0.050005292,3277733,1642144275,0.000000,0.000000
rust/varying_lookup_4096,501,5,163552,0.050005541,3270678,1638609449,0.000000,0.000000
rust/varying_lookup_4096,501,6,163488,0.050008250,3269221,1637879510,0.000000,0.000000
compiler/bound_lookup_4096,16,0,117472,0.050000708,2349407,37590508,6.000000,520.000000
compiler/bound_lookup_4096,16,1,114784,0.050000708,2295647,36730360,6.000000,520.000000
compiler/bound_lookup_4096,16,2,114208,0.050000625,2284131,36546103,6.000000,520.000000
compiler/bound_lookup_4096,16,3,115040,0.050009583,2300359,36805746,6.000000,520.000000
compiler/bound_lookup_4096,16,4,114912,0.050011959,2297690,36763047,6.000000,520.000000
compiler/bound_lookup_4096,16,5,115040,0.050006042,2300522,36808352,6.000000,520.000000
compiler/bound_lookup_4096,16,6,116032,0.050003958,2320456,37127301,6.000000,520.000000
compile/lookup_4096,0,0,32,2.856706375,11,0,20520.000000,3215553.000000
compile/lookup_4096,0,1,32,2.981061459,11,0,20520.000000,3215553.000000
compile/lookup_4096,0,2,32,2.925352625,11,0,20520.000000,3215553.000000
compile/lookup_4096,0,3,32,3.000731625,11,0,20520.000000,3215553.000000
compile/lookup_4096,0,4,32,2.923854625,11,0,20520.000000,3215553.000000
compile/lookup_4096,0,5,32,2.959435375,11,0,20520.000000,3215553.000000
compile/lookup_4096,0,6,32,2.982729250,11,0,20520.000000,3215553.000000
compiler/constant_scalar,100,0,523456,0.050000958,10468919,1046891942,0.000000,0.000000
compiler/constant_scalar,100,1,556896,0.050002041,11137465,1113746537,0.000000,0.000000
compiler/constant_scalar,100,2,549760,0.050002458,10994660,1099465950,0.000000,0.000000
compiler/constant_scalar,100,3,554304,0.050000625,11085941,1108594143,0.000000,0.000000
compiler/constant_scalar,100,4,556672,0.050001000,11133217,1113321734,0.000000,0.000000
compiler/constant_scalar,100,5,554304,0.050000958,11085868,1108586759,0.000000,0.000000
compiler/constant_scalar,100,6,550944,0.050001375,11018577,1101857699,0.000000,0.000000
compiler/repeated_fields,100,0,33984,0.050005291,679608,67960808,0.000000,0.000000
compiler/repeated_fields,100,1,34528,0.050029667,690151,69015051,0.000000,0.000000
compiler/repeated_fields,100,2,34432,0.050019125,688377,68837670,0.000000,0.000000
compiler/repeated_fields,100,3,34016,0.050002292,680289,68028882,0.000000,0.000000
compiler/repeated_fields,100,4,34688,0.050006250,693673,69367329,0.000000,0.000000
compiler/repeated_fields,100,5,34656,0.050011042,692967,69296697,0.000000,0.000000
compiler/repeated_fields,100,6,34592,0.050018417,691585,69158526,0.000000,0.000000
compiler/dynamic_leaves,100,0,154016,0.050010334,3079683,307968349,4.000000,312.000000
compiler/dynamic_leaves,100,1,155232,0.050004875,3104337,310433733,4.000000,312.000000
compiler/dynamic_leaves,100,2,155072,0.050005125,3101122,310112213,4.000000,312.000000
compiler/dynamic_leaves,100,3,153280,0.050010375,3064964,306496402,4.000000,312.000000
compiler/dynamic_leaves,100,4,156928,0.050009375,3137972,313797163,4.000000,312.000000
compiler/dynamic_leaves,100,5,153568,0.050009833,3070756,307075611,4.000000,312.000000
compiler/dynamic_leaves,100,6,156160,0.050007291,3122745,312274464,4.000000,312.000000
compiler/filtered_sum,100,0,112928,0.050002333,2258455,225845462,0.000000,0.000000
compiler/filtered_sum,100,1,112288,0.050010291,2245298,224529787,0.000000,0.000000
compiler/filtered_sum,100,2,112864,0.050009292,2256861,225686059,0.000000,0.000000
compiler/filtered_sum,100,3,113376,0.050011792,2266985,226698535,0.000000,0.000000
compiler/filtered_sum,100,4,113408,0.050008500,2267774,226777448,0.000000,0.000000
compiler/filtered_sum,100,5,113504,0.050004958,2269855,226985492,0.000000,0.000000
compiler/filtered_sum,100,6,113600,0.050011833,2271462,227146244,0.000000,0.000000
compiler/invariant_aggregate,100,0,232000,0.050000292,4639973,463997290,0.000000,0.000000
compiler/invariant_aggregate,100,1,238784,0.050006459,4775063,477506316,0.000000,0.000000
compiler/invariant_aggregate,100,2,237312,0.050003375,4745920,474591965,0.000000,0.000000
compiler/invariant_aggregate,100,3,236736,0.050003500,4734389,473438859,0.000000,0.000000
compiler/invariant_aggregate,100,4,238432,0.050002833,4768370,476836982,0.000000,0.000000
compiler/invariant_aggregate,100,5,236512,0.050003209,4729936,472993643,0.000000,0.000000
compiler/invariant_aggregate,100,6,239424,0.050001500,4788336,478833635,0.000000,0.000000
compiler/builtin_reference,100,0,550272,0.050001291,11005156,1100515585,0.000000,0.000000
compiler/builtin_reference,100,1,549344,0.050001834,10986477,1098647702,0.000000,0.000000
compiler/builtin_reference,100,2,553568,0.050000417,11071268,1107126767,0.000000,0.000000
compiler/builtin_reference,100,3,547744,0.050002000,10954442,1095444182,0.000000,0.000000
compiler/builtin_reference,100,4,550304,0.050000833,11005897,1100589664,0.000000,0.000000
compiler/builtin_reference,100,5,552256,0.050000083,11045102,1104510167,0.000000,0.000000
compiler/builtin_reference,100,6,551040,0.050002042,11020350,1102034993,0.000000,0.000000
compiler/static_array,100,0,499616,0.050002416,9991837,999183719,1.000000,16.000000
compiler/static_array,100,1,505120,0.050002125,10101971,1010197067,1.000000,16.000000
compiler/static_array,100,2,477792,0.050001750,9555506,955550556,1.000000,16.000000
compiler/static_array,100,3,505344,0.050000250,10106829,1010682947,1.000000,16.000000
compiler/static_array,100,4,506432,0.050000292,10128581,1012858085,1.000000,16.000000
compiler/static_array,100,5,504544,0.050002709,10090333,1009033331,1.000000,16.000000
compiler/static_array,100,6,503424,0.050000250,10068430,1006842966,1.000000,16.000000
compiler/constant_membership,100,0,151104,0.050009750,3021491,302149081,1.000000,16.000000
compiler/constant_membership,100,1,154880,0.050001000,3097538,309753805,1.000000,16.000000
compiler/constant_membership,100,2,153280,0.050004541,3065322,306532161,1.000000,16.000000
compiler/constant_membership,100,3,153152,0.050005333,3062713,306271333,1.000000,16.000000
compiler/constant_membership,100,4,152416,0.050005250,3048000,304799996,1.000000,16.000000
compiler/constant_membership,100,5,154336,0.050008334,3086206,308620559,1.000000,16.000000
compiler/constant_membership,100,6,154016,0.050006625,3079912,307991191,1.000000,16.000000
compiler/lookup_record,100,0,206208,0.050004875,4123758,412375793,0.000000,0.000000
compiler/lookup_record,100,1,208640,0.050001584,4172668,417266781,0.000000,0.000000
compiler/lookup_record,100,2,219552,0.050000792,4390970,439097045,0.000000,0.000000
compiler/lookup_record,100,3,230944,0.050005667,4618357,461835656,0.000000,0.000000
compiler/lookup_record,100,4,231520,0.050004667,4629968,462996784,0.000000,0.000000
compiler/lookup_record,100,5,230592,0.050004417,4611433,461143263,0.000000,0.000000
compiler/lookup_record,100,6,231072,0.050004750,4621001,462100100,0.000000,0.000000
rust/repeated_fields,100,0,426656,0.050001542,8532857,853285685,0.000000,0.000000
rust/repeated_fields,100,1,429344,0.050003292,8586315,858631468,0.000000,0.000000
rust/repeated_fields,100,2,424256,0.050002083,8484767,848476652,0.000000,0.000000
rust/repeated_fields,100,3,430912,0.050001458,8617989,861798870,0.000000,0.000000
rust/repeated_fields,100,4,430112,0.050003417,8601652,860165216,0.000000,0.000000
rust/repeated_fields,100,5,429152,0.050000458,8582961,858296138,0.000000,0.000000
rust/repeated_fields,100,6,426976,0.050000250,8539477,853947730,0.000000,0.000000
compiler/constant_scalar,500,0,161216,0.050006333,3223912,1611955830,0.000000,0.000000
compiler/constant_scalar,500,1,162784,0.050003084,3255479,1627739601,0.000000,0.000000
compiler/constant_scalar,500,2,163008,0.050001917,3260035,1630017505,0.000000,0.000000
compiler/constant_scalar,500,3,162112,0.050001000,3242175,1621087578,0.000000,0.000000
compiler/constant_scalar,500,4,163168,0.050005834,3262979,1631489638,0.000000,0.000000
compiler/constant_scalar,500,5,163136,0.050008750,3262149,1631074562,0.000000,0.000000
compiler/constant_scalar,500,6,163520,0.050000041,3270397,1635198659,0.000000,0.000000
compiler/repeated_fields,500,0,11872,0.050070958,237104,118551756,0.000000,0.000000
compiler/repeated_fields,500,1,11936,0.050082750,238326,119162786,0.000000,0.000000
compiler/repeated_fields,500,2,12000,0.050108958,239478,119739069,0.000000,0.000000
compiler/repeated_fields,500,3,12000,0.050041167,239803,119901280,0.000000,0.000000
compiler/repeated_fields,500,4,11968,0.050114791,238812,119405866,0.000000,0.000000
compiler/repeated_fields,500,5,11968,0.050030459,239214,119607138,0.000000,0.000000
compiler/repeated_fields,500,6,11968,0.050069666,239027,119513479,0.000000,0.000000
compiler/dynamic_leaves,500,0,66720,0.050021084,1333838,666918774,4.000000,312.000000
compiler/dynamic_leaves,500,1,66656,0.050000583,1333104,666552228,4.000000,312.000000
compiler/dynamic_leaves,500,2,66848,0.050014583,1336570,668285088,4.000000,312.000000
compiler/dynamic_leaves,500,3,66784,0.050022875,1335069,667534603,4.000000,312.000000
compiler/dynamic_leaves,500,4,66848,0.050007500,1336759,668379743,4.000000,312.000000
compiler/dynamic_leaves,500,5,66976,0.050016542,1339077,669538490,4.000000,312.000000
compiler/dynamic_leaves,500,6,67040,0.050004959,1340667,670333516,4.000000,312.000000
compiler/filtered_sum,500,0,57600,0.050012833,1151704,575852202,0.000000,0.000000
compiler/filtered_sum,500,1,57568,0.050021458,1150866,575433047,0.000000,0.000000
compiler/filtered_sum,500,2,57632,0.050020417,1152170,576084762,0.000000,0.000000
compiler/filtered_sum,500,3,57440,0.050015292,1148449,574224379,0.000000,0.000000
compiler/filtered_sum,500,4,57408,0.050020959,1147679,573839458,0.000000,0.000000
compiler/filtered_sum,500,5,57472,0.050011250,1149181,574590717,0.000000,0.000000
compiler/filtered_sum,500,6,57664,0.050018000,1152865,576432484,0.000000,0.000000
compiler/invariant_aggregate,500,0,78432,0.050003292,1568537,784268364,0.000000,0.000000
compiler/invariant_aggregate,500,1,77920,0.050018209,1557833,778916334,0.000000,0.000000
compiler/invariant_aggregate,500,2,78816,0.050009167,1576031,788015525,0.000000,0.000000
compiler/invariant_aggregate,500,3,78496,0.050009417,1569624,784812188,0.000000,0.000000
compiler/invariant_aggregate,500,4,78528,0.050007209,1570334,785166795,0.000000,0.000000
compiler/invariant_aggregate,500,5,78592,0.050012292,1571454,785726837,0.000000,0.000000
compiler/invariant_aggregate,500,6,78784,0.050013750,1575247,787623404,0.000000,0.000000
compiler/builtin_reference,500,0,163872,0.050002833,3277254,1638627155,0.000000,0.000000
compiler/builtin_reference,500,1,162656,0.050003416,3252898,1626448881,0.000000,0.000000
compiler/builtin_reference,500,2,163552,0.050001084,3270969,1635484543,0.000000,0.000000
compiler/builtin_reference,500,3,163776,0.050000375,3275495,1637747717,0.000000,0.000000
compiler/builtin_reference,500,4,163584,0.050008125,3271148,1635574219,0.000000,0.000000
compiler/builtin_reference,500,5,163936,0.050005416,3278365,1639182444,0.000000,0.000000
compiler/builtin_reference,500,6,162912,0.050004166,3257969,1628984273,0.000000,0.000000
compiler/static_array,500,0,157216,0.050001167,3144247,1572123307,1.000000,16.000000
compiler/static_array,500,1,158240,0.050002041,3164671,1582335409,1.000000,16.000000
compiler/static_array,500,2,158848,0.050000208,3176947,1588473392,1.000000,16.000000
compiler/static_array,500,3,157056,0.050003500,3140900,1570450068,1.000000,16.000000
compiler/static_array,500,4,159616,0.050004833,3192011,1596005730,1.000000,16.000000
compiler/static_array,500,5,158304,0.050002583,3165916,1582958224,1.000000,16.000000
compiler/static_array,500,6,158144,0.050003125,3162682,1581341166,1.000000,16.000000
compiler/constant_membership,500,0,66112,0.050020625,1321695,660847400,1.000000,16.000000
compiler/constant_membership,500,1,66624,0.050012917,1332136,666067928,1.000000,16.000000
compiler/constant_membership,500,2,66560,0.050008833,1330965,665482436,1.000000,16.000000
compiler/constant_membership,500,3,66624,0.050020917,1331923,665961402,1.000000,16.000000
compiler/constant_membership,500,4,66464,0.050023791,1328648,664323901,1.000000,16.000000
compiler/constant_membership,500,5,66304,0.050016708,1325637,662818513,1.000000,16.000000
compiler/constant_membership,500,6,66368,0.050020250,1326823,663411318,1.000000,16.000000
compiler/lookup_record,500,0,109344,0.050003167,2186741,1093370746,0.000000,0.000000
compiler/lookup_record,500,1,111936,0.050009833,2238280,1119139910,0.000000,0.000000
compiler/lookup_record,500,2,115680,0.050005542,2313344,1156671794,0.000000,0.000000
compiler/lookup_record,500,3,115904,0.050005958,2317804,1158901905,0.000000,0.000000
compiler/lookup_record,500,4,115840,0.050002917,2316665,1158332423,0.000000,0.000000
compiler/lookup_record,500,5,115936,0.050010625,2318227,1159113688,0.000000,0.000000
compiler/lookup_record,500,6,115168,0.050000500,2303337,1151668483,0.000000,0.000000
rust/repeated_fields,500,0,150368,0.050000209,3007347,1503673715,0.000000,0.000000
rust/repeated_fields,500,1,150560,0.050007959,3010721,1505360377,0.000000,0.000000
rust/repeated_fields,500,2,150912,0.050001167,3018170,1509084778,0.000000,0.000000
rust/repeated_fields,500,3,150720,0.050006000,3014038,1507019158,0.000000,0.000000
rust/repeated_fields,500,4,150336,0.050002750,3006555,1503277320,0.000000,0.000000
rust/repeated_fields,500,5,150848,0.050009958,3016359,1508179631,0.000000,0.000000
rust/repeated_fields,500,6,150976,0.050001167,3019450,1509724763,0.000000,0.000000
compiler/constant_scalar,1024,0,86464,0.050008542,1728985,1770480251,0.000000,0.000000
compiler/constant_scalar,1024,1,86976,0.050000458,1739504,1781252164,0.000000,0.000000
compiler/constant_scalar,1024,2,86720,0.050016833,1733816,1775427884,0.000000,0.000000
compiler/constant_scalar,1024,3,86720,0.050012833,1733955,1775569882,0.000000,0.000000
compiler/constant_scalar,1024,4,87008,0.050017542,1739550,1781298889,0.000000,0.000000
compiler/constant_scalar,1024,5,86496,0.050003125,1729812,1771327372,0.000000,0.000000
compiler/constant_scalar,1024,6,86848,0.050009500,1736630,1778309161,0.000000,0.000000
compiler/repeated_fields,1024,0,6528,0.050013250,130525,133658021,0.000000,0.000000
compiler/repeated_fields,1024,1,6592,0.050230167,131236,134385538,0.000000,0.000000
compiler/repeated_fields,1024,2,6560,0.050088833,130967,134110531,0.000000,0.000000
compiler/repeated_fields,1024,3,6560,0.050038042,131100,134246660,0.000000,0.000000
compiler/repeated_fields,1024,4,6560,0.050135125,130846,133986701,0.000000,0.000000
compiler/repeated_fields,1024,5,6560,0.050123166,130878,134018669,0.000000,0.000000
compiler/repeated_fields,1024,6,6592,0.050186292,131351,134503023,0.000000,0.000000
compiler/dynamic_leaves,1024,0,38816,0.050025292,775928,794549765,4.000000,312.000000
compiler/dynamic_leaves,1024,1,38592,0.050006875,771734,790255500,4.000000,312.000000
compiler/dynamic_leaves,1024,2,38848,0.050026958,776541,795178312,4.000000,312.000000
compiler/dynamic_leaves,1024,3,38784,0.050016209,775429,794038908,4.000000,312.000000
compiler/dynamic_leaves,1024,4,38880,0.050010541,777436,796094567,4.000000,312.000000
compiler/dynamic_leaves,1024,5,38784,0.050003291,775629,794244043,4.000000,312.000000
compiler/dynamic_leaves,1024,6,38720,0.050008250,774272,792854779,4.000000,312.000000
compiler/filtered_sum,1024,0,35744,0.050011917,714710,731862688,0.000000,0.000000
compiler/filtered_sum,1024,1,35712,0.050020125,713953,731087497,0.000000,0.000000
compiler/filtered_sum,1024,2,35680,0.050003375,713552,730677079,0.000000,0.000000
compiler/filtered_sum,1024,3,35648,0.050033791,712478,729577977,0.000000,0.000000
compiler/filtered_sum,1024,4,35648,0.050007708,712850,729958510,0.000000,0.000000
compiler/filtered_sum,1024,5,35712,0.050016417,714006,731141697,0.000000,0.000000
compiler/filtered_sum,1024,6,35712,0.050037375,713707,730835460,0.000000,0.000000
compiler/invariant_aggregate,1024,0,42656,0.050004458,853044,873516997,0.000000,0.000000
compiler/invariant_aggregate,1024,1,42592,0.050027667,851369,871801757,0.000000,0.000000
compiler/invariant_aggregate,1024,2,42784,0.050019666,855344,875871822,0.000000,0.000000
compiler/invariant_aggregate,1024,3,42656,0.050018542,852804,873271036,0.000000,0.000000
compiler/invariant_aggregate,1024,4,42784,0.050010458,855501,876033089,0.000000,0.000000
compiler/invariant_aggregate,1024,5,42720,0.050038000,853751,874241177,0.000000,0.000000
compiler/invariant_aggregate,1024,6,42752,0.050035625,854431,874937567,0.000000,0.000000
compiler/builtin_reference,1024,0,87040,0.050007542,1740537,1782310356,0.000000,0.000000
compiler/builtin_reference,1024,1,87040,0.050012625,1740361,1782129212,0.000000,0.000000
compiler/builtin_reference,1024,2,86816,0.050011750,1735912,1777573950,0.000000,0.000000
compiler/builtin_reference,1024,3,86720,0.050002625,1734309,1775932364,0.000000,0.000000
compiler/builtin_reference,1024,4,86784,0.050002916,1735579,1777232672,0.000000,0.000000
compiler/builtin_reference,1024,5,86848,0.050001666,1736902,1778587777,0.000000,0.000000
compiler/builtin_reference,1024,6,86528,0.050015791,1730014,1771533954,0.000000,0.000000
compiler/static_array,1024,0,85440,0.050003250,1708689,1749697470,1.000000,16.000000
compiler/static_array,1024,1,85568,0.050001292,1711316,1752387358,1.000000,16.000000
compiler/static_array,1024,2,85728,0.050000459,1714544,1755693323,1.000000,16.000000
compiler/static_array,1024,3,85760,0.050016167,1714646,1755797081,1.000000,16.000000
compiler/static_array,1024,4,85696,0.050007791,1713653,1754780650,1.000000,16.000000
compiler/static_array,1024,5,85824,0.050000583,1716460,1757655026,1.000000,16.000000
compiler/static_array,1024,6,85728,0.050010583,1714197,1755337905,1.000000,16.000000
compiler/constant_membership,1024,0,38496,0.050035625,769372,787836746,1.000000,16.000000
compiler/constant_membership,1024,1,38592,0.050006708,771736,790258139,1.000000,16.000000
compiler/constant_membership,1024,2,38688,0.050007334,773647,792214038,1.000000,16.000000
compiler/constant_membership,1024,3,38752,0.050018583,774752,793346105,1.000000,16.000000
compiler/constant_membership,1024,4,38784,0.050022875,775325,793933096,1.000000,16.000000
compiler/constant_membership,1024,5,38816,0.050018542,776032,794656989,1.000000,16.000000
compiler/constant_membership,1024,6,38784,0.050023084,775322,793929778,1.000000,16.000000
compiler/lookup_record,1024,0,68544,0.050019083,1370357,1403245557,0.000000,0.000000
compiler/lookup_record,1024,1,68800,0.050000958,1375974,1408997004,0.000000,0.000000
compiler/lookup_record,1024,2,68992,0.050017625,1379354,1412458268,0.000000,0.000000
compiler/lookup_record,1024,3,68864,0.050014333,1376885,1409930549,0.000000,0.000000
compiler/lookup_record,1024,4,69184,0.050009000,1383431,1416633326,0.000000,0.000000
compiler/lookup_record,1024,5,68928,0.050003541,1378462,1411545474,0.000000,0.000000
compiler/lookup_record,1024,6,70272,0.050007333,1405234,1438959522,0.000000,0.000000
rust/repeated_fields,1024,0,83040,0.050006292,1660591,1700445216,0.000000,0.000000
rust/repeated_fields,1024,1,83136,0.050001250,1662678,1702582715,0.000000,0.000000
rust/repeated_fields,1024,2,83168,0.050000333,1663349,1703269296,0.000000,0.000000
rust/repeated_fields,1024,3,83200,0.050001750,1663942,1703876364,0.000000,0.000000
rust/repeated_fields,1024,4,82944,0.050013167,1658443,1698245904,0.000000,0.000000
rust/repeated_fields,1024,5,83136,0.050012542,1662303,1702198301,0.000000,0.000000
rust/repeated_fields,1024,6,83136,0.050018208,1662115,1702005478,0.000000,0.000000
compiler/constant_scalar,10240,0,9376,0.050032750,187397,1918947889,0.000000,0.000000
compiler/constant_scalar,10240,1,9408,0.050107416,187757,1922627980,0.000000,0.000000
compiler/constant_scalar,10240,2,9408,0.050161125,187556,1920569365,0.000000,0.000000
compiler/constant_scalar,10240,3,9376,0.050152208,186951,1914377130,0.000000,0.000000
compiler/constant_scalar,10240,4,9408,0.050149791,187598,1921003420,0.000000,0.000000
compiler/constant_scalar,10240,5,9408,0.050163083,187548,1920494400,0.000000,0.000000
compiler/constant_scalar,10240,6,9408,0.050142459,187625,1921284315,0.000000,0.000000
compiler/repeated_fields,10240,0,768,0.051879834,14803,151587224,0.000000,0.000000
compiler/repeated_fields,10240,1,768,0.051799750,14826,151821582,0.000000,0.000000
compiler/repeated_fields,10240,2,768,0.051893459,14800,151547423,0.000000,0.000000
compiler/repeated_fields,10240,3,768,0.051800292,14826,151819994,0.000000,0.000000
compiler/repeated_fields,10240,4,768,0.051853709,14811,151663597,0.000000,0.000000
compiler/repeated_fields,10240,5,768,0.051840917,14815,151701020,0.000000,0.000000
compiler/repeated_fields,10240,6,768,0.051923792,14791,151458892,0.000000,0.000000
compiler/dynamic_leaves,10240,0,4704,0.050006416,94068,963255595,4.000000,312.000000
compiler/dynamic_leaves,10240,1,4704,0.050053583,93979,962347890,4.000000,312.000000
compiler/dynamic_leaves,10240,2,4704,0.050046500,93993,962484090,4.000000,312.000000
compiler/dynamic_leaves,10240,3,4704,0.050020083,94042,962992404,4.000000,312.000000
compiler/dynamic_leaves,10240,4,4704,0.050059000,93969,962243752,4.000000,312.000000
compiler/dynamic_leaves,10240,5,4704,0.050011792,94058,963152050,4.000000,312.000000
compiler/dynamic_leaves,10240,6,4704,0.050014209,94053,963105505,4.000000,312.000000
compiler/filtered_sum,10240,0,4672,0.050248583,92978,952092122,0.000000,0.000000
compiler/filtered_sum,10240,1,4672,0.050273708,92931,951616300,0.000000,0.000000
compiler/filtered_sum,10240,2,4640,0.050016000,92770,949968010,0.000000,0.000000
compiler/filtered_sum,10240,3,4672,0.050339584,92810,950370984,0.000000,0.000000
compiler/filtered_sum,10240,4,4672,0.050314500,92856,950844786,0.000000,0.000000
compiler/filtered_sum,10240,5,4672,0.050262208,92953,951834030,0.000000,0.000000
compiler/filtered_sum,10240,6,4672,0.050261375,92954,951849805,0.000000,0.000000
compiler/invariant_aggregate,10240,0,4736,0.050005666,94709,969822900,0.000000,0.000000
compiler/invariant_aggregate,10240,1,4768,0.050195833,94988,972676756,0.000000,0.000000
compiler/invariant_aggregate,10240,2,4768,0.050159833,95056,973374852,0.000000,0.000000
compiler/invariant_aggregate,10240,3,4768,0.050233334,94917,971950617,0.000000,0.000000
compiler/invariant_aggregate,10240,4,4768,0.050170834,95035,973161419,0.000000,0.000000
compiler/invariant_aggregate,10240,5,4768,0.050189708,95000,972795458,0.000000,0.000000
compiler/invariant_aggregate,10240,6,4768,0.050167500,95042,973226093,0.000000,0.000000
compiler/builtin_reference,10240,0,9376,0.050027583,187417,1919146084,0.000000,0.000000
compiler/builtin_reference,10240,1,9408,0.050074625,187880,1923886999,0.000000,0.000000
compiler/builtin_reference,10240,2,9376,0.050015000,187464,1919628911,0.000000,0.000000
compiler/builtin_reference,10240,3,9408,0.050145958,187612,1921150255,0.000000,0.000000
compiler/builtin_reference,10240,4,9408,0.050094750,187804,1923114099,0.000000,0.000000
compiler/builtin_reference,10240,5,9408,0.050138542,187640,1921434413,0.000000,0.000000
compiler/builtin_reference,10240,6,9408,0.050096583,187797,1923043733,0.000000,0.000000
compiler/static_array,10240,0,9376,0.050062208,187287,1917818727,1.000000,16.000000
compiler/static_array,10240,1,9376,0.050137125,187007,1914953041,1.000000,16.000000
compiler/static_array,10240,2,9376,0.050081750,187214,1917070390,1.000000,16.000000
compiler/static_array,10240,3,9344,0.050093959,186529,1910061850,1.000000,16.000000
compiler/static_array,10240,4,9376,0.050089333,187186,1916780166,1.000000,16.000000
compiler/static_array,10240,5,9376,0.050078500,187226,1917194804,1.000000,16.000000
compiler/static_array,10240,6,9376,0.050124333,187055,1915441748,1.000000,16.000000
compiler/constant_membership,10240,0,4704,0.050082541,93925,961791455,1.000000,16.000000
compiler/constant_membership,10240,1,4704,0.050028792,94026,962824767,1.000000,16.000000
compiler/constant_membership,10240,2,4704,0.050100584,93891,961445080,1.000000,16.000000
compiler/constant_membership,10240,3,4704,0.050002333,94076,963334251,1.000000,16.000000
compiler/constant_membership,10240,4,4704,0.050097834,93896,961497856,1.000000,16.000000
compiler/constant_membership,10240,5,4736,0.050338750,94083,963405726,1.000000,16.000000
compiler/constant_membership,10240,6,4704,0.050103209,93886,961394708,1.000000,16.000000
compiler/lookup_record,10240,0,9184,0.050098125,183320,1877199197,0.000000,0.000000
compiler/lookup_record,10240,1,9152,0.050043958,182879,1872683212,0.000000,0.000000
compiler/lookup_record,10240,2,9184,0.050093541,183337,1877370977,0.000000,0.000000
compiler/lookup_record,10240,3,9184,0.050137292,183177,1875732738,0.000000,0.000000
compiler/lookup_record,10240,4,9184,0.050097166,183324,1877235131,0.000000,0.000000
compiler/lookup_record,10240,5,9184,0.050147750,183139,1875341566,0.000000,0.000000
compiler/lookup_record,10240,6,9184,0.050062791,183450,1878524112,0.000000,0.000000
rust/repeated_fields,10240,0,9344,0.050064834,186638,1911173020,0.000000,0.000000
rust/repeated_fields,10240,1,9344,0.050012209,186834,1913184039,0.000000,0.000000
rust/repeated_fields,10240,2,9344,0.050059583,186658,1911373493,0.000000,0.000000
rust/repeated_fields,10240,3,9344,0.050002041,186872,1913573088,0.000000,0.000000
rust/repeated_fields,10240,4,9344,0.050033250,186756,1912379468,0.000000,0.000000
rust/repeated_fields,10240,5,9376,0.050168334,186891,1913761777,0.000000,0.000000
rust/repeated_fields,10240,6,9344,0.050018459,186811,1912944979,0.000000,0.000000
compiler/constant_scalar,1048576,0,96,0.051806292,1853,1943070853,0.000000,0.000000
compiler/constant_scalar,1048576,1,96,0.051752333,1855,1945096775,0.000000,0.000000
compiler/constant_scalar,1048576,2,96,0.051766791,1854,1944553527,0.000000,0.000000
compiler/constant_scalar,1048576,3,96,0.051753625,1855,1945048216,0.000000,0.000000
compiler/constant_scalar,1048576,4,96,0.051826667,1852,1942306959,0.000000,0.000000
compiler/constant_scalar,1048576,5,96,0.051741708,1855,1945496194,0.000000,0.000000
compiler/constant_scalar,1048576,6,96,0.051806583,1853,1943059939,0.000000,0.000000
compiler/repeated_fields,1048576,0,32,0.217538375,147,154246036,0.000000,0.000000
compiler/repeated_fields,1048576,1,32,0.217594250,147,154206428,0.000000,0.000000
compiler/repeated_fields,1048576,2,32,0.217651583,147,154165807,0.000000,0.000000
compiler/repeated_fields,1048576,3,32,0.217492208,147,154278778,0.000000,0.000000
compiler/repeated_fields,1048576,4,32,0.217466625,147,154296927,0.000000,0.000000
compiler/repeated_fields,1048576,5,32,0.217629667,147,154181332,0.000000,0.000000
compiler/repeated_fields,1048576,6,32,0.217488750,147,154281231,0.000000,0.000000
compiler/dynamic_leaves,1048576,0,64,0.067917375,942,988095668,4.000000,312.000000
compiler/dynamic_leaves,1048576,1,64,0.067937583,942,987801759,4.000000,312.000000
compiler/dynamic_leaves,1048576,2,64,0.067796958,944,989850666,4.000000,312.000000
compiler/dynamic_leaves,1048576,3,64,0.067853250,943,989029472,4.000000,312.000000
compiler/dynamic_leaves,1048576,4,64,0.067933084,942,987867178,4.000000,312.000000
compiler/dynamic_leaves,1048576,5,64,0.067822292,944,989480922,4.000000,312.000000
compiler/dynamic_leaves,1048576,6,64,0.067916542,942,988107787,4.000000,312.000000
compiler/filtered_sum,1048576,0,64,0.067866959,943,988829690,0.000000,0.000000
compiler/filtered_sum,1048576,1,64,0.067930041,942,987911431,0.000000,0.000000
compiler/filtered_sum,1048576,2,64,0.067973250,942,987283439,0.000000,0.000000
compiler/filtered_sum,1048576,3,64,0.067867166,943,988826674,0.000000,0.000000
compiler/filtered_sum,1048576,4,64,0.068037917,941,986345070,0.000000,0.000000
compiler/filtered_sum,1048576,5,64,0.068024959,941,986532958,0.000000,0.000000
compiler/filtered_sum,1048576,6,64,0.067887375,943,988532315,0.000000,0.000000
compiler/invariant_aggregate,1048576,0,64,0.067885625,943,988557799,0.000000,0.000000
compiler/invariant_aggregate,1048576,1,64,0.067896917,943,988393391,0.000000,0.000000
compiler/invariant_aggregate,1048576,2,64,0.067875875,943,988699799,0.000000,0.000000
compiler/invariant_aggregate,1048576,3,64,0.067877333,943,988678562,0.000000,0.000000
compiler/invariant_aggregate,1048576,4,64,0.067847083,943,989119370,0.000000,0.000000
compiler/invariant_aggregate,1048576,5,64,0.068062292,940,985991832,0.000000,0.000000
compiler/invariant_aggregate,1048576,6,64,0.067965250,942,987399649,0.000000,0.000000
compiler/builtin_reference,1048576,0,96,0.051786250,1854,1943822849,0.000000,0.000000
compiler/builtin_reference,1048576,1,96,0.051764791,1855,1944628657,0.000000,0.000000
compiler/builtin_reference,1048576,2,96,0.051789292,1854,1943708672,0.000000,0.000000
compiler/builtin_reference,1048576,3,96,0.051732625,1856,1945837776,0.000000,0.000000
compiler/builtin_reference,1048576,4,96,0.051783042,1854,1943943270,0.000000,0.000000
compiler/builtin_reference,1048576,5,96,0.051763291,1855,1944685009,0.000000,0.000000
compiler/builtin_reference,1048576,6,96,0.051813708,1853,1942792745,0.000000,0.000000
compiler/static_array,1048576,0,96,0.051780458,1854,1944040279,1.000000,16.000000
compiler/static_array,1048576,1,96,0.051740167,1855,1945554138,1.000000,16.000000
compiler/static_array,1048576,2,96,0.051826666,1852,1942306997,1.000000,16.000000
compiler/static_array,1048576,3,96,0.051767917,1854,1944511231,1.000000,16.000000
compiler/static_array,1048576,4,96,0.051858125,1851,1941128724,1.000000,16.000000
compiler/static_array,1048576,5,96,0.051731000,1856,1945898900,1.000000,16.000000
compiler/static_array,1048576,6,96,0.051996875,1846,1935948958,1.000000,16.000000
compiler/constant_membership,1048576,0,64,0.067832292,944,989335050,1.000000,16.000000
compiler/constant_membership,1048576,1,64,0.067943083,942,987721796,1.000000,16.000000
compiler/constant_membership,1048576,2,64,0.067899083,943,988361860,1.000000,16.000000
compiler/constant_membership,1048576,3,64,0.067919541,942,988064157,1.000000,16.000000
compiler/constant_membership,1048576,4,64,0.067939416,942,987775108,1.000000,16.000000
compiler/constant_membership,1048576,5,64,0.067980291,941,987181182,1.000000,16.000000
compiler/constant_membership,1048576,6,64,0.067859250,943,988942023,1.000000,16.000000
compiler/lookup_record,1048576,0,96,0.051782500,1854,1943963617,0.000000,0.000000
compiler/lookup_record,1048576,1,96,0.051750667,1855,1945159393,0.000000,0.000000
compiler/lookup_record,1048576,2,96,0.051708292,1857,1946753453,0.000000,0.000000
compiler/lookup_record,1048576,3,96,0.051791209,1854,1943636728,0.000000,0.000000
compiler/lookup_record,1048576,4,96,0.051784292,1854,1943896346,0.000000,0.000000
compiler/lookup_record,1048576,5,96,0.051821334,1853,1942506845,0.000000,0.000000
compiler/lookup_record,1048576,6,96,0.051760833,1855,1944777357,0.000000,0.000000
rust/repeated_fields,1048576,0,96,0.051779208,1854,1944087210,0.000000,0.000000
rust/repeated_fields,1048576,1,96,0.051873750,1851,1940544032,0.000000,0.000000
rust/repeated_fields,1048576,2,96,0.051685458,1857,1947613505,0.000000,0.000000
rust/repeated_fields,1048576,3,96,0.051854125,1851,1941278461,0.000000,0.000000
rust/repeated_fields,1048576,4,96,0.051740875,1855,1945527516,0.000000,0.000000
rust/repeated_fields,1048576,5,96,0.051801584,1853,1943247450,0.000000,0.000000
rust/repeated_fields,1048576,6,96,0.051767042,1854,1944544098,0.000000,0.000000
