cargo fmt --all -- --check
just clippy
cargo clippy --workspace --all-targets --locked -- -D warnings
    Checking jx v0.1.0 (/Users/josh/Documents/Workspace/jo-cube/jx/crates/jx)
    Finished `dev` profile [unoptimized + debuginfo] target(s) in 0.29s
just test
cargo test --workspace --locked
   Compiling jx v0.1.0 (/Users/josh/Documents/Workspace/jo-cube/jx/crates/jx)
    Finished `test` profile [unoptimized + debuginfo] target(s) in 0.41s
     Running unittests src/lib.rs (target/debug/deps/jx-5c39ac25acc6c2b5)

running 6 tests
test json::string::tests::size_hints_bound_remaining_units ... ok
test plan::tests::whole_regions_lower ... ok
test plan::tests::nested_demands_preserve_replacement_and_array_fallback ... ok
test plan::tests::plan_and_tree_agree_on_values_and_exact_errors ... ok
test plan::tests::fixed_objects_lookup_and_capture_match_the_tree ... ok
test plan::tests::branches_and_folds_match_the_tree ... ok

test result: ok. 6 passed; 0 failed; 0 ignored; 0 measured; 0 filtered out; finished in 2.06s

     Running tests/aggregates.rs (target/debug/deps/aggregates-876a2f81d671fe60)

running 5 tests
test validation_cancellation_and_mapped_aggregate_errors ... ok
test aggregate_arguments_finish_before_type_or_arity_checks ... ok
test aggregates_preserve_ieee_values_and_signed_zero ... ok
test aggregate_calls_keep_syntax_and_depth_limits_explicit ... ok
test aggregate_semantics ... ok

test result: ok. 5 passed; 0 failed; 0 ignored; 0 measured; 0 filtered out; finished in 0.00s

     Running tests/builtins.rs (target/debug/deps/builtins-0fb36744982705d7)

running 5 tests
test missing_matchers_and_host_exceptions_are_explicit ... ok
test computed_strings_preserve_json_encoding_and_surrogate_units ... ok
test builtin_retention_keeps_input_borrowing_and_evaluates_arguments_once ... ok
test validation_and_argument_errors_precede_callback_execution ... ok
test builtin_semantics ... ok

test result: ok. 5 passed; 0 failed; 0 ignored; 0 measured; 0 filtered out; finished in 0.00s

     Running tests/compiler.rs (target/debug/deps/compiler-8e8e49522c4bfe91)

running 4 tests
test constant_errors_remain_runtime_errors_after_validation ... ok
test static_lookup_still_validates_and_normalizes_its_key ... ok
test constant_construction_keeps_identity_and_shape ... ok
test lookup_shapes_keys_and_calls ... ok

test result: ok. 4 passed; 0 failed; 0 ignored; 0 measured; 0 filtered out; finished in 0.00s

     Running tests/composition.rs (target/debug/deps/composition-d495a756fa864021)

running 7 tests
test concatenation_preserves_escape_and_surrogate_boundaries ... ok
test jsonata_stringification_is_distinct_from_output_serialization ... ok
test validation_and_error_order_are_preserved ... ok
test composed_calls_keep_resource_limits_and_record_isolation ... ok
test string_identity_and_partial_arguments_keep_borrowing ... ok
test direct_path_conversion_matches_dynamic_calls ... ok
test conversion_and_composition_semantics ... ok

test result: ok. 7 passed; 0 failed; 0 ignored; 0 measured; 0 filtered out; finished in 0.00s

     Running tests/conformance.rs (target/debug/deps/conformance-40cddbe4d9d4427d)

running 1 test
test pinned_upstream_groups_have_explicit_expected_outcomes ... ok

test result: ok. 1 passed; 0 failed; 0 ignored; 0 measured; 0 filtered out; finished in 2.23s

     Running tests/constructors.rs (target/debug/deps/constructors-a6f64bd373536e55)

running 9 tests
test object_construction_does_not_mutate_empty_input_arrays ... ok
test implicit_string_iteration_after_constructor_collapse_is_explicitly_deferred ... ok
test null_collapse_reports_a_type_error_instead_of_a_host_exception ... ok
test serialization_keeps_unicode_units_and_arbitrary_json_keys ... ok
test containers_own_structure_and_retain_borrowed_members ... ok
test construction_preserves_internal_numbers_and_undefined ... ok
test construction_validates_before_output_and_cancels_between_containers ... ok
test constructor_syntax_and_depth_are_bounded ... ok
test constructor_semantics ... ok

test result: ok. 9 passed; 0 failed; 0 ignored; 0 measured; 0 filtered out; finished in 0.01s

     Running tests/effects.rs (target/debug/deps/effects-478e0efd389e2d2b)

running 8 tests
test compatibility_boundaries_are_explicit ... ok
test skipped_effects_and_trivial_shuffles_do_not_draw ... ok
test dynamic_randomness_shares_the_injected_source ... ok
test eval_errors_keep_the_nested_diagnostic ... ok
test dynamic_errors_preserve_effects_and_shuffle_uses_one_shared_stream ... ok
test injected_randomness_is_shared_and_not_replayed ... ok
test dynamic_results_borrow_input_and_validation_precedes_effects ... ok
test dynamic_evaluation_semantics ... ok

test result: ok. 8 passed; 0 failed; 0 ignored; 0 measured; 0 filtered out; finished in 0.21s

     Running tests/execution.rs (target/debug/deps/execution-54f3e2427d52e331)

running 7 tests
test planned_regions_do_not_round_borrowed_output ... ok
test numeric_regions_keep_validation_and_error_precedence ... ok
test numeric_regions_accept_constructed_and_retained_contexts ... ok
test numeric_regions_preserve_missing_shape_and_record_isolation ... ok
test numeric_regions_compose_with_contexts_and_retention ... ok
test branches_fixed_objects_and_streamed_folds_compose ... ok
test numeric_regions_preserve_ordering_and_stream_cancellation ... ok

test result: ok. 7 passed; 0 failed; 0 ignored; 0 measured; 0 filtered out; finished in 0.00s

     Running tests/filters.rs (target/debug/deps/filters-498acedc1ac69cf4)

running 5 tests
test filtered_values_borrow_input_and_cancellation_stops_predicates ... ok
test undefined_sequence_items_remain_distinct_from_null ... ok
test upstream_stage_errors_take_precedence_over_later_stage_errors ... ok
test filter_semantics ... ok
test filters_have_bounded_depth_and_keep_deferred_syntax_explicit ... ok

test result: ok. 5 passed; 0 failed; 0 ignored; 0 measured; 0 filtered out; finished in 0.01s

     Running tests/formatting.rs (target/debug/deps/formatting-6654bbe0f9cbe392)

running 2 tests
test pictures_do_not_change_validation_or_argument_order ... ok
test numeric_and_date_picture_semantics ... ok

test result: ok. 2 passed; 0 failed; 0 ignored; 0 measured; 0 filtered out; finished in 0.01s

     Running tests/functions.rs (target/debug/deps/functions-a6515a4057481d3f)

running 5 tests
test ambiguous_signature_matching_is_bounded ... ok
test frame_recycling_preserves_escaped_callback_bindings ... ok
test function_runtime_semantics ... ok
test tail_borrowing_validation_and_reuse ... ok
test infinite_tail_calls_use_execution_budget_and_release_the_record ... ok

test result: ok. 5 passed; 0 failed; 0 ignored; 0 measured; 0 filtered out; finished in 0.61s

     Running tests/helpers.rs (target/debug/deps/helpers-b3aa71aefe3628d9)

running 4 tests
test helpers_preserve_borrowing_and_validation ... ok
test predicates_after_grouping_require_a_path_or_boundary ... ok
test user_messages_and_comment_errors_are_explicit ... ok
test everyday_helper_semantics ... ok

test result: ok. 4 passed; 0 failed; 0 ignored; 0 measured; 0 filtered out; finished in 0.01s

     Running tests/json_validation.rs (target/debug/deps/json_validation-e44178e449dfbb4d)

running 6 tests
test valid_json_syntax_and_utf8 ... ok
test invalid_json_syntax ... ok
test rejects_invalid_utf8_anywhere_even_in_unselected_fields ... ok
test deterministic_mutations_agree_with_serde_on_common_json_domain ... ok
test depth_limit_and_large_shallow_records ... ok
test planned_capture_preserves_complete_validation_and_exact_diagnostics ... ok

test result: ok. 6 passed; 0 failed; 0 ignored; 0 measured; 0 filtered out; finished in 0.03s

     Running tests/lexical.rs (target/debug/deps/lexical-bf2c9cff37c9ff52)

running 8 tests
test retained_output_obeys_consumer_cancellation ... ok
test retained_bindings_preserve_input_borrowing ... ok
test function_results_are_opaque_and_not_json ... ok
test deferred_features_and_constructor_binding_races_are_explicit ... ok
test recursion_accounts_for_large_function_bodies ... ok
test recursion_is_bounded_and_an_error_does_not_poison_reuse ... ok
test evaluations_isolate_scope_and_validate_before_execution ... ok
test lexical_semantics ... ok

test result: ok. 8 passed; 0 failed; 0 ignored; 0 measured; 0 filtered out; finished in 0.01s

     Running tests/matchers.rs (target/debug/deps/matchers-60a40e786f2b8fa2)

running 5 tests
test complete_validation_precedes_matcher_execution ... ok
test legacy_case_folding_and_native_coercion_are_explicitly_deferred ... ok
test independent_evaluations_and_cloned_expressions_have_fresh_cursors ... ok
test borrowing_and_continuation_retention ... ok
test matcher_semantics ... ok

test result: ok. 5 passed; 0 failed; 0 ignored; 0 measured; 0 filtered out; finished in 0.01s

     Running tests/navigation.rs (target/debug/deps/navigation-30d994a8a828e57f)

running 4 tests
test nested_fallbacks_compile_without_expanding_the_left_tree ... ok
test range_limits_and_deferred_tuple_navigation_are_explicit ... ok
test validation_borrowing_and_cancellation ... ok
test navigation_semantics ... ok

test result: ok. 4 passed; 0 failed; 0 ignored; 0 measured; 0 filtered out; finished in 0.00s

     Running tests/scalars.rs (target/debug/deps/scalars-3f00191b04973a56)

running 7 tests
test computed_scalars_and_literal_strings_need_no_owned_output ... ok
test expression_whitespace_matches_the_language_tokenizer ... ok
test operator_errors_have_expression_offsets_after_complete_validation ... ok
test duplicate_keys_unicode_and_binary64_boundaries ... ok
test compile_errors_and_expression_depth_are_bounded ... ok
test scalar_operators_and_sequence_operands ... ok
test structural_equality_and_boolean_casting_respect_input_depth_limits ... ok

test result: ok. 7 passed; 0 failed; 0 ignored; 0 measured; 0 filtered out; finished in 0.00s

     Running tests/semantics.rs (target/debug/deps/semantics-0a24414442d3f99b)

running 8 tests
test serialization_propagates_consumer_failure ... ok
test compact_serialization_preserves_string_and_number_bytes ... ok
test unsupported_semantics_fail_explicitly ... ok
test results_borrow_input_not_the_expression ... ok
test validate_before_returning_a_selected_value_or_semantic_error ... ok
test compile_once_reuse_across_records_and_threads ... ok
test object_paths_missing_and_raw_values ... ok
test field_names_compare_decoded_escapes ... ok

test result: ok. 8 passed; 0 failed; 0 ignored; 0 measured; 0 filtered out; finished in 0.00s

     Running tests/sequences.rs (target/debug/deps/sequences-807fc37769f900a3)

running 6 tests
test fully_validate_before_emitting_any_sequence_item ... ok
test streamed_values_borrow_their_original_ranges ... ok
test cancellation_preserves_the_consumer_error_and_stops_emission ... ok
test duplicate_keys_and_escaped_names_inside_arrays ... ok
test array_navigation_and_sequence_boundaries ... ok
test traversal_is_bounded_by_validated_input_depth_not_array_width ... ok

test result: ok. 6 passed; 0 failed; 0 ignored; 0 measured; 0 filtered out; finished in 0.01s

     Running tests/structure.rs (target/debug/deps/structure-b0a5f5f7d788211d)

running 8 tests
test undeducible_parents_fail_without_recursive_analysis ... ok
test transform_alias_boundaries_are_explicit ... ok
test unsupported_non_json_transform_edges_are_explicit ... ok
test validation_cancellation_and_record_isolation ... ok
test clone_conversion_preserves_utf16_and_checks_all_numeric_leaves ... ok
test clones_and_updates_keep_unrelated_leaves_borrowed ... ok
test resolved_parent_paths_count_toward_the_function_stack_budget ... ok
test parent_and_transform_semantics ... ok

test result: ok. 8 passed; 0 failed; 0 ignored; 0 measured; 0 filtered out; finished in 0.01s

     Running tests/tuples.rs (target/debug/deps/tuples-4c0d4251563b57c3)

running 5 tests
test invalid_bindings_and_parent_navigation_remain_explicit ... ok
test an_empty_scoped_group_constructs_an_empty_object ... ok
test scoped_paths_validate_before_output_and_borrow_selected_values ... ok
test cancellation_stops_scoped_stages_before_later_errors ... ok
test scoped_path_semantics ... ok

test result: ok. 5 passed; 0 failed; 0 ignored; 0 measured; 0 filtered out; finished in 0.00s

     Running unittests src/main.rs (target/debug/deps/jx-b40571f2d4c0a842)

running 3 tests
test stream::tests::oversized_unterminated_record_stays_bounded ... ok
test stream::tests::output_failure_stops_before_consuming_the_next_record ... ok
test stream::tests::framing_is_independent_of_buffer_boundaries ... ok

test result: ok. 3 passed; 0 failed; 0 ignored; 0 measured; 0 filtered out; finished in 0.00s

     Running tests/cli.rs (target/debug/deps/cli-cb8ecef0d5e941bc)

running 22 tests
test errors_have_distinct_exit_codes_and_record_context ... ok
test formatting_is_compiled_once_and_streams_records ... ok
test everyday_helpers_and_user_errors_stream_records ... ok
test filters_frame_values_and_report_streamed_errors ... ok
test builtins_frame_sequences_and_escape_computed_strings ... ok
test invalid_record_never_emits_a_partial_sequence ... ok
test aggregates_distinguish_missing_empty_and_failed_records ... ok
test ndjson_missing_null_arrays_and_final_unterminated_record ... ok
test kept_sequences_and_reductions_preserve_record_framing ... ok
test conversion_and_chaining_preserve_ndjson_boundaries ... ok
test constructors_frame_complete_outputs_and_mapped_failures ... ok
test matcher_results_keep_ndjson_framing_and_record_isolation ... ok
test lexical_runtime_is_fresh_for_each_record ... ok
test parent_navigation_and_transforms_preserve_record_boundaries ... ok
test exact_record_limit_including_cr_but_excluding_lf ... ok
test dynamic_eval_streams_records_and_wraps_errors ... ok
test scoped_paths_reset_bindings_and_preserve_sequence_framing ... ok
test streams_multiple_files_and_stdin_in_order ... ok
test help_empty_input_options_and_invalid_utf8 ... ok
test sequences_are_separate_lines_and_raw_arrays_stay_values ... ok
test signed_tail_functions_stream_and_report_record_errors ... ok
test scalar_results_and_runtime_errors_are_framed_per_record ... ok

test result: ok. 22 passed; 0 failed; 0 ignored; 0 measured; 0 filtered out; finished in 0.57s

   Doc-tests jx

running 1 test
test crates/jx/src/lib.rs - (line 4) ... ok

test result: ok. 1 passed; 0 failed; 0 ignored; 0 measured; 0 filtered out; finished in 0.01s

all doctests ran in 2.02s; merged doctests compilation took 1.50s
cargo bench -p jx --bench throughput --locked -- --smoke
    Finished `bench` profile [optimized] target(s) in 0.01s
     Running benches/throughput.rs (target/release/deps/throughput-1b5b3923bf796647)
workload,input_bytes,sample,records,seconds,records_per_second,input_bytes_per_second,allocations_per_record,allocated_bytes_per_record
compile,0,0,32,0.000010625,3011765,0,8.000000,578.000000
ascii/validate,100,0,32,0.000002958,10818120,1081812035,0.000000,0.000000
ascii/identity,100,0,32,0.000003459,9251229,925122868,0.000000,0.000000
ascii/shallow,100,0,32,0.000003375,9481481,948148148,0.000000,0.000000
ascii/nested,100,0,32,0.000003584,8928571,892857143,0.000000,0.000000
ascii/missing,100,0,32,0.000003250,9846154,984615385,0.000000,0.000000
ascii/array_value,100,0,32,0.000003375,9481481,948148148,0.000000,0.000000
ascii/identity_write,100,0,32,0.000005041,6347947,634794684,0.000000,0.000000
ascii/validate,500,0,32,0.000009708,3296251,1648125258,0.000000,0.000000
ascii/identity,500,0,32,0.000009875,3240506,1620253165,0.000000,0.000000
ascii/shallow,500,0,32,0.000010417,3071902,1535950850,0.000000,0.000000
ascii/nested,500,0,32,0.000010541,3035765,1517882554,0.000000,0.000000
ascii/missing,500,0,32,0.000010125,3160494,1580246914,0.000000,0.000000
ascii/array_value,500,0,32,0.000010375,3084337,1542168675,0.000000,0.000000
ascii/identity_write,500,0,32,0.000021084,1517739,758869285,0.000000,0.000000
ascii/validate,1024,0,32,0.000018209,1757373,1799549673,0.000000,0.000000
ascii/identity,1024,0,32,0.000018458,1733666,1775273594,0.000000,0.000000
ascii/shallow,1024,0,32,0.000019000,1684211,1724631579,0.000000,0.000000
ascii/nested,1024,0,32,0.000019084,1676797,1717040453,0.000000,0.000000
ascii/missing,1024,0,32,0.000018708,1710498,1751550139,0.000000,0.000000
ascii/array_value,1024,0,32,0.000018958,1687942,1728452368,0.000000,0.000000
ascii/identity_write,1024,0,32,0.000041292,774969,793567761,0.000000,0.000000
ascii/validate,10240,0,32,0.000169541,188745,1932747831,0.000000,0.000000
ascii/identity,10240,0,32,0.000169625,188651,1931790715,0.000000,0.000000
ascii/shallow,10240,0,32,0.000171791,186273,1907434033,0.000000,0.000000
ascii/nested,10240,0,32,0.000170625,187546,1920468864,0.000000,0.000000
ascii/missing,10240,0,32,0.000171958,186092,1905581596,0.000000,0.000000
ascii/array_value,10240,0,32,0.000167625,190902,1954839672,0.000000,0.000000
ascii/identity_write,10240,0,32,0.000389917,82069,840383979,0.000000,0.000000
ascii/validate,65536,0,32,0.000986458,32439,2125941500,0.000000,0.000000
ascii/identity,65536,0,32,0.000973500,32871,2154239343,0.000000,0.000000
ascii/shallow,65536,0,32,0.000997333,32086,2102760061,0.000000,0.000000
ascii/nested,65536,0,32,0.000973916,32857,2153319177,0.000000,0.000000
ascii/missing,65536,0,32,0.000974833,32826,2151293606,0.000000,0.000000
ascii/array_value,65536,0,32,0.001026125,31185,2043758801,0.000000,0.000000
ascii/identity_write,65536,0,32,0.002395708,13357,875378802,0.000000,0.000000
ascii/validate,1048576,0,32,0.016619917,1925,2018928975,0.000000,0.000000
ascii/identity,1048576,0,32,0.015930542,2009,2106295693,0.000000,0.000000
ascii/shallow,1048576,0,32,0.016255209,1969,2064226427,0.000000,0.000000
ascii/nested,1048576,0,32,0.016705125,1916,2008631004,0.000000,0.000000
ascii/missing,1048576,0,32,0.016853417,1899,1990957205,0.000000,0.000000
ascii/array_value,1048576,0,32,0.016933791,1890,1981507390,0.000000,0.000000
ascii/identity_write,1048576,0,32,0.039969083,801,839509678,0.000000,0.000000
structured/validate,485,0,32,0.000013958,2292592,1111907150,0.000000,0.000000
structured/identity,485,0,32,0.000015250,2098361,1017704918,0.000000,0.000000
structured/shallow,485,0,32,0.000015459,2069992,1003945921,0.000000,0.000000
structured/nested,485,0,32,0.000015583,2053520,995957133,0.000000,0.000000
structured/missing,485,0,32,0.000015417,2075631,1006680937,0.000000,0.000000
structured/array_value,485,0,32,0.000015500,2064516,1001290323,0.000000,0.000000
structured/identity_write,485,0,32,0.000023291,1373921,666351810,0.000000,0.000000
unicode_escaped_keys/validate,960,0,32,0.000025084,1275714,1224685058,0.000000,0.000000
unicode_escaped_keys/identity,960,0,32,0.000025167,1271506,1220646084,0.000000,0.000000
unicode_escaped_keys/shallow,960,0,32,0.000025708,1244749,1194958768,0.000000,0.000000
unicode_escaped_keys/nested,960,0,32,0.000026000,1230769,1181538462,0.000000,0.000000
unicode_escaped_keys/missing,960,0,32,0.000025625,1248780,1198829268,0.000000,0.000000
unicode_escaped_keys/array_value,960,0,32,0.000025750,1242718,1193009709,0.000000,0.000000
unicode_escaped_keys/identity_write,960,0,32,0.000044667,716413,687756062,0.000000,0.000000
array/shallow,78,0,32,0.000006791,4712119,367545281,0.000000,0.000000
array/nested,78,0,32,0.000007542,4242906,330946698,0.000000,0.000000
array/flatten,78,0,32,0.000006750,4740741,369777778,0.000000,0.000000
array/missing,78,0,32,0.000006583,4861006,379158438,0.000000,0.000000
array/root,67,0,32,0.000006417,4986754,334112514,0.000000,0.000000
array/cancel_first,78,0,32,0.000006958,4599023,358723771,0.000000,0.000000
array/shallow,540,0,32,0.000047584,672495,363147276,0.000000,0.000000
array/nested,540,0,32,0.000054709,584913,315852968,0.000000,0.000000
array/flatten,540,0,32,0.000052750,606635,327582938,0.000000,0.000000
array/missing,540,0,32,0.000045416,704597,380482649,0.000000,0.000000
array/root,529,0,32,0.000046958,681460,360492355,0.000000,0.000000
array/cancel_first,540,0,32,0.000023375,1368984,739251337,0.000000,0.000000
array/shallow,1074,0,32,0.000101458,315401,338741154,0.000000,0.000000
array/nested,1074,0,32,0.000112000,285714,306857143,0.000000,0.000000
array/flatten,1074,0,32,0.000107541,297561,319580439,0.000000,0.000000
array/missing,1074,0,32,0.000102458,312323,335435008,0.000000,0.000000
array/root,1063,0,32,0.000095959,333476,354484728,0.000000,0.000000
array/cancel_first,1074,0,32,0.000038917,822263,883110209,0.000000,0.000000
array/shallow,8606,0,32,0.000774916,41295,355383035,0.000000,0.000000
array/nested,8606,0,32,0.000890791,35923,309154448,0.000000,0.000000
array/flatten,8606,0,32,0.000870500,36760,316360712,0.000000,0.000000
array/missing,8606,0,32,0.000765416,41807,359793890,0.000000,0.000000
array/root,8595,0,32,0.000799625,40019,343961232,0.000000,0.000000
array/cancel_first,8606,0,32,0.000254917,125531,1080320261,0.000000,0.000000
array/shallow,69558,0,32,0.006320083,5063,352187780,0.000000,0.000000
array/nested,69558,0,32,0.007214708,4435,308516436,0.000000,0.000000
array/flatten,69558,0,32,0.007063542,4530,315118959,0.000000,0.000000
array/missing,69558,0,32,0.006108708,5238,364374267,0.000000,0.000000
array/root,69547,0,32,0.006296125,5082,353472017,0.000000,0.000000
array/cancel_first,69558,0,32,0.001915792,16703,1161846380,0.000000,0.000000
array/shallow,1135782,0,32,0.100711917,318,360881066,0.000000,0.000000
array/nested,1135782,0,32,0.116934875,274,310814237,0.000000,0.000000
array/flatten,1135782,0,32,0.113152584,283,321203659,0.000000,0.000000
array/missing,1135782,0,32,0.098215792,326,370052751,0.000000,0.000000
array/root,1135771,0,32,0.100003375,320,363434454,0.000000,0.000000
array/cancel_first,1135782,0,32,0.030996417,1032,1172555654,0.000000,0.000000
array/nested_contexts,972,0,32,0.000189209,169125,164389643,0.000000,0.000000
array/sparse,785,0,32,0.000133125,240376,188694836,0.000000,0.000000
array/deep,136,0,32,0.000396584,80689,10973716,0.000000,0.000000
array/empty,2,0,32,0.000000542,59040590,118081181,0.000000,0.000000
array/singleton,12,0,32,0.000002333,13716245,164594942,0.000000,0.000000
array/nested_values,31,0,32,0.000006458,4955094,153607928,0.000000,0.000000
compile/scalar,0,0,32,0.000059375,538947,0,72.000000,3870.000000
scalar/literal,100,0,32,0.000002625,12190476,1219047619,0.000000,0.000000
scalar/arithmetic,100,0,32,0.000011458,2792809,279280852,0.000000,0.000000
scalar/nested,100,0,32,0.000009792,3267974,326797386,0.000000,0.000000
scalar/comparison,100,0,32,0.000009250,3459459,345945946,0.000000,0.000000
scalar/strings,100,0,32,0.000006291,5086632,508663170,0.000000,0.000000
scalar/boolean,100,0,32,0.000010625,3011765,301176471,0.000000,0.000000
scalar/missing,100,0,32,0.000009167,3490782,349078215,0.000000,0.000000
scalar/short_circuit,100,0,32,0.000002792,11461318,1146131805,0.000000,0.000000
scalar/mixed,100,0,32,0.000006834,4682470,468247000,0.000000,0.000000
scalar/write,100,0,32,0.000010250,3121951,312195122,0.000000,0.000000
scalar/literal,500,0,32,0.000008792,3639672,1819836215,0.000000,0.000000
scalar/arithmetic,500,0,32,0.000029542,1083204,541601787,0.000000,0.000000
scalar/nested,500,0,32,0.000027875,1147982,573991031,0.000000,0.000000
scalar/comparison,500,0,32,0.000027209,1176081,588040722,0.000000,0.000000
scalar/strings,500,0,32,0.000018458,1733666,866832810,0.000000,0.000000
scalar/boolean,500,0,32,0.000028875,1108225,554112554,0.000000,0.000000
scalar/missing,500,0,32,0.000027292,1172505,586252382,0.000000,0.000000
scalar/short_circuit,500,0,32,0.000008917,3588651,1794325446,0.000000,0.000000
scalar/mixed,500,0,32,0.000013042,2453611,1226805705,0.000000,0.000000
scalar/write,500,0,32,0.000028416,1126126,563063063,0.000000,0.000000
scalar/literal,1024,0,32,0.000016625,1924812,1971007519,0.000000,0.000000
scalar/arithmetic,1024,0,32,0.000052333,611469,626144116,0.000000,0.000000
scalar/nested,1024,0,32,0.000050709,631052,646196928,0.000000,0.000000
scalar/comparison,1024,0,32,0.000052750,606635,621194313,0.000000,0.000000
scalar/strings,1024,0,32,0.000034000,941176,963764706,0.000000,0.000000
scalar/boolean,1024,0,32,0.000057042,560990,574453911,0.000000,0.000000
scalar/missing,1024,0,32,0.000050167,637870,653178384,0.000000,0.000000
scalar/short_circuit,1024,0,32,0.000016792,1905669,1951405431,0.000000,0.000000
scalar/mixed,1024,0,32,0.000020709,1545222,1582307209,0.000000,0.000000
scalar/write,1024,0,32,0.000063667,502615,514677934,0.000000,0.000000
scalar/literal,10240,0,32,0.000153542,208412,2134139193,0.000000,0.000000
scalar/arithmetic,10240,0,32,0.000472542,67719,693441006,0.000000,0.000000
scalar/nested,10240,0,32,0.000469583,68146,697810611,0.000000,0.000000
scalar/comparison,10240,0,32,0.000457958,69875,715524131,0.000000,0.000000
scalar/strings,10240,0,32,0.000302916,105640,1081752037,0.000000,0.000000
scalar/boolean,10240,0,32,0.000453250,70601,722956426,0.000000,0.000000
scalar/missing,10240,0,32,0.000472500,67725,693502646,0.000000,0.000000
scalar/short_circuit,10240,0,32,0.000153792,208073,2130669996,0.000000,0.000000
scalar/mixed,10240,0,32,0.000158084,202424,2072822044,0.000000,0.000000
scalar/write,10240,0,32,0.000456417,70111,717939954,0.000000,0.000000
scalar/literal,65536,0,32,0.001077500,29698,1946312761,0.000000,0.000000
scalar/arithmetic,65536,0,32,0.002980666,10736,703585038,0.000000,0.000000
scalar/nested,65536,0,32,0.002997958,10674,699526811,0.000000,0.000000
scalar/comparison,65536,0,32,0.003003875,10653,698148891,0.000000,0.000000
scalar/strings,65536,0,32,0.002033541,15736,1031280904,0.000000,0.000000
scalar/boolean,65536,0,32,0.003049667,10493,687665899,0.000000,0.000000
scalar/missing,65536,0,32,0.003110625,10287,674189914,0.000000,0.000000
scalar/short_circuit,65536,0,32,0.001056708,30283,1984608804,0.000000,0.000000
scalar/mixed,65536,0,32,0.001049083,30503,1999033442,0.000000,0.000000
scalar/write,65536,0,32,0.003076375,10402,681695827,0.000000,0.000000
scalar/literal,1048576,0,32,0.017018250,1880,1971673468,0.000000,0.000000
scalar/arithmetic,1048576,0,32,0.049672958,644,675507023,0.000000,0.000000
scalar/nested,1048576,0,32,0.049273167,649,680987930,0.000000,0.000000
scalar/comparison,1048576,0,32,0.049038750,653,684243216,0.000000,0.000000
scalar/strings,1048576,0,32,0.033370500,959,1005511814,0.000000,0.000000
scalar/boolean,1048576,0,32,0.049693042,644,675234010,0.000000,0.000000
scalar/missing,1048576,0,32,0.049367083,648,679692418,0.000000,0.000000
scalar/short_circuit,1048576,0,32,0.016200416,1975,2071208048,0.000000,0.000000
scalar/mixed,1048576,0,32,0.016900833,1893,1985371490,0.000000,0.000000
scalar/write,1048576,0,32,0.048532416,659,691381859,0.000000,0.000000
scalar/sequence_boolean,330,0,32,0.000056667,564703,186351845,0.000000,0.000000
scalar/sequence_array_equality,330,0,32,0.000080000,400000,132000000,0.000000,0.000000
scalar/sequence_equality,330,0,32,0.000103041,310556,102483477,3.000000,672.000000
scalar/array_equality,330,0,32,0.000119042,268813,88708187,16.000000,3264.000000
scalar/singleton,15,0,32,0.000004000,8000000,120000000,0.000000,0.000000
scalar/sequence_type_error,330,0,32,0.000035250,907801,299574468,0.000000,0.000000
scalar/object_equality,125,0,32,0.000045584,702001,87750088,3.000000,1396.000000
scalar/object_equality,2389,0,32,0.000729709,43853,104765050,7.000000,24948.000000
scalar/escaped_strings,26,0,32,0.000002833,11295447,293681610,0.000000,0.000000
compile/filter,0,0,32,0.000038708,826702,0,34.000000,1997.000000
filter/predicate,100,0,32,0.000016125,1984496,198449612,0.000000,0.000000
filter/none,100,0,32,0.000013333,2400060,240006000,0.000000,0.000000
filter/first,100,0,32,0.000010583,3023717,302371728,0.000000,0.000000
filter/last,100,0,32,0.000012541,2551631,255163065,0.000000,0.000000
filter/computed_last,100,0,32,0.000015083,2121594,212159385,0.000000,0.000000
filter/chained,100,0,32,0.000020833,1536025,153602458,0.000000,0.000000
filter/predicate,500,0,32,0.000029791,1074150,537074956,0.000000,0.000000
filter/none,500,0,32,0.000028083,1139479,569739700,0.000000,0.000000
filter/first,500,0,32,0.000023250,1376344,688172043,0.000000,0.000000
filter/last,500,0,32,0.000023541,1359331,679665265,0.000000,0.000000
filter/computed_last,500,0,32,0.000028500,1122807,561403509,0.000000,0.000000
filter/chained,500,0,32,0.000034250,934307,467153285,0.000000,0.000000
filter/predicate,1024,0,32,0.000046959,681446,697800209,0.000000,0.000000
filter/none,1024,0,32,0.000043666,732836,750423671,0.000000,0.000000
filter/first,1024,0,32,0.000040958,781288,800039064,0.000000,0.000000
filter/last,1024,0,32,0.000043000,744186,762046512,0.000000,0.000000
filter/computed_last,1024,0,32,0.000045583,702016,718864489,0.000000,0.000000
filter/chained,1024,0,32,0.000047000,680851,697191489,0.000000,0.000000
filter/predicate,10240,0,32,0.000331583,96507,988229191,0.000000,0.000000
filter/none,10240,0,32,0.000328334,97462,998008126,0.000000,0.000000
filter/first,10240,0,32,0.000324750,98537,1009022325,0.000000,0.000000
filter/last,10240,0,32,0.000326709,97946,1002972064,0.000000,0.000000
filter/computed_last,10240,0,32,0.000342583,93408,956498133,0.000000,0.000000
filter/chained,10240,0,32,0.000342792,93351,955914957,0.000000,0.000000
filter/predicate,65536,0,32,0.002059667,15536,1018199544,0.000000,0.000000
filter/none,65536,0,32,0.002082167,15369,1007196829,0.000000,0.000000
filter/first,65536,0,32,0.002108542,15176,994598163,0.000000,0.000000
filter/last,65536,0,32,0.002102916,15217,997259044,0.000000,0.000000
filter/computed_last,65536,0,32,0.002095583,15270,1000748718,0.000000,0.000000
filter/chained,65536,0,32,0.002096459,15264,1000330557,0.000000,0.000000
filter/predicate,1048576,0,32,0.033788791,947,993064002,0.000000,0.000000
filter/none,1048576,0,32,0.033824417,946,992018044,0.000000,0.000000
filter/first,1048576,0,32,0.033764417,948,993780879,0.000000,0.000000
filter/last,1048576,0,32,0.033075125,967,1014491465,0.000000,0.000000
filter/computed_last,1048576,0,32,0.033252167,962,1009090084,0.000000,0.000000
filter/chained,1048576,0,32,0.033250667,962,1009135606,0.000000,0.000000
filter/wide_predicate,164,0,32,0.000053667,596270,97788212,0.000000,0.000000
filter/wide_last,164,0,32,0.000027667,1156613,189684462,0.000000,0.000000
filter/sequence_last,164,0,32,0.000056417,567205,93021607,0.000000,0.000000
filter/wide_predicate,2736,0,32,0.000841042,38048,104099439,0.000000,0.000000
filter/wide_last,2736,0,32,0.000384125,83306,227925805,0.000000,0.000000
filter/sequence_last,2736,0,32,0.000762958,41942,114753368,0.000000,0.000000
filter/wide_predicate,23392,0,32,0.006886292,4647,108700590,0.000000,0.000000
filter/wide_last,23392,0,32,0.002969875,10775,252045625,0.000000,0.000000
filter/sequence_last,23392,0,32,0.006043792,5295,123853369,0.000000,0.000000
filter/nested,892,0,32,0.000421084,75994,67786950,0.000000,0.000000
filter/per_group,892,0,32,0.000306375,104447,93166871,0.000000,0.000000
filter/global,892,0,32,0.000194792,164278,146535792,0.000000,0.000000
filter/deep,136,0,32,0.000408833,78272,10644933,0.000000,0.000000
filter/negative_chain,20,0,32,0.000279625,114439,2288780,0.000000,0.000000
compile/aggregate,0,0,32,0.000044917,712425,0,48.000000,3185.000000
aggregate/count,100,0,32,0.000007917,4041935,404193508,0.000000,0.000000
aggregate/sum,100,0,32,0.000008208,3898635,389863548,0.000000,0.000000
aggregate/min,100,0,32,0.000008250,3878788,387878788,0.000000,0.000000
aggregate/max,100,0,32,0.000008250,3878788,387878788,0.000000,0.000000
aggregate/filtered_count,100,0,32,0.000005292,6046863,604686319,0.000000,0.000000
aggregate/filtered_sum,100,0,32,0.000005458,5862953,586295346,0.000000,0.000000
aggregate/empty_sum,100,0,32,0.000005208,6144393,614439324,0.000000,0.000000
aggregate/count,500,0,32,0.000020042,1596647,798323521,0.000000,0.000000
aggregate/sum,500,0,32,0.000020417,1567321,783660675,0.000000,0.000000
aggregate/min,500,0,32,0.000020500,1560976,780487805,0.000000,0.000000
aggregate/max,500,0,32,0.000020375,1570552,785276074,0.000000,0.000000
aggregate/filtered_count,500,0,32,0.000011375,2813187,1406593407,0.000000,0.000000
aggregate/filtered_sum,500,0,32,0.000011500,2782609,1391304348,0.000000,0.000000
aggregate/empty_sum,500,0,32,0.000011334,2823363,1411681666,0.000000,0.000000
aggregate/count,1024,0,32,0.000035417,903521,925205410,0.000000,0.000000
aggregate/sum,1024,0,32,0.000035792,894055,915511846,0.000000,0.000000
aggregate/min,1024,0,32,0.000035875,891986,913393728,0.000000,0.000000
aggregate/max,1024,0,32,0.000035833,893032,914464321,0.000000,0.000000
aggregate/filtered_count,1024,0,32,0.000019208,1665973,1705955852,0.000000,0.000000
aggregate/filtered_sum,1024,0,32,0.000019208,1665973,1705955852,0.000000,0.000000
aggregate/empty_sum,1024,0,32,0.000019125,1673203,1713359477,0.000000,0.000000
aggregate/count,10240,0,32,0.000304500,105090,1076124795,0.000000,0.000000
aggregate/sum,10240,0,32,0.000304791,104990,1075097362,0.000000,0.000000
aggregate/min,10240,0,32,0.000315083,101561,1039979942,0.000000,0.000000
aggregate/max,10240,0,32,0.000304917,104947,1074653102,0.000000,0.000000
aggregate/filtered_count,10240,0,32,0.000156083,205019,2099395834,0.000000,0.000000
aggregate/filtered_sum,10240,0,32,0.000172458,185552,1900056825,0.000000,0.000000
aggregate/empty_sum,10240,0,32,0.000155875,205293,2102197273,0.000000,0.000000
aggregate/count,65536,0,32,0.001997709,16018,1049778521,0.000000,0.000000
aggregate/sum,65536,0,32,0.002014125,15888,1041222367,0.000000,0.000000
aggregate/min,65536,0,32,0.002018500,15853,1038965568,0.000000,0.000000
aggregate/max,65536,0,32,0.002070917,15452,1012668301,0.000000,0.000000
aggregate/filtered_count,65536,0,32,0.001037666,30838,2021027961,0.000000,0.000000
aggregate/filtered_sum,65536,0,32,0.001047167,30559,2002691070,0.000000,0.000000
aggregate/empty_sum,65536,0,32,0.001047250,30556,2002532347,0.000000,0.000000
aggregate/count,1048576,0,32,0.033358125,959,1005884833,0.000000,0.000000
aggregate/sum,1048576,0,32,0.032989000,970,1017140016,0.000000,0.000000
aggregate/min,1048576,0,32,0.033338042,960,1006490783,0.000000,0.000000
aggregate/max,1048576,0,32,0.033353417,959,1006026819,0.000000,0.000000
aggregate/filtered_count,1048576,0,32,0.016898625,1894,1985630902,0.000000,0.000000
aggregate/filtered_sum,1048576,0,32,0.016717167,1914,2007184112,0.000000,0.000000
aggregate/empty_sum,1048576,0,32,0.016861167,1898,1990042089,0.000000,0.000000
aggregate/array_count,23,0,32,0.000005917,5408146,124387358,0.000000,0.000000
aggregate/array_sum,23,0,32,0.000007333,4363835,100368199,0.000000,0.000000
aggregate/array_min,23,0,32,0.000007500,4266667,98133333,0.000000,0.000000
aggregate/array_max,23,0,32,0.000007334,4363240,100354513,0.000000,0.000000
aggregate/sequence_sum,23,0,32,0.000013875,2306306,53045045,0.000000,0.000000
aggregate/computed_sum,23,0,32,0.000010250,3121951,71804878,0.000000,0.000000
aggregate/wide_filtered_sum,23,0,32,0.000027208,1176125,27050867,0.000000,0.000000
aggregate/array_count,409,0,32,0.000072125,443674,181462738,0.000000,0.000000
aggregate/array_sum,409,0,32,0.000099875,320401,131043805,0.000000,0.000000
aggregate/array_min,409,0,32,0.000094250,339523,138864721,0.000000,0.000000
aggregate/array_max,409,0,32,0.000094167,339822,138987119,0.000000,0.000000
aggregate/sequence_sum,409,0,32,0.000173167,184793,75580220,0.000000,0.000000
aggregate/computed_sum,409,0,32,0.000137916,232025,94898344,0.000000,0.000000
aggregate/wide_filtered_sum,409,0,32,0.000340292,94037,38461086,0.000000,0.000000
aggregate/array_count,4017,0,32,0.000581042,55073,221230135,0.000000,0.000000
aggregate/array_sum,4017,0,32,0.000779542,41050,164896824,0.000000,0.000000
aggregate/array_min,4017,0,32,0.000742083,43122,173220516,0.000000,0.000000
aggregate/array_max,4017,0,32,0.000760000,42105,169136842,0.000000,0.000000
aggregate/sequence_sum,4017,0,32,0.001360750,23516,94465552,0.000000,0.000000
aggregate/computed_sum,4017,0,32,0.001103625,28995,116474346,0.000000,0.000000
aggregate/wide_filtered_sum,4017,0,32,0.002859833,11189,44948079,0.000000,0.000000
aggregate/array_count,87201,0,32,0.009802333,3265,284670190,0.000000,0.000000
aggregate/array_sum,87201,0,32,0.012765083,2507,218598814,0.000000,0.000000
aggregate/array_min,87201,0,32,0.012758083,2508,218718753,0.000000,0.000000
aggregate/array_max,87201,0,32,0.012769333,2506,218526058,0.000000,0.000000
aggregate/sequence_sum,87201,0,32,0.022609459,1415,123418787,0.000000,0.000000
aggregate/computed_sum,87201,0,32,0.017531625,1825,159165622,0.000000,0.000000
aggregate/wide_filtered_sum,87201,0,32,0.048888459,655,57077520,0.000000,0.000000
aggregate/nested_sum,1036,0,32,0.000252417,126774,131338222,0.000000,0.000000
aggregate/nested_filtered_sum,1036,0,32,0.000463500,69040,71525351,0.000000,0.000000
aggregate/nested_filtered_count,1036,0,32,0.000456500,70099,72622125,0.000000,0.000000
aggregate/nested_sum,16396,0,32,0.003910166,8184,134181516,0.000000,0.000000
aggregate/nested_filtered_sum,16396,0,32,0.007203625,4442,72834441,0.000000,0.000000
aggregate/nested_filtered_count,16396,0,32,0.007132000,4487,73565900,0.000000,0.000000
aggregate/nested_sum,1048588,0,32,0.253472750,126,132380368,0.000000,0.000000
aggregate/nested_filtered_sum,1048588,0,32,0.459399584,70,73040589,0.000000,0.000000
aggregate/nested_filtered_count,1048588,0,32,0.452464292,71,74160142,0.000000,0.000000
aggregate/deep_sum,136,0,32,0.000435917,73408,9983552,0.000000,0.000000
aggregate/deep_filtered_sum,136,0,32,0.000437458,73150,9948384,0.000000,0.000000
compile/constructor,0,0,32,0.000102750,311436,0,84.000000,6161.000000
construct/raw_member,100,0,32,0.000005958,5370930,537092984,3.000000,168.000000
construct/raw_member_write,100,0,32,0.000008250,3878788,387878788,3.000000,168.000000
construct/scalars,100,0,32,0.000017083,1873207,187320728,3.000000,552.000000
construct/filtered_summary,100,0,32,0.000030708,1042074,104207373,5.000000,368.000000
construct/nested,100,0,32,0.000050667,631575,63157479,15.000000,1352.000000
construct/navigate,100,0,32,0.000017625,1815603,181560284,3.000000,168.000000
construct/raw_member,500,0,32,0.000012792,2501563,1250781739,3.000000,168.000000
construct/raw_member_write,500,0,32,0.000024292,1317306,658653055,3.000000,168.000000
construct/scalars,500,0,32,0.000036750,870748,435374150,3.000000,552.000000
construct/filtered_summary,500,0,32,0.000050459,634178,317089122,5.000000,368.000000
construct/nested,500,0,32,0.000077959,410472,205236086,15.000000,1352.000000
construct/navigate,500,0,32,0.000031083,1029502,514750828,3.000000,168.000000
construct/raw_member,1024,0,32,0.000021417,1494140,1529999533,3.000000,168.000000
construct/raw_member_write,1024,0,32,0.000044666,716429,733622890,3.000000,168.000000
construct/scalars,1024,0,32,0.000062042,515780,528158344,3.000000,552.000000
construct/filtered_summary,1024,0,32,0.000075958,421285,431396298,5.000000,368.000000
construct/nested,1024,0,32,0.000111667,286566,293443900,15.000000,1352.000000
construct/navigate,1024,0,32,0.000047750,670157,686240838,3.000000,168.000000
construct/raw_member,10240,0,32,0.000172834,185149,1895923256,3.000000,168.000000
construct/raw_member_write,10240,0,32,0.000400375,79925,818432719,3.000000,168.000000
construct/scalars,10240,0,32,0.000522166,61283,627539901,3.000000,552.000000
construct/filtered_summary,10240,0,32,0.000519125,61642,631215988,5.000000,368.000000
construct/nested,10240,0,32,0.000701375,45625,467196578,15.000000,1352.000000
construct/navigate,10240,0,32,0.000345791,92541,947624432,3.000000,168.000000
construct/raw_member,65536,0,32,0.001087083,29437,1929155363,3.000000,168.000000
construct/raw_member_write,65536,0,32,0.002546458,12566,823556485,3.000000,168.000000
construct/scalars,65536,0,32,0.003186542,10042,658127839,3.000000,552.000000
construct/filtered_summary,65536,0,32,0.003189584,10033,657500163,5.000000,368.000000
construct/nested,65536,0,32,0.004284750,7468,489445592,15.000000,1352.000000
construct/navigate,65536,0,32,0.002126375,15049,986256893,3.000000,168.000000
construct/raw_member,1048576,0,32,0.017266458,1853,1943330358,3.000000,168.000000
construct/raw_member_write,1048576,0,32,0.040869958,783,821004807,3.000000,168.000000
construct/scalars,1048576,0,32,0.049271333,649,681013278,3.000000,552.000000
construct/filtered_summary,1048576,0,32,0.048666500,658,689476991,5.000000,368.000000
construct/nested,1048576,0,32,0.066028167,485,508183606,15.000000,1352.000000
construct/navigate,1048576,0,32,0.032330500,990,1037856884,3.000000,168.000000
construct/mapped_objects,262,0,32,0.000076083,420593,110195444,12.000000,1184.000000
construct/collected_objects,262,0,32,0.000079208,404000,105847894,15.000000,1352.000000
construct/collected_write,262,0,32,0.000085542,374085,98010334,15.000000,1352.000000
construct/filtered_aggregate,262,0,32,0.000087625,365193,95680456,3.000000,296.000000
construct/mapped_objects,4334,0,32,0.001083125,29544,128044316,192.000000,18944.000000
construct/collected_objects,4334,0,32,0.001142083,28019,121434257,199.000000,21992.000000
construct/collected_write,4334,0,32,0.001245834,25686,111321412,199.000000,21992.000000
construct/filtered_aggregate,4334,0,32,0.001212958,26382,114338666,3.000000,296.000000
construct/mapped_objects,36190,0,32,0.008887584,3601,130303128,1536.000000,151552.000000
construct/collected_objects,36190,0,32,0.008942250,3579,129506556,1546.000000,176104.000000
construct/collected_write,36190,0,32,0.009840792,3252,117681585,1546.000000,176104.000000
construct/filtered_aggregate,36190,0,32,0.009587791,3338,120786947,3.000000,296.000000
construct/mapped_objects,624958,0,32,0.145064667,221,137860283,24576.000000,2424832.000000
construct/collected_objects,624958,0,32,0.145630208,220,137324915,24590.000000,2818024.000000
construct/collected_write,624958,0,32,0.158372208,202,126276297,24590.000000,2818024.000000
construct/filtered_aggregate,624958,0,32,0.159577167,201,125322791,3.000000,296.000000
construct/nested_summary,1036,0,32,0.000883667,36213,37516395,3.000000,296.000000
construct/nested_summary,16396,0,32,0.013735208,2330,38199057,3.000000,296.000000
construct/nested_summary,1048588,0,32,0.870659875,37,38539523,3.000000,296.000000
compile/lexical,0,0,32,0.000050834,629500,0,40.000000,2784.000000
lexical/lookup,100,0,32,0.000012209,2621017,262101728,5.000000,568.000000
lexical/repeated_binding,100,0,32,0.000014625,2188034,218803419,5.000000,568.000000
lexical/retained_sequence,100,0,32,0.000021209,1508793,150879344,7.000000,712.000000
lexical/closure_call,100,0,32,0.000021500,1488372,148837209,7.000000,792.000000
lexical/escaped_closure,100,0,32,0.000024666,1297332,129733236,9.000000,1016.000000
lexical/mixed,100,0,32,0.000043583,734231,73423124,13.000000,1504.000000
lexical/lookup,500,0,32,0.000025500,1254902,627450980,5.000000,568.000000
lexical/repeated_binding,500,0,32,0.000027833,1149714,574857184,5.000000,568.000000
lexical/retained_sequence,500,0,32,0.000032667,979582,489790921,7.000000,712.000000
lexical/closure_call,500,0,32,0.000042000,761905,380952381,7.000000,792.000000
lexical/escaped_closure,500,0,32,0.000045042,710448,355224013,9.000000,1016.000000
lexical/mixed,500,0,32,0.000063917,500649,250324640,13.000000,1504.000000
lexical/lookup,1024,0,32,0.000042500,752941,771011765,5.000000,568.000000
lexical/repeated_binding,1024,0,32,0.000044833,713760,730890192,5.000000,568.000000
lexical/retained_sequence,1024,0,32,0.000049583,645382,660871670,7.000000,712.000000
lexical/closure_call,1024,0,32,0.000066833,478805,490296710,7.000000,792.000000
lexical/escaped_closure,1024,0,32,0.000070125,456328,467279857,9.000000,1016.000000
lexical/mixed,1024,0,32,0.000088708,360734,369391712,13.000000,1504.000000
lexical/lookup,10240,0,32,0.000339875,94152,964119161,5.000000,568.000000
lexical/repeated_binding,10240,0,32,0.000345917,92508,947279261,5.000000,568.000000
lexical/retained_sequence,10240,0,32,0.000346667,92308,945229860,7.000000,712.000000
lexical/closure_call,10240,0,32,0.000500417,63947,654813885,7.000000,792.000000
lexical/escaped_closure,10240,0,32,0.000506167,63220,647375273,9.000000,1016.000000
lexical/mixed,10240,0,32,0.000534292,59892,613297598,13.000000,1504.000000
lexical/lookup,65536,0,32,0.002113416,15141,992304402,5.000000,568.000000
lexical/repeated_binding,65536,0,32,0.002161333,14806,970304900,5.000000,568.000000
lexical/retained_sequence,65536,0,32,0.002103167,15215,997140027,7.000000,712.000000
lexical/closure_call,65536,0,32,0.003170042,10095,661553380,7.000000,792.000000
lexical/escaped_closure,65536,0,32,0.003167375,10103,662110423,9.000000,1016.000000
lexical/mixed,65536,0,32,0.003214541,9955,652395474,13.000000,1504.000000
lexical/lookup,1048576,0,32,0.033543208,954,1000334613,5.000000,568.000000
lexical/repeated_binding,1048576,0,32,0.033604417,952,998512547,5.000000,568.000000
lexical/retained_sequence,1048576,0,32,0.033380375,959,1005214351,7.000000,712.000000
lexical/closure_call,1048576,0,32,0.050689167,631,661964557,7.000000,792.000000
lexical/escaped_closure,1048576,0,32,0.050733417,631,661387188,9.000000,1016.000000
lexical/mixed,1048576,0,32,0.050256916,637,667658000,13.000000,1504.000000
lexical/mapped_calls,106,0,32,0.000057792,553710,58693245,10.000000,1128.000000
lexical/repeated_projection,106,0,32,0.000034542,926408,98199294,8.000000,904.000000
lexical/mapped_calls,1692,0,32,0.000698917,45785,77468426,14.000000,6888.000000
lexical/repeated_projection,1692,0,32,0.000358625,89230,150976647,12.000000,6664.000000
lexical/mapped_calls,14260,0,32,0.005425834,5898,84101357,17.000000,49896.000000
lexical/repeated_projection,14260,0,32,0.002785125,11490,163841838,15.000000,49672.000000
lexical/mapped_calls,251044,0,32,0.088147459,363,91136013,21.000000,787176.000000
lexical/repeated_projection,251044,0,32,0.044225667,724,181645830,19.000000,786952.000000
lexical/nested_retention,1036,0,32,0.000491208,65146,67490757,10.000000,2056.000000
lexical/nested_retention,16396,0,32,0.007490875,4272,70041484,14.000000,25096.000000
lexical/nested_retention,1048588,0,32,0.477022875,67,70342153,20.000000,1573384.000000
compile/nested_fallback,0,0,32,0.000133125,240376,0,113.000000,7201.000000
compile/navigation,0,0,32,0.000068292,468576,0,55.000000,4199.000000
navigation/keep,100,0,32,0.000017708,1807093,180709284,2.000000,144.000000
navigation/wildcard,100,0,32,0.000031125,1028112,102811245,8.000000,1072.000000
navigation/descendants,100,0,32,0.000042500,752941,75294118,8.000000,1072.000000
navigation/ordering,100,0,32,0.000020625,1551515,155151515,6.000000,320.000000
navigation/grouping,100,0,32,0.000027875,1147982,114798206,11.000000,824.000000
navigation/membership,100,0,32,0.000020083,1593387,159338744,2.000000,32.000000
navigation/fallback,100,0,32,0.000010417,3071902,307190170,0.000000,0.000000
navigation/mixed,100,0,32,0.000031792,1006543,100654253,11.000000,1032.000000
navigation/keep,500,0,32,0.000031167,1026727,513363493,2.000000,144.000000
navigation/wildcard,500,0,32,0.000044583,717762,358881188,8.000000,1072.000000
navigation/descendants,500,0,32,0.000068542,466867,233433515,8.000000,1072.000000
navigation/ordering,500,0,32,0.000033875,944649,472324723,6.000000,320.000000
navigation/grouping,500,0,32,0.000041500,771084,385542169,11.000000,824.000000
navigation/membership,500,0,32,0.000033125,966038,483018868,2.000000,32.000000
navigation/fallback,500,0,32,0.000030167,1060762,530380880,0.000000,0.000000
navigation/mixed,500,0,32,0.000045625,701370,350684932,11.000000,1032.000000
navigation/keep,1024,0,32,0.000047917,667821,683849156,2.000000,144.000000
navigation/wildcard,1024,0,32,0.000062042,515780,528158344,8.000000,1072.000000
navigation/descendants,1024,0,32,0.000103041,310556,318009336,8.000000,1072.000000
navigation/ordering,1024,0,32,0.000050750,630542,645674877,6.000000,320.000000
navigation/grouping,1024,0,32,0.000061250,522449,534987755,11.000000,824.000000
navigation/membership,1024,0,32,0.000049667,644291,659753961,2.000000,32.000000
navigation/fallback,1024,0,32,0.000055500,576577,590414414,0.000000,0.000000
navigation/mixed,1024,0,32,0.000062750,509960,522199203,11.000000,1032.000000
navigation/keep,10240,0,32,0.000345416,92642,948653218,2.000000,144.000000
navigation/wildcard,10240,0,32,0.000358875,89168,913075583,8.000000,1072.000000
navigation/descendants,10240,0,32,0.000693083,46171,472786088,8.000000,1072.000000
navigation/ordering,10240,0,32,0.000355125,90109,922717353,6.000000,320.000000
navigation/grouping,10240,0,32,0.000355583,89993,921528869,11.000000,824.000000
navigation/membership,10240,0,32,0.000353209,90598,927722680,2.000000,32.000000
navigation/fallback,10240,0,32,0.000498792,64155,656947184,0.000000,0.000000
navigation/mixed,10240,0,32,0.000359041,89126,912653430,11.000000,1032.000000
navigation/keep,65536,0,32,0.002143250,14931,978491543,2.000000,144.000000
navigation/wildcard,65536,0,32,0.002148333,14895,976176412,8.000000,1072.000000
navigation/descendants,65536,0,32,0.004254875,7521,492882165,8.000000,1072.000000
navigation/ordering,65536,0,32,0.002142084,14939,979024165,6.000000,320.000000
navigation/grouping,65536,0,32,0.002143625,14928,978320369,11.000000,824.000000
navigation/membership,65536,0,32,0.002137083,14974,981315185,2.000000,32.000000
navigation/fallback,65536,0,32,0.003158708,10131,663927150,0.000000,0.000000
navigation/mixed,65536,0,32,0.002157375,14833,972085057,11.000000,1032.000000
navigation/keep,1048576,0,32,0.034005458,941,986736659,2.000000,144.000000
navigation/wildcard,1048576,0,32,0.034168250,937,982035428,8.000000,1072.000000
navigation/descendants,1048576,0,32,0.067181083,476,499462505,8.000000,1072.000000
navigation/ordering,1048576,0,32,0.033611417,952,998304594,6.000000,320.000000
navigation/grouping,1048576,0,32,0.033164125,965,1011768952,11.000000,824.000000
navigation/membership,1048576,0,32,0.033669292,950,996588583,2.000000,32.000000
navigation/fallback,1048576,0,32,0.049734250,643,674674535,0.000000,0.000000
navigation/mixed,1048576,0,32,0.033673375,950,996467743,11.000000,1032.000000
navigation/wide_sort,250,0,32,0.000086958,367994,91998436,7.000000,752.000000
navigation/wide_group,250,0,32,0.000067583,473492,118372964,10.000000,1016.000000
navigation/wide_descendants,250,0,32,0.000125125,255744,63936064,20.000000,2680.000000
navigation/range,250,0,32,0.000031083,1029502,257375414,4.000000,360.000000
navigation/wide_sort,4144,0,32,0.002274125,14071,58311658,11.000000,11312.000000
navigation/wide_group,4144,0,32,0.000915250,34963,144887189,18.000000,9656.000000
navigation/wide_descendants,4144,0,32,0.001832792,17460,72353000,260.000000,34840.000000
navigation/range,4144,0,32,0.000406958,78632,325851808,8.000000,6120.000000
navigation/wide_sort,34657,0,32,0.023679500,1351,46834773,14.000000,90160.000000
navigation/wide_group,34657,0,32,0.007363375,4346,150613543,24.000000,74168.000000
navigation/wide_descendants,34657,0,32,0.013944917,2295,79528906,2052.000000,274968.000000
navigation/range,34657,0,32,0.003330625,9608,332977744,11.000000,49128.000000
navigation/wide_sort,600386,0,32,0.510399250,63,37641811,18.000000,1441840.000000
navigation/wide_group,600386,0,32,0.117438333,272,163595238,32.000000,1180088.000000
navigation/wide_descendants,600386,0,32,0.224463042,143,85592496,32772.000000,4391448.000000
navigation/range,600386,0,32,0.053053792,603,362129666,15.000000,786408.000000
navigation/distinct_groups,194,0,32,0.000058708,545071,105743681,5.000000,1464.000000
navigation/distinct_groups,3246,0,32,0.002860041,11189,36318360,10.000000,36664.000000
navigation/distinct_groups,27486,0,32,0.134345167,238,6546957,13.000000,294712.000000
navigation/deep_descendants,24,0,32,0.000025167,1271506,30516152,4.000000,536.000000
navigation/deep_descendants,72,0,32,0.000172458,185552,13359775,4.000000,536.000000
navigation/deep_descendants,136,0,32,0.000811416,39437,5363463,4.000000,536.000000
compiler/lookup_8_hit,501,0,32,0.000012917,2477355,1241155067,0.000000,0.000000
rust/lookup_8_hit,501,0,32,0.000009750,3282051,1644307692,0.000000,0.000000
compiler/lookup_8_miss,501,0,32,0.000010000,3200000,1603200000,0.000000,0.000000
rust/lookup_8_miss,501,0,32,0.000009542,3353595,1680150912,0.000000,0.000000
compiler/varying_lookup_8,501,0,32,0.000012917,2477355,1241155067,0.000000,0.000000
rust/varying_lookup_8,501,0,32,0.000009791,3268308,1637422122,0.000000,0.000000
compiler/bound_lookup_8,16,0,32,0.000011125,2876404,46022472,6.000000,584.000000
compile/lookup_8,0,0,32,0.000106750,299766,0,60.000000,5513.000000
compiler/lookup_128_hit,501,0,32,0.000013416,2385212,1194991055,0.000000,0.000000
rust/lookup_128_hit,501,0,32,0.000008750,3657143,1832228571,0.000000,0.000000
compiler/lookup_128_miss,501,0,32,0.000009500,3368421,1687578947,0.000000,0.000000
rust/lookup_128_miss,501,0,32,0.000009500,3368421,1687578947,0.000000,0.000000
compiler/varying_lookup_128,501,0,32,0.000014459,2213154,1108790373,0.000000,0.000000
rust/varying_lookup_128,501,0,32,0.000009667,3310231,1658425572,0.000000,0.000000
compiler/bound_lookup_128,16,0,32,0.000014041,2279040,36464639,6.000000,584.000000
compile/lookup_128,0,0,32,0.005539000,5777,0,669.000000,95553.000000
compiler/lookup_1024_hit,501,0,32,0.000015958,2005264,1004637173,0.000000,0.000000
rust/lookup_1024_hit,501,0,32,0.000009750,3282051,1644307692,0.000000,0.000000
compiler/lookup_1024_miss,501,0,32,0.000010750,2976744,1491348837,0.000000,0.000000
rust/lookup_1024_miss,501,0,32,0.000009542,3353595,1680150912,0.000000,0.000000
compiler/varying_lookup_1024,501,0,32,0.000018000,1777778,890666667,0.000000,0.000000
rust/varying_lookup_1024,501,0,32,0.000010458,3059858,1532989099,0.000000,0.000000
compiler/bound_lookup_1024,16,0,32,0.000015334,2086866,33389853,6.000000,584.000000
compile/lookup_1024,0,0,32,0.255128709,125,0,5156.000000,771265.000000
compiler/lookup_4096_hit,501,0,32,0.000017625,1815603,909617021,0.000000,0.000000
rust/lookup_4096_hit,501,0,32,0.000009709,3295911,1651251416,0.000000,0.000000
compiler/lookup_4096_miss,501,0,32,0.000011250,2844444,1425066667,0.000000,0.000000
rust/lookup_4096_miss,501,0,32,0.000009625,3324675,1665662338,0.000000,0.000000
compiler/varying_lookup_4096,501,0,32,0.000019000,1684211,843789474,0.000000,0.000000
rust/varying_lookup_4096,501,0,32,0.000013250,2415094,1209962264,0.000000,0.000000
compiler/bound_lookup_4096,16,0,32,0.000016375,1954198,31267176,6.000000,584.000000
compile/lookup_4096,0,0,32,3.360845667,10,0,20520.000000,3084481.000000
compiler/constant_scalar,100,0,32,0.000003083,10379500,1037950049,0.000000,0.000000
compiler/repeated_fields,100,0,32,0.000006375,5019608,501960784,0.000000,0.000000
compiler/dynamic_leaves,100,0,32,0.000006125,5224490,522448980,3.000000,152.000000
compiler/filtered_sum,100,0,32,0.000006250,5120000,512000000,0.000000,0.000000
compiler/invariant_aggregate,100,0,32,0.000006709,4769712,476971233,0.000000,0.000000
compiler/builtin_reference,100,0,32,0.000003000,10666667,1066666667,0.000000,0.000000
compiler/static_array,100,0,32,0.000003333,9600960,960096010,1.000000,16.000000
compiler/constant_membership,100,0,32,0.000010625,3011765,301176471,1.000000,16.000000
compiler/lookup_record,100,0,32,0.000007958,4021111,402111083,0.000000,0.000000
rust/repeated_fields,100,0,32,0.000003833,8348552,834855205,0.000000,0.000000
compiler/constant_scalar,500,0,32,0.000010042,3186616,1593308106,0.000000,0.000000
compiler/repeated_fields,500,0,32,0.000013041,2453800,1226899778,0.000000,0.000000
compiler/dynamic_leaves,500,0,32,0.000013000,2461538,1230769231,3.000000,152.000000
compiler/filtered_sum,500,0,32,0.000013000,2461538,1230769231,0.000000,0.000000
compiler/invariant_aggregate,500,0,32,0.000020458,1564180,782090136,0.000000,0.000000
compiler/builtin_reference,500,0,32,0.000010000,3200000,1600000000,0.000000,0.000000
compiler/static_array,500,0,32,0.000010292,3109211,1554605519,1.000000,16.000000
compiler/constant_membership,500,0,32,0.000024042,1331004,665502038,1.000000,16.000000
compiler/lookup_record,500,0,32,0.000014625,2188034,1094017094,0.000000,0.000000
rust/repeated_fields,500,0,32,0.000010958,2920241,1460120460,0.000000,0.000000
compiler/constant_scalar,1024,0,32,0.000018584,1721911,1763237193,0.000000,0.000000
compiler/repeated_fields,1024,0,32,0.000021708,1474111,1509489589,0.000000,0.000000
compiler/dynamic_leaves,1024,0,32,0.000021708,1474111,1509489589,3.000000,152.000000
compiler/filtered_sum,1024,0,32,0.000019708,1623706,1662675056,0.000000,0.000000
compiler/invariant_aggregate,1024,0,32,0.000035500,901408,923042254,0.000000,0.000000
compiler/builtin_reference,1024,0,32,0.000018541,1725905,1767326466,0.000000,0.000000
compiler/static_array,1024,0,32,0.000018834,1699055,1739832218,1.000000,16.000000
compiler/constant_membership,1024,0,32,0.000041000,780488,799219512,1.000000,16.000000
compiler/lookup_record,1024,0,32,0.000023333,1371448,1404362919,0.000000,0.000000
rust/repeated_fields,1024,0,32,0.000019500,1641026,1680410256,0.000000,0.000000
compiler/constant_scalar,10240,0,32,0.000158791,201523,2063593025,0.000000,0.000000
compiler/repeated_fields,10240,0,32,0.000173000,184971,1894104046,0.000000,0.000000
compiler/dynamic_leaves,10240,0,32,0.000166000,192771,1973975904,3.000000,152.000000
compiler/filtered_sum,10240,0,32,0.000167417,191139,1957268378,0.000000,0.000000
compiler/invariant_aggregate,10240,0,32,0.000342750,93363,956032093,0.000000,0.000000
compiler/builtin_reference,10240,0,32,0.000167583,190950,1955329598,0.000000,0.000000
compiler/static_array,10240,0,32,0.000170292,187913,1924224274,1.000000,16.000000
compiler/constant_membership,10240,0,32,0.000337125,94920,971983686,1.000000,16.000000
compiler/lookup_record,10240,0,32,0.000165834,192964,1975951855,0.000000,0.000000
rust/repeated_fields,10240,0,32,0.000170667,187500,1919996250,0.000000,0.000000
compiler/constant_scalar,1048576,0,32,0.017175750,1863,1953593409,0.000000,0.000000
compiler/repeated_fields,1048576,0,32,0.017225584,1858,1947941620,0.000000,0.000000
compiler/dynamic_leaves,1048576,0,32,0.017196750,1861,1951207757,3.000000,152.000000
compiler/filtered_sum,1048576,0,32,0.017254917,1855,1944630160,0.000000,0.000000
compiler/invariant_aggregate,1048576,0,32,0.033902584,944,989730812,0.000000,0.000000
compiler/builtin_reference,1048576,0,32,0.017101167,1871,1962113580,0.000000,0.000000
compiler/static_array,1048576,0,32,0.017250625,1855,1945113989,1.000000,16.000000
compiler/constant_membership,1048576,0,32,0.032839625,974,1021766601,1.000000,16.000000
compiler/lookup_record,1048576,0,32,0.017212917,1859,1949375112,0.000000,0.000000
rust/repeated_fields,1048576,0,32,0.017256791,1854,1944418983,0.000000,0.000000
compile/execution,0,0,32,0.000118333,270423,0,132.000000,7264.000000
execution/arithmetic,100,0,32,0.000005458,5862953,586295346,0.000000,0.000000
execution/comparison,100,0,32,0.000005625,5688889,568888889,0.000000,0.000000
execution/conditional,100,0,32,0.000005416,5908419,590841950,0.000000,0.000000
execution/constructor,100,0,32,0.000007167,4464909,446490861,3.000000,152.000000
rust/execution_arithmetic,100,0,32,0.000003292,9720535,972053463,0.000000,0.000000
rust/execution_constructor,100,0,32,0.000003333,9600960,960096010,0.000000,0.000000
execution/arithmetic,500,0,32,0.000012125,2639175,1319587629,0.000000,0.000000
execution/comparison,500,0,32,0.000012292,2603319,1301659616,0.000000,0.000000
execution/conditional,500,0,32,0.000012000,2666667,1333333333,0.000000,0.000000
execution/constructor,500,0,32,0.000013917,2299346,1149673062,3.000000,152.000000
rust/execution_arithmetic,500,0,32,0.000010292,3109211,1554605519,0.000000,0.000000
rust/execution_constructor,500,0,32,0.000010291,3109513,1554756583,0.000000,0.000000
execution/arithmetic,1024,0,32,0.000021125,1514793,1551147929,0.000000,0.000000
execution/comparison,1024,0,32,0.000021041,1520840,1557340431,0.000000,0.000000
execution/conditional,1024,0,32,0.000020500,1560976,1598439024,0.000000,0.000000
execution/constructor,1024,0,32,0.000022500,1422222,1456355556,3.000000,152.000000
rust/execution_arithmetic,1024,0,32,0.000018917,1691600,1732198552,0.000000,0.000000
rust/execution_constructor,1024,0,32,0.000018875,1695364,1736052980,0.000000,0.000000
execution/arithmetic,10240,0,32,0.000172250,185776,1902351234,0.000000,0.000000
execution/comparison,10240,0,32,0.000172291,185732,1901898532,0.000000,0.000000
execution/conditional,10240,0,32,0.000171959,186091,1905570514,0.000000,0.000000
execution/constructor,10240,0,32,0.000173666,184262,1886840257,3.000000,152.000000
rust/execution_arithmetic,10240,0,32,0.000170458,187730,1922350374,0.000000,0.000000
rust/execution_constructor,10240,0,32,0.000170458,187730,1922350374,0.000000,0.000000
execution/arithmetic,1048576,0,32,0.017232708,1857,1947136341,0.000000,0.000000
execution/comparison,1048576,0,32,0.017240042,1856,1946308019,0.000000,0.000000
execution/conditional,1048576,0,32,0.017201583,1860,1950659541,0.000000,0.000000
execution/constructor,1048576,0,32,0.017394000,1840,1929080832,3.000000,152.000000
rust/execution_arithmetic,1048576,0,32,0.016836167,1901,1992997100,0.000000,0.000000
rust/execution_constructor,1048576,0,32,0.017261125,1854,1943930769,0.000000,0.000000
execution/filtered_sum,74,0,32,0.000018583,1722004,127428295,0.000000,0.000000
execution/mapped_sum,74,0,32,0.000018000,1777778,131555556,0.000000,0.000000
rust/execution_filtered_sum,74,0,32,0.000007666,4174276,308896426,0.000000,0.000000
execution/filtered_sum,1082,0,32,0.000283959,112692,121933096,0.000000,0.000000
execution/mapped_sum,1082,0,32,0.000290542,110139,119170378,0.000000,0.000000
rust/execution_filtered_sum,1082,0,32,0.000107458,297791,322209607,0.000000,0.000000
execution/filtered_sum,8586,0,32,0.002221917,14402,123655384,0.000000,0.000000
execution/mapped_sum,8586,0,32,0.002230209,14348,123195629,0.000000,0.000000
rust/execution_filtered_sum,8586,0,32,0.000835833,38285,328716382,0.000000,0.000000
execution/filtered_sum,137226,0,32,0.035194917,909,124768926,0.000000,0.000000
execution/mapped_sum,137226,0,32,0.035882375,892,122378521,0.000000,0.000000
rust/execution_filtered_sum,137226,0,32,0.012885083,2483,340799667,0.000000,0.000000
execution/lookup_8192,501,0,32,0.000017792,1798561,901079137,0.000000,0.000000
rust/execution_lookup_8192,501,0,32,0.000010042,3186616,1596494722,0.000000,0.000000
execution/type_fallback,16,0,32,0.000004625,6918919,110702703,0.000000,0.000000
plan/branch,100,0,32,0.000004750,6736842,673684211,0.000000,0.000000
plan/boolean,100,0,32,0.000005875,5446809,544680851,0.000000,0.000000
plan/object,100,0,32,0.000006667,4799760,479976001,3.000000,248.000000
plan/branch,500,0,32,0.000011459,2792565,1396282398,0.000000,0.000000
plan/boolean,500,0,32,0.000012708,2518099,1259049418,0.000000,0.000000
plan/object,500,0,32,0.000013500,2370370,1185185185,3.000000,248.000000
plan/branch,1024,0,32,0.000020000,1600000,1638400000,0.000000,0.000000
plan/boolean,1024,0,32,0.000021375,1497076,1533005848,0.000000,0.000000
plan/object,1024,0,32,0.000022125,1446328,1481039548,3.000000,248.000000
plan/branch,10240,0,32,0.000171500,186589,1910670554,0.000000,0.000000
plan/boolean,10240,0,32,0.000172667,185328,1897756954,0.000000,0.000000
plan/object,10240,0,32,0.000173458,184483,1889102838,3.000000,248.000000
plan/branch,1048576,0,32,0.017157750,1865,1955642902,0.000000,0.000000
plan/boolean,1048576,0,32,0.017227084,1858,1947772008,0.000000,0.000000
plan/object,1048576,0,32,0.017293041,1850,1940343055,3.000000,248.000000
plan/lookup_branch,490,0,32,0.000018750,1706667,836266667,0.000000,0.000000
plan/lookup_quote,490,0,32,0.000018708,1710498,838144109,0.000000,0.000000
plan/invoice_sum,58,0,32,0.000005667,5646727,327510146,0.000000,0.000000
rust/plan_invoice,58,0,32,0.000005250,6095238,353523810,0.000000,0.000000
plan/invoice_object,58,0,32,0.000011250,2844444,164977778,3.000000,296.000000
plan/mapped_objects,58,0,32,0.000013750,2327273,134981818,2.000000,136.000000
plan/invoice_sum,300,0,32,0.000041083,778911,233673296,0.000000,0.000000
rust/plan_invoice,300,0,32,0.000032084,997382,299214562,0.000000,0.000000
plan/invoice_object,300,0,32,0.000047750,670157,201047120,3.000000,296.000000
plan/mapped_objects,300,0,32,0.000074709,428329,128498574,16.000000,1088.000000
plan/invoice_sum,4488,0,32,0.000548416,58350,261874198,0.000000,0.000000
rust/plan_invoice,4488,0,32,0.000480458,66603,298914785,0.000000,0.000000
plan/invoice_object,4488,0,32,0.000684666,46738,209760672,3.000000,296.000000
plan/mapped_objects,4488,0,32,0.001139959,28071,125983478,256.000000,17408.000000
plan/invoice_sum,35736,0,32,0.004341958,7370,263372423,0.000000,0.000000
rust/plan_invoice,35736,0,32,0.003815292,8387,299728566,0.000000,0.000000
plan/invoice_object,35736,0,32,0.005179625,6178,220778917,3.000000,296.000000
plan/mapped_objects,35736,0,32,0.008623833,3711,132603681,2048.000000,139264.000000
plan/invoice_sum,571416,0,32,0.069009958,464,264966282,0.000000,0.000000
rust/plan_invoice,571416,0,32,0.060965417,525,299929253,0.000000,0.000000
plan/invoice_object,571416,0,32,0.082946083,386,220448168,3.000000,296.000000
plan/mapped_objects,571416,0,32,0.138623250,231,131906531,32768.000000,2228224.000000
plan/wide_fields,7583,0,32,0.000300875,106356,806501039,0.000000,0.000000
plan/untaken_branch,496,0,32,0.000010750,2976744,1476465116,0.000000,0.000000
compile/plan_branch,0,0,32,0.000062458,512344,0,84.000000,3660.000000
demand/nested,100,0,32,0.000004750,6736842,673684211,0.000000,0.000000
demand/branch,100,0,32,0.000004958,6454215,645421541,0.000000,0.000000
demand/repeated,100,0,32,0.000004209,7602756,760275600,0.000000,0.000000
demand/untaken_nested,101,0,32,0.000004291,7457469,753204381,0.000000,0.000000
demand/nested,500,0,32,0.000011375,2813187,1406593407,0.000000,0.000000
demand/branch,500,0,32,0.000011708,2733174,1366586949,0.000000,0.000000
demand/repeated,500,0,32,0.000010958,2920241,1460120460,0.000000,0.000000
demand/untaken_nested,501,0,32,0.000011041,2898288,1452042387,0.000000,0.000000
demand/nested,1024,0,32,0.000020000,1600000,1638400000,0.000000,0.000000
demand/branch,1024,0,32,0.000021583,1482648,1518231942,0.000000,0.000000
demand/repeated,1024,0,32,0.000023208,1378835,1411926922,0.000000,0.000000
demand/untaken_nested,1025,0,32,0.000019875,1610063,1650314465,0.000000,0.000000
demand/nested,10240,0,32,0.000177792,179986,1843052556,0.000000,0.000000
demand/branch,10240,0,32,0.000171667,186407,1908811828,0.000000,0.000000
demand/repeated,10240,0,32,0.000170750,187408,1919062958,0.000000,0.000000
demand/untaken_nested,10241,0,32,0.000170917,187225,1917375100,0.000000,0.000000
demand/nested,1048576,0,32,0.017150291,1866,1956493450,0.000000,0.000000
demand/branch,1048576,0,32,0.017228459,1857,1947616557,0.000000,0.000000
demand/repeated,1048576,0,32,0.017278084,1852,1942022738,0.000000,0.000000
demand/untaken_nested,1048577,0,32,0.017229875,1857,1947458354,0.000000,0.000000
demand/nested_fold,546,0,32,0.000128500,249027,135968872,0.000000,0.000000
demand/nested_fold_plan,546,0,32,0.000052541,609048,332540302,0.000000,0.000000
demand/nested_fold,8454,0,32,0.001869458,17117,144709322,0.000000,0.000000
demand/nested_fold_plan,8454,0,32,0.000838000,38186,322825776,0.000000,0.000000
demand/nested_fold,67478,0,32,0.014684125,2179,147049688,0.000000,0.000000
demand/nested_fold_plan,67478,0,32,0.006623166,4832,326021724,0.000000,0.000000
demand/wide_nested,1137,0,32,0.000037792,846740,962743438,0.000000,0.000000
demand/wide_nested,38497,0,32,0.001151666,27786,1069671241,0.000000,0.000000
demand/wide_nested,323265,0,32,0.009415709,3399,1098640580,0.000000,0.000000
demand/repeated_lookup,100,0,32,0.000016125,1984496,198449612,0.000000,0.000000
demand/repeated_lookup,500,0,32,0.000022959,1393789,696894464,0.000000,0.000000
demand/repeated_lookup,10240,0,32,0.000187500,170667,1747626667,0.000000,0.000000
demand/repeated_lookup,1048576,0,32,0.017165916,1864,1954712583,0.000000,0.000000
compile/scoped_path,0,0,32,0.000057708,554516,0,41.000000,3773.000000
tuple/index,100,0,32,0.000019916,1606748,160674834,9.000000,848.000000
tuple/filter_sum,100,0,32,0.000028166,1136122,113612157,10.000000,1296.000000
tuple/plan_leaves,100,0,32,0.000038542,830263,83026309,15.000000,1440.000000
tuple/kept,100,0,32,0.000024333,1315087,131508651,11.000000,992.000000
tuple/ordered,100,0,32,0.000037750,847682,84768212,19.000000,1640.000000
tuple/index,500,0,32,0.000033208,963623,481811612,9.000000,848.000000
tuple/filter_sum,500,0,32,0.000040833,783680,391839933,10.000000,1296.000000
tuple/plan_leaves,500,0,32,0.000051542,620853,310426448,15.000000,1440.000000
tuple/kept,500,0,32,0.000037167,860979,430489413,11.000000,992.000000
tuple/ordered,500,0,32,0.000050792,630020,315010238,19.000000,1640.000000
tuple/index,1024,0,32,0.000049666,644304,659767245,9.000000,848.000000
tuple/filter_sum,1024,0,32,0.000058208,549753,562946674,10.000000,1296.000000
tuple/plan_leaves,1024,0,32,0.000068625,466302,477493625,15.000000,1440.000000
tuple/kept,1024,0,32,0.000054458,587609,601711411,11.000000,992.000000
tuple/ordered,1024,0,32,0.000068209,469146,480405812,19.000000,1640.000000
tuple/index,10240,0,32,0.000341417,93727,959764745,9.000000,848.000000
tuple/filter_sum,10240,0,32,0.000347167,92175,943868513,10.000000,1296.000000
tuple/plan_leaves,10240,0,32,0.000365958,87442,895403298,15.000000,1440.000000
tuple/kept,10240,0,32,0.000351375,91071,932564924,11.000000,992.000000
tuple/ordered,10240,0,32,0.000365708,87502,896015400,19.000000,1640.000000
tuple/index,1048576,0,32,0.033206542,964,1010476550,9.000000,848.000000
tuple/filter_sum,1048576,0,32,0.034010458,941,986591595,10.000000,1296.000000
tuple/plan_leaves,1048576,0,32,0.034001375,941,986855149,15.000000,1440.000000
tuple/kept,1048576,0,32,0.034006458,941,986707642,11.000000,992.000000
tuple/ordered,1048576,0,32,0.033906500,944,989616504,19.000000,1640.000000
tuple/wide_sum,440,0,32,0.000103583,308931,135929641,22.000000,2496.000000
tuple/nested_sum,440,0,32,0.000195459,163717,72035568,70.000000,6336.000000
tuple/join_sum,440,0,32,0.000415291,77054,33903937,46.000000,4800.000000
tuple/join_bound,440,0,32,0.000328041,97549,42921464,55.000000,5728.000000
tuple/group,440,0,32,0.000160792,199015,87566546,57.000000,5408.000000
tuple/negative_index,440,0,32,0.000070334,454972,200187676,23.000000,2432.000000
tuple/wide_sum,6666,0,32,0.001507041,21234,141543594,262.000000,26496.000000
tuple/nested_sum,6666,0,32,0.002856584,11202,74673806,1030.000000,87936.000000
tuple/join_sum,6666,0,32,0.029996125,1067,7111319,646.000000,63360.000000
tuple/join_bound,6666,0,32,0.004832708,6622,44139228,775.000000,75808.000000
tuple/group,6666,0,32,0.001985250,16119,107448432,337.000000,65888.000000
tuple/negative_index,6666,0,32,0.000867917,36870,245774654,267.000000,34112.000000
tuple/wide_sum,56043,0,32,0.011807333,2710,151886628,2054.000000,205696.000000
tuple/nested_sum,56043,0,32,0.021927208,1459,81787704,8198.000000,697216.000000
tuple/join_sum,56043,0,32,1.644307084,19,1090658,5126.000000,500608.000000
tuple/join_bound,56043,0,32,0.038016458,842,47173674,6151.000000,599072.000000
tuple/group,56043,0,32,0.015524750,2061,115517222,2159.000000,517472.000000
tuple/negative_index,56043,0,32,0.006920625,4624,259134977,2062.000000,270656.000000
compile/builtins,0,0,32,0.000066541,480907,0,53.000000,3840.000000
builtin/length,100,0,32,0.000008584,3727866,372786580,0.000000,0.000000
builtin/normalize,100,0,32,0.000024459,1308312,130831187,19.000000,363.000000
builtin/split_join,100,0,32,0.000035959,889902,88990239,32.000000,749.000000
builtin/numeric,100,0,32,0.000008875,3605634,360563380,0.000000,0.000000
builtin/average,100,0,32,0.000008584,3727866,372786580,0.000000,0.000000
builtin/type,100,0,32,0.000007708,4151531,415153088,0.000000,0.000000
builtin/keys,100,0,32,0.000016625,1924812,192481203,8.000000,468.000000
builtin/map_builtin,100,0,32,0.000015125,2115702,211570248,3.000000,208.000000
builtin/map_closure,100,0,32,0.000027958,1144574,114457400,9.000000,936.000000
builtin/reduce,100,0,32,0.000021834,1465604,146560410,6.000000,632.000000
builtin/sift,100,0,32,0.000025042,1277853,127785321,14.000000,1188.000000
builtin/length,500,0,32,0.000021833,1465671,732835616,0.000000,0.000000
builtin/normalize,500,0,32,0.000037959,843015,421507416,19.000000,363.000000
builtin/split_join,500,0,32,0.000049708,643760,321879778,32.000000,749.000000
builtin/numeric,500,0,32,0.000022458,1424882,712441001,0.000000,0.000000
builtin/average,500,0,32,0.000021917,1460054,730026920,0.000000,0.000000
builtin/type,500,0,32,0.000021166,1511859,755929321,0.000000,0.000000
builtin/keys,500,0,32,0.000030166,1060797,530398462,8.000000,468.000000
builtin/map_builtin,500,0,32,0.000028791,1111458,555729221,3.000000,208.000000
builtin/map_closure,500,0,32,0.000048583,658667,329333306,9.000000,936.000000
builtin/reduce,500,0,32,0.000035125,911032,455516014,6.000000,632.000000
builtin/sift,500,0,32,0.000038208,837521,418760469,14.000000,1188.000000
builtin/length,1024,0,32,0.000038834,824020,843796673,0.000000,0.000000
builtin/normalize,1024,0,32,0.000054416,588062,602175831,19.000000,363.000000
builtin/split_join,1024,0,32,0.000069125,462929,474039783,32.000000,749.000000
builtin/numeric,1024,0,32,0.000039458,810989,830452633,0.000000,0.000000
builtin/average,1024,0,32,0.000038959,821376,841089350,0.000000,0.000000
builtin/type,1024,0,32,0.000038167,838421,858542720,0.000000,0.000000
builtin/keys,1024,0,32,0.000046875,682667,699050667,8.000000,468.000000
builtin/map_builtin,1024,0,32,0.000047208,677851,694119641,3.000000,208.000000
builtin/map_closure,1024,0,32,0.000073292,436610,447088359,9.000000,936.000000
builtin/reduce,1024,0,32,0.000052125,613909,628642686,6.000000,632.000000
builtin/sift,1024,0,32,0.000055583,575716,589532771,14.000000,1188.000000
builtin/length,10240,0,32,0.000335833,95285,975723053,0.000000,0.000000
builtin/normalize,10240,0,32,0.000351250,91103,932896797,19.000000,363.000000
builtin/split_join,10240,0,32,0.000355250,90077,922392681,32.000000,749.000000
builtin/numeric,10240,0,32,0.000304750,105004,1075242002,0.000000,0.000000
builtin/average,10240,0,32,0.000304250,105177,1077009039,0.000000,0.000000
builtin/type,10240,0,32,0.000327333,97760,1001060083,0.000000,0.000000
builtin/keys,10240,0,32,0.000351167,91125,933117292,8.000000,468.000000
builtin/map_builtin,10240,0,32,0.000324167,98715,1010837007,3.000000,208.000000
builtin/map_closure,10240,0,32,0.000517125,61881,633657240,9.000000,936.000000
builtin/reduce,10240,0,32,0.000341458,93716,959649503,6.000000,632.000000
builtin/sift,10240,0,32,0.000352709,90726,929037819,14.000000,1188.000000
builtin/length,1048576,0,32,0.033967666,942,987834489,0.000000,0.000000
builtin/normalize,1048576,0,32,0.033207416,964,1010449955,19.000000,363.000000
builtin/split_join,1048576,0,32,0.033429500,957,1003737178,32.000000,749.000000
builtin/numeric,1048576,0,32,0.034050875,940,985420551,0.000000,0.000000
builtin/average,1048576,0,32,0.034165375,937,982118065,0.000000,0.000000
builtin/type,1048576,0,32,0.032960416,971,1018022103,0.000000,0.000000
builtin/keys,1048576,0,32,0.033978792,942,987511033,8.000000,468.000000
builtin/map_builtin,1048576,0,32,0.033360458,959,1005814489,3.000000,208.000000
builtin/map_closure,1048576,0,32,0.049360542,648,679782487,9.000000,936.000000
builtin/reduce,1048576,0,32,0.033916667,943,989319853,6.000000,632.000000
builtin/sift,1048576,0,32,0.033883208,944,990296787,14.000000,1188.000000
builtin/filter_reduce,285,0,32,0.000120834,264826,75475446,21.000000,1992.000000
builtin/planned_average,285,0,32,0.000028292,1131062,322352609,0.000000,0.000000
builtin/grouped_average,285,0,32,0.000068875,464610,132413793,10.000000,1016.000000
builtin/ordered_labels,285,0,32,0.000215125,148751,42393957,111.000000,3473.000000
builtin/merged_objects,285,0,32,0.000220666,145016,41329430,116.000000,7184.000000
builtin/each_group,285,0,32,0.000095084,336545,95915191,30.000000,2708.000000
builtin/distinct,285,0,32,0.000051000,627451,178823529,5.000000,480.000000
builtin/filter_reduce,4537,0,32,0.001770041,18079,82022959,205.000000,22152.000000
builtin/planned_average,4537,0,32,0.000430625,74311,337147170,0.000000,0.000000
builtin/grouped_average,4537,0,32,0.000931167,34365,155916178,18.000000,9656.000000
builtin/ordered_labels,4537,0,32,0.004113958,7778,35290589,1562.000000,50377.000000
builtin/merged_objects,4537,0,32,0.005185042,6172,28000545,1921.000000,117586.000000
builtin/each_group,4537,0,32,0.000960125,33329,151213644,38.000000,11348.000000
builtin/distinct,4537,0,32,0.000697792,45859,208062001,9.000000,6240.000000
builtin/filter_reduce,37737,0,32,0.013956000,2293,86527945,1552.000000,172680.000000
builtin/planned_average,37737,0,32,0.003377292,9475,357559844,0.000000,0.000000
builtin/grouped_average,37737,0,32,0.007140000,4482,169129412,24.000000,74168.000000
builtin/ordered_labels,37737,0,32,0.038104083,840,31691722,12395.000000,404673.000000
builtin/merged_objects,37737,0,32,0.150975125,212,7998563,15391.000000,940522.000000
builtin/each_group,37737,0,32,0.007187250,4452,168017531,44.000000,75860.000000
builtin/distinct,37737,0,32,0.005499584,5819,219577335,12.000000,49248.000000
compile/helpers,0,0,32,0.000095791,334061,0,72.000000,6457.000000
helper/round,100,0,32,0.000010209,3134489,313448918,0.000000,0.000000
helper/static_round,100,0,32,0.000003375,9481481,948148148,0.000000,0.000000
helper/decimal_round,100,0,32,0.000015917,2010429,201042910,0.000000,0.000000
helper/pad,100,0,32,0.000013334,2399880,239988001,5.000000,83.000000
helper/pad_unchanged,100,0,32,0.000008375,3820896,382089552,0.000000,0.000000
helper/uri_unchanged,100,0,32,0.000007750,4129032,412903226,0.000000,0.000000
helper/base64,100,0,32,0.000010500,3047619,304761905,5.000000,48.000000
helper/sort,100,0,32,0.000014625,2188034,218803419,5.000000,264.000000
helper/zip,100,0,32,0.000019417,1648040,164804038,11.000000,816.000000
helper/single,100,0,32,0.000020750,1542169,154216867,6.000000,632.000000
helper/assert,100,0,32,0.000008500,3764706,376470588,0.000000,0.000000
helper/static_sort,100,0,32,0.000003708,8629989,862998921,1.000000,16.000000
helper/round,500,0,32,0.000021625,1479769,739884393,0.000000,0.000000
helper/static_round,500,0,32,0.000010333,3096874,1548437046,0.000000,0.000000
helper/decimal_round,500,0,32,0.000033209,963594,481797103,0.000000,0.000000
helper/pad,500,0,32,0.000026500,1207547,603773585,5.000000,83.000000
helper/pad_unchanged,500,0,32,0.000021667,1476900,738450178,0.000000,0.000000
helper/uri_unchanged,500,0,32,0.000021250,1505882,752941176,0.000000,0.000000
helper/base64,500,0,32,0.000024083,1328738,664369057,5.000000,48.000000
helper/sort,500,0,32,0.000028042,1141145,570572712,5.000000,264.000000
helper/zip,500,0,32,0.000039792,804182,402090873,11.000000,816.000000
helper/single,500,0,32,0.000034084,938857,469428471,6.000000,632.000000
helper/assert,500,0,32,0.000021750,1471264,735632184,0.000000,0.000000
helper/static_sort,500,0,32,0.000010458,3059858,1529929241,1.000000,16.000000
helper/round,1024,0,32,0.000038750,825806,845625806,0.000000,0.000000
helper/static_round,1024,0,32,0.000018958,1687942,1728452368,0.000000,0.000000
helper/decimal_round,1024,0,32,0.000043000,744186,762046512,0.000000,0.000000
helper/pad,1024,0,32,0.000043250,739884,757641618,5.000000,83.000000
helper/pad_unchanged,1024,0,32,0.000038833,824041,843818402,0.000000,0.000000
helper/uri_unchanged,1024,0,32,0.000038334,834768,854802525,0.000000,0.000000
helper/base64,1024,0,32,0.000041042,779689,798401637,5.000000,48.000000
helper/sort,1024,0,32,0.000044875,713092,730206128,5.000000,264.000000
helper/zip,1024,0,32,0.000064916,492945,504775402,11.000000,816.000000
helper/single,1024,0,32,0.000051416,622374,637311343,6.000000,632.000000
helper/assert,1024,0,32,0.000039000,820513,840205128,0.000000,0.000000
helper/static_sort,1024,0,32,0.000024167,1324120,1355898539,1.000000,16.000000
helper/round,10240,0,32,0.000326083,98135,1004897526,0.000000,0.000000
helper/static_round,10240,0,32,0.000170416,187776,1922824148,0.000000,0.000000
helper/decimal_round,10240,0,32,0.000340291,94037,962940542,0.000000,0.000000
helper/pad,10240,0,32,0.000342958,93306,955452271,5.000000,83.000000
helper/pad_unchanged,10240,0,32,0.000330083,96945,992720013,0.000000,0.000000
helper/uri_unchanged,10240,0,32,0.000322917,99097,1014749920,0.000000,0.000000
helper/base64,10240,0,32,0.000338041,94663,969349872,5.000000,48.000000
helper/sort,10240,0,32,0.000338667,94488,967558103,5.000000,264.000000
helper/zip,10240,0,32,0.000498625,64176,657167210,11.000000,816.000000
helper/single,10240,0,32,0.000355583,89993,921528869,6.000000,632.000000
helper/assert,10240,0,32,0.000351083,91147,933340549,0.000000,0.000000
helper/static_sort,10240,0,32,0.000169916,188328,1928482309,1.000000,16.000000
helper/round,1048576,0,32,0.033953541,942,988245438,0.000000,0.000000
helper/static_round,1048576,0,32,0.016595833,1928,2021858861,0.000000,0.000000
helper/decimal_round,1048576,0,32,0.033868583,945,990724413,0.000000,0.000000
helper/pad,1048576,0,32,0.033898667,944,989845176,5.000000,83.000000
helper/pad_unchanged,1048576,0,32,0.033884791,944,990250523,0.000000,0.000000
helper/uri_unchanged,1048576,0,32,0.033896334,944,989913304,0.000000,0.000000
helper/base64,1048576,0,32,0.033930167,943,988926226,5.000000,48.000000
helper/sort,1048576,0,32,0.033945250,943,988486813,5.000000,264.000000
helper/zip,1048576,0,32,0.050113375,639,669570389,11.000000,816.000000
helper/single,1048576,0,32,0.034133291,938,983041219,6.000000,632.000000
helper/assert,1048576,0,32,0.033933625,943,988825450,0.000000,0.000000
helper/static_sort,1048576,0,32,0.017301042,1850,1939445728,1.000000,16.000000
helper/sort_sequence,162,0,32,0.000044125,725212,117484419,9.000000,992.000000
helper/zip_sequence,162,0,32,0.000067583,473492,76705680,28.000000,2160.000000
helper/sort_callback,162,0,32,0.000168834,189535,30704716,41.000000,4216.000000
helper/single_sequence,162,0,32,0.000052000,615385,99692308,9.000000,968.000000
helper/group_round,162,0,32,0.000063250,505929,81960474,10.000000,1016.000000
helper/filtered_sorted,162,0,32,0.000163083,196219,31787495,63.000000,3588.000000
helper/sort_sequence,2588,0,32,0.000692000,46243,119676301,17.000000,17312.000000
helper/zip_sequence,2588,0,32,0.000857750,37307,96550277,280.000000,30960.000000
helper/sort_callback,2588,0,32,0.004824875,6632,17164382,925.000000,110008.000000
helper/single_sequence,2588,0,32,0.000649792,49247,127450015,13.000000,6728.000000
helper/group_round,2588,0,32,0.000706917,45267,117150953,18.000000,9656.000000
helper/filtered_sorted,2588,0,32,0.003646042,8777,22713946,1173.000000,77185.000000
helper/sort_sequence,21428,0,32,0.005902250,5422,116175357,23.000000,139168.000000
helper/zip_sequence,21428,0,32,0.006752250,4739,101550742,2081.000000,246000.000000
helper/sort_callback,21428,0,32,0.052185208,613,13139662,10278.000000,1171896.000000
helper/single_sequence,21428,0,32,0.004925791,6496,139205257,16.000000,49736.000000
helper/group_round,21428,0,32,0.005256250,6088,130453460,24.000000,74168.000000
helper/filtered_sorted,21428,0,32,0.035788125,894,19159875,10737.000000,761277.000000
helper/uri_roundtrip,136,0,32,0.000145459,219993,29919084,24.000000,5422.000000
helper/base64_roundtrip,136,0,32,0.000056083,570583,77599273,19.000000,2097.000000
helper/uri_roundtrip,1031,0,32,0.000974042,32853,33871229,30.000000,43363.000000
helper/base64_roundtrip,1031,0,32,0.000297500,107563,110897479,22.000000,16434.000000
helper/uri_roundtrip,10251,0,32,0.009641125,3319,34024245,36.000000,409675.000000
helper/base64_roundtrip,10251,0,32,0.002733209,11708,120017167,25.000000,156066.000000
helper/uri_roundtrip,1048586,0,32,0.992822292,32,33797339,50.000000,44459678.000000
helper/base64_roundtrip,1048586,0,32,0.274265416,117,122344087,32.000000,16812233.000000
compile/formatting,0,0,32,0.000214542,149155,0,172.000000,15749.000000
format/number_static,200,0,32,0.000019209,1665886,333177157,2.000000,54.000000
format/number_context,200,0,32,0.000021166,1511859,302371728,2.000000,54.000000
format/number_dynamic,200,0,32,0.000040167,796674,159334777,20.000000,569.000000
format/integer_static,200,0,32,0.000013334,2399880,479976001,2.000000,32.000000
format/integer_dynamic,200,0,32,0.000023167,1381275,276255018,5.000000,120.000000
format/integer_parse_static,200,0,32,0.000011500,2782609,556521739,1.000000,8.000000
format/words_static,200,0,32,0.000017750,1802817,360563380,5.000000,184.000000
format/date_static,200,0,32,0.000016125,1984496,396899225,2.000000,51.000000
format/date_context,200,0,32,0.000017875,1790210,358041958,2.000000,51.000000
format/date_dynamic,200,0,32,0.000034500,927536,185507246,15.000000,2005.000000
format/date_iso,200,0,32,0.000018958,1687942,337588353,2.000000,101.000000
format/date_parse_iso,200,0,32,0.000010625,3011765,602352941,0.000000,0.000000
format/date_parse_constant,200,0,32,0.000004500,7111111,1422222222,0.000000,0.000000
format/date_parse_static,200,0,32,0.000019500,1641026,328205128,6.000000,1360.000000
format/date_parse_dynamic,200,0,32,0.000143417,223126,44625114,89.000000,10593.000000
format/mixed,200,0,32,0.000055125,580499,116099773,13.000000,1889.000000
format/number_static,500,0,32,0.000029542,1083204,541601787,2.000000,54.000000
format/number_context,500,0,32,0.000031125,1028112,514056225,2.000000,54.000000
format/number_dynamic,500,0,32,0.000055083,580941,290470744,20.000000,569.000000
format/integer_static,500,0,32,0.000023709,1349698,674849213,2.000000,32.000000
format/integer_dynamic,500,0,32,0.000038500,831169,415584416,5.000000,120.000000
format/integer_parse_static,500,0,32,0.000021833,1465671,732835616,1.000000,8.000000
format/words_static,500,0,32,0.000027708,1154901,577450556,5.000000,184.000000
format/date_static,500,0,32,0.000026125,1224880,612440191,2.000000,51.000000
format/date_context,500,0,32,0.000028416,1126126,563063063,2.000000,51.000000
format/date_dynamic,500,0,32,0.000049208,650301,325150382,15.000000,2005.000000
format/date_iso,500,0,32,0.000029250,1094017,547008547,2.000000,101.000000
format/date_parse_iso,500,0,32,0.000020750,1542169,771084337,0.000000,0.000000
format/date_parse_constant,500,0,32,0.000009750,3282051,1641025641,0.000000,0.000000
format/date_parse_static,500,0,32,0.000030417,1052043,526021633,6.000000,1360.000000
format/date_parse_dynamic,500,0,32,0.000159875,200156,100078186,89.000000,10593.000000
format/mixed,500,0,32,0.000075292,425012,212505977,13.000000,1889.000000
format/number_static,1024,0,32,0.000046333,690652,707228110,2.000000,54.000000
format/number_context,1024,0,32,0.000048333,662074,677963296,2.000000,54.000000
format/number_dynamic,1024,0,32,0.000080625,396899,406424806,20.000000,569.000000
format/integer_static,1024,0,32,0.000040667,786879,805763887,2.000000,32.000000
format/integer_dynamic,1024,0,32,0.000063917,500649,512664862,5.000000,120.000000
format/integer_parse_static,1024,0,32,0.000038750,825806,845625806,1.000000,8.000000
format/words_static,1024,0,32,0.000044750,715084,732245810,5.000000,184.000000
format/date_static,1024,0,32,0.000043042,743460,761302913,2.000000,51.000000
format/date_context,1024,0,32,0.000044750,715084,732245810,2.000000,51.000000
format/date_dynamic,1024,0,32,0.000074333,430495,440827089,15.000000,2005.000000
format/date_iso,1024,0,32,0.000046458,688794,705325240,2.000000,101.000000
format/date_parse_iso,1024,0,32,0.000037750,847682,868026490,0.000000,0.000000
format/date_parse_constant,1024,0,32,0.000018333,1745486,1787377952,0.000000,0.000000
format/date_parse_static,1024,0,32,0.000046334,690638,707212846,6.000000,1360.000000
format/date_parse_dynamic,1024,0,32,0.000184375,173559,177724746,89.000000,10593.000000
format/mixed,1024,0,32,0.000115417,277256,283909649,13.000000,1889.000000
format/number_static,10240,0,32,0.000348250,91888,940933238,2.000000,54.000000
format/number_context,10240,0,32,0.000345333,92664,948881225,2.000000,54.000000
format/number_dynamic,10240,0,32,0.000524125,61054,625194372,20.000000,569.000000
format/integer_static,10240,0,32,0.000338250,94605,968750924,2.000000,32.000000
format/integer_dynamic,10240,0,32,0.000510542,62678,641827705,5.000000,120.000000
format/integer_parse_static,10240,0,32,0.000336000,95238,975238095,1.000000,8.000000
format/words_static,10240,0,32,0.000342333,93476,957196648,5.000000,184.000000
format/date_static,10240,0,32,0.000340667,93933,961877728,2.000000,51.000000
format/date_context,10240,0,32,0.000344750,92821,950485859,2.000000,51.000000
format/date_dynamic,10240,0,32,0.000518500,61716,631976856,15.000000,2005.000000
format/date_iso,10240,0,32,0.000343958,93035,952674454,2.000000,101.000000
format/date_parse_iso,10240,0,32,0.000335042,95510,978026635,0.000000,0.000000
format/date_parse_constant,10240,0,32,0.000169541,188745,1932747831,0.000000,0.000000
format/date_parse_static,10240,0,32,0.000343875,93057,952904398,6.000000,1360.000000
format/date_parse_dynamic,10240,0,32,0.000628583,50908,521299494,89.000000,10593.000000
format/mixed,10240,0,32,0.000698042,45843,469427341,13.000000,1889.000000
format/number_static,1048576,0,32,0.033624458,952,997917409,2.000000,54.000000
format/number_context,1048576,0,32,0.033671417,950,996525688,2.000000,54.000000
format/number_dynamic,1048576,0,32,0.050878875,629,659496343,20.000000,569.000000
format/integer_static,1048576,0,32,0.033934375,943,988803595,2.000000,32.000000
format/integer_dynamic,1048576,0,32,0.050563875,633,663604836,5.000000,120.000000
format/integer_parse_static,1048576,0,32,0.033857416,945,991051178,1.000000,8.000000
format/words_static,1048576,0,32,0.033891667,944,990049619,5.000000,184.000000
format/date_static,1048576,0,32,0.033955958,942,988175094,2.000000,51.000000
format/date_context,1048576,0,32,0.033906917,944,989604334,2.000000,51.000000
format/date_dynamic,1048576,0,32,0.049877667,642,672734593,15.000000,2005.000000
format/date_iso,1048576,0,32,0.033996292,941,987002700,2.000000,101.000000
format/date_parse_iso,1048576,0,32,0.033914667,944,989378194,0.000000,0.000000
format/date_parse_constant,1048576,0,32,0.016822792,1902,1994581637,0.000000,0.000000
format/date_parse_static,1048576,0,32,0.033881583,944,990344282,6.000000,1360.000000
format/date_parse_dynamic,1048576,0,32,0.050597459,632,663164370,89.000000,10593.000000
format/mixed,1048576,0,32,0.067265542,476,498835377,13.000000,1889.000000
format/filtered_rows,218,0,32,0.000145917,219303,47808000,28.000000,1604.000000
format/filtered_date_sum,234,0,32,0.000097666,327647,76669465,24.000000,5440.000000
format/filtered_rows,3484,0,32,0.002447833,13073,45545591,448.000000,25664.000000
format/filtered_date_sum,3740,0,32,0.001556375,20561,76896635,384.000000,87040.000000
format/filtered_rows,28596,0,32,0.019838958,1613,46125003,3584.000000,205312.000000
format/filtered_date_sum,30644,0,32,0.012227542,2617,80196658,3072.000000,696320.000000
compile/function_signature,0,0,32,0.000046334,690638,0,36.000000,2492.000000
compile/function_tail,0,0,32,0.000070792,452028,0,54.000000,3423.000000
function/builtin,100,0,32,0.000007708,4151531,415153088,0.000000,0.000000
function/direct,100,0,32,0.000013875,2306306,230630631,6.000000,632.000000
function/signed,100,0,32,0.000015250,2098361,209836066,6.000000,632.000000
function/named,100,0,32,0.000015250,2098361,209836066,7.000000,792.000000
function/signed_named,100,0,32,0.000016500,1939394,193939394,7.000000,792.000000
function/signature_context,100,0,32,0.000019542,1637499,163749872,7.000000,792.000000
function/signature_array,100,0,32,0.000015042,2127377,212737668,6.000000,632.000000
function/signature_promote,100,0,32,0.000020166,1586829,158682932,8.000000,704.000000
function/signature_optional,100,0,32,0.000015833,2021095,202109518,6.000000,632.000000
function/signature_variadic,100,0,32,0.000020500,1560976,156097561,6.000000,632.000000
function/closure,100,0,32,0.000021125,1514793,151479290,7.000000,792.000000
function/partial,100,0,32,0.000022542,1419572,141957235,9.000000,904.000000
function/callback,100,0,32,0.000021333,1500023,150002344,8.000000,776.000000
function/signed_callback,100,0,32,0.000024791,1290791,129079101,8.000000,776.000000
function/partial_callback,100,0,32,0.000030792,1039231,103923097,10.000000,888.000000
function/mixed,100,0,32,0.000045792,698812,69881202,12.000000,1360.000000
rust/function_scalar,100,0,32,0.000003792,8438819,843881857,0.000000,0.000000
function/builtin,500,0,32,0.000021083,1517811,758905279,0.000000,0.000000
function/direct,500,0,32,0.000026917,1188840,594419883,6.000000,632.000000
function/signed,500,0,32,0.000027875,1147982,573991031,6.000000,632.000000
function/named,500,0,32,0.000028416,1126126,563063063,7.000000,792.000000
function/signed_named,500,0,32,0.000030083,1063724,531861849,7.000000,792.000000
function/signature_context,500,0,32,0.000032833,974629,487314592,7.000000,792.000000
function/signature_array,500,0,32,0.000025916,1234758,617379225,6.000000,632.000000
function/signature_promote,500,0,32,0.000028542,1121155,560577395,8.000000,704.000000
function/signature_optional,500,0,32,0.000029250,1094017,547008547,6.000000,632.000000
function/signature_variadic,500,0,32,0.000041333,774200,387099896,6.000000,632.000000
function/closure,500,0,32,0.000041542,770305,385152376,7.000000,792.000000
function/partial,500,0,32,0.000041625,768769,384384384,9.000000,904.000000
function/callback,500,0,32,0.000034792,919752,459875834,8.000000,776.000000
function/signed_callback,500,0,32,0.000038708,826702,413351245,8.000000,776.000000
function/partial_callback,500,0,32,0.000049000,653061,326530612,10.000000,888.000000
function/mixed,500,0,32,0.000069167,462648,231324186,12.000000,1360.000000
rust/function_scalar,500,0,32,0.000010584,3023432,1511715797,0.000000,0.000000
function/builtin,1024,0,32,0.000038167,838421,858542720,0.000000,0.000000
function/direct,1024,0,32,0.000042458,753686,771774459,6.000000,632.000000
function/signed,1024,0,32,0.000053541,597673,612016959,6.000000,632.000000
function/named,1024,0,32,0.000045458,703947,720841216,7.000000,792.000000
function/signed_named,1024,0,32,0.000046666,685724,702181460,7.000000,792.000000
function/signature_context,1024,0,32,0.000045209,707824,724811431,7.000000,792.000000
function/signature_array,1024,0,32,0.000045375,705234,722159780,6.000000,632.000000
function/signature_promote,1024,0,32,0.000045416,704597,721507839,8.000000,704.000000
function/signature_optional,1024,0,32,0.000044250,723164,740519774,6.000000,632.000000
function/signature_variadic,1024,0,32,0.000065791,486389,498062045,6.000000,632.000000
function/closure,1024,0,32,0.000066500,481203,492751880,7.000000,792.000000
function/partial,1024,0,32,0.000061375,521385,533898167,9.000000,904.000000
function/callback,1024,0,32,0.000051917,616368,631161277,8.000000,776.000000
function/signed_callback,1024,0,32,0.000055625,575281,589087640,8.000000,776.000000
function/partial_callback,1024,0,32,0.000075542,423605,433771941,10.000000,888.000000
function/mixed,1024,0,32,0.000102875,311057,318522479,12.000000,1360.000000
rust/function_scalar,1024,0,32,0.000017584,1819836,1863512284,0.000000,0.000000
function/builtin,10240,0,32,0.000331208,96616,989348083,0.000000,0.000000
function/direct,10240,0,32,0.000336584,95073,973545980,6.000000,632.000000
function/signed,10240,0,32,0.000344708,92832,950601669,6.000000,632.000000
function/named,10240,0,32,0.000475334,67321,689367897,7.000000,792.000000
function/signed_named,10240,0,32,0.000334333,95713,980100678,7.000000,792.000000
function/signature_context,10240,0,32,0.000341500,93704,959531479,7.000000,792.000000
function/signature_array,10240,0,32,0.000336542,95085,973667477,6.000000,632.000000
function/signature_promote,10240,0,32,0.000346667,92308,945229860,8.000000,704.000000
function/signature_optional,10240,0,32,0.000341125,93807,960586295,6.000000,632.000000
function/signature_variadic,10240,0,32,0.000509167,62848,643560953,6.000000,632.000000
function/closure,10240,0,32,0.000526833,60740,621980779,7.000000,792.000000
function/partial,10240,0,32,0.000511166,62602,641044201,9.000000,904.000000
function/callback,10240,0,32,0.000357458,89521,916695108,8.000000,776.000000
function/signed_callback,10240,0,32,0.000371000,86253,883234501,8.000000,776.000000
function/partial_callback,10240,0,32,0.000505875,63257,647748950,10.000000,888.000000
function/mixed,10240,0,32,0.000671792,47634,487770024,12.000000,1360.000000
rust/function_scalar,10240,0,32,0.000155709,205512,2104438408,0.000000,0.000000
function/builtin,1048576,0,32,0.033942959,943,988553532,0.000000,0.000000
function/direct,1048576,0,32,0.033999333,941,986914420,6.000000,632.000000
function/signed,1048576,0,32,0.034002625,941,986818871,6.000000,632.000000
function/named,1048576,0,32,0.033314625,961,1007198250,7.000000,792.000000
function/signed_named,1048576,0,32,0.033341166,960,1006396477,7.000000,792.000000
function/signature_context,1048576,0,32,0.033810167,946,992436151,7.000000,792.000000
function/signature_array,1048576,0,32,0.033921958,943,989165543,6.000000,632.000000
function/signature_promote,1048576,0,32,0.033834667,946,991717519,8.000000,704.000000
function/signature_optional,1048576,0,32,0.033943500,943,988537776,6.000000,632.000000
function/signature_variadic,1048576,0,32,0.049584000,645,676718942,6.000000,632.000000
function/closure,1048576,0,32,0.050550292,633,663783149,7.000000,792.000000
function/partial,1048576,0,32,0.050655959,632,662398515,9.000000,904.000000
function/callback,1048576,0,32,0.033983750,942,987366962,8.000000,776.000000
function/signed_callback,1048576,0,32,0.034025333,940,986160282,8.000000,776.000000
function/partial_callback,1048576,0,32,0.049818750,642,673530187,10.000000,888.000000
function/mixed,1048576,0,32,0.067126125,477,499871429,12.000000,1360.000000
rust/function_scalar,1048576,0,32,0.016530000,1936,2029911192,0.000000,0.000000
function/tail_8,34,0,32,0.000047334,676047,22985592,7.000000,792.000000
function/signed_tail_8,34,0,32,0.000058083,550936,18731815,7.000000,792.000000
function/tail_block_8,34,0,32,0.000059750,535565,18209205,8.000000,952.000000
function/tail_borrow_8,34,0,32,0.000045625,701370,23846575,7.000000,792.000000
function/tail_escape_once_8,34,0,32,0.000055541,576151,19589132,10.000000,1080.000000
function/recursion_8,34,0,32,0.000058959,542750,18453502,17.000000,3416.000000
rust/function_tail_8,34,0,32,0.000008333,3840154,130565223,0.000000,0.000000
function/tail_32,35,0,32,0.000142916,223908,7836771,7.000000,792.000000
function/signed_tail_32,35,0,32,0.000185292,172700,6044514,7.000000,792.000000
function/tail_block_32,35,0,32,0.000187041,171085,5987992,8.000000,952.000000
function/tail_borrow_32,35,0,32,0.000131917,242577,8490187,7.000000,792.000000
function/tail_escape_once_32,35,0,32,0.000168583,189817,6643612,10.000000,1080.000000
function/recursion_32,35,0,32,0.000193958,164984,5774446,43.000000,12632.000000
rust/function_tail_32,35,0,32,0.000001792,17857143,625000000,0.000000,0.000000
function/tail_64,35,0,32,0.000268917,118996,4164854,7.000000,792.000000
function/signed_tail_64,35,0,32,0.000355292,90067,3152337,7.000000,792.000000
function/tail_block_64,35,0,32,0.000355958,89898,3146439,8.000000,952.000000
function/tail_borrow_64,35,0,32,0.000249750,128128,4484484,7.000000,792.000000
function/tail_escape_once_64,35,0,32,0.000319250,100235,3508222,10.000000,1080.000000
rust/function_tail_64,35,0,32,0.000002333,13716245,480068581,0.000000,0.000000
function/tail_1024,37,0,32,0.004132333,7744,286521,7.000000,792.000000
function/signed_tail_1024,37,0,32,0.005417875,5906,218536,7.000000,792.000000
function/tail_block_1024,37,0,32,0.005511333,5806,214830,8.000000,952.000000
function/tail_borrow_1024,37,0,32,0.003720750,8600,318215,7.000000,792.000000
function/tail_escape_once_1024,37,0,32,0.004820417,6638,245622,10.000000,1080.000000
rust/function_tail_1024,37,0,32,0.000021084,1517739,56156327,0.000000,0.000000
function/tail_100000,39,0,32,0.405788833,79,3075,7.000000,792.000000
function/signed_tail_100000,39,0,32,0.526706500,61,2369,7.000000,792.000000
function/tail_block_100000,39,0,32,0.529260584,60,2358,8.000000,952.000000
function/tail_borrow_100000,39,0,32,0.363148125,88,3437,7.000000,792.000000
function/tail_escape_once_100000,39,0,32,0.472354416,68,2642,10.000000,1080.000000
rust/function_tail_100000,39,0,32,0.001881917,17004,663154,0.000000,0.000000
function/tail_capture_each_8,7,0,32,0.000056666,564713,3952988,26.000000,3992.000000
function/tail_capture_each_128,9,0,32,0.000649750,49250,443247,270.000000,57752.000000
function/tail_capture_each_1024,10,0,32,0.004891834,6542,65415,2065.000000,459160.000000
compile/eval_static,0,0,32,0.000023291,1373921,0,25.000000,1134.000000
compile/eval_dynamic,0,0,32,0.000009834,3254017,0,9.000000,616.000000
compile/eval_nested,0,0,32,0.000038625,828479,0,37.000000,1779.000000
eval/static_scalar,100,0,32,0.000012791,2501759,250175905,0.000000,0.000000
eval/dynamic_scalar,100,0,32,0.000034458,928667,92866678,21.000000,892.000000
eval/static_literal,100,0,32,0.000004833,6621146,662114629,1.000000,16.000000
eval/context,100,0,32,0.000011208,2855103,285510350,0.000000,0.000000
eval/nested,100,0,32,0.000013625,2348624,234862385,0.000000,0.000000
eval/inherited,100,0,32,0.000017416,1837391,183739090,5.000000,568.000000
eval/static_closure,100,0,32,0.000020875,1532934,153293413,7.000000,792.000000
eval/folded_literal,100,0,32,0.000004875,6564103,656410256,1.000000,16.000000
eval/mixed,100,0,32,0.000027000,1185185,118518519,9.000000,768.000000
effect/random,100,0,32,0.000005583,5731685,573168547,4.000000,216.000000
effect/random_injected,100,0,32,0.000005250,6095238,609523810,3.000000,184.000000
effect/shuffle,100,0,32,0.000012583,2543114,254311372,6.000000,360.000000
effect/shuffle_empty,100,0,32,0.000005875,5446809,544680851,4.000000,200.000000
effect/shuffle_single,100,0,32,0.000005958,5370930,537092984,4.000000,200.000000
eval/static_scalar,500,0,32,0.000032541,983375,491687410,0.000000,0.000000
eval/dynamic_scalar,500,0,32,0.000061084,523869,261934385,21.000000,892.000000
eval/static_literal,500,0,32,0.000011625,2752688,1376344086,1.000000,16.000000
eval/context,500,0,32,0.000024833,1288608,644303950,0.000000,0.000000
eval/nested,500,0,32,0.000033458,956423,478211489,0.000000,0.000000
eval/inherited,500,0,32,0.000037958,843037,421518520,5.000000,568.000000
eval/static_closure,500,0,32,0.000041125,778116,389057751,7.000000,792.000000
eval/folded_literal,500,0,32,0.000011625,2752688,1376344086,1.000000,16.000000
eval/mixed,500,0,32,0.000047000,680851,340425532,9.000000,768.000000
effect/random,500,0,32,0.000012500,2560000,1280000000,4.000000,216.000000
effect/random_injected,500,0,32,0.000012083,2648349,1324174460,3.000000,184.000000
effect/shuffle,500,0,32,0.000026000,1230769,615384615,6.000000,360.000000
effect/shuffle_empty,500,0,32,0.000012750,2509804,1254901961,4.000000,200.000000
effect/shuffle_single,500,0,32,0.000012875,2485437,1242718447,4.000000,200.000000
eval/static_scalar,1024,0,32,0.000057750,554113,567411255,0.000000,0.000000
eval/dynamic_scalar,1024,0,32,0.000094875,337286,345380764,21.000000,892.000000
eval/static_literal,1024,0,32,0.000020334,1573719,1611488148,1.000000,16.000000
eval/context,1024,0,32,0.000042125,759644,777875371,0.000000,0.000000
eval/nested,1024,0,32,0.000058917,543137,556172242,0.000000,0.000000
eval/inherited,1024,0,32,0.000062584,511313,523584303,5.000000,568.000000
eval/static_closure,1024,0,32,0.000065834,486071,497736732,7.000000,792.000000
eval/folded_literal,1024,0,32,0.000020500,1560976,1598439024,1.000000,16.000000
eval/mixed,1024,0,32,0.000077750,411576,421453376,9.000000,768.000000
effect/random,1024,0,32,0.000021208,1508865,1545077329,4.000000,216.000000
effect/random_injected,1024,0,32,0.000020750,1542169,1579180723,3.000000,184.000000
effect/shuffle,1024,0,32,0.000043125,742029,759837681,6.000000,360.000000
effect/shuffle_empty,1024,0,32,0.000021500,1488372,1524093023,4.000000,200.000000
effect/shuffle_single,1024,0,32,0.000021542,1485470,1521121530,4.000000,200.000000
eval/static_scalar,10240,0,32,0.000508792,62894,644035284,0.000000,0.000000
eval/dynamic_scalar,10240,0,32,0.000684167,46772,478947391,21.000000,892.000000
eval/static_literal,10240,0,32,0.000174208,183688,1880969875,1.000000,16.000000
eval/context,10240,0,32,0.000339417,94279,965420117,0.000000,0.000000
eval/nested,10240,0,32,0.000504750,63398,649192670,0.000000,0.000000
eval/inherited,10240,0,32,0.000522583,61234,627039150,5.000000,568.000000
eval/static_closure,10240,0,32,0.000509625,62791,642982585,7.000000,792.000000
eval/folded_literal,10240,0,32,0.000171792,186272,1907422930,1.000000,16.000000
eval/mixed,10240,0,32,0.000535042,59808,612437902,9.000000,768.000000
effect/random,10240,0,32,0.000172458,185552,1900056825,4.000000,216.000000
effect/random_injected,10240,0,32,0.000172125,185911,1903732752,3.000000,184.000000
effect/shuffle,10240,0,32,0.000340209,94060,963172638,6.000000,360.000000
effect/shuffle_empty,10240,0,32,0.000172791,185195,1896395067,4.000000,200.000000
effect/shuffle_single,10240,0,32,0.000172791,185195,1896395067,4.000000,200.000000
eval/static_scalar,1048576,0,32,0.050494542,634,664516018,0.000000,0.000000
eval/dynamic_scalar,1048576,0,32,0.067432959,475,497596910,21.000000,892.000000
eval/static_literal,1048576,0,32,0.017274000,1852,1942481880,1.000000,16.000000
eval/context,1048576,0,32,0.033971458,942,987724224,0.000000,0.000000
eval/nested,1048576,0,32,0.050076625,639,670061770,0.000000,0.000000
eval/inherited,1048576,0,32,0.050719666,631,661566502,5.000000,568.000000
eval/static_closure,1048576,0,32,0.050266000,637,667537341,7.000000,792.000000
eval/folded_literal,1048576,0,32,0.017285125,1851,1941231666,1.000000,16.000000
eval/mixed,1048576,0,32,0.049514333,646,677671090,9.000000,768.000000
effect/random,1048576,0,32,0.017147292,1866,1956835633,4.000000,216.000000
effect/random_injected,1048576,0,32,0.017296291,1850,1939978461,3.000000,184.000000
effect/shuffle,1048576,0,32,0.033967083,942,987851444,6.000000,360.000000
effect/shuffle_empty,1048576,0,32,0.017309959,1849,1938446648,4.000000,200.000000
effect/shuffle_single,1048576,0,32,0.017271417,1853,1942772385,4.000000,200.000000
eval/dynamic_closure_map,61,0,32,0.000144416,221582,13516508,99.000000,9116.000000
eval/static_map,61,0,32,0.000029584,1081666,65981612,3.000000,336.000000
effect/shuffle_sum,61,0,32,0.000017000,1882353,114823529,7.000000,552.000000
eval/dynamic_closure_map,447,0,32,0.001539500,20786,9291328,1063.000000,110396.000000
eval/static_map,447,0,32,0.000345125,92720,41445853,7.000000,6096.000000
effect/shuffle_sum,447,0,32,0.000132958,240678,107582846,11.000000,6312.000000
eval/dynamic_closure_map,4055,0,32,0.010334958,3096,12555445,8234.000000,866620.000000
eval/static_map,4055,0,32,0.002664917,12008,48691948,10.000000,49104.000000
effect/shuffle_sum,4055,0,32,0.000918875,34825,141216161,14.000000,49320.000000
compile/conversion,0,0,32,0.000118709,269567,0,105.000000,6833.000000
compile/composition,0,0,32,0.000045042,710448,0,36.000000,2529.000000
conversion/string_identity,100,0,32,0.000004292,7455732,745573159,0.000000,0.000000
conversion/number_text,100,0,32,0.000005125,6243902,624390244,0.000000,0.000000
conversion/number_value,100,0,32,0.000004917,6508033,650803335,0.000000,0.000000
conversion/string_number,100,0,32,0.000013583,2355886,235588603,8.000000,108.000000
conversion/string_object,100,0,32,0.000016541,1934587,193458678,12.000000,423.000000
conversion/string_pretty,100,0,32,0.000021625,1479769,147976879,12.000000,453.000000
conversion/concat,100,0,32,0.000025500,1254902,125490196,14.000000,254.000000
conversion/folded,100,0,32,0.000003458,9253904,925390399,0.000000,0.000000
conversion/constructor,100,0,32,0.000032834,974600,97459950,13.000000,564.000000
conversion/chain_direct,100,0,32,0.000019375,1651613,165161290,12.000000,214.000000
conversion/chain_values,100,0,32,0.000032125,996109,99610895,27.000000,1168.000000
conversion/partial,100,0,32,0.000030584,1046299,104629872,24.000000,1198.000000
conversion/partial_reused,100,0,32,0.000045250,707182,70718232,31.000000,2180.000000
conversion/sum_direct,100,0,32,0.000008708,3674782,367478181,0.000000,0.000000
conversion/sum_chain,100,0,32,0.000008708,3674782,367478181,0.000000,0.000000
conversion/sum_function,100,0,32,0.000011208,2855103,285510350,4.000000,248.000000
conversion/sum_partial,100,0,32,0.000012792,2501563,250156348,6.000000,336.000000
rust/number_text,100,0,32,0.000004000,8000000,800000000,0.000000,0.000000
conversion/string_identity,500,0,32,0.000011084,2887044,1443522194,0.000000,0.000000
conversion/number_text,500,0,32,0.000011708,2733174,1366586949,0.000000,0.000000
conversion/number_value,500,0,32,0.000011667,2742779,1371389389,0.000000,0.000000
conversion/string_number,500,0,32,0.000020291,1577054,788526933,8.000000,108.000000
conversion/string_object,500,0,32,0.000023458,1364140,682070083,12.000000,423.000000
conversion/string_pretty,500,0,32,0.000035417,903521,451760454,12.000000,453.000000
conversion/concat,500,0,32,0.000045458,703947,351973250,14.000000,254.000000
conversion/folded,500,0,32,0.000010291,3109513,1554756583,0.000000,0.000000
conversion/constructor,500,0,32,0.000060042,532960,266480131,13.000000,564.000000
conversion/chain_direct,500,0,32,0.000032666,979612,489805914,12.000000,214.000000
conversion/chain_values,500,0,32,0.000045375,705234,352617080,27.000000,1168.000000
conversion/partial,500,0,32,0.000044667,716413,358206282,24.000000,1198.000000
conversion/partial_reused,500,0,32,0.000065459,488856,244427810,31.000000,2180.000000
conversion/sum_direct,500,0,32,0.000022417,1427488,713744034,0.000000,0.000000
conversion/sum_chain,500,0,32,0.000022292,1435493,717746277,0.000000,0.000000
conversion/sum_function,500,0,32,0.000024916,1284315,642157650,4.000000,248.000000
conversion/sum_partial,500,0,32,0.000026667,1199985,599992500,6.000000,336.000000
rust/number_text,500,0,32,0.000010916,2931477,1465738366,0.000000,0.000000
conversion/string_identity,1024,0,32,0.000019791,1616897,1655702087,0.000000,0.000000
conversion/number_text,1024,0,32,0.000020542,1557784,1595170869,0.000000,0.000000
conversion/number_value,1024,0,32,0.000020375,1570552,1608245399,0.000000,0.000000
conversion/string_number,1024,0,32,0.000028916,1106654,1133213446,8.000000,108.000000
conversion/string_object,1024,0,32,0.000031667,1010516,1034768055,12.000000,423.000000
conversion/string_pretty,1024,0,32,0.000052500,609524,624152381,12.000000,453.000000
conversion/concat,1024,0,32,0.000070875,451499,462335097,14.000000,254.000000
conversion/folded,1024,0,32,0.000019041,1680584,1720918019,0.000000,0.000000
conversion/constructor,1024,0,32,0.000093208,343318,351557806,13.000000,564.000000
conversion/chain_direct,1024,0,32,0.000049584,645369,660858341,12.000000,214.000000
conversion/chain_values,1024,0,32,0.000062166,514751,527104848,27.000000,1168.000000
conversion/partial,1024,0,32,0.000061625,519270,531732252,24.000000,1198.000000
conversion/partial_reused,1024,0,32,0.000091042,351486,359921794,31.000000,2180.000000
conversion/sum_direct,1024,0,32,0.000039583,808428,827830129,0.000000,0.000000
conversion/sum_chain,1024,0,32,0.000039167,817014,836622667,0.000000,0.000000
conversion/sum_function,1024,0,32,0.000042042,761144,779411065,4.000000,248.000000
conversion/sum_partial,1024,0,32,0.000043666,732836,750423671,6.000000,336.000000
rust/number_text,1024,0,32,0.000019458,1644568,1684037414,0.000000,0.000000
conversion/string_identity,10240,0,32,0.000171000,187135,1916257310,0.000000,0.000000
conversion/number_text,10240,0,32,0.000174250,183644,1880516499,0.000000,0.000000
conversion/number_value,10240,0,32,0.000171666,186408,1908822947,0.000000,0.000000
conversion/string_number,10240,0,32,0.000180459,177326,1815814118,8.000000,108.000000
conversion/string_object,10240,0,32,0.000183125,174744,1789378840,12.000000,423.000000
conversion/string_pretty,10240,0,32,0.000349875,91461,936563058,12.000000,453.000000
conversion/concat,10240,0,32,0.000515042,62131,636219959,14.000000,254.000000
conversion/folded,10240,0,32,0.000170125,188097,1926113152,0.000000,0.000000
conversion/constructor,10240,0,32,0.000682750,46869,479941413,13.000000,564.000000
conversion/chain_direct,10240,0,32,0.000331042,96664,989844189,12.000000,214.000000
conversion/chain_values,10240,0,32,0.000359083,89116,912546681,27.000000,1168.000000
conversion/partial,10240,0,32,0.000358125,89354,914987784,24.000000,1198.000000
conversion/partial_reused,10240,0,32,0.000534375,59883,613202339,31.000000,2180.000000
conversion/sum_direct,10240,0,32,0.000345208,92698,949224815,0.000000,0.000000
conversion/sum_chain,10240,0,32,0.000338834,94442,967081226,0.000000,0.000000
conversion/sum_function,10240,0,32,0.000339208,94337,966014952,4.000000,248.000000
conversion/sum_partial,10240,0,32,0.000341042,93830,960820075,6.000000,336.000000
rust/number_text,10240,0,32,0.000170792,187362,1918591035,0.000000,0.000000
conversion/string_identity,1048576,0,32,0.016998375,1883,1973978807,0.000000,0.000000
conversion/number_text,1048576,0,32,0.017229250,1857,1947527141,0.000000,0.000000
conversion/number_value,1048576,0,32,0.016710208,1915,2008020008,0.000000,0.000000
conversion/string_number,1048576,0,32,0.017252500,1855,1944902594,8.000000,108.000000
conversion/string_object,1048576,0,32,0.017275708,1852,1942289833,12.000000,423.000000
conversion/string_pretty,1048576,0,32,0.033959417,942,988074442,12.000000,453.000000
conversion/concat,1048576,0,32,0.050627750,632,662767593,14.000000,254.000000
conversion/folded,1048576,0,32,0.017239583,1856,1946359839,0.000000,0.000000
conversion/constructor,1048576,0,32,0.067368542,475,498072706,13.000000,564.000000
conversion/chain_direct,1048576,0,32,0.033872291,945,990615958,12.000000,214.000000
conversion/chain_values,1048576,0,32,0.034028667,940,986063662,27.000000,1168.000000
conversion/partial,1048576,0,32,0.034008333,941,986653242,24.000000,1198.000000
conversion/partial_reused,1048576,0,32,0.050246084,637,667801933,31.000000,2180.000000
conversion/sum_direct,1048576,0,32,0.033983542,942,987373005,0.000000,0.000000
conversion/sum_chain,1048576,0,32,0.033955000,942,988202975,0.000000,0.000000
conversion/sum_function,1048576,0,32,0.034015167,941,986455013,4.000000,248.000000
conversion/sum_partial,1048576,0,32,0.033978334,942,987524344,6.000000,336.000000
rust/number_text,1048576,0,32,0.017224584,1858,1948054711,0.000000,0.000000
composition/numeric_pipeline,234,0,32,0.000103334,309675,72464049,14.000000,1304.000000
composition/labels,234,0,32,0.000166042,192722,45097024,44.000000,2273.000000
composition/grouping,234,0,32,0.000113167,282768,66167699,38.000000,1328.000000
composition/static_lookup,234,0,32,0.000112917,283394,66314195,45.000000,2048.000000
composition/direct_fold,74,0,32,0.000016834,1900915,140667696,0.000000,0.000000
composition/chained_fold,74,0,32,0.000016750,1910448,141373134,0.000000,0.000000
composition/numeric_pipeline,3886,0,32,0.001424667,22461,87284959,82.000000,12824.000000
composition/labels,3886,0,32,0.003256042,9828,38191154,416.000000,28885.000000
composition/grouping,3886,0,32,0.001549625,20650,80246511,466.000000,14648.000000
composition/static_lookup,3886,0,32,0.001625291,19689,76510606,589.000000,24008.000000
composition/direct_fold,1180,0,32,0.000251458,127258,150164242,0.000000,0.000000
composition/chained_fold,1180,0,32,0.000248000,129032,152258065,0.000000,0.000000
composition/numeric_pipeline,32606,0,32,0.011176666,2863,93354494,536.000000,98840.000000
composition/labels,32606,0,32,0.030979292,1033,33680305,3114.000000,248025.000000
composition/grouping,32606,0,32,0.012147875,2634,85890907,3608.000000,114104.000000
composition/static_lookup,32606,0,32,0.013004625,2461,80232379,4624.000000,187976.000000
composition/direct_fold,10164,0,32,0.001943000,16469,167394750,0.000000,0.000000
composition/chained_fold,10164,0,32,0.001968000,16260,165268293,0.000000,0.000000
compile/regex,0,0,32,0.000169167,189162,0,86.000000,7488.000000
compile/regex_callback,0,0,32,0.000102250,312958,0,81.000000,6037.000000
matcher/contains,100,0,32,0.000008375,3820896,382089552,3.000000,144.000000
matcher/no_match,100,0,32,0.000010125,3160494,316049383,3.000000,144.000000
matcher/literal_contains,100,0,32,0.000012500,2560000,256000000,5.000000,158.000000
matcher/captures,100,0,32,0.000030041,1065211,106521088,30.000000,1368.000000
matcher/replace,100,0,32,0.000018959,1687853,168785273,12.000000,439.000000
matcher/replace_captures,100,0,32,0.000023125,1383784,138378378,16.000000,781.000000
matcher/replace_callback,100,0,32,0.000068917,464327,46432665,57.000000,2825.000000
matcher/split,100,0,32,0.000032000,1000000,100000000,30.000000,1056.000000
matcher/closure,100,0,32,0.000016708,1915250,191525018,10.000000,936.000000
matcher/next,100,0,32,0.000038292,835684,83568369,30.000000,2120.000000
matcher/lookaround,100,0,32,0.000021584,1482580,148257969,23.000000,944.000000
matcher/literal_replace,100,0,32,0.000011458,2792809,279280852,5.000000,191.000000
rust/matcher_contains,100,0,32,0.000003542,9034444,903444382,1.000000,40.000000
matcher/contains,500,0,32,0.000021792,1468429,734214391,3.000000,144.000000
matcher/no_match,500,0,32,0.000023375,1368984,684491979,3.000000,144.000000
matcher/literal_contains,500,0,32,0.000025958,1232761,616380307,5.000000,158.000000
matcher/captures,500,0,32,0.000043250,739884,369942197,30.000000,1368.000000
matcher/replace,500,0,32,0.000032125,996109,498054475,12.000000,439.000000
matcher/replace_captures,500,0,32,0.000036958,865848,432923860,16.000000,781.000000
matcher/replace_callback,500,0,32,0.000081667,391835,195917568,57.000000,2825.000000
matcher/split,500,0,32,0.000051084,626419,313209616,30.000000,1056.000000
matcher/closure,500,0,32,0.000035250,907801,453900709,10.000000,936.000000
matcher/next,500,0,32,0.000051958,615882,307941029,30.000000,2120.000000
matcher/lookaround,500,0,32,0.000034791,919778,459889052,23.000000,944.000000
matcher/literal_replace,500,0,32,0.000024750,1292929,646464646,5.000000,191.000000
rust/matcher_contains,500,0,32,0.000010292,3109211,1554605519,1.000000,40.000000
matcher/contains,1024,0,32,0.000038792,824912,844710250,3.000000,144.000000
matcher/no_match,1024,0,32,0.000040333,793395,812436466,3.000000,144.000000
matcher/literal_contains,1024,0,32,0.000043000,744186,762046512,5.000000,158.000000
matcher/captures,1024,0,32,0.000059542,537436,550334218,30.000000,1368.000000
matcher/replace,1024,0,32,0.000049125,651399,667033079,12.000000,439.000000
matcher/replace_captures,1024,0,32,0.000058167,550140,563343477,16.000000,781.000000
matcher/replace_callback,1024,0,32,0.000098292,325561,333374028,57.000000,2825.000000
matcher/split,1024,0,32,0.000061792,517866,530295184,30.000000,1056.000000
matcher/closure,1024,0,32,0.000047417,674863,691060168,10.000000,936.000000
matcher/next,1024,0,32,0.000068458,467440,478658448,30.000000,2120.000000
matcher/lookaround,1024,0,32,0.000051750,618357,633198068,23.000000,944.000000
matcher/literal_replace,1024,0,32,0.000041792,765697,784073507,5.000000,191.000000
rust/matcher_contains,1024,0,32,0.000018958,1687942,1728452368,1.000000,40.000000
matcher/contains,10240,0,32,0.000323625,98880,1012529934,3.000000,144.000000
matcher/no_match,10240,0,32,0.000338375,94570,968393055,3.000000,144.000000
matcher/literal_contains,10240,0,32,0.000359875,88920,910538381,5.000000,158.000000
matcher/captures,10240,0,32,0.000351500,91038,932233286,30.000000,1368.000000
matcher/replace,10240,0,32,0.000336458,95108,973910562,12.000000,439.000000
matcher/replace_captures,10240,0,32,0.000351125,91136,933228907,16.000000,781.000000
matcher/replace_callback,10240,0,32,0.000381458,83889,859019866,57.000000,2825.000000
matcher/split,10240,0,32,0.000359083,89116,912546681,30.000000,1056.000000
matcher/closure,10240,0,32,0.000344709,92832,950598911,10.000000,936.000000
matcher/next,10240,0,32,0.000365458,87561,896628340,30.000000,2120.000000
matcher/lookaround,10240,0,32,0.000349250,91625,938239084,23.000000,944.000000
matcher/literal_replace,10240,0,32,0.000339500,94256,965184094,5.000000,191.000000
rust/matcher_contains,10240,0,32,0.000167416,191141,1957280069,1.000000,40.000000
matcher/contains,1048576,0,32,0.033991750,941,987134584,3.000000,144.000000
matcher/no_match,1048576,0,32,0.034013209,941,986511799,3.000000,144.000000
matcher/literal_contains,1048576,0,32,0.034043125,940,985644884,5.000000,158.000000
matcher/captures,1048576,0,32,0.033087834,967,1014101799,30.000000,1368.000000
matcher/replace,1048576,0,32,0.034017917,941,986375268,12.000000,439.000000
matcher/replace_captures,1048576,0,32,0.034042459,940,985664167,16.000000,781.000000
matcher/replace_callback,1048576,0,32,0.034073250,939,984773451,57.000000,2825.000000
matcher/split,1048576,0,32,0.033029542,969,1015891531,30.000000,1056.000000
matcher/closure,1048576,0,32,0.033447375,957,1003200759,10.000000,936.000000
matcher/next,1048576,0,32,0.034075833,939,984698804,30.000000,2120.000000
matcher/lookaround,1048576,0,32,0.033999125,941,986920458,23.000000,944.000000
matcher/literal_replace,1048576,0,32,0.033416917,958,1004115131,5.000000,191.000000
rust/matcher_contains,1048576,0,32,0.017266916,1853,1943278811,1.000000,40.000000
matcher/long_contains,149,0,32,0.000022333,1432857,213495724,4.000000,304.000000
matcher/long_no_match,149,0,32,0.000021167,1511787,225256295,3.000000,144.000000
matcher/long_replace,149,0,32,0.000037375,856187,127571906,12.000000,1439.000000
matcher/repeated_replace,171,0,32,0.000135041,236965,40521027,142.000000,9210.000000
matcher/limited_captures,171,0,32,0.000050166,637882,109077861,60.000000,2728.000000
matcher/long_contains,4117,0,32,0.000441375,72501,298485415,4.000000,304.000000
matcher/long_no_match,4117,0,32,0.000439708,72776,299617019,3.000000,144.000000
matcher/long_replace,4117,0,32,0.000633333,50526,208016952,12.000000,33183.000000
matcher/repeated_replace,5131,0,32,0.003572542,8957,45959432,4115.000000,288954.000000
matcher/limited_captures,5131,0,32,0.000220125,145372,745903464,60.000000,2728.000000
matcher/long_contains,65557,0,32,0.006982875,4583,300424109,4.000000,304.000000
matcher/long_no_match,65557,0,32,0.006969000,4592,301022241,3.000000,144.000000
matcher/long_replace,65557,0,32,0.009634625,3321,217738002,12.000000,524703.000000
matcher/repeated_replace,81931,0,32,0.057365250,558,45703488,65559.000000,4620474.000000
matcher/limited_captures,81931,0,32,0.002845542,11246,921368231,60.000000,2728.000000
matcher/unicode_contains,139,0,32,0.000020250,1580247,219654321,7.000000,628.000000
matcher/unicode_replace,139,0,32,0.000033541,954056,132613816,17.000000,1330.000000
matcher/unicode_captures,139,0,32,0.000046375,690027,95913747,42.000000,2202.000000
matcher/unicode_zero_limit,139,0,32,0.000013833,2313309,321549917,2.000000,104.000000
matcher/unicode_contains,2059,0,32,0.000176667,181132,372950240,7.000000,7508.000000
matcher/unicode_replace,2059,0,32,0.000242917,131732,271236678,17.000000,16130.000000
matcher/unicode_captures,2059,0,32,0.000209333,152866,314752094,42.000000,9082.000000
matcher/unicode_zero_limit,2059,0,32,0.000099666,321072,661088034,2.000000,104.000000
matcher/unicode_contains,32779,0,32,0.002667583,11996,393212882,7.000000,117588.000000
matcher/unicode_replace,32779,0,32,0.003594459,8903,291818045,17.000000,252930.000000
matcher/unicode_captures,32779,0,32,0.002708209,11816,387314273,42.000000,119162.000000
matcher/unicode_zero_limit,32779,0,32,0.001516042,21108,691885845,2.000000,104.000000
matcher/filtered_sum,206,0,32,0.000097667,327644,67494650,63.000000,3640.000000
matcher/mixed,206,0,32,0.000207417,154279,31781387,130.000000,6836.000000
matcher/grouped,206,0,32,0.000111167,287855,59298173,54.000000,2460.000000
matcher/filtered_sum,3292,0,32,0.001390292,23017,75771133,915.000000,59080.000000
matcher/mixed,3292,0,32,0.003101375,10318,33966870,1882.000000,98336.000000
matcher/grouped,3292,0,32,0.001563084,20472,67394970,722.000000,32760.000000
matcher/filtered_sum,27060,0,32,0.010595416,3020,81725909,7196.000000,473032.000000
matcher/mixed,27060,0,32,0.024241625,1320,35720378,14883.000000,781536.000000
matcher/grouped,27060,0,32,0.012037875,2658,71932962,5656.000000,259000.000000
compile/parent,0,0,32,0.000071208,449388,0,58.000000,4829.000000
compile/transform,0,0,32,0.000067334,475243,0,62.000000,4141.000000
parent/filter,150,0,32,0.000042916,745643,111846398,9.000000,848.000000
parent/nested,150,0,32,0.000051375,622871,93430657,16.000000,1776.000000
parent/sort,150,0,32,0.000038375,833876,125081433,14.000000,1152.000000
parent/constructor,150,0,32,0.000047000,680851,102127660,15.000000,1440.000000
parent/closure,150,0,32,0.000049375,648101,97215190,16.000000,1936.000000
parent/group,150,0,32,0.000046417,689403,103410388,20.000000,2088.000000
parent/tuple,150,0,32,0.000052375,610979,91646778,17.000000,1632.000000
parent/focus_control,150,0,32,0.000052500,609524,91428571,10.000000,1288.000000
transform/clone,150,0,32,0.000033750,948148,142222222,10.000000,1136.000000
transform/update,150,0,32,0.000119916,266853,40028020,57.000000,5444.000000
transform/no_match,150,0,32,0.000059083,541611,81241643,21.000000,1688.000000
transform/update_write,150,0,32,0.000135792,235655,35348180,59.000000,5712.000000
parent/filter,500,0,32,0.000054959,582252,291126112,9.000000,848.000000
parent/nested,500,0,32,0.000065209,490730,245364904,16.000000,1776.000000
parent/sort,500,0,32,0.000050291,636297,318148376,14.000000,1152.000000
parent/constructor,500,0,32,0.000059459,538186,269092988,15.000000,1440.000000
parent/closure,500,0,32,0.000061666,518925,259462264,16.000000,1936.000000
parent/group,500,0,32,0.000058041,551334,275667201,20.000000,2088.000000
parent/tuple,500,0,32,0.000064916,492945,246472364,17.000000,1632.000000
parent/focus_control,500,0,32,0.000064375,497087,248543689,10.000000,1288.000000
transform/clone,500,0,32,0.000046417,689403,344701295,10.000000,1136.000000
transform/update,500,0,32,0.000143417,223126,111562785,57.000000,5444.000000
transform/no_match,500,0,32,0.000077208,414465,207232411,21.000000,1688.000000
transform/update_write,500,0,32,0.000167792,190712,95356155,59.000000,5712.000000
parent/filter,1024,0,32,0.000071625,446771,457493892,9.000000,848.000000
parent/nested,1024,0,32,0.000080875,395672,405168470,16.000000,1776.000000
parent/sort,1024,0,32,0.000066583,480603,492137633,14.000000,1152.000000
parent/constructor,1024,0,32,0.000075667,422906,433055361,15.000000,1440.000000
parent/closure,1024,0,32,0.000078500,407643,417426752,16.000000,1936.000000
parent/group,1024,0,32,0.000074875,427379,437636060,20.000000,2088.000000
parent/tuple,1024,0,32,0.000081125,394453,403919877,17.000000,1632.000000
parent/focus_control,1024,0,32,0.000081083,394657,404129102,10.000000,1288.000000
transform/clone,1024,0,32,0.000063083,507268,519442639,10.000000,1136.000000
transform/update,1024,0,32,0.000176959,180833,185172837,57.000000,5444.000000
transform/no_match,1024,0,32,0.000101792,314367,321911349,21.000000,1688.000000
transform/update_write,1024,0,32,0.000212167,150825,154444376,59.000000,5712.000000
parent/filter,10240,0,32,0.000368708,86790,888724953,9.000000,848.000000
parent/nested,10240,0,32,0.000377750,84712,867452019,16.000000,1776.000000
parent/sort,10240,0,32,0.000368583,86819,889026352,14.000000,1152.000000
parent/constructor,10240,0,32,0.000372625,85877,879382757,15.000000,1440.000000
parent/closure,10240,0,32,0.000375167,85295,873424368,16.000000,1936.000000
parent/group,10240,0,32,0.000372292,85954,880169329,20.000000,2088.000000
parent/tuple,10240,0,32,0.000378375,84572,866019161,17.000000,1632.000000
parent/focus_control,10240,0,32,0.000378500,84544,865733157,10.000000,1288.000000
transform/clone,10240,0,32,0.000360000,88889,910222222,10.000000,1136.000000
transform/update,10240,0,32,0.000765459,41805,428083019,57.000000,5444.000000
transform/no_match,10240,0,32,0.000561541,56986,583537088,21.000000,1688.000000
transform/update_write,10240,0,32,0.001005333,31830,325941753,59.000000,5712.000000
parent/filter,65536,0,32,0.002156208,14841,972611177,9.000000,848.000000
parent/nested,65536,0,32,0.002148458,14894,976119617,16.000000,1776.000000
parent/sort,65536,0,32,0.002075833,15415,1010270094,14.000000,1152.000000
parent/constructor,65536,0,32,0.002094833,15276,1001107009,15.000000,1440.000000
parent/closure,65536,0,32,0.002126833,15046,986044508,16.000000,1936.000000
parent/group,65536,0,32,0.002176792,14701,963414052,20.000000,2088.000000
parent/tuple,65536,0,32,0.002145917,14912,977275449,17.000000,1632.000000
parent/focus_control,65536,0,32,0.002159333,14819,971203608,10.000000,1288.000000
transform/clone,65536,0,32,0.002141875,14940,979119697,10.000000,1136.000000
transform/update,65536,0,32,0.004334542,7383,483823204,57.000000,5444.000000
transform/no_match,65536,0,32,0.003203792,9988,654584318,21.000000,1688.000000
transform/update_write,65536,0,32,0.005803500,5514,361359869,59.000000,5712.000000
parent/filter,1048576,0,32,0.034260291,934,979397169,9.000000,848.000000
parent/nested,1048576,0,32,0.033885542,944,990228576,16.000000,1776.000000
parent/sort,1048576,0,32,0.034049458,940,985461560,14.000000,1152.000000
parent/constructor,1048576,0,32,0.033884292,944,990265106,15.000000,1440.000000
parent/closure,1048576,0,32,0.034017542,941,986386142,16.000000,1936.000000
parent/group,1048576,0,32,0.034020959,941,986287071,20.000000,2088.000000
parent/tuple,1048576,0,32,0.034082667,939,984501360,17.000000,1632.000000
parent/focus_control,1048576,0,32,0.034019833,941,986319715,10.000000,1288.000000
transform/clone,1048576,0,32,0.033983917,942,987362110,10.000000,1136.000000
transform/update,1048576,0,32,0.066237917,483,506574384,57.000000,5444.000000
transform/no_match,1048576,0,32,0.050688500,631,661973268,21.000000,1688.000000
transform/update_write,1048576,0,32,0.090483292,354,370835668,59.000000,5712.000000
parent/wide_filter_sum,73,0,32,0.000041750,766467,55952096,9.000000,848.000000
parent/wide_sort,73,0,32,0.000045959,696273,50827912,18.000000,1488.000000
transform/wide_update,73,0,32,0.000081167,394249,28780169,46.000000,4900.000000
transform/wide_write,73,0,32,0.000098833,323778,23635830,54.000000,5800.000000
parent/wide_filter_sum,2048,0,32,0.000890750,35925,73573955,133.000000,13248.000000
parent/wide_sort,2048,0,32,0.003112792,10280,21053768,332.000000,33600.000000
transform/wide_update,2048,0,32,0.001993292,16054,32878274,804.000000,90560.000000
transform/wide_write,2048,0,32,0.002529500,12651,25908678,1060.000000,119360.000000
parent/wide_filter_sum,33180,0,32,0.013760125,2326,77162090,2053.000000,205248.000000
parent/wide_sort,33180,0,32,0.073937500,433,14360237,5136.000000,532800.000000
transform/wide_update,33180,0,32,0.032076000,998,33101384,12490.000000,1434376.000000
transform/wide_write,33180,0,32,0.039780667,804,26690352,16586.000000,1895176.000000
cargo build --workspace --release --locked
    Finished `release` profile [optimized] target(s) in 0.00s
