just all
cargo fmt --all -- --check
just clippy
cargo clippy --workspace --all-targets --locked -- -D warnings
    Checking jx v0.1.0 (/Users/josh/Documents/Workspace/jo-cube/jx/crates/jx)
    Checking jx-cli v0.1.0 (/Users/josh/Documents/Workspace/jo-cube/jx/crates/jx-cli)
    Finished `dev` profile [unoptimized + debuginfo] target(s) in 5.39s
just test
cargo test --workspace --locked
   Compiling jx v0.1.0 (/Users/josh/Documents/Workspace/jo-cube/jx/crates/jx)
   Compiling jx-cli v0.1.0 (/Users/josh/Documents/Workspace/jo-cube/jx/crates/jx-cli)
    Finished `test` profile [unoptimized + debuginfo] target(s) in 6.81s
     Running unittests src/lib.rs (target/debug/deps/jx-5c39ac25acc6c2b5)

running 10 tests
test json::string::tests::size_hints_bound_remaining_units ... ok
test plan::tests::whole_regions_lower ... ok
test plan::tests::dynamic_effects_and_retained_results_do_not_lower_as_callbacks ... ok
test plan::tests::shared_computations_keep_wide_constructors_in_one_region ... ok
test plan::tests::nested_demands_preserve_replacement_and_array_fallback ... ok
test plan::tests::pure_callback_folds_match_staged_tree_errors ... ok
test plan::tests::plan_and_tree_agree_on_values_and_exact_errors ... ok
test plan::tests::parameter_regions_lower_and_match_original_calls ... ok
test plan::tests::fixed_objects_lookup_and_capture_match_the_tree ... ok
test plan::tests::branches_and_folds_match_the_tree ... ok

test result: ok. 10 passed; 0 failed; 0 ignored; 0 measured; 0 filtered out; finished in 2.09s

     Running tests/aggregates.rs (target/debug/deps/aggregates-876a2f81d671fe60)

running 5 tests
test validation_cancellation_and_mapped_aggregate_errors ... ok
test aggregate_arguments_finish_before_type_or_arity_checks ... ok
test aggregates_preserve_ieee_values_and_signed_zero ... ok
test aggregate_calls_keep_syntax_and_depth_limits_explicit ... ok
test aggregate_semantics ... ok

test result: ok. 5 passed; 0 failed; 0 ignored; 0 measured; 0 filtered out; finished in 0.01s

     Running tests/builtins.rs (target/debug/deps/builtins-0fb36744982705d7)

running 5 tests
test missing_matchers_and_host_exceptions_are_explicit ... ok
test builtin_retention_keeps_input_borrowing_and_evaluates_arguments_once ... ok
test computed_strings_preserve_json_encoding_and_surrogate_units ... ok
test validation_and_argument_errors_precede_callback_execution ... ok
test builtin_semantics ... ok

test result: ok. 5 passed; 0 failed; 0 ignored; 0 measured; 0 filtered out; finished in 0.01s

     Running tests/compiler.rs (target/debug/deps/compiler-8e8e49522c4bfe91)

running 4 tests
test constant_errors_remain_runtime_errors_after_validation ... ok
test static_lookup_still_validates_and_normalizes_its_key ... ok
test lookup_shapes_keys_and_calls ... ok
test constant_construction_keeps_identity_and_shape ... ok

test result: ok. 4 passed; 0 failed; 0 ignored; 0 measured; 0 filtered out; finished in 0.00s

     Running tests/composition.rs (target/debug/deps/composition-d495a756fa864021)

running 7 tests
test concatenation_preserves_escape_and_surrogate_boundaries ... ok
test string_identity_and_partial_arguments_keep_borrowing ... ok
test jsonata_stringification_is_distinct_from_output_serialization ... ok
test validation_and_error_order_are_preserved ... ok
test composed_calls_keep_resource_limits_and_record_isolation ... ok
test direct_path_conversion_matches_dynamic_calls ... ok
test conversion_and_composition_semantics ... ok

test result: ok. 7 passed; 0 failed; 0 ignored; 0 measured; 0 filtered out; finished in 0.01s

     Running tests/conformance.rs (target/debug/deps/conformance-40cddbe4d9d4427d)

running 1 test
test pinned_upstream_groups_have_explicit_expected_outcomes ... ok

test result: ok. 1 passed; 0 failed; 0 ignored; 0 measured; 0 filtered out; finished in 2.17s

     Running tests/consolidation.rs (target/debug/deps/consolidation-bcac31bfff5f1ae2)

running 5 tests
test traversal_cancellation_still_follows_complete_validation ... ok
test immediate_calls_preserve_rebinding_and_escaping_captures ... ok
test nested_lookup_preserves_array_boundaries_and_decoded_duplicate_keys ... ok
test ordering_and_grouping_preserve_upstream_outcomes ... ok
test wide_groups_compare_encoded_keys_without_losing_member_order ... ok

test result: ok. 5 passed; 0 failed; 0 ignored; 0 measured; 0 filtered out; finished in 0.01s

     Running tests/constructors.rs (target/debug/deps/constructors-a6f64bd373536e55)

running 9 tests
test object_construction_does_not_mutate_empty_input_arrays ... ok
test null_collapse_reports_a_type_error_instead_of_a_host_exception ... ok
test containers_own_structure_and_retain_borrowed_members ... ok
test implicit_string_iteration_after_constructor_collapse_is_explicitly_deferred ... ok
test serialization_keeps_unicode_units_and_arbitrary_json_keys ... ok
test construction_preserves_internal_numbers_and_undefined ... ok
test construction_validates_before_output_and_cancels_between_containers ... ok
test constructor_syntax_and_depth_are_bounded ... ok
test constructor_semantics ... ok

test result: ok. 9 passed; 0 failed; 0 ignored; 0 measured; 0 filtered out; finished in 0.01s

     Running tests/effects.rs (target/debug/deps/effects-478e0efd389e2d2b)

running 8 tests
test compatibility_boundaries_are_explicit ... ok
test eval_errors_keep_the_nested_diagnostic ... ok
test skipped_effects_and_trivial_shuffles_do_not_draw ... ok
test dynamic_randomness_shares_the_injected_source ... ok
test dynamic_results_borrow_input_and_validation_precedes_effects ... ok
test dynamic_errors_preserve_effects_and_shuffle_uses_one_shared_stream ... ok
test injected_randomness_is_shared_and_not_replayed ... ok
test dynamic_evaluation_semantics ... ok

test result: ok. 8 passed; 0 failed; 0 ignored; 0 measured; 0 filtered out; finished in 0.20s

     Running tests/execution.rs (target/debug/deps/execution-54f3e2427d52e331)

running 7 tests
test planned_regions_do_not_round_borrowed_output ... ok
test numeric_regions_keep_validation_and_error_precedence ... ok
test numeric_regions_compose_with_contexts_and_retention ... ok
test numeric_regions_accept_constructed_and_retained_contexts ... ok
test numeric_regions_preserve_missing_shape_and_record_isolation ... ok
test branches_fixed_objects_and_streamed_folds_compose ... ok
test numeric_regions_preserve_ordering_and_stream_cancellation ... ok

test result: ok. 7 passed; 0 failed; 0 ignored; 0 measured; 0 filtered out; finished in 0.00s

     Running tests/filters.rs (target/debug/deps/filters-498acedc1ac69cf4)

running 5 tests
test undefined_sequence_items_remain_distinct_from_null ... ok
test filtered_values_borrow_input_and_cancellation_stops_predicates ... ok
test upstream_stage_errors_take_precedence_over_later_stage_errors ... ok
test filter_semantics ... ok
test filters_have_bounded_depth_and_keep_deferred_syntax_explicit ... ok

test result: ok. 5 passed; 0 failed; 0 ignored; 0 measured; 0 filtered out; finished in 0.01s

     Running tests/formatting.rs (target/debug/deps/formatting-6654bbe0f9cbe392)

running 2 tests
test pictures_do_not_change_validation_or_argument_order ... ok
test numeric_and_date_picture_semantics ... ok

test result: ok. 2 passed; 0 failed; 0 ignored; 0 measured; 0 filtered out; finished in 0.02s

     Running tests/functions.rs (target/debug/deps/functions-a6515a4057481d3f)

running 5 tests
test frame_recycling_preserves_escaped_callback_bindings ... ok
test ambiguous_signature_matching_is_bounded ... ok
test function_runtime_semantics ... ok
test tail_borrowing_validation_and_reuse ... ok
test infinite_tail_calls_use_execution_budget_and_release_the_record ... ok

test result: ok. 5 passed; 0 failed; 0 ignored; 0 measured; 0 filtered out; finished in 0.63s

     Running tests/helpers.rs (target/debug/deps/helpers-b3aa71aefe3628d9)

running 4 tests
test user_messages_and_comment_errors_are_explicit ... ok
test helpers_preserve_borrowing_and_validation ... ok
test predicates_after_grouping_require_a_path_or_boundary ... ok
test everyday_helper_semantics ... ok

test result: ok. 4 passed; 0 failed; 0 ignored; 0 measured; 0 filtered out; finished in 0.01s

     Running tests/json_validation.rs (target/debug/deps/json_validation-e44178e449dfbb4d)

running 6 tests
test valid_json_syntax_and_utf8 ... ok
test invalid_json_syntax ... ok
test rejects_invalid_utf8_anywhere_even_in_unselected_fields ... ok
test deterministic_mutations_agree_with_serde_on_common_json_domain ... ok
test depth_limit_and_large_shallow_records ... ok
test planned_capture_preserves_complete_validation_and_exact_diagnostics ... ok

test result: ok. 6 passed; 0 failed; 0 ignored; 0 measured; 0 filtered out; finished in 0.05s

     Running tests/lexical.rs (target/debug/deps/lexical-bf2c9cff37c9ff52)

running 8 tests
test retained_bindings_preserve_input_borrowing ... ok
test recursion_accounts_for_large_function_bodies ... ok
test deferred_features_and_constructor_binding_races_are_explicit ... ok
test retained_output_obeys_consumer_cancellation ... ok
test evaluations_isolate_scope_and_validate_before_execution ... ok
test function_results_are_opaque_and_not_json ... ok
test recursion_is_bounded_and_an_error_does_not_poison_reuse ... ok
test lexical_semantics ... ok

test result: ok. 8 passed; 0 failed; 0 ignored; 0 measured; 0 filtered out; finished in 0.01s

     Running tests/matchers.rs (target/debug/deps/matchers-60a40e786f2b8fa2)

running 5 tests
test complete_validation_precedes_matcher_execution ... ok
test legacy_case_folding_and_native_coercion_are_explicitly_deferred ... ok
test independent_evaluations_and_cloned_expressions_have_fresh_cursors ... ok
test borrowing_and_continuation_retention ... ok
test matcher_semantics ... ok

test result: ok. 5 passed; 0 failed; 0 ignored; 0 measured; 0 filtered out; finished in 0.01s

     Running tests/navigation.rs (target/debug/deps/navigation-30d994a8a828e57f)

running 4 tests
test range_limits_and_deferred_tuple_navigation_are_explicit ... ok
test validation_borrowing_and_cancellation ... ok
test nested_fallbacks_compile_without_expanding_the_left_tree ... ok
test navigation_semantics ... ok

test result: ok. 4 passed; 0 failed; 0 ignored; 0 measured; 0 filtered out; finished in 0.01s

     Running tests/regions.rs (target/debug/deps/regions-61ec7f7f706d89aa)

running 3 tests
test effectful_callbacks_keep_random_draw_order ... ok
test validation_precedes_planned_calls_and_fold_output ... ok
test pure_region_results_and_fallbacks_match_readable_cases ... ok

test result: ok. 3 passed; 0 failed; 0 ignored; 0 measured; 0 filtered out; finished in 0.01s

     Running tests/scalars.rs (target/debug/deps/scalars-3f00191b04973a56)

running 7 tests
test expression_whitespace_matches_the_language_tokenizer ... ok
test computed_scalars_and_literal_strings_need_no_owned_output ... ok
test operator_errors_have_expression_offsets_after_complete_validation ... ok
test duplicate_keys_unicode_and_binary64_boundaries ... ok
test compile_errors_and_expression_depth_are_bounded ... ok
test scalar_operators_and_sequence_operands ... ok
test structural_equality_and_boolean_casting_respect_input_depth_limits ... ok

test result: ok. 7 passed; 0 failed; 0 ignored; 0 measured; 0 filtered out; finished in 0.01s

     Running tests/semantics.rs (target/debug/deps/semantics-0a24414442d3f99b)

running 8 tests
test serialization_propagates_consumer_failure ... ok
test unsupported_semantics_fail_explicitly ... ok
test compact_serialization_preserves_string_and_number_bytes ... ok
test results_borrow_input_not_the_expression ... ok
test validate_before_returning_a_selected_value_or_semantic_error ... ok
test field_names_compare_decoded_escapes ... ok
test object_paths_missing_and_raw_values ... ok
test compile_once_reuse_across_records_and_threads ... ok

test result: ok. 8 passed; 0 failed; 0 ignored; 0 measured; 0 filtered out; finished in 0.00s

     Running tests/sequences.rs (target/debug/deps/sequences-807fc37769f900a3)

running 6 tests
test streamed_values_borrow_their_original_ranges ... ok
test cancellation_preserves_the_consumer_error_and_stops_emission ... ok
test fully_validate_before_emitting_any_sequence_item ... ok
test duplicate_keys_and_escaped_names_inside_arrays ... ok
test array_navigation_and_sequence_boundaries ... ok
test traversal_is_bounded_by_validated_input_depth_not_array_width ... ok

test result: ok. 6 passed; 0 failed; 0 ignored; 0 measured; 0 filtered out; finished in 0.03s

     Running tests/structure.rs (target/debug/deps/structure-b0a5f5f7d788211d)

running 8 tests
test undeducible_parents_fail_without_recursive_analysis ... ok
test unsupported_non_json_transform_edges_are_explicit ... ok
test clone_conversion_preserves_utf16_and_checks_all_numeric_leaves ... ok
test validation_cancellation_and_record_isolation ... ok
test transform_alias_boundaries_are_explicit ... ok
test clones_and_updates_keep_unrelated_leaves_borrowed ... ok
test resolved_parent_paths_count_toward_the_function_stack_budget ... ok
test parent_and_transform_semantics ... ok

test result: ok. 8 passed; 0 failed; 0 ignored; 0 measured; 0 filtered out; finished in 0.02s

     Running tests/tuples.rs (target/debug/deps/tuples-4c0d4251563b57c3)

running 5 tests
test invalid_bindings_and_parent_navigation_remain_explicit ... ok
test scoped_paths_validate_before_output_and_borrow_selected_values ... ok
test cancellation_stops_scoped_stages_before_later_errors ... ok
test an_empty_scoped_group_constructs_an_empty_object ... ok
test scoped_path_semantics ... ok

test result: ok. 5 passed; 0 failed; 0 ignored; 0 measured; 0 filtered out; finished in 0.01s

     Running unittests src/main.rs (target/debug/deps/jx-b40571f2d4c0a842)

running 3 tests
test stream::tests::output_failure_stops_before_consuming_the_next_record ... ok
test stream::tests::oversized_unterminated_record_stays_bounded ... ok
test stream::tests::framing_is_independent_of_buffer_boundaries ... ok

test result: ok. 3 passed; 0 failed; 0 ignored; 0 measured; 0 filtered out; finished in 0.00s

     Running tests/cli.rs (target/debug/deps/cli-cb8ecef0d5e941bc)

running 22 tests
test everyday_helpers_and_user_errors_stream_records ... ok
test errors_have_distinct_exit_codes_and_record_context ... ok
test formatting_is_compiled_once_and_streams_records ... ok
test aggregates_distinguish_missing_empty_and_failed_records ... ok
test builtins_frame_sequences_and_escape_computed_strings ... ok
test filters_frame_values_and_report_streamed_errors ... ok
test invalid_record_never_emits_a_partial_sequence ... ok
test conversion_and_chaining_preserve_ndjson_boundaries ... ok
test ndjson_missing_null_arrays_and_final_unterminated_record ... ok
test lexical_runtime_is_fresh_for_each_record ... ok
test dynamic_eval_streams_records_and_wraps_errors ... ok
test kept_sequences_and_reductions_preserve_record_framing ... ok
test constructors_frame_complete_outputs_and_mapped_failures ... ok
test matcher_results_keep_ndjson_framing_and_record_isolation ... ok
test exact_record_limit_including_cr_but_excluding_lf ... ok
test streams_multiple_files_and_stdin_in_order ... ok
test scoped_paths_reset_bindings_and_preserve_sequence_framing ... ok
test parent_navigation_and_transforms_preserve_record_boundaries ... ok
test help_empty_input_options_and_invalid_utf8 ... ok
test signed_tail_functions_stream_and_report_record_errors ... ok
test sequences_are_separate_lines_and_raw_arrays_stay_values ... ok
test scalar_results_and_runtime_errors_are_framed_per_record ... ok

test result: ok. 22 passed; 0 failed; 0 ignored; 0 measured; 0 filtered out; finished in 0.57s

   Doc-tests jx

running 1 test
test crates/jx/src/lib.rs - (line 4) ... ok

test result: ok. 1 passed; 0 failed; 0 ignored; 0 measured; 0 filtered out; finished in 0.01s

all doctests ran in 3.65s; merged doctests compilation took 3.13s
cargo bench -p jx --bench throughput --locked -- --smoke
   Compiling jx v0.1.0 (/Users/josh/Documents/Workspace/jo-cube/jx/crates/jx)
    Finished `bench` profile [optimized] target(s) in 9.78s
     Running benches/throughput.rs (target/release/deps/throughput-1b5b3923bf796647)
workload,input_bytes,sample,records,seconds,records_per_second,input_bytes_per_second,allocations_per_record,allocated_bytes_per_record
compile,0,0,32,0.000025500,1254902,0,8.000000,578.000000
ascii/validate,100,0,32,0.000006958,4599023,459902271,0.000000,0.000000
ascii/identity,100,0,32,0.000007375,4338983,433898305,0.000000,0.000000
ascii/shallow,100,0,32,0.000008542,3746195,374619527,0.000000,0.000000
ascii/nested,100,0,32,0.000008917,3588651,358865089,0.000000,0.000000
ascii/missing,100,0,32,0.000008250,3878788,387878788,0.000000,0.000000
ascii/array_value,100,0,32,0.000008500,3764706,376470588,0.000000,0.000000
ascii/identity_write,100,0,32,0.000012125,2639175,263917526,0.000000,0.000000
ascii/validate,500,0,32,0.000020833,1536025,768012288,0.000000,0.000000
ascii/identity,500,0,32,0.000021166,1511859,755929321,0.000000,0.000000
ascii/shallow,500,0,32,0.000022167,1443587,721793657,0.000000,0.000000
ascii/nested,500,0,32,0.000022792,1404001,702000702,0.000000,0.000000
ascii/missing,500,0,32,0.000021750,1471264,735632184,0.000000,0.000000
ascii/array_value,500,0,32,0.000022125,1446328,723163842,0.000000,0.000000
ascii/identity_write,500,0,32,0.000046291,691279,345639541,0.000000,0.000000
ascii/validate,1024,0,32,0.000038917,822263,841997071,0.000000,0.000000
ascii/identity,1024,0,32,0.000039750,805031,824352201,0.000000,0.000000
ascii/shallow,1024,0,32,0.000041125,778116,796790274,0.000000,0.000000
ascii/nested,1024,0,32,0.000040583,788508,807431683,0.000000,0.000000
ascii/missing,1024,0,32,0.000039708,805883,825224136,0.000000,0.000000
ascii/array_value,1024,0,32,0.000041042,779689,798401637,0.000000,0.000000
ascii/identity_write,1024,0,32,0.000090583,353267,361745581,0.000000,0.000000
ascii/validate,10240,0,32,0.000361708,88469,905924116,0.000000,0.000000
ascii/identity,10240,0,32,0.000365667,87511,896115865,0.000000,0.000000
ascii/shallow,10240,0,32,0.000359334,89054,911909254,0.000000,0.000000
ascii/nested,10240,0,32,0.000359792,88940,910748432,0.000000,0.000000
ascii/missing,10240,0,32,0.000315083,101561,1039979942,0.000000,0.000000
ascii/array_value,10240,0,32,0.000316834,100999,1034232437,0.000000,0.000000
ascii/identity_write,10240,0,32,0.000743125,43061,440948696,0.000000,0.000000
ascii/validate,65536,0,32,0.002586083,12374,810937623,0.000000,0.000000
ascii/identity,65536,0,32,0.002083709,15357,1006451477,0.000000,0.000000
ascii/shallow,65536,0,32,0.001855208,17249,1130413409,0.000000,0.000000
ascii/nested,65536,0,32,0.001664375,19226,1260023733,0.000000,0.000000
ascii/missing,65536,0,32,0.001571125,20368,1334809134,0.000000,0.000000
ascii/array_value,65536,0,32,0.001515500,21115,1383802046,0.000000,0.000000
ascii/identity_write,65536,0,32,0.003090917,10353,678488617,0.000000,0.000000
ascii/validate,1048576,0,32,0.017094667,1872,1962859645,0.000000,0.000000
ascii/identity,1048576,0,32,0.017028125,1879,1970530050,0.000000,0.000000
ascii/shallow,1048576,0,32,0.017231708,1857,1947249338,0.000000,0.000000
ascii/nested,1048576,0,32,0.017214459,1859,1949200495,0.000000,0.000000
ascii/missing,1048576,0,32,0.017254292,1855,1944700600,0.000000,0.000000
ascii/array_value,1048576,0,32,0.017241750,1856,1946115215,0.000000,0.000000
ascii/identity_write,1048576,0,32,0.040617917,788,826099280,0.000000,0.000000
structured/validate,485,0,32,0.000015667,2042510,990617221,0.000000,0.000000
structured/identity,485,0,32,0.000021958,1457328,706803898,0.000000,0.000000
structured/shallow,485,0,32,0.000016333,1959224,950223474,0.000000,0.000000
structured/nested,485,0,32,0.000016542,1934470,938217870,0.000000,0.000000
structured/missing,485,0,32,0.000016250,1969231,955076923,0.000000,0.000000
structured/array_value,485,0,32,0.000016417,1949199,945361516,0.000000,0.000000
structured/identity_write,485,0,32,0.000025750,1242718,602718447,0.000000,0.000000
unicode_escaped_keys/validate,960,0,32,0.000027667,1156613,1110348068,0.000000,0.000000
unicode_escaped_keys/identity,960,0,32,0.000027875,1147982,1102062780,0.000000,0.000000
unicode_escaped_keys/shallow,960,0,32,0.000028375,1127753,1082643172,0.000000,0.000000
unicode_escaped_keys/nested,960,0,32,0.000028666,1116305,1071652829,0.000000,0.000000
unicode_escaped_keys/missing,960,0,32,0.000028208,1134430,1089052751,0.000000,0.000000
unicode_escaped_keys/array_value,960,0,32,0.000028292,1131062,1085819313,0.000000,0.000000
unicode_escaped_keys/identity_write,960,0,32,0.000051166,625415,600398702,0.000000,0.000000
array/shallow,78,0,32,0.000007458,4290695,334674175,0.000000,0.000000
array/nested,78,0,32,0.000008291,3859607,301049331,0.000000,0.000000
array/flatten,78,0,32,0.000007458,4290695,334674175,0.000000,0.000000
array/missing,78,0,32,0.000007334,4363240,340332697,0.000000,0.000000
array/root,67,0,32,0.000006833,4683155,313771403,0.000000,0.000000
array/cancel_first,78,0,32,0.000007500,4266667,332800000,0.000000,0.000000
array/shallow,540,0,32,0.000052917,604721,326549124,0.000000,0.000000
array/nested,540,0,32,0.000060125,532225,287401247,0.000000,0.000000
array/flatten,540,0,32,0.000058542,546616,295172697,0.000000,0.000000
array/missing,540,0,32,0.000050958,627968,339102791,0.000000,0.000000
array/root,529,0,32,0.000051458,621866,328967313,0.000000,0.000000
array/cancel_first,540,0,32,0.000026000,1230769,664615385,0.000000,0.000000
array/shallow,1074,0,32,0.000109292,292794,314460345,0.000000,0.000000
array/nested,1074,0,32,0.000124458,257115,276141349,0.000000,0.000000
array/flatten,1074,0,32,0.000120291,266022,285707160,0.000000,0.000000
array/missing,1074,0,32,0.000106166,301415,323719458,0.000000,0.000000
array/root,1063,0,32,0.000107416,297907,316675356,0.000000,0.000000
array/cancel_first,1074,0,32,0.000043750,731429,785554286,0.000000,0.000000
array/shallow,8606,0,32,0.000846667,37795,325266014,0.000000,0.000000
array/nested,8606,0,32,0.000926542,34537,297225598,0.000000,0.000000
array/flatten,8606,0,32,0.000900834,35523,305707822,0.000000,0.000000
array/missing,8606,0,32,0.000774500,41317,355573919,0.000000,0.000000
array/root,8595,0,32,0.000805333,39735,341523320,0.000000,0.000000
array/cancel_first,8606,0,32,0.000254000,125984,1084220472,0.000000,0.000000
array/shallow,69558,0,32,0.006434750,4973,345911807,0.000000,0.000000
array/nested,69558,0,32,0.007219167,4433,308325877,0.000000,0.000000
array/flatten,69558,0,32,0.007039291,4546,316204572,0.000000,0.000000
array/missing,69558,0,32,0.006191250,5169,359516414,0.000000,0.000000
array/root,69547,0,32,0.006282834,5093,354219768,0.000000,0.000000
array/cancel_first,69558,0,32,0.001930334,16577,1153093713,0.000000,0.000000
array/shallow,1135782,0,32,0.101946500,314,356510758,0.000000,0.000000
array/nested,1135782,0,32,0.115835459,276,313764233,0.000000,0.000000
array/flatten,1135782,0,32,0.113891583,281,319119491,0.000000,0.000000
array/missing,1135782,0,32,0.100018959,320,363381347,0.000000,0.000000
array/root,1135771,0,32,0.101889458,314,356706893,0.000000,0.000000
array/cancel_first,1135782,0,32,0.030704666,1042,1183697097,0.000000,0.000000
array/nested_contexts,972,0,32,0.000188417,169836,165080646,0.000000,0.000000
array/sparse,785,0,32,0.000110250,290249,227845805,0.000000,0.000000
array/deep,136,0,32,0.000021125,1514793,206011834,0.000000,0.000000
array/empty,2,0,32,0.000000583,54888508,109777015,0.000000,0.000000
array/singleton,12,0,32,0.000002458,13018714,156224573,0.000000,0.000000
array/nested_values,31,0,32,0.000006708,4770423,147883125,0.000000,0.000000
compile/scalar,0,0,32,0.000069750,458781,0,75.000000,4078.000000
scalar/literal,100,0,32,0.000002833,11295447,1129544652,0.000000,0.000000
scalar/arithmetic,100,0,32,0.000010125,3160494,316049383,0.000000,0.000000
scalar/nested,100,0,32,0.000010083,3173659,317365863,0.000000,0.000000
scalar/comparison,100,0,32,0.000009875,3240506,324050633,0.000000,0.000000
scalar/strings,100,0,32,0.000006875,4654545,465454545,0.000000,0.000000
scalar/boolean,100,0,32,0.000010166,3147747,314774739,0.000000,0.000000
scalar/missing,100,0,32,0.000009708,3296251,329625052,0.000000,0.000000
scalar/short_circuit,100,0,32,0.000003041,10522854,1052285432,0.000000,0.000000
scalar/mixed,100,0,32,0.000007417,4314413,431441284,0.000000,0.000000
scalar/write,100,0,32,0.000011042,2898026,289802572,0.000000,0.000000
scalar/literal,500,0,32,0.000009666,3310573,1655286571,0.000000,0.000000
scalar/arithmetic,500,0,32,0.000030375,1053498,526748971,0.000000,0.000000
scalar/nested,500,0,32,0.000030625,1044898,522448980,0.000000,0.000000
scalar/comparison,500,0,32,0.000029958,1068162,534081047,0.000000,0.000000
scalar/strings,500,0,32,0.000020333,1573796,786898146,0.000000,0.000000
scalar/boolean,500,0,32,0.000030417,1052043,526021633,0.000000,0.000000
scalar/missing,500,0,32,0.000029958,1068162,534081047,0.000000,0.000000
scalar/short_circuit,500,0,32,0.000009875,3240506,1620253165,0.000000,0.000000
scalar/mixed,500,0,32,0.000014208,2252252,1126126126,0.000000,0.000000
scalar/write,500,0,32,0.000031125,1028112,514056225,0.000000,0.000000
scalar/literal,1024,0,32,0.000018250,1753425,1795506849,0.000000,0.000000
scalar/arithmetic,1024,0,32,0.000055583,575716,589532771,0.000000,0.000000
scalar/nested,1024,0,32,0.000055541,576151,589978574,0.000000,0.000000
scalar/comparison,1024,0,32,0.000055208,579626,593537169,0.000000,0.000000
scalar/strings,1024,0,32,0.000037375,856187,876735786,0.000000,0.000000
scalar/boolean,1024,0,32,0.000055750,573991,587766816,0.000000,0.000000
scalar/missing,1024,0,32,0.000055292,578746,592635463,0.000000,0.000000
scalar/short_circuit,1024,0,32,0.000020042,1596647,1634966570,0.000000,0.000000
scalar/mixed,1024,0,32,0.000023167,1381275,1414425692,0.000000,0.000000
scalar/write,1024,0,32,0.000056375,567627,581250554,0.000000,0.000000
scalar/literal,10240,0,32,0.000169625,188651,1931790715,0.000000,0.000000
scalar/arithmetic,10240,0,32,0.000498916,64139,656783908,0.000000,0.000000
scalar/nested,10240,0,32,0.000498959,64134,656727306,0.000000,0.000000
scalar/comparison,10240,0,32,0.000519834,61558,630355075,0.000000,0.000000
scalar/strings,10240,0,32,0.000337792,94733,970064418,0.000000,0.000000
scalar/boolean,10240,0,32,0.000498916,64139,656783908,0.000000,0.000000
scalar/missing,10240,0,32,0.000505083,63356,648764658,0.000000,0.000000
scalar/short_circuit,10240,0,32,0.000169833,188420,1929424788,0.000000,0.000000
scalar/mixed,10240,0,32,0.000174708,183163,1875586693,0.000000,0.000000
scalar/write,10240,0,32,0.000499916,64011,655470119,0.000000,0.000000
scalar/literal,65536,0,32,0.001074417,29784,1951897634,0.000000,0.000000
scalar/arithmetic,65536,0,32,0.003192083,10025,656985423,0.000000,0.000000
scalar/nested,65536,0,32,0.003162792,10118,663069845,0.000000,0.000000
scalar/comparison,65536,0,32,0.003162958,10117,663035045,0.000000,0.000000
scalar/strings,65536,0,32,0.002128792,15032,985137111,0.000000,0.000000
scalar/boolean,65536,0,32,0.003191459,10027,657113878,0.000000,0.000000
scalar/missing,65536,0,32,0.003167416,10103,662101852,0.000000,0.000000
scalar/short_circuit,65536,0,32,0.001074667,29777,1951443563,0.000000,0.000000
scalar/mixed,65536,0,32,0.001085875,29469,1931301485,0.000000,0.000000
scalar/write,65536,0,32,0.003177417,10071,660017870,0.000000,0.000000
scalar/literal,1048576,0,32,0.017275208,1852,1942346049,0.000000,0.000000
scalar/arithmetic,1048576,0,32,0.050519708,633,664184995,0.000000,0.000000
scalar/nested,1048576,0,32,0.050696167,631,661873155,0.000000,0.000000
scalar/comparison,1048576,0,32,0.050110667,639,669606573,0.000000,0.000000
scalar/strings,1048576,0,32,0.033908916,944,989545994,0.000000,0.000000
scalar/boolean,1048576,0,32,0.050668375,632,662236198,0.000000,0.000000
scalar/missing,1048576,0,32,0.050534291,633,663993327,0.000000,0.000000
scalar/short_circuit,1048576,0,32,0.016502750,1939,2033263062,0.000000,0.000000
scalar/mixed,1048576,0,32,0.017271667,1853,1942744264,0.000000,0.000000
scalar/write,1048576,0,32,0.050511083,634,664298408,0.000000,0.000000
scalar/sequence_boolean,330,0,32,0.000057792,553710,182724252,0.000000,0.000000
scalar/sequence_array_equality,330,0,32,0.000080208,398963,131657690,0.000000,0.000000
scalar/sequence_equality,330,0,32,0.000104042,307568,101497472,3.000000,672.000000
scalar/array_equality,330,0,32,0.000118416,270234,89177138,16.000000,3264.000000
scalar/singleton,15,0,32,0.000003916,8171604,122574055,0.000000,0.000000
scalar/sequence_type_error,330,0,32,0.000035083,912123,301000485,0.000000,0.000000
scalar/object_equality,125,0,32,0.000044375,721127,90140845,3.000000,1396.000000
scalar/object_equality,2389,0,32,0.000728875,43903,104884925,7.000000,24948.000000
scalar/escaped_strings,26,0,32,0.000002833,11295447,293681610,0.000000,0.000000
compile/filter,0,0,32,0.000043709,732115,0,39.000000,2229.000000
filter/predicate,100,0,32,0.000016333,1959224,195922366,0.000000,0.000000
filter/none,100,0,32,0.000014375,2226087,222608696,0.000000,0.000000
filter/first,100,0,32,0.000010500,3047619,304761905,0.000000,0.000000
filter/last,100,0,32,0.000012250,2612245,261224490,0.000000,0.000000
filter/computed_last,100,0,32,0.000015041,2127518,212751812,0.000000,0.000000
filter/chained,100,0,32,0.000021542,1485470,148547024,0.000000,0.000000
filter/predicate,500,0,32,0.000029416,1087843,543921675,0.000000,0.000000
filter/none,500,0,32,0.000027625,1158371,579185520,0.000000,0.000000
filter/first,500,0,32,0.000024209,1321822,660911231,0.000000,0.000000
filter/last,500,0,32,0.000025792,1240695,620347395,0.000000,0.000000
filter/computed_last,500,0,32,0.000028541,1121194,560597036,0.000000,0.000000
filter/chained,500,0,32,0.000035000,914286,457142857,0.000000,0.000000
filter/predicate,1024,0,32,0.000048000,666667,682666667,0.000000,0.000000
filter/none,1024,0,32,0.000044958,711775,728858045,0.000000,0.000000
filter/first,1024,0,32,0.000040875,782875,801663609,0.000000,0.000000
filter/last,1024,0,32,0.000042625,750733,768750733,0.000000,0.000000
filter/computed_last,1024,0,32,0.000045250,707182,724154696,0.000000,0.000000
filter/chained,1024,0,32,0.000051541,620865,635765701,0.000000,0.000000
filter/predicate,10240,0,32,0.000344000,93023,952558140,0.000000,0.000000
filter/none,10240,0,32,0.000342000,93567,958128655,0.000000,0.000000
filter/first,10240,0,32,0.000338458,94546,968155576,0.000000,0.000000
filter/last,10240,0,32,0.000340167,94071,963291560,0.000000,0.000000
filter/computed_last,10240,0,32,0.000342875,93328,955683558,0.000000,0.000000
filter/chained,10240,0,32,0.000349084,91668,938685245,0.000000,0.000000
filter/predicate,65536,0,32,0.002124292,15064,987223979,0.000000,0.000000
filter/none,65536,0,32,0.002135375,14986,982100100,0.000000,0.000000
filter/first,65536,0,32,0.002135333,14986,982119417,0.000000,0.000000
filter/last,65536,0,32,0.002120417,15091,989028102,0.000000,0.000000
filter/computed_last,65536,0,32,0.002140208,14952,979882329,0.000000,0.000000
filter/chained,65536,0,32,0.002129708,15026,984713397,0.000000,0.000000
filter/predicate,1048576,0,32,0.033985625,942,987312489,0.000000,0.000000
filter/none,1048576,0,32,0.034009916,941,986607318,0.000000,0.000000
filter/first,1048576,0,32,0.033977167,942,987558262,0.000000,0.000000
filter/last,1048576,0,32,0.033940959,943,988611783,0.000000,0.000000
filter/computed_last,1048576,0,32,0.034036459,940,985837922,0.000000,0.000000
filter/chained,1048576,0,32,0.033995084,941,987037773,0.000000,0.000000
filter/wide_predicate,164,0,32,0.000052917,604721,99174178,0.000000,0.000000
filter/wide_last,164,0,32,0.000027375,1168950,191707763,0.000000,0.000000
filter/sequence_last,164,0,32,0.000056917,562222,92204438,0.000000,0.000000
filter/wide_predicate,2736,0,32,0.000829375,38583,105563828,0.000000,0.000000
filter/wide_last,2736,0,32,0.000371458,86147,235698249,0.000000,0.000000
filter/sequence_last,2736,0,32,0.000765334,41812,114397113,0.000000,0.000000
filter/wide_predicate,23392,0,32,0.006810750,4698,109906251,0.000000,0.000000
filter/wide_last,23392,0,32,0.002931875,10915,255312385,0.000000,0.000000
filter/sequence_last,23392,0,32,0.006151208,5202,121690569,0.000000,0.000000
filter/nested,892,0,32,0.000400208,79958,71322912,0.000000,0.000000
filter/per_group,892,0,32,0.000288209,111031,99039239,0.000000,0.000000
filter/global,892,0,32,0.000189291,169052,150794280,0.000000,0.000000
filter/deep,136,0,32,0.000024417,1310562,178236475,0.000000,0.000000
filter/negative_chain,20,0,32,0.000317667,100734,2014688,0.000000,0.000000
compile/aggregate,0,0,32,0.000052792,606152,0,52.000000,3342.000000
aggregate/count,100,0,32,0.000008500,3764706,376470588,0.000000,0.000000
aggregate/sum,100,0,32,0.000008833,3622778,362277822,0.000000,0.000000
aggregate/min,100,0,32,0.000008792,3639672,363967243,0.000000,0.000000
aggregate/max,100,0,32,0.000008833,3622778,362277822,0.000000,0.000000
aggregate/filtered_count,100,0,32,0.000005958,5370930,537092984,0.000000,0.000000
aggregate/filtered_sum,100,0,32,0.000006250,5120000,512000000,0.000000,0.000000
aggregate/empty_sum,100,0,32,0.000006000,5333333,533333333,0.000000,0.000000
aggregate/count,500,0,32,0.000021917,1460054,730026920,0.000000,0.000000
aggregate/sum,500,0,32,0.000022417,1427488,713744034,0.000000,0.000000
aggregate/min,500,0,32,0.000022333,1432857,716428603,0.000000,0.000000
aggregate/max,500,0,32,0.000022375,1430168,715083799,0.000000,0.000000
aggregate/filtered_count,500,0,32,0.000012792,2501563,1250781739,0.000000,0.000000
aggregate/filtered_sum,500,0,32,0.000012583,2543114,1271556862,0.000000,0.000000
aggregate/empty_sum,500,0,32,0.000012584,2542912,1271455817,0.000000,0.000000
aggregate/count,1024,0,32,0.000040333,793395,812436466,0.000000,0.000000
aggregate/sum,1024,0,32,0.000039792,804182,823482107,0.000000,0.000000
aggregate/min,1024,0,32,0.000039750,805031,824352201,0.000000,0.000000
aggregate/max,1024,0,32,0.000039666,806736,826097918,0.000000,0.000000
aggregate/filtered_count,1024,0,32,0.000021709,1474043,1509420056,0.000000,0.000000
aggregate/filtered_sum,1024,0,32,0.000021625,1479769,1515283237,0.000000,0.000000
aggregate/empty_sum,1024,0,32,0.000021375,1497076,1533005848,0.000000,0.000000
aggregate/count,10240,0,32,0.000336084,95214,974994347,0.000000,0.000000
aggregate/sum,10240,0,32,0.000339042,94384,966487928,0.000000,0.000000
aggregate/min,10240,0,32,0.000351542,91028,932121909,0.000000,0.000000
aggregate/max,10240,0,32,0.000336292,95155,974391303,0.000000,0.000000
aggregate/filtered_count,10240,0,32,0.000172500,185507,1899594203,0.000000,0.000000
aggregate/filtered_sum,10240,0,32,0.000172584,185417,1898669633,0.000000,0.000000
aggregate/empty_sum,10240,0,32,0.000175083,182770,1871569484,0.000000,0.000000
aggregate/count,65536,0,32,0.002144542,14922,977902042,0.000000,0.000000
aggregate/sum,65536,0,32,0.002135167,14987,982195772,0.000000,0.000000
aggregate/min,65536,0,32,0.002119041,15101,989670327,0.000000,0.000000
aggregate/max,65536,0,32,0.002116333,15120,990936682,0.000000,0.000000
aggregate/filtered_count,65536,0,32,0.001079916,29632,1941958449,0.000000,0.000000
aggregate/filtered_sum,65536,0,32,0.001093708,29258,1917469745,0.000000,0.000000
aggregate/empty_sum,65536,0,32,0.001080042,29628,1941731896,0.000000,0.000000
aggregate/count,1048576,0,32,0.033744625,948,994363754,0.000000,0.000000
aggregate/sum,1048576,0,32,0.033645916,951,997280978,0.000000,0.000000
aggregate/min,1048576,0,32,0.033953458,942,988247854,0.000000,0.000000
aggregate/max,1048576,0,32,0.033481500,956,1002178278,0.000000,0.000000
aggregate/filtered_count,1048576,0,32,0.017272250,1853,1942678690,0.000000,0.000000
aggregate/filtered_sum,1048576,0,32,0.017262250,1854,1943804081,0.000000,0.000000
aggregate/empty_sum,1048576,0,32,0.017243708,1856,1945894236,0.000000,0.000000
aggregate/array_count,23,0,32,0.000005917,5408146,124387358,0.000000,0.000000
aggregate/array_sum,23,0,32,0.000007166,4465532,102707229,0.000000,0.000000
aggregate/array_min,23,0,32,0.000007333,4363835,100368199,0.000000,0.000000
aggregate/array_max,23,0,32,0.000007375,4338983,99796610,0.000000,0.000000
aggregate/sequence_sum,23,0,32,0.000013709,2334233,53687359,0.000000,0.000000
aggregate/computed_sum,23,0,32,0.000011041,2898288,66660629,0.000000,0.000000
aggregate/wide_filtered_sum,23,0,32,0.000022792,1404001,32292032,0.000000,0.000000
aggregate/array_count,409,0,32,0.000071292,448858,183583011,0.000000,0.000000
aggregate/array_sum,409,0,32,0.000094500,338624,138497354,0.000000,0.000000
aggregate/array_min,409,0,32,0.000095917,333622,136451307,0.000000,0.000000
aggregate/array_max,409,0,32,0.000095916,333625,136452729,0.000000,0.000000
aggregate/sequence_sum,409,0,32,0.000186541,171544,70161519,0.000000,0.000000
aggregate/computed_sum,409,0,32,0.000157125,203660,83296738,0.000000,0.000000
aggregate/wide_filtered_sum,409,0,32,0.000340292,94037,38461086,0.000000,0.000000
aggregate/array_count,4017,0,32,0.000555709,57584,231315311,0.000000,0.000000
aggregate/array_sum,4017,0,32,0.000731667,43736,175686480,0.000000,0.000000
aggregate/array_min,4017,0,32,0.000771291,41489,166660832,0.000000,0.000000
aggregate/array_max,4017,0,32,0.000757750,42230,169639063,0.000000,0.000000
aggregate/sequence_sum,4017,0,32,0.001407583,22734,91322501,0.000000,0.000000
aggregate/computed_sum,4017,0,32,0.001268583,25225,101328805,0.000000,0.000000
aggregate/wide_filtered_sum,4017,0,32,0.002866917,11162,44837015,0.000000,0.000000
aggregate/array_count,87201,0,32,0.009646084,3317,289281329,0.000000,0.000000
aggregate/array_sum,87201,0,32,0.012533000,2553,222646773,0.000000,0.000000
aggregate/array_min,87201,0,32,0.012666959,2526,220292179,0.000000,0.000000
aggregate/array_max,87201,0,32,0.013693167,2337,203782806,0.000000,0.000000
aggregate/sequence_sum,87201,0,32,0.023959959,1336,116462303,0.000000,0.000000
aggregate/computed_sum,87201,0,32,0.020820542,1537,134023024,0.000000,0.000000
aggregate/wide_filtered_sum,87201,0,32,0.050488042,634,55269167,0.000000,0.000000
aggregate/nested_sum,1036,0,32,0.000240500,133056,137846154,0.000000,0.000000
aggregate/nested_filtered_sum,1036,0,32,0.000429958,74426,77105206,0.000000,0.000000
aggregate/nested_filtered_count,1036,0,32,0.000425875,75139,77844438,0.000000,0.000000
aggregate/nested_sum,16396,0,32,0.003612250,8859,145247976,0.000000,0.000000
aggregate/nested_filtered_sum,16396,0,32,0.006722291,4760,78049582,0.000000,0.000000
aggregate/nested_filtered_count,16396,0,32,0.006561542,4877,79961692,0.000000,0.000000
aggregate/nested_sum,1048588,0,32,0.231451625,138,144975504,0.000000,0.000000
aggregate/nested_filtered_sum,1048588,0,32,0.427542834,75,78482934,0.000000,0.000000
aggregate/nested_filtered_count,1048588,0,32,0.420487667,76,79799763,0.000000,0.000000
aggregate/deep_sum,136,0,32,0.000022250,1438202,195595506,0.000000,0.000000
aggregate/deep_filtered_sum,136,0,32,0.000028042,1141145,155195778,0.000000,0.000000
compile/constructor,0,0,32,0.000116333,275072,0,90.000000,6422.000000
construct/raw_member,100,0,32,0.000006167,5188909,518890871,3.000000,168.000000
construct/raw_member_write,100,0,32,0.000008500,3764706,376470588,3.000000,168.000000
construct/scalars,100,0,32,0.000020209,1583453,158345292,3.000000,552.000000
construct/filtered_summary,100,0,32,0.000030708,1042074,104207373,5.000000,368.000000
construct/nested,100,0,32,0.000051500,621359,62135922,15.000000,1352.000000
construct/navigate,100,0,32,0.000017167,1864041,186404147,3.000000,168.000000
construct/raw_member,500,0,32,0.000012834,2493377,1246688484,3.000000,168.000000
construct/raw_member_write,500,0,32,0.000024708,1295127,647563542,3.000000,168.000000
construct/scalars,500,0,32,0.000042250,757396,378698225,3.000000,552.000000
construct/filtered_summary,500,0,32,0.000050917,628474,314236895,5.000000,368.000000
construct/nested,500,0,32,0.000079250,403785,201892744,15.000000,1352.000000
construct/navigate,500,0,32,0.000030875,1036437,518218623,3.000000,168.000000
construct/raw_member,1024,0,32,0.000021542,1485470,1521121530,3.000000,168.000000
construct/raw_member_write,1024,0,32,0.000045333,705888,722828844,3.000000,168.000000
construct/scalars,1024,0,32,0.000065250,490421,502191571,3.000000,552.000000
construct/filtered_summary,1024,0,32,0.000076166,420135,430218208,5.000000,368.000000
construct/nested,1024,0,32,0.000113666,281527,288283216,15.000000,1352.000000
construct/navigate,1024,0,32,0.000047958,667251,683264523,3.000000,168.000000
construct/raw_member,10240,0,32,0.000172709,185283,1897295451,3.000000,168.000000
construct/raw_member_write,10240,0,32,0.000401500,79701,816139477,3.000000,168.000000
construct/scalars,10240,0,32,0.000508917,62879,643877096,3.000000,552.000000
construct/filtered_summary,10240,0,32,0.000530250,60349,617972654,5.000000,368.000000
construct/nested,10240,0,32,0.000724958,44140,451998599,15.000000,1352.000000
construct/navigate,10240,0,32,0.000346292,92408,946253451,3.000000,168.000000
construct/raw_member,65536,0,32,0.001101416,29054,1904050786,3.000000,168.000000
construct/raw_member_write,65536,0,32,0.002398584,13341,874329188,3.000000,168.000000
construct/scalars,65536,0,32,0.003161708,10121,663297180,3.000000,552.000000
construct/filtered_summary,65536,0,32,0.003175459,10077,660424839,5.000000,368.000000
construct/nested,65536,0,32,0.004277708,7481,490251322,15.000000,1352.000000
construct/navigate,65536,0,32,0.002136875,14975,981410705,3.000000,168.000000
construct/raw_member,1048576,0,32,0.017150792,1866,1956436298,3.000000,168.000000
construct/raw_member_write,1048576,0,32,0.040863750,783,821129534,3.000000,168.000000
construct/scalars,1048576,0,32,0.050695792,631,661878051,3.000000,552.000000
construct/filtered_summary,1048576,0,32,0.050704584,631,661763284,5.000000,368.000000
construct/nested,1048576,0,32,0.067087042,477,500162639,15.000000,1352.000000
construct/navigate,1048576,0,32,0.033107167,967,1013509613,3.000000,168.000000
construct/mapped_objects,262,0,32,0.000082041,390049,102192806,12.000000,1184.000000
construct/collected_objects,262,0,32,0.000082667,387095,101418946,15.000000,1352.000000
construct/collected_write,262,0,32,0.000086584,369583,96830823,15.000000,1352.000000
construct/filtered_aggregate,262,0,32,0.000095292,335810,87982202,3.000000,296.000000
construct/mapped_objects,4334,0,32,0.001148125,27872,120795210,192.000000,18944.000000
construct/collected_objects,4334,0,32,0.001190167,26887,116528185,199.000000,21992.000000
construct/collected_write,4334,0,32,0.001317792,24283,105242709,199.000000,21992.000000
construct/filtered_aggregate,4334,0,32,0.001225667,26108,113153083,3.000000,296.000000
construct/mapped_objects,36190,0,32,0.008740750,3661,132492063,1536.000000,151552.000000
construct/collected_objects,36190,0,32,0.009085708,3522,127461723,1546.000000,176104.000000
construct/collected_write,36190,0,32,0.009833625,3254,117767354,1546.000000,176104.000000
construct/filtered_aggregate,36190,0,32,0.009431625,3393,122786900,3.000000,296.000000
construct/mapped_objects,624958,0,32,0.143266958,223,139590149,24576.000000,2424832.000000
construct/collected_objects,624958,0,32,0.146286834,219,136708516,24590.000000,2818024.000000
construct/collected_write,624958,0,32,0.160629667,199,124501634,24590.000000,2818024.000000
construct/filtered_aggregate,624958,0,32,0.157882125,203,126668272,3.000000,296.000000
construct/nested_summary,1036,0,32,0.000824083,38831,40228958,3.000000,296.000000
construct/nested_summary,16396,0,32,0.012736125,2513,41195576,3.000000,296.000000
construct/nested_summary,1048588,0,32,0.806723709,40,41593938,3.000000,296.000000
compile/lexical,0,0,32,0.000054291,589416,0,42.000000,2809.000000
lexical/lookup,100,0,32,0.000012250,2612245,261224490,5.000000,568.000000
lexical/repeated_binding,100,0,32,0.000014084,2272082,227208179,5.000000,568.000000
lexical/retained_sequence,100,0,32,0.000019416,1648125,164812526,7.000000,712.000000
lexical/closure_call,100,0,32,0.000020583,1554681,155468105,7.000000,792.000000
lexical/escaped_closure,100,0,32,0.000024167,1324120,132411967,9.000000,1016.000000
lexical/mixed,100,0,32,0.000041083,778911,77891099,13.000000,1504.000000
lexical/lookup,500,0,32,0.000025417,1259000,629499941,5.000000,568.000000
lexical/repeated_binding,500,0,32,0.000027208,1176125,588062335,5.000000,568.000000
lexical/retained_sequence,500,0,32,0.000032833,974629,487314592,7.000000,712.000000
lexical/closure_call,500,0,32,0.000041250,775758,387878788,7.000000,792.000000
lexical/escaped_closure,500,0,32,0.000044625,717087,358543417,9.000000,1016.000000
lexical/mixed,500,0,32,0.000062125,515091,257545272,13.000000,1504.000000
lexical/lookup,1024,0,32,0.000042583,751474,769508959,5.000000,568.000000
lexical/repeated_binding,1024,0,32,0.000044667,716413,733606466,5.000000,568.000000
lexical/retained_sequence,1024,0,32,0.000049625,644836,660312343,7.000000,712.000000
lexical/closure_call,1024,0,32,0.000066875,478505,489988785,7.000000,792.000000
lexical/escaped_closure,1024,0,32,0.000069875,457961,468951699,9.000000,1016.000000
lexical/mixed,1024,0,32,0.000087958,363810,372541440,13.000000,1504.000000
lexical/lookup,10240,0,32,0.000340459,93991,962465378,5.000000,568.000000
lexical/repeated_binding,10240,0,32,0.000342333,93476,957196648,5.000000,568.000000
lexical/retained_sequence,10240,0,32,0.000347541,92075,942852786,7.000000,712.000000
lexical/closure_call,10240,0,32,0.000510666,62663,641671856,7.000000,792.000000
lexical/escaped_closure,10240,0,32,0.000513209,62353,638492310,9.000000,1016.000000
lexical/mixed,10240,0,32,0.000532042,60146,615891227,13.000000,1504.000000
lexical/lookup,65536,0,32,0.002123125,15072,987766618,5.000000,568.000000
lexical/repeated_binding,65536,0,32,0.002134833,14989,982349439,5.000000,568.000000
lexical/retained_sequence,65536,0,32,0.002130625,15019,984289586,7.000000,712.000000
lexical/closure_call,65536,0,32,0.003168416,10100,661892883,7.000000,792.000000
lexical/escaped_closure,65536,0,32,0.003171000,10091,661353516,9.000000,1016.000000
lexical/mixed,65536,0,32,0.003192750,10023,656848172,13.000000,1504.000000
lexical/lookup,1048576,0,32,0.033841375,946,991520941,5.000000,568.000000
lexical/repeated_binding,1048576,0,32,0.033859542,945,990988951,5.000000,568.000000
lexical/retained_sequence,1048576,0,32,0.033858375,945,991023107,7.000000,712.000000
lexical/closure_call,1048576,0,32,0.050545416,633,663847183,7.000000,792.000000
lexical/escaped_closure,1048576,0,32,0.050512958,634,664273749,9.000000,1016.000000
lexical/mixed,1048576,0,32,0.050546167,633,663837319,13.000000,1504.000000
lexical/mapped_calls,106,0,32,0.000057459,556919,59033398,9.000000,968.000000
lexical/repeated_projection,106,0,32,0.000035709,896133,94990059,8.000000,904.000000
lexical/mapped_calls,1692,0,32,0.000698959,45782,77463771,13.000000,6728.000000
lexical/repeated_projection,1692,0,32,0.000356042,89877,152071947,12.000000,6664.000000
lexical/mapped_calls,14260,0,32,0.005430000,5893,84036832,16.000000,49736.000000
lexical/repeated_projection,14260,0,32,0.002753459,11622,165726092,15.000000,49672.000000
lexical/mapped_calls,251044,0,32,0.088708333,361,90559790,20.000000,787016.000000
lexical/repeated_projection,251044,0,32,0.043801375,731,183405384,19.000000,786952.000000
lexical/nested_retention,1036,0,32,0.000462083,69252,71744687,10.000000,2056.000000
lexical/nested_retention,16396,0,32,0.006922667,4622,75790443,14.000000,25096.000000
lexical/nested_retention,1048588,0,32,0.438941000,73,76444935,20.000000,1573384.000000
compile/nested_fallback,0,0,32,0.000145958,219241,0,113.000000,7201.000000
compile/navigation,0,0,32,0.000074417,430009,0,57.000000,4303.000000
navigation/keep,100,0,32,0.000016750,1910448,191044776,2.000000,144.000000
navigation/wildcard,100,0,32,0.000030291,1056419,105641940,8.000000,1072.000000
navigation/descendants,100,0,32,0.000041958,762667,76266743,8.000000,1072.000000
navigation/ordering,100,0,32,0.000021500,1488372,148837209,6.000000,320.000000
navigation/grouping,100,0,32,0.000027625,1158371,115837104,11.000000,824.000000
navigation/membership,100,0,32,0.000020292,1576976,157697615,2.000000,32.000000
navigation/fallback,100,0,32,0.000010000,3200000,320000000,0.000000,0.000000
navigation/mixed,100,0,32,0.000030708,1042074,104207373,11.000000,1032.000000
navigation/keep,500,0,32,0.000030875,1036437,518218623,2.000000,144.000000
navigation/wildcard,500,0,32,0.000045125,709141,354570637,8.000000,1072.000000
navigation/descendants,500,0,32,0.000070000,457143,228571429,8.000000,1072.000000
navigation/ordering,500,0,32,0.000035000,914286,457142857,6.000000,320.000000
navigation/grouping,500,0,32,0.000040459,790924,395462073,11.000000,824.000000
navigation/membership,500,0,32,0.000032958,970933,485466351,2.000000,32.000000
navigation/fallback,500,0,32,0.000030084,1063688,531844170,0.000000,0.000000
navigation/mixed,500,0,32,0.000043750,731429,365714286,11.000000,1032.000000
navigation/keep,1024,0,32,0.000047084,679636,695947668,2.000000,144.000000
navigation/wildcard,1024,0,32,0.000061875,517172,529583838,8.000000,1072.000000
navigation/descendants,1024,0,32,0.000107416,297907,305056975,8.000000,1072.000000
navigation/ordering,1024,0,32,0.000052083,614404,629149627,6.000000,320.000000
navigation/grouping,1024,0,32,0.000058541,546625,559744453,11.000000,824.000000
navigation/membership,1024,0,32,0.000050542,633137,648332080,2.000000,32.000000
navigation/fallback,1024,0,32,0.000058791,544301,557364222,0.000000,0.000000
navigation/mixed,1024,0,32,0.000060375,530021,542741201,11.000000,1032.000000
navigation/keep,10240,0,32,0.000347000,92219,944322767,2.000000,144.000000
navigation/wildcard,10240,0,32,0.000360459,88776,909063167,8.000000,1072.000000
navigation/descendants,10240,0,32,0.000690958,46313,474240113,8.000000,1072.000000
navigation/ordering,10240,0,32,0.000349208,91636,938351928,6.000000,320.000000
navigation/grouping,10240,0,32,0.000355167,90098,922608238,11.000000,824.000000
navigation/membership,10240,0,32,0.000349417,91581,937790663,2.000000,32.000000
navigation/fallback,10240,0,32,0.000498958,64134,656728622,0.000000,0.000000
navigation/mixed,10240,0,32,0.000359834,88930,910642129,11.000000,1032.000000
navigation/keep,65536,0,32,0.002132584,15005,983385414,2.000000,144.000000
navigation/wildcard,65536,0,32,0.002143625,14928,978320369,8.000000,1072.000000
navigation/descendants,65536,0,32,0.004251500,7527,493273433,8.000000,1072.000000
navigation/ordering,65536,0,32,0.002132292,15007,983520081,6.000000,320.000000
navigation/grouping,65536,0,32,0.002138333,14965,980741540,11.000000,824.000000
navigation/membership,65536,0,32,0.002130167,15022,984501215,2.000000,32.000000
navigation/fallback,65536,0,32,0.003160708,10124,663507037,0.000000,0.000000
navigation/mixed,65536,0,32,0.002154375,14853,973438700,11.000000,1032.000000
navigation/keep,1048576,0,32,0.033919542,943,989235999,2.000000,144.000000
navigation/wildcard,1048576,0,32,0.033921459,943,989180094,8.000000,1072.000000
navigation/descendants,1048576,0,32,0.067208542,476,499258442,8.000000,1072.000000
navigation/ordering,1048576,0,32,0.033935500,943,988770815,6.000000,320.000000
navigation/grouping,1048576,0,32,0.034037708,940,985801747,11.000000,824.000000
navigation/membership,1048576,0,32,0.033855917,945,991095057,2.000000,32.000000
navigation/fallback,1048576,0,32,0.050458875,634,664985733,0.000000,0.000000
navigation/mixed,1048576,0,32,0.033877166,945,990473406,11.000000,1032.000000
navigation/wide_sort,250,0,32,0.000065750,486692,121673004,9.000000,968.000000
navigation/wide_group,250,0,32,0.000070666,452834,113208615,10.000000,1016.000000
navigation/wide_descendants,250,0,32,0.000122666,260871,65217746,20.000000,2680.000000
navigation/range,250,0,32,0.000033125,966038,241509434,4.000000,360.000000
navigation/wide_sort,4144,0,32,0.000956084,33470,138699110,13.000000,14408.000000
navigation/wide_group,4144,0,32,0.000945375,33849,140270263,18.000000,9656.000000
navigation/wide_descendants,4144,0,32,0.001783333,17944,74359640,260.000000,34840.000000
navigation/range,4144,0,32,0.000402917,79421,329119893,8.000000,6120.000000
navigation/wide_sort,34657,0,32,0.008016584,3992,138341219,16.000000,114760.000000
navigation/wide_group,34657,0,32,0.007082500,4518,156586516,24.000000,74168.000000
navigation/wide_descendants,34657,0,32,0.013572542,2358,81710854,2052.000000,274968.000000
navigation/range,34657,0,32,0.003272708,9778,338870440,11.000000,49128.000000
navigation/wide_sort,600386,0,32,0.143795292,223,133609048,20.000000,1835080.000000
navigation/wide_group,600386,0,32,0.114909375,278,167195688,32.000000,1180088.000000
navigation/wide_descendants,600386,0,32,0.224818542,142,85457151,32772.000000,4391448.000000
navigation/range,600386,0,32,0.053654292,596,358076703,15.000000,786408.000000
navigation/distinct_groups,194,0,32,0.000059042,541987,105145490,5.000000,1464.000000
navigation/distinct_groups,3246,0,32,0.001066500,30005,97395218,13.000000,51472.000000
navigation/distinct_groups,27486,0,32,0.008399833,3810,104710653,19.000000,427816.000000
navigation/deep_descendants,24,0,32,0.000012833,2493571,59845710,4.000000,536.000000
navigation/deep_descendants,72,0,32,0.000016667,1919962,138237235,4.000000,536.000000
navigation/deep_descendants,136,0,32,0.000032166,994839,135298141,4.000000,536.000000
compiler/lookup_8_hit,501,0,32,0.000012458,2568631,1286883930,0.000000,0.000000
rust/lookup_8_hit,501,0,32,0.000009791,3268308,1637422122,0.000000,0.000000
compiler/lookup_8_miss,501,0,32,0.000010083,3173659,1590002975,0.000000,0.000000
rust/lookup_8_miss,501,0,32,0.000009583,3339247,1672962538,0.000000,0.000000
compiler/varying_lookup_8,501,0,32,0.000012541,2551631,1278366956,0.000000,0.000000
rust/varying_lookup_8,501,0,32,0.000009792,3267974,1637254902,0.000000,0.000000
compiler/bound_lookup_8,16,0,32,0.000010875,2942529,47080460,6.000000,584.000000
compile/lookup_8,0,0,32,0.000111500,286996,0,60.000000,5513.000000
compiler/lookup_128_hit,501,0,32,0.000014458,2213308,1108867063,0.000000,0.000000
rust/lookup_128_hit,501,0,32,0.000009667,3310231,1658425572,0.000000,0.000000
compiler/lookup_128_miss,501,0,32,0.000010416,3072197,1539170507,0.000000,0.000000
rust/lookup_128_miss,501,0,32,0.000009500,3368421,1687578947,0.000000,0.000000
compiler/varying_lookup_128,501,0,32,0.000015375,2081301,1042731707,0.000000,0.000000
rust/varying_lookup_128,501,0,32,0.000010000,3200000,1603200000,0.000000,0.000000
compiler/bound_lookup_128,16,0,32,0.000013333,2400060,38400960,6.000000,584.000000
compile/lookup_128,0,0,32,0.001746042,18327,0,672.000000,110361.000000
compiler/lookup_1024_hit,501,0,32,0.000015125,2115702,1059966942,0.000000,0.000000
rust/lookup_1024_hit,501,0,32,0.000009709,3295911,1651251416,0.000000,0.000000
compiler/lookup_1024_miss,501,0,32,0.000010625,3011765,1508894118,0.000000,0.000000
rust/lookup_1024_miss,501,0,32,0.000009500,3368421,1687578947,0.000000,0.000000
compiler/varying_lookup_1024,501,0,32,0.000017291,1850674,927187554,0.000000,0.000000
rust/varying_lookup_1024,501,0,32,0.000010000,3200000,1603200000,0.000000,0.000000
compiler/bound_lookup_1024,16,0,32,0.000014083,2272243,36355890,6.000000,584.000000
compile/lookup_1024,0,0,32,0.012407042,2579,0,5162.000000,904369.000000
compiler/lookup_4096_hit,501,0,32,0.000014625,2188034,1096205128,0.000000,0.000000
rust/lookup_4096_hit,501,0,32,0.000008834,3622368,1814806430,0.000000,0.000000
compiler/lookup_4096_miss,501,0,32,0.000011000,2909091,1457454545,0.000000,0.000000
rust/lookup_4096_miss,501,0,32,0.000009500,3368421,1687578947,0.000000,0.000000
compiler/varying_lookup_4096,501,0,32,0.000018166,1761533,882527799,0.000000,0.000000
rust/varying_lookup_4096,501,0,32,0.000012125,2639175,1322226804,0.000000,0.000000
compiler/bound_lookup_4096,16,0,32,0.000015625,2048000,32768000,6.000000,584.000000
compile/lookup_4096,0,0,32,0.048068791,666,0,20528.000000,3623105.000000
compiler/constant_scalar,100,0,32,0.000003000,10666667,1066666667,0.000000,0.000000
compiler/repeated_fields,100,0,32,0.000005916,5409060,540906018,0.000000,0.000000
compiler/dynamic_leaves,100,0,32,0.000005708,5606167,560616678,3.000000,152.000000
compiler/filtered_sum,100,0,32,0.000006500,4923077,492307692,0.000000,0.000000
compiler/invariant_aggregate,100,0,32,0.000006833,4683155,468315528,0.000000,0.000000
compiler/builtin_reference,100,0,32,0.000003125,10240000,1024000000,0.000000,0.000000
compiler/static_array,100,0,32,0.000003375,9481481,948148148,1.000000,16.000000
compiler/constant_membership,100,0,32,0.000010750,2976744,297674419,1.000000,16.000000
compiler/lookup_record,100,0,32,0.000007750,4129032,412903226,0.000000,0.000000
rust/repeated_fields,100,0,32,0.000003958,8084891,808489136,0.000000,0.000000
compiler/constant_scalar,500,0,32,0.000010000,3200000,1600000000,0.000000,0.000000
compiler/repeated_fields,500,0,32,0.000013167,2430318,1215159110,0.000000,0.000000
compiler/dynamic_leaves,500,0,32,0.000012750,2509804,1254901961,3.000000,152.000000
compiler/filtered_sum,500,0,32,0.000013542,2363019,1181509378,0.000000,0.000000
compiler/invariant_aggregate,500,0,32,0.000020167,1586751,793375316,0.000000,0.000000
compiler/builtin_reference,500,0,32,0.000009958,3213497,1606748343,0.000000,0.000000
compiler/static_array,500,0,32,0.000010292,3109211,1554605519,1.000000,16.000000
compiler/constant_membership,500,0,32,0.000024250,1319588,659793814,1.000000,16.000000
compiler/lookup_record,500,0,32,0.000014667,2181769,1090884298,0.000000,0.000000
rust/repeated_fields,500,0,32,0.000010750,2976744,1488372093,0.000000,0.000000
compiler/constant_scalar,1024,0,32,0.000018583,1722004,1763332078,0.000000,0.000000
compiler/repeated_fields,1024,0,32,0.000021750,1471264,1506574713,0.000000,0.000000
compiler/dynamic_leaves,1024,0,32,0.000021584,1482580,1518161601,3.000000,152.000000
compiler/filtered_sum,1024,0,32,0.000022167,1443587,1478233410,0.000000,0.000000
compiler/invariant_aggregate,1024,0,32,0.000037250,859060,879677852,0.000000,0.000000
compiler/builtin_reference,1024,0,32,0.000018625,1718121,1759355705,0.000000,0.000000
compiler/static_array,1024,0,32,0.000018959,1687853,1728361200,1.000000,16.000000
compiler/constant_membership,1024,0,32,0.000041375,773414,791975831,1.000000,16.000000
compiler/lookup_record,1024,0,32,0.000023291,1373921,1406895367,0.000000,0.000000
rust/repeated_fields,1024,0,32,0.000019375,1651613,1691251613,0.000000,0.000000
compiler/constant_scalar,10240,0,32,0.000169875,188374,1928947756,0.000000,0.000000
compiler/repeated_fields,10240,0,32,0.000175458,182380,1867569447,0.000000,0.000000
compiler/dynamic_leaves,10240,0,32,0.000173875,184040,1884572250,3.000000,152.000000
compiler/filtered_sum,10240,0,32,0.000173625,184305,1887285817,0.000000,0.000000
compiler/invariant_aggregate,10240,0,32,0.000340750,93910,961643434,0.000000,0.000000
compiler/builtin_reference,10240,0,32,0.000170166,188052,1925649072,0.000000,0.000000
compiler/static_array,10240,0,32,0.000170250,187959,1924698972,1.000000,16.000000
compiler/constant_membership,10240,0,32,0.000338250,94605,968750924,1.000000,16.000000
compiler/lookup_record,10240,0,32,0.000174625,183250,1876478168,0.000000,0.000000
rust/repeated_fields,10240,0,32,0.000171125,186998,1914857560,0.000000,0.000000
compiler/constant_scalar,1048576,0,32,0.017289458,1851,1940745164,0.000000,0.000000
compiler/repeated_fields,1048576,0,32,0.017235208,1857,1946853905,0.000000,0.000000
compiler/dynamic_leaves,1048576,0,32,0.017258917,1854,1944179464,3.000000,152.000000
compiler/filtered_sum,1048576,0,32,0.017196875,1861,1951193574,0.000000,0.000000
compiler/invariant_aggregate,1048576,0,32,0.033940417,943,988627570,0.000000,0.000000
compiler/builtin_reference,1048576,0,32,0.017121208,1869,1959816854,0.000000,0.000000
compiler/static_array,1048576,0,32,0.017223083,1858,1948224485,1.000000,16.000000
compiler/constant_membership,1048576,0,32,0.033939958,943,988640941,1.000000,16.000000
compiler/lookup_record,1048576,0,32,0.017220417,1858,1948526101,0.000000,0.000000
rust/repeated_fields,1048576,0,32,0.017276000,1852,1942257004,0.000000,0.000000
compile/execution,0,0,32,0.000134292,238287,0,152.000000,8112.000000
execution/arithmetic,100,0,32,0.000005500,5818182,581818182,0.000000,0.000000
execution/comparison,100,0,32,0.000005292,6046863,604686319,0.000000,0.000000
execution/conditional,100,0,32,0.000005250,6095238,609523810,0.000000,0.000000
execution/constructor,100,0,32,0.000006959,4598362,459836183,3.000000,152.000000
rust/execution_arithmetic,100,0,32,0.000003416,9367681,936768150,0.000000,0.000000
rust/execution_constructor,100,0,32,0.000003416,9367681,936768150,0.000000,0.000000
execution/arithmetic,500,0,32,0.000012000,2666667,1333333333,0.000000,0.000000
execution/comparison,500,0,32,0.000012208,2621232,1310615990,0.000000,0.000000
execution/conditional,500,0,32,0.000012333,2594665,1297332360,0.000000,0.000000
execution/constructor,500,0,32,0.000013792,2320186,1160092807,3.000000,152.000000
rust/execution_arithmetic,500,0,32,0.000010459,3059566,1529782962,0.000000,0.000000
rust/execution_constructor,500,0,32,0.000010500,3047619,1523809524,0.000000,0.000000
execution/arithmetic,1024,0,32,0.000022334,1432793,1467180084,0.000000,0.000000
execution/comparison,1024,0,32,0.000020917,1529856,1566572644,0.000000,0.000000
execution/conditional,1024,0,32,0.000020958,1526863,1563507968,0.000000,0.000000
execution/constructor,1024,0,32,0.000022625,1414365,1448309392,3.000000,152.000000
rust/execution_arithmetic,1024,0,32,0.000019083,1676885,1717130430,0.000000,0.000000
rust/execution_constructor,1024,0,32,0.000019209,1665886,1705867041,0.000000,0.000000
execution/arithmetic,10240,0,32,0.000179375,178397,1826787456,0.000000,0.000000
execution/comparison,10240,0,32,0.000172041,186002,1904662261,0.000000,0.000000
execution/conditional,10240,0,32,0.000172000,186047,1905116279,0.000000,0.000000
execution/constructor,10240,0,32,0.000173917,183996,1884117136,3.000000,152.000000
rust/execution_arithmetic,10240,0,32,0.000170542,187637,1921403525,0.000000,0.000000
rust/execution_constructor,10240,0,32,0.000170542,187637,1921403525,0.000000,0.000000
execution/arithmetic,1048576,0,32,0.017240084,1856,1946303278,0.000000,0.000000
execution/comparison,1048576,0,32,0.017313042,1848,1938101461,0.000000,0.000000
execution/conditional,1048576,0,32,0.017223208,1858,1948210345,0.000000,0.000000
execution/constructor,1048576,0,32,0.017313334,1848,1938068774,3.000000,152.000000
rust/execution_arithmetic,1048576,0,32,0.017253416,1855,1944799337,0.000000,0.000000
rust/execution_constructor,1048576,0,32,0.017259583,1854,1944104443,0.000000,0.000000
execution/filtered_sum,74,0,32,0.000019667,1627091,120404739,0.000000,0.000000
execution/mapped_sum,74,0,32,0.000019709,1623624,120148156,0.000000,0.000000
rust/execution_filtered_sum,74,0,32,0.000007917,4041935,299103196,0.000000,0.000000
execution/filtered_sum,1082,0,32,0.000294958,108490,117386204,0.000000,0.000000
execution/mapped_sum,1082,0,32,0.000304542,105076,113692036,0.000000,0.000000
rust/execution_filtered_sum,1082,0,32,0.000106000,301887,326641509,0.000000,0.000000
execution/filtered_sum,8586,0,32,0.002192708,14594,125302594,0.000000,0.000000
execution/mapped_sum,8586,0,32,0.002458416,13017,111759767,0.000000,0.000000
rust/execution_filtered_sum,8586,0,32,0.000803792,39811,341819774,0.000000,0.000000
execution/filtered_sum,137226,0,32,0.034976458,915,125548219,0.000000,0.000000
execution/mapped_sum,137226,0,32,0.036186917,884,121348608,0.000000,0.000000
rust/execution_filtered_sum,137226,0,32,0.013016666,2458,337354588,0.000000,0.000000
execution/lookup_8192,501,0,32,0.000017625,1815603,909617021,0.000000,0.000000
rust/execution_lookup_8192,501,0,32,0.000009750,3282051,1644307692,0.000000,0.000000
execution/type_fallback,16,0,32,0.000004750,6736842,107789474,0.000000,0.000000
plan/branch,100,0,32,0.000004875,6564103,656410256,0.000000,0.000000
plan/boolean,100,0,32,0.000006000,5333333,533333333,0.000000,0.000000
plan/object,100,0,32,0.000006583,4861006,486100562,3.000000,248.000000
plan/branch,500,0,32,0.000011459,2792565,1396282398,0.000000,0.000000
plan/boolean,500,0,32,0.000012792,2501563,1250781739,0.000000,0.000000
plan/object,500,0,32,0.000013458,2377768,1188883935,3.000000,248.000000
plan/branch,1024,0,32,0.000020083,1593387,1631628741,0.000000,0.000000
plan/boolean,1024,0,32,0.000021417,1494140,1529999533,0.000000,0.000000
plan/object,1024,0,32,0.000022167,1443587,1478233410,3.000000,248.000000
plan/branch,10240,0,32,0.000171791,186273,1907434033,0.000000,0.000000
plan/boolean,10240,0,32,0.000183834,174070,1782477670,0.000000,0.000000
plan/object,10240,0,32,0.000179333,178439,1827215292,3.000000,248.000000
plan/branch,1048576,0,32,0.017236958,1856,1946656249,0.000000,0.000000
plan/boolean,1048576,0,32,0.017270791,1853,1942842803,0.000000,0.000000
plan/object,1048576,0,32,0.017285209,1851,1941222232,3.000000,248.000000
plan/lookup_branch,490,0,32,0.000019458,1644568,805838216,0.000000,0.000000
plan/lookup_quote,490,0,32,0.000019500,1641026,804102564,0.000000,0.000000
plan/invoice_sum,58,0,32,0.000005958,5370930,311513931,0.000000,0.000000
rust/plan_invoice,58,0,32,0.000005334,5999250,347956505,0.000000,0.000000
plan/invoice_object,58,0,32,0.000011333,2823612,163769523,3.000000,296.000000
plan/mapped_objects,58,0,32,0.000013875,2306306,133765766,2.000000,136.000000
plan/invoice_sum,300,0,32,0.000036500,876712,263013699,0.000000,0.000000
rust/plan_invoice,300,0,32,0.000032583,982107,294632170,0.000000,0.000000
plan/invoice_object,300,0,32,0.000048833,655295,196588373,3.000000,296.000000
plan/mapped_objects,300,0,32,0.000075125,425957,127787022,16.000000,1088.000000
plan/invoice_sum,4488,0,32,0.000564708,56666,254319046,0.000000,0.000000
rust/plan_invoice,4488,0,32,0.000492916,64920,291359988,0.000000,0.000000
plan/invoice_object,4488,0,32,0.000696625,45936,206159699,3.000000,296.000000
plan/mapped_objects,4488,0,32,0.001150542,27813,124824648,256.000000,17408.000000
plan/invoice_sum,35736,0,32,0.004477084,7148,255423396,0.000000,0.000000
rust/plan_invoice,35736,0,32,0.003904166,8196,292905578,0.000000,0.000000
plan/invoice_object,35736,0,32,0.005460667,5860,209416176,3.000000,296.000000
plan/mapped_objects,35736,0,32,0.008779166,3645,130257475,2048.000000,139264.000000
plan/invoice_sum,571416,0,32,0.071847416,445,254502013,0.000000,0.000000
rust/plan_invoice,571416,0,32,0.061577333,520,296948749,0.000000,0.000000
plan/invoice_object,571416,0,32,0.087224542,367,209634944,3.000000,296.000000
plan/mapped_objects,571416,0,32,0.139367083,230,131202516,32768.000000,2228224.000000
plan/wide_fields,7583,0,32,0.000280625,114031,864698441,0.000000,0.000000
plan/untaken_branch,496,0,32,0.000010833,2953937,1465152774,0.000000,0.000000
compile/plan_branch,0,0,32,0.000072333,442398,0,101.000000,4042.000000
demand/nested,100,0,32,0.000004875,6564103,656410256,0.000000,0.000000
demand/branch,100,0,32,0.000005084,6294256,629425649,0.000000,0.000000
demand/repeated,100,0,32,0.000004250,7529412,752941176,0.000000,0.000000
demand/untaken_nested,101,0,32,0.000004333,7385183,745903531,0.000000,0.000000
demand/nested,500,0,32,0.000011375,2813187,1406593407,0.000000,0.000000
demand/branch,500,0,32,0.000011709,2732940,1366470237,0.000000,0.000000
demand/repeated,500,0,32,0.000010917,2931208,1465604104,0.000000,0.000000
demand/untaken_nested,501,0,32,0.000011000,2909091,1457454545,0.000000,0.000000
demand/nested,1024,0,32,0.000020042,1596647,1634966570,0.000000,0.000000
demand/branch,1024,0,32,0.000020375,1570552,1608245399,0.000000,0.000000
demand/repeated,1024,0,32,0.000019334,1655115,1694838109,0.000000,0.000000
demand/untaken_nested,1025,0,32,0.000019708,1623706,1664298762,0.000000,0.000000
demand/nested,10240,0,32,0.000171375,186725,1912064187,0.000000,0.000000
demand/branch,10240,0,32,0.000171750,186317,1907889374,0.000000,0.000000
demand/repeated,10240,0,32,0.000173334,184615,1890454267,0.000000,0.000000
demand/untaken_nested,10241,0,32,0.000170833,187317,1918317889,0.000000,0.000000
demand/nested,1048576,0,32,0.017236792,1856,1946674996,0.000000,0.000000
demand/branch,1048576,0,32,0.017239334,1856,1946387952,0.000000,0.000000
demand/repeated,1048576,0,32,0.017253167,1855,1944827405,0.000000,0.000000
demand/untaken_nested,1048577,0,32,0.017220292,1858,1948542104,0.000000,0.000000
demand/nested_fold,546,0,32,0.000115750,276458,150946004,0.000000,0.000000
demand/nested_fold_plan,546,0,32,0.000055333,578317,315760938,0.000000,0.000000
demand/nested_fold,8454,0,32,0.001816209,17619,148952020,0.000000,0.000000
demand/nested_fold_plan,8454,0,32,0.000852750,37526,317241865,0.000000,0.000000
demand/nested_fold,67478,0,32,0.014307625,2237,150919248,0.000000,0.000000
demand/nested_fold_plan,67478,0,32,0.006805250,4702,317298556,0.000000,0.000000
demand/wide_nested,1137,0,32,0.000038417,832965,947080719,0.000000,0.000000
demand/wide_nested,38497,0,32,0.001166291,27437,1056257829,0.000000,0.000000
demand/wide_nested,323265,0,32,0.009167500,3491,1128386147,0.000000,0.000000
demand/repeated_lookup,100,0,32,0.000016458,1944343,194434318,0.000000,0.000000
demand/repeated_lookup,500,0,32,0.000023250,1376344,688172043,0.000000,0.000000
demand/repeated_lookup,10240,0,32,0.000181833,175986,1802093129,0.000000,0.000000
demand/repeated_lookup,1048576,0,32,0.017219042,1858,1948681698,0.000000,0.000000
compile/scoped_path,0,0,32,0.000058708,545071,0,41.000000,3773.000000
tuple/index,100,0,32,0.000020875,1532934,153293413,9.000000,848.000000
tuple/filter_sum,100,0,32,0.000027959,1144533,114453307,10.000000,1296.000000
tuple/plan_leaves,100,0,32,0.000041292,774969,77496852,15.000000,1440.000000
tuple/kept,100,0,32,0.000027291,1172548,117254773,11.000000,992.000000
tuple/ordered,100,0,32,0.000037708,848626,84862629,19.000000,1640.000000
tuple/index,500,0,32,0.000034125,937729,468864469,9.000000,848.000000
tuple/filter_sum,500,0,32,0.000040375,792570,396284830,10.000000,1296.000000
tuple/plan_leaves,500,0,32,0.000051583,620359,310179710,15.000000,1440.000000
tuple/kept,500,0,32,0.000037250,859060,429530201,11.000000,992.000000
tuple/ordered,500,0,32,0.000052417,610489,305244482,19.000000,1640.000000
tuple/index,1024,0,32,0.000050709,631052,646196928,9.000000,848.000000
tuple/filter_sum,1024,0,32,0.000058125,550538,563750538,10.000000,1296.000000
tuple/plan_leaves,1024,0,32,0.000069000,463768,474898551,15.000000,1440.000000
tuple/kept,1024,0,32,0.000054458,587609,601711411,11.000000,992.000000
tuple/ordered,1024,0,32,0.000068500,467153,478364964,19.000000,1640.000000
tuple/index,10240,0,32,0.000347750,92020,942286125,9.000000,848.000000
tuple/filter_sum,10240,0,32,0.000355167,90098,922608238,10.000000,1296.000000
tuple/plan_leaves,10240,0,32,0.000381917,83788,857987468,15.000000,1440.000000
tuple/kept,10240,0,32,0.000351208,91114,933008360,11.000000,992.000000
tuple/ordered,10240,0,32,0.000366167,87392,894892221,19.000000,1640.000000
tuple/index,1048576,0,32,0.033965666,942,987892656,9.000000,848.000000
tuple/filter_sum,1048576,0,32,0.034012500,941,986532363,10.000000,1296.000000
tuple/plan_leaves,1048576,0,32,0.033765625,948,993745325,15.000000,1440.000000
tuple/kept,1048576,0,32,0.034035292,940,985871724,11.000000,992.000000
tuple/ordered,1048576,0,32,0.034086500,939,984390653,19.000000,1640.000000
tuple/wide_sum,440,0,32,0.000102792,311308,136975640,22.000000,2496.000000
tuple/nested_sum,440,0,32,0.000191417,167174,73556685,70.000000,6336.000000
tuple/join_sum,440,0,32,0.000421625,75897,33394604,46.000000,4800.000000
tuple/join_bound,440,0,32,0.000319917,100026,44011415,55.000000,5728.000000
tuple/group,440,0,32,0.000157625,203013,89325932,57.000000,5408.000000
tuple/negative_index,440,0,32,0.000068833,464893,204553049,23.000000,2432.000000
tuple/wide_sum,6666,0,32,0.001458500,21940,146254371,262.000000,26496.000000
tuple/nested_sum,6666,0,32,0.002846542,11242,74937240,1030.000000,87936.000000
tuple/join_sum,6666,0,32,0.030104917,1063,7085620,646.000000,63360.000000
tuple/join_bound,6666,0,32,0.004687833,6826,45503327,775.000000,75808.000000
tuple/group,6666,0,32,0.001980500,16158,107706135,337.000000,65888.000000
tuple/negative_index,6666,0,32,0.000879417,36388,242560696,267.000000,34112.000000
tuple/wide_sum,56043,0,32,0.011785709,2715,152165305,2054.000000,205696.000000
tuple/nested_sum,56043,0,32,0.021824667,1466,82171975,8198.000000,697216.000000
tuple/join_sum,56043,0,32,1.649159250,19,1087449,5126.000000,500608.000000
tuple/join_bound,56043,0,32,0.037272917,859,48114721,6151.000000,599072.000000
tuple/group,56043,0,32,0.015235834,2100,117707767,2159.000000,517472.000000
tuple/negative_index,56043,0,32,0.006966083,4594,257443961,2062.000000,270656.000000
compile/builtins,0,0,32,0.000077083,415137,0,57.000000,3969.000000
builtin/length,100,0,32,0.000008666,3692592,369259174,0.000000,0.000000
builtin/normalize,100,0,32,0.000025833,1238726,123872566,19.000000,363.000000
builtin/split_join,100,0,32,0.000036417,878710,87871049,32.000000,749.000000
builtin/numeric,100,0,32,0.000008833,3622778,362277822,0.000000,0.000000
builtin/average,100,0,32,0.000008416,3802281,380228137,0.000000,0.000000
builtin/type,100,0,32,0.000007708,4151531,415153088,0.000000,0.000000
builtin/keys,100,0,32,0.000016500,1939394,193939394,8.000000,468.000000
builtin/map_builtin,100,0,32,0.000015458,2070126,207012550,3.000000,208.000000
builtin/map_closure,100,0,32,0.000028750,1113043,111304348,9.000000,936.000000
builtin/reduce,100,0,32,0.000019333,1655201,165520095,4.000000,248.000000
builtin/sift,100,0,32,0.000023541,1359331,135933053,12.000000,804.000000
builtin/length,500,0,32,0.000021833,1465671,732835616,0.000000,0.000000
builtin/normalize,500,0,32,0.000038792,824912,412456177,19.000000,363.000000
builtin/split_join,500,0,32,0.000050250,636816,318407960,32.000000,749.000000
builtin/numeric,500,0,32,0.000022250,1438202,719101124,0.000000,0.000000
builtin/average,500,0,32,0.000021875,1462857,731428571,0.000000,0.000000
builtin/type,500,0,32,0.000021083,1517811,758905279,0.000000,0.000000
builtin/keys,500,0,32,0.000029792,1074114,537056928,8.000000,468.000000
builtin/map_builtin,500,0,32,0.000029042,1101852,550926245,3.000000,208.000000
builtin/map_closure,500,0,32,0.000048709,656963,328481389,9.000000,936.000000
builtin/reduce,500,0,32,0.000032667,979582,489790921,4.000000,248.000000
builtin/sift,500,0,32,0.000037000,864865,432432432,12.000000,804.000000
builtin/length,1024,0,32,0.000038958,821397,841110940,0.000000,0.000000
builtin/normalize,1024,0,32,0.000055708,574424,588209952,19.000000,363.000000
builtin/split_join,1024,0,32,0.000067000,477612,489074627,32.000000,749.000000
builtin/numeric,1024,0,32,0.000039292,814415,833961112,0.000000,0.000000
builtin/average,1024,0,32,0.000039042,819630,839301265,0.000000,0.000000
builtin/type,1024,0,32,0.000038292,835684,855740102,0.000000,0.000000
builtin/keys,1024,0,32,0.000046625,686327,702798928,8.000000,468.000000
builtin/map_builtin,1024,0,32,0.000045959,696273,712983311,3.000000,208.000000
builtin/map_closure,1024,0,32,0.000074500,429530,439838926,9.000000,936.000000
builtin/reduce,1024,0,32,0.000049833,642145,657556238,4.000000,248.000000
builtin/sift,1024,0,32,0.000053959,593043,607275895,12.000000,804.000000
builtin/length,10240,0,32,0.000338375,94570,968393055,0.000000,0.000000
builtin/normalize,10240,0,32,0.000352542,90769,929477906,19.000000,363.000000
builtin/split_join,10240,0,32,0.000363500,88033,901458047,32.000000,749.000000
builtin/numeric,10240,0,32,0.000336167,95191,974753619,0.000000,0.000000
builtin/average,10240,0,32,0.000345458,92631,948537883,0.000000,0.000000
builtin/type,10240,0,32,0.000335083,95499,977906966,0.000000,0.000000
builtin/keys,10240,0,32,0.000350833,91211,934005638,8.000000,468.000000
builtin/map_builtin,10240,0,32,0.000349375,91592,937903399,3.000000,208.000000
builtin/map_closure,10240,0,32,0.000518416,61726,632079257,9.000000,936.000000
builtin/reduce,10240,0,32,0.000349209,91636,938349241,4.000000,248.000000
builtin/sift,10240,0,32,0.000352666,90737,929151095,12.000000,804.000000
builtin/length,1048576,0,32,0.033947250,943,988428577,0.000000,0.000000
builtin/normalize,1048576,0,32,0.033970875,942,987741175,19.000000,363.000000
builtin/split_join,1048576,0,32,0.033981250,942,987439603,32.000000,749.000000
builtin/numeric,1048576,0,32,0.033939291,943,988660370,0.000000,0.000000
builtin/average,1048576,0,32,0.033917834,943,989285813,0.000000,0.000000
builtin/type,1048576,0,32,0.033900000,944,989806254,0.000000,0.000000
builtin/keys,1048576,0,32,0.033978333,942,987524373,8.000000,468.000000
builtin/map_builtin,1048576,0,32,0.034023000,941,986227905,3.000000,208.000000
builtin/map_closure,1048576,0,32,0.050011416,640,670935452,9.000000,936.000000
builtin/reduce,1048576,0,32,0.033914000,944,989397653,4.000000,248.000000
builtin/sift,1048576,0,32,0.033949584,943,988360623,12.000000,804.000000
builtin/filter_reduce,285,0,32,0.000075709,422671,120461240,7.000000,456.000000
builtin/planned_average,285,0,32,0.000028375,1127753,321409692,0.000000,0.000000
builtin/grouped_average,285,0,32,0.000067375,474954,135361781,10.000000,1016.000000
builtin/ordered_labels,285,0,32,0.000184542,173402,49419644,113.000000,3689.000000
builtin/merged_objects,285,0,32,0.000211000,151659,43222749,116.000000,7184.000000
builtin/each_group,285,0,32,0.000093875,340879,97150466,30.000000,2708.000000
builtin/distinct,285,0,32,0.000052333,611469,174268626,5.000000,480.000000
builtin/filter_reduce,4537,0,32,0.001072417,29839,135380174,11.000000,3336.000000
builtin/planned_average,4537,0,32,0.000446375,71689,325251190,0.000000,0.000000
builtin/grouped_average,4537,0,32,0.000895666,35728,162096139,18.000000,9656.000000
builtin/ordered_labels,4537,0,32,0.002758334,11601,52634670,1564.000000,53473.000000
builtin/merged_objects,4537,0,32,0.005280958,6060,27491982,1921.000000,117586.000000
builtin/each_group,4537,0,32,0.000907375,35267,160004408,38.000000,11348.000000
builtin/distinct,4537,0,32,0.000699709,45733,207491972,9.000000,6240.000000
builtin/filter_reduce,37737,0,32,0.008540042,3747,141402583,14.000000,24840.000000
builtin/planned_average,37737,0,32,0.003451500,9271,349872229,0.000000,0.000000
builtin/grouped_average,37737,0,32,0.007199000,4445,167743298,24.000000,74168.000000
builtin/ordered_labels,37737,0,32,0.022281375,1436,54197014,12397.000000,429273.000000
builtin/merged_objects,37737,0,32,0.132862791,241,9088956,15391.000000,940522.000000
builtin/each_group,37737,0,32,0.007090750,4513,170304129,44.000000,75860.000000
builtin/distinct,37737,0,32,0.005713542,5601,211354708,12.000000,49248.000000
compile/helpers,0,0,32,0.000096958,330040,0,72.000000,6457.000000
helper/round,100,0,32,0.000008208,3898635,389863548,0.000000,0.000000
helper/static_round,100,0,32,0.000003292,9720535,972053463,0.000000,0.000000
helper/decimal_round,100,0,32,0.000012583,2543114,254311372,0.000000,0.000000
helper/pad,100,0,32,0.000012875,2485437,248543689,5.000000,83.000000
helper/pad_unchanged,100,0,32,0.000008042,3979110,397910967,0.000000,0.000000
helper/uri_unchanged,100,0,32,0.000007667,4173732,417373158,0.000000,0.000000
helper/base64,100,0,32,0.000010750,2976744,297674419,5.000000,48.000000
helper/sort,100,0,32,0.000014708,2175687,217568670,5.000000,264.000000
helper/zip,100,0,32,0.000020541,1557860,155785989,11.000000,816.000000
helper/single,100,0,32,0.000018125,1765517,176551724,4.000000,248.000000
helper/assert,100,0,32,0.000008250,3878788,387878788,0.000000,0.000000
helper/static_sort,100,0,32,0.000003542,9034444,903444382,1.000000,16.000000
helper/round,500,0,32,0.000021625,1479769,739884393,0.000000,0.000000
helper/static_round,500,0,32,0.000010167,3147438,1573718894,0.000000,0.000000
helper/decimal_round,500,0,32,0.000025833,1238726,619362830,0.000000,0.000000
helper/pad,500,0,32,0.000026542,1205636,602818175,5.000000,83.000000
helper/pad_unchanged,500,0,32,0.000021584,1482580,741289844,0.000000,0.000000
helper/uri_unchanged,500,0,32,0.000021458,1491285,745642651,0.000000,0.000000
helper/base64,500,0,32,0.000024125,1326425,663212435,5.000000,48.000000
helper/sort,500,0,32,0.000028000,1142857,571428571,5.000000,264.000000
helper/zip,500,0,32,0.000040708,786086,393043136,11.000000,816.000000
helper/single,500,0,32,0.000029708,1077151,538575468,4.000000,248.000000
helper/assert,500,0,32,0.000019667,1627091,813545533,0.000000,0.000000
helper/static_sort,500,0,32,0.000010458,3059858,1529929241,1.000000,16.000000
helper/round,1024,0,32,0.000038791,824934,844732025,0.000000,0.000000
helper/static_round,1024,0,32,0.000018875,1695364,1736052980,0.000000,0.000000
helper/decimal_round,1024,0,32,0.000043208,740604,758378078,0.000000,0.000000
helper/pad,1024,0,32,0.000039125,817891,837520767,5.000000,83.000000
helper/pad_unchanged,1024,0,32,0.000038791,824934,844732025,0.000000,0.000000
helper/uri_unchanged,1024,0,32,0.000038458,832077,852046388,0.000000,0.000000
helper/base64,1024,0,32,0.000041375,773414,791975831,5.000000,48.000000
helper/sort,1024,0,32,0.000044917,712425,729523343,5.000000,264.000000
helper/zip,1024,0,32,0.000065583,487931,499641675,11.000000,816.000000
helper/single,1024,0,32,0.000048625,658098,673892031,4.000000,248.000000
helper/assert,1024,0,32,0.000035167,909944,931782637,0.000000,0.000000
helper/static_sort,1024,0,32,0.000017416,1837391,1881488287,1.000000,16.000000
helper/round,10240,0,32,0.000335625,95345,976327747,0.000000,0.000000
helper/static_round,10240,0,32,0.000156625,204310,2092130886,0.000000,0.000000
helper/decimal_round,10240,0,32,0.000325709,98247,1006051414,0.000000,0.000000
helper/pad,10240,0,32,0.000321750,99456,1018430458,5.000000,83.000000
helper/pad_unchanged,10240,0,32,0.000336167,95191,974753619,0.000000,0.000000
helper/uri_unchanged,10240,0,32,0.000335666,95333,976208493,0.000000,0.000000
helper/base64,10240,0,32,0.000338583,94512,967798147,5.000000,48.000000
helper/sort,10240,0,32,0.000342209,93510,957543490,5.000000,264.000000
helper/zip,10240,0,32,0.000510209,62719,642246609,11.000000,816.000000
helper/single,10240,0,32,0.000345500,92619,948422576,4.000000,248.000000
helper/assert,10240,0,32,0.000344708,92832,950601669,0.000000,0.000000
helper/static_sort,10240,0,32,0.000176375,181432,1857859674,1.000000,16.000000
helper/round,1048576,0,32,0.033907667,944,989582445,0.000000,0.000000
helper/static_round,1048576,0,32,0.017248833,1855,1945316069,0.000000,0.000000
helper/decimal_round,1048576,0,32,0.033982209,942,987411737,0.000000,0.000000
helper/pad,1048576,0,32,0.033607041,952,998434584,5.000000,83.000000
helper/pad_unchanged,1048576,0,32,0.033890750,944,990076407,0.000000,0.000000
helper/uri_unchanged,1048576,0,32,0.033904375,944,989678530,0.000000,0.000000
helper/base64,1048576,0,32,0.033921000,943,989193479,5.000000,48.000000
helper/sort,1048576,0,32,0.033625958,952,997872893,5.000000,264.000000
helper/zip,1048576,0,32,0.049504167,646,677810254,11.000000,816.000000
helper/single,1048576,0,32,0.033990917,941,987158775,4.000000,248.000000
helper/assert,1048576,0,32,0.033961958,942,988000515,0.000000,0.000000
helper/static_sort,1048576,0,32,0.017258042,1854,1944278036,1.000000,16.000000
helper/sort_sequence,162,0,32,0.000044167,724523,117372699,9.000000,992.000000
helper/zip_sequence,162,0,32,0.000069625,459605,74456014,28.000000,2160.000000
helper/sort_callback,162,0,32,0.000094292,339371,54978153,15.000000,1528.000000
helper/single_sequence,162,0,32,0.000048375,661499,107162791,7.000000,584.000000
helper/group_round,162,0,32,0.000063875,500978,81158513,10.000000,1016.000000
helper/filtered_sorted,162,0,32,0.000132000,242424,39272727,53.000000,2436.000000
helper/sort_sequence,2588,0,32,0.000678167,47186,122117414,17.000000,17312.000000
helper/zip_sequence,2588,0,32,0.000908459,35224,91160966,280.000000,30960.000000
helper/sort_callback,2588,0,32,0.002077917,15400,39855297,27.000000,23608.000000
helper/single_sequence,2588,0,32,0.000615042,52029,134650967,11.000000,6344.000000
helper/group_round,2588,0,32,0.000683208,46838,121216379,18.000000,9656.000000
helper/filtered_sorted,2588,0,32,0.002360250,13558,35087808,787.000000,39937.000000
helper/sort_sequence,21428,0,32,0.005992917,5340,114417737,23.000000,139168.000000
helper/zip_sequence,21428,0,32,0.006834042,4682,100335351,2081.000000,246000.000000
helper/sort_callback,21428,0,32,0.021330500,1500,32146269,36.000000,188472.000000
helper/single_sequence,21428,0,32,0.004760875,6721,144027306,14.000000,49352.000000
helper/group_round,21428,0,32,0.005242458,6104,130796661,24.000000,74168.000000
helper/filtered_sorted,21428,0,32,0.021439333,1493,31983085,6127.000000,318525.000000
helper/uri_roundtrip,136,0,32,0.000144167,221965,30187213,24.000000,5422.000000
helper/base64_roundtrip,136,0,32,0.000054750,584475,79488584,19.000000,2097.000000
helper/uri_roundtrip,1031,0,32,0.000965417,33146,34173834,30.000000,43363.000000
helper/base64_roundtrip,1031,0,32,0.000286250,111790,115255895,22.000000,16434.000000
helper/uri_roundtrip,10251,0,32,0.009412167,3400,34851910,36.000000,409675.000000
helper/base64_roundtrip,10251,0,32,0.002631584,12160,124651921,25.000000,156066.000000
helper/uri_roundtrip,1048586,0,32,1.020819584,31,32870404,50.000000,44459678.000000
helper/base64_roundtrip,1048586,0,32,0.276823292,116,121213615,32.000000,16812233.000000
compile/formatting,0,0,32,0.000219083,146063,0,172.000000,15749.000000
format/number_static,200,0,32,0.000019667,1627091,325418213,2.000000,54.000000
format/number_context,200,0,32,0.000021000,1523810,304761905,2.000000,54.000000
format/number_dynamic,200,0,32,0.000040625,787692,157538462,20.000000,569.000000
format/integer_static,200,0,32,0.000013375,2392523,478504673,2.000000,32.000000
format/integer_dynamic,200,0,32,0.000023375,1368984,273796791,5.000000,120.000000
format/integer_parse_static,200,0,32,0.000011458,2792809,558561704,1.000000,8.000000
format/words_static,200,0,32,0.000017500,1828571,365714286,5.000000,184.000000
format/date_static,200,0,32,0.000016041,1994888,398977620,2.000000,51.000000
format/date_context,200,0,32,0.000017667,1811287,362257316,2.000000,51.000000
format/date_dynamic,200,0,32,0.000034542,926408,185281686,15.000000,2005.000000
format/date_iso,200,0,32,0.000018958,1687942,337588353,2.000000,101.000000
format/date_parse_iso,200,0,32,0.000010375,3084337,616867470,0.000000,0.000000
format/date_parse_constant,200,0,32,0.000004500,7111111,1422222222,0.000000,0.000000
format/date_parse_static,200,0,32,0.000019583,1634070,326814073,6.000000,1360.000000
format/date_parse_dynamic,200,0,32,0.000149791,213631,42726199,89.000000,10593.000000
format/mixed,200,0,32,0.000056208,569314,113862795,13.000000,1889.000000
format/number_static,500,0,32,0.000030292,1056385,528192262,2.000000,54.000000
format/number_context,500,0,32,0.000031333,1021287,510643730,2.000000,54.000000
format/number_dynamic,500,0,32,0.000055750,573991,286995516,20.000000,569.000000
format/integer_static,500,0,32,0.000023625,1354497,677248677,2.000000,32.000000
format/integer_dynamic,500,0,32,0.000038791,824934,412466809,5.000000,120.000000
format/integer_parse_static,500,0,32,0.000021500,1488372,744186047,1.000000,8.000000
format/words_static,500,0,32,0.000027917,1146255,573127485,5.000000,184.000000
format/date_static,500,0,32,0.000026500,1207547,603773585,2.000000,51.000000
format/date_context,500,0,32,0.000027917,1146255,573127485,2.000000,51.000000
format/date_dynamic,500,0,32,0.000049584,645369,322684737,15.000000,2005.000000
format/date_iso,500,0,32,0.000032333,989701,494850462,2.000000,101.000000
format/date_parse_iso,500,0,32,0.000024375,1312821,656410256,0.000000,0.000000
format/date_parse_constant,500,0,32,0.000009750,3282051,1641025641,0.000000,0.000000
format/date_parse_static,500,0,32,0.000030292,1056385,528192262,6.000000,1360.000000
format/date_parse_dynamic,500,0,32,0.000164583,194431,97215387,89.000000,10593.000000
format/mixed,500,0,32,0.000076708,417166,208583199,13.000000,1889.000000
format/number_static,1024,0,32,0.000046917,682056,698424878,2.000000,54.000000
format/number_context,1024,0,32,0.000048417,660925,676787079,2.000000,54.000000
format/number_dynamic,1024,0,32,0.000080958,395267,404753082,20.000000,569.000000
format/integer_static,1024,0,32,0.000040667,786879,805763887,2.000000,32.000000
format/integer_dynamic,1024,0,32,0.000063708,502292,514346707,5.000000,120.000000
format/integer_parse_static,1024,0,32,0.000038542,830263,850189404,1.000000,8.000000
format/words_static,1024,0,32,0.000044500,719101,736359551,5.000000,184.000000
format/date_static,1024,0,32,0.000043209,740586,758360527,2.000000,51.000000
format/date_context,1024,0,32,0.000044750,715084,732245810,2.000000,51.000000
format/date_dynamic,1024,0,32,0.000074917,427139,437390712,15.000000,2005.000000
format/date_iso,1024,0,32,0.000045916,696925,713651015,2.000000,101.000000
format/date_parse_iso,1024,0,32,0.000041084,778892,797585435,0.000000,0.000000
format/date_parse_constant,1024,0,32,0.000018208,1757469,1799648506,0.000000,0.000000
format/date_parse_static,1024,0,32,0.000046833,683279,699677578,6.000000,1360.000000
format/date_parse_dynamic,1024,0,32,0.000183166,174705,178897830,89.000000,10593.000000
format/mixed,1024,0,32,0.000110084,290687,297663602,13.000000,1889.000000
format/number_static,10240,0,32,0.000350417,91320,935114449,2.000000,54.000000
format/number_context,10240,0,32,0.000345750,92552,947736804,2.000000,54.000000
format/number_dynamic,10240,0,32,0.000524917,60962,624251072,20.000000,569.000000
format/integer_static,10240,0,32,0.000339583,94233,964948186,2.000000,32.000000
format/integer_dynamic,10240,0,32,0.000507333,63075,645887415,5.000000,120.000000
format/integer_parse_static,10240,0,32,0.000350916,91190,933784723,1.000000,8.000000
format/words_static,10240,0,32,0.000348625,91789,939921119,5.000000,184.000000
format/date_static,10240,0,32,0.000340583,93957,962114962,2.000000,51.000000
format/date_context,10240,0,32,0.000342291,93488,957314098,2.000000,51.000000
format/date_dynamic,10240,0,32,0.000518750,61687,631672289,15.000000,2005.000000
format/date_iso,10240,0,32,0.000343459,93170,954058563,2.000000,101.000000
format/date_parse_iso,10240,0,32,0.000347500,92086,942964029,0.000000,0.000000
format/date_parse_constant,10240,0,32,0.000174125,183776,1881866475,0.000000,0.000000
format/date_parse_static,10240,0,32,0.000344625,92855,950830613,6.000000,1360.000000
format/date_parse_dynamic,10240,0,32,0.000627791,50972,521957148,89.000000,10593.000000
format/mixed,10240,0,32,0.000700041,45712,468086869,13.000000,1889.000000
format/number_static,1048576,0,32,0.033914666,944,989378224,2.000000,54.000000
format/number_context,1048576,0,32,0.033909667,944,989524079,2.000000,54.000000
format/number_dynamic,1048576,0,32,0.050527375,633,664084212,20.000000,569.000000
format/integer_static,1048576,0,32,0.033981958,942,987419030,2.000000,32.000000
format/integer_dynamic,1048576,0,32,0.050640500,632,662600725,5.000000,120.000000
format/integer_parse_static,1048576,0,32,0.033763167,948,993817671,1.000000,8.000000
format/words_static,1048576,0,32,0.033933542,943,988827868,5.000000,184.000000
format/date_static,1048576,0,32,0.034003250,941,986800732,2.000000,51.000000
format/date_context,1048576,0,32,0.033782250,947,993256281,2.000000,51.000000
format/date_dynamic,1048576,0,32,0.052027833,615,644932338,15.000000,2005.000000
format/date_iso,1048576,0,32,0.033256167,962,1008968712,2.000000,101.000000
format/date_parse_iso,1048576,0,32,0.033960583,942,988040517,0.000000,0.000000
format/date_parse_constant,1048576,0,32,0.017242792,1856,1945997609,0.000000,0.000000
format/date_parse_static,1048576,0,32,0.033989916,941,987187847,6.000000,1360.000000
format/date_parse_dynamic,1048576,0,32,0.050529875,633,664051356,89.000000,10593.000000
format/mixed,1048576,0,32,0.066639041,480,503525133,13.000000,1889.000000
format/filtered_rows,218,0,32,0.000148375,215670,47016007,28.000000,1604.000000
format/filtered_date_sum,234,0,32,0.000097416,328488,76866223,24.000000,5440.000000
format/filtered_rows,3484,0,32,0.002418375,13232,46100377,448.000000,25664.000000
format/filtered_date_sum,3740,0,32,0.001497125,21374,79939885,384.000000,87040.000000
format/filtered_rows,28596,0,32,0.019584916,1634,46723305,3584.000000,205312.000000
format/filtered_date_sum,30644,0,32,0.011831833,2705,82878790,3072.000000,696320.000000
compile/function_signature,0,0,32,0.000054250,589862,0,50.000000,3332.000000
compile/function_tail,0,0,32,0.000070500,453901,0,54.000000,3431.000000
function/builtin,100,0,32,0.000007541,4243469,424346904,0.000000,0.000000
function/direct,100,0,32,0.000009959,3213174,321317401,3.000000,184.000000
function/signed,100,0,32,0.000011458,2792809,279280852,3.000000,184.000000
function/named,100,0,32,0.000014292,2239015,223901483,6.000000,632.000000
function/signed_named,100,0,32,0.000015750,2031746,203174603,6.000000,632.000000
function/signature_context,100,0,32,0.000018750,1706667,170666667,6.000000,632.000000
function/signature_array,100,0,32,0.000014333,2232610,223261006,5.000000,568.000000
function/signature_promote,100,0,32,0.000013875,2306306,230630631,7.000000,640.000000
function/signature_optional,100,0,32,0.000012042,2657366,265736589,3.000000,184.000000
function/signature_variadic,100,0,32,0.000017083,1873207,187320728,3.000000,184.000000
function/closure,100,0,32,0.000021167,1511787,151178722,7.000000,792.000000
function/partial,100,0,32,0.000022042,1451774,145177389,8.000000,744.000000
function/callback,100,0,32,0.000018666,1714347,171434694,6.000000,392.000000
function/signed_callback,100,0,32,0.000022791,1404063,140406301,6.000000,392.000000
function/partial_callback,100,0,32,0.000027625,1158371,115837104,8.000000,504.000000
function/mixed,100,0,32,0.000040875,782875,78287462,11.000000,1200.000000
rust/function_scalar,100,0,32,0.000003709,8627662,862766244,0.000000,0.000000
function/builtin,500,0,32,0.000021083,1517811,758905279,0.000000,0.000000
function/direct,500,0,32,0.000023500,1361702,680851064,3.000000,184.000000
function/signed,500,0,32,0.000024917,1284264,642131878,3.000000,184.000000
function/named,500,0,32,0.000031042,1030861,515430707,6.000000,632.000000
function/signed_named,500,0,32,0.000030208,1059322,529661017,6.000000,632.000000
function/signature_context,500,0,32,0.000032417,987136,493568190,6.000000,632.000000
function/signature_array,500,0,32,0.000027542,1161862,580930942,5.000000,568.000000
function/signature_promote,500,0,32,0.000027375,1168950,584474886,7.000000,640.000000
function/signature_optional,500,0,32,0.000025625,1248780,624390244,3.000000,184.000000
function/signature_variadic,500,0,32,0.000042750,748538,374269006,3.000000,184.000000
function/closure,500,0,32,0.000041250,775758,387878788,7.000000,792.000000
function/partial,500,0,32,0.000041917,763413,381706706,8.000000,744.000000
function/callback,500,0,32,0.000032000,1000000,500000000,6.000000,392.000000
function/signed_callback,500,0,32,0.000036250,882759,441379310,6.000000,392.000000
function/partial_callback,500,0,32,0.000047875,668407,334203655,8.000000,504.000000
function/mixed,500,0,32,0.000068125,469725,234862385,11.000000,1200.000000
rust/function_scalar,500,0,32,0.000010666,3000188,1500093756,0.000000,0.000000
function/builtin,1024,0,32,0.000038250,836601,856679739,0.000000,0.000000
function/direct,1024,0,32,0.000040708,786086,804952344,3.000000,184.000000
function/signed,1024,0,32,0.000042000,761905,780190476,3.000000,184.000000
function/named,1024,0,32,0.000044750,715084,732245810,6.000000,632.000000
function/signed_named,1024,0,32,0.000046125,693767,710417344,6.000000,632.000000
function/signature_context,1024,0,32,0.000049000,653061,668734694,6.000000,632.000000
function/signature_array,1024,0,32,0.000044708,715756,732933703,5.000000,568.000000
function/signature_promote,1024,0,32,0.000044833,713760,730890192,7.000000,640.000000
function/signature_optional,1024,0,32,0.000042709,749257,767238755,3.000000,184.000000
function/signature_variadic,1024,0,32,0.000065375,489484,501231358,3.000000,184.000000
function/closure,1024,0,32,0.000066500,481203,492751880,7.000000,792.000000
function/partial,1024,0,32,0.000067334,475243,486648647,8.000000,744.000000
function/callback,1024,0,32,0.000049250,649746,665340102,6.000000,392.000000
function/signed_callback,1024,0,32,0.000053125,602353,616809412,6.000000,392.000000
function/partial_callback,1024,0,32,0.000073250,436860,447344710,8.000000,504.000000
function/mixed,1024,0,32,0.000101791,314370,321914511,11.000000,1200.000000
rust/function_scalar,1024,0,32,0.000019208,1665973,1705955852,0.000000,0.000000
function/builtin,10240,0,32,0.000335209,95463,977539386,0.000000,0.000000
function/direct,10240,0,32,0.000340125,94083,963410511,3.000000,184.000000
function/signed,10240,0,32,0.000339250,94326,965895357,3.000000,184.000000
function/named,10240,0,32,0.000342125,93533,957778590,6.000000,632.000000
function/signed_named,10240,0,32,0.000343125,93260,954987250,6.000000,632.000000
function/signature_context,10240,0,32,0.000346167,92441,946595140,6.000000,632.000000
function/signature_array,10240,0,32,0.000340875,93876,961290796,5.000000,568.000000
function/signature_promote,10240,0,32,0.000342541,93419,956615412,7.000000,640.000000
function/signature_optional,10240,0,32,0.000339333,94303,965659102,3.000000,184.000000
function/signature_variadic,10240,0,32,0.000506000,63241,647588933,3.000000,184.000000
function/closure,10240,0,32,0.000516542,61950,634372423,7.000000,792.000000
function/partial,10240,0,32,0.000511375,62576,640782205,8.000000,744.000000
function/callback,10240,0,32,0.000346250,92419,946368231,6.000000,392.000000
function/signed_callback,10240,0,32,0.000350250,91363,935560314,6.000000,392.000000
function/partial_callback,10240,0,32,0.000516417,61965,634525974,8.000000,504.000000
function/mixed,10240,0,32,0.000704834,45401,464903793,11.000000,1200.000000
rust/function_scalar,10240,0,32,0.000173250,184704,1891370851,0.000000,0.000000
function/builtin,1048576,0,32,0.033918625,943,989262743,0.000000,0.000000
function/direct,1048576,0,32,0.033938917,943,988671265,3.000000,184.000000
function/signed,1048576,0,32,0.034098042,938,984057442,3.000000,184.000000
function/named,1048576,0,32,0.033972459,942,987695121,6.000000,632.000000
function/signed_named,1048576,0,32,0.033985542,942,987314900,6.000000,632.000000
function/signature_context,1048576,0,32,0.034024708,940,986178397,6.000000,632.000000
function/signature_array,1048576,0,32,0.034008000,941,986662903,5.000000,568.000000
function/signature_promote,1048576,0,32,0.034045125,940,985586982,7.000000,640.000000
function/signature_optional,1048576,0,32,0.033967916,942,987827219,3.000000,184.000000
function/signature_variadic,1048576,0,32,0.050571542,633,663504229,3.000000,184.000000
function/closure,1048576,0,32,0.050245458,637,667810253,7.000000,792.000000
function/partial,1048576,0,32,0.050650334,632,662472078,8.000000,744.000000
function/callback,1048576,0,32,0.033939209,943,988662759,6.000000,392.000000
function/signed_callback,1048576,0,32,0.033935917,943,988758665,6.000000,392.000000
function/partial_callback,1048576,0,32,0.050681042,631,662070681,8.000000,504.000000
function/mixed,1048576,0,32,0.067610166,473,496292702,11.000000,1200.000000
rust/function_scalar,1048576,0,32,0.016656667,1921,2014474564,0.000000,0.000000
function/tail_8,34,0,32,0.000042875,746356,25376093,7.000000,792.000000
function/signed_tail_8,34,0,32,0.000059250,540084,18362869,7.000000,792.000000
function/tail_block_8,34,0,32,0.000054125,591224,20101617,8.000000,952.000000
function/tail_borrow_8,34,0,32,0.000041625,768769,26138138,7.000000,792.000000
function/tail_escape_once_8,34,0,32,0.000051000,627451,21333333,10.000000,1080.000000
function/recursion_8,34,0,32,0.000059042,541987,18427560,17.000000,3416.000000
rust/function_tail_8,34,0,32,0.000001583,20214782,687302590,0.000000,0.000000
function/tail_32,35,0,32,0.000146541,218369,7642912,7.000000,792.000000
function/signed_tail_32,35,0,32,0.000182083,175744,6151041,7.000000,792.000000
function/tail_block_32,35,0,32,0.000187792,170401,5964045,8.000000,952.000000
function/tail_borrow_32,35,0,32,0.000132458,241586,8455510,7.000000,792.000000
function/tail_escape_once_32,35,0,32,0.000168375,190052,6651819,10.000000,1080.000000
function/recursion_32,35,0,32,0.000206250,155152,5430303,43.000000,12632.000000
rust/function_tail_32,35,0,32,0.000001791,17867113,625348967,0.000000,0.000000
function/tail_64,35,0,32,0.000272292,117521,4113231,7.000000,792.000000
function/signed_tail_64,35,0,32,0.000354458,90279,3159754,7.000000,792.000000
function/tail_block_64,35,0,32,0.000372958,85801,3003019,8.000000,952.000000
function/tail_borrow_64,35,0,32,0.000247375,129358,4527539,7.000000,792.000000
function/tail_escape_once_64,35,0,32,0.000316000,101266,3544304,10.000000,1080.000000
rust/function_tail_64,35,0,32,0.000002375,13473684,471578947,0.000000,0.000000
function/tail_1024,37,0,32,0.004155584,7700,284918,7.000000,792.000000
function/signed_tail_1024,37,0,32,0.005431042,5892,218006,7.000000,792.000000
function/tail_block_1024,37,0,32,0.005504625,5813,215092,8.000000,952.000000
function/tail_borrow_1024,37,0,32,0.003726000,8588,317767,7.000000,792.000000
function/tail_escape_once_1024,37,0,32,0.004784833,6688,247449,10.000000,1080.000000
rust/function_tail_1024,37,0,32,0.000021000,1523810,56380952,0.000000,0.000000
function/tail_100000,39,0,32,0.404921250,79,3082,7.000000,792.000000
function/signed_tail_100000,39,0,32,0.530762500,60,2351,7.000000,792.000000
function/tail_block_100000,39,0,32,0.529325791,60,2358,8.000000,952.000000
function/tail_borrow_100000,39,0,32,0.361525375,89,3452,7.000000,792.000000
function/tail_escape_once_100000,39,0,32,0.467598625,68,2669,10.000000,1080.000000
rust/function_tail_100000,39,0,32,0.001961084,16318,636383,0.000000,0.000000
function/tail_capture_each_8,7,0,32,0.000059000,542373,3796610,26.000000,3992.000000
function/tail_capture_each_128,9,0,32,0.000651375,49127,442142,270.000000,57752.000000
function/tail_capture_each_1024,10,0,32,0.004868458,6573,65729,2065.000000,459160.000000
compile/eval_static,0,0,32,0.000024792,1290739,0,27.000000,1238.000000
compile/eval_dynamic,0,0,32,0.000009500,3368421,0,9.000000,616.000000
compile/eval_nested,0,0,32,0.000040250,795031,0,39.000000,1883.000000
eval/static_scalar,100,0,32,0.000013375,2392523,239252336,0.000000,0.000000
eval/dynamic_scalar,100,0,32,0.000036875,867797,86779661,23.000000,996.000000
eval/static_literal,100,0,32,0.000006084,5259698,525969757,1.000000,16.000000
eval/context,100,0,32,0.000012208,2621232,262123198,0.000000,0.000000
eval/nested,100,0,32,0.000014458,2213308,221330751,0.000000,0.000000
eval/inherited,100,0,32,0.000018000,1777778,177777778,5.000000,568.000000
eval/static_closure,100,0,32,0.000020875,1532934,153293413,6.000000,632.000000
eval/folded_literal,100,0,32,0.000005417,5907329,590732878,1.000000,16.000000
eval/mixed,100,0,32,0.000026000,1230769,123076923,9.000000,768.000000
effect/random,100,0,32,0.000005709,5605185,560518480,4.000000,216.000000
effect/random_injected,100,0,32,0.000005333,6000375,600037502,3.000000,184.000000
effect/shuffle,100,0,32,0.000012291,2603531,260353104,6.000000,360.000000
effect/shuffle_empty,100,0,32,0.000006000,5333333,533333333,4.000000,200.000000
effect/shuffle_single,100,0,32,0.000006083,5260562,526056222,4.000000,200.000000
eval/static_scalar,500,0,32,0.000036917,866809,433404665,0.000000,0.000000
eval/dynamic_scalar,500,0,32,0.000063084,507260,253630081,23.000000,996.000000
eval/static_literal,500,0,32,0.000012708,2518099,1259049418,1.000000,16.000000
eval/context,500,0,32,0.000025750,1242718,621359223,0.000000,0.000000
eval/nested,500,0,32,0.000034667,923068,461534024,0.000000,0.000000
eval/inherited,500,0,32,0.000038708,826702,413351245,5.000000,568.000000
eval/static_closure,500,0,32,0.000040542,789305,394652459,6.000000,632.000000
eval/folded_literal,500,0,32,0.000012292,2603319,1301659616,1.000000,16.000000
eval/mixed,500,0,32,0.000046167,693136,346567895,9.000000,768.000000
effect/random,500,0,32,0.000012625,2534653,1267326733,4.000000,216.000000
effect/random_injected,500,0,32,0.000012209,2621017,1310508641,3.000000,184.000000
effect/shuffle,500,0,32,0.000025917,1234711,617355404,6.000000,360.000000
effect/shuffle_empty,500,0,32,0.000012834,2493377,1246688484,4.000000,200.000000
effect/shuffle_single,500,0,32,0.000012875,2485437,1242718447,4.000000,200.000000
eval/static_scalar,1024,0,32,0.000058750,544681,557753191,0.000000,0.000000
eval/dynamic_scalar,1024,0,32,0.000096917,330179,338103738,23.000000,996.000000
eval/static_literal,1024,0,32,0.000021458,1491285,1527076149,1.000000,16.000000
eval/context,1024,0,32,0.000042833,747088,765017627,0.000000,0.000000
eval/nested,1024,0,32,0.000059666,536319,549190494,0.000000,0.000000
eval/inherited,1024,0,32,0.000063250,505929,518071146,5.000000,568.000000
eval/static_closure,1024,0,32,0.000065875,485769,497426945,6.000000,632.000000
eval/folded_literal,1024,0,32,0.000021084,1517739,1554164295,1.000000,16.000000
eval/mixed,1024,0,32,0.000071500,447552,458293706,9.000000,768.000000
effect/random,1024,0,32,0.000027542,1161862,1189746569,4.000000,216.000000
effect/random_injected,1024,0,32,0.000029791,1074150,1099929509,3.000000,184.000000
effect/shuffle,1024,0,32,0.000042875,746356,764268222,6.000000,360.000000
effect/shuffle_empty,1024,0,32,0.000021583,1482648,1518231942,4.000000,200.000000
effect/shuffle_single,1024,0,32,0.000021916,1460120,1495163351,4.000000,200.000000
eval/static_scalar,10240,0,32,0.000506708,63153,646684086,0.000000,0.000000
eval/dynamic_scalar,10240,0,32,0.000686917,46585,477029976,23.000000,996.000000
eval/static_literal,10240,0,32,0.000172583,185418,1898680635,1.000000,16.000000
eval/context,10240,0,32,0.000342500,93431,956729927,0.000000,0.000000
eval/nested,10240,0,32,0.000502916,63629,651560101,0.000000,0.000000
eval/inherited,10240,0,32,0.000515458,62081,635706498,5.000000,568.000000
eval/static_closure,10240,0,32,0.000509791,62771,642773215,6.000000,632.000000
eval/folded_literal,10240,0,32,0.000172292,185731,1901887493,1.000000,16.000000
eval/mixed,10240,0,32,0.000515084,62126,636168081,9.000000,768.000000
effect/random,10240,0,32,0.000172541,185463,1899142812,4.000000,216.000000
effect/random_injected,10240,0,32,0.000172666,185329,1897767945,3.000000,184.000000
effect/shuffle,10240,0,32,0.000339917,94141,964000035,6.000000,360.000000
effect/shuffle_empty,10240,0,32,0.000173042,184926,1893644318,4.000000,200.000000
effect/shuffle_single,10240,0,32,0.000172958,185016,1894563998,4.000000,200.000000
eval/static_scalar,1048576,0,32,0.050566459,633,663570926,0.000000,0.000000
eval/dynamic_scalar,1048576,0,32,0.067052333,477,500421544,23.000000,996.000000
eval/static_literal,1048576,0,32,0.017248042,1855,1945405281,1.000000,16.000000
eval/context,1048576,0,32,0.033947291,943,988427383,0.000000,0.000000
eval/nested,1048576,0,32,0.050656459,632,662391977,0.000000,0.000000
eval/inherited,1048576,0,32,0.050595708,632,663187320,5.000000,568.000000
eval/static_closure,1048576,0,32,0.050701459,631,661804072,6.000000,632.000000
eval/folded_literal,1048576,0,32,0.017241542,1856,1946138692,1.000000,16.000000
eval/mixed,1048576,0,32,0.050292459,636,667186148,9.000000,768.000000
effect/random,1048576,0,32,0.017248459,1855,1945358249,4.000000,216.000000
effect/random_injected,1048576,0,32,0.017326958,1847,1936544891,3.000000,184.000000
effect/shuffle,1048576,0,32,0.033994250,941,987061988,6.000000,360.000000
effect/shuffle_empty,1048576,0,32,0.017210291,1859,1949672553,4.000000,200.000000
effect/shuffle_single,1048576,0,32,0.017266958,1853,1943274085,4.000000,200.000000
eval/dynamic_closure_map,61,0,32,0.000150542,212565,12966481,108.000000,8281.000000
eval/static_map,61,0,32,0.000029791,1074150,65523145,3.000000,336.000000
effect/shuffle_sum,61,0,32,0.000016625,1924812,117413534,7.000000,552.000000
eval/dynamic_closure_map,447,0,32,0.001518166,21078,9421895,952.000000,83641.000000
eval/static_map,447,0,32,0.000351792,90963,40660390,7.000000,6096.000000
effect/shuffle_sum,447,0,32,0.000130916,244432,109260900,11.000000,6312.000000
eval/dynamic_closure_map,4055,0,32,0.009931542,3222,13065443,7227.000000,646329.000000
eval/static_map,4055,0,32,0.002684750,11919,48332247,10.000000,49104.000000
effect/shuffle_sum,4055,0,32,0.000909458,35186,142678386,14.000000,49320.000000
compile/conversion,0,0,32,0.000115375,277356,0,105.000000,6833.000000
compile/composition,0,0,32,0.000046083,694399,0,36.000000,2529.000000
conversion/string_identity,100,0,32,0.000004250,7529412,752941176,0.000000,0.000000
conversion/number_text,100,0,32,0.000004917,6508033,650803335,0.000000,0.000000
conversion/number_value,100,0,32,0.000004875,6564103,656410256,0.000000,0.000000
conversion/string_number,100,0,32,0.000013417,2385034,238503391,8.000000,108.000000
conversion/string_object,100,0,32,0.000016625,1924812,192481203,12.000000,423.000000
conversion/string_pretty,100,0,32,0.000022291,1435557,143555695,12.000000,453.000000
conversion/concat,100,0,32,0.000025375,1261084,126108374,14.000000,254.000000
conversion/folded,100,0,32,0.000003292,9720535,972053463,0.000000,0.000000
conversion/constructor,100,0,32,0.000032333,989701,98970092,13.000000,564.000000
conversion/chain_direct,100,0,32,0.000018875,1695364,169536424,12.000000,214.000000
conversion/chain_values,100,0,32,0.000032542,983345,98334460,27.000000,1168.000000
conversion/partial,100,0,32,0.000031834,1005215,100521455,24.000000,1198.000000
conversion/partial_reused,100,0,32,0.000045750,699454,69945355,31.000000,2180.000000
conversion/sum_direct,100,0,32,0.000008417,3801830,380182963,0.000000,0.000000
conversion/sum_chain,100,0,32,0.000008417,3801830,380182963,0.000000,0.000000
conversion/sum_function,100,0,32,0.000010958,2920241,292024092,4.000000,248.000000
conversion/sum_partial,100,0,32,0.000012917,2477355,247735542,6.000000,336.000000
rust/number_text,100,0,32,0.000004083,7837374,783737448,0.000000,0.000000
conversion/string_identity,500,0,32,0.000011708,2733174,1366586949,0.000000,0.000000
conversion/number_text,500,0,32,0.000011833,2704302,1352150765,0.000000,0.000000
conversion/number_value,500,0,32,0.000011834,2704073,1352036505,0.000000,0.000000
conversion/string_number,500,0,32,0.000020542,1557784,778892026,8.000000,108.000000
conversion/string_object,500,0,32,0.000023792,1344990,672494956,12.000000,423.000000
conversion/string_pretty,500,0,32,0.000039084,818749,409374680,12.000000,453.000000
conversion/concat,500,0,32,0.000049375,648101,324050633,14.000000,254.000000
conversion/folded,500,0,32,0.000010333,3096874,1548437046,0.000000,0.000000
conversion/constructor,500,0,32,0.000061125,523517,261758691,13.000000,564.000000
conversion/chain_direct,500,0,32,0.000034000,941176,470588235,12.000000,214.000000
conversion/chain_values,500,0,32,0.000046208,692521,346260388,27.000000,1168.000000
conversion/partial,500,0,32,0.000045666,700740,350370078,24.000000,1198.000000
conversion/partial_reused,500,0,32,0.000063583,503279,251639589,31.000000,2180.000000
conversion/sum_direct,500,0,32,0.000019917,1606668,803333835,0.000000,0.000000
conversion/sum_chain,500,0,32,0.000021959,1457261,728630630,0.000000,0.000000
conversion/sum_function,500,0,32,0.000024541,1303940,651970172,4.000000,248.000000
conversion/sum_partial,500,0,32,0.000026375,1213270,606635071,6.000000,336.000000
rust/number_text,500,0,32,0.000010875,2942529,1471264368,0.000000,0.000000
conversion/string_identity,1024,0,32,0.000017917,1786013,1828877602,0.000000,0.000000
conversion/number_text,1024,0,32,0.000018667,1714255,1755397225,0.000000,0.000000
conversion/number_value,1024,0,32,0.000023500,1361702,1394382979,0.000000,0.000000
conversion/string_number,1024,0,32,0.000026125,1224880,1254277512,8.000000,108.000000
conversion/string_object,1024,0,32,0.000029208,1095590,1121884415,12.000000,423.000000
conversion/string_pretty,1024,0,32,0.000047666,671338,687450174,12.000000,453.000000
conversion/concat,1024,0,32,0.000064417,496763,508685595,14.000000,254.000000
conversion/folded,1024,0,32,0.000017041,1877824,1922891849,0.000000,0.000000
conversion/constructor,1024,0,32,0.000093000,344086,352344086,13.000000,564.000000
conversion/chain_direct,1024,0,32,0.000044625,717087,734296919,12.000000,214.000000
conversion/chain_values,1024,0,32,0.000056833,563053,576566431,27.000000,1168.000000
conversion/partial,1024,0,32,0.000056750,563877,577409692,24.000000,1198.000000
conversion/partial_reused,1024,0,32,0.000092417,346257,354566800,31.000000,2180.000000
conversion/sum_direct,1024,0,32,0.000039000,820513,840205128,0.000000,0.000000
conversion/sum_chain,1024,0,32,0.000039041,819651,839322763,0.000000,0.000000
conversion/sum_function,1024,0,32,0.000037834,845800,866099276,4.000000,248.000000
conversion/sum_partial,1024,0,32,0.000042875,746356,764268222,6.000000,336.000000
rust/number_text,1024,0,32,0.000020083,1593387,1631628741,0.000000,0.000000
conversion/string_identity,10240,0,32,0.000170291,187914,1924235573,0.000000,0.000000
conversion/number_text,10240,0,32,0.000174375,183513,1879168459,0.000000,0.000000
conversion/number_value,10240,0,32,0.000155500,205788,2107266881,0.000000,0.000000
conversion/string_number,10240,0,32,0.000180209,177572,1818333158,8.000000,108.000000
conversion/string_object,10240,0,32,0.000183167,174704,1788968537,12.000000,423.000000
conversion/string_pretty,10240,0,32,0.000343167,93249,954870369,12.000000,453.000000
conversion/concat,10240,0,32,0.000513958,62262,637561824,14.000000,254.000000
conversion/folded,10240,0,32,0.000172792,185194,1896384092,0.000000,0.000000
conversion/constructor,10240,0,32,0.000627083,51030,522546457,13.000000,564.000000
conversion/chain_direct,10240,0,32,0.000322417,99250,1016323581,12.000000,214.000000
conversion/chain_values,10240,0,32,0.000359708,88961,910961113,27.000000,1168.000000
conversion/partial,10240,0,32,0.000359459,89023,911592143,24.000000,1198.000000
conversion/partial_reused,10240,0,32,0.000534417,59878,613154147,31.000000,2180.000000
conversion/sum_direct,10240,0,32,0.000338750,94465,967321033,0.000000,0.000000
conversion/sum_chain,10240,0,32,0.000352875,90684,928600779,0.000000,0.000000
conversion/sum_function,10240,0,32,0.000338416,94558,968275732,4.000000,248.000000
conversion/sum_partial,10240,0,32,0.000343083,93272,955104158,6.000000,336.000000
rust/number_text,10240,0,32,0.000183875,174031,1782080218,0.000000,0.000000
conversion/string_identity,1048576,0,32,0.017256708,1854,1944428335,0.000000,0.000000
conversion/number_text,1048576,0,32,0.017223834,1858,1948139537,0.000000,0.000000
conversion/number_value,1048576,0,32,0.017248542,1855,1945348888,0.000000,0.000000
conversion/string_number,1048576,0,32,0.017282167,1852,1941563925,8.000000,108.000000
conversion/string_object,1048576,0,32,0.017062250,1875,1966588932,12.000000,423.000000
conversion/string_pretty,1048576,0,32,0.033944375,943,988512294,12.000000,453.000000
conversion/concat,1048576,0,32,0.050829584,630,660135877,14.000000,254.000000
conversion/folded,1048576,0,32,0.017271833,1853,1942725593,0.000000,0.000000
conversion/constructor,1048576,0,32,0.067585167,473,496476276,13.000000,564.000000
conversion/chain_direct,1048576,0,32,0.033942708,943,988560842,12.000000,214.000000
conversion/chain_values,1048576,0,32,0.033976958,942,987564337,27.000000,1168.000000
conversion/partial,1048576,0,32,0.034065292,939,985003504,24.000000,1198.000000
conversion/partial_reused,1048576,0,32,0.050818292,630,660282561,31.000000,2180.000000
conversion/sum_direct,1048576,0,32,0.033916000,944,989339309,0.000000,0.000000
conversion/sum_chain,1048576,0,32,0.033915291,944,989359991,0.000000,0.000000
conversion/sum_function,1048576,0,32,0.033915875,944,989342955,4.000000,248.000000
conversion/sum_partial,1048576,0,32,0.033825209,946,991994817,6.000000,336.000000
rust/number_text,1048576,0,32,0.017250334,1855,1945146801,0.000000,0.000000
composition/numeric_pipeline,234,0,32,0.000100917,317092,74199590,14.000000,1304.000000
composition/labels,234,0,32,0.000154208,207512,48557792,46.000000,2393.000000
composition/grouping,234,0,32,0.000115959,275960,64574548,38.000000,1328.000000
composition/static_lookup,234,0,32,0.000113792,281215,65804274,45.000000,2048.000000
composition/direct_fold,74,0,32,0.000017750,1802817,133408451,0.000000,0.000000
composition/chained_fold,74,0,32,0.000017750,1802817,133408451,0.000000,0.000000
composition/numeric_pipeline,3886,0,32,0.001421666,22509,87469209,82.000000,12824.000000
composition/labels,3886,0,32,0.002252000,14210,55218472,418.000000,30445.000000
composition/grouping,3886,0,32,0.001569708,20386,79219829,466.000000,14648.000000
composition/static_lookup,3886,0,32,0.001620167,19751,76752582,589.000000,24008.000000
composition/direct_fold,1180,0,32,0.000253083,126441,149200065,0.000000,0.000000
composition/chained_fold,1180,0,32,0.000253125,126420,149175309,0.000000,0.000000
composition/numeric_pipeline,32606,0,32,0.011054500,2895,94386178,536.000000,98840.000000
composition/labels,32606,0,32,0.017879042,1790,58358384,3116.000000,260337.000000
composition/grouping,32606,0,32,0.012085583,2648,86333609,3608.000000,114104.000000
composition/static_lookup,32606,0,32,0.013176292,2429,79187073,4624.000000,187976.000000
composition/direct_fold,10164,0,32,0.002086916,15334,155851026,0.000000,0.000000
composition/chained_fold,10164,0,32,0.002030917,15756,160148347,0.000000,0.000000
compile/regex,0,0,32,0.000169000,189349,0,86.000000,7488.000000
compile/regex_callback,0,0,32,0.000102709,311560,0,83.000000,6062.000000
matcher/contains,100,0,32,0.000008500,3764706,376470588,3.000000,144.000000
matcher/no_match,100,0,32,0.000010083,3173659,317365863,3.000000,144.000000
matcher/literal_contains,100,0,32,0.000012542,2551427,255142720,5.000000,158.000000
matcher/captures,100,0,32,0.000029959,1068126,106812644,30.000000,1368.000000
matcher/replace,100,0,32,0.000019500,1641026,164102564,12.000000,439.000000
matcher/replace_captures,100,0,32,0.000024792,1290739,129073895,16.000000,781.000000
matcher/replace_callback,100,0,32,0.000069958,457417,45741731,57.000000,2825.000000
matcher/split,100,0,32,0.000032125,996109,99610895,30.000000,1056.000000
matcher/closure,100,0,32,0.000017291,1850674,185067376,10.000000,936.000000
matcher/next,100,0,32,0.000038292,835684,83568369,30.000000,2120.000000
matcher/lookaround,100,0,32,0.000021875,1462857,146285714,23.000000,944.000000
matcher/literal_replace,100,0,32,0.000011375,2813187,281318681,5.000000,191.000000
rust/matcher_contains,100,0,32,0.000003417,9364940,936494001,1.000000,40.000000
matcher/contains,500,0,32,0.000021917,1460054,730026920,3.000000,144.000000
matcher/no_match,500,0,32,0.000023584,1356852,678426052,3.000000,144.000000
matcher/literal_contains,500,0,32,0.000026083,1226853,613426370,5.000000,158.000000
matcher/captures,500,0,32,0.000043667,732819,366409417,30.000000,1368.000000
matcher/replace,500,0,32,0.000032541,983375,491687410,12.000000,439.000000
matcher/replace_captures,500,0,32,0.000037417,855226,427613117,16.000000,781.000000
matcher/replace_callback,500,0,32,0.000082292,388859,194429592,57.000000,2825.000000
matcher/split,500,0,32,0.000045750,699454,349726776,30.000000,1056.000000
matcher/closure,500,0,32,0.000031292,1022626,511312796,10.000000,936.000000
matcher/next,500,0,32,0.000051708,618860,309429875,30.000000,2120.000000
matcher/lookaround,500,0,32,0.000035208,908884,454442172,23.000000,944.000000
matcher/literal_replace,500,0,32,0.000025166,1271557,635778431,5.000000,191.000000
rust/matcher_contains,500,0,32,0.000010250,3121951,1560975610,1.000000,40.000000
matcher/contains,1024,0,32,0.000038792,824912,844710250,3.000000,144.000000
matcher/no_match,1024,0,32,0.000043167,741307,759098385,3.000000,144.000000
matcher/literal_contains,1024,0,32,0.000044500,719101,736359551,5.000000,158.000000
matcher/captures,1024,0,32,0.000063292,505593,517727359,30.000000,1368.000000
matcher/replace,1024,0,32,0.000051125,625917,640938875,12.000000,439.000000
matcher/replace_captures,1024,0,32,0.000055875,572707,586451902,16.000000,781.000000
matcher/replace_callback,1024,0,32,0.000101250,316049,323634568,57.000000,2825.000000
matcher/split,1024,0,32,0.000063166,506602,518760092,30.000000,1056.000000
matcher/closure,1024,0,32,0.000048500,659794,675628866,10.000000,936.000000
matcher/next,1024,0,32,0.000068292,468576,479821941,30.000000,2120.000000
matcher/lookaround,1024,0,32,0.000051667,619351,634215263,23.000000,944.000000
matcher/literal_replace,1024,0,32,0.000041958,762667,780971448,5.000000,191.000000
rust/matcher_contains,1024,0,32,0.000018959,1687853,1728361200,1.000000,40.000000
matcher/contains,10240,0,32,0.000338459,94546,968152716,3.000000,144.000000
matcher/no_match,10240,0,32,0.000337333,94862,971384359,3.000000,144.000000
matcher/literal_contains,10240,0,32,0.000340000,94118,963764706,5.000000,158.000000
matcher/captures,10240,0,32,0.000357292,89563,917121010,30.000000,1368.000000
matcher/replace,10240,0,32,0.000347083,92197,944096945,12.000000,439.000000
matcher/replace_captures,10240,0,32,0.000352125,90877,930578630,16.000000,781.000000
matcher/replace_callback,10240,0,32,0.000403417,79322,812261258,57.000000,2825.000000
matcher/split,10240,0,32,0.000359750,88951,910854760,30.000000,1056.000000
matcher/closure,10240,0,32,0.000363334,88073,901869905,10.000000,936.000000
matcher/next,10240,0,32,0.000365583,87531,896321766,30.000000,2120.000000
matcher/lookaround,10240,0,32,0.000348667,91778,939807897,23.000000,944.000000
matcher/literal_replace,10240,0,32,0.000338917,94418,966844390,5.000000,191.000000
rust/matcher_contains,10240,0,32,0.000170083,188143,1926588783,1.000000,40.000000
matcher/contains,1048576,0,32,0.033592125,953,998877922,3.000000,144.000000
matcher/no_match,1048576,0,32,0.033949959,943,988349706,3.000000,144.000000
matcher/literal_contains,1048576,0,32,0.033906291,944,989622604,5.000000,158.000000
matcher/captures,1048576,0,32,0.033976250,942,987584916,30.000000,1368.000000
matcher/replace,1048576,0,32,0.033986042,942,987300375,12.000000,439.000000
matcher/replace_captures,1048576,0,32,0.033979333,942,987495311,16.000000,781.000000
matcher/replace_callback,1048576,0,32,0.034007916,941,986665340,57.000000,2825.000000
matcher/split,1048576,0,32,0.033999000,941,986924086,30.000000,1056.000000
matcher/closure,1048576,0,32,0.033993834,941,987074068,10.000000,936.000000
matcher/next,1048576,0,32,0.033994834,941,987045032,30.000000,2120.000000
matcher/lookaround,1048576,0,32,0.033654833,951,997016743,23.000000,944.000000
matcher/literal_replace,1048576,0,32,0.033844916,945,991417204,5.000000,191.000000
rust/matcher_contains,1048576,0,32,0.017221667,1858,1948384671,1.000000,40.000000
matcher/long_contains,149,0,32,0.000022375,1430168,213094972,4.000000,304.000000
matcher/long_no_match,149,0,32,0.000020709,1545222,230238061,3.000000,144.000000
matcher/long_replace,149,0,32,0.000034625,924188,137703971,12.000000,1439.000000
matcher/repeated_replace,171,0,32,0.000138208,231535,39592498,142.000000,9210.000000
matcher/limited_captures,171,0,32,0.000051625,619855,105995157,60.000000,2728.000000
matcher/long_contains,4117,0,32,0.000441542,72473,298372522,4.000000,304.000000
matcher/long_no_match,4117,0,32,0.000439875,72748,299503268,3.000000,144.000000
matcher/long_replace,4117,0,32,0.000622667,51392,211580187,12.000000,33183.000000
matcher/repeated_replace,5131,0,32,0.003765792,8498,43600921,4115.000000,288954.000000
matcher/limited_captures,5131,0,32,0.000222291,143955,738635392,60.000000,2728.000000
matcher/long_contains,65557,0,32,0.006940375,4611,302263783,4.000000,304.000000
matcher/long_no_match,65557,0,32,0.007086584,4516,296027536,3.000000,144.000000
matcher/long_replace,65557,0,32,0.009696000,3300,216359736,12.000000,524703.000000
matcher/repeated_replace,81931,0,32,0.063570708,503,41242139,65559.000000,4620474.000000
matcher/limited_captures,81931,0,32,0.002923875,10944,896684024,60.000000,2728.000000
matcher/unicode_contains,139,0,32,0.000022042,1451774,201796570,7.000000,628.000000
matcher/unicode_replace,139,0,32,0.000036500,876712,121863014,17.000000,1330.000000
matcher/unicode_captures,139,0,32,0.000049083,651957,90622008,42.000000,2202.000000
matcher/unicode_zero_limit,139,0,32,0.000011333,2823612,392482132,2.000000,104.000000
matcher/unicode_contains,2059,0,32,0.000189583,168792,347541710,7.000000,7508.000000
matcher/unicode_replace,2059,0,32,0.000257333,124352,256041782,17.000000,16130.000000
matcher/unicode_captures,2059,0,32,0.000222084,144090,296680535,42.000000,9082.000000
matcher/unicode_zero_limit,2059,0,32,0.000099666,321072,661088034,2.000000,104.000000
matcher/unicode_contains,32779,0,32,0.002922542,10949,358909470,7.000000,117588.000000
matcher/unicode_replace,32779,0,32,0.003845625,8321,272758784,17.000000,252930.000000
matcher/unicode_captures,32779,0,32,0.002958875,10815,354502302,42.000000,119162.000000
matcher/unicode_zero_limit,32779,0,32,0.001512667,21155,693429552,2.000000,104.000000
matcher/filtered_sum,206,0,32,0.000098041,326394,67237176,63.000000,3640.000000
matcher/mixed,206,0,32,0.000227083,140918,29029033,130.000000,6836.000000
matcher/grouped,206,0,32,0.000111667,286566,59032660,54.000000,2460.000000
matcher/filtered_sum,3292,0,32,0.001418375,22561,74270909,915.000000,59080.000000
matcher/mixed,3292,0,32,0.003145083,10175,33494824,1882.000000,98336.000000
matcher/grouped,3292,0,32,0.001551250,20629,67909106,722.000000,32760.000000
matcher/filtered_sum,27060,0,32,0.010764791,2973,80440020,7196.000000,473032.000000
matcher/mixed,27060,0,32,0.024586833,1302,35218851,14883.000000,781536.000000
matcher/grouped,27060,0,32,0.012215417,2620,70887469,5656.000000,259000.000000
compile/parent,0,0,32,0.000087958,363810,0,59.000000,4837.000000
compile/transform,0,0,32,0.000068584,466581,0,66.000000,4381.000000
parent/filter,150,0,32,0.000041667,767994,115199078,9.000000,848.000000
parent/nested,150,0,32,0.000047167,678440,101766065,16.000000,1776.000000
parent/sort,150,0,32,0.000037833,845822,126873365,14.000000,1152.000000
parent/constructor,150,0,32,0.000046542,687551,103132654,15.000000,1440.000000
parent/closure,150,0,32,0.000049458,647014,97052044,16.000000,1936.000000
parent/group,150,0,32,0.000045583,702016,105302415,20.000000,2088.000000
parent/tuple,150,0,32,0.000052084,614392,92158820,17.000000,1632.000000
parent/focus_control,150,0,32,0.000051500,621359,93203883,10.000000,1288.000000
transform/clone,150,0,32,0.000033292,961192,144178782,10.000000,1136.000000
transform/update,150,0,32,0.000118000,271186,40677966,57.000000,5444.000000
transform/no_match,150,0,32,0.000060375,530021,79503106,21.000000,1688.000000
transform/update_write,150,0,32,0.000132417,241661,36249122,59.000000,5712.000000
parent/filter,500,0,32,0.000054041,592143,296071501,9.000000,848.000000
parent/nested,500,0,32,0.000061292,522091,261045487,16.000000,1776.000000
parent/sort,500,0,32,0.000049708,643760,321879778,14.000000,1152.000000
parent/constructor,500,0,32,0.000059042,541987,270993530,15.000000,1440.000000
parent/closure,500,0,32,0.000061542,519970,259985051,16.000000,1936.000000
parent/group,500,0,32,0.000056708,564294,282147140,20.000000,2088.000000
parent/tuple,500,0,32,0.000064542,495801,247900592,17.000000,1632.000000
parent/focus_control,500,0,32,0.000063375,504931,252465483,10.000000,1288.000000
transform/clone,500,0,32,0.000045417,704582,352290992,10.000000,1136.000000
transform/update,500,0,32,0.000141291,226483,113241466,57.000000,5444.000000
transform/no_match,500,0,32,0.000077500,412903,206451613,21.000000,1688.000000
transform/update_write,500,0,32,0.000164834,194135,97067353,59.000000,5712.000000
parent/filter,1024,0,32,0.000070833,451767,462609236,9.000000,848.000000
parent/nested,1024,0,32,0.000078334,408507,418311334,16.000000,1776.000000
parent/sort,1024,0,32,0.000066750,479401,490906367,14.000000,1152.000000
parent/constructor,1024,0,32,0.000076042,420820,430919755,15.000000,1440.000000
parent/closure,1024,0,32,0.000078833,405921,415663491,16.000000,1936.000000
parent/group,1024,0,32,0.000074708,428334,438614338,20.000000,2088.000000
parent/tuple,1024,0,32,0.000081375,393241,402678955,17.000000,1632.000000
parent/focus_control,1024,0,32,0.000080625,396899,406424806,10.000000,1288.000000
transform/clone,1024,0,32,0.000062250,514056,526393574,10.000000,1136.000000
transform/update,1024,0,32,0.000175250,182596,186978602,57.000000,5444.000000
transform/no_match,1024,0,32,0.000103125,310303,317750303,21.000000,1688.000000
transform/update_write,1024,0,32,0.000209875,152472,156131030,59.000000,5712.000000
parent/filter,10240,0,32,0.000368125,86927,890132428,9.000000,848.000000
parent/nested,10240,0,32,0.000376208,85059,871007528,16.000000,1776.000000
parent/sort,10240,0,32,0.000364166,87872,899809428,14.000000,1152.000000
parent/constructor,10240,0,32,0.000373250,85733,877910248,15.000000,1440.000000
parent/closure,10240,0,32,0.000390833,81876,838414361,16.000000,1936.000000
parent/group,10240,0,32,0.000371625,86108,881749075,20.000000,2088.000000
parent/tuple,10240,0,32,0.000378833,84470,864972165,17.000000,1632.000000
parent/focus_control,10240,0,32,0.000376958,84890,869274561,10.000000,1288.000000
transform/clone,10240,0,32,0.000373667,85638,876930529,10.000000,1136.000000
transform/update,10240,0,32,0.000764916,41835,428386908,57.000000,5444.000000
transform/no_match,10240,0,32,0.000546250,58581,599871854,21.000000,1688.000000
transform/update_write,10240,0,32,0.001004709,31850,326144187,59.000000,5712.000000
parent/filter,65536,0,32,0.002157583,14831,971991344,9.000000,848.000000
parent/nested,65536,0,32,0.002159416,14819,971166278,16.000000,1776.000000
parent/sort,65536,0,32,0.002147583,14900,976517322,14.000000,1152.000000
parent/constructor,65536,0,32,0.002179500,14682,962217022,15.000000,1440.000000
parent/closure,65536,0,32,0.002162667,14797,969706386,16.000000,1936.000000
parent/group,65536,0,32,0.002160708,14810,970585567,20.000000,2088.000000
parent/tuple,65536,0,32,0.002164917,14781,968698569,17.000000,1632.000000
parent/focus_control,65536,0,32,0.002166083,14773,968177120,10.000000,1288.000000
transform/clone,65536,0,32,0.002130458,15020,984366742,10.000000,1136.000000
transform/update,65536,0,32,0.004316167,7414,485882961,57.000000,5444.000000
transform/no_match,65536,0,32,0.003222458,9930,650792656,21.000000,1688.000000
transform/update_write,65536,0,32,0.005771584,5544,363358135,59.000000,5712.000000
parent/filter,1048576,0,32,0.034102875,938,983917983,9.000000,848.000000
parent/nested,1048576,0,32,0.033965417,942,987899898,16.000000,1776.000000
parent/sort,1048576,0,32,0.034034791,940,985886236,14.000000,1152.000000
parent/constructor,1048576,0,32,0.033992875,941,987101915,15.000000,1440.000000
parent/closure,1048576,0,32,0.033995125,941,987036582,16.000000,1936.000000
parent/group,1048576,0,32,0.034017750,941,986380110,20.000000,2088.000000
parent/tuple,1048576,0,32,0.033905208,944,989654215,17.000000,1632.000000
parent/focus_control,1048576,0,32,0.034019000,941,986343867,10.000000,1288.000000
transform/clone,1048576,0,32,0.033956875,942,988148409,10.000000,1136.000000
transform/update,1048576,0,32,0.066614041,480,503714104,57.000000,5444.000000
transform/no_match,1048576,0,32,0.050693292,631,661910692,21.000000,1688.000000
transform/update_write,1048576,0,32,0.090860958,352,369294279,59.000000,5712.000000
parent/wide_filter_sum,73,0,32,0.000038792,824912,60218602,9.000000,848.000000
parent/wide_sort,73,0,32,0.000045375,705234,51482094,18.000000,1488.000000
transform/wide_update,73,0,32,0.000080792,396079,28913754,46.000000,4900.000000
transform/wide_write,73,0,32,0.000096292,332323,24259544,54.000000,5800.000000
parent/wide_filter_sum,2048,0,32,0.000876125,36524,74802112,133.000000,13248.000000
parent/wide_sort,2048,0,32,0.001359000,23547,48223694,334.000000,35160.000000
transform/wide_update,2048,0,32,0.001937000,16520,33833764,804.000000,90560.000000
transform/wide_write,2048,0,32,0.002418584,13231,27096847,1060.000000,119360.000000
parent/wide_filter_sum,33180,0,32,0.013700208,2336,77499553,2053.000000,205248.000000
parent/wide_sort,33180,0,32,0.023778583,1346,44651946,5138.000000,557400.000000
transform/wide_update,33180,0,32,0.031175667,1026,34057331,12490.000000,1434376.000000
transform/wide_write,33180,0,32,0.038915959,822,27283408,16586.000000,1895176.000000
consolidation/unplanned_prefix,100,0,32,0.000015125,2115702,211570248,4.000000,192.000000
consolidation/callback_prefix,100,0,32,0.000016208,1974334,197433366,8.000000,464.000000
consolidation/unplanned_prefix,500,0,32,0.000042083,760402,380201031,4.000000,192.000000
consolidation/callback_prefix,500,0,32,0.000036542,875705,437852334,8.000000,464.000000
consolidation/unplanned_prefix,1024,0,32,0.000075458,424077,434254817,4.000000,192.000000
consolidation/callback_prefix,1024,0,32,0.000061417,521028,533533061,8.000000,464.000000
consolidation/unplanned_prefix,10240,0,32,0.000664166,48181,493370633,4.000000,192.000000
consolidation/callback_prefix,10240,0,32,0.000507667,63033,645462478,8.000000,464.000000
consolidation/unplanned_prefix,1048576,0,32,0.067255625,476,498908931,4.000000,192.000000
consolidation/callback_prefix,1048576,0,32,0.050642458,632,662575106,8.000000,464.000000
consolidation/nested_path,43,0,32,0.000005416,5908419,254062038,0.000000,0.000000
consolidation/nested_sum,43,0,32,0.000006209,5153809,221613786,0.000000,0.000000
consolidation/nested_path,871,0,32,0.000115875,276160,240535059,0.000000,0.000000
consolidation/nested_sum,871,0,32,0.000121459,263463,229476614,0.000000,0.000000
consolidation/nested_path,91,0,32,0.000009125,3506849,319123288,0.000000,0.000000
consolidation/nested_sum,91,0,32,0.000009875,3240506,294886076,0.000000,0.000000
consolidation/nested_path,919,0,32,0.000119459,267874,246176512,0.000000,0.000000
consolidation/nested_sum,919,0,32,0.000125625,254726,234093532,0.000000,0.000000
consolidation/nested_path,155,0,32,0.000023417,1366529,211811932,0.000000,0.000000
consolidation/nested_sum,155,0,32,0.000024250,1319588,204536082,0.000000,0.000000
consolidation/nested_path,983,0,32,0.000133083,240451,236363773,0.000000,0.000000
consolidation/nested_sum,983,0,32,0.000139584,229253,225355342,0.000000,0.000000
consolidation/sort_path,426,0,32,0.000113959,280803,119621969,9.000000,968.000000
consolidation/sort_scalar,426,0,32,0.000135625,235945,100512442,9.000000,968.000000
consolidation/sort_tuple,426,0,32,0.000125875,254220,108297915,28.000000,2816.000000
consolidation/callback_projection,426,0,32,0.000091584,349406,148846960,7.000000,584.000000
consolidation/transient_capture,426,0,32,0.000128875,248303,105776916,17.000000,1736.000000
consolidation/distinct_groups,426,0,32,0.000105375,303677,129366548,5.000000,1464.000000
consolidation/sort_path,7254,0,32,0.001797708,17800,129124418,13.000000,14408.000000
consolidation/sort_scalar,7254,0,32,0.002327209,13750,99745231,13.000000,14408.000000
consolidation/sort_tuple,7254,0,32,0.002138833,14961,108530213,272.000000,39296.000000
consolidation/callback_projection,7254,0,32,0.001344833,23795,172607305,11.000000,6344.000000
consolidation/transient_capture,7254,0,32,0.001961000,16318,118372259,141.000000,19016.000000
consolidation/distinct_groups,7254,0,32,0.001869750,17115,124149218,13.000000,51472.000000
consolidation/sort_path,61112,0,32,0.015076583,2122,129710028,16.000000,114760.000000
consolidation/sort_scalar,61112,0,32,0.019635458,1630,99594519,16.000000,114760.000000
consolidation/sort_tuple,61112,0,32,0.018506750,1729,105668688,2067.000000,311680.000000
consolidation/callback_projection,61112,0,32,0.010634541,3009,183889836,14.000000,49352.000000
consolidation/transient_capture,61112,0,32,0.015340250,2086,127480582,1040.000000,148040.000000
consolidation/distinct_groups,61112,0,32,0.014306084,2237,136695968,19.000000,427816.000000
regions/map,47,0,32,0.000014750,2169492,101966102,6.000000,392.000000
regions/nested_map,47,0,32,0.000014875,2151261,101109244,6.000000,392.000000
regions/indexed,47,0,32,0.000015334,2086866,98082692,6.000000,392.000000
regions/reduce,47,0,32,0.000014292,2239015,105233697,4.000000,248.000000
regions/filtered_sum,47,0,32,0.000005416,5908419,277695716,0.000000,0.000000
regions/object,47,0,32,0.000016125,1984496,93271318,8.000000,576.000000
regions/sort,47,0,32,0.000010292,3109211,146132919,2.000000,192.000000
regions/groups,47,0,32,0.000022625,1414365,66475138,6.000000,203.000000
regions/map,306,0,32,0.000077125,414911,126962723,7.000000,584.000000
regions/nested_map,306,0,32,0.000077542,412680,126279952,7.000000,584.000000
regions/indexed,306,0,32,0.000081000,395062,120888889,7.000000,584.000000
regions/reduce,306,0,32,0.000075666,422911,129410832,4.000000,248.000000
regions/filtered_sum,306,0,32,0.000042459,753668,230622483,0.000000,0.000000
regions/object,306,0,32,0.000093291,343013,104961893,23.000000,2056.000000
regions/sort,306,0,32,0.000110208,290360,88850174,9.000000,968.000000
regions/groups,306,0,32,0.000175292,182553,55861078,38.000000,1936.000000
regions/map,5042,0,32,0.001126500,28407,143225921,11.000000,6344.000000
regions/nested_map,5042,0,32,0.001127958,28370,143040787,11.000000,6344.000000
regions/indexed,5042,0,32,0.001172583,27290,137597083,11.000000,6344.000000
regions/reduce,5042,0,32,0.001122375,28511,143752311,4.000000,248.000000
regions/filtered_sum,5042,0,32,0.000684917,46721,235567229,0.000000,0.000000
regions/object,5042,0,32,0.001316375,24309,122566898,267.000000,29896.000000
regions/sort,5042,0,32,0.001700042,18823,94905891,13.000000,14408.000000
regions/groups,5042,0,32,0.002475709,12926,65170826,540.000000,20256.000000
regions/map,41828,0,32,0.008816709,3629,151813562,14.000000,49352.000000
regions/nested_map,41828,0,32,0.008795000,3638,152188289,14.000000,49352.000000
regions/indexed,41828,0,32,0.009124375,3507,146694541,14.000000,49352.000000
regions/reduce,41828,0,32,0.008869917,3608,150902878,4.000000,248.000000
regions/filtered_sum,41828,0,32,0.005411375,5913,247348594,0.000000,0.000000
regions/object,41828,0,32,0.010381833,3082,128926751,2062.000000,237768.000000
regions/sort,41828,0,32,0.014059334,2276,95203372,16.000000,114760.000000
regions/groups,41828,0,32,0.019121458,1674,69999683,4017.000000,154528.000000
regions/sparse_callback,100,0,32,0.000009708,3296251,329625052,3.000000,184.000000
regions/wide_members,100,0,32,0.000007666,4174276,417427602,2.000000,424.000000
regions/reusable_members,100,0,32,0.000005875,5446809,544680851,2.000000,136.000000
regions/sparse_callback,500,0,32,0.000023042,1388768,694384168,3.000000,184.000000
regions/wide_members,500,0,32,0.000014458,2213308,1106653756,2.000000,424.000000
regions/reusable_members,500,0,32,0.000012750,2509804,1254901961,2.000000,136.000000
regions/sparse_callback,1024,0,32,0.000040125,797508,816647975,3.000000,184.000000
regions/wide_members,1024,0,32,0.000023084,1386242,1419511350,2.000000,424.000000
regions/reusable_members,1024,0,32,0.000021416,1494210,1530070975,2.000000,136.000000
regions/sparse_callback,10240,0,32,0.000337166,94909,971865491,3.000000,184.000000
regions/wide_members,10240,0,32,0.000175000,182857,1872457143,2.000000,424.000000
regions/reusable_members,10240,0,32,0.000172584,185417,1898669633,2.000000,136.000000
regions/sparse_callback,1048576,0,32,0.033916084,944,989336859,3.000000,184.000000
regions/wide_members,1048576,0,32,0.017005334,1882,1973171006,2.000000,424.000000
regions/reusable_members,1048576,0,32,0.017261459,1854,1943893155,2.000000,136.000000
just build
cargo build --workspace --release --locked
   Compiling jx-cli v0.1.0 (/Users/josh/Documents/Workspace/jo-cube/jx/crates/jx-cli)
    Finished `release` profile [optimized] target(s) in 5.88s
