workload,input_bytes,sample,records,seconds,records_per_second,input_bytes_per_second,allocations_per_record,allocated_bytes_per_record
compile,0,0,132224,0.050000167,2644471,0,8.000000,578.000000
compile,0,1,238144,0.050001167,4762769,0,8.000000,578.000000
compile,0,2,256960,0.050002125,5138982,0,8.000000,578.000000
compile,0,3,254880,0.050005417,5097048,0,8.000000,578.000000
compile,0,4,256704,0.050005833,5133481,0,8.000000,578.000000
compile,0,5,251008,0.050000583,5020101,0,8.000000,578.000000
compile,0,6,253248,0.050001458,5064812,0,8.000000,578.000000
ascii/validate,100,0,611904,0.050001667,12237672,1223767200,0.000000,0.000000
ascii/validate,100,1,615872,0.050001500,12317070,1231707049,0.000000,0.000000
ascii/validate,100,2,615200,0.050000833,12303795,1230379502,0.000000,0.000000
ascii/validate,100,3,615456,0.050000125,12309089,1230908923,0.000000,0.000000
ascii/validate,100,4,610880,0.050000042,12217590,1221758974,0.000000,0.000000
ascii/validate,100,5,617184,0.050000459,12343567,1234356669,0.000000,0.000000
ascii/validate,100,6,619840,0.050000709,12396624,1239662422,0.000000,0.000000
ascii/identity,100,0,593696,0.050002000,11873445,1187344506,0.000000,0.000000
ascii/identity,100,1,584544,0.050002625,11690266,1169026626,0.000000,0.000000
ascii/identity,100,2,580576,0.050002667,11610901,1161090067,0.000000,0.000000
ascii/identity,100,3,584896,0.050000250,11697862,1169786151,0.000000,0.000000
ascii/identity,100,4,594944,0.050000375,11898791,1189879076,0.000000,0.000000
ascii/identity,100,5,595680,0.050002417,11913024,1191302412,0.000000,0.000000
ascii/identity,100,6,597792,0.050000500,11955720,1195572044,0.000000,0.000000
ascii/shallow,100,0,506784,0.050000209,10135638,1013563763,0.000000,0.000000
ascii/shallow,100,1,516608,0.050000084,10332143,1033214264,0.000000,0.000000
ascii/shallow,100,2,513984,0.050002958,10279072,1027907189,0.000000,0.000000
ascii/shallow,100,3,505056,0.050001958,10100724,1010072446,0.000000,0.000000
ascii/shallow,100,4,512864,0.050002125,10256844,1025684408,0.000000,0.000000
ascii/shallow,100,5,521664,0.050002584,10432741,1043274084,0.000000,0.000000
ascii/shallow,100,6,524160,0.050000750,10483043,1048304275,0.000000,0.000000
ascii/nested,100,0,501888,0.050002458,10037267,1003726657,0.000000,0.000000
ascii/nested,100,1,498848,0.050002000,9976561,997656094,0.000000,0.000000
ascii/nested,100,2,496000,0.050003000,9919405,991940484,0.000000,0.000000
ascii/nested,100,3,500224,0.050002000,10004080,1000407984,0.000000,0.000000
ascii/nested,100,4,501984,0.050001958,10039287,1003928686,0.000000,0.000000
ascii/nested,100,5,499680,0.050002709,9993059,999305858,0.000000,0.000000
ascii/nested,100,6,500416,0.050000084,10008303,1000830319,0.000000,0.000000
ascii/missing,100,0,526848,0.050002541,10536425,1053642454,0.000000,0.000000
ascii/missing,100,1,537088,0.050000750,10741599,1074159888,0.000000,0.000000
ascii/missing,100,2,542144,0.050000291,10842817,1084281689,0.000000,0.000000
ascii/missing,100,3,542784,0.050002334,10855173,1085517328,0.000000,0.000000
ascii/missing,100,4,541344,0.050001708,10826510,1082651017,0.000000,0.000000
ascii/missing,100,5,542432,0.050000292,10848577,1084857664,0.000000,0.000000
ascii/missing,100,6,541952,0.050002167,10838570,1083857026,0.000000,0.000000
ascii/array_value,100,0,524864,0.050001167,10497035,1049703500,0.000000,0.000000
ascii/array_value,100,1,524576,0.050003083,10490873,1049087313,0.000000,0.000000
ascii/array_value,100,2,520160,0.050000416,10403113,1040311345,0.000000,0.000000
ascii/array_value,100,3,524576,0.050000500,10491415,1049141509,0.000000,0.000000
ascii/array_value,100,4,529472,0.050001000,10589228,1058922822,0.000000,0.000000
ascii/array_value,100,5,509152,0.050001500,10182735,1018273452,0.000000,0.000000
ascii/array_value,100,6,517696,0.050000417,10353834,1035383365,0.000000,0.000000
ascii/identity_write,100,0,313472,0.050001083,6269304,626930421,0.000000,0.000000
ascii/identity_write,100,1,314976,0.050003833,6299037,629903712,0.000000,0.000000
ascii/identity_write,100,2,315680,0.050002834,6313242,631324217,0.000000,0.000000
ascii/identity_write,100,3,316128,0.050001166,6322413,632241256,0.000000,0.000000
ascii/identity_write,100,4,315968,0.050002250,6319076,631907564,0.000000,0.000000
ascii/identity_write,100,5,315264,0.050000750,6305185,630518542,0.000000,0.000000
ascii/identity_write,100,6,315680,0.050002417,6313295,631329482,0.000000,0.000000
ascii/validate,500,0,168800,0.050002000,3375865,1687932483,0.000000,0.000000
ascii/validate,500,1,168096,0.050005125,3361575,1680787719,0.000000,0.000000
ascii/validate,500,2,168160,0.050008042,3362659,1681329575,0.000000,0.000000
ascii/validate,500,3,168256,0.050004000,3364851,1682425406,0.000000,0.000000
ascii/validate,500,4,168736,0.050000500,3374686,1687343127,0.000000,0.000000
ascii/validate,500,5,168480,0.050001459,3369502,1684750839,0.000000,0.000000
ascii/validate,500,6,168672,0.050001167,3373361,1686680633,0.000000,0.000000
ascii/identity,500,0,166912,0.050006416,3337812,1668905846,0.000000,0.000000
ascii/identity,500,1,167232,0.050007334,3344149,1672074740,0.000000,0.000000
ascii/identity,500,2,166080,0.050001458,3321503,1660751572,0.000000,0.000000
ascii/identity,500,3,166496,0.050002791,3329734,1664867067,0.000000,0.000000
ascii/identity,500,4,166624,0.050004750,3332163,1666081722,0.000000,0.000000
ascii/identity,500,5,166912,0.050004792,3337920,1668960047,0.000000,0.000000
ascii/identity,500,6,165920,0.050000709,3318353,1659176473,0.000000,0.000000
ascii/shallow,500,0,159648,0.050009541,3192351,1596175418,0.000000,0.000000
ascii/shallow,500,1,159360,0.050000375,3187176,1593588048,0.000000,0.000000
ascii/shallow,500,2,160096,0.050000042,3201917,1600958655,0.000000,0.000000
ascii/shallow,500,3,160288,0.050003834,3205514,1602757101,0.000000,0.000000
ascii/shallow,500,4,160512,0.050000959,3210178,1605089214,0.000000,0.000000
ascii/shallow,500,5,160192,0.050003833,3203594,1601797206,0.000000,0.000000
ascii/shallow,500,6,160416,0.050005625,3207959,1603979552,0.000000,0.000000
ascii/nested,500,0,157152,0.050001291,3142959,1571479424,0.000000,0.000000
ascii/nested,500,1,156960,0.050009459,3138606,1569303119,0.000000,0.000000
ascii/nested,500,2,157696,0.050008875,3153360,1576680139,0.000000,0.000000
ascii/nested,500,3,158336,0.050008792,3166163,1583081631,0.000000,0.000000
ascii/nested,500,4,159008,0.050003667,3179927,1589963392,0.000000,0.000000
ascii/nested,500,5,158880,0.050006417,3177192,1588596120,0.000000,0.000000
ascii/nested,500,6,157056,0.050008750,3140570,1570285200,0.000000,0.000000
ascii/missing,500,0,161536,0.050005416,3230370,1615185043,0.000000,0.000000
ascii/missing,500,1,161856,0.050002959,3236928,1618464219,0.000000,0.000000
ascii/missing,500,2,161696,0.050003708,3233680,1616840095,0.000000,0.000000
ascii/missing,500,3,161920,0.050002209,3238257,1619128467,0.000000,0.000000
ascii/missing,500,4,162080,0.050006208,3241198,1620598786,0.000000,0.000000
ascii/missing,500,5,161920,0.050005958,3238014,1619007079,0.000000,0.000000
ascii/missing,500,6,162080,0.050009875,3240960,1620479955,0.000000,0.000000
ascii/array_value,500,0,158880,0.050003125,3177401,1588700706,0.000000,0.000000
ascii/array_value,500,1,160576,0.050007583,3211033,1605516507,0.000000,0.000000
ascii/array_value,500,2,160352,0.050004958,3206722,1603361011,0.000000,0.000000
ascii/array_value,500,3,161280,0.050004250,3225326,1612662924,0.000000,0.000000
ascii/array_value,500,4,160928,0.050001708,3218450,1609225029,0.000000,0.000000
ascii/array_value,500,5,161280,0.050008000,3225084,1612541993,0.000000,0.000000
ascii/array_value,500,6,160896,0.050005042,3217596,1608797769,0.000000,0.000000
ascii/identity_write,500,0,75200,0.050005833,1503825,751912282,0.000000,0.000000
ascii/identity_write,500,1,75072,0.050009666,1501150,750574899,0.000000,0.000000
ascii/identity_write,500,2,75392,0.050021083,1507204,753602236,0.000000,0.000000
ascii/identity_write,500,3,74880,0.050013958,1497182,748591023,0.000000,0.000000
ascii/identity_write,500,4,75296,0.050016417,1505426,752712854,0.000000,0.000000
ascii/identity_write,500,5,75232,0.050005625,1504471,752235374,0.000000,0.000000
ascii/identity_write,500,6,75360,0.050005625,1507030,753515230,0.000000,0.000000
ascii/validate,1024,0,88416,0.050015916,1767757,1810183462,0.000000,0.000000
ascii/validate,1024,1,88416,0.050002792,1768221,1810658573,0.000000,0.000000
ascii/validate,1024,2,88448,0.050017375,1768345,1810785792,0.000000,0.000000
ascii/validate,1024,3,87936,0.050017334,1758110,1800305150,0.000000,0.000000
ascii/validate,1024,4,88160,0.050003709,1763069,1805382877,0.000000,0.000000
ascii/validate,1024,5,88288,0.050003167,1765648,1808023720,0.000000,0.000000
ascii/validate,1024,6,88352,0.050002042,1766968,1809375065,0.000000,0.000000
ascii/identity,1024,0,88064,0.050007750,1761007,1803271213,0.000000,0.000000
ascii/identity,1024,1,88096,0.050010958,1761534,1803810757,0.000000,0.000000
ascii/identity,1024,2,88192,0.050010417,1763473,1805795940,0.000000,0.000000
ascii/identity,1024,3,88160,0.050017875,1762570,1804871558,0.000000,0.000000
ascii/identity,1024,4,87744,0.050000666,1754857,1796973184,0.000000,0.000000
ascii/identity,1024,5,87872,0.050004666,1757276,1799450635,0.000000,0.000000
ascii/identity,1024,6,87904,0.050014583,1757567,1799749005,0.000000,0.000000
ascii/shallow,1024,0,85888,0.050004750,1717597,1758819152,0.000000,0.000000
ascii/shallow,1024,1,86240,0.050009292,1724480,1765867031,0.000000,0.000000
ascii/shallow,1024,2,86176,0.050004959,1723349,1764709456,0.000000,0.000000
ascii/shallow,1024,3,86176,0.050016333,1722957,1764308151,0.000000,0.000000
ascii/shallow,1024,4,85632,0.050012500,1712212,1753305034,0.000000,0.000000
ascii/shallow,1024,5,85888,0.050007334,1717508,1758728270,0.000000,0.000000
ascii/shallow,1024,6,85760,0.050015459,1714670,1755821935,0.000000,0.000000
ascii/nested,1024,0,85120,0.050010125,1702055,1742904662,0.000000,0.000000
ascii/nested,1024,1,85248,0.050010667,1704596,1745506654,0.000000,0.000000
ascii/nested,1024,2,85344,0.050006542,1706657,1747616462,0.000000,0.000000
ascii/nested,1024,3,85440,0.050007709,1708537,1749541456,0.000000,0.000000
ascii/nested,1024,4,84992,0.050001791,1699779,1740573813,0.000000,0.000000
ascii/nested,1024,5,84832,0.050010292,1696291,1737001816,0.000000,0.000000
ascii/nested,1024,6,85216,0.050016167,1703769,1744659562,0.000000,0.000000
ascii/missing,1024,0,86048,0.050007542,1720700,1761997260,0.000000,0.000000
ascii/missing,1024,1,86368,0.050007458,1727102,1768552843,0.000000,0.000000
ascii/missing,1024,2,86208,0.050007792,1723891,1765264741,0.000000,0.000000
ascii/missing,1024,3,86432,0.050002750,1728545,1770030008,0.000000,0.000000
ascii/missing,1024,4,86432,0.050010042,1728293,1769771919,0.000000,0.000000
ascii/missing,1024,5,86368,0.050005666,1727164,1768616220,0.000000,0.000000
ascii/missing,1024,6,86208,0.050011125,1723776,1765147095,0.000000,0.000000
ascii/array_value,1024,0,85664,0.050003833,1713149,1754264238,0.000000,0.000000
ascii/array_value,1024,1,85760,0.050010333,1714846,1756001905,0.000000,0.000000
ascii/array_value,1024,2,86048,0.050012667,1720524,1761816701,0.000000,0.000000
ascii/array_value,1024,3,85888,0.050009291,1717441,1758659446,0.000000,0.000000
ascii/array_value,1024,4,86176,0.050015833,1722974,1764325789,0.000000,0.000000
ascii/array_value,1024,5,85696,0.050003042,1713816,1754947309,0.000000,0.000000
ascii/array_value,1024,6,86240,0.050012500,1724369,1765753762,0.000000,0.000000
ascii/identity_write,1024,0,38432,0.050030875,768166,786601633,0.000000,0.000000
ascii/identity_write,1024,1,38528,0.050020625,770242,788728090,0.000000,0.000000
ascii/identity_write,1024,2,38528,0.050019458,770260,788746491,0.000000,0.000000
ascii/identity_write,1024,3,38496,0.050015084,769688,788160308,0.000000,0.000000
ascii/identity_write,1024,4,38496,0.050024417,769544,788013262,0.000000,0.000000
ascii/identity_write,1024,5,38560,0.050039916,770585,789078863,0.000000,0.000000
ascii/identity_write,1024,6,38464,0.050014959,769050,787507114,0.000000,0.000000
ascii/validate,10240,0,9440,0.050156542,188211,1927278001,0.000000,0.000000
ascii/validate,10240,1,9408,0.050062792,187924,1924341735,0.000000,0.000000
ascii/validate,10240,2,9408,0.050004250,188144,1926594639,0.000000,0.000000
ascii/validate,10240,3,9408,0.050053958,187957,1924681361,0.000000,0.000000
ascii/validate,10240,4,9408,0.050015667,188101,1926154859,0.000000,0.000000
ascii/validate,10240,5,9408,0.050066583,187910,1924196025,0.000000,0.000000
ascii/validate,10240,6,9408,0.050027583,188056,1925696071,0.000000,0.000000
ascii/identity,10240,0,9408,0.050066250,187911,1924208823,0.000000,0.000000
ascii/identity,10240,1,9408,0.050066208,187911,1924210438,0.000000,0.000000
ascii/identity,10240,2,9376,0.050031958,187400,1918978266,0.000000,0.000000
ascii/identity,10240,3,9408,0.050105833,187763,1922688722,0.000000,0.000000
ascii/identity,10240,4,9408,0.050115209,187727,1922329008,0.000000,0.000000
ascii/identity,10240,5,9408,0.050059583,187936,1924465092,0.000000,0.000000
ascii/identity,10240,6,9376,0.050088750,187188,1916802476,0.000000,0.000000
ascii/shallow,10240,0,9408,0.050122667,187700,1922042975,0.000000,0.000000
ascii/shallow,10240,1,9376,0.050142667,186986,1914741392,0.000000,0.000000
ascii/shallow,10240,2,9408,0.050072500,187888,1923968645,0.000000,0.000000
ascii/shallow,10240,3,9376,0.050119542,187073,1915624847,0.000000,0.000000
ascii/shallow,10240,4,9376,0.050046125,187347,1918435044,0.000000,0.000000
ascii/shallow,10240,5,9376,0.050136167,187011,1914989632,0.000000,0.000000
ascii/shallow,10240,6,9408,0.050153750,187583,1920851781,0.000000,0.000000
ascii/nested,10240,0,9376,0.050101916,187139,1916298770,0.000000,0.000000
ascii/nested,10240,1,9376,0.050121959,187064,1915532472,0.000000,0.000000
ascii/nested,10240,2,9376,0.050139792,186997,1914851182,0.000000,0.000000
ascii/nested,10240,3,9344,0.050005875,186858,1913426372,0.000000,0.000000
ascii/nested,10240,4,9376,0.050115750,187087,1915769793,0.000000,0.000000
ascii/nested,10240,5,9344,0.050099083,186510,1909866494,0.000000,0.000000
ascii/nested,10240,6,9376,0.050086583,187196,1916885406,0.000000,0.000000
ascii/missing,10240,0,9376,0.050002833,187509,1920096007,0.000000,0.000000
ascii/missing,10240,1,9408,0.050169208,187525,1920259933,0.000000,0.000000
ascii/missing,10240,2,9408,0.050150833,187594,1920963506,0.000000,0.000000
ascii/missing,10240,3,9376,0.050106459,187122,1916125025,0.000000,0.000000
ascii/missing,10240,4,9376,0.050023083,187433,1919318727,0.000000,0.000000
ascii/missing,10240,5,9376,0.050083125,187209,1917017758,0.000000,0.000000
ascii/missing,10240,6,9408,0.050138875,187639,1921421651,0.000000,0.000000
ascii/array_value,10240,0,9376,0.050085208,187201,1916938031,0.000000,0.000000
ascii/array_value,10240,1,9408,0.050121000,187706,1922106901,0.000000,0.000000
ascii/array_value,10240,2,9344,0.050008750,186847,1913316370,0.000000,0.000000
ascii/array_value,10240,3,9376,0.050107500,187118,1916085217,0.000000,0.000000
ascii/array_value,10240,4,9344,0.050022584,186796,1912787232,0.000000,0.000000
ascii/array_value,10240,5,9376,0.050014084,187467,1919664069,0.000000,0.000000
ascii/array_value,10240,6,9376,0.050098166,187153,1916442211,0.000000,0.000000
ascii/identity_write,10240,0,4032,0.050231875,80268,821941845,0.000000,0.000000
ascii/identity_write,10240,1,4032,0.050227625,80275,822011393,0.000000,0.000000
ascii/identity_write,10240,2,4032,0.050215250,80294,822213969,0.000000,0.000000
ascii/identity_write,10240,3,4032,0.050292500,80171,820951036,0.000000,0.000000
ascii/identity_write,10240,4,4032,0.050198042,80322,822495826,0.000000,0.000000
ascii/identity_write,10240,5,4032,0.050162667,80379,823075854,0.000000,0.000000
ascii/identity_write,10240,6,4032,0.050249417,80240,821654906,0.000000,0.000000
ascii/validate,65536,0,1504,0.050948666,29520,1934616777,0.000000,0.000000
ascii/validate,65536,1,1504,0.050812916,29599,1939785231,0.000000,0.000000
ascii/validate,65536,2,1504,0.050805459,29603,1940069944,0.000000,0.000000
ascii/validate,65536,3,1504,0.050811125,29600,1939853605,0.000000,0.000000
ascii/validate,65536,4,1504,0.050819458,29595,1939535522,0.000000,0.000000
ascii/validate,65536,5,1504,0.050788416,29613,1940720971,0.000000,0.000000
ascii/validate,65536,6,1504,0.050793583,29610,1940523550,0.000000,0.000000
ascii/identity,65536,0,1504,0.050764250,29627,1941644839,0.000000,0.000000
ascii/identity,65536,1,1504,0.050842792,29581,1938645384,0.000000,0.000000
ascii/identity,65536,2,1504,0.050790041,29612,1940658878,0.000000,0.000000
ascii/identity,65536,3,1504,0.050815500,29597,1939686592,0.000000,0.000000
ascii/identity,65536,4,1504,0.050894708,29551,1936667836,0.000000,0.000000
ascii/identity,65536,5,1504,0.050793875,29610,1940512394,0.000000,0.000000
ascii/identity,65536,6,1504,0.050812333,29599,1939807487,0.000000,0.000000
ascii/shallow,65536,0,1504,0.050839500,29583,1938770916,0.000000,0.000000
ascii/shallow,65536,1,1504,0.050827500,29590,1939228646,0.000000,0.000000
ascii/shallow,65536,2,1504,0.050812500,29599,1939801112,0.000000,0.000000
ascii/shallow,65536,3,1504,0.050859416,29572,1938011714,0.000000,0.000000
ascii/shallow,65536,4,1504,0.050781542,29617,1940983675,0.000000,0.000000
ascii/shallow,65536,5,1504,0.050846709,29579,1938496039,0.000000,0.000000
ascii/shallow,65536,6,1504,0.050804917,29603,1940090641,0.000000,0.000000
ascii/nested,65536,0,1504,0.050915834,29539,1935864274,0.000000,0.000000
ascii/nested,65536,1,1504,0.050813584,29598,1939759730,0.000000,0.000000
ascii/nested,65536,2,1504,0.050949500,29519,1934585109,0.000000,0.000000
ascii/nested,65536,3,1504,0.050769250,29624,1941453616,0.000000,0.000000
ascii/nested,65536,4,1504,0.050950750,29519,1934537647,0.000000,0.000000
ascii/nested,65536,5,1504,0.050722375,29652,1943247807,0.000000,0.000000
ascii/nested,65536,6,1504,0.050865583,29568,1937776748,0.000000,0.000000
ascii/missing,65536,0,1504,0.050749459,29636,1942210734,0.000000,0.000000
ascii/missing,65536,1,1504,0.050825250,29592,1939314494,0.000000,0.000000
ascii/missing,65536,2,1504,0.050740250,29641,1942563231,0.000000,0.000000
ascii/missing,65536,3,1504,0.050888792,29555,1936892980,0.000000,0.000000
ascii/missing,65536,4,1504,0.050921667,29536,1935642523,0.000000,0.000000
ascii/missing,65536,5,1504,0.050774625,29621,1941248094,0.000000,0.000000
ascii/missing,65536,6,1504,0.050779708,29618,1941053777,0.000000,0.000000
ascii/array_value,65536,0,1504,0.050852084,29576,1938291143,0.000000,0.000000
ascii/array_value,65536,1,1504,0.050773375,29622,1941295886,0.000000,0.000000
ascii/array_value,65536,2,1504,0.050848625,29578,1938422996,0.000000,0.000000
ascii/array_value,65536,3,1504,0.050754292,29633,1942025790,0.000000,0.000000
ascii/array_value,65536,4,1504,0.050895709,29551,1936629746,0.000000,0.000000
ascii/array_value,65536,5,1504,0.050796709,29608,1940404131,0.000000,0.000000
ascii/array_value,65536,6,1504,0.050793291,29610,1940534706,0.000000,0.000000
ascii/identity_write,65536,0,640,0.050899208,12574,824041113,0.000000,0.000000
ascii/identity_write,65536,1,640,0.050809375,12596,825498050,0.000000,0.000000
ascii/identity_write,65536,2,640,0.050770625,12606,826128101,0.000000,0.000000
ascii/identity_write,65536,3,640,0.050856541,12584,824732457,0.000000,0.000000
ascii/identity_write,65536,4,640,0.050757417,12609,826343074,0.000000,0.000000
ascii/identity_write,65536,5,640,0.051122834,12519,820436520,0.000000,0.000000
ascii/identity_write,65536,6,640,0.050758208,12609,826330197,0.000000,0.000000
ascii/validate,1048576,0,96,0.051770667,1854,1944407941,0.000000,0.000000
ascii/validate,1048576,1,96,0.051802833,1853,1943200597,0.000000,0.000000
ascii/validate,1048576,2,96,0.051751750,1855,1945118687,0.000000,0.000000
ascii/validate,1048576,3,96,0.052132292,1841,1930920206,0.000000,0.000000
ascii/validate,1048576,4,96,0.051948958,1848,1937734651,0.000000,0.000000
ascii/validate,1048576,5,96,0.051800875,1853,1943274047,0.000000,0.000000
ascii/validate,1048576,6,96,0.051682834,1857,1947712387,0.000000,0.000000
ascii/identity,1048576,0,96,0.051734542,1856,1945765674,0.000000,0.000000
ascii/identity,1048576,1,96,0.051862792,1851,1940954047,0.000000,0.000000
ascii/identity,1048576,2,96,0.051746000,1855,1945334828,0.000000,0.000000
ascii/identity,1048576,3,96,0.051810292,1853,1942920839,0.000000,0.000000
ascii/identity,1048576,4,96,0.051778541,1854,1944112253,0.000000,0.000000
ascii/identity,1048576,5,96,0.051845667,1852,1941595158,0.000000,0.000000
ascii/identity,1048576,6,96,0.051886000,1850,1940085881,0.000000,0.000000
ascii/shallow,1048576,0,96,0.051753875,1855,1945038821,0.000000,0.000000
ascii/shallow,1048576,1,96,0.052012084,1846,1935382862,0.000000,0.000000
ascii/shallow,1048576,2,96,0.051836458,1852,1941940092,0.000000,0.000000
ascii/shallow,1048576,3,96,0.051728875,1856,1945978837,0.000000,0.000000
ascii/shallow,1048576,4,96,0.051844250,1852,1941648225,0.000000,0.000000
ascii/shallow,1048576,5,96,0.051760125,1855,1944803959,0.000000,0.000000
ascii/shallow,1048576,6,96,0.051814167,1853,1942775535,0.000000,0.000000
ascii/nested,1048576,0,96,0.051941125,1848,1938026872,0.000000,0.000000
ascii/nested,1048576,1,96,0.051931208,1849,1938396965,0.000000,0.000000
ascii/nested,1048576,2,96,0.051716833,1856,1946431948,0.000000,0.000000
ascii/nested,1048576,3,96,0.051706750,1857,1946811509,0.000000,0.000000
ascii/nested,1048576,4,96,0.052097666,1843,1932203566,0.000000,0.000000
ascii/nested,1048576,5,96,0.051865625,1851,1940848028,0.000000,0.000000
ascii/nested,1048576,6,96,0.051728250,1856,1946002349,0.000000,0.000000
ascii/missing,1048576,0,96,0.051799167,1853,1943338124,0.000000,0.000000
ascii/missing,1048576,1,96,0.051805125,1853,1943114624,0.000000,0.000000
ascii/missing,1048576,2,96,0.051700083,1857,1947062561,0.000000,0.000000
ascii/missing,1048576,3,96,0.051876875,1851,1940427136,0.000000,0.000000
ascii/missing,1048576,4,96,0.051735666,1856,1945723401,0.000000,0.000000
ascii/missing,1048576,5,96,0.051893083,1850,1939821074,0.000000,0.000000
ascii/missing,1048576,6,96,0.051779917,1854,1944060590,0.000000,0.000000
ascii/array_value,1048576,0,96,0.051736500,1856,1945692036,0.000000,0.000000
ascii/array_value,1048576,1,96,0.051792917,1854,1943572632,0.000000,0.000000
ascii/array_value,1048576,2,96,0.051808875,1853,1942973979,0.000000,0.000000
ascii/array_value,1048576,3,96,0.051718667,1856,1946362925,0.000000,0.000000
ascii/array_value,1048576,4,96,0.051834667,1852,1942007190,0.000000,0.000000
ascii/array_value,1048576,5,96,0.051770250,1854,1944423602,0.000000,0.000000
ascii/array_value,1048576,6,96,0.051811167,1853,1942888026,0.000000,0.000000
ascii/identity_write,1048576,0,64,0.081903000,781,819370035,0.000000,0.000000
ascii/identity_write,1048576,1,64,0.082085334,780,817549990,0.000000,0.000000
ascii/identity_write,1048576,2,64,0.082044375,780,817958135,0.000000,0.000000
ascii/identity_write,1048576,3,64,0.082063583,780,817766682,0.000000,0.000000
ascii/identity_write,1048576,4,64,0.082035000,780,818051612,0.000000,0.000000
ascii/identity_write,1048576,5,64,0.081858875,782,819811706,0.000000,0.000000
ascii/identity_write,1048576,6,64,0.081440750,786,824020702,0.000000,0.000000
structured/validate,485,0,99584,0.050007208,1991393,965825567,0.000000,0.000000
structured/validate,485,1,99968,0.050016250,1998710,969374553,0.000000,0.000000
structured/validate,485,2,100096,0.050001458,2001862,970902888,0.000000,0.000000
structured/validate,485,3,100416,0.050006125,2008074,973915895,0.000000,0.000000
structured/validate,485,4,100032,0.050011708,2000172,970083245,0.000000,0.000000
structured/validate,485,5,98880,0.050008792,1977252,958967375,0.000000,0.000000
structured/validate,485,6,99328,0.050013375,1986029,963223938,0.000000,0.000000
structured/identity,485,0,99520,0.050006250,1990151,965223347,0.000000,0.000000
structured/identity,485,1,99584,0.050006417,1991424,965840844,0.000000,0.000000
structured/identity,485,2,99616,0.050002000,1992240,966236551,0.000000,0.000000
structured/identity,485,3,99648,0.050003416,1992824,966519567,0.000000,0.000000
structured/identity,485,4,99648,0.050003917,1992804,966509884,0.000000,0.000000
structured/identity,485,5,99840,0.050015333,1996188,968151107,0.000000,0.000000
structured/identity,485,6,99904,0.050009125,1997715,968891977,0.000000,0.000000
structured/shallow,485,0,97952,0.050005041,1958843,950038617,0.000000,0.000000
structured/shallow,485,1,97952,0.050006042,1958803,950019600,0.000000,0.000000
structured/shallow,485,2,98368,0.050016250,1966721,953859596,0.000000,0.000000
structured/shallow,485,3,98304,0.050005792,1965852,953438354,0.000000,0.000000
structured/shallow,485,4,97920,0.050005875,1958170,949712409,0.000000,0.000000
structured/shallow,485,5,97440,0.050001917,1948725,945131764,0.000000,0.000000
structured/shallow,485,6,97728,0.050005666,1954339,947854189,0.000000,0.000000
structured/nested,485,0,97152,0.050012458,1942556,942139656,0.000000,0.000000
structured/nested,485,1,97728,0.050013542,1954031,947704924,0.000000,0.000000
structured/nested,485,2,97760,0.050005959,1954967,948158998,0.000000,0.000000
structured/nested,485,3,97760,0.050005000,1955004,948177182,0.000000,0.000000
structured/nested,485,4,96288,0.050002125,1925678,933953907,0.000000,0.000000
structured/nested,485,5,95488,0.050009667,1909391,926054557,0.000000,0.000000
structured/nested,485,6,96160,0.050003625,1923061,932684380,0.000000,0.000000
structured/missing,485,0,97696,0.050002375,1953827,947606189,0.000000,0.000000
structured/missing,485,1,98080,0.050002125,1961517,951335568,0.000000,0.000000
structured/missing,485,2,99008,0.050005416,1979946,960273583,0.000000,0.000000
structured/missing,485,3,97952,0.050013541,1958510,949877154,0.000000,0.000000
structured/missing,485,4,97856,0.050011542,1956668,948984137,0.000000,0.000000
structured/missing,485,5,98880,0.050003334,1977468,959072049,0.000000,0.000000
structured/missing,485,6,97792,0.050004209,1955675,948502555,0.000000,0.000000
structured/array_value,485,0,97952,0.050000750,1959011,950120148,0.000000,0.000000
structured/array_value,485,1,98080,0.050014125,1961046,951107312,0.000000,0.000000
structured/array_value,485,2,98368,0.050008125,1967040,954014573,0.000000,0.000000
structured/array_value,485,3,98592,0.050006083,1971600,956226066,0.000000,0.000000
structured/array_value,485,4,98624,0.050003292,1972350,956589818,0.000000,0.000000
structured/array_value,485,5,99072,0.050008167,1981116,960841456,0.000000,0.000000
structured/array_value,485,6,97824,0.050015750,1955864,948593993,0.000000,0.000000
structured/identity_write,485,0,62784,0.050001458,1255643,608987042,0.000000,0.000000
structured/identity_write,485,1,63296,0.050018125,1265461,613748716,0.000000,0.000000
structured/identity_write,485,2,63328,0.050022959,1265979,613999664,0.000000,0.000000
structured/identity_write,485,3,63072,0.050006167,1261284,611722950,0.000000,0.000000
structured/identity_write,485,4,63392,0.050017750,1267390,614684187,0.000000,0.000000
structured/identity_write,485,5,63168,0.050023709,1262761,612439194,0.000000,0.000000
structured/identity_write,485,6,61920,0.050025584,1237767,600316830,0.000000,0.000000
unicode_escaped_keys/validate,960,0,57664,0.050007833,1153099,1106975381,0.000000,0.000000
unicode_escaped_keys/validate,960,1,57888,0.050020625,1157283,1110991316,0.000000,0.000000
unicode_escaped_keys/validate,960,2,57824,0.050026416,1155869,1109634558,0.000000,0.000000
unicode_escaped_keys/validate,960,3,57696,0.050001333,1153889,1107733668,0.000000,0.000000
unicode_escaped_keys/validate,960,4,57728,0.050026209,1153955,1107796915,0.000000,0.000000
unicode_escaped_keys/validate,960,5,58016,0.050029042,1159646,1113260574,0.000000,0.000000
unicode_escaped_keys/validate,960,6,57920,0.050006792,1158243,1111912958,0.000000,0.000000
unicode_escaped_keys/identity,960,0,57696,0.050003542,1153838,1107684732,0.000000,0.000000
unicode_escaped_keys/identity,960,1,57664,0.050002417,1153224,1107095283,0.000000,0.000000
unicode_escaped_keys/identity,960,2,57504,0.050025000,1149505,1103525037,0.000000,0.000000
unicode_escaped_keys/identity,960,3,57632,0.050016666,1152256,1106165693,0.000000,0.000000
unicode_escaped_keys/identity,960,4,57600,0.050015750,1151637,1105571745,0.000000,0.000000
unicode_escaped_keys/identity,960,5,57728,0.050022083,1154050,1107888290,0.000000,0.000000
unicode_escaped_keys/identity,960,6,57088,0.050013209,1141458,1095800112,0.000000,0.000000
unicode_escaped_keys/shallow,960,0,56512,0.050017917,1129835,1084641729,0.000000,0.000000
unicode_escaped_keys/shallow,960,1,56480,0.050020292,1129142,1083976079,0.000000,0.000000
unicode_escaped_keys/shallow,960,2,56544,0.050003833,1130793,1085561581,0.000000,0.000000
unicode_escaped_keys/shallow,960,3,56544,0.050011417,1130622,1085396960,0.000000,0.000000
unicode_escaped_keys/shallow,960,4,56480,0.050003959,1129511,1084330143,0.000000,0.000000
unicode_escaped_keys/shallow,960,5,55872,0.050026875,1116840,1072166111,0.000000,0.000000
unicode_escaped_keys/shallow,960,6,56352,0.050002875,1126975,1081896191,0.000000,0.000000
unicode_escaped_keys/nested,960,0,56352,0.050021792,1126549,1081487045,0.000000,0.000000
unicode_escaped_keys/nested,960,1,54720,0.050022167,1093915,1050158423,0.000000,0.000000
unicode_escaped_keys/nested,960,2,54816,0.050025042,1095771,1051940346,0.000000,0.000000
unicode_escaped_keys/nested,960,3,55008,0.050005583,1100037,1056035683,0.000000,0.000000
unicode_escaped_keys/nested,960,4,54688,0.050002625,1093703,1049954477,0.000000,0.000000
unicode_escaped_keys/nested,960,5,55680,0.050027209,1112994,1068474558,0.000000,0.000000
unicode_escaped_keys/nested,960,6,55520,0.050016917,1110024,1065623457,0.000000,0.000000
unicode_escaped_keys/missing,960,0,55520,0.050022417,1109902,1065506291,0.000000,0.000000
unicode_escaped_keys/missing,960,1,56704,0.050010417,1133844,1088490024,0.000000,0.000000
unicode_escaped_keys/missing,960,2,56896,0.050015166,1137575,1092071953,0.000000,0.000000
unicode_escaped_keys/missing,960,3,57088,0.050017500,1141361,1095706103,0.000000,0.000000
unicode_escaped_keys/missing,960,4,56128,0.050018625,1122142,1077256322,0.000000,0.000000
unicode_escaped_keys/missing,960,5,55424,0.050005666,1108354,1064020225,0.000000,0.000000
unicode_escaped_keys/missing,960,6,55584,0.050008125,1111499,1067039406,0.000000,0.000000
unicode_escaped_keys/array_value,960,0,56352,0.050013917,1126726,1081657331,0.000000,0.000000
unicode_escaped_keys/array_value,960,1,55296,0.050003750,1105837,1061603580,0.000000,0.000000
unicode_escaped_keys/array_value,960,2,56320,0.050003541,1126320,1081267425,0.000000,0.000000
unicode_escaped_keys/array_value,960,3,55584,0.050007166,1111521,1067059869,0.000000,0.000000
unicode_escaped_keys/array_value,960,4,54848,0.050020708,1096506,1052645636,0.000000,0.000000
unicode_escaped_keys/array_value,960,5,54976,0.050001333,1099491,1055511060,0.000000,0.000000
unicode_escaped_keys/array_value,960,6,55104,0.050025959,1101508,1057447794,0.000000,0.000000
unicode_escaped_keys/identity_write,960,0,31808,0.050022084,635879,610443979,0.000000,0.000000
unicode_escaped_keys/identity_write,960,1,31808,0.050003583,636114,610669839,0.000000,0.000000
unicode_escaped_keys/identity_write,960,2,31808,0.050028500,635798,610365692,0.000000,0.000000
unicode_escaped_keys/identity_write,960,3,31872,0.050000292,637436,611938826,0.000000,0.000000
unicode_escaped_keys/identity_write,960,4,31808,0.050022083,635879,610443991,0.000000,0.000000
unicode_escaped_keys/identity_write,960,5,32224,0.050007667,644381,618605943,0.000000,0.000000
unicode_escaped_keys/identity_write,960,6,32128,0.050026916,642214,616525712,0.000000,0.000000
array/shallow,78,0,220384,0.050000750,4407614,343793883,0.000000,0.000000
array/shallow,78,1,220576,0.050002542,4411296,344081067,0.000000,0.000000
array/shallow,78,2,221920,0.050006541,4437819,346149917,0.000000,0.000000
array/shallow,78,3,220992,0.050000125,4419829,344746658,0.000000,0.000000
array/shallow,78,4,218752,0.050004541,4374643,341222130,0.000000,0.000000
array/shallow,78,5,219136,0.050005917,4382201,341811710,0.000000,0.000000
array/shallow,78,6,216352,0.050002875,4326791,337489714,0.000000,0.000000
array/nested,78,0,194592,0.050000334,3891814,303561492,0.000000,0.000000
array/nested,78,1,197088,0.050007833,3941143,307409121,0.000000,0.000000
array/nested,78,2,194720,0.050002208,3894228,303749786,0.000000,0.000000
array/nested,78,3,197568,0.050004208,3951027,308180144,0.000000,0.000000
array/nested,78,4,195168,0.050001042,3903279,304455735,0.000000,0.000000
array/nested,78,5,196128,0.050004334,3922220,305933162,0.000000,0.000000
array/nested,78,6,201248,0.050004084,4024631,313921239,0.000000,0.000000
array/flatten,78,0,219808,0.050003416,4395860,342877055,0.000000,0.000000
array/flatten,78,1,218784,0.050000291,4375655,341301054,0.000000,0.000000
array/flatten,78,2,219584,0.050000208,4391662,342549615,0.000000,0.000000
array/flatten,78,3,222016,0.050002416,4440105,346328225,0.000000,0.000000
array/flatten,78,4,223936,0.050000958,4478634,349333467,0.000000,0.000000
array/flatten,78,5,221824,0.050004084,4436118,346017177,0.000000,0.000000
array/flatten,78,6,221504,0.050000833,4430006,345540483,0.000000,0.000000
array/missing,78,0,225952,0.050004916,4518596,352450467,0.000000,0.000000
array/missing,78,1,226304,0.050004209,4525699,353004524,0.000000,0.000000
array/missing,78,2,225792,0.050006166,4515283,352192088,0.000000,0.000000
array/missing,78,3,226592,0.050006208,4531277,353439637,0.000000,0.000000
array/missing,78,4,225184,0.050006375,4503106,351242257,0.000000,0.000000
array/missing,78,5,224800,0.050001916,4495828,350674562,0.000000,0.000000
array/missing,78,6,220192,0.050006292,4403286,343456299,0.000000,0.000000
array/root,67,0,221952,0.050005625,4438541,297382224,0.000000,0.000000
array/root,67,1,227040,0.050005667,4540285,304199122,0.000000,0.000000
array/root,67,2,225728,0.050006375,4513984,302436959,0.000000,0.000000
array/root,67,3,222912,0.050006541,4457657,298663009,0.000000,0.000000
array/root,67,4,219808,0.050000833,4396087,294537813,0.000000,0.000000
array/root,67,5,222688,0.050003125,4453482,298383271,0.000000,0.000000
array/root,67,6,221504,0.050002833,4429829,296798543,0.000000,0.000000
array/cancel_first,78,0,216544,0.050003542,4330573,337784711,0.000000,0.000000
array/cancel_first,78,1,213216,0.050006167,4263794,332575940,0.000000,0.000000
array/cancel_first,78,2,217696,0.050006666,4353340,339560490,0.000000,0.000000
array/cancel_first,78,3,218208,0.050003500,4363855,340380653,0.000000,0.000000
array/cancel_first,78,4,219776,0.050000250,4395498,342848846,0.000000,0.000000
array/cancel_first,78,5,212096,0.050007250,4241305,330821791,0.000000,0.000000
array/cancel_first,78,6,219328,0.050006583,4385983,342106638,0.000000,0.000000
array/shallow,540,0,30976,0.050014208,619344,334445764,0.000000,0.000000
array/shallow,540,1,31712,0.050037167,633769,342235203,0.000000,0.000000
array/shallow,540,2,31712,0.050018792,634002,342360927,0.000000,0.000000
array/shallow,540,3,31328,0.050007542,626466,338291372,0.000000,0.000000
array/shallow,540,4,31552,0.050037250,630570,340507922,0.000000,0.000000
array/shallow,540,5,31040,0.050032625,620395,335013404,0.000000,0.000000
array/shallow,540,6,31520,0.050027959,630048,340225753,0.000000,0.000000
array/nested,540,0,28032,0.050024542,560365,302597073,0.000000,0.000000
array/nested,540,1,28128,0.050038125,562131,303550942,0.000000,0.000000
array/nested,540,2,28320,0.050041083,565935,305604897,0.000000,0.000000
array/nested,540,3,28064,0.050056333,560648,302750104,0.000000,0.000000
array/nested,540,4,27488,0.050000333,549756,296868423,0.000000,0.000000
array/nested,540,5,28352,0.050053584,566433,305873801,0.000000,0.000000
array/nested,540,6,28288,0.050034459,565370,305299993,0.000000,0.000000
array/flatten,540,0,29248,0.050003917,584914,315853656,0.000000,0.000000
array/flatten,540,1,29376,0.050053250,586895,316923277,0.000000,0.000000
array/flatten,540,2,28832,0.050017875,576434,311274319,0.000000,0.000000
array/flatten,540,3,29504,0.050023458,589803,318493775,0.000000,0.000000
array/flatten,540,4,28928,0.050019667,578333,312299560,0.000000,0.000000
array/flatten,540,5,29184,0.050047291,583128,314889371,0.000000,0.000000
array/flatten,540,6,29344,0.050017000,586681,316807485,0.000000,0.000000
array/missing,540,0,32256,0.050002292,645090,348348832,0.000000,0.000000
array/missing,540,1,33312,0.050000167,666238,359768398,0.000000,0.000000
array/missing,540,2,33344,0.050043334,666303,359803366,0.000000,0.000000
array/missing,540,3,33248,0.050002875,664922,359057754,0.000000,0.000000
array/missing,540,4,33280,0.050029875,665203,359209372,0.000000,0.000000
array/missing,540,5,33248,0.050016041,664747,358963237,0.000000,0.000000
array/missing,540,6,33280,0.050014041,665413,359323095,0.000000,0.000000
array/root,529,0,31424,0.050045667,627907,332162543,0.000000,0.000000
array/root,529,1,32224,0.050005500,644409,340892422,0.000000,0.000000
array/root,529,2,31680,0.050034750,633160,334941616,0.000000,0.000000
array/root,529,3,31904,0.050027750,637726,337357087,0.000000,0.000000
array/root,529,4,32352,0.050047083,646431,341962148,0.000000,0.000000
array/root,529,5,31712,0.050050500,633600,335174434,0.000000,0.000000
array/root,529,6,32480,0.050024167,649286,343472386,0.000000,0.000000
array/cancel_first,540,0,64960,0.050023458,1298591,701239007,0.000000,0.000000
array/cancel_first,540,1,63840,0.050017875,1276344,689225602,0.000000,0.000000
array/cancel_first,540,2,61728,0.050013375,1234230,666484115,0.000000,0.000000
array/cancel_first,540,3,64512,0.050001417,1290203,696709855,0.000000,0.000000
array/cancel_first,540,4,64736,0.050013833,1294362,698955427,0.000000,0.000000
array/cancel_first,540,5,64640,0.050017625,1292344,697866002,0.000000,0.000000
array/cancel_first,540,6,64320,0.050004250,1286291,694596959,0.000000,0.000000
array/shallow,1074,0,15520,0.050022417,310261,333220204,0.000000,0.000000
array/shallow,1074,1,15552,0.050076292,310566,333548019,0.000000,0.000000
array/shallow,1074,2,15584,0.050067208,311262,334294974,0.000000,0.000000
array/shallow,1074,3,15552,0.050014542,310950,333959831,0.000000,0.000000
array/shallow,1074,4,15520,0.050087791,309856,332785289,0.000000,0.000000
array/shallow,1074,5,15552,0.050049250,310734,333728238,0.000000,0.000000
array/shallow,1074,6,15520,0.050043500,310130,333079821,0.000000,0.000000
array/nested,1074,0,13856,0.050016333,277030,297529689,0.000000,0.000000
array/nested,1074,1,13536,0.050107000,270142,290132397,0.000000,0.000000
array/nested,1074,2,13952,0.050066667,278668,299289905,0.000000,0.000000
array/nested,1074,3,13920,0.050004459,278375,298974937,0.000000,0.000000
array/nested,1074,4,13632,0.050029791,272478,292640999,0.000000,0.000000
array/nested,1074,5,13984,0.050059792,279346,300017547,0.000000,0.000000
array/nested,1074,6,13952,0.050006708,279003,299648759,0.000000,0.000000
array/flatten,1074,0,14304,0.050050125,285793,306942210,0.000000,0.000000
array/flatten,1074,1,14304,0.050068709,285687,306828283,0.000000,0.000000
array/flatten,1074,2,14400,0.050008000,287954,309262518,0.000000,0.000000
array/flatten,1074,3,14400,0.050061208,287648,308933816,0.000000,0.000000
array/flatten,1074,4,14016,0.050069375,279932,300646533,0.000000,0.000000
array/flatten,1074,5,14208,0.050085125,283677,304669141,0.000000,0.000000
array/flatten,1074,6,14464,0.050068584,288884,310261141,0.000000,0.000000
array/missing,1074,0,15584,0.050060833,311301,334337545,0.000000,0.000000
array/missing,1074,1,16128,0.050058750,322181,346022863,0.000000,0.000000
array/missing,1074,2,16128,0.050003916,322535,346402310,0.000000,0.000000
array/missing,1074,3,16192,0.050090083,323258,347178662,0.000000,0.000000
array/missing,1074,4,16160,0.050038583,322951,346849150,0.000000,0.000000
array/missing,1074,5,16160,0.050090625,322615,346488789,0.000000,0.000000
array/missing,1074,6,16192,0.050076666,323344,347271681,0.000000,0.000000
array/root,1063,0,15296,0.050044458,305648,324904068,0.000000,0.000000
array/root,1063,1,15616,0.050014875,312227,331897421,0.000000,0.000000
array/root,1063,2,15424,0.050035417,308262,327682130,0.000000,0.000000
array/root,1063,3,15776,0.050069125,315084,334934713,0.000000,0.000000
array/root,1063,4,15680,0.050044584,313321,333059817,0.000000,0.000000
array/root,1063,5,15680,0.050076500,313121,332847543,0.000000,0.000000
array/root,1063,6,15680,0.050070333,313159,332888539,0.000000,0.000000
array/cancel_first,1074,0,39040,0.050011084,780627,838393345,0.000000,0.000000
array/cancel_first,1074,1,39040,0.050021333,780467,838221564,0.000000,0.000000
array/cancel_first,1074,2,38720,0.050002125,774367,831670254,0.000000,0.000000
array/cancel_first,1074,3,39136,0.050012959,782517,840423459,0.000000,0.000000
array/cancel_first,1074,4,39072,0.050037875,780849,838631297,0.000000,0.000000
array/cancel_first,1074,5,38880,0.050021750,777262,834779271,0.000000,0.000000
array/cancel_first,1074,6,38880,0.050021500,777266,834783443,0.000000,0.000000
array/shallow,8606,0,2080,0.050518959,41173,354331925,0.000000,0.000000
array/shallow,8606,1,2016,0.050139000,40208,346031951,0.000000,0.000000
array/shallow,8606,2,2080,0.050486833,41199,354557395,0.000000,0.000000
array/shallow,8606,3,2080,0.050312333,41342,355787119,0.000000,0.000000
array/shallow,8606,4,2080,0.050446084,41232,354843797,0.000000,0.000000
array/shallow,8606,5,2080,0.050362709,41300,355431238,0.000000,0.000000
array/shallow,8606,6,2080,0.050401084,41269,355160615,0.000000,0.000000
array/nested,8606,0,1824,0.050080750,36421,313440673,0.000000,0.000000
array/nested,8606,1,1824,0.050692958,35981,309655317,0.000000,0.000000
array/nested,8606,2,1824,0.050053583,36441,313610796,0.000000,0.000000
array/nested,8606,3,1792,0.050071833,35789,307996554,0.000000,0.000000
array/nested,8606,4,1824,0.050845583,35873,308725814,0.000000,0.000000
array/nested,8606,5,1856,0.050873542,36483,313969411,0.000000,0.000000
array/nested,8606,6,1824,0.050314250,36252,311986048,0.000000,0.000000
array/flatten,8606,0,1920,0.050450083,38057,327522157,0.000000,0.000000
array/flatten,8606,1,1952,0.050726750,38481,331164760,0.000000,0.000000
array/flatten,8606,2,1920,0.050391125,38102,327905360,0.000000,0.000000
array/flatten,8606,3,1952,0.050813125,38415,330601828,0.000000,0.000000
array/flatten,8606,4,1952,0.050825250,38406,330522959,0.000000,0.000000
array/flatten,8606,5,1888,0.050001708,37759,324951460,0.000000,0.000000
array/flatten,8606,6,1920,0.050768500,37819,325467957,0.000000,0.000000
array/missing,8606,0,2112,0.050080583,42172,362932516,0.000000,0.000000
array/missing,8606,1,2144,0.050456083,42492,365689584,0.000000,0.000000
array/missing,8606,2,2144,0.050310417,42615,366748381,0.000000,0.000000
array/missing,8606,3,2080,0.050136667,41487,357033705,0.000000,0.000000
array/missing,8606,4,2144,0.050316208,42611,366706171,0.000000,0.000000
array/missing,8606,5,2144,0.050164083,42740,367818226,0.000000,0.000000
array/missing,8606,6,2144,0.050128667,42770,368078090,0.000000,0.000000
array/root,8595,0,2080,0.050562584,41137,353573702,0.000000,0.000000
array/root,8595,1,2080,0.050189208,41443,356204067,0.000000,0.000000
array/root,8595,2,2080,0.050126000,41495,356653234,0.000000,0.000000
array/root,8595,3,2080,0.050285459,41364,355522259,0.000000,0.000000
array/root,8595,4,2080,0.050716708,41012,352499220,0.000000,0.000000
array/root,8595,5,2080,0.050165583,41463,356371818,0.000000,0.000000
array/root,8595,6,2080,0.050599833,41107,353313419,0.000000,0.000000
array/cancel_first,8606,0,6528,0.050119458,130249,1120921300,0.000000,0.000000
array/cancel_first,8606,1,6560,0.050176167,130739,1125142939,0.000000,0.000000
array/cancel_first,8606,2,6528,0.050057959,130409,1122298414,0.000000,0.000000
array/cancel_first,8606,3,6528,0.050102833,130292,1121293241,0.000000,0.000000
array/cancel_first,8606,4,6496,0.050141875,129552,1114927912,0.000000,0.000000
array/cancel_first,8606,5,6496,0.050024625,129856,1117541131,0.000000,0.000000
array/cancel_first,8606,6,6560,0.050221625,130621,1124124518,0.000000,0.000000
array/shallow,69558,0,288,0.055596000,5180,360326354,0.000000,0.000000
array/shallow,69558,1,288,0.055895541,5152,358395386,0.000000,0.000000
array/shallow,69558,2,288,0.055972041,5145,357905548,0.000000,0.000000
array/shallow,69558,3,288,0.055609750,5179,360237261,0.000000,0.000000
array/shallow,69558,4,288,0.055729500,5168,359463193,0.000000,0.000000
array/shallow,69558,5,288,0.055200666,5217,362906926,0.000000,0.000000
array/shallow,69558,6,288,0.055484833,5191,361048289,0.000000,0.000000
array/nested,69558,0,256,0.056364208,4542,315924744,0.000000,0.000000
array/nested,69558,1,256,0.055906334,4579,318512174,0.000000,0.000000
array/nested,69558,2,256,0.055544875,4609,320584896,0.000000,0.000000
array/nested,69558,3,256,0.055509292,4612,320790400,0.000000,0.000000
array/nested,69558,4,256,0.056436333,4536,315520996,0.000000,0.000000
array/nested,69558,5,256,0.056334833,4544,316089479,0.000000,0.000000
array/nested,69558,6,256,0.056090292,4564,317467557,0.000000,0.000000
array/flatten,69558,0,256,0.053304791,4803,334057177,0.000000,0.000000
array/flatten,69558,1,256,0.053114958,4820,335251098,0.000000,0.000000
array/flatten,69558,2,256,0.054892333,4664,324395904,0.000000,0.000000
array/flatten,69558,3,256,0.053433750,4791,333250951,0.000000,0.000000
array/flatten,69558,4,256,0.053063750,4824,335574625,0.000000,0.000000
array/flatten,69558,5,256,0.053482125,4787,332949523,0.000000,0.000000
array/flatten,69558,6,256,0.053581375,4778,332332793,0.000000,0.000000
array/missing,69558,0,288,0.053825500,5351,372178689,0.000000,0.000000
array/missing,69558,1,288,0.053820833,5351,372210962,0.000000,0.000000
array/missing,69558,2,288,0.053519875,5381,374304013,0.000000,0.000000
array/missing,69558,3,288,0.053701875,5363,373035467,0.000000,0.000000
array/missing,69558,4,288,0.053798500,5353,372365475,0.000000,0.000000
array/missing,69558,5,288,0.053605875,5373,373703517,0.000000,0.000000
array/missing,69558,6,288,0.053623208,5371,373582722,0.000000,0.000000
array/root,69547,0,288,0.055235750,5214,362619065,0.000000,0.000000
array/root,69547,1,288,0.055056125,5231,363802138,0.000000,0.000000
array/root,69547,2,288,0.055638875,5176,359991750,0.000000,0.000000
array/root,69547,3,288,0.055131958,5224,363301735,0.000000,0.000000
array/root,69547,4,288,0.054476542,5287,367672676,0.000000,0.000000
array/root,69547,5,288,0.054429167,5291,367992698,0.000000,0.000000
array/root,69547,6,288,0.054395500,5295,368220459,0.000000,0.000000
array/cancel_first,69558,0,864,0.050725917,17033,1184761470,0.000000,0.000000
array/cancel_first,69558,1,864,0.050399625,17143,1192431729,0.000000,0.000000
array/cancel_first,69558,2,864,0.050402208,17142,1192370620,0.000000,0.000000
array/cancel_first,69558,3,864,0.050118458,17239,1199121330,0.000000,0.000000
array/cancel_first,69558,4,864,0.050432916,17132,1191644600,0.000000,0.000000
array/cancel_first,69558,5,864,0.050400333,17143,1192414979,0.000000,0.000000
array/cancel_first,69558,6,864,0.050528333,17099,1189394315,0.000000,0.000000
array/shallow,1135782,0,32,0.098498000,325,368992507,0.000000,0.000000
array/shallow,1135782,1,32,0.098808917,324,367831417,0.000000,0.000000
array/shallow,1135782,2,32,0.098941125,323,367339910,0.000000,0.000000
array/shallow,1135782,3,32,0.098720375,324,368161324,0.000000,0.000000
array/shallow,1135782,4,32,0.097973791,327,370966803,0.000000,0.000000
array/shallow,1135782,5,32,0.100172166,319,362825578,0.000000,0.000000
array/shallow,1135782,6,32,0.098635208,324,368479215,0.000000,0.000000
array/nested,1135782,0,32,0.114090667,280,318562639,0.000000,0.000000
array/nested,1135782,1,32,0.111711916,286,325345991,0.000000,0.000000
array/nested,1135782,2,32,0.110699000,289,328322966,0.000000,0.000000
array/nested,1135782,3,32,0.113395459,282,320515692,0.000000,0.000000
array/nested,1135782,4,32,0.110545042,289,328780227,0.000000,0.000000
array/nested,1135782,5,32,0.111209625,288,326815453,0.000000,0.000000
array/nested,1135782,6,32,0.112538167,284,322957313,0.000000,0.000000
array/flatten,1135782,0,32,0.107151250,299,339193654,0.000000,0.000000
array/flatten,1135782,1,32,0.108111291,296,336181574,0.000000,0.000000
array/flatten,1135782,2,32,0.107146000,299,339210274,0.000000,0.000000
array/flatten,1135782,3,32,0.108117833,296,336161233,0.000000,0.000000
array/flatten,1135782,4,32,0.109308125,293,332500663,0.000000,0.000000
array/flatten,1135782,5,32,0.107507708,298,338069006,0.000000,0.000000
array/flatten,1135782,6,32,0.106868583,299,340090820,0.000000,0.000000
array/missing,1135782,0,32,0.097111750,330,374259799,0.000000,0.000000
array/missing,1135782,1,32,0.094990084,337,382619137,0.000000,0.000000
array/missing,1135782,2,32,0.095785042,334,379443630,0.000000,0.000000
array/missing,1135782,3,32,0.096481167,332,376705891,0.000000,0.000000
array/missing,1135782,4,32,0.096974000,330,374791429,0.000000,0.000000
array/missing,1135782,5,32,0.096438334,332,376873205,0.000000,0.000000
array/missing,1135782,6,32,0.095374208,336,381078121,0.000000,0.000000
array/root,1135771,0,32,0.099563583,321,365039816,0.000000,0.000000
array/root,1135771,1,32,0.097439083,328,372998913,0.000000,0.000000
array/root,1135771,2,32,0.098178542,326,370189567,0.000000,0.000000
array/root,1135771,3,32,0.099746667,321,364369789,0.000000,0.000000
array/root,1135771,4,32,0.098824500,324,367769855,0.000000,0.000000
array/root,1135771,5,32,0.098367417,325,369478768,0.000000,0.000000
array/root,1135771,6,32,0.098915542,324,367431359,0.000000,0.000000
array/cancel_first,1135782,0,64,0.060799833,1053,1195563284,0.000000,0.000000
array/cancel_first,1135782,1,64,0.060989000,1049,1191855056,0.000000,0.000000
array/cancel_first,1135782,2,64,0.059864125,1069,1214250572,0.000000,0.000000
array/cancel_first,1135782,3,64,0.059552792,1075,1220598490,0.000000,0.000000
array/cancel_first,1135782,4,64,0.059506333,1076,1221551461,0.000000,0.000000
array/cancel_first,1135782,5,64,0.059445667,1077,1222798089,0.000000,0.000000
array/cancel_first,1135782,6,64,0.059606250,1074,1219503794,0.000000,0.000000
array/nested_contexts,972,0,8192,0.050139791,163383,158808480,0.000000,0.000000
array/nested_contexts,972,1,8192,0.050067375,163620,159038176,0.000000,0.000000
array/nested_contexts,972,2,8192,0.050131167,163411,158835800,0.000000,0.000000
array/nested_contexts,972,3,8160,0.050171167,162643,158089207,0.000000,0.000000
array/nested_contexts,972,4,8192,0.050049541,163678,159094846,0.000000,0.000000
array/nested_contexts,972,5,8224,0.050164875,163939,159349106,0.000000,0.000000
array/nested_contexts,972,6,8224,0.050031416,164377,159774171,0.000000,0.000000
array/sparse,785,0,11616,0.050082417,231938,182071085,0.000000,0.000000
array/sparse,785,1,11744,0.050048167,234654,184203350,0.000000,0.000000
array/sparse,785,2,11840,0.050059709,236518,185666281,0.000000,0.000000
array/sparse,785,3,11776,0.050082125,235134,184580027,0.000000,0.000000
array/sparse,785,4,11744,0.050054417,234625,184180349,0.000000,0.000000
array/sparse,785,5,11872,0.050136167,236795,185884174,0.000000,0.000000
array/sparse,785,6,11744,0.050043291,234677,184221298,0.000000,0.000000
array/deep,136,0,3808,0.050056208,76074,10346129,0.000000,0.000000
array/deep,136,1,3808,0.050064750,76062,10344364,0.000000,0.000000
array/deep,136,2,3840,0.050330167,76296,10376282,0.000000,0.000000
array/deep,136,3,3840,0.050367708,76239,10368548,0.000000,0.000000
array/deep,136,4,3840,0.050348667,76268,10372469,0.000000,0.000000
array/deep,136,5,3840,0.050433334,76140,10355056,0.000000,0.000000
array/deep,136,6,3840,0.050356208,76257,10370916,0.000000,0.000000
array/empty,2,0,2738336,0.050000125,54766583,109533166,0.000000,0.000000
array/empty,2,1,2736736,0.050000333,54734355,109468711,0.000000,0.000000
array/empty,2,2,2728928,0.050000292,54578241,109156483,0.000000,0.000000
array/empty,2,3,2737376,0.050000583,54746882,109493763,0.000000,0.000000
array/empty,2,4,2735040,0.050000333,54700436,109400871,0.000000,0.000000
array/empty,2,5,2737056,0.050000209,54740891,109481782,0.000000,0.000000
array/empty,2,6,2733664,0.050000541,54672688,109345377,0.000000,0.000000
array/singleton,12,0,694240,0.050000959,13884534,166614404,0.000000,0.000000
array/singleton,12,1,702624,0.050000917,14052222,168626667,0.000000,0.000000
array/singleton,12,2,689856,0.050001167,13796798,165561576,0.000000,0.000000
array/singleton,12,3,690144,0.050001875,13802362,165628349,0.000000,0.000000
array/singleton,12,4,703808,0.050001000,14075878,168910542,0.000000,0.000000
array/singleton,12,5,704096,0.050000292,14081838,168982053,0.000000,0.000000
array/singleton,12,6,703936,0.050000542,14078567,168942809,0.000000,0.000000
array/nested_values,31,0,240192,0.050001000,4803744,148916062,0.000000,0.000000
array/nested_values,31,1,241696,0.050002084,4833719,149845274,0.000000,0.000000
array/nested_values,31,2,242144,0.050006375,4842263,150110141,0.000000,0.000000
array/nested_values,31,3,242848,0.050001667,4856798,150560740,0.000000,0.000000
array/nested_values,31,4,243008,0.050003416,4859828,150654667,0.000000,0.000000
array/nested_values,31,5,243360,0.050001833,4867022,150877669,0.000000,0.000000
array/nested_values,31,6,244032,0.050002500,4880396,151292275,0.000000,0.000000
compile/scalar,0,0,70656,0.050005375,1412968,0,29.000000,1906.000000
compile/scalar,0,1,71424,0.050001750,1428430,0,29.000000,1906.000000
compile/scalar,0,2,71552,0.050011292,1430717,0,29.000000,1906.000000
compile/scalar,0,3,71616,0.050002083,1432260,0,29.000000,1906.000000
compile/scalar,0,4,71552,0.050019458,1430483,0,29.000000,1906.000000
compile/scalar,0,5,71616,0.050018625,1431787,0,29.000000,1906.000000
compile/scalar,0,6,71776,0.050005250,1435369,0,29.000000,1906.000000
scalar/literal,100,0,596576,0.050000208,11931470,1193147037,0.000000,0.000000
scalar/literal,100,1,597024,0.050000584,11940341,1194034054,0.000000,0.000000
scalar/literal,100,2,598656,0.050000209,11973070,1197306995,0.000000,0.000000
scalar/literal,100,3,599744,0.050001375,11994550,1199455015,0.000000,0.000000
scalar/literal,100,4,596480,0.050001625,11929212,1192921230,0.000000,0.000000
scalar/literal,100,5,600640,0.050000375,12012710,1201270990,0.000000,0.000000
scalar/literal,100,6,595200,0.050000250,11903940,1190394048,0.000000,0.000000
scalar/arithmetic,100,0,157152,0.050009917,3142417,314241673,0.000000,0.000000
scalar/arithmetic,100,1,157600,0.050005084,3151680,315167954,0.000000,0.000000
scalar/arithmetic,100,2,159776,0.050009208,3194932,319493162,0.000000,0.000000
scalar/arithmetic,100,3,159808,0.050008459,3195619,319561937,0.000000,0.000000
scalar/arithmetic,100,4,158208,0.050006000,3163780,316378035,0.000000,0.000000
scalar/arithmetic,100,5,159584,0.050008250,3191153,319115346,0.000000,0.000000
scalar/arithmetic,100,6,159520,0.050006458,3189988,318998798,0.000000,0.000000
scalar/nested,100,0,153504,0.050005417,3069747,306974742,0.000000,0.000000
scalar/nested,100,1,153056,0.050007250,3060676,306067620,0.000000,0.000000
scalar/nested,100,2,150400,0.050005375,3007677,300767667,0.000000,0.000000
scalar/nested,100,3,151296,0.050005708,3025575,302557460,0.000000,0.000000
scalar/nested,100,4,153472,0.050009833,3068836,306883648,0.000000,0.000000
scalar/nested,100,5,153408,0.050004167,3067904,306790432,0.000000,0.000000
scalar/nested,100,6,150816,0.050002667,3016159,301615912,0.000000,0.000000
scalar/comparison,100,0,164224,0.050008041,3283952,328395187,0.000000,0.000000
scalar/comparison,100,1,165408,0.050007584,3307658,330765829,0.000000,0.000000
scalar/comparison,100,2,166048,0.050002541,3320791,332079124,0.000000,0.000000
scalar/comparison,100,3,165696,0.050002208,3313774,331377366,0.000000,0.000000
scalar/comparison,100,4,162016,0.050008542,3239767,323976652,0.000000,0.000000
scalar/comparison,100,5,163136,0.050002500,3262557,326255687,0.000000,0.000000
scalar/comparison,100,6,164736,0.050002667,3294544,329454427,0.000000,0.000000
scalar/strings,100,0,236672,0.050001125,4733333,473333350,0.000000,0.000000
scalar/strings,100,1,238784,0.050002250,4775465,477546510,0.000000,0.000000
scalar/strings,100,2,232256,0.050000417,4645081,464508126,0.000000,0.000000
scalar/strings,100,3,233568,0.050002333,4671142,467114204,0.000000,0.000000
scalar/strings,100,4,235872,0.050000916,4717354,471735358,0.000000,0.000000
scalar/strings,100,5,235840,0.050002959,4716521,471652088,0.000000,0.000000
scalar/strings,100,6,235168,0.050005125,4702878,470287796,0.000000,0.000000
scalar/boolean,100,0,154432,0.050010125,3088015,308801468,0.000000,0.000000
scalar/boolean,100,1,152864,0.050007667,3056811,305681127,0.000000,0.000000
scalar/boolean,100,2,155456,0.050006042,3108744,310874434,0.000000,0.000000
scalar/boolean,100,3,154176,0.050003875,3083281,308328105,0.000000,0.000000
scalar/boolean,100,4,154368,0.050000042,3087357,308735741,0.000000,0.000000
scalar/boolean,100,5,156000,0.050010208,3119363,311936315,0.000000,0.000000
scalar/boolean,100,6,155904,0.050007083,3117638,311763836,0.000000,0.000000
scalar/missing,100,0,166528,0.050004375,3330269,333026860,0.000000,0.000000
scalar/missing,100,1,166784,0.050008875,3335088,333508802,0.000000,0.000000
scalar/missing,100,2,167008,0.050006791,3339706,333970640,0.000000,0.000000
scalar/missing,100,3,167232,0.050009333,3344016,334401581,0.000000,0.000000
scalar/missing,100,4,166016,0.050004458,3320024,332002399,0.000000,0.000000
scalar/missing,100,5,167136,0.050003500,3342486,334248603,0.000000,0.000000
scalar/missing,100,6,164480,0.050005500,3289238,328923818,0.000000,0.000000
scalar/short_circuit,100,0,547680,0.050000542,10953481,1095348126,0.000000,0.000000
scalar/short_circuit,100,1,544544,0.050000666,10890735,1089073494,0.000000,0.000000
scalar/short_circuit,100,2,542112,0.050002083,10841788,1084178833,0.000000,0.000000
scalar/short_circuit,100,3,543488,0.050002417,10869235,1086923458,0.000000,0.000000
scalar/short_circuit,100,4,544512,0.050001083,10890004,1089000412,0.000000,0.000000
scalar/short_circuit,100,5,543744,0.050001458,10874563,1087456290,0.000000,0.000000
scalar/short_circuit,100,6,544416,0.050002792,10887712,1088771203,0.000000,0.000000
scalar/mixed,100,0,87520,0.050012125,1749976,174997563,0.000000,0.000000
scalar/mixed,100,1,87104,0.050005208,1741899,174189856,0.000000,0.000000
scalar/mixed,100,2,87680,0.050012917,1753147,175314709,0.000000,0.000000
scalar/mixed,100,3,88384,0.050001167,1767639,176763874,0.000000,0.000000
scalar/mixed,100,4,88416,0.050008500,1768019,176801944,0.000000,0.000000
scalar/mixed,100,5,87232,0.050010000,1744291,174429114,0.000000,0.000000
scalar/mixed,100,6,87040,0.050001791,1740738,174073765,0.000000,0.000000
scalar/write,100,0,142944,0.050009292,2858349,285834880,0.000000,0.000000
scalar/write,100,1,142112,0.050005041,2841953,284195347,0.000000,0.000000
scalar/write,100,2,142592,0.050000667,2851802,285180196,0.000000,0.000000
scalar/write,100,3,144128,0.050008334,2882080,288207961,0.000000,0.000000
scalar/write,100,4,142336,0.050001292,2846646,284664644,0.000000,0.000000
scalar/write,100,5,141856,0.050009833,2836562,283656216,0.000000,0.000000
scalar/write,100,6,140512,0.050006250,2809889,280988876,0.000000,0.000000
scalar/literal,500,0,168864,0.050008334,3376717,1688358584,0.000000,0.000000
scalar/literal,500,1,168992,0.050008667,3379254,1689627120,0.000000,0.000000
scalar/literal,500,2,168736,0.050001791,3374599,1687299561,0.000000,0.000000
scalar/literal,500,3,167904,0.050007500,3357576,1678788182,0.000000,0.000000
scalar/literal,500,4,168288,0.050004000,3365491,1682745380,0.000000,0.000000
scalar/literal,500,5,169024,0.050001500,3380379,1690189294,0.000000,0.000000
scalar/literal,500,6,168512,0.050008709,3369653,1684826537,0.000000,0.000000
scalar/arithmetic,500,0,52544,0.050005125,1050772,525386148,0.000000,0.000000
scalar/arithmetic,500,1,52416,0.050006208,1048190,524094928,0.000000,0.000000
scalar/arithmetic,500,2,52544,0.050005375,1050767,525383521,0.000000,0.000000
scalar/arithmetic,500,3,52544,0.050010625,1050657,525328368,0.000000,0.000000
scalar/arithmetic,500,4,52224,0.050019375,1044075,522037710,0.000000,0.000000
scalar/arithmetic,500,5,52576,0.050028958,1050911,525455677,0.000000,0.000000
scalar/arithmetic,500,6,52416,0.050000083,1048318,524159130,0.000000,0.000000
scalar/nested,500,0,51968,0.050006583,1039223,519611588,0.000000,0.000000
scalar/nested,500,1,52032,0.050004583,1040545,520272312,0.000000,0.000000
scalar/nested,500,2,51904,0.050006125,1037953,518976425,0.000000,0.000000
scalar/nested,500,3,52192,0.050021000,1043402,521700886,0.000000,0.000000
scalar/nested,500,4,52096,0.050020666,1041490,520744766,0.000000,0.000000
scalar/nested,500,5,52352,0.050007416,1046885,523442363,0.000000,0.000000
scalar/nested,500,6,50048,0.050000500,1000950,500474995,0.000000,0.000000
scalar/comparison,500,0,52928,0.050027125,1057986,528993021,0.000000,0.000000
scalar/comparison,500,1,52960,0.050005208,1059090,529544843,0.000000,0.000000
scalar/comparison,500,2,53216,0.050023500,1063820,531910002,0.000000,0.000000
scalar/comparison,500,3,53152,0.050006916,1062893,531446490,0.000000,0.000000
scalar/comparison,500,4,53120,0.050013834,1062106,531053068,0.000000,0.000000
scalar/comparison,500,5,52992,0.050002625,1059784,529892181,0.000000,0.000000
scalar/comparison,500,6,53088,0.050011708,1061511,530755718,0.000000,0.000000
scalar/strings,500,0,77664,0.050015167,1552809,776404485,0.000000,0.000000
scalar/strings,500,1,78016,0.050018750,1559735,779867550,0.000000,0.000000
scalar/strings,500,2,77888,0.050010125,1557445,778722309,0.000000,0.000000
scalar/strings,500,3,77984,0.050004000,1559555,779777618,0.000000,0.000000
scalar/strings,500,4,77984,0.050015125,1559208,779604170,0.000000,0.000000
scalar/strings,500,5,77984,0.050011959,1559307,779653522,0.000000,0.000000
scalar/strings,500,6,78208,0.050014167,1563717,781858468,0.000000,0.000000
scalar/boolean,500,0,52288,0.050029292,1045148,522573855,0.000000,0.000000
scalar/boolean,500,1,52128,0.050010417,1042343,521171419,0.000000,0.000000
scalar/boolean,500,2,52416,0.050022500,1047848,523924234,0.000000,0.000000
scalar/boolean,500,3,51904,0.050016291,1037742,518870941,0.000000,0.000000
scalar/boolean,500,4,52128,0.050024167,1042056,521028166,0.000000,0.000000
scalar/boolean,500,5,52128,0.050011250,1042325,521162738,0.000000,0.000000
scalar/boolean,500,6,52096,0.050015583,1041595,520797688,0.000000,0.000000
scalar/missing,500,0,52448,0.050009292,1048765,524382549,0.000000,0.000000
scalar/missing,500,1,53088,0.050003500,1061686,530842841,0.000000,0.000000
scalar/missing,500,2,53248,0.050006208,1064828,532413895,0.000000,0.000000
scalar/missing,500,3,52992,0.050000458,1059830,529915146,0.000000,0.000000
scalar/missing,500,4,53056,0.050013334,1060837,530418548,0.000000,0.000000
scalar/missing,500,5,53216,0.050024875,1063791,531895382,0.000000,0.000000
scalar/missing,500,6,53120,0.050023459,1061902,530950888,0.000000,0.000000
scalar/short_circuit,500,0,162912,0.050003917,3257985,1628992385,0.000000,0.000000
scalar/short_circuit,500,1,162272,0.050005750,3245067,1622533409,0.000000,0.000000
scalar/short_circuit,500,2,162752,0.050009334,3254432,1627216231,0.000000,0.000000
scalar/short_circuit,500,3,164544,0.050007375,3290395,1645197333,0.000000,0.000000
scalar/short_circuit,500,4,164704,0.050008583,3293515,1646757318,0.000000,0.000000
scalar/short_circuit,500,5,164320,0.050002541,3286233,1643116497,0.000000,0.000000
scalar/short_circuit,500,6,164256,0.050005667,3284748,1642373853,0.000000,0.000000
scalar/mixed,500,0,30624,0.050011334,612341,306170597,0.000000,0.000000
scalar/mixed,500,1,30720,0.050041333,613893,306946260,0.000000,0.000000
scalar/mixed,500,2,30592,0.050014208,611666,305833094,0.000000,0.000000
scalar/mixed,500,3,30720,0.050005917,614327,307163650,0.000000,0.000000
scalar/mixed,500,4,30624,0.050003750,612434,306217034,0.000000,0.000000
scalar/mixed,500,5,30688,0.050041292,613254,306626775,0.000000,0.000000
scalar/mixed,500,6,30816,0.050037750,615855,307927515,0.000000,0.000000
scalar/write,500,0,50528,0.050009084,1010376,505188217,0.000000,0.000000
scalar/write,500,1,50624,0.050017084,1012134,506067087,0.000000,0.000000
scalar/write,500,2,50752,0.050027083,1014490,507245246,0.000000,0.000000
scalar/write,500,3,50944,0.050028917,1018291,509145541,0.000000,0.000000
scalar/write,500,4,51008,0.050018458,1019784,509891768,0.000000,0.000000
scalar/write,500,5,50144,0.050026208,1002355,501177303,0.000000,0.000000
scalar/write,500,6,50144,0.050003958,1002801,501400309,0.000000,0.000000
scalar/literal,1024,0,87744,0.050000584,1754860,1796976131,0.000000,0.000000
scalar/literal,1024,1,88000,0.050001875,1759934,1802172419,0.000000,0.000000
scalar/literal,1024,2,88224,0.050004625,1764317,1806660404,0.000000,0.000000
scalar/literal,1024,3,88096,0.050013917,1761430,1803704037,0.000000,0.000000
scalar/literal,1024,4,88384,0.050006583,1767447,1809866033,0.000000,0.000000
scalar/literal,1024,5,88416,0.050011917,1767899,1810328206,0.000000,0.000000
scalar/literal,1024,6,88544,0.050015959,1770315,1812802510,0.000000,0.000000
scalar/arithmetic,1024,0,28480,0.050043917,569100,582758540,0.000000,0.000000
scalar/arithmetic,1024,1,28544,0.050000125,570879,584579659,0.000000,0.000000
scalar/arithmetic,1024,2,28480,0.050013583,569445,583111992,0.000000,0.000000
scalar/arithmetic,1024,3,28544,0.050032333,570511,584203339,0.000000,0.000000
scalar/arithmetic,1024,4,28320,0.050039959,565948,579530451,0.000000,0.000000
scalar/arithmetic,1024,5,28640,0.050046667,572266,586000263,0.000000,0.000000
scalar/arithmetic,1024,6,28608,0.050029667,571821,585544413,0.000000,0.000000
scalar/nested,1024,0,28352,0.050054833,566419,580012883,0.000000,0.000000
scalar/nested,1024,1,28288,0.050002750,565729,579306378,0.000000,0.000000
scalar/nested,1024,2,28384,0.050028125,567361,580977520,0.000000,0.000000
scalar/nested,1024,3,28480,0.050038375,569163,582823083,0.000000,0.000000
scalar/nested,1024,4,28480,0.050019083,569383,583047874,0.000000,0.000000
scalar/nested,1024,5,28480,0.050020833,569363,583027476,0.000000,0.000000
scalar/nested,1024,6,28544,0.050020917,570641,584336669,0.000000,0.000000
scalar/comparison,1024,0,28800,0.050015791,575818,589637781,0.000000,0.000000
scalar/comparison,1024,1,28672,0.050054000,572821,586569065,0.000000,0.000000
scalar/comparison,1024,2,28768,0.050036333,574942,588740826,0.000000,0.000000
scalar/comparison,1024,3,28768,0.050007125,575278,589084695,0.000000,0.000000
scalar/comparison,1024,4,28800,0.050015041,575827,589646623,0.000000,0.000000
scalar/comparison,1024,5,28768,0.050053666,574743,588536952,0.000000,0.000000
scalar/comparison,1024,6,28608,0.050031542,571799,585522469,0.000000,0.000000
scalar/strings,1024,0,42432,0.050030875,848116,868471079,0.000000,0.000000
scalar/strings,1024,1,42688,0.050033250,853193,873669250,0.000000,0.000000
scalar/strings,1024,2,42592,0.050011875,851638,872077042,0.000000,0.000000
scalar/strings,1024,3,42592,0.050034542,851252,871681967,0.000000,0.000000
scalar/strings,1024,4,42688,0.050035042,853162,873637960,0.000000,0.000000
scalar/strings,1024,5,42496,0.050032541,849367,869752028,0.000000,0.000000
scalar/strings,1024,6,42752,0.050023208,854643,875154748,0.000000,0.000000
scalar/boolean,1024,0,28480,0.050023583,569331,582995424,0.000000,0.000000
scalar/boolean,1024,1,28480,0.050030458,569253,582915311,0.000000,0.000000
scalar/boolean,1024,2,28544,0.050053084,570275,583961140,0.000000,0.000000
scalar/boolean,1024,3,28480,0.050029542,569264,582925984,0.000000,0.000000
scalar/boolean,1024,4,28544,0.050038125,570445,584135717,0.000000,0.000000
scalar/boolean,1024,5,28576,0.050024834,571236,584945949,0.000000,0.000000
scalar/boolean,1024,6,28512,0.050012583,570097,583778846,0.000000,0.000000
scalar/missing,1024,0,28672,0.050031333,573081,586834814,0.000000,0.000000
scalar/missing,1024,1,28672,0.050049000,572879,586627665,0.000000,0.000000
scalar/missing,1024,2,28768,0.050032291,574989,588788389,0.000000,0.000000
scalar/missing,1024,3,28800,0.050048083,575447,589257335,0.000000,0.000000
scalar/missing,1024,4,28768,0.050033542,574974,588773667,0.000000,0.000000
scalar/missing,1024,5,28768,0.050007500,575274,589080278,0.000000,0.000000
scalar/missing,1024,6,28800,0.050000958,575989,589812699,0.000000,0.000000
scalar/short_circuit,1024,0,87296,0.050014708,1745407,1787296329,0.000000,0.000000
scalar/short_circuit,1024,1,87328,0.050017292,1745956,1787859127,0.000000,0.000000
scalar/short_circuit,1024,2,87392,0.050007917,1747563,1789504810,0.000000,0.000000
scalar/short_circuit,1024,3,87296,0.050017958,1745293,1787180196,0.000000,0.000000
scalar/short_circuit,1024,4,87328,0.050003042,1746454,1788368636,0.000000,0.000000
scalar/short_circuit,1024,5,87360,0.050006000,1746990,1788918130,0.000000,0.000000
scalar/short_circuit,1024,6,87072,0.050011584,1741037,1782821516,0.000000,0.000000
scalar/mixed,1024,0,16832,0.050040583,336367,344439792,0.000000,0.000000
scalar/mixed,1024,1,16864,0.050076500,336765,344847104,0.000000,0.000000
scalar/mixed,1024,2,16928,0.050010375,338490,346613518,0.000000,0.000000
scalar/mixed,1024,3,16864,0.050043375,336988,345075367,0.000000,0.000000
scalar/mixed,1024,4,16960,0.050069459,338729,346858950,0.000000,0.000000
scalar/mixed,1024,5,16960,0.050072750,338707,346836153,0.000000,0.000000
scalar/mixed,1024,6,16896,0.050001875,337907,346017104,0.000000,0.000000
scalar/write,1024,0,28032,0.050057000,560002,573441637,0.000000,0.000000
scalar/write,1024,1,28000,0.050003292,559963,573402247,0.000000,0.000000
scalar/write,1024,2,28000,0.050041291,559538,572966833,0.000000,0.000000
scalar/write,1024,3,28096,0.050054375,561310,574781006,0.000000,0.000000
scalar/write,1024,4,28096,0.050050750,561350,574822635,0.000000,0.000000
scalar/write,1024,5,28032,0.050009250,560536,573989172,0.000000,0.000000
scalar/write,1024,6,28128,0.050047375,562027,575516138,0.000000,0.000000
scalar/literal,10240,0,9408,0.050037208,188020,1925325650,0.000000,0.000000
scalar/literal,10240,1,9376,0.050005250,187500,1920003200,0.000000,0.000000
scalar/literal,10240,2,9408,0.050175042,187504,1920036659,0.000000,0.000000
scalar/literal,10240,3,9376,0.050016208,187459,1919582548,0.000000,0.000000
scalar/literal,10240,4,9376,0.050015917,187460,1919593717,0.000000,0.000000
scalar/literal,10240,5,9408,0.050126250,187686,1921905588,0.000000,0.000000
scalar/literal,10240,6,9408,0.050126791,187684,1921884846,0.000000,0.000000
scalar/arithmetic,10240,0,3200,0.050217916,63722,652516126,0.000000,0.000000
scalar/arithmetic,10240,1,3200,0.050254167,63676,652045431,0.000000,0.000000
scalar/arithmetic,10240,2,3200,0.050209916,63732,652620092,0.000000,0.000000
scalar/arithmetic,10240,3,3200,0.050265833,63662,651894101,0.000000,0.000000
scalar/arithmetic,10240,4,3200,0.050248917,63683,652113557,0.000000,0.000000
scalar/arithmetic,10240,5,3200,0.050069750,63911,654447046,0.000000,0.000000
scalar/arithmetic,10240,6,3200,0.050095834,63878,654106288,0.000000,0.000000
scalar/nested,10240,0,3200,0.050202333,63742,652718669,0.000000,0.000000
scalar/nested,10240,1,3200,0.050047167,63940,654742355,0.000000,0.000000
scalar/nested,10240,2,3200,0.050290917,63630,651568950,0.000000,0.000000
scalar/nested,10240,3,3200,0.050369834,63530,650548104,0.000000,0.000000
scalar/nested,10240,4,3200,0.050315792,63598,651246829,0.000000,0.000000
scalar/nested,10240,5,3200,0.050227917,63710,652386202,0.000000,0.000000
scalar/nested,10240,6,3200,0.050250666,63681,652090860,0.000000,0.000000
scalar/comparison,10240,0,3200,0.050225459,63713,652418129,0.000000,0.000000
scalar/comparison,10240,1,3200,0.050226958,63711,652398658,0.000000,0.000000
scalar/comparison,10240,2,3200,0.050197166,63749,652785856,0.000000,0.000000
scalar/comparison,10240,3,3200,0.050226959,63711,652398645,0.000000,0.000000
scalar/comparison,10240,4,3200,0.050260583,63668,651962195,0.000000,0.000000
scalar/comparison,10240,5,3200,0.050153792,63804,653350399,0.000000,0.000000
scalar/comparison,10240,6,3200,0.050366333,63535,650593324,0.000000,0.000000
scalar/strings,10240,0,4768,0.050132750,95107,973900694,0.000000,0.000000
scalar/strings,10240,1,4768,0.050209292,94963,972416022,0.000000,0.000000
scalar/strings,10240,2,4768,0.050126708,95119,974018082,0.000000,0.000000
scalar/strings,10240,3,4768,0.050193834,94992,972715493,0.000000,0.000000
scalar/strings,10240,4,4768,0.050155500,95064,973458943,0.000000,0.000000
scalar/strings,10240,5,4768,0.050162500,95051,973323100,0.000000,0.000000
scalar/strings,10240,6,4768,0.050206708,94967,972466070,0.000000,0.000000
scalar/boolean,10240,0,3200,0.050263375,63665,651925980,0.000000,0.000000
scalar/boolean,10240,1,3200,0.050271417,63654,651821690,0.000000,0.000000
scalar/boolean,10240,2,3200,0.050294250,63626,651525771,0.000000,0.000000
scalar/boolean,10240,3,3200,0.050197750,63748,652778262,0.000000,0.000000
scalar/boolean,10240,4,3200,0.050355291,63548,650735987,0.000000,0.000000
scalar/boolean,10240,5,3200,0.050241083,63693,652215240,0.000000,0.000000
scalar/boolean,10240,6,3200,0.050248000,63684,652125458,0.000000,0.000000
scalar/missing,10240,0,3200,0.050211500,63730,652599504,0.000000,0.000000
scalar/missing,10240,1,3200,0.050186916,63762,652919179,0.000000,0.000000
scalar/missing,10240,2,3200,0.050250625,63681,652091392,0.000000,0.000000
scalar/missing,10240,3,3200,0.050149292,63809,653409025,0.000000,0.000000
scalar/missing,10240,4,3200,0.050130791,63833,653650169,0.000000,0.000000
scalar/missing,10240,5,3200,0.050172541,63780,653106248,0.000000,0.000000
scalar/missing,10240,6,3200,0.050196750,63749,652791266,0.000000,0.000000
scalar/short_circuit,10240,0,9376,0.050094291,187167,1916590455,0.000000,0.000000
scalar/short_circuit,10240,1,9408,0.050084250,187843,1923517273,0.000000,0.000000
scalar/short_circuit,10240,2,9376,0.050005458,187500,1919995213,0.000000,0.000000
scalar/short_circuit,10240,3,9376,0.050042708,187360,1918566038,0.000000,0.000000
scalar/short_circuit,10240,4,9376,0.050056458,187308,1918039027,0.000000,0.000000
scalar/short_circuit,10240,5,9408,0.050142375,187626,1921287534,0.000000,0.000000
scalar/short_circuit,10240,6,9376,0.050077750,187229,1917223517,0.000000,0.000000
scalar/mixed,10240,0,1920,0.050107625,38318,392371421,0.000000,0.000000
scalar/mixed,10240,1,1920,0.050117792,38310,392291823,0.000000,0.000000
scalar/mixed,10240,2,1920,0.050070542,38346,392662017,0.000000,0.000000
scalar/mixed,10240,3,1920,0.050104292,38320,392397522,0.000000,0.000000
scalar/mixed,10240,4,1920,0.050251500,38208,391248022,0.000000,0.000000
scalar/mixed,10240,5,1920,0.050166083,38273,391914194,0.000000,0.000000
scalar/mixed,10240,6,1920,0.050094167,38328,392476833,0.000000,0.000000
scalar/write,10240,0,3200,0.050341834,63565,650909937,0.000000,0.000000
scalar/write,10240,1,3200,0.050355750,63548,650730056,0.000000,0.000000
scalar/write,10240,2,3200,0.050239958,63694,652229845,0.000000,0.000000
scalar/write,10240,3,3200,0.050266917,63660,651880043,0.000000,0.000000
scalar/write,10240,4,3200,0.050404625,63486,650099073,0.000000,0.000000
scalar/write,10240,5,3200,0.050367250,63533,650581479,0.000000,0.000000
scalar/write,10240,6,3200,0.050283833,63639,651660744,0.000000,0.000000
scalar/literal,65536,0,1504,0.050783667,29616,1940902456,0.000000,0.000000
scalar/literal,65536,1,1504,0.050796083,29609,1940428044,0.000000,0.000000
scalar/literal,65536,2,1504,0.050795458,29609,1940451920,0.000000,0.000000
scalar/literal,65536,3,1504,0.050760792,29629,1941777110,0.000000,0.000000
scalar/literal,65536,4,1408,0.050272084,28008,1835505526,0.000000,0.000000
scalar/literal,65536,5,1504,0.050845292,29580,1938550063,0.000000,0.000000
scalar/literal,65536,6,1504,0.050795416,29609,1940453524,0.000000,0.000000
scalar/arithmetic,65536,0,512,0.050755125,10088,661104312,0.000000,0.000000
scalar/arithmetic,65536,1,512,0.050826709,10073,660173217,0.000000,0.000000
scalar/arithmetic,65536,2,512,0.050688333,10101,661975449,0.000000,0.000000
scalar/arithmetic,65536,3,512,0.050786417,10081,660696973,0.000000,0.000000
scalar/arithmetic,65536,4,512,0.050771667,10084,660888917,0.000000,0.000000
scalar/arithmetic,65536,5,512,0.050726291,10093,661480099,0.000000,0.000000
scalar/arithmetic,65536,6,512,0.050770750,10085,660900853,0.000000,0.000000
scalar/nested,65536,0,512,0.050750500,10089,661164560,0.000000,0.000000
scalar/nested,65536,1,512,0.050764542,10086,660981675,0.000000,0.000000
scalar/nested,65536,2,512,0.050808375,10077,660411438,0.000000,0.000000
scalar/nested,65536,3,512,0.050788500,10081,660669876,0.000000,0.000000
scalar/nested,65536,4,512,0.050834000,10072,660078530,0.000000,0.000000
scalar/nested,65536,5,512,0.050802792,10078,660484014,0.000000,0.000000
scalar/nested,65536,6,512,0.050850417,10069,659865425,0.000000,0.000000
scalar/comparison,65536,0,512,0.050749625,10089,661175959,0.000000,0.000000
scalar/comparison,65536,1,512,0.050954459,10048,658518070,0.000000,0.000000
scalar/comparison,65536,2,512,0.050759584,10087,661046237,0.000000,0.000000
scalar/comparison,65536,3,512,0.050755250,10088,661102684,0.000000,0.000000
scalar/comparison,65536,4,512,0.050832667,10072,660095840,0.000000,0.000000
scalar/comparison,65536,5,512,0.050754375,10088,661114081,0.000000,0.000000
scalar/comparison,65536,6,512,0.050749083,10089,661183021,0.000000,0.000000
scalar/strings,65536,0,768,0.051017917,15054,986548471,0.000000,0.000000
scalar/strings,65536,1,768,0.051023083,15052,986448584,0.000000,0.000000
scalar/strings,65536,2,768,0.050999375,15059,986907153,0.000000,0.000000
scalar/strings,65536,3,768,0.051069625,15038,985549590,0.000000,0.000000
scalar/strings,65536,4,768,0.051075792,15036,985430593,0.000000,0.000000
scalar/strings,65536,5,768,0.051037458,15048,986170745,0.000000,0.000000
scalar/strings,65536,6,768,0.051073458,15037,985475626,0.000000,0.000000
scalar/boolean,65536,0,512,0.050764250,10086,660985477,0.000000,0.000000
scalar/boolean,65536,1,512,0.050782583,10082,660746855,0.000000,0.000000
scalar/boolean,65536,2,512,0.050747333,10089,661205821,0.000000,0.000000
scalar/boolean,65536,3,512,0.050830625,10073,660122357,0.000000,0.000000
scalar/boolean,65536,4,512,0.050728792,10093,661447487,0.000000,0.000000
scalar/boolean,65536,5,512,0.050662583,10106,662311908,0.000000,0.000000
scalar/boolean,65536,6,512,0.050725500,10094,661490414,0.000000,0.000000
scalar/missing,65536,0,512,0.050756792,10087,661082600,0.000000,0.000000
scalar/missing,65536,1,512,0.050768875,10085,660925262,0.000000,0.000000
scalar/missing,65536,2,512,0.050780250,10083,660777212,0.000000,0.000000
scalar/missing,65536,3,512,0.050783542,10082,660734377,0.000000,0.000000
scalar/missing,65536,4,512,0.050764750,10086,660978967,0.000000,0.000000
scalar/missing,65536,5,512,0.050718083,10095,661587150,0.000000,0.000000
scalar/missing,65536,6,512,0.050798375,10079,660541444,0.000000,0.000000
scalar/short_circuit,65536,0,1504,0.050948708,29520,1934615182,0.000000,0.000000
scalar/short_circuit,65536,1,1504,0.050793125,29610,1940541048,0.000000,0.000000
scalar/short_circuit,65536,2,1504,0.050839459,29583,1938772480,0.000000,0.000000
scalar/short_circuit,65536,3,1504,0.050789875,29612,1940665221,0.000000,0.000000
scalar/short_circuit,65536,4,1504,0.050792125,29611,1940579253,0.000000,0.000000
scalar/short_circuit,65536,5,1504,0.050816250,29597,1939657964,0.000000,0.000000
scalar/short_circuit,65536,6,1504,0.050824125,29592,1939357421,0.000000,0.000000
scalar/mixed,65536,0,320,0.052626166,6081,398499864,0.000000,0.000000
scalar/mixed,65536,1,320,0.052694083,6073,397986241,0.000000,0.000000
scalar/mixed,65536,2,320,0.052540292,6091,399151189,0.000000,0.000000
scalar/mixed,65536,3,320,0.052753333,6066,397539242,0.000000,0.000000
scalar/mixed,65536,4,320,0.052609875,6083,398623262,0.000000,0.000000
scalar/mixed,65536,5,320,0.052839917,6056,396887830,0.000000,0.000000
scalar/mixed,65536,6,320,0.052790708,6062,397257790,0.000000,0.000000
scalar/write,65536,0,512,0.050742500,10090,661268798,0.000000,0.000000
scalar/write,65536,1,512,0.050773083,10084,660870485,0.000000,0.000000
scalar/write,65536,2,512,0.050803416,10078,660475902,0.000000,0.000000
scalar/write,65536,3,512,0.050762958,10086,661002300,0.000000,0.000000
scalar/write,65536,4,512,0.050802458,10078,660488357,0.000000,0.000000
scalar/write,65536,5,512,0.050718791,10095,661577915,0.000000,0.000000
scalar/write,65536,6,512,0.050778333,10083,660802157,0.000000,0.000000
scalar/literal,1048576,0,96,0.051852417,1851,1941342406,0.000000,0.000000
scalar/literal,1048576,1,96,0.051709334,1857,1946714224,0.000000,0.000000
scalar/literal,1048576,2,96,0.051791333,1854,1943632075,0.000000,0.000000
scalar/literal,1048576,3,96,0.051758500,1855,1944865017,0.000000,0.000000
scalar/literal,1048576,4,96,0.051807000,1853,1943044299,0.000000,0.000000
scalar/literal,1048576,5,96,0.051745208,1855,1945364603,0.000000,0.000000
scalar/literal,1048576,6,96,0.051789958,1854,1943683677,0.000000,0.000000
scalar/arithmetic,1048576,0,32,0.050632500,632,662705416,0.000000,0.000000
scalar/arithmetic,1048576,1,32,0.050677042,631,662122939,0.000000,0.000000
scalar/arithmetic,1048576,2,32,0.050569959,633,663524999,0.000000,0.000000
scalar/arithmetic,1048576,3,32,0.050623291,632,662825971,0.000000,0.000000
scalar/arithmetic,1048576,4,32,0.050661708,632,662323347,0.000000,0.000000
scalar/arithmetic,1048576,5,32,0.050639542,632,662613260,0.000000,0.000000
scalar/arithmetic,1048576,6,32,0.050683166,631,662042936,0.000000,0.000000
scalar/nested,1048576,0,32,0.050559417,633,663663349,0.000000,0.000000
scalar/nested,1048576,1,32,0.050812958,630,660351873,0.000000,0.000000
scalar/nested,1048576,2,32,0.050614708,632,662938370,0.000000,0.000000
scalar/nested,1048576,3,32,0.050635083,632,662671611,0.000000,0.000000
scalar/nested,1048576,4,32,0.050598917,632,663145261,0.000000,0.000000
scalar/nested,1048576,5,32,0.051068167,627,657051819,0.000000,0.000000
scalar/nested,1048576,6,32,0.050601792,632,663107583,0.000000,0.000000
scalar/comparison,1048576,0,32,0.050830541,630,660123448,0.000000,0.000000
scalar/comparison,1048576,1,32,0.050676125,631,662134921,0.000000,0.000000
scalar/comparison,1048576,2,32,0.050774291,630,660854762,0.000000,0.000000
scalar/comparison,1048576,3,32,0.050691958,631,661928111,0.000000,0.000000
scalar/comparison,1048576,4,32,0.050474291,634,664782632,0.000000,0.000000
scalar/comparison,1048576,5,32,0.050752459,631,661139040,0.000000,0.000000
scalar/comparison,1048576,6,32,0.050653167,632,662435026,0.000000,0.000000
scalar/strings,1048576,0,64,0.067870666,943,988775681,0.000000,0.000000
scalar/strings,1048576,1,64,0.067935041,942,987838721,0.000000,0.000000
scalar/strings,1048576,2,64,0.067812209,944,989628048,0.000000,0.000000
scalar/strings,1048576,3,64,0.067912000,942,988173872,0.000000,0.000000
scalar/strings,1048576,4,64,0.068008000,941,986778967,0.000000,0.000000
scalar/strings,1048576,5,64,0.067906333,942,988256338,0.000000,0.000000
scalar/strings,1048576,6,64,0.067835750,943,989284618,0.000000,0.000000
scalar/boolean,1048576,0,32,0.050653584,632,662429573,0.000000,0.000000
scalar/boolean,1048576,1,32,0.050606666,632,663043718,0.000000,0.000000
scalar/boolean,1048576,2,32,0.050555208,633,663718602,0.000000,0.000000
scalar/boolean,1048576,3,32,0.050599042,632,663143622,0.000000,0.000000
scalar/boolean,1048576,4,32,0.050630458,632,662732144,0.000000,0.000000
scalar/boolean,1048576,5,32,0.050617625,632,662900166,0.000000,0.000000
scalar/boolean,1048576,6,32,0.050885000,629,659416960,0.000000,0.000000
scalar/missing,1048576,0,32,0.050572375,633,663493300,0.000000,0.000000
scalar/missing,1048576,1,32,0.050680333,631,662079943,0.000000,0.000000
scalar/missing,1048576,2,32,0.050632042,632,662711411,0.000000,0.000000
scalar/missing,1048576,3,32,0.050696042,631,661874787,0.000000,0.000000
scalar/missing,1048576,4,32,0.050568167,633,663548513,0.000000,0.000000
scalar/missing,1048576,5,32,0.050722666,631,661527373,0.000000,0.000000
scalar/missing,1048576,6,32,0.050625667,632,662794863,0.000000,0.000000
scalar/short_circuit,1048576,0,96,0.051793917,1853,1943535107,0.000000,0.000000
scalar/short_circuit,1048576,1,96,0.051727958,1856,1946013334,0.000000,0.000000
scalar/short_circuit,1048576,2,96,0.051814042,1853,1942780222,0.000000,0.000000
scalar/short_circuit,1048576,3,96,0.051746208,1855,1945327008,0.000000,0.000000
scalar/short_circuit,1048576,4,96,0.051741041,1855,1945521274,0.000000,0.000000
scalar/short_circuit,1048576,5,96,0.051713292,1856,1946565227,0.000000,0.000000
scalar/short_circuit,1048576,6,96,0.051797750,1853,1943391286,0.000000,0.000000
scalar/mixed,1048576,0,32,0.084024667,381,399340256,0.000000,0.000000
scalar/mixed,1048576,1,32,0.084008459,381,399417302,0.000000,0.000000
scalar/mixed,1048576,2,32,0.083935625,381,399763890,0.000000,0.000000
scalar/mixed,1048576,3,32,0.083984542,381,399531047,0.000000,0.000000
scalar/mixed,1048576,4,32,0.084043958,381,399248593,0.000000,0.000000
scalar/mixed,1048576,5,32,0.083919959,381,399838518,0.000000,0.000000
scalar/mixed,1048576,6,32,0.084075708,381,399097823,0.000000,0.000000
scalar/write,1048576,0,32,0.050621583,632,662848335,0.000000,0.000000
scalar/write,1048576,1,32,0.050688750,631,661970003,0.000000,0.000000
scalar/write,1048576,2,32,0.050618875,632,662883796,0.000000,0.000000
scalar/write,1048576,3,32,0.050687833,631,661981979,0.000000,0.000000
scalar/write,1048576,4,32,0.050566167,633,663574757,0.000000,0.000000
scalar/write,1048576,5,32,0.050646458,632,662522777,0.000000,0.000000
scalar/write,1048576,6,32,0.050688416,631,661974365,0.000000,0.000000
scalar/sequence_boolean,330,0,29696,0.050034458,593511,195858622,0.000000,0.000000
scalar/sequence_boolean,330,1,29888,0.050035208,597339,197121995,0.000000,0.000000
scalar/sequence_boolean,330,2,29856,0.050020042,596881,196970646,0.000000,0.000000
scalar/sequence_boolean,330,3,29760,0.050010917,595070,196373124,0.000000,0.000000
scalar/sequence_boolean,330,4,29920,0.050046084,597849,197290162,0.000000,0.000000
scalar/sequence_boolean,330,5,29856,0.050038791,596657,196896843,0.000000,0.000000
scalar/sequence_boolean,330,6,29824,0.050047833,595910,196650273,0.000000,0.000000
scalar/sequence_array_equality,330,0,21088,0.050067041,421195,138994433,0.000000,0.000000
scalar/sequence_array_equality,330,1,21120,0.050056833,421920,139233739,0.000000,0.000000
scalar/sequence_array_equality,330,2,21120,0.050040125,422061,139280228,0.000000,0.000000
scalar/sequence_array_equality,330,3,21024,0.050045833,420095,138631322,0.000000,0.000000
scalar/sequence_array_equality,330,4,20576,0.050066584,410973,135620996,0.000000,0.000000
scalar/sequence_array_equality,330,5,20704,0.050013084,413972,136610652,0.000000,0.000000
scalar/sequence_array_equality,330,6,20992,0.050037916,419522,138442216,0.000000,0.000000
scalar/sequence_equality,330,0,16416,0.050068709,327869,108196918,3.000000,672.000000
scalar/sequence_equality,330,1,16352,0.050047583,326729,107820591,3.000000,672.000000
scalar/sequence_equality,330,2,16480,0.050009292,329539,108747790,3.000000,672.000000
scalar/sequence_equality,330,3,16512,0.050088917,329654,108785742,3.000000,672.000000
scalar/sequence_equality,330,4,16416,0.050010291,328252,108323305,3.000000,672.000000
scalar/sequence_equality,330,5,16512,0.050054083,329883,108861449,3.000000,672.000000
scalar/sequence_equality,330,6,16576,0.050022417,331371,109352573,3.000000,672.000000
scalar/array_equality,330,0,14784,0.050050666,295381,97475626,16.000000,3264.000000
scalar/array_equality,330,1,14400,0.050034958,287799,94973598,16.000000,3264.000000
scalar/array_equality,330,2,14816,0.050095750,295754,97598698,16.000000,3264.000000
scalar/array_equality,330,3,14848,0.050039583,296725,97919281,16.000000,3264.000000
scalar/array_equality,330,4,14816,0.050107000,295687,97576786,16.000000,3264.000000
scalar/array_equality,330,5,14624,0.050075250,292040,96373358,16.000000,3264.000000
scalar/array_equality,330,6,14880,0.050045542,297329,98118630,16.000000,3264.000000
scalar/singleton,15,0,422752,0.050001834,8454730,126820948,0.000000,0.000000
scalar/singleton,15,1,425728,0.050002708,8514099,127711483,0.000000,0.000000
scalar/singleton,15,2,421760,0.050003625,8434588,126518827,0.000000,0.000000
scalar/singleton,15,3,422784,0.050003291,8455123,126826852,0.000000,0.000000
scalar/singleton,15,4,422304,0.050003334,8445517,126682753,0.000000,0.000000
scalar/singleton,15,5,421504,0.050001000,8429911,126448671,0.000000,0.000000
scalar/singleton,15,6,423328,0.050003459,8465974,126989615,0.000000,0.000000
scalar/sequence_type_error,330,0,47008,0.050014834,939881,310160781,0.000000,0.000000
scalar/sequence_type_error,330,1,47200,0.050019459,943633,311398810,0.000000,0.000000
scalar/sequence_type_error,330,2,47008,0.050018541,939811,310137795,0.000000,0.000000
scalar/sequence_type_error,330,3,46560,0.050020583,930817,307169551,0.000000,0.000000
scalar/sequence_type_error,330,4,46656,0.050016875,932805,307825709,0.000000,0.000000
scalar/sequence_type_error,330,5,46688,0.050020250,933382,308016053,0.000000,0.000000
scalar/sequence_type_error,330,6,46880,0.050018166,937259,309295627,0.000000,0.000000
scalar/object_equality,125,0,37376,0.050001417,747499,93437352,3.000000,1396.000000
scalar/object_equality,125,1,38592,0.050014167,771621,96452671,3.000000,1396.000000
scalar/object_equality,125,2,38528,0.050032209,770064,96257993,3.000000,1396.000000
scalar/object_equality,125,3,37824,0.050026667,756077,94509594,3.000000,1396.000000
scalar/object_equality,125,4,37952,0.050040625,758424,94802973,3.000000,1396.000000
scalar/object_equality,125,5,38528,0.050037250,769986,96248295,3.000000,1396.000000
scalar/object_equality,125,6,37696,0.050024667,753548,94193531,3.000000,1396.000000
scalar/object_equality,2389,0,2304,0.050534000,45593,108921835,7.000000,24948.000000
scalar/object_equality,2389,1,2304,0.050435542,45682,109134467,7.000000,24948.000000
scalar/object_equality,2389,2,2272,0.050271542,45195,107969793,7.000000,24948.000000
scalar/object_equality,2389,3,2272,0.050157667,45297,108214922,7.000000,24948.000000
scalar/object_equality,2389,4,2240,0.050197042,44624,106607079,7.000000,24948.000000
scalar/object_equality,2389,5,2336,0.050447666,46305,110623631,7.000000,24948.000000
scalar/object_equality,2389,6,2304,0.050074708,46011,109920881,7.000000,24948.000000
scalar/escaped_strings,26,0,583200,0.050001083,11663747,303257431,0.000000,0.000000
scalar/escaped_strings,26,1,586336,0.050002041,11726241,304882275,0.000000,0.000000
scalar/escaped_strings,26,2,578880,0.050000958,11577378,301011833,0.000000,0.000000
scalar/escaped_strings,26,3,577696,0.050001125,11553660,300395161,0.000000,0.000000
scalar/escaped_strings,26,4,585600,0.050000625,11711854,304508194,0.000000,0.000000
scalar/escaped_strings,26,5,579424,0.050001416,11588152,301291947,0.000000,0.000000
scalar/escaped_strings,26,6,579264,0.050002125,11584788,301204479,0.000000,0.000000
compile/filter,0,0,91840,0.050005834,1836586,0,20.000000,1539.000000
compile/filter,0,1,92224,0.050004042,1844331,0,20.000000,1539.000000
compile/filter,0,2,92864,0.050008750,1856955,0,20.000000,1539.000000
compile/filter,0,3,93152,0.050012167,1862587,0,20.000000,1539.000000
compile/filter,0,4,92480,0.050005083,1849412,0,20.000000,1539.000000
compile/filter,0,5,91168,0.050004959,1823179,0,20.000000,1539.000000
compile/filter,0,6,91232,0.050017375,1824006,0,20.000000,1539.000000
filter/predicate,100,0,107520,0.050000875,2150362,215036237,0.000000,0.000000
filter/predicate,100,1,106336,0.050006667,2126436,212643646,0.000000,0.000000
filter/predicate,100,2,106848,0.050014333,2136348,213634759,0.000000,0.000000
filter/predicate,100,3,105408,0.050004583,2107967,210796678,0.000000,0.000000
filter/predicate,100,4,106112,0.050008584,2121876,212187572,0.000000,0.000000
filter/predicate,100,5,107264,0.050013000,2144722,214472237,0.000000,0.000000
filter/predicate,100,6,106400,0.050001417,2127940,212793969,0.000000,0.000000
filter/none,100,0,117792,0.050005042,2355602,235560246,0.000000,0.000000
filter/none,100,1,118752,0.050011000,2374518,237451761,0.000000,0.000000
filter/none,100,2,118912,0.050000791,2378202,237820238,0.000000,0.000000
filter/none,100,3,118944,0.050013167,2378254,237825371,0.000000,0.000000
filter/none,100,4,119520,0.050005583,2390133,239013312,0.000000,0.000000
filter/none,100,5,120256,0.050005334,2404863,240486345,0.000000,0.000000
filter/none,100,6,119392,0.050000416,2387820,238782013,0.000000,0.000000
filter/first,100,0,151392,0.050006000,3027477,302747670,0.000000,0.000000
filter/first,100,1,151200,0.050009459,3023428,302342803,0.000000,0.000000
filter/first,100,2,150048,0.050009083,3000415,300041494,0.000000,0.000000
filter/first,100,3,150880,0.050005417,3017273,301727311,0.000000,0.000000
filter/first,100,4,151168,0.050004042,3023116,302311561,0.000000,0.000000
filter/first,100,5,151680,0.050010417,3032968,303296811,0.000000,0.000000
filter/first,100,6,151744,0.050007959,3034397,303439698,0.000000,0.000000
filter/last,100,0,132000,0.050007916,2639582,263958210,0.000000,0.000000
filter/last,100,1,131168,0.050008709,2622903,262290314,0.000000,0.000000
filter/last,100,2,131968,0.050001542,2639279,263927860,0.000000,0.000000
filter/last,100,3,131680,0.050001250,2633534,263353416,0.000000,0.000000
filter/last,100,4,132672,0.050003333,2653263,265326313,0.000000,0.000000
filter/last,100,5,132960,0.050008584,2658744,265874355,0.000000,0.000000
filter/last,100,6,132640,0.050008542,2652347,265234687,0.000000,0.000000
filter/computed_last,100,0,108256,0.050009750,2164698,216469788,0.000000,0.000000
filter/computed_last,100,1,107488,0.050009125,2149368,214936774,0.000000,0.000000
filter/computed_last,100,2,108704,0.050014875,2173433,217343340,0.000000,0.000000
filter/computed_last,100,3,107360,0.050006666,2146914,214691377,0.000000,0.000000
filter/computed_last,100,4,107104,0.050010541,2141629,214162850,0.000000,0.000000
filter/computed_last,100,5,107104,0.050007042,2141778,214177835,0.000000,0.000000
filter/computed_last,100,6,107456,0.050010333,2148676,214867595,0.000000,0.000000
filter/chained,100,0,79296,0.050008125,1585662,158566233,0.000000,0.000000
filter/chained,100,1,78944,0.050014334,1578427,157842750,0.000000,0.000000
filter/chained,100,2,79104,0.050000917,1582051,158205099,0.000000,0.000000
filter/chained,100,3,79232,0.050007416,1584405,158440500,0.000000,0.000000
filter/chained,100,4,80192,0.050003875,1603716,160371571,0.000000,0.000000
filter/chained,100,5,80256,0.050012750,1604711,160471080,0.000000,0.000000
filter/chained,100,6,80096,0.050003250,1601816,160181588,0.000000,0.000000
filter/predicate,500,0,56288,0.050019167,1125329,562664308,0.000000,0.000000
filter/predicate,500,1,55712,0.050004417,1114142,557070788,0.000000,0.000000
filter/predicate,500,2,56160,0.050016375,1122832,561416136,0.000000,0.000000
filter/predicate,500,3,56320,0.050002375,1126346,563173249,0.000000,0.000000
filter/predicate,500,4,56320,0.050006958,1126243,563121636,0.000000,0.000000
filter/predicate,500,5,56512,0.050010792,1129996,564998051,0.000000,0.000000
filter/predicate,500,6,56512,0.050010000,1130014,565006999,0.000000,0.000000
filter/none,500,0,59840,0.050002125,1196749,598374569,0.000000,0.000000
filter/none,500,1,59776,0.050012750,1195215,597607610,0.000000,0.000000
filter/none,500,2,60000,0.050003500,1199916,599958003,0.000000,0.000000
filter/none,500,3,59872,0.050026250,1196812,598405837,0.000000,0.000000
filter/none,500,4,59744,0.050010833,1194621,597310587,0.000000,0.000000
filter/none,500,5,59744,0.050019583,1194412,597206098,0.000000,0.000000
filter/none,500,6,59456,0.050003042,1189048,594523829,0.000000,0.000000
filter/first,500,0,66464,0.050015750,1328861,664430704,0.000000,0.000000
filter/first,500,1,66720,0.050018209,1333914,666957108,0.000000,0.000000
filter/first,500,2,66912,0.050000417,1338229,669114420,0.000000,0.000000
filter/first,500,3,67264,0.050011417,1344973,672486444,0.000000,0.000000
filter/first,500,4,67168,0.050020250,1342816,671408080,0.000000,0.000000
filter/first,500,5,67328,0.050002167,1346502,673250821,0.000000,0.000000
filter/first,500,6,66880,0.050008708,1337367,668683542,0.000000,0.000000
filter/last,500,0,62784,0.050019542,1255189,627594711,0.000000,0.000000
filter/last,500,1,62656,0.050013334,1252786,626392954,0.000000,0.000000
filter/last,500,2,63040,0.050019916,1260298,630148999,0.000000,0.000000
filter/last,500,3,62784,0.050004875,1255558,627778792,0.000000,0.000000
filter/last,500,4,62944,0.050006917,1258706,629352935,0.000000,0.000000
filter/last,500,5,62944,0.050019750,1258383,629191469,0.000000,0.000000
filter/last,500,6,63136,0.050017500,1262278,631139101,0.000000,0.000000
filter/computed_last,500,0,56256,0.050024917,1124560,562279793,0.000000,0.000000
filter/computed_last,500,1,55840,0.050003208,1116728,558364175,0.000000,0.000000
filter/computed_last,500,2,56544,0.050007667,1130707,565353309,0.000000,0.000000
filter/computed_last,500,3,56512,0.050021958,1129744,564871931,0.000000,0.000000
filter/computed_last,500,4,56704,0.050007000,1133921,566960626,0.000000,0.000000
filter/computed_last,500,5,56544,0.050005834,1130748,565374032,0.000000,0.000000
filter/computed_last,500,6,56544,0.050023833,1130341,565170606,0.000000,0.000000
filter/chained,500,0,47264,0.050006917,945149,472574624,0.000000,0.000000
filter/chained,500,1,47648,0.050003291,952897,476448640,0.000000,0.000000
filter/chained,500,2,47808,0.050030625,955575,477787355,0.000000,0.000000
filter/chained,500,3,47872,0.050028334,956898,478448873,0.000000,0.000000
filter/chained,500,4,47840,0.050031750,956193,478096409,0.000000,0.000000
filter/chained,500,5,47648,0.050021833,952544,476272031,0.000000,0.000000
filter/chained,500,6,47584,0.050004333,951598,475798767,0.000000,0.000000
filter/predicate,1024,0,34976,0.050013834,699327,716110347,0.000000,0.000000
filter/predicate,1024,1,34912,0.050003333,698193,714950101,0.000000,0.000000
filter/predicate,1024,2,35040,0.050024083,700463,717273718,0.000000,0.000000
filter/predicate,1024,3,34944,0.050037459,698357,715117368,0.000000,0.000000
filter/predicate,1024,4,35136,0.050003542,702670,719534308,0.000000,0.000000
filter/predicate,1024,5,35136,0.050033125,702255,719108870,0.000000,0.000000
filter/predicate,1024,6,34976,0.050032750,699062,715839605,0.000000,0.000000
filter/none,1024,0,36544,0.050037625,730330,747858357,0.000000,0.000000
filter/none,1024,1,36416,0.050002750,728280,745758663,0.000000,0.000000
filter/none,1024,2,36448,0.050017458,728706,746194499,0.000000,0.000000
filter/none,1024,3,36480,0.050039959,729017,746513801,0.000000,0.000000
filter/none,1024,4,36544,0.050020791,730576,748110041,0.000000,0.000000
filter/none,1024,5,36320,0.050041000,725805,743224156,0.000000,0.000000
filter/none,1024,6,36352,0.050007542,726930,744376678,0.000000,0.000000
filter/first,1024,0,39104,0.050013916,781862,800627089,0.000000,0.000000
filter/first,1024,1,39008,0.050026583,779745,798459331,0.000000,0.000000
filter/first,1024,2,39008,0.050008083,780034,798754713,0.000000,0.000000
filter/first,1024,3,39040,0.050035667,780243,798969263,0.000000,0.000000
filter/first,1024,4,39072,0.050021166,781109,799855965,0.000000,0.000000
filter/first,1024,5,38976,0.050033167,779003,797699334,0.000000,0.000000
filter/first,1024,6,39040,0.050036084,780237,798962605,0.000000,0.000000
filter/last,1024,0,37472,0.050036667,748891,766864188,0.000000,0.000000
filter/last,1024,1,37504,0.050008125,749958,767957127,0.000000,0.000000
filter/last,1024,2,37504,0.050015834,749843,767838761,0.000000,0.000000
filter/last,1024,3,37536,0.050027750,750304,768310867,0.000000,0.000000
filter/last,1024,4,37344,0.050016459,746634,764553444,0.000000,0.000000
filter/last,1024,5,37344,0.050039542,746290,764200759,0.000000,0.000000
filter/last,1024,6,37280,0.050022958,745258,763143995,0.000000,0.000000
filter/computed_last,1024,0,35296,0.050036458,705406,722335382,0.000000,0.000000
filter/computed_last,1024,1,35168,0.050042334,702765,719631343,0.000000,0.000000
filter/computed_last,1024,2,35200,0.050041542,703416,720297548,0.000000,0.000000
filter/computed_last,1024,3,35296,0.050045000,705285,722212089,0.000000,0.000000
filter/computed_last,1024,4,35232,0.050001667,704617,721527304,0.000000,0.000000
filter/computed_last,1024,5,35360,0.050007250,707097,724067810,0.000000,0.000000
filter/computed_last,1024,6,35264,0.050043958,704660,721572342,0.000000,0.000000
filter/chained,1024,0,31552,0.050008917,630927,646069740,0.000000,0.000000
filter/chained,1024,1,31648,0.050012459,632802,647989574,0.000000,0.000000
filter/chained,1024,2,31712,0.050021583,633966,649181534,0.000000,0.000000
filter/chained,1024,3,31616,0.050021125,632053,647222229,0.000000,0.000000
filter/chained,1024,4,31616,0.050012041,632168,647339788,0.000000,0.000000
filter/chained,1024,5,31584,0.050016708,631469,646624244,0.000000,0.000000
filter/chained,1024,6,31488,0.050016583,629551,644660432,0.000000,0.000000
filter/predicate,10240,0,4672,0.050282542,92915,951449113,0.000000,0.000000
filter/predicate,10240,1,4672,0.050297708,92887,951162228,0.000000,0.000000
filter/predicate,10240,2,4672,0.050313250,92858,950868409,0.000000,0.000000
filter/predicate,10240,3,4640,0.050079708,92652,948759526,0.000000,0.000000
filter/predicate,10240,4,4672,0.050259417,92958,951886887,0.000000,0.000000
filter/predicate,10240,5,4640,0.050025583,92753,949786032,0.000000,0.000000
filter/predicate,10240,6,4672,0.050264541,92948,951789851,0.000000,0.000000
filter/none,10240,0,4672,0.050090791,93271,955091326,0.000000,0.000000
filter/none,10240,1,4672,0.050063208,93322,955617547,0.000000,0.000000
filter/none,10240,2,4672,0.050121666,93213,954502989,0.000000,0.000000
filter/none,10240,3,4672,0.050033375,93378,956187345,0.000000,0.000000
filter/none,10240,4,4672,0.050132458,93193,954297513,0.000000,0.000000
filter/none,10240,5,4672,0.050094416,93264,955022212,0.000000,0.000000
filter/none,10240,6,4672,0.050066042,93317,955563454,0.000000,0.000000
filter/first,10240,0,4704,0.050046916,93992,962476089,0.000000,0.000000
filter/first,10240,1,4704,0.050012250,94057,963143230,0.000000,0.000000
filter/first,10240,2,4736,0.050296750,94161,964210212,0.000000,0.000000
filter/first,10240,3,4736,0.050338167,94084,963416884,0.000000,0.000000
filter/first,10240,4,4736,0.050284125,94185,964452300,0.000000,0.000000
filter/first,10240,5,4704,0.050001417,94077,963351899,0.000000,0.000000
filter/first,10240,6,4736,0.050295792,94163,964228578,0.000000,0.000000
filter/last,10240,0,4704,0.050220583,93667,959147766,0.000000,0.000000
filter/last,10240,1,4672,0.050181959,93101,953356165,0.000000,0.000000
filter/last,10240,2,4704,0.050277000,93562,958071484,0.000000,0.000000
filter/last,10240,3,4704,0.050238042,93634,958814438,0.000000,0.000000
filter/last,10240,4,4704,0.050293833,93530,957750824,0.000000,0.000000
filter/last,10240,5,4704,0.050158375,93783,960337332,0.000000,0.000000
filter/last,10240,6,4704,0.050280667,93555,958001611,0.000000,0.000000
filter/computed_last,10240,0,4640,0.050005125,92790,950174607,0.000000,0.000000
filter/computed_last,10240,1,4672,0.050329750,92828,950556679,0.000000,0.000000
filter/computed_last,10240,2,4640,0.050027167,92750,949755960,0.000000,0.000000
filter/computed_last,10240,3,4640,0.050023125,92757,949832702,0.000000,0.000000
filter/computed_last,10240,4,4640,0.050013209,92775,950021023,0.000000,0.000000
filter/computed_last,10240,5,4672,0.050326000,92835,950627509,0.000000,0.000000
filter/computed_last,10240,6,4672,0.050340917,92807,950345819,0.000000,0.000000
filter/chained,10240,0,4576,0.050060334,91410,936035305,0.000000,0.000000
filter/chained,10240,1,4576,0.050062125,91406,936001818,0.000000,0.000000
filter/chained,10240,2,4576,0.050198083,91159,933466722,0.000000,0.000000
filter/chained,10240,3,4576,0.050013375,91496,936914175,0.000000,0.000000
filter/chained,10240,4,4576,0.050175583,91200,933885312,0.000000,0.000000
filter/chained,10240,5,4576,0.050027916,91469,936641854,0.000000,0.000000
filter/chained,10240,6,4576,0.050081834,91370,935633467,0.000000,0.000000
filter/predicate,65536,0,768,0.051267917,14980,981737721,0.000000,0.000000
filter/predicate,65536,1,768,0.051338833,14959,980381615,0.000000,0.000000
filter/predicate,65536,2,768,0.051215958,14995,982733702,0.000000,0.000000
filter/predicate,65536,3,768,0.051313709,14967,980861625,0.000000,0.000000
filter/predicate,65536,4,768,0.051210417,14997,982840034,0.000000,0.000000
filter/predicate,65536,5,768,0.051312167,14967,980891101,0.000000,0.000000
filter/predicate,65536,6,768,0.051348375,14957,980199432,0.000000,0.000000
filter/none,65536,0,768,0.051232000,14991,982425984,0.000000,0.000000
filter/none,65536,1,768,0.051173167,15008,983555464,0.000000,0.000000
filter/none,65536,2,768,0.051608292,14881,975262812,0.000000,0.000000
filter/none,65536,3,768,0.051150916,15014,983983317,0.000000,0.000000
filter/none,65536,4,768,0.051285458,14975,981401940,0.000000,0.000000
filter/none,65536,5,768,0.051130666,15020,984373018,0.000000,0.000000
filter/none,65536,6,768,0.051270167,14979,981694637,0.000000,0.000000
filter/first,65536,0,768,0.051397583,14942,979260990,0.000000,0.000000
filter/first,65536,1,768,0.051187500,15004,983280059,0.000000,0.000000
filter/first,65536,2,768,0.051195458,15001,983127214,0.000000,0.000000
filter/first,65536,3,768,0.051178291,15006,983456990,0.000000,0.000000
filter/first,65536,4,768,0.051071708,15038,985509394,0.000000,0.000000
filter/first,65536,5,768,0.051220167,14994,982652946,0.000000,0.000000
filter/first,65536,6,768,0.051083625,15034,985279490,0.000000,0.000000
filter/last,65536,0,768,0.051144375,15016,984109162,0.000000,0.000000
filter/last,65536,1,768,0.051228583,14992,982491513,0.000000,0.000000
filter/last,65536,2,768,0.051194958,15001,983136816,0.000000,0.000000
filter/last,65536,3,768,0.051274667,14978,981608481,0.000000,0.000000
filter/last,65536,4,768,0.051126375,15022,984455636,0.000000,0.000000
filter/last,65536,5,768,0.051233708,14990,982393232,0.000000,0.000000
filter/last,65536,6,768,0.051163916,15011,983733301,0.000000,0.000000
filter/computed_last,65536,0,768,0.051365958,14952,979863901,0.000000,0.000000
filter/computed_last,65536,1,768,0.051197625,15001,983085602,0.000000,0.000000
filter/computed_last,65536,2,768,0.051222250,14993,982612986,0.000000,0.000000
filter/computed_last,65536,3,768,0.051195917,15001,983118400,0.000000,0.000000
filter/computed_last,65536,4,768,0.051286917,14975,981374022,0.000000,0.000000
filter/computed_last,65536,5,768,0.051175333,15007,983513835,0.000000,0.000000
filter/computed_last,65536,6,768,0.051319083,14965,980758912,0.000000,0.000000
filter/chained,65536,0,768,0.051292084,14973,981275161,0.000000,0.000000
filter/chained,65536,1,768,0.051417083,14937,978889604,0.000000,0.000000
filter/chained,65536,2,768,0.051460333,14924,978066893,0.000000,0.000000
filter/chained,65536,3,768,0.051481583,14918,977663177,0.000000,0.000000
filter/chained,65536,4,768,0.051394833,14943,979313387,0.000000,0.000000
filter/chained,65536,5,768,0.051426792,14934,978704797,0.000000,0.000000
filter/chained,65536,6,768,0.051352041,14956,980129456,0.000000,0.000000
filter/predicate,1048576,0,64,0.067979792,941,987188428,0.000000,0.000000
filter/predicate,1048576,1,64,0.067855666,943,988994257,0.000000,0.000000
filter/predicate,1048576,2,64,0.067825000,944,989441415,0.000000,0.000000
filter/predicate,1048576,3,64,0.068052500,940,986133706,0.000000,0.000000
filter/predicate,1048576,4,64,0.068176417,939,984341316,0.000000,0.000000
filter/predicate,1048576,5,64,0.067890875,943,988481353,0.000000,0.000000
filter/predicate,1048576,6,64,0.067984333,941,987122489,0.000000,0.000000
filter/none,1048576,0,64,0.067872917,943,988742888,0.000000,0.000000
filter/none,1048576,1,64,0.067962083,942,987445661,0.000000,0.000000
filter/none,1048576,2,64,0.067932750,942,987872035,0.000000,0.000000
filter/none,1048576,3,64,0.068085000,940,985662980,0.000000,0.000000
filter/none,1048576,4,64,0.067916334,942,988110813,0.000000,0.000000
filter/none,1048576,5,64,0.067944958,942,987694539,0.000000,0.000000
filter/none,1048576,6,64,0.067909958,942,988203586,0.000000,0.000000
filter/first,1048576,0,64,0.067816625,944,989563606,0.000000,0.000000
filter/first,1048576,1,64,0.067869833,943,988787817,0.000000,0.000000
filter/first,1048576,2,64,0.067961208,942,987458375,0.000000,0.000000
filter/first,1048576,3,64,0.067996417,941,986947062,0.000000,0.000000
filter/first,1048576,4,64,0.067907583,942,988238147,0.000000,0.000000
filter/first,1048576,5,64,0.068213000,938,983813408,0.000000,0.000000
filter/first,1048576,6,64,0.067851792,943,989050724,0.000000,0.000000
filter/last,1048576,0,64,0.068958584,928,973176363,0.000000,0.000000
filter/last,1048576,1,64,0.068043042,941,986270778,0.000000,0.000000
filter/last,1048576,2,64,0.067952000,942,987592183,0.000000,0.000000
filter/last,1048576,3,64,0.068146333,939,984775865,0.000000,0.000000
filter/last,1048576,4,64,0.068041291,941,986296159,0.000000,0.000000
filter/last,1048576,5,64,0.068205875,938,983916180,0.000000,0.000000
filter/last,1048576,6,64,0.068148667,939,984742137,0.000000,0.000000
filter/computed_last,1048576,0,64,0.067950417,942,987615190,0.000000,0.000000
filter/computed_last,1048576,1,64,0.068029875,941,986461668,0.000000,0.000000
filter/computed_last,1048576,2,64,0.068111084,940,985285508,0.000000,0.000000
filter/computed_last,1048576,3,64,0.067925833,942,987972632,0.000000,0.000000
filter/computed_last,1048576,4,64,0.067877875,943,988670668,0.000000,0.000000
filter/computed_last,1048576,5,64,0.067944208,942,987705442,0.000000,0.000000
filter/computed_last,1048576,6,64,0.068200750,938,983990117,0.000000,0.000000
filter/chained,1048576,0,64,0.067907625,942,988237536,0.000000,0.000000
filter/chained,1048576,1,64,0.067952458,942,987585526,0.000000,0.000000
filter/chained,1048576,2,64,0.067903625,943,988295750,0.000000,0.000000
filter/chained,1048576,3,64,0.067925750,942,987973839,0.000000,0.000000
filter/chained,1048576,4,64,0.067888917,943,988509862,0.000000,0.000000
filter/chained,1048576,5,64,0.067888791,943,988511697,0.000000,0.000000
filter/chained,1048576,6,64,0.067877458,943,988676742,0.000000,0.000000
filter/wide_predicate,164,0,32288,0.050005500,645689,105892992,0.000000,0.000000
filter/wide_predicate,164,1,31840,0.050016958,636584,104399792,0.000000,0.000000
filter/wide_predicate,164,2,32352,0.050035041,646587,106040245,0.000000,0.000000
filter/wide_predicate,164,3,32672,0.050036041,652969,107086970,0.000000,0.000000
filter/wide_predicate,164,4,32512,0.050006875,650151,106624699,0.000000,0.000000
filter/wide_predicate,164,5,32544,0.050014542,650691,106713284,0.000000,0.000000
filter/wide_predicate,164,6,31520,0.050025083,630084,103333762,0.000000,0.000000
filter/wide_last,164,0,59456,0.050024833,1188530,194918872,0.000000,0.000000
filter/wide_last,164,1,60288,0.050006375,1205606,197719431,0.000000,0.000000
filter/wide_last,164,2,60032,0.050001625,1200601,196898561,0.000000,0.000000
filter/wide_last,164,3,60160,0.050007291,1203025,197296030,0.000000,0.000000
filter/wide_last,164,4,59968,0.050008125,1199165,196663082,0.000000,0.000000
filter/wide_last,164,5,60192,0.050003292,1203761,197416762,0.000000,0.000000
filter/wide_last,164,6,60224,0.050004542,1204371,197516778,0.000000,0.000000
filter/sequence_last,164,0,28608,0.050026208,571860,93785082,0.000000,0.000000
filter/sequence_last,164,1,28608,0.050041875,571681,93755720,0.000000,0.000000
filter/sequence_last,164,2,28768,0.050047250,574817,94269955,0.000000,0.000000
filter/sequence_last,164,3,28768,0.050032500,574986,94297746,0.000000,0.000000
filter/sequence_last,164,4,28576,0.050004875,571464,93720142,0.000000,0.000000
filter/sequence_last,164,5,28896,0.050034375,577523,94713764,0.000000,0.000000
filter/sequence_last,164,6,28736,0.050048791,574160,94162195,0.000000,0.000000
filter/wide_predicate,2736,0,2048,0.050215833,40784,111584886,0.000000,0.000000
filter/wide_predicate,2736,1,2048,0.050018125,40945,112025951,0.000000,0.000000
filter/wide_predicate,2736,2,2048,0.050025042,40939,112010461,0.000000,0.000000
filter/wide_predicate,2736,3,2080,0.050263416,41382,113221115,0.000000,0.000000
filter/wide_predicate,2736,4,2112,0.050188417,42081,115134773,0.000000,0.000000
filter/wide_predicate,2736,5,2080,0.050683041,41039,112283712,0.000000,0.000000
filter/wide_predicate,2736,6,2112,0.050621042,41722,114150791,0.000000,0.000000
filter/wide_last,2736,0,4544,0.050133583,90638,247985148,0.000000,0.000000
filter/wide_last,2736,1,4576,0.050218416,91122,249309656,0.000000,0.000000
filter/wide_last,2736,2,4576,0.050239625,91083,249204408,0.000000,0.000000
filter/wide_last,2736,3,4576,0.050181792,91188,249491608,0.000000,0.000000
filter/wide_last,2736,4,4544,0.050164000,90583,247834782,0.000000,0.000000
filter/wide_last,2736,5,4544,0.050237792,90450,247470749,0.000000,0.000000
filter/wide_last,2736,6,4544,0.050287625,90360,247225515,0.000000,0.000000
filter/sequence_last,2736,0,2112,0.050008500,42233,115548997,0.000000,0.000000
filter/sequence_last,2736,1,2144,0.050301459,42623,116616578,0.000000,0.000000
filter/sequence_last,2736,2,2144,0.050351375,42581,116500969,0.000000,0.000000
filter/sequence_last,2736,3,2144,0.050376959,42559,116441804,0.000000,0.000000
filter/sequence_last,2736,4,2144,0.050422125,42521,116337501,0.000000,0.000000
filter/sequence_last,2736,5,2112,0.050057292,42192,115436368,0.000000,0.000000
filter/sequence_last,2736,6,2144,0.050568834,42398,115999985,0.000000,0.000000
filter/wide_predicate,23392,0,256,0.050643750,5055,118244640,0.000000,0.000000
filter/wide_predicate,23392,1,288,0.055596750,5180,121174277,0.000000,0.000000
filter/wide_predicate,23392,2,288,0.056216334,5123,119838764,0.000000,0.000000
filter/wide_predicate,23392,3,288,0.055885334,5153,120548550,0.000000,0.000000
filter/wide_predicate,23392,4,256,0.050482708,5071,118621846,0.000000,0.000000
filter/wide_predicate,23392,5,256,0.050084958,5111,119563882,0.000000,0.000000
filter/wide_predicate,23392,6,256,0.050611709,5058,118319498,0.000000,0.000000
filter/wide_last,23392,0,576,0.051097833,11272,263686172,0.000000,0.000000
filter/wide_last,23392,1,576,0.050479416,11411,266916559,0.000000,0.000000
filter/wide_last,23392,2,576,0.051527208,11179,261488882,0.000000,0.000000
filter/wide_last,23392,3,576,0.051757000,11129,260327917,0.000000,0.000000
filter/wide_last,23392,4,576,0.051731458,11134,260456452,0.000000,0.000000
filter/wide_last,23392,5,576,0.051693375,11143,260648333,0.000000,0.000000
filter/wide_last,23392,6,576,0.051834292,11112,259939733,0.000000,0.000000
filter/sequence_last,23392,0,288,0.054585250,5276,123419715,0.000000,0.000000
filter/sequence_last,23392,1,288,0.054618375,5273,123344863,0.000000,0.000000
filter/sequence_last,23392,2,288,0.054419459,5292,123795718,0.000000,0.000000
filter/sequence_last,23392,3,288,0.054232000,5311,124223632,0.000000,0.000000
filter/sequence_last,23392,4,288,0.054505000,5284,123601431,0.000000,0.000000
filter/sequence_last,23392,5,288,0.053553250,5378,125798079,0.000000,0.000000
filter/sequence_last,23392,6,288,0.053739250,5359,125362673,0.000000,0.000000
filter/nested,892,0,3552,0.050102125,70895,63238515,0.000000,0.000000
filter/nested,892,1,3552,0.050236417,70706,63069466,0.000000,0.000000
filter/nested,892,2,3552,0.050145000,70835,63184445,0.000000,0.000000
filter/nested,892,3,3552,0.050270792,70657,63026339,0.000000,0.000000
filter/nested,892,4,3552,0.050085583,70919,63259401,0.000000,0.000000
filter/nested,892,5,3552,0.050115250,70877,63221953,0.000000,0.000000
filter/nested,892,6,3552,0.050142250,70838,63187910,0.000000,0.000000
filter/per_group,892,0,5408,0.050191458,107747,96110697,0.000000,0.000000
filter/per_group,892,1,5344,0.050142791,106576,95065470,0.000000,0.000000
filter/per_group,892,2,5376,0.050039625,107435,95831893,0.000000,0.000000
filter/per_group,892,3,5408,0.050104791,107934,96276941,0.000000,0.000000
filter/per_group,892,4,5408,0.050078750,107990,96327005,0.000000,0.000000
filter/per_group,892,5,5440,0.050238833,108283,96588231,0.000000,0.000000
filter/per_group,892,6,5440,0.050170625,108430,96719545,0.000000,0.000000
filter/global,892,0,7424,0.050147750,148043,132053941,0.000000,0.000000
filter/global,892,1,7392,0.050082541,147596,131655940,0.000000,0.000000
filter/global,892,2,7488,0.050216583,149114,133009767,0.000000,0.000000
filter/global,892,3,7392,0.050034333,147739,131782790,0.000000,0.000000
filter/global,892,4,7360,0.050118375,146852,130992276,0.000000,0.000000
filter/global,892,5,7360,0.050112834,146869,131006760,0.000000,0.000000
filter/global,892,6,7424,0.050105500,148167,132165291,0.000000,0.000000
filter/deep,136,0,3840,0.050411209,76174,10359601,0.000000,0.000000
filter/deep,136,1,3808,0.050087167,76027,10339734,0.000000,0.000000
filter/deep,136,2,3808,0.050169166,75903,10322835,0.000000,0.000000
filter/deep,136,3,3840,0.050405667,76182,10360740,0.000000,0.000000
filter/deep,136,4,3808,0.050067083,76058,10343882,0.000000,0.000000
filter/deep,136,5,3840,0.050406875,76180,10360492,0.000000,0.000000
filter/deep,136,6,3808,0.050112417,75989,10334524,0.000000,0.000000
filter/negative_chain,20,0,4288,0.050294208,85258,1705167,0.000000,0.000000
filter/negative_chain,20,1,4288,0.050364208,85140,1702797,0.000000,0.000000
filter/negative_chain,20,2,4352,0.050215000,86667,1733347,0.000000,0.000000
filter/negative_chain,20,3,4352,0.050332916,86464,1729286,0.000000,0.000000
filter/negative_chain,20,4,4352,0.050357042,86423,1728457,0.000000,0.000000
filter/negative_chain,20,5,4320,0.050045042,86322,1726445,0.000000,0.000000
filter/negative_chain,20,6,4352,0.050278458,86558,1731159,0.000000,0.000000
compile/aggregate,0,0,85728,0.050014041,1714079,0,20.000000,1779.000000
compile/aggregate,0,1,86528,0.050010042,1730213,0,20.000000,1779.000000
compile/aggregate,0,2,85056,0.050007708,1700858,0,20.000000,1779.000000
compile/aggregate,0,3,86592,0.050003708,1731712,0,20.000000,1779.000000
compile/aggregate,0,4,85280,0.050001958,1705533,0,20.000000,1779.000000
compile/aggregate,0,5,85824,0.050015167,1715959,0,20.000000,1779.000000
compile/aggregate,0,6,85920,0.050011000,1718022,0,20.000000,1779.000000
aggregate/count,100,0,194048,0.050003167,3880714,388071420,0.000000,0.000000
aggregate/count,100,1,192480,0.050004792,3849231,384923109,0.000000,0.000000
aggregate/count,100,2,192608,0.050005667,3851723,385172345,0.000000,0.000000
aggregate/count,100,3,194656,0.050007958,3892500,389250047,0.000000,0.000000
aggregate/count,100,4,195296,0.050004250,3905588,390558803,0.000000,0.000000
aggregate/count,100,5,195584,0.050005459,3911253,391125297,0.000000,0.000000
aggregate/count,100,6,194688,0.050007834,3893150,389315002,0.000000,0.000000
aggregate/sum,100,0,186176,0.050003500,3723259,372325937,0.000000,0.000000
aggregate/sum,100,1,188032,0.050004250,3760320,376032037,0.000000,0.000000
aggregate/sum,100,2,187360,0.050007667,3746625,374662549,0.000000,0.000000
aggregate/sum,100,3,187584,0.050006666,3751180,375117989,0.000000,0.000000
aggregate/sum,100,4,188096,0.050005250,3761525,376152504,0.000000,0.000000
aggregate/sum,100,5,187616,0.050008458,3751685,375168536,0.000000,0.000000
aggregate/sum,100,6,188512,0.050004250,3769920,376991956,0.000000,0.000000
aggregate/min,100,0,188992,0.050007625,3779264,377926366,0.000000,0.000000
aggregate/min,100,1,188960,0.050002041,3779046,377904574,0.000000,0.000000
aggregate/min,100,2,189248,0.050005542,3784541,378454052,0.000000,0.000000
aggregate/min,100,3,186624,0.050005291,3732085,373208507,0.000000,0.000000
aggregate/min,100,4,189088,0.050006959,3781234,378123373,0.000000,0.000000
aggregate/min,100,5,187104,0.050002833,3741868,374186799,0.000000,0.000000
aggregate/min,100,6,188160,0.050001458,3763090,376309027,0.000000,0.000000
aggregate/max,100,0,187072,0.050007125,3740907,374090692,0.000000,0.000000
aggregate/max,100,1,188928,0.050000458,3778525,377852539,0.000000,0.000000
aggregate/max,100,2,189120,0.050002250,3782230,378222980,0.000000,0.000000
aggregate/max,100,3,188608,0.050004125,3771849,377184882,0.000000,0.000000
aggregate/max,100,4,189760,0.050005459,3794786,379478569,0.000000,0.000000
aggregate/max,100,5,187680,0.050000375,3753572,375357185,0.000000,0.000000
aggregate/max,100,6,187840,0.050002834,3756587,375658708,0.000000,0.000000
aggregate/filtered_count,100,0,119584,0.050011916,2391110,239111015,0.000000,0.000000
aggregate/filtered_count,100,1,119968,0.050009750,2398892,239889222,0.000000,0.000000
aggregate/filtered_count,100,2,120288,0.050012542,2405157,240515669,0.000000,0.000000
aggregate/filtered_count,100,3,120160,0.050010541,2402693,240269346,0.000000,0.000000
aggregate/filtered_count,100,4,120832,0.050010959,2416110,241611044,0.000000,0.000000
aggregate/filtered_count,100,5,120672,0.050012792,2412823,241282270,0.000000,0.000000
aggregate/filtered_count,100,6,120928,0.050006125,2418264,241826376,0.000000,0.000000
aggregate/filtered_sum,100,0,119200,0.050002542,2383879,238387880,0.000000,0.000000
aggregate/filtered_sum,100,1,120736,0.050011167,2414181,241418082,0.000000,0.000000
aggregate/filtered_sum,100,2,120320,0.050007833,2406023,240602307,0.000000,0.000000
aggregate/filtered_sum,100,3,120384,0.050010708,2407164,240716448,0.000000,0.000000
aggregate/filtered_sum,100,4,120256,0.050000417,2405100,240509994,0.000000,0.000000
aggregate/filtered_sum,100,5,120352,0.050001083,2406988,240698786,0.000000,0.000000
aggregate/filtered_sum,100,6,119104,0.050000708,2382046,238204627,0.000000,0.000000
aggregate/empty_sum,100,0,135520,0.050010625,2709824,270982416,0.000000,0.000000
aggregate/empty_sum,100,1,135360,0.050005041,2706927,270692709,0.000000,0.000000
aggregate/empty_sum,100,2,135744,0.050002084,2714767,271476685,0.000000,0.000000
aggregate/empty_sum,100,3,135584,0.050011750,2711043,271104290,0.000000,0.000000
aggregate/empty_sum,100,4,136384,0.050002083,2727566,272756637,0.000000,0.000000
aggregate/empty_sum,100,5,135168,0.050005125,2703083,270308293,0.000000,0.000000
aggregate/empty_sum,100,6,135776,0.050004291,2715287,271528697,0.000000,0.000000
aggregate/count,500,0,73536,0.050013541,1470322,735160904,0.000000,0.000000
aggregate/count,500,1,73088,0.050008292,1461518,730758811,0.000000,0.000000
aggregate/count,500,2,73376,0.050018458,1466978,733489225,0.000000,0.000000
aggregate/count,500,3,73312,0.050005250,1466086,733043030,0.000000,0.000000
aggregate/count,500,4,73376,0.050004375,1467392,733695802,0.000000,0.000000
aggregate/count,500,5,73472,0.050011791,1469094,734546779,0.000000,0.000000
aggregate/count,500,6,74112,0.050020583,1481630,740815036,0.000000,0.000000
aggregate/sum,500,0,72832,0.050009041,1456377,728188329,0.000000,0.000000
aggregate/sum,500,1,72928,0.050012709,1458189,729094679,0.000000,0.000000
aggregate/sum,500,2,73056,0.050015459,1460668,730334195,0.000000,0.000000
aggregate/sum,500,3,72960,0.050013750,1458799,729399415,0.000000,0.000000
aggregate/sum,500,4,73184,0.050016417,1463200,731599787,0.000000,0.000000
aggregate/sum,500,5,73056,0.050009334,1460847,730423645,0.000000,0.000000
aggregate/sum,500,6,72992,0.050009084,1459575,729787412,0.000000,0.000000
aggregate/min,500,0,72576,0.050019333,1450959,725479486,0.000000,0.000000
aggregate/min,500,1,72896,0.050010583,1457611,728805741,0.000000,0.000000
aggregate/min,500,2,72608,0.050016708,1451675,725837454,0.000000,0.000000
aggregate/min,500,3,73088,0.050013084,1461378,730688793,0.000000,0.000000
aggregate/min,500,4,72992,0.050010542,1459532,729766136,0.000000,0.000000
aggregate/min,500,5,73184,0.050005583,1463517,731758292,0.000000,0.000000
aggregate/min,500,6,72864,0.050017500,1456770,728385065,0.000000,0.000000
aggregate/max,500,0,73152,0.050000958,1463012,731505984,0.000000,0.000000
aggregate/max,500,1,72928,0.050011333,1458229,729114739,0.000000,0.000000
aggregate/max,500,2,72992,0.050012292,1459481,729740601,0.000000,0.000000
aggregate/max,500,3,72896,0.050003917,1457806,728902898,0.000000,0.000000
aggregate/max,500,4,73056,0.050018125,1460591,730295268,0.000000,0.000000
aggregate/max,500,5,72736,0.050009500,1454444,727221828,0.000000,0.000000
aggregate/max,500,6,72992,0.050001125,1459807,729903577,0.000000,0.000000
aggregate/filtered_count,500,0,59744,0.050006041,1194736,597367826,0.000000,0.000000
aggregate/filtered_count,500,1,59840,0.050020625,1196307,598153262,0.000000,0.000000
aggregate/filtered_count,500,2,59936,0.050013416,1198398,599199223,0.000000,0.000000
aggregate/filtered_count,500,3,59968,0.050011584,1199082,599541098,0.000000,0.000000
aggregate/filtered_count,500,4,59904,0.050001625,1198041,599020532,0.000000,0.000000
aggregate/filtered_count,500,5,60000,0.050023500,1199436,599718132,0.000000,0.000000
aggregate/filtered_count,500,6,60288,0.050011500,1205483,602741369,0.000000,0.000000
aggregate/filtered_sum,500,0,59584,0.050023458,1191121,595560587,0.000000,0.000000
aggregate/filtered_sum,500,1,59744,0.050008292,1194682,597340937,0.000000,0.000000
aggregate/filtered_sum,500,2,60032,0.050019000,1200184,600091965,0.000000,0.000000
aggregate/filtered_sum,500,3,59904,0.050001875,1198035,599017537,0.000000,0.000000
aggregate/filtered_sum,500,4,60032,0.050025625,1200025,600012494,0.000000,0.000000
aggregate/filtered_sum,500,5,59936,0.050022250,1198187,599093403,0.000000,0.000000
aggregate/filtered_sum,500,6,59872,0.050026792,1196799,598399354,0.000000,0.000000
aggregate/empty_sum,500,0,63392,0.050014292,1267478,633738852,0.000000,0.000000
aggregate/empty_sum,500,1,63616,0.050021250,1271779,635889747,0.000000,0.000000
aggregate/empty_sum,500,2,63680,0.050020917,1273067,636533712,0.000000,0.000000
aggregate/empty_sum,500,3,63872,0.050022583,1276863,638431646,0.000000,0.000000
aggregate/empty_sum,500,4,63552,0.050011834,1270739,635369621,0.000000,0.000000
aggregate/empty_sum,500,5,63904,0.050001625,1278038,639019232,0.000000,0.000000
aggregate/empty_sum,500,6,63136,0.050008375,1262509,631254265,0.000000,0.000000
aggregate/count,1024,0,41568,0.050017250,831073,851019038,0.000000,0.000000
aggregate/count,1024,1,41440,0.050029250,828315,848195006,0.000000,0.000000
aggregate/count,1024,2,41568,0.050026667,830917,850858843,0.000000,0.000000
aggregate/count,1024,3,41472,0.050005041,829356,849260938,0.000000,0.000000
aggregate/count,1024,4,41504,0.050017167,829795,849710181,0.000000,0.000000
aggregate/count,1024,5,41504,0.050017834,829784,849698849,0.000000,0.000000
aggregate/count,1024,6,41440,0.050019375,828479,848362460,0.000000,0.000000
aggregate/sum,1024,0,41152,0.050001083,823022,842774705,0.000000,0.000000
aggregate/sum,1024,1,41152,0.050030459,822539,842279860,0.000000,0.000000
aggregate/sum,1024,2,41152,0.050035333,822459,842197812,0.000000,0.000000
aggregate/sum,1024,3,41184,0.050018792,823371,843131437,0.000000,0.000000
aggregate/sum,1024,4,41088,0.050015500,821505,841221461,0.000000,0.000000
aggregate/sum,1024,5,41184,0.050031583,823160,842915884,0.000000,0.000000
aggregate/sum,1024,6,41216,0.050014333,824084,843861779,0.000000,0.000000
aggregate/min,1024,0,41088,0.050000541,821751,841473135,0.000000,0.000000
aggregate/min,1024,1,41152,0.050016750,822764,842510719,0.000000,0.000000
aggregate/min,1024,2,41088,0.050032625,821224,840933531,0.000000,0.000000
aggregate/min,1024,3,41056,0.050017292,820836,840536189,0.000000,0.000000
aggregate/min,1024,4,41088,0.050014584,821520,841236868,0.000000,0.000000
aggregate/min,1024,5,41024,0.050009458,820325,840012623,0.000000,0.000000
aggregate/min,1024,6,40992,0.050009167,819690,839362271,0.000000,0.000000
aggregate/max,1024,0,41248,0.050037167,824347,844131563,0.000000,0.000000
aggregate/max,1024,1,41248,0.050010833,824781,844576054,0.000000,0.000000
aggregate/max,1024,2,41056,0.050005875,821024,840728094,0.000000,0.000000
aggregate/max,1024,3,41184,0.050021167,823331,843091406,0.000000,0.000000
aggregate/max,1024,4,41088,0.050001125,821742,841463307,0.000000,0.000000
aggregate/max,1024,5,41184,0.050011208,823495,843259295,0.000000,0.000000
aggregate/max,1024,6,41152,0.050010916,822860,842609002,0.000000,0.000000
aggregate/filtered_count,1024,0,36800,0.050039292,735422,753072206,0.000000,0.000000
aggregate/filtered_count,1024,1,36768,0.050019916,735067,752708821,0.000000,0.000000
aggregate/filtered_count,1024,2,36704,0.050007209,733974,751589556,0.000000,0.000000
aggregate/filtered_count,1024,3,36608,0.050003292,732112,749682481,0.000000,0.000000
aggregate/filtered_count,1024,4,36672,0.050012792,733252,750850462,0.000000,0.000000
aggregate/filtered_count,1024,5,36672,0.050037292,732893,750482820,0.000000,0.000000
aggregate/filtered_count,1024,6,36608,0.050015500,731933,749499495,0.000000,0.000000
aggregate/filtered_sum,1024,0,36544,0.050034584,730375,747903810,0.000000,0.000000
aggregate/filtered_sum,1024,1,36544,0.050032416,730406,747936218,0.000000,0.000000
aggregate/filtered_sum,1024,2,36576,0.050039333,730945,748487675,0.000000,0.000000
aggregate/filtered_sum,1024,3,36544,0.050027959,730472,748002852,0.000000,0.000000
aggregate/filtered_sum,1024,4,36608,0.050018459,731890,749455156,0.000000,0.000000
aggregate/filtered_sum,1024,5,36640,0.050023583,732455,750033439,0.000000,0.000000
aggregate/filtered_sum,1024,6,36576,0.050002250,731487,749042773,0.000000,0.000000
aggregate/empty_sum,1024,0,37984,0.050037750,759107,777325439,0.000000,0.000000
aggregate/empty_sum,1024,1,37984,0.050019250,759388,777612939,0.000000,0.000000
aggregate/empty_sum,1024,2,38016,0.050013917,760108,778351034,0.000000,0.000000
aggregate/empty_sum,1024,3,37920,0.050029583,757952,776142388,0.000000,0.000000
aggregate/empty_sum,1024,4,37984,0.050005916,759590,777820288,0.000000,0.000000
aggregate/empty_sum,1024,5,37888,0.050039833,757157,775328567,0.000000,0.000000
aggregate/empty_sum,1024,6,38048,0.050028084,760533,778785612,0.000000,0.000000
aggregate/count,10240,0,4736,0.050027375,94668,969402052,0.000000,0.000000
aggregate/count,10240,1,4768,0.050332584,94730,970034044,0.000000,0.000000
aggregate/count,10240,2,4768,0.050284500,94820,970961628,0.000000,0.000000
aggregate/count,10240,3,4768,0.050291542,94807,970825671,0.000000,0.000000
aggregate/count,10240,4,4736,0.050021958,94678,969507031,0.000000,0.000000
aggregate/count,10240,5,4768,0.050292917,94805,970799129,0.000000,0.000000
aggregate/count,10240,6,4768,0.050265125,94857,971335891,0.000000,0.000000
aggregate/sum,10240,0,4736,0.050035875,94652,969237372,0.000000,0.000000
aggregate/sum,10240,1,4736,0.050031042,94661,969331001,0.000000,0.000000
aggregate/sum,10240,2,4736,0.050080667,94567,968370489,0.000000,0.000000
aggregate/sum,10240,3,4768,0.050269167,94849,971257789,0.000000,0.000000
aggregate/sum,10240,4,4768,0.050321458,94751,970248517,0.000000,0.000000
aggregate/sum,10240,5,4736,0.050036792,94650,969219609,0.000000,0.000000
aggregate/sum,10240,6,4736,0.050025458,94672,969439200,0.000000,0.000000
aggregate/min,10240,0,4736,0.050081500,94566,968354382,0.000000,0.000000
aggregate/min,10240,1,4736,0.050067667,94592,968621925,0.000000,0.000000
aggregate/min,10240,2,4736,0.050062667,94601,968718666,0.000000,0.000000
aggregate/min,10240,3,4768,0.050338625,94719,969917633,0.000000,0.000000
aggregate/min,10240,4,4768,0.050274292,94840,971158778,0.000000,0.000000
aggregate/min,10240,5,4736,0.050010500,94700,969729157,0.000000,0.000000
aggregate/min,10240,6,4736,0.050058625,94609,968796886,0.000000,0.000000
aggregate/max,10240,0,4768,0.050325125,94744,970177819,0.000000,0.000000
aggregate/max,10240,1,4736,0.050106416,94519,967872857,0.000000,0.000000
aggregate/max,10240,2,4736,0.050014375,94693,969654024,0.000000,0.000000
aggregate/max,10240,3,4736,0.050050875,94624,968946897,0.000000,0.000000
aggregate/max,10240,4,4736,0.050157792,94422,966881477,0.000000,0.000000
aggregate/max,10240,5,4736,0.050072416,94583,968530059,0.000000,0.000000
aggregate/max,10240,6,4736,0.050024291,94674,969461816,0.000000,0.000000
aggregate/filtered_count,10240,0,4672,0.050018500,93405,956471705,0.000000,0.000000
aggregate/filtered_count,10240,1,4704,0.050331666,93460,957030908,0.000000,0.000000
aggregate/filtered_count,10240,2,4672,0.050066791,93315,955549158,0.000000,0.000000
aggregate/filtered_count,10240,3,4672,0.050007041,93427,956690879,0.000000,0.000000
aggregate/filtered_count,10240,4,4672,0.050034500,93376,956165846,0.000000,0.000000
aggregate/filtered_count,10240,5,4672,0.050091834,93269,955071439,0.000000,0.000000
aggregate/filtered_count,10240,6,4672,0.050081375,93288,955270897,0.000000,0.000000
aggregate/filtered_sum,10240,0,4672,0.050042459,93361,956013772,0.000000,0.000000
aggregate/filtered_sum,10240,1,4672,0.050132333,93193,954299893,0.000000,0.000000
aggregate/filtered_sum,10240,2,4672,0.050090042,93272,955105608,0.000000,0.000000
aggregate/filtered_sum,10240,3,4672,0.050041084,93363,956040041,0.000000,0.000000
aggregate/filtered_sum,10240,4,4672,0.050099083,93255,954933247,0.000000,0.000000
aggregate/filtered_sum,10240,5,4672,0.050047208,93352,955923056,0.000000,0.000000
aggregate/filtered_sum,10240,6,4672,0.050089375,93273,955118326,0.000000,0.000000
aggregate/empty_sum,10240,0,4704,0.050124625,93846,960983948,0.000000,0.000000
aggregate/empty_sum,10240,1,4704,0.050193875,93717,959658126,0.000000,0.000000
aggregate/empty_sum,10240,2,4704,0.050197333,93710,959592017,0.000000,0.000000
aggregate/empty_sum,10240,3,4704,0.050178333,93746,959955366,0.000000,0.000000
aggregate/empty_sum,10240,4,4704,0.050203667,93698,959470949,0.000000,0.000000
aggregate/empty_sum,10240,5,4704,0.050258333,93596,958427332,0.000000,0.000000
aggregate/empty_sum,10240,6,4704,0.050056500,93974,962291810,0.000000,0.000000
aggregate/count,65536,0,768,0.051079833,15035,985352634,0.000000,0.000000
aggregate/count,65536,1,768,0.051078292,15036,985382362,0.000000,0.000000
aggregate/count,65536,2,768,0.051229875,14991,982466734,0.000000,0.000000
aggregate/count,65536,3,768,0.051087750,15033,985199935,0.000000,0.000000
aggregate/count,65536,4,768,0.051032500,15049,986266556,0.000000,0.000000
aggregate/count,65536,5,768,0.051128542,15021,984413911,0.000000,0.000000
aggregate/count,65536,6,768,0.051038250,15048,986155442,0.000000,0.000000
aggregate/sum,65536,0,768,0.051044417,15046,986036299,0.000000,0.000000
aggregate/sum,65536,1,768,0.051186250,15004,983304071,0.000000,0.000000
aggregate/sum,65536,2,768,0.051366459,14951,979854344,0.000000,0.000000
aggregate/sum,65536,3,768,0.051173833,15008,983542663,0.000000,0.000000
aggregate/sum,65536,4,768,0.051159208,15012,983823831,0.000000,0.000000
aggregate/sum,65536,5,768,0.051117542,15024,984625747,0.000000,0.000000
aggregate/sum,65536,6,768,0.051200708,15000,983026407,0.000000,0.000000
aggregate/min,65536,0,768,0.051101833,15029,984928427,0.000000,0.000000
aggregate/min,65536,1,768,0.051005500,15057,986788640,0.000000,0.000000
aggregate/min,65536,2,768,0.051211125,14997,982826446,0.000000,0.000000
aggregate/min,65536,3,768,0.051209125,14997,982864831,0.000000,0.000000
aggregate/min,65536,4,768,0.051367708,14951,979830519,0.000000,0.000000
aggregate/min,65536,5,768,0.051143042,15017,984134812,0.000000,0.000000
aggregate/min,65536,6,768,0.051143625,15017,984123593,0.000000,0.000000
aggregate/max,65536,0,768,0.051120958,15023,984559953,0.000000,0.000000
aggregate/max,65536,1,768,0.051243250,14987,982210301,0.000000,0.000000
aggregate/max,65536,2,768,0.051093750,15031,985084242,0.000000,0.000000
aggregate/max,65536,3,768,0.051139334,15018,984206169,0.000000,0.000000
aggregate/max,65536,4,768,0.051135250,15019,984284774,0.000000,0.000000
aggregate/max,65536,5,768,0.051231833,14991,982429186,0.000000,0.000000
aggregate/max,65536,6,768,0.051317500,14966,980789165,0.000000,0.000000
aggregate/filtered_count,65536,0,768,0.051112542,15026,984722067,0.000000,0.000000
aggregate/filtered_count,65536,1,768,0.051246000,14987,982157593,0.000000,0.000000
aggregate/filtered_count,65536,2,768,0.051354333,14955,980085712,0.000000,0.000000
aggregate/filtered_count,65536,3,768,0.051258583,14983,981916492,0.000000,0.000000
aggregate/filtered_count,65536,4,768,0.051208167,14998,982883219,0.000000,0.000000
aggregate/filtered_count,65536,5,768,0.051283250,14976,981444195,0.000000,0.000000
aggregate/filtered_count,65536,6,768,0.051296042,14972,981199446,0.000000,0.000000
aggregate/filtered_sum,65536,0,768,0.051331958,14961,980512919,0.000000,0.000000
aggregate/filtered_sum,65536,1,768,0.051171875,15008,983580297,0.000000,0.000000
aggregate/filtered_sum,65536,2,768,0.051366375,14951,979855947,0.000000,0.000000
aggregate/filtered_sum,65536,3,768,0.051139375,15018,984205380,0.000000,0.000000
aggregate/filtered_sum,65536,4,768,0.051084875,15034,985255381,0.000000,0.000000
aggregate/filtered_sum,65536,5,768,0.051125125,15022,984479705,0.000000,0.000000
aggregate/filtered_sum,65536,6,768,0.051337000,14960,980416620,0.000000,0.000000
aggregate/empty_sum,65536,0,768,0.051043084,15046,986062049,0.000000,0.000000
aggregate/empty_sum,65536,1,768,0.051063500,15040,985667806,0.000000,0.000000
aggregate/empty_sum,65536,2,768,0.051054334,15043,985844767,0.000000,0.000000
aggregate/empty_sum,65536,3,768,0.051213000,14996,982790463,0.000000,0.000000
aggregate/empty_sum,65536,4,768,0.051277709,14977,981550248,0.000000,0.000000
aggregate/empty_sum,65536,5,768,0.051200583,15000,983028807,0.000000,0.000000
aggregate/empty_sum,65536,6,768,0.051181417,15005,983396923,0.000000,0.000000
aggregate/count,1048576,0,64,0.067938958,942,987781767,0.000000,0.000000
aggregate/count,1048576,1,64,0.067960458,942,987469272,0.000000,0.000000
aggregate/count,1048576,2,64,0.068021916,941,986577091,0.000000,0.000000
aggregate/count,1048576,3,64,0.067938875,942,987782974,0.000000,0.000000
aggregate/count,1048576,4,64,0.067853417,943,989027038,0.000000,0.000000
aggregate/count,1048576,5,64,0.067948167,942,987647893,0.000000,0.000000
aggregate/count,1048576,6,64,0.068020958,941,986590986,0.000000,0.000000
aggregate/sum,1048576,0,64,0.067968625,942,987350619,0.000000,0.000000
aggregate/sum,1048576,1,64,0.067959250,942,987486825,0.000000,0.000000
aggregate/sum,1048576,2,64,0.067850625,943,989067735,0.000000,0.000000
aggregate/sum,1048576,3,64,0.067913833,942,988147201,0.000000,0.000000
aggregate/sum,1048576,4,64,0.067961667,942,987451706,0.000000,0.000000
aggregate/sum,1048576,5,64,0.068015334,941,986672564,0.000000,0.000000
aggregate/sum,1048576,6,64,0.067930292,942,987907781,0.000000,0.000000
aggregate/min,1048576,0,64,0.067952250,942,987588549,0.000000,0.000000
aggregate/min,1048576,1,64,0.067903125,943,988303027,0.000000,0.000000
aggregate/min,1048576,2,64,0.067996875,941,986940415,0.000000,0.000000
aggregate/min,1048576,3,64,0.067938250,942,987792061,0.000000,0.000000
aggregate/min,1048576,4,64,0.067901250,943,988330318,0.000000,0.000000
aggregate/min,1048576,5,64,0.067951209,942,987603679,0.000000,0.000000
aggregate/min,1048576,6,64,0.067952000,942,987592183,0.000000,0.000000
aggregate/max,1048576,0,64,0.067997792,941,986927105,0.000000,0.000000
aggregate/max,1048576,1,64,0.067978167,941,987212026,0.000000,0.000000
aggregate/max,1048576,2,64,0.067922500,942,988021112,0.000000,0.000000
aggregate/max,1048576,3,64,0.067943834,942,987710879,0.000000,0.000000
aggregate/max,1048576,4,64,0.067948125,942,987648504,0.000000,0.000000
aggregate/max,1048576,5,64,0.067891417,943,988473462,0.000000,0.000000
aggregate/max,1048576,6,64,0.067951916,942,987593404,0.000000,0.000000
aggregate/filtered_count,1048576,0,64,0.067980750,941,987174516,0.000000,0.000000
aggregate/filtered_count,1048576,1,64,0.067914541,942,988136900,0.000000,0.000000
aggregate/filtered_count,1048576,2,64,0.067947166,942,987662443,0.000000,0.000000
aggregate/filtered_count,1048576,3,64,0.067894125,943,988434036,0.000000,0.000000
aggregate/filtered_count,1048576,4,64,0.068796875,930,975463842,0.000000,0.000000
aggregate/filtered_count,1048576,5,64,0.068511417,934,979528186,0.000000,0.000000
aggregate/filtered_count,1048576,6,64,0.068130208,939,985008941,0.000000,0.000000
aggregate/filtered_sum,1048576,0,64,0.068027667,941,986493686,0.000000,0.000000
aggregate/filtered_sum,1048576,1,64,0.067942750,942,987726637,0.000000,0.000000
aggregate/filtered_sum,1048576,2,64,0.067824667,944,989446273,0.000000,0.000000
aggregate/filtered_sum,1048576,3,64,0.067948166,942,987647908,0.000000,0.000000
aggregate/filtered_sum,1048576,4,64,0.067943500,942,987715734,0.000000,0.000000
aggregate/filtered_sum,1048576,5,64,0.067954042,942,987562506,0.000000,0.000000
aggregate/filtered_sum,1048576,6,64,0.068101250,940,985427786,0.000000,0.000000
aggregate/empty_sum,1048576,0,64,0.068001666,941,986870880,0.000000,0.000000
aggregate/empty_sum,1048576,1,64,0.067995959,941,986953710,0.000000,0.000000
aggregate/empty_sum,1048576,2,64,0.067936666,942,987815092,0.000000,0.000000
aggregate/empty_sum,1048576,3,64,0.067869209,943,988796908,0.000000,0.000000
aggregate/empty_sum,1048576,4,64,0.067874583,943,988718619,0.000000,0.000000
aggregate/empty_sum,1048576,5,64,0.068021667,941,986580702,0.000000,0.000000
aggregate/empty_sum,1048576,6,64,0.067865000,943,988858233,0.000000,0.000000
aggregate/array_count,23,0,267008,0.050005833,5339537,122809353,0.000000,0.000000
aggregate/array_count,23,1,269760,0.050002416,5394939,124083604,0.000000,0.000000
aggregate/array_count,23,2,271808,0.050005791,5435530,125017201,0.000000,0.000000
aggregate/array_count,23,3,271840,0.050000125,5436786,125046087,0.000000,0.000000
aggregate/array_count,23,4,271616,0.050004958,5431781,124930972,0.000000,0.000000
aggregate/array_count,23,5,272000,0.050004750,5439483,125108115,0.000000,0.000000
aggregate/array_count,23,6,271712,0.050005250,5433669,124974398,0.000000,0.000000
aggregate/array_sum,23,0,225696,0.050005750,4513401,103808222,0.000000,0.000000
aggregate/array_sum,23,1,222208,0.050005250,4443693,102204948,0.000000,0.000000
aggregate/array_sum,23,2,203008,0.050005209,4059737,93373952,0.000000,0.000000
aggregate/array_sum,23,3,226176,0.050001417,4523392,104038012,0.000000,0.000000
aggregate/array_sum,23,4,224544,0.050001042,4490786,103288087,0.000000,0.000000
aggregate/array_sum,23,5,225792,0.050001667,4515689,103860857,0.000000,0.000000
aggregate/array_sum,23,6,227552,0.050003750,4550699,104666070,0.000000,0.000000
aggregate/array_min,23,0,224000,0.050007084,4479365,103025403,0.000000,0.000000
aggregate/array_min,23,1,224768,0.050001250,4495248,103390695,0.000000,0.000000
aggregate/array_min,23,2,223648,0.050005667,4472453,102866421,0.000000,0.000000
aggregate/array_min,23,3,220064,0.050005792,4400770,101217715,0.000000,0.000000
aggregate/array_min,23,4,220672,0.050006916,4412830,101495081,0.000000,0.000000
aggregate/array_min,23,5,222976,0.050001125,4459420,102566652,0.000000,0.000000
aggregate/array_min,23,6,224352,0.050003041,4486767,103195644,0.000000,0.000000
aggregate/array_max,23,0,223808,0.050002625,4475925,102946275,0.000000,0.000000
aggregate/array_max,23,1,221536,0.050006125,4430177,101894078,0.000000,0.000000
aggregate/array_max,23,2,221312,0.050006875,4425631,101789524,0.000000,0.000000
aggregate/array_max,23,3,221280,0.050001167,4425497,101786424,0.000000,0.000000
aggregate/array_max,23,4,221248,0.050006458,4424389,101760937,0.000000,0.000000
aggregate/array_max,23,5,221184,0.050006625,4423094,101731161,0.000000,0.000000
aggregate/array_max,23,6,221184,0.050002291,4423477,101739978,0.000000,0.000000
aggregate/sequence_sum,23,0,125728,0.050012292,2513942,57820665,0.000000,0.000000
aggregate/sequence_sum,23,1,125184,0.050004750,2503442,57579170,0.000000,0.000000
aggregate/sequence_sum,23,2,125536,0.050006542,2510392,57739005,0.000000,0.000000
aggregate/sequence_sum,23,3,124448,0.050011000,2488413,57233489,0.000000,0.000000
aggregate/sequence_sum,23,4,125312,0.050005000,2505989,57637756,0.000000,0.000000
aggregate/sequence_sum,23,5,124800,0.050007167,2495642,57399772,0.000000,0.000000
aggregate/sequence_sum,23,6,125952,0.050010833,2518494,57925370,0.000000,0.000000
aggregate/computed_sum,23,0,96800,0.050003083,1935881,44525255,0.000000,0.000000
aggregate/computed_sum,23,1,96512,0.050005709,1930020,44390451,0.000000,0.000000
aggregate/computed_sum,23,2,96416,0.050005041,1928126,44346889,0.000000,0.000000
aggregate/computed_sum,23,3,96288,0.050006917,1925494,44286353,0.000000,0.000000
aggregate/computed_sum,23,4,96448,0.050006416,1928713,44360388,0.000000,0.000000
aggregate/computed_sum,23,5,96416,0.050002541,1928222,44349106,0.000000,0.000000
aggregate/computed_sum,23,6,95936,0.050011083,1918295,44120780,0.000000,0.000000
aggregate/wide_filtered_sum,23,0,68288,0.050022500,1365146,31398351,0.000000,0.000000
aggregate/wide_filtered_sum,23,1,68352,0.050000333,1367031,31441711,0.000000,0.000000
aggregate/wide_filtered_sum,23,2,67808,0.050009375,1355906,31185833,0.000000,0.000000
aggregate/wide_filtered_sum,23,3,68512,0.050022625,1369620,31501266,0.000000,0.000000
aggregate/wide_filtered_sum,23,4,68608,0.050005916,1371998,31555946,0.000000,0.000000
aggregate/wide_filtered_sum,23,5,68320,0.050003458,1366306,31425027,0.000000,0.000000
aggregate/wide_filtered_sum,23,6,68096,0.050000458,1361908,31323873,0.000000,0.000000
aggregate/array_count,409,0,22336,0.050025000,446497,182617171,0.000000,0.000000
aggregate/array_count,409,1,22048,0.050037708,440628,180216728,0.000000,0.000000
aggregate/array_count,409,2,22176,0.050022625,443319,181317634,0.000000,0.000000
aggregate/array_count,409,3,22432,0.050069708,448015,183238296,0.000000,0.000000
aggregate/array_count,409,4,22432,0.050070333,448010,183236009,0.000000,0.000000
aggregate/array_count,409,5,22432,0.050021125,448451,183416267,0.000000,0.000000
aggregate/array_count,409,6,22368,0.050061166,446813,182746682,0.000000,0.000000
aggregate/array_sum,409,0,17760,0.050073875,354676,145062470,0.000000,0.000000
aggregate/array_sum,409,1,17760,0.050066291,354730,145084444,0.000000,0.000000
aggregate/array_sum,409,2,17728,0.050039666,354279,144900088,0.000000,0.000000
aggregate/array_sum,409,3,17792,0.050057500,355431,145371383,0.000000,0.000000
aggregate/array_sum,409,4,17792,0.050064333,355383,145351542,0.000000,0.000000
aggregate/array_sum,409,5,17760,0.050017209,355078,145226816,0.000000,0.000000
aggregate/array_sum,409,6,17792,0.050012083,355754,145503398,0.000000,0.000000
aggregate/array_min,409,0,16448,0.050054167,328604,134399040,0.000000,0.000000
aggregate/array_min,409,1,17376,0.050079417,346969,141910278,0.000000,0.000000
aggregate/array_min,409,2,17408,0.050086791,347557,142150692,0.000000,0.000000
aggregate/array_min,409,3,17408,0.050065750,347703,142210433,0.000000,0.000000
aggregate/array_min,409,4,17664,0.050082084,352701,144254700,0.000000,0.000000
aggregate/array_min,409,5,17472,0.050042875,349141,142798510,0.000000,0.000000
aggregate/array_min,409,6,17440,0.050006917,348752,142639467,0.000000,0.000000
aggregate/array_max,409,0,17344,0.050081334,346317,141643511,0.000000,0.000000
aggregate/array_max,409,1,17568,0.050084375,350768,143464144,0.000000,0.000000
aggregate/array_max,409,2,17568,0.050029667,351152,143621024,0.000000,0.000000
aggregate/array_max,409,3,17600,0.050079542,351441,143739334,0.000000,0.000000
aggregate/array_max,409,4,17536,0.050073334,350206,143234401,0.000000,0.000000
aggregate/array_max,409,5,17504,0.050085000,349486,142939722,0.000000,0.000000
aggregate/array_max,409,6,17536,0.050033125,350488,143349511,0.000000,0.000000
aggregate/sequence_sum,409,0,10208,0.050136542,203604,83274032,0.000000,0.000000
aggregate/sequence_sum,409,1,10240,0.050060042,204554,83662734,0.000000,0.000000
aggregate/sequence_sum,409,2,10240,0.050020667,204715,83728592,0.000000,0.000000
aggregate/sequence_sum,409,3,10112,0.050033208,202106,82661260,0.000000,0.000000
aggregate/sequence_sum,409,4,10144,0.050099541,202477,82813054,0.000000,0.000000
aggregate/sequence_sum,409,5,10176,0.050072709,203224,83118810,0.000000,0.000000
aggregate/sequence_sum,409,6,10272,0.050076917,205124,83895900,0.000000,0.000000
aggregate/computed_sum,409,0,7264,0.050007125,145259,59411054,0.000000,0.000000
aggregate/computed_sum,409,1,7360,0.050173292,146692,59996860,0.000000,0.000000
aggregate/computed_sum,409,2,7296,0.050058666,145749,59611337,0.000000,0.000000
aggregate/computed_sum,409,3,7264,0.050018250,145227,59397840,0.000000,0.000000
aggregate/computed_sum,409,4,7296,0.050034000,145821,59640724,0.000000,0.000000
aggregate/computed_sum,409,5,7328,0.050007250,146539,59934350,0.000000,0.000000
aggregate/computed_sum,409,6,7264,0.050188875,144733,59195907,0.000000,0.000000
aggregate/wide_filtered_sum,409,0,4544,0.050033333,90819,37145157,0.000000,0.000000
aggregate/wide_filtered_sum,409,1,4640,0.050317291,92215,37715862,0.000000,0.000000
aggregate/wide_filtered_sum,409,2,4544,0.050060542,90770,37124968,0.000000,0.000000
aggregate/wide_filtered_sum,409,3,4640,0.050196416,92437,37806683,0.000000,0.000000
aggregate/wide_filtered_sum,409,4,4576,0.050013834,91495,37421326,0.000000,0.000000
aggregate/wide_filtered_sum,409,5,4576,0.050306042,90963,37203961,0.000000,0.000000
aggregate/wide_filtered_sum,409,6,4544,0.050135083,90635,37069770,0.000000,0.000000
aggregate/array_count,4017,0,2880,0.050537792,56987,228917005,0.000000,0.000000
aggregate/array_count,4017,1,2880,0.050308750,57247,229959202,0.000000,0.000000
aggregate/array_count,4017,2,2880,0.050096500,57489,230933498,0.000000,0.000000
aggregate/array_count,4017,3,2880,0.050151917,57426,230678321,0.000000,0.000000
aggregate/array_count,4017,4,2880,0.050115375,57467,230846522,0.000000,0.000000
aggregate/array_count,4017,5,2880,0.050111500,57472,230864372,0.000000,0.000000
aggregate/array_count,4017,6,2880,0.050160625,57416,230638275,0.000000,0.000000
aggregate/array_sum,4017,0,2208,0.050181083,44001,176750589,0.000000,0.000000
aggregate/array_sum,4017,1,2208,0.050102375,44070,177028255,0.000000,0.000000
aggregate/array_sum,4017,2,2208,0.050134750,44041,176913937,0.000000,0.000000
aggregate/array_sum,4017,3,2272,0.050251333,45213,181619540,0.000000,0.000000
aggregate/array_sum,4017,4,2208,0.050048041,44118,177220443,0.000000,0.000000
aggregate/array_sum,4017,5,2176,0.050476125,43109,173170821,0.000000,0.000000
aggregate/array_sum,4017,6,2176,0.050481875,43105,173151096,0.000000,0.000000
aggregate/array_min,4017,0,2240,0.050718583,44165,177411897,0.000000,0.000000
aggregate/array_min,4017,1,2240,0.050719583,44164,177408399,0.000000,0.000000
aggregate/array_min,4017,2,2208,0.050215416,43971,176629743,0.000000,0.000000
aggregate/array_min,4017,3,2176,0.050095875,43437,174485265,0.000000,0.000000
aggregate/array_min,4017,4,2176,0.050058000,43470,174617284,0.000000,0.000000
aggregate/array_min,4017,5,2176,0.050297458,43263,173785960,0.000000,0.000000
aggregate/array_min,4017,6,2208,0.050594500,43641,175306328,0.000000,0.000000
aggregate/array_max,4017,0,2176,0.050008459,43513,174790269,0.000000,0.000000
aggregate/array_max,4017,1,2176,0.050022083,43501,174742663,0.000000,0.000000
aggregate/array_max,4017,2,2176,0.050118625,43417,174406062,0.000000,0.000000
aggregate/array_max,4017,3,2208,0.050743292,43513,174792286,0.000000,0.000000
aggregate/array_max,4017,4,2176,0.050115542,43420,174416791,0.000000,0.000000
aggregate/array_max,4017,5,2144,0.050483250,42470,170600110,0.000000,0.000000
aggregate/array_max,4017,6,2208,0.050621291,43618,175213548,0.000000,0.000000
aggregate/sequence_sum,4017,0,1312,0.051105000,25673,103126974,0.000000,0.000000
aggregate/sequence_sum,4017,1,1312,0.051240041,25605,102855187,0.000000,0.000000
aggregate/sequence_sum,4017,2,1312,0.050619083,25919,104116939,0.000000,0.000000
aggregate/sequence_sum,4017,3,1312,0.050785167,25834,103776443,0.000000,0.000000
aggregate/sequence_sum,4017,4,1312,0.050046166,26216,105308846,0.000000,0.000000
aggregate/sequence_sum,4017,5,1312,0.050599917,25929,104156376,0.000000,0.000000
aggregate/sequence_sum,4017,6,1344,0.051143917,26279,105561879,0.000000,0.000000
aggregate/computed_sum,4017,0,928,0.050530875,18365,73772243,0.000000,0.000000
aggregate/computed_sum,4017,1,928,0.050262000,18463,74166886,0.000000,0.000000
aggregate/computed_sum,4017,2,928,0.050440250,18398,73904788,0.000000,0.000000
aggregate/computed_sum,4017,3,928,0.050003084,18559,74550922,0.000000,0.000000
aggregate/computed_sum,4017,4,960,0.051626459,18595,74696581,0.000000,0.000000
aggregate/computed_sum,4017,5,960,0.051522750,18633,74846937,0.000000,0.000000
aggregate/computed_sum,4017,6,960,0.051377833,18685,75058051,0.000000,0.000000
aggregate/wide_filtered_sum,4017,0,544,0.050365125,10801,43388118,0.000000,0.000000
aggregate/wide_filtered_sum,4017,1,544,0.050425333,10788,43336313,0.000000,0.000000
aggregate/wide_filtered_sum,4017,2,544,0.050202750,10836,43528452,0.000000,0.000000
aggregate/wide_filtered_sum,4017,3,544,0.050039709,10871,43670278,0.000000,0.000000
aggregate/wide_filtered_sum,4017,4,576,0.051364000,11214,45046959,0.000000,0.000000
aggregate/wide_filtered_sum,4017,5,544,0.050093166,10860,43623675,0.000000,0.000000
aggregate/wide_filtered_sum,4017,6,544,0.050175167,10842,43552381,0.000000,0.000000
aggregate/array_count,87201,0,192,0.059303417,3238,282320865,0.000000,0.000000
aggregate/array_count,87201,1,160,0.050800417,3150,274646564,0.000000,0.000000
aggregate/array_count,87201,2,160,0.050678542,3157,275307052,0.000000,0.000000
aggregate/array_count,87201,3,160,0.050755250,3152,274890972,0.000000,0.000000
aggregate/array_count,87201,4,160,0.050712666,3155,275121801,0.000000,0.000000
aggregate/array_count,87201,5,192,0.057898375,3316,289172054,0.000000,0.000000
aggregate/array_count,87201,6,192,0.056176167,3418,298037280,0.000000,0.000000
aggregate/array_sum,87201,0,128,0.050289291,2545,221950395,0.000000,0.000000
aggregate/array_sum,87201,1,128,0.050269500,2546,222037776,0.000000,0.000000
aggregate/array_sum,87201,2,128,0.050313667,2544,221842864,0.000000,0.000000
aggregate/array_sum,87201,3,128,0.050268125,2546,222043850,0.000000,0.000000
aggregate/array_sum,87201,4,128,0.050274125,2546,222017350,0.000000,0.000000
aggregate/array_sum,87201,5,128,0.050241417,2548,222161887,0.000000,0.000000
aggregate/array_sum,87201,6,128,0.050245667,2547,222143095,0.000000,0.000000
aggregate/array_min,87201,0,128,0.050609750,2529,220545014,0.000000,0.000000
aggregate/array_min,87201,1,128,0.050066833,2557,222936570,0.000000,0.000000
aggregate/array_min,87201,2,128,0.050061000,2557,222962546,0.000000,0.000000
aggregate/array_min,87201,3,128,0.050017291,2559,223157388,0.000000,0.000000
aggregate/array_min,87201,4,128,0.050541667,2533,220842102,0.000000,0.000000
aggregate/array_min,87201,5,128,0.050681167,2526,220234234,0.000000,0.000000
aggregate/array_min,87201,6,128,0.050445083,2537,221264935,0.000000,0.000000
aggregate/array_max,87201,0,128,0.050743084,2523,219965503,0.000000,0.000000
aggregate/array_max,87201,1,128,0.050338459,2543,221733605,0.000000,0.000000
aggregate/array_max,87201,2,160,0.062362334,2566,223727354,0.000000,0.000000
aggregate/array_max,87201,3,160,0.062167083,2574,224430025,0.000000,0.000000
aggregate/array_max,87201,4,160,0.062093917,2577,224694474,0.000000,0.000000
aggregate/array_max,87201,5,160,0.062076167,2577,224758723,0.000000,0.000000
aggregate/array_max,87201,6,160,0.061943500,2583,225240098,0.000000,0.000000
aggregate/sequence_sum,87201,0,96,0.060149209,1596,139175496,0.000000,0.000000
aggregate/sequence_sum,87201,1,96,0.060179042,1595,139106502,0.000000,0.000000
aggregate/sequence_sum,87201,2,96,0.060136792,1596,139204233,0.000000,0.000000
aggregate/sequence_sum,87201,3,96,0.060232542,1594,138982944,0.000000,0.000000
aggregate/sequence_sum,87201,4,96,0.060896250,1576,137468169,0.000000,0.000000
aggregate/sequence_sum,87201,5,96,0.060816209,1579,137649093,0.000000,0.000000
aggregate/sequence_sum,87201,6,96,0.061314625,1566,136530167,0.000000,0.000000
aggregate/computed_sum,87201,0,64,0.055661041,1150,100265175,0.000000,0.000000
aggregate/computed_sum,87201,1,64,0.055953333,1144,99741404,0.000000,0.000000
aggregate/computed_sum,87201,2,64,0.056993625,1123,97920846,0.000000,0.000000
aggregate/computed_sum,87201,3,64,0.056804375,1127,98247080,0.000000,0.000000
aggregate/computed_sum,87201,4,64,0.057039625,1122,97841877,0.000000,0.000000
aggregate/computed_sum,87201,5,64,0.056787458,1127,98276348,0.000000,0.000000
aggregate/computed_sum,87201,6,64,0.056166792,1139,99362342,0.000000,0.000000
aggregate/wide_filtered_sum,87201,0,32,0.050449167,634,55311756,0.000000,0.000000
aggregate/wide_filtered_sum,87201,1,64,0.099512333,643,56082134,0.000000,0.000000
aggregate/wide_filtered_sum,87201,2,64,0.098193042,652,56835636,0.000000,0.000000
aggregate/wide_filtered_sum,87201,3,32,0.050789625,630,54940985,0.000000,0.000000
aggregate/wide_filtered_sum,87201,4,64,0.100033042,640,55790206,0.000000,0.000000
aggregate/wide_filtered_sum,87201,5,32,0.050430959,635,55331726,0.000000,0.000000
aggregate/wide_filtered_sum,87201,6,32,0.050653916,632,55088179,0.000000,0.000000
aggregate/nested_sum,1036,0,6720,0.050153875,133988,138811209,0.000000,0.000000
aggregate/nested_sum,1036,1,6752,0.050111125,134741,139591199,0.000000,0.000000
aggregate/nested_sum,1036,2,6816,0.050208583,135754,140640814,0.000000,0.000000
aggregate/nested_sum,1036,3,6848,0.050238500,136310,141216955,0.000000,0.000000
aggregate/nested_sum,1036,4,6848,0.050162958,136515,141429618,0.000000,0.000000
aggregate/nested_sum,1036,5,6848,0.050186041,136452,141364568,0.000000,0.000000
aggregate/nested_sum,1036,6,6848,0.050123292,136623,141541541,0.000000,0.000000
aggregate/nested_filtered_sum,1036,0,3616,0.050077416,72208,74807694,0.000000,0.000000
aggregate/nested_filtered_sum,1036,1,3616,0.050104125,72170,74767816,0.000000,0.000000
aggregate/nested_filtered_sum,1036,2,3616,0.050053417,72243,74843562,0.000000,0.000000
aggregate/nested_filtered_sum,1036,3,3648,0.050427417,72342,74945897,0.000000,0.000000
aggregate/nested_filtered_sum,1036,4,3616,0.050140958,72117,74712892,0.000000,0.000000
aggregate/nested_filtered_sum,1036,5,3648,0.050370000,72424,75031328,0.000000,0.000000
aggregate/nested_filtered_sum,1036,6,3648,0.050398792,72383,74988464,0.000000,0.000000
aggregate/nested_filtered_count,1036,0,3680,0.050132125,73406,76048641,0.000000,0.000000
aggregate/nested_filtered_count,1036,1,3680,0.050204250,73301,75939388,0.000000,0.000000
aggregate/nested_filtered_count,1036,2,3680,0.050200125,73307,75945628,0.000000,0.000000
aggregate/nested_filtered_count,1036,3,3680,0.050247583,73237,75873898,0.000000,0.000000
aggregate/nested_filtered_count,1036,4,3680,0.050248333,73236,75872766,0.000000,0.000000
aggregate/nested_filtered_count,1036,5,3680,0.050374250,73053,75683112,0.000000,0.000000
aggregate/nested_filtered_count,1036,6,3680,0.050293750,73170,75804250,0.000000,0.000000
aggregate/nested_sum,16396,0,448,0.051615583,8680,142309891,0.000000,0.000000
aggregate/nested_sum,16396,1,448,0.052058042,8606,141100351,0.000000,0.000000
aggregate/nested_sum,16396,2,448,0.052039458,8609,141150740,0.000000,0.000000
aggregate/nested_sum,16396,3,448,0.052041166,8609,141146107,0.000000,0.000000
aggregate/nested_sum,16396,4,448,0.052035625,8609,141161137,0.000000,0.000000
aggregate/nested_sum,16396,5,448,0.052010709,8614,141228761,0.000000,0.000000
aggregate/nested_sum,16396,6,448,0.051972459,8620,141332701,0.000000,0.000000
aggregate/nested_filtered_sum,16396,0,256,0.055889709,4580,75101053,0.000000,0.000000
aggregate/nested_filtered_sum,16396,1,256,0.056004209,4571,74947510,0.000000,0.000000
aggregate/nested_filtered_sum,16396,2,256,0.055913042,4579,75069713,0.000000,0.000000
aggregate/nested_filtered_sum,16396,3,256,0.055846209,4584,75159551,0.000000,0.000000
aggregate/nested_filtered_sum,16396,4,256,0.055887875,4581,75103518,0.000000,0.000000
aggregate/nested_filtered_sum,16396,5,256,0.055623834,4602,75460027,0.000000,0.000000
aggregate/nested_filtered_sum,16396,6,256,0.055869083,4582,75128779,0.000000,0.000000
aggregate/nested_filtered_count,16396,0,256,0.054880125,4665,76482625,0.000000,0.000000
aggregate/nested_filtered_count,16396,1,256,0.054859166,4666,76511845,0.000000,0.000000
aggregate/nested_filtered_count,16396,2,256,0.054987167,4656,76333738,0.000000,0.000000
aggregate/nested_filtered_count,16396,3,256,0.054869584,4666,76497318,0.000000,0.000000
aggregate/nested_filtered_count,16396,4,256,0.055039500,4651,76261158,0.000000,0.000000
aggregate/nested_filtered_count,16396,5,256,0.054907042,4662,76445131,0.000000,0.000000
aggregate/nested_filtered_count,16396,6,256,0.054805333,4671,76586999,0.000000,0.000000
aggregate/nested_sum,1048588,0,32,0.238250833,134,140838190,0.000000,0.000000
aggregate/nested_sum,1048588,1,32,0.240558208,133,139487304,0.000000,0.000000
aggregate/nested_sum,1048588,2,32,0.239611708,134,140038299,0.000000,0.000000
aggregate/nested_sum,1048588,3,32,0.241984125,132,138665361,0.000000,0.000000
aggregate/nested_sum,1048588,4,32,0.237775334,135,141119835,0.000000,0.000000
aggregate/nested_sum,1048588,5,32,0.236959792,135,141605526,0.000000,0.000000
aggregate/nested_sum,1048588,6,32,0.237488250,135,141290426,0.000000,0.000000
aggregate/nested_filtered_sum,1048588,0,32,0.446127916,72,75213442,0.000000,0.000000
aggregate/nested_filtered_sum,1048588,1,32,0.445200542,72,75370115,0.000000,0.000000
aggregate/nested_filtered_sum,1048588,2,32,0.447396334,72,75000203,0.000000,0.000000
aggregate/nested_filtered_sum,1048588,3,32,0.445307458,72,75352019,0.000000,0.000000
aggregate/nested_filtered_sum,1048588,4,32,0.446903458,72,75082919,0.000000,0.000000
aggregate/nested_filtered_sum,1048588,5,32,0.446236167,72,75195196,0.000000,0.000000
aggregate/nested_filtered_sum,1048588,6,32,0.444658250,72,75462034,0.000000,0.000000
aggregate/nested_filtered_count,1048588,0,32,0.439693666,73,76314076,0.000000,0.000000
aggregate/nested_filtered_count,1048588,1,32,0.438922500,73,76448157,0.000000,0.000000
aggregate/nested_filtered_count,1048588,2,32,0.438916292,73,76449238,0.000000,0.000000
aggregate/nested_filtered_count,1048588,3,32,0.438644084,73,76496680,0.000000,0.000000
aggregate/nested_filtered_count,1048588,4,32,0.439427208,73,76360351,0.000000,0.000000
aggregate/nested_filtered_count,1048588,5,32,0.438708166,73,76485506,0.000000,0.000000
aggregate/nested_filtered_count,1048588,6,32,0.439147250,73,76409031,0.000000,0.000000
aggregate/deep_sum,136,0,3840,0.050152791,76566,10412980,0.000000,0.000000
aggregate/deep_sum,136,1,3840,0.050055458,76715,10433228,0.000000,0.000000
aggregate/deep_sum,136,2,3840,0.050210500,76478,10401012,0.000000,0.000000
aggregate/deep_sum,136,3,3840,0.050135042,76593,10416666,0.000000,0.000000
aggregate/deep_sum,136,4,3840,0.050116667,76621,10420485,0.000000,0.000000
aggregate/deep_sum,136,5,3840,0.050119250,76617,10419948,0.000000,0.000000
aggregate/deep_sum,136,6,3840,0.050187208,76514,10405839,0.000000,0.000000
aggregate/deep_filtered_sum,136,0,3808,0.050061625,76066,10345010,0.000000,0.000000
aggregate/deep_filtered_sum,136,1,3808,0.050166417,75907,10323400,0.000000,0.000000
aggregate/deep_filtered_sum,136,2,3808,0.050047250,76088,10347981,0.000000,0.000000
aggregate/deep_filtered_sum,136,3,3808,0.050151291,75930,10326514,0.000000,0.000000
aggregate/deep_filtered_sum,136,4,3808,0.050113041,75988,10334396,0.000000,0.000000
aggregate/deep_filtered_sum,136,5,3808,0.050269875,75751,10302154,0.000000,0.000000
aggregate/deep_filtered_sum,136,6,3808,0.050283750,75730,10299311,0.000000,0.000000
compile/constructor,0,0,33088,0.050020625,661487,0,49.000000,4550.000000
compile/constructor,0,1,33504,0.050009542,669952,0,49.000000,4550.000000
compile/constructor,0,2,33504,0.050022125,669784,0,49.000000,4550.000000
compile/constructor,0,3,33376,0.050021209,667237,0,49.000000,4550.000000
compile/constructor,0,4,32864,0.050016667,657061,0,49.000000,4550.000000
compile/constructor,0,5,33344,0.050026125,666532,0,49.000000,4550.000000
compile/constructor,0,6,33248,0.050044209,664373,0,49.000000,4550.000000
construct/raw_member,100,0,302496,0.050003000,6049557,604955703,3.000000,168.000000
construct/raw_member,100,1,313632,0.050001125,6272499,627249887,3.000000,168.000000
construct/raw_member,100,2,305408,0.050003417,6107743,610774260,3.000000,168.000000
construct/raw_member,100,3,303552,0.050002250,6070767,607076682,3.000000,168.000000
construct/raw_member,100,4,313312,0.050000042,6266235,626623474,3.000000,168.000000
construct/raw_member,100,5,304832,0.050002875,6096289,609628946,3.000000,168.000000
construct/raw_member,100,6,303840,0.050005042,6076187,607618728,3.000000,168.000000
construct/raw_member_write,100,0,211072,0.050006750,4220870,422087018,3.000000,168.000000
construct/raw_member_write,100,1,211424,0.050001833,4228325,422832499,3.000000,168.000000
construct/raw_member_write,100,2,210720,0.050006667,4213838,421383813,3.000000,168.000000
construct/raw_member_write,100,3,209920,0.050004750,4198001,419800119,3.000000,168.000000
construct/raw_member_write,100,4,208704,0.050000750,4174017,417401739,3.000000,168.000000
construct/raw_member_write,100,5,210816,0.050000833,4216250,421624976,3.000000,168.000000
construct/raw_member_write,100,6,214784,0.050002000,4295508,429550818,3.000000,168.000000
construct/scalars,100,0,99808,0.050014042,1995600,199559956,3.000000,552.000000
construct/scalars,100,1,100416,0.050009375,2007944,200794351,3.000000,552.000000
construct/scalars,100,2,99328,0.050014666,1985977,198597747,3.000000,552.000000
construct/scalars,100,3,99264,0.050007375,1984987,198498721,3.000000,552.000000
construct/scalars,100,4,99968,0.050003875,1999205,199920506,3.000000,552.000000
construct/scalars,100,5,99456,0.050015167,1988517,198851680,3.000000,552.000000
construct/scalars,100,6,100160,0.050002459,2003101,200310149,3.000000,552.000000
construct/filtered_summary,100,0,45312,0.050018666,905902,90590181,5.000000,368.000000
construct/filtered_summary,100,1,45888,0.050029958,917210,91721044,5.000000,368.000000
construct/filtered_summary,100,2,46368,0.050021458,926962,92696218,5.000000,368.000000
construct/filtered_summary,100,3,46112,0.050031709,921656,92165550,5.000000,368.000000
construct/filtered_summary,100,4,45952,0.050006292,918924,91892436,5.000000,368.000000
construct/filtered_summary,100,5,46336,0.050009333,926547,92654705,5.000000,368.000000
construct/filtered_summary,100,6,46080,0.050030042,921047,92104660,5.000000,368.000000
construct/nested,100,0,34880,0.050041167,697026,69702611,15.000000,1352.000000
construct/nested,100,1,35264,0.050008667,705158,70515777,15.000000,1352.000000
construct/nested,100,2,35168,0.050032083,702909,70290897,15.000000,1352.000000
construct/nested,100,3,35424,0.050026292,708108,70810765,15.000000,1352.000000
construct/nested,100,4,35360,0.050037167,706675,70667470,15.000000,1352.000000
construct/nested,100,5,35552,0.050019500,710763,71076280,15.000000,1352.000000
construct/nested,100,6,35456,0.050006125,709033,70903314,15.000000,1352.000000
construct/navigate,100,0,97504,0.050006417,1949830,194982976,3.000000,168.000000
construct/navigate,100,1,97024,0.050000625,1940456,194045574,3.000000,168.000000
construct/navigate,100,2,97376,0.050000792,1947489,194748915,3.000000,168.000000
construct/navigate,100,3,98176,0.050007708,1963217,196321735,3.000000,168.000000
construct/navigate,100,4,97824,0.050007333,1956193,195619310,3.000000,168.000000
construct/navigate,100,5,97600,0.050007833,1951694,195169425,3.000000,168.000000
construct/navigate,100,6,97824,0.050015958,1955856,195585577,3.000000,168.000000
construct/raw_member,500,0,134656,0.050011833,2692483,1346241399,3.000000,168.000000
construct/raw_member,500,1,134304,0.050009625,2685563,1342781515,3.000000,168.000000
construct/raw_member,500,2,134432,0.050010291,2688087,1344043369,3.000000,168.000000
construct/raw_member,500,3,134304,0.050005333,2685794,1342896767,3.000000,168.000000
construct/raw_member,500,4,133920,0.050002417,2678271,1339135266,3.000000,168.000000
construct/raw_member,500,5,132544,0.050010917,2650301,1325150667,3.000000,168.000000
construct/raw_member,500,6,133856,0.050010541,2676556,1338277864,3.000000,168.000000
construct/raw_member_write,500,0,67712,0.050014209,1353855,676927631,3.000000,168.000000
construct/raw_member_write,500,1,67776,0.050009958,1355250,677625044,3.000000,168.000000
construct/raw_member_write,500,2,67872,0.050014916,1357035,678517585,3.000000,168.000000
construct/raw_member_write,500,3,67296,0.050000250,1345913,672956635,3.000000,168.000000
construct/raw_member_write,500,4,67488,0.050022583,1349151,674575321,3.000000,168.000000
construct/raw_member_write,500,5,67584,0.050005083,1351543,675771301,3.000000,168.000000
construct/raw_member_write,500,6,67616,0.050001875,1352269,676134645,3.000000,168.000000
construct/scalars,500,0,44256,0.050008917,884962,442481088,3.000000,552.000000
construct/scalars,500,1,44064,0.050019417,880938,440468948,3.000000,552.000000
construct/scalars,500,2,44256,0.050030958,884572,442286154,3.000000,552.000000
construct/scalars,500,3,44320,0.050034000,885798,442898829,3.000000,552.000000
construct/scalars,500,4,44128,0.050016917,882261,441130748,3.000000,552.000000
construct/scalars,500,5,44416,0.050035292,887693,443846715,3.000000,552.000000
construct/scalars,500,6,44384,0.050030000,887148,443573856,3.000000,552.000000
construct/filtered_summary,500,0,29056,0.050008042,581027,290513274,5.000000,368.000000
construct/filtered_summary,500,1,29088,0.050008375,581663,290831286,5.000000,368.000000
construct/filtered_summary,500,2,28704,0.050040709,573613,286806488,5.000000,368.000000
construct/filtered_summary,500,3,28832,0.050020875,576399,288199677,5.000000,368.000000
construct/filtered_summary,500,4,28992,0.050011542,579706,289853090,5.000000,368.000000
construct/filtered_summary,500,5,29120,0.050036833,581971,290985643,5.000000,368.000000
construct/filtered_summary,500,6,28928,0.050024583,578276,289137842,5.000000,368.000000
construct/nested,500,0,21952,0.050057417,438536,219268206,15.000000,1352.000000
construct/nested,500,1,21952,0.050057125,438539,219269485,15.000000,1352.000000
construct/nested,500,2,22016,0.050018833,440154,220077106,15.000000,1352.000000
construct/nested,500,3,22016,0.050014125,440196,220097822,15.000000,1352.000000
construct/nested,500,4,22016,0.050028666,440068,220033850,15.000000,1352.000000
construct/nested,500,5,21952,0.050068458,438440,219219853,15.000000,1352.000000
construct/nested,500,6,21760,0.050017875,435044,217522236,15.000000,1352.000000
construct/navigate,500,0,52832,0.050003584,1056564,528282133,3.000000,168.000000
construct/navigate,500,1,52896,0.050019417,1057509,528754663,3.000000,168.000000
construct/navigate,500,2,52576,0.050007000,1051373,525686404,3.000000,168.000000
construct/navigate,500,3,52832,0.050017792,1056264,528132069,3.000000,168.000000
construct/navigate,500,4,52960,0.050023250,1058708,529353850,3.000000,168.000000
construct/navigate,500,5,52768,0.050022125,1054893,527446605,3.000000,168.000000
construct/navigate,500,6,52832,0.050013959,1056345,528172545,3.000000,168.000000
construct/raw_member,1024,0,77856,0.050006708,1556911,1594276992,3.000000,168.000000
construct/raw_member,1024,1,77920,0.050020250,1557769,1595155562,3.000000,168.000000
construct/raw_member,1024,2,78048,0.050017458,1560415,1597865129,3.000000,168.000000
construct/raw_member,1024,3,78112,0.050018708,1561656,1599135427,3.000000,168.000000
construct/raw_member,1024,4,78144,0.050020042,1562254,1599747877,3.000000,168.000000
construct/raw_member,1024,5,78016,0.050010166,1560003,1597442888,3.000000,168.000000
construct/raw_member,1024,6,77824,0.050014459,1556030,1593374748,3.000000,168.000000
construct/raw_member_write,1024,0,36128,0.050013583,722364,739700493,3.000000,168.000000
construct/raw_member_write,1024,1,36192,0.050037500,723298,740656667,3.000000,168.000000
construct/raw_member_write,1024,2,36192,0.050004083,723781,741151638,3.000000,168.000000
construct/raw_member_write,1024,3,36224,0.050032917,724003,741379440,3.000000,168.000000
construct/raw_member_write,1024,4,36160,0.050012417,723020,740372936,3.000000,168.000000
construct/raw_member_write,1024,5,36416,0.050022959,727986,745457381,3.000000,168.000000
construct/raw_member_write,1024,6,36320,0.050015333,726177,743605566,3.000000,168.000000
construct/scalars,1024,0,26048,0.050031083,520636,533131613,3.000000,552.000000
construct/scalars,1024,1,26144,0.050003083,522848,535396107,3.000000,552.000000
construct/scalars,1024,2,26144,0.050018708,522684,535228859,3.000000,552.000000
construct/scalars,1024,3,26080,0.050042250,521160,533667451,3.000000,552.000000
construct/scalars,1024,4,26144,0.050042666,522434,534972617,3.000000,552.000000
construct/scalars,1024,5,26144,0.050001500,522864,535413058,3.000000,552.000000
construct/scalars,1024,6,26016,0.050052958,519769,532243948,3.000000,552.000000
construct/filtered_summary,1024,0,19936,0.050005583,398675,408243696,5.000000,368.000000
construct/filtered_summary,1024,1,19968,0.050037500,399061,408638161,5.000000,368.000000
construct/filtered_summary,1024,2,20000,0.050016250,399870,409466923,5.000000,368.000000
construct/filtered_summary,1024,3,20000,0.050001250,399990,409589760,5.000000,368.000000
construct/filtered_summary,1024,4,20000,0.050036708,399707,409299509,5.000000,368.000000
construct/filtered_summary,1024,5,19968,0.050052041,398945,408519445,5.000000,368.000000
construct/filtered_summary,1024,6,20032,0.050071125,400071,409672601,5.000000,368.000000
construct/nested,1024,0,14880,0.050003750,297578,304719546,15.000000,1352.000000
construct/nested,1024,1,14912,0.050068000,297835,304982983,15.000000,1352.000000
construct/nested,1024,2,14912,0.050073833,297800,304947456,15.000000,1352.000000
construct/nested,1024,3,14912,0.050016333,298143,305298031,15.000000,1352.000000
construct/nested,1024,4,14976,0.050086791,299001,306177012,15.000000,1352.000000
construct/nested,1024,5,14976,0.050055125,299190,306370706,15.000000,1352.000000
construct/nested,1024,6,14944,0.050019000,298766,305936864,15.000000,1352.000000
construct/navigate,1024,0,33920,0.050038708,677875,694144221,3.000000,168.000000
construct/navigate,1024,1,33888,0.050034667,677290,693545377,3.000000,168.000000
construct/navigate,1024,2,33952,0.050042750,678460,694742955,3.000000,168.000000
construct/navigate,1024,3,33952,0.050041125,678482,694765515,3.000000,168.000000
construct/navigate,1024,4,33888,0.050042625,677183,693435087,3.000000,168.000000
construct/navigate,1024,5,33792,0.050032583,675400,691609466,3.000000,168.000000
construct/navigate,1024,6,33920,0.050025584,678053,694326327,3.000000,168.000000
construct/raw_member,10240,0,9280,0.050101500,185224,1896693712,3.000000,168.000000
construct/raw_member,10240,1,9280,0.050131041,185115,1895576036,3.000000,168.000000
construct/raw_member,10240,2,9280,0.050130875,185115,1895582313,3.000000,168.000000
construct/raw_member,10240,3,9280,0.050081292,185299,1897459035,3.000000,168.000000
construct/raw_member,10240,4,9280,0.050052042,185407,1898567895,3.000000,168.000000
construct/raw_member,10240,5,9280,0.050093041,185255,1897013998,3.000000,168.000000
construct/raw_member,10240,6,9280,0.050139375,185084,1895260960,3.000000,168.000000
construct/raw_member_write,10240,0,4000,0.050114166,79818,817333765,3.000000,168.000000
construct/raw_member_write,10240,1,4000,0.050098541,79843,817588680,3.000000,168.000000
construct/raw_member_write,10240,2,4000,0.050146333,79767,816809476,3.000000,168.000000
construct/raw_member_write,10240,3,4000,0.050107083,79829,817449302,3.000000,168.000000
construct/raw_member_write,10240,4,4000,0.050297208,79527,814359318,3.000000,168.000000
construct/raw_member_write,10240,5,4000,0.050129666,79793,817081047,3.000000,168.000000
construct/raw_member_write,10240,6,4000,0.050191291,79695,816077833,3.000000,168.000000
construct/scalars,10240,0,3168,0.050180375,63132,646474244,3.000000,552.000000
construct/scalars,10240,1,3168,0.050201250,63106,646205423,3.000000,552.000000
construct/scalars,10240,2,3168,0.050188791,63122,646365839,3.000000,552.000000
construct/scalars,10240,3,3168,0.050142125,63180,646967395,3.000000,552.000000
construct/scalars,10240,4,3168,0.050169709,63146,646611684,3.000000,552.000000
construct/scalars,10240,5,3168,0.050218750,63084,645980236,3.000000,552.000000
construct/scalars,10240,6,3168,0.050404583,62851,643598619,3.000000,552.000000
construct/filtered_summary,10240,0,3072,0.050490541,60843,623033134,5.000000,368.000000
construct/filtered_summary,10240,1,3040,0.050024958,60770,622281382,5.000000,368.000000
construct/filtered_summary,10240,2,3040,0.050005125,60794,622528191,5.000000,368.000000
construct/filtered_summary,10240,3,3040,0.050032875,60760,622182915,5.000000,368.000000
construct/filtered_summary,10240,4,3040,0.050274250,60468,619195712,5.000000,368.000000
construct/filtered_summary,10240,5,3040,0.050152375,60615,620700415,5.000000,368.000000
construct/filtered_summary,10240,6,3072,0.050507500,60823,622823937,5.000000,368.000000
construct/nested,10240,0,2304,0.050448708,45670,467662323,15.000000,1352.000000
construct/nested,10240,1,2304,0.050567583,45563,466562936,15.000000,1352.000000
construct/nested,10240,2,2304,0.050678584,45463,465541026,15.000000,1352.000000
construct/nested,10240,3,2304,0.050703250,45441,465314551,15.000000,1352.000000
construct/nested,10240,4,2304,0.050402042,45712,468095320,15.000000,1352.000000
construct/nested,10240,5,2304,0.050439416,45679,467748477,15.000000,1352.000000
construct/nested,10240,6,2304,0.050462416,45658,467535284,15.000000,1352.000000
construct/navigate,10240,0,4640,0.050266125,92309,945240955,3.000000,168.000000
construct/navigate,10240,1,4608,0.050133416,91915,941206959,3.000000,168.000000
construct/navigate,10240,2,4640,0.050231083,92373,945900370,3.000000,168.000000
construct/navigate,10240,3,4640,0.050259375,92321,945367904,3.000000,168.000000
construct/navigate,10240,4,4640,0.050225959,92383,945996870,3.000000,168.000000
construct/navigate,10240,5,4640,0.050294167,92257,944713927,3.000000,168.000000
construct/navigate,10240,6,4640,0.050250208,92338,945540365,3.000000,168.000000
construct/raw_member,65536,0,1472,0.050009292,29435,1929021351,3.000000,168.000000
construct/raw_member,65536,1,1504,0.050902542,29547,1936369779,3.000000,168.000000
construct/raw_member,65536,2,1504,0.050962875,29512,1934077385,3.000000,168.000000
construct/raw_member,65536,3,1504,0.050895750,29551,1936628186,3.000000,168.000000
construct/raw_member,65536,4,1504,0.050935583,29527,1935113691,3.000000,168.000000
construct/raw_member,65536,5,1504,0.050918833,29537,1935750256,3.000000,168.000000
construct/raw_member,65536,6,1504,0.050935291,29528,1935124784,3.000000,168.000000
construct/raw_member_write,65536,0,640,0.050800042,12598,825649711,3.000000,168.000000
construct/raw_member_write,65536,1,640,0.050837791,12589,825036635,3.000000,168.000000
construct/raw_member_write,65536,2,640,0.050747541,12611,826503889,3.000000,168.000000
construct/raw_member_write,65536,3,640,0.050869708,12581,824518985,3.000000,168.000000
construct/raw_member_write,65536,4,640,0.050884750,12577,824275249,3.000000,168.000000
construct/raw_member_write,65536,5,640,0.050884458,12578,824279980,3.000000,168.000000
construct/raw_member_write,65536,6,640,0.050801292,12598,825629395,3.000000,168.000000
construct/scalars,65536,0,512,0.050954208,10048,658521314,3.000000,552.000000
construct/scalars,65536,1,512,0.050852083,10068,659843806,3.000000,552.000000
construct/scalars,65536,2,512,0.050923167,10054,658922726,3.000000,552.000000
construct/scalars,65536,3,512,0.050856542,10068,659785952,3.000000,552.000000
construct/scalars,65536,4,512,0.050984375,10042,658131673,3.000000,552.000000
construct/scalars,65536,5,512,0.050940250,10051,658701754,3.000000,552.000000
construct/scalars,65536,6,512,0.050960625,10047,658438392,3.000000,552.000000
construct/filtered_summary,65536,0,512,0.051319333,9977,653836089,5.000000,368.000000
construct/filtered_summary,65536,1,512,0.051236291,9993,654895804,5.000000,368.000000
construct/filtered_summary,65536,2,512,0.051132542,10013,656224602,5.000000,368.000000
construct/filtered_summary,65536,3,512,0.051173709,10005,655696698,5.000000,368.000000
construct/filtered_summary,65536,4,512,0.051218708,9996,655120625,5.000000,368.000000
construct/filtered_summary,65536,5,512,0.051118292,10016,656407534,5.000000,368.000000
construct/filtered_summary,65536,6,512,0.051326625,9975,653743199,5.000000,368.000000
construct/nested,65536,0,384,0.050981625,7532,493625380,15.000000,1352.000000
construct/nested,65536,1,384,0.051060916,7520,492858843,15.000000,1352.000000
construct/nested,65536,2,384,0.051032500,7525,493133278,15.000000,1352.000000
construct/nested,65536,3,384,0.051198125,7500,491538001,15.000000,1352.000000
construct/nested,65536,4,384,0.050960041,7535,493834454,15.000000,1352.000000
construct/nested,65536,5,384,0.051000208,7529,493445517,15.000000,1352.000000
construct/nested,65536,6,384,0.050975334,7533,493686299,15.000000,1352.000000
construct/navigate,65536,0,768,0.051336375,14960,980428556,3.000000,168.000000
construct/navigate,65536,1,768,0.051306916,14969,980991491,3.000000,168.000000
construct/navigate,65536,2,768,0.051397625,14942,979260190,3.000000,168.000000
construct/navigate,65536,3,768,0.051264000,14981,981812734,3.000000,168.000000
construct/navigate,65536,4,768,0.051297958,14971,981162798,3.000000,168.000000
construct/navigate,65536,5,768,0.051308125,14968,980968375,3.000000,168.000000
construct/navigate,65536,6,768,0.051232417,14991,982417987,3.000000,168.000000
construct/raw_member,1048576,0,96,0.051747583,1855,1945275318,3.000000,168.000000
construct/raw_member,1048576,1,96,0.051789750,1854,1943691483,3.000000,168.000000
construct/raw_member,1048576,2,96,0.051776833,1854,1944176385,3.000000,168.000000
construct/raw_member,1048576,3,96,0.051737417,1856,1945657550,3.000000,168.000000
construct/raw_member,1048576,4,96,0.051767791,1854,1944515964,3.000000,168.000000
construct/raw_member,1048576,5,96,0.051874916,1851,1940500414,3.000000,168.000000
construct/raw_member,1048576,6,96,0.051719167,1856,1946344109,3.000000,168.000000
construct/raw_member_write,1048576,0,64,0.082174334,779,816664532,3.000000,168.000000
construct/raw_member_write,1048576,1,64,0.081668958,784,821718137,3.000000,168.000000
construct/raw_member_write,1048576,2,64,0.081826209,782,820138985,3.000000,168.000000
construct/raw_member_write,1048576,3,64,0.081942583,781,818974232,3.000000,168.000000
construct/raw_member_write,1048576,4,64,0.082104708,779,817357075,3.000000,168.000000
construct/raw_member_write,1048576,5,64,0.082093666,780,817467014,3.000000,168.000000
construct/raw_member_write,1048576,6,64,0.082057541,780,817826895,3.000000,168.000000
construct/scalars,1048576,0,32,0.050691584,631,661932995,3.000000,552.000000
construct/scalars,1048576,1,32,0.050704334,631,661766546,3.000000,552.000000
construct/scalars,1048576,2,32,0.050772167,630,660882408,3.000000,552.000000
construct/scalars,1048576,3,32,0.050671750,632,662192089,3.000000,552.000000
construct/scalars,1048576,4,32,0.050801208,630,660504608,3.000000,552.000000
construct/scalars,1048576,5,32,0.050648291,632,662498800,3.000000,552.000000
construct/scalars,1048576,6,32,0.050778208,630,660803784,3.000000,552.000000
construct/filtered_summary,1048576,0,32,0.050815875,630,660313967,5.000000,368.000000
construct/filtered_summary,1048576,1,32,0.050621083,632,662854882,5.000000,368.000000
construct/filtered_summary,1048576,2,32,0.050663250,632,662303188,5.000000,368.000000
construct/filtered_summary,1048576,3,32,0.050766125,630,660961064,5.000000,368.000000
construct/filtered_summary,1048576,4,32,0.050637833,632,662635623,5.000000,368.000000
construct/filtered_summary,1048576,5,32,0.050610917,632,662988027,5.000000,368.000000
construct/filtered_summary,1048576,6,32,0.050726833,631,661473031,5.000000,368.000000
construct/nested,1048576,0,32,0.067384291,475,497956297,15.000000,1352.000000
construct/nested,1048576,1,32,0.067438333,475,497557257,15.000000,1352.000000
construct/nested,1048576,2,32,0.067304542,475,498546324,15.000000,1352.000000
construct/nested,1048576,3,32,0.067377875,475,498003714,15.000000,1352.000000
construct/nested,1048576,4,32,0.067343917,475,498254831,15.000000,1352.000000
construct/nested,1048576,5,32,0.067403958,475,497811004,15.000000,1352.000000
construct/nested,1048576,6,32,0.067430583,475,497614443,15.000000,1352.000000
construct/navigate,1048576,0,64,0.068033792,941,986404874,3.000000,168.000000
construct/navigate,1048576,1,64,0.067943416,942,987716956,3.000000,168.000000
construct/navigate,1048576,2,64,0.067949583,942,987627312,3.000000,168.000000
construct/navigate,1048576,3,64,0.067917042,942,988100512,3.000000,168.000000
construct/navigate,1048576,4,64,0.067982875,941,987143659,3.000000,168.000000
construct/navigate,1048576,5,64,0.067950667,942,987611556,3.000000,168.000000
construct/navigate,1048576,6,64,0.068116875,940,985201743,3.000000,168.000000
construct/mapped_objects,262,0,18656,0.050028917,372904,97700936,12.000000,1184.000000
construct/mapped_objects,262,1,18688,0.050022166,373594,97881727,12.000000,1184.000000
construct/mapped_objects,262,2,18688,0.050006291,373713,97912801,12.000000,1184.000000
construct/mapped_objects,262,3,18720,0.050080917,373795,97934309,12.000000,1184.000000
construct/mapped_objects,262,4,18624,0.050055458,372067,97481637,12.000000,1184.000000
construct/mapped_objects,262,5,18720,0.050044541,374067,98005495,12.000000,1184.000000
construct/mapped_objects,262,6,18752,0.050069584,374519,98123923,12.000000,1184.000000
construct/collected_objects,262,0,21408,0.050020875,427981,112131105,15.000000,1352.000000
construct/collected_objects,262,1,21376,0.050004541,427481,112000068,15.000000,1352.000000
construct/collected_objects,262,2,21280,0.050045333,425214,111406192,15.000000,1352.000000
construct/collected_objects,262,3,21408,0.050025916,427938,112119806,15.000000,1352.000000
construct/collected_objects,262,4,21440,0.050019750,428631,112301241,15.000000,1352.000000
construct/collected_objects,262,5,21504,0.050073458,429449,112515656,15.000000,1352.000000
construct/collected_objects,262,6,21440,0.050020875,428621,112298715,15.000000,1352.000000
construct/collected_write,262,0,19776,0.050052042,395109,103518494,15.000000,1352.000000
construct/collected_write,262,1,19808,0.050012541,396061,103767893,15.000000,1352.000000
construct/collected_write,262,2,19808,0.050021875,395987,103748530,15.000000,1352.000000
construct/collected_write,262,3,19712,0.050072209,393671,103141924,15.000000,1352.000000
construct/collected_write,262,4,19808,0.050007750,396099,103777834,15.000000,1352.000000
construct/collected_write,262,5,19808,0.050045250,395802,103700071,15.000000,1352.000000
construct/collected_write,262,6,19712,0.050056000,393799,103175324,15.000000,1352.000000
construct/filtered_aggregate,262,0,18400,0.050046625,367657,96326176,3.000000,296.000000
construct/filtered_aggregate,262,1,18432,0.050080625,368047,96428190,3.000000,296.000000
construct/filtered_aggregate,262,2,18464,0.050080292,368688,96596242,3.000000,296.000000
construct/filtered_aggregate,262,3,18624,0.050060917,372027,97471007,3.000000,296.000000
construct/filtered_aggregate,262,4,18432,0.050082833,368030,96423938,3.000000,296.000000
construct/filtered_aggregate,262,5,18368,0.050061292,366910,96130479,3.000000,296.000000
construct/filtered_aggregate,262,6,18304,0.050004792,366045,95903769,3.000000,296.000000
construct/mapped_objects,4334,0,1248,0.051222334,24364,105595188,192.000000,18944.000000
construct/mapped_objects,4334,1,1248,0.050975875,24482,106105722,192.000000,18944.000000
construct/mapped_objects,4334,2,1248,0.050812708,24561,106446442,192.000000,18944.000000
construct/mapped_objects,4334,3,1248,0.051110375,24418,105826498,192.000000,18944.000000
construct/mapped_objects,4334,4,1216,0.050528792,24065,104299822,192.000000,18944.000000
construct/mapped_objects,4334,5,1216,0.050504708,24077,104349559,192.000000,18944.000000
construct/mapped_objects,4334,6,1216,0.050337125,24157,104696961,192.000000,18944.000000
construct/collected_objects,4334,0,1472,0.050989750,28869,125116283,199.000000,21992.000000
construct/collected_objects,4334,1,1440,0.050043708,28775,124710183,199.000000,21992.000000
construct/collected_objects,4334,2,1440,0.050056167,28768,124679143,199.000000,21992.000000
construct/collected_objects,4334,3,1440,0.050010000,28794,124794241,199.000000,21992.000000
construct/collected_objects,4334,4,1472,0.050853417,28946,125451708,199.000000,21992.000000
construct/collected_objects,4334,5,1472,0.050860917,28942,125433208,199.000000,21992.000000
construct/collected_objects,4334,6,1472,0.050670166,29051,125905410,199.000000,21992.000000
construct/collected_write,4334,0,1344,0.050915416,26397,114403386,199.000000,21992.000000
construct/collected_write,4334,1,1344,0.050753916,26481,114767420,199.000000,21992.000000
construct/collected_write,4334,2,1344,0.050692875,26513,114905615,199.000000,21992.000000
construct/collected_write,4334,3,1344,0.050768834,26473,114733697,199.000000,21992.000000
construct/collected_write,4334,4,1344,0.050882292,26414,114477862,199.000000,21992.000000
construct/collected_write,4334,5,1344,0.050871542,26419,114502053,199.000000,21992.000000
construct/collected_write,4334,6,1344,0.050745833,26485,114785701,199.000000,21992.000000
construct/filtered_aggregate,4334,0,1376,0.050963292,27000,117017244,3.000000,296.000000
construct/filtered_aggregate,4334,1,1376,0.050684209,27148,117661578,3.000000,296.000000
construct/filtered_aggregate,4334,2,1344,0.050610584,26556,115092448,3.000000,296.000000
construct/filtered_aggregate,4334,3,1376,0.050258834,27378,118657428,3.000000,296.000000
construct/filtered_aggregate,4334,4,1376,0.050304833,27353,118548927,3.000000,296.000000
construct/filtered_aggregate,4334,5,1376,0.050693750,27143,117639433,3.000000,296.000000
construct/filtered_aggregate,4334,6,1376,0.050169458,27427,118868815,3.000000,296.000000
construct/mapped_objects,36190,0,160,0.052446458,3051,110405931,1536.000000,151552.000000
construct/mapped_objects,36190,1,160,0.053369333,2998,108496765,1536.000000,151552.000000
construct/mapped_objects,36190,2,160,0.052596167,3042,110091673,1536.000000,151552.000000
construct/mapped_objects,36190,3,160,0.052388208,3054,110528690,1536.000000,151552.000000
construct/mapped_objects,36190,4,160,0.052234708,3063,110853496,1536.000000,151552.000000
construct/mapped_objects,36190,5,160,0.052311666,3059,110690415,1536.000000,151552.000000
construct/mapped_objects,36190,6,160,0.052244958,3062,110831748,1536.000000,151552.000000
construct/collected_objects,36190,0,192,0.052812625,3635,131568541,1546.000000,176104.000000
construct/collected_objects,36190,1,192,0.052457500,3660,132459229,1546.000000,176104.000000
construct/collected_objects,36190,2,192,0.052538167,3654,132255851,1546.000000,176104.000000
construct/collected_objects,36190,3,192,0.052738750,3641,131752838,1546.000000,176104.000000
construct/collected_objects,36190,4,192,0.052526875,3655,132284283,1546.000000,176104.000000
construct/collected_objects,36190,5,192,0.052450209,3661,132477642,1546.000000,176104.000000
construct/collected_objects,36190,6,192,0.052455875,3660,132463332,1546.000000,176104.000000
construct/collected_write,36190,0,192,0.057682792,3329,120460189,1546.000000,176104.000000
construct/collected_write,36190,1,192,0.057796666,3322,120222852,1546.000000,176104.000000
construct/collected_write,36190,2,192,0.057736791,3325,120347527,1546.000000,176104.000000
construct/collected_write,36190,3,192,0.057818500,3321,120177452,1546.000000,176104.000000
construct/collected_write,36190,4,192,0.057749750,3325,120320521,1546.000000,176104.000000
construct/collected_write,36190,5,192,0.057746875,3325,120326511,1546.000000,176104.000000
construct/collected_write,36190,6,192,0.057724917,3326,120372282,1546.000000,176104.000000
construct/filtered_aggregate,36190,0,192,0.055417541,3465,125384127,3.000000,296.000000
construct/filtered_aggregate,36190,1,192,0.057584750,3334,120665280,3.000000,296.000000
construct/filtered_aggregate,36190,2,192,0.055302917,3472,125644005,3.000000,296.000000
construct/filtered_aggregate,36190,3,192,0.055347084,3469,125543741,3.000000,296.000000
construct/filtered_aggregate,36190,4,192,0.055187792,3479,125906106,3.000000,296.000000
construct/filtered_aggregate,36190,5,192,0.057294417,3351,121276738,3.000000,296.000000
construct/filtered_aggregate,36190,6,192,0.057967750,3312,119868030,3.000000,296.000000
construct/mapped_objects,624958,0,32,0.170577125,188,117241137,24576.000000,2424832.000000
construct/mapped_objects,624958,1,32,0.169189833,189,118202469,24576.000000,2424832.000000
construct/mapped_objects,624958,2,32,0.169222625,189,118179564,24576.000000,2424832.000000
construct/mapped_objects,624958,3,32,0.169267792,189,118148029,24576.000000,2424832.000000
construct/mapped_objects,624958,4,32,0.169295208,189,118128896,24576.000000,2424832.000000
construct/mapped_objects,624958,5,32,0.168307000,190,118822485,24576.000000,2424832.000000
construct/mapped_objects,624958,6,32,0.169347084,189,118092710,24576.000000,2424832.000000
construct/collected_objects,624958,0,32,0.142383042,225,140456727,24590.000000,2818024.000000
construct/collected_objects,624958,1,32,0.145414917,220,137528229,24590.000000,2818024.000000
construct/collected_objects,624958,2,32,0.145119417,221,137808271,24590.000000,2818024.000000
construct/collected_objects,624958,3,32,0.143038334,224,139813262,24590.000000,2818024.000000
construct/collected_objects,624958,4,32,0.142946125,224,139903450,24590.000000,2818024.000000
construct/collected_objects,624958,5,32,0.142547667,224,140294516,24590.000000,2818024.000000
construct/collected_objects,624958,6,32,0.144158167,222,138727180,24590.000000,2818024.000000
construct/collected_write,624958,0,32,0.157629000,203,126871680,24590.000000,2818024.000000
construct/collected_write,624958,1,32,0.156982709,204,127394005,24590.000000,2818024.000000
construct/collected_write,624958,2,32,0.156786584,204,127553363,24590.000000,2818024.000000
construct/collected_write,624958,3,32,0.157013208,204,127369259,24590.000000,2818024.000000
construct/collected_write,624958,4,32,0.157041583,204,127346246,24590.000000,2818024.000000
construct/collected_write,624958,5,32,0.156165042,205,128061029,24590.000000,2818024.000000
construct/collected_write,624958,6,32,0.157012542,204,127369800,24590.000000,2818024.000000
construct/filtered_aggregate,624958,0,32,0.155156417,206,128893515,3.000000,296.000000
construct/filtered_aggregate,624958,1,32,0.152754500,209,130920241,3.000000,296.000000
construct/filtered_aggregate,624958,2,32,0.156297958,205,127952126,3.000000,296.000000
construct/filtered_aggregate,624958,3,32,0.152595000,210,131057086,3.000000,296.000000
construct/filtered_aggregate,624958,4,32,0.154722542,207,129254960,3.000000,296.000000
construct/filtered_aggregate,624958,5,32,0.155004750,206,129019633,3.000000,296.000000
construct/filtered_aggregate,624958,6,32,0.154048209,208,129820763,3.000000,296.000000
construct/nested_summary,1036,0,1984,0.050525708,39267,40680756,3.000000,296.000000
construct/nested_summary,1036,1,1984,0.050256250,39478,40898873,3.000000,296.000000
construct/nested_summary,1036,2,1984,0.050313958,39432,40851964,3.000000,296.000000
construct/nested_summary,1036,3,1984,0.050247583,39484,40905928,3.000000,296.000000
construct/nested_summary,1036,4,1984,0.050322666,39426,40844895,3.000000,296.000000
construct/nested_summary,1036,5,1984,0.050207042,39516,40938958,3.000000,296.000000
construct/nested_summary,1036,6,1984,0.050109417,39593,41018717,3.000000,296.000000
construct/nested_summary,16396,0,128,0.050817333,2519,41298665,3.000000,296.000000
construct/nested_summary,16396,1,128,0.050719625,2524,41378224,3.000000,296.000000
construct/nested_summary,16396,2,128,0.050620750,2529,41459046,3.000000,296.000000
construct/nested_summary,16396,3,128,0.050454000,2537,41596068,3.000000,296.000000
construct/nested_summary,16396,4,128,0.050440791,2538,41606961,3.000000,296.000000
construct/nested_summary,16396,5,128,0.050457875,2537,41592873,3.000000,296.000000
construct/nested_summary,16396,6,128,0.050546334,2532,41520083,3.000000,296.000000
construct/nested_summary,1048588,0,32,0.808685375,40,41493042,3.000000,296.000000
construct/nested_summary,1048588,1,32,0.809083291,40,41472635,3.000000,296.000000
construct/nested_summary,1048588,2,32,0.809068375,40,41473400,3.000000,296.000000
construct/nested_summary,1048588,3,32,0.808310541,40,41512283,3.000000,296.000000
construct/nested_summary,1048588,4,32,0.809418667,40,41455451,3.000000,296.000000
construct/nested_summary,1048588,5,32,0.811097042,39,41369669,3.000000,296.000000
construct/nested_summary,1048588,6,32,0.809430167,40,41454862,3.000000,296.000000
compile/lexical,0,0,42912,0.050034833,857643,0,40.000000,2912.000000
compile/lexical,0,1,43104,0.050031209,861542,0,40.000000,2912.000000
compile/lexical,0,2,43200,0.050032250,863443,0,40.000000,2912.000000
compile/lexical,0,3,43456,0.050015042,868859,0,40.000000,2912.000000
compile/lexical,0,4,43584,0.050011125,871486,0,40.000000,2912.000000
compile/lexical,0,5,43360,0.050025916,866751,0,40.000000,2912.000000
compile/lexical,0,6,43072,0.050027000,860975,0,40.000000,2912.000000
lexical/lookup,100,0,153984,0.050005292,3079354,307935408,5.000000,504.000000
lexical/lookup,100,1,157216,0.050004833,3144016,314401610,5.000000,504.000000
lexical/lookup,100,2,156512,0.050007125,3129794,312979400,5.000000,504.000000
lexical/lookup,100,3,157312,0.050003083,3146046,314604601,5.000000,504.000000
lexical/lookup,100,4,152480,0.050001417,3049514,304951358,5.000000,504.000000
lexical/lookup,100,5,153248,0.050007333,3064511,306451056,5.000000,504.000000
lexical/lookup,100,6,153504,0.050001542,3069985,306998532,5.000000,504.000000
lexical/repeated_binding,100,0,122624,0.050011917,2451896,245189562,5.000000,504.000000
lexical/repeated_binding,100,1,123136,0.050004792,2462484,246248400,5.000000,504.000000
lexical/repeated_binding,100,2,123328,0.050006708,2466229,246622913,5.000000,504.000000
lexical/repeated_binding,100,3,123552,0.050007458,2470671,247067147,5.000000,504.000000
lexical/repeated_binding,100,4,123296,0.050009333,2465460,246545980,5.000000,504.000000
lexical/repeated_binding,100,5,122144,0.050010333,2442375,244237526,5.000000,504.000000
lexical/repeated_binding,100,6,123328,0.050006584,2466235,246623525,5.000000,504.000000
lexical/retained_sequence,100,0,95520,0.050001750,1910333,191033314,7.000000,648.000000
lexical/retained_sequence,100,1,95648,0.050015625,1912362,191236239,7.000000,648.000000
lexical/retained_sequence,100,2,94400,0.050010833,1887591,188759103,7.000000,648.000000
lexical/retained_sequence,100,3,94272,0.050004333,1885277,188527662,7.000000,648.000000
lexical/retained_sequence,100,4,94656,0.050016125,1892510,189250967,7.000000,648.000000
lexical/retained_sequence,100,5,95328,0.050012500,1906083,190608348,7.000000,648.000000
lexical/retained_sequence,100,6,95840,0.050007583,1916509,191650934,7.000000,648.000000
lexical/closure_call,100,0,80832,0.050019292,1616016,161601648,8.000000,768.000000
lexical/closure_call,100,1,81984,0.050002708,1639591,163959120,8.000000,768.000000
lexical/closure_call,100,2,81920,0.050005541,1638218,163821845,8.000000,768.000000
lexical/closure_call,100,3,81696,0.050009041,1633625,163362461,8.000000,768.000000
lexical/closure_call,100,4,81472,0.050001334,1629397,162939653,8.000000,768.000000
lexical/closure_call,100,5,80928,0.050009541,1618251,161825121,8.000000,768.000000
lexical/closure_call,100,6,81184,0.050018292,1623086,162308621,8.000000,768.000000
lexical/escaped_closure,100,0,72736,0.050012125,1454367,145436732,11.000000,1032.000000
lexical/escaped_closure,100,1,72928,0.050018083,1458033,145803269,11.000000,1032.000000
lexical/escaped_closure,100,2,72576,0.050000833,1451496,145149582,11.000000,1032.000000
lexical/escaped_closure,100,3,72160,0.050016792,1442715,144271548,11.000000,1032.000000
lexical/escaped_closure,100,4,71936,0.050010167,1438428,143842751,11.000000,1032.000000
lexical/escaped_closure,100,5,72032,0.050004166,1440520,144051998,11.000000,1032.000000
lexical/escaped_closure,100,6,72096,0.050005667,1441757,144175659,11.000000,1032.000000
lexical/mixed,100,0,40896,0.050015416,817668,81766790,14.000000,1480.000000
lexical/mixed,100,1,40896,0.050037584,817306,81730565,14.000000,1480.000000
lexical/mixed,100,2,40960,0.050028875,818727,81872719,14.000000,1480.000000
lexical/mixed,100,3,40544,0.050019875,810558,81055780,14.000000,1480.000000
lexical/mixed,100,4,40480,0.050012292,809401,80940102,14.000000,1480.000000
lexical/mixed,100,5,40800,0.050032083,815477,81547674,14.000000,1480.000000
lexical/mixed,100,6,40800,0.050011833,815807,81580693,14.000000,1480.000000
lexical/lookup,500,0,67328,0.050002792,1346485,673242406,5.000000,504.000000
lexical/lookup,500,1,67264,0.050011667,1344966,672483083,5.000000,504.000000
lexical/lookup,500,2,67328,0.050003208,1346474,673236805,5.000000,504.000000
lexical/lookup,500,3,67360,0.050009458,1346945,673472606,5.000000,504.000000
lexical/lookup,500,4,67488,0.050001125,1349730,674864816,5.000000,504.000000
lexical/lookup,500,5,67456,0.050000791,1349099,674549329,5.000000,504.000000
lexical/lookup,500,6,66880,0.050012250,1337272,668636184,5.000000,504.000000
lexical/repeated_binding,500,0,60576,0.050016709,1211115,605557635,5.000000,504.000000
lexical/repeated_binding,500,1,60704,0.050015916,1213694,606846829,5.000000,504.000000
lexical/repeated_binding,500,2,60800,0.050014042,1215659,607829297,5.000000,504.000000
lexical/repeated_binding,500,3,60736,0.050011750,1214435,607217304,5.000000,504.000000
lexical/repeated_binding,500,4,60928,0.050021416,1218038,609019145,5.000000,504.000000
lexical/repeated_binding,500,5,60704,0.050021959,1213547,606773517,5.000000,504.000000
lexical/repeated_binding,500,6,60960,0.050021750,1218670,609334939,5.000000,504.000000
lexical/retained_sequence,500,0,52832,0.050012417,1056378,528188830,7.000000,648.000000
lexical/retained_sequence,500,1,53120,0.050015917,1062062,531030952,7.000000,648.000000
lexical/retained_sequence,500,2,52864,0.050021708,1056821,528410585,7.000000,648.000000
lexical/retained_sequence,500,3,52896,0.050003625,1057843,528921653,7.000000,648.000000
lexical/retained_sequence,500,4,52896,0.050023583,1057421,528710628,7.000000,648.000000
lexical/retained_sequence,500,5,53056,0.050005917,1060994,530497221,7.000000,648.000000
lexical/retained_sequence,500,6,52768,0.050016708,1055007,527503729,7.000000,648.000000
lexical/closure_call,500,0,40288,0.050012500,805559,402779305,8.000000,768.000000
lexical/closure_call,500,1,40288,0.050010959,805583,402791716,8.000000,768.000000
lexical/closure_call,500,2,40352,0.050033542,806499,403249484,8.000000,768.000000
lexical/closure_call,500,3,40288,0.050032667,805234,402616954,8.000000,768.000000
lexical/closure_call,500,4,40192,0.050029417,803367,401683673,8.000000,768.000000
lexical/closure_call,500,5,40224,0.050013791,804258,402129085,8.000000,768.000000
lexical/closure_call,500,6,40224,0.050033042,803949,401974359,8.000000,768.000000
lexical/escaped_closure,500,0,37472,0.050014084,749229,374614479,11.000000,1032.000000
lexical/escaped_closure,500,1,37664,0.050014042,753069,376534254,11.000000,1032.000000
lexical/escaped_closure,500,2,37728,0.050003667,754505,377252332,11.000000,1032.000000
lexical/escaped_closure,500,3,37792,0.050010667,755679,377839392,11.000000,1032.000000
lexical/escaped_closure,500,4,37792,0.050011792,755662,377830892,11.000000,1032.000000
lexical/escaped_closure,500,5,37792,0.050025042,755462,377730817,11.000000,1032.000000
lexical/escaped_closure,500,6,37696,0.050041500,753295,376647383,11.000000,1032.000000
lexical/mixed,500,0,26720,0.050027125,534110,267055123,14.000000,1480.000000
lexical/mixed,500,1,26720,0.050056375,533798,266899071,14.000000,1480.000000
lexical/mixed,500,2,26784,0.050029834,535361,267680281,14.000000,1480.000000
lexical/mixed,500,3,26560,0.050001500,531184,265592032,14.000000,1480.000000
lexical/mixed,500,4,26816,0.050003333,536284,268142126,14.000000,1480.000000
lexical/mixed,500,5,26752,0.050016209,534867,267433303,14.000000,1480.000000
lexical/mixed,500,6,26752,0.050054917,534453,267226494,14.000000,1480.000000
lexical/lookup,1024,0,38784,0.050033500,775161,793764498,5.000000,504.000000
lexical/lookup,1024,1,38944,0.050022209,778534,797219011,5.000000,504.000000
lexical/lookup,1024,2,38816,0.050035584,775768,794386331,5.000000,504.000000
lexical/lookup,1024,3,38976,0.050024125,779144,797843521,5.000000,504.000000
lexical/lookup,1024,4,38944,0.050005208,778799,797490053,5.000000,504.000000
lexical/lookup,1024,5,38912,0.050018625,777950,796621019,5.000000,504.000000
lexical/lookup,1024,6,38912,0.050022625,777888,796557318,5.000000,504.000000
lexical/repeated_binding,1024,0,36544,0.050043292,730248,747773668,5.000000,504.000000
lexical/repeated_binding,1024,1,36384,0.050017583,727424,744882375,5.000000,504.000000
lexical/repeated_binding,1024,2,36704,0.050024625,733719,751327891,5.000000,504.000000
lexical/repeated_binding,1024,3,36640,0.050019208,732519,750099042,5.000000,504.000000
lexical/repeated_binding,1024,4,36640,0.050027125,732403,749980336,5.000000,504.000000
lexical/repeated_binding,1024,5,36608,0.050010666,732004,749571941,5.000000,504.000000
lexical/repeated_binding,1024,6,36608,0.050033625,731668,749227984,5.000000,504.000000
lexical/retained_sequence,1024,0,33568,0.050004875,671295,687405618,7.000000,648.000000
lexical/retained_sequence,1024,1,33408,0.050025084,667825,683852765,7.000000,648.000000
lexical/retained_sequence,1024,2,33504,0.050001292,670063,686144190,7.000000,648.000000
lexical/retained_sequence,1024,3,33568,0.050035167,670888,686989453,7.000000,648.000000
lexical/retained_sequence,1024,4,33536,0.050042458,670151,686234557,7.000000,648.000000
lexical/retained_sequence,1024,5,33664,0.050038250,672765,688911703,7.000000,648.000000
lexical/retained_sequence,1024,6,33344,0.050004750,666817,682820252,7.000000,648.000000
lexical/closure_call,1024,0,24352,0.050014792,486896,498581460,8.000000,768.000000
lexical/closure_call,1024,1,24288,0.050038334,485388,497037172,8.000000,768.000000
lexical/closure_call,1024,2,24352,0.050051666,486537,498214145,8.000000,768.000000
lexical/closure_call,1024,3,24352,0.050064959,486408,498081862,8.000000,768.000000
lexical/closure_call,1024,4,24352,0.050021959,486826,498510024,8.000000,768.000000
lexical/closure_call,1024,5,24320,0.050021625,486190,497858276,8.000000,768.000000
lexical/closure_call,1024,6,24352,0.050009541,486947,498633811,8.000000,768.000000
lexical/escaped_closure,1024,0,23392,0.050013834,467711,478935648,11.000000,1032.000000
lexical/escaped_closure,1024,1,23552,0.050066750,470412,481701888,11.000000,1032.000000
lexical/escaped_closure,1024,2,23488,0.050048916,469301,480564095,11.000000,1032.000000
lexical/escaped_closure,1024,3,23520,0.050032875,470091,481373097,11.000000,1032.000000
lexical/escaped_closure,1024,4,23360,0.050027375,466944,478151012,11.000000,1032.000000
lexical/escaped_closure,1024,5,23424,0.050051750,467996,479227520,11.000000,1032.000000
lexical/escaped_closure,1024,6,23392,0.050035167,467511,478731449,11.000000,1032.000000
lexical/mixed,1024,0,18880,0.050045042,377260,386314393,14.000000,1480.000000
lexical/mixed,1024,1,18912,0.050027417,378033,387105495,14.000000,1480.000000
lexical/mixed,1024,2,18848,0.050034000,376704,385744734,14.000000,1480.000000
lexical/mixed,1024,3,18784,0.050081500,375069,384070285,14.000000,1480.000000
lexical/mixed,1024,4,18848,0.050036333,376686,385726748,14.000000,1480.000000
lexical/mixed,1024,5,18848,0.050065416,376467,385502679,14.000000,1480.000000
lexical/mixed,1024,6,18784,0.050051500,375293,384300490,14.000000,1480.000000
lexical/lookup,10240,0,4704,0.050014875,94052,963092680,5.000000,504.000000
lexical/lookup,10240,1,4736,0.050281167,94190,964509038,5.000000,504.000000
lexical/lookup,10240,2,4704,0.050011541,94058,963156884,5.000000,504.000000
lexical/lookup,10240,3,4736,0.050250375,94248,965100061,5.000000,504.000000
lexical/lookup,10240,4,4704,0.050013375,94055,963121565,5.000000,504.000000
lexical/lookup,10240,5,4736,0.050220583,94304,965672581,5.000000,504.000000
lexical/lookup,10240,6,4704,0.050036875,94011,962669231,5.000000,504.000000
lexical/repeated_binding,10240,0,4672,0.050129708,93198,954349864,5.000000,504.000000
lexical/repeated_binding,10240,1,4672,0.050145125,93170,954056451,5.000000,504.000000
lexical/repeated_binding,10240,2,4672,0.050123250,93210,954472824,5.000000,504.000000
lexical/repeated_binding,10240,3,4672,0.050117166,93222,954588693,5.000000,504.000000
lexical/repeated_binding,10240,4,4672,0.050091334,93270,955080973,5.000000,504.000000
lexical/repeated_binding,10240,5,4672,0.050345667,92798,950256156,5.000000,504.000000
lexical/repeated_binding,10240,6,4672,0.050185667,93094,953285726,5.000000,504.000000
lexical/retained_sequence,10240,0,4640,0.050261291,92318,945331866,7.000000,648.000000
lexical/retained_sequence,10240,1,4448,0.050048125,88874,910074453,7.000000,648.000000
lexical/retained_sequence,10240,2,4608,0.050071792,92028,942365314,7.000000,648.000000
lexical/retained_sequence,10240,3,4640,0.050202875,92425,946431853,7.000000,648.000000
lexical/retained_sequence,10240,4,4640,0.050260416,92319,945348323,7.000000,648.000000
lexical/retained_sequence,10240,5,4640,0.050227333,92380,945970992,7.000000,648.000000
lexical/retained_sequence,10240,6,4640,0.050303833,92239,944532398,7.000000,648.000000
lexical/closure_call,10240,0,3136,0.050139166,62546,640470167,8.000000,768.000000
lexical/closure_call,10240,1,3136,0.050213958,62453,639516208,8.000000,768.000000
lexical/closure_call,10240,2,3136,0.050134583,62552,640528714,8.000000,768.000000
lexical/closure_call,10240,3,3136,0.050172416,62504,640045718,8.000000,768.000000
lexical/closure_call,10240,4,3136,0.050312917,62330,638258362,8.000000,768.000000
lexical/closure_call,10240,5,3136,0.050184667,62489,639889471,8.000000,768.000000
lexical/closure_call,10240,6,3136,0.050173125,62504,640036673,8.000000,768.000000
lexical/escaped_closure,10240,0,3136,0.050446208,62165,636571930,11.000000,1032.000000
lexical/escaped_closure,10240,1,3136,0.050454250,62155,636470466,11.000000,1032.000000
lexical/escaped_closure,10240,2,3104,0.050027917,62045,635344462,11.000000,1032.000000
lexical/escaped_closure,10240,3,3136,0.050486833,62115,636059703,11.000000,1032.000000
lexical/escaped_closure,10240,4,3104,0.050192000,61843,633267453,11.000000,1032.000000
lexical/escaped_closure,10240,5,3136,0.050491500,62109,636000911,11.000000,1032.000000
lexical/escaped_closure,10240,6,3136,0.050466042,62141,636321747,11.000000,1032.000000
lexical/mixed,10240,0,3040,0.050357917,60368,618166951,14.000000,1480.000000
lexical/mixed,10240,1,3040,0.050363667,60361,618096375,14.000000,1480.000000
lexical/mixed,10240,2,3040,0.050400416,60317,617645696,14.000000,1480.000000
lexical/mixed,10240,3,3008,0.050003333,60156,615997338,14.000000,1480.000000
lexical/mixed,10240,4,3040,0.050404000,60313,617601778,14.000000,1480.000000
lexical/mixed,10240,5,3040,0.050506209,60191,616351942,14.000000,1480.000000
lexical/mixed,10240,6,3040,0.050386750,60333,617813215,14.000000,1480.000000
lexical/lookup,65536,0,768,0.051161083,15011,983787775,5.000000,504.000000
lexical/lookup,65536,1,768,0.051292250,14973,981271986,5.000000,504.000000
lexical/lookup,65536,2,768,0.051193792,15002,983159208,5.000000,504.000000
lexical/lookup,65536,3,768,0.051136625,15019,984258308,5.000000,504.000000
lexical/lookup,65536,4,768,0.051231542,14991,982434766,5.000000,504.000000
lexical/lookup,65536,5,768,0.051136958,15018,984251899,5.000000,504.000000
lexical/lookup,65536,6,768,0.051208500,14998,982876827,5.000000,504.000000
lexical/repeated_binding,65536,0,768,0.051175958,15007,983501823,5.000000,504.000000
lexical/repeated_binding,65536,1,768,0.051246209,14986,982153587,5.000000,504.000000
lexical/repeated_binding,65536,2,768,0.051194541,15002,983144824,5.000000,504.000000
lexical/repeated_binding,65536,3,768,0.051261959,14982,981851825,5.000000,504.000000
lexical/repeated_binding,65536,4,768,0.051431208,14933,978620763,5.000000,504.000000
lexical/repeated_binding,65536,5,768,0.051119333,15024,984591250,5.000000,504.000000
lexical/repeated_binding,65536,6,768,0.051239667,14988,982278983,5.000000,504.000000
lexical/retained_sequence,65536,0,768,0.051227208,14992,982517884,7.000000,648.000000
lexical/retained_sequence,65536,1,768,0.051401000,14941,979195891,7.000000,648.000000
lexical/retained_sequence,65536,2,768,0.051281625,14976,981475295,7.000000,648.000000
lexical/retained_sequence,65536,3,768,0.051312667,14967,980881543,7.000000,648.000000
lexical/retained_sequence,65536,4,768,0.051264709,14981,981799155,7.000000,648.000000
lexical/retained_sequence,65536,5,768,0.051326583,14963,980615600,7.000000,648.000000
lexical/retained_sequence,65536,6,768,0.051273167,14979,981637198,7.000000,648.000000
lexical/closure_call,65536,0,512,0.050961833,10047,658422785,8.000000,768.000000
lexical/closure_call,65536,1,512,0.051021041,10035,657658710,8.000000,768.000000
lexical/closure_call,65536,2,512,0.051007417,10038,657834369,8.000000,768.000000
lexical/closure_call,65536,3,512,0.050877708,10063,659511470,8.000000,768.000000
lexical/closure_call,65536,4,512,0.051014250,10036,657746257,8.000000,768.000000
lexical/closure_call,65536,5,512,0.050858500,10067,659760551,8.000000,768.000000
lexical/closure_call,65536,6,512,0.050974750,10044,658255940,8.000000,768.000000
lexical/escaped_closure,65536,0,512,0.050973875,10044,658267240,11.000000,1032.000000
lexical/escaped_closure,65536,1,512,0.051015708,10036,657727459,11.000000,1032.000000
lexical/escaped_closure,65536,2,512,0.050980209,10043,658185454,11.000000,1032.000000
lexical/escaped_closure,65536,3,512,0.050957417,10048,658479844,11.000000,1032.000000
lexical/escaped_closure,65536,4,512,0.051121916,10015,656361002,11.000000,1032.000000
lexical/escaped_closure,65536,5,512,0.050986167,10042,658108541,11.000000,1032.000000
lexical/escaped_closure,65536,6,512,0.050978417,10043,658208591,11.000000,1032.000000
lexical/mixed,65536,0,512,0.051226917,9995,655015643,14.000000,1480.000000
lexical/mixed,65536,1,512,0.051309875,9979,653956612,14.000000,1480.000000
lexical/mixed,65536,2,512,0.051218708,9996,655120625,14.000000,1480.000000
lexical/mixed,65536,3,512,0.051275584,9985,654393951,14.000000,1480.000000
lexical/mixed,65536,4,512,0.051153625,10009,655954138,14.000000,1480.000000
lexical/mixed,65536,5,512,0.051313750,9978,653907228,14.000000,1480.000000
lexical/mixed,65536,6,512,0.051161375,10008,655854773,14.000000,1480.000000
lexical/lookup,1048576,0,64,0.067912958,942,988159933,5.000000,504.000000
lexical/lookup,1048576,1,64,0.067973209,942,987284034,5.000000,504.000000
lexical/lookup,1048576,2,64,0.067976458,942,987236846,5.000000,504.000000
lexical/lookup,1048576,3,64,0.067967666,942,987364551,5.000000,504.000000
lexical/lookup,1048576,4,64,0.067903709,943,988294527,5.000000,504.000000
lexical/lookup,1048576,5,64,0.067899292,943,988358818,5.000000,504.000000
lexical/lookup,1048576,6,64,0.067945542,942,987686050,5.000000,504.000000
lexical/repeated_binding,1048576,0,64,0.068162958,939,984535677,5.000000,504.000000
lexical/repeated_binding,1048576,1,64,0.067899708,943,988352763,5.000000,504.000000
lexical/repeated_binding,1048576,2,64,0.067905333,942,988270892,5.000000,504.000000
lexical/repeated_binding,1048576,3,64,0.067920542,942,988049595,5.000000,504.000000
lexical/repeated_binding,1048576,4,64,0.068002875,941,986853335,5.000000,504.000000
lexical/repeated_binding,1048576,5,64,0.067884750,943,988570541,5.000000,504.000000
lexical/repeated_binding,1048576,6,64,0.067843584,943,989170383,5.000000,504.000000
lexical/retained_sequence,1048576,0,64,0.067996000,941,986953115,7.000000,648.000000
lexical/retained_sequence,1048576,1,64,0.067924625,942,987990202,7.000000,648.000000
lexical/retained_sequence,1048576,2,64,0.067945125,942,987692112,7.000000,648.000000
lexical/retained_sequence,1048576,3,64,0.067903542,943,988296958,7.000000,648.000000
lexical/retained_sequence,1048576,4,64,0.067943125,942,987721186,7.000000,648.000000
lexical/retained_sequence,1048576,5,64,0.068085750,940,985652123,7.000000,648.000000
lexical/retained_sequence,1048576,6,64,0.067913667,942,988149616,7.000000,648.000000
lexical/closure_call,1048576,0,32,0.050679708,631,662088108,8.000000,768.000000
lexical/closure_call,1048576,1,32,0.050611792,632,662976565,8.000000,768.000000
lexical/closure_call,1048576,2,32,0.050682750,631,662048370,8.000000,768.000000
lexical/closure_call,1048576,3,32,0.050855750,629,659796228,8.000000,768.000000
lexical/closure_call,1048576,4,32,0.050631959,632,662712497,8.000000,768.000000
lexical/closure_call,1048576,5,32,0.050677000,631,662123488,8.000000,768.000000
lexical/closure_call,1048576,6,32,0.050607958,632,663026791,8.000000,768.000000
lexical/escaped_closure,1048576,0,32,0.050816625,630,660304221,11.000000,1032.000000
lexical/escaped_closure,1048576,1,32,0.050639375,632,662615445,11.000000,1032.000000
lexical/escaped_closure,1048576,2,32,0.050730834,631,661420863,11.000000,1032.000000
lexical/escaped_closure,1048576,3,32,0.050641750,632,662584370,11.000000,1032.000000
lexical/escaped_closure,1048576,4,32,0.050706709,631,661735551,11.000000,1032.000000
lexical/escaped_closure,1048576,5,32,0.050608958,632,663013690,11.000000,1032.000000
lexical/escaped_closure,1048576,6,32,0.050740000,631,661301380,11.000000,1032.000000
lexical/mixed,1048576,0,32,0.050645208,632,662539129,14.000000,1480.000000
lexical/mixed,1048576,1,32,0.050705584,631,661750232,14.000000,1480.000000
lexical/mixed,1048576,2,32,0.050553459,633,663741565,14.000000,1480.000000
lexical/mixed,1048576,3,32,0.050794791,630,660588051,14.000000,1480.000000
lexical/mixed,1048576,4,32,0.050697041,631,661861745,14.000000,1480.000000
lexical/mixed,1048576,5,32,0.050695667,631,661879683,14.000000,1480.000000
lexical/mixed,1048576,6,32,0.050533333,633,664005915,14.000000,1480.000000
lexical/mapped_calls,106,0,26656,0.050033917,532759,56472413,25.000000,2392.000000
lexical/mapped_calls,106,1,26656,0.050037916,532716,56467899,25.000000,2392.000000
lexical/mapped_calls,106,2,26752,0.050051000,534495,56656450,25.000000,2392.000000
lexical/mapped_calls,106,3,26816,0.050012125,536190,56836137,25.000000,2392.000000
lexical/mapped_calls,106,4,26944,0.050013792,538731,57105528,25.000000,2392.000000
lexical/mapped_calls,106,5,27008,0.050031000,539825,57221483,25.000000,2392.000000
lexical/mapped_calls,106,6,26496,0.050017250,529737,56152148,25.000000,2392.000000
lexical/repeated_projection,106,0,52576,0.050014416,1051217,111428993,8.000000,840.000000
lexical/repeated_projection,106,1,52544,0.050012583,1050616,111365254,8.000000,840.000000
lexical/repeated_projection,106,2,52640,0.050002000,1052758,111592336,8.000000,840.000000
lexical/repeated_projection,106,3,51840,0.050007917,1036636,109883401,8.000000,840.000000
lexical/repeated_projection,106,4,52256,0.050010833,1044894,110758723,8.000000,840.000000
lexical/repeated_projection,106,5,52320,0.050001917,1046360,110914148,8.000000,840.000000
lexical/repeated_projection,106,6,52448,0.050003917,1048878,111181050,8.000000,840.000000
lexical/mapped_calls,1692,0,2176,0.050326750,43237,73157754,269.000000,30232.000000
lexical/mapped_calls,1692,1,2176,0.050145459,43394,73422241,269.000000,30232.000000
lexical/mapped_calls,1692,2,2176,0.050342084,43224,73135471,269.000000,30232.000000
lexical/mapped_calls,1692,3,2176,0.050012250,43509,73617804,269.000000,30232.000000
lexical/mapped_calls,1692,4,2176,0.050273333,43283,73235486,269.000000,30232.000000
lexical/mapped_calls,1692,5,2176,0.050139791,43399,73430541,269.000000,30232.000000
lexical/mapped_calls,1692,6,2176,0.050609416,42996,72749150,269.000000,30232.000000
lexical/repeated_projection,1692,0,4704,0.050171541,93758,158639098,12.000000,6600.000000
lexical/repeated_projection,1692,1,4768,0.050059250,95247,161158148,12.000000,6600.000000
lexical/repeated_projection,1692,2,4832,0.050291542,96080,162566978,12.000000,6600.000000
lexical/repeated_projection,1692,3,4800,0.050003167,95994,162421712,12.000000,6600.000000
lexical/repeated_projection,1692,4,4832,0.050265708,96129,162650529,12.000000,6600.000000
lexical/repeated_projection,1692,5,4800,0.050019792,95962,162367728,12.000000,6600.000000
lexical/repeated_projection,1692,6,4832,0.050231875,96194,162760080,12.000000,6600.000000
lexical/mapped_calls,14260,0,288,0.051577292,5584,79625739,2064.000000,238104.000000
lexical/mapped_calls,14260,1,288,0.051929459,5546,79085746,2064.000000,238104.000000
lexical/mapped_calls,14260,2,288,0.052057417,5532,78891352,2064.000000,238104.000000
lexical/mapped_calls,14260,3,288,0.052456791,5490,78290721,2064.000000,238104.000000
lexical/mapped_calls,14260,4,288,0.052318083,5505,78498289,2064.000000,238104.000000
lexical/mapped_calls,14260,5,288,0.052087833,5529,78845284,2064.000000,238104.000000
lexical/mapped_calls,14260,6,288,0.052196750,5518,78680761,2064.000000,238104.000000
lexical/repeated_projection,14260,0,640,0.051700708,12379,176523695,15.000000,49608.000000
lexical/repeated_projection,14260,1,640,0.051357084,12462,177704793,15.000000,49608.000000
lexical/repeated_projection,14260,2,640,0.051414125,12448,177507640,15.000000,49608.000000
lexical/repeated_projection,14260,3,640,0.050668375,12631,180120243,15.000000,49608.000000
lexical/repeated_projection,14260,4,640,0.050633708,12640,180243564,15.000000,49608.000000
lexical/repeated_projection,14260,5,640,0.050748625,12611,179835414,15.000000,49608.000000
lexical/repeated_projection,14260,6,640,0.050725334,12617,179917987,15.000000,49608.000000
lexical/mapped_calls,251044,0,32,0.094397959,339,85101501,32788.000000,3801624.000000
lexical/mapped_calls,251044,1,32,0.092884167,345,86488454,32788.000000,3801624.000000
lexical/mapped_calls,251044,2,32,0.091817500,349,87493212,32788.000000,3801624.000000
lexical/mapped_calls,251044,3,32,0.092689459,345,86670136,32788.000000,3801624.000000
lexical/mapped_calls,251044,4,32,0.092426167,346,86917031,32788.000000,3801624.000000
lexical/mapped_calls,251044,5,32,0.091637209,349,87665350,32788.000000,3801624.000000
lexical/mapped_calls,251044,6,32,0.092246042,347,87086750,32788.000000,3801624.000000
lexical/repeated_projection,251044,0,64,0.085124791,752,188744264,19.000000,786888.000000
lexical/repeated_projection,251044,1,64,0.083653875,765,192063022,19.000000,786888.000000
lexical/repeated_projection,251044,2,64,0.083649541,765,192072973,19.000000,786888.000000
lexical/repeated_projection,251044,3,64,0.083512625,766,192387869,19.000000,786888.000000
lexical/repeated_projection,251044,4,64,0.083654208,765,192062257,19.000000,786888.000000
lexical/repeated_projection,251044,5,64,0.082381667,777,195029023,19.000000,786888.000000
lexical/repeated_projection,251044,6,64,0.082333916,777,195142133,19.000000,786888.000000
lexical/nested_retention,1036,0,3424,0.050431167,67895,70338725,10.000000,1992.000000
lexical/nested_retention,1036,1,3424,0.050316750,68049,70498671,10.000000,1992.000000
lexical/nested_retention,1036,2,3424,0.050051625,68409,70872105,10.000000,1992.000000
lexical/nested_retention,1036,3,3424,0.050151167,68274,70731435,10.000000,1992.000000
lexical/nested_retention,1036,4,3424,0.050021542,68451,70914727,10.000000,1992.000000
lexical/nested_retention,1036,5,3456,0.050393292,68581,71049456,10.000000,1992.000000
lexical/nested_retention,1036,6,3424,0.050037417,68429,70892229,10.000000,1992.000000
lexical/nested_retention,16396,0,224,0.050074125,4473,73345346,14.000000,25032.000000
lexical/nested_retention,16396,1,224,0.050195583,4463,73167872,14.000000,25032.000000
lexical/nested_retention,16396,2,224,0.050199417,4462,73162284,14.000000,25032.000000
lexical/nested_retention,16396,3,224,0.050283416,4455,73040066,14.000000,25032.000000
lexical/nested_retention,16396,4,224,0.050335833,4450,72964006,14.000000,25032.000000
lexical/nested_retention,16396,5,224,0.050402291,4444,72867799,14.000000,25032.000000
lexical/nested_retention,16396,6,224,0.050022292,4478,73421346,14.000000,25032.000000
lexical/nested_retention,1048588,0,32,0.458124125,70,73243940,20.000000,1573320.000000
lexical/nested_retention,1048588,1,32,0.455420542,70,73678749,20.000000,1573320.000000
lexical/nested_retention,1048588,2,32,0.455827917,70,73612902,20.000000,1573320.000000
lexical/nested_retention,1048588,3,32,0.457455167,70,73351048,20.000000,1573320.000000
lexical/nested_retention,1048588,4,32,0.457625333,70,73323773,20.000000,1573320.000000
lexical/nested_retention,1048588,5,32,0.456110417,70,73567309,20.000000,1573320.000000
lexical/nested_retention,1048588,6,32,0.456145500,70,73561651,20.000000,1573320.000000
