workload,input_bytes,sample,records,seconds,records_per_second,input_bytes_per_second,allocations_per_record,allocated_bytes_per_record
compile,0,0,163360,0.050003333,3266982,0,8.000000,498.000000
compile,0,1,287776,0.050002584,5755223,0,8.000000,498.000000
compile,0,2,312640,0.050004625,6252222,0,8.000000,498.000000
compile,0,3,312064,0.050002333,6240989,0,8.000000,498.000000
compile,0,4,313792,0.050004041,6275333,0,8.000000,498.000000
compile,0,5,312448,0.050002000,6248710,0,8.000000,498.000000
compile,0,6,315104,0.050004333,6301534,0,8.000000,498.000000
ascii/validate,100,0,602848,0.050001500,12056598,1205659830,0.000000,0.000000
ascii/validate,100,1,609984,0.050002459,12199080,1219908005,0.000000,0.000000
ascii/validate,100,2,616544,0.050000209,12330828,1233082846,0.000000,0.000000
ascii/validate,100,3,611328,0.050001000,12226315,1222631547,0.000000,0.000000
ascii/validate,100,4,616288,0.050001500,12325390,1232539024,0.000000,0.000000
ascii/validate,100,5,608832,0.050000709,12176467,1217646734,0.000000,0.000000
ascii/validate,100,6,616448,0.050000708,12328785,1232878542,0.000000,0.000000
ascii/identity,100,0,597216,0.050002333,11943763,1194376270,0.000000,0.000000
ascii/identity,100,1,603680,0.050000417,12073499,1207349931,0.000000,0.000000
ascii/identity,100,2,601472,0.050002042,12028949,1202894874,0.000000,0.000000
ascii/identity,100,3,591392,0.050000500,11827722,1182772172,0.000000,0.000000
ascii/identity,100,4,595104,0.050001417,11901743,1190174270,0.000000,0.000000
ascii/identity,100,5,593472,0.050002208,11868916,1186891587,0.000000,0.000000
ascii/identity,100,6,594656,0.050001792,11892694,1189269377,0.000000,0.000000
ascii/shallow,100,0,519232,0.050001292,10384372,1038437167,0.000000,0.000000
ascii/shallow,100,1,526880,0.050002709,10537029,1053702910,0.000000,0.000000
ascii/shallow,100,2,524768,0.050001334,10495080,1049507999,0.000000,0.000000
ascii/shallow,100,3,531424,0.050001667,10628126,1062812566,0.000000,0.000000
ascii/shallow,100,4,530272,0.050001208,10605184,1060518378,0.000000,0.000000
ascii/shallow,100,5,533024,0.050001042,10660258,1066025784,0.000000,0.000000
ascii/shallow,100,6,534880,0.050002834,10696994,1069699369,0.000000,0.000000
ascii/nested,100,0,493440,0.050000833,9868636,986863559,0.000000,0.000000
ascii/nested,100,1,483616,0.050002042,9671925,967192500,0.000000,0.000000
ascii/nested,100,2,503040,0.050001167,10060565,1006056519,0.000000,0.000000
ascii/nested,100,3,511328,0.050001416,10226270,1022627039,0.000000,0.000000
ascii/nested,100,4,514560,0.050000042,10291191,1029119136,0.000000,0.000000
ascii/nested,100,5,494400,0.050001167,9887769,988776922,0.000000,0.000000
ascii/nested,100,6,512864,0.050000958,10257083,1025708347,0.000000,0.000000
ascii/missing,100,0,541184,0.050001625,10823328,1082332824,0.000000,0.000000
ascii/missing,100,1,549888,0.050000667,10997613,1099761329,0.000000,0.000000
ascii/missing,100,2,551104,0.050002500,11021529,1102152892,0.000000,0.000000
ascii/missing,100,3,543392,0.050000667,10867695,1086769502,0.000000,0.000000
ascii/missing,100,4,547968,0.050000708,10959205,1095920482,0.000000,0.000000
ascii/missing,100,5,551648,0.050000916,11032758,1103275788,0.000000,0.000000
ascii/missing,100,6,552160,0.050000625,11043062,1104306196,0.000000,0.000000
ascii/array_value,100,0,531424,0.050002083,10628037,1062803724,0.000000,0.000000
ascii/array_value,100,1,536832,0.050001500,10736318,1073631791,0.000000,0.000000
ascii/array_value,100,2,539328,0.050000583,10786434,1078643423,0.000000,0.000000
ascii/array_value,100,3,539360,0.050000375,10787119,1078711910,0.000000,0.000000
ascii/array_value,100,4,540544,0.050001250,10810610,1081060973,0.000000,0.000000
ascii/array_value,100,5,540448,0.050001250,10808690,1080868978,0.000000,0.000000
ascii/array_value,100,6,539552,0.050000000,10791040,1079104000,0.000000,0.000000
ascii/identity_write,100,0,328608,0.050001209,6572001,657200109,0.000000,0.000000
ascii/identity_write,100,1,327360,0.050001875,6546954,654695449,0.000000,0.000000
ascii/identity_write,100,2,324992,0.050001750,6499613,649961251,0.000000,0.000000
ascii/identity_write,100,3,322784,0.050002333,6455379,645537879,0.000000,0.000000
ascii/identity_write,100,4,323360,0.050000750,6467103,646710299,0.000000,0.000000
ascii/identity_write,100,5,323616,0.050004167,6471781,647178064,0.000000,0.000000
ascii/identity_write,100,6,324960,0.050003875,6498696,649869635,0.000000,0.000000
ascii/validate,500,0,168800,0.050004083,3375724,1687862169,0.000000,0.000000
ascii/validate,500,1,169312,0.050002208,3386090,1693045235,0.000000,0.000000
ascii/validate,500,2,169216,0.050005083,3383976,1691987993,0.000000,0.000000
ascii/validate,500,3,172480,0.050003542,3449356,1724677824,0.000000,0.000000
ascii/validate,500,4,171392,0.050006959,3427363,1713681490,0.000000,0.000000
ascii/validate,500,5,170848,0.050009000,3416345,1708172529,0.000000,0.000000
ascii/validate,500,6,171200,0.050003875,3423735,1711867330,0.000000,0.000000
ascii/identity,500,0,170240,0.050008667,3404210,1702104957,0.000000,0.000000
ascii/identity,500,1,170016,0.050007000,3399844,1699922011,0.000000,0.000000
ascii/identity,500,2,169152,0.050000583,3383001,1691500277,0.000000,0.000000
ascii/identity,500,3,169888,0.050006375,3397327,1698663420,0.000000,0.000000
ascii/identity,500,4,169856,0.050008541,3396540,1698269902,0.000000,0.000000
ascii/identity,500,5,170112,0.050008584,3401656,1700828002,0.000000,0.000000
ascii/identity,500,6,171328,0.050008334,3425989,1712994478,0.000000,0.000000
ascii/shallow,500,0,163680,0.050005208,3273259,1636629529,0.000000,0.000000
ascii/shallow,500,1,162336,0.050002375,3246566,1623282894,0.000000,0.000000
ascii/shallow,500,2,162560,0.050002125,3251062,1625530915,0.000000,0.000000
ascii/shallow,500,3,162848,0.050002750,3256781,1628390439,0.000000,0.000000
ascii/shallow,500,4,163872,0.050002541,3277273,1638636724,0.000000,0.000000
ascii/shallow,500,5,163808,0.050008584,3275598,1637798823,0.000000,0.000000
ascii/shallow,500,6,164192,0.050002709,3283662,1641831046,0.000000,0.000000
ascii/nested,500,0,159072,0.050004750,3181138,1590568896,0.000000,0.000000
ascii/nested,500,1,161376,0.050002375,3227367,1613683350,0.000000,0.000000
ascii/nested,500,2,162720,0.050003375,3254180,1627090171,0.000000,0.000000
ascii/nested,500,3,160800,0.050009833,3215368,1607683833,0.000000,0.000000
ascii/nested,500,4,159168,0.050005375,3183018,1591508913,0.000000,0.000000
ascii/nested,500,5,159264,0.050002792,3185102,1592551072,0.000000,0.000000
ascii/nested,500,6,160576,0.050007125,3211062,1605531212,0.000000,0.000000
ascii/missing,500,0,163200,0.050001333,3263913,1631956492,0.000000,0.000000
ascii/missing,500,1,163264,0.050004750,3264970,1632484914,0.000000,0.000000
ascii/missing,500,2,162912,0.050008459,3257689,1628844432,0.000000,0.000000
ascii/missing,500,3,162560,0.050000500,3251167,1625583744,0.000000,0.000000
ascii/missing,500,4,163168,0.050005334,3263012,1631505951,0.000000,0.000000
ascii/missing,500,5,163008,0.050008583,3259600,1629800228,0.000000,0.000000
ascii/missing,500,6,164864,0.050008042,3296750,1648374875,0.000000,0.000000
ascii/array_value,500,0,162048,0.050003875,3240709,1620354423,0.000000,0.000000
ascii/array_value,500,1,161056,0.050002417,3220964,1610482149,0.000000,0.000000
ascii/array_value,500,2,162368,0.050007000,3246905,1623452717,0.000000,0.000000
ascii/array_value,500,3,162048,0.050002834,3240776,1620388156,0.000000,0.000000
ascii/array_value,500,4,162912,0.050009375,3257629,1628814597,0.000000,0.000000
ascii/array_value,500,5,166048,0.050003666,3320717,1660358263,0.000000,0.000000
ascii/array_value,500,6,165600,0.050004500,3311702,1655850973,0.000000,0.000000
ascii/identity_write,500,0,76448,0.050003917,1528840,764420115,0.000000,0.000000
ascii/identity_write,500,1,76096,0.050015083,1521461,760730518,0.000000,0.000000
ascii/identity_write,500,2,76320,0.050003542,1526292,763145939,0.000000,0.000000
ascii/identity_write,500,3,76128,0.050006375,1522366,761182949,0.000000,0.000000
ascii/identity_write,500,4,76352,0.050010875,1526708,763353971,0.000000,0.000000
ascii/identity_write,500,5,76256,0.050020709,1524489,762244294,0.000000,0.000000
ascii/identity_write,500,6,76544,0.050003542,1530772,765385780,0.000000,0.000000
ascii/validate,1024,0,88128,0.050017708,1761936,1804222457,0.000000,0.000000
ascii/validate,1024,1,88224,0.050003458,1764358,1806702568,0.000000,0.000000
ascii/validate,1024,2,88224,0.050009167,1764157,1806496317,0.000000,0.000000
ascii/validate,1024,3,88352,0.050007459,1766776,1809179067,0.000000,0.000000
ascii/validate,1024,4,88864,0.050001250,1777236,1819889223,0.000000,0.000000
ascii/validate,1024,5,88544,0.050006667,1770644,1813139356,0.000000,0.000000
ascii/validate,1024,6,88416,0.050016417,1767740,1810165330,0.000000,0.000000
ascii/identity,1024,0,88512,0.050008709,1769932,1812410074,0.000000,0.000000
ascii/identity,1024,1,88256,0.050000500,1765102,1807464805,0.000000,0.000000
ascii/identity,1024,2,89152,0.050015750,1782479,1825258004,0.000000,0.000000
ascii/identity,1024,3,88096,0.050012833,1761468,1803743131,0.000000,0.000000
ascii/identity,1024,4,87840,0.050008542,1756500,1798655918,0.000000,0.000000
ascii/identity,1024,5,87968,0.050013208,1758895,1801108859,0.000000,0.000000
ascii/identity,1024,6,88000,0.050008417,1759704,1801936662,0.000000,0.000000
ascii/shallow,1024,0,87552,0.050018167,1750404,1792413704,0.000000,0.000000
ascii/shallow,1024,1,86272,0.050003833,1725308,1766715124,0.000000,0.000000
ascii/shallow,1024,2,86432,0.050012500,1728208,1769684939,0.000000,0.000000
ascii/shallow,1024,3,86336,0.050003000,1726616,1768055197,0.000000,0.000000
ascii/shallow,1024,4,86368,0.050009542,1727030,1768479143,0.000000,0.000000
ascii/shallow,1024,5,86400,0.050005375,1727814,1769281802,0.000000,0.000000
ascii/shallow,1024,6,86464,0.050010625,1728913,1770406509,0.000000,0.000000
ascii/nested,1024,0,86048,0.050001417,1720911,1762213099,0.000000,0.000000
ascii/nested,1024,1,85568,0.050006500,1711138,1752204853,0.000000,0.000000
ascii/nested,1024,2,85920,0.050013458,1717938,1759168102,0.000000,0.000000
ascii/nested,1024,3,86176,0.050000666,1723497,1764860972,0.000000,0.000000
ascii/nested,1024,4,85376,0.050007750,1707255,1748229504,0.000000,0.000000
ascii/nested,1024,5,85856,0.050005792,1716921,1758127219,0.000000,0.000000
ascii/nested,1024,6,85248,0.050000750,1704934,1745852852,0.000000,0.000000
ascii/missing,1024,0,86464,0.050014458,1728780,1770270828,0.000000,0.000000
ascii/missing,1024,1,86592,0.050007625,1731576,1773133757,0.000000,0.000000
ascii/missing,1024,2,86784,0.050015084,1735157,1776800295,0.000000,0.000000
ascii/missing,1024,3,87712,0.050005750,1754038,1796135204,0.000000,0.000000
ascii/missing,1024,4,86944,0.050007667,1738613,1780340123,0.000000,0.000000
ascii/missing,1024,5,87072,0.050009375,1741114,1782900266,0.000000,0.000000
ascii/missing,1024,6,86976,0.050002750,1739424,1781170516,0.000000,0.000000
ascii/array_value,1024,0,86560,0.050009125,1730884,1772425332,0.000000,0.000000
ascii/array_value,1024,1,86272,0.050012667,1725003,1766403059,0.000000,0.000000
ascii/array_value,1024,2,86144,0.050013125,1722428,1763766131,0.000000,0.000000
ascii/array_value,1024,3,86240,0.050002750,1724705,1766098065,0.000000,0.000000
ascii/array_value,1024,4,86560,0.050016458,1730630,1772165474,0.000000,0.000000
ascii/array_value,1024,5,86464,0.050013458,1728815,1770306224,0.000000,0.000000
ascii/array_value,1024,6,87200,0.050008208,1743714,1785562882,0.000000,0.000000
ascii/identity_write,1024,0,38624,0.050015500,772241,790774380,0.000000,0.000000
ascii/identity_write,1024,1,38816,0.050016541,776063,794688781,0.000000,0.000000
ascii/identity_write,1024,2,38784,0.050001625,775655,794270506,0.000000,0.000000
ascii/identity_write,1024,3,38816,0.050027875,775887,794508741,0.000000,0.000000
ascii/identity_write,1024,4,38688,0.050026333,773353,791913171,0.000000,0.000000
ascii/identity_write,1024,5,38432,0.050015167,768407,786848677,0.000000,0.000000
ascii/identity_write,1024,6,38656,0.050000792,773108,791662340,0.000000,0.000000
ascii/validate,10240,0,9408,0.050018500,188090,1926045763,0.000000,0.000000
ascii/validate,10240,1,9408,0.050041916,188002,1925144513,0.000000,0.000000
ascii/validate,10240,2,9408,0.050048583,187977,1924888063,0.000000,0.000000
ascii/validate,10240,3,9568,0.050164291,190733,1953108836,0.000000,0.000000
ascii/validate,10240,4,9440,0.050127791,188319,1928383399,0.000000,0.000000
ascii/validate,10240,5,9408,0.050036750,188022,1925343273,0.000000,0.000000
ascii/validate,10240,6,9408,0.050046792,187984,1924956948,0.000000,0.000000
ascii/identity,10240,0,9376,0.050119000,187075,1915645564,0.000000,0.000000
ascii/identity,10240,1,9408,0.050076166,187874,1923827795,0.000000,0.000000
ascii/identity,10240,2,9536,0.050107791,190310,1948771599,0.000000,0.000000
ascii/identity,10240,3,9504,0.050139583,189551,1941000586,0.000000,0.000000
ascii/identity,10240,4,9440,0.050136959,188284,1928030777,0.000000,0.000000
ascii/identity,10240,5,9408,0.050132791,187662,1921654831,0.000000,0.000000
ascii/identity,10240,6,9408,0.050080791,187856,1923650128,0.000000,0.000000
ascii/shallow,10240,0,9376,0.050019958,187445,1919438637,0.000000,0.000000
ascii/shallow,10240,1,9632,0.050116750,192191,1968038231,0.000000,0.000000
ascii/shallow,10240,2,9408,0.050129083,187675,1921796974,0.000000,0.000000
ascii/shallow,10240,3,9472,0.050065792,189191,1937316402,0.000000,0.000000
ascii/shallow,10240,4,9376,0.050096625,187158,1916501162,0.000000,0.000000
ascii/shallow,10240,5,9376,0.050089208,187186,1916784949,0.000000,0.000000
ascii/shallow,10240,6,9376,0.050070583,187256,1917497945,0.000000,0.000000
ascii/nested,10240,0,9344,0.050022375,186796,1912795224,0.000000,0.000000
ascii/nested,10240,1,9376,0.050076417,187234,1917274553,0.000000,0.000000
ascii/nested,10240,2,9376,0.050130542,187032,1915204507,0.000000,0.000000
ascii/nested,10240,3,9472,0.050137417,188921,1934548802,0.000000,0.000000
ascii/nested,10240,4,9376,0.050022625,187435,1919336300,0.000000,0.000000
ascii/nested,10240,5,9376,0.050019667,187446,1919449804,0.000000,0.000000
ascii/nested,10240,6,9376,0.050111083,187104,1915948214,0.000000,0.000000
ascii/missing,10240,0,9408,0.050149834,187598,1921001772,0.000000,0.000000
ascii/missing,10240,1,9408,0.050083292,187847,1923554067,0.000000,0.000000
ascii/missing,10240,2,9408,0.050141333,187630,1921327461,0.000000,0.000000
ascii/missing,10240,3,9376,0.050051083,187329,1918245006,0.000000,0.000000
ascii/missing,10240,4,9408,0.050163917,187545,1920462471,0.000000,0.000000
ascii/missing,10240,5,9376,0.050029250,187410,1919082137,0.000000,0.000000
ascii/missing,10240,6,9440,0.050070167,188535,1930602708,0.000000,0.000000
ascii/array_value,10240,0,9376,0.050141083,186992,1914801880,0.000000,0.000000
ascii/array_value,10240,1,9568,0.050142792,190815,1953946242,0.000000,0.000000
ascii/array_value,10240,2,9408,0.050058250,187941,1924516338,0.000000,0.000000
ascii/array_value,10240,3,9376,0.050027084,187418,1919165227,0.000000,0.000000
ascii/array_value,10240,4,9440,0.050096958,188435,1929570255,0.000000,0.000000
ascii/array_value,10240,5,9408,0.050145584,187614,1921164584,0.000000,0.000000
ascii/array_value,10240,6,9376,0.050082042,187213,1917059213,0.000000,0.000000
ascii/identity_write,10240,0,4032,0.050135959,80421,823514316,0.000000,0.000000
ascii/identity_write,10240,1,4032,0.050206625,80308,822355217,0.000000,0.000000
ascii/identity_write,10240,2,4032,0.050107125,80468,823988205,0.000000,0.000000
ascii/identity_write,10240,3,4032,0.050187000,80340,822676789,0.000000,0.000000
ascii/identity_write,10240,4,4064,0.050160792,81019,829639213,0.000000,0.000000
ascii/identity_write,10240,5,4000,0.050091917,79853,817696795,0.000000,0.000000
ascii/identity_write,10240,6,4032,0.050250875,80237,821631066,0.000000,0.000000
ascii/validate,65536,0,1504,0.050967625,29509,1933897136,0.000000,0.000000
ascii/validate,65536,1,1504,0.050811833,29599,1939826575,0.000000,0.000000
ascii/validate,65536,2,1504,0.050818500,29596,1939572085,0.000000,0.000000
ascii/validate,65536,3,1504,0.050045416,30053,1969533913,0.000000,0.000000
ascii/validate,65536,4,1504,0.050823042,29593,1939398748,0.000000,0.000000
ascii/validate,65536,5,1504,0.050829250,29589,1939161880,0.000000,0.000000
ascii/validate,65536,6,1504,0.050815584,29597,1939683385,0.000000,0.000000
ascii/identity,65536,0,1504,0.050861250,29571,1937941832,0.000000,0.000000
ascii/identity,65536,1,1504,0.050575084,29738,1948907173,0.000000,0.000000
ascii/identity,65536,2,1504,0.050811000,29600,1939858377,0.000000,0.000000
ascii/identity,65536,3,1504,0.051070083,29450,1930017306,0.000000,0.000000
ascii/identity,65536,4,1440,0.050748958,28375,1859581826,0.000000,0.000000
ascii/identity,65536,5,1504,0.050836958,29585,1938867861,0.000000,0.000000
ascii/identity,65536,6,1504,0.050785000,29615,1940851511,0.000000,0.000000
ascii/shallow,65536,0,1504,0.050838750,29584,1938799518,0.000000,0.000000
ascii/shallow,65536,1,1504,0.050852833,29576,1938262594,0.000000,0.000000
ascii/shallow,65536,2,1504,0.050812166,29599,1939813863,0.000000,0.000000
ascii/shallow,65536,3,1504,0.050893208,29552,1936724916,0.000000,0.000000
ascii/shallow,65536,4,1536,0.050834125,30216,1980230721,0.000000,0.000000
ascii/shallow,65536,5,1504,0.050664750,29685,1945458016,0.000000,0.000000
ascii/shallow,65536,6,1504,0.050836375,29585,1938890096,0.000000,0.000000
ascii/nested,65536,0,1504,0.050969916,29508,1933810211,0.000000,0.000000
ascii/nested,65536,1,1504,0.050115291,30011,1966787821,0.000000,0.000000
ascii/nested,65536,2,1504,0.050899916,29548,1936469679,0.000000,0.000000
ascii/nested,65536,3,1504,0.050854375,29575,1938203822,0.000000,0.000000
ascii/nested,65536,4,1504,0.050922333,29535,1935617207,0.000000,0.000000
ascii/nested,65536,5,1504,0.050881125,29559,1937184840,0.000000,0.000000
ascii/nested,65536,6,1536,0.050753167,30264,1983389450,0.000000,0.000000
ascii/missing,65536,0,1504,0.050796292,29608,1940420061,0.000000,0.000000
ascii/missing,65536,1,1504,0.050855875,29574,1938146655,0.000000,0.000000
ascii/missing,65536,2,1504,0.050847208,29579,1938477015,0.000000,0.000000
ascii/missing,65536,3,1504,0.050774416,29621,1941256085,0.000000,0.000000
ascii/missing,65536,4,1504,0.050853750,29575,1938227643,0.000000,0.000000
ascii/missing,65536,5,1504,0.050769292,29624,1941452010,0.000000,0.000000
ascii/missing,65536,6,1504,0.050845167,29580,1938554829,0.000000,0.000000
ascii/array_value,65536,0,1504,0.051019375,29479,1931935544,0.000000,0.000000
ascii/array_value,65536,1,1504,0.050837833,29584,1938834490,0.000000,0.000000
ascii/array_value,65536,2,1504,0.050103541,30018,1967249061,0.000000,0.000000
ascii/array_value,65536,3,1504,0.050807167,29602,1940004724,0.000000,0.000000
ascii/array_value,65536,4,1504,0.050802875,29605,1940168622,0.000000,0.000000
ascii/array_value,65536,5,1504,0.050812250,29599,1939810656,0.000000,0.000000
ascii/array_value,65536,6,1504,0.050961916,29512,1934113780,0.000000,0.000000
ascii/identity_write,65536,0,640,0.050644167,12637,828190935,0.000000,0.000000
ascii/identity_write,65536,1,640,0.051301208,12475,817583867,0.000000,0.000000
ascii/identity_write,65536,2,640,0.050835375,12590,825075845,0.000000,0.000000
ascii/identity_write,65536,3,640,0.050832583,12590,825121163,0.000000,0.000000
ascii/identity_write,65536,4,640,0.050918542,12569,823728221,0.000000,0.000000
ascii/identity_write,65536,5,640,0.051012125,12546,822217071,0.000000,0.000000
ascii/identity_write,65536,6,640,0.050924375,12568,823633869,0.000000,0.000000
ascii/validate,1048576,0,96,0.051866000,1851,1940833995,0.000000,0.000000
ascii/validate,1048576,1,96,0.051832292,1852,1942096174,0.000000,0.000000
ascii/validate,1048576,2,96,0.051608875,1860,1950503591,0.000000,0.000000
ascii/validate,1048576,3,96,0.051187541,1875,1966558542,0.000000,0.000000
ascii/validate,1048576,4,96,0.051709209,1857,1946718930,0.000000,0.000000
ascii/validate,1048576,5,96,0.051759458,1855,1944829020,0.000000,0.000000
ascii/validate,1048576,6,96,0.051734667,1856,1945760973,0.000000,0.000000
ascii/identity,1048576,0,96,0.051429750,1867,1957297012,0.000000,0.000000
ascii/identity,1048576,1,96,0.051783542,1854,1943924500,0.000000,0.000000
ascii/identity,1048576,2,96,0.051735708,1856,1945721821,0.000000,0.000000
ascii/identity,1048576,3,96,0.051773166,1854,1944314087,0.000000,0.000000
ascii/identity,1048576,4,96,0.051768500,1854,1944489332,0.000000,0.000000
ascii/identity,1048576,5,96,0.050856208,1888,1979370857,0.000000,0.000000
ascii/identity,1048576,6,96,0.051589792,1861,1951225080,0.000000,0.000000
ascii/shallow,1048576,0,96,0.051729667,1856,1945949043,0.000000,0.000000
ascii/shallow,1048576,1,96,0.051762292,1855,1944722540,0.000000,0.000000
ascii/shallow,1048576,2,96,0.051733875,1856,1945790761,0.000000,0.000000
ascii/shallow,1048576,3,96,0.051169417,1876,1967255089,0.000000,0.000000
ascii/shallow,1048576,4,96,0.051762875,1855,1944700637,0.000000,0.000000
ascii/shallow,1048576,5,96,0.051403500,1868,1958296536,0.000000,0.000000
ascii/shallow,1048576,6,96,0.051757459,1855,1944904134,0.000000,0.000000
ascii/nested,1048576,0,96,0.051759458,1855,1944829020,0.000000,0.000000
ascii/nested,1048576,1,96,0.051791250,1854,1943635189,0.000000,0.000000
ascii/nested,1048576,2,96,0.051729250,1856,1945964730,0.000000,0.000000
ascii/nested,1048576,3,96,0.050827792,1889,1980477452,0.000000,0.000000
ascii/nested,1048576,4,96,0.051741875,1855,1945489915,0.000000,0.000000
ascii/nested,1048576,5,96,0.051789041,1854,1943718093,0.000000,0.000000
ascii/nested,1048576,6,96,0.051269084,1872,1963430749,0.000000,0.000000
ascii/missing,1048576,0,96,0.051760042,1855,1944807077,0.000000,0.000000
ascii/missing,1048576,1,96,0.051463500,1865,1956013408,0.000000,0.000000
ascii/missing,1048576,2,96,0.051647292,1859,1949052740,0.000000,0.000000
ascii/missing,1048576,3,96,0.050880417,1887,1978429068,0.000000,0.000000
ascii/missing,1048576,4,96,0.051711291,1856,1946640551,0.000000,0.000000
ascii/missing,1048576,5,96,0.051817041,1853,1942667780,0.000000,0.000000
ascii/missing,1048576,6,96,0.051707083,1857,1946798971,0.000000,0.000000
ascii/array_value,1048576,0,96,0.051261750,1873,1963711656,0.000000,0.000000
ascii/array_value,1048576,1,96,0.051772667,1854,1944332827,0.000000,0.000000
ascii/array_value,1048576,2,96,0.051757416,1855,1944905750,0.000000,0.000000
ascii/array_value,1048576,3,96,0.051833833,1852,1942038437,0.000000,0.000000
ascii/array_value,1048576,4,96,0.050921000,1885,1976852301,0.000000,0.000000
ascii/array_value,1048576,5,96,0.051474541,1865,1955593854,0.000000,0.000000
ascii/array_value,1048576,6,96,0.051775333,1854,1944232710,0.000000,0.000000
ascii/identity_write,1048576,0,64,0.081071875,789,827769976,0.000000,0.000000
ascii/identity_write,1048576,1,64,0.081908417,781,819315846,0.000000,0.000000
ascii/identity_write,1048576,2,64,0.081771041,783,820692304,0.000000,0.000000
ascii/identity_write,1048576,3,64,0.081800333,782,820398421,0.000000,0.000000
ascii/identity_write,1048576,4,64,0.080711541,793,831465527,0.000000,0.000000
ascii/identity_write,1048576,5,64,0.081103625,789,827445925,0.000000,0.000000
ascii/identity_write,1048576,6,64,0.082915334,772,809366142,0.000000,0.000000
structured/validate,485,0,99968,0.050014875,1998765,969401203,0.000000,0.000000
structured/validate,485,1,99712,0.050010667,1993815,967000100,0.000000,0.000000
structured/validate,485,2,99584,0.050006625,1991416,965836827,0.000000,0.000000
structured/validate,485,3,99936,0.050014834,1998127,969091690,0.000000,0.000000
structured/validate,485,4,100288,0.050000750,2005730,972779008,0.000000,0.000000
structured/validate,485,5,100384,0.050004416,2007503,973638808,0.000000,0.000000
structured/validate,485,6,99680,0.050006291,1993349,966774360,0.000000,0.000000
structured/identity,485,0,100640,0.050012167,2012310,975970507,0.000000,0.000000
structured/identity,485,1,100832,0.050012542,2016134,977825122,0.000000,0.000000
structured/identity,485,2,100544,0.050006917,2010602,975141899,0.000000,0.000000
structured/identity,485,3,100864,0.050012167,2016789,978142779,0.000000,0.000000
structured/identity,485,4,100608,0.050015375,2011541,975597604,0.000000,0.000000
structured/identity,485,5,100928,0.050005583,2018335,978892297,0.000000,0.000000
structured/identity,485,6,101152,0.050004958,2022839,981077116,0.000000,0.000000
structured/shallow,485,0,99712,0.050005291,1994029,967104061,0.000000,0.000000
structured/shallow,485,1,99296,0.050004917,1985725,963076491,0.000000,0.000000
structured/shallow,485,2,99392,0.050004791,1987650,964010029,0.000000,0.000000
structured/shallow,485,3,98080,0.050007416,1961309,951234913,0.000000,0.000000
structured/shallow,485,4,98656,0.050000875,1973085,956946453,0.000000,0.000000
structured/shallow,485,5,98624,0.050004459,1972304,956567493,0.000000,0.000000
structured/shallow,485,6,98528,0.050008208,1970237,955564734,0.000000,0.000000
structured/nested,485,0,97184,0.050006167,1943440,942568544,0.000000,0.000000
structured/nested,485,1,97024,0.050014250,1939927,940864654,0.000000,0.000000
structured/nested,485,2,96448,0.050007917,1928655,935397489,0.000000,0.000000
structured/nested,485,3,96000,0.050012792,1919509,930961823,0.000000,0.000000
structured/nested,485,4,96736,0.050015416,1934124,938049980,0.000000,0.000000
structured/nested,485,5,97024,0.050002125,1940398,941092804,0.000000,0.000000
structured/nested,485,6,97408,0.050006625,1947902,944732423,0.000000,0.000000
structured/missing,485,0,98848,0.050001333,1976907,958800038,0.000000,0.000000
structured/missing,485,1,99232,0.050012084,1984160,962317827,0.000000,0.000000
structured/missing,485,2,99072,0.050010084,1981040,960804625,0.000000,0.000000
structured/missing,485,3,98976,0.050003792,1979370,959994394,0.000000,0.000000
structured/missing,485,4,99136,0.050014125,1982160,961347619,0.000000,0.000000
structured/missing,485,5,98880,0.050007083,1977320,959000148,0.000000,0.000000
structured/missing,485,6,98816,0.050006750,1976053,958385818,0.000000,0.000000
structured/array_value,485,0,99264,0.050006292,1985030,962739649,0.000000,0.000000
structured/array_value,485,1,99104,0.050001375,1982025,961282365,0.000000,0.000000
structured/array_value,485,2,98400,0.050011916,1967531,954252583,0.000000,0.000000
structured/array_value,485,3,97760,0.050004125,1955039,948193774,0.000000,0.000000
structured/array_value,485,4,99488,0.050008208,1989433,964875206,0.000000,0.000000
structured/array_value,485,5,99232,0.050005333,1984428,962447745,0.000000,0.000000
structured/array_value,485,6,98176,0.050012541,1963028,952068402,0.000000,0.000000
structured/identity_write,485,0,62144,0.050016042,1242481,602603461,0.000000,0.000000
structured/identity_write,485,1,61856,0.050024166,1236522,599713347,0.000000,0.000000
structured/identity_write,485,2,62048,0.050000083,1240958,601864601,0.000000,0.000000
structured/identity_write,485,3,62048,0.050009584,1240722,601750257,0.000000,0.000000
structured/identity_write,485,4,62144,0.050013333,1242549,602636101,0.000000,0.000000
structured/identity_write,485,5,61952,0.050023667,1238454,600650088,0.000000,0.000000
structured/identity_write,485,6,62176,0.050010542,1243258,602980068,0.000000,0.000000
unicode_escaped_keys/validate,960,0,57824,0.050015250,1156127,1109882286,0.000000,0.000000
unicode_escaped_keys/validate,960,1,57952,0.050006875,1158881,1112525428,0.000000,0.000000
unicode_escaped_keys/validate,960,2,57824,0.050015583,1156120,1109874896,0.000000,0.000000
unicode_escaped_keys/validate,960,3,58016,0.050011250,1160059,1113656627,0.000000,0.000000
unicode_escaped_keys/validate,960,4,57632,0.050008708,1152439,1106341720,0.000000,0.000000
unicode_escaped_keys/validate,960,5,57344,0.050017541,1146478,1100618681,0.000000,0.000000
unicode_escaped_keys/validate,960,6,57952,0.050012250,1158756,1112405861,0.000000,0.000000
unicode_escaped_keys/identity,960,0,57856,0.050000083,1157118,1110833356,0.000000,0.000000
unicode_escaped_keys/identity,960,1,57408,0.050017750,1147753,1101842446,0.000000,0.000000
unicode_escaped_keys/identity,960,2,57536,0.050019417,1150273,1104262371,0.000000,0.000000
unicode_escaped_keys/identity,960,3,57600,0.050013000,1151701,1105632536,0.000000,0.000000
unicode_escaped_keys/identity,960,4,57600,0.050024625,1151433,1105375603,0.000000,0.000000
unicode_escaped_keys/identity,960,5,56704,0.050026792,1133473,1088133734,0.000000,0.000000
unicode_escaped_keys/identity,960,6,57952,0.050011583,1158772,1112420697,0.000000,0.000000
unicode_escaped_keys/shallow,960,0,55040,0.050010125,1100577,1056554048,0.000000,0.000000
unicode_escaped_keys/shallow,960,1,55104,0.050022833,1101577,1057513876,0.000000,0.000000
unicode_escaped_keys/shallow,960,2,54944,0.050004250,1098787,1054835139,0.000000,0.000000
unicode_escaped_keys/shallow,960,3,55104,0.050010208,1101855,1057780843,0.000000,0.000000
unicode_escaped_keys/shallow,960,4,55072,0.050007166,1101282,1057230878,0.000000,0.000000
unicode_escaped_keys/shallow,960,5,56352,0.050010000,1126815,1081742052,0.000000,0.000000
unicode_escaped_keys/shallow,960,6,56416,0.050022875,1127804,1082691868,0.000000,0.000000
unicode_escaped_keys/nested,960,0,55808,0.050006000,1116026,1071385034,0.000000,0.000000
unicode_escaped_keys/nested,960,1,55264,0.050002625,1105222,1061013097,0.000000,0.000000
unicode_escaped_keys/nested,960,2,55776,0.050024750,1114968,1070369367,0.000000,0.000000
unicode_escaped_keys/nested,960,3,56032,0.050014167,1120323,1075509665,0.000000,0.000000
unicode_escaped_keys/nested,960,4,55232,0.050003083,1104572,1060389016,0.000000,0.000000
unicode_escaped_keys/nested,960,5,56320,0.050026250,1125809,1080776592,0.000000,0.000000
unicode_escaped_keys/nested,960,6,56000,0.050014375,1119678,1074890969,0.000000,0.000000
unicode_escaped_keys/missing,960,0,56832,0.050023458,1136107,1090662705,0.000000,0.000000
unicode_escaped_keys/missing,960,1,56928,0.050011375,1138301,1092768995,0.000000,0.000000
unicode_escaped_keys/missing,960,2,56704,0.050003458,1134002,1088641510,0.000000,0.000000
unicode_escaped_keys/missing,960,3,56832,0.050022833,1136121,1090676332,0.000000,0.000000
unicode_escaped_keys/missing,960,4,56064,0.050016416,1120912,1076075503,0.000000,0.000000
unicode_escaped_keys/missing,960,5,56832,0.050020792,1136168,1090720835,0.000000,0.000000
unicode_escaped_keys/missing,960,6,56896,0.050000167,1137916,1092399551,0.000000,0.000000
unicode_escaped_keys/array_value,960,0,56800,0.050011625,1135736,1090306504,0.000000,0.000000
unicode_escaped_keys/array_value,960,1,56576,0.050014375,1131195,1085946990,0.000000,0.000000
unicode_escaped_keys/array_value,960,2,56768,0.050017792,1134956,1089557892,0.000000,0.000000
unicode_escaped_keys/array_value,960,3,56736,0.050026875,1134110,1088745999,0.000000,0.000000
unicode_escaped_keys/array_value,960,4,56672,0.050010167,1133210,1087881190,0.000000,0.000000
unicode_escaped_keys/array_value,960,5,56384,0.050010000,1127455,1082356329,0.000000,0.000000
unicode_escaped_keys/array_value,960,6,56736,0.050003834,1134633,1089247676,0.000000,0.000000
unicode_escaped_keys/identity_write,960,0,32032,0.050002500,640608,614983651,0.000000,0.000000
unicode_escaped_keys/identity_write,960,1,31872,0.050025000,637121,611636582,0.000000,0.000000
unicode_escaped_keys/identity_write,960,2,31808,0.050019875,635907,610470938,0.000000,0.000000
unicode_escaped_keys/identity_write,960,3,31840,0.050015958,636597,611132951,0.000000,0.000000
unicode_escaped_keys/identity_write,960,4,31840,0.050024167,636492,611032663,0.000000,0.000000
unicode_escaped_keys/identity_write,960,5,31872,0.050048791,636819,611345837,0.000000,0.000000
unicode_escaped_keys/identity_write,960,6,31808,0.050014208,635979,610540109,0.000000,0.000000
array/shallow,78,0,230912,0.050002041,4618051,360208016,0.000000,0.000000
array/shallow,78,1,230400,0.050002667,4607754,359404829,0.000000,0.000000
array/shallow,78,2,227808,0.050004792,4555723,355346424,0.000000,0.000000
array/shallow,78,3,229984,0.050006833,4599051,358726017,0.000000,0.000000
array/shallow,78,4,232064,0.050000208,4641261,362018334,0.000000,0.000000
array/shallow,78,5,232896,0.050002333,4657703,363300808,0.000000,0.000000
array/shallow,78,6,233824,0.050000875,4676398,364759057,0.000000,0.000000
array/nested,78,0,209088,0.050003208,4181492,326156354,0.000000,0.000000
array/nested,78,1,206688,0.050006417,4133230,322391904,0.000000,0.000000
array/nested,78,2,210080,0.050006750,4201033,327680563,0.000000,0.000000
array/nested,78,3,211872,0.050004083,4237094,330493332,0.000000,0.000000
array/nested,78,4,211488,0.050004958,4229341,329888568,0.000000,0.000000
array/nested,78,5,212800,0.050003292,4255720,331946145,0.000000,0.000000
array/nested,78,6,208864,0.050002458,4177075,325811823,0.000000,0.000000
array/flatten,78,0,229920,0.050004333,4598002,358644120,0.000000,0.000000
array/flatten,78,1,225984,0.050000500,4519635,352531515,0.000000,0.000000
array/flatten,78,2,229888,0.050002625,4597519,358606453,0.000000,0.000000
array/flatten,78,3,233440,0.050006250,4668216,364120885,0.000000,0.000000
array/flatten,78,4,233056,0.050002958,4660844,363545853,0.000000,0.000000
array/flatten,78,5,233728,0.050002709,4674307,364595926,0.000000,0.000000
array/flatten,78,6,233792,0.050001000,4675746,364708226,0.000000,0.000000
array/missing,78,0,232128,0.050006416,4641964,362073219,0.000000,0.000000
array/missing,78,1,233152,0.050000458,4662997,363713788,0.000000,0.000000
array/missing,78,2,234560,0.050003166,4690903,365890432,0.000000,0.000000
array/missing,78,3,236160,0.050006125,4722621,368364475,0.000000,0.000000
array/missing,78,4,232224,0.050001250,4644364,362260383,0.000000,0.000000
array/missing,78,5,236000,0.050003500,4719670,368134231,0.000000,0.000000
array/missing,78,6,235904,0.050004167,4717687,367979573,0.000000,0.000000
array/root,67,0,237472,0.050003333,4749123,318191269,0.000000,0.000000
array/root,67,1,238432,0.050001125,4768533,319491691,0.000000,0.000000
array/root,67,2,237984,0.050000916,4759593,318892718,0.000000,0.000000
array/root,67,3,238304,0.050000667,4766016,319323100,0.000000,0.000000
array/root,67,4,238688,0.050006750,4773116,319798747,0.000000,0.000000
array/root,67,5,237696,0.050004375,4753504,318484773,0.000000,0.000000
array/root,67,6,235328,0.050004417,4706144,315311665,0.000000,0.000000
array/cancel_first,78,0,231072,0.050003666,4621101,360445892,0.000000,0.000000
array/cancel_first,78,1,232192,0.050004792,4643395,362184808,0.000000,0.000000
array/cancel_first,78,2,230080,0.050000125,4601588,358923903,0.000000,0.000000
array/cancel_first,78,3,231840,0.050000791,4636727,361664678,0.000000,0.000000
array/cancel_first,78,4,231712,0.050000625,4634182,361466202,0.000000,0.000000
array/cancel_first,78,5,233984,0.050000375,4679645,365012302,0.000000,0.000000
array/cancel_first,78,6,233824,0.050002083,4676285,364750245,0.000000,0.000000
array/shallow,540,0,32064,0.050031000,640883,346076632,0.000000,0.000000
array/shallow,540,1,32736,0.050013667,654541,353452187,0.000000,0.000000
array/shallow,540,2,32448,0.050008000,648856,350382339,0.000000,0.000000
array/shallow,540,3,32800,0.050008833,655884,354177431,0.000000,0.000000
array/shallow,540,4,32928,0.050000334,658556,355620024,0.000000,0.000000
array/shallow,540,5,32736,0.050000791,654710,353543207,0.000000,0.000000
array/shallow,540,6,32960,0.050032458,658772,355737070,0.000000,0.000000
array/nested,540,0,29344,0.050023917,586599,316763679,0.000000,0.000000
array/nested,540,1,29632,0.050049291,592056,319710423,0.000000,0.000000
array/nested,540,2,29600,0.050029292,591653,319492828,0.000000,0.000000
array/nested,540,3,29504,0.050030166,589724,318451072,0.000000,0.000000
array/nested,540,4,29152,0.050032333,582663,314638136,0.000000,0.000000
array/nested,540,5,28864,0.050045750,576752,311446227,0.000000,0.000000
array/nested,540,6,29632,0.050037750,592193,319784163,0.000000,0.000000
array/flatten,540,0,30912,0.050048792,617637,333524134,0.000000,0.000000
array/flatten,540,1,31008,0.050018333,619933,334763656,0.000000,0.000000
array/flatten,540,2,30976,0.050048875,618915,334214106,0.000000,0.000000
array/flatten,540,3,31104,0.050036917,621621,335675357,0.000000,0.000000
array/flatten,540,4,31040,0.050015583,620607,335127554,0.000000,0.000000
array/flatten,540,5,31136,0.050011792,622573,336189513,0.000000,0.000000
array/flatten,540,6,30720,0.050047792,613813,331459178,0.000000,0.000000
array/missing,540,0,32864,0.050034791,656823,354684403,0.000000,0.000000
array/missing,540,1,33728,0.050035334,674084,364005165,0.000000,0.000000
array/missing,540,2,33856,0.050043125,676536,365329703,0.000000,0.000000
array/missing,540,3,33888,0.050039125,677230,365704236,0.000000,0.000000
array/missing,540,4,33952,0.050031375,678614,366451652,0.000000,0.000000
array/missing,540,5,34176,0.050029375,683119,368884081,0.000000,0.000000
array/missing,540,6,34144,0.050042792,682296,368439874,0.000000,0.000000
array/root,529,0,33280,0.050037750,665098,351836763,0.000000,0.000000
array/root,529,1,33504,0.050023625,669764,354304911,0.000000,0.000000
array/root,529,2,33600,0.050002875,671961,355467561,0.000000,0.000000
array/root,529,3,33504,0.050015875,669867,354359811,0.000000,0.000000
array/root,529,4,32960,0.050020958,658924,348570693,0.000000,0.000000
array/root,529,5,33056,0.050038000,660618,349466885,0.000000,0.000000
array/root,529,6,33024,0.050012375,660317,349307466,0.000000,0.000000
array/cancel_first,540,0,65376,0.050003208,1307436,706015502,0.000000,0.000000
array/cancel_first,540,1,65024,0.050017208,1300033,702017594,0.000000,0.000000
array/cancel_first,540,2,65664,0.050013083,1312936,708985687,0.000000,0.000000
array/cancel_first,540,3,65952,0.050012875,1318700,712098235,0.000000,0.000000
array/cancel_first,540,4,65856,0.050001250,1317087,711227019,0.000000,0.000000
array/cancel_first,540,5,64672,0.050023583,1292830,698128321,0.000000,0.000000
array/cancel_first,540,6,66208,0.050008291,1323940,714927851,0.000000,0.000000
array/shallow,1074,0,16096,0.050083416,321384,345166232,0.000000,0.000000
array/shallow,1074,1,16064,0.050089500,320706,344438176,0.000000,0.000000
array/shallow,1074,2,16128,0.050008000,322508,346374020,0.000000,0.000000
array/shallow,1074,3,16032,0.050066208,320216,343911966,0.000000,0.000000
array/shallow,1074,4,16096,0.050012584,321839,345655086,0.000000,0.000000
array/shallow,1074,5,16128,0.050003875,322535,346402594,0.000000,0.000000
array/shallow,1074,6,16128,0.050021708,322420,346279099,0.000000,0.000000
array/nested,1074,0,14240,0.050034833,284602,305662257,0.000000,0.000000
array/nested,1074,1,14432,0.050027375,288482,309829728,0.000000,0.000000
array/nested,1074,2,14496,0.050034167,289722,311161451,0.000000,0.000000
array/nested,1074,3,14496,0.050034958,289717,311156532,0.000000,0.000000
array/nested,1074,4,14528,0.050088417,290047,311510583,0.000000,0.000000
array/nested,1074,5,14528,0.050096417,290001,311460838,0.000000,0.000000
array/nested,1074,6,14368,0.050098583,286795,308017335,0.000000,0.000000
array/flatten,1074,0,15008,0.050036875,299939,322134266,0.000000,0.000000
array/flatten,1074,1,15072,0.050003750,301417,323722281,0.000000,0.000000
array/flatten,1074,2,15168,0.050043542,303096,325525160,0.000000,0.000000
array/flatten,1074,3,14944,0.050009000,298826,320939351,0.000000,0.000000
array/flatten,1074,4,15040,0.050060125,300439,322671188,0.000000,0.000000
array/flatten,1074,5,15008,0.050022500,300025,322226838,0.000000,0.000000
array/flatten,1074,6,15136,0.050062333,302343,324716469,0.000000,0.000000
array/missing,1074,0,16256,0.050090375,324533,348548878,0.000000,0.000000
array/missing,1074,1,16320,0.050049917,326074,350203977,0.000000,0.000000
array/missing,1074,2,16352,0.050010209,326973,351169258,0.000000,0.000000
array/missing,1074,3,16352,0.050035083,326811,350994681,0.000000,0.000000
array/missing,1074,4,16160,0.050004875,323168,347082959,0.000000,0.000000
array/missing,1074,5,16320,0.050065291,325974,350096437,0.000000,0.000000
array/missing,1074,6,16352,0.050051959,326700,350876336,0.000000,0.000000
array/root,1063,0,16096,0.050003167,321900,342179286,0.000000,0.000000
array/root,1063,1,16160,0.050096667,322576,342898660,0.000000,0.000000
array/root,1063,2,16128,0.050083208,322024,342311619,0.000000,0.000000
array/root,1063,3,16224,0.050084792,323931,344338297,0.000000,0.000000
array/root,1063,4,15968,0.050003500,319338,339455918,0.000000,0.000000
array/root,1063,5,16192,0.050010958,323769,344166492,0.000000,0.000000
array/root,1063,6,15776,0.050076375,315039,334886221,0.000000,0.000000
array/cancel_first,1074,0,38080,0.050039750,760995,817308640,0.000000,0.000000
array/cancel_first,1074,1,39104,0.050001583,782055,839927328,0.000000,0.000000
array/cancel_first,1074,2,39328,0.050009625,786409,844602854,0.000000,0.000000
array/cancel_first,1074,3,38656,0.050014458,772897,830090851,0.000000,0.000000
array/cancel_first,1074,4,39168,0.050004208,783294,841257840,0.000000,0.000000
array/cancel_first,1074,5,39392,0.050028333,787394,845660958,0.000000,0.000000
array/cancel_first,1074,6,38400,0.050002208,767966,824795577,0.000000,0.000000
array/shallow,8606,0,2112,0.050238375,42040,361792594,0.000000,0.000000
array/shallow,8606,1,2112,0.050447750,41865,360291034,0.000000,0.000000
array/shallow,8606,2,2112,0.050452084,41862,360260084,0.000000,0.000000
array/shallow,8606,3,2112,0.050492917,41828,359968746,0.000000,0.000000
array/shallow,8606,4,2112,0.050399417,41905,360636553,0.000000,0.000000
array/shallow,8606,5,2144,0.050648375,42331,364301204,0.000000,0.000000
array/shallow,8606,6,2144,0.050200000,42709,367555060,0.000000,0.000000
array/nested,8606,0,1888,0.050156875,37642,323946179,0.000000,0.000000
array/nested,8606,1,1920,0.050667208,37894,326118621,0.000000,0.000000
array/nested,8606,2,1920,0.050329834,38148,328304679,0.000000,0.000000
array/nested,8606,3,1920,0.050430250,38072,327650963,0.000000,0.000000
array/nested,8606,4,1920,0.050243917,38214,328866079,0.000000,0.000000
array/nested,8606,5,1920,0.050375333,38114,328008154,0.000000,0.000000
array/nested,8606,6,1920,0.050211208,38238,329080312,0.000000,0.000000
array/flatten,8606,0,1984,0.050759792,39086,336374586,0.000000,0.000000
array/flatten,8606,1,2016,0.050308125,40073,344868667,0.000000,0.000000
array/flatten,8606,2,2016,0.050384375,40012,344346754,0.000000,0.000000
array/flatten,8606,3,2016,0.050133916,40212,346067042,0.000000,0.000000
array/flatten,8606,4,2016,0.050057250,40274,346597066,0.000000,0.000000
array/flatten,8606,5,2048,0.050771625,40337,347144453,0.000000,0.000000
array/flatten,8606,6,2016,0.050071834,40262,346496116,0.000000,0.000000
array/missing,8606,0,2144,0.050531333,42429,365145008,0.000000,0.000000
array/missing,8606,1,2176,0.050341250,43225,371994259,0.000000,0.000000
array/missing,8606,2,2176,0.050557458,43040,370403433,0.000000,0.000000
array/missing,8606,3,2176,0.050353208,43215,371905917,0.000000,0.000000
array/missing,8606,4,2176,0.050546500,43049,370483733,0.000000,0.000000
array/missing,8606,5,2176,0.050521750,43071,370665228,0.000000,0.000000
array/missing,8606,6,2176,0.050667500,42947,369598974,0.000000,0.000000
array/root,8595,0,2112,0.050093583,42161,362374558,0.000000,0.000000
array/root,8595,1,2144,0.050545084,42418,364579076,0.000000,0.000000
array/root,8595,2,2144,0.050429667,42515,365413478,0.000000,0.000000
array/root,8595,3,2112,0.050095583,42159,362360091,0.000000,0.000000
array/root,8595,4,2112,0.050611166,41730,358668678,0.000000,0.000000
array/root,8595,5,2144,0.050682541,42303,363590294,0.000000,0.000000
array/root,8595,6,2112,0.050082709,42170,362453237,0.000000,0.000000
array/cancel_first,8606,0,6528,0.050049750,130430,1122482490,0.000000,0.000000
array/cancel_first,8606,1,6496,0.050061083,129761,1116727259,0.000000,0.000000
array/cancel_first,8606,2,6496,0.050238041,129304,1112793709,0.000000,0.000000
array/cancel_first,8606,3,6528,0.050140209,130195,1120457396,0.000000,0.000000
array/cancel_first,8606,4,6528,0.050223333,129979,1118602941,0.000000,0.000000
array/cancel_first,8606,5,6528,0.050166417,130127,1119872045,0.000000,0.000000
array/cancel_first,8606,6,6528,0.050218667,129992,1118706874,0.000000,0.000000
array/shallow,69558,0,288,0.054792958,5256,365607274,0.000000,0.000000
array/shallow,69558,1,288,0.054018542,5332,370848662,0.000000,0.000000
array/shallow,69558,2,288,0.053908667,5342,371604514,0.000000,0.000000
array/shallow,69558,3,288,0.054000292,5333,370973994,0.000000,0.000000
array/shallow,69558,4,288,0.054195500,5314,369637774,0.000000,0.000000
array/shallow,69558,5,288,0.053601833,5373,373731697,0.000000,0.000000
array/shallow,69558,6,288,0.053519416,5381,374307223,0.000000,0.000000
array/nested,69558,0,256,0.053879292,4751,330495211,0.000000,0.000000
array/nested,69558,1,256,0.053566416,4779,332425600,0.000000,0.000000
array/nested,69558,2,256,0.053498625,4785,332846835,0.000000,0.000000
array/nested,69558,3,256,0.053422250,4792,333322689,0.000000,0.000000
array/nested,69558,4,256,0.053369333,4797,333653186,0.000000,0.000000
array/nested,69558,5,256,0.053591959,4777,332267160,0.000000,0.000000
array/nested,69558,6,256,0.053933250,4747,330164565,0.000000,0.000000
array/flatten,69558,0,256,0.051601542,4961,345083641,0.000000,0.000000
array/flatten,69558,1,256,0.051228959,4997,347593399,0.000000,0.000000
array/flatten,69558,2,256,0.051228667,4997,347595381,0.000000,0.000000
array/flatten,69558,3,256,0.050773292,5042,350712891,0.000000,0.000000
array/flatten,69558,4,256,0.051227667,4997,347602166,0.000000,0.000000
array/flatten,69558,5,256,0.051591000,4962,345154155,0.000000,0.000000
array/flatten,69558,6,256,0.051297875,4990,347126426,0.000000,0.000000
array/missing,69558,0,288,0.053263875,5407,376103015,0.000000,0.000000
array/missing,69558,1,288,0.053227792,5411,376357975,0.000000,0.000000
array/missing,69558,2,288,0.052904583,5444,378657252,0.000000,0.000000
array/missing,69558,3,288,0.052869417,5447,378909115,0.000000,0.000000
array/missing,69558,4,288,0.052737417,5461,379857512,0.000000,0.000000
array/missing,69558,5,288,0.052502791,5485,381555030,0.000000,0.000000
array/missing,69558,6,288,0.052511292,5485,381493261,0.000000,0.000000
array/root,69547,0,288,0.055201875,5217,362841588,0.000000,0.000000
array/root,69547,1,288,0.054571042,5278,367035982,0.000000,0.000000
array/root,69547,2,288,0.053905333,5343,371568728,0.000000,0.000000
array/root,69547,3,288,0.053995667,5334,370947098,0.000000,0.000000
array/root,69547,4,288,0.054008250,5333,370860674,0.000000,0.000000
array/root,69547,5,288,0.055976125,5145,357822840,0.000000,0.000000
array/root,69547,6,288,0.054890083,5247,364902636,0.000000,0.000000
array/cancel_first,69558,0,864,0.050700583,17041,1185353470,0.000000,0.000000
array/cancel_first,69558,1,864,0.050590333,17078,1187936676,0.000000,0.000000
array/cancel_first,69558,2,864,0.050561750,17088,1188608227,0.000000,0.000000
array/cancel_first,69558,3,864,0.051374250,16818,1169810012,0.000000,0.000000
array/cancel_first,69558,4,864,0.051268500,16852,1172222944,0.000000,0.000000
array/cancel_first,69558,5,864,0.051182000,16881,1174204056,0.000000,0.000000
array/cancel_first,69558,6,864,0.050875667,16983,1181274184,0.000000,0.000000
array/shallow,1135782,0,32,0.098092833,326,370516611,0.000000,0.000000
array/shallow,1135782,1,32,0.097470542,328,372882137,0.000000,0.000000
array/shallow,1135782,2,32,0.097361375,329,373300233,0.000000,0.000000
array/shallow,1135782,3,32,0.097840709,327,371471388,0.000000,0.000000
array/shallow,1135782,4,32,0.097237500,329,373775796,0.000000,0.000000
array/shallow,1135782,5,32,0.097377834,329,373237137,0.000000,0.000000
array/shallow,1135782,6,32,0.096816333,331,375401783,0.000000,0.000000
array/nested,1135782,0,32,0.108059542,296,336342569,0.000000,0.000000
array/nested,1135782,1,32,0.108077792,296,336285775,0.000000,0.000000
array/nested,1135782,2,32,0.109668250,292,331408808,0.000000,0.000000
array/nested,1135782,3,32,0.108733083,294,334259114,0.000000,0.000000
array/nested,1135782,4,32,0.109315375,293,332478611,0.000000,0.000000
array/nested,1135782,5,32,0.108737875,294,334244384,0.000000,0.000000
array/nested,1135782,6,32,0.108732583,294,334260651,0.000000,0.000000
array/flatten,1135782,0,32,0.103179458,310,352250581,0.000000,0.000000
array/flatten,1135782,1,32,0.103922375,308,349732423,0.000000,0.000000
array/flatten,1135782,2,32,0.103560291,309,350955213,0.000000,0.000000
array/flatten,1135782,3,32,0.103873125,308,349898244,0.000000,0.000000
array/flatten,1135782,4,32,0.103720500,309,350413120,0.000000,0.000000
array/flatten,1135782,5,32,0.102551750,312,354406668,0.000000,0.000000
array/flatten,1135782,6,32,0.104433208,306,348021714,0.000000,0.000000
array/missing,1135782,0,32,0.096118083,333,378128890,0.000000,0.000000
array/missing,1135782,1,32,0.094537917,338,384449173,0.000000,0.000000
array/missing,1135782,2,32,0.094606542,338,384170304,0.000000,0.000000
array/missing,1135782,3,32,0.095710250,334,379740143,0.000000,0.000000
array/missing,1135782,4,32,0.096403541,332,377009222,0.000000,0.000000
array/missing,1135782,5,32,0.095759916,334,379543190,0.000000,0.000000
array/missing,1135782,6,32,0.094918000,337,382909712,0.000000,0.000000
array/root,1135771,0,32,0.097397459,329,373158318,0.000000,0.000000
array/root,1135771,1,32,0.096879833,330,375152092,0.000000,0.000000
array/root,1135771,2,32,0.097553625,328,372560958,0.000000,0.000000
array/root,1135771,3,32,0.097211167,329,373873425,0.000000,0.000000
array/root,1135771,4,32,0.096922875,330,374985492,0.000000,0.000000
array/root,1135771,5,32,0.098523084,325,368894989,0.000000,0.000000
array/root,1135771,6,32,0.097273084,329,373635445,0.000000,0.000000
array/cancel_first,1135782,0,64,0.060210250,1063,1207270324,0.000000,0.000000
array/cancel_first,1135782,1,64,0.059899000,1068,1213543598,0.000000,0.000000
array/cancel_first,1135782,2,64,0.060809416,1052,1195374874,0.000000,0.000000
array/cancel_first,1135782,3,64,0.060347334,1061,1204527908,0.000000,0.000000
array/cancel_first,1135782,4,64,0.065410334,978,1111293026,0.000000,0.000000
array/cancel_first,1135782,5,64,0.061394417,1042,1183984661,0.000000,0.000000
array/cancel_first,1135782,6,64,0.061961209,1033,1173154126,0.000000,0.000000
array/nested_contexts,972,0,9280,0.050164875,184990,179810276,0.000000,0.000000
array/nested_contexts,972,1,9280,0.050069292,185343,180153536,0.000000,0.000000
array/nested_contexts,972,2,9248,0.050046208,184789,179615127,0.000000,0.000000
array/nested_contexts,972,3,9280,0.050122292,185147,179963039,0.000000,0.000000
array/nested_contexts,972,4,9216,0.050022416,184237,179078755,0.000000,0.000000
array/nested_contexts,972,5,9152,0.050056542,182833,177713914,0.000000,0.000000
array/nested_contexts,972,6,9184,0.050032292,183561,178421728,0.000000,0.000000
array/sparse,785,0,13760,0.050081917,274750,215678645,0.000000,0.000000
array/sparse,785,1,13888,0.050050333,277481,217822327,0.000000,0.000000
array/sparse,785,2,14048,0.050112750,280328,220057371,0.000000,0.000000
array/sparse,785,3,13440,0.050074750,268399,210693014,0.000000,0.000000
array/sparse,785,4,13728,0.050104333,273988,215080799,0.000000,0.000000
array/sparse,785,5,13824,0.050013208,276407,216979483,0.000000,0.000000
array/sparse,785,6,13920,0.050098750,277851,218113226,0.000000,0.000000
array/deep,136,0,3968,0.050221834,79009,10745287,0.000000,0.000000
array/deep,136,1,4000,0.050252584,79598,10825314,0.000000,0.000000
array/deep,136,2,4000,0.050237625,79622,10828537,0.000000,0.000000
array/deep,136,3,4000,0.050243458,79612,10827280,0.000000,0.000000
array/deep,136,4,4000,0.050368292,79415,10800446,0.000000,0.000000
array/deep,136,5,4000,0.050255916,79593,10824596,0.000000,0.000000
array/deep,136,6,4000,0.050377250,79401,10798525,0.000000,0.000000
array/empty,2,0,3136384,0.050000167,62727470,125454941,0.000000,0.000000
array/empty,2,1,3125408,0.050000125,62508004,125016007,0.000000,0.000000
array/empty,2,2,3141056,0.050000250,62820806,125641612,0.000000,0.000000
array/empty,2,3,3143296,0.050000375,62865449,125730897,0.000000,0.000000
array/empty,2,4,3149248,0.050000167,62984750,125969499,0.000000,0.000000
array/empty,2,5,3118272,0.050000458,62364869,124729737,0.000000,0.000000
array/empty,2,6,3130784,0.050000458,62615106,125230213,0.000000,0.000000
array/singleton,12,0,619008,0.050000666,12379995,148559941,0.000000,0.000000
array/singleton,12,1,797952,0.050001666,15958508,191502099,0.000000,0.000000
array/singleton,12,2,789632,0.050000666,15792430,189509156,0.000000,0.000000
array/singleton,12,3,803488,0.050001125,16069398,192832781,0.000000,0.000000
array/singleton,12,4,816384,0.050001042,16327340,195928077,0.000000,0.000000
array/singleton,12,5,791488,0.050001542,15829272,189951262,0.000000,0.000000
array/singleton,12,6,800096,0.050000500,16001760,192021120,0.000000,0.000000
array/nested_values,31,0,278400,0.050000209,5567977,172607279,0.000000,0.000000
array/nested_values,31,1,280256,0.050003000,5604784,173748295,0.000000,0.000000
array/nested_values,31,2,282400,0.050005333,5647398,175069327,0.000000,0.000000
array/nested_values,31,3,282080,0.050003750,5641177,174876484,0.000000,0.000000
array/nested_values,31,4,282208,0.050002083,5643925,174961671,0.000000,0.000000
array/nested_values,31,5,282624,0.050002167,5652235,175219286,0.000000,0.000000
array/nested_values,31,6,278720,0.050003083,5574056,172795745,0.000000,0.000000
compile/scalar,0,0,86144,0.050001834,1722817,0,28.000000,1346.000000
compile/scalar,0,1,97088,0.050017667,1941074,0,28.000000,1346.000000
compile/scalar,0,2,98208,0.050011750,1963699,0,28.000000,1346.000000
compile/scalar,0,3,96704,0.050011208,1933647,0,28.000000,1346.000000
compile/scalar,0,4,95840,0.050014625,1916239,0,28.000000,1346.000000
compile/scalar,0,5,95712,0.050003833,1914093,0,28.000000,1346.000000
compile/scalar,0,6,97920,0.050007875,1958092,0,28.000000,1346.000000
scalar/literal,100,0,616640,0.050000500,12332677,1233267667,0.000000,0.000000
scalar/literal,100,1,616832,0.050001084,12336373,1233637255,0.000000,0.000000
scalar/literal,100,2,613376,0.050002292,12266958,1226695768,0.000000,0.000000
scalar/literal,100,3,604288,0.050001542,12085387,1208538729,0.000000,0.000000
scalar/literal,100,4,612832,0.050000459,12256527,1225652749,0.000000,0.000000
scalar/literal,100,5,616960,0.050000833,12338994,1233899443,0.000000,0.000000
scalar/literal,100,6,612896,0.050000583,12257777,1225777707,0.000000,0.000000
scalar/arithmetic,100,0,158464,0.050008958,3168712,316871229,0.000000,0.000000
scalar/arithmetic,100,1,160096,0.050005416,3201573,320157321,0.000000,0.000000
scalar/arithmetic,100,2,160896,0.050003583,3217689,321768942,0.000000,0.000000
scalar/arithmetic,100,3,162240,0.050008500,3244248,324424848,0.000000,0.000000
scalar/arithmetic,100,4,158144,0.050005542,3162529,316252947,0.000000,0.000000
scalar/arithmetic,100,5,160352,0.050002584,3206874,320687427,0.000000,0.000000
scalar/arithmetic,100,6,161344,0.050002917,3226692,322669175,0.000000,0.000000
scalar/nested,100,0,157344,0.050009625,3146274,314627434,0.000000,0.000000
scalar/nested,100,1,156640,0.050003750,3132565,313256506,0.000000,0.000000
scalar/nested,100,2,158656,0.050007459,3172647,317264670,0.000000,0.000000
scalar/nested,100,3,148800,0.052616333,2828019,282801920,0.000000,0.000000
scalar/nested,100,4,110144,0.050001583,2202810,220281026,0.000000,0.000000
scalar/nested,100,5,123840,0.050008500,2476379,247637902,0.000000,0.000000
scalar/nested,100,6,146848,0.050009709,2936390,293638981,0.000000,0.000000
scalar/comparison,100,0,164704,0.050008917,3293493,329349264,0.000000,0.000000
scalar/comparison,100,1,166912,0.050001625,3338132,333813151,0.000000,0.000000
scalar/comparison,100,2,158592,0.050009709,3171224,317122421,0.000000,0.000000
scalar/comparison,100,3,162208,0.050007792,3243655,324365451,0.000000,0.000000
scalar/comparison,100,4,162944,0.050002667,3258706,325870618,0.000000,0.000000
scalar/comparison,100,5,165952,0.050001125,3318965,331896532,0.000000,0.000000
scalar/comparison,100,6,161920,0.050004750,3238092,323809238,0.000000,0.000000
scalar/strings,100,0,238048,0.050003041,4760670,476067046,0.000000,0.000000
scalar/strings,100,1,239072,0.050000708,4781372,478137230,0.000000,0.000000
scalar/strings,100,2,238752,0.050002333,4774817,477481721,0.000000,0.000000
scalar/strings,100,3,237920,0.050000042,4758396,475839600,0.000000,0.000000
scalar/strings,100,4,235904,0.050000791,4718005,471800536,0.000000,0.000000
scalar/strings,100,5,238144,0.050005042,4762400,476239976,0.000000,0.000000
scalar/strings,100,6,236736,0.050005167,4734231,473423076,0.000000,0.000000
scalar/boolean,100,0,159872,0.050008167,3196918,319691782,0.000000,0.000000
scalar/boolean,100,1,161376,0.050009667,3226896,322689611,0.000000,0.000000
scalar/boolean,100,2,162208,0.050003667,3243922,324392209,0.000000,0.000000
scalar/boolean,100,3,158560,0.050001750,3171089,317108901,0.000000,0.000000
scalar/boolean,100,4,157120,0.050009333,3141814,314181355,0.000000,0.000000
scalar/boolean,100,5,161696,0.050003250,3233710,323370981,0.000000,0.000000
scalar/boolean,100,6,159520,0.050002750,3190225,319022454,0.000000,0.000000
scalar/missing,100,0,162592,0.050004334,3251558,325155815,0.000000,0.000000
scalar/missing,100,1,169792,0.050007958,3395300,339529960,0.000000,0.000000
scalar/missing,100,2,167392,0.050001500,3347740,334773957,0.000000,0.000000
scalar/missing,100,3,167712,0.050002167,3354095,335409463,0.000000,0.000000
scalar/missing,100,4,169504,0.050000916,3390018,339001789,0.000000,0.000000
scalar/missing,100,5,125504,0.050002167,2509971,250997122,0.000000,0.000000
scalar/missing,100,6,102272,0.050004375,2045261,204526104,0.000000,0.000000
scalar/short_circuit,100,0,570752,0.050000917,11414831,1141483065,0.000000,0.000000
scalar/short_circuit,100,1,557824,0.050001167,11156220,1115621961,0.000000,0.000000
scalar/short_circuit,100,2,565344,0.050001083,11306635,1130663510,0.000000,0.000000
scalar/short_circuit,100,3,555168,0.050001458,11103036,1110303624,0.000000,0.000000
scalar/short_circuit,100,4,551712,0.050001417,11033927,1103392730,0.000000,0.000000
scalar/short_circuit,100,5,562688,0.050000542,11253638,1125363801,0.000000,0.000000
scalar/short_circuit,100,6,566144,0.050000500,11322767,1132276677,0.000000,0.000000
scalar/mixed,100,0,89152,0.050002792,1782940,178294044,0.000000,0.000000
scalar/mixed,100,1,90464,0.050015959,1808703,180870270,0.000000,0.000000
scalar/mixed,100,2,91072,0.050005042,1821256,182125634,0.000000,0.000000
scalar/mixed,100,3,87968,0.050017625,1758740,175874004,0.000000,0.000000
scalar/mixed,100,4,89920,0.050001542,1798345,179834454,0.000000,0.000000
scalar/mixed,100,5,91648,0.050003083,1832847,183284699,0.000000,0.000000
scalar/mixed,100,6,91072,0.050015750,1820866,182086643,0.000000,0.000000
scalar/write,100,0,139264,0.050005041,2784999,278499922,0.000000,0.000000
scalar/write,100,1,140320,0.050009000,2805895,280589494,0.000000,0.000000
scalar/write,100,2,141952,0.050006041,2838697,283869703,0.000000,0.000000
scalar/write,100,3,140736,0.050005625,2814403,281440338,0.000000,0.000000
scalar/write,100,4,140768,0.050001083,2815299,281529902,0.000000,0.000000
scalar/write,100,5,144448,0.050003875,2888736,288873612,0.000000,0.000000
scalar/write,100,6,142784,0.050002917,2855513,285551341,0.000000,0.000000
scalar/literal,500,0,168032,0.050006125,3360228,1680114186,0.000000,0.000000
scalar/literal,500,1,169184,0.050005458,3383311,1691655339,0.000000,0.000000
scalar/literal,500,2,167808,0.050001167,3356082,1678040835,0.000000,0.000000
scalar/literal,500,3,168320,0.050000416,3366372,1683185996,0.000000,0.000000
scalar/literal,500,4,167328,0.050008083,3346019,1673009541,0.000000,0.000000
scalar/literal,500,5,167904,0.050004208,3357797,1678898704,0.000000,0.000000
scalar/literal,500,6,166656,0.050005500,3332753,1666376699,0.000000,0.000000
scalar/arithmetic,500,0,52320,0.050002208,1046354,523176897,0.000000,0.000000
scalar/arithmetic,500,1,51872,0.050012042,1037190,518595102,0.000000,0.000000
scalar/arithmetic,500,2,51840,0.050005000,1036696,518348165,0.000000,0.000000
scalar/arithmetic,500,3,51936,0.050021500,1038274,519136771,0.000000,0.000000
scalar/arithmetic,500,4,52992,0.050004958,1059735,529867458,0.000000,0.000000
scalar/arithmetic,500,5,52896,0.050009916,1057710,528855117,0.000000,0.000000
scalar/arithmetic,500,6,52992,0.050029500,1059215,529607532,0.000000,0.000000
scalar/nested,500,0,52448,0.050022667,1048485,524242340,0.000000,0.000000
scalar/nested,500,1,52544,0.050018084,1050500,525250028,0.000000,0.000000
scalar/nested,500,2,52288,0.050004208,1045672,522835998,0.000000,0.000000
scalar/nested,500,3,52608,0.050028875,1051553,525776364,0.000000,0.000000
scalar/nested,500,4,52672,0.050019583,1053028,526513786,0.000000,0.000000
scalar/nested,500,5,52768,0.050018708,1054965,527482637,0.000000,0.000000
scalar/nested,500,6,52768,0.050014708,1055050,527524823,0.000000,0.000000
scalar/comparison,500,0,53120,0.050001584,1062366,531183172,0.000000,0.000000
scalar/comparison,500,1,53760,0.050007125,1075047,537523403,0.000000,0.000000
scalar/comparison,500,2,53536,0.050000833,1070702,535351081,0.000000,0.000000
scalar/comparison,500,3,53824,0.050021750,1076012,538005967,0.000000,0.000000
scalar/comparison,500,4,53024,0.050029208,1059861,529930436,0.000000,0.000000
scalar/comparison,500,5,53440,0.050013208,1068518,534258870,0.000000,0.000000
scalar/comparison,500,6,53536,0.050024417,1070197,535098690,0.000000,0.000000
scalar/strings,500,0,77952,0.050007375,1558810,779405038,0.000000,0.000000
scalar/strings,500,1,78592,0.050007791,1571595,785797557,0.000000,0.000000
scalar/strings,500,2,78336,0.050016458,1566204,783102234,0.000000,0.000000
scalar/strings,500,3,78496,0.050003125,1569822,784910943,0.000000,0.000000
scalar/strings,500,4,78016,0.050011875,1559950,779974756,0.000000,0.000000
scalar/strings,500,5,76736,0.050006750,1534513,767256420,0.000000,0.000000
scalar/strings,500,6,77120,0.050019125,1541810,770905129,0.000000,0.000000
scalar/boolean,500,0,51904,0.050002958,1038019,519009295,0.000000,0.000000
scalar/boolean,500,1,51680,0.050137084,1030774,515386974,0.000000,0.000000
scalar/boolean,500,2,51424,0.050006625,1028344,514171872,0.000000,0.000000
scalar/boolean,500,3,52224,0.050013959,1044188,522094242,0.000000,0.000000
scalar/boolean,500,4,52672,0.050005667,1053321,526660308,0.000000,0.000000
scalar/boolean,500,5,52864,0.050018250,1056894,528447117,0.000000,0.000000
scalar/boolean,500,6,52192,0.050000625,1043827,521913476,0.000000,0.000000
scalar/missing,500,0,53536,0.050028375,1070113,535056356,0.000000,0.000000
scalar/missing,500,1,53536,0.050005209,1070608,535304232,0.000000,0.000000
scalar/missing,500,2,53088,0.050005167,1061650,530825145,0.000000,0.000000
scalar/missing,500,3,52992,0.050028125,1059244,529622088,0.000000,0.000000
scalar/missing,500,4,53280,0.050028959,1064983,532491592,0.000000,0.000000
scalar/missing,500,5,53376,0.050026917,1066946,533472810,0.000000,0.000000
scalar/missing,500,6,52768,0.050010667,1055135,527567449,0.000000,0.000000
scalar/short_circuit,500,0,165152,0.050008791,3302459,1651229681,0.000000,0.000000
scalar/short_circuit,500,1,164608,0.050002375,3292004,1646001815,0.000000,0.000000
scalar/short_circuit,500,2,164928,0.050005708,3298183,1649091740,0.000000,0.000000
scalar/short_circuit,500,3,165152,0.050000708,3302993,1651496615,0.000000,0.000000
scalar/short_circuit,500,4,164160,0.050009667,3282565,1641282674,0.000000,0.000000
scalar/short_circuit,500,5,165664,0.050006041,3312880,1656439869,0.000000,0.000000
scalar/short_circuit,500,6,166400,0.050008542,3327432,1663715771,0.000000,0.000000
scalar/mixed,500,0,30848,0.050034334,616537,308268318,0.000000,0.000000
scalar/mixed,500,1,31104,0.050013125,621917,310958373,0.000000,0.000000
scalar/mixed,500,2,31104,0.050032000,621682,310841062,0.000000,0.000000
scalar/mixed,500,3,31104,0.050007166,621991,310995428,0.000000,0.000000
scalar/mixed,500,4,31136,0.050044125,622171,311085467,0.000000,0.000000
scalar/mixed,500,5,31296,0.050044459,625364,312681969,0.000000,0.000000
scalar/mixed,500,6,30912,0.050011584,618097,309048400,0.000000,0.000000
scalar/write,500,0,50528,0.050021375,1010128,505064085,0.000000,0.000000
scalar/write,500,1,50944,0.050029417,1018281,509140452,0.000000,0.000000
scalar/write,500,2,51168,0.050029042,1022766,511382968,0.000000,0.000000
scalar/write,500,3,51232,0.050026750,1024092,512046055,0.000000,0.000000
scalar/write,500,4,50848,0.050025417,1016443,508221651,0.000000,0.000000
scalar/write,500,5,51392,0.050004916,1027739,513869476,0.000000,0.000000
scalar/write,500,6,51328,0.050026792,1026010,513005111,0.000000,0.000000
scalar/literal,1024,0,88704,0.050003583,1773953,1816527748,0.000000,0.000000
scalar/literal,1024,1,87808,0.050017083,1755560,1797693640,0.000000,0.000000
scalar/literal,1024,2,88544,0.050016083,1770311,1812798015,0.000000,0.000000
scalar/literal,1024,3,87072,0.050016292,1740873,1782653700,0.000000,0.000000
scalar/literal,1024,4,87776,0.050007625,1755252,1797378380,0.000000,0.000000
scalar/literal,1024,5,88160,0.050006250,1762980,1805291139,0.000000,0.000000
scalar/literal,1024,6,88096,0.050005625,1761722,1804003130,0.000000,0.000000
scalar/arithmetic,1024,0,28608,0.050036458,571743,585464942,0.000000,0.000000
scalar/arithmetic,1024,1,28640,0.050022750,572539,586280442,0.000000,0.000000
scalar/arithmetic,1024,2,28704,0.050018541,573867,587640011,0.000000,0.000000
scalar/arithmetic,1024,3,28640,0.050033917,572412,586149591,0.000000,0.000000
scalar/arithmetic,1024,4,28736,0.050032125,574351,588135403,0.000000,0.000000
scalar/arithmetic,1024,5,28736,0.050038250,574281,588063411,0.000000,0.000000
scalar/arithmetic,1024,6,28800,0.050015625,575820,589639738,0.000000,0.000000
scalar/nested,1024,0,28704,0.050035166,573677,587444758,0.000000,0.000000
scalar/nested,1024,1,28768,0.050054417,574734,588528121,0.000000,0.000000
scalar/nested,1024,2,22112,0.052710083,419502,429570335,0.000000,0.000000
scalar/nested,1024,3,21024,0.050023250,420285,430371397,0.000000,0.000000
scalar/nested,1024,4,28128,0.050029000,562234,575727518,0.000000,0.000000
scalar/nested,1024,5,28416,0.050024292,568044,581677078,0.000000,0.000000
scalar/nested,1024,6,28576,0.050048750,570963,584666430,0.000000,0.000000
scalar/comparison,1024,0,28544,0.050021000,570640,584335699,0.000000,0.000000
scalar/comparison,1024,1,28256,0.050010917,564997,578556558,0.000000,0.000000
scalar/comparison,1024,2,28608,0.050017042,571965,585692213,0.000000,0.000000
scalar/comparison,1024,3,28832,0.050042833,576146,589973953,0.000000,0.000000
scalar/comparison,1024,4,28960,0.050004959,579143,593041982,0.000000,0.000000
scalar/comparison,1024,5,28832,0.050018500,576427,590260963,0.000000,0.000000
scalar/comparison,1024,6,28960,0.050017625,578996,592891806,0.000000,0.000000
scalar/strings,1024,0,43040,0.050032291,860244,880890303,0.000000,0.000000
scalar/strings,1024,1,43008,0.050017625,859857,880493466,0.000000,0.000000
scalar/strings,1024,2,42912,0.050005708,858142,878737443,0.000000,0.000000
scalar/strings,1024,3,43008,0.050025417,859723,880356320,0.000000,0.000000
scalar/strings,1024,4,42752,0.050008625,854893,875409952,0.000000,0.000000
scalar/strings,1024,5,42016,0.050035083,839731,859884334,0.000000,0.000000
scalar/strings,1024,6,42976,0.050027709,859044,879660989,0.000000,0.000000
scalar/boolean,1024,0,28672,0.050015458,573263,587021077,0.000000,0.000000
scalar/boolean,1024,1,28704,0.050016625,573889,587662522,0.000000,0.000000
scalar/boolean,1024,2,28608,0.050041083,571690,585410831,0.000000,0.000000
scalar/boolean,1024,3,28704,0.050028000,573759,587528904,0.000000,0.000000
scalar/boolean,1024,4,28672,0.050012666,573295,587053848,0.000000,0.000000
scalar/boolean,1024,5,28320,0.050044083,565901,579482693,0.000000,0.000000
scalar/boolean,1024,6,27616,0.050001208,552307,565562016,0.000000,0.000000
scalar/missing,1024,0,28320,0.050008833,566300,579891156,0.000000,0.000000
scalar/missing,1024,1,28192,0.050024709,563561,577086975,0.000000,0.000000
scalar/missing,1024,2,28448,0.050037000,568539,582184224,0.000000,0.000000
scalar/missing,1024,3,28768,0.050009458,575251,589057214,0.000000,0.000000
scalar/missing,1024,4,28768,0.050036125,574945,588743273,0.000000,0.000000
scalar/missing,1024,5,28928,0.050041834,578076,591950167,0.000000,0.000000
scalar/missing,1024,6,28928,0.050016458,578370,592250495,0.000000,0.000000
scalar/short_circuit,1024,0,87872,0.050005875,1757234,1799407130,0.000000,0.000000
scalar/short_circuit,1024,1,87392,0.050011792,1747428,1789366156,0.000000,0.000000
scalar/short_circuit,1024,2,86624,0.050009209,1732161,1773732834,0.000000,0.000000
scalar/short_circuit,1024,3,86208,0.050008709,1723860,1765232372,0.000000,0.000000
scalar/short_circuit,1024,4,85664,0.050007292,1713030,1754142896,0.000000,0.000000
scalar/short_circuit,1024,5,85696,0.050011541,1713524,1754649072,0.000000,0.000000
scalar/short_circuit,1024,6,85888,0.050003000,1717657,1758880707,0.000000,0.000000
scalar/mixed,1024,0,16736,0.050019291,334591,342621090,0.000000,0.000000
scalar/mixed,1024,1,16832,0.050082000,336089,344154946,0.000000,0.000000
scalar/mixed,1024,2,16896,0.050066125,337474,345573060,0.000000,0.000000
scalar/mixed,1024,3,16960,0.050062333,338778,346908323,0.000000,0.000000
scalar/mixed,1024,4,17024,0.050016625,340367,348535632,0.000000,0.000000
scalar/mixed,1024,5,17056,0.050031333,340906,349088120,0.000000,0.000000
scalar/mixed,1024,6,16864,0.050065625,336838,344922010,0.000000,0.000000
scalar/write,1024,0,27872,0.050046125,556926,570292465,0.000000,0.000000
scalar/write,1024,1,27840,0.050016292,556619,569977479,0.000000,0.000000
scalar/write,1024,2,27840,0.050013667,556648,570007394,0.000000,0.000000
scalar/write,1024,3,27712,0.050054375,553638,566925229,0.000000,0.000000
scalar/write,1024,4,28064,0.050014167,561121,574587916,0.000000,0.000000
scalar/write,1024,5,28000,0.050002125,559976,573415630,0.000000,0.000000
scalar/write,1024,6,27904,0.050053083,557488,570867852,0.000000,0.000000
scalar/literal,10240,0,9408,0.050063500,187921,1924314521,0.000000,0.000000
scalar/literal,10240,1,9408,0.050136666,187647,1921506308,0.000000,0.000000
scalar/literal,10240,2,9376,0.050037042,187381,1918783289,0.000000,0.000000
scalar/literal,10240,3,9408,0.050141500,187629,1921321061,0.000000,0.000000
scalar/literal,10240,4,9440,0.050060750,188571,1930965876,0.000000,0.000000
scalar/literal,10240,5,9440,0.050080042,188498,1930222023,0.000000,0.000000
scalar/literal,10240,6,9440,0.050137166,188283,1928022816,0.000000,0.000000
scalar/arithmetic,10240,0,3200,0.050212959,63729,652580542,0.000000,0.000000
scalar/arithmetic,10240,1,3200,0.050401542,63490,650138839,0.000000,0.000000
scalar/arithmetic,10240,2,3200,0.050154208,63803,653344980,0.000000,0.000000
scalar/arithmetic,10240,3,3168,0.050020750,63334,648537257,0.000000,0.000000
scalar/arithmetic,10240,4,3200,0.050489333,63380,649008376,0.000000,0.000000
scalar/arithmetic,10240,5,3168,0.050194417,63115,646293392,0.000000,0.000000
scalar/arithmetic,10240,6,3200,0.050211083,63731,652604924,0.000000,0.000000
scalar/nested,10240,0,3200,0.050160875,63795,653258142,0.000000,0.000000
scalar/nested,10240,1,3200,0.050193083,63754,652838958,0.000000,0.000000
scalar/nested,10240,2,3200,0.050233667,63702,652311526,0.000000,0.000000
scalar/nested,10240,3,3200,0.050109750,63860,653924635,0.000000,0.000000
scalar/nested,10240,4,3200,0.050080625,63897,654304933,0.000000,0.000000
scalar/nested,10240,5,3200,0.050131208,63832,653644732,0.000000,0.000000
scalar/nested,10240,6,3200,0.050195625,63751,652805897,0.000000,0.000000
scalar/comparison,10240,0,3200,0.050093417,63881,654137848,0.000000,0.000000
scalar/comparison,10240,1,3200,0.050436250,63446,649691442,0.000000,0.000000
scalar/comparison,10240,2,3200,0.050415208,63473,649962607,0.000000,0.000000
scalar/comparison,10240,3,3200,0.050504875,63360,648808655,0.000000,0.000000
scalar/comparison,10240,4,3200,0.050244958,63688,652164940,0.000000,0.000000
scalar/comparison,10240,5,3200,0.050304666,63612,651390867,0.000000,0.000000
scalar/comparison,10240,6,3200,0.050070083,63910,654442694,0.000000,0.000000
scalar/strings,10240,0,4768,0.050028375,95306,975932558,0.000000,0.000000
scalar/strings,10240,1,4768,0.050106875,95157,974403612,0.000000,0.000000
scalar/strings,10240,2,4768,0.050088500,95192,974761073,0.000000,0.000000
scalar/strings,10240,3,4736,0.050295084,94164,964242151,0.000000,0.000000
scalar/strings,10240,4,4672,0.050068125,93313,955523699,0.000000,0.000000
scalar/strings,10240,5,4704,0.050131750,93833,960847367,0.000000,0.000000
scalar/strings,10240,6,4672,0.050036791,93371,956122066,0.000000,0.000000
scalar/boolean,10240,0,3168,0.050216291,63087,646011869,0.000000,0.000000
scalar/boolean,10240,1,3168,0.050349792,62920,644298987,0.000000,0.000000
scalar/boolean,10240,2,3200,0.050387375,63508,650321633,0.000000,0.000000
scalar/boolean,10240,3,3168,0.050485959,62750,642561232,0.000000,0.000000
scalar/boolean,10240,4,3168,0.050256625,63036,645493405,0.000000,0.000000
scalar/boolean,10240,5,3168,0.050210250,63095,646089593,0.000000,0.000000
scalar/boolean,10240,6,3104,0.050006125,62072,635621336,0.000000,0.000000
scalar/missing,10240,0,3136,0.050424625,62192,636844399,0.000000,0.000000
scalar/missing,10240,1,3168,0.050027375,63325,648451373,0.000000,0.000000
scalar/missing,10240,2,3168,0.050266709,63024,645363913,0.000000,0.000000
scalar/missing,10240,3,3168,0.050160250,63158,646733619,0.000000,0.000000
scalar/missing,10240,4,3168,0.050212417,63092,646061710,0.000000,0.000000
scalar/missing,10240,5,3200,0.050364250,63537,650620232,0.000000,0.000000
scalar/missing,10240,6,3200,0.050176250,63775,653057971,0.000000,0.000000
scalar/short_circuit,10240,0,9408,0.050037542,188019,1925312798,0.000000,0.000000
scalar/short_circuit,10240,1,9408,0.050043375,187997,1925088386,0.000000,0.000000
scalar/short_circuit,10240,2,8224,0.050097292,164161,1681004235,0.000000,0.000000
scalar/short_circuit,10240,3,9376,0.050081916,187213,1917064036,0.000000,0.000000
scalar/short_circuit,10240,4,9120,0.050040292,182253,1866272083,0.000000,0.000000
scalar/short_circuit,10240,5,9376,0.050081959,187213,1917062390,0.000000,0.000000
scalar/short_circuit,10240,6,9408,0.050020959,188081,1925951080,0.000000,0.000000
scalar/mixed,10240,0,1920,0.050131083,38300,392187817,0.000000,0.000000
scalar/mixed,10240,1,1952,0.050781500,38439,393617361,0.000000,0.000000
scalar/mixed,10240,2,1920,0.050130167,38300,392194983,0.000000,0.000000
scalar/mixed,10240,3,1920,0.050025250,38381,393017526,0.000000,0.000000
scalar/mixed,10240,4,1920,0.050088292,38332,392522867,0.000000,0.000000
scalar/mixed,10240,5,1952,0.050782166,38439,393612198,0.000000,0.000000
scalar/mixed,10240,6,1920,0.050268625,38195,391114736,0.000000,0.000000
scalar/write,10240,0,3200,0.050301042,63617,651437797,0.000000,0.000000
scalar/write,10240,1,3200,0.050263500,63664,651924359,0.000000,0.000000
scalar/write,10240,2,3200,0.050284708,63638,651649404,0.000000,0.000000
scalar/write,10240,3,3200,0.050386042,63510,650338838,0.000000,0.000000
scalar/write,10240,4,3200,0.050340459,63567,650927716,0.000000,0.000000
scalar/write,10240,5,3200,0.050351250,63554,650788213,0.000000,0.000000
scalar/write,10240,6,3200,0.050344000,63563,650881932,0.000000,0.000000
scalar/literal,65536,0,1504,0.050968042,29509,1933881313,0.000000,0.000000
scalar/literal,65536,1,1504,0.050781041,29617,1941002824,0.000000,0.000000
scalar/literal,65536,2,1504,0.050781750,29617,1940975725,0.000000,0.000000
scalar/literal,65536,3,1504,0.050840833,29583,1938720084,0.000000,0.000000
scalar/literal,65536,4,1504,0.050751750,29634,1942123060,0.000000,0.000000
scalar/literal,65536,5,1504,0.050724459,29650,1943167970,0.000000,0.000000
scalar/literal,65536,6,1504,0.050688958,29671,1944528905,0.000000,0.000000
scalar/arithmetic,65536,0,512,0.050954250,10048,658520771,0.000000,0.000000
scalar/arithmetic,65536,1,512,0.050617583,10115,662900716,0.000000,0.000000
scalar/arithmetic,65536,2,512,0.050673542,10104,662168672,0.000000,0.000000
scalar/arithmetic,65536,3,512,0.050667000,10105,662254169,0.000000,0.000000
scalar/arithmetic,65536,4,512,0.050745709,10090,661226982,0.000000,0.000000
scalar/arithmetic,65536,5,512,0.050664291,10106,662289580,0.000000,0.000000
scalar/arithmetic,65536,6,512,0.050628750,10113,662754502,0.000000,0.000000
scalar/nested,65536,0,512,0.050584083,10122,663339731,0.000000,0.000000
scalar/nested,65536,1,512,0.050768292,10085,660932852,0.000000,0.000000
scalar/nested,65536,2,512,0.050658583,10107,662364204,0.000000,0.000000
scalar/nested,65536,3,512,0.050540375,10131,663913396,0.000000,0.000000
scalar/nested,65536,4,512,0.050614458,10116,662941644,0.000000,0.000000
scalar/nested,65536,5,512,0.050669959,10105,662215495,0.000000,0.000000
scalar/nested,65536,6,512,0.050621709,10114,662846685,0.000000,0.000000
scalar/comparison,65536,0,512,0.050589167,10121,663273068,0.000000,0.000000
scalar/comparison,65536,1,512,0.050558750,10127,663672104,0.000000,0.000000
scalar/comparison,65536,2,512,0.050655459,10107,662405053,0.000000,0.000000
scalar/comparison,65536,3,512,0.050691292,10100,661936808,0.000000,0.000000
scalar/comparison,65536,4,512,0.050825042,10074,660194870,0.000000,0.000000
scalar/comparison,65536,5,512,0.050575625,10123,663450664,0.000000,0.000000
scalar/comparison,65536,6,512,0.050611084,10116,662985839,0.000000,0.000000
scalar/strings,65536,0,768,0.050954792,15072,987770650,0.000000,0.000000
scalar/strings,65536,1,768,0.051085625,15034,985240917,0.000000,0.000000
scalar/strings,65536,2,768,0.051135167,15019,984286372,0.000000,0.000000
scalar/strings,65536,3,768,0.051055333,15043,985825477,0.000000,0.000000
scalar/strings,65536,4,768,0.050932625,15079,988200549,0.000000,0.000000
scalar/strings,65536,5,768,0.051295083,14972,981217790,0.000000,0.000000
scalar/strings,65536,6,768,0.050867375,15098,989468161,0.000000,0.000000
scalar/boolean,65536,0,512,0.051162417,10007,655841416,0.000000,0.000000
scalar/boolean,65536,1,512,0.051018375,10036,657693076,0.000000,0.000000
scalar/boolean,65536,2,512,0.051156375,10009,655918876,0.000000,0.000000
scalar/boolean,65536,3,512,0.050771458,10084,660891637,0.000000,0.000000
scalar/boolean,65536,4,512,0.051675708,9908,649326991,0.000000,0.000000
scalar/boolean,65536,5,512,0.051571333,9928,650641161,0.000000,0.000000
scalar/boolean,65536,6,512,0.050885083,10062,659415884,0.000000,0.000000
scalar/missing,65536,0,512,0.051349458,9971,653452506,0.000000,0.000000
scalar/missing,65536,1,512,0.051537083,9935,651073558,0.000000,0.000000
scalar/missing,65536,2,512,0.051136542,10012,656173270,0.000000,0.000000
scalar/missing,65536,3,512,0.051060208,10027,657154236,0.000000,0.000000
scalar/missing,65536,4,512,0.050871292,10065,659594649,0.000000,0.000000
scalar/missing,65536,5,512,0.050949917,10049,658576775,0.000000,0.000000
scalar/missing,65536,6,512,0.050638708,10111,662624173,0.000000,0.000000
scalar/short_circuit,65536,0,1504,0.050634083,29703,1946636300,0.000000,0.000000
scalar/short_circuit,65536,1,1504,0.051036375,29469,1931292025,0.000000,0.000000
scalar/short_circuit,65536,2,1504,0.050760000,29630,1941807407,0.000000,0.000000
scalar/short_circuit,65536,3,1504,0.050711708,29658,1943656562,0.000000,0.000000
scalar/short_circuit,65536,4,1504,0.050667042,29684,1945370010,0.000000,0.000000
scalar/short_circuit,65536,5,1504,0.050914250,29540,1935924501,0.000000,0.000000
scalar/short_circuit,65536,6,1504,0.050707792,29660,1943806664,0.000000,0.000000
scalar/mixed,65536,0,320,0.052570375,6087,398922777,0.000000,0.000000
scalar/mixed,65536,1,320,0.052530875,6092,399222743,0.000000,0.000000
scalar/mixed,65536,2,320,0.052480750,6097,399604045,0.000000,0.000000
scalar/mixed,65536,3,320,0.052803958,6060,397158107,0.000000,0.000000
scalar/mixed,65536,4,320,0.052617042,6082,398568966,0.000000,0.000000
scalar/mixed,65536,5,320,0.052676125,6075,398121920,0.000000,0.000000
scalar/mixed,65536,6,320,0.052683208,6074,398068394,0.000000,0.000000
scalar/write,65536,0,512,0.050785792,10082,660705104,0.000000,0.000000
scalar/write,65536,1,512,0.050671792,10104,662191540,0.000000,0.000000
scalar/write,65536,2,512,0.050812791,10076,660354044,0.000000,0.000000
scalar/write,65536,3,512,0.050821291,10075,660243598,0.000000,0.000000
scalar/write,65536,4,512,0.050770959,10085,660898133,0.000000,0.000000
scalar/write,65536,5,512,0.050693375,10100,661909609,0.000000,0.000000
scalar/write,65536,6,512,0.050801500,10078,660500812,0.000000,0.000000
scalar/literal,1048576,0,96,0.052104875,1842,1931936234,0.000000,0.000000
scalar/literal,1048576,1,96,0.051710792,1856,1946659336,0.000000,0.000000
scalar/literal,1048576,2,96,0.051878667,1850,1940360110,0.000000,0.000000
scalar/literal,1048576,3,96,0.051842459,1852,1941715303,0.000000,0.000000
scalar/literal,1048576,4,96,0.051656708,1858,1948697466,0.000000,0.000000
scalar/literal,1048576,5,96,0.051555375,1862,1952527666,0.000000,0.000000
scalar/literal,1048576,6,96,0.051670916,1858,1948161631,0.000000,0.000000
scalar/arithmetic,1048576,0,32,0.050503416,634,664399256,0.000000,0.000000
scalar/arithmetic,1048576,1,32,0.050513208,633,664270462,0.000000,0.000000
scalar/arithmetic,1048576,2,32,0.050381500,635,666007007,0.000000,0.000000
scalar/arithmetic,1048576,3,32,0.050645708,632,662532588,0.000000,0.000000
scalar/arithmetic,1048576,4,32,0.050238292,637,667905509,0.000000,0.000000
scalar/arithmetic,1048576,5,32,0.050510417,634,664307167,0.000000,0.000000
scalar/arithmetic,1048576,6,32,0.050423666,635,665450069,0.000000,0.000000
scalar/nested,1048576,0,32,0.050752042,631,661144472,0.000000,0.000000
scalar/nested,1048576,1,32,0.050415250,635,665561155,0.000000,0.000000
scalar/nested,1048576,2,32,0.050415209,635,665561696,0.000000,0.000000
scalar/nested,1048576,3,32,0.050418458,635,665518807,0.000000,0.000000
scalar/nested,1048576,4,32,0.050514917,633,664247988,0.000000,0.000000
scalar/nested,1048576,5,32,0.050479042,634,664720063,0.000000,0.000000
scalar/nested,1048576,6,32,0.050552583,633,663753067,0.000000,0.000000
scalar/comparison,1048576,0,32,0.050428334,635,665388470,0.000000,0.000000
scalar/comparison,1048576,1,32,0.050544750,633,663855930,0.000000,0.000000
scalar/comparison,1048576,2,32,0.050480167,634,664705249,0.000000,0.000000
scalar/comparison,1048576,3,32,0.050646125,632,662527133,0.000000,0.000000
scalar/comparison,1048576,4,32,0.050442000,634,665208200,0.000000,0.000000
scalar/comparison,1048576,5,32,0.050540625,633,663910112,0.000000,0.000000
scalar/comparison,1048576,6,32,0.050356041,635,666343726,0.000000,0.000000
scalar/strings,1048576,0,64,0.067724833,945,990904828,0.000000,0.000000
scalar/strings,1048576,1,64,0.067623834,946,992384786,0.000000,0.000000
scalar/strings,1048576,2,64,0.067749834,945,990539165,0.000000,0.000000
scalar/strings,1048576,3,64,0.067687292,946,991454408,0.000000,0.000000
scalar/strings,1048576,4,64,0.067627333,946,992333440,0.000000,0.000000
scalar/strings,1048576,5,64,0.067731417,945,990808505,0.000000,0.000000
scalar/strings,1048576,6,64,0.067719125,945,990988351,0.000000,0.000000
scalar/boolean,1048576,0,32,0.050443375,634,665190067,0.000000,0.000000
scalar/boolean,1048576,1,32,0.050241041,637,667868964,0.000000,0.000000
scalar/boolean,1048576,2,32,0.050464334,634,664913798,0.000000,0.000000
scalar/boolean,1048576,3,32,0.050495875,634,664498476,0.000000,0.000000
scalar/boolean,1048576,4,32,0.050456917,634,665011538,0.000000,0.000000
scalar/boolean,1048576,5,32,0.050286125,636,667270186,0.000000,0.000000
scalar/boolean,1048576,6,32,0.050452792,634,665065910,0.000000,0.000000
scalar/missing,1048576,0,32,0.050518000,633,664207451,0.000000,0.000000
scalar/missing,1048576,1,32,0.050445500,634,665162046,0.000000,0.000000
scalar/missing,1048576,2,32,0.050501750,634,664421174,0.000000,0.000000
scalar/missing,1048576,3,32,0.050484542,634,664647646,0.000000,0.000000
scalar/missing,1048576,4,32,0.050473541,634,664792510,0.000000,0.000000
scalar/missing,1048576,5,32,0.050464292,634,664914352,0.000000,0.000000
scalar/missing,1048576,6,32,0.050520583,633,664173491,0.000000,0.000000
scalar/short_circuit,1048576,0,96,0.051737834,1856,1945641868,0.000000,0.000000
scalar/short_circuit,1048576,1,96,0.051711833,1856,1946620148,0.000000,0.000000
scalar/short_circuit,1048576,2,96,0.051826583,1852,1942310108,0.000000,0.000000
scalar/short_circuit,1048576,3,96,0.051699917,1857,1947068813,0.000000,0.000000
scalar/short_circuit,1048576,4,96,0.051511250,1864,1954200218,0.000000,0.000000
scalar/short_circuit,1048576,5,96,0.051585917,1861,1951371651,0.000000,0.000000
scalar/short_circuit,1048576,6,96,0.051823125,1852,1942439712,0.000000,0.000000
scalar/mixed,1048576,0,32,0.083770500,382,400551889,0.000000,0.000000
scalar/mixed,1048576,1,32,0.084038958,381,399272347,0.000000,0.000000
scalar/mixed,1048576,2,32,0.083803500,382,400394160,0.000000,0.000000
scalar/mixed,1048576,3,32,0.083442125,383,402128206,0.000000,0.000000
scalar/mixed,1048576,4,32,0.083846541,382,400188626,0.000000,0.000000
scalar/mixed,1048576,5,32,0.083748041,382,400659306,0.000000,0.000000
scalar/mixed,1048576,6,32,0.083926334,381,399808146,0.000000,0.000000
scalar/write,1048576,0,32,0.050463250,634,664928081,0.000000,0.000000
scalar/write,1048576,1,32,0.050450458,634,665096678,0.000000,0.000000
scalar/write,1048576,2,32,0.050439459,634,665241711,0.000000,0.000000
scalar/write,1048576,3,32,0.050462959,634,664931916,0.000000,0.000000
scalar/write,1048576,4,32,0.050371333,635,666141434,0.000000,0.000000
scalar/write,1048576,5,32,0.050498291,634,664466685,0.000000,0.000000
scalar/write,1048576,6,32,0.050493542,634,664529179,0.000000,0.000000
scalar/sequence_boolean,330,0,30592,0.050027000,611510,201798229,0.000000,0.000000
scalar/sequence_boolean,330,1,31200,0.050005792,623928,205896149,0.000000,0.000000
scalar/sequence_boolean,330,2,31168,0.050039500,622868,205546418,0.000000,0.000000
scalar/sequence_boolean,330,3,31392,0.050036708,627379,207035203,0.000000,0.000000
scalar/sequence_boolean,330,4,30880,0.050050000,616983,203604396,0.000000,0.000000
scalar/sequence_boolean,330,5,31104,0.050014083,621905,205228595,0.000000,0.000000
scalar/sequence_boolean,330,6,31040,0.050032250,620400,204731948,0.000000,0.000000
scalar/sequence_array_equality,330,0,21856,0.050054417,436645,144092778,0.000000,0.000000
scalar/sequence_array_equality,330,1,21920,0.050035292,438091,144569957,0.000000,0.000000
scalar/sequence_array_equality,330,2,21632,0.050040458,432290,142655769,0.000000,0.000000
scalar/sequence_array_equality,330,3,21728,0.050063416,434010,143223147,0.000000,0.000000
scalar/sequence_array_equality,330,4,21696,0.050006333,433865,143175465,0.000000,0.000000
scalar/sequence_array_equality,330,5,21728,0.050001625,434546,143400139,0.000000,0.000000
scalar/sequence_array_equality,330,6,21504,0.050011500,429981,141893764,0.000000,0.000000
scalar/sequence_equality,330,0,17120,0.050080917,341847,112809436,3.000000,672.000000
scalar/sequence_equality,330,1,17120,0.050064209,341961,112847084,3.000000,672.000000
scalar/sequence_equality,330,2,17184,0.050039834,343406,113324117,3.000000,672.000000
scalar/sequence_equality,330,3,17312,0.050049334,345899,114146574,3.000000,672.000000
scalar/sequence_equality,330,4,17472,0.050014875,349336,115280904,3.000000,672.000000
scalar/sequence_equality,330,5,17472,0.050090875,348806,115105995,3.000000,672.000000
scalar/sequence_equality,330,6,17536,0.050084208,350130,115543007,3.000000,672.000000
scalar/array_equality,330,0,15840,0.050069209,316362,104399492,16.000000,2752.000000
scalar/array_equality,330,1,15776,0.050052791,315187,104011782,16.000000,2752.000000
scalar/array_equality,330,2,16064,0.050073291,320810,105867218,16.000000,2752.000000
scalar/array_equality,330,3,16064,0.050072666,320814,105868539,16.000000,2752.000000
scalar/array_equality,330,4,15744,0.050082167,314363,103739920,16.000000,2752.000000
scalar/array_equality,330,5,15712,0.050034375,314024,103627956,16.000000,2752.000000
scalar/array_equality,330,6,16032,0.050031083,320441,105745462,16.000000,2752.000000
scalar/singleton,15,0,478368,0.050000666,9567233,143508488,0.000000,0.000000
scalar/singleton,15,1,493728,0.050000709,9874420,148116300,0.000000,0.000000
scalar/singleton,15,2,503264,0.050001000,10065079,150976180,0.000000,0.000000
scalar/singleton,15,3,504320,0.050000917,10086215,151293225,0.000000,0.000000
scalar/singleton,15,4,505952,0.050001250,10118787,151781805,0.000000,0.000000
scalar/singleton,15,5,500640,0.050002125,10012374,150185617,0.000000,0.000000
scalar/singleton,15,6,499232,0.050000500,9984540,149768102,0.000000,0.000000
scalar/sequence_type_error,330,0,47296,0.050022917,945487,312010593,0.000000,0.000000
scalar/sequence_type_error,330,1,47392,0.050027167,947325,312617342,0.000000,0.000000
scalar/sequence_type_error,330,2,48000,0.050023542,959548,316650908,0.000000,0.000000
scalar/sequence_type_error,330,3,48000,0.050012958,959751,316717919,0.000000,0.000000
scalar/sequence_type_error,330,4,47616,0.050012334,952085,314188096,0.000000,0.000000
scalar/sequence_type_error,330,5,47712,0.050019625,953866,314775651,0.000000,0.000000
scalar/sequence_type_error,330,6,47456,0.050002292,949076,313195243,0.000000,0.000000
scalar/object_equality,125,0,39904,0.050035750,797510,99688723,3.000000,1172.000000
scalar/object_equality,125,1,39936,0.050032333,798204,99775479,3.000000,1172.000000
scalar/object_equality,125,2,41760,0.050008083,835065,104383125,3.000000,1172.000000
scalar/object_equality,125,3,41888,0.050021458,837401,104675078,3.000000,1172.000000
scalar/object_equality,125,4,41472,0.050024083,829041,103630086,3.000000,1172.000000
scalar/object_equality,125,5,40544,0.050036250,810293,101286567,3.000000,1172.000000
scalar/object_equality,125,6,41920,0.050034375,837824,104728000,3.000000,1172.000000
scalar/object_equality,2389,0,2464,0.050618500,48678,116291395,7.000000,20884.000000
scalar/object_equality,2389,1,2528,0.050292500,50266,120085341,7.000000,20884.000000
scalar/object_equality,2389,2,2496,0.050066166,49854,119101271,7.000000,20884.000000
scalar/object_equality,2389,3,2528,0.050106834,50452,120530305,7.000000,20884.000000
scalar/object_equality,2389,4,2528,0.050007459,50552,120769824,7.000000,20884.000000
scalar/object_equality,2389,5,2528,0.050023250,50537,120731700,7.000000,20884.000000
scalar/object_equality,2389,6,2528,0.050035500,50524,120702141,7.000000,20884.000000
scalar/escaped_strings,26,0,624416,0.050002292,12487748,324681437,0.000000,0.000000
scalar/escaped_strings,26,1,626656,0.050000709,12532942,325856499,0.000000,0.000000
scalar/escaped_strings,26,2,639328,0.050000375,12786464,332448067,0.000000,0.000000
scalar/escaped_strings,26,3,639072,0.050002416,12780822,332301383,0.000000,0.000000
scalar/escaped_strings,26,4,631456,0.050000875,12628899,328351374,0.000000,0.000000
scalar/escaped_strings,26,5,619072,0.050000125,12381409,321916635,0.000000,0.000000
scalar/escaped_strings,26,6,634912,0.050001125,12697954,330146812,0.000000,0.000000
compile/filter,0,0,121568,0.050004084,2431161,0,20.000000,1235.000000
compile/filter,0,1,124096,0.050008792,2481484,0,20.000000,1235.000000
compile/filter,0,2,121888,0.050004667,2437532,0,20.000000,1235.000000
compile/filter,0,3,122432,0.050008625,2448218,0,20.000000,1235.000000
compile/filter,0,4,123072,0.050000458,2461417,0,20.000000,1235.000000
compile/filter,0,5,122912,0.050006708,2457910,0,20.000000,1235.000000
compile/filter,0,6,121376,0.050007084,2427176,0,20.000000,1235.000000
filter/predicate,100,0,118464,0.050012958,2368666,236866614,0.000000,0.000000
filter/predicate,100,1,118912,0.050000167,2378232,237823206,0.000000,0.000000
filter/predicate,100,2,119808,0.050003459,2395994,239599425,0.000000,0.000000
filter/predicate,100,3,116512,0.050001166,2330186,233018566,0.000000,0.000000
filter/predicate,100,4,119744,0.050012750,2394269,239426946,0.000000,0.000000
filter/predicate,100,5,120096,0.050008792,2401498,240149772,0.000000,0.000000
filter/predicate,100,6,118592,0.050004584,2371623,237162257,0.000000,0.000000
filter/none,100,0,133344,0.050008458,2666429,266642895,0.000000,0.000000
filter/none,100,1,134368,0.050008917,2686881,268688082,0.000000,0.000000
filter/none,100,2,133920,0.050005875,2678085,267808532,0.000000,0.000000
filter/none,100,3,131520,0.050007042,2630030,263002959,0.000000,0.000000
filter/none,100,4,132864,0.050001917,2657178,265717812,0.000000,0.000000
filter/none,100,5,134400,0.050003000,2687839,268783873,0.000000,0.000000
filter/none,100,6,133056,0.050006542,2660772,266077186,0.000000,0.000000
filter/first,100,0,164768,0.050008500,3294800,329479988,0.000000,0.000000
filter/first,100,1,131264,0.050001541,2625199,262519909,0.000000,0.000000
filter/first,100,2,160672,0.050001459,3213346,321334623,0.000000,0.000000
filter/first,100,3,164640,0.050004958,3292474,329247352,0.000000,0.000000
filter/first,100,4,163488,0.050000000,3269760,326976000,0.000000,0.000000
filter/first,100,5,162784,0.050003333,3255463,325546299,0.000000,0.000000
filter/first,100,6,163168,0.050002042,3263227,326322673,0.000000,0.000000
filter/last,100,0,144960,0.050009875,2898628,289862752,0.000000,0.000000
filter/last,100,1,142912,0.050003542,2858038,285803754,0.000000,0.000000
filter/last,100,2,142112,0.050009125,2841721,284172139,0.000000,0.000000
filter/last,100,3,141600,0.050000041,2831998,283199768,0.000000,0.000000
filter/last,100,4,144928,0.050003292,2898369,289836917,0.000000,0.000000
filter/last,100,5,143232,0.050007666,2864201,286420086,0.000000,0.000000
filter/last,100,6,127232,0.050136417,2537716,253771625,0.000000,0.000000
filter/computed_last,100,0,110912,0.050007958,2217887,221788700,0.000000,0.000000
filter/computed_last,100,1,115488,0.050003542,2309596,230959639,0.000000,0.000000
filter/computed_last,100,2,115968,0.050010000,2318896,231889622,0.000000,0.000000
filter/computed_last,100,3,116320,0.050009375,2325964,232596388,0.000000,0.000000
filter/computed_last,100,4,115072,0.050013458,2300821,230082071,0.000000,0.000000
filter/computed_last,100,5,115648,0.050006750,2312648,231264779,0.000000,0.000000
filter/computed_last,100,6,116704,0.050011500,2333543,233354329,0.000000,0.000000
filter/chained,100,0,91072,0.050000333,1821428,182142787,0.000000,0.000000
filter/chained,100,1,91168,0.050003208,1823243,182324302,0.000000,0.000000
filter/chained,100,2,91264,0.050011792,1824850,182484963,0.000000,0.000000
filter/chained,100,3,93184,0.050012000,1863233,186323282,0.000000,0.000000
filter/chained,100,4,92896,0.050004250,1857762,185776209,0.000000,0.000000
filter/chained,100,5,93056,0.050007500,1860841,186084087,0.000000,0.000000
filter/chained,100,6,90528,0.050012292,1810115,181011500,0.000000,0.000000
filter/predicate,500,0,59616,0.050006083,1192175,596087480,0.000000,0.000000
filter/predicate,500,1,59552,0.050018500,1190599,595299739,0.000000,0.000000
filter/predicate,500,2,59456,0.050015709,1188747,594373260,0.000000,0.000000
filter/predicate,500,3,59488,0.050009416,1189536,594767993,0.000000,0.000000
filter/predicate,500,4,59712,0.050018333,1193802,596901140,0.000000,0.000000
filter/predicate,500,5,59232,0.050012458,1184345,592172454,0.000000,0.000000
filter/predicate,500,6,59232,0.050017458,1184227,592113258,0.000000,0.000000
filter/none,500,0,61824,0.050016167,1236080,618040163,0.000000,0.000000
filter/none,500,1,62464,0.050010875,1249008,624504170,0.000000,0.000000
filter/none,500,2,62944,0.050023167,1258297,629148490,0.000000,0.000000
filter/none,500,3,62720,0.050016208,1253994,626996753,0.000000,0.000000
filter/none,500,4,63008,0.050017292,1259724,629862168,0.000000,0.000000
filter/none,500,5,62944,0.050006709,1258711,629355553,0.000000,0.000000
filter/none,500,6,63104,0.050019791,1261581,630790321,0.000000,0.000000
filter/first,500,0,69216,0.050017875,1383825,691912641,0.000000,0.000000
filter/first,500,1,69376,0.050002334,1387455,693727617,0.000000,0.000000
filter/first,500,2,69024,0.050011209,1380171,690085297,0.000000,0.000000
filter/first,500,3,69248,0.050005792,1384800,692399792,0.000000,0.000000
filter/first,500,4,68992,0.050020458,1379276,689637828,0.000000,0.000000
filter/first,500,5,68960,0.050019125,1378673,689336329,0.000000,0.000000
filter/first,500,6,69120,0.050009125,1382148,691073879,0.000000,0.000000
filter/last,500,0,64864,0.050002541,1297214,648607038,0.000000,0.000000
filter/last,500,1,65120,0.050008000,1302192,651095825,0.000000,0.000000
filter/last,500,2,64896,0.050012209,1297603,648801576,0.000000,0.000000
filter/last,500,3,65248,0.050000917,1304936,652468034,0.000000,0.000000
filter/last,500,4,64928,0.050001042,1298533,649266469,0.000000,0.000000
filter/last,500,5,64992,0.050018000,1299372,649686113,0.000000,0.000000
filter/last,500,6,64768,0.050012583,1295034,647517046,0.000000,0.000000
filter/computed_last,500,0,58944,0.050007208,1178710,589355039,0.000000,0.000000
filter/computed_last,500,1,58656,0.050008250,1172926,586463234,0.000000,0.000000
filter/computed_last,500,2,59072,0.050004667,1181330,590664867,0.000000,0.000000
filter/computed_last,500,3,59104,0.050007125,1181912,590955789,0.000000,0.000000
filter/computed_last,500,4,59328,0.050017875,1186136,593067978,0.000000,0.000000
filter/computed_last,500,5,58976,0.050008500,1179320,589659758,0.000000,0.000000
filter/computed_last,500,6,58816,0.050026084,1175707,587853329,0.000000,0.000000
filter/chained,500,0,51264,0.050027583,1024715,512357353,0.000000,0.000000
filter/chained,500,1,51488,0.050030917,1029124,514561826,0.000000,0.000000
filter/chained,500,2,50944,0.050021750,1018437,509218490,0.000000,0.000000
filter/chained,500,3,51328,0.050017500,1026201,513100415,0.000000,0.000000
filter/chained,500,4,50624,0.050026958,1011934,505967203,0.000000,0.000000
filter/chained,500,5,50944,0.050000875,1018862,509431085,0.000000,0.000000
filter/chained,500,6,50912,0.050028792,1017654,508826997,0.000000,0.000000
filter/predicate,1024,0,35904,0.050030958,717636,734858925,0.000000,0.000000
filter/predicate,1024,1,36384,0.050019542,727396,744853202,0.000000,0.000000
filter/predicate,1024,2,36512,0.050008375,730118,747640530,0.000000,0.000000
filter/predicate,1024,3,36352,0.050004000,726982,744429406,0.000000,0.000000
filter/predicate,1024,4,36576,0.050034208,731020,748564342,0.000000,0.000000
filter/predicate,1024,5,36384,0.050026125,727300,744755185,0.000000,0.000000
filter/predicate,1024,6,36160,0.050038209,722648,739991313,0.000000,0.000000
filter/none,1024,0,37728,0.050021958,754229,772330263,0.000000,0.000000
filter/none,1024,1,37600,0.050022708,751659,769698434,0.000000,0.000000
filter/none,1024,2,37664,0.050006209,753186,771262945,0.000000,0.000000
filter/none,1024,3,37664,0.050034875,752755,770821072,0.000000,0.000000
filter/none,1024,4,37600,0.050005750,751914,769959455,0.000000,0.000000
filter/none,1024,5,37600,0.050039042,751413,769447185,0.000000,0.000000
filter/none,1024,6,37632,0.050006292,752545,770606387,0.000000,0.000000
filter/first,1024,0,39712,0.050039125,793619,812665849,0.000000,0.000000
filter/first,1024,1,39776,0.050020292,795197,814282012,0.000000,0.000000
filter/first,1024,2,39840,0.050024375,796412,815525631,0.000000,0.000000
filter/first,1024,3,39936,0.050034500,798169,817325326,0.000000,0.000000
filter/first,1024,4,39840,0.050010459,796633,815752561,0.000000,0.000000
filter/first,1024,5,39904,0.050005750,797988,817139949,0.000000,0.000000
filter/first,1024,6,39744,0.050024084,794497,813565242,0.000000,0.000000
filter/last,1024,0,38368,0.050012916,767162,785573711,0.000000,0.000000
filter/last,1024,1,38464,0.050001959,769250,787711857,0.000000,0.000000
filter/last,1024,2,38272,0.050024541,765064,783426039,0.000000,0.000000
filter/last,1024,3,38720,0.050031875,773907,792480394,0.000000,0.000000
filter/last,1024,4,38336,0.050030791,766248,784638084,0.000000,0.000000
filter/last,1024,5,38464,0.050015167,769047,787503839,0.000000,0.000000
filter/last,1024,6,38400,0.050019458,767701,786126071,0.000000,0.000000
filter/computed_last,1024,0,36320,0.050014334,726192,743620419,0.000000,0.000000
filter/computed_last,1024,1,36256,0.050004625,725053,742454203,0.000000,0.000000
filter/computed_last,1024,2,36352,0.050010917,726881,744326444,0.000000,0.000000
filter/computed_last,1024,3,36480,0.050028833,729180,746679820,0.000000,0.000000
filter/computed_last,1024,4,36544,0.050012459,730698,748234675,0.000000,0.000000
filter/computed_last,1024,5,36352,0.050028083,726632,744071045,0.000000,0.000000
filter/computed_last,1024,6,34112,0.050010041,682103,698473493,0.000000,0.000000
filter/chained,1024,0,32960,0.050031292,658788,674598609,0.000000,0.000000
filter/chained,1024,1,33184,0.050003084,663639,679566404,0.000000,0.000000
filter/chained,1024,2,33472,0.050025792,669095,685153131,0.000000,0.000000
filter/chained,1024,3,33312,0.050005000,666173,682161544,0.000000,0.000000
filter/chained,1024,4,33376,0.050018875,667268,683282541,0.000000,0.000000
filter/chained,1024,5,33152,0.050029042,662655,678558826,0.000000,0.000000
filter/chained,1024,6,33344,0.050004625,666818,682821959,0.000000,0.000000
filter/predicate,10240,0,4672,0.050022000,93399,956404782,0.000000,0.000000
filter/predicate,10240,1,4704,0.050249375,93613,958598192,0.000000,0.000000
filter/predicate,10240,2,4672,0.050040875,93364,956044034,0.000000,0.000000
filter/predicate,10240,3,4704,0.050260458,93592,958386810,0.000000,0.000000
filter/predicate,10240,4,4704,0.050304750,93510,957542976,0.000000,0.000000
filter/predicate,10240,5,4704,0.050267917,93579,958244600,0.000000,0.000000
filter/predicate,10240,6,4704,0.050250375,93611,958579115,0.000000,0.000000
filter/none,10240,0,4704,0.050025500,94032,962888127,0.000000,0.000000
filter/none,10240,1,4704,0.050023584,94036,962925008,0.000000,0.000000
filter/none,10240,2,4704,0.050065625,93957,962116422,0.000000,0.000000
filter/none,10240,3,4736,0.050258167,94233,964950433,0.000000,0.000000
filter/none,10240,4,4704,0.050064667,93958,962134833,0.000000,0.000000
filter/none,10240,5,4704,0.050049500,93987,962426398,0.000000,0.000000
filter/none,10240,6,4704,0.050076375,93937,961909883,0.000000,0.000000
filter/first,10240,0,4736,0.050020042,94682,969544168,0.000000,0.000000
filter/first,10240,1,4768,0.050310167,94772,970466268,0.000000,0.000000
filter/first,10240,2,4736,0.050058375,94610,968801724,0.000000,0.000000
filter/first,10240,3,4736,0.050047166,94631,969018705,0.000000,0.000000
filter/first,10240,4,4736,0.050063583,94600,968700942,0.000000,0.000000
filter/first,10240,5,4736,0.050034958,94654,969255136,0.000000,0.000000
filter/first,10240,6,4736,0.050019042,94684,969563551,0.000000,0.000000
filter/last,10240,0,4736,0.050293875,94167,964265331,0.000000,0.000000
filter/last,10240,1,4736,0.050243667,94261,965228911,0.000000,0.000000
filter/last,10240,2,4736,0.050226375,94293,965561222,0.000000,0.000000
filter/last,10240,3,4736,0.050258792,94232,964938433,0.000000,0.000000
filter/last,10240,4,4768,0.050302167,94787,970620610,0.000000,0.000000
filter/last,10240,5,4736,0.050255125,94239,965008842,0.000000,0.000000
filter/last,10240,6,4736,0.050244000,94260,965222514,0.000000,0.000000
filter/computed_last,10240,0,4704,0.050272042,93571,958165972,0.000000,0.000000
filter/computed_last,10240,1,4704,0.050227083,93655,959023641,0.000000,0.000000
filter/computed_last,10240,2,4704,0.050274292,93567,958123090,0.000000,0.000000
filter/computed_last,10240,3,4704,0.050283542,93549,957946837,0.000000,0.000000
filter/computed_last,10240,4,4704,0.050240167,93630,958773883,0.000000,0.000000
filter/computed_last,10240,5,4704,0.050265833,93582,958284328,0.000000,0.000000
filter/computed_last,10240,6,4704,0.050329041,93465,957080823,0.000000,0.000000
filter/chained,10240,0,4640,0.050136500,92547,947684820,0.000000,0.000000
filter/chained,10240,1,4640,0.050187417,92453,946723359,0.000000,0.000000
filter/chained,10240,2,4640,0.050257833,92324,945396910,0.000000,0.000000
filter/chained,10240,3,4640,0.050239792,92357,945736400,0.000000,0.000000
filter/chained,10240,4,4640,0.050215958,92401,946185274,0.000000,0.000000
filter/chained,10240,5,4640,0.050208500,92415,946325821,0.000000,0.000000
filter/chained,10240,6,4640,0.050206750,92418,946358806,0.000000,0.000000
filter/predicate,65536,0,768,0.051129667,15021,984392251,0.000000,0.000000
filter/predicate,65536,1,768,0.051032292,15049,986270576,0.000000,0.000000
filter/predicate,65536,2,768,0.051117167,15024,984632971,0.000000,0.000000
filter/predicate,65536,3,768,0.050978458,15065,987312092,0.000000,0.000000
filter/predicate,65536,4,768,0.051099458,15030,984974205,0.000000,0.000000
filter/predicate,65536,5,768,0.051088208,15033,985191103,0.000000,0.000000
filter/predicate,65536,6,768,0.051058917,15041,985756278,0.000000,0.000000
filter/none,65536,0,768,0.051015709,15054,986591169,0.000000,0.000000
filter/none,65536,1,768,0.050983583,15064,987212845,0.000000,0.000000
filter/none,65536,2,768,0.051050959,15044,985909941,0.000000,0.000000
filter/none,65536,3,768,0.051075542,15037,985435416,0.000000,0.000000
filter/none,65536,4,768,0.051030250,15050,986310042,0.000000,0.000000
filter/none,65536,5,768,0.051082875,15034,985293956,0.000000,0.000000
filter/none,65536,6,768,0.050684375,15153,993040715,0.000000,0.000000
filter/first,65536,0,768,0.050981959,15064,987244292,0.000000,0.000000
filter/first,65536,1,768,0.050981500,15064,987253180,0.000000,0.000000
filter/first,65536,2,768,0.050955125,15072,987764194,0.000000,0.000000
filter/first,65536,3,768,0.050991250,15061,987064408,0.000000,0.000000
filter/first,65536,4,768,0.050979709,15065,987287864,0.000000,0.000000
filter/first,65536,5,768,0.050986708,15063,987152338,0.000000,0.000000
filter/first,65536,6,768,0.050978333,15065,987314513,0.000000,0.000000
filter/last,65536,0,768,0.051010750,15056,986687081,0.000000,0.000000
filter/last,65536,1,768,0.051383834,14946,979523015,0.000000,0.000000
filter/last,65536,2,768,0.050899417,15089,988845275,0.000000,0.000000
filter/last,65536,3,768,0.050985542,15063,987174913,0.000000,0.000000
filter/last,65536,4,768,0.051066667,15039,985606678,0.000000,0.000000
filter/last,65536,5,768,0.051011875,15055,986665321,0.000000,0.000000
filter/last,65536,6,768,0.051235541,14990,982358086,0.000000,0.000000
filter/computed_last,65536,0,768,0.050770458,15127,991356982,0.000000,0.000000
filter/computed_last,65536,1,768,0.051059167,15041,985751452,0.000000,0.000000
filter/computed_last,65536,2,768,0.051330375,14962,980543158,0.000000,0.000000
filter/computed_last,65536,3,768,0.051115625,15025,984662674,0.000000,0.000000
filter/computed_last,65536,4,768,0.051048833,15044,985951001,0.000000,0.000000
filter/computed_last,65536,5,768,0.050954625,15072,987773887,0.000000,0.000000
filter/computed_last,65536,6,768,0.051082250,15035,985306011,0.000000,0.000000
filter/chained,65536,0,768,0.051326709,14963,980613193,0.000000,0.000000
filter/chained,65536,1,768,0.051166000,15010,983693234,0.000000,0.000000
filter/chained,65536,2,768,0.051190125,15003,983229637,0.000000,0.000000
filter/chained,65536,3,768,0.051170375,15009,983609129,0.000000,0.000000
filter/chained,65536,4,768,0.051191833,15002,983196831,0.000000,0.000000
filter/chained,65536,5,768,0.051156000,15013,983885527,0.000000,0.000000
filter/chained,65536,6,768,0.051205750,14998,982929612,0.000000,0.000000
filter/predicate,1048576,0,64,0.067234125,952,998136943,0.000000,0.000000
filter/predicate,1048576,1,64,0.067662542,946,991817068,0.000000,0.000000
filter/predicate,1048576,2,64,0.067681791,946,991534991,0.000000,0.000000
filter/predicate,1048576,3,64,0.067705708,945,991184731,0.000000,0.000000
filter/predicate,1048576,4,64,0.067349541,950,996426449,0.000000,0.000000
filter/predicate,1048576,5,64,0.067715042,945,991048104,0.000000,0.000000
filter/predicate,1048576,6,64,0.067718667,945,990995053,0.000000,0.000000
filter/none,1048576,0,64,0.067793458,944,989901769,0.000000,0.000000
filter/none,1048576,1,64,0.067638584,946,992168375,0.000000,0.000000
filter/none,1048576,2,64,0.068104291,940,985383784,0.000000,0.000000
filter/none,1048576,3,64,0.068090792,940,985579137,0.000000,0.000000
filter/none,1048576,4,64,0.067987208,941,987080746,0.000000,0.000000
filter/none,1048576,5,64,0.067767542,944,990280332,0.000000,0.000000
filter/none,1048576,6,64,0.067812250,944,989627449,0.000000,0.000000
filter/first,1048576,0,64,0.068828792,930,975011504,0.000000,0.000000
filter/first,1048576,1,64,0.067737792,945,990715257,0.000000,0.000000
filter/first,1048576,2,64,0.068061167,940,986008130,0.000000,0.000000
filter/first,1048576,3,64,0.067722458,945,990939579,0.000000,0.000000
filter/first,1048576,4,64,0.067565583,947,993240360,0.000000,0.000000
filter/first,1048576,5,64,0.067789875,944,989954090,0.000000,0.000000
filter/first,1048576,6,64,0.067806084,944,989717442,0.000000,0.000000
filter/last,1048576,0,64,0.067392709,950,995788194,0.000000,0.000000
filter/last,1048576,1,64,0.067708458,945,991144474,0.000000,0.000000
filter/last,1048576,2,64,0.067956166,942,987531639,0.000000,0.000000
filter/last,1048576,3,64,0.067690417,945,991408636,0.000000,0.000000
filter/last,1048576,4,64,0.067687625,946,991449530,0.000000,0.000000
filter/last,1048576,5,64,0.067708959,945,991137140,0.000000,0.000000
filter/last,1048576,6,64,0.067914792,942,988133248,0.000000,0.000000
filter/computed_last,1048576,0,64,0.067775833,944,990159191,0.000000,0.000000
filter/computed_last,1048576,1,64,0.067761875,944,990363150,0.000000,0.000000
filter/computed_last,1048576,2,64,0.068024042,941,986546257,0.000000,0.000000
filter/computed_last,1048576,3,64,0.068230875,938,983555670,0.000000,0.000000
filter/computed_last,1048576,4,64,0.067792000,944,989923059,0.000000,0.000000
filter/computed_last,1048576,5,64,0.067943209,942,987719965,0.000000,0.000000
filter/computed_last,1048576,6,64,0.068058834,940,986041930,0.000000,0.000000
filter/chained,1048576,0,64,0.067931125,942,987895666,0.000000,0.000000
filter/chained,1048576,1,64,0.067939125,942,987779339,0.000000,0.000000
filter/chained,1048576,2,64,0.067451917,949,994914110,0.000000,0.000000
filter/chained,1048576,3,64,0.067737959,945,990712814,0.000000,0.000000
filter/chained,1048576,4,64,0.067950084,942,987620030,0.000000,0.000000
filter/chained,1048576,5,64,0.068080750,940,985724511,0.000000,0.000000
filter/chained,1048576,6,64,0.067943750,942,987712100,0.000000,0.000000
filter/wide_predicate,164,0,34496,0.050016166,689697,113110309,0.000000,0.000000
filter/wide_predicate,164,1,34464,0.050002041,689252,113037306,0.000000,0.000000
filter/wide_predicate,164,2,34752,0.050004625,694976,113976017,0.000000,0.000000
filter/wide_predicate,164,3,34400,0.050004375,687940,112822128,0.000000,0.000000
filter/wide_predicate,164,4,34592,0.050023292,691518,113408930,0.000000,0.000000
filter/wide_predicate,164,5,34496,0.050036000,689424,113065473,0.000000,0.000000
filter/wide_predicate,164,6,34688,0.050015417,693546,113741569,0.000000,0.000000
filter/wide_last,164,0,62080,0.050011334,1241319,203576253,0.000000,0.000000
filter/wide_last,164,1,62144,0.050023584,1242294,203736222,0.000000,0.000000
filter/wide_last,164,2,61824,0.050020667,1235969,202698936,0.000000,0.000000
filter/wide_last,164,3,60032,0.050012792,1200333,196854597,0.000000,0.000000
filter/wide_last,164,4,61792,0.050025000,1235222,202576472,0.000000,0.000000
filter/wide_last,164,5,62656,0.050021917,1252571,205421635,0.000000,0.000000
filter/wide_last,164,6,63520,0.050008417,1270186,208310533,0.000000,0.000000
filter/sequence_last,164,0,32192,0.050039208,643336,105507026,0.000000,0.000000
filter/sequence_last,164,1,31872,0.050005167,637374,104529358,0.000000,0.000000
filter/sequence_last,164,2,31488,0.050046209,629179,103185278,0.000000,0.000000
filter/sequence_last,164,3,32160,0.050025875,642867,105430240,0.000000,0.000000
filter/sequence_last,164,4,32192,0.050005500,643769,105578146,0.000000,0.000000
filter/sequence_last,164,5,32288,0.050002084,645733,105900226,0.000000,0.000000
filter/sequence_last,164,6,32160,0.050023083,642903,105436124,0.000000,0.000000
filter/wide_predicate,2736,0,2240,0.050575792,44290,121177341,0.000000,0.000000
filter/wide_predicate,2736,1,2208,0.050262041,43930,120191856,0.000000,0.000000
filter/wide_predicate,2736,2,2208,0.050154083,44024,120450572,0.000000,0.000000
filter/wide_predicate,2736,3,2240,0.050056625,44749,122434143,0.000000,0.000000
filter/wide_predicate,2736,4,2272,0.050607792,44894,122830729,0.000000,0.000000
filter/wide_predicate,2736,5,2208,0.050218791,43968,120295369,0.000000,0.000000
filter/wide_predicate,2736,6,2208,0.050092041,44079,120599758,0.000000,0.000000
filter/wide_last,2736,0,4704,0.050003334,94074,257385718,0.000000,0.000000
filter/wide_last,2736,1,4736,0.050264834,94221,257788497,0.000000,0.000000
filter/wide_last,2736,2,4704,0.050048334,93989,257154294,0.000000,0.000000
filter/wide_last,2736,3,4736,0.050231458,94284,257959783,0.000000,0.000000
filter/wide_last,2736,4,4704,0.050137792,93821,256695468,0.000000,0.000000
filter/wide_last,2736,5,4704,0.050187583,93728,256440801,0.000000,0.000000
filter/wide_last,2736,6,4736,0.050274750,94202,257737652,0.000000,0.000000
filter/sequence_last,2736,0,2368,0.050098167,47267,129323055,0.000000,0.000000
filter/sequence_last,2736,1,2336,0.050094000,46632,127586058,0.000000,0.000000
filter/sequence_last,2736,2,2368,0.050674084,46730,127853283,0.000000,0.000000
filter/sequence_last,2736,3,2336,0.050213750,46521,127281790,0.000000,0.000000
filter/sequence_last,2736,4,2336,0.050166542,46565,127401566,0.000000,0.000000
filter/sequence_last,2736,5,2336,0.050106750,46620,127553593,0.000000,0.000000
filter/sequence_last,2736,6,2336,0.050166208,46565,127402414,0.000000,0.000000
filter/wide_predicate,23392,0,288,0.053645792,5369,125581071,0.000000,0.000000
filter/wide_predicate,23392,1,288,0.053592750,5374,125705361,0.000000,0.000000
filter/wide_predicate,23392,2,288,0.053411292,5392,126132429,0.000000,0.000000
filter/wide_predicate,23392,3,288,0.053481958,5385,125965770,0.000000,0.000000
filter/wide_predicate,23392,4,288,0.053271584,5406,126463219,0.000000,0.000000
filter/wide_predicate,23392,5,288,0.053990958,5334,124778227,0.000000,0.000000
filter/wide_predicate,23392,6,288,0.053670916,5366,125522285,0.000000,0.000000
filter/wide_last,23392,0,608,0.051190792,11877,277829966,0.000000,0.000000
filter/wide_last,23392,1,608,0.051203167,11874,277762819,0.000000,0.000000
filter/wide_last,23392,2,608,0.051166583,11883,277961419,0.000000,0.000000
filter/wide_last,23392,3,608,0.051176625,11880,277906876,0.000000,0.000000
filter/wide_last,23392,4,608,0.051246375,11864,277528625,0.000000,0.000000
filter/wide_last,23392,5,608,0.052166292,11655,272634597,0.000000,0.000000
filter/wide_last,23392,6,608,0.052314959,11622,271859833,0.000000,0.000000
filter/sequence_last,23392,0,320,0.055260125,5791,135458253,0.000000,0.000000
filter/sequence_last,23392,1,320,0.054642042,5856,136990488,0.000000,0.000000
filter/sequence_last,23392,2,320,0.054533667,5868,137262730,0.000000,0.000000
filter/sequence_last,23392,3,320,0.054455542,5876,137459655,0.000000,0.000000
filter/sequence_last,23392,4,320,0.054522083,5869,137291893,0.000000,0.000000
filter/sequence_last,23392,5,320,0.054452209,5877,137468069,0.000000,0.000000
filter/sequence_last,23392,6,320,0.054478625,5874,137401412,0.000000,0.000000
filter/nested,892,0,4448,0.050169542,88659,79084158,0.000000,0.000000
filter/nested,892,1,4480,0.050197375,89248,79608944,0.000000,0.000000
filter/nested,892,2,4512,0.050320125,89666,79981995,0.000000,0.000000
filter/nested,892,3,4544,0.050238375,90449,80680317,0.000000,0.000000
filter/nested,892,4,4480,0.050015041,89573,79899165,0.000000,0.000000
filter/nested,892,5,4480,0.050122667,89381,79727601,0.000000,0.000000
filter/nested,892,6,4512,0.050323875,89659,79976035,0.000000,0.000000
filter/per_group,892,0,6016,0.050206792,119824,106883387,0.000000,0.000000
filter/per_group,892,1,6016,0.050199583,119842,106898737,0.000000,0.000000
filter/per_group,892,2,6016,0.050173542,119904,106954219,0.000000,0.000000
filter/per_group,892,3,6016,0.050154250,119950,106995359,0.000000,0.000000
filter/per_group,892,4,6016,0.050226666,119777,106841095,0.000000,0.000000
filter/per_group,892,5,5984,0.050194583,119216,106340718,0.000000,0.000000
filter/per_group,892,6,5984,0.050118584,119397,106501971,0.000000,0.000000
filter/global,892,0,8512,0.050069458,170004,151643423,0.000000,0.000000
filter/global,892,1,8576,0.050016459,171464,152945493,0.000000,0.000000
filter/global,892,2,8608,0.050120958,171745,153196114,0.000000,0.000000
filter/global,892,3,8576,0.050039750,171384,152874305,0.000000,0.000000
filter/global,892,4,8544,0.050165833,170315,151921089,0.000000,0.000000
filter/global,892,5,8608,0.050159084,171614,153079669,0.000000,0.000000
filter/global,892,6,8576,0.050032208,171410,152897350,0.000000,0.000000
filter/deep,136,0,4000,0.050236542,79623,10828771,0.000000,0.000000
filter/deep,136,1,4000,0.050198917,79683,10836887,0.000000,0.000000
filter/deep,136,2,4000,0.050249125,79603,10826059,0.000000,0.000000
filter/deep,136,3,4000,0.050192917,79693,10838183,0.000000,0.000000
filter/deep,136,4,4000,0.050203958,79675,10835799,0.000000,0.000000
filter/deep,136,5,4000,0.050182209,79710,10840495,0.000000,0.000000
filter/deep,136,6,4000,0.050204709,79674,10835637,0.000000,0.000000
filter/negative_chain,20,0,5056,0.050304625,100508,2010153,0.000000,0.000000
filter/negative_chain,20,1,5024,0.050045375,100389,2007778,0.000000,0.000000
filter/negative_chain,20,2,5056,0.050268417,100580,2011601,0.000000,0.000000
filter/negative_chain,20,3,5024,0.050034541,100411,2008213,0.000000,0.000000
filter/negative_chain,20,4,5024,0.050050542,100379,2007571,0.000000,0.000000
filter/negative_chain,20,5,5056,0.050270875,100575,2011503,0.000000,0.000000
filter/negative_chain,20,6,5024,0.050054459,100371,2007414,0.000000,0.000000
