workload,input_bytes,sample,records,seconds,records_per_second,input_bytes_per_second,allocations_per_record,allocated_bytes_per_record
compile,0,0,125216,0.050000709,2504284,0,8.000000,578.000000
compile,0,1,228512,0.050002334,4570027,0,8.000000,578.000000
compile,0,2,246336,0.050000333,4926687,0,8.000000,578.000000
compile,0,3,246880,0.050002000,4937403,0,8.000000,578.000000
compile,0,4,246336,0.050000208,4926700,0,8.000000,578.000000
compile,0,5,246432,0.050098083,4918991,0,8.000000,578.000000
compile,0,6,245344,0.050000625,4906819,0,8.000000,578.000000
ascii/validate,100,0,615168,0.050000083,12303340,1230333958,0.000000,0.000000
ascii/validate,100,1,620064,0.050000375,12401187,1240118699,0.000000,0.000000
ascii/validate,100,2,628288,0.050001500,12565383,1256538304,0.000000,0.000000
ascii/validate,100,3,626368,0.050002417,12526754,1252675446,0.000000,0.000000
ascii/validate,100,4,620352,0.050002000,12406544,1240654374,0.000000,0.000000
ascii/validate,100,5,626656,0.050000083,12533099,1253309920,0.000000,0.000000
ascii/validate,100,6,617920,0.050000375,12358307,1235830731,0.000000,0.000000
ascii/identity,100,0,585760,0.050002042,11714722,1171472157,0.000000,0.000000
ascii/identity,100,1,583584,0.050001041,11671437,1167143700,0.000000,0.000000
ascii/identity,100,2,590144,0.050001250,11802585,1180258494,0.000000,0.000000
ascii/identity,100,3,590464,0.050001083,11809024,1180902422,0.000000,0.000000
ascii/identity,100,4,592032,0.050001500,11840285,1184028479,0.000000,0.000000
ascii/identity,100,5,585664,0.050000750,11713104,1171310430,0.000000,0.000000
ascii/identity,100,6,593216,0.050002042,11863835,1186383548,0.000000,0.000000
ascii/shallow,100,0,507328,0.050001417,10146272,1014627245,0.000000,0.000000
ascii/shallow,100,1,509152,0.050001125,10182811,1018281089,0.000000,0.000000
ascii/shallow,100,2,514848,0.050001458,10296660,1029665975,0.000000,0.000000
ascii/shallow,100,3,517312,0.050000166,10346206,1034620565,0.000000,0.000000
ascii/shallow,100,4,516896,0.050002417,10337420,1033742029,0.000000,0.000000
ascii/shallow,100,5,505664,0.050000958,10113086,1011308623,0.000000,0.000000
ascii/shallow,100,6,481024,0.050003334,9619839,961983855,0.000000,0.000000
ascii/nested,100,0,481056,0.050001458,9620839,962083946,0.000000,0.000000
ascii/nested,100,1,494656,0.050001958,9892733,989273260,0.000000,0.000000
ascii/nested,100,2,498688,0.050002750,9973211,997321147,0.000000,0.000000
ascii/nested,100,3,492576,0.050002750,9850978,985097820,0.000000,0.000000
ascii/nested,100,4,480384,0.050000417,9607600,960759987,0.000000,0.000000
ascii/nested,100,5,486880,0.050002958,9737024,973702396,0.000000,0.000000
ascii/nested,100,6,491936,0.050000041,9838712,983871193,0.000000,0.000000
ascii/missing,100,0,534304,0.050002459,10685554,1068555448,0.000000,0.000000
ascii/missing,100,1,531776,0.050002333,10635024,1063502377,0.000000,0.000000
ascii/missing,100,2,545120,0.050001917,10901982,1090198202,0.000000,0.000000
ascii/missing,100,3,539648,0.050001917,10792546,1079254621,0.000000,0.000000
ascii/missing,100,4,544800,0.050002333,10895492,1089549162,0.000000,0.000000
ascii/missing,100,5,546144,0.050001333,10922589,1092258880,0.000000,0.000000
ascii/missing,100,6,544384,0.050002791,10887072,1088707228,0.000000,0.000000
ascii/array_value,100,0,520416,0.050002583,10407782,1040778233,0.000000,0.000000
ascii/array_value,100,1,522304,0.050001083,10445854,1044585374,0.000000,0.000000
ascii/array_value,100,2,522432,0.050001958,10448231,1044823085,0.000000,0.000000
ascii/array_value,100,3,514016,0.050000083,10280303,1028030293,0.000000,0.000000
ascii/array_value,100,4,516288,0.050002250,10325295,1032529536,0.000000,0.000000
ascii/array_value,100,5,514496,0.050000917,10289731,1028973129,0.000000,0.000000
ascii/array_value,100,6,517184,0.050000875,10343499,1034349899,0.000000,0.000000
ascii/identity_write,100,0,321664,0.050000208,6433253,643325324,0.000000,0.000000
ascii/identity_write,100,1,320000,0.050004083,6399477,639947742,0.000000,0.000000
ascii/identity_write,100,2,320320,0.050003583,6405941,640594095,0.000000,0.000000
ascii/identity_write,100,3,320128,0.050000125,6402544,640254399,0.000000,0.000000
ascii/identity_write,100,4,322496,0.050002958,6449538,644953845,0.000000,0.000000
ascii/identity_write,100,5,320608,0.050004083,6411636,641163643,0.000000,0.000000
ascii/identity_write,100,6,321376,0.050001084,6427381,642738065,0.000000,0.000000
ascii/validate,500,0,172992,0.050002166,3459690,1729845063,0.000000,0.000000
ascii/validate,500,1,170240,0.050004292,3404508,1702253879,0.000000,0.000000
ascii/validate,500,2,169792,0.050001834,3395715,1697857723,0.000000,0.000000
ascii/validate,500,3,169344,0.050007375,3386381,1693190254,0.000000,0.000000
ascii/validate,500,4,171520,0.050005250,3430040,1715019923,0.000000,0.000000
ascii/validate,500,5,171712,0.050008458,3433659,1716829581,0.000000,0.000000
ascii/validate,500,6,173856,0.050004292,3476822,1738410775,0.000000,0.000000
ascii/identity,500,0,170976,0.050005291,3419158,1709579092,0.000000,0.000000
ascii/identity,500,1,170688,0.050005834,3413362,1706680864,0.000000,0.000000
ascii/identity,500,2,171712,0.050001333,3434148,1717074223,0.000000,0.000000
ascii/identity,500,3,175328,0.050005333,3506186,1753093015,0.000000,0.000000
ascii/identity,500,4,172224,0.050002041,3444339,1722169701,0.000000,0.000000
ascii/identity,500,5,171456,0.050001125,3429043,1714521423,0.000000,0.000000
ascii/identity,500,6,172064,0.050006875,3440807,1720403445,0.000000,0.000000
ascii/shallow,500,0,160576,0.050007333,3211049,1605524534,0.000000,0.000000
ascii/shallow,500,1,162624,0.050008041,3251957,1625978510,0.000000,0.000000
ascii/shallow,500,2,164672,0.050003792,3293190,1646595122,0.000000,0.000000
ascii/shallow,500,3,163904,0.050005709,3277706,1638852876,0.000000,0.000000
ascii/shallow,500,4,160800,0.050009417,3215394,1607697206,0.000000,0.000000
ascii/shallow,500,5,160096,0.050009833,3201290,1600645217,0.000000,0.000000
ascii/shallow,500,6,160224,0.050006083,3204090,1602045095,0.000000,0.000000
ascii/nested,500,0,157408,0.050009083,3147588,1573794105,0.000000,0.000000
ascii/nested,500,1,158400,0.050002708,3167828,1583914215,0.000000,0.000000
ascii/nested,500,2,163520,0.050008708,3269831,1634915263,0.000000,0.000000
ascii/nested,500,3,164320,0.050002333,3286247,1643123332,0.000000,0.000000
ascii/nested,500,4,163456,0.050001791,3269003,1634501452,0.000000,0.000000
ascii/nested,500,5,163424,0.050007958,3267960,1633979936,0.000000,0.000000
ascii/nested,500,6,162272,0.050009792,3244805,1622402269,0.000000,0.000000
ascii/missing,500,0,166272,0.050000250,3325423,1662711686,0.000000,0.000000
ascii/missing,500,1,166496,0.050008209,3329373,1664686692,0.000000,0.000000
ascii/missing,500,2,167360,0.050006292,3346779,1673389421,0.000000,0.000000
ascii/missing,500,3,167616,0.050002458,3352155,1676077604,0.000000,0.000000
ascii/missing,500,4,169568,0.050002625,3391182,1695590981,0.000000,0.000000
ascii/missing,500,5,166816,0.050003625,3336078,1668039067,0.000000,0.000000
ascii/missing,500,6,167136,0.050005291,3342366,1671183155,0.000000,0.000000
ascii/array_value,500,0,164032,0.050000417,3280613,1640306320,0.000000,0.000000
ascii/array_value,500,1,164064,0.050001208,3281201,1640600363,0.000000,0.000000
ascii/array_value,500,2,161664,0.050004667,3232978,1616489117,0.000000,0.000000
ascii/array_value,500,3,161472,0.050008334,3228902,1614450903,0.000000,0.000000
ascii/array_value,500,4,161984,0.050005625,3239316,1619657788,0.000000,0.000000
ascii/array_value,500,5,165824,0.050004916,3316154,1658076978,0.000000,0.000000
ascii/array_value,500,6,164544,0.050001000,3290814,1645407092,0.000000,0.000000
ascii/identity_write,500,0,77504,0.050005625,1549906,774952818,0.000000,0.000000
ascii/identity_write,500,1,76832,0.050009709,1536342,768170837,0.000000,0.000000
ascii/identity_write,500,2,76768,0.050017208,1534832,767415886,0.000000,0.000000
ascii/identity_write,500,3,77760,0.050004500,1555060,777530022,0.000000,0.000000
ascii/identity_write,500,4,77312,0.050006583,1546036,773018224,0.000000,0.000000
ascii/identity_write,500,5,76672,0.050015000,1532980,766490053,0.000000,0.000000
ascii/identity_write,500,6,76352,0.050014541,1526596,763298018,0.000000,0.000000
ascii/validate,1024,0,89344,0.050001000,1786844,1829728525,0.000000,0.000000
ascii/validate,1024,1,89504,0.050012584,1789630,1832580696,0.000000,0.000000
ascii/validate,1024,2,92416,0.050006000,1848098,1892452586,0.000000,0.000000
ascii/validate,1024,3,89600,0.050005292,1791810,1834813803,0.000000,0.000000
ascii/validate,1024,4,89504,0.050006209,1789858,1832814321,0.000000,0.000000
ascii/validate,1024,5,89440,0.050015542,1788244,1831162002,0.000000,0.000000
ascii/validate,1024,6,89472,0.050013167,1788969,1831904146,0.000000,0.000000
ascii/identity,1024,0,89408,0.050016791,1787560,1830461135,0.000000,0.000000
ascii/identity,1024,1,89568,0.050005167,1791175,1834163098,0.000000,0.000000
ascii/identity,1024,2,88576,0.050001667,1771461,1813976002,0.000000,0.000000
ascii/identity,1024,3,88448,0.050000166,1768954,1811409026,0.000000,0.000000
ascii/identity,1024,4,88416,0.050004417,1768164,1810599732,0.000000,0.000000
ascii/identity,1024,5,88640,0.050005833,1772593,1815135446,0.000000,0.000000
ascii/identity,1024,6,88480,0.050001209,1769557,1812026585,0.000000,0.000000
ascii/shallow,1024,0,87328,0.050015958,1746003,1787906812,0.000000,0.000000
ascii/shallow,1024,1,85824,0.050008334,1716194,1757382599,0.000000,0.000000
ascii/shallow,1024,2,86112,0.050016417,1721675,1762994898,0.000000,0.000000
ascii/shallow,1024,3,85984,0.050017417,1719081,1760339123,0.000000,0.000000
ascii/shallow,1024,4,87552,0.050013042,1750583,1792597379,0.000000,0.000000
ascii/shallow,1024,5,89344,0.050003500,1786755,1829637045,0.000000,0.000000
ascii/shallow,1024,6,86848,0.050013833,1736480,1778155096,0.000000,0.000000
ascii/nested,1024,0,85600,0.050014875,1711491,1752566611,0.000000,0.000000
ascii/nested,1024,1,87040,0.050012084,1740379,1782148490,0.000000,0.000000
ascii/nested,1024,2,86368,0.050006709,1727128,1768579332,0.000000,0.000000
ascii/nested,1024,3,87200,0.050013208,1743539,1785384373,0.000000,0.000000
ascii/nested,1024,4,86144,0.050010042,1722534,1763874863,0.000000,0.000000
ascii/nested,1024,5,86464,0.050009709,1728944,1770438936,0.000000,0.000000
ascii/nested,1024,6,87360,0.050004000,1747060,1788989681,0.000000,0.000000
ascii/missing,1024,0,89024,0.050004959,1780303,1823030712,0.000000,0.000000
ascii/missing,1024,1,88160,0.050002708,1763105,1805419019,0.000000,0.000000
ascii/missing,1024,2,88128,0.050011834,1762143,1804434366,0.000000,0.000000
ascii/missing,1024,3,87904,0.050013459,1757607,1799789453,0.000000,0.000000
ascii/missing,1024,4,88480,0.050009958,1769248,1811709580,0.000000,0.000000
ascii/missing,1024,5,86784,0.050005292,1735496,1777148227,0.000000,0.000000
ascii/missing,1024,6,86656,0.050007833,1732849,1774436897,0.000000,0.000000
ascii/array_value,1024,0,85792,0.050003750,1715711,1756888393,0.000000,0.000000
ascii/array_value,1024,1,86016,0.050005916,1720116,1761399271,0.000000,0.000000
ascii/array_value,1024,2,86144,0.050014125,1722393,1763730866,0.000000,0.000000
ascii/array_value,1024,3,85920,0.050001166,1718360,1759600566,0.000000,0.000000
ascii/array_value,1024,4,87040,0.050016333,1740232,1781997093,0.000000,0.000000
ascii/array_value,1024,5,89152,0.050012209,1782605,1825387237,0.000000,0.000000
ascii/array_value,1024,6,89152,0.050016833,1782440,1825218482,0.000000,0.000000
ascii/identity_write,1024,0,39360,0.050028166,786757,805638967,0.000000,0.000000
ascii/identity_write,1024,1,39232,0.050035166,784089,802906660,0.000000,0.000000
ascii/identity_write,1024,2,39168,0.050021584,783022,801814513,0.000000,0.000000
ascii/identity_write,1024,3,39136,0.050031833,782222,800995318,0.000000,0.000000
ascii/identity_write,1024,4,39104,0.050008500,781947,800713799,0.000000,0.000000
ascii/identity_write,1024,5,39360,0.050030625,786718,805599370,0.000000,0.000000
ascii/identity_write,1024,6,39648,0.050038500,792350,811366288,0.000000,0.000000
ascii/validate,10240,0,9984,0.050104667,199263,2040451841,0.000000,0.000000
ascii/validate,10240,1,9632,0.050081458,192327,1969425091,0.000000,0.000000
ascii/validate,10240,2,9600,0.050046125,191823,1964267963,0.000000,0.000000
ascii/validate,10240,3,9600,0.050139417,191466,1960613144,0.000000,0.000000
ascii/validate,10240,4,9600,0.050120292,191539,1961361279,0.000000,0.000000
ascii/validate,10240,5,9952,0.050016834,198973,2037483620,0.000000,0.000000
ascii/validate,10240,6,9600,0.050011166,191957,1965641033,0.000000,0.000000
ascii/identity,10240,0,9600,0.050116625,191553,1961504790,0.000000,0.000000
ascii/identity,10240,1,9600,0.050158708,191392,1959859094,0.000000,0.000000
ascii/identity,10240,2,9600,0.050108709,191583,1961814662,0.000000,0.000000
ascii/identity,10240,3,9600,0.050167083,191361,1959531911,0.000000,0.000000
ascii/identity,10240,4,9568,0.050021375,191278,1958689060,0.000000,0.000000
ascii/identity,10240,5,9568,0.050064250,191114,1957011640,0.000000,0.000000
ascii/identity,10240,6,9696,0.050077875,193618,1982652818,0.000000,0.000000
ascii/shallow,10240,0,9728,0.050090500,194208,1988694862,0.000000,0.000000
ascii/shallow,10240,1,9472,0.050066333,189189,1937295468,0.000000,0.000000
ascii/shallow,10240,2,9408,0.050069667,187898,1924077506,0.000000,0.000000
ascii/shallow,10240,3,9440,0.050133417,188298,1928166995,0.000000,0.000000
ascii/shallow,10240,4,9440,0.050167917,188168,1926841013,0.000000,0.000000
ascii/shallow,10240,5,9440,0.050131625,188304,1928235919,0.000000,0.000000
ascii/shallow,10240,6,9440,0.050140000,188273,1927913841,0.000000,0.000000
ascii/nested,10240,0,9760,0.050036167,195059,1997403198,0.000000,0.000000
ascii/nested,10240,1,9632,0.050042917,192475,1970941862,0.000000,0.000000
ascii/nested,10240,2,9568,0.050022125,191275,1958659693,0.000000,0.000000
ascii/nested,10240,3,9824,0.050039708,196324,2010358654,0.000000,0.000000
ascii/nested,10240,4,9632,0.050161084,192021,1966298814,0.000000,0.000000
ascii/nested,10240,5,9536,0.050050625,190527,1950997415,0.000000,0.000000
ascii/nested,10240,6,9536,0.050014333,190665,1952413121,0.000000,0.000000
ascii/missing,10240,0,9568,0.050161166,190745,1953230513,0.000000,0.000000
ascii/missing,10240,1,9568,0.050110125,190939,1955220028,0.000000,0.000000
ascii/missing,10240,2,9568,0.050144583,190808,1953876454,0.000000,0.000000
ascii/missing,10240,3,9536,0.050019083,190647,1952227713,0.000000,0.000000
ascii/missing,10240,4,9760,0.050128625,194699,1993719157,0.000000,0.000000
ascii/missing,10240,5,9568,0.050137750,190834,1954142737,0.000000,0.000000
ascii/missing,10240,6,9568,0.050058209,191137,1957247811,0.000000,0.000000
ascii/array_value,10240,0,9728,0.050103583,194158,1988175576,0.000000,0.000000
ascii/array_value,10240,1,9696,0.050048750,193731,1983806589,0.000000,0.000000
ascii/array_value,10240,2,9536,0.050025667,190622,1951970775,0.000000,0.000000
ascii/array_value,10240,3,9536,0.050145250,190168,1947315847,0.000000,0.000000
ascii/array_value,10240,4,9536,0.050033583,190592,1951661947,0.000000,0.000000
ascii/array_value,10240,5,9536,0.050088292,190384,1949530242,0.000000,0.000000
ascii/array_value,10240,6,9536,0.050006416,190696,1952722227,0.000000,0.000000
ascii/identity_write,10240,0,4064,0.050207541,80944,828866723,0.000000,0.000000
ascii/identity_write,10240,1,4096,0.050013750,81897,838630177,0.000000,0.000000
ascii/identity_write,10240,2,4160,0.050089375,83052,850447825,0.000000,0.000000
ascii/identity_write,10240,3,4096,0.050071042,81804,837670604,0.000000,0.000000
ascii/identity_write,10240,4,4160,0.050322958,82666,846500319,0.000000,0.000000
ascii/identity_write,10240,5,4032,0.050267625,80211,821357285,0.000000,0.000000
ascii/identity_write,10240,6,4032,0.050339125,80097,820190657,0.000000,0.000000
ascii/validate,65536,0,1504,0.050538167,29760,1950330806,0.000000,0.000000
ascii/validate,65536,1,1504,0.050619625,29712,1947192299,0.000000,0.000000
ascii/validate,65536,2,1504,0.050650791,29694,1945994170,0.000000,0.000000
ascii/validate,65536,3,1504,0.050648542,29695,1946080580,0.000000,0.000000
ascii/validate,65536,4,1504,0.050655708,29691,1945805278,0.000000,0.000000
ascii/validate,65536,5,1568,0.050871458,30823,2020002022,0.000000,0.000000
ascii/validate,65536,6,1568,0.050832667,30846,2021543509,0.000000,0.000000
ascii/identity,65536,0,1568,0.050253584,31202,2044838195,0.000000,0.000000
ascii/identity,65536,1,1536,0.050781667,30247,1982276320,0.000000,0.000000
ascii/identity,65536,2,1536,0.050918792,30166,1976938023,0.000000,0.000000
ascii/identity,65536,3,1536,0.050920750,30165,1976862006,0.000000,0.000000
ascii/identity,65536,4,1568,0.050338416,31149,2041392165,0.000000,0.000000
ascii/identity,65536,5,1536,0.050731500,30277,1984236539,0.000000,0.000000
ascii/identity,65536,6,1536,0.050951416,30146,1975672197,0.000000,0.000000
ascii/shallow,65536,0,1536,0.051001417,30117,1973735279,0.000000,0.000000
ascii/shallow,65536,1,1536,0.050941583,30152,1976053551,0.000000,0.000000
ascii/shallow,65536,2,1536,0.051025625,30103,1972798883,0.000000,0.000000
ascii/shallow,65536,3,1536,0.050966750,30137,1975077791,0.000000,0.000000
ascii/shallow,65536,4,1536,0.050101000,30658,2009207321,0.000000,0.000000
ascii/shallow,65536,5,1600,0.051071583,31329,2053149596,0.000000,0.000000
ascii/shallow,65536,6,1536,0.050727250,30280,1984402782,0.000000,0.000000
ascii/nested,65536,0,1536,0.050619041,30344,1988644866,0.000000,0.000000
ascii/nested,65536,1,1504,0.050677208,29678,1944979763,0.000000,0.000000
ascii/nested,65536,2,1536,0.050231667,30578,2003980796,0.000000,0.000000
ascii/nested,65536,3,1536,0.050941750,30152,1976047073,0.000000,0.000000
ascii/nested,65536,4,1504,0.050017333,30070,1970639738,0.000000,0.000000
ascii/nested,65536,5,1536,0.051006291,30114,1973546675,0.000000,0.000000
ascii/nested,65536,6,1536,0.051031916,30099,1972555685,0.000000,0.000000
ascii/missing,65536,0,1536,0.050994916,30121,1973986897,0.000000,0.000000
ascii/missing,65536,1,1504,0.050590792,29729,1948302055,0.000000,0.000000
ascii/missing,65536,2,1504,0.050683167,29675,1944751085,0.000000,0.000000
ascii/missing,65536,3,1504,0.050605416,29720,1947739033,0.000000,0.000000
ascii/missing,65536,4,1536,0.050446083,30448,1995463077,0.000000,0.000000
ascii/missing,65536,5,1568,0.050837458,30843,2021352995,0.000000,0.000000
ascii/missing,65536,6,1536,0.050699208,30296,1985500365,0.000000,0.000000
ascii/array_value,65536,0,1536,0.050747167,30268,1983623953,0.000000,0.000000
ascii/array_value,65536,1,1536,0.050841750,30211,1979933736,0.000000,0.000000
ascii/array_value,65536,2,1568,0.050778625,30879,2023694970,0.000000,0.000000
ascii/array_value,65536,3,1536,0.050579833,30368,1990186405,0.000000,0.000000
ascii/array_value,65536,4,1536,0.050888417,30184,1978118046,0.000000,0.000000
ascii/array_value,65536,5,1536,0.050982208,30128,1974478940,0.000000,0.000000
ascii/array_value,65536,6,1536,0.050985375,30126,1974356293,0.000000,0.000000
ascii/identity_write,65536,0,640,0.050157833,12760,836221134,0.000000,0.000000
ascii/identity_write,65536,1,640,0.050280667,12729,834178274,0.000000,0.000000
ascii/identity_write,65536,2,640,0.050165875,12758,836087081,0.000000,0.000000
ascii/identity_write,65536,3,672,0.051789041,12976,850376666,0.000000,0.000000
ascii/identity_write,65536,4,672,0.052419709,12820,840145679,0.000000,0.000000
ascii/identity_write,65536,5,640,0.050004083,12799,838792304,0.000000,0.000000
ascii/identity_write,65536,6,672,0.052478042,12805,839211798,0.000000,0.000000
ascii/validate,1048576,0,96,0.050021875,1919,2012385501,0.000000,0.000000
ascii/validate,1048576,1,96,0.051347000,1870,1960451360,0.000000,0.000000
ascii/validate,1048576,2,96,0.051637042,1859,1949439629,0.000000,0.000000
ascii/validate,1048576,3,96,0.051551875,1862,1952660228,0.000000,0.000000
ascii/validate,1048576,4,96,0.050424958,1904,1996299055,0.000000,0.000000
ascii/validate,1048576,5,96,0.050627584,1896,1988309298,0.000000,0.000000
ascii/validate,1048576,6,96,0.051081334,1879,1970647360,0.000000,0.000000
ascii/identity,1048576,0,96,0.051076375,1880,1970838690,0.000000,0.000000
ascii/identity,1048576,1,96,0.051004333,1882,1973622437,0.000000,0.000000
ascii/identity,1048576,2,96,0.050965875,1884,1975111700,0.000000,0.000000
ascii/identity,1048576,3,96,0.051035584,1881,1972413914,0.000000,0.000000
ascii/identity,1048576,4,96,0.051036042,1881,1972396214,0.000000,0.000000
ascii/identity,1048576,5,96,0.051012375,1882,1973311299,0.000000,0.000000
ascii/identity,1048576,6,96,0.050408000,1904,1996970640,0.000000,0.000000
ascii/shallow,1048576,0,96,0.050790875,1890,1981916949,0.000000,0.000000
ascii/shallow,1048576,1,96,0.050823375,1889,1980649573,0.000000,0.000000
ascii/shallow,1048576,2,128,0.065510041,1954,2048811540,0.000000,0.000000
ascii/shallow,1048576,3,96,0.050738542,1892,1983961147,0.000000,0.000000
ascii/shallow,1048576,4,96,0.050926625,1885,1976633951,0.000000,0.000000
ascii/shallow,1048576,5,96,0.050869417,1887,1978856884,0.000000,0.000000
ascii/shallow,1048576,6,96,0.050984791,1883,1974378908,0.000000,0.000000
ascii/nested,1048576,0,128,0.066033709,1938,2032563823,0.000000,0.000000
ascii/nested,1048576,1,96,0.050650167,1895,1987422786,0.000000,0.000000
ascii/nested,1048576,2,96,0.050987584,1883,1974270756,0.000000,0.000000
ascii/nested,1048576,3,96,0.050098375,1916,2009312597,0.000000,0.000000
ascii/nested,1048576,4,96,0.051179416,1876,1966870744,0.000000,0.000000
ascii/nested,1048576,5,96,0.051635000,1859,1949516723,0.000000,0.000000
ascii/nested,1048576,6,128,0.066498625,1925,2018353432,0.000000,0.000000
ascii/missing,1048576,0,96,0.051793125,1854,1943564826,0.000000,0.000000
ascii/missing,1048576,1,96,0.051708250,1857,1946755034,0.000000,0.000000
ascii/missing,1048576,2,96,0.051754166,1855,1945027884,0.000000,0.000000
ascii/missing,1048576,3,96,0.051680292,1858,1947808190,0.000000,0.000000
ascii/missing,1048576,4,96,0.051620708,1860,1950056477,0.000000,0.000000
ascii/missing,1048576,5,96,0.050582916,1898,1990065104,0.000000,0.000000
ascii/missing,1048576,6,96,0.050507792,1901,1993025076,0.000000,0.000000
ascii/array_value,1048576,0,128,0.066425916,1927,2020562697,0.000000,0.000000
ascii/array_value,1048576,1,96,0.050837375,1888,1980104126,0.000000,0.000000
ascii/array_value,1048576,2,96,0.050841542,1888,1979941836,0.000000,0.000000
ascii/array_value,1048576,3,96,0.050866459,1887,1978971959,0.000000,0.000000
ascii/array_value,1048576,4,96,0.050848333,1888,1979677407,0.000000,0.000000
ascii/array_value,1048576,5,96,0.050153125,1914,2007119118,0.000000,0.000000
ascii/array_value,1048576,6,96,0.050840167,1888,1979995384,0.000000,0.000000
ascii/identity_write,1048576,0,64,0.080659333,793,832003706,0.000000,0.000000
ascii/identity_write,1048576,1,64,0.080161833,798,837167284,0.000000,0.000000
ascii/identity_write,1048576,2,64,0.080168333,798,837099407,0.000000,0.000000
ascii/identity_write,1048576,3,64,0.080779958,792,830761313,0.000000,0.000000
ascii/identity_write,1048576,4,64,0.080494708,795,833705292,0.000000,0.000000
ascii/identity_write,1048576,5,64,0.081427625,786,824153523,0.000000,0.000000
ascii/identity_write,1048576,6,64,0.081296000,787,825487896,0.000000,0.000000
structured/validate,485,0,99424,0.050007167,1988195,964274581,0.000000,0.000000
structured/validate,485,1,101152,0.050007667,2022730,981023970,0.000000,0.000000
structured/validate,485,2,100672,0.050001667,2013373,976485844,0.000000,0.000000
structured/validate,485,3,100512,0.050001791,2010168,974931478,0.000000,0.000000
structured/validate,485,4,100800,0.050007709,2015689,977609272,0.000000,0.000000
structured/validate,485,5,99808,0.050003791,1996009,968064201,0.000000,0.000000
structured/validate,485,6,101344,0.050001625,2026814,983004852,0.000000,0.000000
structured/identity,485,0,100640,0.050013125,2012272,975951813,0.000000,0.000000
structured/identity,485,1,100384,0.050007917,2007362,973570645,0.000000,0.000000
structured/identity,485,2,100608,0.050015042,2011555,975604099,0.000000,0.000000
structured/identity,485,3,101216,0.050007667,2024010,981644675,0.000000,0.000000
structured/identity,485,4,100672,0.050012709,2012928,976270252,0.000000,0.000000
structured/identity,485,5,101312,0.050006291,2025985,982602769,0.000000,0.000000
structured/identity,485,6,100512,0.050007917,2009922,974812048,0.000000,0.000000
structured/shallow,485,0,98176,0.050014584,1962947,952029512,0.000000,0.000000
structured/shallow,485,1,98304,0.050015250,1965481,953258056,0.000000,0.000000
structured/shallow,485,2,99008,0.050011959,1979686,960147952,0.000000,0.000000
structured/shallow,485,3,98560,0.050008875,1970850,955862334,0.000000,0.000000
structured/shallow,485,4,98272,0.050012291,1964957,953004133,0.000000,0.000000
structured/shallow,485,5,98592,0.050004125,1971677,956263508,0.000000,0.000000
structured/shallow,485,6,98528,0.050011709,1970099,955497842,0.000000,0.000000
structured/nested,485,0,97376,0.050004292,1947353,944466127,0.000000,0.000000
structured/nested,485,1,97120,0.050008500,1942070,941903876,0.000000,0.000000
structured/nested,485,2,96768,0.050014167,1934812,938383718,0.000000,0.000000
structured/nested,485,3,96992,0.050015000,1939258,940540238,0.000000,0.000000
structured/nested,485,4,96896,0.050003000,1937804,939834810,0.000000,0.000000
structured/nested,485,5,97408,0.050010959,1947733,944650551,0.000000,0.000000
structured/nested,485,6,96800,0.050002167,1935916,938919307,0.000000,0.000000
structured/missing,485,0,100864,0.050013750,2016725,978111819,0.000000,0.000000
structured/missing,485,1,100576,0.050003916,2011362,975510798,0.000000,0.000000
structured/missing,485,2,101536,0.050006000,2030476,984781026,0.000000,0.000000
structured/missing,485,3,102688,0.050005250,2053544,995969023,0.000000,0.000000
structured/missing,485,4,101344,0.050014125,2026308,982759171,0.000000,0.000000
structured/missing,485,5,100992,0.050013834,2019281,979351433,0.000000,0.000000
structured/missing,485,6,101152,0.050002834,2022925,981118790,0.000000,0.000000
structured/array_value,485,0,98944,0.050009000,1978524,959584075,0.000000,0.000000
structured/array_value,485,1,98880,0.050008166,1977277,958979379,0.000000,0.000000
structured/array_value,485,2,98816,0.050012334,1975833,958278812,0.000000,0.000000
structured/array_value,485,3,99072,0.050005666,1981215,960889512,0.000000,0.000000
structured/array_value,485,4,99808,0.050009292,1995789,967957715,0.000000,0.000000
structured/array_value,485,5,98976,0.050007500,1979223,959923212,0.000000,0.000000
structured/array_value,485,6,99200,0.050001875,1983926,962203917,0.000000,0.000000
structured/identity_write,485,0,62208,0.050018583,1243698,603193417,0.000000,0.000000
structured/identity_write,485,1,62080,0.050024417,1240994,601882077,0.000000,0.000000
structured/identity_write,485,2,62304,0.050020166,1245578,604105152,0.000000,0.000000
structured/identity_write,485,3,62624,0.050021667,1251937,607189680,0.000000,0.000000
structured/identity_write,485,4,64960,0.050022667,1298611,629826474,0.000000,0.000000
structured/identity_write,485,5,64928,0.050000375,1298550,629796877,0.000000,0.000000
structured/identity_write,485,6,64224,0.050005125,1284348,622908952,0.000000,0.000000
unicode_escaped_keys/validate,960,0,58880,0.050022792,1177063,1129980910,0.000000,0.000000
unicode_escaped_keys/validate,960,1,58400,0.050003375,1167921,1121204319,0.000000,0.000000
unicode_escaped_keys/validate,960,2,58016,0.050017792,1159907,1113510968,0.000000,0.000000
unicode_escaped_keys/validate,960,3,58016,0.050005333,1160196,1113788403,0.000000,0.000000
unicode_escaped_keys/validate,960,4,58080,0.050015625,1161237,1114787629,0.000000,0.000000
unicode_escaped_keys/validate,960,5,59104,0.050012792,1181778,1134506548,0.000000,0.000000
unicode_escaped_keys/validate,960,6,57184,0.050008167,1143493,1097753493,0.000000,0.000000
unicode_escaped_keys/identity,960,0,58208,0.050019708,1163701,1117153263,0.000000,0.000000
unicode_escaped_keys/identity,960,1,58112,0.050008000,1162054,1115571908,0.000000,0.000000
unicode_escaped_keys/identity,960,2,58144,0.050026167,1162272,1115780867,0.000000,0.000000
unicode_escaped_keys/identity,960,3,56768,0.050025000,1134793,1089400900,0.000000,0.000000
unicode_escaped_keys/identity,960,4,58432,0.050021542,1168137,1121411251,0.000000,0.000000
unicode_escaped_keys/identity,960,5,58080,0.050000584,1161586,1115122975,0.000000,0.000000
unicode_escaped_keys/identity,960,6,58016,0.050024000,1159763,1113372781,0.000000,0.000000
unicode_escaped_keys/shallow,960,0,56864,0.050001250,1137252,1091761506,0.000000,0.000000
unicode_escaped_keys/shallow,960,1,56896,0.050018375,1137502,1092001889,0.000000,0.000000
unicode_escaped_keys/shallow,960,2,57056,0.050013167,1140820,1095186794,0.000000,0.000000
unicode_escaped_keys/shallow,960,3,57952,0.050001375,1159008,1112647802,0.000000,0.000000
unicode_escaped_keys/shallow,960,4,56512,0.050003833,1130153,1084947228,0.000000,0.000000
unicode_escaped_keys/shallow,960,5,56128,0.050021750,1122072,1077189023,0.000000,0.000000
unicode_escaped_keys/shallow,960,6,56416,0.050013041,1128026,1082904757,0.000000,0.000000
unicode_escaped_keys/nested,960,0,57504,0.050018292,1149659,1103673032,0.000000,0.000000
unicode_escaped_keys/nested,960,1,55360,0.050016542,1106834,1062560462,0.000000,0.000000
unicode_escaped_keys/nested,960,2,55200,0.050023458,1103482,1059342999,0.000000,0.000000
unicode_escaped_keys/nested,960,3,55328,0.050003750,1106477,1062217934,0.000000,0.000000
unicode_escaped_keys/nested,960,4,55136,0.050025042,1102168,1058081271,0.000000,0.000000
unicode_escaped_keys/nested,960,5,56512,0.050007334,1130074,1084871271,0.000000,0.000000
unicode_escaped_keys/nested,960,6,55232,0.050013875,1104334,1060160206,0.000000,0.000000
unicode_escaped_keys/missing,960,0,55776,0.050016167,1115159,1070553047,0.000000,0.000000
unicode_escaped_keys/missing,960,1,55776,0.050014958,1115186,1070578926,0.000000,0.000000
unicode_escaped_keys/missing,960,2,56000,0.050026958,1119396,1074620608,0.000000,0.000000
unicode_escaped_keys/missing,960,3,55808,0.050004042,1116070,1071426986,0.000000,0.000000
unicode_escaped_keys/missing,960,4,56736,0.050023541,1134186,1088818562,0.000000,0.000000
unicode_escaped_keys/missing,960,5,56800,0.050028583,1135351,1089936927,0.000000,0.000000
unicode_escaped_keys/missing,960,6,56544,0.050000959,1130858,1085623978,0.000000,0.000000
unicode_escaped_keys/array_value,960,0,56320,0.050021666,1125912,1080875635,0.000000,0.000000
unicode_escaped_keys/array_value,960,1,55872,0.050009375,1117231,1072541299,0.000000,0.000000
unicode_escaped_keys/array_value,960,2,54976,0.050009167,1099318,1055345713,0.000000,0.000000
unicode_escaped_keys/array_value,960,3,54880,0.050006084,1097466,1053567802,0.000000,0.000000
unicode_escaped_keys/array_value,960,4,56928,0.050000667,1138545,1093003019,0.000000,0.000000
unicode_escaped_keys/array_value,960,5,55808,0.050007625,1115990,1071350219,0.000000,0.000000
unicode_escaped_keys/array_value,960,6,55712,0.050038792,1113376,1068841150,0.000000,0.000000
unicode_escaped_keys/identity_write,960,0,31744,0.050012292,634724,609335001,0.000000,0.000000
unicode_escaped_keys/identity_write,960,1,31712,0.050026917,633899,608542797,0.000000,0.000000
unicode_escaped_keys/identity_write,960,2,31520,0.050039750,629899,604703261,0.000000,0.000000
unicode_escaped_keys/identity_write,960,3,32032,0.050026750,640297,614685543,0.000000,0.000000
unicode_escaped_keys/identity_write,960,4,32384,0.050039750,647166,621278883,0.000000,0.000000
unicode_escaped_keys/identity_write,960,5,32032,0.050010458,640506,614885790,0.000000,0.000000
unicode_escaped_keys/identity_write,960,6,31808,0.050017125,635942,610504502,0.000000,0.000000
array/shallow,78,0,215392,0.050001292,4307729,336002838,0.000000,0.000000
array/shallow,78,1,219072,0.050001292,4381327,341743489,0.000000,0.000000
array/shallow,78,2,219328,0.050004000,4386209,342124310,0.000000,0.000000
array/shallow,78,3,219008,0.050003125,4379886,341631128,0.000000,0.000000
array/shallow,78,4,218624,0.050006375,4371923,341009961,0.000000,0.000000
array/shallow,78,5,216704,0.050001583,4333943,338047537,0.000000,0.000000
array/shallow,78,6,218784,0.050004709,4375268,341270899,0.000000,0.000000
array/nested,78,0,195296,0.050007000,3905373,304619113,0.000000,0.000000
array/nested,78,1,197664,0.050008250,3952628,308304970,0.000000,0.000000
array/nested,78,2,196960,0.050007916,3938576,307208963,0.000000,0.000000
array/nested,78,3,197088,0.050004291,3941422,307430896,0.000000,0.000000
array/nested,78,4,197504,0.050000541,3950037,308102906,0.000000,0.000000
array/nested,78,5,197664,0.050004833,3952898,308326037,0.000000,0.000000
array/nested,78,6,198048,0.050007125,3960396,308910860,0.000000,0.000000
array/flatten,78,0,220800,0.050004000,4415647,344420446,0.000000,0.000000
array/flatten,78,1,214048,0.050004000,4280618,333888169,0.000000,0.000000
array/flatten,78,2,218592,0.050004542,4371443,340972546,0.000000,0.000000
array/flatten,78,3,218688,0.050001917,4373592,341140201,0.000000,0.000000
array/flatten,78,4,219040,0.050006459,4380234,341658265,0.000000,0.000000
array/flatten,78,5,219680,0.050005834,4393087,342660818,0.000000,0.000000
array/flatten,78,6,219584,0.050001375,4391559,342541620,0.000000,0.000000
array/missing,78,0,226752,0.050002333,4534828,353716616,0.000000,0.000000
array/missing,78,1,232960,0.050000500,4659153,363413966,0.000000,0.000000
array/missing,78,2,227584,0.050002708,4551433,355011813,0.000000,0.000000
array/missing,78,3,227072,0.050004083,4541069,354203396,0.000000,0.000000
array/missing,78,4,225216,0.050004583,4503907,351304759,0.000000,0.000000
array/missing,78,5,228096,0.050002625,4561681,355811080,0.000000,0.000000
array/missing,78,6,227168,0.050003958,4543000,354354029,0.000000,0.000000
array/root,67,0,222528,0.050002667,4450323,298171616,0.000000,0.000000
array/root,67,1,223296,0.050007084,4465287,299174253,0.000000,0.000000
array/root,67,2,223040,0.050000750,4460733,298869117,0.000000,0.000000
array/root,67,3,225920,0.050001917,4518227,302721194,0.000000,0.000000
array/root,67,4,228960,0.050003375,4578891,306785692,0.000000,0.000000
array/root,67,5,224032,0.050003917,4480289,300179364,0.000000,0.000000
array/root,67,6,224608,0.050005458,4491670,300941869,0.000000,0.000000
array/cancel_first,78,0,216384,0.050005583,4327197,337521352,0.000000,0.000000
array/cancel_first,78,1,223392,0.050005042,4467390,348456382,0.000000,0.000000
array/cancel_first,78,2,223968,0.050000125,4479349,349389207,0.000000,0.000000
array/cancel_first,78,3,223328,0.050003708,4466229,348365845,0.000000,0.000000
array/cancel_first,78,4,223200,0.050000667,4463940,348187355,0.000000,0.000000
array/cancel_first,78,5,212992,0.050001292,4259730,332258934,0.000000,0.000000
array/cancel_first,78,6,223712,0.050004166,4473867,348961645,0.000000,0.000000
array/shallow,540,0,31296,0.050022458,625639,337845054,0.000000,0.000000
array/shallow,540,1,31616,0.050017750,632096,341331627,0.000000,0.000000
array/shallow,540,2,31232,0.050038000,624166,337049442,0.000000,0.000000
array/shallow,540,3,31360,0.050047000,626611,338369932,0.000000,0.000000
array/shallow,540,4,31200,0.050035792,623554,336718963,0.000000,0.000000
array/shallow,540,5,31424,0.050034458,628047,339145475,0.000000,0.000000
array/shallow,540,6,31360,0.050034458,626768,338454751,0.000000,0.000000
array/nested,540,0,27616,0.050041667,551860,298004461,0.000000,0.000000
array/nested,540,1,27680,0.050006958,553523,298902405,0.000000,0.000000
array/nested,540,2,28192,0.050012250,563702,304399022,0.000000,0.000000
array/nested,540,3,28224,0.050044750,563975,304546631,0.000000,0.000000
array/nested,540,4,27648,0.050056708,552334,298260125,0.000000,0.000000
array/nested,540,5,28224,0.050024125,564208,304672196,0.000000,0.000000
array/nested,540,6,26848,0.050002042,536938,289946559,0.000000,0.000000
array/flatten,540,0,28448,0.050041458,568489,306983861,0.000000,0.000000
array/flatten,540,1,28512,0.050022666,569982,307790073,0.000000,0.000000
array/flatten,540,2,28544,0.050041125,570411,308021852,0.000000,0.000000
array/flatten,540,3,28672,0.050009500,573331,309598776,0.000000,0.000000
array/flatten,540,4,28768,0.050034417,574964,310480684,0.000000,0.000000
array/flatten,540,5,28768,0.050044333,574850,310419164,0.000000,0.000000
array/flatten,540,6,28704,0.050015541,573902,309906875,0.000000,0.000000
array/missing,540,0,33120,0.050046750,661781,357361867,0.000000,0.000000
array/missing,540,1,33216,0.050024000,664001,358560691,0.000000,0.000000
array/missing,540,2,33152,0.050013708,662858,357943466,0.000000,0.000000
array/missing,540,3,33120,0.050021917,662110,357539276,0.000000,0.000000
array/missing,540,4,33408,0.050030125,667758,360589145,0.000000,0.000000
array/missing,540,5,32768,0.050044834,654773,353577354,0.000000,0.000000
array/missing,540,6,33216,0.050029667,663926,358520076,0.000000,0.000000
array/root,529,0,32224,0.050001833,644456,340917422,0.000000,0.000000
array/root,529,1,31616,0.050043333,631772,334207636,0.000000,0.000000
array/root,529,2,32448,0.050006708,648873,343253789,0.000000,0.000000
array/root,529,3,32256,0.050012875,644954,341180626,0.000000,0.000000
array/root,529,4,32320,0.050011458,646252,341867258,0.000000,0.000000
array/root,529,5,32384,0.050008416,647571,342565059,0.000000,0.000000
array/root,529,6,32416,0.050023583,648014,342799595,0.000000,0.000000
array/cancel_first,540,0,64864,0.050003166,1297198,700486845,0.000000,0.000000
array/cancel_first,540,1,65024,0.050007959,1300273,702147432,0.000000,0.000000
array/cancel_first,540,2,65536,0.050010833,1310436,707635484,0.000000,0.000000
array/cancel_first,540,3,65120,0.050004500,1302283,703232709,0.000000,0.000000
array/cancel_first,540,4,64736,0.050000667,1294703,699139473,0.000000,0.000000
array/cancel_first,540,5,65056,0.050018583,1300637,702343767,0.000000,0.000000
array/cancel_first,540,6,65088,0.050010042,1301499,702809248,0.000000,0.000000
array/shallow,1074,0,15328,0.050011750,306488,329168085,0.000000,0.000000
array/shallow,1074,1,15296,0.050054000,305590,328203620,0.000000,0.000000
array/shallow,1074,2,14848,0.050004416,296934,318906874,0.000000,0.000000
array/shallow,1074,3,15392,0.050051709,307522,330278592,0.000000,0.000000
array/shallow,1074,4,15392,0.050037958,307606,330369357,0.000000,0.000000
array/shallow,1074,5,15456,0.050068167,308699,331542874,0.000000,0.000000
array/shallow,1074,6,15392,0.050034541,307627,330391919,0.000000,0.000000
array/nested,1074,0,13248,0.050004667,264935,284540481,0.000000,0.000000
array/nested,1074,1,13696,0.050060375,273590,293835274,0.000000,0.000000
array/nested,1074,2,13760,0.050031709,275026,295377478,0.000000,0.000000
array/nested,1074,3,13824,0.050120917,275813,296223152,0.000000,0.000000
array/nested,1074,4,13824,0.050090333,275981,296404019,0.000000,0.000000
array/nested,1074,5,13824,0.050023250,276351,296801507,0.000000,0.000000
array/nested,1074,6,13344,0.050029250,266724,286461540,0.000000,0.000000
array/flatten,1074,0,13952,0.050057542,278719,299344462,0.000000,0.000000
array/flatten,1074,1,14048,0.050085292,280482,301237178,0.000000,0.000000
array/flatten,1074,2,14208,0.050103750,283572,304555887,0.000000,0.000000
array/flatten,1074,3,14208,0.050105292,283563,304546514,0.000000,0.000000
array/flatten,1074,4,14240,0.050041625,284563,305620771,0.000000,0.000000
array/flatten,1074,5,14240,0.050081333,284337,305378453,0.000000,0.000000
array/flatten,1074,6,14240,0.050043375,284553,305610083,0.000000,0.000000
array/missing,1074,0,16128,0.050076708,322066,345898776,0.000000,0.000000
array/missing,1074,1,16128,0.050028042,322379,346235257,0.000000,0.000000
array/missing,1074,2,16096,0.050081708,321395,345178004,0.000000,0.000000
array/missing,1074,3,16160,0.050088375,322630,346504354,0.000000,0.000000
array/missing,1074,4,16160,0.050040625,322938,346834997,0.000000,0.000000
array/missing,1074,5,16288,0.050032084,325551,349641882,0.000000,0.000000
array/missing,1074,6,16192,0.050068333,323398,347329479,0.000000,0.000000
array/root,1063,0,15520,0.050066458,309988,329517219,0.000000,0.000000
array/root,1063,1,15584,0.050000458,311677,331312805,0.000000,0.000000
array/root,1063,2,15488,0.050042625,309496,328994412,0.000000,0.000000
array/root,1063,3,15520,0.050075083,309935,329460462,0.000000,0.000000
array/root,1063,4,15584,0.050023875,311531,331157712,0.000000,0.000000
array/root,1063,5,15584,0.050037583,311446,331066990,0.000000,0.000000
array/root,1063,6,15392,0.050095166,307255,326612272,0.000000,0.000000
array/cancel_first,1074,0,38816,0.050036041,775761,833167116,0.000000,0.000000
array/cancel_first,1074,1,38784,0.050034125,775151,832512130,0.000000,0.000000
array/cancel_first,1074,2,39136,0.050000625,782710,840630772,0.000000,0.000000
array/cancel_first,1074,3,38944,0.050034042,778350,835947973,0.000000,0.000000
array/cancel_first,1074,4,38880,0.050014541,777374,834899594,0.000000,0.000000
array/cancel_first,1074,5,38944,0.050032417,778375,835975124,0.000000,0.000000
array/cancel_first,1074,6,39584,0.050023208,791313,849869844,0.000000,0.000000
array/shallow,8606,0,2048,0.050234875,40768,350853625,0.000000,0.000000
array/shallow,8606,1,2048,0.050332125,40690,350175718,0.000000,0.000000
array/shallow,8606,2,2080,0.050750542,40985,352715051,0.000000,0.000000
array/shallow,8606,3,2048,0.050707917,40388,347580596,0.000000,0.000000
array/shallow,8606,4,2048,0.050378750,40652,349851634,0.000000,0.000000
array/shallow,8606,5,2048,0.050102250,40876,351782365,0.000000,0.000000
array/shallow,8606,6,2048,0.050142958,40843,351496774,0.000000,0.000000
array/nested,8606,0,1824,0.050819416,35892,308884777,0.000000,0.000000
array/nested,8606,1,1824,0.050497166,36121,310855940,0.000000,0.000000
array/nested,8606,2,1824,0.050482125,36132,310948559,0.000000,0.000000
array/nested,8606,3,1824,0.050181209,36348,312813189,0.000000,0.000000
array/nested,8606,4,1856,0.050797667,36537,314438378,0.000000,0.000000
array/nested,8606,5,1824,0.050485750,36129,310926232,0.000000,0.000000
array/nested,8606,6,1824,0.050042333,36449,313681299,0.000000,0.000000
array/flatten,8606,0,1856,0.050511208,36744,316221620,0.000000,0.000000
array/flatten,8606,1,1888,0.050807959,37160,319794936,0.000000,0.000000
array/flatten,8606,2,1824,0.050042584,36449,313679725,0.000000,0.000000
array/flatten,8606,3,1856,0.050395625,36829,316946878,0.000000,0.000000
array/flatten,8606,4,1824,0.050215625,36323,312598798,0.000000,0.000000
array/flatten,8606,5,1856,0.050189000,36980,318251728,0.000000,0.000000
array/flatten,8606,6,1856,0.050047000,37085,319154715,0.000000,0.000000
array/missing,8606,0,2112,0.050315250,41975,361239823,0.000000,0.000000
array/missing,8606,1,2144,0.050639666,42338,364363857,0.000000,0.000000
array/missing,8606,2,2144,0.050596750,42374,364672909,0.000000,0.000000
array/missing,8606,3,2144,0.050434791,42510,365843967,0.000000,0.000000
array/missing,8606,4,2144,0.050458458,42490,365672372,0.000000,0.000000
array/missing,8606,5,2144,0.050609583,42364,364580439,0.000000,0.000000
array/missing,8606,6,2176,0.050686417,42931,369461033,0.000000,0.000000
array/root,8595,0,2016,0.050146416,40202,345538553,0.000000,0.000000
array/root,8595,1,2080,0.050263500,41382,355677579,0.000000,0.000000
array/root,8595,2,2048,0.050229250,40773,350444412,0.000000,0.000000
array/root,8595,3,2016,0.050041458,40287,346263292,0.000000,0.000000
array/root,8595,4,2080,0.050701125,41025,352607560,0.000000,0.000000
array/root,8595,5,2048,0.050553542,40512,348196374,0.000000,0.000000
array/root,8595,6,2080,0.050139166,41485,356559581,0.000000,0.000000
array/cancel_first,8606,0,6592,0.050108417,131555,1132160132,0.000000,0.000000
array/cancel_first,8606,1,6592,0.050005708,131825,1134485527,0.000000,0.000000
array/cancel_first,8606,2,6624,0.050064584,132309,1138652106,0.000000,0.000000
array/cancel_first,8606,3,6592,0.050055333,131694,1133360795,0.000000,0.000000
array/cancel_first,8606,4,6592,0.050081875,131624,1132760145,0.000000,0.000000
array/cancel_first,8606,5,6592,0.050156875,131428,1131066319,0.000000,0.000000
array/cancel_first,8606,6,6528,0.050142417,130189,1120408057,0.000000,0.000000
array/shallow,69558,0,256,0.050213833,5098,354620369,0.000000,0.000000
array/shallow,69558,1,288,0.055926875,5150,358194589,0.000000,0.000000
array/shallow,69558,2,288,0.056059083,5137,357349834,0.000000,0.000000
array/shallow,69558,3,256,0.050182750,5101,354840020,0.000000,0.000000
array/shallow,69558,4,288,0.055853041,5156,358668098,0.000000,0.000000
array/shallow,69558,5,288,0.055737709,5167,359410251,0.000000,0.000000
array/shallow,69558,6,256,0.050311375,5088,353932843,0.000000,0.000000
array/nested,69558,0,256,0.056525542,4529,315023039,0.000000,0.000000
array/nested,69558,1,256,0.056131791,4561,317232849,0.000000,0.000000
array/nested,69558,2,256,0.056039292,4568,317756477,0.000000,0.000000
array/nested,69558,3,256,0.055688208,4597,319759760,0.000000,0.000000
array/nested,69558,4,256,0.055757041,4591,319365011,0.000000,0.000000
array/nested,69558,5,256,0.055745542,4592,319430888,0.000000,0.000000
array/nested,69558,6,256,0.056170250,4558,317015644,0.000000,0.000000
array/flatten,69558,0,256,0.054463834,4700,326948118,0.000000,0.000000
array/flatten,69558,1,256,0.056115916,4562,317322593,0.000000,0.000000
array/flatten,69558,2,256,0.054857833,4667,324599916,0.000000,0.000000
array/flatten,69558,3,256,0.054086875,4733,329226786,0.000000,0.000000
array/flatten,69558,4,256,0.054080709,4734,329264322,0.000000,0.000000
array/flatten,69558,5,256,0.053919750,4748,330247229,0.000000,0.000000
array/flatten,69558,6,256,0.053997167,4741,329773745,0.000000,0.000000
array/missing,69558,0,288,0.053719625,5361,372912209,0.000000,0.000000
array/missing,69558,1,288,0.053336709,5400,375589428,0.000000,0.000000
array/missing,69558,2,288,0.053791959,5354,372410754,0.000000,0.000000
array/missing,69558,3,288,0.053777833,5355,372508576,0.000000,0.000000
array/missing,69558,4,288,0.053729209,5360,372845690,0.000000,0.000000
array/missing,69558,5,288,0.053828833,5350,372155644,0.000000,0.000000
array/missing,69558,6,288,0.054551834,5279,367223291,0.000000,0.000000
array/root,69547,0,288,0.056116833,5132,356925630,0.000000,0.000000
array/root,69547,1,288,0.055516292,5188,360786632,0.000000,0.000000
array/root,69547,2,288,0.055287959,5209,362276640,0.000000,0.000000
array/root,69547,3,288,0.055255750,5212,362487813,0.000000,0.000000
array/root,69547,4,288,0.055215417,5216,362752599,0.000000,0.000000
array/root,69547,5,288,0.055183042,5219,362965420,0.000000,0.000000
array/root,69547,6,288,0.054856125,5250,365128525,0.000000,0.000000
array/cancel_first,69558,0,896,0.051744416,17316,1204457849,0.000000,0.000000
array/cancel_first,69558,1,864,0.050047583,17264,1200819468,0.000000,0.000000
array/cancel_first,69558,2,896,0.051589125,17368,1208083448,0.000000,0.000000
array/cancel_first,69558,3,896,0.051617875,17358,1207410572,0.000000,0.000000
array/cancel_first,69558,4,896,0.051677500,17338,1206017474,0.000000,0.000000
array/cancel_first,69558,5,896,0.051652375,17347,1206604111,0.000000,0.000000
array/cancel_first,69558,6,896,0.051202083,17499,1217215479,0.000000,0.000000
array/shallow,1135782,0,32,0.100685167,318,360976945,0.000000,0.000000
array/shallow,1135782,1,32,0.101230459,316,359032492,0.000000,0.000000
array/shallow,1135782,2,32,0.100718209,318,360858522,0.000000,0.000000
array/shallow,1135782,3,32,0.099766833,321,364299667,0.000000,0.000000
array/shallow,1135782,4,32,0.099402209,322,365635979,0.000000,0.000000
array/shallow,1135782,5,32,0.101915416,314,356619493,0.000000,0.000000
array/shallow,1135782,6,32,0.099337125,322,365875537,0.000000,0.000000
array/nested,1135782,0,32,0.112343625,285,323516568,0.000000,0.000000
array/nested,1135782,1,32,0.112832417,284,322115089,0.000000,0.000000
array/nested,1135782,2,32,0.112846125,284,322075960,0.000000,0.000000
array/nested,1135782,3,32,0.112177375,285,323996029,0.000000,0.000000
array/nested,1135782,4,32,0.111140083,288,327019947,0.000000,0.000000
array/nested,1135782,5,32,0.111463834,287,326070104,0.000000,0.000000
array/nested,1135782,6,32,0.112358291,285,323474340,0.000000,0.000000
array/flatten,1135782,0,32,0.110432541,290,329115165,0.000000,0.000000
array/flatten,1135782,1,32,0.110020375,291,330348120,0.000000,0.000000
array/flatten,1135782,2,32,0.111353958,287,326391847,0.000000,0.000000
array/flatten,1135782,3,32,0.110186875,290,329848941,0.000000,0.000000
array/flatten,1135782,4,32,0.110158917,290,329932655,0.000000,0.000000
array/flatten,1135782,5,32,0.109234500,293,332724771,0.000000,0.000000
array/flatten,1135782,6,32,0.108985875,294,333483802,0.000000,0.000000
array/missing,1135782,0,32,0.095909000,334,378953216,0.000000,0.000000
array/missing,1135782,1,32,0.095970041,333,378712186,0.000000,0.000000
array/missing,1135782,2,32,0.096363292,332,377166691,0.000000,0.000000
array/missing,1135782,3,32,0.098188167,326,370156864,0.000000,0.000000
array/missing,1135782,4,32,0.096712917,331,375803203,0.000000,0.000000
array/missing,1135782,5,32,0.096746334,331,375673398,0.000000,0.000000
array/missing,1135782,6,32,0.098303875,326,369721173,0.000000,0.000000
array/root,1135771,0,32,0.099345542,322,365840996,0.000000,0.000000
array/root,1135771,1,32,0.098857625,324,367646623,0.000000,0.000000
array/root,1135771,2,32,0.098899750,324,367490029,0.000000,0.000000
array/root,1135771,3,32,0.099023333,323,367031395,0.000000,0.000000
array/root,1135771,4,32,0.098792291,324,367889758,0.000000,0.000000
array/root,1135771,5,32,0.099523000,322,365188670,0.000000,0.000000
array/root,1135771,6,32,0.099402250,322,365632287,0.000000,0.000000
array/cancel_first,1135782,0,64,0.059123666,1082,1229457727,0.000000,0.000000
array/cancel_first,1135782,1,64,0.059310125,1079,1225592561,0.000000,0.000000
array/cancel_first,1135782,2,64,0.061577250,1039,1180469215,0.000000,0.000000
array/cancel_first,1135782,3,64,0.059325250,1079,1225280096,0.000000,0.000000
array/cancel_first,1135782,4,64,0.059128625,1082,1229354615,0.000000,0.000000
array/cancel_first,1135782,5,64,0.059270666,1080,1226408490,0.000000,0.000000
array/cancel_first,1135782,6,64,0.059243125,1080,1226978624,0.000000,0.000000
array/nested_contexts,972,0,7936,0.050021250,158653,154210301,0.000000,0.000000
array/nested_contexts,972,1,7968,0.050169542,158821,154374461,0.000000,0.000000
array/nested_contexts,972,2,8000,0.050085208,159728,155255420,0.000000,0.000000
array/nested_contexts,972,3,8032,0.050160041,160127,155643892,0.000000,0.000000
array/nested_contexts,972,4,8032,0.050152583,160151,155667037,0.000000,0.000000
array/nested_contexts,972,5,8032,0.050070541,160414,155922102,0.000000,0.000000
array/nested_contexts,972,6,8032,0.050021708,160570,156074319,0.000000,0.000000
array/sparse,785,0,11552,0.050121500,230480,180926748,0.000000,0.000000
array/sparse,785,1,11584,0.050032500,231530,181750662,0.000000,0.000000
array/sparse,785,2,11616,0.050058333,232049,182158683,0.000000,0.000000
array/sparse,785,3,11616,0.050029916,232181,182262149,0.000000,0.000000
array/sparse,785,4,11552,0.050028666,230908,181262479,0.000000,0.000000
array/sparse,785,5,11584,0.050042208,231485,181715403,0.000000,0.000000
array/sparse,785,6,11616,0.050104500,231835,181990839,0.000000,0.000000
array/deep,136,0,3904,0.050304333,77608,10554638,0.000000,0.000000
array/deep,136,1,3872,0.050125000,77247,10505576,0.000000,0.000000
array/deep,136,2,3872,0.050159041,77194,10498446,0.000000,0.000000
array/deep,136,3,3872,0.050210750,77115,10487635,0.000000,0.000000
array/deep,136,4,3872,0.050253500,77049,10478713,0.000000,0.000000
array/deep,136,5,3936,0.050392125,78107,10622612,0.000000,0.000000
array/deep,136,6,4064,0.050370125,80683,10972853,0.000000,0.000000
array/empty,2,0,2767872,0.050000291,55357118,110714236,0.000000,0.000000
array/empty,2,1,2741376,0.050000333,54827155,109654310,0.000000,0.000000
array/empty,2,2,2745248,0.050000209,54904730,109809461,0.000000,0.000000
array/empty,2,3,2740800,0.050000500,54815452,109630904,0.000000,0.000000
array/empty,2,4,2745184,0.050000209,54903451,109806901,0.000000,0.000000
array/empty,2,5,2741344,0.050000375,54826469,109652938,0.000000,0.000000
array/empty,2,6,2739744,0.050000417,54794423,109588846,0.000000,0.000000
array/singleton,12,0,663328,0.050000750,13266361,159196332,0.000000,0.000000
array/singleton,12,1,672992,0.050002250,13459234,161510812,0.000000,0.000000
array/singleton,12,2,663392,0.050001709,13267387,159208638,0.000000,0.000000
array/singleton,12,3,667808,0.050002334,13355537,160266439,0.000000,0.000000
array/singleton,12,4,675456,0.050001333,13508760,162105118,0.000000,0.000000
array/singleton,12,5,675648,0.050000000,13512960,162155520,0.000000,0.000000
array/singleton,12,6,674784,0.050000084,13495657,161947888,0.000000,0.000000
array/nested_values,31,0,242176,0.050005834,4842955,150131603,0.000000,0.000000
array/nested_values,31,1,239872,0.050003375,4797116,148710602,0.000000,0.000000
array/nested_values,31,2,240896,0.050006125,4817330,149337226,0.000000,0.000000
array/nested_values,31,3,240768,0.050001166,4815248,149272679,0.000000,0.000000
array/nested_values,31,4,240832,0.050003750,4816279,149304642,0.000000,0.000000
array/nested_values,31,5,240736,0.050000666,4814656,149254332,0.000000,0.000000
array/nested_values,31,6,240832,0.050002500,4816399,149308375,0.000000,0.000000
compile/scalar,0,0,64288,0.050018000,1285297,0,29.000000,1906.000000
compile/scalar,0,1,65280,0.050023292,1304992,0,29.000000,1906.000000
compile/scalar,0,2,65120,0.050023708,1301783,0,29.000000,1906.000000
compile/scalar,0,3,65216,0.050000167,1304316,0,29.000000,1906.000000
compile/scalar,0,4,65472,0.050007958,1309232,0,29.000000,1906.000000
compile/scalar,0,5,65248,0.050004583,1304840,0,29.000000,1906.000000
compile/scalar,0,6,65152,0.050005833,1302888,0,29.000000,1906.000000
scalar/literal,100,0,602240,0.050001041,12044549,1204454923,0.000000,0.000000
scalar/literal,100,1,594336,0.050000292,11886651,1188665058,0.000000,0.000000
scalar/literal,100,2,597600,0.050000208,11951950,1195195028,0.000000,0.000000
scalar/literal,100,3,597632,0.050001458,11952291,1195229147,0.000000,0.000000
scalar/literal,100,4,602240,0.050001292,12044489,1204448877,0.000000,0.000000
scalar/literal,100,5,601856,0.050001958,12036649,1203664864,0.000000,0.000000
scalar/literal,100,6,601920,0.050000709,12038229,1203822930,0.000000,0.000000
scalar/arithmetic,100,0,152000,0.050000583,3039965,303996455,0.000000,0.000000
scalar/arithmetic,100,1,156256,0.050004875,3124815,312481533,0.000000,0.000000
scalar/arithmetic,100,2,156480,0.050009458,3129008,312900812,0.000000,0.000000
scalar/arithmetic,100,3,157248,0.050005667,3144604,314460359,0.000000,0.000000
scalar/arithmetic,100,4,156352,0.050009917,3126420,312641991,0.000000,0.000000
scalar/arithmetic,100,5,157664,0.050002459,3153125,315312493,0.000000,0.000000
scalar/arithmetic,100,6,157920,0.050011125,3157697,315769741,0.000000,0.000000
scalar/nested,100,0,152544,0.050001583,3050783,305078341,0.000000,0.000000
scalar/nested,100,1,152992,0.050006083,3059468,305946779,0.000000,0.000000
scalar/nested,100,2,152896,0.050009542,3057337,305733654,0.000000,0.000000
scalar/nested,100,3,152352,0.050007542,3046580,304658045,0.000000,0.000000
scalar/nested,100,4,154240,0.050008584,3084270,308427049,0.000000,0.000000
scalar/nested,100,5,154048,0.050004667,3080672,308067245,0.000000,0.000000
scalar/nested,100,6,154592,0.050001958,3091719,309171893,0.000000,0.000000
scalar/comparison,100,0,164448,0.050003083,3288757,328875722,0.000000,0.000000
scalar/comparison,100,1,163968,0.050007542,3278865,327886542,0.000000,0.000000
scalar/comparison,100,2,164320,0.050003959,3286140,328613980,0.000000,0.000000
scalar/comparison,100,3,164000,0.050005791,3279620,327962015,0.000000,0.000000
scalar/comparison,100,4,165376,0.050005583,3307151,330715072,0.000000,0.000000
scalar/comparison,100,5,165440,0.050007417,3308309,330830925,0.000000,0.000000
scalar/comparison,100,6,164896,0.050009459,3297296,329729622,0.000000,0.000000
scalar/strings,100,0,228480,0.050005667,4569082,456908214,0.000000,0.000000
scalar/strings,100,1,232768,0.050003334,4655050,465504960,0.000000,0.000000
scalar/strings,100,2,232544,0.050005500,4650368,465036846,0.000000,0.000000
scalar/strings,100,3,231296,0.050006083,4625357,462535728,0.000000,0.000000
scalar/strings,100,4,228512,0.050002833,4569981,456998106,0.000000,0.000000
scalar/strings,100,5,230016,0.050001583,4600174,460017436,0.000000,0.000000
scalar/strings,100,6,229248,0.050002042,4584773,458477276,0.000000,0.000000
scalar/boolean,100,0,151776,0.050006000,3035156,303515578,0.000000,0.000000
scalar/boolean,100,1,155424,0.050007708,3108001,310800087,0.000000,0.000000
scalar/boolean,100,2,155744,0.050009125,3114312,311431164,0.000000,0.000000
scalar/boolean,100,3,156544,0.050005250,3130551,313055129,0.000000,0.000000
scalar/boolean,100,4,156640,0.050002459,3132646,313264594,0.000000,0.000000
scalar/boolean,100,5,155936,0.050008792,3118172,311817170,0.000000,0.000000
scalar/boolean,100,6,155968,0.050009917,3118741,311874143,0.000000,0.000000
scalar/missing,100,0,163328,0.050003208,3266350,326635043,0.000000,0.000000
scalar/missing,100,1,162912,0.050009292,3257635,325763460,0.000000,0.000000
scalar/missing,100,2,164448,0.050008458,3288404,328840373,0.000000,0.000000
scalar/missing,100,3,164128,0.050004584,3282259,328225908,0.000000,0.000000
scalar/missing,100,4,165504,0.050009292,3309465,330946497,0.000000,0.000000
scalar/missing,100,5,165024,0.050000833,3300425,330042501,0.000000,0.000000
scalar/missing,100,6,165568,0.050005459,3310999,331099851,0.000000,0.000000
scalar/short_circuit,100,0,547520,0.050002625,10949825,1094982513,0.000000,0.000000
scalar/short_circuit,100,1,547008,0.050001917,10939741,1093974057,0.000000,0.000000
scalar/short_circuit,100,2,548032,0.050000792,10960466,1096046639,0.000000,0.000000
scalar/short_circuit,100,3,547392,0.050000125,10947813,1094781263,0.000000,0.000000
scalar/short_circuit,100,4,547680,0.050000292,10953536,1095353603,0.000000,0.000000
scalar/short_circuit,100,5,548608,0.050001166,10971904,1097190414,0.000000,0.000000
scalar/short_circuit,100,6,547648,0.050002792,10952348,1095234842,0.000000,0.000000
scalar/mixed,100,0,87040,0.050009083,1740484,174048382,0.000000,0.000000
scalar/mixed,100,1,86048,0.050003083,1720854,172085389,0.000000,0.000000
scalar/mixed,100,2,86336,0.050018417,1726084,172608421,0.000000,0.000000
scalar/mixed,100,3,86752,0.050008209,1734755,173475519,0.000000,0.000000
scalar/mixed,100,4,86592,0.050006584,1731612,173161198,0.000000,0.000000
scalar/mixed,100,5,87040,0.050016542,1740224,174022426,0.000000,0.000000
scalar/mixed,100,6,87616,0.050008167,1752034,175203382,0.000000,0.000000
scalar/write,100,0,142144,0.050010500,2842283,284228312,0.000000,0.000000
scalar/write,100,1,141856,0.050006250,2836765,283676540,0.000000,0.000000
scalar/write,100,2,142688,0.050006917,2853365,285336527,0.000000,0.000000
scalar/write,100,3,144032,0.050006834,2880246,288024633,0.000000,0.000000
scalar/write,100,4,143680,0.050005625,2873277,287327676,0.000000,0.000000
scalar/write,100,5,142048,0.050004708,2840693,284069252,0.000000,0.000000
scalar/write,100,6,143168,0.050010166,2862778,286277794,0.000000,0.000000
scalar/literal,500,0,172448,0.050007666,3448431,1724215643,0.000000,0.000000
scalar/literal,500,1,171680,0.050005459,3433225,1716612580,0.000000,0.000000
scalar/literal,500,2,171808,0.050000000,3436160,1718080000,0.000000,0.000000
scalar/literal,500,3,171840,0.050005125,3436448,1718223882,0.000000,0.000000
scalar/literal,500,4,171776,0.050003708,3435265,1717632620,0.000000,0.000000
scalar/literal,500,5,173408,0.050004583,3467842,1733921069,0.000000,0.000000
scalar/literal,500,6,171776,0.050004417,3435217,1717608266,0.000000,0.000000
scalar/arithmetic,500,0,53056,0.050009708,1060914,530457006,0.000000,0.000000
scalar/arithmetic,500,1,53312,0.050001250,1066213,533106672,0.000000,0.000000
scalar/arithmetic,500,2,52928,0.050005542,1058443,529221341,0.000000,0.000000
scalar/arithmetic,500,3,52704,0.050005833,1053957,526978523,0.000000,0.000000
scalar/arithmetic,500,4,52608,0.050010291,1051943,525971744,0.000000,0.000000
scalar/arithmetic,500,5,52800,0.050027875,1055412,527705804,0.000000,0.000000
scalar/arithmetic,500,6,52448,0.050029584,1048340,524169859,0.000000,0.000000
scalar/nested,500,0,52000,0.050021208,1039559,519779530,0.000000,0.000000
scalar/nested,500,1,52288,0.050022125,1045297,522648728,0.000000,0.000000
scalar/nested,500,2,52352,0.050018834,1046646,523322875,0.000000,0.000000
scalar/nested,500,3,52544,0.050019500,1050470,525235158,0.000000,0.000000
scalar/nested,500,4,52768,0.050000167,1055356,527678238,0.000000,0.000000
scalar/nested,500,5,52768,0.050003958,1055276,527638232,0.000000,0.000000
scalar/nested,500,6,54016,0.050018917,1079911,539955713,0.000000,0.000000
scalar/comparison,500,0,54624,0.050016000,1092131,546065259,0.000000,0.000000
scalar/comparison,500,1,54656,0.050019334,1092697,546348738,0.000000,0.000000
scalar/comparison,500,2,54560,0.050006666,1091055,545527270,0.000000,0.000000
scalar/comparison,500,3,54048,0.050009791,1080748,540374184,0.000000,0.000000
scalar/comparison,500,4,54432,0.050000625,1088626,544313196,0.000000,0.000000
scalar/comparison,500,5,55136,0.050026917,1102127,551063341,0.000000,0.000000
scalar/comparison,500,6,54304,0.050021583,1085611,542805692,0.000000,0.000000
scalar/strings,500,0,80256,0.050013375,1604691,802345373,0.000000,0.000000
scalar/strings,500,1,79456,0.050015708,1588621,794310459,0.000000,0.000000
scalar/strings,500,2,79328,0.050000875,1586532,793266118,0.000000,0.000000
scalar/strings,500,3,79200,0.050010833,1583657,791828442,0.000000,0.000000
scalar/strings,500,4,78752,0.050014667,1574578,787289057,0.000000,0.000000
scalar/strings,500,5,79456,0.050016041,1588610,794305171,0.000000,0.000000
scalar/strings,500,6,79296,0.050002917,1585827,792913741,0.000000,0.000000
scalar/boolean,500,0,53056,0.050009375,1060921,530460539,0.000000,0.000000
scalar/boolean,500,1,53088,0.050008583,1061578,530788885,0.000000,0.000000
scalar/boolean,500,2,54752,0.050023708,1094521,547260511,0.000000,0.000000
scalar/boolean,500,3,52768,0.050023000,1054875,527437379,0.000000,0.000000
scalar/boolean,500,4,53536,0.050009917,1070508,535253838,0.000000,0.000000
scalar/boolean,500,5,53984,0.050024666,1079148,539573817,0.000000,0.000000
scalar/boolean,500,6,53344,0.050016708,1066524,533261805,0.000000,0.000000
scalar/missing,500,0,54144,0.050017083,1082510,541255075,0.000000,0.000000
scalar/missing,500,1,54112,0.050017792,1081855,540927516,0.000000,0.000000
scalar/missing,500,2,53952,0.050004000,1078954,539476842,0.000000,0.000000
scalar/missing,500,3,53728,0.050010916,1074325,537162727,0.000000,0.000000
scalar/missing,500,4,53760,0.050027583,1074607,537303591,0.000000,0.000000
scalar/missing,500,5,53760,0.050025958,1074642,537321044,0.000000,0.000000
scalar/missing,500,6,53504,0.050027666,1069488,534744115,0.000000,0.000000
scalar/short_circuit,500,0,165856,0.050001083,3317048,1658524076,0.000000,0.000000
scalar/short_circuit,500,1,168608,0.050002459,3371994,1685997083,0.000000,0.000000
scalar/short_circuit,500,2,167840,0.050000334,3356778,1678388788,0.000000,0.000000
scalar/short_circuit,500,3,167840,0.050001250,3356716,1678358041,0.000000,0.000000
scalar/short_circuit,500,4,167968,0.050003125,3359150,1679575027,0.000000,0.000000
scalar/short_circuit,500,5,167744,0.050008167,3354332,1677166052,0.000000,0.000000
scalar/short_circuit,500,6,167904,0.050007750,3357560,1678779789,0.000000,0.000000
scalar/mixed,500,0,31104,0.050008125,621979,310989464,0.000000,0.000000
scalar/mixed,500,1,31200,0.050014125,623824,311911885,0.000000,0.000000
scalar/mixed,500,2,31488,0.050026958,629421,314710321,0.000000,0.000000
scalar/mixed,500,3,31424,0.050002583,628448,314223767,0.000000,0.000000
scalar/mixed,500,4,31584,0.050026750,631342,315671116,0.000000,0.000000
scalar/mixed,500,5,30880,0.050031750,617208,308604036,0.000000,0.000000
scalar/mixed,500,6,30880,0.050025625,617284,308641821,0.000000,0.000000
scalar/write,500,0,50944,0.050003625,1018806,509403068,0.000000,0.000000
scalar/write,500,1,50912,0.050006458,1018109,509054251,0.000000,0.000000
scalar/write,500,2,51392,0.050019750,1027434,513717082,0.000000,0.000000
scalar/write,500,3,51776,0.050019250,1035121,517560739,0.000000,0.000000
scalar/write,500,4,51360,0.050029500,1026594,513297155,0.000000,0.000000
scalar/write,500,5,51360,0.050006000,1027077,513538375,0.000000,0.000000
scalar/write,500,6,51360,0.050002709,1027144,513572175,0.000000,0.000000
scalar/literal,1024,0,90016,0.050004042,1800174,1843378661,0.000000,0.000000
scalar/literal,1024,1,89184,0.050014833,1783151,1825946635,0.000000,0.000000
scalar/literal,1024,2,88384,0.050000709,1767655,1810078653,0.000000,0.000000
scalar/literal,1024,3,88256,0.050002750,1765023,1807383474,0.000000,0.000000
scalar/literal,1024,4,88416,0.050007666,1768049,1810482097,0.000000,0.000000
scalar/literal,1024,5,88320,0.050004333,1766247,1808636864,0.000000,0.000000
scalar/literal,1024,6,88416,0.050010416,1767952,1810382541,0.000000,0.000000
scalar/arithmetic,1024,0,28864,0.050012709,577133,590984504,0.000000,0.000000
scalar/arithmetic,1024,1,29184,0.050009792,583566,597571292,0.000000,0.000000
scalar/arithmetic,1024,2,29056,0.050016041,580934,594876032,0.000000,0.000000
scalar/arithmetic,1024,3,29472,0.050013125,589285,603428160,0.000000,0.000000
scalar/arithmetic,1024,4,29120,0.050039459,581941,595907322,0.000000,0.000000
scalar/arithmetic,1024,5,29088,0.050048667,581194,595142964,0.000000,0.000000
scalar/arithmetic,1024,6,28992,0.050017333,579639,593550400,0.000000,0.000000
scalar/nested,1024,0,28800,0.050039125,575550,589362824,0.000000,0.000000
scalar/nested,1024,1,28928,0.050028958,578225,592102518,0.000000,0.000000
scalar/nested,1024,2,29728,0.050045417,594020,608276918,0.000000,0.000000
scalar/nested,1024,3,28704,0.050041000,573610,587376271,0.000000,0.000000
scalar/nested,1024,4,28576,0.050020625,571284,584995169,0.000000,0.000000
scalar/nested,1024,5,28512,0.050017750,570038,583718540,0.000000,0.000000
scalar/nested,1024,6,28512,0.050047416,569700,583372536,0.000000,0.000000
scalar/comparison,1024,0,28768,0.050055666,574720,588513436,0.000000,0.000000
scalar/comparison,1024,1,29344,0.050010375,586758,600840446,0.000000,0.000000
scalar/comparison,1024,2,29152,0.050043292,582536,596516472,0.000000,0.000000
scalar/comparison,1024,3,28992,0.050038791,579390,593295869,0.000000,0.000000
scalar/comparison,1024,4,28960,0.050002458,579172,593071645,0.000000,0.000000
scalar/comparison,1024,5,28960,0.050021833,578947,592841930,0.000000,0.000000
scalar/comparison,1024,6,28960,0.050039083,578748,592637559,0.000000,0.000000
scalar/strings,1024,0,42368,0.050035500,846759,867081012,0.000000,0.000000
scalar/strings,1024,1,42400,0.050035833,847393,867730133,0.000000,0.000000
scalar/strings,1024,2,42752,0.050012375,854828,875344312,0.000000,0.000000
scalar/strings,1024,3,43008,0.050013375,859930,880568288,0.000000,0.000000
scalar/strings,1024,4,42656,0.050035334,852518,872977964,0.000000,0.000000
scalar/strings,1024,5,43200,0.050018541,863680,884408044,0.000000,0.000000
scalar/strings,1024,6,42560,0.050017125,850909,871330369,0.000000,0.000000
scalar/boolean,1024,0,28640,0.050006000,572731,586476823,0.000000,0.000000
scalar/boolean,1024,1,28608,0.050032209,571792,585514663,0.000000,0.000000
scalar/boolean,1024,2,28512,0.050048958,569682,583354563,0.000000,0.000000
scalar/boolean,1024,3,30048,0.050046209,600405,614814840,0.000000,0.000000
scalar/boolean,1024,4,29664,0.050028750,592939,607169597,0.000000,0.000000
scalar/boolean,1024,5,29344,0.050003750,586836,600920051,0.000000,0.000000
scalar/boolean,1024,6,28864,0.050029375,576941,590787632,0.000000,0.000000
scalar/missing,1024,0,29312,0.050007291,586155,600222236,0.000000,0.000000
scalar/missing,1024,1,29344,0.050053167,586257,600326769,0.000000,0.000000
scalar/missing,1024,2,29184,0.050025041,583388,597389136,0.000000,0.000000
scalar/missing,1024,3,29056,0.050048542,580556,594489726,0.000000,0.000000
scalar/missing,1024,4,29088,0.050028209,581432,595386335,0.000000,0.000000
scalar/missing,1024,5,29152,0.050048166,582479,596458380,0.000000,0.000000
scalar/missing,1024,6,29152,0.050022541,582777,596763927,0.000000,0.000000
scalar/short_circuit,1024,0,87424,0.050005458,1748289,1790248097,0.000000,0.000000
scalar/short_circuit,1024,1,87392,0.050004583,1747680,1789624123,0.000000,0.000000
scalar/short_circuit,1024,2,87200,0.050014833,1743483,1785326365,0.000000,0.000000
scalar/short_circuit,1024,3,88288,0.050018250,1765116,1807478510,0.000000,0.000000
scalar/short_circuit,1024,4,87360,0.050011958,1746782,1788705013,0.000000,0.000000
scalar/short_circuit,1024,5,89920,0.050003709,1798267,1841425003,0.000000,0.000000
scalar/short_circuit,1024,6,87456,0.050003208,1749008,1790983970,0.000000,0.000000
scalar/mixed,1024,0,17472,0.050014167,349341,357725202,0.000000,0.000000
scalar/mixed,1024,1,17536,0.050022708,350561,358974248,0.000000,0.000000
scalar/mixed,1024,2,17728,0.050089833,353924,362418298,0.000000,0.000000
scalar/mixed,1024,3,17504,0.050072166,349575,357965262,0.000000,0.000000
scalar/mixed,1024,4,17408,0.050038416,347893,356242132,0.000000,0.000000
scalar/mixed,1024,5,17376,0.050041667,347231,355564174,0.000000,0.000000
scalar/mixed,1024,6,17344,0.050015917,346770,355092080,0.000000,0.000000
scalar/write,1024,0,28704,0.050051750,573486,587250116,0.000000,0.000000
scalar/write,1024,1,28544,0.050050875,570300,583986913,0.000000,0.000000
scalar/write,1024,2,28960,0.050049375,578629,592515691,0.000000,0.000000
scalar/write,1024,3,28096,0.050024875,561641,575119958,0.000000,0.000000
scalar/write,1024,4,28128,0.050048208,562018,575506560,0.000000,0.000000
scalar/write,1024,5,28096,0.050004375,561871,575355736,0.000000,0.000000
scalar/write,1024,6,28096,0.050000333,561916,575402248,0.000000,0.000000
scalar/literal,10240,0,9408,0.050031375,188042,1925550117,0.000000,0.000000
scalar/literal,10240,1,9408,0.050052041,187964,1924755076,0.000000,0.000000
scalar/literal,10240,2,9408,0.050034084,188032,1925445862,0.000000,0.000000
scalar/literal,10240,3,9408,0.050074167,187881,1923904595,0.000000,0.000000
scalar/literal,10240,4,9600,0.050134250,191486,1960815211,0.000000,0.000000
scalar/literal,10240,5,9664,0.050162708,192653,1972767499,0.000000,0.000000
scalar/literal,10240,6,9536,0.050062375,190482,1950539502,0.000000,0.000000
scalar/arithmetic,10240,0,3232,0.050054750,64569,661189597,0.000000,0.000000
scalar/arithmetic,10240,1,3232,0.050141167,64458,660050054,0.000000,0.000000
scalar/arithmetic,10240,2,3232,0.050101792,64509,660568788,0.000000,0.000000
scalar/arithmetic,10240,3,3296,0.050147875,65726,673030313,0.000000,0.000000
scalar/arithmetic,10240,4,3232,0.050204416,64377,659218504,0.000000,0.000000
scalar/arithmetic,10240,5,3232,0.050183625,64403,659491617,0.000000,0.000000
scalar/arithmetic,10240,6,3232,0.050350292,64190,657308601,0.000000,0.000000
scalar/nested,10240,0,3232,0.050241542,64329,658731374,0.000000,0.000000
scalar/nested,10240,1,3232,0.050209625,64370,659150113,0.000000,0.000000
scalar/nested,10240,2,3328,0.050301000,66162,677495875,0.000000,0.000000
scalar/nested,10240,3,3232,0.050362334,64175,657151434,0.000000,0.000000
scalar/nested,10240,4,3232,0.050454792,64057,655947209,0.000000,0.000000
scalar/nested,10240,5,3232,0.050377792,64155,656949792,0.000000,0.000000
scalar/nested,10240,6,3232,0.050402750,64123,656624490,0.000000,0.000000
scalar/comparison,10240,0,3232,0.050433083,64085,656229563,0.000000,0.000000
scalar/comparison,10240,1,3232,0.050296542,64259,658011042,0.000000,0.000000
scalar/comparison,10240,2,3232,0.050306541,64246,657880255,0.000000,0.000000
scalar/comparison,10240,3,3232,0.050339458,64204,657450066,0.000000,0.000000
scalar/comparison,10240,4,3232,0.050092167,64521,660695713,0.000000,0.000000
scalar/comparison,10240,5,3200,0.050138166,63824,653554021,0.000000,0.000000
scalar/comparison,10240,6,3296,0.050107583,65778,673571503,0.000000,0.000000
scalar/strings,10240,0,4864,0.050231833,96831,991549721,0.000000,0.000000
scalar/strings,10240,1,4832,0.050025708,96590,989085052,0.000000,0.000000
scalar/strings,10240,2,4832,0.050141375,96368,986803413,0.000000,0.000000
scalar/strings,10240,3,4832,0.050199167,96257,985667352,0.000000,0.000000
scalar/strings,10240,4,4832,0.050190917,96272,985829368,0.000000,0.000000
scalar/strings,10240,5,4864,0.050056875,97169,995015370,0.000000,0.000000
scalar/strings,10240,6,4800,0.050132416,95746,980443472,0.000000,0.000000
scalar/boolean,10240,0,3200,0.050280583,63643,651702865,0.000000,0.000000
scalar/boolean,10240,1,3200,0.050236708,63698,652272040,0.000000,0.000000
scalar/boolean,10240,2,3264,0.050185583,65039,665995252,0.000000,0.000000
scalar/boolean,10240,3,3296,0.050336292,65480,670511050,0.000000,0.000000
scalar/boolean,10240,4,3232,0.050144583,64454,660005090,0.000000,0.000000
scalar/boolean,10240,5,3232,0.050125875,64478,660251417,0.000000,0.000000
scalar/boolean,10240,6,3232,0.050278000,64283,658253709,0.000000,0.000000
scalar/missing,10240,0,3232,0.050091667,64522,660702308,0.000000,0.000000
scalar/missing,10240,1,3232,0.050203625,64378,659228890,0.000000,0.000000
scalar/missing,10240,2,3232,0.050124167,64480,660273915,0.000000,0.000000
scalar/missing,10240,3,3232,0.050218791,64358,659029804,0.000000,0.000000
scalar/missing,10240,4,3232,0.050140459,64459,660059374,0.000000,0.000000
scalar/missing,10240,5,3296,0.050397667,65400,669694492,0.000000,0.000000
scalar/missing,10240,6,3264,0.050278209,64919,664768309,0.000000,0.000000
scalar/short_circuit,10240,0,9536,0.050136000,190203,1947675124,0.000000,0.000000
scalar/short_circuit,10240,1,9536,0.050101917,190332,1949000075,0.000000,0.000000
scalar/short_circuit,10240,2,9504,0.050020000,190004,1945640944,0.000000,0.000000
scalar/short_circuit,10240,3,9760,0.050140875,194652,1993232069,0.000000,0.000000
scalar/short_circuit,10240,4,9536,0.050061375,190486,1950578465,0.000000,0.000000
scalar/short_circuit,10240,5,9472,0.050114167,189008,1935446318,0.000000,0.000000
scalar/short_circuit,10240,6,9472,0.050125166,188967,1935021622,0.000000,0.000000
scalar/mixed,10240,0,1952,0.050400250,38730,396594858,0.000000,0.000000
scalar/mixed,10240,1,1984,0.050609458,39202,401430104,0.000000,0.000000
scalar/mixed,10240,2,1984,0.050742458,39099,400377924,0.000000,0.000000
scalar/mixed,10240,3,1952,0.050745459,38466,393896920,0.000000,0.000000
scalar/mixed,10240,4,1888,0.050025917,37740,386462081,0.000000,0.000000
scalar/mixed,10240,5,1984,0.050565458,39236,401779412,0.000000,0.000000
scalar/mixed,10240,6,1952,0.050146125,38926,398604678,0.000000,0.000000
scalar/write,10240,0,3200,0.050283292,63639,651667755,0.000000,0.000000
scalar/write,10240,1,3200,0.050268292,63658,651862212,0.000000,0.000000
scalar/write,10240,2,3200,0.050407875,63482,650057159,0.000000,0.000000
scalar/write,10240,3,3200,0.050322208,63590,651163796,0.000000,0.000000
scalar/write,10240,4,3296,0.050272833,65562,671357431,0.000000,0.000000
scalar/write,10240,5,3264,0.050451166,64696,662489347,0.000000,0.000000
scalar/write,10240,6,3232,0.050040375,64588,661379536,0.000000,0.000000
scalar/literal,65536,0,1504,0.050058875,30045,1969004377,0.000000,0.000000
scalar/literal,65536,1,1504,0.050033084,30060,1970019358,0.000000,0.000000
scalar/literal,65536,2,1568,0.050922708,30792,2017969037,0.000000,0.000000
scalar/literal,65536,3,1504,0.050052417,30048,1969258428,0.000000,0.000000
scalar/literal,65536,4,1504,0.050796417,29608,1940415286,0.000000,0.000000
scalar/literal,65536,5,1536,0.050622583,30342,1988505723,0.000000,0.000000
scalar/literal,65536,6,1504,0.050447750,29813,1953826365,0.000000,0.000000
scalar/arithmetic,65536,0,544,0.051777833,10506,688549171,0.000000,0.000000
scalar/arithmetic,65536,1,544,0.052869792,10289,674328055,0.000000,0.000000
scalar/arithmetic,65536,2,544,0.051543750,10554,691676178,0.000000,0.000000
scalar/arithmetic,65536,3,544,0.052293917,10403,681753941,0.000000,0.000000
scalar/arithmetic,65536,4,512,0.050345208,10170,666487106,0.000000,0.000000
scalar/arithmetic,65536,5,512,0.050315542,10176,666880067,0.000000,0.000000
scalar/arithmetic,65536,6,544,0.052369333,10388,680772161,0.000000,0.000000
scalar/nested,65536,0,544,0.053093500,10246,671486792,0.000000,0.000000
scalar/nested,65536,1,512,0.050076792,10224,670059536,0.000000,0.000000
scalar/nested,65536,2,512,0.050151834,10209,669056928,0.000000,0.000000
scalar/nested,65536,3,512,0.050125792,10214,669404525,0.000000,0.000000
scalar/nested,65536,4,512,0.050165375,10206,668876332,0.000000,0.000000
scalar/nested,65536,5,512,0.050112583,10217,669580971,0.000000,0.000000
scalar/nested,65536,6,512,0.050220750,10195,668138807,0.000000,0.000000
scalar/comparison,65536,0,544,0.052396458,10382,680419734,0.000000,0.000000
scalar/comparison,65536,1,544,0.052056584,10450,684862149,0.000000,0.000000
scalar/comparison,65536,2,544,0.052574542,10347,678114971,0.000000,0.000000
scalar/comparison,65536,3,512,0.050024375,10235,670761644,0.000000,0.000000
scalar/comparison,65536,4,544,0.053071208,10250,671768843,0.000000,0.000000
scalar/comparison,65536,5,512,0.050001166,10240,671072991,0.000000,0.000000
scalar/comparison,65536,6,544,0.053103250,10244,671363504,0.000000,0.000000
scalar/strings,65536,0,800,0.051523125,15527,1017578029,0.000000,0.000000
scalar/strings,65536,1,768,0.051020708,15053,986494503,0.000000,0.000000
scalar/strings,65536,2,768,0.051020500,15053,986498525,0.000000,0.000000
scalar/strings,65536,3,768,0.051033000,15049,986256893,0.000000,0.000000
scalar/strings,65536,4,800,0.051477500,15541,1018479918,0.000000,0.000000
scalar/strings,65536,5,768,0.050403584,15237,998572800,0.000000,0.000000
scalar/strings,65536,6,768,0.050606458,15176,994569665,0.000000,0.000000
scalar/boolean,65536,0,512,0.050270667,10185,667475369,0.000000,0.000000
scalar/boolean,65536,1,512,0.050286041,10182,667271301,0.000000,0.000000
scalar/boolean,65536,2,512,0.050316292,10176,666870126,0.000000,0.000000
scalar/boolean,65536,3,512,0.050071750,10225,670127008,0.000000,0.000000
scalar/boolean,65536,4,512,0.050712708,10096,661657271,0.000000,0.000000
scalar/boolean,65536,5,512,0.050741125,10090,661286718,0.000000,0.000000
scalar/boolean,65536,6,512,0.050762292,10086,661010972,0.000000,0.000000
scalar/missing,65536,0,512,0.050663000,10106,662306456,0.000000,0.000000
scalar/missing,65536,1,544,0.052486959,10364,679246515,0.000000,0.000000
scalar/missing,65536,2,544,0.052460042,10370,679595033,0.000000,0.000000
scalar/missing,65536,3,512,0.050025792,10235,670742644,0.000000,0.000000
scalar/missing,65536,4,512,0.050097834,10220,669778099,0.000000,0.000000
scalar/missing,65536,5,512,0.050055084,10229,670350129,0.000000,0.000000
scalar/missing,65536,6,512,0.050071416,10225,670131478,0.000000,0.000000
scalar/short_circuit,65536,0,1536,0.050211250,30591,2004795658,0.000000,0.000000
scalar/short_circuit,65536,1,1504,0.050043542,30054,1969607667,0.000000,0.000000
scalar/short_circuit,65536,2,1504,0.050374667,29856,1956660954,0.000000,0.000000
scalar/short_circuit,65536,3,1504,0.050391500,29846,1956007343,0.000000,0.000000
scalar/short_circuit,65536,4,1536,0.050790625,30242,1981926704,0.000000,0.000000
scalar/short_circuit,65536,5,1568,0.050830625,30848,2021624719,0.000000,0.000000
scalar/short_circuit,65536,6,1536,0.050948292,30148,1975793340,0.000000,0.000000
scalar/mixed,65536,0,320,0.051718125,6187,405496526,0.000000,0.000000
scalar/mixed,65536,1,320,0.051822208,6175,404682101,0.000000,0.000000
scalar/mixed,65536,2,320,0.051728125,6186,405418136,0.000000,0.000000
scalar/mixed,65536,3,320,0.051831292,6174,404611176,0.000000,0.000000
scalar/mixed,65536,4,320,0.051766959,6182,405114003,0.000000,0.000000
scalar/mixed,65536,5,320,0.051839916,6173,404543865,0.000000,0.000000
scalar/mixed,65536,6,320,0.051951875,6160,403672052,0.000000,0.000000
scalar/write,65536,0,544,0.052268917,10408,682080021,0.000000,0.000000
scalar/write,65536,1,512,0.050520000,10135,664181156,0.000000,0.000000
scalar/write,65536,2,512,0.050642209,10110,662578364,0.000000,0.000000
scalar/write,65536,3,512,0.050720834,10094,661551267,0.000000,0.000000
scalar/write,65536,4,512,0.050633416,10112,662693428,0.000000,0.000000
scalar/write,65536,5,512,0.050628750,10113,662754502,0.000000,0.000000
scalar/write,65536,6,544,0.051762708,10509,688750364,0.000000,0.000000
scalar/literal,1048576,0,128,0.066156083,1935,2028804033,0.000000,0.000000
scalar/literal,1048576,1,96,0.051608917,1860,1950502003,0.000000,0.000000
scalar/literal,1048576,2,96,0.052181417,1840,1929102385,0.000000,0.000000
scalar/literal,1048576,3,96,0.051299208,1871,1962277780,0.000000,0.000000
scalar/literal,1048576,4,96,0.052217042,1838,1927786258,0.000000,0.000000
scalar/literal,1048576,5,96,0.051741375,1855,1945508715,0.000000,0.000000
scalar/literal,1048576,6,96,0.050833292,1889,1980263171,0.000000,0.000000
scalar/arithmetic,1048576,0,64,0.099272333,645,676007725,0.000000,0.000000
scalar/arithmetic,1048576,1,32,0.050597667,632,663161643,0.000000,0.000000
scalar/arithmetic,1048576,2,32,0.050496459,634,664490791,0.000000,0.000000
scalar/arithmetic,1048576,3,64,0.098975459,647,678035391,0.000000,0.000000
scalar/arithmetic,1048576,4,64,0.099271291,645,676014821,0.000000,0.000000
scalar/arithmetic,1048576,5,32,0.050080875,639,670004907,0.000000,0.000000
scalar/arithmetic,1048576,6,64,0.099958250,640,671368937,0.000000,0.000000
scalar/nested,1048576,0,64,0.100491666,637,667805269,0.000000,0.000000
scalar/nested,1048576,1,32,0.050434417,634,665308216,0.000000,0.000000
scalar/nested,1048576,2,64,0.098595458,649,680648636,0.000000,0.000000
scalar/nested,1048576,3,64,0.099830958,641,672224983,0.000000,0.000000
scalar/nested,1048576,4,64,0.099887125,641,671846987,0.000000,0.000000
scalar/nested,1048576,5,64,0.099944459,640,671461576,0.000000,0.000000
scalar/nested,1048576,6,64,0.099690959,642,673169008,0.000000,0.000000
scalar/comparison,1048576,0,32,0.050463042,634,664930822,0.000000,0.000000
scalar/comparison,1048576,1,32,0.050473500,634,664793050,0.000000,0.000000
scalar/comparison,1048576,2,64,0.099656583,642,673401214,0.000000,0.000000
scalar/comparison,1048576,3,32,0.050220209,637,668146005,0.000000,0.000000
scalar/comparison,1048576,4,32,0.050122583,638,669447383,0.000000,0.000000
scalar/comparison,1048576,5,32,0.050275041,636,667417298,0.000000,0.000000
scalar/comparison,1048576,6,32,0.050140416,638,669209286,0.000000,0.000000
scalar/strings,1048576,0,64,0.066426750,963,1010268664,0.000000,0.000000
scalar/strings,1048576,1,64,0.066786334,958,1004829281,0.000000,0.000000
scalar/strings,1048576,2,64,0.066291792,965,1012325387,0.000000,0.000000
scalar/strings,1048576,3,64,0.067118083,954,999862645,0.000000,0.000000
scalar/strings,1048576,4,64,0.067089709,954,1000285513,0.000000,0.000000
scalar/strings,1048576,5,64,0.067114958,954,999909201,0.000000,0.000000
scalar/strings,1048576,6,64,0.067143000,953,999491593,0.000000,0.000000
scalar/boolean,1048576,0,64,0.099889917,641,671828209,0.000000,0.000000
scalar/boolean,1048576,1,32,0.050463917,634,664919293,0.000000,0.000000
scalar/boolean,1048576,2,32,0.050535500,633,663977442,0.000000,0.000000
scalar/boolean,1048576,3,32,0.050451583,634,665081847,0.000000,0.000000
scalar/boolean,1048576,4,32,0.050523917,633,664129664,0.000000,0.000000
scalar/boolean,1048576,5,64,0.099581417,643,673909511,0.000000,0.000000
scalar/boolean,1048576,6,32,0.050173209,638,668771894,0.000000,0.000000
scalar/missing,1048576,0,64,0.098897917,647,678567012,0.000000,0.000000
scalar/missing,1048576,1,64,0.099928417,640,671569370,0.000000,0.000000
scalar/missing,1048576,2,64,0.099924125,640,671598215,0.000000,0.000000
scalar/missing,1048576,3,64,0.100001084,640,671081365,0.000000,0.000000
scalar/missing,1048576,4,64,0.099271791,645,676011416,0.000000,0.000000
scalar/missing,1048576,5,64,0.098566000,649,680852059,0.000000,0.000000
scalar/missing,1048576,6,32,0.050051916,639,670392558,0.000000,0.000000
scalar/short_circuit,1048576,0,96,0.051271667,1872,1963331834,0.000000,0.000000
scalar/short_circuit,1048576,1,96,0.050317625,1908,2000557379,0.000000,0.000000
scalar/short_circuit,1048576,2,96,0.051214666,1874,1965516987,0.000000,0.000000
scalar/short_circuit,1048576,3,96,0.051498708,1864,1954676144,0.000000,0.000000
scalar/short_circuit,1048576,4,96,0.051504000,1864,1954475303,0.000000,0.000000
scalar/short_circuit,1048576,5,96,0.051599167,1860,1950870563,0.000000,0.000000
scalar/short_circuit,1048576,6,96,0.051538791,1863,1953155944,0.000000,0.000000
scalar/mixed,1048576,0,32,0.083791833,382,400449910,0.000000,0.000000
scalar/mixed,1048576,1,32,0.083799709,382,400412274,0.000000,0.000000
scalar/mixed,1048576,2,32,0.083735583,382,400718915,0.000000,0.000000
scalar/mixed,1048576,3,32,0.082350291,389,407459787,0.000000,0.000000
scalar/mixed,1048576,4,32,0.081851625,391,409942161,0.000000,0.000000
scalar/mixed,1048576,5,32,0.082726125,387,405608651,0.000000,0.000000
scalar/mixed,1048576,6,32,0.082835250,386,405074313,0.000000,0.000000
scalar/write,1048576,0,32,0.050049041,639,670431068,0.000000,0.000000
scalar/write,1048576,1,32,0.050009792,640,670957240,0.000000,0.000000
scalar/write,1048576,2,32,0.050018458,640,670840992,0.000000,0.000000
scalar/write,1048576,3,32,0.050024958,640,670753827,0.000000,0.000000
scalar/write,1048576,4,32,0.050095750,639,669805962,0.000000,0.000000
scalar/write,1048576,5,64,0.098226334,652,683206440,0.000000,0.000000
scalar/write,1048576,6,64,0.100063542,640,670662488,0.000000,0.000000
scalar/sequence_boolean,330,0,29152,0.050020917,582796,192322744,0.000000,0.000000
scalar/sequence_boolean,330,1,29184,0.050039125,583224,192463797,0.000000,0.000000
scalar/sequence_boolean,330,2,29152,0.050024791,582751,192307850,0.000000,0.000000
scalar/sequence_boolean,330,3,29088,0.050001583,581742,191974722,0.000000,0.000000
scalar/sequence_boolean,330,4,29024,0.050006041,580410,191535259,0.000000,0.000000
scalar/sequence_boolean,330,5,28800,0.050008708,575900,190046901,0.000000,0.000000
scalar/sequence_boolean,330,6,28896,0.050002250,577894,190705018,0.000000,0.000000
scalar/sequence_array_equality,330,0,20256,0.050077334,404494,133483144,0.000000,0.000000
scalar/sequence_array_equality,330,1,20288,0.050039083,405443,133796217,0.000000,0.000000
scalar/sequence_array_equality,330,2,20288,0.050000500,405756,133899461,0.000000,0.000000
scalar/sequence_array_equality,330,3,20288,0.050002042,405743,133895332,0.000000,0.000000
scalar/sequence_array_equality,330,4,20448,0.050004541,408923,134944544,0.000000,0.000000
scalar/sequence_array_equality,330,5,20512,0.050048959,409839,135246769,0.000000,0.000000
scalar/sequence_array_equality,330,6,20416,0.050070500,407745,134555876,0.000000,0.000000
scalar/sequence_equality,330,0,16064,0.050094833,320672,105821692,3.000000,672.000000
scalar/sequence_equality,330,1,16064,0.050028625,321096,105961737,3.000000,672.000000
scalar/sequence_equality,330,2,16192,0.050052416,323501,106755286,3.000000,672.000000
scalar/sequence_equality,330,3,16192,0.050055916,323478,106747822,3.000000,672.000000
scalar/sequence_equality,330,4,16224,0.050002167,324466,107073759,3.000000,672.000000
scalar/sequence_equality,330,5,15584,0.050011458,311609,102830835,3.000000,672.000000
scalar/sequence_equality,330,6,16192,0.050042625,323564,106776173,3.000000,672.000000
scalar/array_equality,330,0,14464,0.050013542,289202,95436552,16.000000,3264.000000
scalar/array_equality,330,1,14624,0.050066958,292089,96389319,16.000000,3264.000000
scalar/array_equality,330,2,14688,0.050030167,293583,96882347,16.000000,3264.000000
scalar/array_equality,330,3,14656,0.050105625,292502,96525689,16.000000,3264.000000
scalar/array_equality,330,4,14688,0.050077042,293308,96791660,16.000000,3264.000000
scalar/array_equality,330,5,14560,0.050043875,290945,96011750,16.000000,3264.000000
scalar/array_equality,330,6,14496,0.050044458,289662,95588606,16.000000,3264.000000
scalar/singleton,15,0,401696,0.050003333,8033384,120500767,0.000000,0.000000
scalar/singleton,15,1,402944,0.050001166,8058692,120880381,0.000000,0.000000
scalar/singleton,15,2,397376,0.050003416,7946977,119204656,0.000000,0.000000
scalar/singleton,15,3,396320,0.050002708,7925971,118889561,0.000000,0.000000
scalar/singleton,15,4,396544,0.050002958,7930411,118956163,0.000000,0.000000
scalar/singleton,15,5,405184,0.050000833,8103545,121553175,0.000000,0.000000
scalar/singleton,15,6,400704,0.050002500,8013679,120205190,0.000000,0.000000
scalar/sequence_type_error,330,0,46336,0.050030000,926164,305634219,0.000000,0.000000
scalar/sequence_type_error,330,1,47552,0.050006000,950926,313805543,0.000000,0.000000
scalar/sequence_type_error,330,2,47072,0.050034000,940800,310464084,0.000000,0.000000
scalar/sequence_type_error,330,3,46848,0.050003667,936891,309174125,0.000000,0.000000
scalar/sequence_type_error,330,4,47040,0.050016625,940487,310360805,0.000000,0.000000
scalar/sequence_type_error,330,5,47328,0.050004042,946483,312339550,0.000000,0.000000
scalar/sequence_type_error,330,6,47392,0.050012959,947594,312706153,0.000000,0.000000
scalar/object_equality,125,0,35648,0.050029125,712545,89068118,3.000000,1396.000000
scalar/object_equality,125,1,36736,0.050033416,734229,91778662,3.000000,1396.000000
scalar/object_equality,125,2,36768,0.050001250,735342,91917702,3.000000,1396.000000
scalar/object_equality,125,3,36320,0.050025334,726032,90754017,3.000000,1396.000000
scalar/object_equality,125,4,36064,0.050020292,720987,90123424,3.000000,1396.000000
scalar/object_equality,125,5,36672,0.050008917,733309,91663653,3.000000,1396.000000
scalar/object_equality,125,6,35840,0.050017709,716546,89568277,3.000000,1396.000000
scalar/object_equality,2389,0,2208,0.050239292,43950,104995747,7.000000,24948.000000
scalar/object_equality,2389,1,2240,0.050414833,44431,106146538,7.000000,24948.000000
scalar/object_equality,2389,2,2208,0.050447541,43768,104562321,7.000000,24948.000000
scalar/object_equality,2389,3,2208,0.050201167,43983,105075486,7.000000,24948.000000
scalar/object_equality,2389,4,2208,0.050116625,44057,105252738,7.000000,24948.000000
scalar/object_equality,2389,5,2208,0.050062084,44105,105367407,7.000000,24948.000000
scalar/object_equality,2389,6,2176,0.050206542,43341,103541566,7.000000,24948.000000
scalar/escaped_strings,26,0,540544,0.050000250,10810826,281081475,0.000000,0.000000
scalar/escaped_strings,26,1,547808,0.050002625,10955585,284845206,0.000000,0.000000
scalar/escaped_strings,26,2,545504,0.050001625,10909725,283652861,0.000000,0.000000
scalar/escaped_strings,26,3,552320,0.050002416,11045866,287192523,0.000000,0.000000
scalar/escaped_strings,26,4,545952,0.050002750,10918439,283879427,0.000000,0.000000
scalar/escaped_strings,26,5,552512,0.050002709,11049641,287290675,0.000000,0.000000
scalar/escaped_strings,26,6,553088,0.050000667,11061612,287601923,0.000000,0.000000
compile/filter,0,0,84832,0.050000958,1696607,0,20.000000,1539.000000
compile/filter,0,1,85280,0.050018125,1704982,0,20.000000,1539.000000
compile/filter,0,2,85056,0.050008125,1700844,0,20.000000,1539.000000
compile/filter,0,3,85216,0.050000959,1704287,0,20.000000,1539.000000
compile/filter,0,4,85408,0.050011500,1707767,0,20.000000,1539.000000
compile/filter,0,5,85344,0.050006542,1706657,0,20.000000,1539.000000
compile/filter,0,6,86688,0.050015917,1733208,0,20.000000,1539.000000
filter/predicate,100,0,104096,0.050011875,2081426,208142566,0.000000,0.000000
filter/predicate,100,1,103936,0.050007458,2078410,207840998,0.000000,0.000000
filter/predicate,100,2,103392,0.050002792,2067725,206772454,0.000000,0.000000
filter/predicate,100,3,104544,0.050003625,2090728,209072842,0.000000,0.000000
filter/predicate,100,4,102464,0.050000417,2049263,204926291,0.000000,0.000000
filter/predicate,100,5,103008,0.050006417,2059896,205989563,0.000000,0.000000
filter/predicate,100,6,102816,0.050013666,2055758,205575812,0.000000,0.000000
filter/none,100,0,120672,0.050000125,2413434,241343397,0.000000,0.000000
filter/none,100,1,118400,0.050005458,2367742,236774154,0.000000,0.000000
filter/none,100,2,118688,0.050010375,2373268,237326755,0.000000,0.000000
filter/none,100,3,119168,0.050004625,2383140,238313956,0.000000,0.000000
filter/none,100,4,118464,0.050006125,2368990,236898980,0.000000,0.000000
filter/none,100,5,118592,0.050001917,2371749,237174907,0.000000,0.000000
filter/none,100,6,117280,0.050012875,2344996,234499616,0.000000,0.000000
filter/first,100,0,148000,0.050005750,2959660,295965964,0.000000,0.000000
filter/first,100,1,149152,0.050001041,2982978,298297789,0.000000,0.000000
filter/first,100,2,149984,0.050004667,2999400,299940004,0.000000,0.000000
filter/first,100,3,150368,0.050000500,3007330,300732993,0.000000,0.000000
filter/first,100,4,149824,0.050006792,2996073,299607301,0.000000,0.000000
filter/first,100,5,149888,0.050003458,2997553,299755269,0.000000,0.000000
filter/first,100,6,148704,0.050001875,2973968,297396848,0.000000,0.000000
filter/last,100,0,129216,0.050010292,2583788,258378815,0.000000,0.000000
filter/last,100,1,129088,0.050006375,2581431,258143087,0.000000,0.000000
filter/last,100,2,128928,0.050004666,2578319,257831939,0.000000,0.000000
filter/last,100,3,129600,0.050011208,2591419,259141911,0.000000,0.000000
filter/last,100,4,129728,0.050001250,2594495,259449514,0.000000,0.000000
filter/last,100,5,129984,0.050002250,2599563,259956302,0.000000,0.000000
filter/last,100,6,131680,0.050001500,2633521,263352099,0.000000,0.000000
filter/computed_last,100,0,116288,0.050002416,2325648,232564762,0.000000,0.000000
filter/computed_last,100,1,116480,0.050000167,2329592,232959222,0.000000,0.000000
filter/computed_last,100,2,117344,0.050005917,2346602,234660230,0.000000,0.000000
filter/computed_last,100,3,117216,0.050011292,2343791,234379068,0.000000,0.000000
filter/computed_last,100,4,117536,0.050007125,2350385,235038507,0.000000,0.000000
filter/computed_last,100,5,117536,0.050001584,2350646,235064553,0.000000,0.000000
filter/computed_last,100,6,117024,0.050010958,2339967,233996717,0.000000,0.000000
filter/chained,100,0,80768,0.050004000,1615231,161523078,0.000000,0.000000
filter/chained,100,1,80768,0.050013000,1614940,161494012,0.000000,0.000000
filter/chained,100,2,80544,0.050010291,1610549,161054852,0.000000,0.000000
filter/chained,100,3,80416,0.050004416,1608178,160817797,0.000000,0.000000
filter/chained,100,4,80768,0.050000791,1615334,161533445,0.000000,0.000000
filter/chained,100,5,80800,0.050010208,1615670,161567014,0.000000,0.000000
filter/chained,100,6,80096,0.050018167,1601338,160133817,0.000000,0.000000
filter/predicate,500,0,55264,0.050026166,1104702,552350944,0.000000,0.000000
filter/predicate,500,1,54912,0.050024458,1097703,548851524,0.000000,0.000000
filter/predicate,500,2,55040,0.050002125,1100753,550376609,0.000000,0.000000
filter/predicate,500,3,55360,0.050000875,1107181,553590312,0.000000,0.000000
filter/predicate,500,4,56288,0.050006709,1125609,562804483,0.000000,0.000000
filter/predicate,500,5,55744,0.050026542,1114288,557144246,0.000000,0.000000
filter/predicate,500,6,56032,0.050022750,1120130,560065170,0.000000,0.000000
filter/none,500,0,60352,0.050012333,1206742,603371172,0.000000,0.000000
filter/none,500,1,61280,0.050023250,1225030,612515180,0.000000,0.000000
filter/none,500,2,60320,0.050019750,1205924,602961830,0.000000,0.000000
filter/none,500,3,60288,0.050017000,1205350,602675090,0.000000,0.000000
filter/none,500,4,60736,0.050017791,1214288,607143966,0.000000,0.000000
filter/none,500,5,59712,0.050010584,1193987,596993628,0.000000,0.000000
filter/none,500,6,59840,0.050001791,1196757,598378566,0.000000,0.000000
filter/first,500,0,66688,0.050003625,1333663,666831655,0.000000,0.000000
filter/first,500,1,67552,0.050018917,1350529,675264520,0.000000,0.000000
filter/first,500,2,67552,0.050021000,1350473,675236401,0.000000,0.000000
filter/first,500,3,67392,0.050013000,1347490,673744826,0.000000,0.000000
filter/first,500,4,67488,0.050011958,1349437,674718634,0.000000,0.000000
filter/first,500,5,67392,0.050006750,1347658,673829033,0.000000,0.000000
filter/first,500,6,67360,0.050006167,1347034,673516928,0.000000,0.000000
filter/last,500,0,63008,0.050016292,1259750,629874762,0.000000,0.000000
filter/last,500,1,63840,0.050018500,1276328,638163879,0.000000,0.000000
filter/last,500,2,63840,0.050002917,1276726,638362758,0.000000,0.000000
filter/last,500,3,63456,0.050010708,1268848,634424132,0.000000,0.000000
filter/last,500,4,63520,0.050015250,1270013,635006323,0.000000,0.000000
filter/last,500,5,63200,0.050014792,1263626,631813084,0.000000,0.000000
filter/last,500,6,63104,0.050005042,1261953,630976372,0.000000,0.000000
filter/computed_last,500,0,60128,0.050024125,1201980,600990022,0.000000,0.000000
filter/computed_last,500,1,60096,0.050020958,1201416,600708207,0.000000,0.000000
filter/computed_last,500,2,60128,0.050009833,1202324,601161776,0.000000,0.000000
filter/computed_last,500,3,60032,0.050013584,1200314,600156949,0.000000,0.000000
filter/computed_last,500,4,60032,0.050001792,1200597,600298485,0.000000,0.000000
filter/computed_last,500,5,60480,0.050013375,1209277,604638259,0.000000,0.000000
filter/computed_last,500,6,59872,0.050007958,1197249,598624723,0.000000,0.000000
filter/chained,500,0,47936,0.050010917,958511,479255359,0.000000,0.000000
filter/chained,500,1,48128,0.050031875,961947,480973379,0.000000,0.000000
filter/chained,500,2,47648,0.050010875,952753,476376388,0.000000,0.000000
filter/chained,500,3,47712,0.050026834,953728,476864077,0.000000,0.000000
filter/chained,500,4,47648,0.050018125,952615,476307339,0.000000,0.000000
filter/chained,500,5,47840,0.050023750,956346,478172868,0.000000,0.000000
filter/chained,500,6,48448,0.050024959,968477,484238278,0.000000,0.000000
filter/predicate,1024,0,36256,0.050037708,724574,741963321,0.000000,0.000000
filter/predicate,1024,1,34976,0.050029000,699115,715893262,0.000000,0.000000
filter/predicate,1024,2,34848,0.050013292,696775,713497364,0.000000,0.000000
filter/predicate,1024,3,35008,0.050042958,699559,716348382,0.000000,0.000000
filter/predicate,1024,4,34816,0.050013208,696136,712843375,0.000000,0.000000
filter/predicate,1024,5,34816,0.050018458,696063,712768554,0.000000,0.000000
filter/predicate,1024,6,34848,0.050017209,696720,713441488,0.000000,0.000000
filter/none,1024,0,37472,0.050019375,749150,767129297,0.000000,0.000000
filter/none,1024,1,37216,0.050019000,744037,761894160,0.000000,0.000000
filter/none,1024,2,37088,0.050026542,741366,759159248,0.000000,0.000000
filter/none,1024,3,37024,0.050036584,739939,757697128,0.000000,0.000000
filter/none,1024,4,37056,0.050026875,740722,758499187,0.000000,0.000000
filter/none,1024,5,37120,0.050034000,741896,759701003,0.000000,0.000000
filter/none,1024,6,37152,0.050001500,743018,760850134,0.000000,0.000000
filter/first,1024,0,39648,0.050010750,792790,811816499,0.000000,0.000000
filter/first,1024,1,40736,0.050025250,814309,833852185,0.000000,0.000000
filter/first,1024,2,39936,0.050002667,798677,817845656,0.000000,0.000000
filter/first,1024,3,39648,0.050032750,792441,811459534,0.000000,0.000000
filter/first,1024,4,39808,0.050034625,795609,814703658,0.000000,0.000000
filter/first,1024,5,39776,0.050029500,795051,814132142,0.000000,0.000000
filter/first,1024,6,39712,0.050018792,793942,812996204,0.000000,0.000000
filter/last,1024,0,38080,0.050037208,761034,779298477,0.000000,0.000000
filter/last,1024,1,38272,0.050036625,764880,783236839,0.000000,0.000000
filter/last,1024,2,37888,0.050040542,757146,775317581,0.000000,0.000000
filter/last,1024,3,37632,0.050039875,752040,770089214,0.000000,0.000000
filter/last,1024,4,37440,0.050042625,748162,766118084,0.000000,0.000000
filter/last,1024,5,37472,0.050012541,749252,767234122,0.000000,0.000000
filter/last,1024,6,37792,0.050012500,755651,773786713,0.000000,0.000000
filter/computed_last,1024,0,37344,0.050022917,746538,764454740,0.000000,0.000000
filter/computed_last,1024,1,36672,0.050004250,733378,750978727,0.000000,0.000000
filter/computed_last,1024,2,36672,0.050005042,733366,750966833,0.000000,0.000000
filter/computed_last,1024,3,36704,0.050008917,733949,751563886,0.000000,0.000000
filter/computed_last,1024,4,36736,0.050039167,734145,751764393,0.000000,0.000000
filter/computed_last,1024,5,36608,0.050016708,731915,749481393,0.000000,0.000000
filter/computed_last,1024,6,36704,0.050006875,733979,751594576,0.000000,0.000000
filter/chained,1024,0,31904,0.050008792,637968,653279047,0.000000,0.000000
filter/chained,1024,1,32736,0.050007625,654620,670331055,0.000000,0.000000
filter/chained,1024,2,32192,0.050038916,643339,658779419,0.000000,0.000000
filter/chained,1024,3,32192,0.050039250,643335,658775022,0.000000,0.000000
filter/chained,1024,4,32032,0.050004958,640576,655950316,0.000000,0.000000
filter/chained,1024,5,31968,0.050010458,639226,654567731,0.000000,0.000000
filter/chained,1024,6,32000,0.050012167,639844,655200563,0.000000,0.000000
filter/predicate,10240,0,4736,0.050238458,94270,965328992,0.000000,0.000000
filter/predicate,10240,1,4736,0.050118917,94495,967631443,0.000000,0.000000
filter/predicate,10240,2,4704,0.050279875,93556,958016702,0.000000,0.000000
filter/predicate,10240,3,4640,0.050042000,92722,949474441,0.000000,0.000000
filter/predicate,10240,4,4640,0.050025709,92752,949783640,0.000000,0.000000
filter/predicate,10240,5,4736,0.050091625,94547,968158649,0.000000,0.000000
filter/predicate,10240,6,4672,0.050192541,93082,953155171,0.000000,0.000000
filter/none,10240,0,4672,0.050048542,93349,955897576,0.000000,0.000000
filter/none,10240,1,4672,0.050078708,93293,955321771,0.000000,0.000000
filter/none,10240,2,4704,0.050246958,93618,958644302,0.000000,0.000000
filter/none,10240,3,4672,0.050092458,93268,955059542,0.000000,0.000000
filter/none,10240,4,4704,0.050262250,93589,958352640,0.000000,0.000000
filter/none,10240,5,4704,0.050314333,93492,957360599,0.000000,0.000000
filter/none,10240,6,4704,0.050210041,93686,959349147,0.000000,0.000000
filter/first,10240,0,4736,0.050024292,94674,969461797,0.000000,0.000000
filter/first,10240,1,4768,0.050199791,94980,972600065,0.000000,0.000000
filter/first,10240,2,4736,0.050208000,94328,965914595,0.000000,0.000000
filter/first,10240,3,4736,0.050304542,94147,964060860,0.000000,0.000000
filter/first,10240,4,4704,0.050014250,94053,963104715,0.000000,0.000000
filter/first,10240,5,4736,0.050227666,94291,965536404,0.000000,0.000000
filter/first,10240,6,4896,0.050300458,97335,996711402,0.000000,0.000000
filter/last,10240,0,4736,0.050247625,94253,965152880,0.000000,0.000000
filter/last,10240,1,4704,0.050010917,94059,963168902,0.000000,0.000000
filter/last,10240,2,4704,0.050024250,94034,962912188,0.000000,0.000000
filter/last,10240,3,4704,0.050098792,93894,961479470,0.000000,0.000000
filter/last,10240,4,4736,0.050212667,94319,965824819,0.000000,0.000000
filter/last,10240,5,4864,0.050112959,97061,993901797,0.000000,0.000000
filter/last,10240,6,4736,0.050228750,94289,965515566,0.000000,0.000000
filter/computed_last,10240,0,4704,0.050271833,93571,958169956,0.000000,0.000000
filter/computed_last,10240,1,4704,0.050271042,93573,958185032,0.000000,0.000000
filter/computed_last,10240,2,4768,0.050219833,94943,972211915,0.000000,0.000000
filter/computed_last,10240,3,4704,0.050182583,93738,959874066,0.000000,0.000000
filter/computed_last,10240,4,4704,0.050331667,93460,957030889,0.000000,0.000000
filter/computed_last,10240,5,4672,0.050006875,93427,956694055,0.000000,0.000000
filter/computed_last,10240,6,4800,0.050257458,95508,978004100,0.000000,0.000000
filter/chained,10240,0,4672,0.050327750,92831,950594453,0.000000,0.000000
filter/chained,10240,1,4608,0.050009542,92142,943538335,0.000000,0.000000
filter/chained,10240,2,4640,0.050101833,92611,948340553,0.000000,0.000000
filter/chained,10240,3,4608,0.050090542,91993,942012566,0.000000,0.000000
filter/chained,10240,4,4608,0.050100875,91974,941818282,0.000000,0.000000
filter/chained,10240,5,4608,0.050005292,92150,943618527,0.000000,0.000000
filter/chained,10240,6,4672,0.050067625,93314,955533241,0.000000,0.000000
filter/predicate,65536,0,768,0.051145917,15016,984079492,0.000000,0.000000
filter/predicate,65536,1,768,0.051078166,15036,985384792,0.000000,0.000000
filter/predicate,65536,2,768,0.051125959,15022,984463646,0.000000,0.000000
filter/predicate,65536,3,768,0.051131542,15020,984356153,0.000000,0.000000
filter/predicate,65536,4,768,0.051126000,15022,984462856,0.000000,0.000000
filter/predicate,65536,5,800,0.051885959,15418,1010462195,0.000000,0.000000
filter/predicate,65536,6,768,0.050049042,15345,1005646582,0.000000,0.000000
filter/none,65536,0,768,0.050513875,15204,996392536,0.000000,0.000000
filter/none,65536,1,768,0.050263666,15279,1001352508,0.000000,0.000000
filter/none,65536,2,768,0.050301917,15268,1000591051,0.000000,0.000000
filter/none,65536,3,768,0.050935958,15078,988135886,0.000000,0.000000
filter/none,65536,4,768,0.051017583,15054,986554930,0.000000,0.000000
filter/none,65536,5,768,0.050750875,15133,991739512,0.000000,0.000000
filter/none,65536,6,768,0.050800542,15118,990769902,0.000000,0.000000
filter/first,65536,0,768,0.051000500,15059,986885383,0.000000,0.000000
filter/first,65536,1,768,0.051027958,15051,986354343,0.000000,0.000000
filter/first,65536,2,768,0.050244667,15285,1001731149,0.000000,0.000000
filter/first,65536,3,800,0.051982791,15390,1008579936,0.000000,0.000000
filter/first,65536,4,768,0.050472375,15216,997211802,0.000000,0.000000
filter/first,65536,5,768,0.050389666,15241,998848613,0.000000,0.000000
filter/first,65536,6,800,0.051959167,15397,1009038501,0.000000,0.000000
filter/last,65536,0,768,0.050555666,15191,995568884,0.000000,0.000000
filter/last,65536,1,768,0.050708708,15145,992564196,0.000000,0.000000
filter/last,65536,2,768,0.050702417,15147,992687351,0.000000,0.000000
filter/last,65536,3,768,0.050698291,15148,992768139,0.000000,0.000000
filter/last,65536,4,768,0.050622750,15171,994249581,0.000000,0.000000
filter/last,65536,5,768,0.050843500,15105,989932794,0.000000,0.000000
filter/last,65536,6,768,0.050690208,15151,992926444,0.000000,0.000000
filter/computed_last,65536,0,768,0.050795000,15120,990878000,0.000000,0.000000
filter/computed_last,65536,1,800,0.052019958,15379,1007859330,0.000000,0.000000
filter/computed_last,65536,2,768,0.051129542,15021,984394658,0.000000,0.000000
filter/computed_last,65536,3,768,0.051159458,15012,983819023,0.000000,0.000000
filter/computed_last,65536,4,768,0.051116542,15024,984645010,0.000000,0.000000
filter/computed_last,65536,5,768,0.050495667,15209,996751820,0.000000,0.000000
filter/computed_last,65536,6,768,0.050771000,15127,991346399,0.000000,0.000000
filter/chained,65536,0,768,0.051233875,14990,982390030,0.000000,0.000000
filter/chained,65536,1,768,0.050205083,15297,1002520960,0.000000,0.000000
filter/chained,65536,2,768,0.051096375,15030,985033635,0.000000,0.000000
filter/chained,65536,3,768,0.051100792,15029,984948492,0.000000,0.000000
filter/chained,65536,4,768,0.051095875,15031,985043274,0.000000,0.000000
filter/chained,65536,5,800,0.051688875,15477,1014314976,0.000000,0.000000
filter/chained,65536,6,768,0.050474875,15215,997162410,0.000000,0.000000
filter/predicate,1048576,0,64,0.067349666,950,996424600,0.000000,0.000000
filter/predicate,1048576,1,64,0.067246584,952,997952015,0.000000,0.000000
filter/predicate,1048576,2,64,0.065850917,972,1019102953,0.000000,0.000000
filter/predicate,1048576,3,64,0.067304125,951,997098826,0.000000,0.000000
filter/predicate,1048576,4,64,0.067472083,949,994616751,0.000000,0.000000
filter/predicate,1048576,5,64,0.067585917,947,992941532,0.000000,0.000000
filter/predicate,1048576,6,64,0.066928250,956,1002698621,0.000000,0.000000
filter/none,1048576,0,64,0.067921500,942,988035659,0.000000,0.000000
filter/none,1048576,1,64,0.067888417,943,988517143,0.000000,0.000000
filter/none,1048576,2,64,0.067850209,943,989073799,0.000000,0.000000
filter/none,1048576,3,64,0.065325875,980,1027293764,0.000000,0.000000
filter/none,1048576,4,64,0.066512584,962,1008964920,0.000000,0.000000
filter/none,1048576,5,64,0.067546458,947,993521585,0.000000,0.000000
filter/none,1048576,6,64,0.067791042,944,989937048,0.000000,0.000000
filter/first,1048576,0,64,0.067397792,950,995713094,0.000000,0.000000
filter/first,1048576,1,64,0.067887083,943,988536567,0.000000,0.000000
filter/first,1048576,2,64,0.066646875,960,1006931893,0.000000,0.000000
filter/first,1048576,3,64,0.066459583,963,1009769562,0.000000,0.000000
filter/first,1048576,4,64,0.066682833,960,1006388916,0.000000,0.000000
filter/first,1048576,5,64,0.067184542,953,998873580,0.000000,0.000000
filter/first,1048576,6,64,0.067199625,952,998649382,0.000000,0.000000
filter/last,1048576,0,64,0.066491750,963,1009281061,0.000000,0.000000
filter/last,1048576,1,64,0.067082625,954,1000391145,0.000000,0.000000
filter/last,1048576,2,64,0.067454083,949,994882163,0.000000,0.000000
filter/last,1048576,3,64,0.065896375,971,1018399935,0.000000,0.000000
filter/last,1048576,4,64,0.067183125,953,998894648,0.000000,0.000000
filter/last,1048576,5,64,0.067291833,951,997280963,0.000000,0.000000
filter/last,1048576,6,64,0.067350792,950,996407941,0.000000,0.000000
filter/computed_last,1048576,0,64,0.067207333,952,998534847,0.000000,0.000000
filter/computed_last,1048576,1,64,0.066645250,960,1006956445,0.000000,0.000000
filter/computed_last,1048576,2,64,0.067926083,942,987968996,0.000000,0.000000
filter/computed_last,1048576,3,64,0.067927209,942,987952619,0.000000,0.000000
filter/computed_last,1048576,4,64,0.067946875,942,987666673,0.000000,0.000000
filter/computed_last,1048576,5,64,0.066653500,960,1006831809,0.000000,0.000000
filter/computed_last,1048576,6,64,0.065867917,972,1018839931,0.000000,0.000000
filter/chained,1048576,0,64,0.067198000,952,998673532,0.000000,0.000000
filter/chained,1048576,1,64,0.067268875,951,997621322,0.000000,0.000000
filter/chained,1048576,2,64,0.065995583,970,1016869023,0.000000,0.000000
filter/chained,1048576,3,64,0.065795417,973,1019962591,0.000000,0.000000
filter/chained,1048576,4,64,0.066728542,959,1005699540,0.000000,0.000000
filter/chained,1048576,5,64,0.067741667,945,990658585,0.000000,0.000000
filter/chained,1048576,6,64,0.067804791,944,989736315,0.000000,0.000000
filter/wide_predicate,164,0,31776,0.050034042,635088,104154368,0.000000,0.000000
filter/wide_predicate,164,1,32672,0.050022792,653142,107115333,0.000000,0.000000
filter/wide_predicate,164,2,31808,0.050015500,635963,104297908,0.000000,0.000000
filter/wide_predicate,164,3,32896,0.050019709,657661,107856365,0.000000,0.000000
filter/wide_predicate,164,4,32480,0.050002166,649572,106529785,0.000000,0.000000
filter/wide_predicate,164,5,32192,0.050048500,643216,105487437,0.000000,0.000000
filter/wide_predicate,164,6,32256,0.050019625,644867,105758170,0.000000,0.000000
filter/wide_last,164,0,60864,0.050013375,1216954,199580532,0.000000,0.000000
filter/wide_last,164,1,60992,0.050004959,1219719,200033921,0.000000,0.000000
filter/wide_last,164,2,60736,0.050010291,1214470,199173086,0.000000,0.000000
filter/wide_last,164,3,60704,0.050015458,1213705,199047582,0.000000,0.000000
filter/wide_last,164,4,60576,0.050011958,1211230,198641773,0.000000,0.000000
filter/wide_last,164,5,60480,0.050020167,1209112,198294420,0.000000,0.000000
filter/wide_last,164,6,60480,0.050008958,1209383,198338866,0.000000,0.000000
filter/sequence_last,164,0,31360,0.050033084,626785,102792784,0.000000,0.000000
filter/sequence_last,164,1,31648,0.050030500,632574,103742157,0.000000,0.000000
filter/sequence_last,164,2,31648,0.050034916,632518,103733001,0.000000,0.000000
filter/sequence_last,164,3,31488,0.050039500,629263,103199113,0.000000,0.000000
filter/sequence_last,164,4,31520,0.050034542,629965,103314226,0.000000,0.000000
filter/sequence_last,164,5,31552,0.050048334,630431,103390614,0.000000,0.000000
filter/sequence_last,164,6,31520,0.050008833,630289,103367339,0.000000,0.000000
filter/wide_predicate,2736,0,2080,0.050749834,40985,112135933,0.000000,0.000000
filter/wide_predicate,2736,1,2080,0.050315791,41339,113103260,0.000000,0.000000
filter/wide_predicate,2736,2,2048,0.050364500,40664,111255507,0.000000,0.000000
filter/wide_predicate,2736,3,2080,0.050346750,41313,113033711,0.000000,0.000000
filter/wide_predicate,2736,4,2080,0.050104875,41513,113579367,0.000000,0.000000
filter/wide_predicate,2736,5,2080,0.050735333,40997,112167984,0.000000,0.000000
filter/wide_predicate,2736,6,2080,0.050758375,40978,112117064,0.000000,0.000000
filter/wide_last,2736,0,4544,0.050011167,90860,248592159,0.000000,0.000000
filter/wide_last,2736,1,4608,0.050146084,91892,251415205,0.000000,0.000000
filter/wide_last,2736,2,4640,0.050213542,92405,252821042,0.000000,0.000000
filter/wide_last,2736,3,4640,0.050236708,92363,252704457,0.000000,0.000000
filter/wide_last,2736,4,4640,0.050037083,92731,253712631,0.000000,0.000000
filter/wide_last,2736,5,4576,0.050322167,90934,248795645,0.000000,0.000000
filter/wide_last,2736,6,4544,0.050052583,90785,248386462,0.000000,0.000000
filter/sequence_last,2736,0,2368,0.050064625,47299,129409698,0.000000,0.000000
filter/sequence_last,2736,1,2368,0.050262250,47113,128900875,0.000000,0.000000
filter/sequence_last,2736,2,2336,0.050049916,46673,127698436,0.000000,0.000000
filter/sequence_last,2736,3,2336,0.050076875,46648,127629689,0.000000,0.000000
filter/sequence_last,2736,4,2368,0.050329875,47050,128727679,0.000000,0.000000
filter/sequence_last,2736,5,2368,0.050023458,47338,129516196,0.000000,0.000000
filter/sequence_last,2736,6,2400,0.050546708,47481,129907570,0.000000,0.000000
filter/wide_predicate,23392,0,256,0.050842500,5035,117782406,0.000000,0.000000
filter/wide_predicate,23392,1,256,0.050908000,5029,117630864,0.000000,0.000000
filter/wide_predicate,23392,2,256,0.051521125,4969,116231002,0.000000,0.000000
filter/wide_predicate,23392,3,256,0.050531875,5066,118506428,0.000000,0.000000
filter/wide_predicate,23392,4,256,0.051588291,4962,116079674,0.000000,0.000000
filter/wide_predicate,23392,5,256,0.051922000,4930,115333616,0.000000,0.000000
filter/wide_predicate,23392,6,256,0.050380500,5081,118862496,0.000000,0.000000
filter/wide_last,23392,0,576,0.050497125,11407,266822953,0.000000,0.000000
filter/wide_last,23392,1,576,0.050063458,11505,269134266,0.000000,0.000000
filter/wide_last,23392,2,576,0.050020708,11515,269364280,0.000000,0.000000
filter/wide_last,23392,3,576,0.050018625,11516,269375498,0.000000,0.000000
filter/wide_last,23392,4,576,0.050078125,11502,269055441,0.000000,0.000000
filter/wide_last,23392,5,576,0.050157250,11484,268630996,0.000000,0.000000
filter/wide_last,23392,6,576,0.052309541,11011,257578097,0.000000,0.000000
filter/sequence_last,23392,0,288,0.050005125,5759,134724111,0.000000,0.000000
filter/sequence_last,23392,1,320,0.053711833,5958,139362959,0.000000,0.000000
filter/sequence_last,23392,2,320,0.053382584,5994,140222512,0.000000,0.000000
filter/sequence_last,23392,3,320,0.053248417,6010,140575822,0.000000,0.000000
filter/sequence_last,23392,4,320,0.053336625,6000,140343338,0.000000,0.000000
filter/sequence_last,23392,5,320,0.053325458,6001,140372728,0.000000,0.000000
filter/sequence_last,23392,6,320,0.053603750,5970,139643961,0.000000,0.000000
filter/nested,892,0,3872,0.050275500,77016,68697954,0.000000,0.000000
filter/nested,892,1,3872,0.050013459,77419,69057891,0.000000,0.000000
filter/nested,892,2,3904,0.050392791,77471,69104488,0.000000,0.000000
filter/nested,892,3,3872,0.050043375,77373,69016608,0.000000,0.000000
filter/nested,892,4,3872,0.050188125,77150,68817554,0.000000,0.000000
filter/nested,892,5,3904,0.050101458,77922,69506321,0.000000,0.000000
filter/nested,892,6,3904,0.050272000,77658,69270528,0.000000,0.000000
filter/per_group,892,0,5248,0.050114792,104720,93409866,0.000000,0.000000
filter/per_group,892,1,5376,0.050008292,107502,95891937,0.000000,0.000000
filter/per_group,892,2,5472,0.050247375,108901,97139880,0.000000,0.000000
filter/per_group,892,3,5440,0.050275583,108204,96517628,0.000000,0.000000
filter/per_group,892,4,5408,0.050144500,107848,96200700,0.000000,0.000000
filter/per_group,892,5,5440,0.050190458,108387,96681325,0.000000,0.000000
filter/per_group,892,6,5376,0.050013333,107491,95882272,0.000000,0.000000
filter/global,892,0,7872,0.050170959,156904,139957939,0.000000,0.000000
filter/global,892,1,7776,0.050096166,155221,138457542,0.000000,0.000000
filter/global,892,2,7872,0.050015042,157393,140394244,0.000000,0.000000
filter/global,892,3,7904,0.050146875,157617,140594364,0.000000,0.000000
filter/global,892,4,7904,0.050130750,157668,140639587,0.000000,0.000000
filter/global,892,5,7872,0.050015875,157390,140391906,0.000000,0.000000
filter/global,892,6,7840,0.050067333,156589,139677502,0.000000,0.000000
filter/deep,136,0,3808,0.050288958,75722,10298245,0.000000,0.000000
filter/deep,136,1,3840,0.050224500,76457,10398112,0.000000,0.000000
filter/deep,136,2,3968,0.050101167,79200,10771166,0.000000,0.000000
filter/deep,136,3,3968,0.050397417,78734,10707850,0.000000,0.000000
filter/deep,136,4,3936,0.050228208,78362,10657278,0.000000,0.000000
filter/deep,136,5,3904,0.050351791,77534,10544689,0.000000,0.000000
filter/deep,136,6,3968,0.050359708,78793,10715868,0.000000,0.000000
filter/negative_chain,20,0,6240,0.050252959,124172,2483436,0.000000,0.000000
filter/negative_chain,20,1,6208,0.050014750,124123,2482468,0.000000,0.000000
filter/negative_chain,20,2,6208,0.050064625,124000,2479995,0.000000,0.000000
filter/negative_chain,20,3,6240,0.050150041,124427,2488532,0.000000,0.000000
filter/negative_chain,20,4,6272,0.050204542,124929,2498579,0.000000,0.000000
filter/negative_chain,20,5,6272,0.050094583,125203,2504063,0.000000,0.000000
filter/negative_chain,20,6,6336,0.050219916,126165,2523302,0.000000,0.000000
compile/aggregate,0,0,79072,0.050018375,1580859,0,20.000000,1779.000000
compile/aggregate,0,1,80224,0.050001917,1604418,0,20.000000,1779.000000
compile/aggregate,0,2,81088,0.050015542,1621256,0,20.000000,1779.000000
compile/aggregate,0,3,81408,0.050009958,1627836,0,20.000000,1779.000000
compile/aggregate,0,4,80704,0.050003792,1613958,0,20.000000,1779.000000
compile/aggregate,0,5,81056,0.050012833,1620704,0,20.000000,1779.000000
compile/aggregate,0,6,81152,0.050007875,1622784,0,20.000000,1779.000000
aggregate/count,100,0,192832,0.050008083,3856017,385601664,0.000000,0.000000
aggregate/count,100,1,190336,0.050002541,3806527,380652655,0.000000,0.000000
aggregate/count,100,2,194304,0.050004458,3885734,388573355,0.000000,0.000000
aggregate/count,100,3,191136,0.050001958,3822570,382257031,0.000000,0.000000
aggregate/count,100,4,190912,0.050002917,3818017,381801726,0.000000,0.000000
aggregate/count,100,5,192672,0.050001959,3853289,385328903,0.000000,0.000000
aggregate/count,100,6,192832,0.050007042,3856097,385609691,0.000000,0.000000
aggregate/sum,100,0,181536,0.050008542,3630100,363009983,0.000000,0.000000
aggregate/sum,100,1,184576,0.050002666,3691323,369132318,0.000000,0.000000
aggregate/sum,100,2,186016,0.050002542,3720131,372013087,0.000000,0.000000
aggregate/sum,100,3,186208,0.050003291,3723915,372391489,0.000000,0.000000
aggregate/sum,100,4,186176,0.050007625,3722952,372295225,0.000000,0.000000
aggregate/sum,100,5,185536,0.050000375,3710692,371069217,0.000000,0.000000
aggregate/sum,100,6,185216,0.050007375,3703774,370377369,0.000000,0.000000
aggregate/min,100,0,181056,0.050005375,3620731,362073077,0.000000,0.000000
aggregate/min,100,1,184608,0.050004583,3691822,369182161,0.000000,0.000000
aggregate/min,100,2,184896,0.050001042,3697843,369784294,0.000000,0.000000
aggregate/min,100,3,184928,0.050004583,3698221,369822102,0.000000,0.000000
aggregate/min,100,4,185088,0.050003541,3701498,370149786,0.000000,0.000000
aggregate/min,100,5,182592,0.050002917,3651627,365162696,0.000000,0.000000
aggregate/min,100,6,182688,0.050006208,3653306,365330641,0.000000,0.000000
aggregate/max,100,0,183200,0.050004458,3663673,366367335,0.000000,0.000000
aggregate/max,100,1,182912,0.050007459,3657694,365769435,0.000000,0.000000
aggregate/max,100,2,183712,0.050007916,3673658,367365839,0.000000,0.000000
aggregate/max,100,3,183808,0.050000417,3676129,367612934,0.000000,0.000000
aggregate/max,100,4,183296,0.050001667,3665798,366579778,0.000000,0.000000
aggregate/max,100,5,184032,0.050003458,3680385,368038546,0.000000,0.000000
aggregate/max,100,6,183072,0.050003167,3661208,366120810,0.000000,0.000000
aggregate/filtered_count,100,0,120256,0.050011917,2404547,240454690,0.000000,0.000000
aggregate/filtered_count,100,1,121760,0.050006625,2434877,243487738,0.000000,0.000000
aggregate/filtered_count,100,2,120896,0.050011417,2417368,241736802,0.000000,0.000000
aggregate/filtered_count,100,3,120320,0.050000583,2406372,240637194,0.000000,0.000000
aggregate/filtered_count,100,4,120672,0.050009042,2413004,241300363,0.000000,0.000000
aggregate/filtered_count,100,5,121056,0.050013667,2420458,242045839,0.000000,0.000000
aggregate/filtered_count,100,6,120416,0.050004917,2408083,240808319,0.000000,0.000000
aggregate/filtered_sum,100,0,118848,0.050006125,2376669,237666886,0.000000,0.000000
aggregate/filtered_sum,100,1,118912,0.050007708,2377873,237787343,0.000000,0.000000
aggregate/filtered_sum,100,2,118752,0.050000208,2375030,237503012,0.000000,0.000000
aggregate/filtered_sum,100,3,120128,0.050007875,2402182,240218166,0.000000,0.000000
aggregate/filtered_sum,100,4,119200,0.050012875,2383386,238338628,0.000000,0.000000
aggregate/filtered_sum,100,5,118720,0.050003167,2374250,237424962,0.000000,0.000000
aggregate/filtered_sum,100,6,118336,0.050012417,2366132,236613239,0.000000,0.000000
aggregate/empty_sum,100,0,133536,0.050007292,2670331,267033056,0.000000,0.000000
aggregate/empty_sum,100,1,134464,0.050002125,2689166,268916571,0.000000,0.000000
aggregate/empty_sum,100,2,134016,0.050009875,2679791,267979074,0.000000,0.000000
aggregate/empty_sum,100,3,134720,0.050004167,2694175,269417547,0.000000,0.000000
aggregate/empty_sum,100,4,133920,0.050011375,2677791,267779080,0.000000,0.000000
aggregate/empty_sum,100,5,134400,0.050009416,2687494,268749389,0.000000,0.000000
aggregate/empty_sum,100,6,133600,0.050006291,2671664,267166385,0.000000,0.000000
aggregate/count,500,0,74240,0.050012584,1484426,742213200,0.000000,0.000000
aggregate/count,500,1,74208,0.050020959,1483538,741769065,0.000000,0.000000
aggregate/count,500,2,74240,0.050005167,1484647,742323288,0.000000,0.000000
aggregate/count,500,3,74144,0.050000041,1482879,741439392,0.000000,0.000000
aggregate/count,500,4,75936,0.050012250,1518348,759174002,0.000000,0.000000
aggregate/count,500,5,75360,0.050017125,1506684,753341980,0.000000,0.000000
aggregate/count,500,6,75072,0.050009458,1501156,750578021,0.000000,0.000000
aggregate/sum,500,0,73536,0.050021792,1470079,735039640,0.000000,0.000000
aggregate/sum,500,1,73344,0.050020708,1466273,733136364,0.000000,0.000000
aggregate/sum,500,2,74368,0.050000666,1487340,743670094,0.000000,0.000000
aggregate/sum,500,3,74496,0.050005375,1489760,744879925,0.000000,0.000000
aggregate/sum,500,4,73728,0.050019417,1473988,736993796,0.000000,0.000000
aggregate/sum,500,5,73248,0.050015042,1464519,732259707,0.000000,0.000000
aggregate/sum,500,6,73504,0.050017333,1469571,734785279,0.000000,0.000000
aggregate/min,500,0,73120,0.050013500,1462005,731002629,0.000000,0.000000
aggregate/min,500,1,74912,0.050014417,1497808,748904061,0.000000,0.000000
aggregate/min,500,2,73568,0.050012000,1471007,735503479,0.000000,0.000000
aggregate/min,500,3,73504,0.050001833,1470026,735013054,0.000000,0.000000
aggregate/min,500,4,73312,0.050005833,1466069,733034484,0.000000,0.000000
aggregate/min,500,5,73312,0.050012834,1465864,732931871,0.000000,0.000000
aggregate/min,500,6,74048,0.050016459,1480473,740236329,0.000000,0.000000
aggregate/max,500,0,73280,0.050013834,1465195,732597305,0.000000,0.000000
aggregate/max,500,1,73312,0.050005000,1466093,733046695,0.000000,0.000000
aggregate/max,500,2,73376,0.050009250,1467249,733624280,0.000000,0.000000
aggregate/max,500,3,73312,0.050001500,1466196,733098007,0.000000,0.000000
aggregate/max,500,4,73184,0.050001334,1463641,731820475,0.000000,0.000000
aggregate/max,500,5,72480,0.050001917,1449544,724772212,0.000000,0.000000
aggregate/max,500,6,72448,0.050016250,1448489,724244620,0.000000,0.000000
aggregate/filtered_count,500,0,59968,0.050000750,1199342,599671005,0.000000,0.000000
aggregate/filtered_count,500,1,59904,0.050008750,1197870,598935186,0.000000,0.000000
aggregate/filtered_count,500,2,61120,0.050023958,1221815,610907278,0.000000,0.000000
aggregate/filtered_count,500,3,61152,0.050000250,1223034,611516942,0.000000,0.000000
aggregate/filtered_count,500,4,61056,0.050009500,1220888,610444016,0.000000,0.000000
aggregate/filtered_count,500,5,60800,0.050002500,1215939,607969602,0.000000,0.000000
aggregate/filtered_count,500,6,60768,0.050010167,1215113,607556459,0.000000,0.000000
aggregate/filtered_sum,500,0,60608,0.050002375,1212102,606051213,0.000000,0.000000
aggregate/filtered_sum,500,1,60992,0.050009042,1219619,609809722,0.000000,0.000000
aggregate/filtered_sum,500,2,59456,0.050026250,1188496,594248020,0.000000,0.000000
aggregate/filtered_sum,500,3,60320,0.050013250,1206080,603040194,0.000000,0.000000
aggregate/filtered_sum,500,4,60384,0.050018250,1207239,603619679,0.000000,0.000000
aggregate/filtered_sum,500,5,60320,0.050005167,1206275,603137672,0.000000,0.000000
aggregate/filtered_sum,500,6,60160,0.050006750,1203038,601518795,0.000000,0.000000
aggregate/empty_sum,500,0,63968,0.050014209,1278997,639498267,0.000000,0.000000
aggregate/empty_sum,500,1,63712,0.050005916,1274089,637044625,0.000000,0.000000
aggregate/empty_sum,500,2,64416,0.050010500,1288050,644024755,0.000000,0.000000
aggregate/empty_sum,500,3,63840,0.050007542,1276607,638303718,0.000000,0.000000
aggregate/empty_sum,500,4,63872,0.050021542,1276890,638444932,0.000000,0.000000
aggregate/empty_sum,500,5,63776,0.050005459,1275381,637690377,0.000000,0.000000
aggregate/empty_sum,500,6,64128,0.050004458,1282446,641222829,0.000000,0.000000
aggregate/count,1024,0,42432,0.050033083,848079,868432753,0.000000,0.000000
aggregate/count,1024,1,42336,0.050027417,846256,866566107,0.000000,0.000000
aggregate/count,1024,2,42912,0.050000708,858228,878825316,0.000000,0.000000
aggregate/count,1024,3,42432,0.050008000,848504,868868341,0.000000,0.000000
aggregate/count,1024,4,42304,0.050001750,846050,866355598,0.000000,0.000000
aggregate/count,1024,5,42176,0.050023125,843130,863365174,0.000000,0.000000
aggregate/count,1024,6,42112,0.050008375,842099,862309323,0.000000,0.000000
aggregate/sum,1024,0,41600,0.050026334,831562,851519522,0.000000,0.000000
aggregate/sum,1024,1,42272,0.050033083,844881,865158119,0.000000,0.000000
aggregate/sum,1024,2,42400,0.050032208,847454,867793002,0.000000,0.000000
aggregate/sum,1024,3,41408,0.050026875,827715,847580266,0.000000,0.000000
aggregate/sum,1024,4,41408,0.050026709,827718,847583078,0.000000,0.000000
aggregate/sum,1024,5,41312,0.050006125,826139,845966129,0.000000,0.000000
aggregate/sum,1024,6,41376,0.050010958,827339,847194809,0.000000,0.000000
aggregate/min,1024,0,41280,0.050001250,825579,845393265,0.000000,0.000000
aggregate/min,1024,1,41280,0.050016709,825324,845131974,0.000000,0.000000
aggregate/min,1024,2,41216,0.050031167,823806,843577844,0.000000,0.000000
aggregate/min,1024,3,41248,0.050007167,824842,844637970,0.000000,0.000000
aggregate/min,1024,4,42880,0.050009834,857431,878009713,0.000000,0.000000
aggregate/min,1024,5,42208,0.050017875,843858,864110920,0.000000,0.000000
aggregate/min,1024,6,41888,0.050037250,837136,857227605,0.000000,0.000000
aggregate/max,1024,0,42240,0.050017417,844506,864773965,0.000000,0.000000
aggregate/max,1024,1,41920,0.050030584,837887,857996781,0.000000,0.000000
aggregate/max,1024,2,41728,0.050012333,834354,854378699,0.000000,0.000000
aggregate/max,1024,3,41856,0.050026583,836675,856755377,0.000000,0.000000
aggregate/max,1024,4,42368,0.050026583,846910,867235566,0.000000,0.000000
aggregate/max,1024,5,41728,0.050006625,834449,854476222,0.000000,0.000000
aggregate/max,1024,6,41536,0.050000375,830714,850650900,0.000000,0.000000
aggregate/filtered_count,1024,0,37184,0.050038208,743112,760946835,0.000000,0.000000
aggregate/filtered_count,1024,1,37120,0.050017833,742135,759946557,0.000000,0.000000
aggregate/filtered_count,1024,2,37312,0.050007834,746123,764030052,0.000000,0.000000
aggregate/filtered_count,1024,3,37728,0.050041750,753930,772024799,0.000000,0.000000
aggregate/filtered_count,1024,4,37440,0.050042959,748157,766112971,0.000000,0.000000
aggregate/filtered_count,1024,5,37472,0.050038125,748869,766841843,0.000000,0.000000
aggregate/filtered_count,1024,6,37376,0.050003666,747465,765404361,0.000000,0.000000
aggregate/filtered_sum,1024,0,37120,0.050015792,742166,759977569,0.000000,0.000000
aggregate/filtered_sum,1024,1,37504,0.050008333,749955,767953933,0.000000,0.000000
aggregate/filtered_sum,1024,2,37216,0.050027209,743915,761769140,0.000000,0.000000
aggregate/filtered_sum,1024,3,37152,0.050002000,743010,760842526,0.000000,0.000000
aggregate/filtered_sum,1024,4,37152,0.050017458,742781,760607386,0.000000,0.000000
aggregate/filtered_sum,1024,5,37120,0.050000584,742391,760208721,0.000000,0.000000
aggregate/filtered_sum,1024,6,37088,0.050037292,741207,758996150,0.000000,0.000000
aggregate/empty_sum,1024,0,38880,0.050033875,777074,795723297,0.000000,0.000000
aggregate/empty_sum,1024,1,38656,0.050031166,772638,791181721,0.000000,0.000000
aggregate/empty_sum,1024,2,38368,0.050026167,766959,785365627,0.000000,0.000000
aggregate/empty_sum,1024,3,38400,0.050048416,767257,785671219,0.000000,0.000000
aggregate/empty_sum,1024,4,38688,0.050027334,773337,791897326,0.000000,0.000000
aggregate/empty_sum,1024,5,38240,0.050006042,764708,783060575,0.000000,0.000000
aggregate/empty_sum,1024,6,38464,0.050035750,768730,787179886,0.000000,0.000000
aggregate/count,10240,0,4800,0.050235625,95550,978429153,0.000000,0.000000
aggregate/count,10240,1,4800,0.050284542,95457,977477333,0.000000,0.000000
aggregate/count,10240,2,4768,0.050004708,95351,976394463,0.000000,0.000000
aggregate/count,10240,3,4768,0.050317458,94758,970325647,0.000000,0.000000
aggregate/count,10240,4,4768,0.050313792,94765,970396348,0.000000,0.000000
aggregate/count,10240,5,4768,0.050253417,94879,971562192,0.000000,0.000000
aggregate/count,10240,6,4768,0.050309167,94774,970485558,0.000000,0.000000
aggregate/sum,10240,0,4896,0.050087917,97748,1000940806,0.000000,0.000000
aggregate/sum,10240,1,4800,0.050288917,95448,977392295,0.000000,0.000000
aggregate/sum,10240,2,4768,0.050034708,95294,975809032,0.000000,0.000000
aggregate/sum,10240,3,4800,0.050286416,95453,977440906,0.000000,0.000000
aggregate/sum,10240,4,4800,0.050012875,95975,982786932,0.000000,0.000000
aggregate/sum,10240,5,4960,0.050290667,98627,1009936893,0.000000,0.000000
aggregate/sum,10240,6,4832,0.050279417,96103,984094147,0.000000,0.000000
aggregate/min,10240,0,4768,0.050232583,94918,971965149,0.000000,0.000000
aggregate/min,10240,1,4768,0.050250708,94884,971614569,0.000000,0.000000
aggregate/min,10240,2,4768,0.050296292,94798,970733986,0.000000,0.000000
aggregate/min,10240,3,4768,0.050200208,94980,972591986,0.000000,0.000000
aggregate/min,10240,4,4864,0.050213916,96866,991903519,0.000000,0.000000
aggregate/min,10240,5,4800,0.050181250,95653,979489351,0.000000,0.000000
aggregate/min,10240,6,4896,0.050005334,97910,1002593843,0.000000,0.000000
aggregate/max,10240,0,4768,0.050310500,94771,970459844,0.000000,0.000000
aggregate/max,10240,1,4736,0.050010208,94701,969734819,0.000000,0.000000
aggregate/max,10240,2,4736,0.050023500,94676,969477146,0.000000,0.000000
aggregate/max,10240,3,4736,0.050009542,94702,969747733,0.000000,0.000000
aggregate/max,10240,4,4736,0.050089042,94552,968208575,0.000000,0.000000
aggregate/max,10240,5,4736,0.050127125,94480,967473000,0.000000,0.000000
aggregate/max,10240,6,4736,0.050018917,94684,969565974,0.000000,0.000000
aggregate/filtered_count,10240,0,4736,0.050234667,94278,965401841,0.000000,0.000000
aggregate/filtered_count,10240,1,4736,0.050264334,94222,964832042,0.000000,0.000000
aggregate/filtered_count,10240,2,4704,0.050213334,93680,959286233,0.000000,0.000000
aggregate/filtered_count,10240,3,4704,0.050201083,93703,959520335,0.000000,0.000000
aggregate/filtered_count,10240,4,4704,0.050185792,93732,959812690,0.000000,0.000000
aggregate/filtered_count,10240,5,4800,0.050262416,95499,977907628,0.000000,0.000000
aggregate/filtered_count,10240,6,4800,0.050287250,95452,977424695,0.000000,0.000000
aggregate/filtered_sum,10240,0,4768,0.050224083,94935,972129645,0.000000,0.000000
aggregate/filtered_sum,10240,1,4800,0.050052209,95900,982014600,0.000000,0.000000
aggregate/filtered_sum,10240,2,4704,0.050307125,93506,957497770,0.000000,0.000000
aggregate/filtered_sum,10240,3,4704,0.050214791,93678,959258399,0.000000,0.000000
aggregate/filtered_sum,10240,4,4704,0.050298959,93521,957653219,0.000000,0.000000
aggregate/filtered_sum,10240,5,4704,0.050204042,93698,959463782,0.000000,0.000000
aggregate/filtered_sum,10240,6,4704,0.050250042,93612,958585467,0.000000,0.000000
aggregate/empty_sum,10240,0,4800,0.050190459,95636,979309633,0.000000,0.000000
aggregate/empty_sum,10240,1,4768,0.050069458,95228,975131786,0.000000,0.000000
aggregate/empty_sum,10240,2,4864,0.050096125,97093,994235782,0.000000,0.000000
aggregate/empty_sum,10240,3,4736,0.050014750,94692,969646754,0.000000,0.000000
aggregate/empty_sum,10240,4,4736,0.050269667,94212,964729685,0.000000,0.000000
aggregate/empty_sum,10240,5,4736,0.050195167,94352,966161543,0.000000,0.000000
aggregate/empty_sum,10240,6,4736,0.050273667,94204,964652927,0.000000,0.000000
aggregate/count,65536,0,768,0.050753875,15132,991680891,0.000000,0.000000
aggregate/count,65536,1,768,0.050576958,15185,995149768,0.000000,0.000000
aggregate/count,65536,2,800,0.051936667,15403,1009475637,0.000000,0.000000
aggregate/count,65536,3,768,0.050459500,15220,997466245,0.000000,0.000000
aggregate/count,65536,4,768,0.050912292,15085,988595210,0.000000,0.000000
aggregate/count,65536,5,768,0.050800667,15118,990767464,0.000000,0.000000
aggregate/count,65536,6,768,0.050884375,15093,989137589,0.000000,0.000000
aggregate/sum,65536,0,768,0.050825583,15111,990281764,0.000000,0.000000
aggregate/sum,65536,1,800,0.051962000,15396,1008983488,0.000000,0.000000
aggregate/sum,65536,2,768,0.050835292,15108,990092631,0.000000,0.000000
aggregate/sum,65536,3,768,0.050959208,15071,987685052,0.000000,0.000000
aggregate/sum,65536,4,768,0.050873792,15096,989343354,0.000000,0.000000
aggregate/sum,65536,5,768,0.050981292,15064,987257208,0.000000,0.000000
aggregate/sum,65536,6,768,0.050878417,15095,989253420,0.000000,0.000000
aggregate/min,65536,0,768,0.050926041,15081,988328309,0.000000,0.000000
aggregate/min,65536,1,768,0.050808542,15116,990613901,0.000000,0.000000
aggregate/min,65536,2,800,0.051416875,15559,1019680795,0.000000,0.000000
aggregate/min,65536,3,768,0.050472250,15216,997214271,0.000000,0.000000
aggregate/min,65536,4,768,0.050644417,15165,993824216,0.000000,0.000000
aggregate/min,65536,5,768,0.050582416,15183,995042388,0.000000,0.000000
aggregate/min,65536,6,768,0.050676834,15155,993188485,0.000000,0.000000
aggregate/max,65536,0,768,0.050644250,15165,993827493,0.000000,0.000000
aggregate/max,65536,1,768,0.050717416,15143,992393777,0.000000,0.000000
aggregate/max,65536,2,800,0.051410666,15561,1019803945,0.000000,0.000000
aggregate/max,65536,3,768,0.050784584,15123,991081230,0.000000,0.000000
aggregate/max,65536,4,800,0.051377417,15571,1020463913,0.000000,0.000000
aggregate/max,65536,5,768,0.050357917,15251,999478354,0.000000,0.000000
aggregate/max,65536,6,768,0.050619375,15172,994315872,0.000000,0.000000
aggregate/filtered_count,65536,0,768,0.050777166,15125,991226017,0.000000,0.000000
aggregate/filtered_count,65536,1,768,0.050793667,15120,990904004,0.000000,0.000000
aggregate/filtered_count,65536,2,768,0.050751083,15133,991735447,0.000000,0.000000
aggregate/filtered_count,65536,3,768,0.050798917,15118,990801595,0.000000,0.000000
aggregate/filtered_count,65536,4,768,0.050295292,15270,1000722851,0.000000,0.000000
aggregate/filtered_count,65536,5,800,0.052038084,15373,1007508270,0.000000,0.000000
aggregate/filtered_count,65536,6,768,0.050910250,15085,988634862,0.000000,0.000000
aggregate/filtered_sum,65536,0,768,0.051210375,14997,982840840,0.000000,0.000000
aggregate/filtered_sum,65536,1,768,0.051051791,15044,985893874,0.000000,0.000000
aggregate/filtered_sum,65536,2,768,0.051124083,15022,984499771,0.000000,0.000000
aggregate/filtered_sum,65536,3,768,0.050553708,15192,995607444,0.000000,0.000000
aggregate/filtered_sum,65536,4,768,0.051002292,15058,986850709,0.000000,0.000000
aggregate/filtered_sum,65536,5,768,0.051089459,15032,985166979,0.000000,0.000000
aggregate/filtered_sum,65536,6,768,0.051138000,15018,984231843,0.000000,0.000000
aggregate/empty_sum,65536,0,768,0.051039959,15047,986122422,0.000000,0.000000
aggregate/empty_sum,65536,1,768,0.051084875,15034,985255381,0.000000,0.000000
aggregate/empty_sum,65536,2,768,0.051036125,15048,986196503,0.000000,0.000000
aggregate/empty_sum,65536,3,768,0.051109250,15027,984785494,0.000000,0.000000
aggregate/empty_sum,65536,4,800,0.051632083,15494,1015430658,0.000000,0.000000
aggregate/empty_sum,65536,5,800,0.051589917,15507,1016260600,0.000000,0.000000
aggregate/empty_sum,65536,6,768,0.050599583,15178,994704798,0.000000,0.000000
aggregate/count,1048576,0,64,0.067518833,948,993928079,0.000000,0.000000
aggregate/count,1048576,1,64,0.067452417,949,994906736,0.000000,0.000000
aggregate/count,1048576,2,64,0.065740250,974,1020818509,0.000000,0.000000
aggregate/count,1048576,3,64,0.066949250,956,1002384104,0.000000,0.000000
aggregate/count,1048576,4,64,0.066838792,958,1004040648,0.000000,0.000000
aggregate/count,1048576,5,64,0.065987250,970,1016997435,0.000000,0.000000
aggregate/count,1048576,6,64,0.067643500,946,992096269,0.000000,0.000000
aggregate/sum,1048576,0,64,0.067625084,946,992366442,0.000000,0.000000
aggregate/sum,1048576,1,64,0.067787625,944,989986948,0.000000,0.000000
aggregate/sum,1048576,2,64,0.067901041,943,988333360,0.000000,0.000000
aggregate/sum,1048576,3,64,0.067232917,952,998154877,0.000000,0.000000
aggregate/sum,1048576,4,64,0.066808583,958,1004494647,0.000000,0.000000
aggregate/sum,1048576,5,64,0.066380792,964,1010968113,0.000000,0.000000
aggregate/sum,1048576,6,64,0.067238917,952,998065808,0.000000,0.000000
aggregate/min,1048576,0,64,0.067443917,949,995032124,0.000000,0.000000
aggregate/min,1048576,1,64,0.067451708,949,994917193,0.000000,0.000000
aggregate/min,1048576,2,64,0.066384959,964,1010904654,0.000000,0.000000
aggregate/min,1048576,3,64,0.067107583,954,1000019089,0.000000,0.000000
aggregate/min,1048576,4,64,0.065537292,977,1023979813,0.000000,0.000000
aggregate/min,1048576,5,64,0.066197500,967,1013767348,0.000000,0.000000
aggregate/min,1048576,6,64,0.067027000,955,1001221359,0.000000,0.000000
aggregate/max,1048576,0,64,0.067681208,946,991543532,0.000000,0.000000
aggregate/max,1048576,1,64,0.067601958,947,992705921,0.000000,0.000000
aggregate/max,1048576,2,64,0.067635416,946,992214848,0.000000,0.000000
aggregate/max,1048576,3,64,0.067522083,948,993880239,0.000000,0.000000
aggregate/max,1048576,4,64,0.066854834,957,1003799725,0.000000,0.000000
aggregate/max,1048576,5,64,0.067751958,945,990508112,0.000000,0.000000
aggregate/max,1048576,6,64,0.067856166,943,988986970,0.000000,0.000000
aggregate/filtered_count,1048576,0,64,0.067874750,943,988716187,0.000000,0.000000
aggregate/filtered_count,1048576,1,64,0.066490375,963,1009301933,0.000000,0.000000
aggregate/filtered_count,1048576,2,64,0.067005292,955,1001545729,0.000000,0.000000
aggregate/filtered_count,1048576,3,64,0.067253916,952,997843219,0.000000,0.000000
aggregate/filtered_count,1048576,4,64,0.066566625,961,1008145809,0.000000,0.000000
aggregate/filtered_count,1048576,5,64,0.067599542,947,992741401,0.000000,0.000000
aggregate/filtered_count,1048576,6,64,0.067779167,944,990110486,0.000000,0.000000
aggregate/filtered_sum,1048576,0,64,0.067890750,943,988483173,0.000000,0.000000
aggregate/filtered_sum,1048576,1,64,0.067781750,944,990072756,0.000000,0.000000
aggregate/filtered_sum,1048576,2,64,0.067896208,943,988403712,0.000000,0.000000
aggregate/filtered_sum,1048576,3,64,0.066037708,969,1016220369,0.000000,0.000000
aggregate/filtered_sum,1048576,4,64,0.067190958,953,998778199,0.000000,0.000000
aggregate/filtered_sum,1048576,5,64,0.065988833,970,1016973038,0.000000,0.000000
aggregate/filtered_sum,1048576,6,64,0.067618833,946,992458181,0.000000,0.000000
aggregate/empty_sum,1048576,0,64,0.067485666,948,994416562,0.000000,0.000000
aggregate/empty_sum,1048576,1,64,0.067491750,948,994326921,0.000000,0.000000
aggregate/empty_sum,1048576,2,64,0.066385958,964,1010889441,0.000000,0.000000
aggregate/empty_sum,1048576,3,64,0.067255292,952,997822803,0.000000,0.000000
aggregate/empty_sum,1048576,4,64,0.066187708,967,1013917327,0.000000,0.000000
aggregate/empty_sum,1048576,5,64,0.067257250,952,997793755,0.000000,0.000000
aggregate/empty_sum,1048576,6,64,0.067687084,946,991457454,0.000000,0.000000
aggregate/array_count,23,0,281504,0.050002291,5629822,129485907,0.000000,0.000000
aggregate/array_count,23,1,283168,0.050002167,5663115,130251635,0.000000,0.000000
aggregate/array_count,23,2,283936,0.050004500,5678209,130598806,0.000000,0.000000
aggregate/array_count,23,3,283712,0.050002333,5673975,130501431,0.000000,0.000000
aggregate/array_count,23,4,283712,0.050000708,5674160,130505672,0.000000,0.000000
aggregate/array_count,23,5,283776,0.050005208,5674929,130523365,0.000000,0.000000
aggregate/array_count,23,6,283392,0.050004500,5667330,130348589,0.000000,0.000000
aggregate/array_sum,23,0,224608,0.050004416,4491763,103310556,0.000000,0.000000
aggregate/array_sum,23,1,226176,0.050006000,4522977,104028477,0.000000,0.000000
aggregate/array_sum,23,2,226048,0.050001833,4520794,103978268,0.000000,0.000000
aggregate/array_sum,23,3,226432,0.050003334,4528338,104151775,0.000000,0.000000
aggregate/array_sum,23,4,227232,0.050006417,4544057,104513307,0.000000,0.000000
aggregate/array_sum,23,5,226752,0.050005166,4534571,104295144,0.000000,0.000000
aggregate/array_sum,23,6,226784,0.050000125,4535669,104320379,0.000000,0.000000
aggregate/array_min,23,0,222432,0.050004125,4448273,102310279,0.000000,0.000000
aggregate/array_min,23,1,222368,0.050003666,4447034,102281781,0.000000,0.000000
aggregate/array_min,23,2,221472,0.050003208,4429156,101870584,0.000000,0.000000
aggregate/array_min,23,3,220480,0.050002209,4409405,101416319,0.000000,0.000000
aggregate/array_min,23,4,218592,0.050000167,4371825,100551984,0.000000,0.000000
aggregate/array_min,23,5,221024,0.050003917,4420134,101663076,0.000000,0.000000
aggregate/array_min,23,6,223840,0.050004917,4476360,102956275,0.000000,0.000000
aggregate/array_max,23,0,223104,0.050006750,4461478,102613987,0.000000,0.000000
aggregate/array_max,23,1,223136,0.050002916,4462460,102636574,0.000000,0.000000
aggregate/array_max,23,2,223456,0.050000792,4469049,102788132,0.000000,0.000000
aggregate/array_max,23,3,223840,0.050001459,4476669,102963396,0.000000,0.000000
aggregate/array_max,23,4,223776,0.050005584,4475020,102925465,0.000000,0.000000
aggregate/array_max,23,5,223872,0.050005542,4476944,102969707,0.000000,0.000000
aggregate/array_max,23,6,223456,0.050003333,4468822,102782908,0.000000,0.000000
aggregate/sequence_sum,23,0,121536,0.050012166,2430129,55892960,0.000000,0.000000
aggregate/sequence_sum,23,1,122880,0.050001292,2457536,56523339,0.000000,0.000000
aggregate/sequence_sum,23,2,122912,0.050008042,2457845,56530428,0.000000,0.000000
aggregate/sequence_sum,23,3,123296,0.050000167,2465912,56715971,0.000000,0.000000
aggregate/sequence_sum,23,4,122880,0.050000292,2457586,56524470,0.000000,0.000000
aggregate/sequence_sum,23,5,123264,0.050002208,2465171,56698936,0.000000,0.000000
aggregate/sequence_sum,23,6,123200,0.050007875,2463612,56663076,0.000000,0.000000
aggregate/computed_sum,23,0,97120,0.050014959,1941819,44661838,0.000000,0.000000
aggregate/computed_sum,23,1,96448,0.050009209,1928605,44357910,0.000000,0.000000
aggregate/computed_sum,23,2,96960,0.050003375,1939069,44598590,0.000000,0.000000
aggregate/computed_sum,23,3,97984,0.050004500,1959504,45068584,0.000000,0.000000
aggregate/computed_sum,23,4,96192,0.050011750,1923388,44237924,0.000000,0.000000
aggregate/computed_sum,23,5,96672,0.050014375,1932884,44456339,0.000000,0.000000
aggregate/computed_sum,23,6,97184,0.050015000,1943097,44691233,0.000000,0.000000
aggregate/wide_filtered_sum,23,0,68480,0.050015667,1369171,31490933,0.000000,0.000000
aggregate/wide_filtered_sum,23,1,69504,0.050021583,1389480,31958045,0.000000,0.000000
aggregate/wide_filtered_sum,23,2,68768,0.050013250,1374996,31624899,0.000000,0.000000
aggregate/wide_filtered_sum,23,3,68896,0.050020083,1377367,31679436,0.000000,0.000000
aggregate/wide_filtered_sum,23,4,68800,0.050000166,1375995,31647895,0.000000,0.000000
aggregate/wide_filtered_sum,23,5,70112,0.050020708,1401659,32238168,0.000000,0.000000
aggregate/wide_filtered_sum,23,6,69920,0.050012291,1398056,32155296,0.000000,0.000000
aggregate/array_count,409,0,23296,0.050060417,465358,190331295,0.000000,0.000000
aggregate/array_count,409,1,23264,0.050037125,464935,190158327,0.000000,0.000000
aggregate/array_count,409,2,22496,0.050014583,449789,183963625,0.000000,0.000000
aggregate/array_count,409,3,22304,0.050070125,445455,182191197,0.000000,0.000000
aggregate/array_count,409,4,22304,0.050035375,445765,182317730,0.000000,0.000000
aggregate/array_count,409,5,22304,0.050064125,445509,182213032,0.000000,0.000000
aggregate/array_count,409,6,22336,0.050060291,446182,182488432,0.000000,0.000000
aggregate/array_sum,409,0,17856,0.050070833,356615,145855452,0.000000,0.000000
aggregate/array_sum,409,1,17760,0.050036167,354943,145171791,0.000000,0.000000
aggregate/array_sum,409,2,16960,0.050005209,339165,138718348,0.000000,0.000000
aggregate/array_sum,409,3,16992,0.050007625,339788,138973367,0.000000,0.000000
aggregate/array_sum,409,4,17344,0.050065709,346425,141687717,0.000000,0.000000
aggregate/array_sum,409,5,17984,0.050008917,359616,147082889,0.000000,0.000000
aggregate/array_sum,409,6,17728,0.050090209,353921,144753878,0.000000,0.000000
aggregate/array_min,409,0,17248,0.050051333,344606,140943938,0.000000,0.000000
aggregate/array_min,409,1,17568,0.050058000,350953,143539734,0.000000,0.000000
aggregate/array_min,409,2,17344,0.050009208,346816,141847797,0.000000,0.000000
aggregate/array_min,409,3,17312,0.050070584,345752,141412531,0.000000,0.000000
aggregate/array_min,409,4,17248,0.050012208,344876,141054200,0.000000,0.000000
aggregate/array_min,409,5,17152,0.050064167,342600,140123534,0.000000,0.000000
aggregate/array_min,409,6,16832,0.050004208,336612,137674173,0.000000,0.000000
aggregate/array_max,409,0,16800,0.050044125,335704,137302830,0.000000,0.000000
aggregate/array_max,409,1,17312,0.050036000,345991,141510273,0.000000,0.000000
aggregate/array_max,409,2,17472,0.050005708,349400,142904646,0.000000,0.000000
aggregate/array_max,409,3,17056,0.050071208,340635,139319667,0.000000,0.000000
aggregate/array_max,409,4,17216,0.050052625,343958,140678816,0.000000,0.000000
aggregate/array_max,409,5,17408,0.050043750,347856,142272951,0.000000,0.000000
aggregate/array_max,409,6,17568,0.050064375,350908,143521456,0.000000,0.000000
aggregate/sequence_sum,409,0,9600,0.050025250,191903,78488363,0.000000,0.000000
aggregate/sequence_sum,409,1,9408,0.050119792,187710,76773503,0.000000,0.000000
aggregate/sequence_sum,409,2,9664,0.050135041,192759,78838591,0.000000,0.000000
aggregate/sequence_sum,409,3,9664,0.050078250,192978,78927998,0.000000,0.000000
aggregate/sequence_sum,409,4,9888,0.050079042,197448,80756177,0.000000,0.000000
aggregate/sequence_sum,409,5,9856,0.050124250,196631,80422231,0.000000,0.000000
aggregate/sequence_sum,409,6,9920,0.050121791,197918,80948424,0.000000,0.000000
aggregate/computed_sum,409,0,7392,0.050112208,147509,60331167,0.000000,0.000000
aggregate/computed_sum,409,1,7552,0.050181375,150494,61552080,0.000000,0.000000
aggregate/computed_sum,409,2,7488,0.050120708,149399,61104324,0.000000,0.000000
aggregate/computed_sum,409,3,7584,0.050129041,151290,61877426,0.000000,0.000000
aggregate/computed_sum,409,4,7552,0.050024667,150966,61744899,0.000000,0.000000
aggregate/computed_sum,409,5,7488,0.050050625,149609,61189885,0.000000,0.000000
aggregate/computed_sum,409,6,7520,0.050161417,149916,61315652,0.000000,0.000000
aggregate/wide_filtered_sum,409,0,4672,0.050027250,93389,38196143,0.000000,0.000000
aggregate/wide_filtered_sum,409,1,4576,0.050282625,91006,37221287,0.000000,0.000000
aggregate/wide_filtered_sum,409,2,4576,0.050260250,91046,37237857,0.000000,0.000000
aggregate/wide_filtered_sum,409,3,4544,0.050167583,90576,37045755,0.000000,0.000000
aggregate/wide_filtered_sum,409,4,4640,0.050198792,92433,37804894,0.000000,0.000000
aggregate/wide_filtered_sum,409,5,4608,0.050012875,92136,37683736,0.000000,0.000000
aggregate/wide_filtered_sum,409,6,4544,0.050192375,90532,37027457,0.000000,0.000000
aggregate/array_count,4017,0,3072,0.050470792,60867,244502286,0.000000,0.000000
aggregate/array_count,4017,1,3072,0.050208625,61185,245778967,0.000000,0.000000
aggregate/array_count,4017,2,3072,0.050401375,60951,244839035,0.000000,0.000000
aggregate/array_count,4017,3,3072,0.050397208,60956,244859279,0.000000,0.000000
aggregate/array_count,4017,4,3072,0.050445500,60897,244624872,0.000000,0.000000
aggregate/array_count,4017,5,3072,0.050368417,60991,244999242,0.000000,0.000000
aggregate/array_count,4017,6,3072,0.050348542,61015,245095955,0.000000,0.000000
aggregate/array_sum,4017,0,2272,0.050479125,45009,180799964,0.000000,0.000000
aggregate/array_sum,4017,1,2240,0.050314250,44520,178837606,0.000000,0.000000
aggregate/array_sum,4017,2,2208,0.050583875,43650,175343150,0.000000,0.000000
aggregate/array_sum,4017,3,2208,0.050170750,44010,176786992,0.000000,0.000000
aggregate/array_sum,4017,4,2240,0.050049584,44756,179783312,0.000000,0.000000
aggregate/array_sum,4017,5,2240,0.050138083,44677,179465976,0.000000,0.000000
aggregate/array_sum,4017,6,2240,0.050147417,44668,179432572,0.000000,0.000000
aggregate/array_min,4017,0,2112,0.050596125,41742,167678928,0.000000,0.000000
aggregate/array_min,4017,1,2112,0.050542000,41787,167858494,0.000000,0.000000
aggregate/array_min,4017,2,2112,0.050551417,41779,167827224,0.000000,0.000000
aggregate/array_min,4017,3,2176,0.050271375,43285,173876127,0.000000,0.000000
aggregate/array_min,4017,4,2240,0.050508083,44349,178151287,0.000000,0.000000
aggregate/array_min,4017,5,2240,0.050449292,44401,178358896,0.000000,0.000000
aggregate/array_min,4017,6,2240,0.050407583,44438,178506476,0.000000,0.000000
aggregate/array_max,4017,0,2240,0.050713084,44170,177431134,0.000000,0.000000
aggregate/array_max,4017,1,2176,0.050531500,43062,172981051,0.000000,0.000000
aggregate/array_max,4017,2,2176,0.050577041,43023,172825294,0.000000,0.000000
aggregate/array_max,4017,3,2176,0.050745417,42881,172251851,0.000000,0.000000
aggregate/array_max,4017,4,2144,0.050104209,42791,171890709,0.000000,0.000000
aggregate/array_max,4017,5,2176,0.050611791,42994,172706633,0.000000,0.000000
aggregate/array_max,4017,6,2176,0.050562833,43036,172873858,0.000000,0.000000
aggregate/sequence_sum,4017,0,1248,0.050000667,24960,100262982,0.000000,0.000000
aggregate/sequence_sum,4017,1,1280,0.050679750,25257,101455907,0.000000,0.000000
aggregate/sequence_sum,4017,2,1280,0.050522750,25335,101771182,0.000000,0.000000
aggregate/sequence_sum,4017,3,1248,0.050902208,24518,98487201,0.000000,0.000000
aggregate/sequence_sum,4017,4,1280,0.050834125,25180,101147802,0.000000,0.000000
aggregate/sequence_sum,4017,5,1248,0.050308250,24807,99649978,0.000000,0.000000
aggregate/sequence_sum,4017,6,1280,0.050984666,25106,100849146,0.000000,0.000000
aggregate/computed_sum,4017,0,960,0.050397584,19049,76517954,0.000000,0.000000
aggregate/computed_sum,4017,1,960,0.050324584,19076,76628949,0.000000,0.000000
aggregate/computed_sum,4017,2,960,0.050132833,19149,76922044,0.000000,0.000000
aggregate/computed_sum,4017,3,960,0.050336083,19072,76611444,0.000000,0.000000
aggregate/computed_sum,4017,4,960,0.050421750,19039,76481280,0.000000,0.000000
aggregate/computed_sum,4017,5,960,0.050602708,18971,76207779,0.000000,0.000000
aggregate/computed_sum,4017,6,960,0.050342875,19069,76601108,0.000000,0.000000
aggregate/wide_filtered_sum,4017,0,576,0.051281000,11232,45119869,0.000000,0.000000
aggregate/wide_filtered_sum,4017,1,576,0.051278625,11233,45121959,0.000000,0.000000
aggregate/wide_filtered_sum,4017,2,576,0.051153250,11260,45232551,0.000000,0.000000
aggregate/wide_filtered_sum,4017,3,576,0.051350791,11217,45058546,0.000000,0.000000
aggregate/wide_filtered_sum,4017,4,576,0.051786250,11123,44679659,0.000000,0.000000
aggregate/wide_filtered_sum,4017,5,576,0.051290250,11230,45111732,0.000000,0.000000
aggregate/wide_filtered_sum,4017,6,576,0.052645334,10941,43950562,0.000000,0.000000
aggregate/array_count,87201,0,192,0.054141500,3546,309237683,0.000000,0.000000
aggregate/array_count,87201,1,192,0.054797500,3504,305535690,0.000000,0.000000
aggregate/array_count,87201,2,192,0.053122458,3614,315169754,0.000000,0.000000
aggregate/array_count,87201,3,192,0.053590750,3583,312415706,0.000000,0.000000
aggregate/array_count,87201,4,192,0.054471292,3525,307365428,0.000000,0.000000
aggregate/array_count,87201,5,192,0.056004166,3428,298952617,0.000000,0.000000
aggregate/array_count,87201,6,192,0.055954000,3431,299220646,0.000000,0.000000
aggregate/array_sum,87201,0,160,0.061470625,2603,226972802,0.000000,0.000000
aggregate/array_sum,87201,1,160,0.060776500,2633,229565046,0.000000,0.000000
aggregate/array_sum,87201,2,160,0.060005083,2666,232516302,0.000000,0.000000
aggregate/array_sum,87201,3,160,0.060568583,2642,230353086,0.000000,0.000000
aggregate/array_sum,87201,4,160,0.060998708,2623,228728779,0.000000,0.000000
aggregate/array_sum,87201,5,160,0.060884750,2628,229156891,0.000000,0.000000
aggregate/array_sum,87201,6,160,0.060987875,2623,228769407,0.000000,0.000000
aggregate/array_min,87201,0,160,0.061797000,2589,225774067,0.000000,0.000000
aggregate/array_min,87201,1,160,0.061591875,2598,226525983,0.000000,0.000000
aggregate/array_min,87201,2,160,0.061875458,2586,225487785,0.000000,0.000000
aggregate/array_min,87201,3,160,0.062065958,2578,224795692,0.000000,0.000000
aggregate/array_min,87201,4,160,0.062442875,2562,223438783,0.000000,0.000000
aggregate/array_min,87201,5,128,0.050054084,2557,222993353,0.000000,0.000000
aggregate/array_min,87201,6,128,0.050252042,2547,222114914,0.000000,0.000000
aggregate/array_max,87201,0,128,0.050397875,2540,221472195,0.000000,0.000000
aggregate/array_max,87201,1,128,0.050346333,2542,221698927,0.000000,0.000000
aggregate/array_max,87201,2,128,0.050608375,2529,220551006,0.000000,0.000000
aggregate/array_max,87201,3,128,0.051139625,2503,218259872,0.000000,0.000000
aggregate/array_max,87201,4,128,0.051125375,2504,218320707,0.000000,0.000000
aggregate/array_max,87201,5,128,0.051179209,2501,218091061,0.000000,0.000000
aggregate/array_max,87201,6,128,0.051206792,2500,217973584,0.000000,0.000000
aggregate/sequence_sum,87201,0,96,0.064312083,1493,130166768,0.000000,0.000000
aggregate/sequence_sum,87201,1,96,0.064225375,1495,130342501,0.000000,0.000000
aggregate/sequence_sum,87201,2,96,0.064231333,1495,130330411,0.000000,0.000000
aggregate/sequence_sum,87201,3,96,0.063994500,1500,130812742,0.000000,0.000000
aggregate/sequence_sum,87201,4,96,0.063582167,1510,131661068,0.000000,0.000000
aggregate/sequence_sum,87201,5,96,0.063024416,1523,132826237,0.000000,0.000000
aggregate/sequence_sum,87201,6,96,0.063101709,1521,132663538,0.000000,0.000000
aggregate/computed_sum,87201,0,64,0.055464750,1154,100620015,0.000000,0.000000
aggregate/computed_sum,87201,1,64,0.054523458,1174,102357118,0.000000,0.000000
aggregate/computed_sum,87201,2,64,0.054879500,1166,101693055,0.000000,0.000000
aggregate/computed_sum,87201,3,64,0.055461583,1154,100625761,0.000000,0.000000
aggregate/computed_sum,87201,4,64,0.055442792,1154,100659866,0.000000,0.000000
aggregate/computed_sum,87201,5,64,0.055910917,1145,99817072,0.000000,0.000000
aggregate/computed_sum,87201,6,64,0.055438625,1154,100667432,0.000000,0.000000
aggregate/wide_filtered_sum,87201,0,64,0.096759042,661,57677958,0.000000,0.000000
aggregate/wide_filtered_sum,87201,1,64,0.098580250,649,56612394,0.000000,0.000000
aggregate/wide_filtered_sum,87201,2,64,0.099269167,645,56219511,0.000000,0.000000
aggregate/wide_filtered_sum,87201,3,64,0.097583958,656,57190384,0.000000,0.000000
aggregate/wide_filtered_sum,87201,4,64,0.098224542,652,56817409,0.000000,0.000000
aggregate/wide_filtered_sum,87201,5,64,0.097152542,659,57444344,0.000000,0.000000
aggregate/wide_filtered_sum,87201,6,64,0.097520750,656,57227452,0.000000,0.000000
aggregate/nested_sum,1036,0,6528,0.050146125,130180,134866014,0.000000,0.000000
aggregate/nested_sum,1036,1,6560,0.050250125,130547,135246629,0.000000,0.000000
aggregate/nested_sum,1036,2,6432,0.050099833,128384,133005473,0.000000,0.000000
aggregate/nested_sum,1036,3,6560,0.050092792,130957,135671416,0.000000,0.000000
aggregate/nested_sum,1036,4,6528,0.050100958,130297,134987598,0.000000,0.000000
aggregate/nested_sum,1036,5,6560,0.050068875,131020,135736223,0.000000,0.000000
aggregate/nested_sum,1036,6,6560,0.050109042,130914,135627418,0.000000,0.000000
aggregate/nested_filtered_sum,1036,0,3616,0.050026291,72282,74884144,0.000000,0.000000
aggregate/nested_filtered_sum,1036,1,3616,0.050132209,72129,74725931,0.000000,0.000000
aggregate/nested_filtered_sum,1036,2,3616,0.050090416,72189,74788279,0.000000,0.000000
aggregate/nested_filtered_sum,1036,3,3648,0.050420500,72352,74956179,0.000000,0.000000
aggregate/nested_filtered_sum,1036,4,3648,0.050251125,72595,75208824,0.000000,0.000000
aggregate/nested_filtered_sum,1036,5,3648,0.050183667,72693,75309921,0.000000,0.000000
aggregate/nested_filtered_sum,1036,6,3616,0.050034125,72271,74872420,0.000000,0.000000
aggregate/nested_filtered_count,1036,0,3648,0.050022042,72928,75553253,0.000000,0.000000
aggregate/nested_filtered_count,1036,1,3648,0.050062042,72870,75492885,0.000000,0.000000
aggregate/nested_filtered_count,1036,2,3648,0.050059042,72874,75497410,0.000000,0.000000
aggregate/nested_filtered_count,1036,3,3680,0.050253625,73229,75864776,0.000000,0.000000
aggregate/nested_filtered_count,1036,4,3680,0.050032791,73552,76199627,0.000000,0.000000
aggregate/nested_filtered_count,1036,5,3712,0.050269958,73841,76499606,0.000000,0.000000
aggregate/nested_filtered_count,1036,6,3712,0.050419458,73622,76272775,0.000000,0.000000
aggregate/nested_sum,16396,0,448,0.053254667,8412,137929846,0.000000,0.000000
aggregate/nested_sum,16396,1,448,0.052976917,8457,138652991,0.000000,0.000000
aggregate/nested_sum,16396,2,448,0.053464375,8379,137388831,0.000000,0.000000
aggregate/nested_sum,16396,3,448,0.053203666,8420,138062065,0.000000,0.000000
aggregate/nested_sum,16396,4,448,0.053285167,8408,137850896,0.000000,0.000000
aggregate/nested_sum,16396,5,448,0.053705500,8342,136771988,0.000000,0.000000
aggregate/nested_sum,16396,6,448,0.053357125,8396,137664989,0.000000,0.000000
aggregate/nested_filtered_sum,16396,0,256,0.055111125,4645,76162045,0.000000,0.000000
aggregate/nested_filtered_sum,16396,1,256,0.055233166,4635,75993761,0.000000,0.000000
aggregate/nested_filtered_sum,16396,2,256,0.055257292,4633,75960581,0.000000,0.000000
aggregate/nested_filtered_sum,16396,3,256,0.055150416,4642,76107785,0.000000,0.000000
aggregate/nested_filtered_sum,16396,4,256,0.055207916,4637,76028517,0.000000,0.000000
aggregate/nested_filtered_sum,16396,5,256,0.054967500,4657,76361050,0.000000,0.000000
aggregate/nested_filtered_sum,16396,6,256,0.054973416,4657,76352832,0.000000,0.000000
aggregate/nested_filtered_count,16396,0,256,0.054229666,4721,77399997,0.000000,0.000000
aggregate/nested_filtered_count,16396,1,256,0.054049625,4736,77657819,0.000000,0.000000
aggregate/nested_filtered_count,16396,2,256,0.054022708,4739,77696512,0.000000,0.000000
aggregate/nested_filtered_count,16396,3,256,0.054298875,4715,77301344,0.000000,0.000000
aggregate/nested_filtered_count,16396,4,256,0.054180459,4725,77470292,0.000000,0.000000
aggregate/nested_filtered_count,16396,5,256,0.054043167,4737,77667099,0.000000,0.000000
aggregate/nested_filtered_count,16396,6,256,0.054232375,4720,77396131,0.000000,0.000000
aggregate/nested_sum,1048588,0,32,0.244296875,131,137352621,0.000000,0.000000
aggregate/nested_sum,1048588,1,32,0.243960875,131,137541792,0.000000,0.000000
aggregate/nested_sum,1048588,2,32,0.243639125,131,137723430,0.000000,0.000000
aggregate/nested_sum,1048588,3,32,0.243056500,132,138053564,0.000000,0.000000
aggregate/nested_sum,1048588,4,32,0.246374666,130,136194263,0.000000,0.000000
aggregate/nested_sum,1048588,5,32,0.244269000,131,137368295,0.000000,0.000000
aggregate/nested_sum,1048588,6,32,0.244871250,131,137030444,0.000000,0.000000
aggregate/nested_filtered_sum,1048588,0,32,0.440947917,73,76097005,0.000000,0.000000
aggregate/nested_filtered_sum,1048588,1,32,0.439483833,73,76350513,0.000000,0.000000
aggregate/nested_filtered_sum,1048588,2,32,0.468205375,68,71666875,0.000000,0.000000
aggregate/nested_filtered_sum,1048588,3,32,0.442462917,72,75836448,0.000000,0.000000
aggregate/nested_filtered_sum,1048588,4,32,0.442475292,72,75834327,0.000000,0.000000
aggregate/nested_filtered_sum,1048588,5,32,0.441089666,73,76072551,0.000000,0.000000
aggregate/nested_filtered_sum,1048588,6,32,0.441558125,72,75991844,0.000000,0.000000
aggregate/nested_filtered_count,1048588,0,32,0.433840709,74,77343632,0.000000,0.000000
aggregate/nested_filtered_count,1048588,1,32,0.432730042,74,77542146,0.000000,0.000000
aggregate/nested_filtered_count,1048588,2,32,0.433289083,74,77442099,0.000000,0.000000
aggregate/nested_filtered_count,1048588,3,32,0.433119000,74,77472510,0.000000,0.000000
aggregate/nested_filtered_count,1048588,4,32,0.434950291,74,77146324,0.000000,0.000000
aggregate/nested_filtered_count,1048588,5,32,0.432058958,74,77662586,0.000000,0.000000
aggregate/nested_filtered_count,1048588,6,32,0.432555792,74,77573383,0.000000,0.000000
aggregate/deep_sum,136,0,3680,0.050245833,73240,9960627,0.000000,0.000000
aggregate/deep_sum,136,1,3648,0.050047208,72891,9913200,0.000000,0.000000
aggregate/deep_sum,136,2,3712,0.050190584,73958,10058301,0.000000,0.000000
aggregate/deep_sum,136,3,3648,0.050006041,72951,9921361,0.000000,0.000000
aggregate/deep_sum,136,4,3680,0.050321791,73129,9945592,0.000000,0.000000
aggregate/deep_sum,136,5,3680,0.050298083,73164,9950280,0.000000,0.000000
aggregate/deep_sum,136,6,3680,0.050230541,73262,9963659,0.000000,0.000000
aggregate/deep_filtered_sum,136,0,3872,0.050168250,77180,10496519,0.000000,0.000000
aggregate/deep_filtered_sum,136,1,3872,0.050200583,77131,10489759,0.000000,0.000000
aggregate/deep_filtered_sum,136,2,3840,0.050129083,76602,10417905,0.000000,0.000000
aggregate/deep_filtered_sum,136,3,3840,0.050215125,76471,10400054,0.000000,0.000000
aggregate/deep_filtered_sum,136,4,3840,0.050257375,76407,10391311,0.000000,0.000000
aggregate/deep_filtered_sum,136,5,3840,0.050280542,76371,10386523,0.000000,0.000000
aggregate/deep_filtered_sum,136,6,3872,0.050078459,77319,10515340,0.000000,0.000000
compile/constructor,0,0,31328,0.050004584,626503,0,49.000000,4550.000000
compile/constructor,0,1,31296,0.050009541,625801,0,49.000000,4550.000000
compile/constructor,0,2,31456,0.050032959,628706,0,49.000000,4550.000000
compile/constructor,0,3,31232,0.050048750,624032,0,49.000000,4550.000000
compile/constructor,0,4,31520,0.050008083,630298,0,49.000000,4550.000000
compile/constructor,0,5,31136,0.050045375,622155,0,49.000000,4550.000000
compile/constructor,0,6,30944,0.050032500,618478,0,49.000000,4550.000000
construct/raw_member,100,0,311712,0.050003666,6233783,623378294,3.000000,168.000000
construct/raw_member,100,1,315584,0.050001625,6311475,631147488,3.000000,168.000000
construct/raw_member,100,2,314592,0.050005250,6291179,629117943,3.000000,168.000000
construct/raw_member,100,3,315008,0.050002083,6299898,629989755,3.000000,168.000000
construct/raw_member,100,4,315360,0.050000875,6307090,630708963,3.000000,168.000000
construct/raw_member,100,5,314656,0.050002958,6292748,629274772,3.000000,168.000000
construct/raw_member,100,6,313888,0.050004667,6277174,627717409,3.000000,168.000000
construct/raw_member_write,100,0,213984,0.050000208,4279662,427966220,3.000000,168.000000
construct/raw_member_write,100,1,210976,0.050006541,4218968,421896807,3.000000,168.000000
construct/raw_member_write,100,2,212544,0.050003583,4250575,425057540,3.000000,168.000000
construct/raw_member_write,100,3,212864,0.050005875,4256780,425677983,3.000000,168.000000
construct/raw_member_write,100,4,215296,0.050006625,4305350,430534954,3.000000,168.000000
construct/raw_member_write,100,5,212864,0.050005625,4256801,425680111,3.000000,168.000000
construct/raw_member_write,100,6,210624,0.050007500,4211848,421184822,3.000000,168.000000
construct/scalars,100,0,98560,0.050011542,1970745,197074507,3.000000,552.000000
construct/scalars,100,1,102208,0.050002917,2044041,204404075,3.000000,552.000000
construct/scalars,100,2,101984,0.050015625,2039043,203904280,3.000000,552.000000
construct/scalars,100,3,99648,0.050011334,1992508,199250834,3.000000,552.000000
construct/scalars,100,4,102144,0.050007458,2042575,204257533,3.000000,552.000000
construct/scalars,100,5,101152,0.050009250,2022666,202266581,3.000000,552.000000
construct/scalars,100,6,101280,0.050001625,2025534,202553417,3.000000,552.000000
construct/filtered_summary,100,0,46432,0.050031584,928054,92805377,5.000000,368.000000
construct/filtered_summary,100,1,47232,0.050015125,944354,94435433,5.000000,368.000000
construct/filtered_summary,100,2,47424,0.050027084,947967,94796651,5.000000,368.000000
construct/filtered_summary,100,3,47328,0.050008542,946398,94639832,5.000000,368.000000
construct/filtered_summary,100,4,47456,0.050014583,948843,94884326,5.000000,368.000000
construct/filtered_summary,100,5,47104,0.050030750,941501,94150098,5.000000,368.000000
construct/filtered_summary,100,6,47040,0.050029875,940238,94023821,5.000000,368.000000
construct/nested,100,0,34272,0.050028833,685045,68504496,15.000000,1352.000000
construct/nested,100,1,35008,0.050014333,699959,69995935,15.000000,1352.000000
construct/nested,100,2,35328,0.050018250,706302,70630220,15.000000,1352.000000
construct/nested,100,3,35584,0.050020167,711393,71139307,15.000000,1352.000000
construct/nested,100,4,35712,0.050040000,713669,71366906,15.000000,1352.000000
construct/nested,100,5,35840,0.050014958,716586,71658563,15.000000,1352.000000
construct/nested,100,6,35808,0.050030083,715729,71572937,15.000000,1352.000000
construct/navigate,100,0,99424,0.050013500,1987943,198794326,3.000000,168.000000
construct/navigate,100,1,99488,0.050000083,1989757,198975670,3.000000,168.000000
construct/navigate,100,2,98848,0.050014458,1976389,197638851,3.000000,168.000000
construct/navigate,100,3,98624,0.050008250,1972155,197215459,3.000000,168.000000
construct/navigate,100,4,99104,0.050001542,1982019,198201887,3.000000,168.000000
construct/navigate,100,5,98944,0.050011291,1978433,197843323,3.000000,168.000000
construct/navigate,100,6,99200,0.050005208,1983793,198379337,3.000000,168.000000
construct/raw_member,500,0,134432,0.050002583,2688501,1344250556,3.000000,168.000000
construct/raw_member,500,1,134112,0.050002333,2682115,1341057426,3.000000,168.000000
construct/raw_member,500,2,134432,0.050012000,2687995,1343997441,3.000000,168.000000
construct/raw_member,500,3,131744,0.050000625,2634847,1317423532,3.000000,168.000000
construct/raw_member,500,4,131904,0.050007625,2637678,1318838877,3.000000,168.000000
construct/raw_member,500,5,132000,0.050001292,2639932,1319965892,3.000000,168.000000
construct/raw_member,500,6,132160,0.050005875,2642889,1321444730,3.000000,168.000000
construct/raw_member_write,500,0,67264,0.050008917,1345040,672520063,3.000000,168.000000
construct/raw_member_write,500,1,67552,0.050011791,1350721,675360736,3.000000,168.000000
construct/raw_member_write,500,2,67776,0.050018584,1355016,677508184,3.000000,168.000000
construct/raw_member_write,500,3,66464,0.050007875,1329071,664535336,3.000000,168.000000
construct/raw_member_write,500,4,67840,0.050002417,1356734,678367208,3.000000,168.000000
construct/raw_member_write,500,5,67904,0.050012625,1357737,678868586,3.000000,168.000000
construct/raw_member_write,500,6,68064,0.050019375,1360753,680376354,3.000000,168.000000
construct/scalars,500,0,44352,0.050024541,886605,443302418,3.000000,552.000000
construct/scalars,500,1,44960,0.050027958,898697,449348742,3.000000,552.000000
construct/scalars,500,2,44544,0.050003375,890820,445409935,3.000000,552.000000
construct/scalars,500,3,44736,0.050002833,894669,447334654,3.000000,552.000000
construct/scalars,500,4,44640,0.050013958,892551,446275418,3.000000,552.000000
construct/scalars,500,5,44800,0.050034209,895387,447693697,3.000000,552.000000
construct/scalars,500,6,44928,0.050018167,898234,449116818,3.000000,552.000000
construct/filtered_summary,500,0,29408,0.050011750,588022,294010907,5.000000,368.000000
construct/filtered_summary,500,1,29536,0.050041375,590232,295115792,5.000000,368.000000
construct/filtered_summary,500,2,29504,0.050005833,590011,295005585,5.000000,368.000000
construct/filtered_summary,500,3,29472,0.050004125,589391,294695688,5.000000,368.000000
construct/filtered_summary,500,4,29536,0.050006667,590641,295320622,5.000000,368.000000
construct/filtered_summary,500,5,29408,0.050011833,588021,294010419,5.000000,368.000000
construct/filtered_summary,500,6,29440,0.050035208,588386,294192841,5.000000,368.000000
construct/nested,500,0,21920,0.050032875,438112,219055971,15.000000,1352.000000
construct/nested,500,1,21952,0.050054875,438559,219279341,15.000000,1352.000000
construct/nested,500,2,22080,0.050056875,441098,220549125,15.000000,1352.000000
construct/nested,500,3,22176,0.050015417,443383,221691644,15.000000,1352.000000
construct/nested,500,4,22176,0.050068791,442911,221455317,15.000000,1352.000000
construct/nested,500,5,22176,0.050049333,443083,221541414,15.000000,1352.000000
construct/nested,500,6,22176,0.050040875,443158,221578859,15.000000,1352.000000
construct/navigate,500,0,54016,0.050024125,1079799,539899498,3.000000,168.000000
construct/navigate,500,1,54208,0.050028459,1083543,541771634,3.000000,168.000000
construct/navigate,500,2,53856,0.050013666,1076826,538412841,3.000000,168.000000
construct/navigate,500,3,53920,0.050017000,1078033,539016734,3.000000,168.000000
construct/navigate,500,4,54080,0.050027958,1080996,540497775,3.000000,168.000000
construct/navigate,500,5,54176,0.050012375,1083252,541625948,3.000000,168.000000
construct/navigate,500,6,53664,0.050010000,1073065,536532693,3.000000,168.000000
construct/raw_member,1024,0,77856,0.050009125,1556836,1594199939,3.000000,168.000000
construct/raw_member,1024,1,78016,0.050018083,1559756,1597190040,3.000000,168.000000
construct/raw_member,1024,2,77856,0.050016791,1556597,1593955598,3.000000,168.000000
construct/raw_member,1024,3,77952,0.050000875,1559013,1596429022,3.000000,168.000000
construct/raw_member,1024,4,77984,0.050002167,1559612,1597043104,3.000000,168.000000
construct/raw_member,1024,5,78912,0.050007958,1577989,1615860580,3.000000,168.000000
construct/raw_member,1024,6,78240,0.050018792,1564212,1601753197,3.000000,168.000000
construct/raw_member_write,1024,0,36448,0.050001125,728944,746438245,3.000000,168.000000
construct/raw_member_write,1024,1,36384,0.050027000,727287,744742159,3.000000,168.000000
construct/raw_member_write,1024,2,36448,0.050026417,728575,746060866,3.000000,168.000000
construct/raw_member_write,1024,3,36608,0.050011167,731997,749564432,3.000000,168.000000
construct/raw_member_write,1024,4,36384,0.050015458,727455,744914022,3.000000,168.000000
construct/raw_member_write,1024,5,36288,0.050030292,725321,742728266,3.000000,168.000000
construct/raw_member_write,1024,6,36352,0.050000709,727030,744478403,3.000000,168.000000
construct/scalars,1024,0,26496,0.050016000,529750,542464491,3.000000,552.000000
construct/scalars,1024,1,26496,0.050001416,529905,542622713,3.000000,552.000000
construct/scalars,1024,2,26496,0.050036041,529538,542247217,3.000000,552.000000
construct/scalars,1024,3,26784,0.050058667,535052,547893455,3.000000,552.000000
construct/scalars,1024,4,26464,0.050045750,528796,541487259,3.000000,552.000000
construct/scalars,1024,5,26336,0.050009333,526622,539260622,3.000000,552.000000
construct/scalars,1024,6,26688,0.050037000,533365,546166077,3.000000,552.000000
construct/filtered_summary,1024,0,20096,0.050062083,401422,411055689,5.000000,368.000000
construct/filtered_summary,1024,1,20064,0.050051125,400870,410490993,5.000000,368.000000
construct/filtered_summary,1024,2,20032,0.050032083,400383,409992284,5.000000,368.000000
construct/filtered_summary,1024,3,20064,0.050072792,400697,410313369,5.000000,368.000000
construct/filtered_summary,1024,4,20064,0.050064459,400763,410381664,5.000000,368.000000
construct/filtered_summary,1024,5,20352,0.050018583,406889,416654106,5.000000,368.000000
construct/filtered_summary,1024,6,20160,0.050055417,402754,412419699,5.000000,368.000000
construct/nested,1024,0,15040,0.050049125,300505,307716868,15.000000,1352.000000
construct/nested,1024,1,15040,0.050026625,300640,307855267,15.000000,1352.000000
construct/nested,1024,2,15136,0.050011958,302648,309911162,15.000000,1352.000000
construct/nested,1024,3,15040,0.050091250,300252,307458089,15.000000,1352.000000
construct/nested,1024,4,15008,0.050088667,299629,306819744,15.000000,1352.000000
construct/nested,1024,5,15072,0.050102167,300825,308045119,15.000000,1352.000000
construct/nested,1024,6,15008,0.050014750,300071,307273194,15.000000,1352.000000
construct/navigate,1024,0,34304,0.050038459,685553,702005951,3.000000,168.000000
construct/navigate,1024,1,34112,0.050024875,681901,698266372,3.000000,168.000000
construct/navigate,1024,2,34400,0.050044000,687395,703892575,3.000000,168.000000
construct/navigate,1024,3,34144,0.050021625,682585,698966817,3.000000,168.000000
construct/navigate,1024,4,34272,0.050003167,685397,701846105,3.000000,168.000000
construct/navigate,1024,5,34784,0.050033334,695217,711901709,3.000000,168.000000
construct/navigate,1024,6,34464,0.050043292,688684,705212119,3.000000,168.000000
construct/raw_member,10240,0,9472,0.050053625,189237,1937787323,3.000000,168.000000
construct/raw_member,10240,1,9312,0.050010583,186201,1906694029,3.000000,168.000000
construct/raw_member,10240,2,9312,0.050165750,185625,1900796460,3.000000,168.000000
construct/raw_member,10240,3,9280,0.050040958,185448,1898988425,3.000000,168.000000
construct/raw_member,10240,4,9280,0.050099959,185230,1896752051,3.000000,168.000000
construct/raw_member,10240,5,9280,0.050091292,185262,1897080235,3.000000,168.000000
construct/raw_member,10240,6,9280,0.050118833,185160,1896037763,3.000000,168.000000
construct/raw_member_write,10240,0,4064,0.050293708,80805,827446646,3.000000,168.000000
construct/raw_member_write,10240,1,4000,0.050056208,79910,818280122,3.000000,168.000000
construct/raw_member_write,10240,2,4000,0.050104708,79833,817488049,3.000000,168.000000
construct/raw_member_write,10240,3,4000,0.050171000,79727,816407885,3.000000,168.000000
construct/raw_member_write,10240,4,4000,0.050076416,79878,817949911,3.000000,168.000000
construct/raw_member_write,10240,5,4000,0.050152625,79757,816707002,3.000000,168.000000
construct/raw_member_write,10240,6,4000,0.050089500,79857,817736252,3.000000,168.000000
construct/scalars,10240,0,3200,0.050009541,63988,655234968,3.000000,552.000000
construct/scalars,10240,1,3168,0.050223833,63078,645914859,3.000000,552.000000
construct/scalars,10240,2,3168,0.050213417,63091,646048844,3.000000,552.000000
construct/scalars,10240,3,3168,0.050187917,63123,646377095,3.000000,552.000000
construct/scalars,10240,4,3168,0.050226250,63075,645883776,3.000000,552.000000
construct/scalars,10240,5,3200,0.050161042,63795,653255967,3.000000,552.000000
construct/scalars,10240,6,3232,0.050504667,63994,655299440,3.000000,552.000000
construct/filtered_summary,10240,0,3072,0.050235000,61153,626202448,5.000000,368.000000
construct/filtered_summary,10240,1,3072,0.050508000,60822,622817771,5.000000,368.000000
construct/filtered_summary,10240,2,3072,0.050401666,60950,624131750,5.000000,368.000000
construct/filtered_summary,10240,3,3040,0.050069292,60716,621730381,5.000000,368.000000
construct/filtered_summary,10240,4,3072,0.050487209,60847,623074252,5.000000,368.000000
construct/filtered_summary,10240,5,3104,0.050095625,61961,634485746,5.000000,368.000000
construct/filtered_summary,10240,6,3104,0.050317958,61688,631682232,5.000000,368.000000
construct/nested,10240,0,2304,0.050261334,45840,469405766,15.000000,1352.000000
construct/nested,10240,1,2304,0.050325208,45782,468809985,15.000000,1352.000000
construct/nested,10240,2,2304,0.050307875,45798,468971508,15.000000,1352.000000
construct/nested,10240,3,2304,0.050293041,45812,469109832,15.000000,1352.000000
construct/nested,10240,4,2336,0.050560375,46202,473110415,15.000000,1352.000000
construct/nested,10240,5,2304,0.050394875,45719,468161891,15.000000,1352.000000
construct/nested,10240,6,2304,0.050417250,45699,467954123,15.000000,1352.000000
construct/navigate,10240,0,4640,0.050166917,92491,947110224,3.000000,168.000000
construct/navigate,10240,1,4640,0.050184125,92460,946785463,3.000000,168.000000
construct/navigate,10240,2,4736,0.050207291,94329,965928235,3.000000,168.000000
construct/navigate,10240,3,4640,0.050118375,92581,948027545,3.000000,168.000000
construct/navigate,10240,4,4640,0.050143791,92534,947547025,3.000000,168.000000
construct/navigate,10240,5,4640,0.050201667,92427,946454627,3.000000,168.000000
construct/navigate,10240,6,4640,0.050208209,92415,946331306,3.000000,168.000000
construct/raw_member,65536,0,1536,0.050534416,30395,1991975053,3.000000,168.000000
construct/raw_member,65536,1,1504,0.050438291,29819,1954192778,3.000000,168.000000
construct/raw_member,65536,2,1504,0.050946375,29521,1934703774,3.000000,168.000000
construct/raw_member,65536,3,1504,0.050653875,29692,1945875691,3.000000,168.000000
construct/raw_member,65536,4,1504,0.050133833,30000,1966060405,3.000000,168.000000
construct/raw_member,65536,5,1504,0.050886500,29556,1936980221,3.000000,168.000000
construct/raw_member,65536,6,1504,0.050907042,29544,1936198611,3.000000,168.000000
construct/raw_member_write,65536,0,640,0.050840709,12588,824989282,3.000000,168.000000
construct/raw_member_write,65536,1,640,0.050720125,12618,826950643,3.000000,168.000000
construct/raw_member_write,65536,2,640,0.050781958,12603,825943734,3.000000,168.000000
construct/raw_member_write,65536,3,640,0.050521791,12668,830197013,3.000000,168.000000
construct/raw_member_write,65536,4,672,0.052229416,12866,843206671,3.000000,168.000000
construct/raw_member_write,65536,5,640,0.050507708,12671,830428496,3.000000,168.000000
construct/raw_member_write,65536,6,640,0.050731167,12616,826770652,3.000000,168.000000
construct/scalars,65536,0,512,0.050886958,10062,659391587,3.000000,552.000000
construct/scalars,65536,1,512,0.050948458,10049,658595634,3.000000,552.000000
construct/scalars,65536,2,512,0.050231000,10193,668002469,3.000000,552.000000
construct/scalars,65536,3,512,0.050762833,10086,661003928,3.000000,552.000000
construct/scalars,65536,4,512,0.050359750,10167,666294650,3.000000,552.000000
construct/scalars,65536,5,512,0.050935291,10052,658765884,3.000000,552.000000
construct/scalars,65536,6,512,0.050875500,10064,659540093,3.000000,552.000000
construct/filtered_summary,65536,0,512,0.051158000,10008,655898041,5.000000,368.000000
construct/filtered_summary,65536,1,512,0.051153583,10009,655954677,5.000000,368.000000
construct/filtered_summary,65536,2,544,0.052882416,10287,674167080,5.000000,368.000000
construct/filtered_summary,65536,3,512,0.050408750,10157,665646976,5.000000,368.000000
construct/filtered_summary,65536,4,512,0.050968834,10045,658332345,5.000000,368.000000
construct/filtered_summary,65536,5,512,0.050999959,10039,657930568,5.000000,368.000000
construct/filtered_summary,65536,6,512,0.051067458,10026,657060941,5.000000,368.000000
construct/nested,65536,0,384,0.050888583,7546,494527898,15.000000,1352.000000
construct/nested,65536,1,384,0.050986958,7531,493573749,15.000000,1352.000000
construct/nested,65536,2,384,0.050211750,7648,501193924,15.000000,1352.000000
construct/nested,65536,3,384,0.050891833,7545,494496317,15.000000,1352.000000
construct/nested,65536,4,384,0.050968875,7534,493748861,15.000000,1352.000000
construct/nested,65536,5,416,0.054164375,7680,503337775,15.000000,1352.000000
construct/nested,65536,6,384,0.051063458,7520,492834308,15.000000,1352.000000
construct/navigate,65536,0,768,0.051267500,14980,981745706,3.000000,168.000000
construct/navigate,65536,1,768,0.051055583,15042,985820650,3.000000,168.000000
construct/navigate,65536,2,768,0.050106375,15327,1004495895,3.000000,168.000000
construct/navigate,65536,3,768,0.051211125,14997,982826446,3.000000,168.000000
construct/navigate,65536,4,768,0.051269500,14980,981707409,3.000000,168.000000
construct/navigate,65536,5,800,0.052047625,15371,1007323581,3.000000,168.000000
construct/navigate,65536,6,768,0.051020167,15053,986504964,3.000000,168.000000
construct/raw_member,1048576,0,96,0.051736500,1856,1945692036,3.000000,168.000000
construct/raw_member,1048576,1,96,0.051833667,1852,1942044656,3.000000,168.000000
construct/raw_member,1048576,2,96,0.051713959,1856,1946540121,3.000000,168.000000
construct/raw_member,1048576,3,96,0.051781625,1854,1943996466,3.000000,168.000000
construct/raw_member,1048576,4,96,0.050913167,1886,1977156440,3.000000,168.000000
construct/raw_member,1048576,5,96,0.051791458,1854,1943627383,3.000000,168.000000
construct/raw_member,1048576,6,96,0.051668208,1858,1948263737,3.000000,168.000000
construct/raw_member_write,1048576,0,64,0.081121541,789,827263180,3.000000,168.000000
construct/raw_member_write,1048576,1,64,0.081799583,782,820405943,3.000000,168.000000
construct/raw_member_write,1048576,2,64,0.080432375,796,834351391,3.000000,168.000000
construct/raw_member_write,1048576,3,64,0.081590958,784,822503690,3.000000,168.000000
construct/raw_member_write,1048576,4,64,0.081303375,787,825413016,3.000000,168.000000
construct/raw_member_write,1048576,5,64,0.080403125,796,834654922,3.000000,168.000000
construct/raw_member_write,1048576,6,64,0.081381500,786,824620632,3.000000,168.000000
construct/scalars,1048576,0,32,0.050033167,640,670643775,3.000000,552.000000
construct/scalars,1048576,1,32,0.050705500,631,661751329,3.000000,552.000000
construct/scalars,1048576,2,32,0.050630958,632,662725600,3.000000,552.000000
construct/scalars,1048576,3,32,0.050677708,631,662114238,3.000000,552.000000
construct/scalars,1048576,4,64,0.099253666,645,676134864,3.000000,552.000000
construct/scalars,1048576,5,32,0.050420500,635,665491854,3.000000,552.000000
construct/scalars,1048576,6,32,0.050541792,633,663894782,3.000000,552.000000
construct/filtered_summary,1048576,0,32,0.050273958,637,667431675,5.000000,368.000000
construct/filtered_summary,1048576,1,32,0.050562084,633,663628343,5.000000,368.000000
construct/filtered_summary,1048576,2,32,0.050528625,633,664067783,5.000000,368.000000
construct/filtered_summary,1048576,3,64,0.099411000,644,675064772,5.000000,368.000000
construct/filtered_summary,1048576,4,32,0.050669458,632,662222043,5.000000,368.000000
construct/filtered_summary,1048576,5,32,0.050635625,632,662664517,5.000000,368.000000
construct/filtered_summary,1048576,6,32,0.050783833,630,660730591,5.000000,368.000000
construct/nested,1048576,0,32,0.066492834,481,504632304,15.000000,1352.000000
construct/nested,1048576,1,32,0.066484417,481,504696191,15.000000,1352.000000
construct/nested,1048576,2,32,0.067197333,476,499341722,15.000000,1352.000000
construct/nested,1048576,3,32,0.067399958,475,497840548,15.000000,1352.000000
construct/nested,1048576,4,32,0.067215917,476,499203663,15.000000,1352.000000
construct/nested,1048576,5,32,0.066224083,483,506680206,15.000000,1352.000000
construct/nested,1048576,6,32,0.067297417,476,498599107,15.000000,1352.000000
construct/navigate,1048576,0,64,0.067841541,943,989200172,3.000000,168.000000
construct/navigate,1048576,1,64,0.067024875,955,1001253102,3.000000,168.000000
construct/navigate,1048576,2,64,0.067798084,944,989834226,3.000000,168.000000
construct/navigate,1048576,3,64,0.067888916,943,988509877,3.000000,168.000000
construct/navigate,1048576,4,64,0.067920167,942,988055050,3.000000,168.000000
construct/navigate,1048576,5,64,0.067612167,947,992556029,3.000000,168.000000
construct/navigate,1048576,6,64,0.066845417,957,1003941138,3.000000,168.000000
construct/mapped_objects,262,0,22176,0.050055833,443025,116072626,12.000000,1184.000000
construct/mapped_objects,262,1,22176,0.050007625,443452,116184522,12.000000,1184.000000
construct/mapped_objects,262,2,22336,0.050007250,446655,117023672,12.000000,1184.000000
construct/mapped_objects,262,3,22368,0.050056417,446856,117076218,12.000000,1184.000000
construct/mapped_objects,262,4,22336,0.050019500,446546,116995012,12.000000,1184.000000
construct/mapped_objects,262,5,22336,0.050019917,446542,116994037,12.000000,1184.000000
construct/mapped_objects,262,6,22240,0.050038125,444461,116448808,12.000000,1184.000000
construct/collected_objects,262,0,21376,0.050030416,427260,111942143,15.000000,1352.000000
construct/collected_objects,262,1,21376,0.050065750,426959,111863140,15.000000,1352.000000
construct/collected_objects,262,2,21056,0.050007667,421055,110316524,15.000000,1352.000000
construct/collected_objects,262,3,21216,0.050056625,423840,111046080,15.000000,1352.000000
construct/collected_objects,262,4,21312,0.050055667,425766,111550686,15.000000,1352.000000
construct/collected_objects,262,5,21216,0.050013083,424209,111142758,15.000000,1352.000000
construct/collected_objects,262,6,21248,0.050052916,424511,111221812,15.000000,1352.000000
construct/collected_write,262,0,19392,0.050023250,387660,101566851,15.000000,1352.000000
construct/collected_write,262,1,19424,0.050014625,388366,101751998,15.000000,1352.000000
construct/collected_write,262,2,19392,0.050027167,387629,101558899,15.000000,1352.000000
construct/collected_write,262,3,19552,0.050055750,390604,102338373,15.000000,1352.000000
construct/collected_write,262,4,19616,0.050065625,391806,102653108,15.000000,1352.000000
construct/collected_write,262,5,19584,0.050075792,391087,102464840,15.000000,1352.000000
construct/collected_write,262,6,19648,0.050076542,392359,102798152,15.000000,1352.000000
construct/filtered_aggregate,262,0,18528,0.050019834,370413,97048223,3.000000,296.000000
construct/filtered_aggregate,262,1,18400,0.050085709,367370,96251008,3.000000,296.000000
construct/filtered_aggregate,262,2,18336,0.050065875,366237,95954220,3.000000,296.000000
construct/filtered_aggregate,262,3,18528,0.050031458,370327,97025675,3.000000,296.000000
construct/filtered_aggregate,262,4,18304,0.050076000,365524,95767394,3.000000,296.000000
construct/filtered_aggregate,262,5,18272,0.050081041,364849,95590345,3.000000,296.000000
construct/filtered_aggregate,262,6,18368,0.050045542,367026,96160733,3.000000,296.000000
construct/mapped_objects,4334,0,1472,0.050394209,29210,126594863,192.000000,18944.000000
construct/mapped_objects,4334,1,1472,0.050318667,29254,126784917,192.000000,18944.000000
construct/mapped_objects,4334,2,1472,0.050310292,29258,126806022,192.000000,18944.000000
construct/mapped_objects,4334,3,1472,0.050435625,29186,126490908,192.000000,18944.000000
construct/mapped_objects,4334,4,1472,0.050248958,29294,126960802,192.000000,18944.000000
construct/mapped_objects,4334,5,1472,0.050090542,29387,127362327,192.000000,18944.000000
construct/mapped_objects,4334,6,1504,0.051091458,29437,127581718,192.000000,18944.000000
construct/collected_objects,4334,0,1472,0.050743125,29009,125724381,199.000000,21992.000000
construct/collected_objects,4334,1,1472,0.050808583,28971,125562407,199.000000,21992.000000
construct/collected_objects,4334,2,1472,0.050710417,29028,125805473,199.000000,21992.000000
construct/collected_objects,4334,3,1472,0.050720583,29022,125780258,199.000000,21992.000000
construct/collected_objects,4334,4,1472,0.050535583,29128,126240712,199.000000,21992.000000
construct/collected_objects,4334,5,1472,0.050721208,29021,125778708,199.000000,21992.000000
construct/collected_objects,4334,6,1472,0.050723250,29020,125773644,199.000000,21992.000000
construct/collected_write,4334,0,1344,0.051026458,26339,114154426,199.000000,21992.000000
construct/collected_write,4334,1,1344,0.051049500,26327,114102900,199.000000,21992.000000
construct/collected_write,4334,2,1344,0.050972708,26367,114274800,199.000000,21992.000000
construct/collected_write,4334,3,1344,0.050936417,26386,114356218,199.000000,21992.000000
construct/collected_write,4334,4,1344,0.050824666,26444,114607659,199.000000,21992.000000
construct/collected_write,4334,5,1344,0.050915750,26397,114402636,199.000000,21992.000000
construct/collected_write,4334,6,1344,0.050710000,26504,114866811,199.000000,21992.000000
construct/filtered_aggregate,4334,0,1376,0.050029917,27504,119200358,3.000000,296.000000
construct/filtered_aggregate,4334,1,1344,0.050226917,26759,115971601,3.000000,296.000000
construct/filtered_aggregate,4334,2,1344,0.051052959,26326,114095169,3.000000,296.000000
construct/filtered_aggregate,4334,3,1344,0.050229708,26757,115965158,3.000000,296.000000
construct/filtered_aggregate,4334,4,1376,0.050580792,27204,117902148,3.000000,296.000000
construct/filtered_aggregate,4334,5,1376,0.050782625,27096,117433551,3.000000,296.000000
construct/filtered_aggregate,4334,6,1376,0.050851333,27059,117274880,3.000000,296.000000
construct/mapped_objects,36190,0,192,0.052475458,3659,132413899,1536.000000,151552.000000
construct/mapped_objects,36190,1,192,0.052529292,3655,132278196,1536.000000,151552.000000
construct/mapped_objects,36190,2,192,0.052359583,3667,132706939,1536.000000,151552.000000
construct/mapped_objects,36190,3,192,0.052229250,3676,133038096,1536.000000,151552.000000
construct/mapped_objects,36190,4,192,0.052984625,3624,131141440,1536.000000,151552.000000
construct/mapped_objects,36190,5,192,0.052442250,3661,132497748,1536.000000,151552.000000
construct/mapped_objects,36190,6,192,0.052078500,3687,133423198,1536.000000,151552.000000
construct/collected_objects,36190,0,192,0.052466375,3659,132436823,1546.000000,176104.000000
construct/collected_objects,36190,1,192,0.052501000,3657,132349479,1546.000000,176104.000000
construct/collected_objects,36190,2,192,0.052481292,3658,132399180,1546.000000,176104.000000
construct/collected_objects,36190,3,192,0.052579167,3652,132152721,1546.000000,176104.000000
construct/collected_objects,36190,4,192,0.052746667,3640,131733063,1546.000000,176104.000000
construct/collected_objects,36190,5,192,0.052385791,3665,132640548,1546.000000,176104.000000
construct/collected_objects,36190,6,192,0.052326125,3669,132791794,1546.000000,176104.000000
construct/collected_write,36190,0,192,0.058151042,3302,119490206,1546.000000,176104.000000
construct/collected_write,36190,1,192,0.058366375,3290,119049367,1546.000000,176104.000000
construct/collected_write,36190,2,192,0.058283208,3294,119219244,1546.000000,176104.000000
construct/collected_write,36190,3,192,0.058190375,3300,119409438,1546.000000,176104.000000
construct/collected_write,36190,4,192,0.058087666,3305,119620575,1546.000000,176104.000000
construct/collected_write,36190,5,192,0.058191084,3299,119407984,1546.000000,176104.000000
construct/collected_write,36190,6,192,0.058048917,3308,119700424,1546.000000,176104.000000
construct/filtered_aggregate,36190,0,192,0.057158958,3359,121564147,3.000000,296.000000
construct/filtered_aggregate,36190,1,192,0.056196584,3417,123645950,3.000000,296.000000
construct/filtered_aggregate,36190,2,192,0.057398875,3345,121056031,3.000000,296.000000
construct/filtered_aggregate,36190,3,192,0.055555125,3456,125073609,3.000000,296.000000
construct/filtered_aggregate,36190,4,192,0.056788000,3381,122358245,3.000000,296.000000
construct/filtered_aggregate,36190,5,192,0.055649709,3450,124861030,3.000000,296.000000
construct/filtered_aggregate,36190,6,192,0.055617208,3452,124933995,3.000000,296.000000
construct/mapped_objects,624958,0,32,0.143265208,223,139591854,24576.000000,2424832.000000
construct/mapped_objects,624958,1,32,0.142202625,225,140634929,24576.000000,2424832.000000
construct/mapped_objects,624958,2,32,0.143031834,224,139819615,24576.000000,2424832.000000
construct/mapped_objects,624958,3,32,0.143400416,223,139460237,24576.000000,2424832.000000
construct/mapped_objects,624958,4,32,0.142762208,224,140083684,24576.000000,2424832.000000
construct/mapped_objects,624958,5,32,0.141708875,226,141124937,24576.000000,2424832.000000
construct/mapped_objects,624958,6,32,0.141872042,226,140962629,24576.000000,2424832.000000
construct/collected_objects,624958,0,32,0.142864167,224,139983709,24590.000000,2818024.000000
construct/collected_objects,624958,1,32,0.143069208,224,139783090,24590.000000,2818024.000000
construct/collected_objects,624958,2,32,0.143631208,223,139236147,24590.000000,2818024.000000
construct/collected_objects,624958,3,32,0.143252000,223,139604725,24590.000000,2818024.000000
construct/collected_objects,624958,4,32,0.142869209,224,139978769,24590.000000,2818024.000000
construct/collected_objects,624958,5,32,0.143164208,224,139690334,24590.000000,2818024.000000
construct/collected_objects,624958,6,32,0.142625583,224,140217874,24590.000000,2818024.000000
construct/collected_write,624958,0,32,0.157445292,203,127019714,24590.000000,2818024.000000
construct/collected_write,624958,1,32,0.157933208,203,126627302,24590.000000,2818024.000000
construct/collected_write,624958,2,32,0.157384750,203,127068576,24590.000000,2818024.000000
construct/collected_write,624958,3,32,0.157547083,203,126937647,24590.000000,2818024.000000
construct/collected_write,624958,4,32,0.157889875,203,126662055,24590.000000,2818024.000000
construct/collected_write,624958,5,32,0.158414417,202,126242651,24590.000000,2818024.000000
construct/collected_write,624958,6,32,0.157696750,203,126817173,24590.000000,2818024.000000
construct/filtered_aggregate,624958,0,32,0.155527750,206,128585773,3.000000,296.000000
construct/filtered_aggregate,624958,1,32,0.154187833,208,129703204,3.000000,296.000000
construct/filtered_aggregate,624958,2,32,0.152517208,210,131123932,3.000000,296.000000
construct/filtered_aggregate,624958,3,32,0.151785292,211,131756218,3.000000,296.000000
construct/filtered_aggregate,624958,4,32,0.153769167,208,130056346,3.000000,296.000000
construct/filtered_aggregate,624958,5,32,0.156889334,204,127469825,3.000000,296.000000
construct/filtered_aggregate,624958,6,32,0.157233083,204,127191146,3.000000,296.000000
construct/nested_summary,1036,0,1984,0.050320000,39428,40847059,3.000000,296.000000
construct/nested_summary,1036,1,1984,0.050092792,39606,41032331,3.000000,296.000000
construct/nested_summary,1036,2,1984,0.050108500,39594,41019468,3.000000,296.000000
construct/nested_summary,1036,3,1984,0.050275333,39463,40883349,3.000000,296.000000
construct/nested_summary,1036,4,1984,0.050221125,39505,40927478,3.000000,296.000000
construct/nested_summary,1036,5,1984,0.050583709,39222,40634110,3.000000,296.000000
construct/nested_summary,1036,6,1984,0.050208042,39516,40938143,3.000000,296.000000
construct/nested_summary,16396,0,128,0.050251667,2547,41763550,3.000000,296.000000
construct/nested_summary,16396,1,128,0.050267417,2546,41750464,3.000000,296.000000
construct/nested_summary,16396,2,128,0.050334125,2543,41695132,3.000000,296.000000
construct/nested_summary,16396,3,128,0.050148583,2552,41849398,3.000000,296.000000
construct/nested_summary,16396,4,160,0.062425292,2563,42023992,3.000000,296.000000
construct/nested_summary,16396,5,160,0.062531791,2559,41952421,3.000000,296.000000
construct/nested_summary,16396,6,160,0.062590333,2556,41913182,3.000000,296.000000
construct/nested_summary,1048588,0,32,0.841758959,38,39862737,3.000000,296.000000
construct/nested_summary,1048588,1,32,0.805466875,40,41658840,3.000000,296.000000
construct/nested_summary,1048588,2,32,0.805096666,40,41677996,3.000000,296.000000
construct/nested_summary,1048588,3,32,0.804874458,40,41689503,3.000000,296.000000
construct/nested_summary,1048588,4,32,0.803837916,40,41743261,3.000000,296.000000
construct/nested_summary,1048588,5,32,0.805587125,40,41652622,3.000000,296.000000
construct/nested_summary,1048588,6,32,0.803467583,40,41762501,3.000000,296.000000
compile/lexical,0,0,39840,0.050015917,796546,0,40.000000,2912.000000
compile/lexical,0,1,40416,0.050028666,807857,0,40.000000,2912.000000
compile/lexical,0,2,40576,0.050004166,811452,0,40.000000,2912.000000
compile/lexical,0,3,40448,0.050024041,808571,0,40.000000,2912.000000
compile/lexical,0,4,40576,0.050014416,811286,0,40.000000,2912.000000
compile/lexical,0,5,40608,0.050006375,812056,0,40.000000,2912.000000
compile/lexical,0,6,40672,0.050020709,813103,0,40.000000,2912.000000
lexical/lookup,100,0,146720,0.050003292,2934207,293420681,5.000000,504.000000
lexical/lookup,100,1,150592,0.050004000,3011599,301159907,5.000000,504.000000
lexical/lookup,100,2,151744,0.050006083,3034511,303451082,5.000000,504.000000
lexical/lookup,100,3,152256,0.050002917,3044942,304494236,5.000000,504.000000
lexical/lookup,100,4,152448,0.050007083,3048528,304852815,5.000000,504.000000
lexical/lookup,100,5,152864,0.050005792,3056926,305692589,5.000000,504.000000
lexical/lookup,100,6,148256,0.050001542,2965029,296502856,5.000000,504.000000
lexical/repeated_binding,100,0,122752,0.050009917,2454553,245455316,5.000000,504.000000
lexical/repeated_binding,100,1,123104,0.050004792,2461844,246184406,5.000000,504.000000
lexical/repeated_binding,100,2,123616,0.050011292,2471762,247176178,5.000000,504.000000
lexical/repeated_binding,100,3,123648,0.050002208,2472851,247285080,5.000000,504.000000
lexical/repeated_binding,100,4,123744,0.050002584,2474752,247475210,5.000000,504.000000
lexical/repeated_binding,100,5,122624,0.050012834,2451851,245185066,5.000000,504.000000
lexical/repeated_binding,100,6,123424,0.050002292,2468367,246836685,5.000000,504.000000
lexical/retained_sequence,100,0,94656,0.050013625,1892604,189260427,7.000000,648.000000
lexical/retained_sequence,100,1,94528,0.050001291,1890511,189051119,7.000000,648.000000
lexical/retained_sequence,100,2,94208,0.050013208,1883662,188366241,7.000000,648.000000
lexical/retained_sequence,100,3,94720,0.050014500,1893851,189385078,7.000000,648.000000
lexical/retained_sequence,100,4,94304,0.050013625,1885566,188556618,7.000000,648.000000
lexical/retained_sequence,100,5,94432,0.050007916,1888341,188834104,7.000000,648.000000
lexical/retained_sequence,100,6,95584,0.050013709,1911156,191115600,7.000000,648.000000
lexical/closure_call,100,0,81152,0.050010750,1622691,162269112,8.000000,768.000000
lexical/closure_call,100,1,81952,0.050010666,1638690,163869043,8.000000,768.000000
lexical/closure_call,100,2,82208,0.050001042,1644126,164412574,8.000000,768.000000
lexical/closure_call,100,3,80704,0.050004041,1613950,161394956,8.000000,768.000000
lexical/closure_call,100,4,80864,0.050004375,1617139,161713850,8.000000,768.000000
lexical/closure_call,100,5,81280,0.050005083,1625435,162543476,8.000000,768.000000
lexical/closure_call,100,6,81504,0.050009750,1629762,162976220,8.000000,768.000000
lexical/escaped_closure,100,0,73024,0.050016000,1460013,146001280,11.000000,1032.000000
lexical/escaped_closure,100,1,73024,0.050008625,1460228,146022811,11.000000,1032.000000
lexical/escaped_closure,100,2,72992,0.050015375,1459391,145939124,11.000000,1032.000000
lexical/escaped_closure,100,3,73024,0.050000334,1460470,146047024,11.000000,1032.000000
lexical/escaped_closure,100,4,72992,0.050016000,1459373,145937300,11.000000,1032.000000
lexical/escaped_closure,100,5,73248,0.050001041,1464930,146492950,11.000000,1032.000000
lexical/escaped_closure,100,6,73120,0.050006875,1462199,146219895,11.000000,1032.000000
lexical/mixed,100,0,41088,0.050011708,821568,82156762,14.000000,1480.000000
lexical/mixed,100,1,41088,0.050033959,821202,82120226,14.000000,1480.000000
lexical/mixed,100,2,41088,0.050009334,821607,82160662,14.000000,1480.000000
lexical/mixed,100,3,40992,0.050023041,819462,81946238,14.000000,1480.000000
lexical/mixed,100,4,40384,0.050009375,807529,80752859,14.000000,1480.000000
lexical/mixed,100,5,40448,0.050022875,808590,80859007,14.000000,1480.000000
lexical/mixed,100,6,40576,0.050031542,811008,81100838,14.000000,1480.000000
lexical/lookup,500,0,67264,0.050004958,1345147,672573308,5.000000,504.000000
lexical/lookup,500,1,67424,0.050001375,1348443,674221459,5.000000,504.000000
lexical/lookup,500,2,67872,0.050022667,1356825,678412449,5.000000,504.000000
lexical/lookup,500,3,67328,0.050000250,1346553,673276634,5.000000,504.000000
lexical/lookup,500,4,67648,0.050005459,1352812,676406150,5.000000,504.000000
lexical/lookup,500,5,67488,0.050010458,1349478,674738872,5.000000,504.000000
lexical/lookup,500,6,67328,0.050011750,1346244,673121816,5.000000,504.000000
lexical/repeated_binding,500,0,60256,0.050013459,1204796,602397847,5.000000,504.000000
lexical/repeated_binding,500,1,61056,0.050002791,1221052,610525920,5.000000,504.000000
lexical/repeated_binding,500,2,60608,0.050008208,1211961,605980522,5.000000,504.000000
lexical/repeated_binding,500,3,60576,0.050003792,1211428,605714063,5.000000,504.000000
lexical/repeated_binding,500,4,60512,0.050009250,1210016,605008074,5.000000,504.000000
lexical/repeated_binding,500,5,60480,0.050014250,1209255,604627681,5.000000,504.000000
lexical/repeated_binding,500,6,60608,0.050023042,1211602,605800823,5.000000,504.000000
lexical/retained_sequence,500,0,52896,0.050016917,1057562,528781092,7.000000,648.000000
lexical/retained_sequence,500,1,52704,0.050024417,1053566,526782751,7.000000,648.000000
lexical/retained_sequence,500,2,52992,0.050012458,1059576,529787998,7.000000,648.000000
lexical/retained_sequence,500,3,52704,0.050011708,1053833,526916617,7.000000,648.000000
lexical/retained_sequence,500,4,52864,0.050002792,1057221,528610482,7.000000,648.000000
lexical/retained_sequence,500,5,52992,0.050001125,1059816,529908077,7.000000,648.000000
lexical/retained_sequence,500,6,52928,0.050025542,1058020,529009761,7.000000,648.000000
lexical/closure_call,500,0,40224,0.050019125,804172,402086202,8.000000,768.000000
lexical/closure_call,500,1,40320,0.050038083,805786,402893132,8.000000,768.000000
lexical/closure_call,500,2,40320,0.050018792,806097,403048518,8.000000,768.000000
lexical/closure_call,500,3,40416,0.050035250,807751,403875268,8.000000,768.000000
lexical/closure_call,500,4,40480,0.050035291,809029,404514486,8.000000,768.000000
lexical/closure_call,500,5,40864,0.050010791,817104,408551826,8.000000,768.000000
lexical/closure_call,500,6,40384,0.050023083,807307,403653649,8.000000,768.000000
lexical/escaped_closure,500,0,38080,0.050018333,761321,380660427,11.000000,1032.000000
lexical/escaped_closure,500,1,37632,0.050014458,752422,376211215,11.000000,1032.000000
lexical/escaped_closure,500,2,37664,0.050000583,753271,376635608,11.000000,1032.000000
lexical/escaped_closure,500,3,37696,0.050009917,753770,376885249,11.000000,1032.000000
lexical/escaped_closure,500,4,37728,0.050013584,754355,377177528,11.000000,1032.000000
lexical/escaped_closure,500,5,38208,0.050015417,763924,381962226,11.000000,1032.000000
lexical/escaped_closure,500,6,37824,0.050007667,756364,378182010,11.000000,1032.000000
lexical/mixed,500,0,26976,0.050049083,538991,269495447,14.000000,1480.000000
lexical/mixed,500,1,26912,0.050043875,537768,268884054,14.000000,1480.000000
lexical/mixed,500,2,26976,0.050048250,539000,269499933,14.000000,1480.000000
lexical/mixed,500,3,26976,0.050054625,538931,269465609,14.000000,1480.000000
lexical/mixed,500,4,27136,0.050037292,542316,271157760,14.000000,1480.000000
lexical/mixed,500,5,26976,0.050022750,539275,269637315,14.000000,1480.000000
lexical/mixed,500,6,27104,0.050005416,542021,271010644,14.000000,1480.000000
lexical/lookup,1024,0,39328,0.050004125,786495,805370997,5.000000,504.000000
lexical/lookup,1024,1,38656,0.050036167,772561,791102644,5.000000,504.000000
lexical/lookup,1024,2,38560,0.050031625,770713,789209625,5.000000,504.000000
lexical/lookup,1024,3,38560,0.050002875,771156,789663394,5.000000,504.000000
lexical/lookup,1024,4,38592,0.050021334,771511,790027071,5.000000,504.000000
lexical/lookup,1024,5,38944,0.050031333,778392,797073626,5.000000,504.000000
lexical/lookup,1024,6,39808,0.050033791,795622,814717238,5.000000,504.000000
lexical/repeated_binding,1024,0,37056,0.050007167,741014,758798114,5.000000,504.000000
lexical/repeated_binding,1024,1,37376,0.050019792,747224,765157600,5.000000,504.000000
lexical/repeated_binding,1024,2,36960,0.050028959,738772,756502649,5.000000,504.000000
lexical/repeated_binding,1024,3,36800,0.050042208,735379,753028324,5.000000,504.000000
lexical/repeated_binding,1024,4,36832,0.050007083,736536,754212518,5.000000,504.000000
lexical/repeated_binding,1024,5,36832,0.050020084,736344,754016487,5.000000,504.000000
lexical/repeated_binding,1024,6,36800,0.050000542,735992,753655830,5.000000,504.000000
lexical/retained_sequence,1024,0,33952,0.050001083,679025,695321899,7.000000,648.000000
lexical/retained_sequence,1024,1,33984,0.050008625,679563,695872282,7.000000,648.000000
lexical/retained_sequence,1024,2,33888,0.050006125,677677,693941232,7.000000,648.000000
lexical/retained_sequence,1024,3,34368,0.050044417,686750,703231931,7.000000,648.000000
lexical/retained_sequence,1024,4,34112,0.050036500,681742,698104144,7.000000,648.000000
lexical/retained_sequence,1024,5,33888,0.050027292,677390,693647619,7.000000,648.000000
lexical/retained_sequence,1024,6,33664,0.050017667,673042,689195200,7.000000,648.000000
lexical/closure_call,1024,0,24640,0.050049458,492313,504128536,8.000000,768.000000
lexical/closure_call,1024,1,24672,0.050047792,492969,504800052,8.000000,768.000000
lexical/closure_call,1024,2,24672,0.050028375,493160,504995975,8.000000,768.000000
lexical/closure_call,1024,3,24864,0.050031125,496971,508897931,8.000000,768.000000
lexical/closure_call,1024,4,24768,0.050032375,495039,506920409,8.000000,768.000000
lexical/closure_call,1024,5,24704,0.050002500,494055,505912624,8.000000,768.000000
lexical/closure_call,1024,6,24672,0.050009542,493346,505186150,8.000000,768.000000
lexical/escaped_closure,1024,0,23680,0.050037667,473243,484601330,11.000000,1032.000000
lexical/escaped_closure,1024,1,23840,0.050046334,476359,487791174,11.000000,1032.000000
lexical/escaped_closure,1024,2,23424,0.050050917,468003,479235495,11.000000,1032.000000
lexical/escaped_closure,1024,3,23456,0.050057750,468579,479824682,11.000000,1032.000000
lexical/escaped_closure,1024,4,23744,0.050043916,474463,485850388,11.000000,1032.000000
lexical/escaped_closure,1024,5,23648,0.050018250,472787,484134331,11.000000,1032.000000
lexical/escaped_closure,1024,6,23680,0.050052083,473107,484461756,11.000000,1032.000000
lexical/mixed,1024,0,18752,0.050010916,374958,383957134,14.000000,1480.000000
lexical/mixed,1024,1,18784,0.050046084,375334,384342080,14.000000,1480.000000
lexical/mixed,1024,2,18816,0.050078708,375729,384746028,14.000000,1480.000000
lexical/mixed,1024,3,18816,0.050046166,375973,384996205,14.000000,1480.000000
lexical/mixed,1024,4,18720,0.050010333,374323,383306386,14.000000,1480.000000
lexical/mixed,1024,5,19168,0.050031000,383122,392317403,14.000000,1480.000000
lexical/mixed,1024,6,18976,0.050060000,379065,388162685,14.000000,1480.000000
lexical/lookup,10240,0,4768,0.050179417,95019,972994963,5.000000,504.000000
lexical/lookup,10240,1,4736,0.050183084,94374,966394174,5.000000,504.000000
lexical/lookup,10240,2,4736,0.050279000,94194,964550608,5.000000,504.000000
lexical/lookup,10240,3,4736,0.050255333,94239,965004848,5.000000,504.000000
lexical/lookup,10240,4,4736,0.050277000,94198,964588977,5.000000,504.000000
lexical/lookup,10240,5,4800,0.050124875,95761,980590974,5.000000,504.000000
lexical/lookup,10240,6,4736,0.050287000,94179,964397160,5.000000,504.000000
lexical/repeated_binding,10240,0,4672,0.050088083,93276,955142963,5.000000,504.000000
lexical/repeated_binding,10240,1,4736,0.050063542,94600,968701735,5.000000,504.000000
lexical/repeated_binding,10240,2,4736,0.050141500,94453,967195636,5.000000,504.000000
lexical/repeated_binding,10240,3,4672,0.050002250,93436,956782545,5.000000,504.000000
lexical/repeated_binding,10240,4,4672,0.050104208,93246,954835570,5.000000,504.000000
lexical/repeated_binding,10240,5,4672,0.050035167,93374,956153099,5.000000,504.000000
lexical/repeated_binding,10240,6,4672,0.050034417,93376,956167432,5.000000,504.000000
lexical/retained_sequence,10240,0,4640,0.050260834,92318,945340461,7.000000,648.000000
lexical/retained_sequence,10240,1,4640,0.050210459,92411,946288900,7.000000,648.000000
lexical/retained_sequence,10240,2,4640,0.050218208,92397,946142881,7.000000,648.000000
lexical/retained_sequence,10240,3,4704,0.050106500,93880,961331564,7.000000,648.000000
lexical/retained_sequence,10240,4,4672,0.050192625,93081,953153576,7.000000,648.000000
lexical/retained_sequence,10240,5,4672,0.050289709,92902,951313518,7.000000,648.000000
lexical/retained_sequence,10240,6,4640,0.050295375,92255,944691237,7.000000,648.000000
lexical/closure_call,10240,0,3136,0.050103459,62590,640926607,8.000000,768.000000
lexical/closure_call,10240,1,3136,0.050047666,62660,641641111,8.000000,768.000000
lexical/closure_call,10240,2,3168,0.050400375,62857,643652354,8.000000,768.000000
lexical/closure_call,10240,3,3136,0.050196083,62475,639743942,8.000000,768.000000
lexical/closure_call,10240,4,3136,0.050088917,62609,641112684,8.000000,768.000000
lexical/closure_call,10240,5,3136,0.050210625,62457,639558659,8.000000,768.000000
lexical/closure_call,10240,6,3136,0.050101458,62593,640952205,8.000000,768.000000
lexical/escaped_closure,10240,0,3136,0.050478791,62125,636161036,11.000000,1032.000000
lexical/escaped_closure,10240,1,3168,0.050271250,63018,645305617,11.000000,1032.000000
lexical/escaped_closure,10240,2,3200,0.050184250,63765,652953865,11.000000,1032.000000
lexical/escaped_closure,10240,3,3136,0.050122833,62566,640678870,11.000000,1032.000000
lexical/escaped_closure,10240,4,3136,0.050445333,62166,636582972,11.000000,1032.000000
lexical/escaped_closure,10240,5,3136,0.050404833,62216,637094463,11.000000,1032.000000
lexical/escaped_closure,10240,6,3136,0.050417667,62200,636932288,11.000000,1032.000000
lexical/mixed,10240,0,3040,0.050440084,60270,617159956,14.000000,1480.000000
lexical/mixed,10240,1,3040,0.050454917,60252,616978520,14.000000,1480.000000
lexical/mixed,10240,2,3040,0.050424084,60289,617355786,14.000000,1480.000000
lexical/mixed,10240,3,3040,0.050100500,60678,621343100,14.000000,1480.000000
lexical/mixed,10240,4,3072,0.050514791,60814,622734042,14.000000,1480.000000
lexical/mixed,10240,5,3072,0.050165834,61237,627065823,14.000000,1480.000000
lexical/mixed,10240,6,3040,0.050226666,60526,619782328,14.000000,1480.000000
lexical/lookup,65536,0,768,0.051062083,15041,985695159,5.000000,504.000000
lexical/lookup,65536,1,768,0.051068292,15039,985575316,5.000000,504.000000
lexical/lookup,65536,2,768,0.051137833,15018,984235057,5.000000,504.000000
lexical/lookup,65536,3,800,0.051752500,15458,1013067968,5.000000,504.000000
lexical/lookup,65536,4,768,0.051127875,15021,984426754,5.000000,504.000000
lexical/lookup,65536,5,768,0.050722583,15141,992292684,5.000000,504.000000
lexical/lookup,65536,6,768,0.050639625,15166,993918261,5.000000,504.000000
lexical/repeated_binding,65536,0,768,0.051152125,15014,983960060,5.000000,504.000000
lexical/repeated_binding,65536,1,800,0.052080666,15361,1006684515,5.000000,504.000000
lexical/repeated_binding,65536,2,768,0.050870500,15097,989407378,5.000000,504.000000
lexical/repeated_binding,65536,3,768,0.051139458,15018,984203783,5.000000,504.000000
lexical/repeated_binding,65536,4,768,0.051191708,15002,983199232,5.000000,504.000000
lexical/repeated_binding,65536,5,768,0.050677292,15155,993179509,5.000000,504.000000
lexical/repeated_binding,65536,6,768,0.050738708,15136,991977328,5.000000,504.000000
lexical/retained_sequence,65536,0,768,0.051256333,14984,981959595,7.000000,648.000000
lexical/retained_sequence,65536,1,768,0.051291041,14973,981295115,7.000000,648.000000
lexical/retained_sequence,65536,2,768,0.051285375,14975,981403529,7.000000,648.000000
lexical/retained_sequence,65536,3,768,0.050904166,15087,988753023,7.000000,648.000000
lexical/retained_sequence,65536,4,768,0.051230792,14991,982449149,7.000000,648.000000
lexical/retained_sequence,65536,5,768,0.050461208,15220,997432483,7.000000,648.000000
lexical/retained_sequence,65536,6,768,0.050809375,15115,990597660,7.000000,648.000000
lexical/closure_call,65536,0,512,0.050929791,10053,658837025,8.000000,768.000000
lexical/closure_call,65536,1,512,0.050856334,10068,659788651,8.000000,768.000000
lexical/closure_call,65536,2,512,0.050873125,10064,659570883,8.000000,768.000000
lexical/closure_call,65536,3,512,0.050874959,10064,659547106,8.000000,768.000000
lexical/closure_call,65536,4,544,0.053048083,10255,672061684,8.000000,768.000000
lexical/closure_call,65536,5,512,0.050172709,10205,668778558,8.000000,768.000000
lexical/closure_call,65536,6,512,0.050904792,10058,659160576,8.000000,768.000000
lexical/escaped_closure,65536,0,512,0.050938291,10051,658727086,11.000000,1032.000000
lexical/escaped_closure,65536,1,512,0.051066125,10026,657078092,11.000000,1032.000000
lexical/escaped_closure,65536,2,512,0.050917750,10055,658992827,11.000000,1032.000000
lexical/escaped_closure,65536,3,512,0.050994541,10040,658000471,11.000000,1032.000000
lexical/escaped_closure,65536,4,512,0.050919167,10055,658974488,11.000000,1032.000000
lexical/escaped_closure,65536,5,512,0.050664875,10106,662281946,11.000000,1032.000000
lexical/escaped_closure,65536,6,544,0.052337542,10394,681185677,11.000000,1032.000000
lexical/mixed,65536,0,512,0.050614375,10116,662942731,14.000000,1480.000000
lexical/mixed,65536,1,512,0.050014500,10237,670894081,14.000000,1480.000000
lexical/mixed,65536,2,512,0.051155917,10009,655924749,14.000000,1480.000000
lexical/mixed,65536,3,512,0.051175042,10005,655679618,14.000000,1480.000000
lexical/mixed,65536,4,544,0.052968000,10270,673077783,14.000000,1480.000000
lexical/mixed,65536,5,512,0.050964916,10046,658382955,14.000000,1480.000000
lexical/mixed,65536,6,512,0.051201292,10000,655343463,14.000000,1480.000000
lexical/lookup,1048576,0,64,0.067064709,954,1000658394,5.000000,504.000000
lexical/lookup,1048576,1,64,0.066885541,957,1003338883,5.000000,504.000000
lexical/lookup,1048576,2,64,0.067245375,952,997969957,5.000000,504.000000
lexical/lookup,1048576,3,64,0.067137208,953,999577820,5.000000,504.000000
lexical/lookup,1048576,4,64,0.067872041,943,988755650,5.000000,504.000000
lexical/lookup,1048576,5,64,0.068110625,940,985292148,5.000000,504.000000
lexical/lookup,1048576,6,64,0.067895959,943,988407337,5.000000,504.000000
lexical/repeated_binding,1048576,0,64,0.066470042,963,1009610675,5.000000,504.000000
lexical/repeated_binding,1048576,1,64,0.068524167,934,979345929,5.000000,504.000000
lexical/repeated_binding,1048576,2,64,0.068331792,937,982103089,5.000000,504.000000
lexical/repeated_binding,1048576,3,64,0.069063125,927,971703264,5.000000,504.000000
lexical/repeated_binding,1048576,4,64,0.068963000,928,973114047,5.000000,504.000000
lexical/repeated_binding,1048576,5,64,0.068214041,938,983798394,5.000000,504.000000
lexical/repeated_binding,1048576,6,64,0.068186166,939,984200578,5.000000,504.000000
lexical/retained_sequence,1048576,0,64,0.067929791,942,987915067,7.000000,648.000000
lexical/retained_sequence,1048576,1,64,0.068055916,940,986084208,7.000000,648.000000
lexical/retained_sequence,1048576,2,64,0.067300750,951,997148828,7.000000,648.000000
lexical/retained_sequence,1048576,3,64,0.068526084,934,979318532,7.000000,648.000000
lexical/retained_sequence,1048576,4,64,0.068296750,937,982606991,7.000000,648.000000
lexical/retained_sequence,1048576,5,64,0.067101083,954,1000115959,7.000000,648.000000
lexical/retained_sequence,1048576,6,64,0.067344042,950,996507813,7.000000,648.000000
lexical/closure_call,1048576,0,64,0.100444542,637,668118572,8.000000,768.000000
lexical/closure_call,1048576,1,32,0.050450958,634,665090086,8.000000,768.000000
lexical/closure_call,1048576,2,64,0.099126291,646,677003682,8.000000,768.000000
lexical/closure_call,1048576,3,32,0.050640042,632,662606717,8.000000,768.000000
lexical/closure_call,1048576,4,32,0.050775709,630,660836307,8.000000,768.000000
lexical/closure_call,1048576,5,32,0.050797167,630,660557153,8.000000,768.000000
lexical/closure_call,1048576,6,32,0.050787917,630,660677460,8.000000,768.000000
lexical/escaped_closure,1048576,0,32,0.050539875,633,663919964,11.000000,1032.000000
lexical/escaped_closure,1048576,1,32,0.050527042,633,664088588,11.000000,1032.000000
lexical/escaped_closure,1048576,2,32,0.050626083,632,662789416,11.000000,1032.000000
lexical/escaped_closure,1048576,3,32,0.050582708,633,663357762,11.000000,1032.000000
lexical/escaped_closure,1048576,4,32,0.050152959,638,669041920,11.000000,1032.000000
lexical/escaped_closure,1048576,5,64,0.100780916,635,665888609,11.000000,1032.000000
lexical/escaped_closure,1048576,6,32,0.050948333,628,658597250,11.000000,1032.000000
lexical/mixed,1048576,0,32,0.051639333,620,649784380,14.000000,1480.000000
lexical/mixed,1048576,1,32,0.050300750,636,667076177,14.000000,1480.000000
lexical/mixed,1048576,2,32,0.050825166,630,660193259,14.000000,1480.000000
lexical/mixed,1048576,3,32,0.051400417,623,652804665,14.000000,1480.000000
lexical/mixed,1048576,4,32,0.050795500,630,660578831,14.000000,1480.000000
lexical/mixed,1048576,5,32,0.051566250,621,650705297,14.000000,1480.000000
lexical/mixed,1048576,6,32,0.051383709,623,653016932,14.000000,1480.000000
lexical/mapped_calls,106,0,26720,0.050000833,534391,56645456,25.000000,2392.000000
lexical/mapped_calls,106,1,27008,0.050009958,540052,57245559,25.000000,2392.000000
lexical/mapped_calls,106,2,27136,0.050005459,542661,57522040,25.000000,2392.000000
lexical/mapped_calls,106,3,27168,0.050045292,542868,57544034,25.000000,2392.000000
lexical/mapped_calls,106,4,27232,0.050016084,544465,57713275,25.000000,2392.000000
lexical/mapped_calls,106,5,27296,0.050054458,545326,57804562,25.000000,2392.000000
lexical/mapped_calls,106,6,27136,0.050005292,542663,57522232,25.000000,2392.000000
lexical/repeated_projection,106,0,52064,0.050028000,1040697,110313904,8.000000,840.000000
lexical/repeated_projection,106,1,52256,0.050024708,1044604,110728003,8.000000,840.000000
lexical/repeated_projection,106,2,51776,0.050015291,1035203,109731562,8.000000,840.000000
lexical/repeated_projection,106,3,50624,0.050000917,1012461,107320912,8.000000,840.000000
lexical/repeated_projection,106,4,50784,0.050003833,1015602,107653827,8.000000,840.000000
lexical/repeated_projection,106,5,51168,0.050019334,1022964,108434231,8.000000,840.000000
lexical/repeated_projection,106,6,51104,0.050030708,1021453,108273982,8.000000,840.000000
lexical/mapped_calls,1692,0,2240,0.050616917,44254,74877733,269.000000,30232.000000
lexical/mapped_calls,1692,1,2240,0.050669084,44208,74800642,269.000000,30232.000000
lexical/mapped_calls,1692,2,2240,0.050470958,44382,75094275,269.000000,30232.000000
lexical/mapped_calls,1692,3,2240,0.050268292,44561,75397032,269.000000,30232.000000
lexical/mapped_calls,1692,4,2240,0.050328125,44508,75307395,269.000000,30232.000000
lexical/mapped_calls,1692,5,2240,0.050186125,44634,75520475,269.000000,30232.000000
lexical/mapped_calls,1692,6,2240,0.050091709,44718,75662821,269.000000,30232.000000
lexical/repeated_projection,1692,0,4608,0.050309167,91594,154976448,12.000000,6600.000000
lexical/repeated_projection,1692,1,4608,0.050275583,91655,155079972,12.000000,6600.000000
lexical/repeated_projection,1692,2,4608,0.050278958,91649,155069562,12.000000,6600.000000
lexical/repeated_projection,1692,3,4576,0.050161416,91225,154353537,12.000000,6600.000000
lexical/repeated_projection,1692,4,4608,0.050312458,91588,154966311,12.000000,6600.000000
lexical/repeated_projection,1692,5,4608,0.050188583,91814,155348797,12.000000,6600.000000
lexical/repeated_projection,1692,6,4608,0.050341875,91534,154875757,12.000000,6600.000000
lexical/mapped_calls,14260,0,288,0.051274208,5617,80096410,2064.000000,238104.000000
lexical/mapped_calls,14260,1,288,0.050728750,5677,80957642,2064.000000,238104.000000
lexical/mapped_calls,14260,2,288,0.050348875,5720,81568456,2064.000000,238104.000000
lexical/mapped_calls,14260,3,288,0.050727375,5677,80959837,2064.000000,238104.000000
lexical/mapped_calls,14260,4,288,0.050483917,5705,81350264,2064.000000,238104.000000
lexical/mapped_calls,14260,5,288,0.050180375,5739,81842354,2064.000000,238104.000000
lexical/mapped_calls,14260,6,288,0.050459250,5708,81390033,2064.000000,238104.000000
lexical/repeated_projection,14260,0,608,0.050262500,12096,172495996,15.000000,49608.000000
lexical/repeated_projection,14260,1,608,0.050660250,12002,171141674,15.000000,49608.000000
lexical/repeated_projection,14260,2,608,0.051403500,11828,168667114,15.000000,49608.000000
lexical/repeated_projection,14260,3,608,0.051123834,11893,169589785,15.000000,49608.000000
lexical/repeated_projection,14260,4,608,0.050557541,12026,171489353,15.000000,49608.000000
lexical/repeated_projection,14260,5,608,0.050354875,12074,172179556,15.000000,49608.000000
lexical/repeated_projection,14260,6,608,0.050297583,12088,172375679,15.000000,49608.000000
lexical/mapped_calls,251044,0,32,0.090086333,355,89174548,32788.000000,3801624.000000
lexical/mapped_calls,251044,1,32,0.089279250,358,89980684,32788.000000,3801624.000000
lexical/mapped_calls,251044,2,32,0.090984875,352,88293884,32788.000000,3801624.000000
lexical/mapped_calls,251044,3,32,0.091577833,349,87722189,32788.000000,3801624.000000
lexical/mapped_calls,251044,4,32,0.090696417,353,88574701,32788.000000,3801624.000000
lexical/mapped_calls,251044,5,32,0.090131542,355,89129819,32788.000000,3801624.000000
lexical/mapped_calls,251044,6,32,0.090506917,354,88760155,32788.000000,3801624.000000
lexical/repeated_projection,251044,0,64,0.087542500,731,183531610,19.000000,786888.000000
lexical/repeated_projection,251044,1,64,0.087540958,731,183534843,19.000000,786888.000000
lexical/repeated_projection,251044,2,64,0.087064541,735,184539146,19.000000,786888.000000
lexical/repeated_projection,251044,3,64,0.087442292,732,183741936,19.000000,786888.000000
lexical/repeated_projection,251044,4,64,0.087015209,736,184643767,19.000000,786888.000000
lexical/repeated_projection,251044,5,64,0.087000625,736,184674719,19.000000,786888.000000
lexical/repeated_projection,251044,6,64,0.086960125,736,184760728,19.000000,786888.000000
lexical/nested_retention,1036,0,3424,0.050262250,68123,70575114,10.000000,1992.000000
lexical/nested_retention,1036,1,3424,0.050200167,68207,70662394,10.000000,1992.000000
lexical/nested_retention,1036,2,3424,0.050383583,67959,70405156,10.000000,1992.000000
lexical/nested_retention,1036,3,3424,0.050139041,68290,70748541,10.000000,1992.000000
lexical/nested_retention,1036,4,3456,0.050438958,68518,70985130,10.000000,1992.000000
lexical/nested_retention,1036,5,3456,0.050403375,68567,71035243,10.000000,1992.000000
lexical/nested_retention,1036,6,3456,0.050366416,68617,71087369,10.000000,1992.000000
lexical/nested_retention,16396,0,256,0.056930542,4497,73728018,14.000000,25032.000000
lexical/nested_retention,16396,1,256,0.056902792,4499,73763973,14.000000,25032.000000
lexical/nested_retention,16396,2,256,0.056792291,4508,73907496,14.000000,25032.000000
lexical/nested_retention,16396,3,256,0.056892833,4500,73776885,14.000000,25032.000000
lexical/nested_retention,16396,4,256,0.056710459,4514,74014143,14.000000,25032.000000
lexical/nested_retention,16396,5,224,0.052034417,4305,70582207,14.000000,25032.000000
lexical/nested_retention,16396,6,256,0.056655167,4519,74086376,14.000000,25032.000000
lexical/nested_retention,1048588,0,32,0.450744625,71,74443075,20.000000,1573320.000000
lexical/nested_retention,1048588,1,32,0.452035208,71,74230536,20.000000,1573320.000000
lexical/nested_retention,1048588,2,32,0.450833875,71,74428338,20.000000,1573320.000000
lexical/nested_retention,1048588,3,32,0.452145833,71,74212375,20.000000,1573320.000000
lexical/nested_retention,1048588,4,32,0.451620917,71,74298631,20.000000,1573320.000000
lexical/nested_retention,1048588,5,32,0.451197708,71,74368321,20.000000,1573320.000000
lexical/nested_retention,1048588,6,32,0.451010083,71,74399259,20.000000,1573320.000000
compile/nested_fallback,0,0,18304,0.050047417,365733,0,113.000000,7921.000000
compile/nested_fallback,0,1,18336,0.050013709,366619,0,113.000000,7921.000000
compile/nested_fallback,0,2,18272,0.050073750,364902,0,113.000000,7921.000000
compile/nested_fallback,0,3,18464,0.050047333,368931,0,113.000000,7921.000000
compile/nested_fallback,0,4,18432,0.050064917,368162,0,113.000000,7921.000000
compile/nested_fallback,0,5,18592,0.050023584,371665,0,113.000000,7921.000000
compile/nested_fallback,0,6,18432,0.050063042,368176,0,113.000000,7921.000000
compile/navigation,0,0,32480,0.050024458,649282,0,48.000000,4154.000000
compile/navigation,0,1,32672,0.050005834,653364,0,48.000000,4154.000000
compile/navigation,0,2,32672,0.050032250,653019,0,48.000000,4154.000000
compile/navigation,0,3,33024,0.050044292,659895,0,48.000000,4154.000000
compile/navigation,0,4,33216,0.050010500,664181,0,48.000000,4154.000000
compile/navigation,0,5,32960,0.050047542,658574,0,48.000000,4154.000000
compile/navigation,0,6,32640,0.050012875,652632,0,48.000000,4154.000000
navigation/keep,100,0,96512,0.050000333,1930227,193022714,2.000000,144.000000
navigation/keep,100,1,97152,0.050006458,1942789,194278907,2.000000,144.000000
navigation/keep,100,2,96768,0.050001667,1935295,193529548,2.000000,144.000000
navigation/keep,100,3,96512,0.050001750,1930172,193017244,2.000000,144.000000
navigation/keep,100,4,96800,0.050000083,1935997,193599679,2.000000,144.000000
navigation/keep,100,5,96512,0.050001667,1930176,193017565,2.000000,144.000000
navigation/keep,100,6,96800,0.050014167,1935452,193545161,2.000000,144.000000
navigation/wildcard,100,0,56640,0.050016709,1132422,113242157,8.000000,1072.000000
navigation/wildcard,100,1,57376,0.050020125,1147058,114705831,8.000000,1072.000000
navigation/wildcard,100,2,56832,0.050010625,1136399,113639852,8.000000,1072.000000
navigation/wildcard,100,3,57472,0.050024500,1148877,114887705,8.000000,1072.000000
navigation/wildcard,100,4,57088,0.050003083,1141690,114168960,8.000000,1072.000000
navigation/wildcard,100,5,57632,0.050012292,1152357,115235670,8.000000,1072.000000
navigation/wildcard,100,6,57088,0.050006541,1141611,114161065,8.000000,1072.000000
navigation/descendants,100,0,39968,0.050011292,799180,79917951,8.000000,1072.000000
navigation/descendants,100,1,39808,0.050014916,795923,79592256,8.000000,1072.000000
navigation/descendants,100,2,40256,0.050018875,804816,80481618,8.000000,1072.000000
navigation/descendants,100,3,39968,0.050018250,799068,79906834,8.000000,1072.000000
navigation/descendants,100,4,39296,0.050024958,785528,78552790,8.000000,1072.000000
navigation/descendants,100,5,40096,0.050023958,801536,80153594,8.000000,1072.000000
navigation/descendants,100,6,39776,0.050034500,794971,79497147,8.000000,1072.000000
navigation/ordering,100,0,79840,0.050018708,1596203,159620276,6.000000,320.000000
navigation/ordering,100,1,80256,0.050013167,1604697,160469742,6.000000,320.000000
navigation/ordering,100,2,79968,0.050002959,1599265,159926536,6.000000,320.000000
navigation/ordering,100,3,79680,0.050013625,1593166,159316586,6.000000,320.000000
navigation/ordering,100,4,79904,0.050015083,1597598,159759807,6.000000,320.000000
navigation/ordering,100,5,80192,0.050013208,1603416,160341644,6.000000,320.000000
navigation/ordering,100,6,80320,0.050003375,1606292,160629158,6.000000,320.000000
navigation/grouping,100,0,66016,0.050018166,1319840,131984048,11.000000,824.000000
navigation/grouping,100,1,65664,0.050017042,1312833,131283253,11.000000,824.000000
navigation/grouping,100,2,65920,0.050015167,1318000,131800020,11.000000,824.000000
navigation/grouping,100,3,66240,0.050020583,1324255,132425486,11.000000,824.000000
navigation/grouping,100,4,63968,0.050005125,1279229,127922888,11.000000,824.000000
navigation/grouping,100,5,63712,0.050019000,1273756,127375597,11.000000,824.000000
navigation/grouping,100,6,64896,0.050023500,1297310,129731026,11.000000,824.000000
navigation/membership,100,0,83680,0.050013583,1673145,167314547,2.000000,32.000000
navigation/membership,100,1,84288,0.050014500,1685271,168527127,2.000000,32.000000
navigation/membership,100,2,84160,0.050011583,1682810,168281016,2.000000,32.000000
navigation/membership,100,3,82464,0.050015375,1648773,164877300,2.000000,32.000000
navigation/membership,100,4,82432,0.050015291,1648136,164813597,2.000000,32.000000
navigation/membership,100,5,83456,0.050010833,1668758,166875845,2.000000,32.000000
navigation/membership,100,6,83040,0.050008334,1660523,166052322,2.000000,32.000000
navigation/fallback,100,0,159232,0.050001292,3184558,318455771,0.000000,0.000000
navigation/fallback,100,1,158976,0.050002417,3179366,317936631,0.000000,0.000000
navigation/fallback,100,2,161632,0.050005250,3232301,323230061,0.000000,0.000000
navigation/fallback,100,3,160480,0.050009750,3208974,320897425,0.000000,0.000000
navigation/fallback,100,4,160800,0.050009625,3215381,321538104,0.000000,0.000000
navigation/fallback,100,5,160832,0.050009167,3216050,321605037,0.000000,0.000000
navigation/fallback,100,6,161792,0.050005375,3235492,323549218,0.000000,0.000000
navigation/mixed,100,0,56992,0.050013584,1139530,113953041,11.000000,968.000000
navigation/mixed,100,1,57472,0.050025875,1148845,114884547,11.000000,968.000000
navigation/mixed,100,2,57056,0.050010417,1140882,114088231,11.000000,968.000000
navigation/mixed,100,3,57216,0.050027417,1143693,114369287,11.000000,968.000000
navigation/mixed,100,4,57248,0.050002125,1144911,114491134,11.000000,968.000000
navigation/mixed,100,5,56832,0.050010333,1136405,113640515,11.000000,968.000000
navigation/mixed,100,6,56800,0.050006000,1135864,113586370,11.000000,968.000000
navigation/keep,500,0,53024,0.050017500,1060109,530054481,2.000000,144.000000
navigation/keep,500,1,53536,0.050025958,1070164,535082207,2.000000,144.000000
navigation/keep,500,2,52960,0.050025083,1058669,529334454,2.000000,144.000000
navigation/keep,500,3,53280,0.050009542,1065397,532698340,2.000000,144.000000
navigation/keep,500,4,53536,0.050010875,1070487,535243585,2.000000,144.000000
navigation/keep,500,5,53504,0.050004167,1069991,534995413,2.000000,144.000000
navigation/keep,500,6,53312,0.050018541,1065845,532922382,2.000000,144.000000
navigation/wildcard,500,0,38464,0.050017333,769013,384506707,8.000000,1072.000000
navigation/wildcard,500,1,38336,0.050040708,766096,383048138,8.000000,1072.000000
navigation/wildcard,500,2,38624,0.050017625,772208,386103898,8.000000,1072.000000
navigation/wildcard,500,3,38112,0.050035500,761699,380849597,8.000000,1072.000000
navigation/wildcard,500,4,38144,0.050007084,762772,381385965,8.000000,1072.000000
navigation/wildcard,500,5,38176,0.050022541,763176,381587973,8.000000,1072.000000
navigation/wildcard,500,6,38336,0.050013375,766515,383257479,8.000000,1072.000000
navigation/descendants,500,0,24064,0.050057417,480728,240363980,8.000000,1072.000000
navigation/descendants,500,1,23904,0.050004458,478037,239018689,8.000000,1072.000000
navigation/descendants,500,2,24064,0.050032667,480966,240482883,8.000000,1072.000000
navigation/descendants,500,3,23744,0.050036667,474532,237266003,8.000000,1072.000000
navigation/descendants,500,4,23872,0.050016416,477283,238641649,8.000000,1072.000000
navigation/descendants,500,5,23872,0.050032084,477134,238566916,8.000000,1072.000000
navigation/descendants,500,6,23936,0.050034209,478393,239196347,8.000000,1072.000000
navigation/ordering,500,0,47904,0.050019083,957714,478857239,6.000000,320.000000
navigation/ordering,500,1,47872,0.050032458,956819,478409436,6.000000,320.000000
navigation/ordering,500,2,47808,0.050021375,955751,477875708,6.000000,320.000000
navigation/ordering,500,3,47968,0.050030625,958773,479386376,6.000000,320.000000
navigation/ordering,500,4,48128,0.050015167,962268,481134053,6.000000,320.000000
navigation/ordering,500,5,47616,0.050003625,952251,476125481,6.000000,320.000000
navigation/ordering,500,6,47616,0.050029750,951754,475876853,6.000000,320.000000
navigation/grouping,500,0,41696,0.050009459,833762,416881134,11.000000,824.000000
navigation/grouping,500,1,42176,0.050033500,842955,421477610,11.000000,824.000000
navigation/grouping,500,2,42240,0.050033292,844238,422118936,11.000000,824.000000
navigation/grouping,500,3,42304,0.050008208,845941,422970565,11.000000,824.000000
navigation/grouping,500,4,42176,0.050000375,843514,421756837,11.000000,824.000000
navigation/grouping,500,5,42368,0.050031167,846832,423416068,11.000000,824.000000
navigation/grouping,500,6,42464,0.050015500,849017,424508402,11.000000,824.000000
navigation/membership,500,0,49248,0.050031750,984335,492167474,2.000000,32.000000
navigation/membership,500,1,49824,0.050026041,995961,497980642,2.000000,32.000000
navigation/membership,500,2,49120,0.050007583,982251,491125516,2.000000,32.000000
navigation/membership,500,3,49376,0.050025791,987011,493505440,2.000000,32.000000
navigation/membership,500,4,49472,0.050024041,988964,494482243,2.000000,32.000000
navigation/membership,500,5,49472,0.050011083,989221,494610365,2.000000,32.000000
navigation/membership,500,6,48736,0.050017917,974371,487185422,2.000000,32.000000
navigation/fallback,500,0,53248,0.050005708,1064838,532419219,0.000000,0.000000
navigation/fallback,500,1,53856,0.050012958,1076841,538420463,0.000000,0.000000
navigation/fallback,500,2,53024,0.050011583,1060234,530117193,0.000000,0.000000
navigation/fallback,500,3,52768,0.050001417,1055330,527665046,0.000000,0.000000
navigation/fallback,500,4,54048,0.050005292,1080846,540422802,0.000000,0.000000
navigation/fallback,500,5,53440,0.050023417,1068300,534149836,0.000000,0.000000
navigation/fallback,500,6,53376,0.050004459,1067425,533712404,0.000000,0.000000
navigation/mixed,500,0,38816,0.050037250,775742,387871036,11.000000,968.000000
navigation/mixed,500,1,38688,0.050030792,773284,386641890,11.000000,968.000000
navigation/mixed,500,2,38656,0.050021708,772784,386392244,11.000000,968.000000
navigation/mixed,500,3,38752,0.050021958,774700,387349891,11.000000,968.000000
navigation/mixed,500,4,38784,0.050033250,775165,387582258,11.000000,968.000000
navigation/mixed,500,5,38816,0.050028792,775873,387936611,11.000000,968.000000
navigation/mixed,500,6,38784,0.050010875,775511,387755663,11.000000,968.000000
navigation/keep,1024,0,34080,0.050016125,681380,697733381,2.000000,144.000000
navigation/keep,1024,1,34080,0.050017750,681358,697710713,2.000000,144.000000
navigation/keep,1024,2,34048,0.050035417,680478,696809462,2.000000,144.000000
navigation/keep,1024,3,33856,0.050025458,676775,693018023,2.000000,144.000000
navigation/keep,1024,4,34016,0.050021875,680022,696343030,2.000000,144.000000
navigation/keep,1024,5,33952,0.050017291,678805,695096582,2.000000,144.000000
navigation/keep,1024,6,33952,0.050034292,678575,694860397,2.000000,144.000000
navigation/wildcard,1024,0,27040,0.050016291,540624,553598826,8.000000,1072.000000
navigation/wildcard,1024,1,27232,0.050026167,544355,557419640,8.000000,1072.000000
navigation/wildcard,1024,2,27872,0.050030042,557105,570475795,8.000000,1072.000000
navigation/wildcard,1024,3,27520,0.050036042,550004,563203620,8.000000,1072.000000
navigation/wildcard,1024,4,27264,0.050002500,545253,558338803,8.000000,1072.000000
navigation/wildcard,1024,5,27136,0.050001167,542707,555732309,8.000000,1072.000000
navigation/wildcard,1024,6,27104,0.050016750,541898,554904027,8.000000,1072.000000
navigation/descendants,1024,0,15936,0.050097417,318100,325734638,8.000000,1072.000000
navigation/descendants,1024,1,15936,0.050077125,318229,325866631,8.000000,1072.000000
navigation/descendants,1024,2,16032,0.050023083,320492,328183851,8.000000,1072.000000
navigation/descendants,1024,3,16096,0.050004375,321892,329617238,8.000000,1072.000000
navigation/descendants,1024,4,16000,0.050015125,319903,327580907,8.000000,1072.000000
navigation/descendants,1024,5,15968,0.050033917,319144,326802956,8.000000,1072.000000
navigation/descendants,1024,6,15936,0.050000542,318717,326365742,8.000000,1072.000000
navigation/ordering,1024,0,31680,0.050019458,633354,648554009,6.000000,320.000000
navigation/ordering,1024,1,31520,0.050001917,630376,645504851,6.000000,320.000000
navigation/ordering,1024,2,32000,0.050046958,639400,654745090,6.000000,320.000000
navigation/ordering,1024,3,31872,0.050025750,637112,652402573,6.000000,320.000000
navigation/ordering,1024,4,32096,0.050032500,641503,656899096,6.000000,320.000000
navigation/ordering,1024,5,32128,0.050032000,642149,657560601,6.000000,320.000000
navigation/ordering,1024,6,31616,0.050030125,631939,647105799,6.000000,320.000000
navigation/grouping,1024,0,28928,0.050027708,578240,592117312,11.000000,824.000000
navigation/grouping,1024,1,29024,0.050021000,580236,594161972,11.000000,824.000000
navigation/grouping,1024,2,29056,0.050040125,580654,594589722,11.000000,824.000000
navigation/grouping,1024,3,29024,0.050010167,580362,594290677,11.000000,824.000000
navigation/grouping,1024,4,28992,0.050042292,579350,593254362,11.000000,824.000000
navigation/grouping,1024,5,29120,0.050010583,582277,596251397,11.000000,824.000000
navigation/grouping,1024,6,28832,0.050004292,576591,590428678,11.000000,824.000000
navigation/membership,1024,0,32224,0.050009500,644358,659822154,2.000000,32.000000
navigation/membership,1024,1,32000,0.050044833,639427,654772891,2.000000,32.000000
navigation/membership,1024,2,32224,0.050026375,644140,659599581,2.000000,32.000000
navigation/membership,1024,3,32160,0.050006834,643112,658546790,2.000000,32.000000
navigation/membership,1024,4,32896,0.050039417,657402,673179386,2.000000,32.000000
navigation/membership,1024,5,32512,0.050009458,650117,665719832,2.000000,32.000000
navigation/membership,1024,6,32416,0.050028291,647953,663504256,2.000000,32.000000
navigation/fallback,1024,0,29088,0.050035458,581348,595300077,0.000000,0.000000
navigation/fallback,1024,1,29152,0.050040500,582568,596549755,0.000000,0.000000
navigation/fallback,1024,2,29696,0.050048625,593343,607583205,0.000000,0.000000
navigation/fallback,1024,3,29248,0.050017708,584753,598786974,0.000000,0.000000
navigation/fallback,1024,4,29216,0.050014000,584156,598176191,0.000000,0.000000
navigation/fallback,1024,5,29088,0.050013584,581602,595560438,0.000000,0.000000
navigation/fallback,1024,6,29152,0.050051917,582435,596413680,0.000000,0.000000
navigation/mixed,1024,0,27488,0.050017750,549565,562754462,11.000000,968.000000
navigation/mixed,1024,1,27328,0.050017750,546366,559478825,11.000000,968.000000
navigation/mixed,1024,2,27392,0.050050500,547287,560422134,11.000000,968.000000
navigation/mixed,1024,3,27616,0.050032292,551964,565210644,11.000000,968.000000
navigation/mixed,1024,4,27840,0.050040875,556345,569697472,11.000000,968.000000
navigation/mixed,1024,5,27424,0.050052625,547903,561053012,11.000000,968.000000
navigation/mixed,1024,6,27168,0.050051833,542797,555824439,11.000000,968.000000
navigation/keep,10240,0,4672,0.050284250,92912,951416796,2.000000,144.000000
navigation/keep,10240,1,4640,0.050244875,92348,945640725,2.000000,144.000000
navigation/keep,10240,2,4640,0.050183542,92461,946796462,2.000000,144.000000
navigation/keep,10240,3,4672,0.050215250,93039,952724123,2.000000,144.000000
navigation/keep,10240,4,4672,0.050036375,93372,956130015,2.000000,144.000000
navigation/keep,10240,5,4640,0.050143417,92535,947554093,2.000000,144.000000
navigation/keep,10240,6,4640,0.050019667,92764,949898367,2.000000,144.000000
navigation/wildcard,10240,0,4480,0.050102459,89417,915627714,8.000000,1072.000000
navigation/wildcard,10240,1,4480,0.050203750,89236,913780345,8.000000,1072.000000
navigation/wildcard,10240,2,4576,0.050058292,91413,936073488,8.000000,1072.000000
navigation/wildcard,10240,3,4512,0.050096666,90066,922274548,8.000000,1072.000000
navigation/wildcard,10240,4,4480,0.050171333,89294,914370762,8.000000,1072.000000
navigation/wildcard,10240,5,4480,0.050190291,89260,914025384,8.000000,1072.000000
navigation/wildcard,10240,6,4512,0.050165417,89942,921010584,8.000000,1072.000000
navigation/descendants,10240,0,2336,0.050412209,46338,474500929,8.000000,1072.000000
navigation/descendants,10240,1,2336,0.050684625,46089,471950616,8.000000,1072.000000
navigation/descendants,10240,2,2336,0.050647625,46123,472295394,8.000000,1072.000000
navigation/descendants,10240,3,2336,0.050683792,46090,471958373,8.000000,1072.000000
navigation/descendants,10240,4,2336,0.050592875,46173,472806497,8.000000,1072.000000
navigation/descendants,10240,5,2400,0.050620000,47412,485499802,8.000000,1072.000000
navigation/descendants,10240,6,2368,0.050652375,46750,478720297,8.000000,1072.000000
navigation/ordering,10240,0,4576,0.050061666,91407,936010400,6.000000,320.000000
navigation/ordering,10240,1,4640,0.050259959,92320,945356919,6.000000,320.000000
navigation/ordering,10240,2,4576,0.050109292,91320,935120776,6.000000,320.000000
navigation/ordering,10240,3,4576,0.050074000,91385,935779846,6.000000,320.000000
navigation/ordering,10240,4,4576,0.050134000,91275,934659911,6.000000,320.000000
navigation/ordering,10240,5,4576,0.050092125,91352,935441249,6.000000,320.000000
navigation/ordering,10240,6,4704,0.050278875,93558,958035756,6.000000,320.000000
navigation/grouping,10240,0,4576,0.050337375,90907,930883662,11.000000,824.000000
navigation/grouping,10240,1,4512,0.050202833,89875,920324158,11.000000,824.000000
navigation/grouping,10240,2,4512,0.050037667,90172,923361994,11.000000,824.000000
navigation/grouping,10240,3,4512,0.050114584,90034,921944798,11.000000,824.000000
navigation/grouping,10240,4,4512,0.050032125,90182,923464274,11.000000,824.000000
navigation/grouping,10240,5,4512,0.050106666,90048,922090486,11.000000,824.000000
navigation/grouping,10240,6,4512,0.050015709,90212,923767371,11.000000,824.000000
navigation/membership,10240,0,4704,0.050291042,93536,957803976,2.000000,32.000000
navigation/membership,10240,1,4608,0.050057000,92055,942643786,2.000000,32.000000
navigation/membership,10240,2,4608,0.050295916,91618,938166033,2.000000,32.000000
navigation/membership,10240,3,4608,0.050261292,91681,938812317,2.000000,32.000000
navigation/membership,10240,4,4608,0.050324334,91566,937636254,2.000000,32.000000
navigation/membership,10240,5,4608,0.050253459,91695,938958650,2.000000,32.000000
navigation/membership,10240,6,4608,0.050339125,91539,937360751,2.000000,32.000000
navigation/fallback,10240,0,3168,0.050355250,62913,644229152,0.000000,0.000000
navigation/fallback,10240,1,3104,0.050111791,61942,634281062,0.000000,0.000000
navigation/fallback,10240,2,3200,0.050324625,63587,651132522,0.000000,0.000000
navigation/fallback,10240,3,3136,0.050510542,62086,635761145,0.000000,0.000000
navigation/fallback,10240,4,3072,0.050476375,60860,623207986,0.000000,0.000000
navigation/fallback,10240,5,3104,0.050366125,61629,631078130,0.000000,0.000000
navigation/fallback,10240,6,3136,0.050168375,62509,640097272,0.000000,0.000000
navigation/mixed,10240,0,4416,0.050317459,87763,898690850,11.000000,968.000000
navigation/mixed,10240,1,4416,0.050323916,87752,898575540,11.000000,968.000000
navigation/mixed,10240,2,4448,0.050049875,88871,910042632,11.000000,968.000000
navigation/mixed,10240,3,4480,0.050075125,89466,916127518,11.000000,968.000000
navigation/mixed,10240,4,4480,0.050096542,89427,915735861,11.000000,968.000000
navigation/mixed,10240,5,4512,0.050087792,90082,922437947,11.000000,968.000000
navigation/mixed,10240,6,4512,0.050279375,89739,918923117,11.000000,968.000000
navigation/keep,65536,0,768,0.051072875,15037,985486875,2.000000,144.000000
navigation/keep,65536,1,768,0.051109250,15027,984785494,2.000000,144.000000
navigation/keep,65536,2,768,0.050710417,15145,992530746,2.000000,144.000000
navigation/keep,65536,3,768,0.051168750,15009,983640366,2.000000,144.000000
navigation/keep,65536,4,768,0.051118000,15024,984616926,2.000000,144.000000
navigation/keep,65536,5,768,0.051223208,14993,982594608,2.000000,144.000000
navigation/keep,65536,6,768,0.051252500,14985,982033033,2.000000,144.000000
navigation/wildcard,65536,0,768,0.051458542,14925,978100934,8.000000,1072.000000
navigation/wildcard,65536,1,768,0.051372625,14950,979736737,8.000000,1072.000000
navigation/wildcard,65536,2,768,0.050722458,15141,992295129,8.000000,1072.000000
navigation/wildcard,65536,3,768,0.051388917,14945,979426128,8.000000,1072.000000
navigation/wildcard,65536,4,768,0.051367417,14951,979836070,8.000000,1072.000000
navigation/wildcard,65536,5,768,0.051361291,14953,979952938,8.000000,1072.000000
navigation/wildcard,65536,6,768,0.051449541,14927,978272051,8.000000,1072.000000
navigation/descendants,65536,0,384,0.050730667,7569,496067280,8.000000,1072.000000
navigation/descendants,65536,1,384,0.050955334,7536,493880072,8.000000,1072.000000
navigation/descendants,65536,2,384,0.050830333,7555,495094612,8.000000,1072.000000
navigation/descendants,65536,3,384,0.050235375,7644,500958219,8.000000,1072.000000
navigation/descendants,65536,4,384,0.050049208,7672,502821623,8.000000,1072.000000
navigation/descendants,65536,5,384,0.050699708,7574,496370196,8.000000,1072.000000
navigation/descendants,65536,6,384,0.050714959,7572,496220928,8.000000,1072.000000
navigation/ordering,65536,0,768,0.051159291,15012,983822235,6.000000,320.000000
navigation/ordering,65536,1,768,0.051267208,14980,981751298,6.000000,320.000000
navigation/ordering,65536,2,800,0.051080334,15662,1026398927,6.000000,320.000000
navigation/ordering,65536,3,768,0.050482166,15213,997018393,6.000000,320.000000
navigation/ordering,65536,4,768,0.051330042,14962,980549519,6.000000,320.000000
navigation/ordering,65536,5,768,0.051277666,14977,981551071,6.000000,320.000000
navigation/ordering,65536,6,768,0.051225167,14993,982557031,6.000000,320.000000
navigation/grouping,65536,0,768,0.051394250,14943,979324496,11.000000,824.000000
navigation/grouping,65536,1,768,0.051340125,14959,980356943,11.000000,824.000000
navigation/grouping,65536,2,768,0.050999792,15059,986899084,11.000000,824.000000
navigation/grouping,65536,3,768,0.051267500,14980,981745706,11.000000,824.000000
navigation/grouping,65536,4,768,0.051313125,14967,980872788,11.000000,824.000000
navigation/grouping,65536,5,768,0.051298083,14971,981160407,11.000000,824.000000
navigation/grouping,65536,6,768,0.051316417,14966,980809864,11.000000,824.000000
navigation/membership,65536,0,768,0.051209292,14997,982861626,2.000000,32.000000
navigation/membership,65536,1,768,0.051783958,14831,971954442,2.000000,32.000000
navigation/membership,65536,2,800,0.051758917,15456,1012942369,2.000000,32.000000
navigation/membership,65536,3,768,0.050860666,15100,989598681,2.000000,32.000000
navigation/membership,65536,4,768,0.051061750,15041,985701587,2.000000,32.000000
navigation/membership,65536,5,768,0.051069792,15038,985546368,2.000000,32.000000
navigation/membership,65536,6,768,0.051073000,15037,985484463,2.000000,32.000000
navigation/fallback,65536,0,544,0.053028208,10259,672313573,0.000000,0.000000
navigation/fallback,65536,1,512,0.050363083,10166,666250555,0.000000,0.000000
navigation/fallback,65536,2,512,0.050393042,10160,665854465,0.000000,0.000000
navigation/fallback,65536,3,512,0.050447625,10149,665134028,0.000000,0.000000
navigation/fallback,65536,4,512,0.050526750,10133,664092426,0.000000,0.000000
navigation/fallback,65536,5,512,0.050506791,10137,664354859,0.000000,0.000000
navigation/fallback,65536,6,544,0.052856042,10292,674503475,0.000000,0.000000
navigation/mixed,65536,0,768,0.051165750,15010,983698040,11.000000,968.000000
navigation/mixed,65536,1,768,0.051382500,14947,979548445,11.000000,968.000000
navigation/mixed,65536,2,768,0.051108125,15027,984807171,11.000000,968.000000
navigation/mixed,65536,3,768,0.051401333,14941,979189547,11.000000,968.000000
navigation/mixed,65536,4,768,0.051426709,14934,978706376,11.000000,968.000000
navigation/mixed,65536,5,768,0.051495375,14914,977401330,11.000000,968.000000
navigation/mixed,65536,6,768,0.051460125,14924,978070846,11.000000,968.000000
navigation/keep,1048576,0,64,0.067084125,954,1000368776,2.000000,144.000000
navigation/keep,1048576,1,64,0.067413250,949,995484775,2.000000,144.000000
navigation/keep,1048576,2,64,0.067426792,949,995284842,2.000000,144.000000
navigation/keep,1048576,3,64,0.067468125,949,994675100,2.000000,144.000000
navigation/keep,1048576,4,64,0.066804417,958,1004557288,2.000000,144.000000
navigation/keep,1048576,5,64,0.067667166,946,991749292,2.000000,144.000000
navigation/keep,1048576,6,64,0.067760500,945,990383247,2.000000,144.000000
navigation/wildcard,1048576,0,64,0.067264292,951,997689294,8.000000,1072.000000
navigation/wildcard,1048576,1,64,0.067645041,946,992073669,8.000000,1072.000000
navigation/wildcard,1048576,2,64,0.067663542,946,991802410,8.000000,1072.000000
navigation/wildcard,1048576,3,64,0.067703875,945,991211567,8.000000,1072.000000
navigation/wildcard,1048576,4,64,0.066772583,958,1005036214,8.000000,1072.000000
navigation/wildcard,1048576,5,64,0.067345083,950,996492409,8.000000,1072.000000
navigation/wildcard,1048576,6,64,0.066759875,959,1005227526,8.000000,1072.000000
navigation/descendants,1048576,0,32,0.066802833,479,502290554,8.000000,1072.000000
navigation/descendants,1048576,1,32,0.066821000,479,502153994,8.000000,1072.000000
navigation/descendants,1048576,2,32,0.066810708,479,502231349,8.000000,1072.000000
navigation/descendants,1048576,3,32,0.066200250,483,506862618,8.000000,1072.000000
navigation/descendants,1048576,4,32,0.066721791,480,502900649,8.000000,1072.000000
navigation/descendants,1048576,5,32,0.066751958,479,502673375,8.000000,1072.000000
navigation/descendants,1048576,6,32,0.066853750,479,501908001,8.000000,1072.000000
navigation/ordering,1048576,0,64,0.067640625,946,992138438,6.000000,320.000000
navigation/ordering,1048576,1,64,0.067631458,946,992272915,6.000000,320.000000
navigation/ordering,1048576,2,64,0.067757375,945,990428924,6.000000,320.000000
navigation/ordering,1048576,3,64,0.066730500,959,1005670031,6.000000,320.000000
navigation/ordering,1048576,4,64,0.066506959,962,1009050256,6.000000,320.000000
navigation/ordering,1048576,5,64,0.067639000,946,992162273,6.000000,320.000000
navigation/ordering,1048576,6,64,0.067629917,946,992295525,6.000000,320.000000
navigation/grouping,1048576,0,64,0.067640916,946,992134169,11.000000,824.000000
navigation/grouping,1048576,1,64,0.067688417,946,991437929,11.000000,824.000000
navigation/grouping,1048576,2,64,0.067100000,954,1000132101,11.000000,824.000000
navigation/grouping,1048576,3,64,0.066721250,959,1005809454,11.000000,824.000000
navigation/grouping,1048576,4,64,0.067206417,952,998548457,11.000000,824.000000
navigation/grouping,1048576,5,64,0.067388000,950,995857779,11.000000,824.000000
navigation/grouping,1048576,6,64,0.066919250,956,1002833475,11.000000,824.000000
navigation/membership,1048576,0,64,0.067373959,950,996065320,2.000000,32.000000
navigation/membership,1048576,1,64,0.067393958,950,995769739,2.000000,32.000000
navigation/membership,1048576,2,64,0.067114083,954,999922237,2.000000,32.000000
navigation/membership,1048576,3,64,0.066401334,964,1010655358,2.000000,32.000000
navigation/membership,1048576,4,64,0.067674458,946,991642430,2.000000,32.000000
navigation/membership,1048576,5,64,0.067665583,946,991772494,2.000000,32.000000
navigation/membership,1048576,6,64,0.067656083,946,991911755,2.000000,32.000000
navigation/fallback,1048576,0,32,0.050435000,634,665300525,0.000000,0.000000
navigation/fallback,1048576,1,32,0.050447417,634,665136770,0.000000,0.000000
navigation/fallback,1048576,2,64,0.099309375,644,675755577,0.000000,0.000000
navigation/fallback,1048576,3,64,0.099985375,640,671186801,0.000000,0.000000
navigation/fallback,1048576,4,32,0.050023333,640,670775616,0.000000,0.000000
navigation/fallback,1048576,5,64,0.099370083,644,675342739,0.000000,0.000000
navigation/fallback,1048576,6,32,0.050247750,637,667779791,0.000000,0.000000
navigation/mixed,1048576,0,64,0.065869375,972,1018817379,11.000000,968.000000
navigation/mixed,1048576,1,64,0.066282417,966,1012468571,11.000000,968.000000
navigation/mixed,1048576,2,64,0.067640375,946,992142104,11.000000,968.000000
navigation/mixed,1048576,3,64,0.066784250,958,1004860637,11.000000,968.000000
navigation/mixed,1048576,4,64,0.067020084,955,1001324678,11.000000,968.000000
navigation/mixed,1048576,5,64,0.067338458,950,996590448,11.000000,968.000000
navigation/mixed,1048576,6,64,0.067407000,949,995577077,11.000000,968.000000
navigation/wide_sort,250,0,18144,0.050081667,362288,90572065,7.000000,752.000000
navigation/wide_sort,250,1,18208,0.050024167,363984,90996018,7.000000,752.000000
navigation/wide_sort,250,2,18304,0.050015708,365965,91491257,7.000000,752.000000
navigation/wide_sort,250,3,18272,0.050048042,365089,91272302,7.000000,752.000000
navigation/wide_sort,250,4,18272,0.050044333,365116,91279067,7.000000,752.000000
navigation/wide_sort,250,5,18144,0.050015750,362766,90691432,7.000000,752.000000
navigation/wide_sort,250,6,18144,0.050073166,362350,90587442,7.000000,752.000000
navigation/wide_group,250,0,24480,0.050022500,489380,122344945,10.000000,1016.000000
navigation/wide_group,250,1,24512,0.050041792,489831,122457645,10.000000,1016.000000
navigation/wide_group,250,2,24736,0.050020833,494514,123628489,10.000000,1016.000000
navigation/wide_group,250,3,24480,0.050037041,489238,122309391,10.000000,1016.000000
navigation/wide_group,250,4,24256,0.050040334,484729,121182245,10.000000,1016.000000
navigation/wide_group,250,5,24128,0.050064084,481942,120485576,10.000000,1016.000000
navigation/wide_group,250,6,24288,0.050031625,485453,121363238,10.000000,1016.000000
navigation/wide_descendants,250,0,13568,0.050000750,271356,67838982,20.000000,2680.000000
navigation/wide_descendants,250,1,13568,0.050101625,270810,67702395,20.000000,2680.000000
navigation/wide_descendants,250,2,13440,0.050087125,268332,67083108,20.000000,2680.000000
navigation/wide_descendants,250,3,13600,0.050114875,271377,67844128,20.000000,2680.000000
navigation/wide_descendants,250,4,13280,0.050047875,265346,66336483,20.000000,2680.000000
navigation/wide_descendants,250,5,13472,0.050032417,269265,67316356,20.000000,2680.000000
navigation/wide_descendants,250,6,13472,0.050049333,269174,67293604,20.000000,2680.000000
navigation/range,250,0,53344,0.050001042,1066858,266714442,4.000000,360.000000
navigation/range,250,1,54272,0.050018791,1085032,271258056,4.000000,360.000000
navigation/range,250,2,54208,0.050015792,1083818,270954422,4.000000,360.000000
navigation/range,250,3,54400,0.050007292,1087841,271960337,4.000000,360.000000
navigation/range,250,4,54304,0.050000250,1086075,271518642,4.000000,360.000000
navigation/range,250,5,54144,0.050026666,1082303,270575697,4.000000,360.000000
navigation/range,250,6,53760,0.050001834,1075161,268790141,4.000000,360.000000
navigation/wide_sort,4144,0,704,0.050317208,13991,57979688,11.000000,11312.000000
navigation/wide_sort,4144,1,704,0.050160875,14035,58160389,11.000000,11312.000000
navigation/wide_sort,4144,2,736,0.052183916,14104,58446821,11.000000,11312.000000
navigation/wide_sort,4144,3,704,0.050114250,14048,58214500,11.000000,11312.000000
navigation/wide_sort,4144,4,736,0.052011083,14151,58641040,11.000000,11312.000000
navigation/wide_sort,4144,5,736,0.052130958,14118,58506195,11.000000,11312.000000
navigation/wide_sort,4144,6,736,0.052047459,14141,58600056,11.000000,11312.000000
navigation/wide_group,4144,0,1760,0.050815541,34635,143527745,18.000000,9656.000000
navigation/wide_group,4144,1,1792,0.050527583,35466,146970181,18.000000,9656.000000
navigation/wide_group,4144,2,1792,0.050139125,35741,148108847,18.000000,9656.000000
navigation/wide_group,4144,3,1760,0.050272584,35009,145077882,18.000000,9656.000000
navigation/wide_group,4144,4,1760,0.050519875,34838,144367736,18.000000,9656.000000
navigation/wide_group,4144,5,1792,0.050593208,35420,146779544,18.000000,9656.000000
navigation/wide_group,4144,6,1824,0.050859417,35864,148618613,18.000000,9656.000000
navigation/wide_descendants,4144,0,960,0.051330416,18702,77502586,260.000000,34840.000000
navigation/wide_descendants,4144,1,928,0.050124416,18514,76721732,260.000000,34840.000000
navigation/wide_descendants,4144,2,960,0.051288792,18718,77565484,260.000000,34840.000000
navigation/wide_descendants,4144,3,960,0.051294833,18715,77556350,260.000000,34840.000000
navigation/wide_descendants,4144,4,928,0.050080125,18530,76789585,260.000000,34840.000000
navigation/wide_descendants,4144,5,928,0.050030791,18549,76865305,260.000000,34840.000000
navigation/wide_descendants,4144,6,960,0.051566708,18617,77147449,260.000000,34840.000000
navigation/range,4144,0,4128,0.050357542,81974,339699503,8.000000,6120.000000
navigation/range,4144,1,4128,0.050170250,82280,340967645,8.000000,6120.000000
navigation/range,4144,2,4128,0.050180917,82262,340895165,8.000000,6120.000000
navigation/range,4144,3,4128,0.050107042,82384,341397762,8.000000,6120.000000
navigation/range,4144,4,4128,0.050022458,82523,341975038,8.000000,6120.000000
navigation/range,4144,5,4128,0.050033750,82504,341897859,8.000000,6120.000000
navigation/range,4144,6,4128,0.050233458,82176,340538611,8.000000,6120.000000
navigation/wide_sort,34657,0,96,0.071464125,1343,46555835,14.000000,90160.000000
navigation/wide_sort,34657,1,96,0.071290542,1347,46669192,14.000000,90160.000000
navigation/wide_sort,34657,2,96,0.071573791,1341,46484502,14.000000,90160.000000
navigation/wide_sort,34657,3,96,0.071656291,1340,46430983,14.000000,90160.000000
navigation/wide_sort,34657,4,96,0.071131917,1350,46773265,14.000000,90160.000000
navigation/wide_sort,34657,5,96,0.070933708,1353,46903963,14.000000,90160.000000
navigation/wide_sort,34657,6,96,0.070697792,1358,47060480,14.000000,90160.000000
navigation/wide_group,34657,0,256,0.056471000,4533,157110588,24.000000,74168.000000
navigation/wide_group,34657,1,256,0.055999792,4571,158432588,24.000000,74168.000000
navigation/wide_group,34657,2,256,0.055603041,4604,159563071,24.000000,74168.000000
navigation/wide_group,34657,3,256,0.055057209,4650,161144965,24.000000,74168.000000
navigation/wide_group,34657,4,256,0.054591083,4689,162520901,24.000000,74168.000000
navigation/wide_group,34657,5,256,0.055159000,4641,160847586,24.000000,74168.000000
navigation/wide_group,34657,6,256,0.054256125,4718,163524247,24.000000,74168.000000
navigation/wide_descendants,34657,0,128,0.053741709,2382,82544751,2052.000000,274968.000000
navigation/wide_descendants,34657,1,128,0.055616083,2301,79762827,2052.000000,274968.000000
navigation/wide_descendants,34657,2,128,0.055418791,2310,80046784,2052.000000,274968.000000
navigation/wide_descendants,34657,3,128,0.054590042,2345,81262000,2052.000000,274968.000000
navigation/wide_descendants,34657,4,128,0.054592667,2345,81258093,2052.000000,274968.000000
navigation/wide_descendants,34657,5,128,0.054245667,2360,81777887,2052.000000,274968.000000
navigation/wide_descendants,34657,6,128,0.054041333,2369,82087094,2052.000000,274968.000000
navigation/range,34657,0,544,0.052355375,10391,360104536,11.000000,49128.000000
navigation/range,34657,1,544,0.052602500,10342,358412775,11.000000,49128.000000
navigation/range,34657,2,544,0.051893916,10483,363306712,11.000000,49128.000000
navigation/range,34657,3,544,0.051743166,10513,364365180,11.000000,49128.000000
navigation/range,34657,4,544,0.051738125,10514,364400681,11.000000,49128.000000
navigation/range,34657,5,544,0.051835750,10495,363714386,11.000000,49128.000000
navigation/range,34657,6,544,0.051955209,10471,362878109,11.000000,49128.000000
navigation/wide_sort,600386,0,32,0.518582709,62,37047807,18.000000,1441840.000000
navigation/wide_sort,600386,1,32,0.517377250,62,37134126,18.000000,1441840.000000
navigation/wide_sort,600386,2,32,0.519048167,62,37014584,18.000000,1441840.000000
navigation/wide_sort,600386,3,32,0.517492167,62,37125880,18.000000,1441840.000000
navigation/wide_sort,600386,4,32,0.517764417,62,37106358,18.000000,1441840.000000
navigation/wide_sort,600386,5,32,0.520809750,61,36889386,18.000000,1441840.000000
navigation/wide_sort,600386,6,32,0.518912958,62,37024229,18.000000,1441840.000000
navigation/wide_group,600386,0,32,0.112073333,286,171426614,32.000000,1180088.000000
navigation/wide_group,600386,1,32,0.111255083,288,172687409,32.000000,1180088.000000
navigation/wide_group,600386,2,32,0.111124375,288,172890529,32.000000,1180088.000000
navigation/wide_group,600386,3,32,0.113799209,281,168826762,32.000000,1180088.000000
navigation/wide_group,600386,4,32,0.113745916,281,168905862,32.000000,1180088.000000
navigation/wide_group,600386,5,32,0.112634709,284,170572217,32.000000,1180088.000000
navigation/wide_group,600386,6,32,0.111853500,286,171763530,32.000000,1180088.000000
navigation/wide_descendants,600386,0,32,0.223810375,143,85842097,32772.000000,4391448.000000
navigation/wide_descendants,600386,1,32,0.220874417,145,86983148,32772.000000,4391448.000000
navigation/wide_descendants,600386,2,32,0.218919667,146,87759827,32772.000000,4391448.000000
navigation/wide_descendants,600386,3,32,0.224942291,142,85410137,32772.000000,4391448.000000
navigation/wide_descendants,600386,4,32,0.221931291,144,86568919,32772.000000,4391448.000000
navigation/wide_descendants,600386,5,32,0.219278042,146,87616397,32772.000000,4391448.000000
navigation/wide_descendants,600386,6,32,0.218337375,147,87993876,32772.000000,4391448.000000
navigation/range,600386,0,64,0.101170583,633,379801152,15.000000,786408.000000
navigation/range,600386,1,32,0.051561167,621,372612823,15.000000,786408.000000
navigation/range,600386,2,32,0.051596833,620,372355257,15.000000,786408.000000
navigation/range,600386,3,32,0.051283334,624,374631493,15.000000,786408.000000
navigation/range,600386,4,32,0.050985583,628,376819306,15.000000,786408.000000
navigation/range,600386,5,32,0.050268625,637,382193704,15.000000,786408.000000
navigation/range,600386,6,32,0.050287875,636,382047402,15.000000,786408.000000
navigation/distinct_groups,194,0,27872,0.050051708,556864,108031638,5.000000,1464.000000
navigation/distinct_groups,194,1,27808,0.050054333,555556,107777922,5.000000,1464.000000
navigation/distinct_groups,194,2,27968,0.050008208,559268,108498029,5.000000,1464.000000
navigation/distinct_groups,194,3,27904,0.050049500,557528,108160441,5.000000,1464.000000
navigation/distinct_groups,194,4,27936,0.050055292,558103,108271949,5.000000,1464.000000
navigation/distinct_groups,194,5,27776,0.050045833,555011,107672181,5.000000,1464.000000
navigation/distinct_groups,194,6,28000,0.050018250,559796,108600361,5.000000,1464.000000
navigation/distinct_groups,3246,0,576,0.051450041,11195,36340029,10.000000,36664.000000
navigation/distinct_groups,3246,1,576,0.051560292,11171,36262324,10.000000,36664.000000
navigation/distinct_groups,3246,2,576,0.051571375,11169,36254531,10.000000,36664.000000
navigation/distinct_groups,3246,3,576,0.051541709,11175,36275398,10.000000,36664.000000
navigation/distinct_groups,3246,4,576,0.051761042,11128,36121684,10.000000,36664.000000
navigation/distinct_groups,3246,5,576,0.051921542,11094,36010025,10.000000,36664.000000
navigation/distinct_groups,3246,6,576,0.051383875,11210,36386824,10.000000,36664.000000
navigation/distinct_groups,27486,0,32,0.139633291,229,6299014,13.000000,294712.000000
navigation/distinct_groups,27486,1,32,0.139843750,229,6289534,13.000000,294712.000000
navigation/distinct_groups,27486,2,32,0.141373125,226,6221494,13.000000,294712.000000
navigation/distinct_groups,27486,3,32,0.139426208,230,6308369,13.000000,294712.000000
navigation/distinct_groups,27486,4,32,0.139070375,230,6324510,13.000000,294712.000000
navigation/distinct_groups,27486,5,32,0.137476958,233,6397814,13.000000,294712.000000
navigation/distinct_groups,27486,6,32,0.138289209,231,6360236,13.000000,294712.000000
navigation/deep_descendants,24,0,64608,0.050003209,1292077,31009850,4.000000,536.000000
navigation/deep_descendants,24,1,64736,0.050023458,1294113,31058708,4.000000,536.000000
navigation/deep_descendants,24,2,64736,0.050017459,1294268,31062434,4.000000,536.000000
navigation/deep_descendants,24,3,64512,0.050014084,1289877,30957040,4.000000,536.000000
navigation/deep_descendants,24,4,64608,0.050024166,1291536,30996859,4.000000,536.000000
navigation/deep_descendants,24,5,64640,0.050011750,1292496,31019910,4.000000,536.000000
navigation/deep_descendants,24,6,64576,0.050000042,1291519,30996454,4.000000,536.000000
navigation/deep_descendants,72,0,9344,0.050056208,186670,13440251,4.000000,536.000000
navigation/deep_descendants,72,1,9376,0.050114375,187092,13470626,4.000000,536.000000
navigation/deep_descendants,72,2,9344,0.050022208,186797,13449386,4.000000,536.000000
navigation/deep_descendants,72,3,9376,0.050163417,186909,13457456,4.000000,536.000000
navigation/deep_descendants,72,4,9344,0.050027667,186777,13447919,4.000000,536.000000
navigation/deep_descendants,72,5,9344,0.050047250,186704,13442657,4.000000,536.000000
navigation/deep_descendants,72,6,9344,0.050011959,186835,13452143,4.000000,536.000000
navigation/deep_descendants,136,0,1952,0.050556042,38611,5251044,4.000000,536.000000
navigation/deep_descendants,136,1,1984,0.050257041,39477,5368880,4.000000,536.000000
navigation/deep_descendants,136,2,2016,0.050536375,39892,5425320,4.000000,536.000000
navigation/deep_descendants,136,3,1984,0.050118667,39586,5383703,4.000000,536.000000
navigation/deep_descendants,136,4,1984,0.050237042,39493,5371017,4.000000,536.000000
navigation/deep_descendants,136,5,1984,0.050202042,39520,5374761,4.000000,536.000000
navigation/deep_descendants,136,6,2016,0.050355709,40035,5444785,4.000000,536.000000
compiler/lookup_8_hit,501,0,130848,0.050010500,2616411,1310821687,0.000000,0.000000
compiler/lookup_8_hit,501,1,130208,0.050012333,2603518,1304362426,0.000000,0.000000
compiler/lookup_8_hit,501,2,130464,0.050009458,2608787,1307002047,0.000000,0.000000
compiler/lookup_8_hit,501,3,130400,0.050009708,2607494,1306354358,0.000000,0.000000
compiler/lookup_8_hit,501,4,130560,0.050010417,2610656,1307938704,0.000000,0.000000
compiler/lookup_8_hit,501,5,130560,0.050005458,2610915,1308068411,0.000000,0.000000
compiler/lookup_8_hit,501,6,133280,0.050007709,2665189,1335259730,0.000000,0.000000
rust/lookup_8_hit,501,0,169056,0.050002834,3380928,1693845113,0.000000,0.000000
rust/lookup_8_hit,501,1,166816,0.050000208,3336306,1671489367,0.000000,0.000000
rust/lookup_8_hit,501,2,166048,0.050004750,3320645,1663642914,0.000000,0.000000
rust/lookup_8_hit,501,3,165824,0.050006666,3316038,1661334991,0.000000,0.000000
rust/lookup_8_hit,501,4,166016,0.050003958,3320057,1663348649,0.000000,0.000000
rust/lookup_8_hit,501,5,165632,0.050005375,3312284,1659454249,0.000000,0.000000
rust/lookup_8_hit,501,6,167552,0.050003625,3350797,1678749331,0.000000,0.000000
compiler/lookup_8_miss,501,0,163936,0.050002709,3278542,1642549727,0.000000,0.000000
compiler/lookup_8_miss,501,1,163360,0.050004458,3266909,1636721270,0.000000,0.000000
compiler/lookup_8_miss,501,2,164000,0.050006209,3279593,1643075963,0.000000,0.000000
compiler/lookup_8_miss,501,3,164224,0.050000084,3284474,1645521716,0.000000,0.000000
compiler/lookup_8_miss,501,4,164256,0.050008000,3284594,1645581827,0.000000,0.000000
compiler/lookup_8_miss,501,5,164864,0.050001666,3297170,1651882239,0.000000,0.000000
compiler/lookup_8_miss,501,6,163936,0.050009709,3278083,1642319814,0.000000,0.000000
rust/lookup_8_miss,501,0,168672,0.050008833,3372844,1689794921,0.000000,0.000000
rust/lookup_8_miss,501,1,168288,0.050001875,3365634,1686182528,0.000000,0.000000
rust/lookup_8_miss,501,2,172672,0.050004542,3453126,1730016285,0.000000,0.000000
rust/lookup_8_miss,501,3,171904,0.050005292,3437716,1722295792,0.000000,0.000000
rust/lookup_8_miss,501,4,169184,0.050004291,3383390,1695078208,0.000000,0.000000
rust/lookup_8_miss,501,5,168704,0.050005417,3373714,1690230960,0.000000,0.000000
rust/lookup_8_miss,501,6,170656,0.050003958,3412850,1709837769,0.000000,0.000000
compiler/varying_lookup_8,501,0,128896,0.050005708,2577626,1291390495,0.000000,0.000000
compiler/varying_lookup_8,501,1,128800,0.050000792,2575959,1290555558,0.000000,0.000000
compiler/varying_lookup_8,501,2,128864,0.050009416,2576795,1290974164,0.000000,0.000000
compiler/varying_lookup_8,501,3,128928,0.050004375,2578334,1291745532,0.000000,0.000000
compiler/varying_lookup_8,501,4,129024,0.050001250,2580415,1292788160,0.000000,0.000000
compiler/varying_lookup_8,501,5,129632,0.050000292,2592625,1298905054,0.000000,0.000000
compiler/varying_lookup_8,501,6,128960,0.050006333,2578873,1292015553,0.000000,0.000000
rust/varying_lookup_8,501,0,166368,0.050003208,3327147,1666900412,0.000000,0.000000
rust/varying_lookup_8,501,1,166016,0.050007125,3319847,1663243308,0.000000,0.000000
rust/varying_lookup_8,501,2,165952,0.050004750,3318725,1662681085,0.000000,0.000000
rust/varying_lookup_8,501,3,166144,0.050001833,3322758,1664701852,0.000000,0.000000
rust/varying_lookup_8,501,4,167392,0.050000750,3347790,1677242681,0.000000,0.000000
rust/varying_lookup_8,501,5,164736,0.050005000,3294391,1650489671,0.000000,0.000000
rust/varying_lookup_8,501,6,164384,0.050007167,3287209,1646891615,0.000000,0.000000
compiler/bound_lookup_8,16,0,162368,0.050008958,3246778,51948453,6.000000,520.000000
compiler/bound_lookup_8,16,1,166784,0.050005500,3335313,53365010,6.000000,520.000000
compiler/bound_lookup_8,16,2,166944,0.050001375,3338788,53420611,6.000000,520.000000
compiler/bound_lookup_8,16,3,166816,0.050006500,3335886,53374181,6.000000,520.000000
compiler/bound_lookup_8,16,4,168960,0.050003083,3378992,54063866,6.000000,520.000000
compiler/bound_lookup_8,16,5,167872,0.050000833,3357384,53718145,6.000000,520.000000
compiler/bound_lookup_8,16,6,167680,0.050002875,3353407,53654515,6.000000,520.000000
compile/lookup_8,0,0,15712,0.050053416,313905,0,60.000000,5769.000000
compile/lookup_8,0,1,15712,0.050043792,313965,0,60.000000,5769.000000
compile/lookup_8,0,2,15776,0.050066792,315099,0,60.000000,5769.000000
compile/lookup_8,0,3,15808,0.050058541,315790,0,60.000000,5769.000000
compile/lookup_8,0,4,15808,0.050001625,316150,0,60.000000,5769.000000
compile/lookup_8,0,5,15840,0.050068583,316366,0,60.000000,5769.000000
compile/lookup_8,0,6,15936,0.050096792,318104,0,60.000000,5769.000000
compiler/lookup_128_hit,501,0,112416,0.050000041,2248318,1126407396,0.000000,0.000000
compiler/lookup_128_hit,501,1,112512,0.050004667,2250030,1127265021,0.000000,0.000000
compiler/lookup_128_hit,501,2,112608,0.050005167,2251927,1128215570,0.000000,0.000000
compiler/lookup_128_hit,501,3,112608,0.050008959,2251757,1128130022,0.000000,0.000000
compiler/lookup_128_hit,501,4,113696,0.050006541,2273623,1139084905,0.000000,0.000000
compiler/lookup_128_hit,501,5,112960,0.050000417,2259181,1131849760,0.000000,0.000000
compiler/lookup_128_hit,501,6,113024,0.050005042,2260252,1132386290,0.000000,0.000000
rust/lookup_128_hit,501,0,168608,0.050002083,3372020,1689381780,0.000000,0.000000
rust/lookup_128_hit,501,1,167296,0.050009583,3345279,1675984701,0.000000,0.000000
rust/lookup_128_hit,501,2,169152,0.050006875,3382575,1694670023,0.000000,0.000000
rust/lookup_128_hit,501,3,166240,0.050000625,3324758,1665703979,0.000000,0.000000
rust/lookup_128_hit,501,4,165888,0.050004417,3317467,1662050934,0.000000,0.000000
rust/lookup_128_hit,501,5,165760,0.050006084,3314797,1660713124,0.000000,0.000000
rust/lookup_128_hit,501,6,165728,0.050004917,3314234,1660431273,0.000000,0.000000
compiler/lookup_128_miss,501,0,156160,0.050000666,3123158,1564702358,0.000000,0.000000
compiler/lookup_128_miss,501,1,156000,0.050005625,3119649,1562944169,0.000000,0.000000
compiler/lookup_128_miss,501,2,156096,0.050008708,3121376,1563809567,0.000000,0.000000
compiler/lookup_128_miss,501,3,156032,0.050007333,3120182,1563211379,0.000000,0.000000
compiler/lookup_128_miss,501,4,156192,0.050000208,3123827,1565037329,0.000000,0.000000
compiler/lookup_128_miss,501,5,158912,0.050005083,3177917,1592136383,0.000000,0.000000
compiler/lookup_128_miss,501,6,161152,0.050009417,3222433,1614438977,0.000000,0.000000
rust/lookup_128_miss,501,0,168960,0.050009541,3378555,1692656207,0.000000,0.000000
rust/lookup_128_miss,501,1,168576,0.050000083,3371514,1689128716,0.000000,0.000000
rust/lookup_128_miss,501,2,169024,0.050004959,3380145,1693452523,0.000000,0.000000
rust/lookup_128_miss,501,3,169728,0.050007417,3394057,1700422319,0.000000,0.000000
rust/lookup_128_miss,501,4,168384,0.050005959,3367279,1687006623,0.000000,0.000000
rust/lookup_128_miss,501,5,168480,0.050008916,3368999,1687868619,0.000000,0.000000
rust/lookup_128_miss,501,6,171072,0.050005750,3421047,1713944336,0.000000,0.000000
compiler/varying_lookup_128,501,0,103872,0.050013083,2076897,1040525176,0.000000,0.000000
compiler/varying_lookup_128,501,1,103104,0.050009334,2061695,1032909256,0.000000,0.000000
compiler/varying_lookup_128,501,2,104640,0.050009542,2092401,1048292744,0.000000,0.000000
compiler/varying_lookup_128,501,3,104160,0.050003084,2083072,1043618830,0.000000,0.000000
compiler/varying_lookup_128,501,4,103872,0.050007875,2077113,1040633540,0.000000,0.000000
compiler/varying_lookup_128,501,5,103712,0.050001875,2074162,1039155272,0.000000,0.000000
compiler/varying_lookup_128,501,6,103776,0.050007708,2075200,1039675244,0.000000,0.000000
rust/varying_lookup_128,501,0,164928,0.050006834,3298109,1652352716,0.000000,0.000000
rust/varying_lookup_128,501,1,163648,0.050001666,3272851,1639698325,0.000000,0.000000
rust/varying_lookup_128,501,2,163616,0.050001417,3272227,1639385860,0.000000,0.000000
rust/varying_lookup_128,501,3,163360,0.050005750,3266824,1636678982,0.000000,0.000000
rust/varying_lookup_128,501,4,163360,0.050009792,3266560,1636546699,0.000000,0.000000
rust/varying_lookup_128,501,5,163488,0.050008375,3269212,1637875416,0.000000,0.000000
rust/varying_lookup_128,501,6,163104,0.050005208,3261740,1634131869,0.000000,0.000000
compiler/bound_lookup_128,16,0,132448,0.050001500,2648881,42382089,6.000000,520.000000
compiler/bound_lookup_128,16,1,131680,0.050000875,2633554,42136863,6.000000,520.000000
compiler/bound_lookup_128,16,2,130816,0.050004167,2616102,41857632,6.000000,520.000000
compiler/bound_lookup_128,16,3,131552,0.050001208,2630976,42095623,6.000000,520.000000
compiler/bound_lookup_128,16,4,132384,0.050010667,2647115,42353844,6.000000,520.000000
compiler/bound_lookup_128,16,5,132160,0.050004583,2642958,42287324,6.000000,520.000000
compiler/bound_lookup_128,16,6,130496,0.050002000,2609816,41757050,6.000000,520.000000
compile/lookup_128,0,0,320,0.054197542,5904,0,669.000000,99649.000000
compile/lookup_128,0,1,320,0.052931583,6046,0,669.000000,99649.000000
compile/lookup_128,0,2,320,0.053164459,6019,0,669.000000,99649.000000
compile/lookup_128,0,3,320,0.053341791,5999,0,669.000000,99649.000000
compile/lookup_128,0,4,320,0.053341042,5999,0,669.000000,99649.000000
compile/lookup_128,0,5,320,0.053007583,6037,0,669.000000,99649.000000
compile/lookup_128,0,6,320,0.053472375,5984,0,669.000000,99649.000000
compiler/lookup_1024_hit,501,0,102976,0.050001583,2059455,1031786854,0.000000,0.000000
compiler/lookup_1024_hit,501,1,103040,0.050007458,2060493,1032306821,0.000000,0.000000
compiler/lookup_1024_hit,501,2,102816,0.050008917,2055953,1030032624,0.000000,0.000000
compiler/lookup_1024_hit,501,3,102560,0.050005584,2050971,1027536445,0.000000,0.000000
compiler/lookup_1024_hit,501,4,102720,0.050009084,2054027,1029067439,0.000000,0.000000
compiler/lookup_1024_hit,501,5,102848,0.050000125,2056955,1030534384,0.000000,0.000000
compiler/lookup_1024_hit,501,6,104288,0.050005750,2085520,1044845603,0.000000,0.000000
rust/lookup_1024_hit,501,0,170080,0.050002334,3401441,1704122052,0.000000,0.000000
rust/lookup_1024_hit,501,1,167008,0.050003708,3339912,1673296068,0.000000,0.000000
rust/lookup_1024_hit,501,2,168544,0.050001250,3370796,1688768661,0.000000,0.000000
rust/lookup_1024_hit,501,3,169248,0.050004500,3384655,1695712346,0.000000,0.000000
rust/lookup_1024_hit,501,4,165472,0.050006417,3309015,1657816676,0.000000,0.000000
rust/lookup_1024_hit,501,5,165344,0.050002625,3306706,1656659905,0.000000,0.000000
rust/lookup_1024_hit,501,6,165120,0.050009000,3301806,1654204643,0.000000,0.000000
compiler/lookup_1024_miss,501,0,152608,0.050009875,3051557,1528830216,0.000000,0.000000
compiler/lookup_1024_miss,501,1,152160,0.050002333,3043058,1524572063,0.000000,0.000000
compiler/lookup_1024_miss,501,2,151936,0.050000291,3038702,1522389860,0.000000,0.000000
compiler/lookup_1024_miss,501,3,151872,0.050006375,3037053,1521563441,0.000000,0.000000
compiler/lookup_1024_miss,501,4,153376,0.050003458,3067308,1536721240,0.000000,0.000000
compiler/lookup_1024_miss,501,5,151296,0.050002709,3025756,1515903788,0.000000,0.000000
compiler/lookup_1024_miss,501,6,150816,0.050004958,3016021,1511026487,0.000000,0.000000
rust/lookup_1024_miss,501,0,171072,0.050004875,3421106,1713974328,0.000000,0.000000
rust/lookup_1024_miss,501,1,171296,0.050003625,3425672,1716261491,0.000000,0.000000
rust/lookup_1024_miss,501,2,169760,0.050006167,3394781,1700785425,0.000000,0.000000
rust/lookup_1024_miss,501,3,168544,0.050000875,3370821,1688781326,0.000000,0.000000
rust/lookup_1024_miss,501,4,168064,0.050006333,3360854,1683788011,0.000000,0.000000
rust/lookup_1024_miss,501,5,168480,0.050007666,3369083,1687910810,0.000000,0.000000
rust/lookup_1024_miss,501,6,168608,0.050008959,3371556,1689149498,0.000000,0.000000
compiler/varying_lookup_1024,501,0,92480,0.050002667,1849501,926600175,0.000000,0.000000
compiler/varying_lookup_1024,501,1,93088,0.050013750,1861248,932485327,0.000000,0.000000
compiler/varying_lookup_1024,501,2,91168,0.050015500,1822795,913220262,0.000000,0.000000
compiler/varying_lookup_1024,501,3,90688,0.050003333,1813639,908633191,0.000000,0.000000
compiler/varying_lookup_1024,501,4,90464,0.050012625,1808823,906220459,0.000000,0.000000
compiler/varying_lookup_1024,501,5,91744,0.050008625,1834564,919116332,0.000000,0.000000
compiler/varying_lookup_1024,501,6,91200,0.050008833,1823678,913662592,0.000000,0.000000
rust/varying_lookup_1024,501,0,163232,0.050006875,3264191,1635359778,0.000000,0.000000
rust/varying_lookup_1024,501,1,162368,0.050005958,3246973,1626733518,0.000000,0.000000
rust/varying_lookup_1024,501,2,163040,0.050002584,3260631,1633576377,0.000000,0.000000
rust/varying_lookup_1024,501,3,165024,0.050007416,3299991,1653295263,0.000000,0.000000
rust/varying_lookup_1024,501,4,164224,0.050009458,3283859,1645213271,0.000000,0.000000
rust/varying_lookup_1024,501,5,164288,0.050008959,3285171,1645870853,0.000000,0.000000
rust/varying_lookup_1024,501,6,163968,0.050000709,3279313,1642936063,0.000000,0.000000
compiler/bound_lookup_1024,16,0,116160,0.050001625,2323124,37169992,6.000000,520.000000
compiler/bound_lookup_1024,16,1,116512,0.050002542,2330122,37281945,6.000000,520.000000
compiler/bound_lookup_1024,16,2,117280,0.050003833,2345420,37526723,6.000000,520.000000
compiler/bound_lookup_1024,16,3,115200,0.050004750,2303781,36860498,6.000000,520.000000
compiler/bound_lookup_1024,16,4,115456,0.050002042,2309026,36944411,6.000000,520.000000
compiler/bound_lookup_1024,16,5,115648,0.050006458,2312661,37002581,6.000000,520.000000
compiler/bound_lookup_1024,16,6,116064,0.050008458,2320887,37134198,6.000000,520.000000
compile/lookup_1024,0,0,32,0.244607375,131,0,5156.000000,804033.000000
compile/lookup_1024,0,1,32,0.244472833,131,0,5156.000000,804033.000000
compile/lookup_1024,0,2,32,0.245537583,130,0,5156.000000,804033.000000
compile/lookup_1024,0,3,32,0.248453417,129,0,5156.000000,804033.000000
compile/lookup_1024,0,4,32,0.244524875,131,0,5156.000000,804033.000000
compile/lookup_1024,0,5,32,0.244233084,131,0,5156.000000,804033.000000
compile/lookup_1024,0,6,32,0.245334291,130,0,5156.000000,804033.000000
compiler/lookup_4096_hit,501,0,94304,0.050016541,1885456,944613583,0.000000,0.000000
compiler/lookup_4096_hit,501,1,94144,0.050015250,1882306,943035254,0.000000,0.000000
compiler/lookup_4096_hit,501,2,95104,0.050016292,1901460,952631674,0.000000,0.000000
compiler/lookup_4096_hit,501,3,95104,0.050010083,1901697,952749948,0.000000,0.000000
compiler/lookup_4096_hit,501,4,95104,0.050002083,1902001,952902382,0.000000,0.000000
compiler/lookup_4096_hit,501,5,95360,0.050012292,1906731,955272356,0.000000,0.000000
compiler/lookup_4096_hit,501,6,96224,0.050003875,1924331,964089763,0.000000,0.000000
rust/lookup_4096_hit,501,0,167808,0.050005417,3355796,1681254013,0.000000,0.000000
rust/lookup_4096_hit,501,1,166112,0.050003291,3322021,1664332694,0.000000,0.000000
rust/lookup_4096_hit,501,2,165760,0.050000167,3315189,1660909653,0.000000,0.000000
rust/lookup_4096_hit,501,3,165568,0.050006791,3310910,1658766066,0.000000,0.000000
rust/lookup_4096_hit,501,4,168928,0.050009000,3377952,1692353936,0.000000,0.000000
rust/lookup_4096_hit,501,5,167072,0.050002458,3341276,1673979147,0.000000,0.000000
rust/lookup_4096_hit,501,6,166240,0.050006333,3324379,1665513846,0.000000,0.000000
compiler/lookup_4096_miss,501,0,145536,0.050000458,2910693,1458257362,0.000000,0.000000
compiler/lookup_4096_miss,501,1,145600,0.050010000,2911418,1458620276,0.000000,0.000000
compiler/lookup_4096_miss,501,2,149376,0.050005625,2987184,1496579155,0.000000,0.000000
compiler/lookup_4096_miss,501,3,147744,0.050006875,2954474,1480191354,0.000000,0.000000
compiler/lookup_4096_miss,501,4,147360,0.050006250,2946832,1476362655,0.000000,0.000000
compiler/lookup_4096_miss,501,5,147424,0.050007417,2948043,1476969386,0.000000,0.000000
compiler/lookup_4096_miss,501,6,147424,0.050007875,2948016,1476955859,0.000000,0.000000
rust/lookup_4096_miss,501,0,169728,0.050006916,3394091,1700439355,0.000000,0.000000
rust/lookup_4096_miss,501,1,169408,0.050001666,3388047,1697411602,0.000000,0.000000
rust/lookup_4096_miss,501,2,168640,0.050000666,3372755,1689750293,0.000000,0.000000
rust/lookup_4096_miss,501,3,168928,0.050002000,3378425,1692590856,0.000000,0.000000
rust/lookup_4096_miss,501,4,168096,0.050007333,3361427,1684074934,0.000000,0.000000
rust/lookup_4096_miss,501,5,168448,0.050004958,3368626,1687681609,0.000000,0.000000
rust/lookup_4096_miss,501,6,168128,0.050003334,3362336,1684530236,0.000000,0.000000
compiler/varying_lookup_4096,501,0,86880,0.050007500,1737339,870407039,0.000000,0.000000
compiler/varying_lookup_4096,501,1,86464,0.050000666,1729257,866357740,0.000000,0.000000
compiler/varying_lookup_4096,501,2,86272,0.050015084,1724920,864184733,0.000000,0.000000
compiler/varying_lookup_4096,501,3,86048,0.050009209,1720643,862042189,0.000000,0.000000
compiler/varying_lookup_4096,501,4,86080,0.050010458,1721240,862341233,0.000000,0.000000
compiler/varying_lookup_4096,501,5,86048,0.050013583,1720493,861966798,0.000000,0.000000
compiler/varying_lookup_4096,501,6,87360,0.050004208,1747053,875273537,0.000000,0.000000
rust/varying_lookup_4096,501,0,162240,0.050007583,3244308,1625398292,0.000000,0.000000
rust/varying_lookup_4096,501,1,161856,0.050005167,3236786,1621629541,0.000000,0.000000
rust/varying_lookup_4096,501,2,161824,0.050000917,3236421,1621446743,0.000000,0.000000
rust/varying_lookup_4096,501,3,162048,0.050009875,3240320,1623400338,0.000000,0.000000
rust/varying_lookup_4096,501,4,161856,0.050007625,3236626,1621549834,0.000000,0.000000
rust/varying_lookup_4096,501,5,161984,0.050001042,3239612,1623045856,0.000000,0.000000
rust/varying_lookup_4096,501,6,161888,0.050006000,3237372,1621923129,0.000000,0.000000
compiler/bound_lookup_4096,16,0,107904,0.050013042,2157517,34520276,6.000000,520.000000
compiler/bound_lookup_4096,16,1,107360,0.050010459,2146751,34348015,6.000000,520.000000
compiler/bound_lookup_4096,16,2,107200,0.050003459,2143852,34301627,6.000000,520.000000
compiler/bound_lookup_4096,16,3,107648,0.050002291,2152861,34445782,6.000000,520.000000
compiler/bound_lookup_4096,16,4,106528,0.050013292,2129994,34079900,6.000000,520.000000
compiler/bound_lookup_4096,16,5,106368,0.050009292,2126965,34031436,6.000000,520.000000
compiler/bound_lookup_4096,16,6,106656,0.050007041,2132820,34125115,6.000000,520.000000
compile/lookup_4096,0,0,32,3.162074208,10,0,20520.000000,3215553.000000
compile/lookup_4096,0,1,32,3.155810542,10,0,20520.000000,3215553.000000
compile/lookup_4096,0,2,32,3.157068458,10,0,20520.000000,3215553.000000
compile/lookup_4096,0,3,32,3.158754083,10,0,20520.000000,3215553.000000
compile/lookup_4096,0,4,32,3.159903709,10,0,20520.000000,3215553.000000
compile/lookup_4096,0,5,32,3.157404500,10,0,20520.000000,3215553.000000
compile/lookup_4096,0,6,32,3.157861708,10,0,20520.000000,3215553.000000
compiler/constant_scalar,100,0,554592,0.050002708,11091239,1109123930,0.000000,0.000000
compiler/constant_scalar,100,1,556480,0.050000041,11129591,1112959087,0.000000,0.000000
compiler/constant_scalar,100,2,557344,0.050000625,11146741,1114674067,0.000000,0.000000
compiler/constant_scalar,100,3,553088,0.050001375,11061456,1106145581,0.000000,0.000000
compiler/constant_scalar,100,4,546656,0.050001958,10932692,1093269188,0.000000,0.000000
compiler/constant_scalar,100,5,549600,0.050001875,10991588,1099158782,0.000000,0.000000
compiler/constant_scalar,100,6,550272,0.050000625,11005302,1100530243,0.000000,0.000000
compiler/repeated_fields,100,0,33728,0.050015000,674358,67435769,0.000000,0.000000
compiler/repeated_fields,100,1,34208,0.050002833,684121,68412124,0.000000,0.000000
compiler/repeated_fields,100,2,34496,0.050031959,689479,68947930,0.000000,0.000000
compiler/repeated_fields,100,3,34400,0.050040750,687440,68743974,0.000000,0.000000
compiler/repeated_fields,100,4,34688,0.050017375,693519,69351900,0.000000,0.000000
compiler/repeated_fields,100,5,34656,0.050042833,692527,69252674,0.000000,0.000000
compiler/repeated_fields,100,6,34688,0.050047250,693105,69310502,0.000000,0.000000
compiler/dynamic_leaves,100,0,154400,0.050008083,3087501,308750087,4.000000,312.000000
compiler/dynamic_leaves,100,1,152608,0.050000209,3052147,305214724,4.000000,312.000000
compiler/dynamic_leaves,100,2,153504,0.050009083,3069522,306952239,4.000000,312.000000
compiler/dynamic_leaves,100,3,153376,0.050010291,3066889,306688877,4.000000,312.000000
compiler/dynamic_leaves,100,4,153888,0.050003416,3077550,307754974,4.000000,312.000000
compiler/dynamic_leaves,100,5,152320,0.050002125,3046271,304627053,4.000000,312.000000
compiler/dynamic_leaves,100,6,152448,0.050008000,3048472,304847224,4.000000,312.000000
compiler/filtered_sum,100,0,112704,0.050006500,2253787,225378701,0.000000,0.000000
compiler/filtered_sum,100,1,113984,0.050007583,2279334,227933432,0.000000,0.000000
compiler/filtered_sum,100,2,114048,0.050010125,2280498,228049820,0.000000,0.000000
compiler/filtered_sum,100,3,113216,0.050010625,2263839,226383893,0.000000,0.000000
compiler/filtered_sum,100,4,112192,0.050002709,2243718,224371844,0.000000,0.000000
compiler/filtered_sum,100,5,112992,0.050009333,2259418,225941826,0.000000,0.000000
compiler/filtered_sum,100,6,113248,0.050002958,2264826,226482601,0.000000,0.000000
compiler/invariant_aggregate,100,0,235648,0.050006250,4712371,471237095,0.000000,0.000000
compiler/invariant_aggregate,100,1,235040,0.050000834,4700722,470072159,0.000000,0.000000
compiler/invariant_aggregate,100,2,233184,0.050003375,4663365,466336522,0.000000,0.000000
compiler/invariant_aggregate,100,3,236736,0.050004584,4734286,473428596,0.000000,0.000000
compiler/invariant_aggregate,100,4,237760,0.050005000,4754725,475472453,0.000000,0.000000
compiler/invariant_aggregate,100,5,235616,0.050004542,4711892,471189197,0.000000,0.000000
compiler/invariant_aggregate,100,6,237472,0.050001709,4749278,474927767,0.000000,0.000000
compiler/builtin_reference,100,0,552960,0.050000959,11058988,1105898789,0.000000,0.000000
compiler/builtin_reference,100,1,558304,0.050002125,11165605,1116560546,0.000000,0.000000
compiler/builtin_reference,100,2,559232,0.050001625,11184277,1118427651,0.000000,0.000000
compiler/builtin_reference,100,3,553696,0.050001375,11073615,1107361548,0.000000,0.000000
compiler/builtin_reference,100,4,553504,0.050002625,11069499,1106949885,0.000000,0.000000
compiler/builtin_reference,100,5,553408,0.050002667,11067570,1106756966,0.000000,0.000000
compiler/builtin_reference,100,6,553152,0.050000083,11063022,1106302164,0.000000,0.000000
compiler/static_array,100,0,498592,0.050003000,9971242,997124173,1.000000,16.000000
compiler/static_array,100,1,490944,0.050002417,9818405,981840538,1.000000,16.000000
compiler/static_array,100,2,492000,0.050000625,9839877,983987700,1.000000,16.000000
compiler/static_array,100,3,493120,0.050000792,9862244,986224378,1.000000,16.000000
compiler/static_array,100,4,495424,0.050002375,9908009,990800937,1.000000,16.000000
compiler/static_array,100,5,496224,0.050000958,9924290,992428985,1.000000,16.000000
compiler/static_array,100,6,496320,0.050000417,9926317,992631721,1.000000,16.000000
compiler/constant_membership,100,0,150368,0.050003542,3007147,300714697,1.000000,16.000000
compiler/constant_membership,100,1,152672,0.050007416,3052987,305298718,1.000000,16.000000
compiler/constant_membership,100,2,152992,0.050000792,3059792,305979153,1.000000,16.000000
compiler/constant_membership,100,3,153376,0.050000042,3067517,306751742,1.000000,16.000000
compiler/constant_membership,100,4,152320,0.050001042,3046337,304633651,1.000000,16.000000
compiler/constant_membership,100,5,153440,0.050000250,3068785,306878466,1.000000,16.000000
compiler/constant_membership,100,6,152960,0.050006459,3058805,305880486,1.000000,16.000000
compiler/lookup_record,100,0,210880,0.050003083,4217340,421733996,0.000000,0.000000
compiler/lookup_record,100,1,209632,0.050003750,4192326,419232558,0.000000,0.000000
compiler/lookup_record,100,2,208640,0.050003875,4172477,417247663,0.000000,0.000000
compiler/lookup_record,100,3,208640,0.050002500,4172591,417259137,0.000000,0.000000
compiler/lookup_record,100,4,208160,0.050000375,4163169,416316878,0.000000,0.000000
compiler/lookup_record,100,5,208832,0.050000083,4176633,417663307,0.000000,0.000000
compiler/lookup_record,100,6,208768,0.050005083,4174936,417493558,0.000000,0.000000
rust/repeated_fields,100,0,420736,0.050004625,8413942,841394171,0.000000,0.000000
rust/repeated_fields,100,1,431296,0.050000250,8625877,862587687,0.000000,0.000000
rust/repeated_fields,100,2,429664,0.050000292,8593230,859322982,0.000000,0.000000
rust/repeated_fields,100,3,431360,0.050002042,8626848,862684768,0.000000,0.000000
rust/repeated_fields,100,4,431968,0.050001542,8639094,863909357,0.000000,0.000000
rust/repeated_fields,100,5,431776,0.050003458,8634923,863492281,0.000000,0.000000
rust/repeated_fields,100,6,422816,0.050002958,8455820,845581975,0.000000,0.000000
compiler/constant_scalar,500,0,162784,0.050007125,3255216,1627608066,0.000000,0.000000
compiler/constant_scalar,500,1,163168,0.050004042,3263096,1631548106,0.000000,0.000000
compiler/constant_scalar,500,2,163360,0.050007875,3266685,1633342749,0.000000,0.000000
compiler/constant_scalar,500,3,163136,0.050000959,3262657,1631328711,0.000000,0.000000
compiler/constant_scalar,500,4,163520,0.050008583,3269839,1634919350,0.000000,0.000000
compiler/constant_scalar,500,5,163360,0.050009958,3266549,1633274717,0.000000,0.000000
compiler/constant_scalar,500,6,167840,0.050008375,3356238,1678118915,0.000000,0.000000
compiler/repeated_fields,500,0,12256,0.050045416,244898,122448777,0.000000,0.000000
compiler/repeated_fields,500,1,12224,0.050072834,244124,122062194,0.000000,0.000000
compiler/repeated_fields,500,2,12192,0.050011708,243783,121891458,0.000000,0.000000
compiler/repeated_fields,500,3,12160,0.050076250,242830,121414842,0.000000,0.000000
compiler/repeated_fields,500,4,12192,0.050038916,243650,121825181,0.000000,0.000000
compiler/repeated_fields,500,5,12192,0.050084875,243427,121713392,0.000000,0.000000
compiler/repeated_fields,500,6,12128,0.050010791,242508,121253831,0.000000,0.000000
compiler/dynamic_leaves,500,0,68064,0.050005667,1361126,680562865,4.000000,312.000000
compiler/dynamic_leaves,500,1,67552,0.050011042,1350742,675370851,4.000000,312.000000
compiler/dynamic_leaves,500,2,67200,0.050013750,1343631,671815251,4.000000,312.000000
compiler/dynamic_leaves,500,3,67200,0.050012416,1343666,671833170,4.000000,312.000000
compiler/dynamic_leaves,500,4,67296,0.050019667,1345391,672695402,4.000000,312.000000
compiler/dynamic_leaves,500,5,67296,0.050015625,1345500,672749766,4.000000,312.000000
compiler/dynamic_leaves,500,6,67776,0.050021542,1354936,677468120,4.000000,312.000000
compiler/filtered_sum,500,0,57440,0.050017333,1148402,574200947,0.000000,0.000000
compiler/filtered_sum,500,1,57280,0.050020875,1145122,572560956,0.000000,0.000000
compiler/filtered_sum,500,2,57344,0.050018250,1146462,573230771,0.000000,0.000000
compiler/filtered_sum,500,3,57472,0.050007917,1149258,574629013,0.000000,0.000000
compiler/filtered_sum,500,4,57568,0.050012541,1151071,575535644,0.000000,0.000000
compiler/filtered_sum,500,5,57408,0.050022625,1147641,573820346,0.000000,0.000000
compiler/filtered_sum,500,6,58304,0.050008500,1165882,582940900,0.000000,0.000000
compiler/invariant_aggregate,500,0,79424,0.050012625,1588079,794039505,0.000000,0.000000
compiler/invariant_aggregate,500,1,79168,0.050016542,1582836,791418167,0.000000,0.000000
compiler/invariant_aggregate,500,2,79232,0.050012000,1584260,792129889,0.000000,0.000000
compiler/invariant_aggregate,500,3,79136,0.050011000,1582372,791185939,0.000000,0.000000
compiler/invariant_aggregate,500,4,79072,0.050007208,1581212,790606026,0.000000,0.000000
compiler/invariant_aggregate,500,5,79168,0.050016625,1582834,791416854,0.000000,0.000000
compiler/invariant_aggregate,500,6,79104,0.050000083,1582077,791038687,0.000000,0.000000
compiler/builtin_reference,500,0,167744,0.050004125,3354603,1677301623,0.000000,0.000000
compiler/builtin_reference,500,1,167104,0.050009416,3341451,1670725369,0.000000,0.000000
compiler/builtin_reference,500,2,167360,0.050002084,3347060,1673530247,0.000000,0.000000
compiler/builtin_reference,500,3,167936,0.050002959,3358521,1679260621,0.000000,0.000000
compiler/builtin_reference,500,4,167520,0.050000416,3350372,1675186062,0.000000,0.000000
compiler/builtin_reference,500,5,169504,0.050004000,3389809,1694904408,0.000000,0.000000
compiler/builtin_reference,500,6,167520,0.050007333,3349909,1674954351,0.000000,0.000000
compiler/static_array,500,0,161280,0.050000042,3225597,1612798645,1.000000,16.000000
compiler/static_array,500,1,160544,0.050000042,3210877,1605438651,1.000000,16.000000
compiler/static_array,500,2,160864,0.050006750,3216846,1608422863,1.000000,16.000000
compiler/static_array,500,3,160704,0.050000958,3214018,1607009210,1.000000,16.000000
compiler/static_array,500,4,162304,0.050008416,3245534,1622766856,1.000000,16.000000
compiler/static_array,500,5,158336,0.050009625,3166111,1583055262,1.000000,16.000000
compiler/static_array,500,6,158624,0.050002958,3172292,1586146164,1.000000,16.000000
compiler/constant_membership,500,0,66368,0.050016042,1326934,663467133,1.000000,16.000000
compiler/constant_membership,500,1,66304,0.050013584,1325720,662859914,1.000000,16.000000
compiler/constant_membership,500,2,66304,0.050009291,1325834,662916817,1.000000,16.000000
compiler/constant_membership,500,3,66368,0.050009916,1327097,663548405,1.000000,16.000000
compiler/constant_membership,500,4,66464,0.050011208,1328982,664491048,1.000000,16.000000
compiler/constant_membership,500,5,67488,0.050006875,1349574,674787217,1.000000,16.000000
compiler/constant_membership,500,6,68000,0.050003750,1359898,679949004,1.000000,16.000000
compiler/lookup_record,500,0,112192,0.050005375,2243599,1121799407,0.000000,0.000000
compiler/lookup_record,500,1,112320,0.050010000,2245951,1122975405,0.000000,0.000000
compiler/lookup_record,500,2,112256,0.050011708,2244594,1122297203,0.000000,0.000000
compiler/lookup_record,500,3,112224,0.050013375,2243880,1121939881,0.000000,0.000000
compiler/lookup_record,500,4,113760,0.050007500,2274859,1137429386,0.000000,0.000000
compiler/lookup_record,500,5,112992,0.050006666,2259539,1129769379,0.000000,0.000000
compiler/lookup_record,500,6,112864,0.050008083,2256915,1128457574,0.000000,0.000000
rust/repeated_fields,500,0,155392,0.050001750,3107731,1553865615,0.000000,0.000000
rust/repeated_fields,500,1,153984,0.050006750,3079264,1539632150,0.000000,0.000000
rust/repeated_fields,500,2,153440,0.050003666,3068575,1534287506,0.000000,0.000000
rust/repeated_fields,500,3,155296,0.050008250,3105408,1552703804,0.000000,0.000000
rust/repeated_fields,500,4,153408,0.050002459,3068009,1534004558,0.000000,0.000000
rust/repeated_fields,500,5,152704,0.050001000,3054019,1527009460,0.000000,0.000000
rust/repeated_fields,500,6,153376,0.050002916,3067341,1533670556,0.000000,0.000000
compiler/constant_scalar,1024,0,88288,0.050009208,1765435,1807805315,0.000000,0.000000
compiler/constant_scalar,1024,1,88192,0.050003125,1763730,1806059281,0.000000,0.000000
compiler/constant_scalar,1024,2,87392,0.050001167,1747799,1789746387,0.000000,0.000000
compiler/constant_scalar,1024,3,87488,0.050018167,1749124,1791103460,0.000000,0.000000
compiler/constant_scalar,1024,4,87392,0.050012792,1747393,1789330378,0.000000,0.000000
compiler/constant_scalar,1024,5,87264,0.050004333,1745129,1787011858,0.000000,0.000000
compiler/constant_scalar,1024,6,87328,0.050013167,1746100,1788006586,0.000000,0.000000
compiler/repeated_fields,1024,0,6592,0.050048917,131711,134872209,0.000000,0.000000
compiler/repeated_fields,1024,1,6688,0.050192041,133248,136446175,0.000000,0.000000
compiler/repeated_fields,1024,2,6656,0.050082458,132901,136090445,0.000000,0.000000
compiler/repeated_fields,1024,3,6592,0.050000916,131838,135001687,0.000000,0.000000
compiler/repeated_fields,1024,4,6592,0.050102000,131572,134729312,0.000000,0.000000
compiler/repeated_fields,1024,5,6592,0.050101625,131573,134730321,0.000000,0.000000
compiler/repeated_fields,1024,6,6720,0.050110583,134103,137321891,0.000000,0.000000
compiler/dynamic_leaves,1024,0,39520,0.050028833,789944,808903138,4.000000,312.000000
compiler/dynamic_leaves,1024,1,39328,0.050037334,785973,804836485,4.000000,312.000000
compiler/dynamic_leaves,1024,2,40256,0.050035458,804549,823858632,4.000000,312.000000
compiler/dynamic_leaves,1024,3,40096,0.050001667,801893,821138703,4.000000,312.000000
compiler/dynamic_leaves,1024,4,39936,0.050031291,798220,817377749,4.000000,312.000000
compiler/dynamic_leaves,1024,5,40160,0.050012958,802992,822263702,4.000000,312.000000
compiler/dynamic_leaves,1024,6,39872,0.050002833,797395,816532295,4.000000,312.000000
compiler/filtered_sum,1024,0,36416,0.050016208,728084,745558000,0.000000,0.000000
compiler/filtered_sum,1024,1,36384,0.050001500,727658,745121966,0.000000,0.000000
compiler/filtered_sum,1024,2,36384,0.050016625,727438,744896642,0.000000,0.000000
compiler/filtered_sum,1024,3,36704,0.050022667,733747,751357300,0.000000,0.000000
compiler/filtered_sum,1024,4,36096,0.050019584,721637,738956645,0.000000,0.000000
compiler/filtered_sum,1024,5,35936,0.050030500,718282,735520612,0.000000,0.000000
compiler/filtered_sum,1024,6,35840,0.050043458,716178,733365788,0.000000,0.000000
compiler/invariant_aggregate,1024,0,42784,0.050029959,855168,875691623,0.000000,0.000000
compiler/invariant_aggregate,1024,1,42752,0.050016458,854759,875272855,0.000000,0.000000
compiler/invariant_aggregate,1024,2,42720,0.050010875,854214,874715349,0.000000,0.000000
compiler/invariant_aggregate,1024,3,42752,0.050034667,854448,874954319,0.000000,0.000000
compiler/invariant_aggregate,1024,4,42816,0.050011459,856124,876670765,0.000000,0.000000
compiler/invariant_aggregate,1024,5,42976,0.050014459,859272,879894032,0.000000,0.000000
compiler/invariant_aggregate,1024,6,42752,0.050009958,854870,875386618,0.000000,0.000000
compiler/builtin_reference,1024,0,87072,0.050008334,1741150,1782937380,0.000000,0.000000
compiler/builtin_reference,1024,1,88576,0.050012917,1771062,1813567963,0.000000,0.000000
compiler/builtin_reference,1024,2,87968,0.050006875,1759118,1801336956,0.000000,0.000000
compiler/builtin_reference,1024,3,87648,0.050003250,1752846,1794914371,0.000000,0.000000
compiler/builtin_reference,1024,4,87648,0.050004917,1752788,1794854534,0.000000,0.000000
compiler/builtin_reference,1024,5,87584,0.050007958,1751401,1793434877,0.000000,0.000000
compiler/builtin_reference,1024,6,88224,0.050002083,1764406,1806752251,0.000000,0.000000
compiler/static_array,1024,0,85760,0.050000708,1715176,1756339930,1.000000,16.000000
compiler/static_array,1024,1,85600,0.050001292,1711956,1753042701,1.000000,16.000000
compiler/static_array,1024,2,85728,0.050004417,1714409,1755554354,1.000000,16.000000
compiler/static_array,1024,3,85600,0.050008292,1711716,1752797316,1.000000,16.000000
compiler/static_array,1024,4,85824,0.050012625,1716047,1757231819,1.000000,16.000000
compiler/static_array,1024,5,86464,0.050008417,1728989,1770484677,1.000000,16.000000
compiler/static_array,1024,6,86112,0.050014083,1721755,1763077172,1.000000,16.000000
compiler/constant_membership,1024,0,39872,0.050030167,796959,816086183,1.000000,16.000000
compiler/constant_membership,1024,1,39680,0.050022583,793242,812279526,1.000000,16.000000
compiler/constant_membership,1024,2,39648,0.050008625,792823,811850996,1.000000,16.000000
compiler/constant_membership,1024,3,39648,0.050023541,792587,811608918,1.000000,16.000000
compiler/constant_membership,1024,4,39648,0.050030834,792471,811490610,1.000000,16.000000
compiler/constant_membership,1024,5,39232,0.050035791,784079,802896631,1.000000,16.000000
compiler/constant_membership,1024,6,39104,0.050037125,781500,800255730,1.000000,16.000000
compiler/lookup_record,1024,0,72000,0.050011792,1439660,1474212322,0.000000,0.000000
compiler/lookup_record,1024,1,71936,0.050000459,1438707,1473235756,0.000000,0.000000
compiler/lookup_record,1024,2,71936,0.050022084,1438085,1472598863,0.000000,0.000000
compiler/lookup_record,1024,3,71744,0.050010459,1434580,1469009833,0.000000,0.000000
compiler/lookup_record,1024,4,71616,0.050020000,1431747,1466109236,0.000000,0.000000
compiler/lookup_record,1024,5,71680,0.050012708,1433236,1467633386,0.000000,0.000000
compiler/lookup_record,1024,6,70304,0.050016833,1405607,1439341351,0.000000,0.000000
rust/repeated_fields,1024,0,82976,0.050015792,1658996,1698811927,0.000000,0.000000
rust/repeated_fields,1024,1,82944,0.050007250,1658639,1698446845,0.000000,0.000000
rust/repeated_fields,1024,2,83168,0.050014584,1662875,1702783972,0.000000,0.000000
rust/repeated_fields,1024,3,83264,0.050001083,1665244,1705209785,0.000000,0.000000
rust/repeated_fields,1024,4,83968,0.050007625,1679104,1719402431,0.000000,0.000000
rust/repeated_fields,1024,5,83168,0.050016666,1662806,1702713092,0.000000,0.000000
rust/repeated_fields,1024,6,82912,0.050016500,1657693,1697477592,0.000000,0.000000
compiler/constant_scalar,10240,0,9472,0.050065458,189192,1937329326,0.000000,0.000000
compiler/constant_scalar,10240,1,9472,0.050119209,188989,1935251612,0.000000,0.000000
compiler/constant_scalar,10240,2,9472,0.050087583,189109,1936473557,0.000000,0.000000
compiler/constant_scalar,10240,3,9696,0.050004000,193904,1985581953,0.000000,0.000000
compiler/constant_scalar,10240,4,9536,0.050129875,190226,1947913096,0.000000,0.000000
compiler/constant_scalar,10240,5,9408,0.050009167,188126,1926405213,0.000000,0.000000
compiler/constant_scalar,10240,6,9408,0.050150250,187596,1920985838,0.000000,0.000000
compiler/repeated_fields,10240,0,768,0.051512916,14909,152666954,0.000000,0.000000
compiler/repeated_fields,10240,1,768,0.051451959,14927,152847825,0.000000,0.000000
compiler/repeated_fields,10240,2,768,0.051510792,14909,152673250,0.000000,0.000000
compiler/repeated_fields,10240,3,768,0.051516167,14908,152657320,0.000000,0.000000
compiler/repeated_fields,10240,4,768,0.051533333,14903,152606469,0.000000,0.000000
compiler/repeated_fields,10240,5,768,0.050541125,15196,155602393,0.000000,0.000000
compiler/repeated_fields,10240,6,768,0.050902333,15088,154498223,0.000000,0.000000
compiler/dynamic_leaves,10240,0,4768,0.050014125,95333,976210620,4.000000,312.000000
compiler/dynamic_leaves,10240,1,4768,0.050193083,94993,972730047,4.000000,312.000000
compiler/dynamic_leaves,10240,2,4768,0.050147625,95079,973611811,4.000000,312.000000
compiler/dynamic_leaves,10240,3,4768,0.050113375,95144,974277226,4.000000,312.000000
compiler/dynamic_leaves,10240,4,4832,0.050220500,96216,985248653,4.000000,312.000000
compiler/dynamic_leaves,10240,5,4736,0.050132791,94469,967363656,4.000000,312.000000
compiler/dynamic_leaves,10240,6,4736,0.050249875,94249,965109664,4.000000,312.000000
compiler/filtered_sum,10240,0,4672,0.050216500,93037,952700407,0.000000,0.000000
compiler/filtered_sum,10240,1,4672,0.050124625,93208,954446642,0.000000,0.000000
compiler/filtered_sum,10240,2,4672,0.050181208,93103,953370433,0.000000,0.000000
compiler/filtered_sum,10240,3,4768,0.050084125,95200,974846221,0.000000,0.000000
compiler/filtered_sum,10240,4,4736,0.050254125,94241,965028045,0.000000,0.000000
compiler/filtered_sum,10240,5,4768,0.050313791,94765,970396367,0.000000,0.000000
compiler/filtered_sum,10240,6,4704,0.050135208,93826,960781094,0.000000,0.000000
compiler/invariant_aggregate,10240,0,4832,0.050316875,96031,983361546,0.000000,0.000000
compiler/invariant_aggregate,10240,1,4832,0.050304792,96054,983597746,0.000000,0.000000
compiler/invariant_aggregate,10240,2,4832,0.050325042,96016,983201961,0.000000,0.000000
compiler/invariant_aggregate,10240,3,4800,0.050143000,95726,980236524,0.000000,0.000000
compiler/invariant_aggregate,10240,4,4800,0.050048292,95907,982091457,0.000000,0.000000
compiler/invariant_aggregate,10240,5,4896,0.050282333,97370,997070681,0.000000,0.000000
compiler/invariant_aggregate,10240,6,4960,0.050116125,98970,1013454252,0.000000,0.000000
compiler/builtin_reference,10240,0,9472,0.050048333,189257,1937992220,0.000000,0.000000
compiler/builtin_reference,10240,1,9472,0.050139792,188912,1934457167,0.000000,0.000000
compiler/builtin_reference,10240,2,9472,0.050144250,188895,1934285187,0.000000,0.000000
compiler/builtin_reference,10240,3,9472,0.050144125,188896,1934290009,0.000000,0.000000
compiler/builtin_reference,10240,4,9472,0.050107875,189032,1935689350,0.000000,0.000000
compiler/builtin_reference,10240,5,9472,0.050144958,188892,1934257877,0.000000,0.000000
compiler/builtin_reference,10240,6,9696,0.050157000,193313,1979525091,0.000000,0.000000
compiler/static_array,10240,0,9568,0.050160208,190749,1953267817,1.000000,16.000000
compiler/static_array,10240,1,9536,0.050124291,190247,1948130099,1.000000,16.000000
compiler/static_array,10240,2,9472,0.050112542,189015,1935509079,1.000000,16.000000
compiler/static_array,10240,3,9472,0.050015125,189383,1939278968,1.000000,16.000000
compiler/static_array,10240,4,9632,0.050147167,192075,1966844508,1.000000,16.000000
compiler/static_array,10240,5,9408,0.050071542,187891,1924005456,1.000000,16.000000
compiler/static_array,10240,6,9408,0.050139292,187637,1921405671,1.000000,16.000000
compiler/constant_membership,10240,0,4736,0.050200334,94342,966062098,1.000000,16.000000
compiler/constant_membership,10240,1,4736,0.050220833,94303,965667774,1.000000,16.000000
compiler/constant_membership,10240,2,4864,0.050052417,97178,995103993,1.000000,16.000000
compiler/constant_membership,10240,3,4768,0.050023458,95315,976028486,1.000000,16.000000
compiler/constant_membership,10240,4,4768,0.050169041,95039,973196199,1.000000,16.000000
compiler/constant_membership,10240,5,4800,0.050319167,95391,976804723,1.000000,16.000000
compiler/constant_membership,10240,6,4736,0.050193500,94355,966193631,1.000000,16.000000
compiler/lookup_record,10240,0,9184,0.050083542,183374,1877745787,0.000000,0.000000
compiler/lookup_record,10240,1,9184,0.050110209,183276,1876746513,0.000000,0.000000
compiler/lookup_record,10240,2,9184,0.050082583,183377,1877781743,0.000000,0.000000
compiler/lookup_record,10240,3,9344,0.050116042,186447,1909220205,0.000000,0.000000
compiler/lookup_record,10240,4,9376,0.050156333,186936,1914219686,0.000000,0.000000
compiler/lookup_record,10240,5,9344,0.050148708,186326,1907976572,0.000000,0.000000
compiler/lookup_record,10240,6,9312,0.050051291,186049,1905143266,0.000000,0.000000
rust/repeated_fields,10240,0,9472,0.050074709,189157,1936971416,0.000000,0.000000
rust/repeated_fields,10240,1,9600,0.050112583,191569,1961663002,0.000000,0.000000
rust/repeated_fields,10240,2,9504,0.050022083,189996,1945559924,0.000000,0.000000
rust/repeated_fields,10240,3,9472,0.050096750,189074,1936119209,0.000000,0.000000
rust/repeated_fields,10240,4,9472,0.050118250,188993,1935288642,0.000000,0.000000
rust/repeated_fields,10240,5,9472,0.050158875,188840,1933721201,0.000000,0.000000
rust/repeated_fields,10240,6,9440,0.050002208,188792,1933226629,0.000000,0.000000
compiler/constant_scalar,1048576,0,96,0.050571500,1898,1990514341,0.000000,0.000000
compiler/constant_scalar,1048576,1,96,0.051057416,1880,1971570516,0.000000,0.000000
compiler/constant_scalar,1048576,2,96,0.051311875,1871,1961793367,0.000000,0.000000
compiler/constant_scalar,1048576,3,96,0.050956041,1884,1975492876,0.000000,0.000000
compiler/constant_scalar,1048576,4,96,0.051596375,1861,1950976130,0.000000,0.000000
compiler/constant_scalar,1048576,5,96,0.051589125,1861,1951250307,0.000000,0.000000
compiler/constant_scalar,1048576,6,96,0.051627292,1859,1949807788,0.000000,0.000000
compiler/repeated_fields,1048576,0,32,0.214371917,149,156524383,0.000000,0.000000
compiler/repeated_fields,1048576,1,32,0.213399292,150,157237785,0.000000,0.000000
compiler/repeated_fields,1048576,2,32,0.215284917,149,155860580,0.000000,0.000000
compiler/repeated_fields,1048576,3,32,0.216351666,148,155092090,0.000000,0.000000
compiler/repeated_fields,1048576,4,32,0.214597417,149,156359906,0.000000,0.000000
compiler/repeated_fields,1048576,5,32,0.213626500,150,157070551,0.000000,0.000000
compiler/repeated_fields,1048576,6,32,0.214549750,149,156394645,0.000000,0.000000
compiler/dynamic_leaves,1048576,0,64,0.066990750,955,1001763139,4.000000,312.000000
compiler/dynamic_leaves,1048576,1,64,0.066127792,968,1014836001,4.000000,312.000000
compiler/dynamic_leaves,1048576,2,64,0.066976417,956,1001977517,4.000000,312.000000
compiler/dynamic_leaves,1048576,3,64,0.067179417,953,998949782,4.000000,312.000000
compiler/dynamic_leaves,1048576,4,64,0.067325708,951,996779180,4.000000,312.000000
compiler/dynamic_leaves,1048576,5,64,0.066440291,963,1010062764,4.000000,312.000000
compiler/dynamic_leaves,1048576,6,64,0.066810584,958,1004464562,4.000000,312.000000
compiler/filtered_sum,1048576,0,64,0.067056667,954,1000778401,0.000000,0.000000
compiler/filtered_sum,1048576,1,64,0.066880917,957,1003408252,0.000000,0.000000
compiler/filtered_sum,1048576,2,64,0.067741292,945,990664069,0.000000,0.000000
compiler/filtered_sum,1048576,3,64,0.067901792,943,988322429,0.000000,0.000000
compiler/filtered_sum,1048576,4,64,0.065444000,978,1025439521,0.000000,0.000000
compiler/filtered_sum,1048576,5,64,0.066710917,959,1005965246,0.000000,0.000000
compiler/filtered_sum,1048576,6,64,0.066863209,957,1003673994,0.000000,0.000000
compiler/invariant_aggregate,1048576,0,64,0.067646166,946,992057170,0.000000,0.000000
compiler/invariant_aggregate,1048576,1,64,0.067754458,945,990471564,0.000000,0.000000
compiler/invariant_aggregate,1048576,2,64,0.067716708,945,991023722,0.000000,0.000000
compiler/invariant_aggregate,1048576,3,64,0.067709750,945,991125562,0.000000,0.000000
compiler/invariant_aggregate,1048576,4,64,0.065973375,970,1017211322,0.000000,0.000000
compiler/invariant_aggregate,1048576,5,64,0.067035625,955,1001092538,0.000000,0.000000
compiler/invariant_aggregate,1048576,6,64,0.067206083,952,998553420,0.000000,0.000000
compiler/builtin_reference,1048576,0,96,0.051355792,1869,1960115735,0.000000,0.000000
compiler/builtin_reference,1048576,1,96,0.050739084,1892,1983939954,0.000000,0.000000
compiler/builtin_reference,1048576,2,96,0.050663125,1895,1986914467,0.000000,0.000000
compiler/builtin_reference,1048576,3,96,0.051211792,1875,1965627291,0.000000,0.000000
compiler/builtin_reference,1048576,4,96,0.050329875,1907,2000070455,0.000000,0.000000
compiler/builtin_reference,1048576,5,96,0.050784834,1890,1982152703,0.000000,0.000000
compiler/builtin_reference,1048576,6,96,0.050986584,1883,1974309477,0.000000,0.000000
compiler/static_array,1048576,0,96,0.051033917,1881,1972478342,1.000000,16.000000
compiler/static_array,1048576,1,96,0.050629125,1896,1988248780,1.000000,16.000000
compiler/static_array,1048576,2,96,0.051088542,1879,1970369325,1.000000,16.000000
compiler/static_array,1048576,3,96,0.051205917,1875,1965852813,1.000000,16.000000
compiler/static_array,1048576,4,96,0.051229125,1874,1964962236,1.000000,16.000000
compiler/static_array,1048576,5,96,0.051309125,1871,1961898512,1.000000,16.000000
compiler/static_array,1048576,6,96,0.051330334,1870,1961087882,1.000000,16.000000
compiler/constant_membership,1048576,0,64,0.066179125,967,1014048826,1.000000,16.000000
compiler/constant_membership,1048576,1,64,0.066893833,957,1003214512,1.000000,16.000000
compiler/constant_membership,1048576,2,64,0.067122750,953,999793125,1.000000,16.000000
compiler/constant_membership,1048576,3,64,0.066920125,956,1002820362,1.000000,16.000000
compiler/constant_membership,1048576,4,64,0.066802750,958,1004582356,1.000000,16.000000
compiler/constant_membership,1048576,5,64,0.067731500,945,990807291,1.000000,16.000000
compiler/constant_membership,1048576,6,64,0.065451417,978,1025323317,1.000000,16.000000
compiler/lookup_record,1048576,0,96,0.050903875,1886,1977517350,0.000000,0.000000
compiler/lookup_record,1048576,1,96,0.050988042,1883,1974253022,0.000000,0.000000
compiler/lookup_record,1048576,2,96,0.050975791,1883,1974727494,0.000000,0.000000
compiler/lookup_record,1048576,3,96,0.050473833,1902,1994365992,0.000000,0.000000
compiler/lookup_record,1048576,4,96,0.051631000,1859,1949667758,0.000000,0.000000
compiler/lookup_record,1048576,5,96,0.051601000,1860,1950801264,0.000000,0.000000
compiler/lookup_record,1048576,6,96,0.051623875,1860,1949936846,0.000000,0.000000
rust/repeated_fields,1048576,0,96,0.051602083,1860,1950760321,0.000000,0.000000
rust/repeated_fields,1048576,1,96,0.051627875,1859,1949785770,0.000000,0.000000
rust/repeated_fields,1048576,2,96,0.051594000,1861,1951065938,0.000000,0.000000
rust/repeated_fields,1048576,3,96,0.050731208,1892,1984247960,0.000000,0.000000
rust/repeated_fields,1048576,4,96,0.051318250,1871,1961549663,0.000000,0.000000
rust/repeated_fields,1048576,5,96,0.051363083,1869,1959837497,0.000000,0.000000
rust/repeated_fields,1048576,6,96,0.051385792,1868,1958971383,0.000000,0.000000
compile/execution,0,0,27136,0.050002250,542696,0,69.000000,4674.000000
compile/execution,0,1,26752,0.050000333,535036,0,69.000000,4674.000000
compile/execution,0,2,26720,0.050038000,533994,0,69.000000,4674.000000
compile/execution,0,3,26816,0.050046709,535819,0,69.000000,4674.000000
compile/execution,0,4,26848,0.050023583,536707,0,69.000000,4674.000000
compile/execution,0,5,27040,0.050034583,540426,0,69.000000,4674.000000
compile/execution,0,6,27072,0.050051917,540878,0,69.000000,4674.000000
execution/arithmetic,100,0,46560,0.050015250,930916,93091607,0.000000,0.000000
execution/arithmetic,100,1,46464,0.050034834,928633,92863304,0.000000,0.000000
execution/arithmetic,100,2,46752,0.050014209,934774,93477436,0.000000,0.000000
execution/arithmetic,100,3,46752,0.050033583,934412,93441239,0.000000,0.000000
execution/arithmetic,100,4,47168,0.050032584,942746,94274563,0.000000,0.000000
execution/arithmetic,100,5,46432,0.050016125,928341,92834061,0.000000,0.000000
execution/arithmetic,100,6,46656,0.050005833,933011,93301115,0.000000,0.000000
execution/comparison,100,0,45824,0.050013083,916240,91624026,0.000000,0.000000
execution/comparison,100,1,46176,0.050025708,923045,92304541,0.000000,0.000000
execution/comparison,100,2,46400,0.050013916,927742,92774179,0.000000,0.000000
execution/comparison,100,3,46432,0.050024250,928190,92818983,0.000000,0.000000
execution/comparison,100,4,46464,0.050001750,929247,92924748,0.000000,0.000000
execution/comparison,100,5,46656,0.050007958,932972,93297151,0.000000,0.000000
execution/comparison,100,6,45664,0.050027916,912770,91277038,0.000000,0.000000
execution/conditional,100,0,39200,0.050032708,783487,78348747,0.000000,0.000000
execution/conditional,100,1,39296,0.050036500,785347,78534670,0.000000,0.000000
execution/conditional,100,2,40160,0.050011834,803010,80300994,0.000000,0.000000
execution/conditional,100,3,39968,0.050025042,798960,79895985,0.000000,0.000000
execution/conditional,100,4,39680,0.050015250,793358,79335803,0.000000,0.000000
execution/conditional,100,5,39808,0.050026875,795732,79573229,0.000000,0.000000
execution/conditional,100,6,39744,0.050017416,794603,79460322,0.000000,0.000000
execution/constructor,100,0,42048,0.050006667,840848,84084788,4.000000,312.000000
execution/constructor,100,1,41728,0.050011834,834363,83436252,4.000000,312.000000
execution/constructor,100,2,41600,0.050023458,831610,83160984,4.000000,312.000000
execution/constructor,100,3,41536,0.050031084,830204,83020388,4.000000,312.000000
execution/constructor,100,4,41536,0.050017542,830429,83042865,4.000000,312.000000
execution/constructor,100,5,41728,0.050023750,834164,83416377,4.000000,312.000000
execution/constructor,100,6,41792,0.050023750,835443,83544316,4.000000,312.000000
rust/execution_arithmetic,100,0,497984,0.050001917,9959298,995929816,0.000000,0.000000
rust/execution_arithmetic,100,1,496000,0.050002208,9919562,991956195,0.000000,0.000000
rust/execution_arithmetic,100,2,496480,0.050000958,9929410,992940975,0.000000,0.000000
rust/execution_arithmetic,100,3,497216,0.050001125,9944096,994409626,0.000000,0.000000
rust/execution_arithmetic,100,4,495168,0.050003000,9902766,990276583,0.000000,0.000000
rust/execution_arithmetic,100,5,499840,0.050001250,9996550,999655009,0.000000,0.000000
rust/execution_arithmetic,100,6,505632,0.050000792,10112480,1011247982,0.000000,0.000000
rust/execution_constructor,100,0,499296,0.050001583,9985604,998560386,0.000000,0.000000
rust/execution_constructor,100,1,505760,0.050002375,10114720,1011471955,0.000000,0.000000
rust/execution_constructor,100,2,500864,0.050001083,10017063,1001706303,0.000000,0.000000
rust/execution_constructor,100,3,499648,0.050002542,9992452,999245198,0.000000,0.000000
rust/execution_constructor,100,4,499008,0.050001292,9979902,997990212,0.000000,0.000000
rust/execution_constructor,100,5,499040,0.050001084,9980584,998058362,0.000000,0.000000
rust/execution_constructor,100,6,502240,0.050000708,10044658,1004465777,0.000000,0.000000
execution/arithmetic,500,0,15200,0.050075167,303544,151771835,0.000000,0.000000
execution/arithmetic,500,1,15200,0.050095708,303419,151709604,0.000000,0.000000
execution/arithmetic,500,2,15200,0.050078959,303521,151760343,0.000000,0.000000
execution/arithmetic,500,3,15168,0.050080834,302870,151435178,0.000000,0.000000
execution/arithmetic,500,4,15168,0.050026292,303201,151600283,0.000000,0.000000
execution/arithmetic,500,5,15200,0.050059000,303642,151820851,0.000000,0.000000
execution/arithmetic,500,6,15456,0.050071500,308679,154339295,0.000000,0.000000
execution/comparison,500,0,15232,0.050107791,303985,151992332,0.000000,0.000000
execution/comparison,500,1,15136,0.050066750,302316,151158204,0.000000,0.000000
execution/comparison,500,2,15104,0.050089625,301539,150769745,0.000000,0.000000
execution/comparison,500,3,15072,0.050057292,301095,150547497,0.000000,0.000000
execution/comparison,500,4,15072,0.050035041,301229,150614446,0.000000,0.000000
execution/comparison,500,5,15072,0.050096833,300857,150428671,0.000000,0.000000
execution/comparison,500,6,15072,0.050083208,300939,150469595,0.000000,0.000000
execution/conditional,500,0,13024,0.050094125,259991,129995284,0.000000,0.000000
execution/conditional,500,1,13088,0.050095000,261264,130631800,0.000000,0.000000
execution/conditional,500,2,13024,0.050110333,259906,129953237,0.000000,0.000000
execution/conditional,500,3,12992,0.050110458,259267,129633619,0.000000,0.000000
execution/conditional,500,4,12960,0.050045875,258962,129481201,0.000000,0.000000
execution/conditional,500,5,13088,0.050087583,261302,130651144,0.000000,0.000000
execution/conditional,500,6,12768,0.050119292,254752,127376101,0.000000,0.000000
execution/constructor,500,0,14496,0.050040125,289688,144843763,4.000000,312.000000
execution/constructor,500,1,14496,0.050061875,289562,144780834,4.000000,312.000000
execution/constructor,500,2,14464,0.050062459,288919,144459544,4.000000,312.000000
execution/constructor,500,3,14496,0.050085834,289423,144711577,4.000000,312.000000
execution/constructor,500,4,14464,0.050010916,289217,144608429,4.000000,312.000000
execution/constructor,500,5,14496,0.050060291,289571,144785415,4.000000,312.000000
execution/constructor,500,6,14976,0.050039792,299282,149640910,4.000000,312.000000
rust/execution_arithmetic,500,0,162976,0.050002708,3259343,1629671737,0.000000,0.000000
rust/execution_arithmetic,500,1,161824,0.050008541,3235927,1617963619,0.000000,0.000000
rust/execution_arithmetic,500,2,162528,0.050006792,3250119,1625059252,0.000000,0.000000
rust/execution_arithmetic,500,3,161696,0.050000209,3233906,1616953241,0.000000,0.000000
rust/execution_arithmetic,500,4,162432,0.050008375,3248096,1624047972,0.000000,0.000000
rust/execution_arithmetic,500,5,162784,0.050004459,3255390,1627694842,0.000000,0.000000
rust/execution_arithmetic,500,6,160224,0.050007000,3204031,1602015718,0.000000,0.000000
rust/execution_constructor,500,0,159936,0.050008375,3198184,1599092152,0.000000,0.000000
rust/execution_constructor,500,1,159808,0.050007833,3195659,1597829684,0.000000,0.000000
rust/execution_constructor,500,2,159616,0.050002084,3192187,1596093475,0.000000,0.000000
rust/execution_constructor,500,3,161536,0.050005625,3230357,1615178292,0.000000,0.000000
rust/execution_constructor,500,4,159424,0.050007083,3188028,1594014192,0.000000,0.000000
rust/execution_constructor,500,5,159904,0.050007291,3197614,1598806862,0.000000,0.000000
rust/execution_constructor,500,6,159776,0.050008083,3195003,1597501748,0.000000,0.000000
execution/arithmetic,1024,0,8000,0.050135917,159566,163395835,0.000000,0.000000
execution/arithmetic,1024,1,8000,0.050093041,159703,163535690,0.000000,0.000000
execution/arithmetic,1024,2,8096,0.050026209,161835,165719213,0.000000,0.000000
execution/arithmetic,1024,3,8128,0.050094709,162253,166146728,0.000000,0.000000
execution/arithmetic,1024,4,8160,0.050033750,163090,167004072,0.000000,0.000000
execution/arithmetic,1024,5,8032,0.050192166,160025,163865572,0.000000,0.000000
execution/arithmetic,1024,6,8064,0.050181875,160695,164552162,0.000000,0.000000
execution/comparison,1024,0,8000,0.050141250,159549,163378456,0.000000,0.000000
execution/comparison,1024,1,7968,0.050061708,159164,162983492,0.000000,0.000000
execution/comparison,1024,2,7968,0.050082625,159097,162915422,0.000000,0.000000
execution/comparison,1024,3,7968,0.050101416,159037,162854319,0.000000,0.000000
execution/comparison,1024,4,8096,0.050168583,161376,165248917,0.000000,0.000000
execution/comparison,1024,5,8064,0.050021166,161212,165080838,0.000000,0.000000
execution/comparison,1024,6,8064,0.050170625,160732,164589060,0.000000,0.000000
execution/conditional,1024,0,6848,0.050146625,136560,139836968,0.000000,0.000000
execution/conditional,1024,1,6848,0.050197666,136421,139694782,0.000000,0.000000
execution/conditional,1024,2,6880,0.050086917,137361,140657889,0.000000,0.000000
execution/conditional,1024,3,6848,0.050186875,136450,139724818,0.000000,0.000000
execution/conditional,1024,4,6816,0.050152125,135907,139168261,0.000000,0.000000
execution/conditional,1024,5,6912,0.050044041,138118,141433183,0.000000,0.000000
execution/conditional,1024,6,6880,0.050118500,137275,140569251,0.000000,0.000000
execution/constructor,1024,0,7840,0.050093875,156506,160262308,4.000000,312.000000
execution/constructor,1024,1,7872,0.050168750,156910,160676278,4.000000,312.000000
execution/constructor,1024,2,7840,0.050000791,156798,160560660,4.000000,312.000000
execution/constructor,1024,3,7872,0.050106125,157107,160877098,4.000000,312.000000
execution/constructor,1024,4,8032,0.050065958,160428,164278650,4.000000,312.000000
execution/constructor,1024,5,7936,0.050043250,158583,162388814,4.000000,312.000000
execution/constructor,1024,6,7840,0.050027125,156715,160476142,4.000000,312.000000
rust/execution_arithmetic,1024,0,86016,0.050008292,1720035,1761315583,0.000000,0.000000
rust/execution_arithmetic,1024,1,86048,0.050016291,1720399,1761689046,0.000000,0.000000
rust/execution_arithmetic,1024,2,86048,0.050014542,1720460,1761750652,0.000000,0.000000
rust/execution_arithmetic,1024,3,85952,0.050014125,1718555,1759799817,0.000000,0.000000
rust/execution_arithmetic,1024,4,87936,0.050006375,1758496,1800699691,0.000000,0.000000
rust/execution_arithmetic,1024,5,86848,0.050012250,1736535,1778211378,0.000000,0.000000
rust/execution_arithmetic,1024,6,86688,0.050017875,1733140,1774735772,0.000000,0.000000
rust/execution_constructor,1024,0,86592,0.050006125,1731628,1773186945,0.000000,0.000000
rust/execution_constructor,1024,1,86592,0.050009667,1731505,1773061356,0.000000,0.000000
rust/execution_constructor,1024,2,87552,0.050008583,1750739,1792757215,0.000000,0.000000
rust/execution_constructor,1024,3,85984,0.050001250,1719637,1760908297,0.000000,0.000000
rust/execution_constructor,1024,4,85984,0.050007708,1719415,1760680893,0.000000,0.000000
rust/execution_constructor,1024,5,86016,0.050009833,1719982,1761261310,0.000000,0.000000
rust/execution_constructor,1024,6,85952,0.050007583,1718779,1760030034,0.000000,0.000000
execution/arithmetic,10240,0,896,0.050886000,17608,180305782,0.000000,0.000000
execution/arithmetic,10240,1,896,0.050939333,17590,180117003,0.000000,0.000000
execution/arithmetic,10240,2,896,0.050861833,17616,180391454,0.000000,0.000000
execution/arithmetic,10240,3,896,0.050838959,17624,180472617,0.000000,0.000000
execution/arithmetic,10240,4,928,0.051262875,18103,185372358,0.000000,0.000000
execution/arithmetic,10240,5,896,0.050123208,17876,183049736,0.000000,0.000000
execution/arithmetic,10240,6,896,0.050306000,17811,182384606,0.000000,0.000000
execution/comparison,10240,0,896,0.050438500,17764,181905489,0.000000,0.000000
execution/comparison,10240,1,896,0.050453750,17759,181850507,0.000000,0.000000
execution/comparison,10240,2,896,0.050482250,17749,181747842,0.000000,0.000000
execution/comparison,10240,3,928,0.051571917,17994,184261524,0.000000,0.000000
execution/comparison,10240,4,896,0.050146208,17868,182965779,0.000000,0.000000
execution/comparison,10240,5,896,0.050224292,17840,182681321,0.000000,0.000000
execution/comparison,10240,6,896,0.050156458,17864,182928388,0.000000,0.000000
execution/conditional,10240,0,768,0.050872542,15097,154588697,0.000000,0.000000
execution/conditional,10240,1,768,0.050152208,15313,156809048,0.000000,0.000000
execution/conditional,10240,2,768,0.050824375,15111,154735203,0.000000,0.000000
execution/conditional,10240,3,768,0.051006958,15057,154181318,0.000000,0.000000
execution/conditional,10240,4,768,0.051074625,15037,153977048,0.000000,0.000000
execution/conditional,10240,5,768,0.051217041,14995,153548894,0.000000,0.000000
execution/conditional,10240,6,768,0.051140250,15018,153779459,0.000000,0.000000
execution/constructor,10240,0,896,0.050606000,17705,181303403,4.000000,312.000000
execution/constructor,10240,1,896,0.050590625,17711,181358503,4.000000,312.000000
execution/constructor,10240,2,896,0.050580958,17714,181393164,4.000000,312.000000
execution/constructor,10240,3,896,0.050378750,17785,182121232,4.000000,312.000000
execution/constructor,10240,4,896,0.050986000,17573,179952144,4.000000,312.000000
execution/constructor,10240,5,896,0.051018500,17562,179837510,4.000000,312.000000
execution/constructor,10240,6,896,0.051023500,17561,179819887,4.000000,312.000000
rust/execution_arithmetic,10240,0,9408,0.050153542,187584,1920859747,0.000000,0.000000
rust/execution_arithmetic,10240,1,9664,0.050157125,192675,1972987088,0.000000,0.000000
rust/execution_arithmetic,10240,2,9600,0.050109041,191582,1961801664,0.000000,0.000000
rust/execution_arithmetic,10240,3,9568,0.050074750,191074,1956601281,0.000000,0.000000
rust/execution_arithmetic,10240,4,9536,0.050022375,190635,1952099236,0.000000,0.000000
rust/execution_arithmetic,10240,5,9536,0.050040083,190567,1951408434,0.000000,0.000000
rust/execution_arithmetic,10240,6,9600,0.050044209,191830,1964343167,0.000000,0.000000
rust/execution_constructor,10240,0,9536,0.050038833,190572,1951457181,0.000000,0.000000
rust/execution_constructor,10240,1,9504,0.050030375,189965,1945237468,0.000000,0.000000
rust/execution_constructor,10240,2,9504,0.050053750,189876,1944329046,0.000000,0.000000
rust/execution_constructor,10240,3,9504,0.050128666,189592,1941423297,0.000000,0.000000
rust/execution_constructor,10240,4,9504,0.050141833,189542,1940913488,0.000000,0.000000
rust/execution_constructor,10240,5,9504,0.050117542,189634,1941854211,0.000000,0.000000
rust/execution_constructor,10240,6,9504,0.050106250,189677,1942291830,0.000000,0.000000
execution/arithmetic,1048576,0,32,0.182364292,175,183996722,0.000000,0.000000
execution/arithmetic,1048576,1,32,0.182902000,175,183455796,0.000000,0.000000
execution/arithmetic,1048576,2,32,0.179926416,178,186489748,0.000000,0.000000
execution/arithmetic,1048576,3,32,0.181132292,177,185248205,0.000000,0.000000
execution/arithmetic,1048576,4,32,0.180212041,178,186194173,0.000000,0.000000
execution/arithmetic,1048576,5,32,0.182591958,175,183767305,0.000000,0.000000
execution/arithmetic,1048576,6,32,0.181563625,176,184808119,0.000000,0.000000
execution/comparison,1048576,0,32,0.181736625,176,184632195,0.000000,0.000000
execution/comparison,1048576,1,32,0.183644666,174,182713894,0.000000,0.000000
execution/comparison,1048576,2,32,0.180028375,178,186384130,0.000000,0.000000
execution/comparison,1048576,3,32,0.180317750,177,186085019,0.000000,0.000000
execution/comparison,1048576,4,32,0.181803000,176,184564787,0.000000,0.000000
execution/comparison,1048576,5,32,0.181890208,176,184476297,0.000000,0.000000
execution/comparison,1048576,6,32,0.179748917,178,186673904,0.000000,0.000000
execution/conditional,1048576,0,32,0.212978084,150,157548755,0.000000,0.000000
execution/conditional,1048576,1,32,0.213761875,150,156971078,0.000000,0.000000
execution/conditional,1048576,2,32,0.213064584,150,157484793,0.000000,0.000000
execution/conditional,1048576,3,32,0.215078917,149,156009861,0.000000,0.000000
execution/conditional,1048576,4,32,0.213111666,150,157450001,0.000000,0.000000
execution/conditional,1048576,5,32,0.213933791,150,156844937,0.000000,0.000000
execution/conditional,1048576,6,32,0.216636375,148,154888264,0.000000,0.000000
execution/constructor,1048576,0,32,0.180759375,177,185630383,4.000000,312.000000
execution/constructor,1048576,1,32,0.181140500,177,185239811,4.000000,312.000000
execution/constructor,1048576,2,32,0.180198666,178,186207993,4.000000,312.000000
execution/constructor,1048576,3,32,0.182164750,176,184198271,4.000000,312.000000
execution/constructor,1048576,4,32,0.181465625,176,184907924,4.000000,312.000000
execution/constructor,1048576,5,32,0.183348333,175,183009201,4.000000,312.000000
execution/constructor,1048576,6,32,0.180764250,177,185625377,4.000000,312.000000
rust/execution_arithmetic,1048576,0,96,0.050905250,1886,1977463935,0.000000,0.000000
rust/execution_arithmetic,1048576,1,96,0.050953583,1884,1975588174,0.000000,0.000000
rust/execution_arithmetic,1048576,2,96,0.050589667,1898,1989799538,0.000000,0.000000
rust/execution_arithmetic,1048576,3,96,0.050854959,1888,1979419470,0.000000,0.000000
rust/execution_arithmetic,1048576,4,96,0.051014667,1882,1973222642,0.000000,0.000000
rust/execution_arithmetic,1048576,5,96,0.051100583,1879,1969905040,0.000000,0.000000
rust/execution_arithmetic,1048576,6,96,0.051194167,1875,1966304013,0.000000,0.000000
rust/execution_constructor,1048576,0,96,0.051180084,1876,1966845072,0.000000,0.000000
rust/execution_constructor,1048576,1,96,0.051243791,1873,1964399863,0.000000,0.000000
rust/execution_constructor,1048576,2,128,0.066742750,1918,2010970899,0.000000,0.000000
rust/execution_constructor,1048576,3,96,0.051152417,1877,1967908887,0.000000,0.000000
rust/execution_constructor,1048576,4,96,0.051187083,1875,1966576138,0.000000,0.000000
rust/execution_constructor,1048576,5,96,0.051212416,1875,1965603341,0.000000,0.000000
rust/execution_constructor,1048576,6,96,0.051257000,1873,1963893634,0.000000,0.000000
