cargo fmt --all -- --check
just clippy
cargo clippy --workspace --all-targets --locked -- -D warnings
    Checking jx v0.1.0 (/Users/josh/Documents/Workspace/jo-cube/jx/crates/jx)
    Checking jx-cli v0.1.0 (/Users/josh/Documents/Workspace/jo-cube/jx/crates/jx-cli)
    Finished `dev` profile [unoptimized + debuginfo] target(s) in 4.61s
just test
cargo test --workspace --locked
   Compiling jx v0.1.0 (/Users/josh/Documents/Workspace/jo-cube/jx/crates/jx)
   Compiling jx-cli v0.1.0 (/Users/josh/Documents/Workspace/jo-cube/jx/crates/jx-cli)
    Finished `test` profile [unoptimized + debuginfo] target(s) in 4.55s
     Running unittests src/lib.rs (target/debug/deps/jx-5c39ac25acc6c2b5)

running 6 tests
test json::string::tests::size_hints_bound_remaining_units ... ok
test plan::tests::whole_regions_lower ... ok
test plan::tests::nested_demands_preserve_replacement_and_array_fallback ... ok
test plan::tests::plan_and_tree_agree_on_values_and_exact_errors ... ok
test plan::tests::fixed_objects_lookup_and_capture_match_the_tree ... ok
test plan::tests::branches_and_folds_match_the_tree ... ok

test result: ok. 6 passed; 0 failed; 0 ignored; 0 measured; 0 filtered out; finished in 2.11s

     Running tests/aggregates.rs (target/debug/deps/aggregates-876a2f81d671fe60)

running 5 tests
test validation_cancellation_and_mapped_aggregate_errors ... ok
test aggregate_arguments_finish_before_type_or_arity_checks ... ok
test aggregates_preserve_ieee_values_and_signed_zero ... ok
test aggregate_calls_keep_syntax_and_depth_limits_explicit ... ok
test aggregate_semantics ... ok

test result: ok. 5 passed; 0 failed; 0 ignored; 0 measured; 0 filtered out; finished in 0.00s

     Running tests/builtins.rs (target/debug/deps/builtins-0fb36744982705d7)

running 5 tests
test missing_matchers_and_host_exceptions_are_explicit ... ok
test computed_strings_preserve_json_encoding_and_surrogate_units ... ok
test builtin_retention_keeps_input_borrowing_and_evaluates_arguments_once ... ok
test validation_and_argument_errors_precede_callback_execution ... ok
test builtin_semantics ... ok

test result: ok. 5 passed; 0 failed; 0 ignored; 0 measured; 0 filtered out; finished in 0.01s

     Running tests/compiler.rs (target/debug/deps/compiler-8e8e49522c4bfe91)

running 4 tests
test constant_errors_remain_runtime_errors_after_validation ... ok
test static_lookup_still_validates_and_normalizes_its_key ... ok
test lookup_shapes_keys_and_calls ... ok
test constant_construction_keeps_identity_and_shape ... ok

test result: ok. 4 passed; 0 failed; 0 ignored; 0 measured; 0 filtered out; finished in 0.00s

     Running tests/composition.rs (target/debug/deps/composition-d495a756fa864021)

running 7 tests
test concatenation_preserves_escape_and_surrogate_boundaries ... ok
test string_identity_and_partial_arguments_keep_borrowing ... ok
test jsonata_stringification_is_distinct_from_output_serialization ... ok
test composed_calls_keep_resource_limits_and_record_isolation ... ok
test validation_and_error_order_are_preserved ... ok
test direct_path_conversion_matches_dynamic_calls ... ok
test conversion_and_composition_semantics ... ok

test result: ok. 7 passed; 0 failed; 0 ignored; 0 measured; 0 filtered out; finished in 0.01s

     Running tests/conformance.rs (target/debug/deps/conformance-40cddbe4d9d4427d)

running 1 test
test pinned_upstream_groups_have_explicit_expected_outcomes ... ok

test result: ok. 1 passed; 0 failed; 0 ignored; 0 measured; 0 filtered out; finished in 1.84s

     Running tests/constructors.rs (target/debug/deps/constructors-a6f64bd373536e55)

running 9 tests
test serialization_keeps_unicode_units_and_arbitrary_json_keys ... ok
test containers_own_structure_and_retain_borrowed_members ... ok
test null_collapse_reports_a_type_error_instead_of_a_host_exception ... ok
test implicit_string_iteration_after_constructor_collapse_is_explicitly_deferred ... ok
test object_construction_does_not_mutate_empty_input_arrays ... ok
test construction_preserves_internal_numbers_and_undefined ... ok
test construction_validates_before_output_and_cancels_between_containers ... ok
test constructor_syntax_and_depth_are_bounded ... ok
test constructor_semantics ... ok

test result: ok. 9 passed; 0 failed; 0 ignored; 0 measured; 0 filtered out; finished in 0.01s

     Running tests/execution.rs (target/debug/deps/execution-54f3e2427d52e331)

running 7 tests
test numeric_regions_keep_validation_and_error_precedence ... ok
test planned_regions_do_not_round_borrowed_output ... ok
test numeric_regions_compose_with_contexts_and_retention ... ok
test numeric_regions_accept_constructed_and_retained_contexts ... ok
test branches_fixed_objects_and_streamed_folds_compose ... ok
test numeric_regions_preserve_missing_shape_and_record_isolation ... ok
test numeric_regions_preserve_ordering_and_stream_cancellation ... ok

test result: ok. 7 passed; 0 failed; 0 ignored; 0 measured; 0 filtered out; finished in 0.00s

     Running tests/filters.rs (target/debug/deps/filters-498acedc1ac69cf4)

running 5 tests
test undefined_sequence_items_remain_distinct_from_null ... ok
test filtered_values_borrow_input_and_cancellation_stops_predicates ... ok
test upstream_stage_errors_take_precedence_over_later_stage_errors ... ok
test filter_semantics ... ok
test filters_have_bounded_depth_and_keep_deferred_syntax_explicit ... ok

test result: ok. 5 passed; 0 failed; 0 ignored; 0 measured; 0 filtered out; finished in 0.01s

     Running tests/helpers.rs (target/debug/deps/helpers-b3aa71aefe3628d9)

running 4 tests
test user_messages_and_comment_errors_are_explicit ... ok
test predicates_after_grouping_require_a_path_or_boundary ... ok
test helpers_preserve_borrowing_and_validation ... ok
test everyday_helper_semantics ... ok

test result: ok. 4 passed; 0 failed; 0 ignored; 0 measured; 0 filtered out; finished in 0.01s

     Running tests/json_validation.rs (target/debug/deps/json_validation-e44178e449dfbb4d)

running 6 tests
test invalid_json_syntax ... ok
test valid_json_syntax_and_utf8 ... ok
test rejects_invalid_utf8_anywhere_even_in_unselected_fields ... ok
test deterministic_mutations_agree_with_serde_on_common_json_domain ... ok
test depth_limit_and_large_shallow_records ... ok
test planned_capture_preserves_complete_validation_and_exact_diagnostics ... ok

test result: ok. 6 passed; 0 failed; 0 ignored; 0 measured; 0 filtered out; finished in 0.05s

     Running tests/lexical.rs (target/debug/deps/lexical-bf2c9cff37c9ff52)

running 8 tests
test retained_bindings_preserve_input_borrowing ... ok
test retained_output_obeys_consumer_cancellation ... ok
test function_results_are_opaque_and_not_json ... ok
test deferred_features_and_constructor_binding_races_are_explicit ... ok
test recursion_accounts_for_large_function_bodies ... ok
test recursion_is_bounded_and_an_error_does_not_poison_reuse ... ok
test evaluations_isolate_scope_and_validate_before_execution ... ok
test lexical_semantics ... ok

test result: ok. 8 passed; 0 failed; 0 ignored; 0 measured; 0 filtered out; finished in 0.01s

     Running tests/matchers.rs (target/debug/deps/matchers-60a40e786f2b8fa2)

running 5 tests
test complete_validation_precedes_matcher_execution ... ok
test legacy_case_folding_and_native_coercion_are_explicitly_deferred ... ok
test independent_evaluations_and_cloned_expressions_have_fresh_cursors ... ok
test borrowing_and_continuation_retention ... ok
test matcher_semantics ... ok

test result: ok. 5 passed; 0 failed; 0 ignored; 0 measured; 0 filtered out; finished in 0.01s

     Running tests/navigation.rs (target/debug/deps/navigation-30d994a8a828e57f)

running 4 tests
test range_limits_and_deferred_tuple_navigation_are_explicit ... ok
test nested_fallbacks_compile_without_expanding_the_left_tree ... ok
test validation_borrowing_and_cancellation ... ok
test navigation_semantics ... ok

test result: ok. 4 passed; 0 failed; 0 ignored; 0 measured; 0 filtered out; finished in 0.01s

     Running tests/scalars.rs (target/debug/deps/scalars-3f00191b04973a56)

running 7 tests
test expression_whitespace_matches_the_language_tokenizer ... ok
test computed_scalars_and_literal_strings_need_no_owned_output ... ok
test operator_errors_have_expression_offsets_after_complete_validation ... ok
test duplicate_keys_unicode_and_binary64_boundaries ... ok
test compile_errors_and_expression_depth_are_bounded ... ok
test scalar_operators_and_sequence_operands ... ok
test structural_equality_and_boolean_casting_respect_input_depth_limits ... ok

test result: ok. 7 passed; 0 failed; 0 ignored; 0 measured; 0 filtered out; finished in 0.01s

     Running tests/semantics.rs (target/debug/deps/semantics-0a24414442d3f99b)

running 8 tests
test serialization_propagates_consumer_failure ... ok
test unsupported_semantics_fail_explicitly ... ok
test compact_serialization_preserves_string_and_number_bytes ... ok
test results_borrow_input_not_the_expression ... ok
test validate_before_returning_a_selected_value_or_semantic_error ... ok
test field_names_compare_decoded_escapes ... ok
test object_paths_missing_and_raw_values ... ok
test compile_once_reuse_across_records_and_threads ... ok

test result: ok. 8 passed; 0 failed; 0 ignored; 0 measured; 0 filtered out; finished in 0.00s

     Running tests/sequences.rs (target/debug/deps/sequences-807fc37769f900a3)

running 6 tests
test fully_validate_before_emitting_any_sequence_item ... ok
test streamed_values_borrow_their_original_ranges ... ok
test cancellation_preserves_the_consumer_error_and_stops_emission ... ok
test duplicate_keys_and_escaped_names_inside_arrays ... ok
test array_navigation_and_sequence_boundaries ... ok
test traversal_is_bounded_by_validated_input_depth_not_array_width ... ok

test result: ok. 6 passed; 0 failed; 0 ignored; 0 measured; 0 filtered out; finished in 0.03s

     Running tests/structure.rs (target/debug/deps/structure-b0a5f5f7d788211d)

running 8 tests
test undeducible_parents_fail_without_recursive_analysis ... ok
test transform_alias_boundaries_are_explicit ... ok
test validation_cancellation_and_record_isolation ... ok
test unsupported_non_json_transform_edges_are_explicit ... ok
test clones_and_updates_keep_unrelated_leaves_borrowed ... ok
test clone_conversion_preserves_utf16_and_checks_all_numeric_leaves ... ok
test resolved_parent_paths_count_toward_the_function_stack_budget ... ok
test parent_and_transform_semantics ... ok

test result: ok. 8 passed; 0 failed; 0 ignored; 0 measured; 0 filtered out; finished in 0.02s

     Running tests/tuples.rs (target/debug/deps/tuples-4c0d4251563b57c3)

running 5 tests
test invalid_bindings_and_parent_navigation_remain_explicit ... ok
test an_empty_scoped_group_constructs_an_empty_object ... ok
test scoped_paths_validate_before_output_and_borrow_selected_values ... ok
test cancellation_stops_scoped_stages_before_later_errors ... ok
test scoped_path_semantics ... ok

test result: ok. 5 passed; 0 failed; 0 ignored; 0 measured; 0 filtered out; finished in 0.01s

     Running unittests src/main.rs (target/debug/deps/jx-b40571f2d4c0a842)

running 3 tests
test stream::tests::oversized_unterminated_record_stays_bounded ... ok
test stream::tests::output_failure_stops_before_consuming_the_next_record ... ok
test stream::tests::framing_is_independent_of_buffer_boundaries ... ok

test result: ok. 3 passed; 0 failed; 0 ignored; 0 measured; 0 filtered out; finished in 0.00s

     Running tests/cli.rs (target/debug/deps/cli-cb8ecef0d5e941bc)

running 19 tests
test invalid_record_never_emits_a_partial_sequence ... ok
test errors_have_distinct_exit_codes_and_record_context ... ok
test everyday_helpers_and_user_errors_stream_records ... ok
test filters_frame_values_and_report_streamed_errors ... ok
test aggregates_distinguish_missing_empty_and_failed_records ... ok
test kept_sequences_and_reductions_preserve_record_framing ... ok
test builtins_frame_sequences_and_escape_computed_strings ... ok
test conversion_and_chaining_preserve_ndjson_boundaries ... ok
test ndjson_missing_null_arrays_and_final_unterminated_record ... ok
test matcher_results_keep_ndjson_framing_and_record_isolation ... ok
test lexical_runtime_is_fresh_for_each_record ... ok
test constructors_frame_complete_outputs_and_mapped_failures ... ok
test scoped_paths_reset_bindings_and_preserve_sequence_framing ... ok
test streams_multiple_files_and_stdin_in_order ... ok
test help_empty_input_options_and_invalid_utf8 ... ok
test parent_navigation_and_transforms_preserve_record_boundaries ... ok
test exact_record_limit_including_cr_but_excluding_lf ... ok
test scalar_results_and_runtime_errors_are_framed_per_record ... ok
test sequences_are_separate_lines_and_raw_arrays_stay_values ... ok

test result: ok. 19 passed; 0 failed; 0 ignored; 0 measured; 0 filtered out; finished in 0.53s

   Doc-tests jx

running 1 test
test crates/jx/src/lib.rs - (line 4) ... ok

test result: ok. 1 passed; 0 failed; 0 ignored; 0 measured; 0 filtered out; finished in 0.01s

all doctests ran in 2.25s; merged doctests compilation took 1.74s
cargo bench -p jx --bench throughput --locked -- --smoke
   Compiling jx v0.1.0 (/Users/josh/Documents/Workspace/jo-cube/jx/crates/jx)
    Finished `bench` profile [optimized] target(s) in 12.19s
     Running benches/throughput.rs (target/release/deps/throughput-1b5b3923bf796647)
workload,input_bytes,sample,records,seconds,records_per_second,input_bytes_per_second,allocations_per_record,allocated_bytes_per_record
compile,0,0,32,0.000028166,1136122,0,8.000000,618.000000
ascii/validate,100,0,32,0.000007000,4571429,457142857,0.000000,0.000000
ascii/identity,100,0,32,0.000007333,4363835,436383472,0.000000,0.000000
ascii/shallow,100,0,32,0.000008625,3710145,371014493,0.000000,0.000000
ascii/nested,100,0,32,0.000008834,3622368,362236812,0.000000,0.000000
ascii/missing,100,0,32,0.000008292,3859141,385914134,0.000000,0.000000
ascii/array_value,100,0,32,0.000008792,3639672,363967243,0.000000,0.000000
ascii/identity_write,100,0,32,0.000011958,2676033,267603278,0.000000,0.000000
ascii/validate,500,0,32,0.000021250,1505882,752941176,0.000000,0.000000
ascii/identity,500,0,32,0.000021542,1485470,742735122,0.000000,0.000000
ascii/shallow,500,0,32,0.000022417,1427488,713744034,0.000000,0.000000
ascii/nested,500,0,32,0.000022834,1401419,700709468,0.000000,0.000000
ascii/missing,500,0,32,0.000022000,1454545,727272727,0.000000,0.000000
ascii/array_value,500,0,32,0.000022750,1406593,703296703,0.000000,0.000000
ascii/identity_write,500,0,32,0.000046417,689403,344701295,0.000000,0.000000
ascii/validate,1024,0,32,0.000042167,758887,777100576,0.000000,0.000000
ascii/identity,1024,0,32,0.000039959,800821,820040542,0.000000,0.000000
ascii/shallow,1024,0,32,0.000041208,776548,795185401,0.000000,0.000000
ascii/nested,1024,0,32,0.000041000,780488,799219512,0.000000,0.000000
ascii/missing,1024,0,32,0.000042334,755894,774035055,0.000000,0.000000
ascii/array_value,1024,0,32,0.000041083,778911,797604849,0.000000,0.000000
ascii/identity_write,1024,0,32,0.000090916,351973,360420608,0.000000,0.000000
ascii/validate,10240,0,32,0.000366959,87203,892960794,0.000000,0.000000
ascii/identity,10240,0,32,0.000365334,87591,896932670,0.000000,0.000000
ascii/shallow,10240,0,32,0.000369834,86525,886019133,0.000000,0.000000
ascii/nested,10240,0,32,0.000360084,88868,910009887,0.000000,0.000000
ascii/missing,10240,0,32,0.000313792,101978,1044258617,0.000000,0.000000
ascii/array_value,10240,0,32,0.000315167,101533,1039702761,0.000000,0.000000
ascii/identity_write,10240,0,32,0.000727916,43961,450161832,0.000000,0.000000
ascii/validate,65536,0,32,0.002540541,12596,825474574,0.000000,0.000000
ascii/identity,65536,0,32,0.002081500,15374,1007519577,0.000000,0.000000
ascii/shallow,65536,0,32,0.001891084,16922,1108968190,0.000000,0.000000
ascii/nested,65536,0,32,0.001662709,19246,1261286250,0.000000,0.000000
ascii/missing,65536,0,32,0.001515750,21112,1383573808,0.000000,0.000000
ascii/array_value,65536,0,32,0.001518583,21072,1380992675,0.000000,0.000000
ascii/identity_write,65536,0,32,0.003140834,10188,667705457,0.000000,0.000000
ascii/validate,1048576,0,32,0.017287417,1851,1940974294,0.000000,0.000000
ascii/identity,1048576,0,32,0.017231708,1857,1947249338,0.000000,0.000000
ascii/shallow,1048576,0,32,0.017220750,1858,1948488422,0.000000,0.000000
ascii/nested,1048576,0,32,0.017245417,1856,1945701400,0.000000,0.000000
ascii/missing,1048576,0,32,0.017253750,1855,1944761689,0.000000,0.000000
ascii/array_value,1048576,0,32,0.017237959,1856,1946543207,0.000000,0.000000
ascii/identity_write,1048576,0,32,0.041036334,780,817676160,0.000000,0.000000
structured/validate,485,0,32,0.000016000,2000000,970000000,0.000000,0.000000
structured/identity,485,0,32,0.000015875,2015748,977637795,0.000000,0.000000
structured/shallow,485,0,32,0.000018792,1702852,825883355,0.000000,0.000000
structured/nested,485,0,32,0.000016334,1959104,950165299,0.000000,0.000000
structured/missing,485,0,32,0.000016584,1929571,935841775,0.000000,0.000000
structured/array_value,485,0,32,0.000016750,1910448,926567164,0.000000,0.000000
structured/identity_write,485,0,32,0.000026708,1198143,581099296,0.000000,0.000000
unicode_escaped_keys/validate,960,0,32,0.000028625,1117904,1073187773,0.000000,0.000000
unicode_escaped_keys/identity,960,0,32,0.000029083,1100299,1056287178,0.000000,0.000000
unicode_escaped_keys/shallow,960,0,32,0.000030125,1062241,1019751037,0.000000,0.000000
unicode_escaped_keys/nested,960,0,32,0.000029959,1068126,1025401382,0.000000,0.000000
unicode_escaped_keys/missing,960,0,32,0.000030167,1060762,1018331289,0.000000,0.000000
unicode_escaped_keys/array_value,960,0,32,0.000029625,1080169,1036962025,0.000000,0.000000
unicode_escaped_keys/identity_write,960,0,32,0.000049916,641077,615433929,0.000000,0.000000
array/shallow,78,0,32,0.000008042,3979110,310370555,0.000000,0.000000
array/nested,78,0,32,0.000008583,3728300,290807410,0.000000,0.000000
array/flatten,78,0,32,0.000007667,4173732,325551063,0.000000,0.000000
array/missing,78,0,32,0.000007625,4196721,327344262,0.000000,0.000000
array/root,67,0,32,0.000007292,4388371,294020845,0.000000,0.000000
array/cancel_first,78,0,32,0.000008125,3938462,307200000,0.000000,0.000000
array/shallow,540,0,32,0.000055458,577013,311587147,0.000000,0.000000
array/nested,540,0,32,0.000062875,508946,274831014,0.000000,0.000000
array/flatten,540,0,32,0.000060542,528559,285421691,0.000000,0.000000
array/missing,540,0,32,0.000052375,610979,329928401,0.000000,0.000000
array/root,529,0,32,0.000054250,589862,312036866,0.000000,0.000000
array/cancel_first,540,0,32,0.000026958,1187032,640997107,0.000000,0.000000
array/shallow,1074,0,32,0.000109792,291460,313028272,0.000000,0.000000
array/nested,1074,0,32,0.000124250,257545,276603622,0.000000,0.000000
array/flatten,1074,0,32,0.000128750,248544,266935922,0.000000,0.000000
array/missing,1074,0,32,0.000111958,285821,306972257,0.000000,0.000000
array/root,1063,0,32,0.000107750,296984,315693735,0.000000,0.000000
array/cancel_first,1074,0,32,0.000043542,734923,789306876,0.000000,0.000000
array/shallow,8606,0,32,0.000823292,38868,334501003,0.000000,0.000000
array/nested,8606,0,32,0.000950500,33666,289733824,0.000000,0.000000
array/flatten,8606,0,32,0.000909292,35192,302864206,0.000000,0.000000
array/missing,8606,0,32,0.000795583,40222,346151187,0.000000,0.000000
array/root,8595,0,32,0.000829958,38556,331390263,0.000000,0.000000
array/cancel_first,8606,0,32,0.000257708,124172,1068620299,0.000000,0.000000
array/shallow,69558,0,32,0.006464583,4950,344315480,0.000000,0.000000
array/nested,69558,0,32,0.007297083,4385,305033669,0.000000,0.000000
array/flatten,69558,0,32,0.007017708,4560,317177061,0.000000,0.000000
array/missing,69558,0,32,0.006102750,5244,364729999,0.000000,0.000000
array/root,69547,0,32,0.006302042,5078,353140141,0.000000,0.000000
array/cancel_first,69558,0,32,0.001873458,17081,1188100294,0.000000,0.000000
array/shallow,1135782,0,32,0.101928375,314,356574153,0.000000,0.000000
array/nested,1135782,0,32,0.116821375,274,311116215,0.000000,0.000000
array/flatten,1135782,0,32,0.113333917,282,320689737,0.000000,0.000000
array/missing,1135782,0,32,0.098043625,326,370702572,0.000000,0.000000
array/root,1135771,0,32,0.102428458,312,354829827,0.000000,0.000000
array/cancel_first,1135782,0,32,0.030837292,1038,1178606215,0.000000,0.000000
array/nested_contexts,972,0,32,0.000205125,156002,151634369,0.000000,0.000000
array/sparse,785,0,32,0.000149250,214405,168308208,0.000000,0.000000
array/deep,136,0,32,0.000434959,73570,10005541,0.000000,0.000000
array/empty,2,0,32,0.000000583,54888508,109777015,0.000000,0.000000
array/singleton,12,0,32,0.000002417,13239553,158874638,0.000000,0.000000
array/nested_values,31,0,32,0.000006959,4598362,142549217,0.000000,0.000000
compile/scalar,0,0,32,0.000065875,485769,0,72.000000,4134.000000
scalar/literal,100,0,32,0.000003000,10666667,1066666667,0.000000,0.000000
scalar/arithmetic,100,0,32,0.000010750,2976744,297674419,0.000000,0.000000
scalar/nested,100,0,32,0.000010917,2931208,293120821,0.000000,0.000000
scalar/comparison,100,0,32,0.000010167,3147438,314743779,0.000000,0.000000
scalar/strings,100,0,32,0.000007125,4491228,449122807,0.000000,0.000000
scalar/boolean,100,0,32,0.000010834,2953664,295366439,0.000000,0.000000
scalar/missing,100,0,32,0.000009916,3227108,322710770,0.000000,0.000000
scalar/short_circuit,100,0,32,0.000003209,9971954,997195388,0.000000,0.000000
scalar/mixed,100,0,32,0.000007584,4219409,421940928,0.000000,0.000000
scalar/write,100,0,32,0.000011084,2887044,288704439,0.000000,0.000000
scalar/literal,500,0,32,0.000009791,3268308,1634153815,0.000000,0.000000
scalar/arithmetic,500,0,32,0.000030667,1043467,521733459,0.000000,0.000000
scalar/nested,500,0,32,0.000030666,1043501,521750473,0.000000,0.000000
scalar/comparison,500,0,32,0.000029917,1069626,534812983,0.000000,0.000000
scalar/strings,500,0,32,0.000020542,1557784,778892026,0.000000,0.000000
scalar/boolean,500,0,32,0.000030750,1040650,520325203,0.000000,0.000000
scalar/missing,500,0,32,0.000030125,1062241,531120332,0.000000,0.000000
scalar/short_circuit,500,0,32,0.000010000,3200000,1600000000,0.000000,0.000000
scalar/mixed,500,0,32,0.000014333,2232610,1116305030,0.000000,0.000000
scalar/write,500,0,32,0.000031500,1015873,507936508,0.000000,0.000000
scalar/literal,1024,0,32,0.000018458,1733666,1775273594,0.000000,0.000000
scalar/arithmetic,1024,0,32,0.000056041,571011,584714762,0.000000,0.000000
scalar/nested,1024,0,32,0.000056250,568889,582542222,0.000000,0.000000
scalar/comparison,1024,0,32,0.000055708,574424,588209952,0.000000,0.000000
scalar/strings,1024,0,32,0.000037791,846762,867084756,0.000000,0.000000
scalar/boolean,1024,0,32,0.000056333,568051,581683915,0.000000,0.000000
scalar/missing,1024,0,32,0.000055500,576577,590414414,0.000000,0.000000
scalar/short_circuit,1024,0,32,0.000018750,1706667,1747626667,0.000000,0.000000
scalar/mixed,1024,0,32,0.000023500,1361702,1394382979,0.000000,0.000000
scalar/write,1024,0,32,0.000056583,565541,579113868,0.000000,0.000000
scalar/literal,10240,0,32,0.000169708,188559,1930845924,0.000000,0.000000
scalar/arithmetic,10240,0,32,0.000499333,64085,656235418,0.000000,0.000000
scalar/nested,10240,0,32,0.000504125,63476,649997520,0.000000,0.000000
scalar/comparison,10240,0,32,0.000501209,63846,653779162,0.000000,0.000000
scalar/strings,10240,0,32,0.000334417,95689,979854493,0.000000,0.000000
scalar/boolean,10240,0,32,0.000499291,64091,656290620,0.000000,0.000000
scalar/missing,10240,0,32,0.000501125,63856,653888750,0.000000,0.000000
scalar/short_circuit,10240,0,32,0.000169917,188327,1928470959,0.000000,0.000000
scalar/mixed,10240,0,32,0.000174542,183337,1877370490,0.000000,0.000000
scalar/write,10240,0,32,0.000502542,63676,652045003,0.000000,0.000000
scalar/literal,65536,0,32,0.001077167,29708,1946914452,0.000000,0.000000
scalar/arithmetic,65536,0,32,0.003179375,10065,659611402,0.000000,0.000000
scalar/nested,65536,0,32,0.003191375,10027,657131174,0.000000,0.000000
scalar/comparison,65536,0,32,0.003155917,10140,664514308,0.000000,0.000000
scalar/strings,65536,0,32,0.002117083,15115,990585631,0.000000,0.000000
scalar/boolean,65536,0,32,0.003185833,10044,658274304,0.000000,0.000000
scalar/missing,65536,0,32,0.003162750,10118,663078650,0.000000,0.000000
scalar/short_circuit,65536,0,32,0.001077250,29705,1946764447,0.000000,0.000000
scalar/mixed,65536,0,32,0.001079500,29643,1942706809,0.000000,0.000000
scalar/write,65536,0,32,0.003194833,10016,656419913,0.000000,0.000000
scalar/literal,1048576,0,32,0.017243542,1856,1945912968,0.000000,0.000000
scalar/arithmetic,1048576,0,32,0.050472583,634,664805128,0.000000,0.000000
scalar/nested,1048576,0,32,0.050559292,633,663664990,0.000000,0.000000
scalar/comparison,1048576,0,32,0.050692083,631,661926479,0.000000,0.000000
scalar/strings,1048576,0,32,0.033964166,942,987936286,0.000000,0.000000
scalar/boolean,1048576,0,32,0.050431167,635,665351091,0.000000,0.000000
scalar/missing,1048576,0,32,0.049931500,641,672009293,0.000000,0.000000
scalar/short_circuit,1048576,0,32,0.017228167,1857,1947649567,0.000000,0.000000
scalar/mixed,1048576,0,32,0.017330667,1846,1936130444,0.000000,0.000000
scalar/write,1048576,0,32,0.050216083,637,668200903,0.000000,0.000000
scalar/sequence_boolean,330,0,32,0.000058000,551724,182068966,0.000000,0.000000
scalar/sequence_array_equality,330,0,32,0.000081667,391835,129305595,0.000000,0.000000
scalar/sequence_equality,330,0,32,0.000116458,274777,90676467,3.000000,672.000000
scalar/array_equality,330,0,32,0.000124792,256427,84620809,16.000000,3264.000000
scalar/singleton,15,0,32,0.000004250,7529412,112941176,0.000000,0.000000
scalar/sequence_type_error,330,0,32,0.000035834,893007,294692192,0.000000,0.000000
scalar/object_equality,125,0,32,0.000046208,692521,86565097,3.000000,1396.000000
scalar/object_equality,2389,0,32,0.000753333,42478,101479691,7.000000,24948.000000
scalar/escaped_strings,26,0,32,0.000002917,10970175,285224546,0.000000,0.000000
compile/filter,0,0,32,0.000038833,824041,0,34.000000,2149.000000
filter/predicate,100,0,32,0.000017084,1873098,187309764,0.000000,0.000000
filter/none,100,0,32,0.000014666,2181917,218191736,0.000000,0.000000
filter/first,100,0,32,0.000011834,2704073,270407301,0.000000,0.000000
filter/last,100,0,32,0.000013792,2320186,232018561,0.000000,0.000000
filter/computed_last,100,0,32,0.000015083,2121594,212159385,0.000000,0.000000
filter/chained,100,0,32,0.000020917,1529856,152985610,0.000000,0.000000
filter/predicate,500,0,32,0.000029959,1068126,534063220,0.000000,0.000000
filter/none,500,0,32,0.000028084,1139439,569719413,0.000000,0.000000
filter/first,500,0,32,0.000025458,1256972,628486134,0.000000,0.000000
filter/last,500,0,32,0.000027209,1176081,588040722,0.000000,0.000000
filter/computed_last,500,0,32,0.000028459,1124425,562212305,0.000000,0.000000
filter/chained,500,0,32,0.000034250,934307,467153285,0.000000,0.000000
filter/predicate,1024,0,32,0.000047125,679045,695342175,0.000000,0.000000
filter/none,1024,0,32,0.000045125,709141,726160665,0.000000,0.000000
filter/first,1024,0,32,0.000042292,756644,774803745,0.000000,0.000000
filter/last,1024,0,32,0.000044125,725212,742617564,0.000000,0.000000
filter/computed_last,1024,0,32,0.000045458,703947,720841216,0.000000,0.000000
filter/chained,1024,0,32,0.000051000,627451,642509804,0.000000,0.000000
filter/predicate,10240,0,32,0.000344459,92899,951288833,0.000000,0.000000
filter/none,10240,0,32,0.000342500,93431,956729927,0.000000,0.000000
filter/first,10240,0,32,0.000339625,94222,964828855,0.000000,0.000000
filter/last,10240,0,32,0.000341375,93739,959882827,0.000000,0.000000
filter/computed_last,10240,0,32,0.000342917,93317,955566507,0.000000,0.000000
filter/chained,10240,0,32,0.000348583,91800,940034368,0.000000,0.000000
filter/predicate,65536,0,32,0.002149583,14887,975608758,0.000000,0.000000
filter/none,65536,0,32,0.002164167,14786,969034275,0.000000,0.000000
filter/first,65536,0,32,0.002122708,15075,987960662,0.000000,0.000000
filter/last,65536,0,32,0.002147292,14902,976649659,0.000000,0.000000
filter/computed_last,65536,0,32,0.002125709,15054,986565894,0.000000,0.000000
filter/chained,65536,0,32,0.002175167,14712,964133788,0.000000,0.000000
filter/predicate,1048576,0,32,0.033939417,943,988656700,0.000000,0.000000
filter/none,1048576,0,32,0.033973666,942,987660031,0.000000,0.000000
filter/first,1048576,0,32,0.033135833,966,1012632820,0.000000,0.000000
filter/last,1048576,0,32,0.034166833,937,982076156,0.000000,0.000000
filter/computed_last,1048576,0,32,0.033947583,943,988418881,0.000000,0.000000
filter/chained,1048576,0,32,0.033998666,941,986933781,0.000000,0.000000
filter/wide_predicate,164,0,32,0.000055709,574413,94203809,0.000000,0.000000
filter/wide_last,164,0,32,0.000034583,925310,151750860,0.000000,0.000000
filter/sequence_last,164,0,32,0.000061542,519970,85275097,0.000000,0.000000
filter/wide_predicate,2736,0,32,0.000880250,36353,99462653,0.000000,0.000000
filter/wide_last,2736,0,32,0.000468542,68297,186860516,0.000000,0.000000
filter/sequence_last,2736,0,32,0.000716375,44669,122215320,0.000000,0.000000
filter/wide_predicate,23392,0,32,0.007307583,4379,102433869,0.000000,0.000000
filter/wide_last,23392,0,32,0.003813750,8391,196275057,0.000000,0.000000
filter/sequence_last,23392,0,32,0.005796375,5521,129140023,0.000000,0.000000
filter/nested,892,0,32,0.000449292,71223,63531067,0.000000,0.000000
filter/per_group,892,0,32,0.000317833,100682,89808170,0.000000,0.000000
filter/global,892,0,32,0.000213916,149591,133435554,0.000000,0.000000
filter/deep,136,0,32,0.000435250,73521,9998851,0.000000,0.000000
filter/negative_chain,20,0,32,0.000308791,103630,2072599,0.000000,0.000000
compile/aggregate,0,0,32,0.000050125,638404,0,48.000000,3425.000000
aggregate/count,100,0,32,0.000009041,3539431,353943148,0.000000,0.000000
aggregate/sum,100,0,32,0.000009291,3444193,344419331,0.000000,0.000000
aggregate/min,100,0,32,0.000009375,3413333,341333333,0.000000,0.000000
aggregate/max,100,0,32,0.000009292,3443823,344382264,0.000000,0.000000
aggregate/filtered_count,100,0,32,0.000005875,5446809,544680851,0.000000,0.000000
aggregate/filtered_sum,100,0,32,0.000005959,5370029,537002853,0.000000,0.000000
aggregate/empty_sum,100,0,32,0.000005625,5688889,568888889,0.000000,0.000000
aggregate/count,500,0,32,0.000022500,1422222,711111111,0.000000,0.000000
aggregate/sum,500,0,32,0.000022792,1404001,702000702,0.000000,0.000000
aggregate/min,500,0,32,0.000022708,1409195,704597499,0.000000,0.000000
aggregate/max,500,0,32,0.000022667,1411744,705871972,0.000000,0.000000
aggregate/filtered_count,500,0,32,0.000012584,2542912,1271455817,0.000000,0.000000
aggregate/filtered_sum,500,0,32,0.000012666,2526449,1263224380,0.000000,0.000000
aggregate/empty_sum,500,0,32,0.000012458,2568631,1284315299,0.000000,0.000000
aggregate/count,1024,0,32,0.000039667,806716,826077092,0.000000,0.000000
aggregate/sum,1024,0,32,0.000039958,800841,820061064,0.000000,0.000000
aggregate/min,1024,0,32,0.000039959,800821,820040542,0.000000,0.000000
aggregate/max,1024,0,32,0.000039917,801663,820903375,0.000000,0.000000
aggregate/filtered_count,1024,0,32,0.000021209,1508793,1545004479,0.000000,0.000000
aggregate/filtered_sum,1024,0,32,0.000021375,1497076,1533005848,0.000000,0.000000
aggregate/empty_sum,1024,0,32,0.000021209,1508793,1545004479,0.000000,0.000000
aggregate/count,10240,0,32,0.000339333,94303,965659102,0.000000,0.000000
aggregate/sum,10240,0,32,0.000337083,94932,972104793,0.000000,0.000000
aggregate/min,10240,0,32,0.000336792,95014,972944726,0.000000,0.000000
aggregate/max,10240,0,32,0.000336916,94979,972586639,0.000000,0.000000
aggregate/filtered_count,10240,0,32,0.000171209,186906,1913918077,0.000000,0.000000
aggregate/filtered_sum,10240,0,32,0.000172417,185597,1900508651,0.000000,0.000000
aggregate/empty_sum,10240,0,32,0.000173542,184393,1888188450,0.000000,0.000000
aggregate/count,65536,0,32,0.002147625,14900,976498225,0.000000,0.000000
aggregate/sum,65536,0,32,0.002129792,15025,984674560,0.000000,0.000000
aggregate/min,65536,0,32,0.002109709,15168,994047994,0.000000,0.000000
aggregate/max,65536,0,32,0.002127917,15038,985542199,0.000000,0.000000
aggregate/filtered_count,65536,0,32,0.001079875,29633,1942032180,0.000000,0.000000
aggregate/filtered_sum,65536,0,32,0.001086917,29441,1929449995,0.000000,0.000000
aggregate/empty_sum,65536,0,32,0.001077125,29709,1946990368,0.000000,0.000000
aggregate/count,1048576,0,32,0.033859750,945,990982863,0.000000,0.000000
aggregate/sum,1048576,0,32,0.033923959,943,989107197,0.000000,0.000000
aggregate/min,1048576,0,32,0.033911542,944,989469367,0.000000,0.000000
aggregate/max,1048576,0,32,0.033522750,955,1000945090,0.000000,0.000000
aggregate/filtered_count,1048576,0,32,0.017298125,1850,1939772779,0.000000,0.000000
aggregate/filtered_sum,1048576,0,32,0.017243084,1856,1945964655,0.000000,0.000000
aggregate/empty_sum,1048576,0,32,0.017252958,1855,1944850964,0.000000,0.000000
aggregate/array_count,23,0,32,0.000005958,5370930,123531386,0.000000,0.000000
aggregate/array_sum,23,0,32,0.000007375,4338983,99796610,0.000000,0.000000
aggregate/array_min,23,0,32,0.000007459,4290119,98672744,0.000000,0.000000
aggregate/array_max,23,0,32,0.000007375,4338983,99796610,0.000000,0.000000
aggregate/sequence_sum,23,0,32,0.000013917,2299346,52884961,0.000000,0.000000
aggregate/computed_sum,23,0,32,0.000010084,3173344,72986910,0.000000,0.000000
aggregate/wide_filtered_sum,23,0,32,0.000023291,1373921,31600189,0.000000,0.000000
aggregate/array_count,409,0,32,0.000071375,448336,183369527,0.000000,0.000000
aggregate/array_sum,409,0,32,0.000096500,331606,135626943,0.000000,0.000000
aggregate/array_min,409,0,32,0.000094166,339825,138988595,0.000000,0.000000
aggregate/array_max,409,0,32,0.000094125,339973,139049137,0.000000,0.000000
aggregate/sequence_sum,409,0,32,0.000179500,178273,72913649,0.000000,0.000000
aggregate/computed_sum,409,0,32,0.000141083,226817,92768087,0.000000,0.000000
aggregate/wide_filtered_sum,409,0,32,0.000350375,91331,37354263,0.000000,0.000000
aggregate/array_count,4017,0,32,0.000587667,54453,218736121,0.000000,0.000000
aggregate/array_sum,4017,0,32,0.000785750,40725,163594018,0.000000,0.000000
aggregate/array_min,4017,0,32,0.000793375,40334,162021743,0.000000,0.000000
aggregate/array_max,4017,0,32,0.000793625,40321,161970704,0.000000,0.000000
aggregate/sequence_sum,4017,0,32,0.001373083,23305,93617065,0.000000,0.000000
aggregate/computed_sum,4017,0,32,0.001101875,29041,116659331,0.000000,0.000000
aggregate/wide_filtered_sum,4017,0,32,0.002958500,10816,43449045,0.000000,0.000000
aggregate/array_count,87201,0,32,0.009678958,3306,288298802,0.000000,0.000000
aggregate/array_sum,87201,0,32,0.012245334,2613,227877165,0.000000,0.000000
aggregate/array_min,87201,0,32,0.012282417,2605,227189160,0.000000,0.000000
aggregate/array_max,87201,0,32,0.012239500,2614,227985784,0.000000,0.000000
aggregate/sequence_sum,87201,0,32,0.022326750,1433,124981558,0.000000,0.000000
aggregate/computed_sum,87201,0,32,0.017678083,1810,157846979,0.000000,0.000000
aggregate/wide_filtered_sum,87201,0,32,0.049777542,643,56058051,0.000000,0.000000
aggregate/nested_sum,1036,0,32,0.000254333,125819,130348795,0.000000,0.000000
aggregate/nested_filtered_sum,1036,0,32,0.000465000,68817,71294624,0.000000,0.000000
aggregate/nested_filtered_count,1036,0,32,0.000483500,66184,68566701,0.000000,0.000000
aggregate/nested_sum,16396,0,32,0.004065125,7872,129066634,0.000000,0.000000
aggregate/nested_filtered_sum,16396,0,32,0.007225583,4429,72613103,0.000000,0.000000
aggregate/nested_filtered_count,16396,0,32,0.007152083,4474,73359328,0.000000,0.000000
aggregate/nested_sum,1048588,0,32,0.252446834,127,132918347,0.000000,0.000000
aggregate/nested_filtered_sum,1048588,0,32,0.461325500,69,72735663,0.000000,0.000000
aggregate/nested_filtered_count,1048588,0,32,0.456591208,70,73489843,0.000000,0.000000
aggregate/deep_sum,136,0,32,0.000449583,71177,9680081,0.000000,0.000000
aggregate/deep_filtered_sum,136,0,32,0.000434917,73577,10006507,0.000000,0.000000
compile/constructor,0,0,32,0.000103166,310180,0,84.000000,6697.000000
construct/raw_member,100,0,32,0.000005958,5370930,537092984,3.000000,168.000000
construct/raw_member_write,100,0,32,0.000008292,3859141,385914134,3.000000,168.000000
construct/scalars,100,0,32,0.000016875,1896296,189629630,3.000000,552.000000
construct/filtered_summary,100,0,32,0.000030875,1036437,103643725,5.000000,368.000000
construct/nested,100,0,32,0.000050625,632099,63209877,15.000000,1352.000000
construct/navigate,100,0,32,0.000017666,1811389,181138911,3.000000,168.000000
construct/raw_member,500,0,32,0.000012875,2485437,1242718447,3.000000,168.000000
construct/raw_member_write,500,0,32,0.000024458,1308365,654182681,3.000000,168.000000
construct/scalars,500,0,32,0.000036833,868786,434393071,3.000000,552.000000
construct/filtered_summary,500,0,32,0.000049875,641604,320802005,5.000000,368.000000
construct/nested,500,0,32,0.000077000,415584,207792208,15.000000,1352.000000
construct/navigate,500,0,32,0.000031209,1025345,512672626,3.000000,168.000000
construct/raw_member,1024,0,32,0.000021459,1491216,1527004986,3.000000,168.000000
construct/raw_member_write,1024,0,32,0.000044500,719101,736359551,3.000000,168.000000
construct/scalars,1024,0,32,0.000062292,513710,526038657,3.000000,552.000000
construct/filtered_summary,1024,0,32,0.000076583,417847,427875638,5.000000,368.000000
construct/nested,1024,0,32,0.000111209,287746,294652411,15.000000,1352.000000
construct/navigate,1024,0,32,0.000047959,667237,683250276,3.000000,168.000000
construct/raw_member,10240,0,32,0.000172875,185105,1895473608,3.000000,168.000000
construct/raw_member_write,10240,0,32,0.000401417,79718,816308228,3.000000,168.000000
construct/scalars,10240,0,32,0.000505792,63267,647855245,3.000000,552.000000
construct/filtered_summary,10240,0,32,0.000526000,60837,622965779,5.000000,368.000000
construct/nested,10240,0,32,0.000700958,45652,467474513,15.000000,1352.000000
construct/navigate,10240,0,32,0.000345709,92563,947849203,3.000000,168.000000
construct/raw_member,65536,0,32,0.001080625,29612,1940684326,3.000000,168.000000
construct/raw_member_write,65536,0,32,0.002547750,12560,823138848,3.000000,168.000000
construct/scalars,65536,0,32,0.003208042,9975,653717127,3.000000,552.000000
construct/filtered_summary,65536,0,32,0.003183833,10051,658687814,5.000000,368.000000
construct/nested,65536,0,32,0.004288667,7462,488998563,15.000000,1352.000000
construct/navigate,65536,0,32,0.002131625,15012,983827831,3.000000,168.000000
construct/raw_member,1048576,0,32,0.017288792,1851,1940819925,3.000000,168.000000
construct/raw_member_write,1048576,0,32,0.040849417,783,821417647,3.000000,168.000000
construct/scalars,1048576,0,32,0.050632333,632,662707602,3.000000,552.000000
construct/filtered_summary,1048576,0,32,0.050748875,631,661185731,5.000000,368.000000
construct/nested,1048576,0,32,0.067400000,475,497840237,15.000000,1352.000000
construct/navigate,1048576,0,32,0.033970625,942,987748444,3.000000,168.000000
construct/mapped_objects,262,0,32,0.000076417,418755,109713807,12.000000,1184.000000
construct/collected_objects,262,0,32,0.000079834,400832,105017912,15.000000,1352.000000
construct/collected_write,262,0,32,0.000086541,369767,96878936,15.000000,1352.000000
construct/filtered_aggregate,262,0,32,0.000088834,360222,94378279,3.000000,296.000000
construct/mapped_objects,4334,0,32,0.001167583,27407,118782134,192.000000,18944.000000
construct/collected_objects,4334,0,32,0.001162000,27539,119352840,199.000000,21992.000000
construct/collected_write,4334,0,32,0.001284333,24916,107984456,199.000000,21992.000000
construct/filtered_aggregate,4334,0,32,0.001232250,25969,112548590,3.000000,296.000000
construct/mapped_objects,36190,0,32,0.008980625,3563,128953163,1536.000000,151552.000000
construct/collected_objects,36190,0,32,0.009008667,3552,128551760,1546.000000,176104.000000
construct/collected_write,36190,0,32,0.009897416,3233,117008318,1546.000000,176104.000000
construct/filtered_aggregate,36190,0,32,0.009927917,3223,116648840,3.000000,296.000000
construct/mapped_objects,624958,0,32,0.147654875,217,135441894,24576.000000,2424832.000000
construct/collected_objects,624958,0,32,0.146167750,219,136819894,24590.000000,2818024.000000
construct/collected_write,624958,0,32,0.160402167,199,124678216,24590.000000,2818024.000000
construct/filtered_aggregate,624958,0,32,0.161139833,199,124107464,3.000000,296.000000
construct/nested_summary,1036,0,32,0.000879000,36405,37715586,3.000000,296.000000
construct/nested_summary,16396,0,32,0.013588959,2355,38610169,3.000000,296.000000
construct/nested_summary,1048588,0,32,0.874150500,37,38385628,3.000000,296.000000
compile/lexical,0,0,32,0.000053625,596737,0,40.000000,3016.000000
lexical/lookup,100,0,32,0.000011584,2762431,276243094,5.000000,504.000000
lexical/repeated_binding,100,0,32,0.000013792,2320186,232018561,5.000000,504.000000
lexical/retained_sequence,100,0,32,0.000019375,1651613,165161290,7.000000,648.000000
lexical/closure_call,100,0,32,0.000021584,1482580,148257969,8.000000,768.000000
lexical/escaped_closure,100,0,32,0.000025250,1267327,126732673,11.000000,1032.000000
lexical/mixed,100,0,32,0.000051125,625917,62591687,14.000000,1480.000000
lexical/lookup,500,0,32,0.000030083,1063724,531861849,5.000000,504.000000
lexical/repeated_binding,500,0,32,0.000027584,1160093,580046404,5.000000,504.000000
lexical/retained_sequence,500,0,32,0.000032875,973384,486692015,7.000000,648.000000
lexical/closure_call,500,0,32,0.000041750,766467,383233533,8.000000,768.000000
lexical/escaped_closure,500,0,32,0.000045250,707182,353591160,11.000000,1032.000000
lexical/mixed,500,0,32,0.000065333,489798,244899209,14.000000,1480.000000
lexical/lookup,1024,0,32,0.000041750,766467,784862275,5.000000,504.000000
lexical/repeated_binding,1024,0,32,0.000044417,720445,737735552,5.000000,504.000000
lexical/retained_sequence,1024,0,32,0.000049709,643747,659196524,7.000000,648.000000
lexical/closure_call,1024,0,32,0.000067125,476723,488163873,8.000000,768.000000
lexical/escaped_closure,1024,0,32,0.000070750,452297,463151943,11.000000,1032.000000
lexical/mixed,1024,0,32,0.000089167,358877,367490215,14.000000,1480.000000
lexical/lookup,10240,0,32,0.000339000,94395,966607670,5.000000,504.000000
lexical/repeated_binding,10240,0,32,0.000342500,93431,956729927,5.000000,504.000000
lexical/retained_sequence,10240,0,32,0.000353125,90619,927943363,7.000000,648.000000
lexical/closure_call,10240,0,32,0.000510375,62699,642037717,8.000000,768.000000
lexical/escaped_closure,10240,0,32,0.000529333,60453,619043211,11.000000,1032.000000
lexical/mixed,10240,0,32,0.000532834,60056,614975771,14.000000,1480.000000
lexical/lookup,65536,0,32,0.002119667,15097,989378049,5.000000,504.000000
lexical/repeated_binding,65536,0,32,0.002154750,14851,973269289,5.000000,504.000000
lexical/retained_sequence,65536,0,32,0.002136541,14977,981564126,7.000000,648.000000
lexical/closure_call,65536,0,32,0.003181750,10057,659119038,8.000000,768.000000
lexical/escaped_closure,65536,0,32,0.003192958,10022,656805382,11.000000,1032.000000
lexical/mixed,65536,0,32,0.003207000,9978,653929529,14.000000,1480.000000
lexical/lookup,1048576,0,32,0.034040084,940,985732938,5.000000,504.000000
lexical/repeated_binding,1048576,0,32,0.033626500,952,997856809,5.000000,504.000000
lexical/retained_sequence,1048576,0,32,0.033961542,942,988012617,7.000000,648.000000
lexical/closure_call,1048576,0,32,0.050692375,631,661922666,8.000000,768.000000
lexical/escaped_closure,1048576,0,32,0.050106250,639,669665601,11.000000,1032.000000
lexical/mixed,1048576,0,32,0.050700000,631,661823116,14.000000,1480.000000
lexical/mapped_calls,106,0,32,0.000065917,485459,51458653,25.000000,2392.000000
lexical/repeated_projection,106,0,32,0.000034667,923068,97845213,8.000000,840.000000
lexical/mapped_calls,1692,0,32,0.000803209,39840,67409603,269.000000,30232.000000
lexical/repeated_projection,1692,0,32,0.000368667,86799,146864243,12.000000,6600.000000
lexical/mapped_calls,14260,0,32,0.005984792,5347,76246593,2064.000000,238104.000000
lexical/repeated_projection,14260,0,32,0.002872125,11142,158878879,15.000000,49608.000000
lexical/mapped_calls,251044,0,32,0.093689083,342,85745401,32788.000000,3801624.000000
lexical/repeated_projection,251044,0,32,0.045655917,701,175955463,19.000000,786888.000000
lexical/nested_retention,1036,0,32,0.000495375,64598,66923038,10.000000,1992.000000
lexical/nested_retention,16396,0,32,0.007455583,4292,70373035,14.000000,25032.000000
lexical/nested_retention,1048588,0,32,0.472878334,68,70958667,20.000000,1573320.000000
compile/nested_fallback,0,0,32,0.000134625,237697,0,113.000000,8089.000000
compile/navigation,0,0,32,0.000070750,452297,0,55.000000,4655.000000
navigation/keep,100,0,32,0.000017167,1864041,186404147,2.000000,144.000000
navigation/wildcard,100,0,32,0.000031042,1030861,103086141,8.000000,1072.000000
navigation/descendants,100,0,32,0.000042333,755911,75591146,8.000000,1072.000000
navigation/ordering,100,0,32,0.000021208,1508865,150886458,6.000000,320.000000
navigation/grouping,100,0,32,0.000027125,1179724,117972350,11.000000,824.000000
navigation/membership,100,0,32,0.000019625,1630573,163057325,2.000000,32.000000
navigation/fallback,100,0,32,0.000010916,2931477,293147673,0.000000,0.000000
navigation/mixed,100,0,32,0.000029500,1084746,108474576,11.000000,968.000000
navigation/keep,500,0,32,0.000030709,1042040,521019896,2.000000,144.000000
navigation/wildcard,500,0,32,0.000044416,720461,360230548,8.000000,1072.000000
navigation/descendants,500,0,32,0.000070083,456601,228300729,8.000000,1072.000000
navigation/ordering,500,0,32,0.000036750,870748,435374150,6.000000,320.000000
navigation/grouping,500,0,32,0.000041583,769545,384772623,11.000000,824.000000
navigation/membership,500,0,32,0.000036417,878710,439355246,2.000000,32.000000
navigation/fallback,500,0,32,0.000031458,1017229,508614661,0.000000,0.000000
navigation/mixed,500,0,32,0.000044041,726596,363297836,11.000000,968.000000
navigation/keep,1024,0,32,0.000048375,661499,677374677,2.000000,144.000000
navigation/wildcard,1024,0,32,0.000067792,472032,483360869,8.000000,1072.000000
navigation/descendants,1024,0,32,0.000102833,311184,318652573,8.000000,1072.000000
navigation/ordering,1024,0,32,0.000051375,622871,637819951,6.000000,320.000000
navigation/grouping,1024,0,32,0.000057625,555315,568642082,11.000000,824.000000
navigation/membership,1024,0,32,0.000049958,640538,655910965,2.000000,32.000000
navigation/fallback,1024,0,32,0.000056375,567627,581250554,0.000000,0.000000
navigation/mixed,1024,0,32,0.000060042,532960,545751307,11.000000,968.000000
navigation/keep,10240,0,32,0.000345042,92742,949681488,2.000000,144.000000
navigation/wildcard,10240,0,32,0.000358625,89230,913712095,8.000000,1072.000000
navigation/descendants,10240,0,32,0.000705875,45334,464218169,8.000000,1072.000000
navigation/ordering,10240,0,32,0.000348708,91767,939697397,6.000000,320.000000
navigation/grouping,10240,0,32,0.000354875,90173,923367383,11.000000,824.000000
navigation/membership,10240,0,32,0.000349959,91439,936338257,2.000000,32.000000
navigation/fallback,10240,0,32,0.000499667,64043,655796761,0.000000,0.000000
navigation/mixed,10240,0,32,0.000357334,89552,917013215,11.000000,968.000000
navigation/keep,65536,0,32,0.002140166,14952,979901559,2.000000,144.000000
navigation/wildcard,65536,0,32,0.001977334,16183,1060595731,8.000000,1072.000000
navigation/descendants,65536,0,32,0.004231584,7562,495595030,8.000000,1072.000000
navigation/ordering,65536,0,32,0.002152375,14867,974343226,6.000000,320.000000
navigation/grouping,65536,0,32,0.002155125,14848,973099936,11.000000,824.000000
navigation/membership,65536,0,32,0.002137167,14973,981276615,2.000000,32.000000
navigation/fallback,65536,0,32,0.003155333,10142,664637298,0.000000,0.000000
navigation/mixed,65536,0,32,0.002168375,14758,967153744,11.000000,968.000000
navigation/keep,1048576,0,32,0.033960792,942,988034437,2.000000,144.000000
navigation/wildcard,1048576,0,32,0.033574667,953,999397313,8.000000,1072.000000
navigation/descendants,1048576,0,32,0.066970167,478,501035513,8.000000,1072.000000
navigation/ordering,1048576,0,32,0.033919500,943,989237223,6.000000,320.000000
navigation/grouping,1048576,0,32,0.033976125,942,987588549,11.000000,824.000000
navigation/membership,1048576,0,32,0.033894000,944,989981472,2.000000,32.000000
navigation/fallback,1048576,0,32,0.050622333,632,662838514,0.000000,0.000000
navigation/mixed,1048576,0,32,0.033783542,947,993218295,11.000000,968.000000
navigation/wide_sort,250,0,32,0.000089208,358712,89678056,7.000000,752.000000
navigation/wide_group,250,0,32,0.000070875,451499,112874780,10.000000,1016.000000
navigation/wide_descendants,250,0,32,0.000126500,252964,63241107,20.000000,2680.000000
navigation/range,250,0,32,0.000033167,964814,241203606,4.000000,360.000000
navigation/wide_sort,4144,0,32,0.002321334,13785,57125773,11.000000,11312.000000
navigation/wide_group,4144,0,32,0.000974709,32830,136048810,18.000000,9656.000000
navigation/wide_descendants,4144,0,32,0.001897416,16865,69888733,260.000000,34840.000000
navigation/range,4144,0,32,0.000442916,72248,299397628,8.000000,6120.000000
navigation/wide_sort,34657,0,32,0.023813542,1344,46571148,14.000000,90160.000000
navigation/wide_group,34657,0,32,0.007150083,4475,155106451,24.000000,74168.000000
navigation/wide_descendants,34657,0,32,0.014175167,2257,78237103,2052.000000,274968.000000
navigation/range,34657,0,32,0.003217250,9946,344711788,11.000000,49128.000000
navigation/wide_sort,600386,0,32,0.515042000,62,37302496,18.000000,1441840.000000
navigation/wide_group,600386,0,32,0.117566625,272,163416718,32.000000,1180088.000000
navigation/wide_descendants,600386,0,32,0.230941542,139,83191408,32772.000000,4391448.000000
navigation/range,600386,0,32,0.052803917,606,363843311,15.000000,786408.000000
navigation/distinct_groups,194,0,32,0.000059708,535942,103972667,5.000000,1464.000000
navigation/distinct_groups,3246,0,32,0.002918000,10966,35596984,10.000000,36664.000000
navigation/distinct_groups,27486,0,32,0.136473834,234,6444840,13.000000,294712.000000
navigation/deep_descendants,24,0,32,0.000027833,1149714,27593145,4.000000,536.000000
navigation/deep_descendants,72,0,32,0.000183458,174427,12558733,4.000000,536.000000
navigation/deep_descendants,136,0,32,0.000886083,36114,4911504,4.000000,536.000000
compiler/lookup_8_hit,501,0,32,0.000013208,2422774,1213809812,0.000000,0.000000
rust/lookup_8_hit,501,0,32,0.000009834,3254017,1630262355,0.000000,0.000000
compiler/lookup_8_miss,501,0,32,0.000010084,3173344,1589845299,0.000000,0.000000
rust/lookup_8_miss,501,0,32,0.000009750,3282051,1644307692,0.000000,0.000000
compiler/varying_lookup_8,501,0,32,0.000013041,2453800,1229353577,0.000000,0.000000
rust/varying_lookup_8,501,0,32,0.000009792,3267974,1637254902,0.000000,0.000000
compiler/bound_lookup_8,16,0,32,0.000010708,2988420,47814718,6.000000,520.000000
compile/lookup_8,0,0,32,0.000113833,281114,0,60.000000,5921.000000
compiler/lookup_128_hit,501,0,32,0.000014875,2151261,1077781513,0.000000,0.000000
rust/lookup_128_hit,501,0,32,0.000009667,3310231,1658425572,0.000000,0.000000
compiler/lookup_128_miss,501,0,32,0.000010459,3059566,1532842528,0.000000,0.000000
rust/lookup_128_miss,501,0,32,0.000009542,3353595,1680150912,0.000000,0.000000
compiler/varying_lookup_128,501,0,32,0.000015958,2005264,1004637173,0.000000,0.000000
rust/varying_lookup_128,501,0,32,0.000009875,3240506,1623493671,0.000000,0.000000
compiler/bound_lookup_128,16,0,32,0.000013167,2430318,38885092,6.000000,520.000000
compile/lookup_128,0,0,32,0.005690500,5623,0,669.000000,101721.000000
compiler/lookup_1024_hit,501,0,32,0.000015959,2005138,1004574221,0.000000,0.000000
rust/lookup_1024_hit,501,0,32,0.000009750,3282051,1644307692,0.000000,0.000000
compiler/lookup_1024_miss,501,0,32,0.000010750,2976744,1491348837,0.000000,0.000000
rust/lookup_1024_miss,501,0,32,0.000009625,3324675,1665662338,0.000000,0.000000
compiler/varying_lookup_1024,501,0,32,0.000018042,1773639,888593282,0.000000,0.000000
rust/varying_lookup_1024,501,0,32,0.000010084,3173344,1589845299,0.000000,0.000000
compiler/bound_lookup_1024,16,0,32,0.000014875,2151261,34420168,6.000000,520.000000
compile/lookup_1024,0,0,32,0.260239875,123,0,5156.000000,820441.000000
compiler/lookup_4096_hit,501,0,32,0.000017000,1882353,943058824,0.000000,0.000000
rust/lookup_4096_hit,501,0,32,0.000009666,3310573,1658597145,0.000000,0.000000
compiler/lookup_4096_miss,501,0,32,0.000011333,2823612,1414629842,0.000000,0.000000
rust/lookup_4096_miss,501,0,32,0.000009583,3339247,1672962538,0.000000,0.000000
compiler/varying_lookup_4096,501,0,32,0.000018958,1687942,845658825,0.000000,0.000000
rust/varying_lookup_4096,501,0,32,0.000013500,2370370,1187555556,0.000000,0.000000
compiler/bound_lookup_4096,16,0,32,0.000015542,2058937,32942993,6.000000,520.000000
compile/lookup_4096,0,0,32,3.365972959,10,0,20520.000000,3281113.000000
compiler/constant_scalar,100,0,32,0.000003083,10379500,1037950049,0.000000,0.000000
compiler/repeated_fields,100,0,32,0.000005834,5485087,548508742,0.000000,0.000000
compiler/dynamic_leaves,100,0,32,0.000005666,5647723,564772326,3.000000,152.000000
compiler/filtered_sum,100,0,32,0.000006375,5019608,501960784,0.000000,0.000000
compiler/invariant_aggregate,100,0,32,0.000006750,4740741,474074074,0.000000,0.000000
compiler/builtin_reference,100,0,32,0.000003125,10240000,1024000000,0.000000,0.000000
compiler/static_array,100,0,32,0.000003417,9364940,936494001,1.000000,16.000000
compiler/constant_membership,100,0,32,0.000010792,2965159,296515938,1.000000,16.000000
compiler/lookup_record,100,0,32,0.000007708,4151531,415153088,0.000000,0.000000
rust/repeated_fields,100,0,32,0.000003916,8171604,817160368,0.000000,0.000000
compiler/constant_scalar,500,0,32,0.000010083,3173659,1586829317,0.000000,0.000000
compiler/repeated_fields,500,0,32,0.000012709,2517901,1258950350,0.000000,0.000000
compiler/dynamic_leaves,500,0,32,0.000012541,2551631,1275815326,3.000000,152.000000
compiler/filtered_sum,500,0,32,0.000013250,2415094,1207547170,0.000000,0.000000
compiler/invariant_aggregate,500,0,32,0.000020250,1580247,790123457,0.000000,0.000000
compiler/builtin_reference,500,0,32,0.000010000,3200000,1600000000,0.000000,0.000000
compiler/static_array,500,0,32,0.000010375,3084337,1542168675,1.000000,16.000000
compiler/constant_membership,500,0,32,0.000024125,1326425,663212435,1.000000,16.000000
compiler/lookup_record,500,0,32,0.000014625,2188034,1094017094,0.000000,0.000000
rust/repeated_fields,500,0,32,0.000010833,2953937,1476968522,0.000000,0.000000
compiler/constant_scalar,1024,0,32,0.000018625,1718121,1759355705,0.000000,0.000000
compiler/repeated_fields,1024,0,32,0.000021208,1508865,1545077329,0.000000,0.000000
compiler/dynamic_leaves,1024,0,32,0.000021083,1517811,1554238012,3.000000,152.000000
compiler/filtered_sum,1024,0,32,0.000021875,1462857,1497965714,0.000000,0.000000
compiler/invariant_aggregate,1024,0,32,0.000037375,856187,876735786,0.000000,0.000000
compiler/builtin_reference,1024,0,32,0.000018625,1718121,1759355705,0.000000,0.000000
compiler/static_array,1024,0,32,0.000018917,1691600,1732198552,1.000000,16.000000
compiler/constant_membership,1024,0,32,0.000041167,777322,795977361,1.000000,16.000000
compiler/lookup_record,1024,0,32,0.000023208,1378835,1411926922,0.000000,0.000000
rust/repeated_fields,1024,0,32,0.000019667,1627091,1666141252,0.000000,0.000000
compiler/constant_scalar,10240,0,32,0.000153958,207849,2128372673,0.000000,0.000000
compiler/repeated_fields,10240,0,32,0.000172750,185239,1896845152,0.000000,0.000000
compiler/dynamic_leaves,10240,0,32,0.000158333,202106,2069562252,3.000000,152.000000
compiler/filtered_sum,10240,0,32,0.000173166,184794,1892288324,0.000000,0.000000
compiler/invariant_aggregate,10240,0,32,0.000334250,95737,980344054,0.000000,0.000000
compiler/builtin_reference,10240,0,32,0.000160917,198860,2036329288,0.000000,0.000000
compiler/static_array,10240,0,32,0.000170208,188005,1925173905,1.000000,16.000000
compiler/constant_membership,10240,0,32,0.000338042,94663,969347004,1.000000,16.000000
compiler/lookup_record,10240,0,32,0.000174500,183381,1877822350,0.000000,0.000000
rust/repeated_fields,10240,0,32,0.000166667,192000,1966076068,0.000000,0.000000
compiler/constant_scalar,1048576,0,32,0.017236583,1857,1946698600,0.000000,0.000000
compiler/repeated_fields,1048576,0,32,0.017280958,1852,1941699760,0.000000,0.000000
compiler/dynamic_leaves,1048576,0,32,0.017297792,1850,1939810121,3.000000,152.000000
compiler/filtered_sum,1048576,0,32,0.017273334,1853,1942556776,0.000000,0.000000
compiler/invariant_aggregate,1048576,0,32,0.033928500,943,988974815,0.000000,0.000000
compiler/builtin_reference,1048576,0,32,0.017225875,1858,1947908713,0.000000,0.000000
compiler/static_array,1048576,0,32,0.016803833,1904,1996832032,1.000000,16.000000
compiler/constant_membership,1048576,0,32,0.033958583,942,988098708,1.000000,16.000000
compiler/lookup_record,1048576,0,32,0.017271708,1853,1942739653,0.000000,0.000000
rust/repeated_fields,1048576,0,32,0.017266416,1853,1943335085,0.000000,0.000000
compile/execution,0,0,32,0.000121334,263735,0,132.000000,8000.000000
execution/arithmetic,100,0,32,0.000005042,6346688,634668782,0.000000,0.000000
execution/comparison,100,0,32,0.000005208,6144393,614439324,0.000000,0.000000
execution/conditional,100,0,32,0.000005250,6095238,609523810,0.000000,0.000000
execution/constructor,100,0,32,0.000006500,4923077,492307692,3.000000,152.000000
rust/execution_arithmetic,100,0,32,0.000003375,9481481,948148148,0.000000,0.000000
rust/execution_constructor,100,0,32,0.000003458,9253904,925390399,0.000000,0.000000
execution/arithmetic,500,0,32,0.000011750,2723404,1361702128,0.000000,0.000000
execution/comparison,500,0,32,0.000011958,2676033,1338016391,0.000000,0.000000
execution/conditional,500,0,32,0.000012000,2666667,1333333333,0.000000,0.000000
execution/constructor,500,0,32,0.000013416,2385212,1192605844,3.000000,152.000000
rust/execution_arithmetic,500,0,32,0.000010375,3084337,1542168675,0.000000,0.000000
rust/execution_constructor,500,0,32,0.000010333,3096874,1548437046,0.000000,0.000000
execution/arithmetic,1024,0,32,0.000020500,1560976,1598439024,0.000000,0.000000
execution/comparison,1024,0,32,0.000020584,1554606,1591916051,0.000000,0.000000
execution/conditional,1024,0,32,0.000020584,1554606,1591916051,0.000000,0.000000
execution/constructor,1024,0,32,0.000022000,1454545,1489454545,3.000000,152.000000
rust/execution_arithmetic,1024,0,32,0.000019000,1684211,1724631579,0.000000,0.000000
rust/execution_constructor,1024,0,32,0.000018958,1687942,1728452368,0.000000,0.000000
execution/arithmetic,10240,0,32,0.000171792,186272,1907422930,0.000000,0.000000
execution/comparison,10240,0,32,0.000171917,186136,1906036052,0.000000,0.000000
execution/conditional,10240,0,32,0.000171833,186227,1906967812,0.000000,0.000000
execution/constructor,10240,0,32,0.000173208,184749,1891829477,3.000000,152.000000
rust/execution_arithmetic,10240,0,32,0.000170167,188051,1925637756,0.000000,0.000000
rust/execution_constructor,10240,0,32,0.000170125,188097,1926113152,0.000000,0.000000
execution/arithmetic,1048576,0,32,0.017292667,1850,1940385020,0.000000,0.000000
execution/comparison,1048576,0,32,0.016908458,1893,1984476172,0.000000,0.000000
execution/conditional,1048576,0,32,0.016990667,1883,1974874324,0.000000,0.000000
execution/constructor,1048576,0,32,0.017291458,1851,1940520689,3.000000,152.000000
rust/execution_arithmetic,1048576,0,32,0.017234083,1857,1946980991,0.000000,0.000000
rust/execution_constructor,1048576,0,32,0.017261625,1854,1943874461,0.000000,0.000000
execution/filtered_sum,74,0,32,0.000019625,1630573,120662420,0.000000,0.000000
execution/mapped_sum,74,0,32,0.000019041,1680584,124363216,0.000000,0.000000
rust/execution_filtered_sum,74,0,32,0.000007709,4150992,307173434,0.000000,0.000000
execution/filtered_sum,1082,0,32,0.000288500,110919,120013865,0.000000,0.000000
execution/mapped_sum,1082,0,32,0.000293458,109045,117986219,0.000000,0.000000
rust/execution_filtered_sum,1082,0,32,0.000102833,311184,336701253,0.000000,0.000000
execution/filtered_sum,8586,0,32,0.002272959,14079,120878555,0.000000,0.000000
execution/mapped_sum,8586,0,32,0.002300083,13913,119453081,0.000000,0.000000
rust/execution_filtered_sum,8586,0,32,0.000800167,39992,343368322,0.000000,0.000000
execution/filtered_sum,137226,0,32,0.036192625,884,121329470,0.000000,0.000000
execution/mapped_sum,137226,0,32,0.037092416,863,118386249,0.000000,0.000000
rust/execution_filtered_sum,137226,0,32,0.012805042,2499,342929918,0.000000,0.000000
execution/lookup_8192,501,0,32,0.000018000,1777778,890666667,0.000000,0.000000
rust/execution_lookup_8192,501,0,32,0.000009708,3296251,1651421508,0.000000,0.000000
execution/type_fallback,16,0,32,0.000004834,6619777,105916425,0.000000,0.000000
plan/branch,100,0,32,0.000004708,6796941,679694138,0.000000,0.000000
plan/boolean,100,0,32,0.000005917,5408146,540814602,0.000000,0.000000
plan/object,100,0,32,0.000006334,5052100,505209978,3.000000,248.000000
plan/branch,500,0,32,0.000011584,2762431,1381215470,0.000000,0.000000
plan/boolean,500,0,32,0.000012792,2501563,1250781739,0.000000,0.000000
plan/object,500,0,32,0.000013125,2438095,1219047619,3.000000,248.000000
plan/branch,1024,0,32,0.000020125,1590062,1628223602,0.000000,0.000000
plan/boolean,1024,0,32,0.000021459,1491216,1527004986,0.000000,0.000000
plan/object,1024,0,32,0.000019667,1627091,1666141252,3.000000,248.000000
plan/branch,10240,0,32,0.000169500,188791,1933215339,0.000000,0.000000
plan/boolean,10240,0,32,0.000160458,199429,2042154333,0.000000,0.000000
plan/object,10240,0,32,0.000173083,184882,1893195750,3.000000,248.000000
plan/branch,1048576,0,32,0.017262125,1854,1943818157,0.000000,0.000000
plan/boolean,1048576,0,32,0.017223584,1858,1948167815,0.000000,0.000000
plan/object,1048576,0,32,0.017246917,1855,1945532178,3.000000,248.000000
plan/lookup_branch,490,0,32,0.000019125,1673203,819869281,0.000000,0.000000
plan/lookup_quote,490,0,32,0.000019083,1676885,821673741,0.000000,0.000000
plan/invoice_sum,58,0,32,0.000005792,5524862,320441989,0.000000,0.000000
rust/plan_invoice,58,0,32,0.000005375,5953488,345302326,0.000000,0.000000
plan/invoice_object,58,0,32,0.000011334,2823363,163755073,3.000000,296.000000
plan/mapped_objects,58,0,32,0.000014167,2258770,131008682,2.000000,136.000000
plan/invoice_sum,300,0,32,0.000036458,877722,263316693,0.000000,0.000000
rust/plan_invoice,300,0,32,0.000033333,960010,288002880,0.000000,0.000000
plan/invoice_object,300,0,32,0.000048667,657530,197258923,3.000000,296.000000
plan/mapped_objects,300,0,32,0.000075542,423605,127081623,16.000000,1088.000000
plan/invoice_sum,4488,0,32,0.000560792,57062,256094951,0.000000,0.000000
rust/plan_invoice,4488,0,32,0.000497042,64381,288941377,0.000000,0.000000
plan/invoice_object,4488,0,32,0.000670167,47749,214298824,3.000000,296.000000
plan/mapped_objects,4488,0,32,0.001146959,27900,125214589,256.000000,17408.000000
plan/invoice_sum,35736,0,32,0.004399500,7274,259927719,0.000000,0.000000
rust/plan_invoice,35736,0,32,0.003937083,8128,290456666,0.000000,0.000000
plan/invoice_object,35736,0,32,0.005241000,6106,218193475,3.000000,296.000000
plan/mapped_objects,35736,0,32,0.008649625,3700,132208275,2048.000000,139264.000000
plan/invoice_sum,571416,0,32,0.069110750,463,264579852,0.000000,0.000000
rust/plan_invoice,571416,0,32,0.061605208,519,296814386,0.000000,0.000000
plan/invoice_object,571416,0,32,0.084892792,377,215392986,3.000000,296.000000
plan/mapped_objects,571416,0,32,0.138321333,231,132194446,32768.000000,2228224.000000
plan/wide_fields,7583,0,32,0.000293666,108967,826299265,0.000000,0.000000
plan/untaken_branch,496,0,32,0.000010875,2942529,1459494253,0.000000,0.000000
compile/plan_branch,0,0,32,0.000063541,503612,0,84.000000,3940.000000
demand/nested,100,0,32,0.000004791,6679190,667919015,0.000000,0.000000
demand/branch,100,0,32,0.000005250,6095238,609523810,0.000000,0.000000
demand/repeated,100,0,32,0.000004209,7602756,760275600,0.000000,0.000000
demand/untaken_nested,101,0,32,0.000004333,7385183,745903531,0.000000,0.000000
demand/nested,500,0,32,0.000011375,2813187,1406593407,0.000000,0.000000
demand/branch,500,0,32,0.000011792,2713704,1356852103,0.000000,0.000000
demand/repeated,500,0,32,0.000010875,2942529,1471264368,0.000000,0.000000
demand/untaken_nested,501,0,32,0.000011000,2909091,1457454545,0.000000,0.000000
demand/nested,1024,0,32,0.000020083,1593387,1631628741,0.000000,0.000000
demand/branch,1024,0,32,0.000020583,1554681,1591993393,0.000000,0.000000
demand/repeated,1024,0,32,0.000019458,1644568,1684037414,0.000000,0.000000
demand/untaken_nested,1025,0,32,0.000019750,1620253,1660759494,0.000000,0.000000
demand/nested,10240,0,32,0.000176042,181775,1861373990,0.000000,0.000000
demand/branch,10240,0,32,0.000172625,185373,1898218682,0.000000,0.000000
demand/repeated,10240,0,32,0.000173542,184393,1888188450,0.000000,0.000000
demand/untaken_nested,10241,0,32,0.000171125,186998,1915044558,0.000000,0.000000
demand/nested,1048576,0,32,0.017223709,1858,1948153676,0.000000,0.000000
demand/branch,1048576,0,32,0.017292083,1851,1940450552,0.000000,0.000000
demand/repeated,1048576,0,32,0.017288708,1851,1940829355,0.000000,0.000000
demand/untaken_nested,1048577,0,32,0.017145708,1866,1957018281,0.000000,0.000000
demand/nested_fold,546,0,32,0.000136625,234218,127882891,0.000000,0.000000
demand/nested_fold_plan,546,0,32,0.000052625,608076,332009501,0.000000,0.000000
demand/nested_fold,8454,0,32,0.001905750,16791,141953562,0.000000,0.000000
demand/nested_fold_plan,8454,0,32,0.000818875,39078,330365440,0.000000,0.000000
demand/nested_fold,67478,0,32,0.015154625,2112,142484291,0.000000,0.000000
demand/nested_fold_plan,67478,0,32,0.006465959,4949,333948298,0.000000,0.000000
demand/wide_nested,1137,0,32,0.000037334,857128,974554026,0.000000,0.000000
demand/wide_nested,38497,0,32,0.001092167,29300,1127944719,0.000000,0.000000
demand/wide_nested,323265,0,32,0.009018125,3548,1147076582,0.000000,0.000000
demand/repeated_lookup,100,0,32,0.000016125,1984496,198449612,0.000000,0.000000
demand/repeated_lookup,500,0,32,0.000022166,1443652,721826220,0.000000,0.000000
demand/repeated_lookup,10240,0,32,0.000183250,174625,1788158254,0.000000,0.000000
demand/repeated_lookup,1048576,0,32,0.017273875,1853,1942495937,0.000000,0.000000
compile/scoped_path,0,0,32,0.000055000,581818,0,41.000000,4157.000000
tuple/index,100,0,32,0.000018333,1745486,174548628,9.000000,784.000000
tuple/filter_sum,100,0,32,0.000028250,1132743,113274336,10.000000,1168.000000
tuple/plan_leaves,100,0,32,0.000036417,878710,87871049,15.000000,1376.000000
tuple/kept,100,0,32,0.000024542,1303887,130388721,11.000000,928.000000
tuple/ordered,100,0,32,0.000038250,836601,83660131,19.000000,1576.000000
tuple/index,500,0,32,0.000031041,1030895,515447312,9.000000,784.000000
tuple/filter_sum,500,0,32,0.000040958,781288,390644074,10.000000,1168.000000
tuple/plan_leaves,500,0,32,0.000047917,667821,333910721,15.000000,1376.000000
tuple/kept,500,0,32,0.000037750,847682,423841060,11.000000,928.000000
tuple/ordered,500,0,32,0.000051583,620359,310179710,19.000000,1576.000000
tuple/index,1024,0,32,0.000048125,664935,680893506,9.000000,784.000000
tuple/filter_sum,1024,0,32,0.000058209,549743,562937003,10.000000,1168.000000
tuple/plan_leaves,1024,0,32,0.000065583,487931,499641675,15.000000,1376.000000
tuple/kept,1024,0,32,0.000054500,587156,601247706,11.000000,928.000000
tuple/ordered,1024,0,32,0.000067959,470872,482173075,19.000000,1576.000000
tuple/index,10240,0,32,0.000345000,92754,949797101,9.000000,784.000000
tuple/filter_sum,10240,0,32,0.000355417,90035,921959276,10.000000,1168.000000
tuple/plan_leaves,10240,0,32,0.000362958,88164,902804181,15.000000,1376.000000
tuple/kept,10240,0,32,0.000352166,90866,930470290,11.000000,928.000000
tuple/ordered,10240,0,32,0.000375834,85144,871874285,19.000000,1576.000000
tuple/index,1048576,0,32,0.033746709,948,994302348,9.000000,784.000000
tuple/filter_sum,1048576,0,32,0.033193417,964,1010876102,10.000000,1168.000000
tuple/plan_leaves,1048576,0,32,0.034062000,939,985098702,15.000000,1376.000000
tuple/kept,1048576,0,32,0.033992667,941,987107955,11.000000,928.000000
tuple/ordered,1048576,0,32,0.034016292,941,986422388,19.000000,1576.000000
tuple/wide_sum,440,0,32,0.000102583,311943,137254711,22.000000,2368.000000
tuple/nested_sum,440,0,32,0.000201000,159204,70049751,70.000000,6208.000000
tuple/join_sum,440,0,32,0.000456583,70086,30837767,46.000000,4672.000000
tuple/join_bound,440,0,32,0.000341709,93647,41204651,55.000000,5600.000000
tuple/group,440,0,32,0.000160542,199325,87702906,57.000000,5344.000000
tuple/negative_index,440,0,32,0.000070166,456061,200666990,23.000000,2368.000000
tuple/wide_sum,6666,0,32,0.001506209,21245,141621780,262.000000,26368.000000
tuple/nested_sum,6666,0,32,0.002989209,10705,71360684,1030.000000,87808.000000
tuple/join_sum,6666,0,32,0.030318333,1055,7035743,646.000000,63232.000000
tuple/join_bound,6666,0,32,0.004798417,6669,44454661,775.000000,75680.000000
tuple/group,6666,0,32,0.001992291,16062,107068696,337.000000,65824.000000
tuple/negative_index,6666,0,32,0.000874083,36610,244040898,267.000000,34048.000000
tuple/wide_sum,56043,0,32,0.011961042,2675,149934763,2054.000000,205568.000000
tuple/nested_sum,56043,0,32,0.022096875,1448,81159711,8198.000000,697088.000000
tuple/join_sum,56043,0,32,1.656111542,19,1082884,5126.000000,500480.000000
tuple/join_bound,56043,0,32,0.038378708,834,46728410,6151.000000,598944.000000
tuple/group,56043,0,32,0.015292500,2093,117271604,2159.000000,517408.000000
tuple/negative_index,56043,0,32,0.007042959,4544,254633883,2062.000000,270592.000000
compile/builtins,0,0,32,0.000063958,500328,0,53.000000,4192.000000
builtin/length,100,0,32,0.000009000,3555556,355555556,0.000000,0.000000
builtin/normalize,100,0,32,0.000024167,1324120,132411967,19.000000,363.000000
builtin/split_join,100,0,32,0.000034666,923095,92309467,32.000000,749.000000
builtin/numeric,100,0,32,0.000009208,3475239,347523892,0.000000,0.000000
builtin/average,100,0,32,0.000008500,3764706,376470588,0.000000,0.000000
builtin/type,100,0,32,0.000007917,4041935,404193508,0.000000,0.000000
builtin/keys,100,0,32,0.000018958,1687942,168794177,8.000000,468.000000
builtin/map_builtin,100,0,32,0.000015667,2042510,204250973,3.000000,224.000000
builtin/map_closure,100,0,32,0.000028709,1114633,111463304,11.000000,1208.000000
builtin/reduce,100,0,32,0.000024792,1290739,129073895,8.000000,904.000000
builtin/sift,100,0,32,0.000025417,1259000,125899988,15.000000,1300.000000
builtin/length,500,0,32,0.000021917,1460054,730026920,0.000000,0.000000
builtin/normalize,500,0,32,0.000036750,870748,435374150,19.000000,363.000000
builtin/split_join,500,0,32,0.000047958,667251,333625255,32.000000,749.000000
builtin/numeric,500,0,32,0.000022500,1422222,711111111,0.000000,0.000000
builtin/average,500,0,32,0.000021917,1460054,730026920,0.000000,0.000000
builtin/type,500,0,32,0.000021125,1514793,757396450,0.000000,0.000000
builtin/keys,500,0,32,0.000029708,1077151,538575468,8.000000,468.000000
builtin/map_builtin,500,0,32,0.000028625,1117904,558951965,3.000000,224.000000
builtin/map_closure,500,0,32,0.000048083,665516,332757939,11.000000,1208.000000
builtin/reduce,500,0,32,0.000035208,908884,454442172,8.000000,904.000000
builtin/sift,500,0,32,0.000038458,832077,416038276,15.000000,1300.000000
builtin/length,1024,0,32,0.000039125,817891,837520767,0.000000,0.000000
builtin/normalize,1024,0,32,0.000053667,596270,610580059,19.000000,363.000000
builtin/split_join,1024,0,32,0.000064625,495164,507048356,32.000000,749.000000
builtin/numeric,1024,0,32,0.000039584,808407,827809216,0.000000,0.000000
builtin/average,1024,0,32,0.000039000,820513,840205128,0.000000,0.000000
builtin/type,1024,0,32,0.000038458,832077,852046388,0.000000,0.000000
builtin/keys,1024,0,32,0.000046166,693151,709786423,8.000000,468.000000
builtin/map_builtin,1024,0,32,0.000045417,704582,721491952,3.000000,224.000000
builtin/map_closure,1024,0,32,0.000072958,438609,449135119,11.000000,1208.000000
builtin/reduce,1024,0,32,0.000051833,617367,632184130,8.000000,904.000000
builtin/sift,1024,0,32,0.000055375,577878,591747178,15.000000,1300.000000
builtin/length,10240,0,32,0.000336167,95191,974753619,0.000000,0.000000
builtin/normalize,10240,0,32,0.000351041,91157,933452218,19.000000,363.000000
builtin/split_join,10240,0,32,0.000362291,88327,904466299,32.000000,749.000000
builtin/numeric,10240,0,32,0.000339083,94372,966371065,0.000000,0.000000
builtin/average,10240,0,32,0.000322458,99238,1016194357,0.000000,0.000000
builtin/type,10240,0,32,0.000306792,104305,1068085217,0.000000,0.000000
builtin/keys,10240,0,32,0.000343958,93035,952674454,8.000000,468.000000
builtin/map_builtin,10240,0,32,0.000352958,90662,928382414,3.000000,224.000000
builtin/map_closure,10240,0,32,0.000499209,64101,656398422,11.000000,1208.000000
builtin/reduce,10240,0,32,0.000349667,91516,937120174,8.000000,904.000000
builtin/sift,10240,0,32,0.000345917,92508,947279261,15.000000,1300.000000
builtin/length,1048576,0,32,0.033921125,943,989189834,0.000000,0.000000
builtin/normalize,1048576,0,32,0.033964792,942,987918077,19.000000,363.000000
builtin/split_join,1048576,0,32,0.034035750,940,985858458,32.000000,749.000000
builtin/numeric,1048576,0,32,0.033598875,952,998677247,0.000000,0.000000
builtin/average,1048576,0,32,0.033989875,941,987189038,0.000000,0.000000
builtin/type,1048576,0,32,0.033995166,941,987035392,0.000000,0.000000
builtin/keys,1048576,0,32,0.033225083,963,1009912661,8.000000,468.000000
builtin/map_builtin,1048576,0,32,0.034023416,941,986215846,3.000000,224.000000
builtin/map_closure,1048576,0,32,0.050643375,632,662563109,11.000000,1208.000000
builtin/reduce,1048576,0,32,0.033943083,943,988549920,8.000000,904.000000
builtin/sift,1048576,0,32,0.033971750,942,987715734,15.000000,1300.000000
builtin/filter_reduce,285,0,32,0.000126667,252631,71999811,32.000000,3720.000000
builtin/planned_average,285,0,32,0.000027916,1146296,326694369,0.000000,0.000000
builtin/grouped_average,285,0,32,0.000073542,435126,124010769,10.000000,1016.000000
builtin/ordered_labels,285,0,32,0.000206250,155152,44218182,118.000000,4545.000000
builtin/merged_objects,285,0,32,0.000212333,150707,42951402,123.000000,8256.000000
builtin/each_group,285,0,32,0.000094584,338324,96422228,31.000000,2820.000000
builtin/distinct,285,0,32,0.000049500,646465,184242424,5.000000,480.000000
builtin/filter_reduce,4537,0,32,0.001834208,17446,79153509,396.000000,52680.000000
builtin/planned_average,4537,0,32,0.000434208,73697,334365097,0.000000,0.000000
builtin/grouped_average,4537,0,32,0.000993625,32205,146115486,18.000000,9656.000000
builtin/ordered_labels,4537,0,32,0.004122500,7762,35217465,1689.000000,70649.000000
builtin/merged_objects,4537,0,32,0.005134708,6232,28275026,2048.000000,137858.000000
builtin/each_group,4537,0,32,0.000936375,34174,155048992,39.000000,11460.000000
builtin/distinct,4537,0,32,0.000702167,45573,206765627,9.000000,6240.000000
builtin/filter_reduce,37737,0,32,0.014691459,2178,82196329,3087.000000,418248.000000
builtin/planned_average,37737,0,32,0.003447750,9281,350252774,0.000000,0.000000
builtin/grouped_average,37737,0,32,0.008080916,3960,149436524,24.000000,74168.000000
builtin/ordered_labels,37737,0,32,0.038696500,827,31206543,13418.000000,568305.000000
builtin/merged_objects,37737,0,32,0.155470667,206,7767279,16414.000000,1104154.000000
builtin/each_group,37737,0,32,0.007288958,4390,165673063,45.000000,75972.000000
builtin/distinct,37737,0,32,0.005572334,5743,216710628,12.000000,49248.000000
compile/helpers,0,0,32,0.000096250,332468,0,72.000000,6881.000000
helper/round,100,0,32,0.000008209,3898161,389816056,0.000000,0.000000
helper/static_round,100,0,32,0.000003375,9481481,948148148,0.000000,0.000000
helper/decimal_round,100,0,32,0.000012625,2534653,253465347,0.000000,0.000000
helper/pad,100,0,32,0.000013125,2438095,243809524,5.000000,83.000000
helper/pad_unchanged,100,0,32,0.000008041,3979605,397960453,0.000000,0.000000
helper/uri_unchanged,100,0,32,0.000008000,4000000,400000000,0.000000,0.000000
helper/base64,100,0,32,0.000010542,3035477,303547714,5.000000,48.000000
helper/sort,100,0,32,0.000014916,2145347,214534728,5.000000,264.000000
helper/zip,100,0,32,0.000019583,1634070,163407037,11.000000,816.000000
helper/single,100,0,32,0.000021166,1511859,151185864,8.000000,904.000000
helper/assert,100,0,32,0.000008417,3801830,380182963,0.000000,0.000000
helper/static_sort,100,0,32,0.000003708,8629989,862998921,1.000000,16.000000
helper/round,500,0,32,0.000021542,1485470,742735122,0.000000,0.000000
helper/static_round,500,0,32,0.000010375,3084337,1542168675,0.000000,0.000000
helper/decimal_round,500,0,32,0.000026083,1226853,613426370,0.000000,0.000000
helper/pad,500,0,32,0.000026375,1213270,606635071,5.000000,83.000000
helper/pad_unchanged,500,0,32,0.000021458,1491285,745642651,0.000000,0.000000
helper/uri_unchanged,500,0,32,0.000021250,1505882,752941176,0.000000,0.000000
helper/base64,500,0,32,0.000024125,1326425,663212435,5.000000,48.000000
helper/sort,500,0,32,0.000028167,1136081,568040615,5.000000,264.000000
helper/zip,500,0,32,0.000039250,815287,407643312,11.000000,816.000000
helper/single,500,0,32,0.000034083,938884,469442244,8.000000,904.000000
helper/assert,500,0,32,0.000021834,1465604,732802052,0.000000,0.000000
helper/static_sort,500,0,32,0.000010458,3059858,1529929241,1.000000,16.000000
helper/round,1024,0,32,0.000038792,824912,844710250,0.000000,0.000000
helper/static_round,1024,0,32,0.000018875,1695364,1736052980,0.000000,0.000000
helper/decimal_round,1024,0,32,0.000043167,741307,759098385,0.000000,0.000000
helper/pad,1024,0,32,0.000043500,735632,753287356,5.000000,83.000000
helper/pad_unchanged,1024,0,32,0.000038833,824041,843818402,0.000000,0.000000
helper/uri_unchanged,1024,0,32,0.000038459,832055,852024234,0.000000,0.000000
helper/base64,1024,0,32,0.000041000,780488,799219512,5.000000,48.000000
helper/sort,1024,0,32,0.000045208,707839,724827464,5.000000,264.000000
helper/zip,1024,0,32,0.000065083,491680,503480171,11.000000,816.000000
helper/single,1024,0,32,0.000051583,620359,635248047,8.000000,904.000000
helper/assert,1024,0,32,0.000038959,821376,841089350,0.000000,0.000000
helper/static_sort,1024,0,32,0.000019166,1669623,1709694250,1.000000,16.000000
helper/round,10240,0,32,0.000336083,95215,974997248,0.000000,0.000000
helper/static_round,10240,0,32,0.000170209,188004,1925162594,0.000000,0.000000
helper/decimal_round,10240,0,32,0.000345875,92519,947394290,0.000000,0.000000
helper/pad,10240,0,32,0.000346709,92296,945115356,5.000000,83.000000
helper/pad_unchanged,10240,0,32,0.000340583,93957,962114962,0.000000,0.000000
helper/uri_unchanged,10240,0,32,0.000335500,95380,976691505,0.000000,0.000000
helper/base64,10240,0,32,0.000338375,94570,968393055,5.000000,48.000000
helper/sort,10240,0,32,0.000342375,93465,957079226,5.000000,264.000000
helper/zip,10240,0,32,0.000511084,62612,641147052,11.000000,816.000000
helper/single,10240,0,32,0.000348292,91877,940819772,8.000000,904.000000
helper/assert,10240,0,32,0.000335958,95250,975360015,0.000000,0.000000
helper/static_sort,10240,0,32,0.000170625,187546,1920468864,1.000000,16.000000
helper/round,1048576,0,32,0.033538875,954,1000463850,0.000000,0.000000
helper/static_round,1048576,0,32,0.017163625,1864,1954973498,0.000000,0.000000
helper/decimal_round,1048576,0,32,0.033953166,942,988256353,0.000000,0.000000
helper/pad,1048576,0,32,0.033489792,956,1001930140,5.000000,83.000000
helper/pad_unchanged,1048576,0,32,0.034009542,941,986618167,0.000000,0.000000
helper/uri_unchanged,1048576,0,32,0.033973959,942,987651513,0.000000,0.000000
helper/base64,1048576,0,32,0.033969708,942,987775108,5.000000,48.000000
helper/sort,1048576,0,32,0.033964709,942,987920491,5.000000,264.000000
helper/zip,1048576,0,32,0.050637750,632,662636709,11.000000,816.000000
helper/single,1048576,0,32,0.033975417,942,987609129,8.000000,904.000000
helper/assert,1048576,0,32,0.033407417,958,1004400669,0.000000,0.000000
helper/static_sort,1048576,0,32,0.017196334,1861,1951254959,1.000000,16.000000
helper/sort_sequence,162,0,32,0.000044625,717087,116168067,9.000000,992.000000
helper/zip_sequence,162,0,32,0.000068042,470298,76188237,28.000000,2160.000000
helper/sort_callback,162,0,32,0.000173500,184438,29878963,52.000000,5928.000000
helper/single_sequence,162,0,32,0.000053959,593043,96072944,16.000000,2040.000000
helper/group_round,162,0,32,0.000078125,409600,66355200,10.000000,1016.000000
helper/filtered_sorted,162,0,32,0.000163459,195768,31714375,66.000000,4020.000000
helper/sort_sequence,2588,0,32,0.000685042,46712,120891858,17.000000,17312.000000
helper/zip_sequence,2588,0,32,0.000890500,35935,92999439,280.000000,30960.000000
helper/sort_callback,2588,0,32,0.005081042,6298,16299019,1372.000000,181480.000000
helper/single_sequence,2588,0,32,0.000694083,46104,119317142,140.000000,27000.000000
helper/group_round,2588,0,32,0.000695833,45988,119017063,18.000000,9656.000000
helper/filtered_sorted,2588,0,32,0.003760125,8510,22024800,1364.000000,107697.000000
helper/sort_sequence,21428,0,32,0.005895792,5428,116302610,23.000000,139168.000000
helper/zip_sequence,21428,0,32,0.006824417,4689,100476861,2081.000000,246000.000000
helper/sort_callback,21428,0,32,0.055073542,581,12450552,15397.000000,1990888.000000
helper/single_sequence,21428,0,32,0.005452041,5869,125768680,1039.000000,213368.000000
helper/group_round,21428,0,32,0.005389209,5938,127234999,24.000000,74168.000000
helper/filtered_sorted,21428,0,32,0.036718250,872,18674528,13040.000000,1129709.000000
helper/uri_roundtrip,136,0,32,0.000147167,217440,29571847,24.000000,5422.000000
helper/base64_roundtrip,136,0,32,0.000055375,577878,78591422,19.000000,2097.000000
helper/uri_roundtrip,1031,0,32,0.000970917,32959,33980248,30.000000,43363.000000
helper/base64_roundtrip,1031,0,32,0.000297375,107608,110944094,22.000000,16434.000000
helper/uri_roundtrip,10251,0,32,0.009598792,3334,34174300,36.000000,409675.000000
helper/base64_roundtrip,10251,0,32,0.002734833,11701,119945898,25.000000,156066.000000
helper/uri_roundtrip,1048586,0,32,1.016599334,31,33006860,50.000000,44459678.000000
helper/base64_roundtrip,1048586,0,32,0.275911500,116,121614184,32.000000,16812233.000000
compile/conversion,0,0,32,0.000119584,267594,0,105.000000,7353.000000
compile/composition,0,0,32,0.000044708,715756,0,36.000000,2825.000000
conversion/string_identity,100,0,32,0.000004208,7604563,760456274,0.000000,0.000000
conversion/number_text,100,0,32,0.000004916,6509357,650935720,0.000000,0.000000
conversion/number_value,100,0,32,0.000004833,6621146,662114629,0.000000,0.000000
conversion/string_number,100,0,32,0.000013084,2445735,244573525,8.000000,108.000000
conversion/string_object,100,0,32,0.000016000,2000000,200000000,12.000000,423.000000
conversion/string_pretty,100,0,32,0.000021708,1474111,147411093,12.000000,453.000000
conversion/concat,100,0,32,0.000025250,1267327,126732673,14.000000,254.000000
conversion/folded,100,0,32,0.000003250,9846154,984615385,0.000000,0.000000
conversion/constructor,100,0,32,0.000032667,979582,97958184,13.000000,564.000000
conversion/chain_direct,100,0,32,0.000019125,1673203,167320261,12.000000,214.000000
conversion/chain_values,100,0,32,0.000032833,974629,97462918,28.000000,1176.000000
conversion/partial,100,0,32,0.000030792,1039231,103923097,25.000000,1238.000000
conversion/partial_reused,100,0,32,0.000044958,711775,71177543,33.000000,2212.000000
conversion/sum_direct,100,0,32,0.000008583,3728300,372830013,0.000000,0.000000
conversion/sum_chain,100,0,32,0.000008625,3710145,371014493,0.000000,0.000000
conversion/sum_function,100,0,32,0.000011334,2823363,282336333,4.000000,232.000000
conversion/sum_partial,100,0,32,0.000012833,2493571,249357126,6.000000,336.000000
rust/number_text,100,0,32,0.000004125,7757576,775757576,0.000000,0.000000
conversion/string_identity,500,0,32,0.000011000,2909091,1454545455,0.000000,0.000000
conversion/number_text,500,0,32,0.000011750,2723404,1361702128,0.000000,0.000000
conversion/number_value,500,0,32,0.000011708,2733174,1366586949,0.000000,0.000000
conversion/string_number,500,0,32,0.000019875,1610063,805031447,8.000000,108.000000
conversion/string_object,500,0,32,0.000022958,1393850,696924819,12.000000,423.000000
conversion/string_pretty,500,0,32,0.000035584,899281,449640288,12.000000,453.000000
conversion/concat,500,0,32,0.000049458,647014,323506814,14.000000,254.000000
conversion/folded,500,0,32,0.000010208,3134796,1567398119,0.000000,0.000000
conversion/constructor,500,0,32,0.000060167,531853,265926505,13.000000,564.000000
conversion/chain_direct,500,0,32,0.000032625,980843,490421456,12.000000,214.000000
conversion/chain_values,500,0,32,0.000045791,698827,349413640,28.000000,1176.000000
conversion/partial,500,0,32,0.000044666,716429,358214302,25.000000,1238.000000
conversion/partial_reused,500,0,32,0.000065208,490737,245368666,33.000000,2212.000000
conversion/sum_direct,500,0,32,0.000021917,1460054,730026920,0.000000,0.000000
conversion/sum_chain,500,0,32,0.000021875,1462857,731428571,0.000000,0.000000
conversion/sum_function,500,0,32,0.000024667,1297280,648639883,4.000000,232.000000
conversion/sum_partial,500,0,32,0.000026083,1226853,613426370,6.000000,336.000000
rust/number_text,500,0,32,0.000010875,2942529,1471264368,0.000000,0.000000
conversion/string_identity,1024,0,32,0.000019750,1620253,1659139241,0.000000,0.000000
conversion/number_text,1024,0,32,0.000020500,1560976,1598439024,0.000000,0.000000
conversion/number_value,1024,0,32,0.000020375,1570552,1608245399,0.000000,0.000000
conversion/string_number,1024,0,32,0.000028583,1119547,1146415702,8.000000,108.000000
conversion/string_object,1024,0,32,0.000031375,1019920,1044398406,12.000000,423.000000
conversion/string_pretty,1024,0,32,0.000052333,611469,626144116,12.000000,453.000000
conversion/concat,1024,0,32,0.000070750,452297,463151943,14.000000,254.000000
conversion/folded,1024,0,32,0.000018917,1691600,1732198552,0.000000,0.000000
conversion/constructor,1024,0,32,0.000094459,338771,346901830,13.000000,564.000000
conversion/chain_direct,1024,0,32,0.000049708,643760,659209785,12.000000,214.000000
conversion/chain_values,1024,0,32,0.000062584,511313,523584303,28.000000,1176.000000
conversion/partial,1024,0,32,0.000061666,518925,531378718,25.000000,1238.000000
conversion/partial_reused,1024,0,32,0.000090458,353755,362245462,33.000000,2212.000000
conversion/sum_direct,1024,0,32,0.000039208,816160,835747807,0.000000,0.000000
conversion/sum_chain,1024,0,32,0.000039125,817891,837520767,0.000000,0.000000
conversion/sum_function,1024,0,32,0.000041834,764928,783286322,4.000000,232.000000
conversion/sum_partial,1024,0,32,0.000043541,734939,752578030,6.000000,336.000000
rust/number_text,1024,0,32,0.000019667,1627091,1666141252,0.000000,0.000000
conversion/string_identity,10240,0,32,0.000170958,187180,1916728085,0.000000,0.000000
conversion/number_text,10240,0,32,0.000171792,186272,1907422930,0.000000,0.000000
conversion/number_value,10240,0,32,0.000171708,186363,1908356046,0.000000,0.000000
conversion/string_number,10240,0,32,0.000180084,177695,1819595300,8.000000,108.000000
conversion/string_object,10240,0,32,0.000182792,175062,1792638628,12.000000,423.000000
conversion/string_pretty,10240,0,32,0.000330959,96689,990092428,12.000000,453.000000
conversion/concat,10240,0,32,0.000516541,61951,634373651,14.000000,254.000000
conversion/folded,10240,0,32,0.000170125,188097,1926113152,0.000000,0.000000
conversion/constructor,10240,0,32,0.000682792,46866,479911891,13.000000,564.000000
conversion/chain_direct,10240,0,32,0.000357709,89458,916051875,12.000000,214.000000
conversion/chain_values,10240,0,32,0.000364250,87852,899601922,28.000000,1176.000000
conversion/partial,10240,0,32,0.000358500,89261,914030683,25.000000,1238.000000
conversion/partial_reused,10240,0,32,0.000532583,60085,615265602,33.000000,2212.000000
conversion/sum_direct,10240,0,32,0.000342709,93374,956146468,0.000000,0.000000
conversion/sum_chain,10240,0,32,0.000338666,94488,967560960,0.000000,0.000000
conversion/sum_function,10240,0,32,0.000355125,90109,922717353,4.000000,232.000000
conversion/sum_partial,10240,0,32,0.000346458,92363,945800068,6.000000,336.000000
rust/number_text,10240,0,32,0.000173334,184615,1890454267,0.000000,0.000000
conversion/string_identity,1048576,0,32,0.017241083,1856,1946190503,0.000000,0.000000
conversion/number_text,1048576,0,32,0.017381625,1841,1930454258,0.000000,0.000000
conversion/number_value,1048576,0,32,0.017234459,1857,1946938514,0.000000,0.000000
conversion/string_number,1048576,0,32,0.017020416,1880,1971422555,8.000000,108.000000
conversion/string_object,1048576,0,32,0.017268084,1853,1943147369,12.000000,423.000000
conversion/string_pretty,1048576,0,32,0.033945834,943,988469808,12.000000,453.000000
conversion/concat,1048576,0,32,0.050348792,636,666439664,14.000000,254.000000
conversion/folded,1048576,0,32,0.017217666,1859,1948837432,0.000000,0.000000
conversion/constructor,1048576,0,32,0.067332000,475,498343017,13.000000,564.000000
conversion/chain_direct,1048576,0,32,0.033540583,954,1000412903,12.000000,214.000000
conversion/chain_values,1048576,0,32,0.033992083,941,987124914,28.000000,1176.000000
conversion/partial,1048576,0,32,0.033966291,942,987874478,25.000000,1238.000000
conversion/partial_reused,1048576,0,32,0.050373709,635,666110014,33.000000,2212.000000
conversion/sum_direct,1048576,0,32,0.033949959,943,988349706,0.000000,0.000000
conversion/sum_chain,1048576,0,32,0.033975375,942,987610350,0.000000,0.000000
conversion/sum_function,1048576,0,32,0.033971416,942,987725445,4.000000,232.000000
conversion/sum_partial,1048576,0,32,0.033953417,942,988249047,6.000000,336.000000
rust/number_text,1048576,0,32,0.017255875,1854,1944522199,0.000000,0.000000
composition/numeric_pipeline,234,0,32,0.000102667,311687,72934828,17.000000,1736.000000
composition/labels,234,0,32,0.000170875,187271,43821507,47.000000,2705.000000
composition/grouping,234,0,32,0.000116417,274874,64320503,38.000000,1328.000000
composition/static_lookup,234,0,32,0.000115417,277256,64877791,52.000000,3120.000000
composition/direct_fold,74,0,32,0.000017459,1832866,135632052,0.000000,0.000000
composition/chained_fold,74,0,32,0.000018333,1745486,129165985,0.000000,0.000000
composition/numeric_pipeline,3886,0,32,0.001451875,22040,85649247,145.000000,22856.000000
composition/labels,3886,0,32,0.003275625,9769,37962832,479.000000,38917.000000
composition/grouping,3886,0,32,0.001550125,20643,80220627,466.000000,14648.000000
composition/static_lookup,3886,0,32,0.001697500,18851,73255965,716.000000,44280.000000
composition/direct_fold,1180,0,32,0.000262416,121944,143893665,0.000000,0.000000
composition/chained_fold,1180,0,32,0.000256583,124716,147164855,0.000000,0.000000
composition/numeric_pipeline,32606,0,32,0.011385417,2811,91642845,1047.000000,180552.000000
composition/labels,32606,0,32,0.031373333,1020,33257289,3625.000000,329737.000000
composition/grouping,32606,0,32,0.012180875,2627,85658214,3608.000000,114104.000000
composition/static_lookup,32606,0,32,0.013552334,2361,76989838,5647.000000,351608.000000
composition/direct_fold,10164,0,32,0.001998917,16009,162712109,0.000000,0.000000
composition/chained_fold,10164,0,32,0.002025167,15801,160603052,0.000000,0.000000
compile/regex,0,0,32,0.000171750,186317,0,86.000000,7496.000000
compile/regex_callback,0,0,32,0.000101709,314623,0,81.000000,6397.000000
matcher/contains,100,0,32,0.000008417,3801830,380182963,3.000000,152.000000
matcher/no_match,100,0,32,0.000009792,3267974,326797386,3.000000,152.000000
matcher/literal_contains,100,0,32,0.000012500,2560000,256000000,5.000000,158.000000
matcher/captures,100,0,32,0.000029291,1092486,109248575,30.000000,1376.000000
matcher/replace,100,0,32,0.000019167,1669536,166953618,12.000000,447.000000
matcher/replace_captures,100,0,32,0.000023000,1391304,139130435,16.000000,789.000000
matcher/replace_callback,100,0,32,0.000074542,429288,42928819,58.000000,2977.000000
matcher/split,100,0,32,0.000031667,1010516,101051568,30.000000,1064.000000
matcher/closure,100,0,32,0.000017041,1877824,187782407,11.000000,920.000000
matcher/next,100,0,32,0.000039875,802508,80250784,31.000000,2120.000000
matcher/lookaround,100,0,32,0.000021125,1514793,151479290,23.000000,952.000000
matcher/literal_replace,100,0,32,0.000011625,2752688,275268817,5.000000,191.000000
rust/matcher_contains,100,0,32,0.000003500,9142857,914285714,1.000000,40.000000
matcher/contains,500,0,32,0.000021750,1471264,735632184,3.000000,152.000000
matcher/no_match,500,0,32,0.000023167,1381275,690637545,3.000000,152.000000
matcher/literal_contains,500,0,32,0.000025875,1236715,618357488,5.000000,158.000000
matcher/captures,500,0,32,0.000043583,734231,367115618,30.000000,1376.000000
matcher/replace,500,0,32,0.000032541,983375,491687410,12.000000,447.000000
matcher/replace_captures,500,0,32,0.000037292,858093,429046444,16.000000,789.000000
matcher/replace_callback,500,0,32,0.000082666,387100,193549948,58.000000,2977.000000
matcher/split,500,0,32,0.000044042,726579,363289587,30.000000,1064.000000
matcher/closure,500,0,32,0.000030375,1053498,526748971,11.000000,920.000000
matcher/next,500,0,32,0.000053042,603296,301647751,31.000000,2120.000000
matcher/lookaround,500,0,32,0.000034584,925283,462641684,23.000000,952.000000
matcher/literal_replace,500,0,32,0.000025041,1277904,638952119,5.000000,191.000000
rust/matcher_contains,500,0,32,0.000010375,3084337,1542168675,1.000000,40.000000
matcher/contains,1024,0,32,0.000038833,824041,843818402,3.000000,152.000000
matcher/no_match,1024,0,32,0.000040167,796674,815794060,3.000000,152.000000
matcher/literal_contains,1024,0,32,0.000043042,743460,761302913,5.000000,158.000000
matcher/captures,1024,0,32,0.000059875,534447,547273486,30.000000,1376.000000
matcher/replace,1024,0,32,0.000049375,648101,663655696,12.000000,447.000000
matcher/replace_captures,1024,0,32,0.000053084,602818,617285811,16.000000,789.000000
matcher/replace_callback,1024,0,32,0.000098666,324327,332110352,58.000000,2977.000000
matcher/split,1024,0,32,0.000061375,521385,533898167,30.000000,1064.000000
matcher/closure,1024,0,32,0.000047417,674863,691060168,11.000000,920.000000
matcher/next,1024,0,32,0.000069875,457961,468951699,31.000000,2120.000000
matcher/lookaround,1024,0,32,0.000051625,619855,634731235,23.000000,952.000000
matcher/literal_replace,1024,0,32,0.000042083,760402,778651712,5.000000,191.000000
rust/matcher_contains,1024,0,32,0.000019000,1684211,1724631579,1.000000,40.000000
matcher/contains,10240,0,32,0.000335750,95309,975964259,3.000000,152.000000
matcher/no_match,10240,0,32,0.000337250,94885,971623425,3.000000,152.000000
matcher/literal_contains,10240,0,32,0.000340250,94048,963056576,5.000000,158.000000
matcher/captures,10240,0,32,0.000365375,87581,896832022,30.000000,1376.000000
matcher/replace,10240,0,32,0.000353125,90619,927943363,12.000000,447.000000
matcher/replace_captures,10240,0,32,0.000350292,91352,935448140,16.000000,789.000000
matcher/replace_callback,10240,0,32,0.000395833,80842,827823855,58.000000,2977.000000
matcher/split,10240,0,32,0.000358833,89178,913182455,30.000000,1064.000000
matcher/closure,10240,0,32,0.000348167,91910,941157548,11.000000,920.000000
matcher/next,10240,0,32,0.000367125,87164,892557031,31.000000,2120.000000
matcher/lookaround,10240,0,32,0.000359250,89074,912122477,23.000000,952.000000
matcher/literal_replace,10240,0,32,0.000339083,94372,966371065,5.000000,191.000000
rust/matcher_contains,10240,0,32,0.000170292,187913,1924224274,1.000000,40.000000
matcher/contains,1048576,0,32,0.033933333,943,988833959,3.000000,152.000000
matcher/no_match,1048576,0,32,0.033921541,943,989177703,3.000000,152.000000
matcher/literal_contains,1048576,0,32,0.033937917,943,988700397,5.000000,158.000000
matcher/captures,1048576,0,32,0.033995834,941,987015997,30.000000,1376.000000
matcher/replace,1048576,0,32,0.033957750,942,988122947,12.000000,447.000000
matcher/replace_captures,1048576,0,32,0.033959167,942,988081716,16.000000,789.000000
matcher/replace_callback,1048576,0,32,0.034046500,940,985547178,58.000000,2977.000000
matcher/split,1048576,0,32,0.033729209,949,994818230,30.000000,1064.000000
matcher/closure,1048576,0,32,0.034000292,941,986886583,11.000000,920.000000
matcher/next,1048576,0,32,0.033850791,945,991245138,31.000000,2120.000000
matcher/lookaround,1048576,0,32,0.033334375,960,1006601504,23.000000,952.000000
matcher/literal_replace,1048576,0,32,0.033989541,941,987198739,5.000000,191.000000
rust/matcher_contains,1048576,0,32,0.017234125,1857,1946976246,1.000000,40.000000
matcher/long_contains,149,0,32,0.000021583,1482648,220914609,4.000000,312.000000
matcher/long_no_match,149,0,32,0.000020250,1580247,235456790,3.000000,152.000000
matcher/long_replace,149,0,32,0.000033792,946970,141098485,12.000000,1447.000000
matcher/repeated_replace,171,0,32,0.000138208,231535,39592498,142.000000,9218.000000
matcher/limited_captures,171,0,32,0.000049542,645917,110451738,60.000000,2736.000000
matcher/long_contains,4117,0,32,0.000441417,72494,298457015,4.000000,312.000000
matcher/long_no_match,4117,0,32,0.000439666,72783,299645640,3.000000,152.000000
matcher/long_replace,4117,0,32,0.000619417,51661,212690320,12.000000,33191.000000
matcher/repeated_replace,5131,0,32,0.003621334,8837,45340198,4115.000000,288962.000000
matcher/limited_captures,5131,0,32,0.000219709,145647,747315768,60.000000,2736.000000
matcher/long_contains,65557,0,32,0.006934000,4615,302541679,4.000000,312.000000
matcher/long_no_match,65557,0,32,0.006966958,4593,301110470,3.000000,152.000000
matcher/long_replace,65557,0,32,0.009619834,3326,218072786,12.000000,524711.000000
matcher/repeated_replace,81931,0,32,0.058507041,547,44811564,65559.000000,4620482.000000
matcher/limited_captures,81931,0,32,0.002844708,11249,921638354,60.000000,2736.000000
matcher/unicode_contains,139,0,32,0.000020834,1535951,213497168,7.000000,636.000000
matcher/unicode_replace,139,0,32,0.000035250,907801,126184397,17.000000,1338.000000
matcher/unicode_captures,139,0,32,0.000047916,667835,92829118,42.000000,2210.000000
matcher/unicode_zero_limit,139,0,32,0.000010958,2920241,405913488,2.000000,112.000000
matcher/unicode_contains,2059,0,32,0.000176834,180961,372598030,7.000000,7516.000000
matcher/unicode_replace,2059,0,32,0.000255208,125388,258173725,17.000000,16138.000000
matcher/unicode_captures,2059,0,32,0.000206542,154932,319005335,42.000000,9090.000000
matcher/unicode_zero_limit,2059,0,32,0.000099417,321877,662743796,2.000000,112.000000
matcher/unicode_contains,32779,0,32,0.002675750,11959,392012707,7.000000,117596.000000
matcher/unicode_replace,32779,0,32,0.003705708,8635,283057381,17.000000,252938.000000
matcher/unicode_captures,32779,0,32,0.002751625,11629,381203107,42.000000,119170.000000
matcher/unicode_zero_limit,32779,0,32,0.001514958,21123,692380911,2.000000,112.000000
matcher/filtered_sum,206,0,32,0.000097709,327503,67465638,63.000000,3736.000000
matcher/mixed,206,0,32,0.000225000,142222,29297778,133.000000,7492.000000
matcher/grouped,206,0,32,0.000111042,288179,59364925,54.000000,2524.000000
matcher/filtered_sum,3292,0,32,0.001429208,22390,73707956,915.000000,61096.000000
matcher/mixed,3292,0,32,0.003193166,10021,32990455,1945.000000,111952.000000
matcher/grouped,3292,0,32,0.001578834,20268,66722657,722.000000,33784.000000
matcher/filtered_sum,27060,0,32,0.010846834,2950,79831590,7196.000000,489384.000000
matcher/mixed,27060,0,32,0.024578708,1302,35230493,15394.000000,891920.000000
matcher/grouped,27060,0,32,0.012173250,2629,71133017,5656.000000,267192.000000
compile/parent,0,0,32,0.000066542,480899,0,58.000000,5189.000000
compile/transform,0,0,32,0.000066375,482109,0,62.000000,4501.000000
parent/filter,150,0,32,0.000042708,749274,112391121,9.000000,784.000000
parent/nested,150,0,32,0.000060500,528926,79338843,16.000000,1648.000000
parent/sort,150,0,32,0.000038959,821376,123206448,14.000000,1088.000000
parent/constructor,150,0,32,0.000047500,673684,101052632,15.000000,1376.000000
parent/closure,150,0,32,0.000049250,649746,97461929,16.000000,1840.000000
parent/group,150,0,32,0.000046292,691264,103689622,20.000000,1960.000000
parent/tuple,150,0,32,0.000052916,604732,90709804,17.000000,1568.000000
parent/focus_control,150,0,32,0.000052125,613909,92086331,10.000000,1160.000000
transform/clone,150,0,32,0.000033708,949330,142399430,10.000000,1136.000000
transform/update,150,0,32,0.000117875,271474,40721103,57.000000,5428.000000
transform/no_match,150,0,32,0.000060166,531862,79779277,21.000000,1672.000000
transform/update_write,150,0,32,0.000132042,242347,36352070,59.000000,5696.000000
parent/filter,500,0,32,0.000055083,580941,290470744,9.000000,784.000000
parent/nested,500,0,32,0.000063041,507606,253803081,16.000000,1648.000000
parent/sort,500,0,32,0.000050375,635236,317617866,14.000000,1088.000000
parent/constructor,500,0,32,0.000058875,543524,271762208,15.000000,1376.000000
parent/closure,500,0,32,0.000061709,518563,259281466,16.000000,1840.000000
parent/group,500,0,32,0.000057667,554910,277455044,20.000000,1960.000000
parent/tuple,500,0,32,0.000064791,493896,246947879,17.000000,1568.000000
parent/focus_control,500,0,32,0.000064250,498054,249027237,10.000000,1160.000000
transform/clone,500,0,32,0.000045292,706527,353263269,10.000000,1136.000000
transform/update,500,0,32,0.000140750,227353,113676732,57.000000,5428.000000
transform/no_match,500,0,32,0.000077750,411576,205787781,21.000000,1672.000000
transform/update_write,500,0,32,0.000163792,195370,97684869,59.000000,5696.000000
parent/filter,1024,0,32,0.000071666,446516,457232160,9.000000,784.000000
parent/nested,1024,0,32,0.000079459,402723,412388779,16.000000,1648.000000
parent/sort,1024,0,32,0.000067333,475250,486655875,14.000000,1088.000000
parent/constructor,1024,0,32,0.000075417,424308,434490897,15.000000,1376.000000
parent/closure,1024,0,32,0.000078333,408512,418316674,16.000000,1840.000000
parent/group,1024,0,32,0.000075041,426434,436667955,20.000000,1960.000000
parent/tuple,1024,0,32,0.000081916,390644,400019532,17.000000,1568.000000
parent/focus_control,1024,0,32,0.000080750,396285,405795666,10.000000,1160.000000
transform/clone,1024,0,32,0.000062417,512681,524985180,10.000000,1136.000000
transform/update,1024,0,32,0.000174583,183294,187692960,57.000000,5428.000000
transform/no_match,1024,0,32,0.000102917,310930,318392491,21.000000,1672.000000
transform/update_write,1024,0,32,0.000210292,152169,155821429,59.000000,5696.000000
parent/filter,10240,0,32,0.000368083,86937,890233996,9.000000,784.000000
parent/nested,10240,0,32,0.000388708,82324,842997829,16.000000,1648.000000
parent/sort,10240,0,32,0.000364584,87771,898777785,14.000000,1088.000000
parent/constructor,10240,0,32,0.000373292,85724,877811472,15.000000,1376.000000
parent/closure,10240,0,32,0.000380959,83999,860145055,16.000000,1840.000000
parent/group,10240,0,32,0.000355166,90099,922610835,20.000000,1960.000000
parent/tuple,10240,0,32,0.000367000,87193,892861035,17.000000,1568.000000
parent/focus_control,10240,0,32,0.000377125,84853,868889625,10.000000,1160.000000
transform/clone,10240,0,32,0.000359375,89043,911805217,10.000000,1136.000000
transform/update,10240,0,32,0.000773875,41350,423427556,57.000000,5428.000000
transform/no_match,10240,0,32,0.000563083,56830,581939075,21.000000,1672.000000
transform/update_write,10240,0,32,0.001003500,31888,326537120,59.000000,5696.000000
parent/filter,65536,0,32,0.002167208,14766,967674538,9.000000,784.000000
parent/nested,65536,0,32,0.002140917,14947,979557825,16.000000,1648.000000
parent/sort,65536,0,32,0.002155500,14846,972930643,14.000000,1088.000000
parent/constructor,65536,0,32,0.002156625,14838,972423115,15.000000,1376.000000
parent/closure,65536,0,32,0.002161083,14807,970417147,16.000000,1840.000000
parent/group,65536,0,32,0.002199500,14549,953467606,20.000000,1960.000000
parent/tuple,65536,0,32,0.002173958,14720,964669971,17.000000,1568.000000
parent/focus_control,65536,0,32,0.002179750,14681,962106664,10.000000,1160.000000
transform/clone,65536,0,32,0.002141917,14940,979100497,10.000000,1136.000000
transform/update,65536,0,32,0.004337041,7378,483544426,57.000000,5428.000000
transform/no_match,65536,0,32,0.003221375,9934,651011447,21.000000,1672.000000
transform/update_write,65536,0,32,0.005805125,5512,361258715,59.000000,5696.000000
parent/filter,1048576,0,32,0.033641417,951,997414348,9.000000,784.000000
parent/nested,1048576,0,32,0.033449292,957,1003143265,16.000000,1648.000000
parent/sort,1048576,0,32,0.033994917,941,987042622,14.000000,1088.000000
parent/constructor,1048576,0,32,0.034001292,941,986857558,15.000000,1376.000000
parent/closure,1048576,0,32,0.034005042,941,986748730,16.000000,1840.000000
parent/group,1048576,0,32,0.034007958,941,986664121,20.000000,1960.000000
parent/tuple,1048576,0,32,0.033084250,967,1014211657,17.000000,1568.000000
parent/focus_control,1048576,0,32,0.033873083,945,990592796,10.000000,1160.000000
transform/clone,1048576,0,32,0.033936458,943,988742903,10.000000,1136.000000
transform/update,1048576,0,32,0.067437583,475,497562791,57.000000,5428.000000
transform/no_match,1048576,0,32,0.050830875,630,660119111,21.000000,1672.000000
transform/update_write,1048576,0,32,0.090800916,352,369538475,59.000000,5696.000000
parent/wide_filter_sum,73,0,32,0.000050708,631064,46067682,9.000000,784.000000
parent/wide_sort,73,0,32,0.000046125,693767,50644986,18.000000,1424.000000
transform/wide_update,73,0,32,0.000086458,370122,27018899,46.000000,4884.000000
transform/wide_write,73,0,32,0.000103042,310553,22670367,54.000000,5784.000000
parent/wide_filter_sum,2048,0,32,0.000894833,35761,73238247,133.000000,13184.000000
parent/wide_sort,2048,0,32,0.003090750,10353,21203915,332.000000,33536.000000
transform/wide_update,2048,0,32,0.001936500,16525,33842499,804.000000,90544.000000
transform/wide_write,2048,0,32,0.002448750,13068,26763042,1060.000000,119344.000000
parent/wide_filter_sum,33180,0,32,0.013858459,2309,76614579,2053.000000,205184.000000
parent/wide_sort,33180,0,32,0.074727292,428,14208463,5136.000000,532736.000000
transform/wide_update,33180,0,32,0.031546458,1014,33657027,12490.000000,1434360.000000
transform/wide_write,33180,0,32,0.039566833,809,26834597,16586.000000,1895160.000000
