cargo fmt --all -- --check
just clippy
cargo clippy --workspace --all-targets --all-features --locked -- -D warnings
    Checking jx v0.1.0 (/Users/josh/Documents/Workspace/jo-cube/jx/crates/jx)
    Finished `dev` profile [unoptimized + debuginfo] target(s) in 0.47s
just test
cargo test --workspace --all-features --locked
    Finished `test` profile [unoptimized + debuginfo] target(s) in 0.06s
     Running unittests src/lib.rs (target/debug/deps/jx-5c96f2e0bb1691e3)

running 19 tests
test json::string::tests::size_hints_bound_remaining_units ... ok
test json::string::tests::equal_strings_have_equal_fingerprints ... ok
test constant::tests::fingerprint_collisions_require_exact_key_equality ... ok
test function::acquire::tests::effects_in_arguments_and_dynamic_targets_stay_on_the_tree ... ok
test plan::tests::dynamic_effects_and_retained_results_do_not_lower_as_callbacks ... ok
test plan::tests::whole_regions_lower ... ok
test plan::tests::nested_demands_preserve_replacement_and_array_fallback ... ok
test runtime::tests::an_older_frame_write_keeps_its_new_capture_alive ... ok
test runtime::tests::closure_focus_is_an_escape_root_even_with_an_older_frame ... ok
test plan::tests::shared_computations_keep_wide_constructors_in_one_region ... ok
test value::tests::concatenation_preserves_encoding_and_shared_identity ... ok
test runtime::tests::temporary_captures_release_their_frames_before_record_completion ... ok
test plan::tests::pure_callback_folds_match_staged_tree_errors ... ok
test function::acquire::tests::captured_calls_match_original_calls_and_exact_errors ... ok
test plan::tests::plan_and_tree_agree_on_values_and_exact_errors ... ok
test plan::tests::parameter_regions_lower_and_match_original_calls ... ok
test plan::tests::native_regions_match_interpreter_and_error_fallback ... ok
test plan::tests::fixed_objects_lookup_and_capture_match_the_tree ... ok
test plan::tests::branches_and_folds_match_the_tree ... ok

test result: ok. 19 passed; 0 failed; 0 ignored; 0 measured; 0 filtered out; finished in 2.09s

     Running tests/acquisition.rs (target/debug/deps/acquisition-fddd630ef24f00c6)

running 2 tests
test captured_arguments_borrow_input_and_validation_precedes_effects ... ok
test acquisition_lookup_and_string_results ... ok

test result: ok. 2 passed; 0 failed; 0 ignored; 0 measured; 0 filtered out; finished in 0.00s

     Running tests/aggregates.rs (target/debug/deps/aggregates-e8734b6346d56d17)

running 5 tests
test aggregate_calls_keep_syntax_and_depth_limits_explicit ... ok
test aggregates_preserve_ieee_values_and_signed_zero ... ok
test validation_cancellation_and_mapped_aggregate_errors ... ok
test aggregate_arguments_finish_before_type_or_arity_checks ... ok
test aggregate_semantics ... ok

test result: ok. 5 passed; 0 failed; 0 ignored; 0 measured; 0 filtered out; finished in 0.01s

     Running tests/builtins.rs (target/debug/deps/builtins-66305aca1dd372f4)

running 5 tests
test missing_matchers_and_host_exceptions_are_explicit ... ok
test computed_strings_preserve_json_encoding_and_surrogate_units ... ok
test validation_and_argument_errors_precede_callback_execution ... ok
test builtin_retention_keeps_input_borrowing_and_evaluates_arguments_once ... ok
test builtin_semantics ... ok

test result: ok. 5 passed; 0 failed; 0 ignored; 0 measured; 0 filtered out; finished in 0.01s

     Running tests/compiler.rs (target/debug/deps/compiler-6689f7cc0f07a3db)

running 4 tests
test constant_errors_remain_runtime_errors_after_validation ... ok
test static_lookup_still_validates_and_normalizes_its_key ... ok
test constant_construction_keeps_identity_and_shape ... ok
test lookup_shapes_keys_and_calls ... ok

test result: ok. 4 passed; 0 failed; 0 ignored; 0 measured; 0 filtered out; finished in 0.00s

     Running tests/composition.rs (target/debug/deps/composition-d091b762db445c15)

running 7 tests
test concatenation_preserves_escape_and_surrogate_boundaries ... ok
test string_identity_and_partial_arguments_keep_borrowing ... ok
test validation_and_error_order_are_preserved ... ok
test jsonata_stringification_is_distinct_from_output_serialization ... ok
test composed_calls_keep_resource_limits_and_record_isolation ... ok
test direct_path_conversion_matches_dynamic_calls ... ok
test conversion_and_composition_semantics ... ok

test result: ok. 7 passed; 0 failed; 0 ignored; 0 measured; 0 filtered out; finished in 0.01s

     Running tests/conformance.rs (target/debug/deps/conformance-0fc7605ce1f87cd0)

running 1 test
test pinned_upstream_groups_have_explicit_expected_outcomes ... ok

test result: ok. 1 passed; 0 failed; 0 ignored; 0 measured; 0 filtered out; finished in 2.26s

     Running tests/consolidation.rs (target/debug/deps/consolidation-3c313049375ebe4e)

running 5 tests
test traversal_cancellation_still_follows_complete_validation ... ok
test immediate_calls_preserve_rebinding_and_escaping_captures ... ok
test nested_lookup_preserves_array_boundaries_and_decoded_duplicate_keys ... ok
test wide_groups_compare_encoded_keys_without_losing_member_order ... ok
test ordering_and_grouping_preserve_upstream_outcomes ... ok

test result: ok. 5 passed; 0 failed; 0 ignored; 0 measured; 0 filtered out; finished in 0.00s

     Running tests/constructors.rs (target/debug/deps/constructors-d3cfc7bb58f9822a)

running 9 tests
test null_collapse_reports_a_type_error_instead_of_a_host_exception ... ok
test implicit_string_iteration_after_constructor_collapse_is_explicitly_deferred ... ok
test serialization_keeps_unicode_units_and_arbitrary_json_keys ... ok
test construction_preserves_internal_numbers_and_undefined ... ok
test containers_own_structure_and_retain_borrowed_members ... ok
test object_construction_does_not_mutate_empty_input_arrays ... ok
test construction_validates_before_output_and_cancels_between_containers ... ok
test constructor_syntax_and_depth_are_bounded ... ok
test constructor_semantics ... ok

test result: ok. 9 passed; 0 failed; 0 ignored; 0 measured; 0 filtered out; finished in 0.01s

     Running tests/effects.rs (target/debug/deps/effects-28541024366eac56)

running 8 tests
test skipped_effects_and_trivial_shuffles_do_not_draw ... ok
test dynamic_randomness_shares_the_injected_source ... ok
test compatibility_boundaries_are_explicit ... ok
test dynamic_results_borrow_input_and_validation_precedes_effects ... ok
test dynamic_errors_preserve_effects_and_shuffle_uses_one_shared_stream ... ok
test eval_errors_keep_the_nested_diagnostic ... ok
test injected_randomness_is_shared_and_not_replayed ... ok
test dynamic_evaluation_semantics ... ok

test result: ok. 8 passed; 0 failed; 0 ignored; 0 measured; 0 filtered out; finished in 0.18s

     Running tests/embedding.rs (target/debug/deps/embedding-2b0f270ac36a37e4)

running 7 tests
test diagnostics_identify_source_and_nested_cause ... ok
test focus_missing_borrowing_and_repeated_bindings ... ok
test external_bindings_shadow_builtins_without_folding_effects ... ok
test host_callback_results_keep_escaping_lexical_and_dynamic_closures ... ok
test host_signatures_and_reentrant_jsonata_callbacks_share_the_runtime ... ok
test host_calls_compose_with_callbacks_partials_and_dynamic_code ... ok
test pinned_upstream_external_binding_cases ... ok

test result: ok. 7 passed; 0 failed; 0 ignored; 0 measured; 0 filtered out; finished in 0.00s

     Running tests/execution.rs (target/debug/deps/execution-f9df5c73de892a85)

running 7 tests
test planned_regions_do_not_round_borrowed_output ... ok
test numeric_regions_keep_validation_and_error_precedence ... ok
test numeric_regions_accept_constructed_and_retained_contexts ... ok
test numeric_regions_compose_with_contexts_and_retention ... ok
test numeric_regions_preserve_missing_shape_and_record_isolation ... ok
test branches_fixed_objects_and_streamed_folds_compose ... ok
test numeric_regions_preserve_ordering_and_stream_cancellation ... ok

test result: ok. 7 passed; 0 failed; 0 ignored; 0 measured; 0 filtered out; finished in 0.01s

     Running tests/filters.rs (target/debug/deps/filters-7e7c9fecc2848747)

running 5 tests
test undefined_sequence_items_remain_distinct_from_null ... ok
test upstream_stage_errors_take_precedence_over_later_stage_errors ... ok
test filtered_values_borrow_input_and_cancellation_stops_predicates ... ok
test filter_semantics ... ok
test filters_have_bounded_depth_and_keep_deferred_syntax_explicit ... ok

test result: ok. 5 passed; 0 failed; 0 ignored; 0 measured; 0 filtered out; finished in 0.01s

     Running tests/formatting.rs (target/debug/deps/formatting-be5c2b0c414926a5)

running 2 tests
test pictures_do_not_change_validation_or_argument_order ... ok
test numeric_and_date_picture_semantics ... ok

test result: ok. 2 passed; 0 failed; 0 ignored; 0 measured; 0 filtered out; finished in 0.01s

     Running tests/functions.rs (target/debug/deps/functions-436d6e2d218cf6d0)

running 5 tests
test ambiguous_signature_matching_is_bounded ... ok
test frame_recycling_preserves_escaped_callback_bindings ... ok
test function_runtime_semantics ... ok
test tail_borrowing_validation_and_reuse ... ok
test infinite_tail_calls_use_execution_budget_and_release_the_record ... ok

test result: ok. 5 passed; 0 failed; 0 ignored; 0 measured; 0 filtered out; finished in 0.61s

     Running tests/helpers.rs (target/debug/deps/helpers-1f5b97d8843311ce)

running 4 tests
test predicates_after_grouping_require_a_path_or_boundary ... ok
test user_messages_and_comment_errors_are_explicit ... ok
test helpers_preserve_borrowing_and_validation ... ok
test everyday_helper_semantics ... ok

test result: ok. 4 passed; 0 failed; 0 ignored; 0 measured; 0 filtered out; finished in 0.01s

     Running tests/json_validation.rs (target/debug/deps/json_validation-766a849e309a34a0)

running 6 tests
test valid_json_syntax_and_utf8 ... ok
test invalid_json_syntax ... ok
test rejects_invalid_utf8_anywhere_even_in_unselected_fields ... ok
test deterministic_mutations_agree_with_serde_on_common_json_domain ... ok
test depth_limit_and_large_shallow_records ... ok
test planned_capture_preserves_complete_validation_and_exact_diagnostics ... ok

test result: ok. 6 passed; 0 failed; 0 ignored; 0 measured; 0 filtered out; finished in 0.03s

     Running tests/lexical.rs (target/debug/deps/lexical-a04beed457ddb015)

running 8 tests
test recursion_accounts_for_large_function_bodies ... ok
test retained_bindings_preserve_input_borrowing ... ok
test function_results_are_opaque_and_not_json ... ok
test deferred_features_and_constructor_binding_races_are_explicit ... ok
test retained_output_obeys_consumer_cancellation ... ok
test recursion_is_bounded_and_an_error_does_not_poison_reuse ... ok
test evaluations_isolate_scope_and_validate_before_execution ... ok
test lexical_semantics ... ok

test result: ok. 8 passed; 0 failed; 0 ignored; 0 measured; 0 filtered out; finished in 0.01s

     Running tests/matchers.rs (target/debug/deps/matchers-57a7c32c31cf3792)

running 5 tests
test complete_validation_precedes_matcher_execution ... ok
test legacy_case_folding_and_native_coercion_are_explicitly_deferred ... ok
test independent_evaluations_and_cloned_expressions_have_fresh_cursors ... ok
test borrowing_and_continuation_retention ... ok
test matcher_semantics ... ok

test result: ok. 5 passed; 0 failed; 0 ignored; 0 measured; 0 filtered out; finished in 0.01s

     Running tests/navigation.rs (target/debug/deps/navigation-da534b6191b152fd)

running 4 tests
test nested_fallbacks_compile_without_expanding_the_left_tree ... ok
test range_limits_and_deferred_tuple_navigation_are_explicit ... ok
test validation_borrowing_and_cancellation ... ok
test navigation_semantics ... ok

test result: ok. 4 passed; 0 failed; 0 ignored; 0 measured; 0 filtered out; finished in 0.00s

     Running tests/regions.rs (target/debug/deps/regions-7e8c7f0e540367a4)

running 3 tests
test validation_precedes_planned_calls_and_fold_output ... ok
test effectful_callbacks_keep_random_draw_order ... ok
test pure_region_results_and_fallbacks_match_readable_cases ... ok

test result: ok. 3 passed; 0 failed; 0 ignored; 0 measured; 0 filtered out; finished in 0.00s

     Running tests/resource_controls.rs (target/debug/deps/resource_controls-f2c3022d6e1f4011)

running 5 tests
test controls_and_external_bindings_compose_without_native_support ... ok
test tightening_stack_and_tail_limits_is_explicit_and_native_plans_keep_safe_fallback ... ok
test controls_check_retained_builtin_arguments_and_parenthesized_focus_paths ... ok
test limits_stop_retention_and_consumption_and_validation_still_precedes_effects ... ok
test limits_do_not_require_json_encodable_results ... ok

test result: ok. 5 passed; 0 failed; 0 ignored; 0 measured; 0 filtered out; finished in 0.01s

     Running tests/runtime.rs (target/debug/deps/runtime-23b8d62cb90e0b41)

running 4 tests
test temporary_callback_captures_do_not_replay_effects ... ok
test transient_and_escaped_callbacks_preserve_borrowed_input ... ok
test dynamic_plan_guards_preserve_errors_and_record_reuse ... ok
test runtime_boundary_semantics ... ok

test result: ok. 4 passed; 0 failed; 0 ignored; 0 measured; 0 filtered out; finished in 0.01s

     Running tests/scalars.rs (target/debug/deps/scalars-75004ee9111bc0f8)

running 7 tests
test computed_scalars_and_literal_strings_need_no_owned_output ... ok
test expression_whitespace_matches_the_language_tokenizer ... ok
test operator_errors_have_expression_offsets_after_complete_validation ... ok
test compile_errors_and_expression_depth_are_bounded ... ok
test duplicate_keys_unicode_and_binary64_boundaries ... ok
test scalar_operators_and_sequence_operands ... ok
test structural_equality_and_boolean_casting_respect_input_depth_limits ... ok

test result: ok. 7 passed; 0 failed; 0 ignored; 0 measured; 0 filtered out; finished in 0.01s

     Running tests/semantics.rs (target/debug/deps/semantics-e81111d0cf4583a3)

running 8 tests
test serialization_propagates_consumer_failure ... ok
test compact_serialization_preserves_string_and_number_bytes ... ok
test unsupported_semantics_fail_explicitly ... ok
test results_borrow_input_not_the_expression ... ok
test validate_before_returning_a_selected_value_or_semantic_error ... ok
test field_names_compare_decoded_escapes ... ok
test object_paths_missing_and_raw_values ... ok
test compile_once_reuse_across_records_and_threads ... ok

test result: ok. 8 passed; 0 failed; 0 ignored; 0 measured; 0 filtered out; finished in 0.00s

     Running tests/sequences.rs (target/debug/deps/sequences-45a914b4804066a3)

running 6 tests
test fully_validate_before_emitting_any_sequence_item ... ok
test streamed_values_borrow_their_original_ranges ... ok
test cancellation_preserves_the_consumer_error_and_stops_emission ... ok
test duplicate_keys_and_escaped_names_inside_arrays ... ok
test array_navigation_and_sequence_boundaries ... ok
test traversal_is_bounded_by_validated_input_depth_not_array_width ... ok

test result: ok. 6 passed; 0 failed; 0 ignored; 0 measured; 0 filtered out; finished in 0.01s

     Running tests/structure.rs (target/debug/deps/structure-c96a5c1de275f2ae)

running 8 tests
test undeducible_parents_fail_without_recursive_analysis ... ok
test unsupported_non_json_transform_edges_are_explicit ... ok
test transform_alias_boundaries_are_explicit ... ok
test validation_cancellation_and_record_isolation ... ok
test clone_conversion_preserves_utf16_and_checks_all_numeric_leaves ... ok
test clones_and_updates_keep_unrelated_leaves_borrowed ... ok
test resolved_parent_paths_count_toward_the_function_stack_budget ... ok
test parent_and_transform_semantics ... ok

test result: ok. 8 passed; 0 failed; 0 ignored; 0 measured; 0 filtered out; finished in 0.01s

     Running tests/tuples.rs (target/debug/deps/tuples-fea223487823e4bd)

running 5 tests
test invalid_bindings_and_parent_navigation_remain_explicit ... ok
test an_empty_scoped_group_constructs_an_empty_object ... ok
test scoped_paths_validate_before_output_and_borrow_selected_values ... ok
test cancellation_stops_scoped_stages_before_later_errors ... ok
test scoped_path_semantics ... ok

test result: ok. 5 passed; 0 failed; 0 ignored; 0 measured; 0 filtered out; finished in 0.01s

     Running tests/value_access.rs (target/debug/deps/value_access-5ec0a88ec2d527d2)

running 2 tests
test owned_results_keep_sequence_shape_and_duplicate_keys_and_reject_cross_arena_closures ... ok
test decoded_access_works_across_storage_and_owned_snapshots ... ok

test result: ok. 2 passed; 0 failed; 0 ignored; 0 measured; 0 filtered out; finished in 0.00s

     Running unittests src/main.rs (target/debug/deps/jx-d804563ca08791e9)

running 3 tests
test stream::tests::oversized_unterminated_record_stays_bounded ... ok
test stream::tests::output_failure_stops_before_consuming_the_next_record ... ok
test stream::tests::framing_is_independent_of_buffer_boundaries ... ok

test result: ok. 3 passed; 0 failed; 0 ignored; 0 measured; 0 filtered out; finished in 0.00s

     Running tests/cli.rs (target/debug/deps/cli-315b7d1277d580b2)

running 25 tests
test errors_have_distinct_exit_codes_and_record_context ... ok
test everyday_helpers_and_user_errors_stream_records ... ok
test filters_frame_values_and_report_streamed_errors ... ok
test builtins_frame_sequences_and_escape_computed_strings ... ok
test formatting_is_compiled_once_and_streams_records ... ok
test aggregates_distinguish_missing_empty_and_failed_records ... ok
test invalid_record_never_emits_a_partial_sequence ... ok
test conversion_and_chaining_preserve_ndjson_boundaries ... ok
test dynamic_eval_streams_records_and_wraps_errors ... ok
test ndjson_missing_null_arrays_and_final_unterminated_record ... ok
test kept_sequences_and_reductions_preserve_record_framing ... ok
test lexical_runtime_is_fresh_for_each_record ... ok
test exact_record_limit_including_cr_but_excluding_lf ... ok
test constructors_frame_complete_outputs_and_mapped_failures ... ok
test matcher_results_keep_ndjson_framing_and_record_isolation ... ok
test help_empty_input_options_and_invalid_utf8 ... ok
test output_limits_and_expression_files ... ok
test streams_multiple_files_and_stdin_in_order ... ok
test parent_navigation_and_transforms_preserve_record_boundaries ... ok
test scoped_paths_reset_bindings_and_preserve_sequence_framing ... ok
test sequences_are_separate_lines_and_raw_arrays_stay_values ... ok
test serialization_failure_never_publishes_an_incomplete_result ... ok
test signed_tail_functions_stream_and_report_record_errors ... ok
test scalar_results_and_runtime_errors_are_framed_per_record ... ok
test native_plans_preserve_record_framing_and_failure_output ... ok

test result: ok. 25 passed; 0 failed; 0 ignored; 0 measured; 0 filtered out; finished in 0.85s

     Running unittests src/lib.rs (target/debug/deps/jx_native-5c789b6c39b7f09b)

running 2 tests
test tests::invalid_programs_fail_without_invocation ... ok
test tests::guards_and_shared_code_lifetime ... ok

test result: ok. 2 passed; 0 failed; 0 ignored; 0 measured; 0 filtered out; finished in 0.01s

   Doc-tests jx

running 2 tests
test crates/jx/src/embedding.rs - embedding::CompileOptions (line 7) ... ok
test crates/jx/src/lib.rs - (line 4) ... ok

test result: ok. 2 passed; 0 failed; 0 ignored; 0 measured; 0 filtered out; finished in 0.01s

all doctests ran in 3.03s; merged doctests compilation took 2.50s
   Doc-tests jx_native

running 0 tests

test result: ok. 0 passed; 0 failed; 0 ignored; 0 measured; 0 filtered out; finished in 0.00s

cargo bench -p jx --bench throughput --all-features --locked -- --smoke
    Finished `bench` profile [optimized] target(s) in 0.04s
     Running benches/throughput.rs (target/release/deps/throughput-c4f4d8c7339efca9)
workload,input_bytes,sample,records,seconds,records_per_second,input_bytes_per_second,allocations_per_record,allocated_bytes_per_record
compile,0,0,32,0.000009250,3459459,0,8.000000,578.000000
ascii/validate,100,0,32,0.000002584,12383901,1238390093,0.000000,0.000000
ascii/identity,100,0,32,0.000002916,10973937,1097393690,0.000000,0.000000
ascii/shallow,100,0,32,0.000003208,9975062,997506234,0.000000,0.000000
ascii/nested,100,0,32,0.000003375,9481481,948148148,0.000000,0.000000
ascii/missing,100,0,32,0.000003125,10240000,1024000000,0.000000,0.000000
ascii/array_value,100,0,32,0.000003083,10379500,1037950049,0.000000,0.000000
ascii/identity_write,100,0,32,0.000004792,6677796,667779633,0.000000,0.000000
ascii/validate,500,0,32,0.000008833,3622778,1811389109,0.000000,0.000000
ascii/identity,500,0,32,0.000009375,3413333,1706666667,0.000000,0.000000
ascii/shallow,500,0,32,0.000009583,3339247,1669623291,0.000000,0.000000
ascii/nested,500,0,32,0.000009750,3282051,1641025641,0.000000,0.000000
ascii/missing,500,0,32,0.000009292,3443823,1721911322,0.000000,0.000000
ascii/array_value,500,0,32,0.000009500,3368421,1684210526,0.000000,0.000000
ascii/identity_write,500,0,32,0.000019459,1644483,822241636,0.000000,0.000000
ascii/validate,1024,0,32,0.000016708,1915250,1961216184,0.000000,0.000000
ascii/identity,1024,0,32,0.000016917,1891588,1936986463,0.000000,0.000000
ascii/shallow,1024,0,32,0.000017291,1850674,1895089931,0.000000,0.000000
ascii/nested,1024,0,32,0.000017458,1832971,1876961851,0.000000,0.000000
ascii/missing,1024,0,32,0.000017125,1868613,1913459854,0.000000,0.000000
ascii/array_value,1024,0,32,0.000017333,1846189,1890497894,0.000000,0.000000
ascii/identity_write,1024,0,32,0.000038000,842105,862315789,0.000000,0.000000
ascii/validate,10240,0,32,0.000155291,206065,2110102968,0.000000,0.000000
ascii/identity,10240,0,32,0.000155583,205678,2106142702,0.000000,0.000000
ascii/shallow,10240,0,32,0.000155917,205237,2101630996,0.000000,0.000000
ascii/nested,10240,0,32,0.000156084,205018,2099382384,0.000000,0.000000
ascii/missing,10240,0,32,0.000177458,180324,1846521430,0.000000,0.000000
ascii/array_value,10240,0,32,0.000156000,205128,2100512821,0.000000,0.000000
ascii/identity_write,10240,0,32,0.000366459,87322,894179158,0.000000,0.000000
ascii/validate,65536,0,32,0.000973875,32858,2153409832,0.000000,0.000000
ascii/identity,65536,0,32,0.001024625,31231,2046750762,0.000000,0.000000
ascii/shallow,65536,0,32,0.001051541,30432,1994360657,0.000000,0.000000
ascii/nested,65536,0,32,0.001180750,27101,1776118569,0.000000,0.000000
ascii/missing,65536,0,32,0.000995750,32137,2106102937,0.000000,0.000000
ascii/array_value,65536,0,32,0.001009083,31712,2078275028,0.000000,0.000000
ascii/identity_write,65536,0,32,0.002462250,12996,851721799,0.000000,0.000000
ascii/validate,1048576,0,32,0.016992958,1883,1974608070,0.000000,0.000000
ascii/identity,1048576,0,32,0.016946833,1888,1979982455,0.000000,0.000000
ascii/shallow,1048576,0,32,0.017223459,1858,1948181953,0.000000,0.000000
ascii/nested,1048576,0,32,0.017219167,1858,1948667552,0.000000,0.000000
ascii/missing,1048576,0,32,0.017223500,1858,1948177316,0.000000,0.000000
ascii/array_value,1048576,0,32,0.017234250,1857,1946962125,0.000000,0.000000
ascii/identity_write,1048576,0,32,0.039513375,810,849191748,0.000000,0.000000
structured/validate,485,0,32,0.000015458,2070126,1004010868,0.000000,0.000000
structured/identity,485,0,32,0.000015792,2026342,982776089,0.000000,0.000000
structured/shallow,485,0,32,0.000016042,1994764,967460416,0.000000,0.000000
structured/nested,485,0,32,0.000016125,1984496,962480620,0.000000,0.000000
structured/missing,485,0,32,0.000015833,2021095,980231163,0.000000,0.000000
structured/array_value,485,0,32,0.000015916,2010555,975119377,0.000000,0.000000
structured/identity_write,485,0,32,0.000025125,1273632,617711443,0.000000,0.000000
unicode_escaped_keys/validate,960,0,32,0.000027750,1153153,1107027027,0.000000,0.000000
unicode_escaped_keys/identity,960,0,32,0.000028000,1142857,1097142857,0.000000,0.000000
unicode_escaped_keys/shallow,960,0,32,0.000028458,1124464,1079485558,0.000000,0.000000
unicode_escaped_keys/nested,960,0,32,0.000028708,1114672,1070084994,0.000000,0.000000
unicode_escaped_keys/missing,960,0,32,0.000028292,1131062,1085819313,0.000000,0.000000
unicode_escaped_keys/array_value,960,0,32,0.000028417,1126086,1081043038,0.000000,0.000000
unicode_escaped_keys/identity_write,960,0,32,0.000045000,711111,682666667,0.000000,0.000000
array/shallow,78,0,32,0.000007084,4517222,352343309,0.000000,0.000000
array/nested,78,0,32,0.000007917,4041935,315270936,0.000000,0.000000
array/flatten,78,0,32,0.000007709,4150992,323777403,0.000000,0.000000
array/missing,78,0,32,0.000007542,4242906,330946698,0.000000,0.000000
array/root,67,0,32,0.000007125,4491228,300912281,0.000000,0.000000
array/cancel_first,78,0,32,0.000007750,4129032,322064516,0.000000,0.000000
array/shallow,540,0,32,0.000054291,589416,318284799,0.000000,0.000000
array/nested,540,0,32,0.000061833,517523,279462423,0.000000,0.000000
array/flatten,540,0,32,0.000059541,537445,290220184,0.000000,0.000000
array/missing,540,0,32,0.000051458,621866,335807843,0.000000,0.000000
array/root,529,0,32,0.000050166,637882,337439700,0.000000,0.000000
array/cancel_first,540,0,32,0.000026375,1213270,655165877,0.000000,0.000000
array/shallow,1074,0,32,0.000105208,304159,326667174,0.000000,0.000000
array/nested,1074,0,32,0.000124375,257286,276325628,0.000000,0.000000
array/flatten,1074,0,32,0.000120125,266389,286101977,0.000000,0.000000
array/missing,1074,0,32,0.000099083,322962,346860713,0.000000,0.000000
array/root,1063,0,32,0.000118083,270996,288068562,0.000000,0.000000
array/cancel_first,1074,0,32,0.000038833,824041,885020472,0.000000,0.000000
array/shallow,8606,0,32,0.000802125,39894,343328035,0.000000,0.000000
array/nested,8606,0,32,0.000903959,35400,304650985,0.000000,0.000000
array/flatten,8606,0,32,0.000888042,36034,310111459,0.000000,0.000000
array/missing,8606,0,32,0.000794459,40279,346640922,0.000000,0.000000
array/root,8595,0,32,0.000786458,40689,349719883,0.000000,0.000000
array/cancel_first,8606,0,32,0.000249125,128450,1105437030,0.000000,0.000000
array/shallow,69558,0,32,0.006426166,4980,346373872,0.000000,0.000000
array/nested,69558,0,32,0.007250375,4414,306998741,0.000000,0.000000
array/flatten,69558,0,32,0.006848083,4673,325033444,0.000000,0.000000
array/missing,69558,0,32,0.006158625,5196,361420934,0.000000,0.000000
array/root,69547,0,32,0.006350791,5039,350429419,0.000000,0.000000
array/cancel_first,69558,0,32,0.001905375,16795,1168198386,0.000000,0.000000
array/shallow,1135782,0,32,0.101647959,315,357557834,0.000000,0.000000
array/nested,1135782,0,32,0.119827875,267,303310261,0.000000,0.000000
array/flatten,1135782,0,32,0.116033958,276,313227478,0.000000,0.000000
array/missing,1135782,0,32,0.101768542,314,357134172,0.000000,0.000000
array/root,1135771,0,32,0.102404958,312,354911253,0.000000,0.000000
array/cancel_first,1135782,0,32,0.030873042,1037,1177241426,0.000000,0.000000
array/nested_contexts,972,0,32,0.000191791,166848,162176536,0.000000,0.000000
array/sparse,785,0,32,0.000110875,288613,226561443,0.000000,0.000000
array/deep,136,0,32,0.000021375,1497076,203602339,0.000000,0.000000
array/empty,2,0,32,0.000000583,54888508,109777015,0.000000,0.000000
array/singleton,12,0,32,0.000002500,12800000,153600000,0.000000,0.000000
array/nested_values,31,0,32,0.000006834,4682470,145156570,0.000000,0.000000
compile/scalar,0,0,32,0.000061250,522449,0,72.000000,3934.000000
scalar/literal,100,0,32,0.000003416,9367681,936768150,0.000000,0.000000
scalar/arithmetic,100,0,32,0.000009375,3413333,341333333,0.000000,0.000000
scalar/nested,100,0,32,0.000009250,3459459,345945946,0.000000,0.000000
scalar/comparison,100,0,32,0.000008916,3589053,358905339,0.000000,0.000000
scalar/strings,100,0,32,0.000006292,5085823,508582327,0.000000,0.000000
scalar/boolean,100,0,32,0.000009667,3310231,331023068,0.000000,0.000000
scalar/missing,100,0,32,0.000009000,3555556,355555556,0.000000,0.000000
scalar/short_circuit,100,0,32,0.000002958,10818120,1081812035,0.000000,0.000000
scalar/mixed,100,0,32,0.000006833,4683155,468315528,0.000000,0.000000
scalar/write,100,0,32,0.000010042,3186616,318661621,0.000000,0.000000
scalar/literal,500,0,32,0.000008875,3605634,1802816901,0.000000,0.000000
scalar/arithmetic,500,0,32,0.000027625,1158371,579185520,0.000000,0.000000
scalar/nested,500,0,32,0.000027625,1158371,579185520,0.000000,0.000000
scalar/comparison,500,0,32,0.000027208,1176125,588062335,0.000000,0.000000
scalar/strings,500,0,32,0.000018542,1725812,862905835,0.000000,0.000000
scalar/boolean,500,0,32,0.000027708,1154901,577450556,0.000000,0.000000
scalar/missing,500,0,32,0.000027125,1179724,589861751,0.000000,0.000000
scalar/short_circuit,500,0,32,0.000009042,3539040,1769520018,0.000000,0.000000
scalar/mixed,500,0,32,0.000013250,2415094,1207547170,0.000000,0.000000
scalar/write,500,0,32,0.000028375,1127753,563876652,0.000000,0.000000
scalar/literal,1024,0,32,0.000016583,1929687,1975999518,0.000000,0.000000
scalar/arithmetic,1024,0,32,0.000050250,636816,652099502,0.000000,0.000000
scalar/nested,1024,0,32,0.000050125,638404,653725686,0.000000,0.000000
scalar/comparison,1024,0,32,0.000050084,638927,654260842,0.000000,0.000000
scalar/strings,1024,0,32,0.000033875,944649,967321033,0.000000,0.000000
scalar/boolean,1024,0,32,0.000050458,634191,649411392,0.000000,0.000000
scalar/missing,1024,0,32,0.000049875,641604,657002506,0.000000,0.000000
scalar/short_circuit,1024,0,32,0.000016791,1905783,1951521649,0.000000,0.000000
scalar/mixed,1024,0,32,0.000021166,1511859,1548143249,0.000000,0.000000
scalar/write,1024,0,32,0.000051459,621854,636778795,0.000000,0.000000
scalar/literal,10240,0,32,0.000153708,208187,2131834387,0.000000,0.000000
scalar/arithmetic,10240,0,32,0.000454459,70413,721033141,0.000000,0.000000
scalar/nested,10240,0,32,0.000451791,70829,725291119,0.000000,0.000000
scalar/comparison,10240,0,32,0.000483625,66167,677549754,0.000000,0.000000
scalar/strings,10240,0,32,0.000323458,98931,1013052699,0.000000,0.000000
scalar/boolean,10240,0,32,0.000476583,67145,687561243,0.000000,0.000000
scalar/missing,10240,0,32,0.000500708,63910,654433322,0.000000,0.000000
scalar/short_circuit,10240,0,32,0.000153833,208018,2130102124,0.000000,0.000000
scalar/mixed,10240,0,32,0.000176667,181132,1854788953,0.000000,0.000000
scalar/write,10240,0,32,0.000462375,69208,708688835,0.000000,0.000000
scalar/literal,65536,0,32,0.001063250,30096,1972397837,0.000000,0.000000
scalar/arithmetic,65536,0,32,0.003014792,10614,695620792,0.000000,0.000000
scalar/nested,65536,0,32,0.003096792,10333,677201439,0.000000,0.000000
scalar/comparison,65536,0,32,0.002940041,10884,713307059,0.000000,0.000000
scalar/strings,65536,0,32,0.002062458,15515,1016821676,0.000000,0.000000
scalar/boolean,65536,0,32,0.003104208,10309,675583595,0.000000,0.000000
scalar/missing,65536,0,32,0.003088292,10362,679065322,0.000000,0.000000
scalar/short_circuit,65536,0,32,0.001061083,30158,1976425972,0.000000,0.000000
scalar/mixed,65536,0,32,0.001092334,29295,1919881648,0.000000,0.000000
scalar/write,65536,0,32,0.003107208,10299,674931321,0.000000,0.000000
scalar/literal,1048576,0,32,0.017244541,1856,1945800239,0.000000,0.000000
scalar/arithmetic,1048576,0,32,0.050322250,636,666791171,0.000000,0.000000
scalar/nested,1048576,0,32,0.049145375,651,682758693,0.000000,0.000000
scalar/comparison,1048576,0,32,0.050107792,639,669644993,0.000000,0.000000
scalar/strings,1048576,0,32,0.033501709,955,1001573741,0.000000,0.000000
scalar/boolean,1048576,0,32,0.050670750,632,662205158,0.000000,0.000000
scalar/missing,1048576,0,32,0.049612625,645,676328495,0.000000,0.000000
scalar/short_circuit,1048576,0,32,0.017108541,1870,1961267884,0.000000,0.000000
scalar/mixed,1048576,0,32,0.017098042,1872,1962472194,0.000000,0.000000
scalar/write,1048576,0,32,0.050096791,639,669792043,0.000000,0.000000
scalar/sequence_boolean,330,0,32,0.000060333,530390,175028591,0.000000,0.000000
scalar/sequence_array_equality,330,0,32,0.000084000,380952,125714286,0.000000,0.000000
scalar/sequence_equality,330,0,32,0.000103917,307938,101619562,3.000000,672.000000
scalar/array_equality,330,0,32,0.000120375,265836,87725857,16.000000,3264.000000
scalar/singleton,15,0,32,0.000003709,8627662,129414937,0.000000,0.000000
scalar/sequence_type_error,330,0,32,0.000031875,1003922,331294118,0.000000,0.000000
scalar/object_equality,125,0,32,0.000042667,749994,93749268,3.000000,1396.000000
scalar/object_equality,2389,0,32,0.000715458,44727,106851835,7.000000,24948.000000
scalar/escaped_strings,26,0,32,0.000002500,12800000,332800000,0.000000,0.000000
compile/filter,0,0,32,0.000038416,832986,0,34.000000,1997.000000
filter/predicate,100,0,32,0.000014375,2226087,222608696,0.000000,0.000000
filter/none,100,0,32,0.000012166,2630281,263028111,0.000000,0.000000
filter/first,100,0,32,0.000010125,3160494,316049383,0.000000,0.000000
filter/last,100,0,32,0.000012250,2612245,261224490,0.000000,0.000000
filter/computed_last,100,0,32,0.000013500,2370370,237037037,0.000000,0.000000
filter/chained,100,0,32,0.000020584,1554606,155460552,0.000000,0.000000
filter/predicate,500,0,32,0.000028750,1113043,556521739,0.000000,0.000000
filter/none,500,0,32,0.000024542,1303887,651943607,0.000000,0.000000
filter/first,500,0,32,0.000021709,1474043,737021512,0.000000,0.000000
filter/last,500,0,32,0.000023125,1383784,691891892,0.000000,0.000000
filter/computed_last,500,0,32,0.000024625,1299492,649746193,0.000000,0.000000
filter/chained,500,0,32,0.000030958,1033659,516829253,0.000000,0.000000
filter/predicate,1024,0,32,0.000041291,774987,793586980,0.000000,0.000000
filter/none,1024,0,32,0.000042458,753686,771774459,0.000000,0.000000
filter/first,1024,0,32,0.000038042,841176,861363756,0.000000,0.000000
filter/last,1024,0,32,0.000042458,753686,771774459,0.000000,0.000000
filter/computed_last,1024,0,32,0.000043875,729345,746849003,0.000000,0.000000
filter/chained,1024,0,32,0.000046291,691279,707869780,0.000000,0.000000
filter/predicate,10240,0,32,0.000310917,102921,1053914710,0.000000,0.000000
filter/none,10240,0,32,0.000311834,102619,1050815498,0.000000,0.000000
filter/first,10240,0,32,0.000306583,104376,1068813339,0.000000,0.000000
filter/last,10240,0,32,0.000327583,97685,1000296108,0.000000,0.000000
filter/computed_last,10240,0,32,0.000344375,92922,951520871,0.000000,0.000000
filter/chained,10240,0,32,0.000360542,88755,908853892,0.000000,0.000000
filter/predicate,65536,0,32,0.002027166,15786,1034524060,0.000000,0.000000
filter/none,65536,0,32,0.002041959,15671,1027029436,0.000000,0.000000
filter/first,65536,0,32,0.002022541,15822,1036889734,0.000000,0.000000
filter/last,65536,0,32,0.002101000,15231,998168491,0.000000,0.000000
filter/computed_last,65536,0,32,0.002073584,15432,1011365828,0.000000,0.000000
filter/chained,65536,0,32,0.002089542,15314,1003641946,0.000000,0.000000
filter/predicate,1048576,0,32,0.033609541,952,998360317,0.000000,0.000000
filter/none,1048576,0,32,0.033592000,953,998881638,0.000000,0.000000
filter/first,1048576,0,32,0.033541167,954,1000395484,0.000000,0.000000
filter/last,1048576,0,32,0.033703375,949,995580769,0.000000,0.000000
filter/computed_last,1048576,0,32,0.033906583,944,989614082,0.000000,0.000000
filter/chained,1048576,0,32,0.032945334,971,1018488142,0.000000,0.000000
filter/wide_predicate,164,0,32,0.000048916,654183,107285960,0.000000,0.000000
filter/wide_last,164,0,32,0.000028708,1114672,182806186,0.000000,0.000000
filter/sequence_last,164,0,32,0.000053417,599060,98245877,0.000000,0.000000
filter/wide_predicate,2736,0,32,0.000759375,42140,115294815,0.000000,0.000000
filter/wide_last,2736,0,32,0.000377375,84796,232002650,0.000000,0.000000
filter/sequence_last,2736,0,32,0.000724916,44143,120775373,0.000000,0.000000
filter/wide_predicate,23392,0,32,0.006279750,5096,119199650,0.000000,0.000000
filter/wide_last,23392,0,32,0.003051875,10485,245273479,0.000000,0.000000
filter/sequence_last,23392,0,32,0.005884084,5438,127215043,0.000000,0.000000
filter/nested,892,0,32,0.000409958,78057,69626645,0.000000,0.000000
filter/per_group,892,0,32,0.000287875,111159,99154147,0.000000,0.000000
filter/global,892,0,32,0.000195334,163822,146129194,0.000000,0.000000
filter/deep,136,0,32,0.000024834,1288556,175243618,0.000000,0.000000
filter/negative_chain,20,0,32,0.000295917,108138,2162769,0.000000,0.000000
compile/aggregate,0,0,32,0.000052459,610000,0,50.000000,3270.000000
aggregate/count,100,0,32,0.000007792,4106776,410677618,0.000000,0.000000
aggregate/sum,100,0,32,0.000008209,3898161,389816056,0.000000,0.000000
aggregate/min,100,0,32,0.000008333,3840154,384015361,0.000000,0.000000
aggregate/max,100,0,32,0.000008333,3840154,384015361,0.000000,0.000000
aggregate/filtered_count,100,0,32,0.000005667,5646727,564672666,0.000000,0.000000
aggregate/filtered_sum,100,0,32,0.000005791,5525816,552581592,0.000000,0.000000
aggregate/empty_sum,100,0,32,0.000006292,5085823,508582327,0.000000,0.000000
aggregate/count,500,0,32,0.000022166,1443652,721826220,0.000000,0.000000
aggregate/sum,500,0,32,0.000022708,1409195,704597499,0.000000,0.000000
aggregate/min,500,0,32,0.000020542,1557784,778892026,0.000000,0.000000
aggregate/max,500,0,32,0.000022750,1406593,703296703,0.000000,0.000000
aggregate/filtered_count,500,0,32,0.000013000,2461538,1230769231,0.000000,0.000000
aggregate/filtered_sum,500,0,32,0.000013125,2438095,1219047619,0.000000,0.000000
aggregate/empty_sum,500,0,32,0.000013167,2430318,1215159110,0.000000,0.000000
aggregate/count,1024,0,32,0.000039167,817014,836622667,0.000000,0.000000
aggregate/sum,1024,0,32,0.000039416,811853,831337528,0.000000,0.000000
aggregate/min,1024,0,32,0.000035917,890943,912325640,0.000000,0.000000
aggregate/max,1024,0,32,0.000039667,806716,826077092,0.000000,0.000000
aggregate/filtered_count,1024,0,32,0.000021542,1485470,1521121530,0.000000,0.000000
aggregate/filtered_sum,1024,0,32,0.000021708,1474111,1509489589,0.000000,0.000000
aggregate/empty_sum,1024,0,32,0.000021791,1468496,1503740076,0.000000,0.000000
aggregate/count,10240,0,32,0.000329042,97252,995860711,0.000000,0.000000
aggregate/sum,10240,0,32,0.000337042,94944,972223046,0.000000,0.000000
aggregate/min,10240,0,32,0.000331750,96458,987731726,0.000000,0.000000
aggregate/max,10240,0,32,0.000330750,96750,990718065,0.000000,0.000000
aggregate/filtered_count,10240,0,32,0.000172791,185195,1896395067,0.000000,0.000000
aggregate/filtered_sum,10240,0,32,0.000172791,185195,1896395067,0.000000,0.000000
aggregate/empty_sum,10240,0,32,0.000173208,184749,1891829477,0.000000,0.000000
aggregate/count,65536,0,32,0.002079458,15389,1008508948,0.000000,0.000000
aggregate/sum,65536,0,32,0.002073667,15432,1011325348,0.000000,0.000000
aggregate/min,65536,0,32,0.002069625,15462,1013300477,0.000000,0.000000
aggregate/max,65536,0,32,0.002055667,15567,1020180798,0.000000,0.000000
aggregate/filtered_count,65536,0,32,0.001077958,29686,1945485817,0.000000,0.000000
aggregate/filtered_sum,65536,0,32,0.001078750,29664,1944057474,0.000000,0.000000
aggregate/empty_sum,65536,0,32,0.001070375,29896,1959268481,0.000000,0.000000
aggregate/count,1048576,0,32,0.033466208,956,1002636211,0.000000,0.000000
aggregate/sum,1048576,0,32,0.033764125,948,993789473,0.000000,0.000000
aggregate/min,1048576,0,32,0.032623583,981,1028533009,0.000000,0.000000
aggregate/max,1048576,0,32,0.033826375,946,991960622,0.000000,0.000000
aggregate/filtered_count,1048576,0,32,0.017207750,1860,1949960454,0.000000,0.000000
aggregate/filtered_sum,1048576,0,32,0.017199292,1861,1950919375,0.000000,0.000000
aggregate/empty_sum,1048576,0,32,0.017158542,1865,1955552634,0.000000,0.000000
aggregate/array_count,23,0,32,0.000006042,5296260,121813969,0.000000,0.000000
aggregate/array_sum,23,0,32,0.000007125,4491228,103298246,0.000000,0.000000
aggregate/array_min,23,0,32,0.000007375,4338983,99796610,0.000000,0.000000
aggregate/array_max,23,0,32,0.000007334,4363240,100354513,0.000000,0.000000
aggregate/sequence_sum,23,0,32,0.000014042,2278878,52414186,0.000000,0.000000
aggregate/computed_sum,23,0,32,0.000011583,2762669,63541397,0.000000,0.000000
aggregate/wide_filtered_sum,23,0,32,0.000025250,1267327,29148515,0.000000,0.000000
aggregate/array_count,409,0,32,0.000075125,425957,174216306,0.000000,0.000000
aggregate/array_sum,409,0,32,0.000099250,322418,131869018,0.000000,0.000000
aggregate/array_min,409,0,32,0.000098042,326391,133493809,0.000000,0.000000
aggregate/array_max,409,0,32,0.000100292,319068,130498943,0.000000,0.000000
aggregate/sequence_sum,409,0,32,0.000180125,177654,72660652,0.000000,0.000000
aggregate/computed_sum,409,0,32,0.000151083,211804,86627880,0.000000,0.000000
aggregate/wide_filtered_sum,409,0,32,0.000358334,89302,36524583,0.000000,0.000000
aggregate/array_count,4017,0,32,0.000570667,56075,225252205,0.000000,0.000000
aggregate/array_sum,4017,0,32,0.000785583,40734,163628795,0.000000,0.000000
aggregate/array_min,4017,0,32,0.000768584,41635,167247822,0.000000,0.000000
aggregate/array_max,4017,0,32,0.000753833,42450,170520526,0.000000,0.000000
aggregate/sequence_sum,4017,0,32,0.001376834,23242,93362017,0.000000,0.000000
aggregate/computed_sum,4017,0,32,0.001209791,26451,106253064,0.000000,0.000000
aggregate/wide_filtered_sum,4017,0,32,0.002985083,10720,43062119,0.000000,0.000000
aggregate/array_count,87201,0,32,0.009521042,3361,293080526,0.000000,0.000000
aggregate/array_sum,87201,0,32,0.013003500,2461,214590841,0.000000,0.000000
aggregate/array_min,87201,0,32,0.012943542,2472,215584884,0.000000,0.000000
aggregate/array_max,87201,0,32,0.012727250,2514,219248620,0.000000,0.000000
aggregate/sequence_sum,87201,0,32,0.022205375,1441,125664710,0.000000,0.000000
aggregate/computed_sum,87201,0,32,0.019493208,1642,143148937,0.000000,0.000000
aggregate/wide_filtered_sum,87201,0,32,0.050680417,631,55059373,0.000000,0.000000
aggregate/nested_sum,1036,0,32,0.000242542,131936,136685605,0.000000,0.000000
aggregate/nested_filtered_sum,1036,0,32,0.000447542,71502,74075729,0.000000,0.000000
aggregate/nested_filtered_count,1036,0,32,0.000433500,73818,76475202,0.000000,0.000000
aggregate/nested_sum,16396,0,32,0.003681791,8691,142504558,0.000000,0.000000
aggregate/nested_filtered_sum,16396,0,32,0.006844541,4675,76655542,0.000000,0.000000
aggregate/nested_filtered_count,16396,0,32,0.006759750,4734,77617072,0.000000,0.000000
aggregate/nested_sum,1048588,0,32,0.232175750,138,144523345,0.000000,0.000000
aggregate/nested_filtered_sum,1048588,0,32,0.434869959,74,77160575,0.000000,0.000000
aggregate/nested_filtered_count,1048588,0,32,0.429704875,74,78088051,0.000000,0.000000
aggregate/deep_sum,136,0,32,0.000022334,1432793,194859855,0.000000,0.000000
aggregate/deep_filtered_sum,136,0,32,0.000025458,1256972,170948228,0.000000,0.000000
compile/constructor,0,0,32,0.000119833,267038,0,86.000000,6246.000000
construct/raw_member,100,0,32,0.000006042,5296260,529625952,3.000000,168.000000
construct/raw_member_write,100,0,32,0.000008375,3820896,382089552,3.000000,168.000000
construct/scalars,100,0,32,0.000015417,2075631,207563080,3.000000,552.000000
construct/filtered_summary,100,0,32,0.000030500,1049180,104918033,5.000000,368.000000
construct/nested,100,0,32,0.000050417,634707,63470655,15.000000,1352.000000
construct/navigate,100,0,32,0.000017125,1868613,186861314,3.000000,168.000000
construct/raw_member,500,0,32,0.000012833,2493571,1246785631,3.000000,168.000000
construct/raw_member_write,500,0,32,0.000024958,1282154,641077009,3.000000,168.000000
construct/scalars,500,0,32,0.000037125,861953,430976431,3.000000,552.000000
construct/filtered_summary,500,0,32,0.000051125,625917,312958435,5.000000,368.000000
construct/nested,500,0,32,0.000076667,417389,208694745,15.000000,1352.000000
construct/navigate,500,0,32,0.000031208,1025378,512689054,3.000000,168.000000
construct/raw_member,1024,0,32,0.000021500,1488372,1524093023,3.000000,168.000000
construct/raw_member_write,1024,0,32,0.000044875,713092,730206128,3.000000,168.000000
construct/scalars,1024,0,32,0.000062750,509960,522199203,3.000000,552.000000
construct/filtered_summary,1024,0,32,0.000076375,418985,429040917,5.000000,368.000000
construct/nested,1024,0,32,0.000110834,288720,295649349,15.000000,1352.000000
construct/navigate,1024,0,32,0.000048125,664935,680893506,3.000000,168.000000
construct/raw_member,10240,0,32,0.000172750,185239,1896845152,3.000000,168.000000
construct/raw_member_write,10240,0,32,0.000400334,79933,818516539,3.000000,168.000000
construct/scalars,10240,0,32,0.000506667,63158,646736417,3.000000,552.000000
construct/filtered_summary,10240,0,32,0.000510917,62632,641356620,5.000000,368.000000
construct/nested,10240,0,32,0.000685000,46715,478364964,15.000000,1352.000000
construct/navigate,10240,0,32,0.000345625,92586,948079566,3.000000,168.000000
construct/raw_member,65536,0,32,0.001087500,29425,1928415632,3.000000,168.000000
construct/raw_member_write,65536,0,32,0.002546750,12565,823462059,3.000000,168.000000
construct/scalars,65536,0,32,0.003121458,10252,671850142,3.000000,552.000000
construct/filtered_summary,65536,0,32,0.003215083,9953,652285493,5.000000,368.000000
construct/nested,65536,0,32,0.004222000,7579,496720038,15.000000,1352.000000
construct/navigate,65536,0,32,0.002142750,14934,978719869,3.000000,168.000000
construct/raw_member,1048576,0,32,0.016804583,1904,1996742912,3.000000,168.000000
construct/raw_member_write,1048576,0,32,0.040968375,781,819032534,3.000000,168.000000
construct/scalars,1048576,0,32,0.051045708,627,657340907,3.000000,552.000000
construct/filtered_summary,1048576,0,32,0.050674250,631,662159420,5.000000,368.000000
construct/nested,1048576,0,32,0.067543917,474,496779481,15.000000,1352.000000
construct/navigate,1048576,0,32,0.034022000,941,986256893,3.000000,168.000000
construct/mapped_objects,262,0,32,0.000075750,422442,110679868,12.000000,1184.000000
construct/collected_objects,262,0,32,0.000080667,396693,103933455,15.000000,1352.000000
construct/collected_write,262,0,32,0.000086375,370478,97065123,15.000000,1352.000000
construct/filtered_aggregate,262,0,32,0.000089458,357710,93719958,3.000000,296.000000
construct/mapped_objects,4334,0,32,0.001191625,26854,116385608,192.000000,18944.000000
construct/collected_objects,4334,0,32,0.001157041,27657,119864378,199.000000,21992.000000
construct/collected_write,4334,0,32,0.001267417,25248,109425706,199.000000,21992.000000
construct/filtered_aggregate,4334,0,32,0.001237583,25857,112063595,3.000000,296.000000
construct/mapped_objects,36190,0,32,0.009117708,3510,127014377,1536.000000,151552.000000
construct/collected_objects,36190,0,32,0.009240875,3463,125321466,1546.000000,176104.000000
construct/collected_write,36190,0,32,0.009926625,3224,116664022,1546.000000,176104.000000
construct/filtered_aggregate,36190,0,32,0.010171542,3146,113854910,3.000000,296.000000
construct/mapped_objects,624958,0,32,0.143994542,222,138884820,24576.000000,2424832.000000
construct/collected_objects,624958,0,32,0.144380834,222,138513232,24590.000000,2818024.000000
construct/collected_write,624958,0,32,0.159523042,201,125365312,24590.000000,2818024.000000
construct/filtered_aggregate,624958,0,32,0.158054500,202,126530127,3.000000,296.000000
construct/nested_summary,1036,0,32,0.000835042,38321,39700997,3.000000,296.000000
construct/nested_summary,16396,0,32,0.012929291,2475,40580106,3.000000,296.000000
construct/nested_summary,1048588,0,32,0.822106166,39,40815672,3.000000,296.000000
compile/lexical,0,0,32,0.000053750,595349,0,42.000000,2809.000000
lexical/lookup,100,0,32,0.000012667,2526249,252624931,5.000000,584.000000
lexical/repeated_binding,100,0,32,0.000013791,2320354,232035385,5.000000,584.000000
lexical/retained_sequence,100,0,32,0.000019583,1634070,163407037,7.000000,728.000000
lexical/closure_call,100,0,32,0.000021208,1508865,150886458,7.000000,808.000000
lexical/escaped_closure,100,0,32,0.000025000,1280000,128000000,9.000000,1032.000000
lexical/mixed,100,0,32,0.000045375,705234,70523416,13.000000,1520.000000
lexical/lookup,500,0,32,0.000025333,1263175,631587258,5.000000,584.000000
lexical/repeated_binding,500,0,32,0.000024958,1282154,641077009,5.000000,584.000000
lexical/retained_sequence,500,0,32,0.000033375,958801,479400749,7.000000,728.000000
lexical/closure_call,500,0,32,0.000041792,765697,382848392,7.000000,808.000000
lexical/escaped_closure,500,0,32,0.000041292,774969,387484258,9.000000,1032.000000
lexical/mixed,500,0,32,0.000059458,538195,269097514,13.000000,1520.000000
lexical/lookup,1024,0,32,0.000038958,821397,841110940,5.000000,584.000000
lexical/repeated_binding,1024,0,32,0.000040583,788508,807431683,5.000000,584.000000
lexical/retained_sequence,1024,0,32,0.000045791,698827,715599135,7.000000,728.000000
lexical/closure_call,1024,0,32,0.000060875,525667,538283368,7.000000,808.000000
lexical/escaped_closure,1024,0,32,0.000064584,495479,507370247,9.000000,1032.000000
lexical/mixed,1024,0,32,0.000082375,388467,397790592,13.000000,1520.000000
lexical/lookup,10240,0,32,0.000309125,103518,1060024262,5.000000,584.000000
lexical/repeated_binding,10240,0,32,0.000333666,95904,982059904,5.000000,584.000000
lexical/retained_sequence,10240,0,32,0.000334083,95785,980834104,7.000000,728.000000
lexical/closure_call,10240,0,32,0.000473625,67564,691855371,7.000000,808.000000
lexical/escaped_closure,10240,0,32,0.000509959,62750,642561461,9.000000,1032.000000
lexical/mixed,10240,0,32,0.000533916,59935,613729501,13.000000,1520.000000
lexical/lookup,65536,0,32,0.002121417,15084,988561890,5.000000,584.000000
lexical/repeated_binding,65536,0,32,0.002157416,14833,972066583,5.000000,584.000000
lexical/retained_sequence,65536,0,32,0.002145625,14914,977408447,7.000000,728.000000
lexical/closure_call,65536,0,32,0.003229625,9908,649348454,7.000000,808.000000
lexical/escaped_closure,65536,0,32,0.003185792,10045,658282776,9.000000,1032.000000
lexical/mixed,65536,0,32,0.003240291,9876,647211007,13.000000,1520.000000
lexical/lookup,1048576,0,32,0.034028750,940,986061257,5.000000,584.000000
lexical/repeated_binding,1048576,0,32,0.032929500,972,1018977877,5.000000,584.000000
lexical/retained_sequence,1048576,0,32,0.034063834,939,985045665,7.000000,728.000000
lexical/closure_call,1048576,0,32,0.050656416,632,662392539,7.000000,808.000000
lexical/escaped_closure,1048576,0,32,0.050701292,631,661806251,9.000000,1032.000000
lexical/mixed,1048576,0,32,0.049460417,647,678409808,13.000000,1520.000000
lexical/mapped_calls,106,0,32,0.000059541,537445,56969147,9.000000,984.000000
lexical/repeated_projection,106,0,32,0.000035000,914286,96914286,8.000000,920.000000
lexical/mapped_calls,1692,0,32,0.000731208,43763,74047330,13.000000,6744.000000
lexical/repeated_projection,1692,0,32,0.000357000,89636,151663866,12.000000,6680.000000
lexical/mapped_calls,14260,0,32,0.005682875,5631,80297385,16.000000,49752.000000
lexical/repeated_projection,14260,0,32,0.002766833,11566,164925024,15.000000,49688.000000
lexical/mapped_calls,251044,0,32,0.092087958,347,87236249,20.000000,787032.000000
lexical/repeated_projection,251044,0,32,0.043431042,737,184969267,19.000000,786968.000000
lexical/nested_retention,1036,0,32,0.000463834,68990,71473846,10.000000,2072.000000
lexical/nested_retention,16396,0,32,0.006958375,4599,75401513,14.000000,25112.000000
lexical/nested_retention,1048588,0,32,0.444924208,72,75416926,20.000000,1573400.000000
compile/nested_fallback,0,0,32,0.000136583,234290,0,113.000000,7201.000000
compile/navigation,0,0,32,0.000071083,450178,0,55.000000,4199.000000
navigation/keep,100,0,32,0.000017375,1841727,184172662,2.000000,144.000000
navigation/wildcard,100,0,32,0.000031292,1022626,102262559,8.000000,1072.000000
navigation/descendants,100,0,32,0.000042541,752216,75221551,8.000000,1072.000000
navigation/ordering,100,0,32,0.000021666,1476969,147696852,6.000000,320.000000
navigation/grouping,100,0,32,0.000027542,1161862,116186188,11.000000,824.000000
navigation/membership,100,0,32,0.000018958,1687942,168794177,2.000000,32.000000
navigation/fallback,100,0,32,0.000010000,3200000,320000000,0.000000,0.000000
navigation/mixed,100,0,32,0.000029875,1071130,107112971,11.000000,1048.000000
navigation/keep,500,0,32,0.000030709,1042040,521019896,2.000000,144.000000
navigation/wildcard,500,0,32,0.000045000,711111,355555556,8.000000,1072.000000
navigation/descendants,500,0,32,0.000068750,465455,232727273,8.000000,1072.000000
navigation/ordering,500,0,32,0.000035000,914286,457142857,6.000000,320.000000
navigation/grouping,500,0,32,0.000041209,776529,388264699,11.000000,824.000000
navigation/membership,500,0,32,0.000032542,983345,491672300,2.000000,32.000000
navigation/fallback,500,0,32,0.000030125,1062241,531120332,0.000000,0.000000
navigation/mixed,500,0,32,0.000043208,740604,370301796,11.000000,1048.000000
navigation/keep,1024,0,32,0.000047584,672495,688634835,2.000000,144.000000
navigation/wildcard,1024,0,32,0.000061875,517172,529583838,8.000000,1072.000000
navigation/descendants,1024,0,32,0.000102791,311311,318782773,8.000000,1072.000000
navigation/ordering,1024,0,32,0.000051292,623879,638852063,6.000000,320.000000
navigation/grouping,1024,0,32,0.000057833,553317,566596926,11.000000,824.000000
navigation/membership,1024,0,32,0.000049291,649206,664786675,2.000000,32.000000
navigation/fallback,1024,0,32,0.000055417,577440,591298699,0.000000,0.000000
navigation/mixed,1024,0,32,0.000060416,529661,542372881,11.000000,1048.000000
navigation/keep,10240,0,32,0.000345042,92742,949681488,2.000000,144.000000
navigation/wildcard,10240,0,32,0.000359541,89002,911384237,8.000000,1072.000000
navigation/descendants,10240,0,32,0.000691208,46296,474068587,8.000000,1072.000000
navigation/ordering,10240,0,32,0.000349292,91614,938126267,6.000000,320.000000
navigation/grouping,10240,0,32,0.000355417,90035,921959276,11.000000,824.000000
navigation/membership,10240,0,32,0.000349167,91647,938462111,2.000000,32.000000
navigation/fallback,10240,0,32,0.000505250,63335,648550223,0.000000,0.000000
navigation/mixed,10240,0,32,0.000358000,89385,915307263,11.000000,1048.000000
navigation/keep,65536,0,32,0.002142834,14933,978681503,2.000000,144.000000
navigation/wildcard,65536,0,32,0.002142708,14934,978739054,8.000000,1072.000000
navigation/descendants,65536,0,32,0.004230042,7565,495775692,8.000000,1072.000000
navigation/ordering,65536,0,32,0.002134375,14993,982560234,6.000000,320.000000
navigation/grouping,65536,0,32,0.002184083,14651,960197941,11.000000,824.000000
navigation/membership,65536,0,32,0.002129541,15027,984790619,2.000000,32.000000
navigation/fallback,65536,0,32,0.003179750,10064,659533611,0.000000,0.000000
navigation/mixed,65536,0,32,0.002156875,14836,972310403,11.000000,1048.000000
navigation/keep,1048576,0,32,0.033997625,941,986964001,2.000000,144.000000
navigation/wildcard,1048576,0,32,0.033974583,942,987633373,8.000000,1072.000000
navigation/descendants,1048576,0,32,0.066336583,482,505820928,8.000000,1072.000000
navigation/ordering,1048576,0,32,0.034008000,941,986662903,6.000000,320.000000
navigation/grouping,1048576,0,32,0.034037375,940,985811391,11.000000,824.000000
navigation/membership,1048576,0,32,0.033720875,949,995064096,2.000000,32.000000
navigation/fallback,1048576,0,32,0.050602833,632,663093942,0.000000,0.000000
navigation/mixed,1048576,0,32,0.033990250,941,987178147,11.000000,1048.000000
navigation/wide_sort,250,0,32,0.000063792,501630,125407575,9.000000,968.000000
navigation/wide_group,250,0,32,0.000068041,470305,117576167,10.000000,1016.000000
navigation/wide_descendants,250,0,32,0.000121584,263193,65798131,20.000000,2680.000000
navigation/range,250,0,32,0.000031417,1018557,254639208,4.000000,360.000000
navigation/wide_sort,4144,0,32,0.000954917,33511,138868614,13.000000,14408.000000
navigation/wide_group,4144,0,32,0.000939417,34064,141159890,18.000000,9656.000000
navigation/wide_descendants,4144,0,32,0.001779292,17985,74528520,260.000000,34840.000000
navigation/range,4144,0,32,0.000400791,79842,330865713,8.000000,6120.000000
navigation/wide_sort,34657,0,32,0.007913250,4044,140147727,16.000000,114760.000000
navigation/wide_group,34657,0,32,0.007211625,4437,153782816,24.000000,74168.000000
navigation/wide_descendants,34657,0,32,0.013758959,2326,80603772,2052.000000,274968.000000
navigation/range,34657,0,32,0.003134333,10210,353830943,11.000000,49128.000000
navigation/wide_sort,600386,0,32,0.142597375,224,134731456,20.000000,1835080.000000
navigation/wide_group,600386,0,32,0.117188042,273,163944645,32.000000,1180088.000000
navigation/wide_descendants,600386,0,32,0.223036958,143,86139769,32772.000000,4391448.000000
navigation/range,600386,0,32,0.051751125,618,371245108,15.000000,786408.000000
navigation/distinct_groups,194,0,32,0.000060125,532225,103251559,5.000000,1464.000000
navigation/distinct_groups,3246,0,32,0.001079125,29654,96255763,13.000000,51472.000000
navigation/distinct_groups,27486,0,32,0.008475167,3776,103779902,19.000000,427816.000000
navigation/deep_descendants,24,0,32,0.000012542,2551427,61234253,4.000000,536.000000
navigation/deep_descendants,72,0,32,0.000017291,1850674,133248511,4.000000,536.000000
navigation/deep_descendants,136,0,32,0.000031583,1013203,137795650,4.000000,536.000000
compiler/lookup_8_hit,501,0,32,0.000010667,2999906,1502953033,0.000000,0.000000
rust/lookup_8_hit,501,0,32,0.000009625,3324675,1665662338,0.000000,0.000000
compiler/lookup_8_miss,501,0,32,0.000010250,3121951,1564097561,0.000000,0.000000
rust/lookup_8_miss,501,0,32,0.000009541,3353946,1680327010,0.000000,0.000000
compiler/varying_lookup_8,501,0,32,0.000009667,3310231,1658425572,0.000000,0.000000
rust/varying_lookup_8,501,0,32,0.000008792,3639672,1823475887,0.000000,0.000000
compiler/bound_lookup_8,16,0,32,0.000008208,3898635,62378168,6.000000,600.000000
compile/lookup_8,0,0,32,0.000115250,277657,0,60.000000,5577.000000
compiler/lookup_128_hit,501,0,32,0.000011084,2887044,1446409239,0.000000,0.000000
rust/lookup_128_hit,501,0,32,0.000009959,3213174,1609800181,0.000000,0.000000
compiler/lookup_128_miss,501,0,32,0.000010625,3011765,1508894118,0.000000,0.000000
rust/lookup_128_miss,501,0,32,0.000009792,3267974,1637254902,0.000000,0.000000
compiler/varying_lookup_128,501,0,32,0.000010000,3200000,1603200000,0.000000,0.000000
rust/varying_lookup_128,501,0,32,0.000008959,3571827,1789485434,0.000000,0.000000
compiler/bound_lookup_128,16,0,32,0.000008542,3746195,59939124,6.000000,600.000000
compile/lookup_128,0,0,32,0.001782542,17952,0,672.000000,111385.000000
compiler/lookup_1024_hit,501,0,32,0.000010791,2965434,1485682513,0.000000,0.000000
rust/lookup_1024_hit,501,0,32,0.000009333,3428694,1717775635,0.000000,0.000000
compiler/lookup_1024_miss,501,0,32,0.000010500,3047619,1526857143,0.000000,0.000000
rust/lookup_1024_miss,501,0,32,0.000009541,3353946,1680327010,0.000000,0.000000
compiler/varying_lookup_1024,501,0,32,0.000011334,2823363,1414505029,0.000000,0.000000
rust/varying_lookup_1024,501,0,32,0.000009958,3213497,1609961840,0.000000,0.000000
compiler/bound_lookup_1024,16,0,32,0.000009917,3226782,51628517,6.000000,600.000000
compile/lookup_1024,0,0,32,0.012216375,2619,0,5161.000000,904369.000000
compiler/lookup_4096_hit,501,0,32,0.000010917,2931208,1468535312,0.000000,0.000000
rust/lookup_4096_hit,501,0,32,0.000009667,3310231,1658425572,0.000000,0.000000
compiler/lookup_4096_miss,501,0,32,0.000016417,1949199,976548700,0.000000,0.000000
rust/lookup_4096_miss,501,0,32,0.000009584,3338898,1672787980,0.000000,0.000000
compiler/varying_lookup_4096,501,0,32,0.000011625,2752688,1379096774,0.000000,0.000000
rust/varying_lookup_4096,501,0,32,0.000010417,3071902,1539022751,0.000000,0.000000
compiler/bound_lookup_4096,16,0,32,0.000010417,3071902,49150427,6.000000,600.000000
compile/lookup_4096,0,0,32,0.047979958,667,0,20527.000000,3623105.000000
compiler/constant_scalar,100,0,32,0.000003167,10104200,1010419956,0.000000,0.000000
compiler/repeated_fields,100,0,32,0.000006875,4654545,465454545,0.000000,0.000000
compiler/dynamic_leaves,100,0,32,0.000006625,4830189,483018868,3.000000,152.000000
compiler/filtered_sum,100,0,32,0.000006708,4770423,477042338,0.000000,0.000000
compiler/invariant_aggregate,100,0,32,0.000006708,4770423,477042338,0.000000,0.000000
compiler/builtin_reference,100,0,32,0.000003208,9975062,997506234,0.000000,0.000000
compiler/static_array,100,0,32,0.000003416,9367681,936768150,1.000000,16.000000
compiler/constant_membership,100,0,32,0.000010583,3023717,302371728,1.000000,16.000000
compiler/lookup_record,100,0,32,0.000003875,8258065,825806452,0.000000,0.000000
rust/repeated_fields,100,0,32,0.000003917,8169517,816951749,0.000000,0.000000
compiler/constant_scalar,500,0,32,0.000010000,3200000,1600000000,0.000000,0.000000
compiler/repeated_fields,500,0,32,0.000013042,2453611,1226805705,0.000000,0.000000
compiler/dynamic_leaves,500,0,32,0.000013250,2415094,1207547170,3.000000,152.000000
compiler/filtered_sum,500,0,32,0.000013583,2355886,1177943017,0.000000,0.000000
compiler/invariant_aggregate,500,0,32,0.000020334,1573719,786859447,0.000000,0.000000
compiler/builtin_reference,500,0,32,0.000009875,3240506,1620253165,0.000000,0.000000
compiler/static_array,500,0,32,0.000010167,3147438,1573718894,1.000000,16.000000
compiler/constant_membership,500,0,32,0.000024042,1331004,665502038,1.000000,16.000000
compiler/lookup_record,500,0,32,0.000010459,3059566,1529782962,0.000000,0.000000
rust/repeated_fields,500,0,32,0.000010875,2942529,1471264368,0.000000,0.000000
compiler/constant_scalar,1024,0,32,0.000018625,1718121,1759355705,0.000000,0.000000
compiler/repeated_fields,1024,0,32,0.000021666,1476969,1512415767,0.000000,0.000000
compiler/dynamic_leaves,1024,0,32,0.000022125,1446328,1481039548,3.000000,152.000000
compiler/filtered_sum,1024,0,32,0.000022084,1449013,1483789169,0.000000,0.000000
compiler/invariant_aggregate,1024,0,32,0.000037208,860030,880670823,0.000000,0.000000
compiler/builtin_reference,1024,0,32,0.000018542,1725812,1767231151,0.000000,0.000000
compiler/static_array,1024,0,32,0.000018917,1691600,1732198552,1.000000,16.000000
compiler/constant_membership,1024,0,32,0.000041125,778116,796790274,1.000000,16.000000
compiler/lookup_record,1024,0,32,0.000019166,1669623,1709694250,0.000000,0.000000
rust/repeated_fields,1024,0,32,0.000019666,1627174,1666225974,0.000000,0.000000
compiler/constant_scalar,10240,0,32,0.000169958,188282,1928005743,0.000000,0.000000
compiler/repeated_fields,10240,0,32,0.000173417,184526,1889549467,0.000000,0.000000
compiler/dynamic_leaves,10240,0,32,0.000185209,172778,1769244475,3.000000,152.000000
compiler/filtered_sum,10240,0,32,0.000176208,181604,1859620449,0.000000,0.000000
compiler/invariant_aggregate,10240,0,32,0.000334417,95689,979854493,0.000000,0.000000
compiler/builtin_reference,10240,0,32,0.000169875,188374,1928947756,0.000000,0.000000
compiler/static_array,10240,0,32,0.000170167,188051,1925637756,1.000000,16.000000
compiler/constant_membership,10240,0,32,0.000338084,94651,969226583,1.000000,16.000000
compiler/lookup_record,10240,0,32,0.000170375,187821,1923286867,0.000000,0.000000
rust/repeated_fields,10240,0,32,0.000171125,186998,1914857560,0.000000,0.000000
compiler/constant_scalar,1048576,0,32,0.017107750,1870,1961358566,0.000000,0.000000
compiler/repeated_fields,1048576,0,32,0.017283709,1851,1941390705,0.000000,0.000000
compiler/dynamic_leaves,1048576,0,32,0.017265917,1853,1943391249,3.000000,152.000000
compiler/filtered_sum,1048576,0,32,0.017282750,1852,1941498431,0.000000,0.000000
compiler/invariant_aggregate,1048576,0,32,0.033916125,944,989335663,0.000000,0.000000
compiler/builtin_reference,1048576,0,32,0.017318667,1848,1937471977,0.000000,0.000000
compiler/static_array,1048576,0,32,0.016937000,1889,1981131960,1.000000,16.000000
compiler/constant_membership,1048576,0,32,0.033967584,942,987836874,1.000000,16.000000
compiler/lookup_record,1048576,0,32,0.017234041,1857,1946985736,0.000000,0.000000
rust/repeated_fields,1048576,0,32,0.017215875,1859,1949040174,0.000000,0.000000
compile/execution,0,0,32,0.000133458,239776,0,148.000000,7464.000000
execution/arithmetic,100,0,32,0.000005250,6095238,609523810,0.000000,0.000000
execution/comparison,100,0,32,0.000005458,5862953,586295346,0.000000,0.000000
execution/conditional,100,0,32,0.000005500,5818182,581818182,0.000000,0.000000
execution/constructor,100,0,32,0.000007000,4571429,457142857,3.000000,152.000000
rust/execution_arithmetic,100,0,32,0.000003500,9142857,914285714,0.000000,0.000000
rust/execution_constructor,100,0,32,0.000003500,9142857,914285714,0.000000,0.000000
execution/arithmetic,500,0,32,0.000012375,2585859,1292929293,0.000000,0.000000
execution/comparison,500,0,32,0.000012500,2560000,1280000000,0.000000,0.000000
execution/conditional,500,0,32,0.000012042,2657366,1328682943,0.000000,0.000000
execution/constructor,500,0,32,0.000013667,2341406,1170703154,3.000000,152.000000
rust/execution_arithmetic,500,0,32,0.000010250,3121951,1560975610,0.000000,0.000000
rust/execution_constructor,500,0,32,0.000010333,3096874,1548437046,0.000000,0.000000
execution/arithmetic,1024,0,32,0.000020458,1564180,1601720598,0.000000,0.000000
execution/comparison,1024,0,32,0.000021166,1511859,1548143249,0.000000,0.000000
execution/conditional,1024,0,32,0.000021167,1511787,1548070109,0.000000,0.000000
execution/constructor,1024,0,32,0.000022208,1440922,1475504323,3.000000,152.000000
rust/execution_arithmetic,1024,0,32,0.000019041,1680584,1720918019,0.000000,0.000000
rust/execution_constructor,1024,0,32,0.000019083,1676885,1717130430,0.000000,0.000000
execution/arithmetic,10240,0,32,0.000180083,177696,1819605404,0.000000,0.000000
execution/comparison,10240,0,32,0.000172292,185731,1901887493,0.000000,0.000000
execution/conditional,10240,0,32,0.000174541,183338,1877381246,0.000000,0.000000
execution/constructor,10240,0,32,0.000173417,184526,1889549467,3.000000,152.000000
rust/execution_arithmetic,10240,0,32,0.000170625,187546,1920468864,0.000000,0.000000
rust/execution_constructor,10240,0,32,0.000172708,185284,1897306436,0.000000,0.000000
execution/arithmetic,1048576,0,32,0.017236417,1857,1946717349,0.000000,0.000000
execution/comparison,1048576,0,32,0.017234541,1857,1946929251,0.000000,0.000000
execution/conditional,1048576,0,32,0.017131792,1868,1958606082,0.000000,0.000000
execution/constructor,1048576,0,32,0.017253834,1855,1944752221,3.000000,152.000000
rust/execution_arithmetic,1048576,0,32,0.017299500,1850,1939618602,0.000000,0.000000
rust/execution_constructor,1048576,0,32,0.017235083,1857,1946868025,0.000000,0.000000
execution/filtered_sum,74,0,32,0.000019375,1651613,122219355,0.000000,0.000000
execution/mapped_sum,74,0,32,0.000018833,1699145,125736739,0.000000,0.000000
rust/execution_filtered_sum,74,0,32,0.000006875,4654545,344436364,0.000000,0.000000
execution/filtered_sum,1082,0,32,0.000247667,129206,139800619,0.000000,0.000000
execution/mapped_sum,1082,0,32,0.000268792,119051,128813358,0.000000,0.000000
rust/execution_filtered_sum,1082,0,32,0.000103083,310429,335884675,0.000000,0.000000
execution/filtered_sum,8586,0,32,0.002143750,14927,128164198,0.000000,0.000000
execution/mapped_sum,8586,0,32,0.002174042,14719,126378423,0.000000,0.000000
rust/execution_filtered_sum,8586,0,32,0.000853834,37478,321786202,0.000000,0.000000
execution/filtered_sum,137226,0,32,0.034384083,931,127711185,0.000000,0.000000
execution/mapped_sum,137226,0,32,0.035632625,898,123236276,0.000000,0.000000
rust/execution_filtered_sum,137226,0,32,0.012897584,2481,340469347,0.000000,0.000000
execution/lookup_8192,501,0,32,0.000011083,2887305,1446539746,0.000000,0.000000
rust/execution_lookup_8192,501,0,32,0.000009625,3324675,1665662338,0.000000,0.000000
execution/type_fallback,16,0,32,0.000004959,6452914,103246622,0.000000,0.000000
native_metadata,arithmetic,6167,3739916,1,716,0
jit/compile_arithmetic,0,0,32,0.000130917,244430,0,148.000000,7464.000000
native_region,jit/arithmetic,100,307000,1,716
jit/arithmetic,100,0,32,0.000004625,6918919,691891892,0.000000,0.000000
jit/rust_arithmetic,100,0,32,0.000003459,9251229,925122868,0.000000,0.000000
native_region,jit/arithmetic,500,264209,1,716
jit/arithmetic,500,0,32,0.000011084,2887044,1443522194,0.000000,0.000000
jit/rust_arithmetic,500,0,32,0.000009750,3282051,1641025641,0.000000,0.000000
native_region,jit/arithmetic,1024,248792,1,716
jit/arithmetic,1024,0,32,0.000018917,1691600,1732198552,0.000000,0.000000
jit/rust_arithmetic,1024,0,32,0.000017459,1832866,1876854344,0.000000,0.000000
native_region,jit/arithmetic,10240,261500,1,716
jit/arithmetic,10240,0,32,0.000155625,205622,2105574297,0.000000,0.000000
jit/rust_arithmetic,10240,0,32,0.000154542,207063,2120329749,0.000000,0.000000
native_region,jit/arithmetic,1048576,260333,1,716
jit/arithmetic,1048576,0,32,0.017237667,1856,1946576181,0.000000,0.000000
jit/rust_arithmetic,1048576,0,32,0.017221375,1858,1948417708,0.000000,0.000000
native_metadata,dense,10292,499833,1,1144,0
jit/compile_dense,0,0,32,0.000204916,156162,0,238.000000,11885.000000
native_region,jit/dense,100,423791,1,1144
jit/dense,100,0,32,0.000005875,5446809,544680851,0.000000,0.000000
jit/rust_dense,100,0,32,0.000003667,8726479,872647941,0.000000,0.000000
native_region,jit/dense,500,405625,1,1144
jit/dense,500,0,32,0.000012625,2534653,1267326733,0.000000,0.000000
jit/rust_dense,500,0,32,0.000010667,2999906,1499953126,0.000000,0.000000
native_region,jit/dense,1024,398250,1,1144
jit/dense,1024,0,32,0.000021916,1460120,1495163351,0.000000,0.000000
jit/rust_dense,1024,0,32,0.000019375,1651613,1691251613,0.000000,0.000000
native_region,jit/dense,10240,397250,1,1144
jit/dense,10240,0,32,0.000175375,182466,1868453314,0.000000,0.000000
jit/rust_dense,10240,0,32,0.000170750,187408,1919062958,0.000000,0.000000
native_region,jit/dense,1048576,397667,1,1144
jit/dense,1048576,0,32,0.017041666,1878,1968964302,0.000000,0.000000
jit/rust_dense,1048576,0,32,0.017259292,1854,1944137222,0.000000,0.000000
native_metadata,branch,12625,593625,1,1056,0
jit/compile_branch,0,0,32,0.000184500,173442,0,219.000000,10602.000000
native_region,jit/branch,100,431750,1,1056
jit/branch,100,0,32,0.000005125,6243902,624390244,0.000000,0.000000
jit/rust_branch,100,0,32,0.000003709,8627662,862766244,0.000000,0.000000
native_region,jit/branch,500,396000,1,1056
jit/branch,500,0,32,0.000012250,2612245,1306122449,0.000000,0.000000
jit/rust_branch,500,0,32,0.000010750,2976744,1488372093,0.000000,0.000000
native_region,jit/branch,1024,378375,1,1056
jit/branch,1024,0,32,0.000020541,1557860,1595248527,0.000000,0.000000
jit/rust_branch,1024,0,32,0.000019333,1655201,1694925775,0.000000,0.000000
native_region,jit/branch,10240,364209,1,1056
jit/branch,10240,0,32,0.000172209,185821,1902804151,0.000000,0.000000
jit/rust_branch,10240,0,32,0.000170625,187546,1920468864,0.000000,0.000000
native_region,jit/branch,1048576,365541,1,1056
jit/branch,1048576,0,32,0.017256042,1854,1944503380,0.000000,0.000000
jit/rust_branch,1048576,0,32,0.017285959,1851,1941138007,0.000000,0.000000
jit/varying_branch,500,0,32,0.000012084,2648130,1324064879,0.000000,0.000000
native_region,jit/tiny,13,336417,1,716
jit/tiny,13,0,32,0.000003833,8348552,108531177,0.000000,0.000000
native_region,jit/fold,122,458791,1,1144
jit/fold,122,0,32,0.000035750,895105,109202797,0.000000,0.000000
native_region,jit/filter_map_fold,122,552125,1,1368
jit/filter_map_fold,122,0,32,0.000032084,997382,121680588,0.000000,0.000000
jit/rust_fold,122,0,32,0.000023958,1335671,162951832,0.000000,0.000000
native_region,jit/numeric_fold,26,249625,1,504
jit/numeric_fold,26,0,32,0.000016625,1924812,50045113,0.000000,0.000000
native_region,jit/fold,472,435458,1,1144
jit/fold,472,0,32,0.000143208,223451,105468968,0.000000,0.000000
native_region,jit/filter_map_fold,472,512375,1,1368
jit/filter_map_fold,472,0,32,0.000136750,234004,110449726,0.000000,0.000000
jit/rust_fold,472,0,32,0.000091416,350048,165222718,0.000000,0.000000
native_region,jit/numeric_fold,88,236125,1,504
jit/numeric_fold,88,0,32,0.000062917,508607,44757379,0.000000,0.000000
native_region,jit/fold,1858,422541,1,1144
jit/fold,1858,0,32,0.000567833,56355,104706842,0.000000,0.000000
native_region,jit/filter_map_fold,1858,501125,1,1368
jit/filter_map_fold,1858,0,32,0.000546417,58563,108810670,0.000000,0.000000
jit/rust_fold,1858,0,32,0.000356833,89678,166621361,0.000000,0.000000
native_region,jit/numeric_fold,322,230875,1,504
jit/numeric_fold,322,0,32,0.000246417,129861,41815297,0.000000,0.000000
native_region,jit/fold,14794,424875,1,1144
jit/fold,14794,0,32,0.005180750,6177,91378275,0.000000,0.000000
native_region,jit/filter_map_fold,14794,503208,1,1368
jit/filter_map_fold,14794,0,32,0.004227625,7569,111979658,0.000000,0.000000
jit/rust_fold,14794,0,32,0.002862166,11180,165402007,0.000000,0.000000
native_region,jit/numeric_fold,2506,235250,1,504
jit/numeric_fold,2506,0,32,0.001959958,16327,40915162,0.000000,0.000000
native_region,jit/fold,236554,422417,1,1144
jit/fold,236554,0,32,0.072299792,443,104699167,0.000000,0.000000
native_region,jit/filter_map_fold,236554,698583,1,1368
jit/filter_map_fold,236554,0,32,0.067830292,472,111598045,0.000000,0.000000
jit/rust_fold,236554,0,32,0.044121750,725,171564546,0.000000,0.000000
native_region,jit/numeric_fold,39946,364375,1,504
jit/numeric_fold,39946,0,32,0.031093041,1029,41111193,0.000000,0.000000
plan/branch,100,0,32,0.000004917,6508033,650803335,0.000000,0.000000
plan/boolean,100,0,32,0.000006083,5260562,526056222,0.000000,0.000000
plan/object,100,0,32,0.000006417,4986754,498675393,3.000000,248.000000
plan/branch,500,0,32,0.000011584,2762431,1381215470,0.000000,0.000000
plan/boolean,500,0,32,0.000012875,2485437,1242718447,0.000000,0.000000
plan/object,500,0,32,0.000013458,2377768,1188883935,3.000000,248.000000
plan/branch,1024,0,32,0.000020208,1583531,1621536025,0.000000,0.000000
plan/boolean,1024,0,32,0.000021458,1491285,1527076149,0.000000,0.000000
plan/object,1024,0,32,0.000022208,1440922,1475504323,3.000000,248.000000
plan/branch,10240,0,32,0.000171625,186453,1909278951,0.000000,0.000000
plan/boolean,10240,0,32,0.000172875,185105,1895473608,0.000000,0.000000
plan/object,10240,0,32,0.000173375,184571,1890007210,3.000000,248.000000
plan/branch,1048576,0,32,0.017250875,1855,1945085800,0.000000,0.000000
plan/boolean,1048576,0,32,0.017205416,1860,1950224976,0.000000,0.000000
plan/object,1048576,0,32,0.017242791,1856,1945997722,3.000000,248.000000
plan/lookup_branch,490,0,32,0.000014625,2188034,1072136752,0.000000,0.000000
plan/lookup_quote,490,0,32,0.000014750,2169492,1063050847,0.000000,0.000000
plan/invoice_sum,58,0,32,0.000005709,5605185,325100718,0.000000,0.000000
rust/plan_invoice,58,0,32,0.000005208,6144393,356374808,0.000000,0.000000
plan/invoice_object,58,0,32,0.000011792,2713704,157394844,3.000000,296.000000
plan/mapped_objects,58,0,32,0.000014250,2245614,130245614,2.000000,136.000000
plan/invoice_sum,300,0,32,0.000035291,906747,272024029,0.000000,0.000000
rust/plan_invoice,300,0,32,0.000031708,1009209,302762710,0.000000,0.000000
plan/invoice_object,300,0,32,0.000047834,668980,200694067,3.000000,296.000000
plan/mapped_objects,300,0,32,0.000077958,410477,123143231,16.000000,1088.000000
plan/invoice_sum,4488,0,32,0.000572667,55879,250784487,0.000000,0.000000
rust/plan_invoice,4488,0,32,0.000483042,66247,297315761,0.000000,0.000000
plan/invoice_object,4488,0,32,0.000671375,47663,213913238,3.000000,296.000000
plan/mapped_objects,4488,0,32,0.001135125,28191,126519987,256.000000,17408.000000
plan/invoice_sum,35736,0,32,0.004445125,7199,257259807,0.000000,0.000000
rust/plan_invoice,35736,0,32,0.003836334,8341,298084578,0.000000,0.000000
plan/invoice_object,35736,0,32,0.005347708,5984,213839649,3.000000,296.000000
plan/mapped_objects,35736,0,32,0.008581750,3729,133253940,2048.000000,139264.000000
plan/invoice_sum,571416,0,32,0.069349208,461,263670091,0.000000,0.000000
rust/plan_invoice,571416,0,32,0.061494334,520,297349541,0.000000,0.000000
plan/invoice_object,571416,0,32,0.085701500,373,213360466,3.000000,296.000000
plan/mapped_objects,571416,0,32,0.138737500,231,131797906,32768.000000,2228224.000000
plan/wide_fields,7583,0,32,0.000303625,105393,799196377,0.000000,0.000000
plan/untaken_branch,496,0,32,0.000010958,2920241,1448439496,0.000000,0.000000
compile/plan_branch,0,0,32,0.000068458,467440,0,96.000000,3826.000000
demand/nested,100,0,32,0.000004958,6454215,645421541,0.000000,0.000000
demand/branch,100,0,32,0.000005375,5953488,595348837,0.000000,0.000000
demand/repeated,100,0,32,0.000004458,7178107,717810677,0.000000,0.000000
demand/untaken_nested,101,0,32,0.000004583,6982326,705214925,0.000000,0.000000
demand/nested,500,0,32,0.000011500,2782609,1391304348,0.000000,0.000000
demand/branch,500,0,32,0.000012042,2657366,1328682943,0.000000,0.000000
demand/repeated,500,0,32,0.000011042,2898026,1449012860,0.000000,0.000000
demand/untaken_nested,501,0,32,0.000011333,2823612,1414629842,0.000000,0.000000
demand/nested,1024,0,32,0.000020333,1573796,1611567403,0.000000,0.000000
demand/branch,1024,0,32,0.000020833,1536025,1572889166,0.000000,0.000000
demand/repeated,1024,0,32,0.000019709,1623624,1662590695,0.000000,0.000000
demand/untaken_nested,1025,0,32,0.000019916,1606748,1646917052,0.000000,0.000000
demand/nested,10240,0,32,0.000171625,186453,1909278951,0.000000,0.000000
demand/branch,10240,0,32,0.000172000,186047,1905116279,0.000000,0.000000
demand/repeated,10240,0,32,0.000173333,184616,1890465174,0.000000,0.000000
demand/untaken_nested,10241,0,32,0.000173875,184040,1884756290,0.000000,0.000000
demand/nested,1048576,0,32,0.017125542,1869,1959320879,0.000000,0.000000
demand/branch,1048576,0,32,0.017193917,1861,1951529253,0.000000,0.000000
demand/repeated,1048576,0,32,0.017274833,1852,1942388213,0.000000,0.000000
demand/untaken_nested,1048577,0,32,0.017261292,1854,1943913816,0.000000,0.000000
demand/nested_fold,546,0,32,0.000113958,280805,153319644,0.000000,0.000000
demand/nested_fold_plan,546,0,32,0.000052958,604252,329921825,0.000000,0.000000
demand/nested_fold,8454,0,32,0.001771250,18066,152732816,0.000000,0.000000
demand/nested_fold_plan,8454,0,32,0.000848584,37710,318799317,0.000000,0.000000
demand/nested_fold,67478,0,32,0.014315000,2235,150841495,0.000000,0.000000
demand/nested_fold_plan,67478,0,32,0.006828167,4686,316233625,0.000000,0.000000
demand/wide_nested,1137,0,32,0.000038041,841198,956441734,0.000000,0.000000
demand/wide_nested,38497,0,32,0.001106583,28918,1113250429,0.000000,0.000000
demand/wide_nested,323265,0,32,0.009497750,3369,1089150588,0.000000,0.000000
demand/repeated_lookup,100,0,32,0.000007500,4266667,426666667,0.000000,0.000000
demand/repeated_lookup,500,0,32,0.000016958,1887015,943507489,0.000000,0.000000
demand/repeated_lookup,10240,0,32,0.000173833,184085,1885027584,0.000000,0.000000
demand/repeated_lookup,1048576,0,32,0.017273917,1853,1942491214,0.000000,0.000000
compile/scoped_path,0,0,32,0.000059667,536310,0,41.000000,3773.000000
tuple/index,100,0,32,0.000019125,1673203,167320261,9.000000,864.000000
tuple/filter_sum,100,0,32,0.000027750,1153153,115315315,10.000000,1312.000000
tuple/plan_leaves,100,0,32,0.000035709,896133,89613263,15.000000,1456.000000
tuple/kept,100,0,32,0.000023333,1371448,137144816,11.000000,1008.000000
tuple/ordered,100,0,32,0.000036666,872743,87274314,19.000000,1656.000000
tuple/index,500,0,32,0.000031958,1001314,500657112,9.000000,864.000000
tuple/filter_sum,500,0,32,0.000040750,785276,392638037,10.000000,1312.000000
tuple/plan_leaves,500,0,32,0.000049250,649746,324873096,15.000000,1456.000000
tuple/kept,500,0,32,0.000037500,853333,426666667,11.000000,1008.000000
tuple/ordered,500,0,32,0.000050041,639476,319737815,19.000000,1656.000000
tuple/index,1024,0,32,0.000049625,644836,660312343,9.000000,864.000000
tuple/filter_sum,1024,0,32,0.000058167,550140,563343477,10.000000,1312.000000
tuple/plan_leaves,1024,0,32,0.000066000,484848,496484848,15.000000,1456.000000
tuple/kept,1024,0,32,0.000054125,591224,605413395,11.000000,1008.000000
tuple/ordered,1024,0,32,0.000067500,474074,485451852,19.000000,1656.000000
tuple/index,10240,0,32,0.000345833,92530,947509347,9.000000,864.000000
tuple/filter_sum,10240,0,32,0.000355416,90035,921961870,10.000000,1312.000000
tuple/plan_leaves,10240,0,32,0.000363250,88094,902078458,15.000000,1456.000000
tuple/kept,10240,0,32,0.000367750,87016,891040109,11.000000,1008.000000
tuple/ordered,10240,0,32,0.000364708,87741,898472202,19.000000,1656.000000
tuple/index,1048576,0,32,0.033055459,968,1015095026,9.000000,864.000000
tuple/filter_sum,1048576,0,32,0.034003875,941,986782595,10.000000,1312.000000
tuple/plan_leaves,1048576,0,32,0.034032292,940,985958630,15.000000,1456.000000
tuple/kept,1048576,0,32,0.033543042,954,1000339564,11.000000,1008.000000
tuple/ordered,1048576,0,32,0.034022958,941,986229122,19.000000,1656.000000
tuple/wide_sum,440,0,32,0.000102042,313596,137982399,22.000000,2512.000000
tuple/nested_sum,440,0,32,0.000188792,169499,74579431,70.000000,6352.000000
tuple/join_sum,440,0,32,0.000415542,77008,33883458,46.000000,4816.000000
tuple/join_bound,440,0,32,0.000321292,99598,43823064,55.000000,5744.000000
tuple/group,440,0,32,0.000154500,207120,91132686,57.000000,5424.000000
tuple/negative_index,440,0,32,0.000068959,464044,204179295,23.000000,2448.000000
tuple/wide_sum,6666,0,32,0.001485167,21546,143628292,262.000000,26512.000000
tuple/nested_sum,6666,0,32,0.002837208,11279,75183772,1030.000000,87952.000000
tuple/join_sum,6666,0,32,0.030241666,1058,7053580,646.000000,63376.000000
tuple/join_bound,6666,0,32,0.004796708,6671,44470499,775.000000,75824.000000
tuple/group,6666,0,32,0.001941042,16486,109895613,337.000000,65904.000000
tuple/negative_index,6666,0,32,0.000878208,36438,242894622,267.000000,34128.000000
tuple/wide_sum,56043,0,32,0.011998166,2667,149470844,2054.000000,205712.000000
tuple/nested_sum,56043,0,32,0.023028542,1390,77876229,8198.000000,697232.000000
tuple/join_sum,56043,0,32,1.651183875,19,1086115,5126.000000,500624.000000
tuple/join_bound,56043,0,32,0.038677833,827,46367024,6151.000000,599088.000000
tuple/group,56043,0,32,0.015065417,2124,119039254,2159.000000,517488.000000
tuple/negative_index,56043,0,32,0.006933917,4615,258638227,2062.000000,270672.000000
compile/builtins,0,0,32,0.000070209,455782,0,55.000000,3865.000000
builtin/length,100,0,32,0.000008666,3692592,369259174,0.000000,0.000000
builtin/normalize,100,0,32,0.000024000,1333333,133333333,19.000000,363.000000
builtin/split_join,100,0,32,0.000035167,909944,90994398,32.000000,749.000000
builtin/numeric,100,0,32,0.000009250,3459459,345945946,0.000000,0.000000
builtin/average,100,0,32,0.000008584,3727866,372786580,0.000000,0.000000
builtin/type,100,0,32,0.000007875,4063492,406349206,0.000000,0.000000
builtin/keys,100,0,32,0.000016542,1934470,193446983,8.000000,468.000000
builtin/map_builtin,100,0,32,0.000015375,2081301,208130081,3.000000,208.000000
builtin/map_closure,100,0,32,0.000029500,1084746,108474576,9.000000,952.000000
builtin/reduce,100,0,32,0.000019625,1630573,163057325,4.000000,264.000000
builtin/sift,100,0,32,0.000023500,1361702,136170213,12.000000,820.000000
builtin/length,500,0,32,0.000022000,1454545,727272727,0.000000,0.000000
builtin/normalize,500,0,32,0.000037333,857151,428575255,19.000000,363.000000
builtin/split_join,500,0,32,0.000055167,580057,290028459,32.000000,749.000000
builtin/numeric,500,0,32,0.000022416,1427552,713775874,0.000000,0.000000
builtin/average,500,0,32,0.000021834,1465604,732802052,0.000000,0.000000
builtin/type,500,0,32,0.000021167,1511787,755893608,0.000000,0.000000
builtin/keys,500,0,32,0.000030083,1063724,531861849,8.000000,468.000000
builtin/map_builtin,500,0,32,0.000029042,1101852,550926245,3.000000,208.000000
builtin/map_closure,500,0,32,0.000049625,644836,322418136,9.000000,952.000000
builtin/reduce,500,0,32,0.000032917,972142,486071027,4.000000,264.000000
builtin/sift,500,0,32,0.000037167,860979,430489413,12.000000,820.000000
builtin/length,1024,0,32,0.000038834,824020,843796673,0.000000,0.000000
builtin/normalize,1024,0,32,0.000054459,587598,601700362,19.000000,363.000000
builtin/split_join,1024,0,32,0.000065708,487003,498691179,32.000000,749.000000
builtin/numeric,1024,0,32,0.000039375,812698,832203175,0.000000,0.000000
builtin/average,1024,0,32,0.000038875,823151,842906752,0.000000,0.000000
builtin/type,1024,0,32,0.000038083,840270,860436415,0.000000,0.000000
builtin/keys,1024,0,32,0.000046708,685107,701550056,8.000000,468.000000
builtin/map_builtin,1024,0,32,0.000045709,700081,716882890,3.000000,208.000000
builtin/map_closure,1024,0,32,0.000074417,430009,440329495,9.000000,952.000000
builtin/reduce,1024,0,32,0.000049875,641604,657002506,4.000000,264.000000
builtin/sift,1024,0,32,0.000053417,599060,613437670,12.000000,820.000000
builtin/length,10240,0,32,0.000338875,94430,966964220,0.000000,0.000000
builtin/normalize,10240,0,32,0.000352334,90823,930026622,19.000000,363.000000
builtin/split_join,10240,0,32,0.000362625,88245,903633230,32.000000,749.000000
builtin/numeric,10240,0,32,0.000336916,94979,972586639,0.000000,0.000000
builtin/average,10240,0,32,0.000336625,95061,973427404,0.000000,0.000000
builtin/type,10240,0,32,0.000337791,94733,970067290,0.000000,0.000000
builtin/keys,10240,0,32,0.000346667,92308,945229860,8.000000,468.000000
builtin/map_builtin,10240,0,32,0.000343250,93227,954639476,3.000000,208.000000
builtin/map_closure,10240,0,32,0.000517958,61781,632638168,9.000000,952.000000
builtin/reduce,10240,0,32,0.000346875,92252,944663063,4.000000,264.000000
builtin/sift,10240,0,32,0.000351334,91081,932673752,12.000000,820.000000
builtin/length,1048576,0,32,0.033974417,942,987638198,0.000000,0.000000
builtin/normalize,1048576,0,32,0.034025834,940,986145762,19.000000,363.000000
builtin/split_join,1048576,0,32,0.034087875,939,984350946,32.000000,749.000000
builtin/numeric,1048576,0,32,0.034001667,941,986846674,0.000000,0.000000
builtin/average,1048576,0,32,0.033982875,942,987392385,0.000000,0.000000
builtin/type,1048576,0,32,0.033999500,941,986909572,0.000000,0.000000
builtin/keys,1048576,0,32,0.034004042,941,986777748,8.000000,468.000000
builtin/map_builtin,1048576,0,32,0.034005500,941,986735440,3.000000,208.000000
builtin/map_closure,1048576,0,32,0.050700084,631,661822020,9.000000,952.000000
builtin/reduce,1048576,0,32,0.033951334,943,988309679,4.000000,264.000000
builtin/sift,1048576,0,32,0.033991708,941,987135804,12.000000,820.000000
builtin/filter_reduce,285,0,32,0.000077833,411137,117173949,7.000000,472.000000
builtin/planned_average,285,0,32,0.000028250,1132743,322831858,0.000000,0.000000
builtin/grouped_average,285,0,32,0.000069958,457417,130363933,10.000000,1016.000000
builtin/ordered_labels,285,0,32,0.000202458,158057,45046380,113.000000,3705.000000
builtin/merged_objects,285,0,32,0.000215542,148463,42311939,116.000000,7200.000000
builtin/each_group,285,0,32,0.000095333,335666,95664670,30.000000,2724.000000
builtin/distinct,285,0,32,0.000050917,628474,179115030,5.000000,480.000000
builtin/filter_reduce,4537,0,32,0.001072750,29830,135338150,11.000000,3352.000000
builtin/planned_average,4537,0,32,0.000430250,74375,337441023,0.000000,0.000000
builtin/grouped_average,4537,0,32,0.000917125,34892,158303394,18.000000,9656.000000
builtin/ordered_labels,4537,0,32,0.002782375,11501,52179882,1564.000000,53489.000000
builtin/merged_objects,4537,0,32,0.005357500,5973,27099207,1921.000000,117602.000000
builtin/each_group,4537,0,32,0.000957375,33425,151647996,38.000000,11364.000000
builtin/distinct,4537,0,32,0.000708959,45137,204784762,9.000000,6240.000000
builtin/filter_reduce,37737,0,32,0.008568708,3735,140929531,14.000000,24856.000000
builtin/planned_average,37737,0,32,0.003410750,9382,354052335,0.000000,0.000000
builtin/grouped_average,37737,0,32,0.007044500,4543,171422244,24.000000,74168.000000
builtin/ordered_labels,37737,0,32,0.022870750,1399,52800367,12397.000000,429289.000000
builtin/merged_objects,37737,0,32,0.133552042,240,9042048,15391.000000,940538.000000
builtin/each_group,37737,0,32,0.007158667,4470,168688388,44.000000,75876.000000
builtin/distinct,37737,0,32,0.005525500,5791,218547462,12.000000,49248.000000
compile/helpers,0,0,32,0.000099500,321608,0,72.000000,6457.000000
helper/round,100,0,32,0.000008292,3859141,385914134,0.000000,0.000000
helper/static_round,100,0,32,0.000003333,9600960,960096010,0.000000,0.000000
helper/decimal_round,100,0,32,0.000012959,2469326,246932634,0.000000,0.000000
helper/pad,100,0,32,0.000013042,2453611,245361141,5.000000,83.000000
helper/pad_unchanged,100,0,32,0.000008333,3840154,384015361,0.000000,0.000000
helper/uri_unchanged,100,0,32,0.000007833,4085280,408528022,0.000000,0.000000
helper/base64,100,0,32,0.000010958,2920241,292024092,5.000000,48.000000
helper/sort,100,0,32,0.000015208,2104156,210415571,5.000000,264.000000
helper/zip,100,0,32,0.000021542,1485470,148547024,11.000000,816.000000
helper/single,100,0,32,0.000018250,1753425,175342466,4.000000,264.000000
helper/assert,100,0,32,0.000008584,3727866,372786580,0.000000,0.000000
helper/static_sort,100,0,32,0.000003666,8728860,872885979,1.000000,16.000000
helper/round,500,0,32,0.000021708,1474111,737055463,0.000000,0.000000
helper/static_round,500,0,32,0.000010375,3084337,1542168675,0.000000,0.000000
helper/decimal_round,500,0,32,0.000033083,967264,483632077,0.000000,0.000000
helper/pad,500,0,32,0.000026750,1196262,598130841,5.000000,83.000000
helper/pad_unchanged,500,0,32,0.000021958,1457328,728663813,0.000000,0.000000
helper/uri_unchanged,500,0,32,0.000021500,1488372,744186047,0.000000,0.000000
helper/base64,500,0,32,0.000024500,1306122,653061224,5.000000,48.000000
helper/sort,500,0,32,0.000028583,1119547,559773292,5.000000,264.000000
helper/zip,500,0,32,0.000041541,770323,385161648,11.000000,816.000000
helper/single,500,0,32,0.000031500,1015873,507936508,4.000000,264.000000
helper/assert,500,0,32,0.000021959,1457261,728630630,0.000000,0.000000
helper/static_sort,500,0,32,0.000010625,3011765,1505882353,1.000000,16.000000
helper/round,1024,0,32,0.000038917,822263,841997071,0.000000,0.000000
helper/static_round,1024,0,32,0.000019000,1684211,1724631579,0.000000,0.000000
helper/decimal_round,1024,0,32,0.000049334,648640,664207240,0.000000,0.000000
helper/pad,1024,0,32,0.000049541,645930,661431945,5.000000,83.000000
helper/pad_unchanged,1024,0,32,0.000038750,825806,845625806,0.000000,0.000000
helper/uri_unchanged,1024,0,32,0.000038333,834790,854824825,0.000000,0.000000
helper/base64,1024,0,32,0.000041250,775758,794375758,5.000000,48.000000
helper/sort,1024,0,32,0.000045334,705872,722812900,5.000000,264.000000
helper/zip,1024,0,32,0.000067000,477612,489074627,11.000000,816.000000
helper/single,1024,0,32,0.000048541,659237,675058198,4.000000,264.000000
helper/assert,1024,0,32,0.000039000,820513,840205128,0.000000,0.000000
helper/static_sort,1024,0,32,0.000019250,1662338,1702233766,1.000000,16.000000
helper/round,10240,0,32,0.000336542,95085,973667477,0.000000,0.000000
helper/static_round,10240,0,32,0.000170000,188235,1927529412,0.000000,0.000000
helper/decimal_round,10240,0,32,0.000340750,93910,961643434,0.000000,0.000000
helper/pad,10240,0,32,0.000341167,93796,960468041,5.000000,83.000000
helper/pad_unchanged,10240,0,32,0.000336542,95085,973667477,0.000000,0.000000
helper/uri_unchanged,10240,0,32,0.000335958,95250,975360015,0.000000,0.000000
helper/base64,10240,0,32,0.000338750,94465,967321033,5.000000,48.000000
helper/sort,10240,0,32,0.000342875,93328,955683558,5.000000,264.000000
helper/zip,10240,0,32,0.000510208,62720,642247868,11.000000,816.000000
helper/single,10240,0,32,0.000345458,92631,948537883,4.000000,264.000000
helper/assert,10240,0,32,0.000336250,95167,974513011,0.000000,0.000000
helper/static_sort,10240,0,32,0.000173250,184704,1891370851,1.000000,16.000000
helper/round,1048576,0,32,0.033940084,943,988637270,0.000000,0.000000
helper/static_round,1048576,0,32,0.017206500,1860,1950102113,0.000000,0.000000
helper/decimal_round,1048576,0,32,0.033907917,944,989575148,0.000000,0.000000
helper/pad,1048576,0,32,0.033898000,944,989864653,5.000000,83.000000
helper/pad_unchanged,1048576,0,32,0.033905375,944,989649340,0.000000,0.000000
helper/uri_unchanged,1048576,0,32,0.033899125,944,989831802,0.000000,0.000000
helper/base64,1048576,0,32,0.033660958,951,996835325,5.000000,48.000000
helper/sort,1048576,0,32,0.033960583,942,988040517,5.000000,264.000000
helper/zip,1048576,0,32,0.050738334,631,661323094,11.000000,816.000000
helper/single,1048576,0,32,0.034069667,939,984877017,4.000000,264.000000
helper/assert,1048576,0,32,0.033915625,944,989350248,0.000000,0.000000
helper/static_sort,1048576,0,32,0.017233375,1857,1947060979,1.000000,16.000000
helper/sort_sequence,162,0,32,0.000043917,728647,118040850,9.000000,992.000000
helper/zip_sequence,162,0,32,0.000069833,458236,74234245,28.000000,2160.000000
helper/sort_callback,162,0,32,0.000094875,337286,54640316,15.000000,1544.000000
helper/single_sequence,162,0,32,0.000049417,647550,104903171,7.000000,600.000000
helper/group_round,162,0,32,0.000064208,498380,80737603,10.000000,1016.000000
helper/filtered_sorted,162,0,32,0.000137375,232939,37736124,53.000000,2452.000000
helper/sort_sequence,2588,0,32,0.000669541,47794,123690708,17.000000,17312.000000
helper/zip_sequence,2588,0,32,0.000891167,35908,92929832,280.000000,30960.000000
helper/sort_callback,2588,0,32,0.002121417,15084,39038058,27.000000,23624.000000
helper/single_sequence,2588,0,32,0.000634584,50427,130504393,11.000000,6360.000000
helper/group_round,2588,0,32,0.000695500,46010,119074047,18.000000,9656.000000
helper/filtered_sorted,2588,0,32,0.002478792,12910,33409822,787.000000,39953.000000
helper/sort_sequence,21428,0,32,0.005922542,5403,115777313,23.000000,139168.000000
helper/zip_sequence,21428,0,32,0.006782834,4718,101092847,2081.000000,246000.000000
helper/sort_callback,21428,0,32,0.021926250,1459,31272835,36.000000,188488.000000
helper/single_sequence,21428,0,32,0.004819917,6639,142263031,14.000000,49368.000000
helper/group_round,21428,0,32,0.005127917,6240,133718233,24.000000,74168.000000
helper/filtered_sorted,21428,0,32,0.021847375,1465,31385739,6127.000000,318541.000000
helper/uri_roundtrip,136,0,32,0.000146708,218120,29664367,24.000000,5422.000000
helper/base64_roundtrip,136,0,32,0.000054917,582698,79246863,19.000000,2097.000000
helper/uri_roundtrip,1031,0,32,0.001020208,31366,32338504,30.000000,43363.000000
helper/base64_roundtrip,1031,0,32,0.000287333,111369,114821479,22.000000,16434.000000
helper/uri_roundtrip,10251,0,32,0.009820167,3259,33403913,36.000000,409675.000000
helper/base64_roundtrip,10251,0,32,0.002627625,12178,124839732,25.000000,156066.000000
helper/uri_roundtrip,1048586,0,32,1.022142500,31,32827861,50.000000,44459678.000000
helper/base64_roundtrip,1048586,0,32,0.274021584,117,122452952,32.000000,16812233.000000
compile/formatting,0,0,32,0.000227583,140608,0,172.000000,15749.000000
format/number_static,200,0,32,0.000020583,1554681,310936209,2.000000,54.000000
format/number_context,200,0,32,0.000021792,1468429,293685756,2.000000,54.000000
format/number_dynamic,200,0,32,0.000042250,757396,151479290,20.000000,569.000000
format/integer_static,200,0,32,0.000014083,2272243,454448626,2.000000,32.000000
format/integer_dynamic,200,0,32,0.000024167,1324120,264823933,5.000000,120.000000
format/integer_parse_static,200,0,32,0.000011916,2685465,537092984,1.000000,8.000000
format/words_static,200,0,32,0.000018750,1706667,341333333,5.000000,184.000000
format/date_static,200,0,32,0.000016666,1920077,384015361,2.000000,51.000000
format/date_context,200,0,32,0.000018500,1729730,345945946,2.000000,51.000000
format/date_dynamic,200,0,32,0.000035833,893032,178606313,15.000000,2005.000000
format/date_iso,200,0,32,0.000019750,1620253,324050633,2.000000,101.000000
format/date_parse_iso,200,0,32,0.000011250,2844444,568888889,0.000000,0.000000
format/date_parse_constant,200,0,32,0.000005000,6400000,1280000000,0.000000,0.000000
format/date_parse_static,200,0,32,0.000020750,1542169,308433735,6.000000,1360.000000
format/date_parse_dynamic,200,0,32,0.000144916,220818,44163515,89.000000,10609.000000
format/mixed,200,0,32,0.000056709,564284,112856866,13.000000,1889.000000
format/number_static,500,0,32,0.000030375,1053498,526748971,2.000000,54.000000
format/number_context,500,0,32,0.000032166,994839,497419636,2.000000,54.000000
format/number_dynamic,500,0,32,0.000057542,556116,278057767,20.000000,569.000000
format/integer_static,500,0,32,0.000024375,1312821,656410256,2.000000,32.000000
format/integer_dynamic,500,0,32,0.000039750,805031,402515723,5.000000,120.000000
format/integer_parse_static,500,0,32,0.000021917,1460054,730026920,1.000000,8.000000
format/words_static,500,0,32,0.000028625,1117904,558951965,5.000000,184.000000
format/date_static,500,0,32,0.000026958,1187032,593515839,2.000000,51.000000
format/date_context,500,0,32,0.000028667,1116266,558133045,2.000000,51.000000
format/date_dynamic,500,0,32,0.000050708,631064,315532066,15.000000,2005.000000
format/date_iso,500,0,32,0.000030125,1062241,531120332,2.000000,101.000000
format/date_parse_iso,500,0,32,0.000021208,1508865,754432290,0.000000,0.000000
format/date_parse_constant,500,0,32,0.000010209,3134489,1567244588,0.000000,0.000000
format/date_parse_static,500,0,32,0.000031500,1015873,507936508,6.000000,1360.000000
format/date_parse_dynamic,500,0,32,0.000159500,200627,100313480,89.000000,10609.000000
format/mixed,500,0,32,0.000076416,418760,209380235,13.000000,1889.000000
format/number_static,1024,0,32,0.000047500,673684,689852632,2.000000,54.000000
format/number_context,1024,0,32,0.000049083,651957,667603855,2.000000,54.000000
format/number_dynamic,1024,0,32,0.000083125,384962,394201504,20.000000,569.000000
format/integer_static,1024,0,32,0.000041375,773414,791975831,2.000000,32.000000
format/integer_dynamic,1024,0,32,0.000064417,496763,508685595,5.000000,120.000000
format/integer_parse_static,1024,0,32,0.000039084,818749,838399345,1.000000,8.000000
format/words_static,1024,0,32,0.000045667,700725,717542208,5.000000,184.000000
format/date_static,1024,0,32,0.000043709,732115,749685419,2.000000,51.000000
format/date_context,1024,0,32,0.000045625,701370,718202740,2.000000,51.000000
format/date_dynamic,1024,0,32,0.000076000,421053,431157895,15.000000,2005.000000
format/date_iso,1024,0,32,0.000046416,689417,705963461,2.000000,101.000000
format/date_parse_iso,1024,0,32,0.000038208,837521,857621441,0.000000,0.000000
format/date_parse_constant,1024,0,32,0.000018917,1691600,1732198552,0.000000,0.000000
format/date_parse_static,1024,0,32,0.000048459,660352,676200499,6.000000,1360.000000
format/date_parse_dynamic,1024,0,32,0.000184291,173638,177805753,89.000000,10609.000000
format/mixed,1024,0,32,0.000110542,289483,296430316,13.000000,1889.000000
format/number_static,10240,0,32,0.000344667,92843,950714748,2.000000,54.000000
format/number_context,10240,0,32,0.000349041,91680,938800886,2.000000,54.000000
format/number_dynamic,10240,0,32,0.000514917,62146,636374406,20.000000,569.000000
format/integer_static,10240,0,32,0.000338667,94488,967558103,2.000000,32.000000
format/integer_dynamic,10240,0,32,0.000508500,62930,644405113,5.000000,120.000000
format/integer_parse_static,10240,0,32,0.000338959,94407,966724589,1.000000,8.000000
format/words_static,10240,0,32,0.000360500,88766,908959778,5.000000,184.000000
format/date_static,10240,0,32,0.000341042,93830,960820075,2.000000,51.000000
format/date_context,10240,0,32,0.000345542,92608,948307297,2.000000,51.000000
format/date_dynamic,10240,0,32,0.000523000,61185,626539197,15.000000,2005.000000
format/date_iso,10240,0,32,0.000344334,92933,951634169,2.000000,101.000000
format/date_parse_iso,10240,0,32,0.000335500,95380,976691505,0.000000,0.000000
format/date_parse_constant,10240,0,32,0.000170041,188190,1927064649,0.000000,0.000000
format/date_parse_static,10240,0,32,0.000345750,92552,947736804,6.000000,1360.000000
format/date_parse_dynamic,10240,0,32,0.000629375,50844,520643496,89.000000,10609.000000
format/mixed,10240,0,32,0.000708042,45195,462797405,13.000000,1889.000000
format/number_static,1048576,0,32,0.033940959,943,988611783,2.000000,54.000000
format/number_context,1048576,0,32,0.033934750,943,988792668,2.000000,54.000000
format/number_dynamic,1048576,0,32,0.050668875,632,662229663,20.000000,569.000000
format/integer_static,1048576,0,32,0.033457041,956,1002910927,2.000000,32.000000
format/integer_dynamic,1048576,0,32,0.050659125,632,662357117,5.000000,120.000000
format/integer_parse_static,1048576,0,32,0.033963250,942,987962931,1.000000,8.000000
format/words_static,1048576,0,32,0.033987291,942,987264092,5.000000,184.000000
format/date_static,1048576,0,32,0.033969916,942,987769060,2.000000,51.000000
format/date_context,1048576,0,32,0.033991167,941,987151515,2.000000,51.000000
format/date_dynamic,1048576,0,32,0.050567541,633,663556727,15.000000,2005.000000
format/date_iso,1048576,0,32,0.033626625,952,997853100,2.000000,101.000000
format/date_parse_iso,1048576,0,32,0.033932333,943,988863100,0.000000,0.000000
format/date_parse_constant,1048576,0,32,0.017241375,1856,1946157543,0.000000,0.000000
format/date_parse_static,1048576,0,32,0.033719917,949,995092366,6.000000,1360.000000
format/date_parse_dynamic,1048576,0,32,0.050828625,630,660148332,89.000000,10609.000000
format/mixed,1048576,0,32,0.067394875,475,497878095,13.000000,1889.000000
format/filtered_rows,218,0,32,0.000147166,217442,47402253,28.000000,1604.000000
format/filtered_date_sum,234,0,32,0.000098292,325561,76181174,24.000000,5440.000000
format/filtered_rows,3484,0,32,0.002400791,13329,46438028,448.000000,25664.000000
format/filtered_date_sum,3740,0,32,0.001559208,20523,76756918,384.000000,87040.000000
format/filtered_rows,28596,0,32,0.019555750,1636,46792989,3584.000000,205312.000000
format/filtered_date_sum,30644,0,32,0.012272500,2607,79902872,3072.000000,696320.000000
compile/function_signature,0,0,32,0.000056667,564703,0,49.000000,3284.000000
compile/function_tail,0,0,32,0.000071959,444698,0,54.000000,3431.000000
function/builtin,100,0,32,0.000007583,4219966,421996571,0.000000,0.000000
function/direct,100,0,32,0.000007041,4544809,454480898,3.000000,200.000000
function/signed,100,0,32,0.000008250,3878788,387878788,3.000000,200.000000
function/named,100,0,32,0.000014375,2226087,222608696,6.000000,648.000000
function/signed_named,100,0,32,0.000016000,2000000,200000000,6.000000,648.000000
function/signature_context,100,0,32,0.000018583,1722004,172200398,6.000000,648.000000
function/signature_array,100,0,32,0.000010916,2931477,293147673,5.000000,584.000000
function/signature_promote,100,0,32,0.000011000,2909091,290909091,7.000000,656.000000
function/signature_optional,100,0,32,0.000008875,3605634,360563380,3.000000,200.000000
function/signature_variadic,100,0,32,0.000010875,2942529,294252874,3.000000,200.000000
function/closure,100,0,32,0.000021250,1505882,150588235,7.000000,808.000000
function/partial,100,0,32,0.000021625,1479769,147976879,8.000000,760.000000
function/callback,100,0,32,0.000018875,1695364,169536424,6.000000,408.000000
function/signed_callback,100,0,32,0.000022958,1393850,139384964,6.000000,408.000000
function/partial_callback,100,0,32,0.000026958,1187032,118703168,8.000000,520.000000
function/mixed,100,0,32,0.000042042,761144,76114362,11.000000,1216.000000
rust/function_scalar,100,0,32,0.000003708,8629989,862998921,0.000000,0.000000
function/builtin,500,0,32,0.000021125,1514793,757396450,0.000000,0.000000
function/direct,500,0,32,0.000014209,2252094,1126046872,3.000000,200.000000
function/signed,500,0,32,0.000015667,2042510,1021254867,3.000000,200.000000
function/named,500,0,32,0.000028542,1121155,560577395,6.000000,648.000000
function/signed_named,500,0,32,0.000029584,1081666,540832883,6.000000,648.000000
function/signature_context,500,0,32,0.000032875,973384,486692015,6.000000,648.000000
function/signature_array,500,0,32,0.000017917,1786013,893006642,5.000000,584.000000
function/signature_promote,500,0,32,0.000017500,1828571,914285714,7.000000,656.000000
function/signature_optional,500,0,32,0.000015834,2020968,1010483769,3.000000,200.000000
function/signature_variadic,500,0,32,0.000017750,1802817,901408451,3.000000,200.000000
function/closure,500,0,32,0.000041791,765715,382857553,7.000000,808.000000
function/partial,500,0,32,0.000042041,761162,380580862,8.000000,760.000000
function/callback,500,0,32,0.000032458,985889,492944729,6.000000,408.000000
function/signed_callback,500,0,32,0.000036583,874723,437361616,6.000000,408.000000
function/partial_callback,500,0,32,0.000047417,674863,337431723,8.000000,520.000000
function/mixed,500,0,32,0.000068917,464327,232163327,11.000000,1216.000000
rust/function_scalar,500,0,32,0.000010584,3023432,1511715797,0.000000,0.000000
function/builtin,1024,0,32,0.000038250,836601,856679739,0.000000,0.000000
function/direct,1024,0,32,0.000023167,1381275,1414425692,3.000000,200.000000
function/signed,1024,0,32,0.000023958,1335671,1367726855,3.000000,200.000000
function/named,1024,0,32,0.000045416,704597,721507839,6.000000,648.000000
function/signed_named,1024,0,32,0.000046250,691892,708497297,6.000000,648.000000
function/signature_context,1024,0,32,0.000049333,648653,664220704,6.000000,648.000000
function/signature_array,1024,0,32,0.000026625,1201878,1230723005,5.000000,584.000000
function/signature_promote,1024,0,32,0.000026167,1222914,1252264302,7.000000,656.000000
function/signature_optional,1024,0,32,0.000024334,1315032,1346593244,3.000000,200.000000
function/signature_variadic,1024,0,32,0.000026250,1219048,1248304762,3.000000,200.000000
function/closure,1024,0,32,0.000067500,474074,485451852,7.000000,808.000000
function/partial,1024,0,32,0.000067084,477014,488462226,8.000000,760.000000
function/callback,1024,0,32,0.000049542,645917,661418594,6.000000,408.000000
function/signed_callback,1024,0,32,0.000053459,598590,612955723,6.000000,408.000000
function/partial_callback,1024,0,32,0.000073250,436860,447344710,8.000000,520.000000
function/mixed,1024,0,32,0.000102958,310806,318265701,11.000000,1216.000000
rust/function_scalar,1024,0,32,0.000019333,1655201,1694925775,0.000000,0.000000
function/builtin,10240,0,32,0.000335416,95404,976936103,0.000000,0.000000
function/direct,10240,0,32,0.000174291,183601,1880074129,3.000000,200.000000
function/signed,10240,0,32,0.000175209,182639,1870223562,3.000000,200.000000
function/named,10240,0,32,0.000352208,90855,930359333,6.000000,648.000000
function/signed_named,10240,0,32,0.000344000,93023,952558140,6.000000,648.000000
function/signature_context,10240,0,32,0.000351375,91071,932564924,6.000000,648.000000
function/signature_array,10240,0,32,0.000178625,179146,1834457663,5.000000,584.000000
function/signature_promote,10240,0,32,0.000178125,179649,1839607018,7.000000,656.000000
function/signature_optional,10240,0,32,0.000175708,182120,1864912241,3.000000,200.000000
function/signature_variadic,10240,0,32,0.000177500,180282,1846084507,3.000000,200.000000
function/closure,10240,0,32,0.000527833,60625,620802413,7.000000,808.000000
function/partial,10240,0,32,0.000510709,62658,641617829,8.000000,760.000000
function/callback,10240,0,32,0.000365083,87651,897549324,6.000000,408.000000
function/signed_callback,10240,0,32,0.000350417,91320,935114449,6.000000,408.000000
function/partial_callback,10240,0,32,0.000516250,61985,634731235,8.000000,520.000000
function/mixed,10240,0,32,0.000702791,45533,466255259,11.000000,1216.000000
rust/function_scalar,10240,0,32,0.000170542,187637,1921403525,0.000000,0.000000
function/builtin,1048576,0,32,0.033942208,943,988575404,0.000000,0.000000
function/direct,1048576,0,32,0.017283542,1851,1941409463,3.000000,200.000000
function/signed,1048576,0,32,0.017291666,1851,1940497347,3.000000,200.000000
function/named,1048576,0,32,0.034001000,941,986866033,6.000000,648.000000
function/signed_named,1048576,0,32,0.033992667,941,987107955,6.000000,648.000000
function/signature_context,1048576,0,32,0.033983875,942,987363330,6.000000,648.000000
function/signature_array,1048576,0,32,0.017110833,1870,1961005171,5.000000,584.000000
function/signature_promote,1048576,0,32,0.016869708,1897,1989034546,7.000000,656.000000
function/signature_optional,1048576,0,32,0.017246208,1855,1945612160,3.000000,200.000000
function/signature_variadic,1048576,0,32,0.017295125,1850,1940109250,3.000000,200.000000
function/closure,1048576,0,32,0.050648125,632,662500971,7.000000,808.000000
function/partial,1048576,0,32,0.050282667,636,667316075,8.000000,760.000000
function/callback,1048576,0,32,0.033978875,942,987508621,6.000000,408.000000
function/signed_callback,1048576,0,32,0.033862666,945,990897527,6.000000,408.000000
function/partial_callback,1048576,0,32,0.050693958,631,661901996,8.000000,520.000000
function/mixed,1048576,0,32,0.067167042,476,499566916,11.000000,1216.000000
rust/function_scalar,1048576,0,32,0.017232167,1857,1947197471,0.000000,0.000000
function/tail_8,34,0,32,0.000049375,648101,22035443,7.000000,808.000000
function/signed_tail_8,34,0,32,0.000061167,523158,17787369,7.000000,808.000000
function/tail_block_8,34,0,32,0.000064625,495164,16835590,8.000000,968.000000
function/tail_borrow_8,34,0,32,0.000047917,667821,22705929,7.000000,808.000000
function/tail_escape_once_8,34,0,32,0.000059625,536688,18247379,10.000000,1096.000000
function/recursion_8,34,0,32,0.000061791,517875,17607742,17.000000,3432.000000
rust/function_tail_8,34,0,32,0.000001583,20214782,687302590,0.000000,0.000000
function/tail_32,35,0,32,0.000151208,211629,7407016,7.000000,808.000000
function/signed_tail_32,35,0,32,0.000195917,163334,5716707,7.000000,808.000000
function/tail_block_32,35,0,32,0.000206375,155058,5427014,8.000000,968.000000
function/tail_borrow_32,35,0,32,0.000149416,214167,7495851,7.000000,808.000000
function/tail_escape_once_32,35,0,32,0.000182250,175583,6145405,10.000000,1096.000000
function/recursion_32,35,0,32,0.000207875,153939,5387853,43.000000,12648.000000
rust/function_tail_32,35,0,32,0.000001833,17457720,611020185,0.000000,0.000000
function/tail_64,35,0,32,0.000285334,112149,3925224,7.000000,808.000000
function/signed_tail_64,35,0,32,0.000372458,85916,3007050,7.000000,808.000000
function/tail_block_64,35,0,32,0.000397375,80528,2818496,8.000000,968.000000
function/tail_borrow_64,35,0,32,0.000262792,121769,4261926,7.000000,808.000000
function/tail_escape_once_64,35,0,32,0.000344292,92944,3253053,10.000000,1096.000000
rust/function_tail_64,35,0,32,0.000002375,13473684,471578947,0.000000,0.000000
function/tail_1024,37,0,32,0.004377291,7310,270487,7.000000,808.000000
function/signed_tail_1024,37,0,32,0.005705167,5609,207531,7.000000,808.000000
function/tail_block_1024,37,0,32,0.006052084,5287,195635,8.000000,968.000000
function/tail_borrow_1024,37,0,32,0.003949250,8103,299804,7.000000,808.000000
function/tail_escape_once_1024,37,0,32,0.005166834,6193,229154,10.000000,1096.000000
rust/function_tail_1024,37,0,32,0.000021042,1520768,56268416,0.000000,0.000000
function/tail_100000,39,0,32,0.425153583,75,2935,7.000000,808.000000
function/signed_tail_100000,39,0,32,0.558250583,57,2236,7.000000,808.000000
function/tail_block_100000,39,0,32,0.588540125,54,2121,8.000000,968.000000
function/tail_borrow_100000,39,0,32,0.382696834,84,3261,7.000000,808.000000
function/tail_escape_once_100000,39,0,32,0.500118292,64,2495,10.000000,1096.000000
rust/function_tail_100000,39,0,32,0.001870500,17108,667201,0.000000,0.000000
function/tail_capture_each_8,7,0,32,0.000061500,520325,3642276,26.000000,4008.000000
function/tail_capture_each_128,9,0,32,0.000658542,48592,437330,270.000000,57768.000000
function/tail_capture_each_1024,10,0,32,0.005101417,6273,62728,2065.000000,459176.000000
compile/eval_static,0,0,32,0.000025542,1252838,0,25.000000,1182.000000
compile/eval_dynamic,0,0,32,0.000009542,3353595,0,9.000000,664.000000
compile/eval_nested,0,0,32,0.000040000,800000,0,37.000000,1875.000000
eval/static_scalar,100,0,32,0.000011917,2685240,268523957,0.000000,0.000000
eval/dynamic_scalar,100,0,32,0.000035583,899306,89930585,21.000000,924.000000
eval/static_literal,100,0,32,0.000004625,6918919,691891892,1.000000,16.000000
eval/context,100,0,32,0.000011000,2909091,290909091,0.000000,0.000000
eval/nested,100,0,32,0.000013167,2430318,243031822,0.000000,0.000000
eval/inherited,100,0,32,0.000017709,1806991,180699080,5.000000,584.000000
eval/static_closure,100,0,32,0.000020750,1542169,154216867,6.000000,648.000000
eval/folded_literal,100,0,32,0.000004667,6856653,685665310,1.000000,16.000000
eval/mixed,100,0,32,0.000026125,1224880,122488038,9.000000,784.000000
effect/random,100,0,32,0.000006041,5297136,529713624,4.000000,232.000000
effect/random_injected,100,0,32,0.000005458,5862953,586295346,3.000000,200.000000
effect/shuffle,100,0,32,0.000012625,2534653,253465347,6.000000,376.000000
effect/shuffle_empty,100,0,32,0.000006292,5085823,508582327,4.000000,216.000000
effect/shuffle_single,100,0,32,0.000006334,5052100,505209978,4.000000,216.000000
eval/static_scalar,500,0,32,0.000032125,996109,498054475,0.000000,0.000000
eval/dynamic_scalar,500,0,32,0.000062833,509287,254643261,21.000000,924.000000
eval/static_literal,500,0,32,0.000011459,2792565,1396282398,1.000000,16.000000
eval/context,500,0,32,0.000024583,1301713,650856283,0.000000,0.000000
eval/nested,500,0,32,0.000033250,962406,481203008,0.000000,0.000000
eval/inherited,500,0,32,0.000038583,829381,414690408,5.000000,584.000000
eval/static_closure,500,0,32,0.000041125,778116,389057751,6.000000,648.000000
eval/folded_literal,500,0,32,0.000011458,2792809,1396404259,1.000000,16.000000
eval/mixed,500,0,32,0.000046875,682667,341333333,9.000000,784.000000
effect/random,500,0,32,0.000012875,2485437,1242718447,4.000000,232.000000
effect/random_injected,500,0,32,0.000012292,2603319,1301659616,3.000000,200.000000
effect/shuffle,500,0,32,0.000026250,1219048,609523810,6.000000,376.000000
effect/shuffle_empty,500,0,32,0.000013125,2438095,1219047619,4.000000,216.000000
effect/shuffle_single,500,0,32,0.000013125,2438095,1219047619,4.000000,216.000000
eval/static_scalar,1024,0,32,0.000057834,553308,566587129,0.000000,0.000000
eval/dynamic_scalar,1024,0,32,0.000104042,307568,314949732,21.000000,924.000000
eval/static_literal,1024,0,32,0.000020167,1586751,1624832647,1.000000,16.000000
eval/context,1024,0,32,0.000041750,766467,784862275,0.000000,0.000000
eval/nested,1024,0,32,0.000058958,542759,555785474,0.000000,0.000000
eval/inherited,1024,0,32,0.000063416,504605,516715025,5.000000,584.000000
eval/static_closure,1024,0,32,0.000066167,483625,495231762,6.000000,648.000000
eval/folded_literal,1024,0,32,0.000022916,1396404,1429917961,1.000000,16.000000
eval/mixed,1024,0,32,0.000074125,431703,442064081,9.000000,784.000000
effect/random,1024,0,32,0.000022166,1443652,1478300099,4.000000,232.000000
effect/random_injected,1024,0,32,0.000021584,1482580,1518161601,3.000000,200.000000
effect/shuffle,1024,0,32,0.000045125,709141,726160665,6.000000,376.000000
effect/shuffle_empty,1024,0,32,0.000022084,1449013,1483789169,4.000000,216.000000
effect/shuffle_single,1024,0,32,0.000022125,1446328,1481039548,4.000000,216.000000
eval/static_scalar,10240,0,32,0.000500625,63920,654541823,0.000000,0.000000
eval/dynamic_scalar,10240,0,32,0.000685875,46656,477754693,21.000000,924.000000
eval/static_literal,10240,0,32,0.000171291,186817,1913001851,1.000000,16.000000
eval/context,10240,0,32,0.000339041,94384,966490778,0.000000,0.000000
eval/nested,10240,0,32,0.000505000,63366,648871287,0.000000,0.000000
eval/inherited,10240,0,32,0.000513000,62378,638752437,5.000000,584.000000
eval/static_closure,10240,0,32,0.000509750,62776,642824914,6.000000,648.000000
eval/folded_literal,10240,0,32,0.000177875,179902,1842192551,1.000000,16.000000
eval/mixed,10240,0,32,0.000515375,62091,635808877,9.000000,784.000000
effect/random,10240,0,32,0.000172709,185283,1897295451,4.000000,232.000000
effect/random_injected,10240,0,32,0.000172292,185731,1901887493,3.000000,200.000000
effect/shuffle,10240,0,32,0.000340750,93910,961643434,6.000000,376.000000
effect/shuffle_empty,10240,0,32,0.000177542,180239,1845647790,4.000000,216.000000
effect/shuffle_single,10240,0,32,0.000173125,184838,1892736462,4.000000,216.000000
eval/static_scalar,1048576,0,32,0.050592792,633,663225544,0.000000,0.000000
eval/dynamic_scalar,1048576,0,32,0.067014667,478,500702809,21.000000,924.000000
eval/static_literal,1048576,0,32,0.017250625,1855,1945113989,1.000000,16.000000
eval/context,1048576,0,32,0.033976208,942,987586137,0.000000,0.000000
eval/nested,1048576,0,32,0.050609333,632,663008777,0.000000,0.000000
eval/inherited,1048576,0,32,0.050667459,632,662248170,5.000000,584.000000
eval/static_closure,1048576,0,32,0.050678167,631,662108241,6.000000,648.000000
eval/folded_literal,1048576,0,32,0.017204417,1860,1950338218,1.000000,16.000000
eval/mixed,1048576,0,32,0.050277125,636,667389633,9.000000,784.000000
effect/random,1048576,0,32,0.017237625,1856,1946580924,4.000000,232.000000
effect/random_injected,1048576,0,32,0.017301083,1850,1939441132,3.000000,200.000000
effect/shuffle,1048576,0,32,0.034050833,940,985421766,6.000000,376.000000
effect/shuffle_empty,1048576,0,32,0.017260834,1854,1943963542,4.000000,216.000000
effect/shuffle_single,1048576,0,32,0.017295042,1850,1940118561,4.000000,216.000000
eval/dynamic_closure_map,61,0,32,0.000078166,409385,24972494,46.000000,3323.000000
eval/static_map,61,0,32,0.000027500,1163636,70981818,3.000000,336.000000
effect/shuffle_sum,61,0,32,0.000016833,1901028,115962692,7.000000,568.000000
eval/dynamic_closure_map,447,0,32,0.000416292,76869,34360497,50.000000,9083.000000
eval/static_map,447,0,32,0.000359084,89116,39834690,7.000000,6096.000000
effect/shuffle_sum,447,0,32,0.000132334,241812,108090136,11.000000,6328.000000
eval/dynamic_closure_map,4055,0,32,0.002879791,11112,45058825,53.000000,52091.000000
eval/static_map,4055,0,32,0.002786875,11482,46561112,10.000000,49104.000000
effect/shuffle_sum,4055,0,32,0.000921833,34713,140763023,14.000000,49336.000000
compile/conversion,0,0,32,0.000122417,261402,0,105.000000,6865.000000
compile/composition,0,0,32,0.000046792,683878,0,36.000000,2529.000000
conversion/string_identity,100,0,32,0.000004375,7314286,731428571,0.000000,0.000000
conversion/number_text,100,0,32,0.000005000,6400000,640000000,0.000000,0.000000
conversion/number_value,100,0,32,0.000004959,6452914,645291389,0.000000,0.000000
conversion/string_number,100,0,32,0.000013250,2415094,241509434,8.000000,108.000000
conversion/string_object,100,0,32,0.000017167,1864041,186404147,12.000000,423.000000
conversion/string_pretty,100,0,32,0.000022250,1438202,143820225,12.000000,453.000000
conversion/concat,100,0,32,0.000025500,1254902,125490196,14.000000,254.000000
conversion/folded,100,0,32,0.000003334,9598080,959808038,0.000000,0.000000
conversion/constructor,100,0,32,0.000033375,958801,95880150,13.000000,564.000000
conversion/chain_direct,100,0,32,0.000019125,1673203,167320261,12.000000,214.000000
conversion/chain_values,100,0,32,0.000032625,980843,98084291,27.000000,1184.000000
conversion/partial,100,0,32,0.000031000,1032258,103225806,24.000000,1214.000000
conversion/partial_reused,100,0,32,0.000045666,700740,70074016,31.000000,2196.000000
conversion/sum_direct,100,0,32,0.000008708,3674782,367478181,0.000000,0.000000
conversion/sum_chain,100,0,32,0.000008667,3692166,369216569,0.000000,0.000000
conversion/sum_function,100,0,32,0.000011334,2823363,282336333,4.000000,264.000000
conversion/sum_partial,100,0,32,0.000013125,2438095,243809524,6.000000,352.000000
rust/number_text,100,0,32,0.000003958,8084891,808489136,0.000000,0.000000
conversion/string_identity,500,0,32,0.000011125,2876404,1438202247,0.000000,0.000000
conversion/number_text,500,0,32,0.000011958,2676033,1338016391,0.000000,0.000000
conversion/number_value,500,0,32,0.000011875,2694737,1347368421,0.000000,0.000000
conversion/string_number,500,0,32,0.000020542,1557784,778892026,8.000000,108.000000
conversion/string_object,500,0,32,0.000023541,1359331,679665265,12.000000,423.000000
conversion/string_pretty,500,0,32,0.000035542,900343,450171628,12.000000,453.000000
conversion/concat,500,0,32,0.000046000,695652,347826087,14.000000,254.000000
conversion/folded,500,0,32,0.000010166,3147747,1573873697,0.000000,0.000000
conversion/constructor,500,0,32,0.000059625,536688,268343816,13.000000,564.000000
conversion/chain_direct,500,0,32,0.000032667,979582,489790921,12.000000,214.000000
conversion/chain_values,500,0,32,0.000045792,698812,349406010,27.000000,1184.000000
conversion/partial,500,0,32,0.000044500,719101,359550562,24.000000,1214.000000
conversion/partial_reused,500,0,32,0.000066042,484540,242270071,31.000000,2196.000000
conversion/sum_direct,500,0,32,0.000022459,1424819,712409279,0.000000,0.000000
conversion/sum_chain,500,0,32,0.000022167,1443587,721793657,0.000000,0.000000
conversion/sum_function,500,0,32,0.000025125,1273632,636815920,4.000000,264.000000
conversion/sum_partial,500,0,32,0.000026500,1207547,603773585,6.000000,352.000000
rust/number_text,500,0,32,0.000010875,2942529,1471264368,0.000000,0.000000
conversion/string_identity,1024,0,32,0.000019875,1610063,1648704403,0.000000,0.000000
conversion/number_text,1024,0,32,0.000020459,1564104,1601642309,0.000000,0.000000
conversion/number_value,1024,0,32,0.000020542,1557784,1595170869,0.000000,0.000000
conversion/string_number,1024,0,32,0.000029042,1101852,1128296949,8.000000,108.000000
conversion/string_object,1024,0,32,0.000032042,998689,1022657762,12.000000,423.000000
conversion/string_pretty,1024,0,32,0.000052250,612440,627138756,12.000000,453.000000
conversion/concat,1024,0,32,0.000070958,450971,461794301,14.000000,254.000000
conversion/folded,1024,0,32,0.000019042,1680496,1720827644,0.000000,0.000000
conversion/constructor,1024,0,32,0.000094500,338624,346751323,13.000000,564.000000
conversion/chain_direct,1024,0,32,0.000049583,645382,660871670,12.000000,214.000000
conversion/chain_values,1024,0,32,0.000062417,512681,524985180,27.000000,1184.000000
conversion/partial,1024,0,32,0.000062041,515788,528166857,24.000000,1214.000000
conversion/partial_reused,1024,0,32,0.000091625,349250,357631651,31.000000,2196.000000
conversion/sum_direct,1024,0,32,0.000039291,814436,833982337,0.000000,0.000000
conversion/sum_chain,1024,0,32,0.000039250,815287,834853503,0.000000,0.000000
conversion/sum_function,1024,0,32,0.000042041,761162,779429604,4.000000,264.000000
conversion/sum_partial,1024,0,32,0.000043584,734214,751835536,6.000000,352.000000
rust/number_text,1024,0,32,0.000019542,1637499,1676798690,0.000000,0.000000
conversion/string_identity,10240,0,32,0.000177500,180282,1846084507,0.000000,0.000000
conversion/number_text,10240,0,32,0.000171625,186453,1909278951,0.000000,0.000000
conversion/number_value,10240,0,32,0.000174334,183556,1879610403,0.000000,0.000000
conversion/string_number,10240,0,32,0.000185833,172198,1763303611,8.000000,108.000000
conversion/string_object,10240,0,32,0.000188958,169350,1734141979,12.000000,423.000000
conversion/string_pretty,10240,0,32,0.000350084,91407,936003930,12.000000,453.000000
conversion/concat,10240,0,32,0.000514708,62171,636632809,14.000000,254.000000
conversion/folded,10240,0,32,0.000170333,187867,1923761103,0.000000,0.000000
conversion/constructor,10240,0,32,0.000683500,46818,479414777,13.000000,564.000000
conversion/chain_direct,10240,0,32,0.000349834,91472,936672822,12.000000,214.000000
conversion/chain_values,10240,0,32,0.000360333,88807,909381045,27.000000,1184.000000
conversion/partial,10240,0,32,0.000358792,89188,913286807,24.000000,1214.000000
conversion/partial_reused,10240,0,32,0.000547625,58434,598365670,31.000000,2196.000000
conversion/sum_direct,10240,0,32,0.000336833,95003,972826297,0.000000,0.000000
conversion/sum_chain,10240,0,32,0.000336667,95049,973305967,0.000000,0.000000
conversion/sum_function,10240,0,32,0.000338750,94465,967321033,4.000000,264.000000
conversion/sum_partial,10240,0,32,0.000341000,93842,960938416,6.000000,352.000000
rust/number_text,10240,0,32,0.000170792,187362,1918591035,0.000000,0.000000
conversion/string_identity,1048576,0,32,0.017275334,1852,1942331882,0.000000,0.000000
conversion/number_text,1048576,0,32,0.017261125,1854,1943930769,0.000000,0.000000
conversion/number_value,1048576,0,32,0.017239333,1856,1946388065,0.000000,0.000000
conversion/string_number,1048576,0,32,0.017277041,1852,1942139976,8.000000,108.000000
conversion/string_object,1048576,0,32,0.017265334,1853,1943456871,12.000000,423.000000
conversion/string_pretty,1048576,0,32,0.033998458,941,986939819,12.000000,453.000000
conversion/concat,1048576,0,32,0.050591083,633,663247948,14.000000,254.000000
conversion/folded,1048576,0,32,0.017256166,1854,1944489407,0.000000,0.000000
conversion/constructor,1048576,0,32,0.067392250,475,497897488,13.000000,564.000000
conversion/chain_direct,1048576,0,32,0.033949209,943,988371541,12.000000,214.000000
conversion/chain_values,1048576,0,32,0.033990375,941,987174516,27.000000,1184.000000
conversion/partial,1048576,0,32,0.033972625,942,987690295,24.000000,1214.000000
conversion/partial_reused,1048576,0,32,0.050586250,633,663311315,31.000000,2196.000000
conversion/sum_direct,1048576,0,32,0.033954000,942,988232079,0.000000,0.000000
conversion/sum_chain,1048576,0,32,0.033990417,941,987173297,0.000000,0.000000
conversion/sum_function,1048576,0,32,0.033967875,942,987828411,4.000000,264.000000
conversion/sum_partial,1048576,0,32,0.034017333,941,986392202,6.000000,352.000000
rust/number_text,1048576,0,32,0.017243375,1856,1945931814,0.000000,0.000000
composition/numeric_pipeline,234,0,32,0.000102458,312323,73083605,14.000000,1320.000000
composition/labels,234,0,32,0.000157125,203660,47656325,46.000000,2409.000000
composition/grouping,234,0,32,0.000111792,286246,66981537,38.000000,1328.000000
composition/static_lookup,234,0,32,0.000114750,278867,65254902,45.000000,2064.000000
composition/direct_fold,74,0,32,0.000017708,1807093,133724870,0.000000,0.000000
composition/chained_fold,74,0,32,0.000017625,1815603,134354610,0.000000,0.000000
composition/numeric_pipeline,3886,0,32,0.001479500,21629,84050017,82.000000,12840.000000
composition/labels,3886,0,32,0.002261000,14153,54998673,418.000000,30461.000000
composition/grouping,3886,0,32,0.001548000,20672,80330749,466.000000,14648.000000
composition/static_lookup,3886,0,32,0.001752958,18255,70938380,589.000000,24024.000000
composition/direct_fold,1180,0,32,0.000254083,125943,148612855,0.000000,0.000000
composition/chained_fold,1180,0,32,0.000252208,126879,149717693,0.000000,0.000000
composition/numeric_pipeline,32606,0,32,0.011276958,2838,92524243,536.000000,98856.000000
composition/labels,32606,0,32,0.018075166,1770,57725168,3116.000000,260353.000000
composition/grouping,32606,0,32,0.012259916,2610,85105966,3608.000000,114104.000000
composition/static_lookup,32606,0,32,0.013462375,2377,77504304,4624.000000,187992.000000
composition/direct_fold,10164,0,32,0.002048209,15623,158796295,0.000000,0.000000
composition/chained_fold,10164,0,32,0.002032042,15748,160059684,0.000000,0.000000
compile/regex,0,0,32,0.000165917,192868,0,86.000000,7488.000000
compile/regex_callback,0,0,32,0.000107042,298948,0,83.000000,6062.000000
matcher/contains,100,0,32,0.000009166,3491163,349116299,3.000000,144.000000
matcher/no_match,100,0,32,0.000010250,3121951,312195122,3.000000,144.000000
matcher/literal_contains,100,0,32,0.000012917,2477355,247735542,5.000000,158.000000
matcher/captures,100,0,32,0.000030042,1065175,106517542,30.000000,1368.000000
matcher/replace,100,0,32,0.000019167,1669536,166953618,12.000000,439.000000
matcher/replace_captures,100,0,32,0.000024083,1328738,132873811,16.000000,781.000000
matcher/replace_callback,100,0,32,0.000072167,443416,44341597,57.000000,2841.000000
matcher/split,100,0,32,0.000032125,996109,99610895,30.000000,1056.000000
matcher/closure,100,0,32,0.000018083,1769618,176961787,10.000000,952.000000
matcher/next,100,0,32,0.000039625,807571,80757098,30.000000,2136.000000
matcher/lookaround,100,0,32,0.000021583,1482648,148264838,23.000000,944.000000
matcher/literal_replace,100,0,32,0.000011584,2762431,276243094,5.000000,191.000000
rust/matcher_contains,100,0,32,0.000003459,9251229,925122868,1.000000,40.000000
matcher/contains,500,0,32,0.000022292,1435493,717746277,3.000000,144.000000
matcher/no_match,500,0,32,0.000023667,1352094,676046816,3.000000,144.000000
matcher/literal_contains,500,0,32,0.000026292,1217100,608550129,5.000000,158.000000
matcher/captures,500,0,32,0.000043333,738467,369233609,30.000000,1368.000000
matcher/replace,500,0,32,0.000032625,980843,490421456,12.000000,439.000000
matcher/replace_captures,500,0,32,0.000038375,833876,416938111,16.000000,781.000000
matcher/replace_callback,500,0,32,0.000084250,379822,189910979,57.000000,2841.000000
matcher/split,500,0,32,0.000045375,705234,352617080,30.000000,1056.000000
matcher/closure,500,0,32,0.000031916,1002632,501315954,10.000000,952.000000
matcher/next,500,0,32,0.000053542,597662,298830824,30.000000,2136.000000
matcher/lookaround,500,0,32,0.000035041,913216,456607974,23.000000,944.000000
matcher/literal_replace,500,0,32,0.000025250,1267327,633663366,5.000000,191.000000
rust/matcher_contains,500,0,32,0.000010250,3121951,1560975610,1.000000,40.000000
matcher/contains,1024,0,32,0.000039417,811832,831316437,3.000000,144.000000
matcher/no_match,1024,0,32,0.000040875,782875,801663609,3.000000,144.000000
matcher/literal_contains,1024,0,32,0.000043541,734939,752578030,5.000000,158.000000
matcher/captures,1024,0,32,0.000059375,538947,551882105,30.000000,1368.000000
matcher/replace,1024,0,32,0.000049917,641064,656449707,12.000000,439.000000
matcher/replace_captures,1024,0,32,0.000054250,589862,604018433,16.000000,781.000000
matcher/replace_callback,1024,0,32,0.000101875,314110,321649080,57.000000,2841.000000
matcher/split,1024,0,32,0.000062583,511321,523592669,30.000000,1056.000000
matcher/closure,1024,0,32,0.000049250,649746,665340102,10.000000,952.000000
matcher/next,1024,0,32,0.000069792,458505,469509399,30.000000,2136.000000
matcher/lookaround,1024,0,32,0.000051916,616380,631173434,23.000000,944.000000
matcher/literal_replace,1024,0,32,0.000042292,756644,774803745,5.000000,191.000000
rust/matcher_contains,1024,0,32,0.000018958,1687942,1728452368,1.000000,40.000000
matcher/contains,10240,0,32,0.000345917,92508,947279261,3.000000,144.000000
matcher/no_match,10240,0,32,0.000338417,94558,968272870,3.000000,144.000000
matcher/literal_contains,10240,0,32,0.000342833,93340,955800638,5.000000,158.000000
matcher/captures,10240,0,32,0.000357833,89427,915734435,30.000000,1368.000000
matcher/replace,10240,0,32,0.000347208,92164,943757056,12.000000,439.000000
matcher/replace_captures,10240,0,32,0.000352250,90845,930248403,16.000000,781.000000
matcher/replace_callback,10240,0,32,0.000398125,80377,823058085,57.000000,2841.000000
matcher/split,10240,0,32,0.000359583,88992,911277786,30.000000,1056.000000
matcher/closure,10240,0,32,0.000346667,92308,945229860,10.000000,952.000000
matcher/next,10240,0,32,0.000368291,86888,889731218,30.000000,2136.000000
matcher/lookaround,10240,0,32,0.000360583,88745,908750551,23.000000,944.000000
matcher/literal_replace,10240,0,32,0.000340000,94118,963764706,5.000000,191.000000
rust/matcher_contains,10240,0,32,0.000170125,188097,1926113152,1.000000,40.000000
matcher/contains,1048576,0,32,0.033909542,944,989527726,3.000000,144.000000
matcher/no_match,1048576,0,32,0.033636458,951,997561396,3.000000,144.000000
matcher/literal_contains,1048576,0,32,0.033973167,942,987674537,5.000000,158.000000
matcher/captures,1048576,0,32,0.033995042,941,987038992,30.000000,1368.000000
matcher/replace,1048576,0,32,0.033922542,943,989148514,12.000000,439.000000
matcher/replace_captures,1048576,0,32,0.033960333,942,988047791,16.000000,781.000000
matcher/replace_callback,1048576,0,32,0.034103958,938,983886738,57.000000,2841.000000
matcher/split,1048576,0,32,0.033920667,943,989203190,30.000000,1056.000000
matcher/closure,1048576,0,32,0.033529042,954,1000757254,10.000000,952.000000
matcher/next,1048576,0,32,0.033933709,943,988823002,30.000000,2136.000000
matcher/lookaround,1048576,0,32,0.033113250,966,1013323428,23.000000,944.000000
matcher/literal_replace,1048576,0,32,0.033937584,943,988710098,5.000000,191.000000
rust/matcher_contains,1048576,0,32,0.017222792,1858,1948257402,1.000000,40.000000
matcher/long_contains,149,0,32,0.000022833,1401480,208820567,4.000000,304.000000
matcher/long_no_match,149,0,32,0.000020875,1532934,228407186,3.000000,144.000000
matcher/long_replace,149,0,32,0.000035083,912123,135906279,12.000000,1439.000000
matcher/repeated_replace,171,0,32,0.000138709,230699,39449495,142.000000,9210.000000
matcher/limited_captures,171,0,32,0.000050584,632611,108176498,60.000000,2728.000000
matcher/long_contains,4117,0,32,0.000445584,71816,295665913,4.000000,304.000000
matcher/long_no_match,4117,0,32,0.000442667,72289,297614234,3.000000,144.000000
matcher/long_replace,4117,0,32,0.000620834,51544,212204873,12.000000,33183.000000
matcher/repeated_replace,5131,0,32,0.003692375,8667,44467856,4115.000000,288954.000000
matcher/limited_captures,5131,0,32,0.000219375,145869,748453561,60.000000,2728.000000
matcher/long_contains,65557,0,32,0.006955750,4601,301595658,4.000000,304.000000
matcher/long_no_match,65557,0,32,0.006979167,4585,300583723,3.000000,144.000000
matcher/long_replace,65557,0,32,0.009648750,3316,217419251,12.000000,524703.000000
matcher/repeated_replace,81931,0,32,0.057378834,558,45692668,65559.000000,4620474.000000
matcher/limited_captures,81931,0,32,0.002867417,11160,914339282,60.000000,2728.000000
matcher/unicode_contains,139,0,32,0.000020583,1554681,216100666,7.000000,628.000000
matcher/unicode_replace,139,0,32,0.000033875,944649,131306273,17.000000,1330.000000
matcher/unicode_captures,139,0,32,0.000045375,705234,98027548,42.000000,2202.000000
matcher/unicode_zero_limit,139,0,32,0.000011166,2865843,398352140,2.000000,104.000000
matcher/unicode_contains,2059,0,32,0.000178000,179775,370157303,7.000000,7508.000000
matcher/unicode_replace,2059,0,32,0.000240584,133010,273866924,17.000000,16130.000000
matcher/unicode_captures,2059,0,32,0.000206917,154651,318427195,42.000000,9082.000000
matcher/unicode_zero_limit,2059,0,32,0.000099875,320401,659704631,2.000000,104.000000
matcher/unicode_contains,32779,0,32,0.002722375,11754,385298866,7.000000,117588.000000
matcher/unicode_replace,32779,0,32,0.003545583,9025,295840769,17.000000,252930.000000
matcher/unicode_captures,32779,0,32,0.002679709,11942,391433547,42.000000,119162.000000
matcher/unicode_zero_limit,32779,0,32,0.001525708,20974,687502458,2.000000,104.000000
matcher/filtered_sum,206,0,32,0.000096833,330466,68075966,63.000000,3656.000000
matcher/mixed,206,0,32,0.000235417,135929,28001376,130.000000,6852.000000
matcher/grouped,206,0,32,0.000110292,290139,59768614,54.000000,2460.000000
matcher/filtered_sum,3292,0,32,0.001409958,22696,74714282,915.000000,59096.000000
matcher/mixed,3292,0,32,0.003156792,10137,33370586,1882.000000,98352.000000
matcher/grouped,3292,0,32,0.001543750,20729,68239028,722.000000,32760.000000
matcher/filtered_sum,27060,0,32,0.010464125,3058,82751305,7196.000000,473048.000000
matcher/mixed,27060,0,32,0.024168000,1324,35829196,14883.000000,781552.000000
matcher/grouped,27060,0,32,0.012010458,2664,72097167,5656.000000,259000.000000
compile/parent,0,0,32,0.000069708,459058,0,58.000000,4829.000000
compile/transform,0,0,32,0.000066958,477912,0,62.000000,4205.000000
parent/filter,150,0,32,0.000042708,749274,112391121,9.000000,864.000000
parent/nested,150,0,32,0.000049916,641077,96161551,16.000000,1792.000000
parent/sort,150,0,32,0.000038917,822263,123339415,14.000000,1168.000000
parent/constructor,150,0,32,0.000048208,663790,99568536,15.000000,1456.000000
parent/closure,150,0,32,0.000050750,630542,94581281,16.000000,1952.000000
parent/group,150,0,32,0.000046125,693767,104065041,20.000000,2104.000000
parent/tuple,150,0,32,0.000057667,554910,83236513,17.000000,1648.000000
parent/focus_control,150,0,32,0.000052833,605682,90852308,10.000000,1304.000000
transform/clone,150,0,32,0.000034042,940015,141002291,10.000000,1136.000000
transform/update,150,0,32,0.000117667,271954,40793086,57.000000,5460.000000
transform/no_match,150,0,32,0.000060833,526030,78904542,21.000000,1704.000000
transform/update_write,150,0,32,0.000131791,242809,36421303,59.000000,5728.000000
parent/filter,500,0,32,0.000055125,580499,290249433,9.000000,864.000000
parent/nested,500,0,32,0.000062459,512336,256168046,16.000000,1792.000000
parent/sort,500,0,32,0.000051000,627451,313725490,14.000000,1168.000000
parent/constructor,500,0,32,0.000060250,531120,265560166,15.000000,1456.000000
parent/closure,500,0,32,0.000062583,511321,255660483,16.000000,1952.000000
parent/group,500,0,32,0.000057916,552524,276262173,20.000000,2104.000000
parent/tuple,500,0,32,0.000066250,483019,241509434,17.000000,1648.000000
parent/focus_control,500,0,32,0.000072708,440117,220058315,10.000000,1304.000000
transform/clone,500,0,32,0.000045708,700096,350048132,10.000000,1136.000000
transform/update,500,0,32,0.000140708,227421,113710663,57.000000,5460.000000
transform/no_match,500,0,32,0.000078167,409380,204689959,21.000000,1704.000000
transform/update_write,500,0,32,0.000164083,195023,97511625,59.000000,5728.000000
parent/filter,1024,0,32,0.000072166,443422,454064241,9.000000,864.000000
parent/nested,1024,0,32,0.000079667,401672,411312087,16.000000,1792.000000
parent/sort,1024,0,32,0.000067834,471740,483061592,14.000000,1168.000000
parent/constructor,1024,0,32,0.000077167,414685,424637475,15.000000,1456.000000
parent/closure,1024,0,32,0.000079584,402091,411741053,16.000000,1952.000000
parent/group,1024,0,32,0.000075167,425719,435935983,20.000000,2104.000000
parent/tuple,1024,0,32,0.000082875,386124,395390649,17.000000,1648.000000
parent/focus_control,1024,0,32,0.000081792,391236,400625978,10.000000,1304.000000
transform/clone,1024,0,32,0.000062875,508946,521161034,10.000000,1136.000000
transform/update,1024,0,32,0.000174917,182944,187334564,57.000000,5460.000000
transform/no_match,1024,0,32,0.000106375,300823,308042303,21.000000,1704.000000
transform/update_write,1024,0,32,0.000213000,150235,153840376,59.000000,5728.000000
parent/filter,10240,0,32,0.000369625,86574,886520122,9.000000,864.000000
parent/nested,10240,0,32,0.000376375,85022,870621056,16.000000,1792.000000
parent/sort,10240,0,32,0.000365500,87551,896525308,14.000000,1168.000000
parent/constructor,10240,0,32,0.000374792,85381,874298277,15.000000,1456.000000
parent/closure,10240,0,32,0.000376917,84899,869369118,16.000000,1952.000000
parent/group,10240,0,32,0.000372625,85877,879382757,20.000000,2104.000000
parent/tuple,10240,0,32,0.000388708,82324,842997829,17.000000,1648.000000
parent/focus_control,10240,0,32,0.000382792,83596,856026249,10.000000,1304.000000
transform/clone,10240,0,32,0.000359625,88982,911171359,10.000000,1136.000000
transform/update,10240,0,32,0.000762333,41976,429838404,57.000000,5460.000000
transform/no_match,10240,0,32,0.000546375,58568,599734615,21.000000,1704.000000
transform/update_write,10240,0,32,0.001008708,31724,324851196,59.000000,5728.000000
parent/filter,65536,0,32,0.002152417,14867,974324213,9.000000,864.000000
parent/nested,65536,0,32,0.001993958,16048,1051753347,16.000000,1792.000000
parent/sort,65536,0,32,0.002146541,14908,976991355,14.000000,1168.000000
parent/constructor,65536,0,32,0.002167917,14761,967358068,15.000000,1456.000000
parent/closure,65536,0,32,0.002186208,14637,959264626,16.000000,1952.000000
parent/group,65536,0,32,0.002156791,14837,972348271,20.000000,2104.000000
parent/tuple,65536,0,32,0.002186041,14638,959337908,17.000000,1648.000000
parent/focus_control,65536,0,32,0.002168500,14757,967097994,10.000000,1304.000000
transform/clone,65536,0,32,0.002148750,14892,975986969,10.000000,1136.000000
transform/update,65536,0,32,0.004336875,7379,483562934,57.000000,5460.000000
transform/no_match,65536,0,32,0.003215792,9951,652141681,21.000000,1704.000000
transform/update_write,65536,0,32,0.005774833,5541,363153705,59.000000,5728.000000
parent/filter,1048576,0,32,0.034163125,937,982182748,9.000000,864.000000
parent/nested,1048576,0,32,0.033736042,949,994616737,16.000000,1792.000000
parent/sort,1048576,0,32,0.033990125,941,987181777,14.000000,1168.000000
parent/constructor,1048576,0,32,0.034005375,941,986739067,15.000000,1456.000000
parent/closure,1048576,0,32,0.033964875,942,987915663,16.000000,1952.000000
parent/group,1048576,0,32,0.034107375,938,983788169,20.000000,2104.000000
parent/tuple,1048576,0,32,0.033994583,941,987052319,17.000000,1648.000000
parent/focus_control,1048576,0,32,0.034003125,941,986804360,10.000000,1304.000000
transform/clone,1048576,0,32,0.033913917,944,989400074,10.000000,1136.000000
transform/update,1048576,0,32,0.066790583,479,502382679,57.000000,5460.000000
transform/no_match,1048576,0,32,0.050743709,631,661253043,21.000000,1704.000000
transform/update_write,1048576,0,32,0.091135750,351,368180785,59.000000,5728.000000
parent/wide_filter_sum,73,0,32,0.000040083,798343,58279071,9.000000,864.000000
parent/wide_sort,73,0,32,0.000045458,703947,51388095,18.000000,1504.000000
transform/wide_update,73,0,32,0.000078958,405279,29585349,46.000000,4916.000000
transform/wide_write,73,0,32,0.000096583,331321,24186451,54.000000,5816.000000
parent/wide_filter_sum,2048,0,32,0.000883208,36232,74202226,133.000000,13264.000000
parent/wide_sort,2048,0,32,0.001398458,22882,46863045,334.000000,35176.000000
transform/wide_update,2048,0,32,0.001938250,16510,33811944,804.000000,90576.000000
transform/wide_write,2048,0,32,0.002415584,13247,27130499,1060.000000,119376.000000
parent/wide_filter_sum,33180,0,32,0.013840875,2312,76711913,2053.000000,205264.000000
parent/wide_sort,33180,0,32,0.023942500,1337,44346246,5138.000000,557416.000000
transform/wide_update,33180,0,32,0.031278291,1023,33945589,12490.000000,1434392.000000
transform/wide_write,33180,0,32,0.039131792,818,27132926,16586.000000,1895192.000000
consolidation/unplanned_prefix,100,0,32,0.000015750,2031746,203174603,4.000000,192.000000
consolidation/callback_prefix,100,0,32,0.000017083,1873207,187320728,8.000000,480.000000
consolidation/unplanned_prefix,500,0,32,0.000042542,752198,376098914,4.000000,192.000000
consolidation/callback_prefix,500,0,32,0.000037583,851449,425724397,8.000000,480.000000
consolidation/unplanned_prefix,1024,0,32,0.000076333,419216,429276984,4.000000,192.000000
consolidation/callback_prefix,1024,0,32,0.000062416,512689,524993591,8.000000,480.000000
consolidation/unplanned_prefix,10240,0,32,0.000668000,47904,490538922,4.000000,192.000000
consolidation/callback_prefix,10240,0,32,0.000526166,60817,622769240,8.000000,480.000000
consolidation/unplanned_prefix,1048576,0,32,0.066696750,480,503089461,4.000000,192.000000
consolidation/callback_prefix,1048576,0,32,0.050316958,636,666861300,8.000000,480.000000
consolidation/nested_path,43,0,32,0.000005584,5730659,246418338,0.000000,0.000000
consolidation/nested_sum,43,0,32,0.000006667,4799760,206389681,0.000000,0.000000
consolidation/nested_path,871,0,32,0.000119500,267782,233238494,0.000000,0.000000
consolidation/nested_sum,871,0,32,0.000129125,247822,215852856,0.000000,0.000000
consolidation/nested_path,91,0,32,0.000009084,3522677,320563628,0.000000,0.000000
consolidation/nested_sum,91,0,32,0.000010208,3134796,285266458,0.000000,0.000000
consolidation/nested_path,919,0,32,0.000124916,256172,235422204,0.000000,0.000000
consolidation/nested_sum,919,0,32,0.000131375,243578,223847764,0.000000,0.000000
consolidation/nested_path,155,0,32,0.000023500,1361702,211063830,0.000000,0.000000
consolidation/nested_sum,155,0,32,0.000024500,1306122,202448980,0.000000,0.000000
consolidation/nested_path,983,0,32,0.000137833,232165,228218206,0.000000,0.000000
consolidation/nested_sum,983,0,32,0.000144375,221645,217877056,0.000000,0.000000
consolidation/sort_path,426,0,32,0.000110875,288613,122949267,9.000000,968.000000
consolidation/sort_scalar,426,0,32,0.000134292,238287,101510142,9.000000,968.000000
consolidation/sort_tuple,426,0,32,0.000130834,244585,104193100,28.000000,2832.000000
consolidation/callback_projection,426,0,32,0.000090667,352940,150352388,7.000000,600.000000
consolidation/transient_capture,426,0,32,0.000132125,242195,103175024,17.000000,1752.000000
consolidation/distinct_groups,426,0,32,0.000104084,307444,130971139,5.000000,1464.000000
consolidation/sort_path,7254,0,32,0.001784292,17934,130095298,13.000000,14408.000000
consolidation/sort_scalar,7254,0,32,0.002308541,13862,100551820,13.000000,14408.000000
consolidation/sort_tuple,7254,0,32,0.002054542,15575,112982845,272.000000,39312.000000
consolidation/callback_projection,7254,0,32,0.001341209,23859,173073697,11.000000,6360.000000
consolidation/transient_capture,7254,0,32,0.002021375,15831,114836683,141.000000,19032.000000
consolidation/distinct_groups,7254,0,32,0.001845875,17336,125754994,13.000000,51472.000000
consolidation/sort_path,61112,0,32,0.014687375,2179,133147278,16.000000,114760.000000
consolidation/sort_scalar,61112,0,32,0.019469542,1644,100443246,16.000000,114760.000000
consolidation/sort_tuple,61112,0,32,0.018131000,1765,107858585,2067.000000,311696.000000
consolidation/callback_projection,61112,0,32,0.010760666,2974,181734476,14.000000,49368.000000
consolidation/transient_capture,61112,0,32,0.016023583,1997,122044115,1040.000000,148056.000000
consolidation/distinct_groups,61112,0,32,0.014091458,2271,138777975,19.000000,427816.000000
regions/map,47,0,32,0.000015083,2121594,99714911,6.000000,408.000000
regions/nested_map,47,0,32,0.000015125,2115702,99438017,6.000000,408.000000
regions/indexed,47,0,32,0.000015750,2031746,95492063,6.000000,408.000000
regions/reduce,47,0,32,0.000014875,2151261,101109244,4.000000,264.000000
regions/filtered_sum,47,0,32,0.000005792,5524862,259668508,0.000000,0.000000
regions/object,47,0,32,0.000016375,1954198,91847328,8.000000,592.000000
regions/sort,47,0,32,0.000010959,2919974,137238799,2.000000,192.000000
regions/groups,47,0,32,0.000022666,1411806,66354893,6.000000,203.000000
regions/map,306,0,32,0.000076166,420135,128561300,7.000000,600.000000
regions/nested_map,306,0,32,0.000080917,395467,121012890,7.000000,600.000000
regions/indexed,306,0,32,0.000079708,401465,122848397,7.000000,600.000000
regions/reduce,306,0,32,0.000075709,422671,129337331,4.000000,264.000000
regions/filtered_sum,306,0,32,0.000041041,779708,238590678,0.000000,0.000000
regions/object,306,0,32,0.000088083,363294,111167876,23.000000,2072.000000
regions/sort,306,0,32,0.000108959,293688,89868666,9.000000,968.000000
regions/groups,306,0,32,0.000172958,185016,56614901,38.000000,1936.000000
regions/map,5042,0,32,0.001096000,29197,147211679,11.000000,6360.000000
regions/nested_map,5042,0,32,0.001098375,29134,146893365,11.000000,6360.000000
regions/indexed,5042,0,32,0.001139666,28078,141571302,11.000000,6360.000000
regions/reduce,5042,0,32,0.001124041,28469,143539248,4.000000,264.000000
regions/filtered_sum,5042,0,32,0.000664958,48123,242637881,0.000000,0.000000
regions/object,5042,0,32,0.001305417,24513,123595755,267.000000,29912.000000
regions/sort,5042,0,32,0.001721000,18594,93750145,13.000000,14408.000000
regions/groups,5042,0,32,0.002462625,12994,65517080,540.000000,20256.000000
regions/map,41828,0,32,0.008618833,3713,155298983,14.000000,49368.000000
regions/nested_map,41828,0,32,0.008673958,3689,154312022,14.000000,49368.000000
regions/indexed,41828,0,32,0.009075292,3526,147487927,14.000000,49368.000000
regions/reduce,41828,0,32,0.008902542,3594,150349866,4.000000,264.000000
regions/filtered_sum,41828,0,32,0.005335458,5998,250868060,0.000000,0.000000
regions/object,41828,0,32,0.010166292,3148,131660196,2062.000000,237784.000000
regions/sort,41828,0,32,0.014128542,2265,94737022,16.000000,114760.000000
regions/groups,41828,0,32,0.018983917,1686,70506840,4017.000000,154528.000000
regions/sparse_callback,100,0,32,0.000010208,3134796,313479624,3.000000,200.000000
regions/wide_members,100,0,32,0.000007875,4063492,406349206,2.000000,424.000000
regions/reusable_members,100,0,32,0.000006000,5333333,533333333,2.000000,136.000000
regions/sparse_callback,500,0,32,0.000023833,1342676,671338061,3.000000,200.000000
regions/wide_members,500,0,32,0.000014667,2181769,1090884298,2.000000,424.000000
regions/reusable_members,500,0,32,0.000012791,2501759,1250879525,2.000000,136.000000
regions/sparse_callback,1024,0,32,0.000040750,785276,804122699,3.000000,200.000000
regions/wide_members,1024,0,32,0.000023750,1347368,1379705263,2.000000,424.000000
regions/reusable_members,1024,0,32,0.000022000,1454545,1489454545,2.000000,136.000000
regions/sparse_callback,10240,0,32,0.000337792,94733,970064418,3.000000,200.000000
regions/wide_members,10240,0,32,0.000174792,183075,1874685340,2.000000,424.000000
regions/reusable_members,10240,0,32,0.000175458,182380,1867569447,2.000000,136.000000
regions/sparse_callback,1048576,0,32,0.033949167,943,988372763,3.000000,200.000000
regions/wide_members,1048576,0,32,0.017290042,1851,1940679612,2.000000,424.000000
regions/reusable_members,1048576,0,32,0.017237667,1856,1946576181,2.000000,136.000000
acquisition/call_one,100,0,32,0.000007000,4571429,457142857,3.000000,200.000000
acquisition/call_three,100,0,32,0.000009250,3459459,345945946,3.000000,200.000000
acquisition/call_six,100,0,32,0.000013792,2320186,232018561,4.000000,344.000000
acquisition/call_nested,100,0,32,0.000009125,3506849,350684932,3.000000,200.000000
acquisition/call_repeated,100,0,32,0.000008542,3746195,374619527,3.000000,200.000000
acquisition/call_one,500,0,32,0.000013791,2320354,1160176927,3.000000,200.000000
acquisition/call_three,500,0,32,0.000016125,1984496,992248062,3.000000,200.000000
acquisition/call_six,500,0,32,0.000020625,1551515,775757576,4.000000,344.000000
acquisition/call_nested,500,0,32,0.000016125,1984496,992248062,3.000000,200.000000
acquisition/call_repeated,500,0,32,0.000015500,2064516,1032258065,3.000000,200.000000
acquisition/call_one,1024,0,32,0.000022584,1416932,1450938718,3.000000,200.000000
acquisition/call_three,1024,0,32,0.000024750,1292929,1323959596,3.000000,200.000000
acquisition/call_six,1024,0,32,0.000029208,1095590,1121884415,4.000000,344.000000
acquisition/call_nested,1024,0,32,0.000024542,1303887,1335180507,3.000000,200.000000
acquisition/call_repeated,1024,0,32,0.000024042,1331004,1362948174,3.000000,200.000000
acquisition/call_one,10240,0,32,0.000179375,178397,1826787456,3.000000,200.000000
acquisition/call_three,10240,0,32,0.000178875,178896,1831893781,3.000000,200.000000
acquisition/call_six,10240,0,32,0.000180875,176918,1811637871,4.000000,344.000000
acquisition/call_nested,10240,0,32,0.000175875,181947,1863141436,3.000000,200.000000
acquisition/call_repeated,10240,0,32,0.000175459,182379,1867558803,3.000000,200.000000
acquisition/call_one,1048576,0,32,0.017285750,1851,1941161477,3.000000,200.000000
acquisition/call_three,1048576,0,32,0.017292917,1850,1940356968,3.000000,200.000000
acquisition/call_six,1048576,0,32,0.017121458,1869,1959788238,4.000000,344.000000
acquisition/call_nested,1048576,0,32,0.017294583,1850,1940170052,3.000000,200.000000
acquisition/call_repeated,1048576,0,32,0.017280708,1852,1941727851,3.000000,200.000000
acquisition/lookup_1_short_raw,500,0,32,0.000009833,3254348,1627173803,0.000000,0.000000
acquisition/lookup_1_short_escaped,500,0,32,0.000010291,3109513,1554756583,0.000000,0.000000
acquisition/lookup_1_short_varying,500,0,32,0.000010000,3200000,1600000000,0.000000,0.000000
acquisition/lookup_1_ascii_raw,500,0,32,0.000009792,3267974,1633986928,0.000000,0.000000
acquisition/lookup_1_ascii_escaped,500,0,32,0.000012083,2648349,1324174460,0.000000,0.000000
acquisition/lookup_1_ascii_varying,500,0,32,0.000009958,3213497,1606748343,0.000000,0.000000
acquisition/lookup_1_unicode_raw,500,0,32,0.000010584,3023432,1511715797,0.000000,0.000000
acquisition/lookup_1_unicode_escaped,500,0,32,0.000011125,2876404,1438202247,0.000000,0.000000
acquisition/lookup_1_unicode_varying,500,0,32,0.000010708,2988420,1494209936,0.000000,0.000000
acquisition/lookup_4_short_raw,500,0,32,0.000010542,3035477,1517738570,0.000000,0.000000
acquisition/lookup_4_short_escaped,500,0,32,0.000011458,2792809,1396404259,0.000000,0.000000
acquisition/lookup_4_short_varying,500,0,32,0.000010625,3011765,1505882353,0.000000,0.000000
acquisition/lookup_4_ascii_raw,500,0,32,0.000012583,2543114,1271556862,0.000000,0.000000
acquisition/lookup_4_ascii_escaped,500,0,32,0.000016125,1984496,992248062,0.000000,0.000000
acquisition/lookup_4_ascii_varying,500,0,32,0.000012875,2485437,1242718447,0.000000,0.000000
acquisition/lookup_4_unicode_raw,500,0,32,0.000011625,2752688,1376344086,0.000000,0.000000
acquisition/lookup_4_unicode_escaped,500,0,32,0.000012792,2501563,1250781739,0.000000,0.000000
acquisition/lookup_4_unicode_varying,500,0,32,0.000011667,2742779,1371389389,0.000000,0.000000
acquisition/lookup_32_short_raw,500,0,32,0.000010666,3000188,1500093756,0.000000,0.000000
acquisition/lookup_32_short_escaped,500,0,32,0.000011625,2752688,1376344086,0.000000,0.000000
acquisition/lookup_32_short_varying,500,0,32,0.000010750,2976744,1488372093,0.000000,0.000000
acquisition/lookup_32_ascii_raw,500,0,32,0.000012791,2501759,1250879525,0.000000,0.000000
acquisition/lookup_32_ascii_escaped,500,0,32,0.000016166,1979463,989731535,0.000000,0.000000
acquisition/lookup_32_ascii_varying,500,0,32,0.000012916,2477547,1238773614,0.000000,0.000000
acquisition/lookup_32_unicode_raw,500,0,32,0.000011792,2713704,1356852103,0.000000,0.000000
acquisition/lookup_32_unicode_escaped,500,0,32,0.000012917,2477355,1238677712,0.000000,0.000000
acquisition/lookup_32_unicode_varying,500,0,32,0.000011833,2704302,1352150765,0.000000,0.000000
acquisition/lookup_128_short_raw,500,0,32,0.000010709,2988141,1494070408,0.000000,0.000000
acquisition/lookup_128_short_escaped,500,0,32,0.000011542,2772483,1386241553,0.000000,0.000000
acquisition/lookup_128_short_varying,500,0,32,0.000010792,2965159,1482579689,0.000000,0.000000
acquisition/lookup_128_ascii_raw,500,0,32,0.000012791,2501759,1250879525,0.000000,0.000000
acquisition/lookup_128_ascii_escaped,500,0,32,0.000016209,1974212,987105929,0.000000,0.000000
acquisition/lookup_128_ascii_varying,500,0,32,0.000013083,2445922,1222961095,0.000000,0.000000
acquisition/lookup_128_unicode_raw,500,0,32,0.000011791,2713934,1356967178,0.000000,0.000000
acquisition/lookup_128_unicode_escaped,500,0,32,0.000012916,2477547,1238773614,0.000000,0.000000
acquisition/lookup_128_unicode_varying,500,0,32,0.000012000,2666667,1333333333,0.000000,0.000000
acquisition/lookup_4096_short_raw,500,0,32,0.000011083,2887305,1443652441,0.000000,0.000000
acquisition/lookup_4096_short_escaped,500,0,32,0.000012041,2657587,1328793290,0.000000,0.000000
acquisition/lookup_4096_short_varying,500,0,32,0.000011167,2865586,1432793051,0.000000,0.000000
acquisition/lookup_4096_ascii_raw,500,0,32,0.000013167,2430318,1215159110,0.000000,0.000000
acquisition/lookup_4096_ascii_escaped,500,0,32,0.000016583,1929687,964843514,0.000000,0.000000
acquisition/lookup_4096_ascii_varying,500,0,32,0.000013334,2399880,1199940003,0.000000,0.000000
acquisition/lookup_repeated,500,0,32,0.000021042,1520768,760383994,0.000000,0.000000
acquisition/lookup_mixed,500,0,32,0.000021333,1500023,750011719,2.000000,136.000000
acquisition/lookup_4096_unicode_raw,500,0,32,0.000012167,2630065,1315032465,0.000000,0.000000
acquisition/lookup_4096_unicode_escaped,500,0,32,0.000013250,2415094,1207547170,0.000000,0.000000
acquisition/lookup_4096_unicode_varying,500,0,32,0.000012500,2560000,1280000000,0.000000,0.000000
acquisition/lookup_8192_short_raw,500,0,32,0.000011042,2898026,1449012860,0.000000,0.000000
acquisition/lookup_8192_short_escaped,500,0,32,0.000012083,2648349,1324174460,0.000000,0.000000
acquisition/lookup_8192_short_varying,500,0,32,0.000011833,2704302,1352150765,0.000000,0.000000
acquisition/lookup_8192_ascii_raw,500,0,32,0.000013166,2430503,1215251405,0.000000,0.000000
acquisition/lookup_8192_ascii_escaped,500,0,32,0.000016708,1915250,957625090,0.000000,0.000000
acquisition/lookup_8192_ascii_varying,500,0,32,0.000013917,2299346,1149673062,0.000000,0.000000
acquisition/lookup_8192_unicode_raw,500,0,32,0.000012666,2526449,1263224380,0.000000,0.000000
acquisition/lookup_8192_unicode_escaped,500,0,32,0.000013417,2385034,1192516956,0.000000,0.000000
acquisition/lookup_8192_unicode_varying,500,0,32,0.000012750,2509804,1254901961,0.000000,0.000000
acquisition/lookup_32768_short_raw,500,0,32,0.000011208,2855103,1427551749,0.000000,0.000000
acquisition/lookup_32768_short_escaped,500,0,32,0.000012375,2585859,1292929293,0.000000,0.000000
acquisition/lookup_32768_short_varying,500,0,32,0.000012000,2666667,1333333333,0.000000,0.000000
acquisition/lookup_32768_ascii_raw,500,0,32,0.000013542,2363019,1181509378,0.000000,0.000000
acquisition/lookup_32768_ascii_escaped,500,0,32,0.000016625,1924812,962406015,0.000000,0.000000
acquisition/lookup_32768_ascii_varying,500,0,32,0.000013792,2320186,1160092807,0.000000,0.000000
acquisition/lookup_32768_unicode_raw,500,0,32,0.000012583,2543114,1271556862,0.000000,0.000000
acquisition/lookup_32768_unicode_escaped,500,0,32,0.000013291,2407644,1203822135,0.000000,0.000000
acquisition/lookup_32768_unicode_varying,500,0,32,0.000013334,2399880,1199940003,0.000000,0.000000
acquisition/string_borrowed,100,0,32,0.000003000,10666667,1066666667,0.000000,0.000000
acquisition/string_compare,100,0,32,0.000006250,5120000,512000000,0.000000,0.000000
acquisition/string_unicode_compare,100,0,32,0.000009167,3490782,349078215,0.000000,0.000000
acquisition/string_concat,100,0,32,0.000010000,3200000,320000000,2.000000,45.000000
acquisition/string_owned_compare,100,0,32,0.000012500,2560000,256000000,2.000000,45.000000
acquisition/string_construct,100,0,32,0.000023459,1364082,136408202,9.000000,417.000000
acquisition/string_callback,100,0,32,0.000023875,1340314,134031414,14.000000,961.000000
acquisition/string_borrowed,500,0,32,0.000009958,3213497,1606748343,0.000000,0.000000
acquisition/string_compare,500,0,32,0.000019625,1630573,815286624,0.000000,0.000000
acquisition/string_unicode_compare,500,0,32,0.000029333,1090921,545460744,0.000000,0.000000
acquisition/string_concat,500,0,32,0.000030125,1062241,531120332,2.000000,45.000000
acquisition/string_owned_compare,500,0,32,0.000032542,983345,491672300,2.000000,45.000000
acquisition/string_construct,500,0,32,0.000056917,562222,281111092,9.000000,417.000000
acquisition/string_callback,500,0,32,0.000043792,730727,365363537,14.000000,961.000000
acquisition/string_borrowed,10240,0,32,0.000169875,188374,1928947756,0.000000,0.000000
acquisition/string_compare,10240,0,32,0.000333625,95916,982180592,0.000000,0.000000
acquisition/string_unicode_compare,10240,0,32,0.000502167,63724,652531927,0.000000,0.000000
acquisition/string_concat,10240,0,32,0.000498792,64155,656947184,2.000000,45.000000
acquisition/string_owned_compare,10240,0,32,0.000500875,63888,654215124,2.000000,45.000000
acquisition/string_construct,10240,0,32,0.000837750,38198,391142942,9.000000,417.000000
acquisition/string_callback,10240,0,32,0.000512375,62454,639531593,14.000000,961.000000
string storage control: shared 16 B, inline 24 B, current Value 24 B
rust/string_shared,12,0,32,0.000001000,32000000,384000000,2.000000,46.000000
rust/string_stack,12,0,32,0.000000833,38415366,460984394,1.000000,32.000000
rust/string_inline,12,0,32,0.000000375,85333333,1024000000,0.000000,0.000000
rust/string_shared,22,0,32,0.000001042,30710173,675623800,2.000000,64.000000
rust/string_stack,22,0,32,0.000000833,38415366,845138055,1.000000,40.000000
rust/string_inline,22,0,32,0.000001042,30710173,675623800,2.000000,64.000000
rust/string_shared,62,0,32,0.000001250,25600000,1587200000,2.000000,144.000000
rust/string_stack,62,0,32,0.000000708,45197740,2802259887,1.000000,80.000000
rust/string_inline,62,0,32,0.000001250,25600000,1587200000,2.000000,144.000000
rust/string_shared,63,0,32,0.000001542,20752270,1307392996,2.000000,153.000000
rust/string_stack,63,0,32,0.000001500,21333333,1344000000,2.000000,153.000000
rust/string_inline,63,0,32,0.000001459,21932831,1381768334,2.000000,153.000000
rust/string_shared,128,0,32,0.000001209,26468156,3387923904,2.000000,282.000000
rust/string_stack,128,0,32,0.000001208,26490066,3390728477,2.000000,282.000000
rust/string_inline,128,0,32,0.000001250,25600000,3276800000,2.000000,282.000000
runtime/transient,455,0,32,0.000184875,173090,78755916,41.000000,4312.000000
runtime/tail_transient,455,0,32,0.000182084,175743,79963094,41.000000,4312.000000
runtime/recursive_local,455,0,32,0.000267667,119552,54395947,49.000000,5592.000000
runtime/escaping,455,0,32,0.000192125,166558,75783995,48.000000,6216.000000
runtime/mixed_escape,455,0,32,0.000376500,84993,38671979,84.000000,9944.000000
runtime/filter,455,0,32,0.000204500,156479,71198044,39.000000,3976.000000
runtime/reduce,455,0,32,0.000185834,172197,78349495,38.000000,3976.000000
runtime/sort,455,0,32,0.000296125,108062,49168425,45.000000,5064.000000
runtime/strings,455,0,32,0.000244500,130879,59550102,65.000000,3888.000000
runtime/dynamic_scalar,455,0,32,0.000185833,172198,78349916,87.000000,6268.000000
runtime/dynamic_object,455,0,32,0.000313542,102060,46437160,195.000000,15799.000000
runtime/planned,455,0,32,0.000081792,391236,178012520,7.000000,600.000000
runtime/dynamic_reduce,97,0,32,0.000079542,402303,39023409,49.000000,3112.000000
runtime/dynamic_sort,97,0,32,0.000095458,335226,32516918,55.000000,3768.000000
runtime/transient,6149,0,32,0.002752458,11626,71488103,525.000000,59992.000000
runtime/tail_transient,6149,0,32,0.002721541,11758,72300215,525.000000,59992.000000
runtime/recursive_local,6149,0,32,0.004034041,7932,48776896,653.000000,80472.000000
runtime/escaping,6149,0,32,0.002701125,11847,72846684,540.000000,94536.000000
runtime/mixed_escape,6149,0,32,0.005318833,6016,36994581,1060.000000,153944.000000
runtime/filter,6149,0,32,0.002969125,10778,66271376,482.000000,66760.000000
runtime/reduce,6149,0,32,0.002813750,11373,69930875,518.000000,53896.000000
runtime/sort,6149,0,32,0.009044417,3538,21755742,1083.000000,142056.000000
runtime/strings,6149,0,32,0.003727084,8586,52794088,909.000000,53208.000000
runtime/dynamic_scalar,6149,0,32,0.001454959,21994,135239550,91.000000,12028.000000
runtime/dynamic_object,6149,0,32,0.003482334,9189,56504632,1879.000000,165559.000000
runtime/planned,6149,0,32,0.001132250,28262,173784941,11.000000,6360.000000
runtime/dynamic_reduce,483,0,32,0.000432834,73931,35708840,49.000000,3112.000000
runtime/dynamic_sort,483,0,32,0.001229375,26029,12572242,59.000000,14328.000000
runtime/transient,50102,0,32,0.021902834,1461,73198929,4112.000000,475736.000000
runtime/tail_transient,50102,0,32,0.021390708,1496,74951423,4112.000000,475736.000000
runtime/recursive_local,50102,0,32,0.031945250,1002,50187868,5136.000000,639576.000000
runtime/escaping,50102,0,32,0.021628458,1480,74127522,4133.000000,753992.000000
runtime/mixed_escape,50102,0,32,0.042169750,759,38019291,8240.000000,1229144.000000
runtime/filter,50102,0,32,0.023237875,1377,68993572,3691.000000,531656.000000
runtime/reduce,50102,0,32,0.022512625,1421,71216218,4102.000000,426632.000000
runtime/sort,50102,0,32,0.095140250,336,16851585,11620.000000,1486056.000000
runtime/strings,50102,0,32,0.029586125,1082,54189726,7184.000000,421464.000000
runtime/dynamic_scalar,50102,0,32,0.010707375,2989,149734552,94.000000,55036.000000
runtime/dynamic_object,50102,0,32,0.026895708,1190,59610403,14426.000000,1283767.000000
runtime/planned,50102,0,32,0.008756916,3654,183085461,14.000000,49368.000000
runtime/dynamic_reduce,4091,0,32,0.003114416,10275,42034205,49.000000,3112.000000
runtime/dynamic_sort,4091,0,32,0.013004042,2461,10067024,62.000000,93176.000000
runtime/transient,846231,0,32,0.350180625,91,77329784,65556.000000,7602776.000000
runtime/tail_transient,846231,0,32,0.344380291,93,78632235,65556.000000,7602776.000000
runtime/recursive_local,846231,0,32,0.513976791,62,52686021,81940.000000,10224216.000000
runtime/escaping,846231,0,32,0.344408208,93,78625861,65585.000000,12058952.000000
runtime/mixed_escape,846231,0,32,0.673742209,47,40192512,131136.000000,19661144.000000
runtime/filter,846231,0,32,0.373960084,86,72412520,58560.000000,8501288.000000
runtime/reduce,846231,0,32,0.362285792,88,74745940,65542.000000,6816392.000000
runtime/sort,846231,0,32,2.021646500,16,13394722,251062.000000,31128456.000000
runtime/strings,846231,0,32,0.474663000,67,57049722,114708.000000,6734424.000000
runtime/dynamic_scalar,846231,0,32,0.172353125,186,157115759,98.000000,792316.000000
runtime/dynamic_object,846231,0,32,0.430308083,74,62930242,229470.000000,20453047.000000
runtime/planned,846231,0,32,0.144921292,221,186855856,18.000000,786648.000000
runtime/dynamic_reduce,87275,0,32,0.050251166,637,55576820,49.000000,3112.000000
runtime/dynamic_sort,87275,0,32,0.287509500,111,9713766,66.000000,1444856.000000
embedding/direct,100,0,32,0.000010208,3134796,313479624,0.000000,0.000000
embedding/default_options,100,0,32,0.000010125,3160494,316049383,0.000000,0.000000
embedding/bindings,100,0,32,0.000013791,2320354,232035385,5.000000,400.000000
embedding/host,100,0,32,0.000017000,1882353,188235294,5.000000,400.000000
embedding/limits,100,0,32,0.000012875,2485437,248543689,5.000000,392.000000
embedding/string_borrowed,100,0,32,0.000003708,8629989,862998921,0.000000,0.000000
embedding/string_decoded,100,0,32,0.000004666,6858123,685812259,1.000000,8.000000
embedding/owned_scalar,100,0,32,0.000003917,8169517,816951749,0.000000,0.000000
embedding/owned_object,100,0,32,0.000023750,1347368,134736842,13.000000,930.000000
embedding/direct,500,0,32,0.000030083,1063724,531861849,0.000000,0.000000
embedding/default_options,500,0,32,0.000030167,1060762,530380880,0.000000,0.000000
embedding/bindings,500,0,32,0.000033959,942313,471156394,5.000000,400.000000
embedding/host,500,0,32,0.000037000,864865,432432432,5.000000,400.000000
embedding/limits,500,0,32,0.000033125,966038,483018868,5.000000,392.000000
embedding/string_borrowed,500,0,32,0.000010583,3023717,1511858641,0.000000,0.000000
embedding/string_decoded,500,0,32,0.000011250,2844444,1422222222,1.000000,8.000000
embedding/owned_scalar,500,0,32,0.000010667,2999906,1499953126,0.000000,0.000000
embedding/owned_object,500,0,32,0.000044125,725212,362606232,13.000000,930.000000
embedding/direct,1024,0,32,0.000055667,574847,588643182,0.000000,0.000000
embedding/default_options,1024,0,32,0.000055583,575716,589532771,0.000000,0.000000
embedding/bindings,1024,0,32,0.000059333,539329,552272766,5.000000,400.000000
embedding/host,1024,0,32,0.000062875,508946,521161034,5.000000,400.000000
embedding/limits,1024,0,32,0.000058333,548575,561740353,5.000000,392.000000
embedding/string_borrowed,1024,0,32,0.000019208,1665973,1705955852,0.000000,0.000000
embedding/string_decoded,1024,0,32,0.000022666,1411806,1445689579,1.000000,8.000000
embedding/owned_scalar,1024,0,32,0.000019666,1627174,1666225974,0.000000,0.000000
embedding/owned_object,1024,0,32,0.000069542,460154,471197262,13.000000,930.000000
embedding/direct,10240,0,32,0.000498667,64171,657111860,0.000000,0.000000
embedding/default_options,10240,0,32,0.000503291,63582,651074627,0.000000,0.000000
embedding/bindings,10240,0,32,0.000502834,63639,651666355,5.000000,400.000000
embedding/host,10240,0,32,0.000508583,62920,644299947,5.000000,400.000000
embedding/limits,10240,0,32,0.000501542,63803,653345084,5.000000,392.000000
embedding/string_borrowed,10240,0,32,0.000170500,187683,1921876833,0.000000,0.000000
embedding/string_decoded,10240,0,32,0.000171125,186998,1914857560,1.000000,8.000000
embedding/owned_scalar,10240,0,32,0.000170625,187546,1920468864,0.000000,0.000000
embedding/owned_object,10240,0,32,0.000512708,62414,639116222,13.000000,930.000000
embedding/host_map_sum,74,0,32,0.000030833,1037849,76800830,8.000000,736.000000
embedding/controlled_filter_sum,74,0,32,0.000047500,673684,49852632,5.000000,392.000000
embedding/host_map_sum,1180,0,32,0.000318458,100484,118571366,12.000000,6496.000000
embedding/controlled_filter_sum,1180,0,32,0.000756125,42321,49938833,5.000000,392.000000
embedding/host_map_sum,10164,0,32,0.002380791,13441,136613420,15.000000,49504.000000
embedding/controlled_filter_sum,10164,0,32,0.005880833,5441,55306451,5.000000,392.000000
JX_BENCH_NATIVE_ONLY=1 JX_BENCH_NATIVE=1 cargo bench -p jx --features jit --bench throughput --locked -- --smoke
    Finished `bench` profile [optimized] target(s) in 0.02s
     Running benches/throughput.rs (target/release/deps/throughput-c4f4d8c7339efca9)
workload,input_bytes,sample,records,seconds,records_per_second,input_bytes_per_second,allocations_per_record,allocated_bytes_per_record
native_metadata,arithmetic,34833,582833,1,716,0
jit/compile_arithmetic,0,0,32,0.008227625,3889,0,1284.000000,649170.000000
native_region,jit/arithmetic,100,257125,1,716
jit/arithmetic,100,0,32,0.000004167,7679386,767938565,0.000000,0.000000
jit/rust_arithmetic,100,0,32,0.000003917,8169517,816951749,0.000000,0.000000
native_region,jit/arithmetic,500,251084,1,716
jit/arithmetic,500,0,32,0.000011041,2898288,1449144099,0.000000,0.000000
jit/rust_arithmetic,500,0,32,0.000010833,2953937,1476968522,0.000000,0.000000
native_region,jit/arithmetic,1024,247041,1,716
jit/arithmetic,1024,0,32,0.000019667,1627091,1666141252,0.000000,0.000000
jit/rust_arithmetic,1024,0,32,0.000019292,1658719,1698527887,0.000000,0.000000
native_region,jit/arithmetic,10240,256125,1,716
jit/arithmetic,10240,0,32,0.000175541,182294,1866686415,0.000000,0.000000
jit/rust_arithmetic,10240,0,32,0.000170542,187637,1921403525,0.000000,0.000000
native_region,jit/arithmetic,1048576,251375,1,716
jit/arithmetic,1048576,0,32,0.017289583,1851,1940731133,0.000000,0.000000
jit/rust_arithmetic,1048576,0,32,0.017277250,1852,1942116483,0.000000,0.000000
native_metadata,dense,12209,514416,1,1144,0
jit/compile_dense,0,0,32,0.012616833,2536,0,1705.000000,1024824.000000
native_region,jit/dense,100,382250,1,1144
jit/dense,100,0,32,0.000004292,7455732,745573159,0.000000,0.000000
jit/rust_dense,100,0,32,0.000003833,8348552,834855205,0.000000,0.000000
native_region,jit/dense,500,382334,1,1144
jit/dense,500,0,32,0.000011000,2909091,1454545455,0.000000,0.000000
jit/rust_dense,500,0,32,0.000010583,3023717,1511858641,0.000000,0.000000
native_region,jit/dense,1024,380500,1,1144
jit/dense,1024,0,32,0.000023958,1335671,1367726855,0.000000,0.000000
jit/rust_dense,1024,0,32,0.000019584,1633987,1673202614,0.000000,0.000000
native_region,jit/dense,10240,394417,1,1144
jit/dense,10240,0,32,0.000171000,187135,1916257310,0.000000,0.000000
jit/rust_dense,10240,0,32,0.000170625,187546,1920468864,0.000000,0.000000
native_region,jit/dense,1048576,399250,1,1144
jit/dense,1048576,0,32,0.017252750,1855,1944874411,0.000000,0.000000
jit/rust_dense,1048576,0,32,0.017250708,1855,1945104630,0.000000,0.000000
native_metadata,branch,9458,447333,1,1056,0
jit/compile_branch,0,0,32,0.011740625,2726,0,1644.000000,918234.000000
native_region,jit/branch,100,348125,1,1056
jit/branch,100,0,32,0.000004167,7679386,767938565,0.000000,0.000000
jit/rust_branch,100,0,32,0.000003709,8627662,862766244,0.000000,0.000000
native_region,jit/branch,500,354250,1,1056
jit/branch,500,0,32,0.000011167,2865586,1432793051,0.000000,0.000000
jit/rust_branch,500,0,32,0.000010500,3047619,1523809524,0.000000,0.000000
native_region,jit/branch,1024,355541,1,1056
jit/branch,1024,0,32,0.000019750,1620253,1659139241,0.000000,0.000000
jit/rust_branch,1024,0,32,0.000019209,1665886,1705867041,0.000000,0.000000
native_region,jit/branch,10240,344917,1,1056
jit/branch,10240,0,32,0.000171166,186953,1914398888,0.000000,0.000000
jit/rust_branch,10240,0,32,0.000170750,187408,1919062958,0.000000,0.000000
native_region,jit/branch,1048576,346250,1,1056
jit/branch,1048576,0,32,0.017299750,1850,1939590572,0.000000,0.000000
jit/rust_branch,1048576,0,32,0.017237208,1856,1946628015,0.000000,0.000000
jit/varying_branch,500,0,32,0.000011500,2782609,1391304348,0.000000,0.000000
native_region,jit/tiny,13,285583,1,716
jit/tiny,13,0,32,0.000002584,12383901,160990712,0.000000,0.000000
native_region,jit/fold,122,419000,1,1144
jit/fold,122,0,32,0.000029500,1084746,132338983,0.000000,0.000000
native_region,jit/filter_map_fold,122,495500,1,1368
jit/filter_map_fold,122,0,32,0.000031125,1028112,125429719,0.000000,0.000000
jit/rust_fold,122,0,32,0.000023709,1349698,164663208,0.000000,0.000000
native_region,jit/numeric_fold,26,217208,1,504
jit/numeric_fold,26,0,32,0.000016334,1959104,50936696,0.000000,0.000000
native_region,jit/fold,472,400334,1,1144
jit/fold,472,0,32,0.000116291,275172,129881074,0.000000,0.000000
native_region,jit/filter_map_fold,472,468708,1,1368
jit/filter_map_fold,472,0,32,0.000126542,252880,119359580,0.000000,0.000000
jit/rust_fold,472,0,32,0.000092209,347038,163801798,0.000000,0.000000
native_region,jit/numeric_fold,88,211667,1,504
jit/numeric_fold,88,0,32,0.000060000,533333,46933333,0.000000,0.000000
native_region,jit/fold,1858,401041,1,1144
jit/fold,1858,0,32,0.000457042,70015,130088701,0.000000,0.000000
native_region,jit/filter_map_fold,1858,466416,1,1368
jit/filter_map_fold,1858,0,32,0.000472875,67671,125733016,0.000000,0.000000
jit/rust_fold,1858,0,32,0.000363541,88023,163546890,0.000000,0.000000
native_region,jit/numeric_fold,322,216750,1,504
jit/numeric_fold,322,0,32,0.000239666,133519,42993165,0.000000,0.000000
native_region,jit/fold,14794,394209,1,1144
jit/fold,14794,0,32,0.003639250,8793,130083946,0.000000,0.000000
native_region,jit/filter_map_fold,14794,482292,1,1368
jit/filter_map_fold,14794,0,32,0.003731792,8575,126858089,0.000000,0.000000
jit/rust_fold,14794,0,32,0.002865167,11169,165228763,0.000000,0.000000
native_region,jit/numeric_fold,2506,210708,1,504
jit/numeric_fold,2506,0,32,0.001852625,17273,43285608,0.000000,0.000000
native_region,jit/fold,236554,393292,1,1144
jit/fold,236554,0,32,0.058039250,551,130424290,0.000000,0.000000
native_region,jit/filter_map_fold,236554,562833,1,1368
jit/filter_map_fold,236554,0,32,0.060660000,528,124789449,0.000000,0.000000
jit/rust_fold,236554,0,32,0.044793875,714,168990247,0.000000,0.000000
native_region,jit/numeric_fold,39946,240708,1,504
jit/numeric_fold,39946,0,32,0.030005125,1066,42601789,0.000000,0.000000
