cargo fmt --all -- --check
just clippy
cargo clippy --workspace --all-targets --all-features --locked -- -D warnings
    Checking jx v0.1.0 (/Users/josh/Documents/Workspace/jo-cube/jx/crates/jx)
    Checking jx-cli v0.1.0 (/Users/josh/Documents/Workspace/jo-cube/jx/crates/jx-cli)
    Finished `dev` profile [unoptimized + debuginfo] target(s) in 11.29s
just test
cargo test --workspace --all-features --locked
   Compiling jx v0.1.0 (/Users/josh/Documents/Workspace/jo-cube/jx/crates/jx)
   Compiling jx-cli v0.1.0 (/Users/josh/Documents/Workspace/jo-cube/jx/crates/jx-cli)
    Finished `test` profile [unoptimized + debuginfo] target(s) in 9.67s
     Running unittests src/lib.rs (target/debug/deps/jx-5c96f2e0bb1691e3)

running 19 tests
test json::string::tests::size_hints_bound_remaining_units ... ok
test json::string::tests::equal_strings_have_equal_fingerprints ... ok
test constant::tests::fingerprint_collisions_require_exact_key_equality ... ok
test function::acquire::tests::effects_in_arguments_and_dynamic_targets_stay_on_the_tree ... ok
test plan::tests::dynamic_effects_and_retained_results_do_not_lower_as_callbacks ... ok
test plan::tests::nested_demands_preserve_replacement_and_array_fallback ... ok
test runtime::tests::an_older_frame_write_keeps_its_new_capture_alive ... ok
test plan::tests::whole_regions_lower ... ok
test runtime::tests::temporary_captures_release_their_frames_before_record_completion ... ok
test runtime::tests::closure_focus_is_an_escape_root_even_with_an_older_frame ... ok
test value::tests::concatenation_preserves_encoding_and_shared_identity ... ok
test plan::tests::shared_computations_keep_wide_constructors_in_one_region ... ok
test plan::tests::pure_callback_folds_match_staged_tree_errors ... ok
test function::acquire::tests::captured_calls_match_original_calls_and_exact_errors ... ok
test plan::tests::plan_and_tree_agree_on_values_and_exact_errors ... ok
test plan::tests::parameter_regions_lower_and_match_original_calls ... ok
test plan::tests::native_regions_match_interpreter_and_error_fallback ... ok
test plan::tests::fixed_objects_lookup_and_capture_match_the_tree ... ok
test plan::tests::branches_and_folds_match_the_tree ... ok

test result: ok. 19 passed; 0 failed; 0 ignored; 0 measured; 0 filtered out; finished in 2.15s

     Running tests/acquisition.rs (target/debug/deps/acquisition-fddd630ef24f00c6)

running 2 tests
test captured_arguments_borrow_input_and_validation_precedes_effects ... ok
test acquisition_lookup_and_string_results ... ok

test result: ok. 2 passed; 0 failed; 0 ignored; 0 measured; 0 filtered out; finished in 0.01s

     Running tests/aggregates.rs (target/debug/deps/aggregates-e8734b6346d56d17)

running 5 tests
test aggregate_calls_keep_syntax_and_depth_limits_explicit ... ok
test aggregate_arguments_finish_before_type_or_arity_checks ... ok
test validation_cancellation_and_mapped_aggregate_errors ... ok
test aggregates_preserve_ieee_values_and_signed_zero ... ok
test aggregate_semantics ... ok

test result: ok. 5 passed; 0 failed; 0 ignored; 0 measured; 0 filtered out; finished in 0.00s

     Running tests/builtins.rs (target/debug/deps/builtins-66305aca1dd372f4)

running 5 tests
test missing_matchers_and_host_exceptions_are_explicit ... ok
test validation_and_argument_errors_precede_callback_execution ... ok
test computed_strings_preserve_json_encoding_and_surrogate_units ... ok
test builtin_retention_keeps_input_borrowing_and_evaluates_arguments_once ... ok
test builtin_semantics ... ok

test result: ok. 5 passed; 0 failed; 0 ignored; 0 measured; 0 filtered out; finished in 0.01s

     Running tests/compatibility.rs (target/debug/deps/compatibility-95eec569e51e7c43)

running 3 tests
test native_array_coercion_stringifies_negative_zero ... ok
test date_literals_reject_known_legacy_case_fold_mismatches ... ok
test residual_compatibility ... ok

test result: ok. 3 passed; 0 failed; 0 ignored; 0 measured; 0 filtered out; finished in 0.01s

     Running tests/compiler.rs (target/debug/deps/compiler-6689f7cc0f07a3db)

running 4 tests
test constant_errors_remain_runtime_errors_after_validation ... ok
test static_lookup_still_validates_and_normalizes_its_key ... ok
test lookup_shapes_keys_and_calls ... ok
test constant_construction_keeps_identity_and_shape ... ok

test result: ok. 4 passed; 0 failed; 0 ignored; 0 measured; 0 filtered out; finished in 0.00s

     Running tests/composition.rs (target/debug/deps/composition-d091b762db445c15)

running 7 tests
test concatenation_preserves_escape_and_surrogate_boundaries ... ok
test jsonata_stringification_is_distinct_from_output_serialization ... ok
test string_identity_and_partial_arguments_keep_borrowing ... ok
test validation_and_error_order_are_preserved ... ok
test composed_calls_keep_resource_limits_and_record_isolation ... ok
test direct_path_conversion_matches_dynamic_calls ... ok
test conversion_and_composition_semantics ... ok

test result: ok. 7 passed; 0 failed; 0 ignored; 0 measured; 0 filtered out; finished in 0.01s

     Running tests/conformance.rs (target/debug/deps/conformance-0fc7605ce1f87cd0)

running 1 test
test pinned_upstream_groups_have_explicit_expected_outcomes ... ok

test result: ok. 1 passed; 0 failed; 0 ignored; 0 measured; 0 filtered out; finished in 2.29s

     Running tests/consolidation.rs (target/debug/deps/consolidation-3c313049375ebe4e)

running 5 tests
test traversal_cancellation_still_follows_complete_validation ... ok
test immediate_calls_preserve_rebinding_and_escaping_captures ... ok
test nested_lookup_preserves_array_boundaries_and_decoded_duplicate_keys ... ok
test ordering_and_grouping_preserve_upstream_outcomes ... ok
test wide_groups_compare_encoded_keys_without_losing_member_order ... ok

test result: ok. 5 passed; 0 failed; 0 ignored; 0 measured; 0 filtered out; finished in 0.01s

     Running tests/constructors.rs (target/debug/deps/constructors-d3cfc7bb58f9822a)

running 9 tests
test implicit_string_iteration_after_constructor_collapse_is_explicitly_deferred ... ok
test null_collapse_reports_a_type_error_instead_of_a_host_exception ... ok
test object_construction_does_not_mutate_empty_input_arrays ... ok
test construction_preserves_internal_numbers_and_undefined ... ok
test containers_own_structure_and_retain_borrowed_members ... ok
test serialization_keeps_unicode_units_and_arbitrary_json_keys ... ok
test construction_validates_before_output_and_cancels_between_containers ... ok
test constructor_syntax_and_depth_are_bounded ... ok
test constructor_semantics ... ok

test result: ok. 9 passed; 0 failed; 0 ignored; 0 measured; 0 filtered out; finished in 0.01s

     Running tests/effects.rs (target/debug/deps/effects-28541024366eac56)

running 8 tests
test dynamic_randomness_shares_the_injected_source ... ok
test skipped_effects_and_trivial_shuffles_do_not_draw ... ok
test dynamic_results_borrow_input_and_validation_precedes_effects ... ok
test compatibility_boundaries_are_explicit ... ok
test dynamic_errors_preserve_effects_and_shuffle_uses_one_shared_stream ... ok
test eval_errors_keep_the_nested_diagnostic ... ok
test injected_randomness_is_shared_and_not_replayed ... ok
test dynamic_evaluation_semantics ... ok

test result: ok. 8 passed; 0 failed; 0 ignored; 0 measured; 0 filtered out; finished in 0.20s

     Running tests/embedding.rs (target/debug/deps/embedding-2b0f270ac36a37e4)

running 7 tests
test diagnostics_identify_source_and_nested_cause ... ok
test host_callback_results_keep_escaping_lexical_and_dynamic_closures ... ok
test focus_missing_borrowing_and_repeated_bindings ... ok
test host_signatures_and_reentrant_jsonata_callbacks_share_the_runtime ... ok
test external_bindings_shadow_builtins_without_folding_effects ... ok
test host_calls_compose_with_callbacks_partials_and_dynamic_code ... ok
test pinned_upstream_external_binding_cases ... ok

test result: ok. 7 passed; 0 failed; 0 ignored; 0 measured; 0 filtered out; finished in 0.00s

     Running tests/execution.rs (target/debug/deps/execution-f9df5c73de892a85)

running 7 tests
test numeric_regions_keep_validation_and_error_precedence ... ok
test planned_regions_do_not_round_borrowed_output ... ok
test numeric_regions_accept_constructed_and_retained_contexts ... ok
test numeric_regions_compose_with_contexts_and_retention ... ok
test numeric_regions_preserve_missing_shape_and_record_isolation ... ok
test branches_fixed_objects_and_streamed_folds_compose ... ok
test numeric_regions_preserve_ordering_and_stream_cancellation ... ok

test result: ok. 7 passed; 0 failed; 0 ignored; 0 measured; 0 filtered out; finished in 0.01s

     Running tests/filters.rs (target/debug/deps/filters-7e7c9fecc2848747)

running 5 tests
test filtered_values_borrow_input_and_cancellation_stops_predicates ... ok
test undefined_sequence_items_remain_distinct_from_null ... ok
test upstream_stage_errors_take_precedence_over_later_stage_errors ... ok
test filter_semantics ... ok
test filters_have_bounded_depth_and_keep_deferred_syntax_explicit ... ok

test result: ok. 5 passed; 0 failed; 0 ignored; 0 measured; 0 filtered out; finished in 0.01s

     Running tests/formatting.rs (target/debug/deps/formatting-be5c2b0c414926a5)

running 2 tests
test pictures_do_not_change_validation_or_argument_order ... ok
test numeric_and_date_picture_semantics ... ok

test result: ok. 2 passed; 0 failed; 0 ignored; 0 measured; 0 filtered out; finished in 0.02s

     Running tests/functions.rs (target/debug/deps/functions-436d6e2d218cf6d0)

running 5 tests
test ambiguous_signature_matching_is_bounded ... ok
test frame_recycling_preserves_escaped_callback_bindings ... ok
test function_runtime_semantics ... ok
test tail_borrowing_validation_and_reuse ... ok
test infinite_tail_calls_use_execution_budget_and_release_the_record ... ok

test result: ok. 5 passed; 0 failed; 0 ignored; 0 measured; 0 filtered out; finished in 0.63s

     Running tests/helpers.rs (target/debug/deps/helpers-1f5b97d8843311ce)

running 4 tests
test user_messages_and_comment_errors_are_explicit ... ok
test helpers_preserve_borrowing_and_validation ... ok
test predicates_after_grouping_require_a_path_or_boundary ... ok
test everyday_helper_semantics ... ok

test result: ok. 4 passed; 0 failed; 0 ignored; 0 measured; 0 filtered out; finished in 0.01s

     Running tests/json_validation.rs (target/debug/deps/json_validation-766a849e309a34a0)

running 6 tests
test valid_json_syntax_and_utf8 ... ok
test invalid_json_syntax ... ok
test rejects_invalid_utf8_anywhere_even_in_unselected_fields ... ok
test deterministic_mutations_agree_with_serde_on_common_json_domain ... ok
test depth_limit_and_large_shallow_records ... ok
test planned_capture_preserves_complete_validation_and_exact_diagnostics ... ok

test result: ok. 6 passed; 0 failed; 0 ignored; 0 measured; 0 filtered out; finished in 0.05s

     Running tests/lexical.rs (target/debug/deps/lexical-a04beed457ddb015)

running 8 tests
test retained_output_obeys_consumer_cancellation ... ok
test retained_bindings_preserve_input_borrowing ... ok
test recursion_accounts_for_large_function_bodies ... ok
test deferred_features_and_constructor_binding_races_are_explicit ... ok
test function_results_are_opaque_and_not_json ... ok
test recursion_is_bounded_and_an_error_does_not_poison_reuse ... ok
test evaluations_isolate_scope_and_validate_before_execution ... ok
test lexical_semantics ... ok

test result: ok. 8 passed; 0 failed; 0 ignored; 0 measured; 0 filtered out; finished in 0.01s

     Running tests/matchers.rs (target/debug/deps/matchers-57a7c32c31cf3792)

running 6 tests
test complete_validation_precedes_matcher_execution ... ok
test legacy_case_folding_and_native_coercion_are_explicitly_deferred ... ok
test legacy_greek_simple_uppercase_aliases_remain_explicitly_unsupported ... ok
test independent_evaluations_and_cloned_expressions_have_fresh_cursors ... ok
test borrowing_and_continuation_retention ... ok
test matcher_semantics ... ok

test result: ok. 6 passed; 0 failed; 0 ignored; 0 measured; 0 filtered out; finished in 0.01s

     Running tests/navigation.rs (target/debug/deps/navigation-da534b6191b152fd)

running 4 tests
test range_limits_and_deferred_tuple_navigation_are_explicit ... ok
test validation_borrowing_and_cancellation ... ok
test nested_fallbacks_compile_without_expanding_the_left_tree ... ok
test navigation_semantics ... ok

test result: ok. 4 passed; 0 failed; 0 ignored; 0 measured; 0 filtered out; finished in 0.01s

     Running tests/regions.rs (target/debug/deps/regions-7e8c7f0e540367a4)

running 3 tests
test validation_precedes_planned_calls_and_fold_output ... ok
test effectful_callbacks_keep_random_draw_order ... ok
test pure_region_results_and_fallbacks_match_readable_cases ... ok

test result: ok. 3 passed; 0 failed; 0 ignored; 0 measured; 0 filtered out; finished in 0.01s

     Running tests/resource_controls.rs (target/debug/deps/resource_controls-f2c3022d6e1f4011)

running 5 tests
test limits_do_not_require_json_encodable_results ... ok
test controls_and_external_bindings_compose_without_native_support ... ok
test tightening_stack_and_tail_limits_is_explicit_and_native_plans_keep_safe_fallback ... ok
test limits_stop_retention_and_consumption_and_validation_still_precedes_effects ... ok
test controls_check_retained_builtin_arguments_and_parenthesized_focus_paths ... ok

test result: ok. 5 passed; 0 failed; 0 ignored; 0 measured; 0 filtered out; finished in 0.00s

     Running tests/robustness.rs (target/debug/deps/robustness-4352f8c677ecb676)

running 5 tests
test escaping_dynamic_literals_retain_their_program_after_the_call_returns ... ok
test host_failure_deadline_and_cancellation_do_not_leak_into_later_evaluations ... ok
test fallback_and_shared_expression_ownership_survive_adversarial_shapes ... ok
test seeded_parser_scanner_and_serialization_mutations ... ok
test adversarial_dynamic_pictures_fail_without_panicking_or_losing_validation ... ok

test result: ok. 5 passed; 0 failed; 0 ignored; 0 measured; 0 filtered out; finished in 0.07s

     Running tests/runtime.rs (target/debug/deps/runtime-23b8d62cb90e0b41)

running 4 tests
test temporary_callback_captures_do_not_replay_effects ... ok
test transient_and_escaped_callbacks_preserve_borrowed_input ... ok
test dynamic_plan_guards_preserve_errors_and_record_reuse ... ok
test runtime_boundary_semantics ... ok

test result: ok. 4 passed; 0 failed; 0 ignored; 0 measured; 0 filtered out; finished in 0.00s

     Running tests/scalars.rs (target/debug/deps/scalars-75004ee9111bc0f8)

running 7 tests
test operator_errors_have_expression_offsets_after_complete_validation ... ok
test computed_scalars_and_literal_strings_need_no_owned_output ... ok
test expression_whitespace_matches_the_language_tokenizer ... ok
test duplicate_keys_unicode_and_binary64_boundaries ... ok
test compile_errors_and_expression_depth_are_bounded ... ok
test scalar_operators_and_sequence_operands ... ok
test structural_equality_and_boolean_casting_respect_input_depth_limits ... ok

test result: ok. 7 passed; 0 failed; 0 ignored; 0 measured; 0 filtered out; finished in 0.01s

     Running tests/semantics.rs (target/debug/deps/semantics-e81111d0cf4583a3)

running 8 tests
test serialization_propagates_consumer_failure ... ok
test unsupported_semantics_fail_explicitly ... ok
test compact_serialization_preserves_string_and_number_bytes ... ok
test validate_before_returning_a_selected_value_or_semantic_error ... ok
test results_borrow_input_not_the_expression ... ok
test field_names_compare_decoded_escapes ... ok
test object_paths_missing_and_raw_values ... ok
test compile_once_reuse_across_records_and_threads ... ok

test result: ok. 8 passed; 0 failed; 0 ignored; 0 measured; 0 filtered out; finished in 0.00s

     Running tests/sequences.rs (target/debug/deps/sequences-45a914b4804066a3)

running 6 tests
test fully_validate_before_emitting_any_sequence_item ... ok
test streamed_values_borrow_their_original_ranges ... ok
test cancellation_preserves_the_consumer_error_and_stops_emission ... ok
test duplicate_keys_and_escaped_names_inside_arrays ... ok
test array_navigation_and_sequence_boundaries ... ok
test traversal_is_bounded_by_validated_input_depth_not_array_width ... ok

test result: ok. 6 passed; 0 failed; 0 ignored; 0 measured; 0 filtered out; finished in 0.02s

     Running tests/structure.rs (target/debug/deps/structure-c96a5c1de275f2ae)

running 8 tests
test undeducible_parents_fail_without_recursive_analysis ... ok
test unsupported_non_json_transform_edges_are_explicit ... ok
test validation_cancellation_and_record_isolation ... ok
test transform_alias_boundaries_are_explicit ... ok
test clone_conversion_preserves_utf16_and_checks_all_numeric_leaves ... ok
test clones_and_updates_keep_unrelated_leaves_borrowed ... ok
test resolved_parent_paths_count_toward_the_function_stack_budget ... ok
test parent_and_transform_semantics ... ok

test result: ok. 8 passed; 0 failed; 0 ignored; 0 measured; 0 filtered out; finished in 0.02s

     Running tests/tuples.rs (target/debug/deps/tuples-fea223487823e4bd)

running 5 tests
test invalid_bindings_and_parent_navigation_remain_explicit ... ok
test scoped_paths_validate_before_output_and_borrow_selected_values ... ok
test an_empty_scoped_group_constructs_an_empty_object ... ok
test cancellation_stops_scoped_stages_before_later_errors ... ok
test scoped_path_semantics ... ok

test result: ok. 5 passed; 0 failed; 0 ignored; 0 measured; 0 filtered out; finished in 0.01s

     Running tests/value_access.rs (target/debug/deps/value_access-5ec0a88ec2d527d2)

running 2 tests
test owned_results_keep_sequence_shape_and_duplicate_keys_and_reject_cross_arena_closures ... ok
test decoded_access_works_across_storage_and_owned_snapshots ... ok

test result: ok. 2 passed; 0 failed; 0 ignored; 0 measured; 0 filtered out; finished in 0.00s

     Running unittests src/main.rs (target/debug/deps/jx-d804563ca08791e9)

running 3 tests
test stream::tests::oversized_unterminated_record_stays_bounded ... ok
test stream::tests::output_failure_stops_before_consuming_the_next_record ... ok
test stream::tests::framing_is_independent_of_buffer_boundaries ... ok

test result: ok. 3 passed; 0 failed; 0 ignored; 0 measured; 0 filtered out; finished in 0.00s

     Running tests/cli.rs (target/debug/deps/cli-315b7d1277d580b2)

running 25 tests
test errors_have_distinct_exit_codes_and_record_context ... ok
test formatting_is_compiled_once_and_streams_records ... ok
test everyday_helpers_and_user_errors_stream_records ... ok
test aggregates_distinguish_missing_empty_and_failed_records ... ok
test filters_frame_values_and_report_streamed_errors ... ok
test builtins_frame_sequences_and_escape_computed_strings ... ok
test invalid_record_never_emits_a_partial_sequence ... ok
test conversion_and_chaining_preserve_ndjson_boundaries ... ok
test lexical_runtime_is_fresh_for_each_record ... ok
test ndjson_missing_null_arrays_and_final_unterminated_record ... ok
test kept_sequences_and_reductions_preserve_record_framing ... ok
test matcher_results_keep_ndjson_framing_and_record_isolation ... ok
test dynamic_eval_streams_records_and_wraps_errors ... ok
test constructors_frame_complete_outputs_and_mapped_failures ... ok
test help_empty_input_options_and_invalid_utf8 ... ok
test serialization_failure_never_publishes_an_incomplete_result ... ok
test exact_record_limit_including_cr_but_excluding_lf ... ok
test scoped_paths_reset_bindings_and_preserve_sequence_framing ... ok
test sequences_are_separate_lines_and_raw_arrays_stay_values ... ok
test parent_navigation_and_transforms_preserve_record_boundaries ... ok
test streams_multiple_files_and_stdin_in_order ... ok
test output_limits_and_expression_files ... ok
test scalar_results_and_runtime_errors_are_framed_per_record ... ok
test signed_tail_functions_stream_and_report_record_errors ... ok
test native_plans_preserve_record_framing_and_failure_output ... ok

test result: ok. 25 passed; 0 failed; 0 ignored; 0 measured; 0 filtered out; finished in 0.81s

     Running unittests src/lib.rs (target/debug/deps/jx_native-5c789b6c39b7f09b)

running 3 tests
test tests::invalid_programs_fail_without_invocation ... ok
test tests::guards_and_shared_code_lifetime ... ok
test tests::invalid_operands_and_forward_branches_keep_the_executable_boundary_bounded ... ok

test result: ok. 3 passed; 0 failed; 0 ignored; 0 measured; 0 filtered out; finished in 0.02s

   Doc-tests jx

running 2 tests
test crates/jx/src/embedding.rs - embedding::CompileOptions (line 7) ... ok
test crates/jx/src/lib.rs - (line 4) ... ok

test result: ok. 2 passed; 0 failed; 0 ignored; 0 measured; 0 filtered out; finished in 0.00s

all doctests ran in 5.21s; merged doctests compilation took 4.69s
   Doc-tests jx_native

running 0 tests

test result: ok. 0 passed; 0 failed; 0 ignored; 0 measured; 0 filtered out; finished in 0.00s

cargo bench -p jx --bench throughput --all-features --locked -- --smoke
   Compiling jx v0.1.0 (/Users/josh/Documents/Workspace/jo-cube/jx/crates/jx)
    Finished `bench` profile [optimized] target(s) in 26.17s
     Running benches/throughput.rs (target/release/deps/throughput-c4f4d8c7339efca9)
workload,input_bytes,sample,records,seconds,records_per_second,input_bytes_per_second,allocations_per_record,allocated_bytes_per_record
compile,0,0,32,0.000054583,586263,0,8.000000,578.000000
ascii/validate,100,0,32,0.000014000,2285714,228571429,0.000000,0.000000
ascii/identity,100,0,32,0.000015125,2115702,211570248,0.000000,0.000000
ascii/shallow,100,0,32,0.000017375,1841727,184172662,0.000000,0.000000
ascii/nested,100,0,32,0.000017791,1798662,179866224,0.000000,0.000000
ascii/missing,100,0,32,0.000016958,1887015,188701498,0.000000,0.000000
ascii/array_value,100,0,32,0.000017333,1846189,184618935,0.000000,0.000000
ascii/identity_write,100,0,32,0.000024500,1306122,130612245,0.000000,0.000000
ascii/validate,500,0,32,0.000043000,744186,372093023,0.000000,0.000000
ascii/identity,500,0,32,0.000043750,731429,365714286,0.000000,0.000000
ascii/shallow,500,0,32,0.000045792,698812,349406010,0.000000,0.000000
ascii/nested,500,0,32,0.000046125,693767,346883469,0.000000,0.000000
ascii/missing,500,0,32,0.000044667,716413,358206282,0.000000,0.000000
ascii/array_value,500,0,32,0.000044750,715084,357541899,0.000000,0.000000
ascii/identity_write,500,0,32,0.000093458,342400,171199897,0.000000,0.000000
ascii/validate,1024,0,32,0.000078458,407862,417650208,0.000000,0.000000
ascii/identity,1024,0,32,0.000079584,402091,411741053,0.000000,0.000000
ascii/shallow,1024,0,32,0.000082583,387489,396788685,0.000000,0.000000
ascii/nested,1024,0,32,0.000081916,390644,400019532,0.000000,0.000000
ascii/missing,1024,0,32,0.000071541,447296,458031059,0.000000,0.000000
ascii/array_value,1024,0,32,0.000059583,537066,549955524,0.000000,0.000000
ascii/identity_write,1024,0,32,0.000139167,229940,235458119,0.000000,0.000000
ascii/validate,10240,0,32,0.000532708,60070,615121230,0.000000,0.000000
ascii/identity,10240,0,32,0.000527458,60668,621243777,0.000000,0.000000
ascii/shallow,10240,0,32,0.000417917,76570,784079135,0.000000,0.000000
ascii/nested,10240,0,32,0.000428208,74730,765235586,0.000000,0.000000
ascii/missing,10240,0,32,0.000429833,74448,762342584,0.000000,0.000000
ascii/array_value,10240,0,32,0.000357458,89521,916695108,0.000000,0.000000
ascii/identity_write,10240,0,32,0.000871417,36722,376031223,0.000000,0.000000
ascii/validate,65536,0,32,0.002843167,11255,737611262,0.000000,0.000000
ascii/identity,65536,0,32,0.002416291,13243,867921951,0.000000,0.000000
ascii/shallow,65536,0,32,0.002084500,15351,1006069561,0.000000,0.000000
ascii/nested,65536,0,32,0.001853625,17263,1131378785,0.000000,0.000000
ascii/missing,65536,0,32,0.001850583,17292,1133238552,0.000000,0.000000
ascii/array_value,65536,0,32,0.001630458,19626,1286234911,0.000000,0.000000
ascii/identity_write,65536,0,32,0.003368584,9500,622561884,0.000000,0.000000
ascii/validate,1048576,0,32,0.017183500,1862,1952712311,0.000000,0.000000
ascii/identity,1048576,0,32,0.017212708,1859,1949398781,0.000000,0.000000
ascii/shallow,1048576,0,32,0.017202125,1860,1950598080,0.000000,0.000000
ascii/nested,1048576,0,32,0.017357375,1844,1933151297,0.000000,0.000000
ascii/missing,1048576,0,32,0.017236000,1857,1946764447,0.000000,0.000000
ascii/array_value,1048576,0,32,0.017323417,1847,1936940732,0.000000,0.000000
ascii/identity_write,1048576,0,32,0.041246958,776,813500768,0.000000,0.000000
structured/validate,485,0,32,0.000016000,2000000,970000000,0.000000,0.000000
structured/identity,485,0,32,0.000016167,1979341,959980207,0.000000,0.000000
structured/shallow,485,0,32,0.000015958,2005264,972552951,0.000000,0.000000
structured/nested,485,0,32,0.000016125,1984496,962480620,0.000000,0.000000
structured/missing,485,0,32,0.000015834,2020968,980169256,0.000000,0.000000
structured/array_value,485,0,32,0.000015958,2005264,972552951,0.000000,0.000000
structured/identity_write,485,0,32,0.000025583,1250831,606652855,0.000000,0.000000
unicode_escaped_keys/validate,960,0,32,0.000027834,1149673,1103686139,0.000000,0.000000
unicode_escaped_keys/identity,960,0,32,0.000028000,1142857,1097142857,0.000000,0.000000
unicode_escaped_keys/shallow,960,0,32,0.000028541,1121194,1076346309,0.000000,0.000000
unicode_escaped_keys/nested,960,0,32,0.000028833,1109839,1065445843,0.000000,0.000000
unicode_escaped_keys/missing,960,0,32,0.000028292,1131062,1085819313,0.000000,0.000000
unicode_escaped_keys/array_value,960,0,32,0.000028458,1124464,1079485558,0.000000,0.000000
unicode_escaped_keys/identity_write,960,0,32,0.000049541,645930,620092449,0.000000,0.000000
array/shallow,78,0,32,0.000007500,4266667,332800000,0.000000,0.000000
array/nested,78,0,32,0.000008209,3898161,304056523,0.000000,0.000000
array/flatten,78,0,32,0.000007500,4266667,332800000,0.000000,0.000000
array/missing,78,0,32,0.000007209,4438896,346233874,0.000000,0.000000
array/root,67,0,32,0.000006875,4654545,311854545,0.000000,0.000000
array/cancel_first,78,0,32,0.000007375,4338983,338440678,0.000000,0.000000
array/shallow,540,0,32,0.000052083,614404,331778123,0.000000,0.000000
array/nested,540,0,32,0.000059708,535942,289408454,0.000000,0.000000
array/flatten,540,0,32,0.000060250,531120,286804979,0.000000,0.000000
array/missing,540,0,32,0.000050125,638404,344738155,0.000000,0.000000
array/root,529,0,32,0.000050833,629512,333012020,0.000000,0.000000
array/cancel_first,540,0,32,0.000025458,1256972,678765025,0.000000,0.000000
array/shallow,1074,0,32,0.000105750,302600,324992908,0.000000,0.000000
array/nested,1074,0,32,0.000120583,265377,285015301,0.000000,0.000000
array/flatten,1074,0,32,0.000117166,273117,293327416,0.000000,0.000000
array/missing,1074,0,32,0.000102500,312195,335297561,0.000000,0.000000
array/root,1063,0,32,0.000103917,307938,327338164,0.000000,0.000000
array/cancel_first,1074,0,32,0.000041917,763413,819906005,0.000000,0.000000
array/shallow,8606,0,32,0.000799375,40031,344509148,0.000000,0.000000
array/nested,8606,0,32,0.000915625,34949,300769420,0.000000,0.000000
array/flatten,8606,0,32,0.000895958,35716,307371551,0.000000,0.000000
array/missing,8606,0,32,0.000780833,40982,352690012,0.000000,0.000000
array/root,8595,0,32,0.000795458,40228,345763070,0.000000,0.000000
array/cancel_first,8606,0,32,0.000253875,126046,1084754308,0.000000,0.000000
array/shallow,69558,0,32,0.006402542,4998,347651917,0.000000,0.000000
array/nested,69558,0,32,0.007575083,4224,293839157,0.000000,0.000000
array/flatten,69558,0,32,0.007332916,4364,303543093,0.000000,0.000000
array/missing,69558,0,32,0.006321833,5062,352090288,0.000000,0.000000
array/root,69547,0,32,0.006628916,4827,335726686,0.000000,0.000000
array/cancel_first,69558,0,32,0.001990666,16075,1118146389,0.000000,0.000000
array/shallow,1135782,0,32,0.103907417,308,349782769,0.000000,0.000000
array/nested,1135782,0,32,0.118373959,270,307035638,0.000000,0.000000
array/flatten,1135782,0,32,0.113664917,282,319755866,0.000000,0.000000
array/missing,1135782,0,32,0.099989333,320,363489013,0.000000,0.000000
array/root,1135771,0,32,0.102629833,312,354133598,0.000000,0.000000
array/cancel_first,1135782,0,32,0.032356375,989,1123272431,0.000000,0.000000
array/nested_contexts,972,0,32,0.000186458,171620,166815047,0.000000,0.000000
array/sparse,785,0,32,0.000109584,292013,229230545,0.000000,0.000000
array/deep,136,0,32,0.000021375,1497076,203602339,0.000000,0.000000
array/empty,2,0,32,0.000000625,51200000,102400000,0.000000,0.000000
array/singleton,12,0,32,0.000002541,12593467,151121606,0.000000,0.000000
array/nested_values,31,0,32,0.000006666,4800480,148814881,0.000000,0.000000
compile/scalar,0,0,32,0.000069042,463486,0,72.000000,3934.000000
scalar/literal,100,0,32,0.000002958,10818120,1081812035,0.000000,0.000000
scalar/arithmetic,100,0,32,0.000010417,3071902,307190170,0.000000,0.000000
scalar/nested,100,0,32,0.000010541,3035765,303576511,0.000000,0.000000
scalar/comparison,100,0,32,0.000009959,3213174,321317401,0.000000,0.000000
scalar/strings,100,0,32,0.000006791,4712119,471211898,0.000000,0.000000
scalar/boolean,100,0,32,0.000010459,3059566,305956592,0.000000,0.000000
scalar/missing,100,0,32,0.000009959,3213174,321317401,0.000000,0.000000
scalar/short_circuit,100,0,32,0.000003292,9720535,972053463,0.000000,0.000000
scalar/mixed,100,0,32,0.000007542,4242906,424290639,0.000000,0.000000
scalar/write,100,0,32,0.000011208,2855103,285510350,0.000000,0.000000
scalar/literal,500,0,32,0.000009709,3295911,1647955505,0.000000,0.000000
scalar/arithmetic,500,0,32,0.000030292,1056385,528192262,0.000000,0.000000
scalar/nested,500,0,32,0.000030916,1035063,517531375,0.000000,0.000000
scalar/comparison,500,0,32,0.000030042,1065175,532587711,0.000000,0.000000
scalar/strings,500,0,32,0.000020333,1573796,786898146,0.000000,0.000000
scalar/boolean,500,0,32,0.000030416,1052078,526038927,0.000000,0.000000
scalar/missing,500,0,32,0.000030167,1060762,530380880,0.000000,0.000000
scalar/short_circuit,500,0,32,0.000009916,3227108,1613553852,0.000000,0.000000
scalar/mixed,500,0,32,0.000014292,2239015,1119507417,0.000000,0.000000
scalar/write,500,0,32,0.000031208,1025378,512689054,0.000000,0.000000
scalar/literal,1024,0,32,0.000018292,1749399,1791384212,0.000000,0.000000
scalar/arithmetic,1024,0,32,0.000055584,575705,589522165,0.000000,0.000000
scalar/nested,1024,0,32,0.000056000,571429,585142857,0.000000,0.000000
scalar/comparison,1024,0,32,0.000055166,580067,593989051,0.000000,0.000000
scalar/strings,1024,0,32,0.000037417,855226,875751664,0.000000,0.000000
scalar/boolean,1024,0,32,0.000061709,518563,531008443,0.000000,0.000000
scalar/missing,1024,0,32,0.000055042,581374,595327205,0.000000,0.000000
scalar/short_circuit,1024,0,32,0.000022791,1404063,1437760520,0.000000,0.000000
scalar/mixed,1024,0,32,0.000023042,1388768,1422098776,0.000000,0.000000
scalar/write,1024,0,32,0.000056584,565531,579103634,0.000000,0.000000
scalar/literal,10240,0,32,0.000169625,188651,1931790715,0.000000,0.000000
scalar/arithmetic,10240,0,32,0.000501625,63793,653236980,0.000000,0.000000
scalar/nested,10240,0,32,0.000501834,63766,652964925,0.000000,0.000000
scalar/comparison,10240,0,32,0.000506750,63148,646630488,0.000000,0.000000
scalar/strings,10240,0,32,0.000334458,95677,979734376,0.000000,0.000000
scalar/boolean,10240,0,32,0.000502000,63745,652749004,0.000000,0.000000
scalar/missing,10240,0,32,0.000499000,64128,656673347,0.000000,0.000000
scalar/short_circuit,10240,0,32,0.000169958,188282,1928005743,0.000000,0.000000
scalar/mixed,10240,0,32,0.000177208,180579,1849126450,0.000000,0.000000
scalar/write,10240,0,32,0.000515291,62101,635912523,0.000000,0.000000
scalar/literal,65536,0,32,0.001050208,30470,1996892044,0.000000,0.000000
scalar/arithmetic,65536,0,32,0.003161500,10122,663340819,0.000000,0.000000
scalar/nested,65536,0,32,0.003156833,10137,664321489,0.000000,0.000000
scalar/comparison,65536,0,32,0.003156542,10138,664382733,0.000000,0.000000
scalar/strings,65536,0,32,0.002120375,15092,989047692,0.000000,0.000000
scalar/boolean,65536,0,32,0.003157375,10135,664207451,0.000000,0.000000
scalar/missing,65536,0,32,0.003153750,10147,664970908,0.000000,0.000000
scalar/short_circuit,65536,0,32,0.001087333,29430,1928711811,0.000000,0.000000
scalar/mixed,65536,0,32,0.001079583,29641,1942557450,0.000000,0.000000
scalar/write,65536,0,32,0.003156750,10137,664338956,0.000000,0.000000
scalar/literal,1048576,0,32,0.017369292,1842,1931824970,0.000000,0.000000
scalar/arithmetic,1048576,0,32,0.050476292,634,664756278,0.000000,0.000000
scalar/nested,1048576,0,32,0.050582916,633,663355035,0.000000,0.000000
scalar/comparison,1048576,0,32,0.050477333,634,664742569,0.000000,0.000000
scalar/strings,1048576,0,32,0.033830000,946,991854330,0.000000,0.000000
scalar/boolean,1048576,0,32,0.050602958,632,663092304,0.000000,0.000000
scalar/missing,1048576,0,32,0.050490625,634,664567571,0.000000,0.000000
scalar/short_circuit,1048576,0,32,0.017190333,1862,1951936126,0.000000,0.000000
scalar/mixed,1048576,0,32,0.017261542,1854,1943883808,0.000000,0.000000
scalar/write,1048576,0,32,0.050387875,635,665922744,0.000000,0.000000
scalar/sequence_boolean,330,0,32,0.000058791,544301,179619329,0.000000,0.000000
scalar/sequence_array_equality,330,0,32,0.000081542,392436,129503814,0.000000,0.000000
scalar/sequence_equality,330,0,32,0.000108542,294817,97289528,3.000000,672.000000
scalar/array_equality,330,0,32,0.000121708,262924,86765044,16.000000,3264.000000
scalar/singleton,15,0,32,0.000004916,6509357,97640358,0.000000,0.000000
scalar/sequence_type_error,330,0,32,0.000035750,895105,295384615,0.000000,0.000000
scalar/object_equality,125,0,32,0.000045750,699454,87431694,3.000000,1396.000000
scalar/object_equality,2389,0,32,0.000744666,42972,102660790,7.000000,24948.000000
scalar/escaped_strings,26,0,32,0.000002875,11130435,289391304,0.000000,0.000000
compile/filter,0,0,32,0.000052208,612933,0,34.000000,1997.000000
filter/predicate,100,0,32,0.000015000,2133333,213333333,0.000000,0.000000
filter/none,100,0,32,0.000013459,2377591,237759120,0.000000,0.000000
filter/first,100,0,32,0.000010459,3059566,305956592,0.000000,0.000000
filter/last,100,0,32,0.000012375,2585859,258585859,0.000000,0.000000
filter/computed_last,100,0,32,0.000014125,2265487,226548673,0.000000,0.000000
filter/chained,100,0,32,0.000020417,1567321,156732135,0.000000,0.000000
filter/predicate,500,0,32,0.000028625,1117904,558951965,0.000000,0.000000
filter/none,500,0,32,0.000026833,1192561,596280699,0.000000,0.000000
filter/first,500,0,32,0.000032750,977099,488549618,0.000000,0.000000
filter/last,500,0,32,0.000025916,1234758,617379225,0.000000,0.000000
filter/computed_last,500,0,32,0.000030000,1066667,533333333,0.000000,0.000000
filter/chained,500,0,32,0.000034500,927536,463768116,0.000000,0.000000
filter/predicate,1024,0,32,0.000045625,701370,718202740,0.000000,0.000000
filter/none,1024,0,32,0.000043833,730044,747564620,0.000000,0.000000
filter/first,1024,0,32,0.000043500,735632,753287356,0.000000,0.000000
filter/last,1024,0,32,0.000042750,748538,766502924,0.000000,0.000000
filter/computed_last,1024,0,32,0.000044166,724539,741928180,0.000000,0.000000
filter/chained,1024,0,32,0.000050667,631575,646732587,0.000000,0.000000
filter/predicate,10240,0,32,0.000343417,93181,954175245,0.000000,0.000000
filter/none,10240,0,32,0.000341250,93773,960234432,0.000000,0.000000
filter/first,10240,0,32,0.000338250,94605,968750924,0.000000,0.000000
filter/last,10240,0,32,0.000349833,91472,936675499,0.000000,0.000000
filter/computed_last,10240,0,32,0.000345625,92586,948079566,0.000000,0.000000
filter/chained,10240,0,32,0.000335125,95487,977784409,0.000000,0.000000
filter/predicate,65536,0,32,0.002126333,15049,986276373,0.000000,0.000000
filter/none,65536,0,32,0.002117541,15112,990371379,0.000000,0.000000
filter/first,65536,0,32,0.002123834,15067,987436871,0.000000,0.000000
filter/last,65536,0,32,0.002123459,15070,987611251,0.000000,0.000000
filter/computed_last,65536,0,32,0.002132625,15005,983366508,0.000000,0.000000
filter/chained,65536,0,32,0.002139167,14959,980359177,0.000000,0.000000
filter/predicate,1048576,0,32,0.033920459,943,989209256,0.000000,0.000000
filter/none,1048576,0,32,0.033869750,945,990690277,0.000000,0.000000
filter/first,1048576,0,32,0.034076459,939,984680715,0.000000,0.000000
filter/last,1048576,0,32,0.033892833,944,990015559,0.000000,0.000000
filter/computed_last,1048576,0,32,0.034063666,939,985050523,0.000000,0.000000
filter/chained,1048576,0,32,0.033886209,944,990209085,0.000000,0.000000
filter/wide_predicate,164,0,32,0.000050542,633137,103834435,0.000000,0.000000
filter/wide_last,164,0,32,0.000028292,1131062,185494133,0.000000,0.000000
filter/sequence_last,164,0,32,0.000054500,587156,96293578,0.000000,0.000000
filter/wide_predicate,2736,0,32,0.000764750,41844,114484472,0.000000,0.000000
filter/wide_last,2736,0,32,0.000374500,85447,233783712,0.000000,0.000000
filter/sequence_last,2736,0,32,0.000729375,43873,120037018,0.000000,0.000000
filter/wide_predicate,23392,0,32,0.006229250,5137,120165991,0.000000,0.000000
filter/wide_last,23392,0,32,0.003092625,10347,242041631,0.000000,0.000000
filter/sequence_last,23392,0,32,0.005744041,5571,130316619,0.000000,0.000000
filter/nested,892,0,32,0.000422000,75829,67639810,0.000000,0.000000
filter/per_group,892,0,32,0.000290958,109982,98103506,0.000000,0.000000
filter/global,892,0,32,0.000194708,164349,146599010,0.000000,0.000000
filter/deep,136,0,32,0.000024458,1308365,177937689,0.000000,0.000000
filter/negative_chain,20,0,32,0.000312166,102510,2050191,0.000000,0.000000
compile/aggregate,0,0,32,0.000053125,602353,0,50.000000,3270.000000
aggregate/count,100,0,32,0.000008625,3710145,371014493,0.000000,0.000000
aggregate/sum,100,0,32,0.000009000,3555556,355555556,0.000000,0.000000
aggregate/min,100,0,32,0.000009000,3555556,355555556,0.000000,0.000000
aggregate/max,100,0,32,0.000009083,3523065,352306507,0.000000,0.000000
aggregate/filtered_count,100,0,32,0.000006208,5154639,515463918,0.000000,0.000000
aggregate/filtered_sum,100,0,32,0.000006500,4923077,492307692,0.000000,0.000000
aggregate/empty_sum,100,0,32,0.000006292,5085823,508582327,0.000000,0.000000
aggregate/count,500,0,32,0.000022291,1435557,717778476,0.000000,0.000000
aggregate/sum,500,0,32,0.000022875,1398907,699453552,0.000000,0.000000
aggregate/min,500,0,32,0.000022667,1411744,705871972,0.000000,0.000000
aggregate/max,500,0,32,0.000022583,1416995,708497542,0.000000,0.000000
aggregate/filtered_count,500,0,32,0.000013125,2438095,1219047619,0.000000,0.000000
aggregate/filtered_sum,500,0,32,0.000013041,2453800,1226899778,0.000000,0.000000
aggregate/empty_sum,500,0,32,0.000013125,2438095,1219047619,0.000000,0.000000
aggregate/count,1024,0,32,0.000039167,817014,836622667,0.000000,0.000000
aggregate/sum,1024,0,32,0.000039375,812698,832203175,0.000000,0.000000
aggregate/min,1024,0,32,0.000039416,811853,831337528,0.000000,0.000000
aggregate/max,1024,0,32,0.000039417,811832,831316437,0.000000,0.000000
aggregate/filtered_count,1024,0,32,0.000021709,1474043,1509420056,0.000000,0.000000
aggregate/filtered_sum,1024,0,32,0.000021542,1485470,1521121530,0.000000,0.000000
aggregate/empty_sum,1024,0,32,0.000021667,1476900,1512345964,0.000000,0.000000
aggregate/count,10240,0,32,0.000336834,95002,972823409,0.000000,0.000000
aggregate/sum,10240,0,32,0.000337042,94944,972223046,0.000000,0.000000
aggregate/min,10240,0,32,0.000339584,94233,964945345,0.000000,0.000000
aggregate/max,10240,0,32,0.000339125,94360,966251382,0.000000,0.000000
aggregate/filtered_count,10240,0,32,0.000172917,185060,1895013214,0.000000,0.000000
aggregate/filtered_sum,10240,0,32,0.000172750,185239,1896845152,0.000000,0.000000
aggregate/empty_sum,10240,0,32,0.000172917,185060,1895013214,0.000000,0.000000
aggregate/count,65536,0,32,0.002119458,15098,989475611,0.000000,0.000000
aggregate/sum,65536,0,32,0.002120041,15094,989203511,0.000000,0.000000
aggregate/min,65536,0,32,0.002121791,15082,988387640,0.000000,0.000000
aggregate/max,65536,0,32,0.002152291,14868,974381252,0.000000,0.000000
aggregate/filtered_count,65536,0,32,0.001080500,29616,1940908839,0.000000,0.000000
aggregate/filtered_sum,65536,0,32,0.001091000,29331,1922229148,0.000000,0.000000
aggregate/empty_sum,65536,0,32,0.001003750,31880,2089317061,0.000000,0.000000
aggregate/count,1048576,0,32,0.033864417,945,990846292,0.000000,0.000000
aggregate/sum,1048576,0,32,0.034179666,936,981707428,0.000000,0.000000
aggregate/min,1048576,0,32,0.033876333,945,990497761,0.000000,0.000000
aggregate/max,1048576,0,32,0.033961834,942,988004123,0.000000,0.000000
aggregate/filtered_count,1048576,0,32,0.017182625,1862,1952811750,0.000000,0.000000
aggregate/filtered_sum,1048576,0,32,0.017219584,1858,1948620362,0.000000,0.000000
aggregate/empty_sum,1048576,0,32,0.017185542,1862,1952480288,0.000000,0.000000
aggregate/array_count,23,0,32,0.000006125,5224490,120163265,0.000000,0.000000
aggregate/array_sum,23,0,32,0.000007250,4413793,101517241,0.000000,0.000000
aggregate/array_min,23,0,32,0.000007500,4266667,98133333,0.000000,0.000000
aggregate/array_max,23,0,32,0.000007500,4266667,98133333,0.000000,0.000000
aggregate/sequence_sum,23,0,32,0.000014000,2285714,52571429,0.000000,0.000000
aggregate/computed_sum,23,0,32,0.000010584,3023432,69538927,0.000000,0.000000
aggregate/wide_filtered_sum,23,0,32,0.000023667,1352094,31098154,0.000000,0.000000
aggregate/array_count,409,0,32,0.000070708,452565,185099282,0.000000,0.000000
aggregate/array_sum,409,0,32,0.000093917,340726,139357092,0.000000,0.000000
aggregate/array_min,409,0,32,0.000095000,336842,137768421,0.000000,0.000000
aggregate/array_max,409,0,32,0.000095166,336255,137528109,0.000000,0.000000
aggregate/sequence_sum,409,0,32,0.000177958,179818,73545443,0.000000,0.000000
aggregate/computed_sum,409,0,32,0.000161167,198552,81207691,0.000000,0.000000
aggregate/wide_filtered_sum,409,0,32,0.000350666,91255,37323265,0.000000,0.000000
aggregate/array_count,4017,0,32,0.000552708,57897,232571267,0.000000,0.000000
aggregate/array_sum,4017,0,32,0.000785958,40715,163550724,0.000000,0.000000
aggregate/array_min,4017,0,32,0.000752500,42525,170822591,0.000000,0.000000
aggregate/array_max,4017,0,32,0.000769250,41599,167103022,0.000000,0.000000
aggregate/sequence_sum,4017,0,32,0.001368000,23392,93964912,0.000000,0.000000
aggregate/computed_sum,4017,0,32,0.001277958,25040,100585465,0.000000,0.000000
aggregate/wide_filtered_sum,4017,0,32,0.002932959,10910,43827411,0.000000,0.000000
aggregate/array_count,87201,0,32,0.009455125,3384,295123756,0.000000,0.000000
aggregate/array_sum,87201,0,32,0.013220708,2420,211065247,0.000000,0.000000
aggregate/array_min,87201,0,32,0.012509375,2558,223067260,0.000000,0.000000
aggregate/array_max,87201,0,32,0.012499292,2560,223247205,0.000000,0.000000
aggregate/sequence_sum,87201,0,32,0.022329583,1433,124965701,0.000000,0.000000
aggregate/computed_sum,87201,0,32,0.020082417,1593,138949012,0.000000,0.000000
aggregate/wide_filtered_sum,87201,0,32,0.050641625,632,55101549,0.000000,0.000000
aggregate/nested_sum,1036,0,32,0.000239125,133821,138638787,0.000000,0.000000
aggregate/nested_filtered_sum,1036,0,32,0.000434708,73613,76262687,0.000000,0.000000
aggregate/nested_filtered_count,1036,0,32,0.000427459,74861,77555976,0.000000,0.000000
aggregate/nested_sum,16396,0,32,0.003700458,8648,141785692,0.000000,0.000000
aggregate/nested_filtered_sum,16396,0,32,0.006802041,4704,77134495,0.000000,0.000000
aggregate/nested_filtered_count,16396,0,32,0.006745291,4744,77783449,0.000000,0.000000
aggregate/nested_sum,1048588,0,32,0.232932625,137,144053741,0.000000,0.000000
aggregate/nested_filtered_sum,1048588,0,32,0.435114709,74,77117172,0.000000,0.000000
aggregate/nested_filtered_count,1048588,0,32,0.430422333,74,77957888,0.000000,0.000000
aggregate/deep_sum,136,0,32,0.000022167,1443587,196327875,0.000000,0.000000
aggregate/deep_filtered_sum,136,0,32,0.000025333,1263175,171791734,0.000000,0.000000
compile/constructor,0,0,32,0.000118458,270138,0,86.000000,6246.000000
construct/raw_member,100,0,32,0.000006166,5189750,518975024,3.000000,168.000000
construct/raw_member_write,100,0,32,0.000008792,3639672,363967243,3.000000,168.000000
construct/scalars,100,0,32,0.000016666,1920077,192007680,3.000000,552.000000
construct/filtered_summary,100,0,32,0.000030917,1035029,103502927,5.000000,368.000000
construct/nested,100,0,32,0.000050083,638939,63893936,15.000000,1352.000000
construct/navigate,100,0,32,0.000017291,1850674,185067376,3.000000,168.000000
construct/raw_member,500,0,32,0.000012833,2493571,1246785631,3.000000,168.000000
construct/raw_member_write,500,0,32,0.000024958,1282154,641077009,3.000000,168.000000
construct/scalars,500,0,32,0.000037458,854290,427145069,3.000000,552.000000
construct/filtered_summary,500,0,32,0.000050584,632611,316305551,5.000000,368.000000
construct/nested,500,0,32,0.000077000,415584,207792208,15.000000,1352.000000
construct/navigate,500,0,32,0.000030875,1036437,518218623,3.000000,168.000000
construct/raw_member,1024,0,32,0.000021584,1482580,1518161601,3.000000,168.000000
construct/raw_member_write,1024,0,32,0.000045125,709141,726160665,3.000000,168.000000
construct/scalars,1024,0,32,0.000062667,510636,522890836,3.000000,552.000000
construct/filtered_summary,1024,0,32,0.000076375,418985,429040917,5.000000,368.000000
construct/nested,1024,0,32,0.000110917,288504,295428113,15.000000,1352.000000
construct/navigate,1024,0,32,0.000047792,669568,685637764,3.000000,168.000000
construct/raw_member,10240,0,32,0.000177208,180579,1849126450,3.000000,168.000000
construct/raw_member_write,10240,0,32,0.000408083,78415,802973905,3.000000,168.000000
construct/scalars,10240,0,32,0.000506042,63236,647535185,3.000000,552.000000
construct/filtered_summary,10240,0,32,0.000519417,61608,630861139,5.000000,368.000000
construct/nested,10240,0,32,0.000700375,45690,467863644,15.000000,1352.000000
construct/navigate,10240,0,32,0.000345667,92575,947964370,3.000000,168.000000
construct/raw_member,65536,0,32,0.001077917,29687,1945559816,3.000000,168.000000
construct/raw_member_write,65536,0,32,0.002537208,12612,826558958,3.000000,168.000000
construct/scalars,65536,0,32,0.003176542,10074,660199676,3.000000,552.000000
construct/filtered_summary,65536,0,32,0.003195125,10015,656359923,5.000000,368.000000
construct/nested,65536,0,32,0.004242250,7543,494348989,15.000000,1352.000000
construct/navigate,65536,0,32,0.002130292,15021,984443447,3.000000,168.000000
construct/raw_member,1048576,0,32,0.017261666,1854,1943869844,3.000000,168.000000
construct/raw_member_write,1048576,0,32,0.040868584,783,821032410,3.000000,168.000000
construct/scalars,1048576,0,32,0.050517500,633,664214025,3.000000,552.000000
construct/filtered_summary,1048576,0,32,0.050332792,636,666651514,5.000000,368.000000
construct/nested,1048576,0,32,0.067704833,473,495598771,15.000000,1352.000000
construct/navigate,1048576,0,32,0.033868041,945,990740267,3.000000,168.000000
construct/mapped_objects,262,0,32,0.000078416,408080,106916956,12.000000,1184.000000
construct/collected_objects,262,0,32,0.000081708,391639,102609292,15.000000,1352.000000
construct/collected_write,262,0,32,0.000086625,369408,96784993,15.000000,1352.000000
construct/filtered_aggregate,262,0,32,0.000087958,363810,95318220,3.000000,296.000000
construct/mapped_objects,4334,0,32,0.001164875,27471,119058268,192.000000,18944.000000
construct/collected_objects,4334,0,32,0.001163583,27501,119190466,199.000000,21992.000000
construct/collected_write,4334,0,32,0.001265292,25291,109609481,199.000000,21992.000000
construct/filtered_aggregate,4334,0,32,0.001197958,26712,115770336,3.000000,296.000000
construct/mapped_objects,36190,0,32,0.008989958,3560,128819289,1536.000000,151552.000000
construct/collected_objects,36190,0,32,0.009123959,3507,126927357,1546.000000,176104.000000
construct/collected_write,36190,0,32,0.009934250,3221,116574477,1546.000000,176104.000000
construct/filtered_aggregate,36190,0,32,0.009752458,3281,118747499,3.000000,296.000000
construct/mapped_objects,624958,0,32,0.142978584,224,139871689,24576.000000,2424832.000000
construct/collected_objects,624958,0,32,0.145965292,219,137009667,24590.000000,2818024.000000
construct/collected_write,624958,0,32,0.160129042,200,124890874,24590.000000,2818024.000000
construct/filtered_aggregate,624958,0,32,0.156772334,204,127564957,3.000000,296.000000
construct/nested_summary,1036,0,32,0.000835250,38312,39691110,3.000000,296.000000
construct/nested_summary,16396,0,32,0.012987500,2464,40398229,3.000000,296.000000
construct/nested_summary,1048588,0,32,0.825329208,39,40656281,3.000000,296.000000
compile/lexical,0,0,32,0.000054750,584475,0,42.000000,2809.000000
lexical/lookup,100,0,32,0.000012166,2630281,263028111,5.000000,584.000000
lexical/repeated_binding,100,0,32,0.000014208,2252252,225225225,5.000000,584.000000
lexical/retained_sequence,100,0,32,0.000019500,1641026,164102564,7.000000,728.000000
lexical/closure_call,100,0,32,0.000022042,1451774,145177389,7.000000,808.000000
lexical/escaped_closure,100,0,32,0.000026000,1230769,123076923,9.000000,1032.000000
lexical/mixed,100,0,32,0.000044500,719101,71910112,13.000000,1520.000000
lexical/lookup,500,0,32,0.000024875,1286432,643216080,5.000000,584.000000
lexical/repeated_binding,500,0,32,0.000027416,1167202,583600817,5.000000,584.000000
lexical/retained_sequence,500,0,32,0.000032792,975848,487923884,7.000000,728.000000
lexical/closure_call,500,0,32,0.000041875,764179,382089552,7.000000,808.000000
lexical/escaped_closure,500,0,32,0.000045417,704582,352290992,9.000000,1032.000000
lexical/mixed,500,0,32,0.000065292,490106,245052993,13.000000,1520.000000
lexical/lookup,1024,0,32,0.000042458,753686,771774459,5.000000,584.000000
lexical/repeated_binding,1024,0,32,0.000044583,717762,734988673,5.000000,584.000000
lexical/retained_sequence,1024,0,32,0.000052459,610000,624640195,7.000000,728.000000
lexical/closure_call,1024,0,32,0.000068167,469435,480701806,7.000000,808.000000
lexical/escaped_closure,1024,0,32,0.000071750,445993,456696864,9.000000,1032.000000
lexical/mixed,1024,0,32,0.000091750,348774,357144414,13.000000,1520.000000
lexical/lookup,10240,0,32,0.000339000,94395,966607670,5.000000,584.000000
lexical/repeated_binding,10240,0,32,0.000341208,93784,960352629,5.000000,584.000000
lexical/retained_sequence,10240,0,32,0.000346708,92297,945118082,7.000000,728.000000
lexical/closure_call,10240,0,32,0.000510459,62689,641932065,7.000000,808.000000
lexical/escaped_closure,10240,0,32,0.000514000,62257,637509728,9.000000,1032.000000
lexical/mixed,10240,0,32,0.000547875,58407,598092631,13.000000,1520.000000
lexical/lookup,65536,0,32,0.002126042,15051,986411369,5.000000,584.000000
lexical/repeated_binding,65536,0,32,0.002122583,15076,988018843,5.000000,584.000000
lexical/retained_sequence,65536,0,32,0.002127750,15039,985619551,7.000000,728.000000
lexical/closure_call,65536,0,32,0.003192208,10024,656959697,7.000000,808.000000
lexical/escaped_closure,65536,0,32,0.003179208,10065,659646050,9.000000,1032.000000
lexical/mixed,65536,0,32,0.003193083,10022,656779670,13.000000,1520.000000
lexical/lookup,1048576,0,32,0.033873791,945,990572092,5.000000,584.000000
lexical/repeated_binding,1048576,0,32,0.033864458,945,990845092,5.000000,584.000000
lexical/retained_sequence,1048576,0,32,0.033958792,942,988092627,7.000000,728.000000
lexical/closure_call,1048576,0,32,0.050510709,634,664303326,7.000000,808.000000
lexical/escaped_closure,1048576,0,32,0.050526875,633,664090783,9.000000,1032.000000
lexical/mixed,1048576,0,32,0.050458542,634,664990122,13.000000,1520.000000
lexical/mapped_calls,106,0,32,0.000060875,525667,55720739,9.000000,984.000000
lexical/repeated_projection,106,0,32,0.000035208,908884,96341741,8.000000,920.000000
lexical/mapped_calls,1692,0,32,0.000733417,43631,73824305,13.000000,6744.000000
lexical/repeated_projection,1692,0,32,0.000359708,88961,150522090,12.000000,6680.000000
lexical/mapped_calls,14260,0,32,0.005751708,5564,79336434,16.000000,49752.000000
lexical/repeated_projection,14260,0,32,0.002799750,11430,162985981,15.000000,49688.000000
lexical/mapped_calls,251044,0,32,0.093035125,344,86348119,20.000000,787032.000000
lexical/repeated_projection,251044,0,32,0.043950167,728,182784470,19.000000,786968.000000
lexical/nested_retention,1036,0,32,0.000471791,67827,70268403,10.000000,2072.000000
lexical/nested_retention,16396,0,32,0.007091041,4513,73990829,14.000000,25112.000000
lexical/nested_retention,1048588,0,32,0.446748750,72,75108920,20.000000,1573400.000000
compile/nested_fallback,0,0,32,0.000144459,221516,0,113.000000,7201.000000
compile/navigation,0,0,32,0.000073583,434883,0,55.000000,4199.000000
navigation/keep,100,0,32,0.000017166,1864150,186415006,2.000000,144.000000
navigation/wildcard,100,0,32,0.000032667,979582,97958184,8.000000,1072.000000
navigation/descendants,100,0,32,0.000042792,747803,74780333,8.000000,1072.000000
navigation/ordering,100,0,32,0.000021333,1500023,150002344,6.000000,320.000000
navigation/grouping,100,0,32,0.000028541,1121194,112119407,11.000000,824.000000
navigation/membership,100,0,32,0.000020291,1577054,157705387,2.000000,32.000000
navigation/fallback,100,0,32,0.000010167,3147438,314743779,0.000000,0.000000
navigation/mixed,100,0,32,0.000032875,973384,97338403,11.000000,1048.000000
navigation/keep,500,0,32,0.000030833,1037849,518924529,2.000000,144.000000
navigation/wildcard,500,0,32,0.000045750,699454,349726776,8.000000,1072.000000
navigation/descendants,500,0,32,0.000069583,459882,229941221,8.000000,1072.000000
navigation/ordering,500,0,32,0.000034834,918643,459321353,6.000000,320.000000
navigation/grouping,500,0,32,0.000041875,764179,382089552,11.000000,824.000000
navigation/membership,500,0,32,0.000033250,962406,481203008,2.000000,32.000000
navigation/fallback,500,0,32,0.000030250,1057851,528925620,0.000000,0.000000
navigation/mixed,500,0,32,0.000046292,691264,345632075,11.000000,1048.000000
navigation/keep,1024,0,32,0.000047333,676061,692286565,2.000000,144.000000
navigation/wildcard,1024,0,32,0.000063125,506931,519097030,8.000000,1072.000000
navigation/descendants,1024,0,32,0.000102875,311057,318522479,8.000000,1072.000000
navigation/ordering,1024,0,32,0.000051458,621866,636791169,6.000000,320.000000
navigation/grouping,1024,0,32,0.000058584,546224,559333606,11.000000,824.000000
navigation/membership,1024,0,32,0.000049875,641604,657002506,2.000000,32.000000
navigation/fallback,1024,0,32,0.000055542,576141,589967952,0.000000,0.000000
navigation/mixed,1024,0,32,0.000062875,508946,521161034,11.000000,1048.000000
navigation/keep,10240,0,32,0.000345417,92642,948650472,2.000000,144.000000
navigation/wildcard,10240,0,32,0.000359625,88982,911171359,8.000000,1072.000000
navigation/descendants,10240,0,32,0.000691833,46254,473640315,8.000000,1072.000000
navigation/ordering,10240,0,32,0.000353792,90449,926193922,6.000000,320.000000
navigation/grouping,10240,0,32,0.000355750,89951,921096275,11.000000,824.000000
navigation/membership,10240,0,32,0.000347667,92042,942511081,2.000000,32.000000
navigation/fallback,10240,0,32,0.000506459,63184,647002028,0.000000,0.000000
navigation/mixed,10240,0,32,0.000360625,88735,908644714,11.000000,1048.000000
navigation/keep,65536,0,32,0.002133292,15000,983059047,2.000000,144.000000
navigation/wildcard,65536,0,32,0.002149583,14887,975608758,8.000000,1072.000000
navigation/descendants,65536,0,32,0.004234583,7557,495244042,8.000000,1072.000000
navigation/ordering,65536,0,32,0.002143167,14931,978529438,6.000000,320.000000
navigation/grouping,65536,0,32,0.002137291,14972,981219684,11.000000,824.000000
navigation/membership,65536,0,32,0.002140209,14952,979881871,2.000000,32.000000
navigation/fallback,65536,0,32,0.003156958,10136,664295185,0.000000,0.000000
navigation/mixed,65536,0,32,0.002149167,14889,975797600,11.000000,1048.000000
navigation/keep,1048576,0,32,0.033882625,944,990313826,2.000000,144.000000
navigation/wildcard,1048576,0,32,0.033910209,944,989508263,8.000000,1072.000000
navigation/descendants,1048576,0,32,0.067261417,476,498865969,8.000000,1072.000000
navigation/ordering,1048576,0,32,0.033940375,943,988628794,6.000000,320.000000
navigation/grouping,1048576,0,32,0.033761458,948,993867978,11.000000,824.000000
navigation/membership,1048576,0,32,0.033661541,951,996818060,2.000000,32.000000
navigation/fallback,1048576,0,32,0.050274583,637,667423378,0.000000,0.000000
navigation/mixed,1048576,0,32,0.033911500,944,989470593,11.000000,1048.000000
navigation/wide_sort,250,0,32,0.000067875,471455,117863720,9.000000,968.000000
navigation/wide_group,250,0,32,0.000069125,462929,115732369,10.000000,1016.000000
navigation/wide_descendants,250,0,32,0.000123541,259023,64755830,20.000000,2680.000000
navigation/range,250,0,32,0.000034292,933162,233290563,4.000000,360.000000
navigation/wide_sort,4144,0,32,0.000939541,34059,141141259,13.000000,14408.000000
navigation/wide_group,4144,0,32,0.000919458,34803,144224097,18.000000,9656.000000
navigation/wide_descendants,4144,0,32,0.001805709,17722,73438190,260.000000,34840.000000
navigation/range,4144,0,32,0.000405917,78834,326687476,8.000000,6120.000000
navigation/wide_sort,34657,0,32,0.008093750,3954,137022270,16.000000,114760.000000
navigation/wide_group,34657,0,32,0.007260459,4407,152748469,24.000000,74168.000000
navigation/wide_descendants,34657,0,32,0.014199166,2254,78104869,2052.000000,274968.000000
navigation/range,34657,0,32,0.003277583,9763,338366412,11.000000,49128.000000
navigation/wide_sort,600386,0,32,0.143243667,223,134123570,20.000000,1835080.000000
navigation/wide_group,600386,0,32,0.116363917,275,165105752,32.000000,1180088.000000
navigation/wide_descendants,600386,0,32,0.227297834,141,84525011,32772.000000,4391448.000000
navigation/range,600386,0,32,0.053475542,598,359273628,15.000000,786408.000000
navigation/distinct_groups,194,0,32,0.000057500,556522,107965217,5.000000,1464.000000
navigation/distinct_groups,3246,0,32,0.001093708,29258,94972333,13.000000,51472.000000
navigation/distinct_groups,27486,0,32,0.008327958,3842,105614365,19.000000,427816.000000
navigation/deep_descendants,24,0,32,0.000012750,2509804,60235294,4.000000,536.000000
navigation/deep_descendants,72,0,32,0.000017416,1837391,132292145,4.000000,536.000000
navigation/deep_descendants,136,0,32,0.000031958,1001314,136178735,4.000000,536.000000
compiler/lookup_8_hit,501,0,32,0.000010583,3023717,1514882358,0.000000,0.000000
rust/lookup_8_hit,501,0,32,0.000009667,3310231,1658425572,0.000000,0.000000
compiler/lookup_8_miss,501,0,32,0.000010167,3147438,1576866332,0.000000,0.000000
rust/lookup_8_miss,501,0,32,0.000009541,3353946,1680327010,0.000000,0.000000
compiler/varying_lookup_8,501,0,32,0.000010583,3023717,1514882358,0.000000,0.000000
rust/varying_lookup_8,501,0,32,0.000009750,3282051,1644307692,0.000000,0.000000
compiler/bound_lookup_8,16,0,32,0.000008917,3588651,57418414,6.000000,600.000000
compile/lookup_8,0,0,32,0.000115000,278261,0,60.000000,5577.000000
compiler/lookup_128_hit,501,0,32,0.000010708,2988420,1497198356,0.000000,0.000000
rust/lookup_128_hit,501,0,32,0.000009667,3310231,1658425572,0.000000,0.000000
compiler/lookup_128_miss,501,0,32,0.000010292,3109211,1557714730,0.000000,0.000000
rust/lookup_128_miss,501,0,32,0.000009500,3368421,1687578947,0.000000,0.000000
compiler/varying_lookup_128,501,0,32,0.000010833,2953937,1479922459,0.000000,0.000000
rust/varying_lookup_128,501,0,32,0.000009792,3267974,1637254902,0.000000,0.000000
compiler/bound_lookup_128,16,0,32,0.000009375,3413333,54613333,6.000000,600.000000
compile/lookup_128,0,0,32,0.001837791,17412,0,672.000000,111385.000000
compiler/lookup_1024_hit,501,0,32,0.000010958,2920241,1463040701,0.000000,0.000000
rust/lookup_1024_hit,501,0,32,0.000009667,3310231,1658425572,0.000000,0.000000
compiler/lookup_1024_miss,501,0,32,0.000012792,2501563,1253283302,0.000000,0.000000
rust/lookup_1024_miss,501,0,32,0.000009500,3368421,1687578947,0.000000,0.000000
compiler/varying_lookup_1024,501,0,32,0.000011375,2813187,1409406593,0.000000,0.000000
rust/varying_lookup_1024,501,0,32,0.000010042,3186616,1596494722,0.000000,0.000000
compiler/bound_lookup_1024,16,0,32,0.000009666,3310573,52969170,6.000000,600.000000
compile/lookup_1024,0,0,32,0.012719167,2516,0,5161.000000,904369.000000
compiler/lookup_4096_hit,501,0,32,0.000010959,2919974,1462907200,0.000000,0.000000
rust/lookup_4096_hit,501,0,32,0.000009666,3310573,1658597145,0.000000,0.000000
compiler/lookup_4096_miss,501,0,32,0.000010708,2988420,1497198356,0.000000,0.000000
rust/lookup_4096_miss,501,0,32,0.000009541,3353946,1680327010,0.000000,0.000000
compiler/varying_lookup_4096,501,0,32,0.000011417,2802838,1404221775,0.000000,0.000000
rust/varying_lookup_4096,501,0,32,0.000010250,3121951,1564097561,0.000000,0.000000
compiler/bound_lookup_4096,16,0,32,0.000010500,3047619,48761905,6.000000,600.000000
compile/lookup_4096,0,0,32,0.050025125,640,0,20527.000000,3623105.000000
compiler/constant_scalar,100,0,32,0.000003083,10379500,1037950049,0.000000,0.000000
compiler/repeated_fields,100,0,32,0.000006042,5296260,529625952,0.000000,0.000000
compiler/dynamic_leaves,100,0,32,0.000005875,5446809,544680851,3.000000,152.000000
compiler/filtered_sum,100,0,32,0.000006709,4769712,476971233,0.000000,0.000000
compiler/invariant_aggregate,100,0,32,0.000006583,4861006,486100562,0.000000,0.000000
compiler/builtin_reference,100,0,32,0.000003042,10519395,1051939513,0.000000,0.000000
compiler/static_array,100,0,32,0.000003459,9251229,925122868,1.000000,16.000000
compiler/constant_membership,100,0,32,0.000010375,3084337,308433735,1.000000,16.000000
compiler/lookup_record,100,0,32,0.000003875,8258065,825806452,0.000000,0.000000
rust/repeated_fields,100,0,32,0.000003875,8258065,825806452,0.000000,0.000000
compiler/constant_scalar,500,0,32,0.000009959,3213174,1606587007,0.000000,0.000000
compiler/repeated_fields,500,0,32,0.000012750,2509804,1254901961,0.000000,0.000000
compiler/dynamic_leaves,500,0,32,0.000012792,2501563,1250781739,3.000000,152.000000
compiler/filtered_sum,500,0,32,0.000013667,2341406,1170703154,0.000000,0.000000
compiler/invariant_aggregate,500,0,32,0.000020208,1583531,791765637,0.000000,0.000000
compiler/builtin_reference,500,0,32,0.000010000,3200000,1600000000,0.000000,0.000000
compiler/static_array,500,0,32,0.000010292,3109211,1554605519,1.000000,16.000000
compiler/constant_membership,500,0,32,0.000024041,1331059,665529720,1.000000,16.000000
compiler/lookup_record,500,0,32,0.000010750,2976744,1488372093,0.000000,0.000000
rust/repeated_fields,500,0,32,0.000010833,2953937,1476968522,0.000000,0.000000
compiler/constant_scalar,1024,0,32,0.000018625,1718121,1759355705,0.000000,0.000000
compiler/repeated_fields,1024,0,32,0.000021334,1499953,1535952001,0.000000,0.000000
compiler/dynamic_leaves,1024,0,32,0.000021458,1491285,1527076149,3.000000,152.000000
compiler/filtered_sum,1024,0,32,0.000022208,1440922,1475504323,0.000000,0.000000
compiler/invariant_aggregate,1024,0,32,0.000037375,856187,876735786,0.000000,0.000000
compiler/builtin_reference,1024,0,32,0.000018625,1718121,1759355705,0.000000,0.000000
compiler/static_array,1024,0,32,0.000018916,1691690,1732290125,1.000000,16.000000
compiler/constant_membership,1024,0,32,0.000041000,780488,799219512,1.000000,16.000000
compiler/lookup_record,1024,0,32,0.000019333,1655201,1694925775,0.000000,0.000000
rust/repeated_fields,1024,0,32,0.000019417,1648040,1687593346,0.000000,0.000000
compiler/constant_scalar,10240,0,32,0.000169917,188327,1928470959,0.000000,0.000000
compiler/repeated_fields,10240,0,32,0.000172792,185194,1896384092,0.000000,0.000000
compiler/dynamic_leaves,10240,0,32,0.000172792,185194,1896384092,3.000000,152.000000
compiler/filtered_sum,10240,0,32,0.000180375,177408,1816659737,0.000000,0.000000
compiler/invariant_aggregate,10240,0,32,0.000341583,93681,959298326,0.000000,0.000000
compiler/builtin_reference,10240,0,32,0.000277500,115315,1180828829,0.000000,0.000000
compiler/static_array,10240,0,32,0.000170291,187914,1924235573,1.000000,16.000000
compiler/constant_membership,10240,0,32,0.000338125,94640,969109057,1.000000,16.000000
compiler/lookup_record,10240,0,32,0.000170875,187271,1917659108,0.000000,0.000000
rust/repeated_fields,10240,0,32,0.000172083,185957,1904197393,0.000000,0.000000
compiler/constant_scalar,1048576,0,32,0.017170250,1864,1954219187,0.000000,0.000000
compiler/repeated_fields,1048576,0,32,0.017258000,1854,1944282767,0.000000,0.000000
compiler/dynamic_leaves,1048576,0,32,0.017207625,1860,1949974619,3.000000,152.000000
compiler/filtered_sum,1048576,0,32,0.017292500,1851,1940403759,0.000000,0.000000
compiler/invariant_aggregate,1048576,0,32,0.033888416,944,990144597,0.000000,0.000000
compiler/builtin_reference,1048576,0,32,0.017172959,1863,1953910913,0.000000,0.000000
compiler/static_array,1048576,0,32,0.017268084,1853,1943147369,1.000000,16.000000
compiler/constant_membership,1048576,0,32,0.033905792,944,989637169,1.000000,16.000000
compiler/lookup_record,1048576,0,32,0.017276583,1852,1942191462,0.000000,0.000000
rust/repeated_fields,1048576,0,32,0.017179125,1863,1953209608,0.000000,0.000000
compile/execution,0,0,32,0.000146583,218306,0,148.000000,7464.000000
execution/arithmetic,100,0,32,0.000005375,5953488,595348837,0.000000,0.000000
execution/comparison,100,0,32,0.000005417,5907329,590732878,0.000000,0.000000
execution/conditional,100,0,32,0.000005333,6000375,600037502,0.000000,0.000000
execution/constructor,100,0,32,0.000006875,4654545,465454545,3.000000,152.000000
rust/execution_arithmetic,100,0,32,0.000003583,8931063,893106335,0.000000,0.000000
rust/execution_constructor,100,0,32,0.000003417,9364940,936494001,0.000000,0.000000
execution/arithmetic,500,0,32,0.000011834,2704073,1352036505,0.000000,0.000000
execution/comparison,500,0,32,0.000012083,2648349,1324174460,0.000000,0.000000
execution/conditional,500,0,32,0.000012083,2648349,1324174460,0.000000,0.000000
execution/constructor,500,0,32,0.000013875,2306306,1153153153,3.000000,152.000000
rust/execution_arithmetic,500,0,32,0.000010250,3121951,1560975610,0.000000,0.000000
rust/execution_constructor,500,0,32,0.000010291,3109513,1554756583,0.000000,0.000000
execution/arithmetic,1024,0,32,0.000020375,1570552,1608245399,0.000000,0.000000
execution/comparison,1024,0,32,0.000020583,1554681,1591993393,0.000000,0.000000
execution/conditional,1024,0,32,0.000020667,1548362,1585522814,0.000000,0.000000
execution/constructor,1024,0,32,0.000022458,1424882,1459079170,3.000000,152.000000
rust/execution_arithmetic,1024,0,32,0.000018959,1687853,1728361200,0.000000,0.000000
rust/execution_constructor,1024,0,32,0.000019000,1684211,1724631579,0.000000,0.000000
execution/arithmetic,10240,0,32,0.000171750,186317,1907889374,0.000000,0.000000
execution/comparison,10240,0,32,0.000171792,186272,1907422930,0.000000,0.000000
execution/conditional,10240,0,32,0.000171834,186226,1906956714,0.000000,0.000000
execution/constructor,10240,0,32,0.000173541,184394,1888199330,3.000000,152.000000
rust/execution_arithmetic,10240,0,32,0.000170750,187408,1919062958,0.000000,0.000000
rust/execution_constructor,10240,0,32,0.000170541,187638,1921414792,0.000000,0.000000
execution/arithmetic,1048576,0,32,0.017214500,1859,1949195852,0.000000,0.000000
execution/comparison,1048576,0,32,0.017161334,1865,1955234482,0.000000,0.000000
execution/conditional,1048576,0,32,0.017243292,1856,1945941181,0.000000,0.000000
execution/constructor,1048576,0,32,0.017207125,1860,1950031281,3.000000,152.000000
rust/execution_arithmetic,1048576,0,32,0.017410166,1838,1927289608,0.000000,0.000000
rust/execution_constructor,1048576,0,32,0.017181500,1862,1952939615,0.000000,0.000000
execution/filtered_sum,74,0,32,0.000019291,1658805,122751542,0.000000,0.000000
execution/mapped_sum,74,0,32,0.000018750,1706667,126293333,0.000000,0.000000
rust/execution_filtered_sum,74,0,32,0.000007792,4106776,303901437,0.000000,0.000000
execution/filtered_sum,1082,0,32,0.000271000,118081,127763838,0.000000,0.000000
execution/mapped_sum,1082,0,32,0.000276375,115785,125279059,0.000000,0.000000
rust/execution_filtered_sum,1082,0,32,0.000104208,307078,332258560,0.000000,0.000000
execution/filtered_sum,8586,0,32,0.002182084,14665,125912660,0.000000,0.000000
execution/mapped_sum,8586,0,32,0.002190750,14607,125414584,0.000000,0.000000
rust/execution_filtered_sum,8586,0,32,0.000821375,38959,334502511,0.000000,0.000000
execution/filtered_sum,137226,0,32,0.034385708,931,127705150,0.000000,0.000000
execution/mapped_sum,137226,0,32,0.035192666,909,124776907,0.000000,0.000000
rust/execution_filtered_sum,137226,0,32,0.013065834,2449,336085090,0.000000,0.000000
execution/lookup_8192,501,0,32,0.000011416,2803083,1404344779,0.000000,0.000000
rust/execution_lookup_8192,501,0,32,0.000009750,3282051,1644307692,0.000000,0.000000
execution/type_fallback,16,0,32,0.000004875,6564103,105025641,0.000000,0.000000
native_metadata,arithmetic,5417,1242250,1,716,0
jit/compile_arithmetic,0,0,32,0.000145875,219366,0,148.000000,7464.000000
native_region,jit/arithmetic,100,326958,1,716
jit/arithmetic,100,0,32,0.000005250,6095238,609523810,0.000000,0.000000
jit/rust_arithmetic,100,0,32,0.000003708,8629989,862998921,0.000000,0.000000
native_region,jit/arithmetic,500,285709,1,716
jit/arithmetic,500,0,32,0.000012166,2630281,1315140556,0.000000,0.000000
jit/rust_arithmetic,500,0,32,0.000010542,3035477,1517738570,0.000000,0.000000
native_region,jit/arithmetic,1024,270333,1,716
jit/arithmetic,1024,0,32,0.000020833,1536025,1572889166,0.000000,0.000000
jit/rust_arithmetic,1024,0,32,0.000019250,1662338,1702233766,0.000000,0.000000
native_region,jit/arithmetic,10240,262584,1,716
jit/arithmetic,10240,0,32,0.000171791,186273,1907434033,0.000000,0.000000
jit/rust_arithmetic,10240,0,32,0.000170542,187637,1921403525,0.000000,0.000000
native_region,jit/arithmetic,1048576,264917,1,716
jit/arithmetic,1048576,0,32,0.017204334,1860,1950347628,0.000000,0.000000
jit/rust_arithmetic,1048576,0,32,0.017240291,1856,1946279909,0.000000,0.000000
native_metadata,dense,12583,597584,1,1144,0
jit/compile_dense,0,0,32,0.000212167,150825,0,238.000000,11885.000000
native_region,jit/dense,100,483584,1,1144
jit/dense,100,0,32,0.000005750,5565217,556521739,0.000000,0.000000
jit/rust_dense,100,0,32,0.000003708,8629989,862998921,0.000000,0.000000
native_region,jit/dense,500,434917,1,1144
jit/dense,500,0,32,0.000012500,2560000,1280000000,0.000000,0.000000
jit/rust_dense,500,0,32,0.000010625,3011765,1505882353,0.000000,0.000000
native_region,jit/dense,1024,410334,1,1144
jit/dense,1024,0,32,0.000021250,1505882,1542023529,0.000000,0.000000
jit/rust_dense,1024,0,32,0.000019250,1662338,1702233766,0.000000,0.000000
native_region,jit/dense,10240,399708,1,1144
jit/dense,10240,0,32,0.000172792,185194,1896384092,0.000000,0.000000
jit/rust_dense,10240,0,32,0.000170583,187592,1920941712,0.000000,0.000000
native_region,jit/dense,1048576,403834,1,1144
jit/dense,1048576,0,32,0.017178416,1863,1953290222,0.000000,0.000000
jit/rust_dense,1048576,0,32,0.017216375,1859,1948983569,0.000000,0.000000
native_metadata,branch,9750,496167,1,1056,0
jit/compile_branch,0,0,32,0.000189375,168977,0,219.000000,10602.000000
native_region,jit/branch,100,391959,1,1056
jit/branch,100,0,32,0.000005166,6194348,619434766,0.000000,0.000000
jit/rust_branch,100,0,32,0.000003750,8533333,853333333,0.000000,0.000000
native_region,jit/branch,500,373417,1,1056
jit/branch,500,0,32,0.000011875,2694737,1347368421,0.000000,0.000000
jit/rust_branch,500,0,32,0.000010625,3011765,1505882353,0.000000,0.000000
native_region,jit/branch,1024,364625,1,1056
jit/branch,1024,0,32,0.000020458,1564180,1601720598,0.000000,0.000000
jit/rust_branch,1024,0,32,0.000019209,1665886,1705867041,0.000000,0.000000
native_region,jit/branch,10240,359333,1,1056
jit/branch,10240,0,32,0.000174375,183513,1879168459,0.000000,0.000000
jit/rust_branch,10240,0,32,0.000170583,187592,1920941712,0.000000,0.000000
native_region,jit/branch,1048576,365958,1,1056
jit/branch,1048576,0,32,0.017001625,1882,1973601465,0.000000,0.000000
jit/rust_branch,1048576,0,32,0.017220958,1858,1948464888,0.000000,0.000000
jit/varying_branch,500,0,32,0.000012042,2657366,1328682943,0.000000,0.000000
native_region,jit/tiny,13,417334,1,716
jit/tiny,13,0,32,0.000003500,9142857,118857143,0.000000,0.000000
native_region,jit/fold,122,493333,1,1144
jit/fold,122,0,32,0.000035917,890943,108695047,0.000000,0.000000
native_region,jit/filter_map_fold,122,585042,1,1368
jit/filter_map_fold,122,0,32,0.000030875,1036437,126445344,0.000000,0.000000
jit/rust_fold,122,0,32,0.000022917,1396343,170353886,0.000000,0.000000
native_region,jit/numeric_fold,26,255917,1,504
jit/numeric_fold,26,0,32,0.000016292,1964154,51068009,0.000000,0.000000
native_region,jit/fold,472,446042,1,1144
jit/fold,472,0,32,0.000143084,223645,105560370,0.000000,0.000000
native_region,jit/filter_map_fold,472,521708,1,1368
jit/filter_map_fold,472,0,32,0.000132458,241586,114028598,0.000000,0.000000
jit/rust_fold,472,0,32,0.000088833,360226,170026904,0.000000,0.000000
native_region,jit/numeric_fold,88,235833,1,504
jit/numeric_fold,88,0,32,0.000061917,516821,45480240,0.000000,0.000000
native_region,jit/fold,1858,433084,1,1144
jit/fold,1858,0,32,0.000562500,56889,105699556,0.000000,0.000000
native_region,jit/filter_map_fold,1858,504125,1,1368
jit/filter_map_fold,1858,0,32,0.000523959,61073,113474528,0.000000,0.000000
jit/rust_fold,1858,0,32,0.000353834,90438,168033598,0.000000,0.000000
native_region,jit/numeric_fold,322,228208,1,504
jit/numeric_fold,322,0,32,0.000243500,131417,42316222,0.000000,0.000000
native_region,jit/fold,14794,420708,1,1144
jit/fold,14794,0,32,0.004507709,7099,105021864,0.000000,0.000000
native_region,jit/filter_map_fold,14794,496084,1,1368
jit/filter_map_fold,14794,0,32,0.004170875,7672,113503282,0.000000,0.000000
jit/rust_fold,14794,0,32,0.002782333,11501,170147858,0.000000,0.000000
native_region,jit/numeric_fold,2506,232500,1,504
jit/numeric_fold,2506,0,32,0.001922042,16649,41722293,0.000000,0.000000
native_region,jit/fold,236554,428500,1,1144
jit/fold,236554,0,32,0.072944333,439,103774038,0.000000,0.000000
native_region,jit/filter_map_fold,236554,690375,1,1368
jit/filter_map_fold,236554,0,32,0.067886500,471,111505645,0.000000,0.000000
jit/rust_fold,236554,0,32,0.043930167,728,172312753,0.000000,0.000000
native_region,jit/numeric_fold,39946,298583,1,504
jit/numeric_fold,39946,0,32,0.030652958,1044,41701424,0.000000,0.000000
plan/branch,100,0,32,0.000005042,6346688,634668782,0.000000,0.000000
plan/boolean,100,0,32,0.000006125,5224490,522448980,0.000000,0.000000
plan/object,100,0,32,0.000006625,4830189,483018868,3.000000,248.000000
plan/branch,500,0,32,0.000011625,2752688,1376344086,0.000000,0.000000
plan/boolean,500,0,32,0.000012916,2477547,1238773614,0.000000,0.000000
plan/object,500,0,32,0.000013416,2385212,1192605844,3.000000,248.000000
plan/branch,1024,0,32,0.000020083,1593387,1631628741,0.000000,0.000000
plan/boolean,1024,0,32,0.000021459,1491216,1527004986,0.000000,0.000000
plan/object,1024,0,32,0.000022084,1449013,1483789169,3.000000,248.000000
plan/branch,10240,0,32,0.000171541,186544,1910213885,0.000000,0.000000
plan/boolean,10240,0,32,0.000172708,185284,1897306436,0.000000,0.000000
plan/object,10240,0,32,0.000173250,184704,1891370851,3.000000,248.000000
plan/branch,1048576,0,32,0.017209791,1859,1949729198,0.000000,0.000000
plan/boolean,1048576,0,32,0.017217792,1859,1948823171,0.000000,0.000000
plan/object,1048576,0,32,0.017335709,1846,1935567331,3.000000,248.000000
plan/lookup_branch,490,0,32,0.000014541,2200674,1078330239,0.000000,0.000000
plan/lookup_quote,490,0,32,0.000014750,2169492,1063050847,0.000000,0.000000
plan/invoice_sum,58,0,32,0.000005708,5606167,325157673,0.000000,0.000000
rust/plan_invoice,58,0,32,0.000005250,6095238,353523810,0.000000,0.000000
plan/invoice_object,58,0,32,0.000011542,2772483,160804020,3.000000,296.000000
plan/mapped_objects,58,0,32,0.000014375,2226087,129113043,2.000000,136.000000
plan/invoice_sum,300,0,32,0.000035625,898246,269473684,0.000000,0.000000
rust/plan_invoice,300,0,32,0.000031625,1011858,303557312,0.000000,0.000000
plan/invoice_object,300,0,32,0.000048917,654169,196250792,3.000000,296.000000
plan/mapped_objects,300,0,32,0.000077917,410693,123208029,16.000000,1088.000000
plan/invoice_sum,4488,0,32,0.000553042,57862,259683713,0.000000,0.000000
rust/plan_invoice,4488,0,32,0.000484375,66065,296497548,0.000000,0.000000
plan/invoice_object,4488,0,32,0.000683625,46809,210080088,3.000000,296.000000
plan/mapped_objects,4488,0,32,0.001148458,27863,125051156,256.000000,17408.000000
plan/invoice_sum,35736,0,32,0.004486583,7132,254882613,0.000000,0.000000
rust/plan_invoice,35736,0,32,0.003800708,8419,300878678,0.000000,0.000000
plan/invoice_object,35736,0,32,0.005401875,5924,211695384,3.000000,296.000000
plan/mapped_objects,35736,0,32,0.008706250,3676,131348399,2048.000000,139264.000000
plan/invoice_sum,571416,0,32,0.069937542,458,261452025,0.000000,0.000000
rust/plan_invoice,571416,0,32,0.062074208,516,294571813,0.000000,0.000000
plan/invoice_object,571416,0,32,0.085840667,373,213014561,3.000000,296.000000
plan/mapped_objects,571416,0,32,0.140180417,228,130441273,32768.000000,2228224.000000
plan/wide_fields,7583,0,32,0.000304959,104932,795700406,0.000000,0.000000
plan/untaken_branch,496,0,32,0.000010959,2919974,1448307327,0.000000,0.000000
compile/plan_branch,0,0,32,0.000071334,448594,0,96.000000,3826.000000
demand/nested,100,0,32,0.000005000,6400000,640000000,0.000000,0.000000
demand/branch,100,0,32,0.000005167,6193149,619314883,0.000000,0.000000
demand/repeated,100,0,32,0.000004416,7246377,724637681,0.000000,0.000000
demand/untaken_nested,101,0,32,0.000004458,7178107,724988784,0.000000,0.000000
demand/nested,500,0,32,0.000011542,2772483,1386241553,0.000000,0.000000
demand/branch,500,0,32,0.000012000,2666667,1333333333,0.000000,0.000000
demand/repeated,500,0,32,0.000010958,2920241,1460120460,0.000000,0.000000
demand/untaken_nested,501,0,32,0.000011166,2865843,1435787211,0.000000,0.000000
demand/nested,1024,0,32,0.000020041,1596727,1635048151,0.000000,0.000000
demand/branch,1024,0,32,0.000020458,1564180,1601720598,0.000000,0.000000
demand/repeated,1024,0,32,0.000019625,1630573,1669707006,0.000000,0.000000
demand/untaken_nested,1025,0,32,0.000019750,1620253,1660759494,0.000000,0.000000
demand/nested,10240,0,32,0.000171459,186634,1911127442,0.000000,0.000000
demand/branch,10240,0,32,0.000171750,186317,1907889374,0.000000,0.000000
demand/repeated,10240,0,32,0.000170667,187500,1919996250,0.000000,0.000000
demand/untaken_nested,10241,0,32,0.000173708,184217,1886568264,0.000000,0.000000
demand/nested,1048576,0,32,0.017180333,1863,1953072272,0.000000,0.000000
demand/branch,1048576,0,32,0.017535584,1825,1913505247,0.000000,0.000000
demand/repeated,1048576,0,32,0.017178416,1863,1953290222,0.000000,0.000000
demand/untaken_nested,1048577,0,32,0.017276500,1852,1942202645,0.000000,0.000000
demand/nested_fold,546,0,32,0.000117541,272245,148646004,0.000000,0.000000
demand/nested_fold_plan,546,0,32,0.000054959,582252,317909715,0.000000,0.000000
demand/nested_fold,8454,0,32,0.001829125,17495,147900226,0.000000,0.000000
demand/nested_fold_plan,8454,0,32,0.000861708,37136,313943935,0.000000,0.000000
demand/nested_fold,67478,0,32,0.014518042,2204,148731902,0.000000,0.000000
demand/nested_fold_plan,67478,0,32,0.006815000,4696,316844607,0.000000,0.000000
demand/wide_nested,1137,0,32,0.000038000,842105,957473684,0.000000,0.000000
demand/wide_nested,38497,0,32,0.001146917,27901,1074100393,0.000000,0.000000
demand/wide_nested,323265,0,32,0.009614292,3328,1075948182,0.000000,0.000000
demand/repeated_lookup,100,0,32,0.000007458,4290695,429069456,0.000000,0.000000
demand/repeated_lookup,500,0,32,0.000014209,2252094,1126046872,0.000000,0.000000
demand/repeated_lookup,10240,0,32,0.000176417,181388,1857417369,0.000000,0.000000
demand/repeated_lookup,1048576,0,32,0.017153000,1866,1956184458,0.000000,0.000000
compile/scoped_path,0,0,32,0.000057375,557734,0,41.000000,3773.000000
tuple/index,100,0,32,0.000018583,1722004,172200398,9.000000,864.000000
tuple/filter_sum,100,0,32,0.000028500,1122807,112280702,10.000000,1312.000000
tuple/plan_leaves,100,0,32,0.000035333,905669,90566892,15.000000,1456.000000
tuple/kept,100,0,32,0.000024292,1317306,131730611,11.000000,1008.000000
tuple/ordered,100,0,32,0.000037959,843015,84301483,19.000000,1688.000000
tuple/index,500,0,32,0.000032250,992248,496124031,9.000000,864.000000
tuple/filter_sum,500,0,32,0.000041083,778911,389455493,10.000000,1312.000000
tuple/plan_leaves,500,0,32,0.000048708,656976,328488133,15.000000,1456.000000
tuple/kept,500,0,32,0.000037625,850498,425249169,11.000000,1008.000000
tuple/ordered,500,0,32,0.000050792,630020,315010238,19.000000,1688.000000
tuple/index,1024,0,32,0.000048791,655859,671599270,9.000000,864.000000
tuple/filter_sum,1024,0,32,0.000058291,548970,562145100,10.000000,1312.000000
tuple/plan_leaves,1024,0,32,0.000065625,487619,499321905,15.000000,1456.000000
tuple/kept,1024,0,32,0.000054417,588052,602164765,11.000000,1008.000000
tuple/ordered,1024,0,32,0.000067583,473492,484855659,19.000000,1688.000000
tuple/index,10240,0,32,0.000345333,92664,948881225,9.000000,864.000000
tuple/filter_sum,10240,0,32,0.000355625,89982,921420035,10.000000,1312.000000
tuple/plan_leaves,10240,0,32,0.000363125,88124,902388985,15.000000,1456.000000
tuple/kept,10240,0,32,0.000352416,90802,929810224,11.000000,1008.000000
tuple/ordered,10240,0,32,0.000365959,87441,895400851,19.000000,1688.000000
tuple/index,1048576,0,32,0.033921875,943,989167963,9.000000,864.000000
tuple/filter_sum,1048576,0,32,0.034058209,940,985208353,10.000000,1312.000000
tuple/plan_leaves,1048576,0,32,0.033940666,943,988620318,15.000000,1456.000000
tuple/kept,1048576,0,32,0.033927042,943,989017315,11.000000,1008.000000
tuple/ordered,1048576,0,32,0.033802458,947,992662486,19.000000,1688.000000
tuple/wide_sum,440,0,32,0.000106167,301412,132621248,22.000000,2512.000000
tuple/nested_sum,440,0,32,0.000210625,151929,66848665,70.000000,6352.000000
tuple/join_sum,440,0,32,0.000426000,75117,33051643,46.000000,4816.000000
tuple/join_bound,440,0,32,0.000330084,96945,42655809,55.000000,5744.000000
tuple/group,440,0,32,0.000159375,200784,88345098,57.000000,5528.000000
tuple/negative_index,440,0,32,0.000071209,449381,197727815,23.000000,2544.000000
tuple/wide_sum,6666,0,32,0.001537625,20811,138728233,262.000000,26512.000000
tuple/nested_sum,6666,0,32,0.003077000,10400,69324667,1030.000000,87952.000000
tuple/join_sum,6666,0,32,0.030138250,1062,7077783,646.000000,63376.000000
tuple/join_bound,6666,0,32,0.004874792,6564,43758175,775.000000,75824.000000
tuple/group,6666,0,32,0.002051209,15601,103993303,337.000000,67928.000000
tuple/negative_index,6666,0,32,0.000883500,36220,241439728,267.000000,36144.000000
tuple/wide_sum,56043,0,32,0.012262125,2610,146253280,2054.000000,205712.000000
tuple/nested_sum,56043,0,32,0.022979833,1393,78041298,8198.000000,697232.000000
tuple/join_sum,56043,0,32,1.641835000,19,1092300,5126.000000,500624.000000
tuple/join_bound,56043,0,32,0.039085208,819,45883752,6151.000000,599088.000000
tuple/group,56043,0,32,0.015609916,2050,114886973,2159.000000,533848.000000
tuple/negative_index,56043,0,32,0.006961791,4597,257602677,2062.000000,287024.000000
compile/builtins,0,0,32,0.000071041,450444,0,55.000000,3865.000000
builtin/length,100,0,32,0.000009584,3338898,333889816,0.000000,0.000000
builtin/normalize,100,0,32,0.000026167,1222914,122291436,19.000000,363.000000
builtin/split_join,100,0,32,0.000037750,847682,84768212,32.000000,749.000000
builtin/numeric,100,0,32,0.000010208,3134796,313479624,0.000000,0.000000
builtin/average,100,0,32,0.000009667,3310231,331023068,0.000000,0.000000
builtin/type,100,0,32,0.000009041,3539431,353943148,0.000000,0.000000
builtin/keys,100,0,32,0.000017750,1802817,180281690,8.000000,468.000000
builtin/map_builtin,100,0,32,0.000016958,1887015,188701498,3.000000,208.000000
builtin/map_closure,100,0,32,0.000031666,1010548,101054759,9.000000,952.000000
builtin/reduce,100,0,32,0.000020541,1557860,155785989,4.000000,264.000000
builtin/sift,100,0,32,0.000024583,1301713,130171257,12.000000,820.000000
builtin/length,500,0,32,0.000023000,1391304,695652174,0.000000,0.000000
builtin/normalize,500,0,32,0.000038834,824020,412010094,19.000000,363.000000
builtin/split_join,500,0,32,0.000051125,625917,312958435,32.000000,749.000000
builtin/numeric,500,0,32,0.000023583,1356910,678454819,0.000000,0.000000
builtin/average,500,0,32,0.000023042,1388768,694384168,0.000000,0.000000
builtin/type,500,0,32,0.000022375,1430168,715083799,0.000000,0.000000
builtin/keys,500,0,32,0.000031333,1021287,510643730,8.000000,468.000000
builtin/map_builtin,500,0,32,0.000030625,1044898,522448980,3.000000,208.000000
builtin/map_closure,500,0,32,0.000051167,625403,312701546,9.000000,952.000000
builtin/reduce,500,0,32,0.000034125,937729,468864469,4.000000,264.000000
builtin/sift,500,0,32,0.000038250,836601,418300654,12.000000,820.000000
builtin/length,1024,0,32,0.000040250,795031,814111801,0.000000,0.000000
builtin/normalize,1024,0,32,0.000055875,572707,586451902,19.000000,363.000000
builtin/split_join,1024,0,32,0.000067958,470879,482180170,32.000000,749.000000
builtin/numeric,1024,0,32,0.000040625,787692,806596923,0.000000,0.000000
builtin/average,1024,0,32,0.000040083,798343,817503680,0.000000,0.000000
builtin/type,1024,0,32,0.000039333,813566,833091806,0.000000,0.000000
builtin/keys,1024,0,32,0.000047917,667821,683849156,8.000000,468.000000
builtin/map_builtin,1024,0,32,0.000047292,676647,692886746,3.000000,208.000000
builtin/map_closure,1024,0,32,0.000076292,419441,429507681,9.000000,952.000000
builtin/reduce,1024,0,32,0.000050875,628993,644088452,4.000000,264.000000
builtin/sift,1024,0,32,0.000054541,586715,600795732,12.000000,820.000000
builtin/length,10240,0,32,0.000347667,92042,942511081,0.000000,0.000000
builtin/normalize,10240,0,32,0.000361209,88591,907175624,19.000000,363.000000
builtin/split_join,10240,0,32,0.000387125,82661,846444947,32.000000,749.000000
builtin/numeric,10240,0,32,0.000357916,89406,915522078,0.000000,0.000000
builtin/average,10240,0,32,0.000364708,87741,898472202,0.000000,0.000000
builtin/type,10240,0,32,0.000344542,92877,951059668,0.000000,0.000000
builtin/keys,10240,0,32,0.000355291,90067,922286239,8.000000,468.000000
builtin/map_builtin,10240,0,32,0.000345417,92642,948650472,3.000000,208.000000
builtin/map_closure,10240,0,32,0.000519459,61603,630810131,9.000000,952.000000
builtin/reduce,10240,0,32,0.000347875,91987,941947539,4.000000,264.000000
builtin/sift,10240,0,32,0.000361334,88561,906861795,12.000000,820.000000
builtin/length,1048576,0,32,0.033879250,945,990412480,0.000000,0.000000
builtin/normalize,1048576,0,32,0.033831209,946,991818885,19.000000,363.000000
builtin/split_join,1048576,0,32,0.033890208,944,990092241,32.000000,749.000000
builtin/numeric,1048576,0,32,0.033815333,946,992284536,0.000000,0.000000
builtin/average,1048576,0,32,0.033907500,944,989587318,0.000000,0.000000
builtin/type,1048576,0,32,0.033825875,946,991975285,0.000000,0.000000
builtin/keys,1048576,0,32,0.033828833,946,991888547,8.000000,468.000000
builtin/map_builtin,1048576,0,32,0.033893500,944,989996076,3.000000,208.000000
builtin/map_closure,1048576,0,32,0.050635917,632,662660696,9.000000,952.000000
builtin/reduce,1048576,0,32,0.033930167,943,988926226,4.000000,264.000000
builtin/sift,1048576,0,32,0.033868875,945,990715871,12.000000,820.000000
builtin/filter_reduce,285,0,32,0.000077208,414465,118122474,7.000000,472.000000
builtin/planned_average,285,0,32,0.000029916,1069662,304853590,0.000000,0.000000
builtin/grouped_average,285,0,32,0.000068666,466024,132816823,10.000000,1016.000000
builtin/ordered_labels,285,0,32,0.000186458,171620,48911819,113.000000,3705.000000
builtin/merged_objects,285,0,32,0.000213875,149620,42641730,116.000000,7200.000000
builtin/each_group,285,0,32,0.000094333,339224,96678787,30.000000,2724.000000
builtin/distinct,285,0,32,0.000051000,627451,178823529,5.000000,480.000000
builtin/filter_reduce,4537,0,32,0.001065542,30032,136253662,11.000000,3352.000000
builtin/planned_average,4537,0,32,0.000448000,71429,324071429,0.000000,0.000000
builtin/grouped_average,4537,0,32,0.000910750,35136,159411474,18.000000,9656.000000
builtin/ordered_labels,4537,0,32,0.002823375,11334,51422145,1564.000000,53489.000000
builtin/merged_objects,4537,0,32,0.005174084,6185,28059846,1921.000000,117602.000000
builtin/each_group,4537,0,32,0.000945458,33846,153559439,38.000000,11364.000000
builtin/distinct,4537,0,32,0.000700250,45698,207331667,9.000000,6240.000000
builtin/filter_reduce,37737,0,32,0.008579209,3730,140757032,14.000000,24856.000000
builtin/planned_average,37737,0,32,0.003539542,9041,341169564,0.000000,0.000000
builtin/grouped_average,37737,0,32,0.007525958,4252,160455852,24.000000,74168.000000
builtin/ordered_labels,37737,0,32,0.022845750,1401,52858146,12397.000000,429289.000000
builtin/merged_objects,37737,0,32,0.151341875,211,7979180,15391.000000,940538.000000
builtin/each_group,37737,0,32,0.007078959,4520,170587794,44.000000,75876.000000
builtin/distinct,37737,0,32,0.005481250,5838,220311790,12.000000,49248.000000
compile/helpers,0,0,32,0.000097000,329897,0,72.000000,6457.000000
helper/round,100,0,32,0.000008292,3859141,385914134,0.000000,0.000000
helper/static_round,100,0,32,0.000003292,9720535,972053463,0.000000,0.000000
helper/decimal_round,100,0,32,0.000013000,2461538,246153846,0.000000,0.000000
helper/pad,100,0,32,0.000013167,2430318,243031822,5.000000,83.000000
helper/pad_unchanged,100,0,32,0.000008375,3820896,382089552,0.000000,0.000000
helper/uri_unchanged,100,0,32,0.000007834,4084759,408475874,0.000000,0.000000
helper/base64,100,0,32,0.000010583,3023717,302371728,5.000000,48.000000
helper/sort,100,0,32,0.000015083,2121594,212159385,5.000000,264.000000
helper/zip,100,0,32,0.000020125,1590062,159006211,11.000000,816.000000
helper/single,100,0,32,0.000017750,1802817,180281690,4.000000,264.000000
helper/assert,100,0,32,0.000008584,3727866,372786580,0.000000,0.000000
helper/static_sort,100,0,32,0.000003584,8928571,892857143,1.000000,16.000000
helper/round,500,0,32,0.000024209,1321822,660911231,0.000000,0.000000
helper/static_round,500,0,32,0.000010375,3084337,1542168675,0.000000,0.000000
helper/decimal_round,500,0,32,0.000026625,1201878,600938967,0.000000,0.000000
helper/pad,500,0,32,0.000027208,1176125,588062335,5.000000,83.000000
helper/pad_unchanged,500,0,32,0.000022042,1451774,725886943,0.000000,0.000000
helper/uri_unchanged,500,0,32,0.000021791,1468496,734248084,0.000000,0.000000
helper/base64,500,0,32,0.000024625,1299492,649746193,5.000000,48.000000
helper/sort,500,0,32,0.000029084,1100261,550130656,5.000000,264.000000
helper/zip,500,0,32,0.000040709,786067,393033482,11.000000,816.000000
helper/single,500,0,32,0.000031583,1013203,506601653,4.000000,264.000000
helper/assert,500,0,32,0.000022292,1435493,717746277,0.000000,0.000000
helper/static_sort,500,0,32,0.000010709,2988141,1494070408,1.000000,16.000000
helper/round,1024,0,32,0.000046375,690027,706587601,0.000000,0.000000
helper/static_round,1024,0,32,0.000019166,1669623,1709694250,0.000000,0.000000
helper/decimal_round,1024,0,32,0.000044084,725887,743308230,0.000000,0.000000
helper/pad,1024,0,32,0.000044375,721127,738433803,5.000000,83.000000
helper/pad_unchanged,1024,0,32,0.000040583,788508,807431683,0.000000,0.000000
helper/uri_unchanged,1024,0,32,0.000038542,830263,850189404,0.000000,0.000000
helper/base64,1024,0,32,0.000041333,774200,792780587,5.000000,48.000000
helper/sort,1024,0,32,0.000045625,701370,718202740,5.000000,264.000000
helper/zip,1024,0,32,0.000065833,486078,497744292,11.000000,816.000000
helper/single,1024,0,32,0.000048542,659223,675044292,4.000000,264.000000
helper/assert,1024,0,32,0.000038792,824912,844710250,0.000000,0.000000
helper/static_sort,1024,0,32,0.000019209,1665886,1705867041,1.000000,16.000000
helper/round,10240,0,32,0.000336250,95167,974513011,0.000000,0.000000
helper/static_round,10240,0,32,0.000170083,188143,1926588783,0.000000,0.000000
helper/decimal_round,10240,0,32,0.000341042,93830,960820075,0.000000,0.000000
helper/pad,10240,0,32,0.000341542,93693,959413484,5.000000,83.000000
helper/pad_unchanged,10240,0,32,0.000336500,95097,973789004,0.000000,0.000000
helper/uri_unchanged,10240,0,32,0.000356333,89804,919589261,0.000000,0.000000
helper/base64,10240,0,32,0.000359542,89002,911381702,5.000000,48.000000
helper/sort,10240,0,32,0.000343292,93215,954522680,5.000000,264.000000
helper/zip,10240,0,32,0.000510500,62684,641880509,11.000000,816.000000
helper/single,10240,0,32,0.000351291,91093,932787917,4.000000,264.000000
helper/assert,10240,0,32,0.000336125,95203,974875418,0.000000,0.000000
helper/static_sort,10240,0,32,0.000170416,187776,1922824148,1.000000,16.000000
helper/round,1048576,0,32,0.034057041,940,985242141,0.000000,0.000000
helper/static_round,1048576,0,32,0.017181667,1862,1952920633,0.000000,0.000000
helper/decimal_round,1048576,0,32,0.033807958,947,992500996,0.000000,0.000000
helper/pad,1048576,0,32,0.033817583,946,992218515,5.000000,83.000000
helper/pad_unchanged,1048576,0,32,0.033693583,950,995870104,0.000000,0.000000
helper/uri_unchanged,1048576,0,32,0.033802500,947,992661253,0.000000,0.000000
helper/base64,1048576,0,32,0.033829125,946,991879985,5.000000,48.000000
helper/sort,1048576,0,32,0.033856958,945,991064584,5.000000,264.000000
helper/zip,1048576,0,32,0.050486333,634,664624068,11.000000,816.000000
helper/single,1048576,0,32,0.033901250,944,989769758,4.000000,264.000000
helper/assert,1048576,0,32,0.033827500,946,991927633,0.000000,0.000000
helper/static_sort,1048576,0,32,0.017210250,1859,1949677198,1.000000,16.000000
helper/sort_sequence,162,0,32,0.000044625,717087,116168067,9.000000,992.000000
helper/zip_sequence,162,0,32,0.000071334,448594,72672218,28.000000,2160.000000
helper/sort_callback,162,0,32,0.000094333,339224,54954258,15.000000,1544.000000
helper/single_sequence,162,0,32,0.000048833,655295,106157721,7.000000,600.000000
helper/group_round,162,0,32,0.000065000,492308,79753846,10.000000,1016.000000
helper/filtered_sorted,162,0,32,0.000137458,232798,37713338,53.000000,2452.000000
helper/sort_sequence,2588,0,32,0.000671708,47640,123291668,17.000000,17312.000000
helper/zip_sequence,2588,0,32,0.000890917,35918,92955909,280.000000,30960.000000
helper/sort_callback,2588,0,32,0.002115167,15129,39153410,27.000000,23624.000000
helper/single_sequence,2588,0,32,0.000613875,52128,134906944,11.000000,6360.000000
helper/group_round,2588,0,32,0.000699958,45717,118315670,18.000000,9656.000000
helper/filtered_sorted,2588,0,32,0.002470542,12953,33521389,787.000000,39953.000000
helper/sort_sequence,21428,0,32,0.005912291,5412,115978053,23.000000,139168.000000
helper/zip_sequence,21428,0,32,0.006719458,4762,102046326,2081.000000,246000.000000
helper/sort_callback,21428,0,32,0.021993750,1455,31176857,36.000000,188488.000000
helper/single_sequence,21428,0,32,0.004845750,6604,141504617,14.000000,49368.000000
helper/group_round,21428,0,32,0.005302875,6034,129306461,24.000000,74168.000000
helper/filtered_sorted,21428,0,32,0.021901875,1461,31307639,6127.000000,318541.000000
helper/uri_roundtrip,136,0,32,0.000149958,213393,29021459,24.000000,5422.000000
helper/base64_roundtrip,136,0,32,0.000057541,556125,75633027,19.000000,2097.000000
helper/uri_roundtrip,1031,0,32,0.000998833,32037,33030547,30.000000,43363.000000
helper/base64_roundtrip,1031,0,32,0.000309083,103532,106741555,22.000000,16434.000000
helper/uri_roundtrip,10251,0,32,0.009782917,3271,33531103,36.000000,409675.000000
helper/base64_roundtrip,10251,0,32,0.002849750,11229,115109045,25.000000,156066.000000
helper/uri_roundtrip,1048586,0,32,1.035495875,31,32404525,50.000000,44459678.000000
helper/base64_roundtrip,1048586,0,32,0.286899375,112,116956518,32.000000,16812233.000000
compile/formatting,0,0,32,0.000218125,146705,0,172.000000,15773.000000
format/number_static,200,0,32,0.000019834,1613391,322678229,2.000000,54.000000
format/number_context,200,0,32,0.000021417,1494140,298828034,2.000000,54.000000
format/number_dynamic,200,0,32,0.000040834,783661,156732135,20.000000,569.000000
format/integer_static,200,0,32,0.000013750,2327273,465454545,2.000000,32.000000
format/integer_dynamic,200,0,32,0.000023958,1335671,267134151,5.000000,120.000000
format/integer_parse_static,200,0,32,0.000011500,2782609,556521739,1.000000,8.000000
format/words_static,200,0,32,0.000018375,1741497,348299320,5.000000,184.000000
format/date_static,200,0,32,0.000016416,1949318,389863548,2.000000,51.000000
format/date_context,200,0,32,0.000018209,1757373,351474546,2.000000,51.000000
format/date_dynamic,200,0,32,0.000035042,913190,182637977,15.000000,2005.000000
format/date_iso,200,0,32,0.000021542,1485470,297094049,2.000000,101.000000
format/date_parse_iso,200,0,32,0.000010833,2953937,590787409,0.000000,0.000000
format/date_parse_constant,200,0,32,0.000004750,6736842,1347368421,0.000000,0.000000
format/date_parse_static,200,0,32,0.000019875,1610063,322012579,6.000000,1360.000000
format/date_parse_dynamic,200,0,32,0.000144833,220944,44188824,89.000000,10609.000000
format/mixed,200,0,32,0.000055542,576141,115228116,13.000000,1889.000000
format/number_static,500,0,32,0.000029709,1077115,538557340,2.000000,54.000000
format/number_context,500,0,32,0.000031584,1013171,506585613,2.000000,54.000000
format/number_dynamic,500,0,32,0.000056125,570156,285077951,20.000000,569.000000
format/integer_static,500,0,32,0.000023959,1335615,667807504,2.000000,32.000000
format/integer_dynamic,500,0,32,0.000039000,820513,410256410,5.000000,120.000000
format/integer_parse_static,500,0,32,0.000021583,1482648,741324190,1.000000,8.000000
format/words_static,500,0,32,0.000027958,1144574,572287002,5.000000,184.000000
format/date_static,500,0,32,0.000026417,1211341,605670591,2.000000,51.000000
format/date_context,500,0,32,0.000028375,1127753,563876652,2.000000,51.000000
format/date_dynamic,500,0,32,0.000049875,641604,320802005,15.000000,2005.000000
format/date_iso,500,0,32,0.000029208,1095590,547795125,2.000000,101.000000
format/date_parse_iso,500,0,32,0.000020583,1554681,777340524,0.000000,0.000000
format/date_parse_constant,500,0,32,0.000009667,3310231,1655115341,0.000000,0.000000
format/date_parse_static,500,0,32,0.000029875,1071130,535564854,6.000000,1360.000000
format/date_parse_dynamic,500,0,32,0.000157583,203068,101533795,89.000000,10609.000000
format/mixed,500,0,32,0.000075125,425957,212978369,13.000000,1889.000000
format/number_static,1024,0,32,0.000046625,686327,702798928,2.000000,54.000000
format/number_context,1024,0,32,0.000048542,659223,675044292,2.000000,54.000000
format/number_dynamic,1024,0,32,0.000081792,391236,400625978,20.000000,569.000000
format/integer_static,1024,0,32,0.000040958,781288,800039064,2.000000,32.000000
format/integer_dynamic,1024,0,32,0.000064459,496440,508354148,5.000000,120.000000
format/integer_parse_static,1024,0,32,0.000038750,825806,845625806,1.000000,8.000000
format/words_static,1024,0,32,0.000044875,713092,730206128,5.000000,184.000000
format/date_static,1024,0,32,0.000043333,738467,756190432,2.000000,51.000000
format/date_context,1024,0,32,0.000045375,705234,722159780,2.000000,51.000000
format/date_dynamic,1024,0,32,0.000075166,425724,435941782,15.000000,2005.000000
format/date_iso,1024,0,32,0.000046208,692521,709141274,2.000000,101.000000
format/date_parse_iso,1024,0,32,0.000037791,846762,867084756,0.000000,0.000000
format/date_parse_constant,1024,0,32,0.000018375,1741497,1783292517,0.000000,0.000000
format/date_parse_static,1024,0,32,0.000046125,693767,710417344,6.000000,1360.000000
format/date_parse_dynamic,1024,0,32,0.000181625,176187,180415692,89.000000,10609.000000
format/mixed,1024,0,32,0.000109083,293355,300395112,13.000000,1889.000000
format/number_static,10240,0,32,0.000346625,92319,945344392,2.000000,54.000000
format/number_context,10240,0,32,0.000345792,92541,947621692,2.000000,54.000000
format/number_dynamic,10240,0,32,0.000524917,60962,624251072,20.000000,569.000000
format/integer_static,10240,0,32,0.000344375,92922,951520871,2.000000,32.000000
format/integer_dynamic,10240,0,32,0.000507792,63018,645303589,5.000000,120.000000
format/integer_parse_static,10240,0,32,0.000338209,94616,968868362,1.000000,8.000000
format/words_static,10240,0,32,0.000342167,93522,957661025,5.000000,184.000000
format/date_static,10240,0,32,0.000345583,92597,948194790,2.000000,51.000000
format/date_context,10240,0,32,0.000342709,93374,956146468,2.000000,51.000000
format/date_dynamic,10240,0,32,0.000527000,60721,621783681,15.000000,2005.000000
format/date_iso,10240,0,32,0.000346208,92430,946483039,2.000000,101.000000
format/date_parse_iso,10240,0,32,0.000335125,95487,977784409,0.000000,0.000000
format/date_parse_constant,10240,0,32,0.000169584,188697,1932257760,0.000000,0.000000
format/date_parse_static,10240,0,32,0.000343667,93113,953481131,6.000000,1360.000000
format/date_parse_dynamic,10240,0,32,0.000625875,51128,523555023,89.000000,10609.000000
format/mixed,10240,0,32,0.000702208,45571,466642362,13.000000,1889.000000
format/number_static,1048576,0,32,0.033957833,942,988120532,2.000000,54.000000
format/number_context,1048576,0,32,0.033873709,945,990574489,2.000000,54.000000
format/number_dynamic,1048576,0,32,0.050598625,632,663149088,20.000000,569.000000
format/integer_static,1048576,0,32,0.033873000,945,990595223,2.000000,32.000000
format/integer_dynamic,1048576,0,32,0.050520292,633,664177317,5.000000,120.000000
format/integer_parse_static,1048576,0,32,0.033909625,944,989525304,1.000000,8.000000
format/words_static,1048576,0,32,0.033853083,945,991178027,5.000000,184.000000
format/date_static,1048576,0,32,0.033867208,945,990764636,2.000000,51.000000
format/date_context,1048576,0,32,0.033872083,945,990622041,2.000000,51.000000
format/date_dynamic,1048576,0,32,0.050503959,634,664392112,15.000000,2005.000000
format/date_iso,1048576,0,32,0.033887208,944,990179893,2.000000,101.000000
format/date_parse_iso,1048576,0,32,0.033813708,946,992332222,0.000000,0.000000
format/date_parse_constant,1048576,0,32,0.017226125,1858,1947880443,0.000000,0.000000
format/date_parse_static,1048576,0,32,0.033882042,944,990330866,6.000000,1360.000000
format/date_parse_dynamic,1048576,0,32,0.050670542,632,662207876,89.000000,10609.000000
format/mixed,1048576,0,32,0.067160250,476,499617437,13.000000,1889.000000
format/filtered_rows,218,0,32,0.000149292,214345,46727219,28.000000,1604.000000
format/filtered_date_sum,234,0,32,0.000096416,331895,77663458,24.000000,5440.000000
format/filtered_rows,3484,0,32,0.002442167,13103,45651260,448.000000,25664.000000
format/filtered_date_sum,3740,0,32,0.001490417,21471,80299675,384.000000,87040.000000
format/filtered_rows,28596,0,32,0.019510458,1640,46901616,3584.000000,205312.000000
format/filtered_date_sum,30644,0,32,0.011704917,2734,83777442,3072.000000,696320.000000
compile/function_signature,0,0,32,0.000055291,578756,0,49.000000,3284.000000
compile/function_tail,0,0,32,0.000070042,456869,0,54.000000,3431.000000
function/builtin,100,0,32,0.000007750,4129032,412903226,0.000000,0.000000
function/direct,100,0,32,0.000007292,4388371,438837082,3.000000,200.000000
function/signed,100,0,32,0.000008375,3820896,382089552,3.000000,200.000000
function/named,100,0,32,0.000014583,2194336,219433587,6.000000,648.000000
function/signed_named,100,0,32,0.000016000,2000000,200000000,6.000000,648.000000
function/signature_context,100,0,32,0.000019166,1669623,166962329,6.000000,648.000000
function/signature_array,100,0,32,0.000010750,2976744,297674419,5.000000,584.000000
function/signature_promote,100,0,32,0.000010917,2931208,293120821,7.000000,656.000000
function/signature_optional,100,0,32,0.000008750,3657143,365714286,3.000000,200.000000
function/signature_variadic,100,0,32,0.000010458,3059858,305985848,3.000000,200.000000
function/closure,100,0,32,0.000021583,1482648,148264838,7.000000,808.000000
function/partial,100,0,32,0.000022375,1430168,143016760,8.000000,760.000000
function/callback,100,0,32,0.000019125,1673203,167320261,6.000000,408.000000
function/signed_callback,100,0,32,0.000023083,1386302,138630161,6.000000,408.000000
function/partial_callback,100,0,32,0.000027458,1165416,116541627,8.000000,520.000000
function/mixed,100,0,32,0.000042958,744914,74491364,11.000000,1216.000000
rust/function_scalar,100,0,32,0.000016792,1905669,190566937,0.000000,0.000000
function/builtin,500,0,32,0.000021208,1508865,754432290,0.000000,0.000000
function/direct,500,0,32,0.000014083,2272243,1136121565,3.000000,200.000000
function/signed,500,0,32,0.000015083,2121594,1060796924,3.000000,200.000000
function/named,500,0,32,0.000028333,1129425,564712526,6.000000,648.000000
function/signed_named,500,0,32,0.000029666,1078676,539337963,6.000000,648.000000
function/signature_context,500,0,32,0.000032875,973384,486692015,6.000000,648.000000
function/signature_array,500,0,32,0.000018041,1773738,886868799,5.000000,584.000000
function/signature_promote,500,0,32,0.000017625,1815603,907801418,7.000000,656.000000
function/signature_optional,500,0,32,0.000015708,2037179,1018589254,3.000000,200.000000
function/signature_variadic,500,0,32,0.000017583,1819940,909969857,3.000000,200.000000
function/closure,500,0,32,0.000041958,762667,381333715,7.000000,808.000000
function/partial,500,0,32,0.000044291,722494,361247206,8.000000,760.000000
function/callback,500,0,32,0.000033167,964814,482407212,6.000000,408.000000
function/signed_callback,500,0,32,0.000043958,727968,363983803,6.000000,408.000000
function/partial_callback,500,0,32,0.000047791,669582,334791069,8.000000,520.000000
function/mixed,500,0,32,0.000070208,455789,227894257,11.000000,1216.000000
rust/function_scalar,500,0,32,0.000010584,3023432,1511715797,0.000000,0.000000
function/builtin,1024,0,32,0.000038250,836601,856679739,0.000000,0.000000
function/direct,1024,0,32,0.000022917,1396343,1429855566,3.000000,200.000000
function/signed,1024,0,32,0.000023833,1342676,1374900348,3.000000,200.000000
function/named,1024,0,32,0.000045042,710448,727498779,6.000000,648.000000
function/signed_named,1024,0,32,0.000046375,690027,706587601,6.000000,648.000000
function/signature_context,1024,0,32,0.000049667,644291,659753961,6.000000,648.000000
function/signature_array,1024,0,32,0.000026500,1207547,1236528302,5.000000,584.000000
function/signature_promote,1024,0,32,0.000026208,1221001,1250305250,7.000000,656.000000
function/signature_optional,1024,0,32,0.000024250,1319588,1351257732,3.000000,200.000000
function/signature_variadic,1024,0,32,0.000026208,1221001,1250305250,3.000000,200.000000
function/closure,1024,0,32,0.000067042,477313,488768235,7.000000,808.000000
function/partial,1024,0,32,0.000067333,475250,486655875,8.000000,760.000000
function/callback,1024,0,32,0.000049834,642132,657543043,6.000000,408.000000
function/signed_callback,1024,0,32,0.000054125,591224,605413395,6.000000,408.000000
function/partial_callback,1024,0,32,0.000076417,418755,428805109,8.000000,520.000000
function/mixed,1024,0,32,0.000104250,306954,314321343,11.000000,1216.000000
rust/function_scalar,1024,0,32,0.000019416,1648125,1687680264,0.000000,0.000000
function/builtin,10240,0,32,0.000335250,95451,977419836,0.000000,0.000000
function/direct,10240,0,32,0.000173916,183997,1884127970,3.000000,200.000000
function/signed,10240,0,32,0.000175000,182857,1872457143,3.000000,200.000000
function/named,10240,0,32,0.000342541,93419,956615412,6.000000,648.000000
function/signed_named,10240,0,32,0.000343667,93113,953481131,6.000000,648.000000
function/signature_context,10240,0,32,0.000346875,92252,944663063,6.000000,648.000000
function/signature_array,10240,0,32,0.000177917,179859,1841757674,5.000000,584.000000
function/signature_promote,10240,0,32,0.000177458,180324,1846521430,7.000000,656.000000
function/signature_optional,10240,0,32,0.000175458,182380,1867569447,3.000000,200.000000
function/signature_variadic,10240,0,32,0.000180083,177696,1819605404,3.000000,200.000000
function/closure,10240,0,32,0.000510750,62653,641566324,7.000000,808.000000
function/partial,10240,0,32,0.000511166,62602,641044201,8.000000,760.000000
function/callback,10240,0,32,0.000346791,92275,944891880,6.000000,408.000000
function/signed_callback,10240,0,32,0.000350958,91179,933672975,6.000000,408.000000
function/partial_callback,10240,0,32,0.000516250,61985,634731235,8.000000,520.000000
function/mixed,10240,0,32,0.000692875,46184,472928017,11.000000,1216.000000
rust/function_scalar,10240,0,32,0.000170792,187362,1918591035,0.000000,0.000000
function/builtin,1048576,0,32,0.033839917,946,991563661,0.000000,0.000000
function/direct,1048576,0,32,0.017203542,1860,1950437416,3.000000,200.000000
function/signed,1048576,0,32,0.017204000,1860,1950385492,3.000000,200.000000
function/named,1048576,0,32,0.033883542,944,990287025,6.000000,648.000000
function/signed_named,1048576,0,32,0.033890083,944,990095893,6.000000,648.000000
function/signature_context,1048576,0,32,0.033860458,945,990962142,6.000000,648.000000
function/signature_array,1048576,0,32,0.017230209,1857,1947418746,5.000000,584.000000
function/signature_promote,1048576,0,32,0.017214791,1859,1949162903,7.000000,656.000000
function/signature_optional,1048576,0,32,0.017219375,1858,1948644013,3.000000,200.000000
function/signature_variadic,1048576,0,32,0.017179792,1863,1953133775,3.000000,200.000000
function/closure,1048576,0,32,0.050555167,633,663719141,7.000000,808.000000
function/partial,1048576,0,32,0.050486375,634,664623515,8.000000,760.000000
function/callback,1048576,0,32,0.033546292,954,1000242650,6.000000,408.000000
function/signed_callback,1048576,0,32,0.033884666,944,990254176,6.000000,408.000000
function/partial_callback,1048576,0,32,0.050373334,635,666114973,8.000000,520.000000
function/mixed,1048576,0,32,0.067145333,477,499728432,11.000000,1216.000000
rust/function_scalar,1048576,0,32,0.016773208,1908,2000477905,0.000000,0.000000
function/tail_8,34,0,32,0.000049417,647550,22016715,7.000000,808.000000
function/signed_tail_8,34,0,32,0.000061875,517172,17583838,7.000000,808.000000
function/tail_block_8,34,0,32,0.000064500,496124,16868217,8.000000,968.000000
function/tail_borrow_8,34,0,32,0.000048333,662074,22510500,7.000000,808.000000
function/tail_escape_once_8,34,0,32,0.000059500,537815,18285714,10.000000,1096.000000
function/recursion_8,34,0,32,0.000061292,522091,17751093,17.000000,3432.000000
rust/function_tail_8,34,0,32,0.000001500,21333333,725333333,0.000000,0.000000
function/tail_32,35,0,32,0.000158334,202104,7073654,7.000000,808.000000
function/signed_tail_32,35,0,32,0.000207375,154310,5400844,7.000000,808.000000
function/tail_block_32,35,0,32,0.000209458,152775,5347134,8.000000,968.000000
function/tail_borrow_32,35,0,32,0.000140042,228503,7997601,7.000000,808.000000
function/tail_escape_once_32,35,0,32,0.000180000,177778,6222222,10.000000,1096.000000
function/recursion_32,35,0,32,0.000205916,155403,5439111,43.000000,12648.000000
rust/function_tail_32,35,0,32,0.000001833,17457720,611020185,0.000000,0.000000
function/tail_64,35,0,32,0.000291667,109714,3839996,7.000000,808.000000
function/signed_tail_64,35,0,32,0.000376375,85022,2975756,7.000000,808.000000
function/tail_block_64,35,0,32,0.000403625,79282,2774853,8.000000,968.000000
function/tail_borrow_64,35,0,32,0.000263250,121557,4254511,7.000000,808.000000
function/tail_escape_once_64,35,0,32,0.000345875,92519,3238164,10.000000,1096.000000
rust/function_tail_64,35,0,32,0.000002375,13473684,471578947,0.000000,0.000000
function/tail_1024,37,0,32,0.004458416,7177,265565,7.000000,808.000000
function/signed_tail_1024,37,0,32,0.005703916,5610,207577,7.000000,808.000000
function/tail_block_1024,37,0,32,0.006157250,5197,192294,8.000000,968.000000
function/tail_borrow_1024,37,0,32,0.004033209,7934,293563,7.000000,808.000000
function/tail_escape_once_1024,37,0,32,0.005142625,6223,230233,10.000000,1096.000000
rust/function_tail_1024,37,0,32,0.000021250,1505882,55717647,0.000000,0.000000
function/tail_100000,39,0,32,0.423570666,76,2946,7.000000,808.000000
function/signed_tail_100000,39,0,32,0.561197792,57,2224,7.000000,808.000000
function/tail_block_100000,39,0,32,0.595475291,54,2096,8.000000,968.000000
function/tail_borrow_100000,39,0,32,0.382843041,84,3260,7.000000,808.000000
function/tail_escape_once_100000,39,0,32,0.502436125,64,2484,10.000000,1096.000000
rust/function_tail_100000,39,0,32,0.001982125,16144,629627,0.000000,0.000000
function/tail_capture_each_8,7,0,32,0.000060334,530381,3712666,26.000000,4008.000000
function/tail_capture_each_128,9,0,32,0.000669542,47794,430145,270.000000,57768.000000
function/tail_capture_each_1024,10,0,32,0.005188958,6167,61669,2065.000000,459176.000000
compile/eval_static,0,0,32,0.000024833,1288608,0,25.000000,1182.000000
compile/eval_dynamic,0,0,32,0.000009750,3282051,0,9.000000,664.000000
compile/eval_nested,0,0,32,0.000040375,792570,0,37.000000,1875.000000
eval/static_scalar,100,0,32,0.000012541,2551631,255163065,0.000000,0.000000
eval/dynamic_scalar,100,0,32,0.000036041,887878,88787769,21.000000,924.000000
eval/static_literal,100,0,32,0.000004875,6564103,656410256,1.000000,16.000000
eval/context,100,0,32,0.000011166,2865843,286584274,0.000000,0.000000
eval/nested,100,0,32,0.000013167,2430318,243031822,0.000000,0.000000
eval/inherited,100,0,32,0.000018875,1695364,169536424,5.000000,584.000000
eval/static_closure,100,0,32,0.000021250,1505882,150588235,6.000000,648.000000
eval/folded_literal,100,0,32,0.000004834,6619777,661977658,1.000000,16.000000
eval/mixed,100,0,32,0.000026542,1205636,120563635,9.000000,784.000000
effect/random,100,0,32,0.000006083,5260562,526056222,4.000000,232.000000
effect/random_injected,100,0,32,0.000005667,5646727,564672666,3.000000,200.000000
effect/shuffle,100,0,32,0.000013250,2415094,241509434,6.000000,376.000000
effect/shuffle_empty,100,0,32,0.000006334,5052100,505209978,4.000000,216.000000
effect/shuffle_single,100,0,32,0.000006375,5019608,501960784,4.000000,216.000000
eval/static_scalar,500,0,32,0.000032458,985889,492944729,0.000000,0.000000
eval/dynamic_scalar,500,0,32,0.000063209,506257,253128510,21.000000,924.000000
eval/static_literal,500,0,32,0.000011584,2762431,1381215470,1.000000,16.000000
eval/context,500,0,32,0.000024791,1290791,645395506,0.000000,0.000000
eval/nested,500,0,32,0.000033375,958801,479400749,0.000000,0.000000
eval/inherited,500,0,32,0.000039042,819630,409815071,5.000000,584.000000
eval/static_closure,500,0,32,0.000041291,774987,387493643,6.000000,648.000000
eval/folded_literal,500,0,32,0.000011583,2762669,1381334715,1.000000,16.000000
eval/mixed,500,0,32,0.000046750,684492,342245989,9.000000,784.000000
effect/random,500,0,32,0.000012958,2469517,1234758450,4.000000,232.000000
effect/random_injected,500,0,32,0.000012459,2568424,1284212216,3.000000,200.000000
effect/shuffle,500,0,32,0.000026500,1207547,603773585,6.000000,376.000000
effect/shuffle_empty,500,0,32,0.000013209,2422591,1211295329,4.000000,216.000000
effect/shuffle_single,500,0,32,0.000013167,2430318,1215159110,4.000000,216.000000
eval/static_scalar,1024,0,32,0.000058041,551334,564566427,0.000000,0.000000
eval/dynamic_scalar,1024,0,32,0.000096625,331177,339125485,21.000000,924.000000
eval/static_literal,1024,0,32,0.000020250,1580247,1618172840,1.000000,16.000000
eval/context,1024,0,32,0.000041875,764179,782519403,0.000000,0.000000
eval/nested,1024,0,32,0.000058917,543137,556172242,0.000000,0.000000
eval/inherited,1024,0,32,0.000063917,500649,512664862,5.000000,584.000000
eval/static_closure,1024,0,32,0.000066084,484232,495853762,6.000000,648.000000
eval/folded_literal,1024,0,32,0.000020208,1583531,1621536025,1.000000,16.000000
eval/mixed,1024,0,32,0.000071875,445217,455902609,9.000000,784.000000
effect/random,1024,0,32,0.000021542,1485470,1521121530,4.000000,232.000000
effect/random_injected,1024,0,32,0.000021125,1514793,1551147929,3.000000,200.000000
effect/shuffle,1024,0,32,0.000043750,731429,748982857,6.000000,376.000000
effect/shuffle_empty,1024,0,32,0.000021833,1465671,1500847341,4.000000,216.000000
effect/shuffle_single,1024,0,32,0.000021875,1462857,1497965714,4.000000,216.000000
eval/static_scalar,10240,0,32,0.000504166,63471,649944661,0.000000,0.000000
eval/dynamic_scalar,10240,0,32,0.000695333,46021,471256218,21.000000,924.000000
eval/static_literal,10240,0,32,0.000176750,181047,1853917963,1.000000,16.000000
eval/context,10240,0,32,0.000339083,94372,966371065,0.000000,0.000000
eval/nested,10240,0,32,0.000502666,63661,651884154,0.000000,0.000000
eval/inherited,10240,0,32,0.000507541,63049,645622718,5.000000,584.000000
eval/static_closure,10240,0,32,0.000509500,62807,643140334,6.000000,648.000000
eval/folded_literal,10240,0,32,0.000175625,182206,1865793594,1.000000,16.000000
eval/mixed,10240,0,32,0.000518834,61677,631570020,9.000000,784.000000
effect/random,10240,0,32,0.000172834,185149,1895923256,4.000000,232.000000
effect/random_injected,10240,0,32,0.000172417,185597,1900508651,3.000000,200.000000
effect/shuffle,10240,0,32,0.000341000,93842,960938416,6.000000,376.000000
effect/shuffle_empty,10240,0,32,0.000173291,184660,1890923360,4.000000,216.000000
effect/shuffle_single,10240,0,32,0.000173209,184748,1891818554,4.000000,216.000000
eval/static_scalar,1048576,0,32,0.050609208,632,663010415,0.000000,0.000000
eval/dynamic_scalar,1048576,0,32,0.067469291,474,497328955,21.000000,924.000000
eval/static_literal,1048576,0,32,0.017293167,1850,1940328917,1.000000,16.000000
eval/context,1048576,0,32,0.033931417,943,988889795,0.000000,0.000000
eval/nested,1048576,0,32,0.050664875,632,662281946,0.000000,0.000000
eval/inherited,1048576,0,32,0.050171000,638,668801339,5.000000,584.000000
eval/static_closure,1048576,0,32,0.050722459,631,661530073,6.000000,648.000000
eval/folded_literal,1048576,0,32,0.017267000,1853,1943269358,1.000000,16.000000
eval/mixed,1048576,0,32,0.050754500,630,661112453,9.000000,784.000000
effect/random,1048576,0,32,0.017278709,1852,1941952492,4.000000,232.000000
effect/random_injected,1048576,0,32,0.017249834,1855,1945203183,3.000000,200.000000
effect/shuffle,1048576,0,32,0.034016458,941,986417575,6.000000,376.000000
effect/shuffle_empty,1048576,0,32,0.017177334,1863,1953413260,4.000000,216.000000
effect/shuffle_single,1048576,0,32,0.017338000,1846,1935311570,4.000000,216.000000
eval/dynamic_closure_map,61,0,32,0.000081708,391639,23889950,46.000000,3323.000000
eval/static_map,61,0,32,0.000030667,1043467,63651482,3.000000,336.000000
effect/shuffle_sum,61,0,32,0.000017958,1781936,108698073,7.000000,568.000000
eval/dynamic_closure_map,447,0,32,0.000420084,76175,34050333,50.000000,9083.000000
eval/static_map,447,0,32,0.000359375,89043,39802435,7.000000,6096.000000
effect/shuffle_sum,447,0,32,0.000136542,234360,104758975,11.000000,6328.000000
eval/dynamic_closure_map,4055,0,32,0.002942584,10875,44097297,53.000000,52091.000000
eval/static_map,4055,0,32,0.002801292,11423,46321483,10.000000,49104.000000
effect/shuffle_sum,4055,0,32,0.000974375,32842,133172547,14.000000,49336.000000
compile/conversion,0,0,32,0.000123542,259021,0,105.000000,6865.000000
compile/composition,0,0,32,0.000047000,680851,0,36.000000,2529.000000
conversion/string_identity,100,0,32,0.000004333,7385183,738518348,0.000000,0.000000
conversion/number_text,100,0,32,0.000004959,6452914,645291389,0.000000,0.000000
conversion/number_value,100,0,32,0.000004833,6621146,662114629,0.000000,0.000000
conversion/string_number,100,0,32,0.000013375,2392523,239252336,8.000000,108.000000
conversion/string_object,100,0,32,0.000016917,1891588,189158834,12.000000,423.000000
conversion/string_pretty,100,0,32,0.000022458,1424882,142488200,12.000000,453.000000
conversion/concat,100,0,32,0.000025875,1236715,123671498,14.000000,254.000000
conversion/folded,100,0,32,0.000003375,9481481,948148148,0.000000,0.000000
conversion/constructor,100,0,32,0.000032959,970903,97090324,13.000000,564.000000
conversion/chain_direct,100,0,32,0.000020000,1600000,160000000,12.000000,214.000000
conversion/chain_values,100,0,32,0.000035834,893007,89300664,27.000000,1184.000000
conversion/partial,100,0,32,0.000034208,935454,93545370,24.000000,1214.000000
conversion/partial_reused,100,0,32,0.000048417,660925,66092488,31.000000,2196.000000
conversion/sum_direct,100,0,32,0.000008667,3692166,369216569,0.000000,0.000000
conversion/sum_chain,100,0,32,0.000008583,3728300,372830013,0.000000,0.000000
conversion/sum_function,100,0,32,0.000011834,2704073,270407301,4.000000,264.000000
conversion/sum_partial,100,0,32,0.000013709,2334233,233423299,6.000000,352.000000
rust/number_text,100,0,32,0.000004083,7837374,783737448,0.000000,0.000000
conversion/string_identity,500,0,32,0.000011125,2876404,1438202247,0.000000,0.000000
conversion/number_text,500,0,32,0.000012000,2666667,1333333333,0.000000,0.000000
conversion/number_value,500,0,32,0.000011833,2704302,1352150765,0.000000,0.000000
conversion/string_number,500,0,32,0.000020417,1567321,783660675,8.000000,108.000000
conversion/string_object,500,0,32,0.000023833,1342676,671338061,12.000000,423.000000
conversion/string_pretty,500,0,32,0.000035916,890968,445483907,12.000000,453.000000
conversion/concat,500,0,32,0.000045916,696925,348462410,14.000000,254.000000
conversion/folded,500,0,32,0.000010250,3121951,1560975610,0.000000,0.000000
conversion/constructor,500,0,32,0.000059959,533698,266849013,13.000000,564.000000
conversion/chain_direct,500,0,32,0.000033542,954028,477013893,12.000000,214.000000
conversion/chain_values,500,0,32,0.000048667,657530,328764871,27.000000,1184.000000
conversion/partial,500,0,32,0.000046875,682667,341333333,24.000000,1214.000000
conversion/partial_reused,500,0,32,0.000068542,466867,233433515,31.000000,2196.000000
conversion/sum_direct,500,0,32,0.000022250,1438202,719101124,0.000000,0.000000
conversion/sum_chain,500,0,32,0.000022084,1449013,724506430,0.000000,0.000000
conversion/sum_function,500,0,32,0.000025417,1259000,629499941,4.000000,264.000000
conversion/sum_partial,500,0,32,0.000027042,1183344,591672214,6.000000,352.000000
rust/number_text,500,0,32,0.000010834,2953664,1476832195,0.000000,0.000000
conversion/string_identity,1024,0,32,0.000019791,1616897,1655702087,0.000000,0.000000
conversion/number_text,1024,0,32,0.000020583,1554681,1591993393,0.000000,0.000000
conversion/number_value,1024,0,32,0.000020417,1567321,1604937062,0.000000,0.000000
conversion/string_number,1024,0,32,0.000029375,1089362,1115506383,8.000000,108.000000
conversion/string_object,1024,0,32,0.000032541,983375,1006975815,12.000000,423.000000
conversion/string_pretty,1024,0,32,0.000052500,609524,624152381,12.000000,453.000000
conversion/concat,1024,0,32,0.000073333,436366,446838395,14.000000,254.000000
conversion/folded,1024,0,32,0.000019500,1641026,1680410256,0.000000,0.000000
conversion/constructor,1024,0,32,0.000096167,332754,340740587,13.000000,564.000000
conversion/chain_direct,1024,0,32,0.000051167,625403,640412766,12.000000,214.000000
conversion/chain_values,1024,0,32,0.000066500,481203,492751880,27.000000,1184.000000
conversion/partial,1024,0,32,0.000065416,489177,500917207,24.000000,1214.000000
conversion/partial_reused,1024,0,32,0.000094917,337137,345227936,31.000000,2196.000000
conversion/sum_direct,1024,0,32,0.000039292,814415,833961112,0.000000,0.000000
conversion/sum_chain,1024,0,32,0.000039250,815287,834853503,0.000000,0.000000
conversion/sum_function,1024,0,32,0.000042250,757396,775573964,4.000000,264.000000
conversion/sum_partial,1024,0,32,0.000044167,724523,741911382,6.000000,352.000000
rust/number_text,1024,0,32,0.000019542,1637499,1676798690,0.000000,0.000000
conversion/string_identity,10240,0,32,0.000173584,184349,1887731588,0.000000,0.000000
conversion/number_text,10240,0,32,0.000171833,186227,1906967812,0.000000,0.000000
conversion/number_value,10240,0,32,0.000171792,186272,1907422930,0.000000,0.000000
conversion/string_number,10240,0,32,0.000180458,177327,1815824181,8.000000,108.000000
conversion/string_object,10240,0,32,0.000183667,174228,1784098395,12.000000,423.000000
conversion/string_pretty,10240,0,32,0.000350375,91331,935226543,12.000000,453.000000
conversion/concat,10240,0,32,0.000544459,58774,601845134,14.000000,254.000000
conversion/folded,10240,0,32,0.000182375,175463,1796737491,0.000000,0.000000
conversion/constructor,10240,0,32,0.000683375,46826,479502469,13.000000,564.000000
conversion/chain_direct,10240,0,32,0.000348000,91954,941609195,12.000000,214.000000
conversion/chain_values,10240,0,32,0.000372083,86002,880663723,27.000000,1184.000000
conversion/partial,10240,0,32,0.000361083,88622,907492183,24.000000,1214.000000
conversion/partial_reused,10240,0,32,0.000554417,57718,591035268,31.000000,2196.000000
conversion/sum_direct,10240,0,32,0.000336833,95003,972826297,0.000000,0.000000
conversion/sum_chain,10240,0,32,0.000339500,94256,965184094,0.000000,0.000000
conversion/sum_function,10240,0,32,0.000341125,93807,960586295,4.000000,264.000000
conversion/sum_partial,10240,0,32,0.000341583,93681,959298326,6.000000,352.000000
rust/number_text,10240,0,32,0.000170916,187226,1917199092,0.000000,0.000000
conversion/string_identity,1048576,0,32,0.017277458,1852,1942093102,0.000000,0.000000
conversion/number_text,1048576,0,32,0.017265917,1853,1943391249,0.000000,0.000000
conversion/number_value,1048576,0,32,0.017238708,1856,1946458633,0.000000,0.000000
conversion/string_number,1048576,0,32,0.017270666,1853,1942856865,8.000000,108.000000
conversion/string_object,1048576,0,32,0.017291000,1851,1940572090,12.000000,423.000000
conversion/string_pretty,1048576,0,32,0.033990292,941,987176927,12.000000,453.000000
conversion/concat,1048576,0,32,0.050646416,632,662523326,14.000000,254.000000
conversion/folded,1048576,0,32,0.017273792,1853,1942505270,0.000000,0.000000
conversion/constructor,1048576,0,32,0.067133250,477,499818376,13.000000,564.000000
conversion/chain_direct,1048576,0,32,0.034125084,938,983277638,12.000000,214.000000
conversion/chain_values,1048576,0,32,0.034039000,940,985764329,27.000000,1184.000000
conversion/partial,1048576,0,32,0.034081333,939,984539895,24.000000,1214.000000
conversion/partial_reused,1048576,0,32,0.050448792,634,665118641,31.000000,2196.000000
conversion/sum_direct,1048576,0,32,0.033921542,943,989177674,0.000000,0.000000
conversion/sum_chain,1048576,0,32,0.033944417,943,988511071,0.000000,0.000000
conversion/sum_function,1048576,0,32,0.033972459,942,987695121,4.000000,264.000000
conversion/sum_partial,1048576,0,32,0.033845791,945,991391574,6.000000,352.000000
rust/number_text,1048576,0,32,0.016933459,1890,1981546239,0.000000,0.000000
composition/numeric_pipeline,234,0,32,0.000103042,310553,72669397,14.000000,1320.000000
composition/labels,234,0,32,0.000159334,200836,46995619,46.000000,2409.000000
composition/grouping,234,0,32,0.000112875,283499,66338870,38.000000,1328.000000
composition/static_lookup,234,0,32,0.000115958,275962,64575105,45.000000,2064.000000
composition/direct_fold,74,0,32,0.000017667,1811287,134035207,0.000000,0.000000
composition/chained_fold,74,0,32,0.000017750,1802817,133408451,0.000000,0.000000
composition/numeric_pipeline,3886,0,32,0.001469750,21772,84607586,82.000000,12840.000000
composition/labels,3886,0,32,0.002298042,13925,54112153,418.000000,30461.000000
composition/grouping,3886,0,32,0.001574833,20320,78962023,466.000000,14648.000000
composition/static_lookup,3886,0,32,0.001688417,18953,73650052,589.000000,24024.000000
composition/direct_fold,1180,0,32,0.000261209,122507,144558572,0.000000,0.000000
composition/chained_fold,1180,0,32,0.000252708,126628,149421467,0.000000,0.000000
composition/numeric_pipeline,32606,0,32,0.011489292,2785,90814299,536.000000,98856.000000
composition/labels,32606,0,32,0.018546250,1725,56258920,3116.000000,260353.000000
composition/grouping,32606,0,32,0.012143583,2635,85921264,3608.000000,114104.000000
composition/static_lookup,32606,0,32,0.013486667,2373,77364704,4624.000000,187992.000000
composition/direct_fold,10164,0,32,0.002037334,15707,159643927,0.000000,0.000000
composition/chained_fold,10164,0,32,0.002043250,15661,159181696,0.000000,0.000000
compile/regex,0,0,32,0.000168542,189864,0,86.000000,7488.000000
compile/regex_callback,0,0,32,0.000106666,300002,0,83.000000,6062.000000
matcher/contains,100,0,32,0.000008334,3839693,383969282,3.000000,144.000000
matcher/no_match,100,0,32,0.000009708,3296251,329625052,3.000000,144.000000
matcher/literal_contains,100,0,32,0.000012958,2469517,246951690,5.000000,158.000000
matcher/captures,100,0,32,0.000030208,1059322,105932203,30.000000,1368.000000
matcher/replace,100,0,32,0.000019083,1676885,167688519,12.000000,439.000000
matcher/replace_captures,100,0,32,0.000024291,1317360,131736034,16.000000,781.000000
matcher/replace_callback,100,0,32,0.000072916,438861,43886116,57.000000,2841.000000
matcher/split,100,0,32,0.000030625,1044898,104489796,30.000000,1056.000000
matcher/closure,100,0,32,0.000017750,1802817,180281690,10.000000,952.000000
matcher/next,100,0,32,0.000038500,831169,83116883,30.000000,2136.000000
matcher/lookaround,100,0,32,0.000021875,1462857,146285714,23.000000,944.000000
matcher/literal_replace,100,0,32,0.000012417,2577112,257711202,5.000000,191.000000
rust/matcher_contains,100,0,32,0.000003500,9142857,914285714,1.000000,40.000000
matcher/contains,500,0,32,0.000021833,1465671,732835616,3.000000,144.000000
matcher/no_match,500,0,32,0.000023375,1368984,684491979,3.000000,144.000000
matcher/literal_contains,500,0,32,0.000026417,1211341,605670591,5.000000,158.000000
matcher/captures,500,0,32,0.000042875,746356,373177843,30.000000,1368.000000
matcher/replace,500,0,32,0.000033083,967264,483632077,12.000000,439.000000
matcher/replace_captures,500,0,32,0.000038375,833876,416938111,16.000000,781.000000
matcher/replace_callback,500,0,32,0.000095500,335079,167539267,57.000000,2841.000000
matcher/split,500,0,32,0.000043792,730727,365363537,30.000000,1056.000000
matcher/closure,500,0,32,0.000031667,1010516,505257839,10.000000,952.000000
matcher/next,500,0,32,0.000052750,606635,303317536,30.000000,2136.000000
matcher/lookaround,500,0,32,0.000034917,916459,458229516,23.000000,944.000000
matcher/literal_replace,500,0,32,0.000026125,1224880,612440191,5.000000,191.000000
rust/matcher_contains,500,0,32,0.000010333,3096874,1548437046,1.000000,40.000000
matcher/contains,1024,0,32,0.000038875,823151,842906752,3.000000,144.000000
matcher/no_match,1024,0,32,0.000040209,795842,814941928,3.000000,144.000000
matcher/literal_contains,1024,0,32,0.000043417,737038,754727411,5.000000,158.000000
matcher/captures,1024,0,32,0.000059625,536688,549568134,30.000000,1368.000000
matcher/replace,1024,0,32,0.000049417,647550,663091649,12.000000,439.000000
matcher/replace_captures,1024,0,32,0.000054416,588062,602175831,16.000000,781.000000
matcher/replace_callback,1024,0,32,0.000102958,310806,318265701,57.000000,2841.000000
matcher/split,1024,0,32,0.000060500,528926,541619835,30.000000,1056.000000
matcher/closure,1024,0,32,0.000048125,664935,680893506,10.000000,952.000000
matcher/next,1024,0,32,0.000068583,466588,477786040,30.000000,2136.000000
matcher/lookaround,1024,0,32,0.000052000,615385,630153846,23.000000,944.000000
matcher/literal_replace,1024,0,32,0.000042750,748538,766502924,5.000000,191.000000
rust/matcher_contains,1024,0,32,0.000018959,1687853,1728361200,1.000000,40.000000
matcher/contains,10240,0,32,0.000336416,95120,974032151,3.000000,144.000000
matcher/no_match,10240,0,32,0.000349750,91494,936897784,3.000000,144.000000
matcher/literal_contains,10240,0,32,0.000345209,92697,949222065,5.000000,158.000000
matcher/captures,10240,0,32,0.000357167,89594,917441981,30.000000,1368.000000
matcher/replace,10240,0,32,0.000359042,89126,912650888,12.000000,439.000000
matcher/replace_captures,10240,0,32,0.000362333,88317,904361458,16.000000,781.000000
matcher/replace_callback,10240,0,32,0.000400584,79883,818005712,57.000000,2841.000000
matcher/split,10240,0,32,0.000357709,89458,916051875,30.000000,1056.000000
matcher/closure,10240,0,32,0.000345958,92497,947166997,10.000000,952.000000
matcher/next,10240,0,32,0.000366833,87233,893267509,30.000000,2136.000000
matcher/lookaround,10240,0,32,0.000349208,91636,938351928,23.000000,944.000000
matcher/literal_replace,10240,0,32,0.000340334,94025,962818878,5.000000,191.000000
rust/matcher_contains,10240,0,32,0.000170209,188004,1925162594,1.000000,40.000000
matcher/contains,1048576,0,32,0.033952291,942,988281822,3.000000,144.000000
matcher/no_match,1048576,0,32,0.033975416,942,987609158,3.000000,144.000000
matcher/literal_contains,1048576,0,32,0.033724708,949,994951002,5.000000,158.000000
matcher/captures,1048576,0,32,0.033939166,943,988664011,30.000000,1368.000000
matcher/replace,1048576,0,32,0.034025000,940,986169934,12.000000,439.000000
matcher/replace_captures,1048576,0,32,0.033961542,942,988012617,16.000000,781.000000
matcher/replace_callback,1048576,0,32,0.034059166,940,985180671,57.000000,2841.000000
matcher/split,1048576,0,32,0.034002708,941,986816462,30.000000,1056.000000
matcher/closure,1048576,0,32,0.034042916,940,985650935,10.000000,952.000000
matcher/next,1048576,0,32,0.033933417,943,988831511,30.000000,2136.000000
matcher/lookaround,1048576,0,32,0.033984334,942,987349995,23.000000,944.000000
matcher/literal_replace,1048576,0,32,0.033960500,942,988042932,5.000000,191.000000
rust/matcher_contains,1048576,0,32,0.017078250,1874,1964746505,1.000000,40.000000
matcher/long_contains,149,0,32,0.000022042,1451774,216314309,4.000000,304.000000
matcher/long_no_match,149,0,32,0.000020625,1551515,231175758,3.000000,144.000000
matcher/long_replace,149,0,32,0.000034792,919752,137042998,12.000000,1439.000000
matcher/repeated_replace,171,0,32,0.000137125,233364,39905196,142.000000,9210.000000
matcher/limited_captures,171,0,32,0.000051209,624890,106856217,60.000000,2728.000000
matcher/long_contains,4117,0,32,0.000442084,72384,298006714,4.000000,304.000000
matcher/long_no_match,4117,0,32,0.000440291,72679,299220288,3.000000,144.000000
matcher/long_replace,4117,0,32,0.000619375,51665,212704743,12.000000,33183.000000
matcher/repeated_replace,5131,0,32,0.003731542,8576,44001113,4115.000000,288954.000000
matcher/limited_captures,5131,0,32,0.000223625,143097,734229178,60.000000,2728.000000
matcher/long_contains,65557,0,32,0.006972166,4590,300885550,4.000000,304.000000
matcher/long_no_match,65557,0,32,0.006971334,4590,300921459,3.000000,144.000000
matcher/long_replace,65557,0,32,0.009714000,3294,215958822,12.000000,524703.000000
matcher/repeated_replace,81931,0,32,0.057269166,559,45780167,65559.000000,4620474.000000
matcher/limited_captures,81931,0,32,0.002900083,11034,904040333,60.000000,2728.000000
matcher/unicode_contains,139,0,32,0.000020916,1529929,212660164,7.000000,628.000000
matcher/unicode_replace,139,0,32,0.000035667,897188,124709115,17.000000,1330.000000
matcher/unicode_captures,139,0,32,0.000048708,656976,91319701,42.000000,2202.000000
matcher/unicode_zero_limit,139,0,32,0.000011042,2898026,402825575,2.000000,104.000000
matcher/unicode_contains,2059,0,32,0.000176250,181560,373832624,7.000000,7508.000000
matcher/unicode_replace,2059,0,32,0.000245333,130435,268565582,17.000000,16130.000000
matcher/unicode_captures,2059,0,32,0.000213125,150147,309151906,42.000000,9082.000000
matcher/unicode_zero_limit,2059,0,32,0.000099417,321877,662743796,2.000000,104.000000
matcher/unicode_contains,32779,0,32,0.002654042,12057,395219066,7.000000,117588.000000
matcher/unicode_replace,32779,0,32,0.003638334,8795,288298985,17.000000,252930.000000
matcher/unicode_captures,32779,0,32,0.002761458,11588,379845719,42.000000,119162.000000
matcher/unicode_zero_limit,32779,0,32,0.001515667,21113,692057028,2.000000,104.000000
matcher/filtered_sum,206,0,32,0.000097000,329897,67958763,63.000000,3656.000000
matcher/mixed,206,0,32,0.000228875,139814,28801748,130.000000,6852.000000
matcher/grouped,206,0,32,0.000112333,284867,58682667,54.000000,2460.000000
matcher/filtered_sum,3292,0,32,0.001396709,22911,75423012,915.000000,59096.000000
matcher/mixed,3292,0,32,0.003208917,9972,32828521,1882.000000,98352.000000
matcher/grouped,3292,0,32,0.001564666,20452,67326829,722.000000,32760.000000
matcher/filtered_sum,27060,0,32,0.010583333,3024,81819215,7196.000000,473048.000000
matcher/mixed,27060,0,32,0.024346292,1314,35566812,14883.000000,781552.000000
matcher/grouped,27060,0,32,0.012181458,2627,71085087,5656.000000,259000.000000
compile/parent,0,0,32,0.000069083,463211,0,58.000000,4829.000000
compile/transform,0,0,32,0.000067875,471455,0,62.000000,4205.000000
parent/filter,150,0,32,0.000043666,732836,109925342,9.000000,864.000000
parent/nested,150,0,32,0.000053792,594884,89232600,16.000000,1792.000000
parent/sort,150,0,32,0.000039125,817891,122683706,14.000000,1200.000000
parent/constructor,150,0,32,0.000048542,659223,98883441,15.000000,1456.000000
parent/closure,150,0,32,0.000051541,620865,93129741,16.000000,1952.000000
parent/group,150,0,32,0.000047375,675462,101319261,20.000000,2144.000000
parent/tuple,150,0,32,0.000053875,593968,89095128,17.000000,1648.000000
parent/focus_control,150,0,32,0.000053583,597204,89580651,10.000000,1304.000000
transform/clone,150,0,32,0.000033875,944649,141697417,10.000000,1136.000000
transform/update,150,0,32,0.000119500,267782,40167364,57.000000,5460.000000
transform/no_match,150,0,32,0.000060291,530759,79613873,21.000000,1704.000000
transform/update_write,150,0,32,0.000134708,237551,35632628,59.000000,5728.000000
parent/filter,500,0,32,0.000055875,572707,286353468,9.000000,864.000000
parent/nested,500,0,32,0.000065000,492308,246153846,16.000000,1792.000000
parent/sort,500,0,32,0.000050458,634191,317095406,14.000000,1200.000000
parent/constructor,500,0,32,0.000060250,531120,265560166,15.000000,1456.000000
parent/closure,500,0,32,0.000063541,503612,251805921,16.000000,1952.000000
parent/group,500,0,32,0.000059458,538195,269097514,20.000000,2144.000000
parent/tuple,500,0,32,0.000070667,452828,226414026,17.000000,1648.000000
parent/focus_control,500,0,32,0.000064875,493256,246628131,10.000000,1304.000000
transform/clone,500,0,32,0.000045833,698187,349093448,10.000000,1136.000000
transform/update,500,0,32,0.000143375,223191,111595466,57.000000,5460.000000
transform/no_match,500,0,32,0.000077958,410477,205238718,21.000000,1704.000000
transform/update_write,500,0,32,0.000166167,192577,96288673,59.000000,5728.000000
parent/filter,1024,0,32,0.000072167,443416,454057949,9.000000,864.000000
parent/nested,1024,0,32,0.000082292,388859,398191805,16.000000,1792.000000
parent/sort,1024,0,32,0.000067833,471747,483068713,14.000000,1200.000000
parent/constructor,1024,0,32,0.000077334,413790,423720485,15.000000,1456.000000
parent/closure,1024,0,32,0.000088792,360393,369042256,16.000000,1952.000000
parent/group,1024,0,32,0.000076750,416938,426944625,20.000000,2144.000000
parent/tuple,1024,0,32,0.000082917,385928,395190371,17.000000,1648.000000
parent/focus_control,1024,0,32,0.000082500,387879,397187879,10.000000,1304.000000
transform/clone,1024,0,32,0.000062709,510294,522540624,10.000000,1136.000000
transform/update,1024,0,32,0.000176166,181647,186006380,57.000000,5460.000000
transform/no_match,1024,0,32,0.000103750,308434,315836145,21.000000,1704.000000
transform/update_write,1024,0,32,0.000210708,151869,155513792,59.000000,5728.000000
parent/filter,10240,0,32,0.000369625,86574,886520122,9.000000,864.000000
parent/nested,10240,0,32,0.000379625,84294,863167600,16.000000,1792.000000
parent/sort,10240,0,32,0.000366417,87332,894281652,14.000000,1200.000000
parent/constructor,10240,0,32,0.000374458,85457,875078113,15.000000,1456.000000
parent/closure,10240,0,32,0.000378083,84638,866688002,16.000000,1952.000000
parent/group,10240,0,32,0.000373791,85609,876639619,20.000000,2144.000000
parent/tuple,10240,0,32,0.000396667,80672,826083339,17.000000,1648.000000
parent/focus_control,10240,0,32,0.000410708,77914,797841776,10.000000,1304.000000
transform/clone,10240,0,32,0.000362875,88185,903010679,10.000000,1136.000000
transform/update,10240,0,32,0.000765458,41805,428083579,57.000000,5460.000000
transform/no_match,10240,0,32,0.000546750,58528,599323274,21.000000,1704.000000
transform/update_write,10240,0,32,0.001003167,31899,326645514,59.000000,5728.000000
parent/filter,65536,0,32,0.002157583,14831,971991344,9.000000,864.000000
parent/nested,65536,0,32,0.002171542,14736,965743237,16.000000,1792.000000
parent/sort,65536,0,32,0.002162125,14800,969949471,14.000000,1200.000000
parent/constructor,65536,0,32,0.002162667,14797,969706386,15.000000,1456.000000
parent/closure,65536,0,32,0.002186458,14636,959154944,16.000000,1952.000000
parent/group,65536,0,32,0.002160250,14813,970791344,20.000000,2144.000000
parent/tuple,65536,0,32,0.002188333,14623,958333124,17.000000,1648.000000
parent/focus_control,65536,0,32,0.002173750,14721,964762277,10.000000,1304.000000
transform/clone,65536,0,32,0.002142375,14937,978891184,10.000000,1136.000000
transform/update,65536,0,32,0.004315542,7415,485953329,57.000000,5460.000000
transform/no_match,65536,0,32,0.003230083,9907,649256381,21.000000,1704.000000
transform/update_write,65536,0,32,0.005766083,5550,363704789,59.000000,5728.000000
parent/filter,1048576,0,32,0.034043334,940,985638833,9.000000,864.000000
parent/nested,1048576,0,32,0.034021291,941,986277446,16.000000,1792.000000
parent/sort,1048576,0,32,0.034024083,941,986196513,14.000000,1200.000000
parent/constructor,1048576,0,32,0.034012625,941,986528737,15.000000,1456.000000
parent/closure,1048576,0,32,0.034005875,941,986724559,16.000000,1952.000000
parent/group,1048576,0,32,0.033795166,947,992876674,20.000000,2144.000000
parent/tuple,1048576,0,32,0.033990500,941,987170886,17.000000,1648.000000
parent/focus_control,1048576,0,32,0.034041792,940,985683480,10.000000,1304.000000
transform/clone,1048576,0,32,0.033930791,943,988908039,10.000000,1136.000000
transform/update,1048576,0,32,0.067575500,474,496547299,57.000000,5460.000000
transform/no_match,1048576,0,32,0.050790708,630,660641155,21.000000,1704.000000
transform/update_write,1048576,0,32,0.091419875,350,367036511,59.000000,5728.000000
parent/wide_filter_sum,73,0,32,0.000041750,766467,55952096,9.000000,864.000000
parent/wide_sort,73,0,32,0.000057208,559362,40833450,34.000000,2040.000000
transform/wide_update,73,0,32,0.000081541,392441,28648165,46.000000,4916.000000
transform/wide_write,73,0,32,0.000098125,326115,23806369,54.000000,5816.000000
parent/wide_filter_sum,2048,0,32,0.000901750,35487,72676462,133.000000,13264.000000
parent/wide_sort,2048,0,32,0.001705791,18760,38419713,846.000000,52296.000000
transform/wide_update,2048,0,32,0.001990959,16073,32916800,804.000000,90576.000000
transform/wide_write,2048,0,32,0.002452709,13047,26719843,1060.000000,119376.000000
parent/wide_filter_sum,33180,0,32,0.014101833,2269,75292340,2053.000000,205264.000000
parent/wide_sort,33180,0,32,0.028459458,1124,37307808,13330.000000,831816.000000
transform/wide_update,33180,0,32,0.031633375,1012,33564550,12490.000000,1434392.000000
transform/wide_write,33180,0,32,0.039469959,811,26900459,16586.000000,1895192.000000
consolidation/unplanned_prefix,100,0,32,0.000016208,1974334,197433366,4.000000,192.000000
consolidation/callback_prefix,100,0,32,0.000017167,1864041,186404147,8.000000,480.000000
consolidation/unplanned_prefix,500,0,32,0.000043041,743477,371738575,4.000000,192.000000
consolidation/callback_prefix,500,0,32,0.000037208,860030,430015051,8.000000,480.000000
consolidation/unplanned_prefix,1024,0,32,0.000076375,418985,429040917,4.000000,192.000000
consolidation/callback_prefix,1024,0,32,0.000062416,512689,524993591,8.000000,480.000000
consolidation/unplanned_prefix,10240,0,32,0.000666625,48003,491550722,4.000000,192.000000
consolidation/callback_prefix,10240,0,32,0.000507167,63096,646098820,8.000000,480.000000
consolidation/unplanned_prefix,1048576,0,32,0.067411166,475,497757775,4.000000,192.000000
consolidation/callback_prefix,1048576,0,32,0.050731500,631,661412180,8.000000,480.000000
consolidation/nested_path,43,0,32,0.000005625,5688889,244622222,0.000000,0.000000
consolidation/nested_sum,43,0,32,0.000006667,4799760,206389681,0.000000,0.000000
consolidation/nested_path,871,0,32,0.000117208,273019,237799468,0.000000,0.000000
consolidation/nested_sum,871,0,32,0.000122750,260692,227063136,0.000000,0.000000
consolidation/nested_path,91,0,32,0.000009083,3523065,320598921,0.000000,0.000000
consolidation/nested_sum,91,0,32,0.000010167,3147438,286416839,0.000000,0.000000
consolidation/nested_path,919,0,32,0.000122291,261671,240475587,0.000000,0.000000
consolidation/nested_sum,919,0,32,0.000128125,249756,229525854,0.000000,0.000000
consolidation/nested_path,155,0,32,0.000023417,1366529,211811932,0.000000,0.000000
consolidation/nested_sum,155,0,32,0.000024500,1306122,202448980,0.000000,0.000000
consolidation/nested_path,983,0,32,0.000134625,237697,233656453,0.000000,0.000000
consolidation/nested_sum,983,0,32,0.000143708,222674,218888301,0.000000,0.000000
consolidation/sort_path,426,0,32,0.000113166,282770,120460209,9.000000,968.000000
consolidation/sort_scalar,426,0,32,0.000134291,238288,101510898,9.000000,968.000000
consolidation/sort_tuple,426,0,32,0.000126042,253884,108154425,28.000000,2928.000000
consolidation/callback_projection,426,0,32,0.000092125,347354,147972863,7.000000,600.000000
consolidation/transient_capture,426,0,32,0.000136542,234360,99837413,17.000000,1752.000000
consolidation/distinct_groups,426,0,32,0.000104583,305977,130346232,5.000000,1464.000000
consolidation/sort_path,7254,0,32,0.001807792,17701,128404153,13.000000,14408.000000
consolidation/sort_scalar,7254,0,32,0.002366500,13522,98089161,13.000000,14408.000000
consolidation/sort_tuple,7254,0,32,0.002145875,14912,108174055,272.000000,41328.000000
consolidation/callback_projection,7254,0,32,0.001334125,23986,173992692,11.000000,6360.000000
consolidation/transient_capture,7254,0,32,0.002081791,15371,111503989,141.000000,19032.000000
consolidation/distinct_groups,7254,0,32,0.001870584,17107,124093866,13.000000,51472.000000
consolidation/sort_path,61112,0,32,0.015121875,2116,129321529,16.000000,114760.000000
consolidation/sort_scalar,61112,0,32,0.019939167,1605,98077517,16.000000,114760.000000
consolidation/sort_tuple,61112,0,32,0.018983917,1686,103012671,2067.000000,328048.000000
consolidation/callback_projection,61112,0,32,0.010953750,2921,178531005,14.000000,49368.000000
consolidation/transient_capture,61112,0,32,0.016226208,1972,120520087,1040.000000,148056.000000
consolidation/distinct_groups,61112,0,32,0.014545875,2200,134442514,19.000000,427816.000000
regions/map,47,0,32,0.000015583,2053520,96515433,6.000000,408.000000
regions/nested_map,47,0,32,0.000015542,2058937,96770042,6.000000,408.000000
regions/indexed,47,0,32,0.000016125,1984496,93271318,6.000000,408.000000
regions/reduce,47,0,32,0.000015250,2098361,98622951,4.000000,264.000000
regions/filtered_sum,47,0,32,0.000005708,5606167,263489839,0.000000,0.000000
regions/object,47,0,32,0.000016584,1929571,90689822,8.000000,592.000000
regions/sort,47,0,32,0.000011000,2909091,136727273,2.000000,192.000000
regions/groups,47,0,32,0.000023084,1386242,65153353,6.000000,203.000000
regions/map,306,0,32,0.000076375,418985,128209493,7.000000,600.000000
regions/nested_map,306,0,32,0.000076542,418071,127929764,7.000000,600.000000
regions/indexed,306,0,32,0.000079417,402936,123298538,7.000000,600.000000
regions/reduce,306,0,32,0.000076209,419898,128488761,4.000000,264.000000
regions/filtered_sum,306,0,32,0.000042625,750733,229724340,0.000000,0.000000
regions/object,306,0,32,0.000091375,350205,107162791,23.000000,2072.000000
regions/sort,306,0,32,0.000111667,286566,87689290,9.000000,968.000000
regions/groups,306,0,32,0.000176083,181732,55610138,38.000000,1936.000000
regions/map,5042,0,32,0.001107667,28890,145661106,11.000000,6360.000000
regions/nested_map,5042,0,32,0.001123750,28476,143576418,11.000000,6360.000000
regions/indexed,5042,0,32,0.001158417,27624,139279724,11.000000,6360.000000
regions/reduce,5042,0,32,0.001146500,27911,140727431,4.000000,264.000000
regions/filtered_sum,5042,0,32,0.000669167,47821,241111711,0.000000,0.000000
regions/object,5042,0,32,0.001314917,24336,122702802,267.000000,29912.000000
regions/sort,5042,0,32,0.001735166,18442,92984763,13.000000,14408.000000
regions/groups,5042,0,32,0.002483916,12883,64955498,540.000000,20256.000000
regions/map,41828,0,32,0.008765916,3651,152693227,14.000000,49368.000000
regions/nested_map,41828,0,32,0.008678583,3687,154229786,14.000000,49368.000000
regions/indexed,41828,0,32,0.009304916,3439,143848263,14.000000,49368.000000
regions/reduce,41828,0,32,0.008984250,3562,148982497,4.000000,264.000000
regions/filtered_sum,41828,0,32,0.005439125,5883,246086641,0.000000,0.000000
regions/object,41828,0,32,0.010566750,3028,126670547,2062.000000,237784.000000
regions/sort,41828,0,32,0.014227041,2249,94081123,16.000000,114760.000000
regions/groups,41828,0,32,0.019454708,1645,68800621,4017.000000,154528.000000
regions/sparse_callback,100,0,32,0.000010500,3047619,304761905,3.000000,200.000000
regions/wide_members,100,0,32,0.000007959,4020606,402060560,2.000000,424.000000
regions/reusable_members,100,0,32,0.000005916,5409060,540906018,2.000000,136.000000
regions/sparse_callback,500,0,32,0.000028167,1136081,568040615,3.000000,200.000000
regions/wide_members,500,0,32,0.000014625,2188034,1094017094,2.000000,424.000000
regions/reusable_members,500,0,32,0.000012667,2526249,1263124655,2.000000,136.000000
regions/sparse_callback,1024,0,32,0.000040917,782071,800840726,3.000000,200.000000
regions/wide_members,1024,0,32,0.000023291,1373921,1406895367,2.000000,424.000000
regions/reusable_members,1024,0,32,0.000021458,1491285,1527076149,2.000000,136.000000
regions/sparse_callback,10240,0,32,0.000343042,93283,955218311,3.000000,200.000000
regions/wide_members,10240,0,32,0.000174583,183294,1876929598,2.000000,424.000000
regions/reusable_members,10240,0,32,0.000175417,182422,1868005952,2.000000,136.000000
regions/sparse_callback,1048576,0,32,0.033914291,944,989389163,3.000000,200.000000
regions/wide_members,1048576,0,32,0.017267208,1853,1943245949,2.000000,424.000000
regions/reusable_members,1048576,0,32,0.017205916,1860,1950168303,2.000000,136.000000
acquisition/call_one,100,0,32,0.000007167,4464909,446490861,3.000000,200.000000
acquisition/call_three,100,0,32,0.000009583,3339247,333924658,3.000000,200.000000
acquisition/call_six,100,0,32,0.000013833,2313309,231330875,4.000000,344.000000
acquisition/call_nested,100,0,32,0.000008875,3605634,360563380,3.000000,200.000000
acquisition/call_repeated,100,0,32,0.000008500,3764706,376470588,3.000000,200.000000
acquisition/call_one,500,0,32,0.000014125,2265487,1132743363,3.000000,200.000000
acquisition/call_three,500,0,32,0.000016208,1974334,987166831,3.000000,200.000000
acquisition/call_six,500,0,32,0.000020375,1570552,785276074,4.000000,344.000000
acquisition/call_nested,500,0,32,0.000016084,1989555,994777419,3.000000,200.000000
acquisition/call_repeated,500,0,32,0.000015542,2058937,1029468537,3.000000,200.000000
acquisition/call_one,1024,0,32,0.000022791,1404063,1437760520,3.000000,200.000000
acquisition/call_three,1024,0,32,0.000024916,1284315,1315138867,3.000000,200.000000
acquisition/call_six,1024,0,32,0.000029083,1100299,1126706323,4.000000,344.000000
acquisition/call_nested,1024,0,32,0.000024583,1301713,1332953667,3.000000,200.000000
acquisition/call_repeated,1024,0,32,0.000024083,1328738,1360627829,3.000000,200.000000
acquisition/call_one,10240,0,32,0.000174334,183556,1879610403,3.000000,200.000000
acquisition/call_three,10240,0,32,0.000176333,181475,1858302190,3.000000,200.000000
acquisition/call_six,10240,0,32,0.000180458,177327,1815824181,4.000000,344.000000
acquisition/call_nested,10240,0,32,0.000175959,181861,1862252002,3.000000,200.000000
acquisition/call_repeated,10240,0,32,0.000175709,182119,1864901627,3.000000,200.000000
acquisition/call_one,1048576,0,32,0.017256125,1854,1944494027,3.000000,200.000000
acquisition/call_three,1048576,0,32,0.017267875,1853,1943170888,3.000000,200.000000
acquisition/call_six,1048576,0,32,0.017271917,1853,1942716144,4.000000,344.000000
acquisition/call_nested,1048576,0,32,0.017269750,1853,1942959915,3.000000,200.000000
acquisition/call_repeated,1048576,0,32,0.017184333,1862,1952617655,3.000000,200.000000
acquisition/lookup_1_short_raw,500,0,32,0.000009833,3254348,1627173803,0.000000,0.000000
acquisition/lookup_1_short_escaped,500,0,32,0.000010500,3047619,1523809524,0.000000,0.000000
acquisition/lookup_1_short_varying,500,0,32,0.000010083,3173659,1586829317,0.000000,0.000000
acquisition/lookup_1_ascii_raw,500,0,32,0.000009708,3296251,1648125258,0.000000,0.000000
acquisition/lookup_1_ascii_escaped,500,0,32,0.000012417,2577112,1288556012,0.000000,0.000000
acquisition/lookup_1_ascii_varying,500,0,32,0.000009875,3240506,1620253165,0.000000,0.000000
acquisition/lookup_1_unicode_raw,500,0,32,0.000010292,3109211,1554605519,0.000000,0.000000
acquisition/lookup_1_unicode_escaped,500,0,32,0.000011167,2865586,1432793051,0.000000,0.000000
acquisition/lookup_1_unicode_varying,500,0,32,0.000010459,3059566,1529782962,0.000000,0.000000
acquisition/lookup_4_short_raw,500,0,32,0.000010542,3035477,1517738570,0.000000,0.000000
acquisition/lookup_4_short_escaped,500,0,32,0.000011458,2792809,1396404259,0.000000,0.000000
acquisition/lookup_4_short_varying,500,0,32,0.000010667,2999906,1499953126,0.000000,0.000000
acquisition/lookup_4_ascii_raw,500,0,32,0.000012708,2518099,1259049418,0.000000,0.000000
acquisition/lookup_4_ascii_escaped,500,0,32,0.000016291,1964275,982137376,0.000000,0.000000
acquisition/lookup_4_ascii_varying,500,0,32,0.000012750,2509804,1254901961,0.000000,0.000000
acquisition/lookup_4_unicode_raw,500,0,32,0.000011750,2723404,1361702128,0.000000,0.000000
acquisition/lookup_4_unicode_escaped,500,0,32,0.000012833,2493571,1246785631,0.000000,0.000000
acquisition/lookup_4_unicode_varying,500,0,32,0.000011667,2742779,1371389389,0.000000,0.000000
acquisition/lookup_32_short_raw,500,0,32,0.000010667,2999906,1499953126,0.000000,0.000000
acquisition/lookup_32_short_escaped,500,0,32,0.000011541,2772723,1386361667,0.000000,0.000000
acquisition/lookup_32_short_varying,500,0,32,0.000010750,2976744,1488372093,0.000000,0.000000
acquisition/lookup_32_ascii_raw,500,0,32,0.000012750,2509804,1254901961,0.000000,0.000000
acquisition/lookup_32_ascii_escaped,500,0,32,0.000016459,1944225,972112522,0.000000,0.000000
acquisition/lookup_32_ascii_varying,500,0,32,0.000012750,2509804,1254901961,0.000000,0.000000
acquisition/lookup_32_unicode_raw,500,0,32,0.000011875,2694737,1347368421,0.000000,0.000000
acquisition/lookup_32_unicode_escaped,500,0,32,0.000013041,2453800,1226899778,0.000000,0.000000
acquisition/lookup_32_unicode_varying,500,0,32,0.000011833,2704302,1352150765,0.000000,0.000000
acquisition/lookup_128_short_raw,500,0,32,0.000010625,3011765,1505882353,0.000000,0.000000
acquisition/lookup_128_short_escaped,500,0,32,0.000011709,2732940,1366470237,0.000000,0.000000
acquisition/lookup_128_short_varying,500,0,32,0.000010791,2965434,1482717079,0.000000,0.000000
acquisition/lookup_128_ascii_raw,500,0,32,0.000012834,2493377,1246688484,0.000000,0.000000
acquisition/lookup_128_ascii_escaped,500,0,32,0.000016542,1934470,967234917,0.000000,0.000000
acquisition/lookup_128_ascii_varying,500,0,32,0.000013042,2453611,1226805705,0.000000,0.000000
acquisition/lookup_128_unicode_raw,500,0,32,0.000011959,2675809,1337904507,0.000000,0.000000
acquisition/lookup_128_unicode_escaped,500,0,32,0.000013042,2453611,1226805705,0.000000,0.000000
acquisition/lookup_128_unicode_varying,500,0,32,0.000011959,2675809,1337904507,0.000000,0.000000
acquisition/lookup_4096_short_raw,500,0,32,0.000011125,2876404,1438202247,0.000000,0.000000
acquisition/lookup_4096_short_escaped,500,0,32,0.000012167,2630065,1315032465,0.000000,0.000000
acquisition/lookup_4096_short_varying,500,0,32,0.000011166,2865843,1432921368,0.000000,0.000000
acquisition/lookup_4096_ascii_raw,500,0,32,0.000013083,2445922,1222961095,0.000000,0.000000
acquisition/lookup_4096_ascii_escaped,500,0,32,0.000016792,1905669,952834683,0.000000,0.000000
acquisition/lookup_4096_ascii_varying,500,0,32,0.000013292,2407463,1203731568,0.000000,0.000000
acquisition/lookup_repeated,500,0,32,0.000022625,1414365,707182320,0.000000,0.000000
acquisition/lookup_mixed,500,0,32,0.000021708,1474111,737055463,2.000000,136.000000
acquisition/lookup_4096_unicode_raw,500,0,32,0.000011917,2685240,1342619787,0.000000,0.000000
acquisition/lookup_4096_unicode_escaped,500,0,32,0.000013375,2392523,1196261682,0.000000,0.000000
acquisition/lookup_4096_unicode_varying,500,0,32,0.000012334,2594454,1297227177,0.000000,0.000000
acquisition/lookup_8192_short_raw,500,0,32,0.000011000,2909091,1454545455,0.000000,0.000000
acquisition/lookup_8192_short_escaped,500,0,32,0.000012084,2648130,1324064879,0.000000,0.000000
acquisition/lookup_8192_short_varying,500,0,32,0.000011625,2752688,1376344086,0.000000,0.000000
acquisition/lookup_8192_ascii_raw,500,0,32,0.000013125,2438095,1219047619,0.000000,0.000000
acquisition/lookup_8192_ascii_escaped,500,0,32,0.000016917,1891588,945794172,0.000000,0.000000
acquisition/lookup_8192_ascii_varying,500,0,32,0.000013541,2363193,1181596632,0.000000,0.000000
acquisition/lookup_8192_unicode_raw,500,0,32,0.000012542,2551427,1275713602,0.000000,0.000000
acquisition/lookup_8192_unicode_escaped,500,0,32,0.000013459,2377591,1188795601,0.000000,0.000000
acquisition/lookup_8192_unicode_varying,500,0,32,0.000012583,2543114,1271556862,0.000000,0.000000
acquisition/lookup_32768_short_raw,500,0,32,0.000011208,2855103,1427551749,0.000000,0.000000
acquisition/lookup_32768_short_escaped,500,0,32,0.000015750,2031746,1015873016,0.000000,0.000000
acquisition/lookup_32768_short_varying,500,0,32,0.000012291,2603531,1301765519,0.000000,0.000000
acquisition/lookup_32768_ascii_raw,500,0,32,0.000013625,2348624,1174311927,0.000000,0.000000
acquisition/lookup_32768_ascii_escaped,500,0,32,0.000017416,1837391,918695452,0.000000,0.000000
acquisition/lookup_32768_ascii_varying,500,0,32,0.000014459,2213154,1106577218,0.000000,0.000000
acquisition/lookup_32768_unicode_raw,500,0,32,0.000012541,2551631,1275815326,0.000000,0.000000
acquisition/lookup_32768_unicode_escaped,500,0,32,0.000014041,2279040,1139519977,0.000000,0.000000
acquisition/lookup_32768_unicode_varying,500,0,32,0.000013250,2415094,1207547170,0.000000,0.000000
acquisition/string_borrowed,100,0,32,0.000003125,10240000,1024000000,0.000000,0.000000
acquisition/string_compare,100,0,32,0.000006417,4986754,498675393,0.000000,0.000000
acquisition/string_unicode_compare,100,0,32,0.000009125,3506849,350684932,0.000000,0.000000
acquisition/string_concat,100,0,32,0.000010041,3186934,318693357,2.000000,45.000000
acquisition/string_owned_compare,100,0,32,0.000012459,2568424,256842443,2.000000,45.000000
acquisition/string_construct,100,0,32,0.000023750,1347368,134736842,9.000000,417.000000
acquisition/string_callback,100,0,32,0.000024625,1299492,129949239,14.000000,961.000000
acquisition/string_borrowed,500,0,32,0.000009916,3227108,1613553852,0.000000,0.000000
acquisition/string_compare,500,0,32,0.000019792,1616815,808407437,0.000000,0.000000
acquisition/string_unicode_compare,500,0,32,0.000029250,1094017,547008547,0.000000,0.000000
acquisition/string_concat,500,0,32,0.000030292,1056385,528192262,2.000000,45.000000
acquisition/string_owned_compare,500,0,32,0.000032541,983375,491687410,2.000000,45.000000
acquisition/string_construct,500,0,32,0.000056958,561817,280908740,9.000000,417.000000
acquisition/string_callback,500,0,32,0.000044667,716413,358206282,14.000000,961.000000
acquisition/string_borrowed,10240,0,32,0.000169791,188467,1929902056,0.000000,0.000000
acquisition/string_compare,10240,0,32,0.000333750,95880,981812734,0.000000,0.000000
acquisition/string_unicode_compare,10240,0,32,0.000500458,63941,654760240,0.000000,0.000000
acquisition/string_concat,10240,0,32,0.000523416,61137,626041237,2.000000,45.000000
acquisition/string_owned_compare,10240,0,32,0.000500709,63909,654432015,2.000000,45.000000
acquisition/string_construct,10240,0,32,0.000835167,38316,392352667,9.000000,417.000000
acquisition/string_callback,10240,0,32,0.000513167,62358,638544567,14.000000,961.000000
string storage control: shared 16 B, inline 24 B, current Value 24 B
rust/string_shared,12,0,32,0.000000958,33402923,400835073,2.000000,46.000000
rust/string_stack,12,0,32,0.000000958,33402923,400835073,1.000000,32.000000
rust/string_inline,12,0,32,0.000000417,76738609,920863309,0.000000,0.000000
rust/string_shared,22,0,32,0.000001000,32000000,704000000,2.000000,64.000000
rust/string_stack,22,0,32,0.000000834,38369305,844124700,1.000000,40.000000
rust/string_inline,22,0,32,0.000001083,29547553,650046168,2.000000,64.000000
rust/string_shared,62,0,32,0.000000958,33402923,2070981211,2.000000,144.000000
rust/string_stack,62,0,32,0.000000791,40455120,2508217446,1.000000,80.000000
rust/string_inline,62,0,32,0.000001000,32000000,1984000000,2.000000,144.000000
rust/string_shared,63,0,32,0.000000958,33402923,2104384134,2.000000,153.000000
rust/string_stack,63,0,32,0.000000958,33402923,2104384134,2.000000,153.000000
rust/string_inline,63,0,32,0.000000958,33402923,2104384134,2.000000,153.000000
rust/string_shared,128,0,32,0.000000875,36571429,4681142857,2.000000,282.000000
rust/string_stack,128,0,32,0.000001000,32000000,4096000000,2.000000,282.000000
rust/string_inline,128,0,32,0.000000958,33402923,4275574113,2.000000,282.000000
runtime/transient,455,0,32,0.000188500,169761,77241379,41.000000,4312.000000
runtime/tail_transient,455,0,32,0.000183083,174784,79526772,41.000000,4312.000000
runtime/recursive_local,455,0,32,0.000266500,120075,54634146,49.000000,5592.000000
runtime/escaping,455,0,32,0.000195417,163752,74507336,48.000000,6216.000000
runtime/mixed_escape,455,0,32,0.000377834,84693,38535441,84.000000,9944.000000
runtime/filter,455,0,32,0.000209083,153049,69637417,39.000000,3976.000000
runtime/reduce,455,0,32,0.000194500,164524,74858612,38.000000,3976.000000
runtime/sort,455,0,32,0.000297458,107578,48948087,45.000000,5064.000000
runtime/strings,455,0,32,0.000248292,128881,58640633,65.000000,3888.000000
runtime/dynamic_scalar,455,0,32,0.000202000,158416,72079208,87.000000,6268.000000
runtime/dynamic_object,455,0,32,0.000318167,100576,45762131,195.000000,15799.000000
runtime/planned,455,0,32,0.000083000,385542,175421687,7.000000,600.000000
runtime/dynamic_reduce,97,0,32,0.000082417,388269,37662133,49.000000,3112.000000
runtime/dynamic_sort,97,0,32,0.000097375,328626,31876765,55.000000,3768.000000
runtime/transient,6149,0,32,0.002847834,11237,69093915,525.000000,59992.000000
runtime/tail_transient,6149,0,32,0.002757666,11604,71353094,525.000000,59992.000000
runtime/recursive_local,6149,0,32,0.004107125,7791,47908939,653.000000,80472.000000
runtime/escaping,6149,0,32,0.002772000,11544,70984127,540.000000,94536.000000
runtime/mixed_escape,6149,0,32,0.005532500,5784,35565838,1060.000000,153944.000000
runtime/filter,6149,0,32,0.003048000,10499,64556430,482.000000,66760.000000
runtime/reduce,6149,0,32,0.002859667,11190,68808012,518.000000,53896.000000
runtime/sort,6149,0,32,0.009008667,3552,21842077,1083.000000,142056.000000
runtime/strings,6149,0,32,0.003709542,8626,53043745,909.000000,53208.000000
runtime/dynamic_scalar,6149,0,32,0.001447292,22110,135955978,91.000000,12028.000000
runtime/dynamic_object,6149,0,32,0.003510125,9116,56057263,1879.000000,165559.000000
runtime/planned,6149,0,32,0.001158042,27633,169914390,11.000000,6360.000000
runtime/dynamic_reduce,483,0,32,0.000440000,72727,35127273,49.000000,3112.000000
runtime/dynamic_sort,483,0,32,0.001225083,26121,12616288,59.000000,14328.000000
runtime/transient,50102,0,32,0.022076209,1450,72624063,4112.000000,475736.000000
runtime/tail_transient,50102,0,32,0.021808375,1467,73515977,4112.000000,475736.000000
runtime/recursive_local,50102,0,32,0.032531709,984,49283116,5136.000000,639576.000000
runtime/escaping,50102,0,32,0.021791084,1468,73574311,4133.000000,753992.000000
runtime/mixed_escape,50102,0,32,0.043069083,743,37225404,8240.000000,1229144.000000
runtime/filter,50102,0,32,0.023306833,1373,68789440,3691.000000,531656.000000
runtime/reduce,50102,0,32,0.022593375,1416,70961687,4102.000000,426632.000000
runtime/sort,50102,0,32,0.095286916,336,16825647,11620.000000,1486056.000000
runtime/strings,50102,0,32,0.029845542,1072,53718709,7184.000000,421464.000000
runtime/dynamic_scalar,50102,0,32,0.011040250,2898,145219900,94.000000,55036.000000
runtime/dynamic_object,50102,0,32,0.027413792,1167,58483846,14426.000000,1283767.000000
runtime/planned,50102,0,32,0.009213584,3473,174010895,14.000000,49368.000000
runtime/dynamic_reduce,4091,0,32,0.003140042,10191,41691162,49.000000,3112.000000
runtime/dynamic_sort,4091,0,32,0.013081875,2446,10007128,62.000000,93176.000000
runtime/transient,846231,0,32,0.357171792,90,75816155,65556.000000,7602776.000000
runtime/tail_transient,846231,0,32,0.349320791,92,77520127,65556.000000,7602776.000000
runtime/recursive_local,846231,0,32,0.521074417,61,51968377,81940.000000,10224216.000000
runtime/escaping,846231,0,32,0.345605958,93,78353371,65585.000000,12058952.000000
runtime/mixed_escape,846231,0,32,0.690504000,46,39216850,131136.000000,19661144.000000
runtime/filter,846231,0,32,0.375787709,85,72060345,58560.000000,8501288.000000
runtime/reduce,846231,0,32,0.367519292,87,73681552,65542.000000,6816392.000000
runtime/sort,846231,0,32,2.024583542,16,13375290,251062.000000,31128456.000000
runtime/strings,846231,0,32,0.477556000,67,56704118,114708.000000,6734424.000000
runtime/dynamic_scalar,846231,0,32,0.175344875,182,154435036,98.000000,792316.000000
runtime/dynamic_object,846231,0,32,0.436750041,73,62002037,229470.000000,20453047.000000
runtime/planned,846231,0,32,0.145497500,220,186115858,18.000000,786648.000000
runtime/dynamic_reduce,87275,0,32,0.052046958,615,53659236,49.000000,3112.000000
runtime/dynamic_sort,87275,0,32,0.290415333,110,9616572,66.000000,1444856.000000
embedding/direct,100,0,32,0.000010083,3173659,317365863,0.000000,0.000000
embedding/default_options,100,0,32,0.000010208,3134796,313479624,0.000000,0.000000
embedding/bindings,100,0,32,0.000013875,2306306,230630631,5.000000,400.000000
embedding/host,100,0,32,0.000016667,1919962,191996160,5.000000,400.000000
embedding/limits,100,0,32,0.000013417,2385034,238503391,5.000000,392.000000
embedding/string_borrowed,100,0,32,0.000003708,8629989,862998921,0.000000,0.000000
embedding/string_decoded,100,0,32,0.000004458,7178107,717810677,1.000000,8.000000
embedding/owned_scalar,100,0,32,0.000003833,8348552,834855205,0.000000,0.000000
embedding/owned_object,100,0,32,0.000023125,1383784,138378378,13.000000,930.000000
embedding/direct,500,0,32,0.000030250,1057851,528925620,0.000000,0.000000
embedding/default_options,500,0,32,0.000030292,1056385,528192262,0.000000,0.000000
embedding/bindings,500,0,32,0.000033625,951673,475836431,5.000000,400.000000
embedding/host,500,0,32,0.000037250,859060,429530201,5.000000,400.000000
embedding/limits,500,0,32,0.000033416,957625,478812545,5.000000,392.000000
embedding/string_borrowed,500,0,32,0.000010542,3035477,1517738570,0.000000,0.000000
embedding/string_decoded,500,0,32,0.000011292,2833865,1416932341,1.000000,8.000000
embedding/owned_scalar,500,0,32,0.000010750,2976744,1488372093,0.000000,0.000000
embedding/owned_object,500,0,32,0.000046125,693767,346883469,13.000000,930.000000
embedding/direct,1024,0,32,0.000055625,575281,589087640,0.000000,0.000000
embedding/default_options,1024,0,32,0.000061208,522807,535354856,0.000000,0.000000
embedding/bindings,1024,0,32,0.000059958,533707,546515894,5.000000,400.000000
embedding/host,1024,0,32,0.000065542,488237,499954228,5.000000,400.000000
embedding/limits,1024,0,32,0.000060042,532960,545751307,5.000000,392.000000
embedding/string_borrowed,1024,0,32,0.000019625,1630573,1669707006,0.000000,0.000000
embedding/string_decoded,1024,0,32,0.000020417,1567321,1604937062,1.000000,8.000000
embedding/owned_scalar,1024,0,32,0.000019750,1620253,1659139241,0.000000,0.000000
embedding/owned_object,1024,0,32,0.000069708,459058,470075171,13.000000,930.000000
embedding/direct,10240,0,32,0.000498709,64166,657056520,0.000000,0.000000
embedding/default_options,10240,0,32,0.000501542,63803,653345084,0.000000,0.000000
embedding/bindings,10240,0,32,0.000502583,63671,651991810,5.000000,400.000000
embedding/host,10240,0,32,0.000505625,63288,648069221,5.000000,400.000000
embedding/limits,10240,0,32,0.000502125,63729,652586507,5.000000,392.000000
embedding/string_borrowed,10240,0,32,0.000170541,187638,1921414792,0.000000,0.000000
embedding/string_decoded,10240,0,32,0.000174000,183908,1883218391,1.000000,8.000000
embedding/owned_scalar,10240,0,32,0.000170584,187591,1920930451,0.000000,0.000000
embedding/owned_object,10240,0,32,0.000514791,62161,636530165,13.000000,930.000000
embedding/host_map_sum,74,0,32,0.000030542,1047738,77532578,8.000000,736.000000
embedding/controlled_filter_sum,74,0,32,0.000048250,663212,49077720,5.000000,392.000000
embedding/host_map_sum,1180,0,32,0.000327959,97573,115136343,12.000000,6496.000000
embedding/controlled_filter_sum,1180,0,32,0.000777541,41155,48563356,5.000000,392.000000
embedding/host_map_sum,10164,0,32,0.002434417,13145,133604062,15.000000,49504.000000
embedding/controlled_filter_sum,10164,0,32,0.006000000,5333,54208000,5.000000,392.000000
compatibility/unicode_icase,500,0,32,0.000025875,1236715,618357488,7.000000,240.000000
compatibility/unicode_replace,500,0,32,0.000033291,961221,480610375,16.000000,442.000000
compatibility/unicode_date_static,500,0,32,0.000030209,1059287,529643484,6.000000,1400.000000
compatibility/numeric_partial,500,0,32,0.000029167,1097130,548565159,8.000000,736.000000
compatibility/unicode_icase,10240,0,32,0.000340125,94083,963410511,7.000000,240.000000
compatibility/unicode_replace,10240,0,32,0.000350584,91276,934669009,16.000000,442.000000
compatibility/unicode_date_static,10240,0,32,0.000345125,92720,949453097,6.000000,1400.000000
compatibility/numeric_partial,10240,0,32,0.000355084,90120,922823895,8.000000,736.000000
compatibility/sorted_tuple_filter,74,0,32,0.000115584,276855,20487265,68.000000,4280.000000
compatibility/sorted_tuple_group,74,0,32,0.000167500,191045,14137313,137.000000,7244.000000
compatibility/sorted_tuple_filter,1182,0,32,0.001935791,16531,19539299,912.000000,62960.000000
compatibility/sorted_tuple_group,1182,0,32,0.002549833,12550,14833913,1897.000000,111704.000000
compatibility/sorted_tuple_filter,10167,0,32,0.017013208,1881,19123025,7187.000000,501104.000000
compatibility/sorted_tuple_group,10167,0,32,0.022541750,1420,14432952,14904.000000,891672.000000
JX_BENCH_NATIVE_ONLY=1 JX_BENCH_NATIVE=1 cargo bench -p jx --features jit --bench throughput --locked -- --smoke
    Finished `bench` profile [optimized] target(s) in 0.02s
     Running benches/throughput.rs (target/release/deps/throughput-c4f4d8c7339efca9)
workload,input_bytes,sample,records,seconds,records_per_second,input_bytes_per_second,allocations_per_record,allocated_bytes_per_record
native_metadata,arithmetic,32000,528208,1,716,0
jit/compile_arithmetic,0,0,32,0.008218792,3894,0,1284.000000,649170.000000
native_region,jit/arithmetic,100,257458,1,716
jit/arithmetic,100,0,32,0.000004125,7757576,775757576,0.000000,0.000000
jit/rust_arithmetic,100,0,32,0.000003667,8726479,872647941,0.000000,0.000000
native_region,jit/arithmetic,500,255250,1,716
jit/arithmetic,500,0,32,0.000010917,2931208,1465604104,0.000000,0.000000
jit/rust_arithmetic,500,0,32,0.000010792,2965159,1482579689,0.000000,0.000000
native_region,jit/arithmetic,1024,251250,1,716
jit/arithmetic,1024,0,32,0.000019500,1641026,1680410256,0.000000,0.000000
jit/rust_arithmetic,1024,0,32,0.000019167,1669536,1709605050,0.000000,0.000000
native_region,jit/arithmetic,10240,250625,1,716
jit/arithmetic,10240,0,32,0.000170875,187271,1917659108,0.000000,0.000000
jit/rust_arithmetic,10240,0,32,0.000170583,187592,1920941712,0.000000,0.000000
native_region,jit/arithmetic,1048576,272333,1,716
jit/arithmetic,1048576,0,32,0.017266125,1853,1943367837,0.000000,0.000000
jit/rust_arithmetic,1048576,0,32,0.017215291,1859,1949106292,0.000000,0.000000
native_metadata,dense,11750,502833,1,1144,0
jit/compile_dense,0,0,32,0.012488333,2562,0,1705.000000,1024824.000000
native_region,jit/dense,100,383584,1,1144
jit/dense,100,0,32,0.000004208,7604563,760456274,0.000000,0.000000
jit/rust_dense,100,0,32,0.000003667,8726479,872647941,0.000000,0.000000
native_region,jit/dense,500,383791,1,1144
jit/dense,500,0,32,0.000011042,2898026,1449012860,0.000000,0.000000
jit/rust_dense,500,0,32,0.000010583,3023717,1511858641,0.000000,0.000000
native_region,jit/dense,1024,380625,1,1144
jit/dense,1024,0,32,0.000019625,1630573,1669707006,0.000000,0.000000
jit/rust_dense,1024,0,32,0.000019167,1669536,1709605050,0.000000,0.000000
native_region,jit/dense,10240,380791,1,1144
jit/dense,10240,0,32,0.000170875,187271,1917659108,0.000000,0.000000
jit/rust_dense,10240,0,32,0.000170625,187546,1920468864,0.000000,0.000000
native_region,jit/dense,1048576,384750,1,1144
jit/dense,1048576,0,32,0.017214792,1859,1949162790,0.000000,0.000000
jit/rust_dense,1048576,0,32,0.017278125,1852,1942018130,0.000000,0.000000
native_metadata,branch,14000,521375,1,1056,0
jit/compile_branch,0,0,32,0.011337166,2823,0,1644.000000,918234.000000
native_region,jit/branch,100,341958,1,1056
jit/branch,100,0,32,0.000004250,7529412,752941176,0.000000,0.000000
jit/rust_branch,100,0,32,0.000003708,8629989,862998921,0.000000,0.000000
native_region,jit/branch,500,346542,1,1056
jit/branch,500,0,32,0.000011208,2855103,1427551749,0.000000,0.000000
jit/rust_branch,500,0,32,0.000010708,2988420,1494209936,0.000000,0.000000
native_region,jit/branch,1024,346125,1,1056
jit/branch,1024,0,32,0.000019667,1627091,1666141252,0.000000,0.000000
jit/rust_branch,1024,0,32,0.000019208,1665973,1705955852,0.000000,0.000000
native_region,jit/branch,10240,353125,1,1056
jit/branch,10240,0,32,0.000171000,187135,1916257310,0.000000,0.000000
jit/rust_branch,10240,0,32,0.000173167,184793,1892277397,0.000000,0.000000
native_region,jit/branch,1048576,348375,1,1056
jit/branch,1048576,0,32,0.017256042,1854,1944503380,0.000000,0.000000
jit/rust_branch,1048576,0,32,0.017247375,1855,1945480515,0.000000,0.000000
jit/varying_branch,500,0,32,0.000011833,2704302,1352150765,0.000000,0.000000
native_region,jit/tiny,13,275583,1,716
jit/tiny,13,0,32,0.000002541,12593467,163715073,0.000000,0.000000
native_region,jit/fold,122,411709,1,1144
jit/fold,122,0,32,0.000024708,1295127,158005504,0.000000,0.000000
native_region,jit/filter_map_fold,122,498334,1,1368
jit/filter_map_fold,122,0,32,0.000025458,1256972,153350617,0.000000,0.000000
jit/rust_fold,122,0,32,0.000024042,1331004,162382497,0.000000,0.000000
native_region,jit/numeric_fold,26,215125,1,504
jit/numeric_fold,26,0,32,0.000010417,3071902,79869444,0.000000,0.000000
native_region,jit/fold,472,398333,1,1144
jit/fold,472,0,32,0.000099875,320401,151229036,0.000000,0.000000
native_region,jit/filter_map_fold,472,469083,1,1368
jit/filter_map_fold,472,0,32,0.000098417,325147,153469421,0.000000,0.000000
jit/rust_fold,472,0,32,0.000090334,354241,167201718,0.000000,0.000000
native_region,jit/numeric_fold,88,212583,1,504
jit/numeric_fold,88,0,32,0.000038542,830263,73063152,0.000000,0.000000
native_region,jit/fold,1858,392334,1,1144
jit/fold,1858,0,32,0.000373208,85743,159310626,0.000000,0.000000
native_region,jit/filter_map_fold,1858,461958,1,1368
jit/filter_map_fold,1858,0,32,0.000395167,80978,150457908,0.000000,0.000000
jit/rust_fold,1858,0,32,0.000355750,89951,167128602,0.000000,0.000000
native_region,jit/numeric_fold,322,210250,1,504
jit/numeric_fold,322,0,32,0.000158167,202318,65146333,0.000000,0.000000
native_region,jit/fold,14794,397042,1,1144
jit/fold,14794,0,32,0.002886000,11088,164036036,0.000000,0.000000
native_region,jit/filter_map_fold,14794,459333,1,1368
jit/filter_map_fold,14794,0,32,0.003066041,10437,154403676,0.000000,0.000000
jit/rust_fold,14794,0,32,0.002864750,11170,165252814,0.000000,0.000000
native_region,jit/numeric_fold,2506,209667,1,504
jit/numeric_fold,2506,0,32,0.001174792,27239,68260594,0.000000,0.000000
native_region,jit/fold,236554,392083,1,1144
jit/fold,236554,0,32,0.046971375,681,161156194,0.000000,0.000000
native_region,jit/filter_map_fold,236554,559916,1,1368
jit/filter_map_fold,236554,0,32,0.050203000,637,150782384,0.000000,0.000000
jit/rust_fold,236554,0,32,0.044503416,719,170093190,0.000000,0.000000
native_region,jit/numeric_fold,39946,227667,1,504
jit/numeric_fold,39946,0,32,0.018586834,1722,68772982,0.000000,0.000000
