workload,input_bytes,sample,records,seconds,records_per_second,input_bytes_per_second,allocations_per_record,allocated_bytes_per_record
compile,0,0,243392,0.050001125,4867730,0,8.000000,618.000000
compile,0,1,245952,0.050003166,4918729,0,8.000000,618.000000
compile,0,2,244832,0.050005667,4896085,0,8.000000,618.000000
compile,0,3,246432,0.050003791,4928266,0,8.000000,618.000000
compile,0,4,244576,0.050001000,4891422,0,8.000000,618.000000
compile,0,5,240800,0.050001208,4815884,0,8.000000,618.000000
compile,0,6,240448,0.050003167,4808655,0,8.000000,618.000000
ascii/validate,100,0,570976,0.050000708,11419358,1141935830,0.000000,0.000000
ascii/validate,100,1,581056,0.050000083,11621101,1162110071,0.000000,0.000000
ascii/validate,100,2,582432,0.050000292,11648572,1164857197,0.000000,0.000000
ascii/validate,100,3,582080,0.050000833,11641406,1164140605,0.000000,0.000000
ascii/validate,100,4,581920,0.050001584,11638031,1163803131,0.000000,0.000000
ascii/validate,100,5,597344,0.050001167,11946601,1194660117,0.000000,0.000000
ascii/validate,100,6,607200,0.050001791,12143565,1214356502,0.000000,0.000000
ascii/identity,100,0,574688,0.050000166,11493722,1149372184,0.000000,0.000000
ascii/identity,100,1,576160,0.050000917,11522989,1152298867,0.000000,0.000000
ascii/identity,100,2,576320,0.050001500,11526054,1152605422,0.000000,0.000000
ascii/identity,100,3,571936,0.050001125,11438463,1143846263,0.000000,0.000000
ascii/identity,100,4,574016,0.050001625,11479947,1147994690,0.000000,0.000000
ascii/identity,100,5,565504,0.050001250,11309797,1130979726,0.000000,0.000000
ascii/identity,100,6,562880,0.050000208,11257553,1125755317,0.000000,0.000000
ascii/shallow,100,0,498592,0.050001541,9971533,997153268,0.000000,0.000000
ascii/shallow,100,1,495392,0.050001792,9907485,990748492,0.000000,0.000000
ascii/shallow,100,2,506208,0.050002916,10123570,1012356959,0.000000,0.000000
ascii/shallow,100,3,499104,0.050000250,9982030,998203009,0.000000,0.000000
ascii/shallow,100,4,503936,0.050001042,10078510,1007850996,0.000000,0.000000
ascii/shallow,100,5,502240,0.050001083,10044582,1004458243,0.000000,0.000000
ascii/shallow,100,6,503008,0.050002875,10059582,1005958157,0.000000,0.000000
ascii/nested,100,0,469088,0.050003209,9381158,938115792,0.000000,0.000000
ascii/nested,100,1,470432,0.050001083,9408436,940843621,0.000000,0.000000
ascii/nested,100,2,480000,0.050001083,9599792,959979207,0.000000,0.000000
ascii/nested,100,3,481472,0.050001542,9629143,962914304,0.000000,0.000000
ascii/nested,100,4,482528,0.050000958,9650375,965037510,0.000000,0.000000
ascii/nested,100,5,480672,0.050001125,9613224,961322370,0.000000,0.000000
ascii/nested,100,6,482752,0.050002917,9654477,965447676,0.000000,0.000000
ascii/missing,100,0,524096,0.050002167,10481466,1048146573,0.000000,0.000000
ascii/missing,100,1,526112,0.050000625,10522108,1052210847,0.000000,0.000000
ascii/missing,100,2,527712,0.050001833,10553853,1055385310,0.000000,0.000000
ascii/missing,100,3,525984,0.050003000,10519049,1051904886,0.000000,0.000000
ascii/missing,100,4,515936,0.050001792,10318350,1031835019,0.000000,0.000000
ascii/missing,100,5,520736,0.050000292,10414659,1041465918,0.000000,0.000000
ascii/missing,100,6,524992,0.050001292,10499569,1049956869,0.000000,0.000000
ascii/array_value,100,0,498208,0.050002750,9963612,996361200,0.000000,0.000000
ascii/array_value,100,1,511008,0.050000625,10220032,1022003225,0.000000,0.000000
ascii/array_value,100,2,511648,0.050000667,10232823,1023282349,0.000000,0.000000
ascii/array_value,100,3,512320,0.050001000,10246195,1024619508,0.000000,0.000000
ascii/array_value,100,4,510176,0.050000250,10203469,1020346898,0.000000,0.000000
ascii/array_value,100,5,503296,0.050002708,10065375,1006537486,0.000000,0.000000
ascii/array_value,100,6,502944,0.050000792,10058721,1005872067,0.000000,0.000000
ascii/identity_write,100,0,310816,0.050004084,6215812,621581229,0.000000,0.000000
ascii/identity_write,100,1,312704,0.050001084,6253944,625394441,0.000000,0.000000
ascii/identity_write,100,2,315040,0.050004625,6300217,630021723,0.000000,0.000000
ascii/identity_write,100,3,315744,0.050005000,6314249,631424858,0.000000,0.000000
ascii/identity_write,100,4,312960,0.050001542,6259007,625900697,0.000000,0.000000
ascii/identity_write,100,5,312384,0.050001125,6247539,624753943,0.000000,0.000000
ascii/identity_write,100,6,313920,0.050004583,6277825,627782457,0.000000,0.000000
ascii/validate,500,0,167616,0.050003500,3352085,1676042677,0.000000,0.000000
ascii/validate,500,1,167680,0.050002667,3353421,1676710564,0.000000,0.000000
ascii/validate,500,2,167712,0.050006042,3353835,1676917361,0.000000,0.000000
ascii/validate,500,3,168128,0.050007541,3362053,1681026468,0.000000,0.000000
ascii/validate,500,4,167680,0.050006292,3353178,1676589018,0.000000,0.000000
ascii/validate,500,5,167616,0.050003083,3352113,1676056654,0.000000,0.000000
ascii/validate,500,6,167808,0.050005708,3355777,1677888452,0.000000,0.000000
ascii/identity,500,0,165632,0.050005334,3312287,1656143323,0.000000,0.000000
ascii/identity,500,1,170208,0.050005375,3403794,1701897046,0.000000,0.000000
ascii/identity,500,2,168352,0.050006042,3366633,1683316588,0.000000,0.000000
ascii/identity,500,3,166848,0.050001375,3336868,1668434118,0.000000,0.000000
ascii/identity,500,4,165728,0.050005417,3314201,1657100470,0.000000,0.000000
ascii/identity,500,5,166752,0.050006417,3334612,1667306018,0.000000,0.000000
ascii/identity,500,6,167488,0.050009333,3349135,1674567425,0.000000,0.000000
ascii/shallow,500,0,160256,0.050003167,3204917,1602458500,0.000000,0.000000
ascii/shallow,500,1,160288,0.050003000,3205568,1602783833,0.000000,0.000000
ascii/shallow,500,2,161120,0.050004208,3222129,1611064413,0.000000,0.000000
ascii/shallow,500,3,160480,0.050005375,3209255,1604627503,0.000000,0.000000
ascii/shallow,500,4,159744,0.050008167,3194358,1597179117,0.000000,0.000000
ascii/shallow,500,5,160256,0.050003042,3204925,1602462506,0.000000,0.000000
ascii/shallow,500,6,159520,0.050000875,3190344,1595172084,0.000000,0.000000
ascii/nested,500,0,156736,0.050000542,3134686,1567343010,0.000000,0.000000
ascii/nested,500,1,157408,0.050004458,3147879,1573939668,0.000000,0.000000
ascii/nested,500,2,157120,0.050000292,3142382,1571190824,0.000000,0.000000
ascii/nested,500,3,158400,0.050009250,3167414,1583707014,0.000000,0.000000
ascii/nested,500,4,157376,0.050005250,3147190,1573594773,0.000000,0.000000
ascii/nested,500,5,156960,0.050002583,3139038,1569518919,0.000000,0.000000
ascii/nested,500,6,157152,0.050003416,3142825,1571412641,0.000000,0.000000
ascii/missing,500,0,162080,0.050009417,3240990,1620494796,0.000000,0.000000
ascii/missing,500,1,161376,0.050006459,3227103,1613551561,0.000000,0.000000
ascii/missing,500,2,161760,0.050000500,3235168,1617583824,0.000000,0.000000
ascii/missing,500,3,161536,0.050004541,3230427,1615213306,0.000000,0.000000
ascii/missing,500,4,164448,0.050007834,3288445,1644222383,0.000000,0.000000
ascii/missing,500,5,163904,0.050003541,3277848,1638923931,0.000000,0.000000
ascii/missing,500,6,163264,0.050000250,3265264,1632631837,0.000000,0.000000
ascii/array_value,500,0,158656,0.050003084,3172924,1586462147,0.000000,0.000000
ascii/array_value,500,1,158112,0.050001708,3162132,1581065991,0.000000,0.000000
ascii/array_value,500,2,160288,0.050006625,3205335,1602667647,0.000000,0.000000
ascii/array_value,500,3,157984,0.050002250,3159538,1579768910,0.000000,0.000000
ascii/array_value,500,4,158656,0.050001417,3173030,1586515038,0.000000,0.000000
ascii/array_value,500,5,158880,0.050005875,3177227,1588613338,0.000000,0.000000
ascii/array_value,500,6,160064,0.050005083,3200955,1600477295,0.000000,0.000000
ascii/identity_write,500,0,75488,0.050013125,1509364,754681896,0.000000,0.000000
ascii/identity_write,500,1,75584,0.050014667,1511237,755618347,0.000000,0.000000
ascii/identity_write,500,2,75584,0.050017292,1511157,755578691,0.000000,0.000000
ascii/identity_write,500,3,75808,0.050002708,1516078,758038945,0.000000,0.000000
ascii/identity_write,500,4,75584,0.050012333,1511307,755653610,0.000000,0.000000
ascii/identity_write,500,5,75648,0.050014666,1512516,756258174,0.000000,0.000000
ascii/identity_write,500,6,75232,0.050011792,1504285,752142615,0.000000,0.000000
ascii/validate,1024,0,88192,0.050015959,1763277,1805595850,0.000000,0.000000
ascii/validate,1024,1,90176,0.050009375,1803182,1846458269,0.000000,0.000000
ascii/validate,1024,2,88672,0.050007125,1773187,1815743817,0.000000,0.000000
ascii/validate,1024,3,88000,0.050004459,1759843,1802079291,0.000000,0.000000
ascii/validate,1024,4,87968,0.050000083,1759357,1801581649,0.000000,0.000000
ascii/validate,1024,5,88800,0.050005708,1775797,1818416410,0.000000,0.000000
ascii/validate,1024,6,88352,0.050008542,1766738,1809139887,0.000000,0.000000
ascii/identity,1024,0,87552,0.050005417,1750850,1792870720,0.000000,0.000000
ascii/identity,1024,1,87552,0.050005083,1750862,1792882696,0.000000,0.000000
ascii/identity,1024,2,87616,0.050001208,1752278,1794332329,0.000000,0.000000
ascii/identity,1024,3,87616,0.050001958,1752251,1794305415,0.000000,0.000000
ascii/identity,1024,4,87680,0.050017459,1752988,1795059601,0.000000,0.000000
ascii/identity,1024,5,87744,0.050014000,1754389,1796494102,0.000000,0.000000
ascii/identity,1024,6,87456,0.050007542,1748856,1790828751,0.000000,0.000000
ascii/shallow,1024,0,86784,0.050004500,1735524,1777176374,0.000000,0.000000
ascii/shallow,1024,1,85536,0.050016125,1710168,1751212514,0.000000,0.000000
ascii/shallow,1024,2,85696,0.050007084,1713677,1754805459,0.000000,0.000000
ascii/shallow,1024,3,85568,0.050001125,1711321,1752393211,0.000000,0.000000
ascii/shallow,1024,4,86016,0.050005417,1720134,1761416848,0.000000,0.000000
ascii/shallow,1024,5,86080,0.050015583,1721064,1762369140,0.000000,0.000000
ascii/shallow,1024,6,85600,0.050008167,1711720,1752801697,0.000000,0.000000
ascii/nested,1024,0,84800,0.050003166,1695893,1736594039,0.000000,0.000000
ascii/nested,1024,1,85024,0.050008833,1700180,1740983958,0.000000,0.000000
ascii/nested,1024,2,84832,0.050013584,1696179,1736887482,0.000000,0.000000
ascii/nested,1024,3,86272,0.050000459,1725424,1766834340,0.000000,0.000000
ascii/nested,1024,4,85952,0.050006541,1718815,1760066708,0.000000,0.000000
ascii/nested,1024,5,85056,0.050001250,1701077,1741903332,0.000000,0.000000
ascii/nested,1024,6,85152,0.050000875,1703010,1743882442,0.000000,0.000000
ascii/missing,1024,0,86240,0.050012416,1724372,1765756727,0.000000,0.000000
ascii/missing,1024,1,86144,0.050016708,1722304,1763639782,0.000000,0.000000
ascii/missing,1024,2,86176,0.050003667,1723394,1764755053,0.000000,0.000000
ascii/missing,1024,3,86400,0.050008792,1727696,1769160911,0.000000,0.000000
ascii/missing,1024,4,86080,0.050007416,1721345,1762656963,0.000000,0.000000
ascii/missing,1024,5,87008,0.050007084,1739913,1781671413,0.000000,0.000000
ascii/missing,1024,6,86848,0.050014458,1736458,1778132875,0.000000,0.000000
ascii/array_value,1024,0,85472,0.050005208,1709262,1750284250,0.000000,0.000000
ascii/array_value,1024,1,85856,0.050008875,1716815,1758018832,0.000000,0.000000
ascii/array_value,1024,2,85536,0.050014041,1710240,1751285484,0.000000,0.000000
ascii/array_value,1024,3,85856,0.050012041,1716707,1757907541,0.000000,0.000000
ascii/array_value,1024,4,85792,0.050014667,1715337,1756504907,0.000000,0.000000
ascii/array_value,1024,5,86368,0.050008667,1727061,1768510086,0.000000,0.000000
ascii/array_value,1024,6,86208,0.050014333,1723666,1765033875,0.000000,0.000000
ascii/identity_write,1024,0,38560,0.050033042,770691,789187273,0.000000,0.000000
ascii/identity_write,1024,1,38464,0.050037667,768701,787149729,0.000000,0.000000
ascii/identity_write,1024,2,38560,0.050034209,770673,789168866,0.000000,0.000000
ascii/identity_write,1024,3,38528,0.050027833,770131,788614450,0.000000,0.000000
ascii/identity_write,1024,4,39104,0.050012459,781885,800650414,0.000000,0.000000
ascii/identity_write,1024,5,38656,0.050037917,772534,791074976,0.000000,0.000000
ascii/identity_write,1024,6,38624,0.050009625,772331,790867278,0.000000,0.000000
ascii/validate,10240,0,9408,0.050153500,187584,1920861356,0.000000,0.000000
ascii/validate,10240,1,9408,0.050007250,188133,1926479061,0.000000,0.000000
ascii/validate,10240,2,9440,0.050164375,188181,1926977063,0.000000,0.000000
ascii/validate,10240,3,9408,0.050031250,188042,1925554928,0.000000,0.000000
ascii/validate,10240,4,9408,0.050042959,187998,1925104389,0.000000,0.000000
ascii/validate,10240,5,9536,0.050077292,190426,1949958476,0.000000,0.000000
ascii/validate,10240,6,9408,0.050039583,188011,1925234269,0.000000,0.000000
ascii/identity,10240,0,9664,0.050097708,192903,1975327095,0.000000,0.000000
ascii/identity,10240,1,9440,0.050103625,188410,1929313498,0.000000,0.000000
ascii/identity,10240,2,9408,0.050089083,187825,1923331677,0.000000,0.000000
ascii/identity,10240,3,9440,0.050069666,188537,1930622026,0.000000,0.000000
ascii/identity,10240,4,9536,0.050159167,190115,1946775552,0.000000,0.000000
ascii/identity,10240,5,9408,0.050127583,187681,1921854481,0.000000,0.000000
ascii/identity,10240,6,9408,0.050071208,187892,1924018290,0.000000,0.000000
ascii/shallow,10240,0,9376,0.050073167,187246,1917398993,0.000000,0.000000
ascii/shallow,10240,1,9408,0.050164459,187543,1920441721,0.000000,0.000000
ascii/shallow,10240,2,9376,0.050073167,187246,1917398993,0.000000,0.000000
ascii/shallow,10240,3,9472,0.050036333,189302,1938457001,0.000000,0.000000
ascii/shallow,10240,4,9376,0.050119875,187071,1915612120,0.000000,0.000000
ascii/shallow,10240,5,9376,0.050049542,187334,1918304068,0.000000,0.000000
ascii/shallow,10240,6,9376,0.050079666,187222,1917150166,0.000000,0.000000
ascii/nested,10240,0,9376,0.050112917,187097,1915878096,0.000000,0.000000
ascii/nested,10240,1,9568,0.050118292,190908,1954901416,0.000000,0.000000
ascii/nested,10240,2,9472,0.050097375,189072,1936095055,0.000000,0.000000
ascii/nested,10240,3,9376,0.050154875,186941,1914275332,0.000000,0.000000
ascii/nested,10240,4,9376,0.050117166,187082,1915715665,0.000000,0.000000
ascii/nested,10240,5,9376,0.050125542,187050,1915395548,0.000000,0.000000
ascii/nested,10240,6,9376,0.050100958,187142,1916335412,0.000000,0.000000
ascii/missing,10240,0,9536,0.050024042,190628,1952034184,0.000000,0.000000
ascii/missing,10240,1,9440,0.050067375,188546,1930710368,0.000000,0.000000
ascii/missing,10240,2,9376,0.050053000,187321,1918171538,0.000000,0.000000
ascii/missing,10240,3,9408,0.050162625,187550,1920511935,0.000000,0.000000
ascii/missing,10240,4,9504,0.050088333,189745,1942986603,0.000000,0.000000
ascii/missing,10240,5,9472,0.050079125,189141,1936800613,0.000000,0.000000
ascii/missing,10240,6,9376,0.050024667,187428,1919257953,0.000000,0.000000
ascii/array_value,10240,0,9376,0.050068667,187263,1917571323,0.000000,0.000000
ascii/array_value,10240,1,9376,0.050129084,187037,1915260211,0.000000,0.000000
ascii/array_value,10240,2,9376,0.050005500,187499,1919993601,0.000000,0.000000
ascii/array_value,10240,3,9408,0.050015583,188101,1926158094,0.000000,0.000000
ascii/array_value,10240,4,9376,0.050028292,187414,1919118886,0.000000,0.000000
ascii/array_value,10240,5,9376,0.050056666,187308,1918031057,0.000000,0.000000
ascii/array_value,10240,6,9376,0.050047500,187342,1918382337,0.000000,0.000000
ascii/identity_write,10240,0,4064,0.050367417,80687,826235739,0.000000,0.000000
ascii/identity_write,10240,1,4096,0.050211208,81575,835332223,0.000000,0.000000
ascii/identity_write,10240,2,4032,0.050246959,80244,821695100,0.000000,0.000000
ascii/identity_write,10240,3,4032,0.050160042,80383,823118928,0.000000,0.000000
ascii/identity_write,10240,4,4032,0.050233375,80265,821917301,0.000000,0.000000
ascii/identity_write,10240,5,4064,0.050016959,81252,832024994,0.000000,0.000000
ascii/identity_write,10240,6,4096,0.050252834,81508,834640291,0.000000,0.000000
ascii/validate,65536,0,1504,0.050717708,29654,1943426623,0.000000,0.000000
ascii/validate,65536,1,1504,0.050801083,29606,1940237061,0.000000,0.000000
ascii/validate,65536,2,1504,0.050753166,29634,1942068875,0.000000,0.000000
ascii/validate,65536,3,1504,0.050762667,29628,1941705388,0.000000,0.000000
ascii/validate,65536,4,1536,0.050657583,30321,1987131838,0.000000,0.000000
ascii/validate,65536,5,1536,0.050991542,30123,1974117511,0.000000,0.000000
ascii/validate,65536,6,1504,0.050411917,29834,1955215153,0.000000,0.000000
ascii/identity,65536,0,1504,0.050852625,29576,1938270522,0.000000,0.000000
ascii/identity,65536,1,1504,0.050744375,29639,1942405321,0.000000,0.000000
ascii/identity,65536,2,1504,0.050790292,29612,1940649288,0.000000,0.000000
ascii/identity,65536,3,1504,0.050836000,29585,1938904398,0.000000,0.000000
ascii/identity,65536,4,1504,0.050805042,29603,1940085868,0.000000,0.000000
ascii/identity,65536,5,1504,0.050317333,29890,1958890468,0.000000,0.000000
ascii/identity,65536,6,1504,0.050206791,29956,1963203424,0.000000,0.000000
ascii/shallow,65536,0,1504,0.050786000,29614,1940813295,0.000000,0.000000
ascii/shallow,65536,1,1504,0.050860625,29571,1937965646,0.000000,0.000000
ascii/shallow,65536,2,1504,0.050782500,29617,1940947059,0.000000,0.000000
ascii/shallow,65536,3,1504,0.050848125,29578,1938442057,0.000000,0.000000
ascii/shallow,65536,4,1504,0.050819083,29595,1939549834,0.000000,0.000000
ascii/shallow,65536,5,1504,0.050178000,29973,1964329866,0.000000,0.000000
ascii/shallow,65536,6,1504,0.050471542,29799,1952905342,0.000000,0.000000
ascii/nested,65536,0,1504,0.050838125,29584,1938823354,0.000000,0.000000
ascii/nested,65536,1,1504,0.050841292,29582,1938702581,0.000000,0.000000
ascii/nested,65536,2,1504,0.050923125,29535,1935587103,0.000000,0.000000
ascii/nested,65536,3,1504,0.050898750,29549,1936514040,0.000000,0.000000
ascii/nested,65536,4,1504,0.050311625,29894,1959112710,0.000000,0.000000
ascii/nested,65536,5,1504,0.050507417,29778,1951518210,0.000000,0.000000
ascii/nested,65536,6,1504,0.050874500,29563,1937437105,0.000000,0.000000
ascii/missing,65536,0,1504,0.050775208,29621,1941225805,0.000000,0.000000
ascii/missing,65536,1,1536,0.050785458,30245,1982128349,0.000000,0.000000
ascii/missing,65536,2,1536,0.051056083,30085,1971621991,0.000000,0.000000
ascii/missing,65536,3,1504,0.050839000,29584,1938789984,0.000000,0.000000
ascii/missing,65536,4,1504,0.050811750,29599,1939829744,0.000000,0.000000
ascii/missing,65536,5,1504,0.050336959,29879,1958126712,0.000000,0.000000
ascii/missing,65536,6,1504,0.050805792,29603,1940057228,0.000000,0.000000
ascii/array_value,65536,0,1504,0.050353542,29869,1957481839,0.000000,0.000000
ascii/array_value,65536,1,1504,0.050284959,29910,1960151623,0.000000,0.000000
ascii/array_value,65536,2,1504,0.050183125,29970,1964129257,0.000000,0.000000
ascii/array_value,65536,3,1504,0.050808167,29602,1939966541,0.000000,0.000000
ascii/array_value,65536,4,1504,0.050832208,29588,1939049038,0.000000,0.000000
ascii/array_value,65536,5,1504,0.050804959,29603,1940089037,0.000000,0.000000
ascii/array_value,65536,6,1504,0.050772250,29622,1941338901,0.000000,0.000000
ascii/identity_write,65536,0,672,0.052464417,12809,839429741,0.000000,0.000000
ascii/identity_write,65536,1,640,0.050696250,12624,827340089,0.000000,0.000000
ascii/identity_write,65536,2,640,0.050874250,12580,824445373,0.000000,0.000000
ascii/identity_write,65536,3,640,0.050844250,12587,824931826,0.000000,0.000000
ascii/identity_write,65536,4,640,0.050631750,12640,828394041,0.000000,0.000000
ascii/identity_write,65536,5,640,0.050203792,12748,835455617,0.000000,0.000000
ascii/identity_write,65536,6,640,0.050783375,12603,825920688,0.000000,0.000000
ascii/validate,1048576,0,96,0.051784667,1854,1943882269,0.000000,0.000000
ascii/validate,1048576,1,96,0.051752375,1855,1945095196,0.000000,0.000000
ascii/validate,1048576,2,96,0.051107542,1878,1969636810,0.000000,0.000000
ascii/validate,1048576,3,96,0.050641250,1896,1987772735,0.000000,0.000000
ascii/validate,1048576,4,96,0.051710125,1857,1946684445,0.000000,0.000000
ascii/validate,1048576,5,96,0.051726708,1856,1946060360,0.000000,0.000000
ascii/validate,1048576,6,96,0.051712167,1856,1946607575,0.000000,0.000000
ascii/identity,1048576,0,96,0.051475542,1865,1955555825,0.000000,0.000000
ascii/identity,1048576,1,96,0.051758541,1855,1944863477,0.000000,0.000000
ascii/identity,1048576,2,96,0.051785875,1854,1943836925,0.000000,0.000000
ascii/identity,1048576,3,96,0.051754084,1855,1945030966,0.000000,0.000000
ascii/identity,1048576,4,96,0.051752875,1855,1945076404,0.000000,0.000000
ascii/identity,1048576,5,96,0.051763625,1855,1944672461,0.000000,0.000000
ascii/identity,1048576,6,96,0.050405333,1905,1997076301,0.000000,0.000000
ascii/shallow,1048576,0,96,0.051766334,1854,1944570693,0.000000,0.000000
ascii/shallow,1048576,1,96,0.051719458,1856,1946333158,0.000000,0.000000
ascii/shallow,1048576,2,96,0.051740833,1855,1945529095,0.000000,0.000000
ascii/shallow,1048576,3,96,0.051084542,1879,1970523608,0.000000,0.000000
ascii/shallow,1048576,4,96,0.050295083,1909,2001454019,0.000000,0.000000
ascii/shallow,1048576,5,96,0.050517292,1900,1992650279,0.000000,0.000000
ascii/shallow,1048576,6,96,0.051752667,1855,1945084221,0.000000,0.000000
ascii/nested,1048576,0,96,0.051772750,1854,1944329710,0.000000,0.000000
ascii/nested,1048576,1,96,0.051750375,1855,1945170368,0.000000,0.000000
ascii/nested,1048576,2,96,0.051770875,1854,1944400128,0.000000,0.000000
ascii/nested,1048576,3,96,0.050379583,1906,1998097047,0.000000,0.000000
ascii/nested,1048576,4,96,0.051511125,1864,1954204961,0.000000,0.000000
ascii/nested,1048576,5,96,0.051714708,1856,1946511928,0.000000,0.000000
ascii/nested,1048576,6,96,0.051426375,1867,1957425465,0.000000,0.000000
ascii/missing,1048576,0,96,0.051658208,1858,1948640882,0.000000,0.000000
ascii/missing,1048576,1,96,0.051813292,1853,1942808343,0.000000,0.000000
ascii/missing,1048576,2,96,0.051711500,1856,1946632683,0.000000,0.000000
ascii/missing,1048576,3,96,0.051833792,1852,1942039973,0.000000,0.000000
ascii/missing,1048576,4,96,0.051679959,1858,1947820740,0.000000,0.000000
ascii/missing,1048576,5,96,0.050914917,1885,1977088483,0.000000,0.000000
ascii/missing,1048576,6,96,0.051751875,1855,1945113989,0.000000,0.000000
ascii/array_value,1048576,0,96,0.051692125,1857,1947362311,0.000000,0.000000
ascii/array_value,1048576,1,96,0.051963708,1847,1937184621,0.000000,0.000000
ascii/array_value,1048576,2,96,0.051719917,1856,1946315884,0.000000,0.000000
ascii/array_value,1048576,3,96,0.050676250,1894,1986399862,0.000000,0.000000
ascii/array_value,1048576,4,96,0.050959834,1884,1975345838,0.000000,0.000000
ascii/array_value,1048576,5,96,0.051738625,1855,1945612122,0.000000,0.000000
ascii/array_value,1048576,6,96,0.051767250,1854,1944536285,0.000000,0.000000
ascii/identity_write,1048576,0,64,0.080924500,791,829277462,0.000000,0.000000
ascii/identity_write,1048576,1,64,0.080244875,798,836300935,0.000000,0.000000
ascii/identity_write,1048576,2,64,0.081119125,789,827287819,0.000000,0.000000
ascii/identity_write,1048576,3,64,0.081209584,788,826366307,0.000000,0.000000
ascii/identity_write,1048576,4,64,0.081064000,789,827850390,0.000000,0.000000
ascii/identity_write,1048576,5,64,0.081420334,786,824227324,0.000000,0.000000
ascii/identity_write,1048576,6,64,0.081032875,790,828168370,0.000000,0.000000
structured/validate,485,0,101120,0.050005375,2022183,980758568,0.000000,0.000000
structured/validate,485,1,100992,0.050004250,2019668,979539139,0.000000,0.000000
structured/validate,485,2,100576,0.050006667,2011252,975457133,0.000000,0.000000
structured/validate,485,3,102400,0.050008750,2047642,993106206,0.000000,0.000000
structured/validate,485,4,101088,0.050015042,2021152,980258699,0.000000,0.000000
structured/validate,485,5,100768,0.050014833,2014762,977159716,0.000000,0.000000
structured/validate,485,6,101184,0.050002584,2023575,981434079,0.000000,0.000000
structured/identity,485,0,101600,0.050013750,2031441,985249057,0.000000,0.000000
structured/identity,485,1,100992,0.050005833,2019604,979508131,0.000000,0.000000
structured/identity,485,2,101088,0.050009458,2021378,980368154,0.000000,0.000000
structured/identity,485,3,101376,0.050002500,2027419,983298035,0.000000,0.000000
structured/identity,485,4,100832,0.050005125,2016433,977970158,0.000000,0.000000
structured/identity,485,5,102112,0.050013916,2041672,990210805,0.000000,0.000000
structured/identity,485,6,101120,0.050010500,2021975,980658062,0.000000,0.000000
structured/shallow,485,0,97824,0.050008125,1956162,948738630,0.000000,0.000000
structured/shallow,485,1,98368,0.050009500,1966986,953988342,0.000000,0.000000
structured/shallow,485,2,97728,0.050012042,1954089,947733348,0.000000,0.000000
structured/shallow,485,3,97824,0.050008959,1956130,948722808,0.000000,0.000000
structured/shallow,485,4,98272,0.050005417,1965227,953135137,0.000000,0.000000
structured/shallow,485,5,98304,0.050012000,1965608,953320003,0.000000,0.000000
structured/shallow,485,6,98656,0.050012292,1972635,956727998,0.000000,0.000000
structured/nested,485,0,97568,0.050012500,1950872,946173057,0.000000,0.000000
structured/nested,485,1,97632,0.050011375,1952196,946815000,0.000000,0.000000
structured/nested,485,2,97728,0.050001708,1954493,947929219,0.000000,0.000000
structured/nested,485,3,97504,0.050008541,1949747,945627268,0.000000,0.000000
structured/nested,485,4,97408,0.050019000,1947420,944498690,0.000000,0.000000
structured/nested,485,5,97632,0.050006459,1952388,946908078,0.000000,0.000000
structured/nested,485,6,98464,0.050000500,1969260,955091249,0.000000,0.000000
structured/missing,485,0,100096,0.050004334,2001746,970847047,0.000000,0.000000
structured/missing,485,1,100512,0.050007500,2009939,974820177,0.000000,0.000000
structured/missing,485,2,100128,0.050010000,2002160,971047391,0.000000,0.000000
structured/missing,485,3,99872,0.050003417,1997304,968692200,0.000000,0.000000
structured/missing,485,4,100224,0.050008125,2004154,972014848,0.000000,0.000000
structured/missing,485,5,98976,0.050006375,1979268,959944807,0.000000,0.000000
structured/missing,485,6,99712,0.050000833,1994207,967190287,0.000000,0.000000
structured/array_value,485,0,96960,0.050010416,1938796,940316113,0.000000,0.000000
structured/array_value,485,1,97600,0.050003834,1951850,946647411,0.000000,0.000000
structured/array_value,485,2,97632,0.050006250,1952396,946912036,0.000000,0.000000
structured/array_value,485,3,96768,0.050010834,1934941,938446257,0.000000,0.000000
structured/array_value,485,4,98336,0.050015583,1966107,953562013,0.000000,0.000000
structured/array_value,485,5,97312,0.050003083,1946120,943868201,0.000000,0.000000
structured/array_value,485,6,99392,0.050006750,1987572,963972264,0.000000,0.000000
structured/identity_write,485,0,62976,0.050004958,1259395,610806632,0.000000,0.000000
structured/identity_write,485,1,63872,0.050020041,1276928,619310168,0.000000,0.000000
structured/identity_write,485,2,64480,0.050009542,1289354,625336661,0.000000,0.000000
structured/identity_write,485,3,64416,0.050014959,1287935,624648318,0.000000,0.000000
structured/identity_write,485,4,63424,0.050015667,1268083,615020090,0.000000,0.000000
structured/identity_write,485,5,63936,0.050007250,1278535,620089287,0.000000,0.000000
structured/identity_write,485,6,64448,0.050000750,1288941,625136223,0.000000,0.000000
unicode_escaped_keys/validate,960,0,57792,0.050002208,1155789,1109557402,0.000000,0.000000
unicode_escaped_keys/validate,960,1,57792,0.050000375,1155831,1109598078,0.000000,0.000000
unicode_escaped_keys/validate,960,2,57888,0.050020250,1157291,1110999645,0.000000,0.000000
unicode_escaped_keys/validate,960,3,58432,0.050006500,1168488,1121748573,0.000000,0.000000
unicode_escaped_keys/validate,960,4,57760,0.050010000,1154969,1108770246,0.000000,0.000000
unicode_escaped_keys/validate,960,5,57728,0.050018959,1154122,1107957485,0.000000,0.000000
unicode_escaped_keys/validate,960,6,58304,0.050012208,1165795,1119163545,0.000000,0.000000
unicode_escaped_keys/identity,960,0,57760,0.050032375,1154452,1108274392,0.000000,0.000000
unicode_escaped_keys/identity,960,1,56576,0.050015542,1131168,1085921652,0.000000,0.000000
unicode_escaped_keys/identity,960,2,56256,0.050024041,1124579,1079596109,0.000000,0.000000
unicode_escaped_keys/identity,960,3,56192,0.050026666,1123241,1078311315,0.000000,0.000000
unicode_escaped_keys/identity,960,4,56224,0.050011125,1124230,1079260665,0.000000,0.000000
unicode_escaped_keys/identity,960,5,56576,0.050004583,1131416,1086159643,0.000000,0.000000
unicode_escaped_keys/identity,960,6,57568,0.050037291,1150502,1104481855,0.000000,0.000000
unicode_escaped_keys/shallow,960,0,56320,0.050007708,1126226,1081177326,0.000000,0.000000
unicode_escaped_keys/shallow,960,1,56000,0.050015917,1119644,1074857830,0.000000,0.000000
unicode_escaped_keys/shallow,960,2,56928,0.050020542,1138092,1092568729,0.000000,0.000000
unicode_escaped_keys/shallow,960,3,56032,0.050026875,1120038,1075236460,0.000000,0.000000
unicode_escaped_keys/shallow,960,4,56672,0.050010666,1133198,1087870336,0.000000,0.000000
unicode_escaped_keys/shallow,960,5,56416,0.050007417,1128153,1083026544,0.000000,0.000000
unicode_escaped_keys/shallow,960,6,57216,0.050016000,1143954,1098195777,0.000000,0.000000
unicode_escaped_keys/nested,960,0,55680,0.050023333,1113081,1068557347,0.000000,0.000000
unicode_escaped_keys/nested,960,1,55648,0.050005750,1112832,1068318743,0.000000,0.000000
unicode_escaped_keys/nested,960,2,55616,0.050013208,1112026,1067545197,0.000000,0.000000
unicode_escaped_keys/nested,960,3,55776,0.050025292,1114956,1070357770,0.000000,0.000000
unicode_escaped_keys/nested,960,4,55936,0.050016333,1118355,1073620491,0.000000,0.000000
unicode_escaped_keys/nested,960,5,56032,0.050022166,1120143,1075337681,0.000000,0.000000
unicode_escaped_keys/nested,960,6,54464,0.050016417,1088922,1045365565,0.000000,0.000000
unicode_escaped_keys/missing,960,0,55296,0.050001833,1105879,1061644280,0.000000,0.000000
unicode_escaped_keys/missing,960,1,55520,0.050019333,1109971,1065571986,0.000000,0.000000
unicode_escaped_keys/missing,960,2,56704,0.050004333,1133982,1088622460,0.000000,0.000000
unicode_escaped_keys/missing,960,3,56608,0.050007333,1131994,1086714222,0.000000,0.000000
unicode_escaped_keys/missing,960,4,56000,0.050019000,1119575,1074791579,0.000000,0.000000
unicode_escaped_keys/missing,960,5,56224,0.050020458,1124020,1079059292,0.000000,0.000000
unicode_escaped_keys/missing,960,6,55904,0.050010792,1117839,1073125177,0.000000,0.000000
unicode_escaped_keys/array_value,960,0,56352,0.050014334,1126717,1081648313,0.000000,0.000000
unicode_escaped_keys/array_value,960,1,56320,0.050007792,1126224,1081175510,0.000000,0.000000
unicode_escaped_keys/array_value,960,2,55456,0.050012375,1108846,1064491738,0.000000,0.000000
unicode_escaped_keys/array_value,960,3,55232,0.050005208,1104525,1060343955,0.000000,0.000000
unicode_escaped_keys/array_value,960,4,56384,0.050006208,1127540,1082438404,0.000000,0.000000
unicode_escaped_keys/array_value,960,5,55392,0.050010583,1107606,1063301342,0.000000,0.000000
unicode_escaped_keys/array_value,960,6,56320,0.050018208,1125990,1080950361,0.000000,0.000000
unicode_escaped_keys/identity_write,960,0,32256,0.050037042,644642,618856726,0.000000,0.000000
unicode_escaped_keys/identity_write,960,1,32256,0.050022333,644832,619038700,0.000000,0.000000
unicode_escaped_keys/identity_write,960,2,32288,0.050029750,645376,619560961,0.000000,0.000000
unicode_escaped_keys/identity_write,960,3,32896,0.050038083,657419,631122499,0.000000,0.000000
unicode_escaped_keys/identity_write,960,4,32224,0.050017083,644260,618489487,0.000000,0.000000
unicode_escaped_keys/identity_write,960,5,31776,0.050028791,635154,609748095,0.000000,0.000000
unicode_escaped_keys/identity_write,960,6,31808,0.050014833,635971,610532479,0.000000,0.000000
array/shallow,78,0,213920,0.050000833,4278329,333709640,0.000000,0.000000
array/shallow,78,1,217184,0.050005750,4343181,338768082,0.000000,0.000000
array/shallow,78,2,217856,0.050003416,4356822,339832143,0.000000,0.000000
array/shallow,78,3,218816,0.050003542,4376010,341328780,0.000000,0.000000
array/shallow,78,4,218656,0.050004917,4372690,341069819,0.000000,0.000000
array/shallow,78,5,214048,0.050002584,4280739,333897624,0.000000,0.000000
array/shallow,78,6,215872,0.050007417,4316800,336710372,0.000000,0.000000
array/nested,78,0,195840,0.050004750,3916428,305481379,0.000000,0.000000
array/nested,78,1,196672,0.050003459,3933168,306787096,0.000000,0.000000
array/nested,78,2,197216,0.050000250,3944300,307655422,0.000000,0.000000
array/nested,78,3,197248,0.050002291,3944779,307692782,0.000000,0.000000
array/nested,78,4,198080,0.050008125,3960956,308954595,0.000000,0.000000
array/nested,78,5,196960,0.050004875,3938816,307227645,0.000000,0.000000
array/nested,78,6,197888,0.050006292,3957262,308666437,0.000000,0.000000
array/flatten,78,0,218912,0.050003459,4377937,341479096,0.000000,0.000000
array/flatten,78,1,219488,0.050006250,4389211,342358485,0.000000,0.000000
array/flatten,78,2,220352,0.050006166,4406497,343706734,0.000000,0.000000
array/flatten,78,3,216064,0.050004083,4320927,337032318,0.000000,0.000000
array/flatten,78,4,220160,0.050001417,4403075,343439867,0.000000,0.000000
array/flatten,78,5,215840,0.050001416,4316678,336700865,0.000000,0.000000
array/flatten,78,6,217632,0.050000708,4352578,339501113,0.000000,0.000000
array/missing,78,0,224288,0.050005958,4485226,349847592,0.000000,0.000000
array/missing,78,1,224896,0.050003833,4497575,350810867,0.000000,0.000000
array/missing,78,2,224160,0.050006500,4482617,349644146,0.000000,0.000000
array/missing,78,3,217472,0.050001500,4349310,339246143,0.000000,0.000000
array/missing,78,4,219488,0.050001250,4389650,342392720,0.000000,0.000000
array/missing,78,5,222368,0.050005958,4446830,346852749,0.000000,0.000000
array/missing,78,6,225600,0.050005667,4511489,351896116,0.000000,0.000000
array/root,67,0,231488,0.050001417,4629629,310185129,0.000000,0.000000
array/root,67,1,232064,0.050005667,4640754,310930519,0.000000,0.000000
array/root,67,2,231552,0.050001083,4630940,310272959,0.000000,0.000000
array/root,67,3,232480,0.050006375,4649007,311483486,0.000000,0.000000
array/root,67,4,227808,0.050005916,4555621,305226606,0.000000,0.000000
array/root,67,5,231520,0.050006458,4629802,310196735,0.000000,0.000000
array/root,67,6,227488,0.050007083,4549116,304790743,0.000000,0.000000
array/cancel_first,78,0,219680,0.050005500,4393117,342663107,0.000000,0.000000
array/cancel_first,78,1,219808,0.050004250,4395786,342871336,0.000000,0.000000
array/cancel_first,78,2,220640,0.050005125,4412348,344163123,0.000000,0.000000
array/cancel_first,78,3,220992,0.050005959,4419313,344706438,0.000000,0.000000
array/cancel_first,78,4,220800,0.050003083,4415728,344426763,0.000000,0.000000
array/cancel_first,78,5,219680,0.050002792,4393355,342681665,0.000000,0.000000
array/cancel_first,78,6,217824,0.050001291,4356368,339796666,0.000000,0.000000
array/shallow,540,0,30848,0.050003625,616915,333134248,0.000000,0.000000
array/shallow,540,1,30976,0.050040542,619018,334269761,0.000000,0.000000
array/shallow,540,2,31136,0.050004167,622668,336240778,0.000000,0.000000
array/shallow,540,3,30592,0.050035083,611411,330161939,0.000000,0.000000
array/shallow,540,4,30976,0.050009375,619404,334478085,0.000000,0.000000
array/shallow,540,5,31008,0.050007292,620070,334837567,0.000000,0.000000
array/shallow,540,6,31072,0.050045833,620871,335270271,0.000000,0.000000
array/nested,540,0,27840,0.050015708,556625,300577571,0.000000,0.000000
array/nested,540,1,28128,0.050036459,562150,303561049,0.000000,0.000000
array/nested,540,2,28096,0.050054125,561312,303108685,0.000000,0.000000
array/nested,540,3,28032,0.050007417,560557,302700697,0.000000,0.000000
array/nested,540,4,27776,0.050041291,555062,299733274,0.000000,0.000000
array/nested,540,5,27872,0.050034583,557055,300809542,0.000000,0.000000
array/nested,540,6,27872,0.050050584,556877,300713374,0.000000,0.000000
array/flatten,540,0,28224,0.050035083,564084,304605471,0.000000,0.000000
array/flatten,540,1,28384,0.050035333,567279,306330728,0.000000,0.000000
array/flatten,540,2,28352,0.050023250,566776,306059282,0.000000,0.000000
array/flatten,540,3,28512,0.050049834,569672,307622998,0.000000,0.000000
array/flatten,540,4,28384,0.050041917,567204,306290424,0.000000,0.000000
array/flatten,540,5,28704,0.050036084,573666,309779638,0.000000,0.000000
array/flatten,540,6,28736,0.050025833,574423,310188538,0.000000,0.000000
array/missing,540,0,32736,0.050035083,654261,353300903,0.000000,0.000000
array/missing,540,1,32704,0.050045916,653480,352879144,0.000000,0.000000
array/missing,540,2,32640,0.050020458,652533,352367825,0.000000,0.000000
array/missing,540,3,32768,0.050040833,654825,353605624,0.000000,0.000000
array/missing,540,4,32800,0.050016250,655787,354124909,0.000000,0.000000
array/missing,540,5,32832,0.050007959,656535,354529166,0.000000,0.000000
array/missing,540,6,32832,0.050032042,656219,354358513,0.000000,0.000000
array/root,529,0,31904,0.050011792,637930,337464732,0.000000,0.000000
array/root,529,1,31968,0.050021250,639088,338077757,0.000000,0.000000
array/root,529,2,32000,0.050042709,639454,338271056,0.000000,0.000000
array/root,529,3,31520,0.050000791,630390,333476324,0.000000,0.000000
array/root,529,4,31872,0.050038084,636955,336949113,0.000000,0.000000
array/root,529,5,31392,0.050019333,627597,331998989,0.000000,0.000000
array/root,529,6,31712,0.050042750,633698,335226341,0.000000,0.000000
array/cancel_first,540,0,63360,0.050004750,1267080,684222999,0.000000,0.000000
array/cancel_first,540,1,63040,0.050023791,1260200,680508201,0.000000,0.000000
array/cancel_first,540,2,63936,0.050020417,1278198,690226953,0.000000,0.000000
array/cancel_first,540,3,63168,0.050012792,1263037,682039907,0.000000,0.000000
array/cancel_first,540,4,63840,0.050000042,1276799,689471421,0.000000,0.000000
array/cancel_first,540,5,63744,0.050001625,1274839,688412827,0.000000,0.000000
array/cancel_first,540,6,63712,0.050008792,1274016,687968628,0.000000,0.000000
array/shallow,1074,0,15136,0.050100833,302111,324466940,0.000000,0.000000
array/shallow,1074,1,15200,0.050020041,303878,326365186,0.000000,0.000000
array/shallow,1074,2,15264,0.050017792,305171,327754092,0.000000,0.000000
array/shallow,1074,3,15200,0.050103250,303374,325823175,0.000000,0.000000
array/shallow,1074,4,15328,0.050018250,306448,329125309,0.000000,0.000000
array/shallow,1074,5,15296,0.050095709,305336,327930362,0.000000,0.000000
array/shallow,1074,6,15328,0.050078916,306077,328726604,0.000000,0.000000
array/nested,1074,0,13664,0.050044709,273036,293240510,0.000000,0.000000
array/nested,1074,1,13728,0.050090875,274062,294342473,0.000000,0.000000
array/nested,1074,2,13760,0.050058375,274879,295220130,0.000000,0.000000
array/nested,1074,3,13760,0.050086042,274727,295057054,0.000000,0.000000
array/nested,1074,4,13760,0.050015209,275116,295474922,0.000000,0.000000
array/nested,1074,5,13600,0.050074709,271594,291692159,0.000000,0.000000
array/nested,1074,6,13600,0.050005250,271971,292097330,0.000000,0.000000
array/flatten,1074,0,13888,0.050040500,277535,298072801,0.000000,0.000000
array/flatten,1074,1,13984,0.050066916,279306,299974858,0.000000,0.000000
array/flatten,1074,2,13792,0.050063958,275488,295873690,0.000000,0.000000
array/flatten,1074,3,13472,0.050046791,269188,289108007,0.000000,0.000000
array/flatten,1074,4,13504,0.050069084,269707,289665695,0.000000,0.000000
array/flatten,1074,5,13856,0.050090416,276620,297089647,0.000000,0.000000
array/flatten,1074,6,13856,0.050087291,276637,297108183,0.000000,0.000000
array/missing,1074,0,15648,0.050068667,312531,335658067,0.000000,0.000000
array/missing,1074,1,15648,0.050056334,312608,335740768,0.000000,0.000000
array/missing,1074,2,15712,0.050096000,313638,336847014,0.000000,0.000000
array/missing,1074,3,15648,0.050016875,312854,336005638,0.000000,0.000000
array/missing,1074,4,15776,0.050036625,315289,338620441,0.000000,0.000000
array/missing,1074,5,15808,0.050057292,315798,339167209,0.000000,0.000000
array/missing,1074,6,15872,0.050049625,317125,340592522,0.000000,0.000000
array/root,1063,0,15328,0.050072375,306117,325402260,0.000000,0.000000
array/root,1063,1,15328,0.050016042,306462,325768760,0.000000,0.000000
array/root,1063,2,15520,0.050065125,309996,329525992,0.000000,0.000000
array/root,1063,3,15456,0.050049875,308812,328267114,0.000000,0.000000
array/root,1063,4,15488,0.050003708,309737,329250463,0.000000,0.000000
array/root,1063,5,15520,0.050018583,310285,329832614,0.000000,0.000000
array/root,1063,6,15520,0.050081750,309893,329416604,0.000000,0.000000
array/cancel_first,1074,0,38112,0.050005416,762157,818557094,0.000000,0.000000
array/cancel_first,1074,1,37984,0.050015667,759442,815640747,0.000000,0.000000
array/cancel_first,1074,2,37408,0.050020000,747861,803202559,0.000000,0.000000
array/cancel_first,1074,3,37792,0.050019416,755547,811457055,0.000000,0.000000
array/cancel_first,1074,4,38016,0.050032500,759826,816053245,0.000000,0.000000
array/cancel_first,1074,5,38208,0.050003416,764108,820651773,0.000000,0.000000
array/cancel_first,1074,6,38048,0.050023167,760608,816892541,0.000000,0.000000
array/shallow,8606,0,1984,0.050221292,39505,339981377,0.000000,0.000000
array/shallow,8606,1,2016,0.050498958,39922,343565426,0.000000,0.000000
array/shallow,8606,2,2016,0.050522833,39903,343403071,0.000000,0.000000
array/shallow,8606,3,2016,0.050042459,40286,346699510,0.000000,0.000000
array/shallow,8606,4,2016,0.050160709,40191,345882192,0.000000,0.000000
array/shallow,8606,5,2048,0.050466833,40581,349241015,0.000000,0.000000
array/shallow,8606,6,2048,0.050655375,40430,347941122,0.000000,0.000000
array/nested,8606,0,1792,0.050105667,35764,307788578,0.000000,0.000000
array/nested,8606,1,1792,0.050443791,35525,305725476,0.000000,0.000000
array/nested,8606,2,1824,0.050804292,35902,308976730,0.000000,0.000000
array/nested,8606,3,1824,0.050660083,36005,309856263,0.000000,0.000000
array/nested,8606,4,1824,0.050577584,36063,310361681,0.000000,0.000000
array/nested,8606,5,1824,0.050663166,36002,309837407,0.000000,0.000000
array/nested,8606,6,1824,0.050525542,36101,310681358,0.000000,0.000000
array/flatten,8606,0,1824,0.050039583,36451,313698537,0.000000,0.000000
array/flatten,8606,1,1856,0.050439750,36796,316669611,0.000000,0.000000
array/flatten,8606,2,1824,0.050322542,36246,311934640,0.000000,0.000000
array/flatten,8606,3,1856,0.050228750,36951,317999871,0.000000,0.000000
array/flatten,8606,4,1856,0.050091583,37052,318870657,0.000000,0.000000
array/flatten,8606,5,1888,0.050710875,37231,320407171,0.000000,0.000000
array/flatten,8606,6,1856,0.050368042,36849,317120447,0.000000,0.000000
array/missing,8606,0,2080,0.050356584,41305,355474470,0.000000,0.000000
array/missing,8606,1,2080,0.050242208,41399,356283705,0.000000,0.000000
array/missing,8606,2,2080,0.050237791,41403,356315030,0.000000,0.000000
array/missing,8606,3,2080,0.050005083,41596,357973208,0.000000,0.000000
array/missing,8606,4,2080,0.050380500,41286,355305723,0.000000,0.000000
array/missing,8606,5,2080,0.050401542,41269,355157388,0.000000,0.000000
array/missing,8606,6,2080,0.050165833,41462,356826129,0.000000,0.000000
array/root,8595,0,2016,0.050177542,40177,345324209,0.000000,0.000000
array/root,8595,1,2016,0.050023250,40301,346389329,0.000000,0.000000
array/root,8595,2,2016,0.050110875,40231,345783625,0.000000,0.000000
array/root,8595,3,2048,0.050716000,40382,347081000,0.000000,0.000000
array/root,8595,4,2048,0.050481916,40569,348690410,0.000000,0.000000
array/root,8595,5,2048,0.050259958,40748,350230297,0.000000,0.000000
array/root,8595,6,2048,0.050214375,40785,350548224,0.000000,0.000000
array/cancel_first,8606,0,6400,0.050075500,127807,1099907140,0.000000,0.000000
array/cancel_first,8606,1,6432,0.050071875,128455,1105486703,0.000000,0.000000
array/cancel_first,8606,2,6464,0.050091250,129044,1110556914,0.000000,0.000000
array/cancel_first,8606,3,6464,0.050236708,128671,1107341349,0.000000,0.000000
array/cancel_first,8606,4,6464,0.050183042,128808,1108525545,0.000000,0.000000
array/cancel_first,8606,5,6400,0.050091500,127766,1099555813,0.000000,0.000000
array/cancel_first,8606,6,6464,0.050217958,128719,1107754800,0.000000,0.000000
array/shallow,69558,0,256,0.050629042,5056,351712126,0.000000,0.000000
array/shallow,69558,1,256,0.050272584,5092,354205943,0.000000,0.000000
array/shallow,69558,2,256,0.051915542,4931,342996477,0.000000,0.000000
array/shallow,69558,3,288,0.056084583,5135,357187358,0.000000,0.000000
array/shallow,69558,4,256,0.050490291,5070,352678657,0.000000,0.000000
array/shallow,69558,5,256,0.050412250,5078,353224623,0.000000,0.000000
array/shallow,69558,6,256,0.050197875,5100,354733104,0.000000,0.000000
array/nested,69558,0,256,0.056554041,4527,314864291,0.000000,0.000000
array/nested,69558,1,256,0.056219625,4554,316737225,0.000000,0.000000
array/nested,69558,2,256,0.056670708,4517,314216085,0.000000,0.000000
array/nested,69558,3,256,0.056187166,4556,316920202,0.000000,0.000000
array/nested,69558,4,256,0.056389958,4540,315780480,0.000000,0.000000
array/nested,69558,5,256,0.056265792,4550,316477337,0.000000,0.000000
array/nested,69558,6,256,0.056149917,4559,317130442,0.000000,0.000000
array/flatten,69558,0,256,0.054703167,4680,325517680,0.000000,0.000000
array/flatten,69558,1,256,0.054512708,4696,326654988,0.000000,0.000000
array/flatten,69558,2,256,0.056122166,4561,317287255,0.000000,0.000000
array/flatten,69558,3,256,0.055497834,4613,320856630,0.000000,0.000000
array/flatten,69558,4,256,0.055317917,4628,321900190,0.000000,0.000000
array/flatten,69558,5,256,0.055591375,4605,320316740,0.000000,0.000000
array/flatten,69558,6,256,0.055818167,4586,319015277,0.000000,0.000000
array/missing,69558,0,288,0.055509083,5188,360890559,0.000000,0.000000
array/missing,69558,1,288,0.055072917,5229,363748737,0.000000,0.000000
array/missing,69558,2,288,0.054954625,5241,364531720,0.000000,0.000000
array/missing,69558,3,288,0.054700792,5265,366223290,0.000000,0.000000
array/missing,69558,4,288,0.055472083,5192,361131274,0.000000,0.000000
array/missing,69558,5,288,0.054755709,5260,365855988,0.000000,0.000000
array/missing,69558,6,288,0.054774750,5258,365728808,0.000000,0.000000
array/root,69547,0,256,0.051215625,4998,347628912,0.000000,0.000000
array/root,69547,1,256,0.050915625,5028,349677177,0.000000,0.000000
array/root,69547,2,256,0.050323542,5087,353791313,0.000000,0.000000
array/root,69547,3,288,0.055726083,5168,359428385,0.000000,0.000000
array/root,69547,4,288,0.055758250,5165,359221030,0.000000,0.000000
array/root,69547,5,288,0.056155750,5129,356678274,0.000000,0.000000
array/root,69547,6,288,0.055916084,5151,358207059,0.000000,0.000000
array/cancel_first,69558,0,832,0.050430167,16498,1147572166,0.000000,0.000000
array/cancel_first,69558,1,864,0.051542958,16763,1165981044,0.000000,0.000000
array/cancel_first,69558,2,864,0.051037459,16929,1177529469,0.000000,0.000000
array/cancel_first,69558,3,864,0.050973875,16950,1178998301,0.000000,0.000000
array/cancel_first,69558,4,864,0.051410000,16806,1168996538,0.000000,0.000000
array/cancel_first,69558,5,864,0.051214375,16870,1173461787,0.000000,0.000000
array/cancel_first,69558,6,864,0.051299750,16842,1171508867,0.000000,0.000000
array/shallow,1135782,0,32,0.103876708,308,349886175,0.000000,0.000000
array/shallow,1135782,1,32,0.102209917,313,355591953,0.000000,0.000000
array/shallow,1135782,2,32,0.102271750,313,355376964,0.000000,0.000000
array/shallow,1135782,3,32,0.101624834,315,357639197,0.000000,0.000000
array/shallow,1135782,4,32,0.101690458,315,357408401,0.000000,0.000000
array/shallow,1135782,5,32,0.102609792,312,354206195,0.000000,0.000000
array/shallow,1135782,6,32,0.102784209,311,353605134,0.000000,0.000000
array/nested,1135782,0,32,0.115210666,278,315465792,0.000000,0.000000
array/nested,1135782,1,32,0.114933667,278,316226089,0.000000,0.000000
array/nested,1135782,2,32,0.114523625,279,317358309,0.000000,0.000000
array/nested,1135782,3,32,0.114266791,280,318071626,0.000000,0.000000
array/nested,1135782,4,32,0.114039667,281,318705105,0.000000,0.000000
array/nested,1135782,5,32,0.115172750,278,315569646,0.000000,0.000000
array/nested,1135782,6,32,0.116348000,275,312382026,0.000000,0.000000
array/flatten,1135782,0,32,0.110513125,290,328875181,0.000000,0.000000
array/flatten,1135782,1,32,0.111403334,287,326247184,0.000000,0.000000
array/flatten,1135782,2,32,0.110464667,290,329019450,0.000000,0.000000
array/flatten,1135782,3,32,0.110958750,288,327554375,0.000000,0.000000
array/flatten,1135782,4,32,0.110090541,291,330137573,0.000000,0.000000
array/flatten,1135782,5,32,0.110467292,290,329011632,0.000000,0.000000
array/flatten,1135782,6,32,0.110311375,290,329476665,0.000000,0.000000
array/missing,1135782,0,32,0.097439250,328,373001886,0.000000,0.000000
array/missing,1135782,1,32,0.097662834,328,372147955,0.000000,0.000000
array/missing,1135782,2,32,0.098551000,325,368794066,0.000000,0.000000
array/missing,1135782,3,32,0.099000792,323,367118518,0.000000,0.000000
array/missing,1135782,4,32,0.099095750,323,366766728,0.000000,0.000000
array/missing,1135782,5,32,0.098495250,325,369002810,0.000000,0.000000
array/missing,1135782,6,32,0.098494500,325,369005620,0.000000,0.000000
array/root,1135771,0,32,0.101227917,316,359038031,0.000000,0.000000
array/root,1135771,1,32,0.101436250,315,358300627,0.000000,0.000000
array/root,1135771,2,32,0.099849167,320,363995746,0.000000,0.000000
array/root,1135771,3,32,0.100716292,318,360861895,0.000000,0.000000
array/root,1135771,4,32,0.101558250,315,357870207,0.000000,0.000000
array/root,1135771,5,32,0.101318084,316,358718509,0.000000,0.000000
array/root,1135771,6,32,0.100884000,317,360262004,0.000000,0.000000
array/cancel_first,1135782,0,64,0.060610667,1056,1199294639,0.000000,0.000000
array/cancel_first,1135782,1,64,0.060419125,1059,1203096668,0.000000,0.000000
array/cancel_first,1135782,2,64,0.060377375,1060,1203928591,0.000000,0.000000
array/cancel_first,1135782,3,64,0.060426708,1059,1202945691,0.000000,0.000000
array/cancel_first,1135782,4,64,0.060627750,1056,1198956715,0.000000,0.000000
array/cancel_first,1135782,5,64,0.060566875,1057,1200161772,0.000000,0.000000
array/cancel_first,1135782,6,64,0.060708625,1054,1197359486,0.000000,0.000000
array/nested_contexts,972,0,8064,0.050108334,160931,156425237,0.000000,0.000000
array/nested_contexts,972,1,8000,0.050170417,159457,154991735,0.000000,0.000000
array/nested_contexts,972,2,8000,0.050033250,159894,155416648,0.000000,0.000000
array/nested_contexts,972,3,8000,0.050080125,159744,155271178,0.000000,0.000000
array/nested_contexts,972,4,7968,0.050081083,159102,154647135,0.000000,0.000000
array/nested_contexts,972,5,8000,0.050169084,159461,154995854,0.000000,0.000000
array/nested_contexts,972,6,8032,0.050192166,160025,155544274,0.000000,0.000000
array/sparse,785,0,11456,0.050127750,228536,179400831,0.000000,0.000000
array/sparse,785,1,11552,0.050063708,230746,181135604,0.000000,0.000000
array/sparse,785,2,11552,0.050001541,231033,181360810,0.000000,0.000000
array/sparse,785,3,11552,0.050079208,230675,181079541,0.000000,0.000000
array/sparse,785,4,11456,0.050045833,228910,179694481,0.000000,0.000000
array/sparse,785,5,11456,0.050021125,229023,179783242,0.000000,0.000000
array/sparse,785,6,11456,0.050068042,228809,179614773,0.000000,0.000000
array/deep,136,0,3744,0.050302292,74430,10122481,0.000000,0.000000
array/deep,136,1,3744,0.050239083,74524,10135217,0.000000,0.000000
array/deep,136,2,3744,0.050222458,74548,10138572,0.000000,0.000000
array/deep,136,3,3744,0.050319042,74405,10119112,0.000000,0.000000
array/deep,136,4,3840,0.050310375,76326,10380364,0.000000,0.000000
array/deep,136,5,3840,0.050255916,76409,10391612,0.000000,0.000000
array/deep,136,6,3808,0.050354333,75624,10284875,0.000000,0.000000
array/empty,2,0,2787104,0.050000583,55741430,111482860,0.000000,0.000000
array/empty,2,1,2775680,0.050000042,55513553,111027107,0.000000,0.000000
array/empty,2,2,2778240,0.050000125,55564661,111129322,0.000000,0.000000
array/empty,2,3,2773856,0.050000166,55476936,110953872,0.000000,0.000000
array/empty,2,4,2778144,0.050000167,55562694,111125389,0.000000,0.000000
array/empty,2,5,2772832,0.050000208,55456409,110912819,0.000000,0.000000
array/empty,2,6,2774368,0.050000291,55487037,110974074,0.000000,0.000000
array/singleton,12,0,666208,0.050001458,13323771,159885258,0.000000,0.000000
array/singleton,12,1,671808,0.050000917,13435914,161230963,0.000000,0.000000
array/singleton,12,2,670400,0.050001334,13407642,160891707,0.000000,0.000000
array/singleton,12,3,673472,0.050001208,13469115,161629375,0.000000,0.000000
array/singleton,12,4,664192,0.050001417,13283464,159401563,0.000000,0.000000
array/singleton,12,5,659232,0.050002083,13184091,158209089,0.000000,0.000000
array/singleton,12,6,673600,0.050001917,13471484,161657802,0.000000,0.000000
array/nested_values,31,0,236096,0.050005000,4721448,146364884,0.000000,0.000000
array/nested_values,31,1,236320,0.050000667,4726337,146516445,0.000000,0.000000
array/nested_values,31,2,237184,0.050000625,4743621,147052242,0.000000,0.000000
array/nested_values,31,3,237472,0.050004500,4749013,147219390,0.000000,0.000000
array/nested_values,31,4,233696,0.050003667,4673577,144880894,0.000000,0.000000
array/nested_values,31,5,235744,0.050003417,4714558,146151292,0.000000,0.000000
array/nested_values,31,6,234912,0.050001125,4698134,145642163,0.000000,0.000000
compile/scalar,0,0,31104,0.050004667,622022,0,72.000000,4134.000000
compile/scalar,0,1,33152,0.050001458,663021,0,72.000000,4134.000000
compile/scalar,0,2,33344,0.050025417,666541,0,72.000000,4134.000000
compile/scalar,0,3,33280,0.050017542,665367,0,72.000000,4134.000000
compile/scalar,0,4,33088,0.050013875,661576,0,72.000000,4134.000000
compile/scalar,0,5,33184,0.050017208,663452,0,72.000000,4134.000000
compile/scalar,0,6,33152,0.050020875,662763,0,72.000000,4134.000000
scalar/literal,100,0,573376,0.050001333,11467214,1146721428,0.000000,0.000000
scalar/literal,100,1,579136,0.050000750,11582546,1158254626,0.000000,0.000000
scalar/literal,100,2,582368,0.050001208,11647079,1164707861,0.000000,0.000000
scalar/literal,100,3,579328,0.050000417,11586463,1158646337,0.000000,0.000000
scalar/literal,100,4,580672,0.050001291,11613140,1161314015,0.000000,0.000000
scalar/literal,100,5,579648,0.050001583,11592593,1159259298,0.000000,0.000000
scalar/literal,100,6,581152,0.050000875,11622837,1162283660,0.000000,0.000000
scalar/arithmetic,100,0,152224,0.050012125,3043742,304374189,0.000000,0.000000
scalar/arithmetic,100,1,154880,0.050002042,3097473,309747350,0.000000,0.000000
scalar/arithmetic,100,2,156160,0.050002584,3123039,312303860,0.000000,0.000000
scalar/arithmetic,100,3,156704,0.050009458,3133487,313348727,0.000000,0.000000
scalar/arithmetic,100,4,155104,0.050001875,3101964,310196368,0.000000,0.000000
scalar/arithmetic,100,5,151968,0.050002084,3039233,303923332,0.000000,0.000000
scalar/arithmetic,100,6,153408,0.050004000,3067915,306791457,0.000000,0.000000
scalar/nested,100,0,148064,0.050002292,2961144,296114426,0.000000,0.000000
scalar/nested,100,1,147264,0.050009125,2944743,294474258,0.000000,0.000000
scalar/nested,100,2,146816,0.050008458,2935823,293582338,0.000000,0.000000
scalar/nested,100,3,148960,0.050009708,2978622,297862167,0.000000,0.000000
scalar/nested,100,4,149344,0.050001417,2986795,298679535,0.000000,0.000000
scalar/nested,100,5,150944,0.050006333,3018498,301849768,0.000000,0.000000
scalar/nested,100,6,151200,0.050001916,3023884,302388412,0.000000,0.000000
scalar/comparison,100,0,153952,0.050007500,3078578,307857821,0.000000,0.000000
scalar/comparison,100,1,153184,0.050015875,3062708,306270759,0.000000,0.000000
scalar/comparison,100,2,157120,0.050006666,3141981,314198111,0.000000,0.000000
scalar/comparison,100,3,161632,0.050007125,3232179,323217941,0.000000,0.000000
scalar/comparison,100,4,161472,0.050004459,3229152,322915202,0.000000,0.000000
scalar/comparison,100,5,160064,0.050002875,3201096,320109594,0.000000,0.000000
scalar/comparison,100,6,162112,0.050009583,3241619,324161871,0.000000,0.000000
scalar/strings,100,0,228000,0.050005792,4559472,455947183,0.000000,0.000000
scalar/strings,100,1,229984,0.050005333,4599189,459918945,0.000000,0.000000
scalar/strings,100,2,230688,0.050003083,4613476,461347553,0.000000,0.000000
scalar/strings,100,3,227744,0.050006875,4554254,455425379,0.000000,0.000000
scalar/strings,100,4,231264,0.050005958,4624729,462472892,0.000000,0.000000
scalar/strings,100,5,230912,0.050006083,4617678,461767821,0.000000,0.000000
scalar/strings,100,6,230624,0.050001334,4612357,461235694,0.000000,0.000000
scalar/boolean,100,0,152768,0.050009833,3054759,305475925,0.000000,0.000000
scalar/boolean,100,1,152288,0.050003542,3045544,304554425,0.000000,0.000000
scalar/boolean,100,2,152672,0.050008583,3052916,305291594,0.000000,0.000000
scalar/boolean,100,3,153376,0.050000375,3067497,306749699,0.000000,0.000000
scalar/boolean,100,4,152992,0.050007750,3059366,305936580,0.000000,0.000000
scalar/boolean,100,5,154560,0.050008625,3090667,309066686,0.000000,0.000000
scalar/boolean,100,6,154496,0.050008792,3089377,308937676,0.000000,0.000000
scalar/missing,100,0,161920,0.050009291,3237798,323779835,0.000000,0.000000
scalar/missing,100,1,164288,0.050006208,3285352,328535209,0.000000,0.000000
scalar/missing,100,2,164128,0.050007584,3282062,328206218,0.000000,0.000000
scalar/missing,100,3,161920,0.050004458,3238111,323811129,0.000000,0.000000
scalar/missing,100,4,161760,0.050002792,3235019,323501936,0.000000,0.000000
scalar/missing,100,5,162272,0.050005292,3245097,324509654,0.000000,0.000000
scalar/missing,100,6,162272,0.050007416,3244959,324495871,0.000000,0.000000
scalar/short_circuit,100,0,530816,0.050002083,10615878,1061587774,0.000000,0.000000
scalar/short_circuit,100,1,538016,0.050001792,10759934,1075993436,0.000000,0.000000
scalar/short_circuit,100,2,538656,0.050002333,10772617,1077261735,0.000000,0.000000
scalar/short_circuit,100,3,539392,0.050001000,10787624,1078762425,0.000000,0.000000
scalar/short_circuit,100,4,537088,0.050001750,10741384,1074138405,0.000000,0.000000
scalar/short_circuit,100,5,538752,0.050001958,10774618,1077461807,0.000000,0.000000
scalar/short_circuit,100,6,538464,0.050001208,10769020,1076901982,0.000000,0.000000
scalar/mixed,100,0,218496,0.050005917,4369403,436940292,0.000000,0.000000
scalar/mixed,100,1,220096,0.050001417,4401795,440179525,0.000000,0.000000
scalar/mixed,100,2,221696,0.050006417,4433351,443335102,0.000000,0.000000
scalar/mixed,100,3,221376,0.050002250,4427321,442732077,0.000000,0.000000
scalar/mixed,100,4,224480,0.050001500,4489465,448946532,0.000000,0.000000
scalar/mixed,100,5,224416,0.050000708,4488256,448825645,0.000000,0.000000
scalar/mixed,100,6,227936,0.050004417,4558317,455831732,0.000000,0.000000
scalar/write,100,0,143552,0.050010709,2870425,287042521,0.000000,0.000000
scalar/write,100,1,143872,0.050005750,2877109,287710913,0.000000,0.000000
scalar/write,100,2,143200,0.050010291,2863411,286341065,0.000000,0.000000
scalar/write,100,3,142944,0.050001250,2858809,285880853,0.000000,0.000000
scalar/write,100,4,140928,0.050001708,2818464,281846372,0.000000,0.000000
scalar/write,100,5,140480,0.050004333,2809357,280935654,0.000000,0.000000
scalar/write,100,6,143200,0.050004417,2863747,286374702,0.000000,0.000000
scalar/literal,500,0,167744,0.050000750,3354830,1677414839,0.000000,0.000000
scalar/literal,500,1,167104,0.050006083,3341673,1670836726,0.000000,0.000000
scalar/literal,500,2,166528,0.050001292,3330474,1665236970,0.000000,0.000000
scalar/literal,500,3,166880,0.050000083,3337594,1668797230,0.000000,0.000000
scalar/literal,500,4,166560,0.050009292,3330581,1665290522,0.000000,0.000000
scalar/literal,500,5,167104,0.050006167,3341668,1670833919,0.000000,0.000000
scalar/literal,500,6,171104,0.050005708,3421689,1710844690,0.000000,0.000000
scalar/arithmetic,500,0,52512,0.050017542,1049872,524935832,0.000000,0.000000
scalar/arithmetic,500,1,52320,0.050014333,1046100,523050062,0.000000,0.000000
scalar/arithmetic,500,2,52512,0.050007833,1050075,525037748,0.000000,0.000000
scalar/arithmetic,500,3,53056,0.050029500,1060494,530247154,0.000000,0.000000
scalar/arithmetic,500,4,52448,0.050004375,1048868,524434112,0.000000,0.000000
scalar/arithmetic,500,5,52640,0.050020958,1052359,526179447,0.000000,0.000000
scalar/arithmetic,500,6,52352,0.050015666,1046712,523356022,0.000000,0.000000
scalar/nested,500,0,52000,0.050025625,1039467,519733637,0.000000,0.000000
scalar/nested,500,1,52096,0.050022667,1041448,520723935,0.000000,0.000000
scalar/nested,500,2,52288,0.050026041,1045216,522607815,0.000000,0.000000
scalar/nested,500,3,52448,0.050019750,1048546,524272912,0.000000,0.000000
scalar/nested,500,4,52096,0.050028625,1041324,520661921,0.000000,0.000000
scalar/nested,500,5,52160,0.050001125,1043177,521588264,0.000000,0.000000
scalar/nested,500,6,52192,0.050003333,1043770,521885211,0.000000,0.000000
scalar/comparison,500,0,53472,0.050016375,1069090,534544937,0.000000,0.000000
scalar/comparison,500,1,53376,0.050021792,1067055,533527467,0.000000,0.000000
scalar/comparison,500,2,53024,0.050004083,1060393,530196704,0.000000,0.000000
scalar/comparison,500,3,52832,0.050017750,1056265,528132513,0.000000,0.000000
scalar/comparison,500,4,52960,0.050011583,1058955,529477341,0.000000,0.000000
scalar/comparison,500,5,53472,0.050010708,1069211,534605509,0.000000,0.000000
scalar/comparison,500,6,52768,0.050029084,1054746,527373238,0.000000,0.000000
scalar/strings,500,0,77952,0.050015417,1558559,779279717,0.000000,0.000000
scalar/strings,500,1,77760,0.050007709,1554960,777480128,0.000000,0.000000
scalar/strings,500,2,77888,0.050019125,1557164,778582192,0.000000,0.000000
scalar/strings,500,3,77664,0.050016958,1552753,776376684,0.000000,0.000000
scalar/strings,500,4,77856,0.050016042,1556621,778310287,0.000000,0.000000
scalar/strings,500,5,78560,0.050014042,1570759,785379434,0.000000,0.000000
scalar/strings,500,6,78112,0.050018208,1561671,780835651,0.000000,0.000000
scalar/boolean,500,0,52032,0.050009875,1040435,520217257,0.000000,0.000000
scalar/boolean,500,1,52064,0.050026208,1040734,520367244,0.000000,0.000000
scalar/boolean,500,2,52192,0.050023917,1043341,521670464,0.000000,0.000000
scalar/boolean,500,3,52256,0.050026833,1044559,522279713,0.000000,0.000000
scalar/boolean,500,4,53088,0.050029583,1061132,530566085,0.000000,0.000000
scalar/boolean,500,5,52544,0.050013791,1050590,525295113,0.000000,0.000000
scalar/boolean,500,6,52608,0.050019334,1051753,525876654,0.000000,0.000000
scalar/missing,500,0,53408,0.050020458,1067723,533861565,0.000000,0.000000
scalar/missing,500,1,53408,0.050004416,1068066,534032834,0.000000,0.000000
scalar/missing,500,2,53440,0.050026500,1068234,534116918,0.000000,0.000000
scalar/missing,500,3,53248,0.050010416,1064738,532369097,0.000000,0.000000
scalar/missing,500,4,53120,0.050021250,1061949,530974336,0.000000,0.000000
scalar/missing,500,5,53280,0.050000292,1065594,532796888,0.000000,0.000000
scalar/missing,500,6,53312,0.050023292,1065744,532871767,0.000000,0.000000
scalar/short_circuit,500,0,164032,0.050005875,3280255,1640127285,0.000000,0.000000
scalar/short_circuit,500,1,164928,0.050006791,3298112,1649056025,0.000000,0.000000
scalar/short_circuit,500,2,162848,0.050000625,3256919,1628459644,0.000000,0.000000
scalar/short_circuit,500,3,163232,0.050007417,3264156,1632077898,0.000000,0.000000
scalar/short_circuit,500,4,163136,0.050008958,3262136,1631067778,0.000000,0.000000
scalar/short_circuit,500,5,163424,0.050004500,3268186,1634092932,0.000000,0.000000
scalar/short_circuit,500,6,162464,0.050006750,3248841,1624420703,0.000000,0.000000
scalar/mixed,500,0,112640,0.050007875,2252445,1126222620,0.000000,0.000000
scalar/mixed,500,1,112768,0.050007250,2255033,1127516510,0.000000,0.000000
scalar/mixed,500,2,113088,0.050008083,2261394,1130697211,0.000000,0.000000
scalar/mixed,500,3,114528,0.050003833,2290384,1145192210,0.000000,0.000000
scalar/mixed,500,4,114304,0.050001833,2285996,1142998098,0.000000,0.000000
scalar/mixed,500,5,114752,0.050012875,2294449,1147224590,0.000000,0.000000
scalar/mixed,500,6,114944,0.050008042,2298510,1149255154,0.000000,0.000000
scalar/write,500,0,51104,0.050012292,1021829,510914397,0.000000,0.000000
scalar/write,500,1,50816,0.050007000,1016178,508088868,0.000000,0.000000
scalar/write,500,2,50912,0.050026959,1017691,508845641,0.000000,0.000000
scalar/write,500,3,50816,0.050022333,1015866,507933127,0.000000,0.000000
scalar/write,500,4,50880,0.050000416,1017592,508795767,0.000000,0.000000
scalar/write,500,5,50944,0.050019834,1018476,509237995,0.000000,0.000000
scalar/write,500,6,50944,0.050011000,1018656,509327948,0.000000,0.000000
scalar/literal,1024,0,87968,0.050010625,1758986,1801201885,0.000000,0.000000
scalar/literal,1024,1,88800,0.050000334,1775988,1818611852,0.000000,0.000000
scalar/literal,1024,2,88672,0.050012375,1773001,1815553211,0.000000,0.000000
scalar/literal,1024,3,88032,0.050002708,1760545,1802797720,0.000000,0.000000
scalar/literal,1024,4,87712,0.050013292,1753774,1795864347,0.000000,0.000000
scalar/literal,1024,5,88224,0.050003583,1764354,1806698052,0.000000,0.000000
scalar/literal,1024,6,87936,0.050012833,1758269,1800467172,0.000000,0.000000
scalar/arithmetic,1024,0,28448,0.050012459,568818,582469900,0.000000,0.000000
scalar/arithmetic,1024,1,28448,0.050035458,568557,582202166,0.000000,0.000000
scalar/arithmetic,1024,2,28416,0.050008625,568222,581859309,0.000000,0.000000
scalar/arithmetic,1024,3,28512,0.050023208,569975,583654851,0.000000,0.000000
scalar/arithmetic,1024,4,28608,0.050020000,571931,585657577,0.000000,0.000000
scalar/arithmetic,1024,5,28768,0.050014917,575188,588992920,0.000000,0.000000
scalar/arithmetic,1024,6,28672,0.050020708,573203,586959465,0.000000,0.000000
scalar/nested,1024,0,28288,0.050025125,565476,579047269,0.000000,0.000000
scalar/nested,1024,1,28224,0.050011041,564355,577899908,0.000000,0.000000
scalar/nested,1024,2,28288,0.050044459,565257,578823562,0.000000,0.000000
scalar/nested,1024,3,28256,0.050007334,565037,578598011,0.000000,0.000000
scalar/nested,1024,4,28352,0.050046042,566518,580114767,0.000000,0.000000
scalar/nested,1024,5,28544,0.050018417,570670,584365875,0.000000,0.000000
scalar/nested,1024,6,28640,0.050024208,572523,586263355,0.000000,0.000000
scalar/comparison,1024,0,29120,0.050018791,582181,596153554,0.000000,0.000000
scalar/comparison,1024,1,28800,0.050014334,575835,589654958,0.000000,0.000000
scalar/comparison,1024,2,29152,0.050033667,582648,596631224,0.000000,0.000000
scalar/comparison,1024,3,28800,0.050046709,575462,589273512,0.000000,0.000000
scalar/comparison,1024,4,28832,0.050015958,576456,590290963,0.000000,0.000000
scalar/comparison,1024,5,28736,0.050009708,574608,588399036,0.000000,0.000000
scalar/comparison,1024,6,28640,0.050005000,572743,586488551,0.000000,0.000000
scalar/strings,1024,0,42368,0.050014125,847121,867451585,0.000000,0.000000
scalar/strings,1024,1,42336,0.050004708,846640,866959647,0.000000,0.000000
scalar/strings,1024,2,42432,0.050025916,848200,868557169,0.000000,0.000000
scalar/strings,1024,3,43744,0.050035959,874251,895233286,0.000000,0.000000
scalar/strings,1024,4,43296,0.050026917,865454,886224990,0.000000,0.000000
scalar/strings,1024,5,43136,0.050036333,862094,882783796,0.000000,0.000000
scalar/strings,1024,6,42752,0.050003917,854973,875492374,0.000000,0.000000
scalar/boolean,1024,0,28352,0.050021584,566795,580398414,0.000000,0.000000
scalar/boolean,1024,1,28384,0.050048250,567133,580743902,0.000000,0.000000
scalar/boolean,1024,2,28448,0.050027333,568649,582296722,0.000000,0.000000
scalar/boolean,1024,3,28384,0.050030375,567335,580951392,0.000000,0.000000
scalar/boolean,1024,4,28832,0.050002917,576606,590444913,0.000000,0.000000
scalar/boolean,1024,5,28576,0.050050625,570942,584644527,0.000000,0.000000
scalar/boolean,1024,6,28352,0.050050417,566469,580064058,0.000000,0.000000
scalar/missing,1024,0,28672,0.050044500,572930,586680414,0.000000,0.000000
scalar/missing,1024,1,28704,0.050023167,573814,587585668,0.000000,0.000000
scalar/missing,1024,2,28704,0.050039291,573629,587396332,0.000000,0.000000
scalar/missing,1024,3,29280,0.050005750,585533,599585448,0.000000,0.000000
scalar/missing,1024,4,29056,0.050034959,580714,594651112,0.000000,0.000000
scalar/missing,1024,5,28896,0.050030125,577572,591433741,0.000000,0.000000
scalar/missing,1024,6,28864,0.050023542,577008,590856521,0.000000,0.000000
scalar/short_circuit,1024,0,87424,0.050001292,1748435,1790397256,0.000000,0.000000
scalar/short_circuit,1024,1,87456,0.050015542,1748576,1790542308,0.000000,0.000000
scalar/short_circuit,1024,2,87360,0.050017375,1746593,1788511292,0.000000,0.000000
scalar/short_circuit,1024,3,87648,0.050015500,1752417,1794474753,0.000000,0.000000
scalar/short_circuit,1024,4,87328,0.050017625,1745945,1787847224,0.000000,0.000000
scalar/short_circuit,1024,5,86528,0.050012709,1730120,1771643124,0.000000,0.000000
scalar/short_circuit,1024,6,87072,0.050013292,1740977,1782760631,0.000000,0.000000
scalar/mixed,1024,0,70464,0.050020500,1408702,1442511290,0.000000,0.000000
scalar/mixed,1024,1,70112,0.050017208,1401758,1435399753,0.000000,0.000000
scalar/mixed,1024,2,70720,0.050019541,1413847,1447779779,0.000000,0.000000
scalar/mixed,1024,3,70944,0.050010500,1418582,1452628068,0.000000,0.000000
scalar/mixed,1024,4,71072,0.050017958,1420930,1455031971,0.000000,0.000000
scalar/mixed,1024,5,70848,0.050019000,1416422,1450415882,0.000000,0.000000
scalar/mixed,1024,6,71008,0.050015000,1419734,1453807698,0.000000,0.000000
scalar/write,1024,0,28704,0.050016542,573890,587663497,0.000000,0.000000
scalar/write,1024,1,28288,0.050027792,565446,579016400,0.000000,0.000000
scalar/write,1024,2,28288,0.050026208,565464,579034733,0.000000,0.000000
scalar/write,1024,3,28608,0.050041584,571685,585404970,0.000000,0.000000
scalar/write,1024,4,28256,0.050021500,564877,578434153,0.000000,0.000000
scalar/write,1024,5,28544,0.050036917,570459,584149819,0.000000,0.000000
scalar/write,1024,6,28736,0.050036375,574302,588085448,0.000000,0.000000
scalar/literal,10240,0,9472,0.050002958,189429,1939750844,0.000000,0.000000
scalar/literal,10240,1,9408,0.050056584,187947,1924580391,0.000000,0.000000
scalar/literal,10240,2,9408,0.050076459,187873,1923816538,0.000000,0.000000
scalar/literal,10240,3,9536,0.050049000,190533,1951060760,0.000000,0.000000
scalar/literal,10240,4,9472,0.050152833,188863,1933954160,0.000000,0.000000
scalar/literal,10240,5,9472,0.050166500,188811,1933427287,0.000000,0.000000
scalar/literal,10240,6,9536,0.050102875,190328,1948962809,0.000000,0.000000
scalar/arithmetic,10240,0,3232,0.050402792,64123,656623943,0.000000,0.000000
scalar/arithmetic,10240,1,3200,0.050215209,63726,652551302,0.000000,0.000000
scalar/arithmetic,10240,2,3200,0.050204875,63739,652685621,0.000000,0.000000
scalar/arithmetic,10240,3,3200,0.050072625,63907,654409470,0.000000,0.000000
scalar/arithmetic,10240,4,3200,0.050118125,63849,653815361,0.000000,0.000000
scalar/arithmetic,10240,5,3232,0.050089916,64524,660725404,0.000000,0.000000
scalar/arithmetic,10240,6,3200,0.050067708,63913,654473738,0.000000,0.000000
scalar/nested,10240,0,3200,0.050132792,63830,653624079,0.000000,0.000000
scalar/nested,10240,1,3200,0.050078500,63900,654332698,0.000000,0.000000
scalar/nested,10240,2,3200,0.050085625,63891,654239615,0.000000,0.000000
scalar/nested,10240,3,3200,0.050127667,63837,653690905,0.000000,0.000000
scalar/nested,10240,4,3232,0.050427500,64092,656302216,0.000000,0.000000
scalar/nested,10240,5,3200,0.050077041,63902,654351762,0.000000,0.000000
scalar/nested,10240,6,3200,0.050088917,63886,654196616,0.000000,0.000000
scalar/comparison,10240,0,3200,0.050120041,63847,653790367,0.000000,0.000000
scalar/comparison,10240,1,3200,0.050073792,63906,654394219,0.000000,0.000000
scalar/comparison,10240,2,3232,0.050383500,64148,656875366,0.000000,0.000000
scalar/comparison,10240,3,3264,0.050231333,64979,665388673,0.000000,0.000000
scalar/comparison,10240,4,3200,0.050124583,63841,653731124,0.000000,0.000000
scalar/comparison,10240,5,3200,0.050030542,63961,654959924,0.000000,0.000000
scalar/comparison,10240,6,3200,0.050109917,63860,653922456,0.000000,0.000000
scalar/strings,10240,0,4896,0.050061500,97800,1001468993,0.000000,0.000000
scalar/strings,10240,1,4768,0.050007667,95345,976336689,0.000000,0.000000
scalar/strings,10240,2,4768,0.050004208,95352,976404226,0.000000,0.000000
scalar/strings,10240,3,4768,0.050000750,95359,976471753,0.000000,0.000000
scalar/strings,10240,4,4768,0.050009750,95341,976296022,0.000000,0.000000
scalar/strings,10240,5,4864,0.050260542,96776,990983344,0.000000,0.000000
scalar/strings,10240,6,4800,0.050083542,95840,981400237,0.000000,0.000000
scalar/boolean,10240,0,3200,0.050066875,63915,654484627,0.000000,0.000000
scalar/boolean,10240,1,3200,0.050089917,63885,654183556,0.000000,0.000000
scalar/boolean,10240,2,3200,0.050233459,63703,652314227,0.000000,0.000000
scalar/boolean,10240,3,3200,0.050200917,63744,652737080,0.000000,0.000000
scalar/boolean,10240,4,3232,0.050012416,64624,661749274,0.000000,0.000000
scalar/boolean,10240,5,3200,0.050203250,63741,652706747,0.000000,0.000000
scalar/boolean,10240,6,3200,0.050089708,63885,654186285,0.000000,0.000000
scalar/missing,10240,0,3200,0.050005458,63993,655288469,0.000000,0.000000
scalar/missing,10240,1,3200,0.050024750,63968,655035757,0.000000,0.000000
scalar/missing,10240,2,3264,0.050415459,64742,662958558,0.000000,0.000000
scalar/missing,10240,3,3296,0.050209125,65645,672209285,0.000000,0.000000
scalar/missing,10240,4,3232,0.050163125,64430,659761129,0.000000,0.000000
scalar/missing,10240,5,3232,0.050319916,64229,657705390,0.000000,0.000000
scalar/missing,10240,6,3200,0.050078500,63900,654332698,0.000000,0.000000
scalar/short_circuit,10240,0,9408,0.050107416,187757,1922627980,0.000000,0.000000
scalar/short_circuit,10240,1,9408,0.050002167,188152,1926674898,0.000000,0.000000
scalar/short_circuit,10240,2,9440,0.050109750,188386,1929077675,0.000000,0.000000
scalar/short_circuit,10240,3,9440,0.050118125,188355,1928755316,0.000000,0.000000
scalar/short_circuit,10240,4,9376,0.050041833,187363,1918599584,0.000000,0.000000
scalar/short_circuit,10240,5,9408,0.050037917,188017,1925298369,0.000000,0.000000
scalar/short_circuit,10240,6,9568,0.050066708,191105,1956915562,0.000000,0.000000
scalar/mixed,10240,0,9216,0.050071875,184055,1884727504,0.000000,0.000000
scalar/mixed,10240,1,9184,0.050132042,183196,1875929171,0.000000,0.000000
scalar/mixed,10240,2,9152,0.050010042,183003,1873953235,0.000000,0.000000
scalar/mixed,10240,3,9184,0.050115125,183258,1876562415,0.000000,0.000000
scalar/mixed,10240,4,9152,0.050036667,182906,1872956086,0.000000,0.000000
scalar/mixed,10240,5,9248,0.050056250,184752,1891862055,0.000000,0.000000
scalar/mixed,10240,6,9184,0.050166708,183070,1874632874,0.000000,0.000000
scalar/write,10240,0,3200,0.050175708,63776,653065025,0.000000,0.000000
scalar/write,10240,1,3200,0.050248875,63683,652114102,0.000000,0.000000
scalar/write,10240,2,3264,0.050209500,65008,665678009,0.000000,0.000000
scalar/write,10240,3,3232,0.050359333,64179,657190595,0.000000,0.000000
scalar/write,10240,4,3232,0.050251833,64316,658596473,0.000000,0.000000
scalar/write,10240,5,3264,0.050331583,64850,664063358,0.000000,0.000000
scalar/write,10240,6,3200,0.050181667,63768,652987474,0.000000,0.000000
scalar/literal,65536,0,1504,0.050638417,29701,1946469693,0.000000,0.000000
scalar/literal,65536,1,1504,0.050621500,29711,1947120176,0.000000,0.000000
scalar/literal,65536,2,1536,0.050711583,30289,1985015849,0.000000,0.000000
scalar/literal,65536,3,1504,0.050431459,29823,1954457514,0.000000,0.000000
scalar/literal,65536,4,1504,0.050582541,29734,1948619861,0.000000,0.000000
scalar/literal,65536,5,1504,0.050584250,29733,1948554026,0.000000,0.000000
scalar/literal,65536,6,1504,0.050645125,29697,1946211881,0.000000,0.000000
scalar/arithmetic,65536,0,512,0.050467833,10145,664867699,0.000000,0.000000
scalar/arithmetic,65536,1,512,0.050073333,10225,670105823,0.000000,0.000000
scalar/arithmetic,65536,2,512,0.050212292,10197,668251352,0.000000,0.000000
scalar/arithmetic,65536,3,512,0.050401250,10158,665746028,0.000000,0.000000
scalar/arithmetic,65536,4,512,0.050433125,10152,665325260,0.000000,0.000000
scalar/arithmetic,65536,5,512,0.050446875,10149,665143916,0.000000,0.000000
scalar/arithmetic,65536,6,544,0.052929542,10278,673566833,0.000000,0.000000
scalar/nested,65536,0,512,0.050354959,10168,666358044,0.000000,0.000000
scalar/nested,65536,1,512,0.050577125,10123,663430988,0.000000,0.000000
scalar/nested,65536,2,512,0.050686166,10101,662003751,0.000000,0.000000
scalar/nested,65536,3,544,0.053111708,10243,671256590,0.000000,0.000000
scalar/nested,65536,4,512,0.050538958,10131,663932011,0.000000,0.000000
scalar/nested,65536,5,512,0.050574667,10124,663463232,0.000000,0.000000
scalar/nested,65536,6,512,0.050570583,10124,663516812,0.000000,0.000000
scalar/comparison,65536,0,512,0.050568250,10125,663547424,0.000000,0.000000
scalar/comparison,65536,1,512,0.050260625,10187,667608729,0.000000,0.000000
scalar/comparison,65536,2,512,0.050567542,10125,663556714,0.000000,0.000000
scalar/comparison,65536,3,512,0.050495792,10139,664499569,0.000000,0.000000
scalar/comparison,65536,4,512,0.050544209,10130,663863035,0.000000,0.000000
scalar/comparison,65536,5,512,0.050684500,10102,662025511,0.000000,0.000000
scalar/comparison,65536,6,512,0.050632667,10112,662703231,0.000000,0.000000
scalar/strings,65536,0,768,0.050532333,15198,996028582,0.000000,0.000000
scalar/strings,65536,1,800,0.051868291,15424,1010806390,0.000000,0.000000
scalar/strings,65536,2,768,0.050396875,15239,998705733,0.000000,0.000000
scalar/strings,65536,3,768,0.050569625,15187,995294072,0.000000,0.000000
scalar/strings,65536,4,768,0.050626000,15170,994185754,0.000000,0.000000
scalar/strings,65536,5,768,0.050697500,15149,992783628,0.000000,0.000000
scalar/strings,65536,6,768,0.050201042,15298,1002601659,0.000000,0.000000
scalar/boolean,65536,0,512,0.050367000,10165,666198741,0.000000,0.000000
scalar/boolean,65536,1,512,0.050470542,10145,664832012,0.000000,0.000000
scalar/boolean,65536,2,544,0.052694708,10324,676568584,0.000000,0.000000
scalar/boolean,65536,3,512,0.050462708,10146,664935223,0.000000,0.000000
scalar/boolean,65536,4,512,0.050544125,10130,663864139,0.000000,0.000000
scalar/boolean,65536,5,512,0.050559709,10127,663659516,0.000000,0.000000
scalar/boolean,65536,6,544,0.053068834,10251,671798894,0.000000,0.000000
scalar/missing,65536,0,512,0.050069875,10226,670152102,0.000000,0.000000
scalar/missing,65536,1,512,0.050274750,10184,667421161,0.000000,0.000000
scalar/missing,65536,2,512,0.050347875,10169,666451802,0.000000,0.000000
scalar/missing,65536,3,512,0.050370250,10165,666155757,0.000000,0.000000
scalar/missing,65536,4,512,0.050501041,10138,664430502,0.000000,0.000000
scalar/missing,65536,5,512,0.050453417,10148,665057671,0.000000,0.000000
scalar/missing,65536,6,512,0.050203375,10199,668370045,0.000000,0.000000
scalar/short_circuit,65536,0,1504,0.050116375,30010,1966745280,0.000000,0.000000
scalar/short_circuit,65536,1,1504,0.050411792,29834,1955220001,0.000000,0.000000
scalar/short_circuit,65536,2,1504,0.050420750,29829,1954872627,0.000000,0.000000
scalar/short_circuit,65536,3,1504,0.050451041,29811,1953698914,0.000000,0.000000
scalar/short_circuit,65536,4,1504,0.050012917,30072,1970813740,0.000000,0.000000
scalar/short_circuit,65536,5,1504,0.050380250,29853,1956444122,0.000000,0.000000
scalar/short_circuit,65536,6,1504,0.050733834,29645,1942808896,0.000000,0.000000
scalar/mixed,65536,0,1504,0.050584583,29732,1948541199,0.000000,0.000000
scalar/mixed,65536,1,1504,0.050767625,29625,1941515759,0.000000,0.000000
scalar/mixed,65536,2,1504,0.050851542,29576,1938311802,0.000000,0.000000
scalar/mixed,65536,3,1504,0.050875333,29562,1937405383,0.000000,0.000000
scalar/mixed,65536,4,1504,0.050858458,29572,1938048220,0.000000,0.000000
scalar/mixed,65536,5,1504,0.050575583,29738,1948887945,0.000000,0.000000
scalar/mixed,65536,6,1504,0.050887208,29556,1936953271,0.000000,0.000000
scalar/write,65536,0,512,0.050554875,10128,663722974,0.000000,0.000000
scalar/write,65536,1,512,0.050593125,10120,663221179,0.000000,0.000000
scalar/write,65536,2,512,0.050711792,10096,661669223,0.000000,0.000000
scalar/write,65536,3,512,0.050610042,10117,662999489,0.000000,0.000000
scalar/write,65536,4,512,0.050633083,10112,662697786,0.000000,0.000000
scalar/write,65536,5,512,0.050589083,10121,663274169,0.000000,0.000000
scalar/write,65536,6,544,0.052376875,10386,680674133,0.000000,0.000000
scalar/literal,1048576,0,96,0.051214250,1874,1965532952,0.000000,0.000000
scalar/literal,1048576,1,96,0.051322333,1871,1961393610,0.000000,0.000000
scalar/literal,1048576,2,96,0.051442334,1866,1956818211,0.000000,0.000000
scalar/literal,1048576,3,96,0.050761541,1891,1983062256,0.000000,0.000000
scalar/literal,1048576,4,96,0.051507000,1864,1954361465,0.000000,0.000000
scalar/literal,1048576,5,96,0.050565166,1899,1990763681,0.000000,0.000000
scalar/literal,1048576,6,96,0.051516458,1863,1954002661,0.000000,0.000000
scalar/arithmetic,1048576,0,32,0.050368875,635,666173942,0.000000,0.000000
scalar/arithmetic,1048576,1,32,0.050396875,635,665803822,0.000000,0.000000
scalar/arithmetic,1048576,2,64,0.099663041,642,673357579,0.000000,0.000000
scalar/arithmetic,1048576,3,32,0.050312292,636,666923145,0.000000,0.000000
scalar/arithmetic,1048576,4,32,0.050545709,633,663843334,0.000000,0.000000
scalar/arithmetic,1048576,5,32,0.050466125,634,664890201,0.000000,0.000000
scalar/arithmetic,1048576,6,32,0.050459542,634,664976943,0.000000,0.000000
scalar/nested,1048576,0,64,0.099331000,644,675608461,0.000000,0.000000
scalar/nested,1048576,1,32,0.050110334,639,669611023,0.000000,0.000000
scalar/nested,1048576,2,32,0.050291875,636,667193896,0.000000,0.000000
scalar/nested,1048576,3,32,0.050270875,637,667472607,0.000000,0.000000
scalar/nested,1048576,4,64,0.100044833,640,670787906,0.000000,0.000000
scalar/nested,1048576,5,32,0.050493166,634,664534127,0.000000,0.000000
scalar/nested,1048576,6,32,0.050425500,635,665425866,0.000000,0.000000
scalar/comparison,1048576,0,32,0.078609459,407,426849802,0.000000,0.000000
scalar/comparison,1048576,1,32,0.051415584,622,652612095,0.000000,0.000000
scalar/comparison,1048576,2,32,0.053866625,594,622916917,0.000000,0.000000
scalar/comparison,1048576,3,32,0.050634375,632,662680876,0.000000,0.000000
scalar/comparison,1048576,4,32,0.050544125,633,663864139,0.000000,0.000000
scalar/comparison,1048576,5,32,0.050601042,632,663117412,0.000000,0.000000
scalar/comparison,1048576,6,32,0.050388125,635,665919440,0.000000,0.000000
scalar/strings,1048576,0,64,0.067707833,945,991153623,0.000000,0.000000
scalar/strings,1048576,1,64,0.067738833,945,990700032,0.000000,0.000000
scalar/strings,1048576,2,64,0.067933291,942,987864168,0.000000,0.000000
scalar/strings,1048576,3,64,0.067144500,953,999469264,0.000000,0.000000
scalar/strings,1048576,4,64,0.066822792,958,1004281054,0.000000,0.000000
scalar/strings,1048576,5,64,0.067476875,948,994546117,0.000000,0.000000
scalar/strings,1048576,6,64,0.067614583,947,992520563,0.000000,0.000000
scalar/boolean,1048576,0,32,0.050351417,636,666404920,0.000000,0.000000
scalar/boolean,1048576,1,32,0.050260959,637,667604293,0.000000,0.000000
scalar/boolean,1048576,2,64,0.100452834,637,668063422,0.000000,0.000000
scalar/boolean,1048576,3,32,0.050504625,634,664383351,0.000000,0.000000
scalar/boolean,1048576,4,32,0.050463250,634,664928081,0.000000,0.000000
scalar/boolean,1048576,5,32,0.050434625,634,665305472,0.000000,0.000000
scalar/boolean,1048576,6,32,0.050444333,634,665177434,0.000000,0.000000
scalar/missing,1048576,0,32,0.050474041,634,664785924,0.000000,0.000000
scalar/missing,1048576,1,32,0.050551209,633,663771108,0.000000,0.000000
scalar/missing,1048576,2,32,0.050540292,633,663914486,0.000000,0.000000
scalar/missing,1048576,3,32,0.050588583,633,663280725,0.000000,0.000000
scalar/missing,1048576,4,32,0.050430583,635,665358796,0.000000,0.000000
scalar/missing,1048576,5,64,0.099820333,641,672296535,0.000000,0.000000
scalar/missing,1048576,6,32,0.050256333,637,667665745,0.000000,0.000000
scalar/short_circuit,1048576,0,96,0.051443125,1866,1956788123,0.000000,0.000000
scalar/short_circuit,1048576,1,96,0.051518542,1863,1953923618,0.000000,0.000000
scalar/short_circuit,1048576,2,96,0.051494625,1864,1954831130,0.000000,0.000000
scalar/short_circuit,1048576,3,96,0.051420750,1867,1957639591,0.000000,0.000000
scalar/short_circuit,1048576,4,96,0.051008209,1882,1973472466,0.000000,0.000000
scalar/short_circuit,1048576,5,96,0.051583791,1861,1951452075,0.000000,0.000000
scalar/short_circuit,1048576,6,96,0.051513667,1864,1954108528,0.000000,0.000000
scalar/mixed,1048576,0,96,0.051417458,1867,1957764929,0.000000,0.000000
scalar/mixed,1048576,1,96,0.051408417,1867,1958109233,0.000000,0.000000
scalar/mixed,1048576,2,96,0.051437875,1866,1956987842,0.000000,0.000000
scalar/mixed,1048576,3,96,0.050843083,1888,1979881826,0.000000,0.000000
scalar/mixed,1048576,4,96,0.051647917,1859,1949029154,0.000000,0.000000
scalar/mixed,1048576,5,96,0.051710916,1856,1946654668,0.000000,0.000000
scalar/mixed,1048576,6,96,0.051755250,1855,1944987146,0.000000,0.000000
scalar/write,1048576,0,32,0.050475958,634,664760677,0.000000,0.000000
scalar/write,1048576,1,32,0.050418750,635,665514952,0.000000,0.000000
scalar/write,1048576,2,32,0.050417416,635,665532561,0.000000,0.000000
scalar/write,1048576,3,32,0.050425459,635,665426407,0.000000,0.000000
scalar/write,1048576,4,32,0.050430375,635,665361541,0.000000,0.000000
scalar/write,1048576,5,32,0.050452416,634,665070866,0.000000,0.000000
scalar/write,1048576,6,64,0.099582500,643,673902182,0.000000,0.000000
scalar/sequence_boolean,330,0,27424,0.050046292,547973,180830979,0.000000,0.000000
scalar/sequence_boolean,330,1,27456,0.050022959,548868,181126430,0.000000,0.000000
scalar/sequence_boolean,330,2,27360,0.050013541,547052,180527110,0.000000,0.000000
scalar/sequence_boolean,330,3,27488,0.050020208,549538,181347507,0.000000,0.000000
scalar/sequence_boolean,330,4,27488,0.050008125,549671,181391324,0.000000,0.000000
scalar/sequence_boolean,330,5,27040,0.050022375,540558,178384173,0.000000,0.000000
scalar/sequence_boolean,330,6,27360,0.050025541,546921,180483805,0.000000,0.000000
scalar/sequence_array_equality,330,0,18912,0.050055042,377824,124681945,0.000000,0.000000
scalar/sequence_array_equality,330,1,19008,0.050039625,379859,125353457,0.000000,0.000000
scalar/sequence_array_equality,330,2,19040,0.050043208,380471,125555500,0.000000,0.000000
scalar/sequence_array_equality,330,3,19040,0.050067167,380289,125495417,0.000000,0.000000
scalar/sequence_array_equality,330,4,19008,0.050074916,379591,125265113,0.000000,0.000000
scalar/sequence_array_equality,330,5,19104,0.050078958,381478,125887603,0.000000,0.000000
scalar/sequence_array_equality,330,6,18912,0.050009542,378168,124795384,0.000000,0.000000
scalar/sequence_equality,330,0,15168,0.050067333,302952,99974169,3.000000,672.000000
scalar/sequence_equality,330,1,15168,0.050058584,303005,99991642,3.000000,672.000000
scalar/sequence_equality,330,2,15104,0.050004958,302050,99676516,3.000000,672.000000
scalar/sequence_equality,330,3,15104,0.050070708,301653,99545627,3.000000,672.000000
scalar/sequence_equality,330,4,15104,0.050017500,301974,99651522,3.000000,672.000000
scalar/sequence_equality,330,5,15168,0.050042750,303101,100023280,3.000000,672.000000
scalar/sequence_equality,330,6,15232,0.050086083,304116,100358417,3.000000,672.000000
scalar/array_equality,330,0,13760,0.050029959,275035,90761617,16.000000,3264.000000
scalar/array_equality,330,1,13856,0.050095042,276594,91276099,16.000000,3264.000000
scalar/array_equality,330,2,13728,0.050022625,274436,90563820,16.000000,3264.000000
scalar/array_equality,330,3,13728,0.050023625,274430,90562009,16.000000,3264.000000
scalar/array_equality,330,4,13824,0.050097167,275944,91061437,16.000000,3264.000000
scalar/array_equality,330,5,13888,0.050025542,277618,91614000,16.000000,3264.000000
scalar/array_equality,330,6,13824,0.050089500,275986,91075375,16.000000,3264.000000
scalar/singleton,15,0,394144,0.050001708,7882611,118239161,0.000000,0.000000
scalar/singleton,15,1,399104,0.050000750,7981960,119729404,0.000000,0.000000
scalar/singleton,15,2,400352,0.050000667,8006933,120103998,0.000000,0.000000
scalar/singleton,15,3,400928,0.050001708,8018286,120274291,0.000000,0.000000
scalar/singleton,15,4,402656,0.050003209,8052603,120789048,0.000000,0.000000
scalar/singleton,15,5,400704,0.050001583,8013826,120207394,0.000000,0.000000
scalar/singleton,15,6,390880,0.050001250,7817405,117261068,0.000000,0.000000
scalar/sequence_type_error,330,0,44608,0.050014208,891907,294329163,0.000000,0.000000
scalar/sequence_type_error,330,1,45312,0.050017333,905926,298955564,0.000000,0.000000
scalar/sequence_type_error,330,2,45280,0.050026542,905120,298689444,0.000000,0.000000
scalar/sequence_type_error,330,3,45184,0.050006291,903566,298176883,0.000000,0.000000
scalar/sequence_type_error,330,4,45184,0.050031042,903119,298029371,0.000000,0.000000
scalar/sequence_type_error,330,5,45152,0.050002417,902996,297988795,0.000000,0.000000
scalar/sequence_type_error,330,6,45760,0.050027583,914695,301849482,0.000000,0.000000
scalar/object_equality,125,0,35392,0.050038709,707292,88411554,3.000000,1396.000000
scalar/object_equality,125,1,35712,0.050040084,713668,89208483,3.000000,1396.000000
scalar/object_equality,125,2,35904,0.050022167,717762,89720223,3.000000,1396.000000
scalar/object_equality,125,3,36288,0.050029584,725331,90666355,3.000000,1396.000000
scalar/object_equality,125,4,36832,0.050028167,736225,92028157,3.000000,1396.000000
scalar/object_equality,125,5,36928,0.050007041,738456,92307001,3.000000,1396.000000
scalar/object_equality,125,6,36224,0.050003667,724427,90553359,3.000000,1396.000000
scalar/object_equality,2389,0,2208,0.050260125,43931,104952226,7.000000,24948.000000
scalar/object_equality,2389,1,2208,0.050208667,43976,105059790,7.000000,24948.000000
scalar/object_equality,2389,2,2208,0.050418708,43793,104622118,7.000000,24948.000000
scalar/object_equality,2389,3,2208,0.050448708,43767,104559903,7.000000,24948.000000
scalar/object_equality,2389,4,2208,0.050389000,43819,104683800,7.000000,24948.000000
scalar/object_equality,2389,5,2208,0.050668083,43578,104107195,7.000000,24948.000000
scalar/object_equality,2389,6,2240,0.050632292,44241,105690653,7.000000,24948.000000
scalar/escaped_strings,26,0,558144,0.050002125,11162406,290222546,0.000000,0.000000
scalar/escaped_strings,26,1,561472,0.050001875,11229019,291954492,0.000000,0.000000
scalar/escaped_strings,26,2,561152,0.050000750,11222872,291794663,0.000000,0.000000
scalar/escaped_strings,26,3,563360,0.050000542,11267078,292944024,0.000000,0.000000
scalar/escaped_strings,26,4,561440,0.050000250,11228744,291947340,0.000000,0.000000
scalar/escaped_strings,26,5,559072,0.050001167,11181179,290710655,0.000000,0.000000
scalar/escaped_strings,26,6,549952,0.050001167,10998783,285968365,0.000000,0.000000
compile/filter,0,0,59840,0.050013416,1196479,0,34.000000,2149.000000
compile/filter,0,1,60032,0.050021875,1200115,0,34.000000,2149.000000
compile/filter,0,2,60224,0.050009584,1204249,0,34.000000,2149.000000
compile/filter,0,3,60256,0.050018167,1204682,0,34.000000,2149.000000
compile/filter,0,4,60288,0.050003334,1205680,0,34.000000,2149.000000
compile/filter,0,5,60512,0.050015958,1209854,0,34.000000,2149.000000
compile/filter,0,6,60640,0.050009375,1212573,0,34.000000,2149.000000
filter/predicate,100,0,97856,0.050007084,1956843,195684275,0.000000,0.000000
filter/predicate,100,1,97952,0.050000666,1959014,195901391,0.000000,0.000000
filter/predicate,100,2,98592,0.050006375,1971589,197158862,0.000000,0.000000
filter/predicate,100,3,98752,0.050002459,1974943,197494287,0.000000,0.000000
filter/predicate,100,4,98272,0.050000250,1965430,196543017,0.000000,0.000000
filter/predicate,100,5,98144,0.050012625,1962384,196238450,0.000000,0.000000
filter/predicate,100,6,98432,0.050009125,1968281,196828079,0.000000,0.000000
filter/none,100,0,109376,0.050004583,2187320,218731951,0.000000,0.000000
filter/none,100,1,109376,0.050010375,2187066,218706618,0.000000,0.000000
filter/none,100,2,110688,0.050004042,2213581,221358105,0.000000,0.000000
filter/none,100,3,109312,0.050003834,2186072,218607237,0.000000,0.000000
filter/none,100,4,109504,0.050006667,2189788,218978801,0.000000,0.000000
filter/none,100,5,110016,0.050002917,2200192,220019164,0.000000,0.000000
filter/none,100,6,110496,0.050002416,2209813,220981322,0.000000,0.000000
filter/first,100,0,145856,0.050010792,2916491,291649050,0.000000,0.000000
filter/first,100,1,147040,0.050004584,2940530,294053041,0.000000,0.000000
filter/first,100,2,147264,0.050001250,2945206,294520637,0.000000,0.000000
filter/first,100,3,148000,0.050009708,2959425,295942540,0.000000,0.000000
filter/first,100,4,147392,0.050007958,2947371,294737090,0.000000,0.000000
filter/first,100,5,147808,0.050010416,2955544,295554430,0.000000,0.000000
filter/first,100,6,148224,0.050008167,2963996,296399586,0.000000,0.000000
filter/last,100,0,123392,0.050009542,2467369,246736913,0.000000,0.000000
filter/last,100,1,123616,0.050001916,2472225,247222526,0.000000,0.000000
filter/last,100,2,123264,0.050010834,2464746,246474594,0.000000,0.000000
filter/last,100,3,124320,0.050004875,2486158,248615760,0.000000,0.000000
filter/last,100,4,127456,0.050012125,2548502,254850199,0.000000,0.000000
filter/last,100,5,128032,0.050005625,2560352,256035196,0.000000,0.000000
filter/last,100,6,127936,0.050003375,2558547,255854730,0.000000,0.000000
filter/computed_last,100,0,103712,0.050001458,2074180,207417952,0.000000,0.000000
filter/computed_last,100,1,103392,0.050003500,2067695,206769526,0.000000,0.000000
filter/computed_last,100,2,103072,0.050005625,2061208,206120811,0.000000,0.000000
filter/computed_last,100,3,103840,0.050010667,2076357,207635703,0.000000,0.000000
filter/computed_last,100,4,104288,0.050009542,2085362,208536203,0.000000,0.000000
filter/computed_last,100,5,103520,0.050013125,2069857,206985666,0.000000,0.000000
filter/computed_last,100,6,103616,0.050007583,2072006,207200576,0.000000,0.000000
filter/chained,100,0,76352,0.050005541,1526871,152687079,0.000000,0.000000
filter/chained,100,1,77120,0.050016083,1541904,154190403,0.000000,0.000000
filter/chained,100,2,77184,0.050013375,1543267,154326718,0.000000,0.000000
filter/chained,100,3,77024,0.050002542,1540402,154040169,0.000000,0.000000
filter/chained,100,4,77376,0.050005333,1547355,154735496,0.000000,0.000000
filter/chained,100,5,78432,0.050013833,1568206,156820614,0.000000,0.000000
filter/chained,100,6,77536,0.050020375,1550088,155008834,0.000000,0.000000
filter/predicate,500,0,54496,0.050000916,1089900,544950017,0.000000,0.000000
filter/predicate,500,1,54080,0.050024458,1081071,540535592,0.000000,0.000000
filter/predicate,500,2,53888,0.050014584,1077446,538722865,0.000000,0.000000
filter/predicate,500,3,54144,0.050008542,1082695,541347516,0.000000,0.000000
filter/predicate,500,4,54368,0.050026708,1086779,543389743,0.000000,0.000000
filter/predicate,500,5,54304,0.050017958,1085690,542845032,0.000000,0.000000
filter/predicate,500,6,55392,0.050021125,1107372,553686068,0.000000,0.000000
filter/none,500,0,58304,0.050008584,1165880,582939921,0.000000,0.000000
filter/none,500,1,58112,0.050027167,1161609,580804426,0.000000,0.000000
filter/none,500,2,58112,0.050017750,1161828,580913776,0.000000,0.000000
filter/none,500,3,58048,0.050020167,1160492,580245964,0.000000,0.000000
filter/none,500,4,58080,0.050020416,1161126,580562945,0.000000,0.000000
filter/none,500,5,58016,0.050005958,1160182,580090876,0.000000,0.000000
filter/none,500,6,58272,0.050023667,1164889,582444306,0.000000,0.000000
filter/first,500,0,67456,0.050005041,1348984,674491998,0.000000,0.000000
filter/first,500,1,67296,0.050011375,1345614,672806936,0.000000,0.000000
filter/first,500,2,67072,0.050013833,1341069,670534490,0.000000,0.000000
filter/first,500,3,67104,0.050021875,1341493,670746548,0.000000,0.000000
filter/first,500,4,67104,0.050002709,1342007,671003645,0.000000,0.000000
filter/first,500,5,67200,0.050003667,1343901,671950719,0.000000,0.000000
filter/first,500,6,67328,0.050010875,1346267,673133593,0.000000,0.000000
filter/last,500,0,62752,0.050024834,1254417,627208478,0.000000,0.000000
filter/last,500,1,61408,0.050000709,1228143,614071292,0.000000,0.000000
filter/last,500,2,61248,0.050002458,1224900,612449892,0.000000,0.000000
filter/last,500,3,61440,0.050019875,1228312,614155873,0.000000,0.000000
filter/last,500,4,61760,0.050020709,1234689,617344308,0.000000,0.000000
filter/last,500,5,62368,0.050014916,1246988,623493999,0.000000,0.000000
filter/last,500,6,62144,0.050022500,1242321,621160478,0.000000,0.000000
filter/computed_last,500,0,56704,0.050008250,1133893,566946454,0.000000,0.000000
filter/computed_last,500,1,56672,0.050010250,1133208,566603846,0.000000,0.000000
filter/computed_last,500,2,57024,0.050011916,1140208,570104133,0.000000,0.000000
filter/computed_last,500,3,57632,0.050026000,1152041,576020469,0.000000,0.000000
filter/computed_last,500,4,56864,0.050008917,1137077,568538607,0.000000,0.000000
filter/computed_last,500,5,57408,0.050024917,1147588,573794055,0.000000,0.000000
filter/computed_last,500,6,57088,0.050021333,1141273,570636532,0.000000,0.000000
filter/chained,500,0,47168,0.050024500,942898,471448990,0.000000,0.000000
filter/chained,500,1,47232,0.050001750,944607,472303469,0.000000,0.000000
filter/chained,500,2,47392,0.050009917,947652,473826021,0.000000,0.000000
filter/chained,500,3,38240,0.052366750,730234,365117178,0.000000,0.000000
filter/chained,500,4,34016,0.050019083,680060,340030224,0.000000,0.000000
filter/chained,500,5,47104,0.050018417,941733,470866561,0.000000,0.000000
filter/chained,500,6,48064,0.050004542,961193,480596343,0.000000,0.000000
filter/predicate,1024,0,34752,0.050041541,694463,711130139,0.000000,0.000000
filter/predicate,1024,1,34592,0.050018000,691591,708189212,0.000000,0.000000
filter/predicate,1024,2,34656,0.050012042,692953,709583984,0.000000,0.000000
filter/predicate,1024,3,34720,0.050004125,694343,711006942,0.000000,0.000000
filter/predicate,1024,4,34720,0.050037792,693876,710528554,0.000000,0.000000
filter/predicate,1024,5,34816,0.050010083,696180,712887919,0.000000,0.000000
filter/predicate,1024,6,34848,0.050010625,696812,713535414,0.000000,0.000000
filter/none,1024,0,36000,0.050023375,719664,736935483,0.000000,0.000000
filter/none,1024,1,36160,0.050039208,722633,739976540,0.000000,0.000000
filter/none,1024,2,35968,0.050006625,719265,736527050,0.000000,0.000000
filter/none,1024,3,35520,0.050005125,710327,727375044,0.000000,0.000000
filter/none,1024,4,35968,0.050035250,718853,736105685,0.000000,0.000000
filter/none,1024,5,36256,0.050030750,724674,742066509,0.000000,0.000000
filter/none,1024,6,35968,0.050000916,719347,736611145,0.000000,0.000000
filter/first,1024,0,39392,0.050010666,787672,806576101,0.000000,0.000000
filter/first,1024,1,39392,0.050021708,787498,806398054,0.000000,0.000000
filter/first,1024,2,39424,0.050004875,788403,807324806,0.000000,0.000000
filter/first,1024,3,39776,0.050021791,795173,814257610,0.000000,0.000000
filter/first,1024,4,39104,0.050022959,781721,800482355,0.000000,0.000000
filter/first,1024,5,39040,0.050034333,780264,798990565,0.000000,0.000000
filter/first,1024,6,38944,0.050007416,778764,797454841,0.000000,0.000000
filter/last,1024,0,37248,0.050030791,744502,762369558,0.000000,0.000000
filter/last,1024,1,37856,0.050024417,756750,774912459,0.000000,0.000000
filter/last,1024,2,37728,0.050006541,754461,772568373,0.000000,0.000000
filter/last,1024,3,37792,0.050032542,755348,773476750,0.000000,0.000000
filter/last,1024,4,37792,0.050031667,755362,773490278,0.000000,0.000000
filter/last,1024,5,37728,0.050023792,754201,772301948,0.000000,0.000000
filter/last,1024,6,37760,0.050029417,754756,772870090,0.000000,0.000000
filter/computed_last,1024,0,35680,0.050014541,713393,730513952,0.000000,0.000000
filter/computed_last,1024,1,36064,0.050003666,721227,738536570,0.000000,0.000000
filter/computed_last,1024,2,35744,0.050037417,714345,731489717,0.000000,0.000000
filter/computed_last,1024,3,35680,0.050005166,713526,730650909,0.000000,0.000000
filter/computed_last,1024,4,35776,0.050011042,715362,732530708,0.000000,0.000000
filter/computed_last,1024,5,35520,0.050026667,710021,727061829,0.000000,0.000000
filter/computed_last,1024,6,35488,0.050030209,709331,726355391,0.000000,0.000000
filter/chained,1024,0,31648,0.050035917,632506,647685781,0.000000,0.000000
filter/chained,1024,1,32032,0.050038250,640150,655513892,0.000000,0.000000
filter/chained,1024,2,31968,0.050025167,639038,654375267,0.000000,0.000000
filter/chained,1024,3,31968,0.050037250,638884,654217248,0.000000,0.000000
filter/chained,1024,4,31936,0.050007417,638625,653952273,0.000000,0.000000
filter/chained,1024,5,31872,0.050039250,636940,652226562,0.000000,0.000000
filter/chained,1024,6,31776,0.050042334,634982,650221950,0.000000,0.000000
filter/predicate,10240,0,4704,0.050008625,94064,963213046,0.000000,0.000000
filter/predicate,10240,1,4672,0.050310542,92863,950919591,0.000000,0.000000
filter/predicate,10240,2,4672,0.050317417,92851,950789664,0.000000,0.000000
filter/predicate,10240,3,4672,0.050109208,93236,954740294,0.000000,0.000000
filter/predicate,10240,4,4672,0.050337542,92813,950409537,0.000000,0.000000
filter/predicate,10240,5,4672,0.050324667,92837,950652689,0.000000,0.000000
filter/predicate,10240,6,4672,0.050141750,93176,954120668,0.000000,0.000000
filter/none,10240,0,4704,0.050227417,93654,959017263,0.000000,0.000000
filter/none,10240,1,4672,0.050145875,93168,954042182,0.000000,0.000000
filter/none,10240,2,4704,0.050213250,93680,959287837,0.000000,0.000000
filter/none,10240,3,4736,0.050166875,94405,966706417,0.000000,0.000000
filter/none,10240,4,4704,0.050270167,93574,958201710,0.000000,0.000000
filter/none,10240,5,4672,0.050004416,93432,956741101,0.000000,0.000000
filter/none,10240,6,4672,0.050041125,93363,956039258,0.000000,0.000000
filter/first,10240,0,4800,0.050103084,95802,981017456,0.000000,0.000000
filter/first,10240,1,4736,0.050151084,94435,967010803,0.000000,0.000000
filter/first,10240,2,4736,0.050155500,94426,966925661,0.000000,0.000000
filter/first,10240,3,4736,0.050225917,94294,965570026,0.000000,0.000000
filter/first,10240,4,4768,0.050075500,95216,975014129,0.000000,0.000000
filter/first,10240,5,4768,0.050005167,95350,976385500,0.000000,0.000000
filter/first,10240,6,4736,0.050227583,94291,965537999,0.000000,0.000000
filter/last,10240,0,4736,0.050334875,94090,963479893,0.000000,0.000000
filter/last,10240,1,4704,0.050034417,94015,962716524,0.000000,0.000000
filter/last,10240,2,4704,0.050023625,94036,962924218,0.000000,0.000000
filter/last,10240,3,4704,0.050050875,93984,962399958,0.000000,0.000000
filter/last,10240,4,4768,0.050205708,94969,972485439,0.000000,0.000000
filter/last,10240,5,4704,0.050169500,93762,960124378,0.000000,0.000000
filter/last,10240,6,4704,0.050209791,93687,959353924,0.000000,0.000000
filter/computed_last,10240,0,4672,0.050284042,92912,951420731,0.000000,0.000000
filter/computed_last,10240,1,4640,0.050015584,92771,949975912,0.000000,0.000000
filter/computed_last,10240,2,4672,0.050192291,93082,953159919,0.000000,0.000000
filter/computed_last,10240,3,4672,0.050180375,93104,953386259,0.000000,0.000000
filter/computed_last,10240,4,4672,0.050164167,93134,953694297,0.000000,0.000000
filter/computed_last,10240,5,4672,0.050165833,93131,953662625,0.000000,0.000000
filter/computed_last,10240,6,4768,0.050202000,94976,972557269,0.000000,0.000000
filter/chained,10240,0,4640,0.050084417,92644,948670322,0.000000,0.000000
filter/chained,10240,1,4640,0.050292166,92261,944751515,0.000000,0.000000
filter/chained,10240,2,4608,0.050010875,92140,943513186,0.000000,0.000000
filter/chained,10240,3,4608,0.050083334,92007,942148141,0.000000,0.000000
filter/chained,10240,4,4640,0.050042667,92721,949461786,0.000000,0.000000
filter/chained,10240,5,4640,0.050280667,92282,944967576,0.000000,0.000000
filter/chained,10240,6,4608,0.050218833,91758,939606064,0.000000,0.000000
filter/predicate,65536,0,768,0.051004583,15057,986806382,0.000000,0.000000
filter/predicate,65536,1,768,0.051035083,15048,986216638,0.000000,0.000000
filter/predicate,65536,2,768,0.051084625,15034,985260203,0.000000,0.000000
filter/predicate,65536,3,768,0.050841209,15106,989977402,0.000000,0.000000
filter/predicate,65536,4,768,0.050209000,15296,1002442749,0.000000,0.000000
filter/predicate,65536,5,768,0.050816916,15113,990450660,0.000000,0.000000
filter/predicate,65536,6,768,0.050962375,15070,987623673,0.000000,0.000000
filter/none,65536,0,768,0.051067083,15039,985598649,0.000000,0.000000
filter/none,65536,1,768,0.050916500,15084,988513507,0.000000,0.000000
filter/none,65536,2,768,0.050881042,15094,989202383,0.000000,0.000000
filter/none,65536,3,768,0.050877000,15095,989280972,0.000000,0.000000
filter/none,65536,4,768,0.050905083,15087,988735211,0.000000,0.000000
filter/none,65536,5,768,0.050651417,15162,993686870,0.000000,0.000000
filter/none,65536,6,768,0.050435500,15227,997940895,0.000000,0.000000
filter/first,65536,0,768,0.050634250,15168,994023768,0.000000,0.000000
filter/first,65536,1,768,0.050696542,15149,992802389,0.000000,0.000000
filter/first,65536,2,768,0.050753625,15132,991685776,0.000000,0.000000
filter/first,65536,3,768,0.050113792,15325,1004347226,0.000000,0.000000
filter/first,65536,4,768,0.050801791,15118,990745543,0.000000,0.000000
filter/first,65536,5,768,0.050946875,15075,987924146,0.000000,0.000000
filter/first,65536,6,768,0.050957291,15071,987722208,0.000000,0.000000
filter/last,65536,0,768,0.050985875,15063,987168466,0.000000,0.000000
filter/last,65536,1,768,0.051039667,15047,986128064,0.000000,0.000000
filter/last,65536,2,768,0.051000834,15059,986878920,0.000000,0.000000
filter/last,65536,3,768,0.050141541,15317,1003791407,0.000000,0.000000
filter/last,65536,4,768,0.050984042,15064,987203957,0.000000,0.000000
filter/last,65536,5,768,0.051017875,15054,986549283,0.000000,0.000000
filter/last,65536,6,768,0.051009166,15056,986717720,0.000000,0.000000
filter/computed_last,65536,0,768,0.051009000,15056,986720932,0.000000,0.000000
filter/computed_last,65536,1,768,0.051005000,15057,986798314,0.000000,0.000000
filter/computed_last,65536,2,768,0.050981250,15064,987258021,0.000000,0.000000
filter/computed_last,65536,3,768,0.051012125,15055,986660485,0.000000,0.000000
filter/computed_last,65536,4,768,0.050713167,15144,992476924,0.000000,0.000000
filter/computed_last,65536,5,800,0.052044958,15371,1007375200,0.000000,0.000000
filter/computed_last,65536,6,768,0.050490250,15211,996858760,0.000000,0.000000
filter/chained,65536,0,768,0.050824459,15111,990303665,0.000000,0.000000
filter/chained,65536,1,768,0.050951542,15073,987833656,0.000000,0.000000
filter/chained,65536,2,768,0.050720833,15142,992326920,0.000000,0.000000
filter/chained,65536,3,768,0.050536666,15197,995943183,0.000000,0.000000
filter/chained,65536,4,768,0.050907750,15086,988683413,0.000000,0.000000
filter/chained,65536,5,768,0.050976625,15066,987347593,0.000000,0.000000
filter/chained,65536,6,768,0.050971708,15067,987442838,0.000000,0.000000
filter/predicate,1048576,0,64,0.067028750,955,1001195218,0.000000,0.000000
filter/predicate,1048576,1,64,0.067764375,944,990326613,0.000000,0.000000
filter/predicate,1048576,2,64,0.067882125,943,988608769,0.000000,0.000000
filter/predicate,1048576,3,64,0.067642750,946,992107269,0.000000,0.000000
filter/predicate,1048576,4,64,0.067670125,946,991705926,0.000000,0.000000
filter/predicate,1048576,5,64,0.067680250,946,991557567,0.000000,0.000000
filter/predicate,1048576,6,64,0.067669958,946,991708374,0.000000,0.000000
filter/none,1048576,0,64,0.066918000,956,1002852207,0.000000,0.000000
filter/none,1048576,1,64,0.067297209,951,997201296,0.000000,0.000000
filter/none,1048576,2,64,0.067321667,951,996839012,0.000000,0.000000
filter/none,1048576,3,64,0.066470500,963,1009603719,0.000000,0.000000
filter/none,1048576,4,64,0.067312375,951,996976618,0.000000,0.000000
filter/none,1048576,5,64,0.067506500,948,994109664,0.000000,0.000000
filter/none,1048576,6,64,0.067557500,947,993359198,0.000000,0.000000
filter/first,1048576,0,64,0.067358167,950,996298845,0.000000,0.000000
filter/first,1048576,1,64,0.066525459,962,1008769650,0.000000,0.000000
filter/first,1048576,2,64,0.067497625,948,994240375,0.000000,0.000000
filter/first,1048576,3,64,0.068067583,940,985915190,0.000000,0.000000
filter/first,1048576,4,64,0.068514875,934,979478748,0.000000,0.000000
filter/first,1048576,5,64,0.067866500,943,988836377,0.000000,0.000000
filter/first,1048576,6,64,0.067755167,945,990461200,0.000000,0.000000
filter/last,1048576,0,64,0.067216708,952,998395577,0.000000,0.000000
filter/last,1048576,1,64,0.067863042,943,988886764,0.000000,0.000000
filter/last,1048576,2,64,0.067855750,943,988993033,0.000000,0.000000
filter/last,1048576,3,64,0.066892166,957,1003239512,0.000000,0.000000
filter/last,1048576,4,64,0.066295333,965,1012271316,0.000000,0.000000
filter/last,1048576,5,64,0.067287291,951,997348281,0.000000,0.000000
filter/last,1048576,6,64,0.065939792,971,1017729386,0.000000,0.000000
filter/computed_last,1048576,0,64,0.067697541,945,991304307,0.000000,0.000000
filter/computed_last,1048576,1,64,0.067932208,942,987879917,0.000000,0.000000
filter/computed_last,1048576,2,64,0.067999458,941,986902925,0.000000,0.000000
filter/computed_last,1048576,3,64,0.066919709,956,1002826596,0.000000,0.000000
filter/computed_last,1048576,4,64,0.066345458,965,1011506530,0.000000,0.000000
filter/computed_last,1048576,5,64,0.067781542,944,990075794,0.000000,0.000000
filter/computed_last,1048576,6,64,0.067654625,946,991933131,0.000000,0.000000
filter/chained,1048576,0,64,0.066846209,957,1003929243,0.000000,0.000000
filter/chained,1048576,1,64,0.067190750,953,998781291,0.000000,0.000000
filter/chained,1048576,2,64,0.067849166,943,989089004,0.000000,0.000000
filter/chained,1048576,3,64,0.066903917,957,1003063303,0.000000,0.000000
filter/chained,1048576,4,64,0.067471000,949,994632716,0.000000,0.000000
filter/chained,1048576,5,64,0.067876417,943,988691905,0.000000,0.000000
filter/chained,1048576,6,64,0.067903917,943,988291500,0.000000,0.000000
filter/wide_predicate,164,0,29568,0.050023791,591079,96936915,0.000000,0.000000
filter/wide_predicate,164,1,29696,0.050038958,593458,97327047,0.000000,0.000000
filter/wide_predicate,164,2,29664,0.050051750,592667,97197321,0.000000,0.000000
filter/wide_predicate,164,3,29600,0.050041667,591507,97007160,0.000000,0.000000
filter/wide_predicate,164,4,29728,0.050001916,594537,97504104,0.000000,0.000000
filter/wide_predicate,164,5,29696,0.050030458,593558,97343582,0.000000,0.000000
filter/wide_predicate,164,6,29920,0.050031792,598020,98075240,0.000000,0.000000
filter/wide_last,164,0,57856,0.050014292,1156789,189713452,0.000000,0.000000
filter/wide_last,164,1,58144,0.050012250,1162595,190665607,0.000000,0.000000
filter/wide_last,164,2,58016,0.050007167,1160154,190265207,0.000000,0.000000
filter/wide_last,164,3,57600,0.050007833,1151820,188898407,0.000000,0.000000
filter/wide_last,164,4,57344,0.050000250,1146874,188087380,0.000000,0.000000
filter/wide_last,164,5,57088,0.050005791,1141628,187226955,0.000000,0.000000
filter/wide_last,164,6,57248,0.050009083,1144752,187739335,0.000000,0.000000
filter/sequence_last,164,0,30592,0.050020958,611584,100299718,0.000000,0.000000
filter/sequence_last,164,1,30592,0.050057750,611134,100225999,0.000000,0.000000
filter/sequence_last,164,2,30528,0.050005292,610495,100121243,0.000000,0.000000
filter/sequence_last,164,3,30336,0.050024875,606418,99452602,0.000000,0.000000
filter/sequence_last,164,4,30528,0.050039375,610080,100053048,0.000000,0.000000
filter/sequence_last,164,5,30560,0.050039625,610716,100157425,0.000000,0.000000
filter/sequence_last,164,6,30272,0.050016250,605243,99259901,0.000000,0.000000
filter/wide_predicate,2736,0,1920,0.050673625,37890,103665763,0.000000,0.000000
filter/wide_predicate,2736,1,1920,0.050590666,37952,103835755,0.000000,0.000000
filter/wide_predicate,2736,2,1920,0.050493417,38025,104035740,0.000000,0.000000
filter/wide_predicate,2736,3,1920,0.050680458,37884,103651786,0.000000,0.000000
filter/wide_predicate,2736,4,1888,0.050208917,37603,102881486,0.000000,0.000000
filter/wide_predicate,2736,5,1920,0.050653708,37904,103706524,0.000000,0.000000
filter/wide_predicate,2736,6,1888,0.050215208,37598,102868597,0.000000,0.000000
filter/wide_last,2736,0,4288,0.050075916,85630,234283642,0.000000,0.000000
filter/wide_last,2736,1,4320,0.050140542,86158,235727807,0.000000,0.000000
filter/wide_last,2736,2,4320,0.050145375,86150,235705087,0.000000,0.000000
filter/wide_last,2736,3,4320,0.050133209,86170,235762287,0.000000,0.000000
filter/wide_last,2736,4,4320,0.050231959,86001,235298806,0.000000,0.000000
filter/wide_last,2736,5,4320,0.050119250,86194,235827950,0.000000,0.000000
filter/wide_last,2736,6,4288,0.050019833,85726,234546325,0.000000,0.000000
filter/sequence_last,2736,0,2304,0.050041958,46041,125969172,0.000000,0.000000
filter/sequence_last,2736,1,2336,0.050681625,46092,126106769,0.000000,0.000000
filter/sequence_last,2736,2,2304,0.050610917,45524,124553049,0.000000,0.000000
filter/sequence_last,2736,3,2272,0.050531542,44962,123016076,0.000000,0.000000
filter/sequence_last,2736,4,2304,0.050507459,45617,124808179,0.000000,0.000000
filter/sequence_last,2736,5,2304,0.050250333,45850,125446810,0.000000,0.000000
filter/sequence_last,2736,6,2304,0.050240958,45859,125470219,0.000000,0.000000
filter/wide_predicate,23392,0,256,0.055203791,4637,108477188,0.000000,0.000000
filter/wide_predicate,23392,1,256,0.055051500,4650,108777272,0.000000,0.000000
filter/wide_predicate,23392,2,256,0.055305459,4629,108277774,0.000000,0.000000
filter/wide_predicate,23392,3,256,0.055579708,4606,107743495,0.000000,0.000000
filter/wide_predicate,23392,4,256,0.054891667,4664,109094009,0.000000,0.000000
filter/wide_predicate,23392,5,256,0.055347084,4625,108196341,0.000000,0.000000
filter/wide_predicate,23392,6,256,0.055296125,4630,108296051,0.000000,0.000000
filter/wide_last,23392,0,544,0.050046500,10870,254268490,0.000000,0.000000
filter/wide_last,23392,1,544,0.050181500,10841,253584448,0.000000,0.000000
filter/wide_last,23392,2,544,0.050328083,10809,252845871,0.000000,0.000000
filter/wide_last,23392,3,544,0.050378917,10798,252590741,0.000000,0.000000
filter/wide_last,23392,4,576,0.052827291,10903,255053624,0.000000,0.000000
filter/wide_last,23392,5,576,0.052675334,10935,255789399,0.000000,0.000000
filter/wide_last,23392,6,576,0.052784000,10912,255262807,0.000000,0.000000
filter/sequence_last,23392,0,288,0.050471166,5706,133480094,0.000000,0.000000
filter/sequence_last,23392,1,288,0.050215875,5735,134158690,0.000000,0.000000
filter/sequence_last,23392,2,288,0.050237875,5733,134099940,0.000000,0.000000
filter/sequence_last,23392,3,288,0.050044709,5755,134617548,0.000000,0.000000
filter/sequence_last,23392,4,320,0.055499791,5766,134873301,0.000000,0.000000
filter/sequence_last,23392,5,288,0.050075584,5751,134534547,0.000000,0.000000
filter/sequence_last,23392,6,288,0.050028125,5757,134662173,0.000000,0.000000
filter/nested,892,0,3872,0.050363583,76881,68577806,0.000000,0.000000
filter/nested,892,1,3872,0.050363583,76881,68577806,0.000000,0.000000
filter/nested,892,2,3872,0.050377125,76860,68559371,0.000000,0.000000
filter/nested,892,3,3840,0.050049334,76724,68438074,0.000000,0.000000
filter/nested,892,4,3872,0.050308292,76965,68653176,0.000000,0.000000
filter/nested,892,5,3872,0.050308042,76966,68653517,0.000000,0.000000
filter/nested,892,6,3872,0.050389041,76842,68543158,0.000000,0.000000
filter/per_group,892,0,5376,0.050261584,106960,95408692,0.000000,0.000000
filter/per_group,892,1,5376,0.050235625,107016,95457994,0.000000,0.000000
filter/per_group,892,2,5344,0.050078834,106712,95186881,0.000000,0.000000
filter/per_group,892,3,5344,0.050056083,106760,95230144,0.000000,0.000000
filter/per_group,892,4,5344,0.050048541,106776,95244495,0.000000,0.000000
filter/per_group,892,5,5376,0.050290375,106899,95354071,0.000000,0.000000
filter/per_group,892,6,5344,0.050078250,106713,95187991,0.000000,0.000000
filter/global,892,0,7776,0.050109250,155181,138421389,0.000000,0.000000
filter/global,892,1,7808,0.050065375,155956,139112830,0.000000,0.000000
filter/global,892,2,7840,0.050130792,156391,139500689,0.000000,0.000000
filter/global,892,3,7840,0.050182666,156229,139356486,0.000000,0.000000
filter/global,892,4,7840,0.050195750,156189,139320162,0.000000,0.000000
filter/global,892,5,7840,0.050131125,156390,139499762,0.000000,0.000000
filter/global,892,6,7840,0.050180709,156235,139361921,0.000000,0.000000
filter/deep,136,0,3840,0.050043208,76734,10435782,0.000000,0.000000
filter/deep,136,1,3808,0.050308084,75694,10294330,0.000000,0.000000
filter/deep,136,2,3776,0.050080542,75399,10254202,0.000000,0.000000
filter/deep,136,3,3776,0.050251042,75143,10219410,0.000000,0.000000
filter/deep,136,4,3808,0.050068875,76055,10343512,0.000000,0.000000
filter/deep,136,5,3808,0.050105667,75999,10335917,0.000000,0.000000
filter/deep,136,6,3808,0.050330208,75660,10289804,0.000000,0.000000
filter/negative_chain,20,0,5760,0.050102375,114965,2299292,0.000000,0.000000
filter/negative_chain,20,1,5600,0.050029750,111933,2238668,0.000000,0.000000
filter/negative_chain,20,2,5600,0.050043666,111902,2238045,0.000000,0.000000
filter/negative_chain,20,3,5600,0.050118500,111735,2234704,0.000000,0.000000
filter/negative_chain,20,4,5600,0.050095750,111786,2235719,0.000000,0.000000
filter/negative_chain,20,5,5600,0.050148291,111669,2233376,0.000000,0.000000
filter/negative_chain,20,6,5824,0.050206584,116001,2320014,0.000000,0.000000
compile/aggregate,0,0,44032,0.050013916,880395,0,48.000000,3425.000000
compile/aggregate,0,1,44992,0.050030750,899287,0,48.000000,3425.000000
compile/aggregate,0,2,44864,0.050004083,897207,0,48.000000,3425.000000
compile/aggregate,0,3,44704,0.050015167,893809,0,48.000000,3425.000000
compile/aggregate,0,4,44544,0.050022125,890486,0,48.000000,3425.000000
compile/aggregate,0,5,44512,0.050000667,890228,0,48.000000,3425.000000
compile/aggregate,0,6,44704,0.050032959,893491,0,48.000000,3425.000000
aggregate/count,100,0,189984,0.050000958,3799607,379960720,0.000000,0.000000
aggregate/count,100,1,190368,0.050003417,3807100,380709982,0.000000,0.000000
aggregate/count,100,2,190688,0.050000375,3813731,381373140,0.000000,0.000000
aggregate/count,100,3,191392,0.050002125,3827677,382767732,0.000000,0.000000
aggregate/count,100,4,189888,0.050001208,3797668,379766825,0.000000,0.000000
aggregate/count,100,5,190752,0.050007959,3814433,381443282,0.000000,0.000000
aggregate/count,100,6,190912,0.050000917,3818170,381816997,0.000000,0.000000
aggregate/sum,100,0,181824,0.050006334,3636019,363601939,0.000000,0.000000
aggregate/sum,100,1,183200,0.050008625,3663368,366336807,0.000000,0.000000
aggregate/sum,100,2,183072,0.050008458,3660821,366082074,0.000000,0.000000
aggregate/sum,100,3,183360,0.050008125,3666604,366660418,0.000000,0.000000
aggregate/sum,100,4,183264,0.050007708,3664715,366471505,0.000000,0.000000
aggregate/sum,100,5,181088,0.050005000,3621398,362139786,0.000000,0.000000
aggregate/sum,100,6,181376,0.050002625,3627330,362732957,0.000000,0.000000
aggregate/min,100,0,181024,0.050007667,3619925,361992492,0.000000,0.000000
aggregate/min,100,1,180992,0.050000209,3619825,361982487,0.000000,0.000000
aggregate/min,100,2,182816,0.050006458,3655848,365584781,0.000000,0.000000
aggregate/min,100,3,182368,0.050007291,3646828,364682822,0.000000,0.000000
aggregate/min,100,4,181856,0.050006375,3636656,363665633,0.000000,0.000000
aggregate/min,100,5,183520,0.050004958,3670036,367003608,0.000000,0.000000
aggregate/min,100,6,183392,0.050005250,3667455,366745492,0.000000,0.000000
aggregate/max,100,0,183488,0.050002375,3669586,366958569,0.000000,0.000000
aggregate/max,100,1,184128,0.050004208,3682250,368225010,0.000000,0.000000
aggregate/max,100,2,184352,0.050001875,3686902,368690174,0.000000,0.000000
aggregate/max,100,3,184160,0.050007416,3682654,368265379,0.000000,0.000000
aggregate/max,100,4,183040,0.050006042,3660358,366035768,0.000000,0.000000
aggregate/max,100,5,182432,0.050002833,3648433,364843328,0.000000,0.000000
aggregate/max,100,6,182592,0.050008083,3651250,365124974,0.000000,0.000000
aggregate/filtered_count,100,0,278624,0.050001458,5572318,557231751,0.000000,0.000000
aggregate/filtered_count,100,1,279264,0.050005416,5584675,558467507,0.000000,0.000000
aggregate/filtered_count,100,2,280032,0.050004750,5600108,560010799,0.000000,0.000000
aggregate/filtered_count,100,3,280192,0.050002000,5603616,560361586,0.000000,0.000000
aggregate/filtered_count,100,4,280544,0.050003083,5610534,561053405,0.000000,0.000000
aggregate/filtered_count,100,5,278752,0.050005209,5574459,557445925,0.000000,0.000000
aggregate/filtered_count,100,6,278560,0.050004500,5570699,557069864,0.000000,0.000000
aggregate/filtered_sum,100,0,272960,0.050005375,5458613,545861320,0.000000,0.000000
aggregate/filtered_sum,100,1,275328,0.050003417,5506184,550618371,0.000000,0.000000
aggregate/filtered_sum,100,2,275872,0.050003125,5517095,551709518,0.000000,0.000000
aggregate/filtered_sum,100,3,275936,0.050005458,5518118,551811764,0.000000,0.000000
aggregate/filtered_sum,100,4,274560,0.050004959,5490655,549065544,0.000000,0.000000
aggregate/filtered_sum,100,5,276224,0.050001125,5524356,552435570,0.000000,0.000000
aggregate/filtered_sum,100,6,276672,0.050000625,5533371,553337083,0.000000,0.000000
aggregate/empty_sum,100,0,280928,0.050004375,5618068,561806842,0.000000,0.000000
aggregate/empty_sum,100,1,281472,0.050000125,5629426,562942593,0.000000,0.000000
aggregate/empty_sum,100,2,281408,0.050004834,5627616,562761592,0.000000,0.000000
aggregate/empty_sum,100,3,281024,0.050001500,5620311,562031139,0.000000,0.000000
aggregate/empty_sum,100,4,281568,0.050000625,5631290,563128961,0.000000,0.000000
aggregate/empty_sum,100,5,282528,0.050000250,5650532,565053175,0.000000,0.000000
aggregate/empty_sum,100,6,281504,0.050001834,5629873,562987350,0.000000,0.000000
aggregate/count,500,0,73408,0.050003250,1468065,734032288,0.000000,0.000000
aggregate/count,500,1,73184,0.050005625,1463515,731757677,0.000000,0.000000
aggregate/count,500,2,73376,0.050020125,1466930,733464780,0.000000,0.000000
aggregate/count,500,3,73248,0.050009167,1464691,732345732,0.000000,0.000000
aggregate/count,500,4,73376,0.050005083,1467371,733685414,0.000000,0.000000
aggregate/count,500,5,73312,0.050013792,1465836,732917832,0.000000,0.000000
aggregate/count,500,6,74656,0.050006208,1492935,746467319,0.000000,0.000000
aggregate/sum,500,0,73376,0.050005916,1467346,733673192,0.000000,0.000000
aggregate/sum,500,1,72960,0.050017875,1458679,729339261,0.000000,0.000000
aggregate/sum,500,2,72960,0.050008750,1458945,729472342,0.000000,0.000000
aggregate/sum,500,3,72864,0.050002042,1457220,728610244,0.000000,0.000000
aggregate/sum,500,4,73920,0.050015542,1477941,738970298,0.000000,0.000000
aggregate/sum,500,5,73056,0.050011583,1460782,730390798,0.000000,0.000000
aggregate/sum,500,6,73280,0.050004333,1465473,732736501,0.000000,0.000000
aggregate/min,500,0,72320,0.050002541,1446326,723163249,0.000000,0.000000
aggregate/min,500,1,72224,0.050011250,1444155,722077533,0.000000,0.000000
aggregate/min,500,2,73088,0.050003375,1461661,730830669,0.000000,0.000000
aggregate/min,500,3,72512,0.050008208,1450002,725000984,0.000000,0.000000
aggregate/min,500,4,73696,0.050001250,1473883,736941576,0.000000,0.000000
aggregate/min,500,5,73024,0.050000333,1460470,730235137,0.000000,0.000000
aggregate/min,500,6,72384,0.050003666,1447574,723786932,0.000000,0.000000
aggregate/max,500,0,72672,0.050013917,1453036,726517781,0.000000,0.000000
aggregate/max,500,1,72384,0.050017666,1447169,723584343,0.000000,0.000000
aggregate/max,500,2,72448,0.050019708,1448389,724194551,0.000000,0.000000
aggregate/max,500,3,73216,0.050002792,1464238,732119118,0.000000,0.000000
aggregate/max,500,4,72448,0.050017542,1448452,724225913,0.000000,0.000000
aggregate/max,500,5,72448,0.050002833,1448878,724438953,0.000000,0.000000
aggregate/max,500,6,72384,0.050017292,1447180,723589754,0.000000,0.000000
aggregate/filtered_count,500,0,126944,0.050007792,2538484,1269242201,0.000000,0.000000
aggregate/filtered_count,500,1,127104,0.050002500,2541953,1270976451,0.000000,0.000000
aggregate/filtered_count,500,2,129312,0.050001958,2586139,1293069363,0.000000,0.000000
aggregate/filtered_count,500,3,129216,0.050004083,2584109,1292054491,0.000000,0.000000
aggregate/filtered_count,500,4,128384,0.050004125,2567468,1283734092,0.000000,0.000000
aggregate/filtered_count,500,5,128704,0.050008917,2573621,1286810510,0.000000,0.000000
aggregate/filtered_count,500,6,128704,0.050002917,2573930,1286964918,0.000000,0.000000
aggregate/filtered_sum,500,0,128064,0.050001750,2561190,1280595179,0.000000,0.000000
aggregate/filtered_sum,500,1,125536,0.050011750,2510130,1255065060,0.000000,0.000000
aggregate/filtered_sum,500,2,125792,0.050005208,2515578,1257788989,0.000000,0.000000
aggregate/filtered_sum,500,3,125920,0.050011250,2517833,1258916744,0.000000,0.000000
aggregate/filtered_sum,500,4,125888,0.050003750,2517571,1258785591,0.000000,0.000000
aggregate/filtered_sum,500,5,125728,0.050002666,2514426,1257212965,0.000000,0.000000
aggregate/filtered_sum,500,6,125568,0.050012625,2510726,1255363021,0.000000,0.000000
aggregate/empty_sum,500,0,127776,0.050002458,2555394,1277697188,0.000000,0.000000
aggregate/empty_sum,500,1,127232,0.050011916,2544034,1272016853,0.000000,0.000000
aggregate/empty_sum,500,2,129248,0.050004042,2584751,1292375524,0.000000,0.000000
aggregate/empty_sum,500,3,127744,0.050012333,2554250,1277124984,0.000000,0.000000
aggregate/empty_sum,500,4,128000,0.050005833,2559701,1279850693,0.000000,0.000000
aggregate/empty_sum,500,5,128352,0.050001333,2566972,1283485782,0.000000,0.000000
aggregate/empty_sum,500,6,128320,0.050007375,2566022,1283010756,0.000000,0.000000
aggregate/count,1024,0,42624,0.050015959,852208,872660984,0.000000,0.000000
aggregate/count,1024,1,42144,0.050016916,842595,862817212,0.000000,0.000000
aggregate/count,1024,2,39328,0.050009000,786418,805292487,0.000000,0.000000
aggregate/count,1024,3,41728,0.050000208,834557,854585885,0.000000,0.000000
aggregate/count,1024,4,41792,0.050034041,835271,855317843,0.000000,0.000000
aggregate/count,1024,5,41824,0.050002542,836437,856511975,0.000000,0.000000
aggregate/count,1024,6,41792,0.050023584,835446,855496639,0.000000,0.000000
aggregate/sum,1024,0,41248,0.050021416,824607,844397368,0.000000,0.000000
aggregate/sum,1024,1,41344,0.050007667,826753,846595303,0.000000,0.000000
aggregate/sum,1024,2,41408,0.050035125,827579,847440513,0.000000,0.000000
aggregate/sum,1024,3,41344,0.050021833,826519,846355550,0.000000,0.000000
aggregate/sum,1024,4,41408,0.050038500,827523,847383355,0.000000,0.000000
aggregate/sum,1024,5,41536,0.050000709,830708,850645218,0.000000,0.000000
aggregate/sum,1024,6,40928,0.050026083,818133,837768410,0.000000,0.000000
aggregate/min,1024,0,40736,0.050000792,814707,834260065,0.000000,0.000000
aggregate/min,1024,1,40736,0.050036041,814133,833672352,0.000000,0.000000
aggregate/min,1024,2,40672,0.050007083,813325,832844579,0.000000,0.000000
aggregate/min,1024,3,41824,0.050009167,836327,856398508,0.000000,0.000000
aggregate/min,1024,4,41856,0.050026125,836683,856763221,0.000000,0.000000
aggregate/min,1024,5,41504,0.050005875,829982,849902057,0.000000,0.000000
aggregate/min,1024,6,41312,0.050003417,826184,846011944,0.000000,0.000000
aggregate/max,1024,0,41568,0.050034834,830781,850719960,0.000000,0.000000
aggregate/max,1024,1,41728,0.050014125,834324,854348087,0.000000,0.000000
aggregate/max,1024,2,41344,0.050012167,826679,846519128,0.000000,0.000000
aggregate/max,1024,3,41280,0.050018666,825292,845098908,0.000000,0.000000
aggregate/max,1024,4,41248,0.050004959,824878,844675265,0.000000,0.000000
aggregate/max,1024,5,41248,0.050016000,824696,844488804,0.000000,0.000000
aggregate/max,1024,6,41664,0.050000167,833277,853275870,0.000000,0.000000
aggregate/filtered_count,1024,0,76576,0.050000625,1531501,1568256877,0.000000,0.000000
aggregate/filtered_count,1024,1,76960,0.050005625,1539027,1575963504,0.000000,0.000000
aggregate/filtered_count,1024,2,76448,0.050012417,1528580,1565266322,0.000000,0.000000
aggregate/filtered_count,1024,3,76064,0.050020917,1520644,1557139306,0.000000,0.000000
aggregate/filtered_count,1024,4,75936,0.050000875,1518693,1555142065,0.000000,0.000000
aggregate/filtered_count,1024,5,77248,0.050006083,1544772,1581846593,0.000000,0.000000
aggregate/filtered_count,1024,6,76768,0.050016708,1534847,1571683446,0.000000,0.000000
aggregate/filtered_sum,1024,0,76448,0.050015708,1528480,1565163328,0.000000,0.000000
aggregate/filtered_sum,1024,1,77376,0.050002375,1547446,1584585212,0.000000,0.000000
aggregate/filtered_sum,1024,2,75968,0.050010958,1519027,1555483740,0.000000,0.000000
aggregate/filtered_sum,1024,3,75936,0.050017625,1518185,1554621276,0.000000,0.000000
aggregate/filtered_sum,1024,4,75808,0.050005958,1515979,1552362860,0.000000,0.000000
aggregate/filtered_sum,1024,5,77376,0.050006791,1547310,1584445281,0.000000,0.000000
aggregate/filtered_sum,1024,6,76864,0.050009125,1536999,1573887486,0.000000,0.000000
aggregate/empty_sum,1024,0,76832,0.050007792,1536401,1573274181,0.000000,0.000000
aggregate/empty_sum,1024,1,75840,0.050008625,1516538,1552935319,0.000000,0.000000
aggregate/empty_sum,1024,2,75680,0.050005750,1513426,1549748179,0.000000,0.000000
aggregate/empty_sum,1024,3,75808,0.050001792,1516106,1552492199,0.000000,0.000000
aggregate/empty_sum,1024,4,75872,0.050017833,1516899,1553304558,0.000000,0.000000
aggregate/empty_sum,1024,5,75840,0.050004834,1516653,1553053051,0.000000,0.000000
aggregate/empty_sum,1024,6,75872,0.050015459,1516971,1553378287,0.000000,0.000000
aggregate/count,10240,0,4736,0.050000375,94719,969925526,0.000000,0.000000
aggregate/count,10240,1,4768,0.050298208,94795,970697008,0.000000,0.000000
aggregate/count,10240,2,4800,0.050295125,95437,977271654,0.000000,0.000000
aggregate/count,10240,3,4736,0.050018291,94685,969578109,0.000000,0.000000
aggregate/count,10240,4,4800,0.050242375,95537,978297702,0.000000,0.000000
aggregate/count,10240,5,4768,0.050188625,95002,972816450,0.000000,0.000000
aggregate/count,10240,6,4736,0.050035917,94652,969236559,0.000000,0.000000
aggregate/sum,10240,0,4736,0.050019458,94683,969555488,0.000000,0.000000
aggregate/sum,10240,1,4800,0.050204875,95608,979028431,0.000000,0.000000
aggregate/sum,10240,2,4864,0.050152709,96984,993114051,0.000000,0.000000
aggregate/sum,10240,3,4800,0.050015666,95970,982732090,0.000000,0.000000
aggregate/sum,10240,4,4736,0.050011000,94699,969719462,0.000000,0.000000
aggregate/sum,10240,5,4736,0.050066250,94595,968649340,0.000000,0.000000
aggregate/sum,10240,6,4768,0.050046042,95272,975588040,0.000000,0.000000
aggregate/min,10240,0,4832,0.050246709,96166,984734742,0.000000,0.000000
aggregate/min,10240,1,4832,0.050312083,96041,983455207,0.000000,0.000000
aggregate/min,10240,2,4768,0.050287125,94816,970910944,0.000000,0.000000
aggregate/min,10240,3,4736,0.050098250,94534,968030620,0.000000,0.000000
aggregate/min,10240,4,4736,0.050059667,94607,968776720,0.000000,0.000000
aggregate/min,10240,5,4736,0.050014500,94693,969651601,0.000000,0.000000
aggregate/min,10240,6,4736,0.050117250,94498,967663629,0.000000,0.000000
aggregate/max,10240,0,4736,0.050172459,94394,966598827,0.000000,0.000000
aggregate/max,10240,1,4736,0.050018333,94685,969577295,0.000000,0.000000
aggregate/max,10240,2,4832,0.050241458,96176,984837661,0.000000,0.000000
aggregate/max,10240,3,4736,0.050139166,94457,967240660,0.000000,0.000000
aggregate/max,10240,4,4736,0.050056417,94613,968839620,0.000000,0.000000
aggregate/max,10240,5,4736,0.050095625,94539,968081344,0.000000,0.000000
aggregate/max,10240,6,4768,0.050333416,94728,970018010,0.000000,0.000000
aggregate/filtered_count,10240,0,9248,0.050159166,184373,1887980354,0.000000,0.000000
aggregate/filtered_count,10240,1,9504,0.050038875,189932,1944907035,0.000000,0.000000
aggregate/filtered_count,10240,2,9280,0.050134250,185103,1895454704,0.000000,0.000000
aggregate/filtered_count,10240,3,9248,0.050043917,184798,1892328292,0.000000,0.000000
aggregate/filtered_count,10240,4,9248,0.050113541,184541,1889699233,0.000000,0.000000
aggregate/filtered_count,10240,5,9376,0.050154708,186942,1914281706,0.000000,0.000000
aggregate/filtered_count,10240,6,9312,0.050013459,186190,1906584386,0.000000,0.000000
aggregate/filtered_sum,10240,0,9248,0.050130042,184480,1889077212,0.000000,0.000000
aggregate/filtered_sum,10240,1,9408,0.050108334,187753,1922592757,0.000000,0.000000
aggregate/filtered_sum,10240,2,9248,0.050111208,184550,1889787211,0.000000,0.000000
aggregate/filtered_sum,10240,3,9216,0.050022250,184238,1886597264,0.000000,0.000000
aggregate/filtered_sum,10240,4,9248,0.050160291,184369,1887938011,0.000000,0.000000
aggregate/filtered_sum,10240,5,9248,0.050135125,184461,1888885686,0.000000,0.000000
aggregate/filtered_sum,10240,6,9248,0.050142583,184434,1888604741,0.000000,0.000000
aggregate/empty_sum,10240,0,9248,0.050070042,184701,1891340934,0.000000,0.000000
aggregate/empty_sum,10240,1,9248,0.050109708,184555,1889843780,0.000000,0.000000
aggregate/empty_sum,10240,2,9312,0.050118292,185800,1902596361,0.000000,0.000000
aggregate/empty_sum,10240,3,9248,0.050087375,184637,1890686425,0.000000,0.000000
aggregate/empty_sum,10240,4,9344,0.050143167,186346,1908187411,0.000000,0.000000
aggregate/empty_sum,10240,5,9440,0.050171500,188155,1926703407,0.000000,0.000000
aggregate/empty_sum,10240,6,9248,0.050126792,184492,1889199692,0.000000,0.000000
aggregate/count,65536,0,768,0.051014708,15054,986610528,0.000000,0.000000
aggregate/count,65536,1,768,0.051085000,15034,985252971,0.000000,0.000000
aggregate/count,65536,2,768,0.051006000,15057,986778967,0.000000,0.000000
aggregate/count,65536,3,768,0.050335666,15258,999920176,0.000000,0.000000
aggregate/count,65536,4,768,0.051027417,15051,986364801,0.000000,0.000000
aggregate/count,65536,5,768,0.051102292,15029,984919581,0.000000,0.000000
aggregate/count,65536,6,768,0.050028792,15351,1006053634,0.000000,0.000000
aggregate/sum,65536,0,768,0.050792375,15120,990929209,0.000000,0.000000
aggregate/sum,65536,1,768,0.051072917,15037,985486065,0.000000,0.000000
aggregate/sum,65536,2,768,0.051220166,14994,982652965,0.000000,0.000000
aggregate/sum,65536,3,768,0.051003958,15058,986818474,0.000000,0.000000
aggregate/sum,65536,4,768,0.051118584,15024,984605677,0.000000,0.000000
aggregate/sum,65536,5,768,0.050989250,15062,987103125,0.000000,0.000000
aggregate/sum,65536,6,768,0.051106875,15027,984831258,0.000000,0.000000
aggregate/min,65536,0,768,0.051011833,15055,986666133,0.000000,0.000000
aggregate/min,65536,1,768,0.050720625,15142,992330990,0.000000,0.000000
aggregate/min,65536,2,768,0.050464500,15219,997367417,0.000000,0.000000
aggregate/min,65536,3,768,0.051037958,15048,986161084,0.000000,0.000000
aggregate/min,65536,4,768,0.050922916,15082,988388960,0.000000,0.000000
aggregate/min,65536,5,768,0.050089417,15333,1004835972,0.000000,0.000000
aggregate/min,65536,6,768,0.050927375,15080,988302421,0.000000,0.000000
aggregate/max,65536,0,768,0.050923875,15081,988370347,0.000000,0.000000
aggregate/max,65536,1,768,0.050918417,15083,988476291,0.000000,0.000000
aggregate/max,65536,2,768,0.050924250,15081,988363069,0.000000,0.000000
aggregate/max,65536,3,768,0.050622291,15171,994258596,0.000000,0.000000
aggregate/max,65536,4,768,0.050993667,15061,987017623,0.000000,0.000000
aggregate/max,65536,5,768,0.050022917,15353,1006171791,0.000000,0.000000
aggregate/max,65536,6,800,0.051767250,15454,1012779315,0.000000,0.000000
aggregate/filtered_count,65536,0,1504,0.051091125,29438,1929222424,0.000000,0.000000
aggregate/filtered_count,65536,1,1472,0.050712667,29026,1902266193,0.000000,0.000000
aggregate/filtered_count,65536,2,1472,0.050522250,29136,1909435783,0.000000,0.000000
aggregate/filtered_count,65536,3,1504,0.050701333,29664,1944054291,0.000000,0.000000
aggregate/filtered_count,65536,4,1472,0.050667041,29052,1903979196,0.000000,0.000000
aggregate/filtered_count,65536,5,1472,0.050310791,29258,1917461246,0.000000,0.000000
aggregate/filtered_count,65536,6,1504,0.051066833,29452,1930140136,0.000000,0.000000
aggregate/filtered_sum,65536,0,1504,0.050954375,29517,1934400020,0.000000,0.000000
aggregate/filtered_sum,65536,1,1504,0.050935375,29528,1935121593,0.000000,0.000000
aggregate/filtered_sum,65536,2,1504,0.050908625,29543,1936138405,0.000000,0.000000
aggregate/filtered_sum,65536,3,1504,0.050955625,29516,1934352567,0.000000,0.000000
aggregate/filtered_sum,65536,4,1504,0.050497166,29784,1951914371,0.000000,0.000000
aggregate/filtered_sum,65536,5,1504,0.050685792,29673,1944650367,0.000000,0.000000
aggregate/filtered_sum,65536,6,1504,0.050902083,29547,1936387240,0.000000,0.000000
aggregate/empty_sum,65536,0,1504,0.050779417,29618,1941064900,0.000000,0.000000
aggregate/empty_sum,65536,1,1504,0.050681542,29675,1944813439,0.000000,0.000000
aggregate/empty_sum,65536,2,1536,0.050493916,30420,1993572770,0.000000,0.000000
aggregate/empty_sum,65536,3,1504,0.050067000,30040,1968684842,0.000000,0.000000
aggregate/empty_sum,65536,4,1504,0.050875250,29563,1937408543,0.000000,0.000000
aggregate/empty_sum,65536,5,1504,0.050680041,29676,1944871039,0.000000,0.000000
aggregate/empty_sum,65536,6,1504,0.050261250,29924,1961076257,0.000000,0.000000
aggregate/count,1048576,0,64,0.067594250,947,992819123,0.000000,0.000000
aggregate/count,1048576,1,64,0.068008500,941,986771712,0.000000,0.000000
aggregate/count,1048576,2,64,0.067875875,943,988699799,0.000000,0.000000
aggregate/count,1048576,3,64,0.067641625,946,992123770,0.000000,0.000000
aggregate/count,1048576,4,64,0.067601917,947,992706523,0.000000,0.000000
aggregate/count,1048576,5,64,0.066549417,962,1008406490,0.000000,0.000000
aggregate/count,1048576,6,64,0.067289750,951,997311834,0.000000,0.000000
aggregate/sum,1048576,0,64,0.067990292,941,987035973,0.000000,0.000000
aggregate/sum,1048576,1,64,0.067918541,942,988078704,0.000000,0.000000
aggregate/sum,1048576,2,64,0.067976708,941,987233215,0.000000,0.000000
aggregate/sum,1048576,3,64,0.066750750,959,1005364943,0.000000,0.000000
aggregate/sum,1048576,4,64,0.067876041,943,988697381,0.000000,0.000000
aggregate/sum,1048576,5,64,0.067961458,942,987454742,0.000000,0.000000
aggregate/sum,1048576,6,64,0.067886584,943,988543834,0.000000,0.000000
aggregate/min,1048576,0,64,0.067139542,953,999543071,0.000000,0.000000
aggregate/min,1048576,1,64,0.067599542,947,992741401,0.000000,0.000000
aggregate/min,1048576,2,64,0.067906708,942,988250881,0.000000,0.000000
aggregate/min,1048576,3,64,0.067931458,942,987890824,0.000000,0.000000
aggregate/min,1048576,4,64,0.067901875,943,988321221,0.000000,0.000000
aggregate/min,1048576,5,64,0.066604959,961,1007565578,0.000000,0.000000
aggregate/min,1048576,6,64,0.067883625,943,988586924,0.000000,0.000000
aggregate/max,1048576,0,64,0.067855250,943,989000321,0.000000,0.000000
aggregate/max,1048576,1,64,0.066657417,960,1006772645,0.000000,0.000000
aggregate/max,1048576,2,64,0.067817709,944,989547789,0.000000,0.000000
aggregate/max,1048576,3,64,0.067974292,942,987268304,0.000000,0.000000
aggregate/max,1048576,4,64,0.067910084,942,988201752,0.000000,0.000000
aggregate/max,1048576,5,64,0.067045625,955,1000943223,0.000000,0.000000
aggregate/max,1048576,6,64,0.067853250,943,989029472,0.000000,0.000000
aggregate/filtered_count,1048576,0,96,0.051770750,1854,1944404823,0.000000,0.000000
aggregate/filtered_count,1048576,1,96,0.051935291,1848,1938244574,0.000000,0.000000
aggregate/filtered_count,1048576,2,96,0.051778625,1854,1944109099,0.000000,0.000000
aggregate/filtered_count,1048576,3,96,0.051267458,1873,1963493021,0.000000,0.000000
aggregate/filtered_count,1048576,4,96,0.050859166,1888,1979255735,0.000000,0.000000
aggregate/filtered_count,1048576,5,96,0.051788625,1854,1943733706,0.000000,0.000000
aggregate/filtered_count,1048576,6,96,0.051080792,1879,1970668270,0.000000,0.000000
aggregate/filtered_sum,1048576,0,96,0.051759458,1855,1944829020,0.000000,0.000000
aggregate/filtered_sum,1048576,1,96,0.050882208,1887,1978359430,0.000000,0.000000
aggregate/filtered_sum,1048576,2,96,0.050583042,1898,1990060147,0.000000,0.000000
aggregate/filtered_sum,1048576,3,96,0.051665084,1858,1948381541,0.000000,0.000000
aggregate/filtered_sum,1048576,4,96,0.051736584,1856,1945688877,0.000000,0.000000
aggregate/filtered_sum,1048576,5,96,0.051399500,1868,1958448934,0.000000,0.000000
aggregate/filtered_sum,1048576,6,96,0.051817375,1853,1942655258,0.000000,0.000000
aggregate/empty_sum,1048576,0,96,0.051758208,1855,1944875990,0.000000,0.000000
aggregate/empty_sum,1048576,1,96,0.051765041,1855,1944619265,0.000000,0.000000
aggregate/empty_sum,1048576,2,96,0.051755583,1855,1944974632,0.000000,0.000000
aggregate/empty_sum,1048576,3,96,0.051070500,1880,1971065410,0.000000,0.000000
aggregate/empty_sum,1048576,4,96,0.051427791,1867,1957371570,0.000000,0.000000
aggregate/empty_sum,1048576,5,96,0.051766000,1854,1944583240,0.000000,0.000000
aggregate/empty_sum,1048576,6,96,0.051745583,1855,1945350505,0.000000,0.000000
aggregate/array_count,23,0,274464,0.050002625,5488992,126246812,0.000000,0.000000
aggregate/array_count,23,1,272960,0.050005666,5458581,125547373,0.000000,0.000000
aggregate/array_count,23,2,274720,0.050005833,5493759,126356459,0.000000,0.000000
aggregate/array_count,23,3,272960,0.050005292,5458622,125548312,0.000000,0.000000
aggregate/array_count,23,4,271328,0.050001208,5426429,124807865,0.000000,0.000000
aggregate/array_count,23,5,274688,0.050004583,5493256,126344899,0.000000,0.000000
aggregate/array_count,23,6,267136,0.050003333,5342364,122874369,0.000000,0.000000
aggregate/array_sum,23,0,216224,0.050000416,4324444,99462212,0.000000,0.000000
aggregate/array_sum,23,1,216512,0.050005291,4329782,99584982,0.000000,0.000000
aggregate/array_sum,23,2,217664,0.050003791,4352950,100117849,0.000000,0.000000
aggregate/array_sum,23,3,220480,0.050002791,4409354,101415139,0.000000,0.000000
aggregate/array_sum,23,4,220224,0.050002417,4404267,101298143,0.000000,0.000000
aggregate/array_sum,23,5,219008,0.050001291,4380047,100741079,0.000000,0.000000
aggregate/array_sum,23,6,220032,0.050002125,4400453,101210419,0.000000,0.000000
aggregate/array_min,23,0,215136,0.050006500,4302161,98949697,0.000000,0.000000
aggregate/array_min,23,1,215872,0.050005166,4316994,99290861,0.000000,0.000000
aggregate/array_min,23,2,215648,0.050004833,4312543,99188492,0.000000,0.000000
aggregate/array_min,23,3,216160,0.050006625,4322627,99420427,0.000000,0.000000
aggregate/array_min,23,4,215424,0.050002709,4308247,99089671,0.000000,0.000000
aggregate/array_min,23,5,214944,0.050002333,4298679,98869627,0.000000,0.000000
aggregate/array_min,23,6,215520,0.050006875,4309807,99125570,0.000000,0.000000
aggregate/array_max,23,0,215872,0.050002459,4317228,99296237,0.000000,0.000000
aggregate/array_max,23,1,215488,0.050001459,4309634,99121588,0.000000,0.000000
aggregate/array_max,23,2,215744,0.050006834,4314290,99228677,0.000000,0.000000
aggregate/array_max,23,3,215488,0.050003125,4309491,99118285,0.000000,0.000000
aggregate/array_max,23,4,216320,0.050005583,4325917,99496090,0.000000,0.000000
aggregate/array_max,23,5,217760,0.050001750,4355048,100166094,0.000000,0.000000
aggregate/array_max,23,6,217664,0.050006000,4352758,100113426,0.000000,0.000000
aggregate/sequence_sum,23,0,118112,0.050000250,2362228,54331248,0.000000,0.000000
aggregate/sequence_sum,23,1,117856,0.050002083,2357022,54211502,0.000000,0.000000
aggregate/sequence_sum,23,2,117664,0.050008291,2352890,54116466,0.000000,0.000000
aggregate/sequence_sum,23,3,118496,0.050002708,2369792,54505208,0.000000,0.000000
aggregate/sequence_sum,23,4,117120,0.050005583,2342138,53869185,0.000000,0.000000
aggregate/sequence_sum,23,5,115360,0.050015000,2306508,53049685,0.000000,0.000000
aggregate/sequence_sum,23,6,117088,0.050013625,2341122,53845807,0.000000,0.000000
aggregate/computed_sum,23,0,168320,0.050007500,3365895,77415588,0.000000,0.000000
aggregate/computed_sum,23,1,168928,0.050008584,3377980,77693542,0.000000,0.000000
aggregate/computed_sum,23,2,169024,0.050000958,3380415,77749550,0.000000,0.000000
aggregate/computed_sum,23,3,168288,0.050002000,3365625,77409384,0.000000,0.000000
aggregate/computed_sum,23,4,169248,0.050005416,3384593,77845648,0.000000,0.000000
aggregate/computed_sum,23,5,169088,0.050007166,3381275,77769334,0.000000,0.000000
aggregate/computed_sum,23,6,169344,0.050005458,3386510,77889738,0.000000,0.000000
aggregate/wide_filtered_sum,23,0,66976,0.050010916,1339228,30802235,0.000000,0.000000
aggregate/wide_filtered_sum,23,1,67776,0.050022042,1354923,31163222,0.000000,0.000000
aggregate/wide_filtered_sum,23,2,67264,0.050007083,1345089,30937057,0.000000,0.000000
aggregate/wide_filtered_sum,23,3,67808,0.050004250,1356045,31189029,0.000000,0.000000
aggregate/wide_filtered_sum,23,4,66816,0.050009292,1336072,30729649,0.000000,0.000000
aggregate/wide_filtered_sum,23,5,66496,0.050006875,1329737,30583955,0.000000,0.000000
aggregate/wide_filtered_sum,23,6,61344,0.050017041,1226462,28208626,0.000000,0.000000
aggregate/array_count,409,0,22240,0.050022583,444599,181841070,0.000000,0.000000
aggregate/array_count,409,1,22336,0.050042583,446340,182553007,0.000000,0.000000
aggregate/array_count,409,2,22368,0.050031291,447080,182855805,0.000000,0.000000
aggregate/array_count,409,3,22432,0.050017833,448480,183428338,0.000000,0.000000
aggregate/array_count,409,4,22432,0.050002708,448616,183483823,0.000000,0.000000
aggregate/array_count,409,5,22464,0.050006792,449219,183730562,0.000000,0.000000
aggregate/array_count,409,6,22592,0.050024709,451617,184711279,0.000000,0.000000
aggregate/array_sum,409,0,16704,0.050080709,333542,136418516,0.000000,0.000000
aggregate/array_sum,409,1,16832,0.050048125,336316,137553365,0.000000,0.000000
aggregate/array_sum,409,2,16608,0.050074792,331664,135650529,0.000000,0.000000
aggregate/array_sum,409,3,16512,0.050005542,330203,135053191,0.000000,0.000000
aggregate/array_sum,409,4,16288,0.050033208,325544,133147409,0.000000,0.000000
aggregate/array_sum,409,5,16320,0.050052875,326055,133356575,0.000000,0.000000
aggregate/array_sum,409,6,16384,0.050093000,327072,133772304,0.000000,0.000000
aggregate/array_min,409,0,16256,0.050063292,324709,132805969,0.000000,0.000000
aggregate/array_min,409,1,16160,0.050085000,322651,131964460,0.000000,0.000000
aggregate/array_min,409,2,16160,0.050069583,322751,132005094,0.000000,0.000000
aggregate/array_min,409,3,16480,0.050016417,329492,134762152,0.000000,0.000000
aggregate/array_min,409,4,16512,0.050028083,330055,134992340,0.000000,0.000000
aggregate/array_min,409,5,16480,0.050007833,329548,134785285,0.000000,0.000000
aggregate/array_min,409,6,16544,0.050073125,330397,135132289,0.000000,0.000000
aggregate/array_max,409,0,16512,0.050031042,330035,134984356,0.000000,0.000000
aggregate/array_max,409,1,16640,0.050010334,332731,136087074,0.000000,0.000000
aggregate/array_max,409,2,16736,0.050089333,334123,136656322,0.000000,0.000000
aggregate/array_max,409,3,16768,0.050047000,335045,137033429,0.000000,0.000000
aggregate/array_max,409,4,16576,0.050003791,331495,135581400,0.000000,0.000000
aggregate/array_max,409,5,16832,0.050058667,336245,137524397,0.000000,0.000000
aggregate/array_max,409,6,16768,0.050089375,334762,136917500,0.000000,0.000000
aggregate/sequence_sum,409,0,9056,0.050036542,180988,74023980,0.000000,0.000000
aggregate/sequence_sum,409,1,9216,0.050058000,184106,75299533,0.000000,0.000000
aggregate/sequence_sum,409,2,9312,0.050049000,186058,76097584,0.000000,0.000000
aggregate/sequence_sum,409,3,9440,0.050087959,188468,77083596,0.000000,0.000000
aggregate/sequence_sum,409,4,9440,0.050139083,188276,77004998,0.000000,0.000000
aggregate/sequence_sum,409,5,9344,0.050036208,186745,76378610,0.000000,0.000000
aggregate/sequence_sum,409,6,9344,0.050045584,186710,76364300,0.000000,0.000000
aggregate/computed_sum,409,0,11648,0.050023667,232850,95235561,0.000000,0.000000
aggregate/computed_sum,409,1,11680,0.050119625,233042,95314360,0.000000,0.000000
aggregate/computed_sum,409,2,11680,0.050014875,233531,95513985,0.000000,0.000000
aggregate/computed_sum,409,3,11616,0.050093417,231887,94841683,0.000000,0.000000
aggregate/computed_sum,409,4,11488,0.050072250,229428,93836247,0.000000,0.000000
aggregate/computed_sum,409,5,11488,0.050096292,229318,93791213,0.000000,0.000000
aggregate/computed_sum,409,6,11744,0.050093333,234442,95886932,0.000000,0.000000
aggregate/wide_filtered_sum,409,0,4288,0.050355958,85154,34827895,0.000000,0.000000
aggregate/wide_filtered_sum,409,1,4480,0.050311916,89045,36419205,0.000000,0.000000
aggregate/wide_filtered_sum,409,2,4448,0.050274250,88475,36186159,0.000000,0.000000
aggregate/wide_filtered_sum,409,3,4416,0.050224417,87925,35961473,0.000000,0.000000
aggregate/wide_filtered_sum,409,4,4544,0.050045000,90798,37136497,0.000000,0.000000
aggregate/wide_filtered_sum,409,5,4480,0.050124000,89378,36555742,0.000000,0.000000
aggregate/wide_filtered_sum,409,6,4416,0.050138958,88075,36022767,0.000000,0.000000
aggregate/array_count,4017,0,2912,0.050064042,58165,233650811,0.000000,0.000000
aggregate/array_count,4017,1,2912,0.050042375,58191,233751975,0.000000,0.000000
aggregate/array_count,4017,2,2944,0.050544750,58245,233971837,0.000000,0.000000
aggregate/array_count,4017,3,2944,0.050057250,58813,236250453,0.000000,0.000000
aggregate/array_count,4017,4,2912,0.050541416,57616,231443931,0.000000,0.000000
aggregate/array_count,4017,5,2976,0.050192333,59292,238175659,0.000000,0.000000
aggregate/array_count,4017,6,2976,0.050277084,59192,237774172,0.000000,0.000000
aggregate/array_sum,4017,0,2112,0.050368250,41931,168437538,0.000000,0.000000
aggregate/array_sum,4017,1,2176,0.050291250,43268,173807412,0.000000,0.000000
aggregate/array_sum,4017,2,2176,0.050374291,43197,173520894,0.000000,0.000000
aggregate/array_sum,4017,3,2176,0.050480292,43106,173156526,0.000000,0.000000
aggregate/array_sum,4017,4,2176,0.050400000,43175,173432381,0.000000,0.000000
aggregate/array_sum,4017,5,2176,0.050339166,43227,173641971,0.000000,0.000000
aggregate/array_sum,4017,6,2176,0.050320750,43243,173705519,0.000000,0.000000
aggregate/array_min,4017,0,2144,0.050109375,42786,171872988,0.000000,0.000000
aggregate/array_min,4017,1,2048,0.050209875,40789,163848566,0.000000,0.000000
aggregate/array_min,4017,2,2048,0.050463042,40584,163026557,0.000000,0.000000
aggregate/array_min,4017,3,2048,0.050413417,40624,163187034,0.000000,0.000000
aggregate/array_min,4017,4,2048,0.050569125,40499,162684563,0.000000,0.000000
aggregate/array_min,4017,5,2048,0.050366583,40662,163338776,0.000000,0.000000
aggregate/array_min,4017,6,2080,0.050125458,41496,166688951,0.000000,0.000000
aggregate/array_max,4017,0,2176,0.050595166,43008,172763382,0.000000,0.000000
aggregate/array_max,4017,1,2176,0.050628834,42979,172648495,0.000000,0.000000
aggregate/array_max,4017,2,2176,0.050674041,42941,172494473,0.000000,0.000000
aggregate/array_max,4017,3,2176,0.050595125,43008,172763522,0.000000,0.000000
aggregate/array_max,4017,4,2176,0.050621208,42986,172674504,0.000000,0.000000
aggregate/array_max,4017,5,2176,0.050513416,43078,173042979,0.000000,0.000000
aggregate/array_max,4017,6,2176,0.050667708,42946,172516033,0.000000,0.000000
aggregate/sequence_sum,4017,0,1184,0.050179708,23595,94781899,0.000000,0.000000
aggregate/sequence_sum,4017,1,1184,0.050165541,23602,94808666,0.000000,0.000000
aggregate/sequence_sum,4017,2,1216,0.050863125,23907,96035625,0.000000,0.000000
aggregate/sequence_sum,4017,3,1216,0.050960125,23862,95852826,0.000000,0.000000
aggregate/sequence_sum,4017,4,1216,0.050874083,23902,96014939,0.000000,0.000000
aggregate/sequence_sum,4017,5,1216,0.050983083,23851,95809663,0.000000,0.000000
aggregate/sequence_sum,4017,6,1216,0.050862375,23908,96037041,0.000000,0.000000
aggregate/computed_sum,4017,0,1504,0.050639041,29700,119306525,0.000000,0.000000
aggregate/computed_sum,4017,1,1504,0.050531583,29764,119560236,0.000000,0.000000
aggregate/computed_sum,4017,2,1504,0.051026917,29475,118399628,0.000000,0.000000
aggregate/computed_sum,4017,3,1504,0.051009542,29485,118439958,0.000000,0.000000
aggregate/computed_sum,4017,4,1504,0.050782583,29616,118969293,0.000000,0.000000
aggregate/computed_sum,4017,5,1536,0.050934250,30157,121138762,0.000000,0.000000
aggregate/computed_sum,4017,6,1536,0.050965042,30138,121065573,0.000000,0.000000
aggregate/wide_filtered_sum,4017,0,544,0.051345500,10595,42559679,0.000000,0.000000
aggregate/wide_filtered_sum,4017,1,576,0.052326000,11008,44218782,0.000000,0.000000
aggregate/wide_filtered_sum,4017,2,576,0.052204958,11033,44321308,0.000000,0.000000
aggregate/wide_filtered_sum,4017,3,544,0.050272250,10821,43468275,0.000000,0.000000
aggregate/wide_filtered_sum,4017,4,576,0.052535916,10964,44042099,0.000000,0.000000
aggregate/wide_filtered_sum,4017,5,544,0.050901958,10687,42930529,0.000000,0.000000
aggregate/wide_filtered_sum,4017,6,576,0.052874916,10894,43759729,0.000000,0.000000
aggregate/array_count,87201,0,192,0.056113583,3422,298369684,0.000000,0.000000
aggregate/array_count,87201,1,192,0.055467291,3461,301846218,0.000000,0.000000
aggregate/array_count,87201,2,192,0.055618250,3452,301026947,0.000000,0.000000
aggregate/array_count,87201,3,192,0.055186625,3479,303381336,0.000000,0.000000
aggregate/array_count,87201,4,192,0.055069958,3486,304024056,0.000000,0.000000
aggregate/array_count,87201,5,192,0.055216500,3477,303217191,0.000000,0.000000
aggregate/array_count,87201,6,192,0.055199333,3478,303311491,0.000000,0.000000
aggregate/array_sum,87201,0,160,0.061990250,2581,225070233,0.000000,0.000000
aggregate/array_sum,87201,1,160,0.062026458,2580,224938848,0.000000,0.000000
aggregate/array_sum,87201,2,160,0.062379209,2565,223666831,0.000000,0.000000
aggregate/array_sum,87201,3,128,0.051067667,2506,218567416,0.000000,0.000000
aggregate/array_sum,87201,4,128,0.051438833,2488,216990304,0.000000,0.000000
aggregate/array_sum,87201,5,128,0.051336959,2493,217420903,0.000000,0.000000
aggregate/array_sum,87201,6,128,0.051439459,2488,216987663,0.000000,0.000000
aggregate/array_min,87201,0,128,0.052253625,2450,213606769,0.000000,0.000000
aggregate/array_min,87201,1,128,0.051859500,2468,215230151,0.000000,0.000000
aggregate/array_min,87201,2,128,0.050638750,2528,220418711,0.000000,0.000000
aggregate/array_min,87201,3,128,0.050684625,2525,220219208,0.000000,0.000000
aggregate/array_min,87201,4,128,0.050914458,2514,219225117,0.000000,0.000000
aggregate/array_min,87201,5,128,0.050932791,2513,219146208,0.000000,0.000000
aggregate/array_min,87201,6,128,0.050715208,2524,220086409,0.000000,0.000000
aggregate/array_max,87201,0,128,0.050968958,2511,218990704,0.000000,0.000000
aggregate/array_max,87201,1,128,0.050690917,2525,220191874,0.000000,0.000000
aggregate/array_max,87201,2,128,0.050701458,2525,220146095,0.000000,0.000000
aggregate/array_max,87201,3,128,0.050705959,2524,220126554,0.000000,0.000000
aggregate/array_max,87201,4,128,0.050644667,2527,220392959,0.000000,0.000000
aggregate/array_max,87201,5,128,0.050733292,2523,220007958,0.000000,0.000000
aggregate/array_max,87201,6,128,0.051389209,2491,217199841,0.000000,0.000000
aggregate/sequence_sum,87201,0,96,0.067191750,1429,124588153,0.000000,0.000000
aggregate/sequence_sum,87201,1,96,0.067837375,1415,123402416,0.000000,0.000000
aggregate/sequence_sum,87201,2,96,0.067639166,1419,123764033,0.000000,0.000000
aggregate/sequence_sum,87201,3,96,0.067178917,1429,124611952,0.000000,0.000000
aggregate/sequence_sum,87201,4,96,0.067150292,1430,124665072,0.000000,0.000000
aggregate/sequence_sum,87201,5,96,0.067044458,1432,124861864,0.000000,0.000000
aggregate/sequence_sum,87201,6,96,0.066746417,1438,125419406,0.000000,0.000000
aggregate/computed_sum,87201,0,96,0.052513458,1828,159412393,0.000000,0.000000
aggregate/computed_sum,87201,1,96,0.052653000,1823,158989915,0.000000,0.000000
aggregate/computed_sum,87201,2,96,0.052511750,1828,159417578,0.000000,0.000000
aggregate/computed_sum,87201,3,96,0.052744125,1820,158715231,0.000000,0.000000
aggregate/computed_sum,87201,4,96,0.052632042,1824,159053225,0.000000,0.000000
aggregate/computed_sum,87201,5,96,0.052593166,1825,159170794,0.000000,0.000000
aggregate/computed_sum,87201,6,96,0.052740541,1820,158726017,0.000000,0.000000
aggregate/wide_filtered_sum,87201,0,64,0.099820917,641,55908763,0.000000,0.000000
aggregate/wide_filtered_sum,87201,1,32,0.050474291,634,55284224,0.000000,0.000000
aggregate/wide_filtered_sum,87201,2,64,0.099765000,642,55940099,0.000000,0.000000
aggregate/wide_filtered_sum,87201,3,64,0.100047625,640,55782074,0.000000,0.000000
aggregate/wide_filtered_sum,87201,4,32,0.050100167,639,55697060,0.000000,0.000000
aggregate/wide_filtered_sum,87201,5,32,0.050100125,639,55697107,0.000000,0.000000
aggregate/wide_filtered_sum,87201,6,32,0.050132166,638,55661509,0.000000,0.000000
aggregate/nested_sum,1036,0,6464,0.050201958,128760,133395275,0.000000,0.000000
aggregate/nested_sum,1036,1,6432,0.050075625,128446,133069772,0.000000,0.000000
aggregate/nested_sum,1036,2,6400,0.050144458,127631,132225978,0.000000,0.000000
aggregate/nested_sum,1036,3,6400,0.050243042,127381,131966532,0.000000,0.000000
aggregate/nested_sum,1036,4,6400,0.050200833,127488,132077490,0.000000,0.000000
aggregate/nested_sum,1036,5,6400,0.050062000,127841,132443770,0.000000,0.000000
aggregate/nested_sum,1036,6,6464,0.050169875,128842,133480580,0.000000,0.000000
aggregate/nested_filtered_sum,1036,0,3584,0.050001709,71678,74257942,0.000000,0.000000
aggregate/nested_filtered_sum,1036,1,3616,0.050378667,71776,74360364,0.000000,0.000000
aggregate/nested_filtered_sum,1036,2,3616,0.050356875,71807,74392543,0.000000,0.000000
aggregate/nested_filtered_sum,1036,3,3584,0.050114583,71516,74090689,0.000000,0.000000
aggregate/nested_filtered_sum,1036,4,3552,0.050216000,70734,73280867,0.000000,0.000000
aggregate/nested_filtered_sum,1036,5,3552,0.050221750,70726,73272477,0.000000,0.000000
aggregate/nested_filtered_sum,1036,6,3584,0.050416291,71088,73647306,0.000000,0.000000
aggregate/nested_filtered_count,1036,0,3648,0.050372542,72420,75027542,0.000000,0.000000
aggregate/nested_filtered_count,1036,1,3648,0.050338084,72470,75078901,0.000000,0.000000
aggregate/nested_filtered_count,1036,2,3648,0.050181833,72696,75312673,0.000000,0.000000
aggregate/nested_filtered_count,1036,3,3648,0.050257709,72586,75198971,0.000000,0.000000
aggregate/nested_filtered_count,1036,4,3648,0.050286375,72545,75156103,0.000000,0.000000
aggregate/nested_filtered_count,1036,5,3616,0.050291958,71900,74488569,0.000000,0.000000
aggregate/nested_filtered_count,1036,6,3616,0.050110750,72160,74757931,0.000000,0.000000
aggregate/nested_sum,16396,0,416,0.050969542,8162,133819841,0.000000,0.000000
aggregate/nested_sum,16396,1,416,0.050720375,8202,134477239,0.000000,0.000000
aggregate/nested_sum,16396,2,416,0.050554000,8229,134919809,0.000000,0.000000
aggregate/nested_sum,16396,3,416,0.050527542,8233,134990457,0.000000,0.000000
aggregate/nested_sum,16396,4,416,0.050825417,8185,134199312,0.000000,0.000000
aggregate/nested_sum,16396,5,416,0.050665250,8211,134623554,0.000000,0.000000
aggregate/nested_sum,16396,6,416,0.050342792,8263,135485851,0.000000,0.000000
aggregate/nested_filtered_sum,16396,0,256,0.055885875,4581,75106205,0.000000,0.000000
aggregate/nested_filtered_sum,16396,1,256,0.055900875,4580,75086052,0.000000,0.000000
aggregate/nested_filtered_sum,16396,2,256,0.055866291,4582,75132534,0.000000,0.000000
aggregate/nested_filtered_sum,16396,3,256,0.055681042,4598,75382497,0.000000,0.000000
aggregate/nested_filtered_sum,16396,4,256,0.055678000,4598,75386616,0.000000,0.000000
aggregate/nested_filtered_sum,16396,5,256,0.055553917,4608,75554996,0.000000,0.000000
aggregate/nested_filtered_sum,16396,6,256,0.055660917,4599,75409753,0.000000,0.000000
aggregate/nested_filtered_count,16396,0,256,0.054545750,4693,76951477,0.000000,0.000000
aggregate/nested_filtered_count,16396,1,256,0.054487042,4698,77034389,0.000000,0.000000
aggregate/nested_filtered_count,16396,2,256,0.054459208,4701,77073761,0.000000,0.000000
aggregate/nested_filtered_count,16396,3,256,0.054548333,4693,76947833,0.000000,0.000000
aggregate/nested_filtered_count,16396,4,256,0.054570167,4691,76917045,0.000000,0.000000
aggregate/nested_filtered_count,16396,5,256,0.054435542,4703,77107269,0.000000,0.000000
aggregate/nested_filtered_count,16396,6,256,0.054877250,4665,76486632,0.000000,0.000000
aggregate/nested_sum,1048588,0,32,0.251565375,127,133384080,0.000000,0.000000
aggregate/nested_sum,1048588,1,32,0.246770834,130,135975615,0.000000,0.000000
aggregate/nested_sum,1048588,2,32,0.248400000,129,135083800,0.000000,0.000000
aggregate/nested_sum,1048588,3,32,0.247437709,129,135609144,0.000000,0.000000
aggregate/nested_sum,1048588,4,32,0.247029458,130,135833258,0.000000,0.000000
aggregate/nested_sum,1048588,5,32,0.247748375,129,135439096,0.000000,0.000000
aggregate/nested_sum,1048588,6,32,0.246678041,130,136026765,0.000000,0.000000
aggregate/nested_filtered_sum,1048588,0,32,0.444826875,72,75433428,0.000000,0.000000
aggregate/nested_filtered_sum,1048588,1,32,0.442726917,72,75791226,0.000000,0.000000
aggregate/nested_filtered_sum,1048588,2,32,0.443955167,72,75581542,0.000000,0.000000
aggregate/nested_filtered_sum,1048588,3,32,0.443092583,72,75728679,0.000000,0.000000
aggregate/nested_filtered_sum,1048588,4,32,0.442665833,72,75801685,0.000000,0.000000
aggregate/nested_filtered_sum,1048588,5,32,0.442864333,72,75767709,0.000000,0.000000
aggregate/nested_filtered_sum,1048588,6,32,0.442934417,72,75755721,0.000000,0.000000
aggregate/nested_filtered_count,1048588,0,32,0.435052209,74,77128251,0.000000,0.000000
aggregate/nested_filtered_count,1048588,1,32,0.436168500,73,76930856,0.000000,0.000000
aggregate/nested_filtered_count,1048588,2,32,0.434244125,74,77271779,0.000000,0.000000
aggregate/nested_filtered_count,1048588,3,32,0.435096875,74,77120333,0.000000,0.000000
aggregate/nested_filtered_count,1048588,4,32,0.436287750,73,76909828,0.000000,0.000000
aggregate/nested_filtered_count,1048588,5,32,0.435263916,74,77090737,0.000000,0.000000
aggregate/nested_filtered_count,1048588,6,32,0.435576500,73,77035414,0.000000,0.000000
aggregate/deep_sum,136,0,3744,0.050147250,74660,10153777,0.000000,0.000000
aggregate/deep_sum,136,1,3776,0.050268708,75116,10215819,0.000000,0.000000
aggregate/deep_sum,136,2,3744,0.050083792,74755,10166642,0.000000,0.000000
aggregate/deep_sum,136,3,3744,0.050128709,74688,10157533,0.000000,0.000000
aggregate/deep_sum,136,4,3776,0.050402417,74917,10188718,0.000000,0.000000
aggregate/deep_sum,136,5,3744,0.050011750,74862,10181287,0.000000,0.000000
aggregate/deep_sum,136,6,3840,0.050336250,76287,10375028,0.000000,0.000000
aggregate/deep_filtered_sum,136,0,3776,0.050192416,75230,10231347,0.000000,0.000000
aggregate/deep_filtered_sum,136,1,3744,0.050029042,74837,10177768,0.000000,0.000000
aggregate/deep_filtered_sum,136,2,3744,0.050336834,74379,10115535,0.000000,0.000000
aggregate/deep_filtered_sum,136,3,3744,0.050117416,74705,10159821,0.000000,0.000000
aggregate/deep_filtered_sum,136,4,3744,0.050192958,74592,10144531,0.000000,0.000000
aggregate/deep_filtered_sum,136,5,3808,0.050312750,75687,10293375,0.000000,0.000000
aggregate/deep_filtered_sum,136,6,3776,0.050399833,74921,10189240,0.000000,0.000000
compile/constructor,0,0,20864,0.050073375,416669,0,84.000000,6697.000000
compile/constructor,0,1,21088,0.050067417,421192,0,84.000000,6697.000000
compile/constructor,0,2,21344,0.050013333,426766,0,84.000000,6697.000000
compile/constructor,0,3,21536,0.050011542,430621,0,84.000000,6697.000000
compile/constructor,0,4,21664,0.050009833,433195,0,84.000000,6697.000000
compile/constructor,0,5,21632,0.050016917,432494,0,84.000000,6697.000000
compile/constructor,0,6,21696,0.050066000,433348,0,84.000000,6697.000000
construct/raw_member,100,0,294848,0.050002083,5896714,589671434,3.000000,168.000000
construct/raw_member,100,1,297856,0.050004958,5956529,595652935,3.000000,168.000000
construct/raw_member,100,2,291552,0.050001208,5830899,583089913,3.000000,168.000000
construct/raw_member,100,3,289312,0.050001541,5786062,578606167,3.000000,168.000000
construct/raw_member,100,4,290976,0.050003333,5819132,581913210,3.000000,168.000000
construct/raw_member,100,5,293184,0.050000209,5863655,586365549,3.000000,168.000000
construct/raw_member,100,6,293856,0.050001584,5876934,587693382,3.000000,168.000000
construct/raw_member_write,100,0,203872,0.050001250,4077338,407733807,3.000000,168.000000
construct/raw_member_write,100,1,205280,0.050005875,4105118,410511765,3.000000,168.000000
construct/raw_member_write,100,2,205792,0.050004958,4115432,411543191,3.000000,168.000000
construct/raw_member_write,100,3,205824,0.050001417,4116363,411636334,3.000000,168.000000
construct/raw_member_write,100,4,206304,0.050000709,4126021,412602149,3.000000,168.000000
construct/raw_member_write,100,5,206112,0.050005041,4121824,412182444,3.000000,168.000000
construct/raw_member_write,100,6,205920,0.050001417,4118283,411828329,3.000000,168.000000
construct/scalars,100,0,95040,0.050014625,1900244,190024418,3.000000,552.000000
construct/scalars,100,1,96480,0.050005458,1929389,192938939,3.000000,552.000000
construct/scalars,100,2,97056,0.050011625,1940669,194066879,3.000000,552.000000
construct/scalars,100,3,98016,0.050003000,1960202,196020239,3.000000,552.000000
construct/scalars,100,4,97824,0.050001208,1956433,195643273,3.000000,552.000000
construct/scalars,100,5,97568,0.050004041,1951202,195120230,3.000000,552.000000
construct/scalars,100,6,97600,0.050005833,1951772,195177231,3.000000,552.000000
construct/filtered_summary,100,0,54432,0.050012584,1088366,108836608,5.000000,368.000000
construct/filtered_summary,100,1,54944,0.050012666,1098602,109860170,5.000000,368.000000
construct/filtered_summary,100,2,54752,0.050004083,1094951,109495059,5.000000,368.000000
construct/filtered_summary,100,3,55072,0.050011666,1101183,110118307,5.000000,368.000000
construct/filtered_summary,100,4,55104,0.050011250,1101832,110183209,5.000000,368.000000
construct/filtered_summary,100,5,55424,0.050024792,1107931,110793064,5.000000,368.000000
construct/filtered_summary,100,6,55136,0.050016209,1102363,110236264,5.000000,368.000000
construct/nested,100,0,34720,0.050035959,693901,69390096,15.000000,1352.000000
construct/nested,100,1,34656,0.050019166,692854,69285442,15.000000,1352.000000
construct/nested,100,2,34720,0.050004125,694343,69434272,15.000000,1352.000000
construct/nested,100,3,34880,0.050001542,697578,69757849,15.000000,1352.000000
construct/nested,100,4,34272,0.050008000,685330,68533035,15.000000,1352.000000
construct/nested,100,5,34336,0.050042250,686140,68614021,15.000000,1352.000000
construct/nested,100,6,34272,0.050018333,685189,68518877,15.000000,1352.000000
construct/navigate,100,0,97024,0.050015625,1939874,193987379,3.000000,168.000000
construct/navigate,100,1,97120,0.050007000,1942128,194212810,3.000000,168.000000
construct/navigate,100,2,97856,0.050003500,1956983,195698301,3.000000,168.000000
construct/navigate,100,3,97440,0.050003875,1948649,194864898,3.000000,168.000000
construct/navigate,100,4,97504,0.050006916,1949810,194981030,3.000000,168.000000
construct/navigate,100,5,97216,0.050004958,1944127,194412722,3.000000,168.000000
construct/navigate,100,6,97376,0.050011625,1947067,194706731,3.000000,168.000000
construct/raw_member,500,0,130720,0.050006833,2614043,1307021382,3.000000,168.000000
construct/raw_member,500,1,131136,0.050005167,2622449,1311224498,3.000000,168.000000
construct/raw_member,500,2,131360,0.050010042,2626672,1313336230,3.000000,168.000000
construct/raw_member,500,3,130208,0.050006000,2603848,1301923769,3.000000,168.000000
construct/raw_member,500,4,130464,0.050005166,2609010,1304505219,3.000000,168.000000
construct/raw_member,500,5,130784,0.050010583,2615126,1307563241,3.000000,168.000000
construct/raw_member,500,6,130560,0.050004375,2610972,1305485770,3.000000,168.000000
construct/raw_member_write,500,0,66816,0.050000750,1336300,668149978,3.000000,168.000000
construct/raw_member_write,500,1,66784,0.050018583,1335184,667591883,3.000000,168.000000
construct/raw_member_write,500,2,66784,0.050008916,1335442,667720932,3.000000,168.000000
construct/raw_member_write,500,3,66432,0.050014334,1328259,664129607,3.000000,168.000000
construct/raw_member_write,500,4,66400,0.050014792,1327607,663803620,3.000000,168.000000
construct/raw_member_write,500,5,66336,0.050017417,1326258,663129006,3.000000,168.000000
construct/raw_member_write,500,6,66368,0.050004500,1327241,663620274,3.000000,168.000000
construct/scalars,500,0,43904,0.050012708,877857,438928442,3.000000,552.000000
construct/scalars,500,1,43936,0.050034500,878114,439057051,3.000000,552.000000
construct/scalars,500,2,43680,0.050011875,873393,436696285,3.000000,552.000000
construct/scalars,500,3,43616,0.050030458,871789,435894471,3.000000,552.000000
construct/scalars,500,4,43776,0.050004375,875443,437721699,3.000000,552.000000
construct/scalars,500,5,43872,0.050002708,877392,438696240,3.000000,552.000000
construct/scalars,500,6,43680,0.050016292,873315,436657719,3.000000,552.000000
construct/filtered_summary,500,0,32448,0.050014625,648770,324385117,5.000000,368.000000
construct/filtered_summary,500,1,32384,0.050018542,647440,323719952,5.000000,368.000000
construct/filtered_summary,500,2,32640,0.050008458,652690,326344796,5.000000,368.000000
construct/filtered_summary,500,3,32416,0.050046959,647712,323855841,5.000000,368.000000
construct/filtered_summary,500,4,32416,0.050013667,648143,324071418,5.000000,368.000000
construct/filtered_summary,500,5,32384,0.050025583,647349,323674389,5.000000,368.000000
construct/filtered_summary,500,6,32512,0.050024250,649925,324962393,5.000000,368.000000
construct/nested,500,0,21568,0.050006625,431303,215651426,15.000000,1352.000000
construct/nested,500,1,21632,0.050050584,432203,216101375,15.000000,1352.000000
construct/nested,500,2,21600,0.050019333,431833,215916514,15.000000,1352.000000
construct/nested,500,3,21472,0.050045791,429047,214523535,15.000000,1352.000000
construct/nested,500,4,21536,0.050019375,430553,215276580,15.000000,1352.000000
construct/nested,500,5,21568,0.050046875,430956,215477989,15.000000,1352.000000
construct/nested,500,6,21568,0.050016459,431218,215609026,15.000000,1352.000000
construct/navigate,500,0,53120,0.050015333,1062074,531037152,3.000000,168.000000
construct/navigate,500,1,53824,0.050024708,1075948,537974155,3.000000,168.000000
construct/navigate,500,2,52864,0.050022833,1056797,528398701,3.000000,168.000000
construct/navigate,500,3,53120,0.050013541,1062112,531056179,3.000000,168.000000
construct/navigate,500,4,52896,0.050001958,1057879,528939287,3.000000,168.000000
construct/navigate,500,5,53056,0.050001375,1061091,530545410,3.000000,168.000000
construct/navigate,500,6,53152,0.050017041,1062678,531338909,3.000000,168.000000
construct/raw_member,1024,0,76384,0.050009458,1527391,1564048465,3.000000,168.000000
construct/raw_member,1024,1,76352,0.050006917,1526829,1563472669,3.000000,168.000000
construct/raw_member,1024,2,76480,0.050008958,1529326,1566029830,3.000000,168.000000
construct/raw_member,1024,3,77184,0.050011792,1543316,1580355609,3.000000,168.000000
construct/raw_member,1024,4,76896,0.050011750,1537559,1574460082,3.000000,168.000000
construct/raw_member,1024,5,77184,0.050011667,1543320,1580359559,3.000000,168.000000
construct/raw_member,1024,6,76704,0.050015458,1533606,1570412411,3.000000,168.000000
construct/raw_member_write,1024,0,36064,0.050005083,721207,738515642,3.000000,168.000000
construct/raw_member_write,1024,1,36032,0.050036500,720114,737397060,3.000000,168.000000
construct/raw_member_write,1024,2,36096,0.050034959,721416,738729575,3.000000,168.000000
construct/raw_member_write,1024,3,36096,0.050028250,721512,738828642,3.000000,168.000000
construct/raw_member_write,1024,4,36288,0.050036917,725225,742629927,3.000000,168.000000
construct/raw_member_write,1024,5,36032,0.050026084,720264,737550595,3.000000,168.000000
construct/raw_member_write,1024,6,36000,0.050010625,719847,737123361,3.000000,168.000000
construct/scalars,1024,0,25888,0.050021375,517539,529959682,3.000000,552.000000
construct/scalars,1024,1,25920,0.050039667,517989,530420796,3.000000,552.000000
construct/scalars,1024,2,25792,0.050020125,515632,528007637,3.000000,552.000000
construct/scalars,1024,3,25856,0.050032333,516786,529188675,3.000000,552.000000
construct/scalars,1024,4,26336,0.050048709,526207,538836356,3.000000,552.000000
construct/scalars,1024,5,25984,0.050005291,519625,532096014,3.000000,552.000000
construct/scalars,1024,6,25952,0.050022000,518812,531263204,3.000000,552.000000
construct/filtered_summary,1024,0,21504,0.050056375,429596,439905926,5.000000,368.000000
construct/filtered_summary,1024,1,21504,0.050033667,429791,440105579,5.000000,368.000000
construct/filtered_summary,1024,2,21504,0.050064792,429523,439831968,5.000000,368.000000
construct/filtered_summary,1024,3,21504,0.050035750,429773,440087258,5.000000,368.000000
construct/filtered_summary,1024,4,21856,0.050059583,436600,447078115,5.000000,368.000000
construct/filtered_summary,1024,5,21664,0.050044500,432895,443284197,5.000000,368.000000
construct/filtered_summary,1024,6,21504,0.050029209,429829,440144796,5.000000,368.000000
construct/nested,1024,0,14944,0.050106084,298247,305405148,15.000000,1352.000000
construct/nested,1024,1,14912,0.050004417,298214,305370784,15.000000,1352.000000
construct/nested,1024,2,14944,0.050015542,298787,305958016,15.000000,1352.000000
construct/nested,1024,3,14944,0.050021125,298754,305923867,15.000000,1352.000000
construct/nested,1024,4,15104,0.050098666,301485,308720715,15.000000,1352.000000
construct/nested,1024,5,14912,0.050058416,297892,305041374,15.000000,1352.000000
construct/nested,1024,6,14784,0.050027500,295517,302609885,15.000000,1352.000000
construct/navigate,1024,0,33728,0.050001041,674546,690735059,3.000000,168.000000
construct/navigate,1024,1,33920,0.050014750,678200,694476729,3.000000,168.000000
construct/navigate,1024,2,34176,0.050008041,683410,699811936,3.000000,168.000000
construct/navigate,1024,3,33664,0.050010625,673137,689292245,3.000000,168.000000
construct/navigate,1024,4,33696,0.050020833,673639,689806665,3.000000,168.000000
construct/navigate,1024,5,33696,0.050040916,673369,689529824,3.000000,168.000000
construct/navigate,1024,6,33760,0.050040917,674648,690839458,3.000000,168.000000
construct/raw_member,10240,0,9280,0.050065834,185356,1898044882,3.000000,168.000000
construct/raw_member,10240,1,9248,0.050125583,184497,1889245258,3.000000,168.000000
construct/raw_member,10240,2,9312,0.050034083,186113,1905798493,3.000000,168.000000
construct/raw_member,10240,3,9248,0.050078416,184670,1891024668,3.000000,168.000000
construct/raw_member,10240,4,9248,0.050100000,184591,1890209980,3.000000,168.000000
construct/raw_member,10240,5,9248,0.050075208,184682,1891145814,3.000000,168.000000
construct/raw_member,10240,6,9280,0.050138250,185088,1895303486,3.000000,168.000000
construct/raw_member_write,10240,0,4032,0.050138666,80417,823469855,3.000000,168.000000
construct/raw_member_write,10240,1,4000,0.050211667,79663,815746667,3.000000,168.000000
construct/raw_member_write,10240,2,4000,0.050190084,79697,816097459,3.000000,168.000000
construct/raw_member_write,10240,3,4000,0.050158459,79747,816612010,3.000000,168.000000
construct/raw_member_write,10240,4,4000,0.050195041,79689,816016865,3.000000,168.000000
construct/raw_member_write,10240,5,4032,0.050144584,80407,823372670,3.000000,168.000000
construct/raw_member_write,10240,6,4000,0.050081458,79870,817867563,3.000000,168.000000
construct/scalars,10240,0,3232,0.050445292,64069,656070739,3.000000,552.000000
construct/scalars,10240,1,3168,0.050296833,62986,644977389,3.000000,552.000000
construct/scalars,10240,2,3200,0.050426458,63459,649817602,3.000000,552.000000
construct/scalars,10240,3,3168,0.050236875,63061,645747173,3.000000,552.000000
construct/scalars,10240,4,3168,0.050331250,62943,644536347,3.000000,552.000000
construct/scalars,10240,5,3168,0.050193666,63116,646303061,3.000000,552.000000
construct/scalars,10240,6,3168,0.050325541,62950,644609464,3.000000,552.000000
construct/filtered_summary,10240,0,3104,0.050453917,61521,629980027,5.000000,368.000000
construct/filtered_summary,10240,1,3072,0.050052917,61375,628480454,5.000000,368.000000
construct/filtered_summary,10240,2,3104,0.050503416,61461,629362576,5.000000,368.000000
construct/filtered_summary,10240,3,3104,0.050303666,61705,631861702,5.000000,368.000000
construct/filtered_summary,10240,4,3136,0.050376334,62251,637454881,5.000000,368.000000
construct/filtered_summary,10240,5,3072,0.050122500,61290,627607960,5.000000,368.000000
construct/filtered_summary,10240,6,3072,0.050134625,61275,627456174,5.000000,368.000000
construct/nested,10240,0,2304,0.050011417,46069,471751480,15.000000,1352.000000
construct/nested,10240,1,2304,0.050362875,45748,468459356,15.000000,1352.000000
construct/nested,10240,2,2304,0.050496708,45627,467217784,15.000000,1352.000000
construct/nested,10240,3,2304,0.050471209,45650,467453831,15.000000,1352.000000
construct/nested,10240,4,2336,0.050651625,46119,472258096,15.000000,1352.000000
construct/nested,10240,5,2304,0.050537291,45590,466842594,15.000000,1352.000000
construct/nested,10240,6,2304,0.050588166,45544,466373104,15.000000,1352.000000
construct/navigate,10240,0,4608,0.050048375,92071,942806235,3.000000,168.000000
construct/navigate,10240,1,4640,0.050346708,92161,943728039,3.000000,168.000000
construct/navigate,10240,2,4640,0.050275084,92292,945072513,3.000000,168.000000
construct/navigate,10240,3,4640,0.050296375,92253,944672454,3.000000,168.000000
construct/navigate,10240,4,4640,0.050250042,92338,945543488,3.000000,168.000000
construct/navigate,10240,5,4736,0.050164875,94409,966744958,3.000000,168.000000
construct/navigate,10240,6,4640,0.050113875,92589,948112673,3.000000,168.000000
construct/raw_member,65536,0,1504,0.050505750,29779,1951582622,3.000000,168.000000
construct/raw_member,65536,1,1504,0.050892125,29553,1936766130,3.000000,168.000000
construct/raw_member,65536,2,1504,0.050932208,29529,1935241920,3.000000,168.000000
construct/raw_member,65536,3,1504,0.050930458,29530,1935308416,3.000000,168.000000
construct/raw_member,65536,4,1504,0.050881959,29559,1937153088,3.000000,168.000000
construct/raw_member,65536,5,1504,0.050588500,29730,1948390326,3.000000,168.000000
construct/raw_member,65536,6,1504,0.050605417,29720,1947738994,3.000000,168.000000
construct/raw_member_write,65536,0,640,0.050736125,12614,826689859,3.000000,168.000000
construct/raw_member_write,65536,1,640,0.050751375,12610,826441451,3.000000,168.000000
construct/raw_member_write,65536,2,640,0.050793917,12600,825749272,3.000000,168.000000
construct/raw_member_write,65536,3,640,0.050726625,12617,826844680,3.000000,168.000000
construct/raw_member_write,65536,4,640,0.050578125,12654,829272339,3.000000,168.000000
construct/raw_member_write,65536,5,640,0.050578709,12654,829262764,3.000000,168.000000
construct/raw_member_write,65536,6,640,0.050957291,12560,823101840,3.000000,168.000000
construct/scalars,65536,0,512,0.050923583,10054,658917343,3.000000,552.000000
construct/scalars,65536,1,512,0.050919584,10055,658969091,3.000000,552.000000
construct/scalars,65536,2,512,0.050938416,10051,658725470,3.000000,552.000000
construct/scalars,65536,3,512,0.050993334,10041,658016046,3.000000,552.000000
construct/scalars,65536,4,544,0.053134708,10238,670966028,3.000000,552.000000
construct/scalars,65536,5,512,0.050766750,10085,660952927,3.000000,552.000000
construct/scalars,65536,6,512,0.050903042,10058,659183237,3.000000,552.000000
construct/filtered_summary,65536,0,512,0.051156584,10008,655916196,5.000000,368.000000
construct/filtered_summary,65536,1,512,0.051105458,10018,656572376,5.000000,368.000000
construct/filtered_summary,65536,2,512,0.051028834,10034,657558274,5.000000,368.000000
construct/filtered_summary,65536,3,512,0.050621167,10114,662853782,5.000000,368.000000
construct/filtered_summary,65536,4,512,0.051069625,10026,657033060,5.000000,368.000000
construct/filtered_summary,65536,5,512,0.051043042,10031,657375240,5.000000,368.000000
construct/filtered_summary,65536,6,512,0.050338458,10171,666576477,5.000000,368.000000
construct/nested,65536,0,384,0.050811541,7557,495277717,15.000000,1352.000000
construct/nested,65536,1,384,0.050992375,7531,493521316,15.000000,1352.000000
construct/nested,65536,2,384,0.051026458,7526,493191669,15.000000,1352.000000
construct/nested,65536,3,384,0.050536500,7598,497973227,15.000000,1352.000000
construct/nested,65536,4,384,0.050853958,7551,494864608,15.000000,1352.000000
construct/nested,65536,5,416,0.054169916,7680,503286289,15.000000,1352.000000
construct/nested,65536,6,384,0.050975209,7533,493687510,15.000000,1352.000000
construct/navigate,65536,0,768,0.051255875,14984,981968369,3.000000,168.000000
construct/navigate,65536,1,768,0.051305750,14969,981013785,3.000000,168.000000
construct/navigate,65536,2,768,0.051277875,14977,981547071,3.000000,168.000000
construct/navigate,65536,3,768,0.051260667,14982,981876572,3.000000,168.000000
construct/navigate,65536,4,768,0.051285167,14975,981407509,3.000000,168.000000
construct/navigate,65536,5,768,0.051267500,14980,981745706,3.000000,168.000000
construct/navigate,65536,6,768,0.051286042,14975,981390765,3.000000,168.000000
construct/raw_member,1048576,0,96,0.051000375,1882,1973775605,3.000000,168.000000
construct/raw_member,1048576,1,96,0.051738375,1855,1945621524,3.000000,168.000000
construct/raw_member,1048576,2,96,0.051758958,1855,1944847808,3.000000,168.000000
construct/raw_member,1048576,3,96,0.051771250,1854,1944386044,3.000000,168.000000
construct/raw_member,1048576,4,96,0.051751958,1855,1945110869,3.000000,168.000000
construct/raw_member,1048576,5,96,0.051266292,1873,1963537679,3.000000,168.000000
construct/raw_member,1048576,6,96,0.051768209,1854,1944500263,3.000000,168.000000
construct/raw_member_write,1048576,0,64,0.081158500,789,826886451,3.000000,168.000000
construct/raw_member_write,1048576,1,64,0.081422292,786,824207503,3.000000,168.000000
construct/raw_member_write,1048576,2,64,0.081911458,781,819285429,3.000000,168.000000
construct/raw_member_write,1048576,3,64,0.081044709,790,828047442,3.000000,168.000000
construct/raw_member_write,1048576,4,64,0.081502833,785,823393022,3.000000,168.000000
construct/raw_member_write,1048576,5,64,0.081773041,783,820672231,3.000000,168.000000
construct/raw_member_write,1048576,6,64,0.081829250,782,820108506,3.000000,168.000000
construct/scalars,1048576,0,32,0.050638500,632,662626895,3.000000,552.000000
construct/scalars,1048576,1,32,0.050708583,631,661711095,3.000000,552.000000
construct/scalars,1048576,2,32,0.050653083,632,662436125,3.000000,552.000000
construct/scalars,1048576,3,64,0.100528875,637,667558092,3.000000,552.000000
construct/scalars,1048576,4,32,0.050690250,631,661950415,3.000000,552.000000
construct/scalars,1048576,5,32,0.050629584,632,662743585,3.000000,552.000000
construct/scalars,1048576,6,32,0.050682125,631,662056534,3.000000,552.000000
construct/filtered_summary,1048576,0,32,0.050722666,631,661527373,5.000000,368.000000
construct/filtered_summary,1048576,1,32,0.050615917,632,662922535,5.000000,368.000000
construct/filtered_summary,1048576,2,32,0.050658125,632,662370192,5.000000,368.000000
construct/filtered_summary,1048576,3,32,0.050696417,631,661869891,5.000000,368.000000
construct/filtered_summary,1048576,4,32,0.050694750,631,661891655,5.000000,368.000000
construct/filtered_summary,1048576,5,32,0.050341750,636,666532888,5.000000,368.000000
construct/filtered_summary,1048576,6,32,0.050655875,632,662399613,5.000000,368.000000
construct/nested,1048576,0,32,0.067321583,475,498420128,15.000000,1352.000000
construct/nested,1048576,1,32,0.067388542,475,497924885,15.000000,1352.000000
construct/nested,1048576,2,32,0.067343000,475,498261616,15.000000,1352.000000
construct/nested,1048576,3,32,0.066309958,483,506024027,15.000000,1352.000000
construct/nested,1048576,4,32,0.067402625,475,497820849,15.000000,1352.000000
construct/nested,1048576,5,32,0.067383542,475,497961832,15.000000,1352.000000
construct/nested,1048576,6,32,0.066451750,482,504944294,15.000000,1352.000000
construct/navigate,1048576,0,64,0.067425333,949,995306378,3.000000,168.000000
construct/navigate,1048576,1,64,0.067802084,944,989775830,3.000000,168.000000
construct/navigate,1048576,2,64,0.067159875,953,999240454,3.000000,168.000000
construct/navigate,1048576,3,64,0.067848500,943,989098713,3.000000,168.000000
construct/navigate,1048576,4,64,0.066936917,956,1002568792,3.000000,168.000000
construct/navigate,1048576,5,64,0.067835459,943,989288861,3.000000,168.000000
construct/navigate,1048576,6,64,0.067860500,943,988923807,3.000000,168.000000
construct/mapped_objects,262,0,21728,0.050020458,434382,113808154,12.000000,1184.000000
construct/mapped_objects,262,1,21664,0.050022000,433089,113469433,12.000000,1184.000000
construct/mapped_objects,262,2,21696,0.050012542,433811,113658530,12.000000,1184.000000
construct/mapped_objects,262,3,21696,0.050031750,433645,113614895,12.000000,1184.000000
construct/mapped_objects,262,4,21696,0.050028458,433673,113622371,12.000000,1184.000000
construct/mapped_objects,262,5,21696,0.050013042,433807,113657394,12.000000,1184.000000
construct/mapped_objects,262,6,21728,0.050047167,434150,113747418,12.000000,1184.000000
construct/collected_objects,262,0,20640,0.050001041,412791,108151348,15.000000,1352.000000
construct/collected_objects,262,1,20800,0.050003041,415975,108985372,15.000000,1352.000000
construct/collected_objects,262,2,20736,0.050010500,414633,108633827,15.000000,1352.000000
construct/collected_objects,262,3,20800,0.050068042,415435,108843881,15.000000,1352.000000
construct/collected_objects,262,4,20704,0.050056125,413616,108367318,15.000000,1352.000000
construct/collected_objects,262,5,20800,0.050020083,415833,108948240,15.000000,1352.000000
construct/collected_objects,262,6,20736,0.050015875,414588,108622152,15.000000,1352.000000
construct/collected_write,262,0,19264,0.050000125,385279,100943108,15.000000,1352.000000
construct/collected_write,262,1,19232,0.050012667,384543,100750156,15.000000,1352.000000
construct/collected_write,262,2,19264,0.050021333,385116,100900310,15.000000,1352.000000
construct/collected_write,262,3,19296,0.050081084,385295,100947336,15.000000,1352.000000
construct/collected_write,262,4,19296,0.050039250,385617,101031730,15.000000,1352.000000
construct/collected_write,262,5,19264,0.050006084,385233,100931079,15.000000,1352.000000
construct/collected_write,262,6,19328,0.050031458,386317,101215040,15.000000,1352.000000
construct/filtered_aggregate,262,0,18176,0.050074959,362976,95099668,3.000000,296.000000
construct/filtered_aggregate,262,1,18048,0.050023792,360788,94526540,3.000000,296.000000
construct/filtered_aggregate,262,2,18176,0.050047333,363176,95152163,3.000000,296.000000
construct/filtered_aggregate,262,3,18240,0.050051042,364428,95480130,3.000000,296.000000
construct/filtered_aggregate,262,4,18336,0.050029167,366506,96024625,3.000000,296.000000
construct/filtered_aggregate,262,5,18368,0.050071625,366835,96110642,3.000000,296.000000
construct/filtered_aggregate,262,6,18080,0.050003417,361575,94732726,3.000000,296.000000
construct/mapped_objects,4334,0,1408,0.050201542,28047,121555469,192.000000,18944.000000
construct/mapped_objects,4334,1,1408,0.050068459,28121,121878566,192.000000,18944.000000
construct/mapped_objects,4334,2,1440,0.051092334,28184,122150615,192.000000,18944.000000
construct/mapped_objects,4334,3,1408,0.050097000,28105,121809130,192.000000,18944.000000
construct/mapped_objects,4334,4,1408,0.050134708,28084,121717514,192.000000,18944.000000
construct/mapped_objects,4334,5,1440,0.051109125,28175,122110484,192.000000,18944.000000
construct/mapped_objects,4334,6,1440,0.050827708,28331,122786571,192.000000,18944.000000
construct/collected_objects,4334,0,1408,0.050149250,28076,121682219,199.000000,21992.000000
construct/collected_objects,4334,1,1408,0.050070958,28120,121872483,199.000000,21992.000000
construct/collected_objects,4334,2,1408,0.050367750,27954,121154350,199.000000,21992.000000
construct/collected_objects,4334,3,1408,0.050652167,27797,120474056,199.000000,21992.000000
construct/collected_objects,4334,4,1408,0.050434958,27917,120992903,199.000000,21992.000000
construct/collected_objects,4334,5,1408,0.050184000,28057,121597960,199.000000,21992.000000
construct/collected_objects,4334,6,1440,0.051111000,28174,122106005,199.000000,21992.000000
construct/collected_write,4334,0,1280,0.050026666,25586,110891259,199.000000,21992.000000
construct/collected_write,4334,1,1280,0.050075833,25561,110782381,199.000000,21992.000000
construct/collected_write,4334,2,1280,0.050017167,25591,110912319,199.000000,21992.000000
construct/collected_write,4334,3,1280,0.050018667,25590,110908993,199.000000,21992.000000
construct/collected_write,4334,4,1312,0.051007834,25722,111477151,199.000000,21992.000000
construct/collected_write,4334,5,1312,0.050946333,25753,111611723,199.000000,21992.000000
construct/collected_write,4334,6,1312,0.050856750,25798,111808324,199.000000,21992.000000
construct/filtered_aggregate,4334,0,1312,0.050341791,26062,112952040,3.000000,296.000000
construct/filtered_aggregate,4334,1,1312,0.050282125,26093,113086072,3.000000,296.000000
construct/filtered_aggregate,4334,2,1344,0.050752875,26481,114769774,3.000000,296.000000
construct/filtered_aggregate,4334,3,1312,0.050370292,26047,112888129,3.000000,296.000000
construct/filtered_aggregate,4334,4,1344,0.050696917,26510,114896454,3.000000,296.000000
construct/filtered_aggregate,4334,5,1344,0.050699958,26509,114889563,3.000000,296.000000
construct/filtered_aggregate,4334,6,1344,0.051061541,26321,114075993,3.000000,296.000000
construct/mapped_objects,36190,0,192,0.054536208,3521,127410399,1536.000000,151552.000000
construct/mapped_objects,36190,1,192,0.054484167,3524,127532096,1536.000000,151552.000000
construct/mapped_objects,36190,2,192,0.054415292,3528,127693517,1536.000000,151552.000000
construct/mapped_objects,36190,3,192,0.054170542,3544,128270454,1536.000000,151552.000000
construct/mapped_objects,36190,4,192,0.054144500,3546,128332148,1536.000000,151552.000000
construct/mapped_objects,36190,5,192,0.054318500,3535,127921058,1536.000000,151552.000000
construct/mapped_objects,36190,6,192,0.054336375,3534,127878976,1536.000000,151552.000000
construct/collected_objects,36190,0,192,0.054784709,3505,126832471,1546.000000,176104.000000
construct/collected_objects,36190,1,192,0.054735500,3508,126946497,1546.000000,176104.000000
construct/collected_objects,36190,2,192,0.054664500,3512,127111379,1546.000000,176104.000000
construct/collected_objects,36190,3,192,0.054820625,3502,126749376,1546.000000,176104.000000
construct/collected_objects,36190,4,192,0.054753459,3507,126904859,1546.000000,176104.000000
construct/collected_objects,36190,5,192,0.054316000,3535,127926946,1546.000000,176104.000000
construct/collected_objects,36190,6,192,0.054578958,3518,127310602,1546.000000,176104.000000
construct/collected_write,36190,0,192,0.059650333,3219,116486860,1546.000000,176104.000000
construct/collected_write,36190,1,192,0.059730250,3214,116331005,1546.000000,176104.000000
construct/collected_write,36190,2,192,0.059825917,3209,116144981,1546.000000,176104.000000
construct/collected_write,36190,3,192,0.059765583,3213,116262231,1546.000000,176104.000000
construct/collected_write,36190,4,192,0.059922208,3204,115958344,1546.000000,176104.000000
construct/collected_write,36190,5,192,0.059807250,3210,116181232,1546.000000,176104.000000
construct/collected_write,36190,6,192,0.059833125,3209,116130989,1546.000000,176104.000000
construct/filtered_aggregate,36190,0,192,0.058273000,3295,119240128,3.000000,296.000000
construct/filtered_aggregate,36190,1,192,0.057916541,3315,119974016,3.000000,296.000000
construct/filtered_aggregate,36190,2,192,0.058948208,3257,117874321,3.000000,296.000000
construct/filtered_aggregate,36190,3,192,0.057992042,3311,119817819,3.000000,296.000000
construct/filtered_aggregate,36190,4,192,0.058049666,3308,119698880,3.000000,296.000000
construct/filtered_aggregate,36190,5,192,0.058958500,3257,117853745,3.000000,296.000000
construct/filtered_aggregate,36190,6,192,0.059166042,3245,117440338,3.000000,296.000000
construct/mapped_objects,624958,0,32,0.147499959,217,135584146,24576.000000,2424832.000000
construct/mapped_objects,624958,1,32,0.148198250,216,134945291,24576.000000,2424832.000000
construct/mapped_objects,624958,2,32,0.146926333,218,136113490,24576.000000,2424832.000000
construct/mapped_objects,624958,3,32,0.147721167,217,135381113,24576.000000,2424832.000000
construct/mapped_objects,624958,4,32,0.147268084,217,135797625,24576.000000,2424832.000000
construct/mapped_objects,624958,5,32,0.147056625,218,135992894,24576.000000,2424832.000000
construct/mapped_objects,624958,6,32,0.147337000,217,135734106,24576.000000,2424832.000000
construct/collected_objects,624958,0,32,0.146893833,218,136143605,24590.000000,2818024.000000
construct/collected_objects,624958,1,32,0.147311875,217,135757257,24590.000000,2818024.000000
construct/collected_objects,624958,2,32,0.147732875,217,135370384,24590.000000,2818024.000000
construct/collected_objects,624958,3,32,0.147770958,217,135335497,24590.000000,2818024.000000
construct/collected_objects,624958,4,32,0.147622833,217,135471293,24590.000000,2818024.000000
construct/collected_objects,624958,5,32,0.147913333,216,135205229,24590.000000,2818024.000000
construct/collected_objects,624958,6,32,0.147850167,216,135262992,24590.000000,2818024.000000
construct/collected_write,624958,0,32,0.163339792,196,122435910,24590.000000,2818024.000000
construct/collected_write,624958,1,32,0.162792208,197,122847747,24590.000000,2818024.000000
construct/collected_write,624958,2,32,0.162165917,197,123322190,24590.000000,2818024.000000
construct/collected_write,624958,3,32,0.162112125,197,123363111,24590.000000,2818024.000000
construct/collected_write,624958,4,32,0.162482917,197,123081591,24590.000000,2818024.000000
construct/collected_write,624958,5,32,0.162176167,197,123314396,24590.000000,2818024.000000
construct/collected_write,624958,6,32,0.161534042,198,123804591,24590.000000,2818024.000000
construct/filtered_aggregate,624958,0,32,0.159608958,200,125297829,3.000000,296.000000
construct/filtered_aggregate,624958,1,32,0.158930125,201,125833010,3.000000,296.000000
construct/filtered_aggregate,624958,2,32,0.158534792,202,126146796,3.000000,296.000000
construct/filtered_aggregate,624958,3,32,0.157740625,203,126781899,3.000000,296.000000
construct/filtered_aggregate,624958,4,32,0.160802125,199,124368108,3.000000,296.000000
construct/filtered_aggregate,624958,5,32,0.158675667,202,126034800,3.000000,296.000000
construct/filtered_aggregate,624958,6,32,0.160555375,199,124559243,3.000000,296.000000
construct/nested_summary,1036,0,1888,0.050629541,37290,38632940,3.000000,296.000000
construct/nested_summary,1036,1,1888,0.050505541,37382,38727790,3.000000,296.000000
construct/nested_summary,1036,2,1888,0.050449500,37424,38770810,3.000000,296.000000
construct/nested_summary,1036,3,1888,0.050382292,37473,38822529,3.000000,296.000000
construct/nested_summary,1036,4,1888,0.050330375,37512,38862576,3.000000,296.000000
construct/nested_summary,1036,5,1888,0.050536666,37359,38703938,3.000000,296.000000
construct/nested_summary,1036,6,1856,0.050171500,36993,38324866,3.000000,296.000000
construct/nested_summary,16396,0,128,0.053149750,2408,39486319,3.000000,296.000000
construct/nested_summary,16396,1,128,0.053053708,2413,39557801,3.000000,296.000000
construct/nested_summary,16396,2,128,0.052911167,2419,39664368,3.000000,296.000000
construct/nested_summary,16396,3,128,0.052933834,2418,39647383,3.000000,296.000000
construct/nested_summary,16396,4,128,0.052913000,2419,39662994,3.000000,296.000000
construct/nested_summary,16396,5,128,0.052866875,2421,39697599,3.000000,296.000000
construct/nested_summary,16396,6,128,0.052828708,2423,39726279,3.000000,296.000000
construct/nested_summary,1048588,0,32,0.842033750,38,39849728,3.000000,296.000000
construct/nested_summary,1048588,1,32,0.842547875,38,39825412,3.000000,296.000000
construct/nested_summary,1048588,2,32,0.842209458,38,39841414,3.000000,296.000000
construct/nested_summary,1048588,3,32,0.844931916,38,39713041,3.000000,296.000000
construct/nested_summary,1048588,4,32,0.850559500,38,39450287,3.000000,296.000000
construct/nested_summary,1048588,5,32,0.845945375,38,39665464,3.000000,296.000000
construct/nested_summary,1048588,6,32,0.845327375,38,39694463,3.000000,296.000000
compile/lexical,0,0,38272,0.050033916,764921,0,40.000000,3016.000000
compile/lexical,0,1,38848,0.050013125,776756,0,40.000000,3016.000000
compile/lexical,0,2,38848,0.050007416,776845,0,40.000000,3016.000000
compile/lexical,0,3,38848,0.050029500,776502,0,40.000000,3016.000000
compile/lexical,0,4,39104,0.050013666,781866,0,40.000000,3016.000000
compile/lexical,0,5,39008,0.050033125,779643,0,40.000000,3016.000000
compile/lexical,0,6,39040,0.050037459,780215,0,40.000000,3016.000000
lexical/lookup,100,0,150208,0.050002417,3004015,300401479,5.000000,504.000000
lexical/lookup,100,1,151872,0.050005291,3037119,303711861,5.000000,504.000000
lexical/lookup,100,2,151936,0.050004500,3038447,303844654,5.000000,504.000000
lexical/lookup,100,3,150624,0.050000167,3012470,301246994,5.000000,504.000000
lexical/lookup,100,4,152352,0.050004583,3046761,304676073,5.000000,504.000000
lexical/lookup,100,5,152640,0.050004375,3052533,305253290,5.000000,504.000000
lexical/lookup,100,6,152416,0.050000417,3048295,304829458,5.000000,504.000000
lexical/repeated_binding,100,0,124576,0.050000959,2491472,249147221,5.000000,504.000000
lexical/repeated_binding,100,1,125216,0.050008375,2503901,250390060,5.000000,504.000000
lexical/repeated_binding,100,2,122560,0.050000042,2451198,245119794,5.000000,504.000000
lexical/repeated_binding,100,3,123840,0.050012459,2476183,247618298,5.000000,504.000000
lexical/repeated_binding,100,4,124288,0.050004375,2485543,248554252,5.000000,504.000000
lexical/repeated_binding,100,5,124832,0.050001917,2496544,249654428,5.000000,504.000000
lexical/repeated_binding,100,6,124416,0.050005500,2488046,248804631,5.000000,504.000000
lexical/retained_sequence,100,0,91424,0.050000166,1828474,182847393,7.000000,648.000000
lexical/retained_sequence,100,1,90624,0.050001834,1812414,181241352,7.000000,648.000000
lexical/retained_sequence,100,2,91392,0.050017291,1827208,182720811,7.000000,648.000000
lexical/retained_sequence,100,3,91424,0.050006708,1828235,182823472,7.000000,648.000000
lexical/retained_sequence,100,4,91488,0.050005334,1829565,182956482,7.000000,648.000000
lexical/retained_sequence,100,5,91520,0.050012042,1829959,182995927,7.000000,648.000000
lexical/retained_sequence,100,6,92160,0.050008250,1842896,184289592,7.000000,648.000000
lexical/closure_call,100,0,81152,0.050002375,1622963,162296291,8.000000,768.000000
lexical/closure_call,100,1,82304,0.050014083,1645616,164561650,8.000000,768.000000
lexical/closure_call,100,2,81920,0.050012875,1637978,163797822,8.000000,768.000000
lexical/closure_call,100,3,80992,0.050014583,1619368,161936770,8.000000,768.000000
lexical/closure_call,100,4,81184,0.050012958,1623259,162325932,8.000000,768.000000
lexical/closure_call,100,5,82048,0.050018417,1640356,164035579,8.000000,768.000000
lexical/closure_call,100,6,82080,0.050000458,1641585,164158496,8.000000,768.000000
lexical/escaped_closure,100,0,73152,0.050005250,1462886,146288640,11.000000,1032.000000
lexical/escaped_closure,100,1,72640,0.050000250,1452793,145279274,11.000000,1032.000000
lexical/escaped_closure,100,2,72672,0.050020084,1452856,145285642,11.000000,1032.000000
lexical/escaped_closure,100,3,72928,0.050018375,1458024,145802418,11.000000,1032.000000
lexical/escaped_closure,100,4,72896,0.050011334,1457590,145758959,11.000000,1032.000000
lexical/escaped_closure,100,5,73088,0.050014500,1461336,146133621,11.000000,1032.000000
lexical/escaped_closure,100,6,72704,0.050011416,1453748,145374808,11.000000,1032.000000
lexical/mixed,100,0,40992,0.050016250,819574,81957364,14.000000,1480.000000
lexical/mixed,100,1,41024,0.050030541,819979,81997914,14.000000,1480.000000
lexical/mixed,100,2,40928,0.050000750,818548,81854772,14.000000,1480.000000
lexical/mixed,100,3,41280,0.050037000,824990,82498951,14.000000,1480.000000
lexical/mixed,100,4,41216,0.050019375,824001,82400070,14.000000,1480.000000
lexical/mixed,100,5,41344,0.050006792,826768,82676769,14.000000,1480.000000
lexical/mixed,100,6,41344,0.050022583,826507,82650670,14.000000,1480.000000
lexical/lookup,500,0,66752,0.050002667,1334969,667484396,5.000000,504.000000
lexical/lookup,500,1,66944,0.050018375,1338388,669194071,5.000000,504.000000
lexical/lookup,500,2,67072,0.050011791,1341124,670561868,5.000000,504.000000
lexical/lookup,500,3,66688,0.050009583,1333504,666752210,5.000000,504.000000
lexical/lookup,500,4,66688,0.050016917,1333309,666654444,5.000000,504.000000
lexical/lookup,500,5,66624,0.050013333,1332125,666062388,5.000000,504.000000
lexical/lookup,500,6,66592,0.050002750,1331767,665883376,5.000000,504.000000
lexical/repeated_binding,500,0,60512,0.050002166,1210188,605093787,5.000000,504.000000
lexical/repeated_binding,500,1,60832,0.050001917,1216593,608296678,5.000000,504.000000
lexical/repeated_binding,500,2,60736,0.050007459,1214539,607269408,5.000000,504.000000
lexical/repeated_binding,500,3,60672,0.050013291,1213118,606558765,5.000000,504.000000
lexical/repeated_binding,500,4,60480,0.050012667,1209294,604646819,5.000000,504.000000
lexical/repeated_binding,500,5,60384,0.050005583,1207545,603772583,5.000000,504.000000
lexical/repeated_binding,500,6,60128,0.050003500,1202476,601237913,5.000000,504.000000
lexical/retained_sequence,500,0,51552,0.050014833,1030734,515367111,7.000000,648.000000
lexical/retained_sequence,500,1,51520,0.050026083,1029863,514931381,7.000000,648.000000
lexical/retained_sequence,500,2,51616,0.050028750,1031727,515863379,7.000000,648.000000
lexical/retained_sequence,500,3,51520,0.050005166,1030294,515146775,7.000000,648.000000
lexical/retained_sequence,500,4,51648,0.050026708,1032409,516204264,7.000000,648.000000
lexical/retained_sequence,500,5,51776,0.050027250,1034956,517477975,7.000000,648.000000
lexical/retained_sequence,500,6,51744,0.050012959,1034612,517305925,7.000000,648.000000
lexical/closure_call,500,0,40064,0.050026500,800856,400427773,8.000000,768.000000
lexical/closure_call,500,1,40512,0.050018625,809938,404969149,8.000000,768.000000
lexical/closure_call,500,2,40160,0.050004917,803121,401560511,8.000000,768.000000
lexical/closure_call,500,3,40192,0.050027166,803403,401701747,8.000000,768.000000
lexical/closure_call,500,4,40160,0.050036417,802615,401307712,8.000000,768.000000
lexical/closure_call,500,5,40128,0.050007083,802446,401223163,8.000000,768.000000
lexical/closure_call,500,6,40256,0.050007458,805000,402499963,8.000000,768.000000
lexical/escaped_closure,500,0,37472,0.050042208,748808,374403943,11.000000,1032.000000
lexical/escaped_closure,500,1,37632,0.050002500,752602,376301185,11.000000,1032.000000
lexical/escaped_closure,500,2,37568,0.050030792,750898,375448784,11.000000,1032.000000
lexical/escaped_closure,500,3,37504,0.050032459,749593,374796689,11.000000,1032.000000
lexical/escaped_closure,500,4,37600,0.050027958,751580,375789873,11.000000,1032.000000
lexical/escaped_closure,500,5,37632,0.050019875,752341,376170472,11.000000,1032.000000
lexical/escaped_closure,500,6,37696,0.050005583,753836,376917913,11.000000,1032.000000
lexical/mixed,500,0,26720,0.050053250,533831,266915735,14.000000,1480.000000
lexical/mixed,500,1,26784,0.050038709,535266,267632804,14.000000,1480.000000
lexical/mixed,500,2,26720,0.050001625,534383,267191316,14.000000,1480.000000
lexical/mixed,500,3,26848,0.050038083,536551,268275665,14.000000,1480.000000
lexical/mixed,500,4,26784,0.050019708,535469,267734470,14.000000,1480.000000
lexical/mixed,500,5,26880,0.050028083,537298,268649111,14.000000,1480.000000
lexical/mixed,500,6,26880,0.050016208,537426,268712894,14.000000,1480.000000
lexical/lookup,1024,0,39072,0.050019125,781141,799888603,5.000000,504.000000
lexical/lookup,1024,1,39104,0.050029292,781622,800381025,5.000000,504.000000
lexical/lookup,1024,2,39648,0.050007625,792839,811867230,5.000000,504.000000
lexical/lookup,1024,3,39264,0.050012209,785088,803930416,5.000000,504.000000
lexical/lookup,1024,4,39168,0.050011709,783177,801972834,5.000000,504.000000
lexical/lookup,1024,5,39200,0.050022833,783642,802449553,5.000000,504.000000
lexical/lookup,1024,6,39264,0.050038041,784683,803515389,5.000000,504.000000
lexical/repeated_binding,1024,0,37248,0.050017792,744695,762567688,5.000000,504.000000
lexical/repeated_binding,1024,1,36960,0.050026667,738806,756537308,5.000000,504.000000
lexical/repeated_binding,1024,2,36768,0.050020958,735052,752693141,5.000000,504.000000
lexical/repeated_binding,1024,3,36800,0.050011166,735836,753495729,5.000000,504.000000
lexical/repeated_binding,1024,4,36864,0.050042125,736659,754339189,5.000000,504.000000
lexical/repeated_binding,1024,5,36864,0.050010208,737130,754820616,5.000000,504.000000
lexical/repeated_binding,1024,6,36896,0.050029709,737482,755181366,5.000000,504.000000
lexical/retained_sequence,1024,0,33920,0.050008000,678291,694570469,7.000000,648.000000
lexical/retained_sequence,1024,1,33184,0.050010250,663544,679469029,7.000000,648.000000
lexical/retained_sequence,1024,2,33280,0.050002833,665562,681535784,7.000000,648.000000
lexical/retained_sequence,1024,3,33280,0.050010291,665463,681434147,7.000000,648.000000
lexical/retained_sequence,1024,4,33408,0.050024959,667827,683854474,7.000000,648.000000
lexical/retained_sequence,1024,5,33472,0.050031417,669020,685076099,7.000000,648.000000
lexical/retained_sequence,1024,6,33248,0.050040209,664426,680371899,7.000000,648.000000
lexical/closure_call,1024,0,24480,0.050016375,489440,501186261,8.000000,768.000000
lexical/closure_call,1024,1,24544,0.050036500,490522,502294445,8.000000,768.000000
lexical/closure_call,1024,2,24512,0.050035542,489892,501649168,8.000000,768.000000
lexical/closure_call,1024,3,24672,0.050026458,493179,505015326,8.000000,768.000000
lexical/closure_call,1024,4,24352,0.050062125,486436,498110058,8.000000,768.000000
lexical/closure_call,1024,5,24416,0.050024541,488080,499794371,8.000000,768.000000
lexical/closure_call,1024,6,24416,0.050031375,488014,499726102,8.000000,768.000000
lexical/escaped_closure,1024,0,23424,0.050049000,468021,479253851,11.000000,1032.000000
lexical/escaped_closure,1024,1,23936,0.050036667,478369,489850053,11.000000,1032.000000
lexical/escaped_closure,1024,2,23680,0.050066583,472970,484321448,11.000000,1032.000000
lexical/escaped_closure,1024,3,23648,0.050062084,472373,483710426,11.000000,1032.000000
lexical/escaped_closure,1024,4,23584,0.050010792,471578,482896092,11.000000,1032.000000
lexical/escaped_closure,1024,5,23584,0.050035708,471343,482655627,11.000000,1032.000000
lexical/escaped_closure,1024,6,23552,0.050013083,470917,482218783,11.000000,1032.000000
lexical/mixed,1024,0,19008,0.050013708,380056,389177143,14.000000,1480.000000
lexical/mixed,1024,1,18880,0.050080167,376996,386043441,14.000000,1480.000000
lexical/mixed,1024,2,18880,0.050015208,377485,386544829,14.000000,1480.000000
lexical/mixed,1024,3,18848,0.050069166,376439,385473806,14.000000,1480.000000
lexical/mixed,1024,4,18848,0.050023125,376786,385828594,14.000000,1480.000000
lexical/mixed,1024,5,18880,0.050074333,377039,386088418,14.000000,1480.000000
lexical/mixed,1024,6,18944,0.050041167,378568,387653949,14.000000,1480.000000
lexical/lookup,10240,0,4736,0.050176833,94386,966514567,5.000000,504.000000
lexical/lookup,10240,1,4704,0.050007750,94065,963229899,5.000000,504.000000
lexical/lookup,10240,2,4736,0.050229208,94288,965506763,5.000000,504.000000
lexical/lookup,10240,3,4704,0.050063875,93960,962150053,5.000000,504.000000
lexical/lookup,10240,4,4736,0.050147041,94442,967088766,5.000000,504.000000
lexical/lookup,10240,5,4704,0.050087500,93916,961696232,5.000000,504.000000
lexical/lookup,10240,6,4736,0.050305208,94145,964048096,5.000000,504.000000
lexical/repeated_binding,10240,0,4672,0.050201417,93065,952986646,5.000000,504.000000
lexical/repeated_binding,10240,1,4704,0.050296334,93526,957703200,5.000000,504.000000
lexical/repeated_binding,10240,2,4672,0.050064250,93320,955597657,5.000000,504.000000
lexical/repeated_binding,10240,3,4704,0.050242083,93627,958737320,5.000000,504.000000
lexical/repeated_binding,10240,4,4736,0.050125625,94483,967501951,5.000000,504.000000
lexical/repeated_binding,10240,5,4672,0.050090000,93272,955106408,5.000000,504.000000
lexical/repeated_binding,10240,6,4672,0.050107917,93239,954764893,5.000000,504.000000
lexical/retained_sequence,10240,0,4608,0.050016292,92130,943410999,7.000000,648.000000
lexical/retained_sequence,10240,1,4608,0.050065666,92039,942480621,7.000000,648.000000
lexical/retained_sequence,10240,2,4640,0.050007750,92786,950124731,7.000000,648.000000
lexical/retained_sequence,10240,3,4608,0.050000084,92160,943716815,7.000000,648.000000
lexical/retained_sequence,10240,4,4608,0.050019584,92124,943348909,7.000000,648.000000
lexical/retained_sequence,10240,5,4608,0.050211500,91772,939743286,7.000000,648.000000
lexical/retained_sequence,10240,6,4608,0.050057083,92055,942642223,7.000000,648.000000
lexical/closure_call,10240,0,3168,0.050194083,63115,646297692,8.000000,768.000000
lexical/closure_call,10240,1,3136,0.050086667,62611,641141484,8.000000,768.000000
lexical/closure_call,10240,2,3136,0.050145583,62538,640388207,8.000000,768.000000
lexical/closure_call,10240,3,3136,0.050148583,62534,640349898,8.000000,768.000000
lexical/closure_call,10240,4,3168,0.050098167,63236,647535068,8.000000,768.000000
lexical/closure_call,10240,5,3168,0.050501084,62731,642368786,8.000000,768.000000
lexical/closure_call,10240,6,3136,0.050184250,62490,639894788,8.000000,768.000000
lexical/escaped_closure,10240,0,3136,0.050367625,62262,637565103,11.000000,1032.000000
lexical/escaped_closure,10240,1,3136,0.050426875,62189,636815984,11.000000,1032.000000
lexical/escaped_closure,10240,2,3136,0.050238542,62422,639203264,11.000000,1032.000000
lexical/escaped_closure,10240,3,3168,0.050367375,62898,644074066,11.000000,1032.000000
lexical/escaped_closure,10240,4,3136,0.050292375,62355,638519060,11.000000,1032.000000
lexical/escaped_closure,10240,5,3136,0.050464458,62143,636341720,11.000000,1032.000000
lexical/escaped_closure,10240,6,3136,0.050434541,62180,636719188,11.000000,1032.000000
lexical/mixed,10240,0,3040,0.050519167,60175,616193850,14.000000,1480.000000
lexical/mixed,10240,1,3040,0.050005625,60793,622521966,14.000000,1480.000000
lexical/mixed,10240,2,3040,0.050330167,60401,618507783,14.000000,1480.000000
lexical/mixed,10240,3,3040,0.050431417,60280,617266019,14.000000,1480.000000
lexical/mixed,10240,4,3040,0.050426917,60285,617321103,14.000000,1480.000000
lexical/mixed,10240,5,3040,0.050448250,60260,617060057,14.000000,1480.000000
lexical/mixed,10240,6,3008,0.050020291,60136,615788501,14.000000,1480.000000
lexical/lookup,65536,0,768,0.051094291,15031,985073812,5.000000,504.000000
lexical/lookup,65536,1,768,0.050703625,15147,992663700,5.000000,504.000000
lexical/lookup,65536,2,768,0.050210167,15296,1002419450,5.000000,504.000000
lexical/lookup,65536,3,768,0.050955667,15072,987753688,5.000000,504.000000
lexical/lookup,65536,4,768,0.051172667,15008,983565074,5.000000,504.000000
lexical/lookup,65536,5,768,0.051079542,15035,985358248,5.000000,504.000000
lexical/lookup,65536,6,768,0.051171708,15008,983583507,5.000000,504.000000
lexical/repeated_binding,65536,0,768,0.050695416,15149,992824440,5.000000,504.000000
lexical/repeated_binding,65536,1,768,0.050906458,15086,988708505,5.000000,504.000000
lexical/repeated_binding,65536,2,768,0.051050125,15044,985926048,5.000000,504.000000
lexical/repeated_binding,65536,3,768,0.051058666,15042,985761124,5.000000,504.000000
lexical/repeated_binding,65536,4,768,0.051078750,15036,985373526,5.000000,504.000000
lexical/repeated_binding,65536,5,768,0.051174666,15007,983526654,5.000000,504.000000
lexical/repeated_binding,65536,6,768,0.051176208,15007,983497019,5.000000,504.000000
lexical/retained_sequence,65536,0,768,0.051304541,14969,981036903,7.000000,648.000000
lexical/retained_sequence,65536,1,768,0.051267292,14980,981749689,7.000000,648.000000
lexical/retained_sequence,65536,2,768,0.051370667,14950,979774080,7.000000,648.000000
lexical/retained_sequence,65536,3,768,0.051262125,14982,981848646,7.000000,648.000000
lexical/retained_sequence,65536,4,768,0.051256333,14984,981959595,7.000000,648.000000
lexical/retained_sequence,65536,5,768,0.051310041,14968,980931744,7.000000,648.000000
lexical/retained_sequence,65536,6,768,0.051313708,14967,980861644,7.000000,648.000000
lexical/closure_call,65536,0,512,0.050148750,10210,669098073,8.000000,768.000000
lexical/closure_call,65536,1,512,0.050795667,10080,660576659,8.000000,768.000000
lexical/closure_call,65536,2,512,0.050960166,10047,658444323,8.000000,768.000000
lexical/closure_call,65536,3,512,0.050697750,10099,661852489,8.000000,768.000000
lexical/closure_call,65536,4,512,0.050573667,10124,663476350,8.000000,768.000000
lexical/closure_call,65536,5,512,0.050466334,10145,664887448,8.000000,768.000000
lexical/closure_call,65536,6,512,0.050872167,10064,659583304,8.000000,768.000000
lexical/escaped_closure,65536,0,512,0.050921916,10055,658938913,11.000000,1032.000000
lexical/escaped_closure,65536,1,512,0.050922584,10054,658930270,11.000000,1032.000000
lexical/escaped_closure,65536,2,512,0.050965125,10046,658380255,11.000000,1032.000000
lexical/escaped_closure,65536,3,512,0.050964084,10046,658393703,11.000000,1032.000000
lexical/escaped_closure,65536,4,512,0.050514792,10136,664249632,11.000000,1032.000000
lexical/escaped_closure,65536,5,512,0.050953334,10048,658532609,11.000000,1032.000000
lexical/escaped_closure,65536,6,512,0.050895167,10060,659285232,11.000000,1032.000000
lexical/mixed,65536,0,512,0.051217292,9997,655138737,14.000000,1480.000000
lexical/mixed,65536,1,512,0.050558292,10127,663678116,14.000000,1480.000000
lexical/mixed,65536,2,512,0.051253875,9989,654671125,14.000000,1480.000000
lexical/mixed,65536,3,512,0.051229084,9994,654987936,14.000000,1480.000000
lexical/mixed,65536,4,512,0.051228542,9994,654994866,14.000000,1480.000000
lexical/mixed,65536,5,512,0.051291334,9982,654193007,14.000000,1480.000000
lexical/mixed,65536,6,512,0.051176333,10005,655663078,14.000000,1480.000000
lexical/lookup,1048576,0,64,0.067827875,944,989399476,5.000000,504.000000
lexical/lookup,1048576,1,64,0.067164500,953,999171646,5.000000,504.000000
lexical/lookup,1048576,2,64,0.067597583,947,992770170,5.000000,504.000000
lexical/lookup,1048576,3,64,0.067858959,943,988946264,5.000000,504.000000
lexical/lookup,1048576,4,64,0.067904375,943,988284834,5.000000,504.000000
lexical/lookup,1048576,5,64,0.067533083,948,993718353,5.000000,504.000000
lexical/lookup,1048576,6,64,0.067903333,943,988300000,5.000000,504.000000
lexical/repeated_binding,1048576,0,64,0.066947625,956,1002408435,5.000000,504.000000
lexical/repeated_binding,1048576,1,64,0.067777459,944,990135437,5.000000,504.000000
lexical/repeated_binding,1048576,2,64,0.067911833,942,988176302,5.000000,504.000000
lexical/repeated_binding,1048576,3,64,0.067923708,942,988003541,5.000000,504.000000
lexical/repeated_binding,1048576,4,64,0.067894041,943,988435259,5.000000,504.000000
lexical/repeated_binding,1048576,5,64,0.067849875,943,989078668,5.000000,504.000000
lexical/repeated_binding,1048576,6,64,0.067587208,947,992922566,5.000000,504.000000
lexical/retained_sequence,1048576,0,64,0.067825708,944,989431087,7.000000,648.000000
lexical/retained_sequence,1048576,1,64,0.067287833,951,997340247,7.000000,648.000000
lexical/retained_sequence,1048576,2,64,0.067854333,943,989013686,7.000000,648.000000
lexical/retained_sequence,1048576,3,64,0.067911333,942,988183578,7.000000,648.000000
lexical/retained_sequence,1048576,4,64,0.067192500,952,998755278,7.000000,648.000000
lexical/retained_sequence,1048576,5,64,0.067843167,943,989176463,7.000000,648.000000
lexical/retained_sequence,1048576,6,64,0.067887458,943,988531107,7.000000,648.000000
lexical/closure_call,1048576,0,32,0.050772000,630,660884582,8.000000,768.000000
lexical/closure_call,1048576,1,32,0.050603667,632,663083013,8.000000,768.000000
lexical/closure_call,1048576,2,32,0.050722208,631,661533346,8.000000,768.000000
lexical/closure_call,1048576,3,32,0.050646417,632,662523313,8.000000,768.000000
lexical/closure_call,1048576,4,32,0.050675875,631,662138187,8.000000,768.000000
lexical/closure_call,1048576,5,32,0.050021625,640,670798520,8.000000,768.000000
lexical/closure_call,1048576,6,32,0.050674250,631,662159420,8.000000,768.000000
lexical/escaped_closure,1048576,0,32,0.050590000,633,663262147,11.000000,1032.000000
lexical/escaped_closure,1048576,1,32,0.050138875,638,669229854,11.000000,1032.000000
lexical/escaped_closure,1048576,2,32,0.050534084,633,663996047,11.000000,1032.000000
lexical/escaped_closure,1048576,3,32,0.050335542,636,666615093,11.000000,1032.000000
lexical/escaped_closure,1048576,4,32,0.050655916,632,662399077,11.000000,1032.000000
lexical/escaped_closure,1048576,5,32,0.050690542,631,661946601,11.000000,1032.000000
lexical/escaped_closure,1048576,6,32,0.050620167,632,662866877,11.000000,1032.000000
lexical/mixed,1048576,0,64,0.100497750,637,667764841,14.000000,1480.000000
lexical/mixed,1048576,1,32,0.050199542,637,668421078,14.000000,1480.000000
lexical/mixed,1048576,2,32,0.050470542,634,664832012,14.000000,1480.000000
lexical/mixed,1048576,3,32,0.050629875,632,662739776,14.000000,1480.000000
lexical/mixed,1048576,4,64,0.100580500,636,667215454,14.000000,1480.000000
lexical/mixed,1048576,5,32,0.050647333,632,662511331,14.000000,1480.000000
lexical/mixed,1048576,6,32,0.050581250,633,663376884,14.000000,1480.000000
lexical/mapped_calls,106,0,26880,0.050019250,537393,56963669,25.000000,2392.000000
lexical/mapped_calls,106,1,27104,0.050051209,541525,57401690,25.000000,2392.000000
lexical/mapped_calls,106,2,27200,0.050056250,543389,57599201,25.000000,2392.000000
lexical/mapped_calls,106,3,27232,0.050023416,544385,57704816,25.000000,2392.000000
lexical/mapped_calls,106,4,27328,0.050023500,546303,57908143,25.000000,2392.000000
lexical/mapped_calls,106,5,27232,0.050022917,544390,57705391,25.000000,2392.000000
lexical/mapped_calls,106,6,27232,0.050057792,544011,57665188,25.000000,2392.000000
lexical/repeated_projection,106,0,48832,0.050007167,976500,103509003,8.000000,840.000000
lexical/repeated_projection,106,1,48704,0.050006417,973955,103239230,8.000000,840.000000
lexical/repeated_projection,106,2,48736,0.050032417,974088,103253377,8.000000,840.000000
lexical/repeated_projection,106,3,48896,0.050028834,977356,103599776,8.000000,840.000000
lexical/repeated_projection,106,4,48800,0.050010666,975792,103433935,8.000000,840.000000
lexical/repeated_projection,106,5,48672,0.050006375,973316,103171486,8.000000,840.000000
lexical/repeated_projection,106,6,48608,0.050007958,972005,103032561,8.000000,840.000000
lexical/mapped_calls,1692,0,2176,0.050091667,43440,73501088,269.000000,30232.000000
lexical/mapped_calls,1692,1,2176,0.050049208,43477,73563442,269.000000,30232.000000
lexical/mapped_calls,1692,2,2208,0.050374083,43832,74163851,269.000000,30232.000000
lexical/mapped_calls,1692,3,2208,0.050230167,43958,74376340,269.000000,30232.000000
lexical/mapped_calls,1692,4,2208,0.050407792,43803,74114256,269.000000,30232.000000
lexical/mapped_calls,1692,5,2208,0.050435583,43779,74073418,269.000000,30232.000000
lexical/mapped_calls,1692,6,2208,0.050346208,43856,74204913,269.000000,30232.000000
lexical/repeated_projection,1692,0,4416,0.050116542,88115,149089935,12.000000,6600.000000
lexical/repeated_projection,1692,1,4448,0.050275416,88473,149695748,12.000000,6600.000000
lexical/repeated_projection,1692,2,4480,0.050355750,88967,150532164,12.000000,6600.000000
lexical/repeated_projection,1692,3,4480,0.050177083,89284,151068168,12.000000,6600.000000
lexical/repeated_projection,1692,4,4448,0.050076084,88825,150291624,12.000000,6600.000000
lexical/repeated_projection,1692,5,4480,0.050194583,89253,151015499,12.000000,6600.000000
lexical/repeated_projection,1692,6,4480,0.050245209,89163,150863339,12.000000,6600.000000
lexical/mapped_calls,14260,0,288,0.051901458,5549,79128413,2064.000000,238104.000000
lexical/mapped_calls,14260,1,288,0.051833959,5556,79231455,2064.000000,238104.000000
lexical/mapped_calls,14260,2,288,0.051992625,5539,78989664,2064.000000,238104.000000
lexical/mapped_calls,14260,3,288,0.051969250,5542,79025193,2064.000000,238104.000000
lexical/mapped_calls,14260,4,288,0.051634292,5578,79537839,2064.000000,238104.000000
lexical/mapped_calls,14260,5,288,0.051301334,5614,80054059,2064.000000,238104.000000
lexical/mapped_calls,14260,6,288,0.051233833,5621,80159531,2064.000000,238104.000000
lexical/repeated_projection,14260,0,576,0.050606125,11382,162307626,15.000000,49608.000000
lexical/repeated_projection,14260,1,576,0.050360166,11438,163100336,15.000000,49608.000000
lexical/repeated_projection,14260,2,576,0.050303709,11450,163283387,15.000000,49608.000000
lexical/repeated_projection,14260,3,576,0.050360500,11438,163099254,15.000000,49608.000000
lexical/repeated_projection,14260,4,576,0.050239959,11465,163490579,15.000000,49608.000000
lexical/repeated_projection,14260,5,576,0.050145458,11487,163798683,15.000000,49608.000000
lexical/repeated_projection,14260,6,576,0.050272250,11458,163385566,15.000000,49608.000000
lexical/mapped_calls,251044,0,32,0.091569750,349,87729933,32788.000000,3801624.000000
lexical/mapped_calls,251044,1,32,0.091412625,350,87880728,32788.000000,3801624.000000
lexical/mapped_calls,251044,2,32,0.091111708,351,88170974,32788.000000,3801624.000000
lexical/mapped_calls,251044,3,32,0.091700625,349,87604725,32788.000000,3801624.000000
lexical/mapped_calls,251044,4,32,0.091549542,350,87749298,32788.000000,3801624.000000
lexical/mapped_calls,251044,5,32,0.091294333,351,87994597,32788.000000,3801624.000000
lexical/mapped_calls,251044,6,32,0.091297750,351,87991303,32788.000000,3801624.000000
lexical/repeated_projection,251044,0,64,0.090169167,710,178185255,19.000000,786888.000000
lexical/repeated_projection,251044,1,64,0.090660416,706,177219747,19.000000,786888.000000
lexical/repeated_projection,251044,2,64,0.090132250,710,178258237,19.000000,786888.000000
lexical/repeated_projection,251044,3,64,0.090003084,711,178514061,19.000000,786888.000000
lexical/repeated_projection,251044,4,64,0.089962958,711,178593683,19.000000,786888.000000
lexical/repeated_projection,251044,5,64,0.089101125,718,180321135,19.000000,786888.000000
lexical/repeated_projection,251044,6,64,0.088875417,720,180779079,19.000000,786888.000000
lexical/nested_retention,1036,0,3360,0.050095583,67072,69486366,10.000000,1992.000000
lexical/nested_retention,1036,1,3392,0.050447500,67238,69658794,10.000000,1992.000000
lexical/nested_retention,1036,2,3392,0.050239750,67516,69946845,10.000000,1992.000000
lexical/nested_retention,1036,3,3392,0.050220250,67542,69974005,10.000000,1992.000000
lexical/nested_retention,1036,4,3392,0.050076042,67737,70175514,10.000000,1992.000000
lexical/nested_retention,1036,5,3392,0.050359709,67355,69780228,10.000000,1992.000000
lexical/nested_retention,1036,6,3360,0.050158084,66988,69399780,10.000000,1992.000000
lexical/nested_retention,16396,0,224,0.050473125,4438,72765536,14.000000,25032.000000
lexical/nested_retention,16396,1,256,0.056929542,4497,73729313,14.000000,25032.000000
lexical/nested_retention,16396,2,256,0.056919958,4498,73741727,14.000000,25032.000000
lexical/nested_retention,16396,3,256,0.056993542,4492,73646519,14.000000,25032.000000
lexical/nested_retention,16396,4,224,0.050235792,4459,73109308,14.000000,25032.000000
lexical/nested_retention,16396,5,224,0.050097542,4471,73311062,14.000000,25032.000000
lexical/nested_retention,16396,6,256,0.056974083,4493,73671673,14.000000,25032.000000
lexical/nested_retention,1048588,0,32,0.454312459,70,73858454,20.000000,1573320.000000
lexical/nested_retention,1048588,1,32,0.456780500,70,73459388,20.000000,1573320.000000
lexical/nested_retention,1048588,2,32,0.455210208,70,73712793,20.000000,1573320.000000
lexical/nested_retention,1048588,3,32,0.454578042,70,73815303,20.000000,1573320.000000
lexical/nested_retention,1048588,4,32,0.457377625,70,73363484,20.000000,1573320.000000
lexical/nested_retention,1048588,5,32,0.454866875,70,73768432,20.000000,1573320.000000
lexical/nested_retention,1048588,6,32,0.455301208,70,73698061,20.000000,1573320.000000
compile/nested_fallback,0,0,16480,0.050005833,329562,0,113.000000,8089.000000
compile/nested_fallback,0,1,16416,0.050043041,328038,0,113.000000,8089.000000
compile/nested_fallback,0,2,16480,0.050026416,329426,0,113.000000,8089.000000
compile/nested_fallback,0,3,16544,0.050044084,330589,0,113.000000,8089.000000
compile/nested_fallback,0,4,16480,0.050084250,329046,0,113.000000,8089.000000
compile/nested_fallback,0,5,16512,0.050061166,329837,0,113.000000,8089.000000
compile/nested_fallback,0,6,16544,0.050089916,330286,0,113.000000,8089.000000
compile/navigation,0,0,28416,0.050043750,567823,0,55.000000,4655.000000
compile/navigation,0,1,28800,0.050013667,575843,0,55.000000,4655.000000
compile/navigation,0,2,28768,0.050020500,575124,0,55.000000,4655.000000
compile/navigation,0,3,28864,0.050052958,576669,0,55.000000,4655.000000
compile/navigation,0,4,28832,0.050007291,576556,0,55.000000,4655.000000
compile/navigation,0,5,28928,0.050042541,578068,0,55.000000,4655.000000
compile/navigation,0,6,28960,0.050024083,578921,0,55.000000,4655.000000
navigation/keep,100,0,85568,0.050007417,1711106,171110617,2.000000,144.000000
navigation/keep,100,1,87840,0.050013084,1756340,175634040,2.000000,144.000000
navigation/keep,100,2,87488,0.050016500,1749183,174918277,2.000000,144.000000
navigation/keep,100,3,86048,0.050013167,1720507,172050692,2.000000,144.000000
navigation/keep,100,4,85824,0.050017875,1715867,171586658,2.000000,144.000000
navigation/keep,100,5,86208,0.050005500,1723970,172397036,2.000000,144.000000
navigation/keep,100,6,86208,0.050023208,1723360,172336009,2.000000,144.000000
navigation/wildcard,100,0,55744,0.050002708,1114820,111481962,8.000000,1072.000000
navigation/wildcard,100,1,56160,0.050009000,1122998,112299786,8.000000,1072.000000
navigation/wildcard,100,2,55808,0.050016125,1115800,111580015,8.000000,1072.000000
navigation/wildcard,100,3,55712,0.050003792,1114156,111415550,8.000000,1072.000000
navigation/wildcard,100,4,56160,0.050019083,1122771,112277148,8.000000,1072.000000
navigation/wildcard,100,5,56448,0.050023542,1128429,112842869,8.000000,1072.000000
navigation/wildcard,100,6,57152,0.050008250,1142851,114285143,8.000000,1072.000000
navigation/descendants,100,0,39392,0.050018375,787551,78755058,8.000000,1072.000000
navigation/descendants,100,1,39264,0.050012291,785087,78508701,8.000000,1072.000000
navigation/descendants,100,2,39616,0.050025625,791914,79191414,8.000000,1072.000000
navigation/descendants,100,3,39904,0.050012042,797888,79788784,8.000000,1072.000000
navigation/descendants,100,4,39840,0.050030458,796315,79631492,8.000000,1072.000000
navigation/descendants,100,5,39904,0.050013708,797861,79786126,8.000000,1072.000000
navigation/descendants,100,6,39904,0.050009625,797926,79792640,8.000000,1072.000000
navigation/ordering,100,0,77344,0.050006875,1546667,154666733,6.000000,320.000000
navigation/ordering,100,1,78400,0.050015791,1567505,156750495,6.000000,320.000000
navigation/ordering,100,2,78304,0.050006875,1565865,156586469,6.000000,320.000000
navigation/ordering,100,3,78112,0.050001792,1562184,156218401,6.000000,320.000000
navigation/ordering,100,4,77760,0.050007042,1554981,155498100,6.000000,320.000000
navigation/ordering,100,5,78272,0.050001000,1565409,156540869,6.000000,320.000000
navigation/ordering,100,6,78528,0.050000500,1570544,157054429,6.000000,320.000000
navigation/grouping,100,0,64224,0.050014416,1284110,128410977,11.000000,824.000000
navigation/grouping,100,1,65152,0.050023375,1302431,130243111,11.000000,824.000000
navigation/grouping,100,2,65152,0.050012833,1302706,130270565,11.000000,824.000000
navigation/grouping,100,3,65056,0.050012834,1300786,130078611,11.000000,824.000000
navigation/grouping,100,4,64224,0.050019875,1283970,128396962,11.000000,824.000000
navigation/grouping,100,5,64480,0.050015583,1289198,128919821,11.000000,824.000000
navigation/grouping,100,6,64960,0.050013500,1298849,129884931,11.000000,824.000000
navigation/membership,100,0,79456,0.050010416,1588789,158878902,2.000000,32.000000
navigation/membership,100,1,79776,0.050017791,1594952,159495248,2.000000,32.000000
navigation/membership,100,2,81696,0.050007083,1633689,163368857,2.000000,32.000000
navigation/membership,100,3,80672,0.050019083,1612824,161282445,2.000000,32.000000
navigation/membership,100,4,81536,0.050016958,1630167,163016711,2.000000,32.000000
navigation/membership,100,5,81504,0.050018583,1629474,162947439,2.000000,32.000000
navigation/membership,100,6,80608,0.050017750,1611588,161158789,2.000000,32.000000
navigation/fallback,100,0,157664,0.050002167,3153143,315314334,0.000000,0.000000
navigation/fallback,100,1,158016,0.050002500,3160162,316016199,0.000000,0.000000
navigation/fallback,100,2,157152,0.050004209,3142775,314277544,0.000000,0.000000
navigation/fallback,100,3,158400,0.050002041,3167871,316787069,0.000000,0.000000
navigation/fallback,100,4,157504,0.050004417,3149802,314980175,0.000000,0.000000
navigation/fallback,100,5,157856,0.050008458,3156586,315658603,0.000000,0.000000
navigation/fallback,100,6,158816,0.050004166,3176055,317605537,0.000000,0.000000
navigation/mixed,100,0,56896,0.050017667,1137518,113751807,11.000000,968.000000
navigation/mixed,100,1,56896,0.050007958,1137739,113773892,11.000000,968.000000
navigation/mixed,100,2,56960,0.050010833,1138953,113895323,11.000000,968.000000
navigation/mixed,100,3,57056,0.050007834,1140941,114094124,11.000000,968.000000
navigation/mixed,100,4,56320,0.050023500,1125871,112587084,11.000000,968.000000
navigation/mixed,100,5,56320,0.050001667,1126362,112636245,11.000000,968.000000
navigation/mixed,100,6,56512,0.050000792,1130222,113022210,11.000000,968.000000
navigation/keep,500,0,50208,0.050005416,1004051,502025621,2.000000,144.000000
navigation/keep,500,1,50240,0.050010333,1004592,502296195,2.000000,144.000000
navigation/keep,500,2,50688,0.050010167,1013554,506776952,2.000000,144.000000
navigation/keep,500,3,50304,0.050016916,1005740,502869869,2.000000,144.000000
navigation/keep,500,4,50144,0.050024875,1002381,501190658,2.000000,144.000000
navigation/keep,500,5,50432,0.050015625,1008325,504162449,2.000000,144.000000
navigation/keep,500,6,49888,0.050016500,997431,498715424,2.000000,144.000000
navigation/wildcard,500,0,37792,0.050036750,755285,377642433,8.000000,1072.000000
navigation/wildcard,500,1,38048,0.050006958,760854,380427060,8.000000,1072.000000
navigation/wildcard,500,2,38208,0.050007291,764049,382024293,8.000000,1072.000000
navigation/wildcard,500,3,38336,0.050040208,766104,383051965,8.000000,1072.000000
navigation/wildcard,500,4,38496,0.050010500,769758,384879175,8.000000,1072.000000
navigation/wildcard,500,5,38240,0.050009334,764657,382328627,8.000000,1072.000000
navigation/wildcard,500,6,38464,0.050010584,769117,384558597,8.000000,1072.000000
navigation/descendants,500,0,23904,0.050025250,477839,238919346,8.000000,1072.000000
navigation/descendants,500,1,23872,0.050021166,477238,238618988,8.000000,1072.000000
navigation/descendants,500,2,23872,0.050008750,477356,238678231,8.000000,1072.000000
navigation/descendants,500,3,23456,0.050063333,468527,234263268,8.000000,1072.000000
navigation/descendants,500,4,23616,0.050015042,472178,236088975,8.000000,1072.000000
navigation/descendants,500,5,23712,0.050009000,474155,237077326,8.000000,1072.000000
navigation/descendants,500,6,23744,0.050042959,474472,237236171,8.000000,1072.000000
navigation/ordering,500,0,46848,0.050006000,936848,468423789,6.000000,320.000000
navigation/ordering,500,1,47168,0.050033667,942725,471362613,6.000000,320.000000
navigation/ordering,500,2,46944,0.050023708,938435,469217516,6.000000,320.000000
navigation/ordering,500,3,46752,0.050027625,934524,467261838,6.000000,320.000000
navigation/ordering,500,4,46912,0.050013583,937985,468992593,6.000000,320.000000
navigation/ordering,500,5,46944,0.050018416,938534,469267160,6.000000,320.000000
navigation/ordering,500,6,46944,0.050011375,938666,469333227,6.000000,320.000000
navigation/grouping,500,0,41792,0.050006208,835736,417868117,11.000000,824.000000
navigation/grouping,500,1,41984,0.050015750,839416,419707792,11.000000,824.000000
navigation/grouping,500,2,41920,0.050032292,837859,418929439,11.000000,824.000000
navigation/grouping,500,3,41984,0.050001750,839651,419825306,11.000000,824.000000
navigation/grouping,500,4,41984,0.050021291,839323,419661300,11.000000,824.000000
navigation/grouping,500,5,42112,0.050004083,842171,421085614,11.000000,824.000000
navigation/grouping,500,6,42144,0.050036458,842266,421132927,11.000000,824.000000
navigation/membership,500,0,47744,0.050024959,954404,477201790,2.000000,32.000000
navigation/membership,500,1,47648,0.050022291,952535,476267670,2.000000,32.000000
navigation/membership,500,2,48096,0.050008625,961754,480877049,2.000000,32.000000
navigation/membership,500,3,48192,0.050021750,963421,481710456,2.000000,32.000000
navigation/membership,500,4,48288,0.050016125,965449,482724321,2.000000,32.000000
navigation/membership,500,5,48064,0.050003500,961213,480606358,2.000000,32.000000
navigation/membership,500,6,48256,0.050003625,965050,482525017,2.000000,32.000000
navigation/fallback,500,0,52800,0.050020375,1055570,527784928,0.000000,0.000000
navigation/fallback,500,1,51776,0.050003500,1035448,517723759,0.000000,0.000000
navigation/fallback,500,2,52448,0.050007125,1048811,524405272,0.000000,0.000000
navigation/fallback,500,3,52288,0.050011584,1045518,522758887,0.000000,0.000000
navigation/fallback,500,4,52128,0.050027250,1041992,520996057,0.000000,0.000000
navigation/fallback,500,5,52384,0.050026333,1047129,523564260,0.000000,0.000000
navigation/fallback,500,6,53184,0.050024209,1063165,531582618,0.000000,0.000000
navigation/mixed,500,0,38528,0.050003750,770502,385251106,11.000000,968.000000
navigation/mixed,500,1,38496,0.050000625,769910,384955188,11.000000,968.000000
navigation/mixed,500,2,38528,0.050002834,770516,385258164,11.000000,968.000000
navigation/mixed,500,3,38432,0.050012417,768449,384224582,11.000000,968.000000
navigation/mixed,500,4,38560,0.050029250,770749,385374556,11.000000,968.000000
navigation/mixed,500,5,38624,0.050013250,772275,386137674,11.000000,968.000000
navigation/mixed,500,6,38656,0.050027125,772701,386350405,11.000000,968.000000
navigation/keep,1024,0,32864,0.050014500,657089,672859591,2.000000,144.000000
navigation/keep,1024,1,32672,0.050022000,653153,668828276,2.000000,144.000000
navigation/keep,1024,2,32768,0.050022250,655068,670790138,2.000000,144.000000
navigation/keep,1024,3,32768,0.050022750,655062,670783434,2.000000,144.000000
navigation/keep,1024,4,32704,0.050041333,653540,669224699,2.000000,144.000000
navigation/keep,1024,5,32800,0.050047250,655381,671109801,2.000000,144.000000
navigation/keep,1024,6,32768,0.050043708,654788,670502514,2.000000,144.000000
navigation/wildcard,1024,0,27200,0.050009791,543893,556946939,8.000000,1072.000000
navigation/wildcard,1024,1,27232,0.050049375,544103,557161163,8.000000,1072.000000
navigation/wildcard,1024,2,27168,0.050010875,543242,556279649,8.000000,1072.000000
navigation/wildcard,1024,3,27008,0.050008958,540063,553024760,8.000000,1072.000000
navigation/wildcard,1024,4,27008,0.050036792,539763,552717129,8.000000,1072.000000
navigation/wildcard,1024,5,26944,0.050049791,538344,551264160,8.000000,1072.000000
navigation/wildcard,1024,6,27008,0.050023541,539906,552863541,8.000000,1072.000000
navigation/descendants,1024,0,15776,0.050097875,314904,322461262,8.000000,1072.000000
navigation/descendants,1024,1,15776,0.050024584,315365,322933700,8.000000,1072.000000
navigation/descendants,1024,2,16000,0.050053584,319657,327329208,8.000000,1072.000000
navigation/descendants,1024,3,15840,0.050067875,316371,323963420,8.000000,1072.000000
navigation/descendants,1024,4,15808,0.050062458,315766,323343932,8.000000,1072.000000
navigation/descendants,1024,5,15776,0.050044875,315237,322802765,8.000000,1072.000000
navigation/descendants,1024,6,15776,0.050056959,315161,322724838,8.000000,1072.000000
navigation/ordering,1024,0,31296,0.050019167,625680,640696475,6.000000,320.000000
navigation/ordering,1024,1,31680,0.050046625,633010,648201952,6.000000,320.000000
navigation/ordering,1024,2,31328,0.050022792,626275,641305107,6.000000,320.000000
navigation/ordering,1024,3,31296,0.050022250,625642,640656988,6.000000,320.000000
navigation/ordering,1024,4,31296,0.050039958,625420,640430274,6.000000,320.000000
navigation/ordering,1024,5,31296,0.050005292,625854,640874250,6.000000,320.000000
navigation/ordering,1024,6,31360,0.050022791,626914,641960182,6.000000,320.000000
navigation/grouping,1024,0,28960,0.050025209,578908,592801921,11.000000,824.000000
navigation/grouping,1024,1,29056,0.050034834,580715,594652597,11.000000,824.000000
navigation/grouping,1024,2,29024,0.050020000,580248,594173850,11.000000,824.000000
navigation/grouping,1024,3,28960,0.050001542,579182,593082509,11.000000,824.000000
navigation/grouping,1024,4,28928,0.050020042,578328,592208059,11.000000,824.000000
navigation/grouping,1024,5,28992,0.050023084,579572,593482161,11.000000,824.000000
navigation/grouping,1024,6,29024,0.050042125,579991,593911150,11.000000,824.000000
navigation/membership,1024,0,32320,0.050003958,646349,661861207,2.000000,32.000000
navigation/membership,1024,1,31808,0.050035792,635705,650961855,2.000000,32.000000
navigation/membership,1024,2,31776,0.050025959,635190,650434787,2.000000,32.000000
navigation/membership,1024,3,31968,0.050030917,638965,654300060,2.000000,32.000000
navigation/membership,1024,4,31808,0.050010833,636022,651286732,2.000000,32.000000
navigation/membership,1024,5,31744,0.050036500,634417,649642881,2.000000,32.000000
navigation/membership,1024,6,31872,0.050003709,637393,652690143,2.000000,32.000000
navigation/fallback,1024,0,28832,0.050032917,576261,590090880,0.000000,0.000000
navigation/fallback,1024,1,28736,0.050007875,574629,588420604,0.000000,0.000000
navigation/fallback,1024,2,28672,0.050025292,573150,586905680,0.000000,0.000000
navigation/fallback,1024,3,28704,0.050054625,573454,587216386,0.000000,0.000000
navigation/fallback,1024,4,28736,0.050032250,574350,588133934,0.000000,0.000000
navigation/fallback,1024,5,28800,0.050044167,575492,589303445,0.000000,0.000000
navigation/fallback,1024,6,28704,0.050045542,573558,587322963,0.000000,0.000000
navigation/mixed,1024,0,27456,0.050014875,548957,562131646,11.000000,968.000000
navigation/mixed,1024,1,27232,0.050017334,544451,557518080,11.000000,968.000000
navigation/mixed,1024,2,27360,0.050038541,546779,559901217,11.000000,968.000000
navigation/mixed,1024,3,27584,0.050046042,551172,564400597,11.000000,968.000000
navigation/mixed,1024,4,27328,0.050009250,546459,559573919,11.000000,968.000000
navigation/mixed,1024,5,27424,0.050032000,548129,561284298,11.000000,968.000000
navigation/mixed,1024,6,27392,0.050049375,547300,560434731,11.000000,968.000000
navigation/keep,10240,0,4640,0.050344459,92165,943770197,2.000000,144.000000
navigation/keep,10240,1,4608,0.050117375,91944,941508209,2.000000,144.000000
navigation/keep,10240,2,4608,0.050161625,91863,940677659,2.000000,144.000000
navigation/keep,10240,3,4640,0.050158792,92506,947263642,2.000000,144.000000
navigation/keep,10240,4,4608,0.050200917,91791,939941396,2.000000,144.000000
navigation/keep,10240,5,4608,0.050097791,91980,941876260,2.000000,144.000000
navigation/keep,10240,6,4640,0.050319375,92211,944240663,2.000000,144.000000
navigation/wildcard,10240,0,4480,0.050203000,89238,913793996,8.000000,1072.000000
navigation/wildcard,10240,1,4480,0.050233750,89183,913234628,8.000000,1072.000000
navigation/wildcard,10240,2,4480,0.050139209,89351,914956596,8.000000,1072.000000
navigation/wildcard,10240,3,4576,0.050334333,90912,930939921,8.000000,1072.000000
navigation/wildcard,10240,4,4480,0.050222291,89203,913442997,8.000000,1072.000000
navigation/wildcard,10240,5,4480,0.050172000,89293,914358606,8.000000,1072.000000
navigation/wildcard,10240,6,4448,0.050056459,88860,909922933,8.000000,1072.000000
navigation/descendants,10240,0,2336,0.050138583,46591,477090467,8.000000,1072.000000
navigation/descendants,10240,1,2336,0.050639292,46130,472373113,8.000000,1072.000000
navigation/descendants,10240,2,2336,0.050570208,46193,473018422,8.000000,1072.000000
navigation/descendants,10240,3,2336,0.050628292,46140,472475745,8.000000,1072.000000
navigation/descendants,10240,4,2336,0.050596708,46169,472770679,8.000000,1072.000000
navigation/descendants,10240,5,2336,0.050448292,46305,474161543,8.000000,1072.000000
navigation/descendants,10240,6,2336,0.050642042,46128,472347462,8.000000,1072.000000
navigation/ordering,10240,0,4576,0.050112667,91314,935057797,6.000000,320.000000
navigation/ordering,10240,1,4576,0.050197208,91160,933482994,6.000000,320.000000
navigation/ordering,10240,2,4576,0.050085708,91363,935561099,6.000000,320.000000
navigation/ordering,10240,3,4608,0.050123875,91932,941386116,6.000000,320.000000
navigation/ordering,10240,4,4608,0.050213625,91768,939703517,6.000000,320.000000
navigation/ordering,10240,5,4608,0.050178084,91833,940369106,6.000000,320.000000
navigation/ordering,10240,6,4576,0.050176625,91198,933865919,6.000000,320.000000
navigation/grouping,10240,0,4512,0.050096041,90067,922286055,11.000000,824.000000
navigation/grouping,10240,1,4512,0.050062333,90128,922907049,11.000000,824.000000
navigation/grouping,10240,2,4512,0.050037166,90173,923371240,11.000000,824.000000
navigation/grouping,10240,3,4576,0.050273583,91022,932064858,11.000000,824.000000
navigation/grouping,10240,4,4544,0.050062959,90766,929440867,11.000000,824.000000
navigation/grouping,10240,5,4512,0.050074750,90105,922678196,11.000000,824.000000
navigation/grouping,10240,6,4512,0.050010125,90222,923870516,11.000000,824.000000
navigation/membership,10240,0,4576,0.050072834,91387,935801636,2.000000,32.000000
navigation/membership,10240,1,4640,0.050249917,92338,945545840,2.000000,32.000000
navigation/membership,10240,2,4608,0.050289500,91629,938285726,2.000000,32.000000
navigation/membership,10240,3,4576,0.050036458,91453,936481955,2.000000,32.000000
navigation/membership,10240,4,4576,0.050020000,91483,936790084,2.000000,32.000000
navigation/membership,10240,5,4576,0.050012125,91498,936937593,2.000000,32.000000
navigation/membership,10240,6,4640,0.050124042,92570,947920361,2.000000,32.000000
navigation/fallback,10240,0,3200,0.050173000,63779,653100273,0.000000,0.000000
navigation/fallback,10240,1,3200,0.050247083,63685,652137359,0.000000,0.000000
navigation/fallback,10240,2,3200,0.050209083,63733,652630919,0.000000,0.000000
navigation/fallback,10240,3,3200,0.050225542,63713,652417051,0.000000,0.000000
navigation/fallback,10240,4,3200,0.050197458,63748,652782059,0.000000,0.000000
navigation/fallback,10240,5,3264,0.050440583,64710,662628344,0.000000,0.000000
navigation/fallback,10240,6,3232,0.050241083,64330,658737392,0.000000,0.000000
navigation/mixed,10240,0,4480,0.050045375,89519,916672120,11.000000,968.000000
navigation/mixed,10240,1,4480,0.050155375,89322,914661689,11.000000,968.000000
navigation/mixed,10240,2,4480,0.050093125,89433,915798326,11.000000,968.000000
navigation/mixed,10240,3,4576,0.050273792,91022,932060983,11.000000,968.000000
navigation/mixed,10240,4,4480,0.050154709,89324,914673835,11.000000,968.000000
navigation/mixed,10240,5,4480,0.050123750,89379,915238784,11.000000,968.000000
navigation/mixed,10240,6,4480,0.050067000,89480,916276190,11.000000,968.000000
navigation/keep,65536,0,768,0.051328917,14962,980571010,2.000000,144.000000
navigation/keep,65536,1,768,0.051039125,15047,986138536,2.000000,144.000000
navigation/keep,65536,2,768,0.051122417,15023,984531854,2.000000,144.000000
navigation/keep,65536,3,768,0.051313625,14967,980863231,2.000000,144.000000
navigation/keep,65536,4,768,0.051314917,14966,980838535,2.000000,144.000000
navigation/keep,65536,5,768,0.051360459,14953,979968812,2.000000,144.000000
navigation/keep,65536,6,768,0.051151000,15014,983981701,2.000000,144.000000
navigation/wildcard,65536,0,768,0.050720792,15142,992327722,8.000000,1072.000000
navigation/wildcard,65536,1,768,0.051521833,14906,976899405,8.000000,1072.000000
navigation/wildcard,65536,2,768,0.051593000,14886,975551877,8.000000,1072.000000
navigation/wildcard,65536,3,768,0.051493958,14914,977428226,8.000000,1072.000000
navigation/wildcard,65536,4,768,0.051603917,14883,975345496,8.000000,1072.000000
navigation/wildcard,65536,5,768,0.051177291,15007,983476206,8.000000,1072.000000
navigation/wildcard,65536,6,768,0.051594000,14885,975532969,8.000000,1072.000000
navigation/descendants,65536,0,384,0.050919458,7541,494228041,8.000000,1072.000000
navigation/descendants,65536,1,384,0.050880792,7547,494603622,8.000000,1072.000000
navigation/descendants,65536,2,384,0.050882208,7547,494589857,8.000000,1072.000000
navigation/descendants,65536,3,384,0.050351458,7626,499803283,8.000000,1072.000000
navigation/descendants,65536,4,384,0.050900334,7544,494413730,8.000000,1072.000000
navigation/descendants,65536,5,416,0.053958500,7710,505258226,8.000000,1072.000000
navigation/descendants,65536,6,384,0.050928167,7540,494143526,8.000000,1072.000000
navigation/ordering,65536,0,768,0.051419458,14936,978844390,6.000000,320.000000
navigation/ordering,65536,1,768,0.051377958,14948,979635041,6.000000,320.000000
navigation/ordering,65536,2,768,0.051392917,14944,979349898,6.000000,320.000000
navigation/ordering,65536,3,768,0.051385125,14946,979498405,6.000000,320.000000
navigation/ordering,65536,4,768,0.051403792,14941,979142706,6.000000,320.000000
navigation/ordering,65536,5,768,0.051206833,14998,982908824,6.000000,320.000000
navigation/ordering,65536,6,768,0.051409291,14939,979037972,6.000000,320.000000
navigation/grouping,65536,0,768,0.051420084,14936,978832473,11.000000,824.000000
navigation/grouping,65536,1,768,0.051448458,14928,978292644,11.000000,824.000000
navigation/grouping,65536,2,768,0.051490791,14915,977488343,11.000000,824.000000
navigation/grouping,65536,3,768,0.051387375,14945,979455518,11.000000,824.000000
navigation/grouping,65536,4,768,0.051504875,14911,977221049,11.000000,824.000000
navigation/grouping,65536,5,768,0.051373084,14949,979727984,11.000000,824.000000
navigation/grouping,65536,6,768,0.051091125,15032,985134855,11.000000,824.000000
navigation/membership,65536,0,768,0.051340584,14959,980348178,2.000000,32.000000
navigation/membership,65536,1,768,0.051392125,14944,979364990,2.000000,32.000000
navigation/membership,65536,2,768,0.051295083,14972,981217790,2.000000,32.000000
navigation/membership,65536,3,768,0.051379750,14948,979600874,2.000000,32.000000
navigation/membership,65536,4,768,0.051725875,14848,973045850,2.000000,32.000000
navigation/membership,65536,5,768,0.050587834,15182,994935818,2.000000,32.000000
navigation/membership,65536,6,768,0.051342125,14958,980318754,2.000000,32.000000
navigation/fallback,65536,0,512,0.050712417,10096,661661068,0.000000,0.000000
navigation/fallback,65536,1,512,0.050770667,10085,660901934,0.000000,0.000000
navigation/fallback,65536,2,512,0.050737542,10091,661333417,0.000000,0.000000
navigation/fallback,65536,3,512,0.050749083,10089,661183021,0.000000,0.000000
navigation/fallback,65536,4,512,0.050793333,10080,660607013,0.000000,0.000000
navigation/fallback,65536,5,512,0.050511333,10136,664295120,0.000000,0.000000
navigation/fallback,65536,6,512,0.050730375,10093,661426847,0.000000,0.000000
navigation/mixed,65536,0,768,0.051709208,14852,973359484,11.000000,968.000000
navigation/mixed,65536,1,768,0.051555625,14897,976259099,11.000000,968.000000
navigation/mixed,65536,2,768,0.051566333,14893,976056374,11.000000,968.000000
navigation/mixed,65536,3,768,0.051548375,14899,976396404,11.000000,968.000000
navigation/mixed,65536,4,768,0.051389458,14945,979415817,11.000000,968.000000
navigation/mixed,65536,5,768,0.051075125,15037,985443462,11.000000,968.000000
navigation/mixed,65536,6,768,0.051583084,14889,975739411,11.000000,968.000000
navigation/keep,1048576,0,64,0.067851875,943,989049514,2.000000,144.000000
navigation/keep,1048576,1,64,0.068135000,939,984939664,2.000000,144.000000
navigation/keep,1048576,2,64,0.067454583,949,994874789,2.000000,144.000000
navigation/keep,1048576,3,64,0.067381083,950,995960009,2.000000,144.000000
navigation/keep,1048576,4,64,0.067906666,942,988251492,2.000000,144.000000
navigation/keep,1048576,5,64,0.067897000,943,988392182,2.000000,144.000000
navigation/keep,1048576,6,64,0.067887750,943,988526855,2.000000,144.000000
navigation/wildcard,1048576,0,64,0.067686917,946,991459901,8.000000,1072.000000
navigation/wildcard,1048576,1,64,0.067958750,942,987494090,8.000000,1072.000000
navigation/wildcard,1048576,2,64,0.067422958,949,995341438,8.000000,1072.000000
navigation/wildcard,1048576,3,64,0.067875375,943,988707083,8.000000,1072.000000
navigation/wildcard,1048576,4,64,0.067941917,942,987738747,8.000000,1072.000000
navigation/wildcard,1048576,5,64,0.067906958,942,988247243,8.000000,1072.000000
navigation/wildcard,1048576,6,64,0.067876208,943,988694949,8.000000,1072.000000
navigation/descendants,1048576,0,32,0.067367625,475,498079486,8.000000,1072.000000
navigation/descendants,1048576,1,32,0.066254667,483,506446316,8.000000,1072.000000
navigation/descendants,1048576,2,32,0.067292250,476,498637391,8.000000,1072.000000
navigation/descendants,1048576,3,32,0.067348209,475,498223078,8.000000,1072.000000
navigation/descendants,1048576,4,32,0.067335625,475,498316188,8.000000,1072.000000
navigation/descendants,1048576,5,32,0.067349625,475,498212603,8.000000,1072.000000
navigation/descendants,1048576,6,32,0.066856000,479,501891109,8.000000,1072.000000
navigation/ordering,1048576,0,64,0.066870625,957,1003562685,6.000000,320.000000
navigation/ordering,1048576,1,64,0.067646208,946,992056554,6.000000,320.000000
navigation/ordering,1048576,2,64,0.067854333,943,989013686,6.000000,320.000000
navigation/ordering,1048576,3,64,0.067889833,943,988496525,6.000000,320.000000
navigation/ordering,1048576,4,64,0.067875166,943,988710127,6.000000,320.000000
navigation/ordering,1048576,5,64,0.067900292,943,988344262,6.000000,320.000000
navigation/ordering,1048576,6,64,0.067910916,942,988189645,6.000000,320.000000
navigation/grouping,1048576,0,64,0.067872667,943,988746530,11.000000,824.000000
navigation/grouping,1048576,1,64,0.068002375,941,986860591,11.000000,824.000000
navigation/grouping,1048576,2,64,0.067698250,945,991293926,11.000000,824.000000
navigation/grouping,1048576,3,64,0.067904709,942,988279973,11.000000,824.000000
navigation/grouping,1048576,4,64,0.067956208,942,987531029,11.000000,824.000000
navigation/grouping,1048576,5,64,0.067878083,943,988667638,11.000000,824.000000
navigation/grouping,1048576,6,64,0.067961166,942,987458985,11.000000,824.000000
navigation/membership,1048576,0,64,0.067284583,951,997388421,2.000000,32.000000
navigation/membership,1048576,1,64,0.067095125,954,1000204769,2.000000,32.000000
navigation/membership,1048576,2,64,0.067865000,943,988858233,2.000000,32.000000
navigation/membership,1048576,3,64,0.067898042,943,988377014,2.000000,32.000000
navigation/membership,1048576,4,64,0.067875875,943,988699799,2.000000,32.000000
navigation/membership,1048576,5,64,0.067872417,943,988750172,2.000000,32.000000
navigation/membership,1048576,6,64,0.066992458,955,1001737599,2.000000,32.000000
navigation/fallback,1048576,0,32,0.050728417,631,661452377,0.000000,0.000000
navigation/fallback,1048576,1,64,0.100240542,638,669478264,0.000000,0.000000
navigation/fallback,1048576,2,32,0.050689667,631,661958028,0.000000,0.000000
navigation/fallback,1048576,3,32,0.050562583,633,663621793,0.000000,0.000000
navigation/fallback,1048576,4,32,0.050800625,630,660512189,0.000000,0.000000
navigation/fallback,1048576,5,64,0.100374542,638,668584510,0.000000,0.000000
navigation/fallback,1048576,6,32,0.050603042,632,663091203,0.000000,0.000000
navigation/mixed,1048576,0,64,0.067728417,945,990852392,11.000000,968.000000
navigation/mixed,1048576,1,64,0.068064917,940,985953806,11.000000,968.000000
navigation/mixed,1048576,2,64,0.067999375,941,986904130,11.000000,968.000000
navigation/mixed,1048576,3,64,0.067207250,952,998536081,11.000000,968.000000
navigation/mixed,1048576,4,64,0.067936542,942,987816895,11.000000,968.000000
navigation/mixed,1048576,5,64,0.068023042,941,986560760,11.000000,968.000000
navigation/mixed,1048576,6,64,0.068033416,941,986410325,11.000000,968.000000
navigation/wide_sort,250,0,18048,0.050041292,360662,90165538,7.000000,752.000000
navigation/wide_sort,250,1,18176,0.050022083,363360,90839880,7.000000,752.000000
navigation/wide_sort,250,2,18272,0.050062708,364982,91245563,7.000000,752.000000
navigation/wide_sort,250,3,18304,0.050022416,365916,91478988,7.000000,752.000000
navigation/wide_sort,250,4,18368,0.050053125,366970,91742524,7.000000,752.000000
navigation/wide_sort,250,5,18304,0.050057625,365659,91414645,7.000000,752.000000
navigation/wide_sort,250,6,18144,0.050058667,362455,90613679,7.000000,752.000000
navigation/wide_group,250,0,23456,0.050022708,468907,117226760,10.000000,1016.000000
navigation/wide_group,250,1,23552,0.050066917,470410,117602608,10.000000,1016.000000
navigation/wide_group,250,2,23712,0.050048458,473781,118445208,10.000000,1016.000000
navigation/wide_group,250,3,23360,0.050009625,467110,116777520,10.000000,1016.000000
navigation/wide_group,250,4,23424,0.050041750,468089,117022286,10.000000,1016.000000
navigation/wide_group,250,5,23520,0.050007542,470329,117582264,10.000000,1016.000000
navigation/wide_group,250,6,23520,0.050038333,470040,117509910,10.000000,1016.000000
navigation/wide_descendants,250,0,13568,0.050008500,271314,67828469,20.000000,2680.000000
navigation/wide_descendants,250,1,13568,0.050039375,271146,67786618,20.000000,2680.000000
navigation/wide_descendants,250,2,13632,0.050057250,272328,68082046,20.000000,2680.000000
navigation/wide_descendants,250,3,13632,0.050053167,272350,68087600,20.000000,2680.000000
navigation/wide_descendants,250,4,13408,0.050009375,268110,67027432,20.000000,2680.000000
navigation/wide_descendants,250,5,13440,0.050014209,268724,67180909,20.000000,2680.000000
navigation/wide_descendants,250,6,13568,0.050089292,270876,67719065,20.000000,2680.000000
navigation/range,250,0,52320,0.050014500,1046097,261524158,4.000000,360.000000
navigation/range,250,1,52672,0.050019250,1053035,263258645,4.000000,360.000000
navigation/range,250,2,52768,0.050026250,1054806,263701557,4.000000,360.000000
navigation/range,250,3,52928,0.050014292,1058258,264564377,4.000000,360.000000
navigation/range,250,4,53504,0.050024042,1069566,267391428,4.000000,360.000000
navigation/range,250,5,53536,0.050017250,1070351,267587682,4.000000,360.000000
navigation/range,250,6,53568,0.050015916,1071019,267754768,4.000000,360.000000
navigation/wide_sort,4144,0,704,0.050362208,13979,57927881,11.000000,11312.000000
navigation/wide_sort,4144,1,704,0.050253291,14009,58053432,11.000000,11312.000000
navigation/wide_sort,4144,2,736,0.052188125,14103,58442107,11.000000,11312.000000
navigation/wide_sort,4144,3,704,0.050165250,14034,58155317,11.000000,11312.000000
navigation/wide_sort,4144,4,736,0.052225250,14093,58400563,11.000000,11312.000000
navigation/wide_sort,4144,5,704,0.050041250,14068,58299423,11.000000,11312.000000
navigation/wide_sort,4144,6,736,0.051811791,14205,58866600,11.000000,11312.000000
navigation/wide_group,4144,0,1728,0.050172875,34441,142723175,18.000000,9656.000000
navigation/wide_group,4144,1,1760,0.050837334,34620,143466217,18.000000,9656.000000
navigation/wide_group,4144,2,1728,0.050299084,34355,142365058,18.000000,9656.000000
navigation/wide_group,4144,3,1728,0.050105125,34487,142916159,18.000000,9656.000000
navigation/wide_group,4144,4,1728,0.050217250,34410,142597056,18.000000,9656.000000
navigation/wide_group,4144,5,1728,0.050221916,34407,142583807,18.000000,9656.000000
navigation/wide_group,4144,6,1728,0.050100667,34491,142928876,18.000000,9656.000000
navigation/wide_descendants,4144,0,928,0.051281125,18096,74991179,260.000000,34840.000000
navigation/wide_descendants,4144,1,928,0.050444291,18397,76235227,260.000000,34840.000000
navigation/wide_descendants,4144,2,928,0.050290500,18453,76468359,260.000000,34840.000000
navigation/wide_descendants,4144,3,928,0.050142958,18507,76693361,260.000000,34840.000000
navigation/wide_descendants,4144,4,928,0.050032250,18548,76863063,260.000000,34840.000000
navigation/wide_descendants,4144,5,960,0.051522375,18633,77213832,260.000000,34840.000000
navigation/wide_descendants,4144,6,960,0.051633292,18593,77047964,260.000000,34840.000000
navigation/range,4144,0,3968,0.050306667,78876,326863078,8.000000,6120.000000
navigation/range,4144,1,3872,0.050431542,76777,318165326,8.000000,6120.000000
navigation/range,4144,2,3904,0.050083375,77950,323024876,8.000000,6120.000000
navigation/range,4144,3,3936,0.050229958,78360,324722231,8.000000,6120.000000
navigation/range,4144,4,3968,0.050092208,79214,328262471,8.000000,6120.000000
navigation/range,4144,5,3936,0.050054709,78634,325859131,8.000000,6120.000000
navigation/range,4144,6,3872,0.050261875,77037,319239344,8.000000,6120.000000
navigation/wide_sort,34657,0,96,0.071498667,1343,46533343,14.000000,90160.000000
navigation/wide_sort,34657,1,96,0.071578416,1341,46481498,14.000000,90160.000000
navigation/wide_sort,34657,2,96,0.072366125,1327,45975544,14.000000,90160.000000
navigation/wide_sort,34657,3,96,0.071531708,1342,46511849,14.000000,90160.000000
navigation/wide_sort,34657,4,96,0.071477041,1343,46547422,14.000000,90160.000000
navigation/wide_sort,34657,5,96,0.073130917,1313,45494739,14.000000,90160.000000
navigation/wide_sort,34657,6,96,0.073041709,1314,45550303,14.000000,90160.000000
navigation/wide_group,34657,0,256,0.057064667,4486,155476102,24.000000,74168.000000
navigation/wide_group,34657,1,256,0.056022417,4570,158368604,24.000000,74168.000000
navigation/wide_group,34657,2,256,0.056113584,4562,158111305,24.000000,74168.000000
navigation/wide_group,34657,3,256,0.055936292,4577,158612444,24.000000,74168.000000
navigation/wide_group,34657,4,256,0.056268708,4550,157675417,24.000000,74168.000000
navigation/wide_group,34657,5,256,0.056536250,4528,156929262,24.000000,74168.000000
navigation/wide_group,34657,6,256,0.056789709,4508,156228869,24.000000,74168.000000
navigation/wide_descendants,34657,0,128,0.055710208,2298,79628064,2052.000000,274968.000000
navigation/wide_descendants,34657,1,128,0.055592084,2302,79797260,2052.000000,274968.000000
navigation/wide_descendants,34657,2,128,0.056224333,2277,78899931,2052.000000,274968.000000
navigation/wide_descendants,34657,3,128,0.056156584,2279,78995118,2052.000000,274968.000000
navigation/wide_descendants,34657,4,128,0.055817458,2293,79475063,2052.000000,274968.000000
navigation/wide_descendants,34657,5,128,0.055276208,2316,80253262,2052.000000,274968.000000
navigation/wide_descendants,34657,6,128,0.055190417,2319,80378012,2052.000000,274968.000000
navigation/range,34657,0,512,0.053084166,9645,334268867,11.000000,49128.000000
navigation/range,34657,1,512,0.052184625,9811,340030881,11.000000,49128.000000
navigation/range,34657,2,512,0.052074166,9832,340752150,11.000000,49128.000000
navigation/range,34657,3,512,0.051862916,9872,342140114,11.000000,49128.000000
navigation/range,34657,4,512,0.052782958,9700,336176385,11.000000,49128.000000
navigation/range,34657,5,512,0.052902167,9678,335418850,11.000000,49128.000000
navigation/range,34657,6,512,0.053022375,9656,334658415,11.000000,49128.000000
navigation/wide_sort,600386,0,32,0.523008625,61,36734293,18.000000,1441840.000000
navigation/wide_sort,600386,1,32,0.522204708,61,36790844,18.000000,1441840.000000
navigation/wide_sort,600386,2,32,0.521015083,61,36874848,18.000000,1441840.000000
navigation/wide_sort,600386,3,32,0.521053833,61,36872106,18.000000,1441840.000000
navigation/wide_sort,600386,4,32,0.524261459,61,36646508,18.000000,1441840.000000
navigation/wide_sort,600386,5,32,0.521892583,61,36812847,18.000000,1441840.000000
navigation/wide_sort,600386,6,32,0.521667917,61,36828702,18.000000,1441840.000000
navigation/wide_group,600386,0,32,0.116387291,275,165072594,32.000000,1180088.000000
navigation/wide_group,600386,1,32,0.116765083,274,164538503,32.000000,1180088.000000
navigation/wide_group,600386,2,32,0.116380500,275,165082226,32.000000,1180088.000000
navigation/wide_group,600386,3,32,0.116103333,276,165476318,32.000000,1180088.000000
navigation/wide_group,600386,4,32,0.116565208,275,164820638,32.000000,1180088.000000
navigation/wide_group,600386,5,32,0.115206750,278,166764118,32.000000,1180088.000000
navigation/wide_group,600386,6,32,0.115367875,277,166531212,32.000000,1180088.000000
navigation/wide_descendants,600386,0,32,0.223147375,143,86097145,32772.000000,4391448.000000
navigation/wide_descendants,600386,1,32,0.225549083,142,85180360,32772.000000,4391448.000000
navigation/wide_descendants,600386,2,32,0.223646875,143,85904853,32772.000000,4391448.000000
navigation/wide_descendants,600386,3,32,0.225250000,142,85293461,32772.000000,4391448.000000
navigation/wide_descendants,600386,4,32,0.223942667,143,85791387,32772.000000,4391448.000000
navigation/wide_descendants,600386,5,32,0.224300000,143,85654712,32772.000000,4391448.000000
navigation/wide_descendants,600386,6,32,0.224431250,143,85604621,32772.000000,4391448.000000
navigation/range,600386,0,32,0.053290500,600,360521144,15.000000,786408.000000
navigation/range,600386,1,32,0.053928750,593,356254354,15.000000,786408.000000
navigation/range,600386,2,32,0.053554917,598,358741140,15.000000,786408.000000
navigation/range,600386,3,32,0.052728792,607,364361694,15.000000,786408.000000
navigation/range,600386,4,32,0.052854667,605,363493956,15.000000,786408.000000
navigation/range,600386,5,32,0.053662833,596,358019712,15.000000,786408.000000
navigation/range,600386,6,32,0.053738083,595,357518373,15.000000,786408.000000
navigation/distinct_groups,194,0,27424,0.050006584,548408,106391110,5.000000,1464.000000
navigation/distinct_groups,194,1,27744,0.050049917,554327,107539359,5.000000,1464.000000
navigation/distinct_groups,194,2,27744,0.050001417,554864,107643669,5.000000,1464.000000
navigation/distinct_groups,194,3,28000,0.050052125,559417,108526861,5.000000,1464.000000
navigation/distinct_groups,194,4,28128,0.050044208,562063,109040231,5.000000,1464.000000
navigation/distinct_groups,194,5,28160,0.050051250,562623,109148922,5.000000,1464.000000
navigation/distinct_groups,194,6,28128,0.050035709,562159,109058752,5.000000,1464.000000
navigation/distinct_groups,3246,0,640,0.050693292,12625,40980570,10.000000,36664.000000
navigation/distinct_groups,3246,1,640,0.050509083,12671,41130028,10.000000,36664.000000
navigation/distinct_groups,3246,2,640,0.050494458,12675,41141941,10.000000,36664.000000
navigation/distinct_groups,3246,3,640,0.050443875,12687,41183196,10.000000,36664.000000
navigation/distinct_groups,3246,4,640,0.050530959,12666,41112222,10.000000,36664.000000
navigation/distinct_groups,3246,5,640,0.050408083,12696,41212438,10.000000,36664.000000
navigation/distinct_groups,3246,6,640,0.050416584,12694,41205489,10.000000,36664.000000
navigation/distinct_groups,27486,0,32,0.115410084,277,7621102,13.000000,294712.000000
navigation/distinct_groups,27486,1,32,0.115771625,276,7597302,13.000000,294712.000000
navigation/distinct_groups,27486,2,32,0.114444125,280,7685427,13.000000,294712.000000
navigation/distinct_groups,27486,3,32,0.114637666,279,7672452,13.000000,294712.000000
navigation/distinct_groups,27486,4,32,0.122029292,262,7207712,13.000000,294712.000000
navigation/distinct_groups,27486,5,32,0.138136167,232,6367283,13.000000,294712.000000
navigation/distinct_groups,27486,6,32,0.140144417,228,6276040,13.000000,294712.000000
navigation/deep_descendants,24,0,63008,0.050008625,1259943,30238624,4.000000,536.000000
navigation/deep_descendants,24,1,63072,0.050001208,1261410,30273829,4.000000,536.000000
navigation/deep_descendants,24,2,63488,0.050029000,1269024,30456575,4.000000,536.000000
navigation/deep_descendants,24,3,63424,0.050013417,1268140,30435353,4.000000,536.000000
navigation/deep_descendants,24,4,63328,0.050002375,1266500,30395996,4.000000,536.000000
navigation/deep_descendants,24,5,62528,0.050025417,1249925,29998191,4.000000,536.000000
navigation/deep_descendants,24,6,63232,0.050025167,1264004,30336091,4.000000,536.000000
navigation/deep_descendants,72,0,9152,0.050063834,182807,13162076,4.000000,536.000000
navigation/deep_descendants,72,1,9184,0.050050209,183496,13211693,4.000000,536.000000
navigation/deep_descendants,72,2,9184,0.050095708,183329,13199694,4.000000,536.000000
navigation/deep_descendants,72,3,9184,0.050140125,183167,13188001,4.000000,536.000000
navigation/deep_descendants,72,4,9152,0.050040000,182894,13168345,4.000000,536.000000
navigation/deep_descendants,72,5,9152,0.050061625,182815,13162657,4.000000,536.000000
navigation/deep_descendants,72,6,9184,0.050104583,183297,13197356,4.000000,536.000000
navigation/deep_descendants,136,0,1888,0.050053417,37720,5129880,4.000000,536.000000
navigation/deep_descendants,136,1,1920,0.050232042,38223,5198276,4.000000,536.000000
navigation/deep_descendants,136,2,1920,0.050588083,37954,5161690,4.000000,536.000000
navigation/deep_descendants,136,3,1920,0.050841750,37764,5135937,4.000000,536.000000
navigation/deep_descendants,136,4,1920,0.050792000,37801,5140967,4.000000,536.000000
navigation/deep_descendants,136,5,1920,0.050821875,37779,5137945,4.000000,536.000000
navigation/deep_descendants,136,6,1920,0.050785375,37806,5141638,4.000000,536.000000
compiler/lookup_8_hit,501,0,131360,0.050003583,2627012,1316132886,0.000000,0.000000
compiler/lookup_8_hit,501,1,132064,0.050008583,2640827,1323054165,0.000000,0.000000
compiler/lookup_8_hit,501,2,132928,0.050007042,2658186,1331750996,0.000000,0.000000
compiler/lookup_8_hit,501,3,133152,0.050004875,2662780,1334052970,0.000000,0.000000
compiler/lookup_8_hit,501,4,131584,0.050004542,2631441,1318351921,0.000000,0.000000
compiler/lookup_8_hit,501,5,129216,0.050003583,2584135,1294651545,0.000000,0.000000
compiler/lookup_8_hit,501,6,129408,0.050009666,2587660,1296417537,0.000000,0.000000
rust/lookup_8_hit,501,0,165760,0.050001958,3315070,1660850161,0.000000,0.000000
rust/lookup_8_hit,501,1,165600,0.050003584,3311763,1659193069,0.000000,0.000000
rust/lookup_8_hit,501,2,165632,0.050000625,3312599,1659611895,0.000000,0.000000
rust/lookup_8_hit,501,3,166208,0.050005500,3323794,1665220986,0.000000,0.000000
rust/lookup_8_hit,501,4,165792,0.050006542,3315406,1661018512,0.000000,0.000000
rust/lookup_8_hit,501,5,165472,0.050007750,3308927,1657772485,0.000000,0.000000
rust/lookup_8_hit,501,6,165344,0.050005041,3306547,1656579864,0.000000,0.000000
compiler/lookup_8_miss,501,0,163072,0.050004500,3261146,1633834395,0.000000,0.000000
compiler/lookup_8_miss,501,1,163616,0.050006667,3271884,1639213747,0.000000,0.000000
compiler/lookup_8_miss,501,2,164160,0.050002666,3283025,1644795500,0.000000,0.000000
compiler/lookup_8_miss,501,3,162912,0.050001792,3258123,1632319738,0.000000,0.000000
compiler/lookup_8_miss,501,4,162560,0.050009291,3250596,1628548583,0.000000,0.000000
compiler/lookup_8_miss,501,5,162752,0.050000292,3255021,1630765516,0.000000,0.000000
compiler/lookup_8_miss,501,6,162432,0.050006750,3248201,1627348948,0.000000,0.000000
rust/lookup_8_miss,501,0,168000,0.050006375,3359572,1683145399,0.000000,0.000000
rust/lookup_8_miss,501,1,168000,0.050004000,3359731,1683225342,0.000000,0.000000
rust/lookup_8_miss,501,2,168288,0.050008417,3365194,1685961945,0.000000,0.000000
rust/lookup_8_miss,501,3,168320,0.050005459,3366032,1686382281,0.000000,0.000000
rust/lookup_8_miss,501,4,168512,0.050002291,3370086,1688412877,0.000000,0.000000
rust/lookup_8_miss,501,5,168512,0.050007375,3369743,1688241224,0.000000,0.000000
rust/lookup_8_miss,501,6,168928,0.050003375,3378332,1692544313,0.000000,0.000000
compiler/varying_lookup_8,501,0,128640,0.050002584,2572667,1288906189,0.000000,0.000000
compiler/varying_lookup_8,501,1,128960,0.050007334,2578822,1291989691,0.000000,0.000000
compiler/varying_lookup_8,501,2,129664,0.050011084,2592705,1298945330,0.000000,0.000000
compiler/varying_lookup_8,501,3,127456,0.050010375,2548591,1276844175,0.000000,0.000000
compiler/varying_lookup_8,501,4,126880,0.050008458,2537171,1271122577,0.000000,0.000000
compiler/varying_lookup_8,501,5,127904,0.050004708,2557839,1281477416,0.000000,0.000000
compiler/varying_lookup_8,501,6,130272,0.050006917,2605080,1305144886,0.000000,0.000000
rust/varying_lookup_8,501,0,164256,0.050007208,3284646,1645607889,0.000000,0.000000
rust/varying_lookup_8,501,1,164416,0.050008834,3287739,1647157300,0.000000,0.000000
rust/varying_lookup_8,501,2,164160,0.050007459,3282710,1644637853,0.000000,0.000000
rust/varying_lookup_8,501,3,164064,0.050008709,3280709,1643634992,0.000000,0.000000
rust/varying_lookup_8,501,4,164000,0.050004584,3279699,1643129358,0.000000,0.000000
rust/varying_lookup_8,501,5,164000,0.050008083,3279470,1643014390,0.000000,0.000000
rust/varying_lookup_8,501,6,163968,0.050009500,3278737,1642647257,0.000000,0.000000
compiler/bound_lookup_8,16,0,169280,0.050001667,3385487,54167794,6.000000,520.000000
compiler/bound_lookup_8,16,1,170592,0.050007042,3411360,54581753,6.000000,520.000000
compiler/bound_lookup_8,16,2,172608,0.050003833,3451895,55230326,6.000000,520.000000
compiler/bound_lookup_8,16,3,174304,0.050004334,3485778,55772446,6.000000,520.000000
compiler/bound_lookup_8,16,4,176288,0.050002250,3525601,56409622,6.000000,520.000000
compiler/bound_lookup_8,16,5,176128,0.050003708,3522299,56356781,6.000000,520.000000
compiler/bound_lookup_8,16,6,171168,0.050002125,3423215,54771432,6.000000,520.000000
compile/lookup_8,0,0,16160,0.050056750,322834,0,60.000000,5921.000000
compile/lookup_8,0,1,16192,0.050092042,323245,0,60.000000,5921.000000
compile/lookup_8,0,2,16288,0.050034000,325539,0,60.000000,5921.000000
compile/lookup_8,0,3,16352,0.050072000,326570,0,60.000000,5921.000000
compile/lookup_8,0,4,16256,0.050080708,324596,0,60.000000,5921.000000
compile/lookup_8,0,5,16192,0.050023750,323686,0,60.000000,5921.000000
compile/lookup_8,0,6,16128,0.050009500,322499,0,60.000000,5921.000000
compiler/lookup_128_hit,501,0,115552,0.050002959,2310903,1157762524,0.000000,0.000000
compiler/lookup_128_hit,501,1,115488,0.050001333,2309698,1157158910,0.000000,0.000000
compiler/lookup_128_hit,501,2,115776,0.050000917,2315478,1160054245,0.000000,0.000000
compiler/lookup_128_hit,501,3,114848,0.050009167,2296539,1150566015,0.000000,0.000000
compiler/lookup_128_hit,501,4,111552,0.050011542,2230525,1117493078,0.000000,0.000000
compiler/lookup_128_hit,501,5,110880,0.050005459,2217358,1110896312,0.000000,0.000000
compiler/lookup_128_hit,501,6,110368,0.050012250,2206819,1105616484,0.000000,0.000000
rust/lookup_128_hit,501,0,165408,0.050008875,3307573,1657094026,0.000000,0.000000
rust/lookup_128_hit,501,1,166112,0.050005792,3321855,1664249453,0.000000,0.000000
rust/lookup_128_hit,501,2,165088,0.050006417,3301336,1653969490,0.000000,0.000000
rust/lookup_128_hit,501,3,165824,0.050005375,3316124,1661377882,0.000000,0.000000
rust/lookup_128_hit,501,4,165664,0.050003625,3313040,1659832942,0.000000,0.000000
rust/lookup_128_hit,501,5,165440,0.050007958,3308273,1657445001,0.000000,0.000000
rust/lookup_128_hit,501,6,165792,0.050000959,3315776,1661203978,0.000000,0.000000
compiler/lookup_128_miss,501,0,157600,0.050002500,3151842,1579073046,0.000000,0.000000
compiler/lookup_128_miss,501,1,157056,0.050006750,3140696,1573488699,0.000000,0.000000
compiler/lookup_128_miss,501,2,156736,0.050000333,3134699,1570484261,0.000000,0.000000
compiler/lookup_128_miss,501,3,156768,0.050000416,3135334,1570802291,0.000000,0.000000
compiler/lookup_128_miss,501,4,158528,0.050007292,3170098,1588218934,0.000000,0.000000
compiler/lookup_128_miss,501,5,156576,0.050001625,3131418,1568840533,0.000000,0.000000
compiler/lookup_128_miss,501,6,156544,0.050007792,3130392,1568326472,0.000000,0.000000
rust/lookup_128_miss,501,0,168800,0.050009833,3375336,1691043439,0.000000,0.000000
rust/lookup_128_miss,501,1,168960,0.050001750,3379082,1692919948,0.000000,0.000000
rust/lookup_128_miss,501,2,168288,0.050002041,3365623,1686176930,0.000000,0.000000
rust/lookup_128_miss,501,3,167584,0.050005500,3351311,1679006989,0.000000,0.000000
rust/lookup_128_miss,501,4,168512,0.050002292,3370086,1688412843,0.000000,0.000000
rust/lookup_128_miss,501,5,168512,0.050005917,3369841,1688290448,0.000000,0.000000
rust/lookup_128_miss,501,6,168896,0.050003375,3377692,1692223695,0.000000,0.000000
compiler/varying_lookup_128,501,0,101824,0.050001917,2036402,1020237364,0.000000,0.000000
compiler/varying_lookup_128,501,1,101856,0.050006208,2036867,1020470418,0.000000,0.000000
compiler/varying_lookup_128,501,2,101600,0.050003084,2031875,1017969212,0.000000,0.000000
compiler/varying_lookup_128,501,3,101824,0.050008250,2036144,1020108162,0.000000,0.000000
compiler/varying_lookup_128,501,4,102048,0.050002750,2040848,1022464724,0.000000,0.000000
compiler/varying_lookup_128,501,5,107104,0.050003542,2141928,1073106061,0.000000,0.000000
compiler/varying_lookup_128,501,6,106720,0.050006542,2134121,1069194507,0.000000,0.000000
rust/varying_lookup_128,501,0,162816,0.050004375,3256035,1631273584,0.000000,0.000000
rust/varying_lookup_128,501,1,163424,0.050002375,3268325,1637430702,0.000000,0.000000
rust/varying_lookup_128,501,2,163136,0.050001916,3262595,1634560084,0.000000,0.000000
rust/varying_lookup_128,501,3,163136,0.050005833,3262339,1634432047,0.000000,0.000000
rust/varying_lookup_128,501,4,164192,0.050004625,3283536,1645051673,0.000000,0.000000
rust/varying_lookup_128,501,5,163552,0.050008042,3270514,1638527499,0.000000,0.000000
rust/varying_lookup_128,501,6,163264,0.050008875,3264701,1635614958,0.000000,0.000000
compiler/bound_lookup_128,16,0,138368,0.050011666,2766714,44267432,6.000000,520.000000
compiler/bound_lookup_128,16,1,139744,0.050002833,2794722,44715546,6.000000,520.000000
compiler/bound_lookup_128,16,2,141152,0.050008750,2822546,45160737,6.000000,520.000000
compiler/bound_lookup_128,16,3,140480,0.050002083,2809483,44951727,6.000000,520.000000
compiler/bound_lookup_128,16,4,140960,0.050008625,2818714,45099420,6.000000,520.000000
compiler/bound_lookup_128,16,5,141440,0.050011125,2828171,45250732,6.000000,520.000000
compiler/bound_lookup_128,16,6,141536,0.050003166,2830541,45288652,6.000000,520.000000
compile/lookup_128,0,0,320,0.052441042,6102,0,669.000000,101721.000000
compile/lookup_128,0,1,320,0.053963334,5930,0,669.000000,101721.000000
compile/lookup_128,0,2,320,0.054045792,5921,0,669.000000,101721.000000
compile/lookup_128,0,3,320,0.053994291,5927,0,669.000000,101721.000000
compile/lookup_128,0,4,320,0.052732333,6068,0,669.000000,101721.000000
compile/lookup_128,0,5,352,0.051928917,6778,0,669.000000,101721.000000
compile/lookup_128,0,6,352,0.051901042,6782,0,669.000000,101721.000000
compiler/lookup_1024_hit,501,0,106976,0.050006292,2139251,1071764649,0.000000,0.000000
compiler/lookup_1024_hit,501,1,107072,0.050000292,2141427,1072855175,0.000000,0.000000
compiler/lookup_1024_hit,501,2,106976,0.050002833,2139399,1071838790,0.000000,0.000000
compiler/lookup_1024_hit,501,3,106816,0.050003792,2136158,1070215155,0.000000,0.000000
compiler/lookup_1024_hit,501,4,107104,0.050004416,2141891,1073087305,0.000000,0.000000
compiler/lookup_1024_hit,501,5,107200,0.050010167,2143564,1073925628,0.000000,0.000000
compiler/lookup_1024_hit,501,6,107168,0.050005959,2143105,1073695397,0.000000,0.000000
rust/lookup_1024_hit,501,0,165280,0.050007375,3305112,1655861360,0.000000,0.000000
rust/lookup_1024_hit,501,1,165600,0.050004750,3311685,1659154380,0.000000,0.000000
rust/lookup_1024_hit,501,2,165152,0.050003459,3302812,1654708567,0.000000,0.000000
rust/lookup_1024_hit,501,3,165600,0.050007834,3311481,1659052060,0.000000,0.000000
rust/lookup_1024_hit,501,4,164864,0.050003459,3297052,1651823007,0.000000,0.000000
rust/lookup_1024_hit,501,5,165344,0.050005917,3306489,1656550844,0.000000,0.000000
rust/lookup_1024_hit,501,6,165536,0.050005708,3310342,1658481388,0.000000,0.000000
compiler/lookup_1024_miss,501,0,150784,0.050004167,3015429,1510729776,0.000000,0.000000
compiler/lookup_1024_miss,501,1,150528,0.050008042,3010076,1508048006,0.000000,0.000000
compiler/lookup_1024_miss,501,2,152640,0.050008041,3052309,1529206873,0.000000,0.000000
compiler/lookup_1024_miss,501,3,150048,0.050005708,3000617,1503309342,0.000000,0.000000
compiler/lookup_1024_miss,501,4,149984,0.050010583,2999045,1502521656,0.000000,0.000000
compiler/lookup_1024_miss,501,5,149984,0.050001792,2999572,1502785820,0.000000,0.000000
compiler/lookup_1024_miss,501,6,149920,0.050003375,2998198,1502097008,0.000000,0.000000
rust/lookup_1024_miss,501,0,168128,0.050005125,3362215,1684469902,0.000000,0.000000
rust/lookup_1024_miss,501,1,168768,0.050007750,3374837,1690793287,0.000000,0.000000
rust/lookup_1024_miss,501,2,168384,0.050001500,3367579,1687157065,0.000000,0.000000
rust/lookup_1024_miss,501,3,168160,0.050008875,3362603,1684664172,0.000000,0.000000
rust/lookup_1024_miss,501,4,168448,0.050001833,3368836,1687787086,0.000000,0.000000
rust/lookup_1024_miss,501,5,168544,0.050003417,3370650,1688695475,0.000000,0.000000
rust/lookup_1024_miss,501,6,168544,0.050004542,3370574,1688657482,0.000000,0.000000
compiler/varying_lookup_1024,501,0,94240,0.050001875,1884729,944249391,0.000000,0.000000
compiler/varying_lookup_1024,501,1,94496,0.050008916,1889583,946681108,0.000000,0.000000
compiler/varying_lookup_1024,501,2,95200,0.050013084,1903502,953654448,0.000000,0.000000
compiler/varying_lookup_1024,501,3,94848,0.050015666,1896366,950079281,0.000000,0.000000
compiler/varying_lookup_1024,501,4,94240,0.050007209,1884528,944148673,0.000000,0.000000
compiler/varying_lookup_1024,501,5,94080,0.050014125,1881069,942415368,0.000000,0.000000
compiler/varying_lookup_1024,501,6,94272,0.050009166,1885094,944432307,0.000000,0.000000
rust/varying_lookup_1024,501,0,161696,0.050000292,3233901,1620184458,0.000000,0.000000
rust/varying_lookup_1024,501,1,161920,0.050002833,3238217,1622346478,0.000000,0.000000
rust/varying_lookup_1024,501,2,161760,0.050009417,3234591,1620529989,0.000000,0.000000
rust/varying_lookup_1024,501,3,163776,0.050004666,3275214,1640882393,0.000000,0.000000
rust/varying_lookup_1024,501,4,163040,0.050004333,3260517,1633519239,0.000000,0.000000
rust/varying_lookup_1024,501,5,162368,0.050002916,3247171,1626832483,0.000000,0.000000
rust/varying_lookup_1024,501,6,162144,0.050008083,3242356,1624420276,0.000000,0.000000
compiler/bound_lookup_1024,16,0,116128,0.050000209,2322550,37160805,6.000000,520.000000
compiler/bound_lookup_1024,16,1,113664,0.050010667,2272795,36364722,6.000000,520.000000
compiler/bound_lookup_1024,16,2,113824,0.050001792,2276398,36422375,6.000000,520.000000
compiler/bound_lookup_1024,16,3,114016,0.050004500,2280115,36481837,6.000000,520.000000
compiler/bound_lookup_1024,16,4,114464,0.050005291,2289038,36624604,6.000000,520.000000
compiler/bound_lookup_1024,16,5,114752,0.050004792,2294820,36717121,6.000000,520.000000
compiler/bound_lookup_1024,16,6,114912,0.050010125,2297775,36764395,6.000000,520.000000
compile/lookup_1024,0,0,32,0.216122833,148,0,5156.000000,820441.000000
compile/lookup_1024,0,1,32,0.231795208,138,0,5156.000000,820441.000000
compile/lookup_1024,0,2,32,0.249537250,128,0,5156.000000,820441.000000
compile/lookup_1024,0,3,32,0.233568042,137,0,5156.000000,820441.000000
compile/lookup_1024,0,4,32,0.215117583,149,0,5156.000000,820441.000000
compile/lookup_1024,0,5,32,0.214870000,149,0,5156.000000,820441.000000
compile/lookup_1024,0,6,32,0.241081625,133,0,5156.000000,820441.000000
compiler/lookup_4096_hit,501,0,92640,0.050011500,1852374,928039351,0.000000,0.000000
compiler/lookup_4096_hit,501,1,92512,0.050008375,1849930,926814998,0.000000,0.000000
compiler/lookup_4096_hit,501,2,95936,0.050002250,1918634,961235464,0.000000,0.000000
compiler/lookup_4096_hit,501,3,97664,0.050010833,1952857,978381304,0.000000,0.000000
compiler/lookup_4096_hit,501,4,97888,0.050010291,1957357,980635926,0.000000,0.000000
compiler/lookup_4096_hit,501,5,97312,0.050014625,1945671,974781117,0.000000,0.000000
compiler/lookup_4096_hit,501,6,97344,0.050003416,1946747,975320246,0.000000,0.000000
rust/lookup_4096_hit,501,0,166528,0.050003209,3330346,1668503475,0.000000,0.000000
rust/lookup_4096_hit,501,1,165408,0.050000917,3308099,1657357764,0.000000,0.000000
rust/lookup_4096_hit,501,2,165216,0.050000959,3304257,1655432569,0.000000,0.000000
rust/lookup_4096_hit,501,3,165216,0.050005333,3303968,1655287767,0.000000,0.000000
rust/lookup_4096_hit,501,4,166880,0.050001250,3337517,1672095798,0.000000,0.000000
rust/lookup_4096_hit,501,5,165696,0.050007333,3313434,1660030460,0.000000,0.000000
rust/lookup_4096_hit,501,6,165248,0.050004792,3304643,1655626285,0.000000,0.000000
compiler/lookup_4096_miss,501,0,146912,0.050002167,2938113,1471994444,0.000000,0.000000
compiler/lookup_4096_miss,501,1,146944,0.050006584,2938493,1472185023,0.000000,0.000000
compiler/lookup_4096_miss,501,2,146464,0.050002625,2929126,1467492237,0.000000,0.000000
compiler/lookup_4096_miss,501,3,146624,0.050007916,2932016,1468939917,0.000000,0.000000
compiler/lookup_4096_miss,501,4,147168,0.050008917,2942835,1474360423,0.000000,0.000000
compiler/lookup_4096_miss,501,5,146336,0.050007042,2926308,1466080237,0.000000,0.000000
compiler/lookup_4096_miss,501,6,145888,0.050003292,2917568,1461701522,0.000000,0.000000
rust/lookup_4096_miss,501,0,168448,0.050007250,3368472,1687604257,0.000000,0.000000
rust/lookup_4096_miss,501,1,168160,0.050002083,3363060,1684893007,0.000000,0.000000
rust/lookup_4096_miss,501,2,169472,0.050002375,3389279,1698028784,0.000000,0.000000
rust/lookup_4096_miss,501,3,167712,0.050000083,3354234,1680471450,0.000000,0.000000
rust/lookup_4096_miss,501,4,168256,0.050008584,3364542,1685635730,0.000000,0.000000
rust/lookup_4096_miss,501,5,168512,0.050000875,3370181,1688460692,0.000000,0.000000
rust/lookup_4096_miss,501,6,168416,0.050003750,3368067,1687401765,0.000000,0.000000
compiler/varying_lookup_4096,501,0,85888,0.050014417,1717265,860349687,0.000000,0.000000
compiler/varying_lookup_4096,501,1,85536,0.050013208,1710268,856844376,0.000000,0.000000
compiler/varying_lookup_4096,501,2,85504,0.050007875,1709811,856615163,0.000000,0.000000
compiler/varying_lookup_4096,501,3,85536,0.050012834,1710281,856850784,0.000000,0.000000
compiler/varying_lookup_4096,501,4,85536,0.050016208,1710166,856792982,0.000000,0.000000
compiler/varying_lookup_4096,501,5,85024,0.050010708,1700116,851758067,0.000000,0.000000
compiler/varying_lookup_4096,501,6,85568,0.050005583,1711169,857295634,0.000000,0.000000
rust/varying_lookup_4096,501,0,161856,0.050004917,3236802,1621637648,0.000000,0.000000
rust/varying_lookup_4096,501,1,161568,0.050000709,3231314,1618888404,0.000000,0.000000
rust/varying_lookup_4096,501,2,163360,0.050006875,3266751,1636642162,0.000000,0.000000
rust/varying_lookup_4096,501,3,161984,0.050008958,3239100,1622788941,0.000000,0.000000
rust/varying_lookup_4096,501,4,162528,0.050003583,3250327,1628413868,0.000000,0.000000
rust/varying_lookup_4096,501,5,162112,0.050009000,3241657,1624069907,0.000000,0.000000
rust/varying_lookup_4096,501,6,162688,0.050008250,3253223,1629864832,0.000000,0.000000
compiler/bound_lookup_4096,16,0,115552,0.050007458,2310695,36971125,6.000000,520.000000
compiler/bound_lookup_4096,16,1,116608,0.050002459,2332045,37312725,6.000000,520.000000
compiler/bound_lookup_4096,16,2,116992,0.050000458,2339819,37437097,6.000000,520.000000
compiler/bound_lookup_4096,16,3,117344,0.050007916,2346509,37544136,6.000000,520.000000
compiler/bound_lookup_4096,16,4,114272,0.050013000,2284846,36557535,6.000000,520.000000
compiler/bound_lookup_4096,16,5,109408,0.050002208,2188063,35009014,6.000000,520.000000
compiler/bound_lookup_4096,16,6,109440,0.050010083,2188359,35013739,6.000000,520.000000
compile/lookup_4096,0,0,32,2.990446667,11,0,20520.000000,3281113.000000
compile/lookup_4096,0,1,32,2.971009083,11,0,20520.000000,3281113.000000
compile/lookup_4096,0,2,32,2.907292542,11,0,20520.000000,3281113.000000
compile/lookup_4096,0,3,32,2.836746250,11,0,20520.000000,3281113.000000
compile/lookup_4096,0,4,32,2.867594792,11,0,20520.000000,3281113.000000
compile/lookup_4096,0,5,32,2.862399708,11,0,20520.000000,3281113.000000
compile/lookup_4096,0,6,32,2.856286750,11,0,20520.000000,3281113.000000
compiler/constant_scalar,100,0,532864,0.050000667,10657138,1065713783,0.000000,0.000000
compiler/constant_scalar,100,1,532352,0.050000875,10646854,1064685368,0.000000,0.000000
compiler/constant_scalar,100,2,541248,0.050002917,10824329,1082432851,0.000000,0.000000
compiler/constant_scalar,100,3,541600,0.050001083,10831765,1083176538,0.000000,0.000000
compiler/constant_scalar,100,4,541152,0.050001875,10822634,1082263415,0.000000,0.000000
compiler/constant_scalar,100,5,541312,0.050000791,10826069,1082606873,0.000000,0.000000
compiler/constant_scalar,100,6,529312,0.050002667,10585675,1058567536,0.000000,0.000000
compiler/repeated_fields,100,0,276096,0.050005291,5521336,552133573,0.000000,0.000000
compiler/repeated_fields,100,1,281248,0.050000709,5624880,562488024,0.000000,0.000000
compiler/repeated_fields,100,2,282624,0.050001916,5652263,565226341,0.000000,0.000000
compiler/repeated_fields,100,3,282816,0.050003000,5655981,565598064,0.000000,0.000000
compiler/repeated_fields,100,4,282848,0.050003417,5656573,565657343,0.000000,0.000000
compiler/repeated_fields,100,5,283296,0.050002334,5665656,566565553,0.000000,0.000000
compiler/repeated_fields,100,6,282656,0.050001125,5652993,565299281,0.000000,0.000000
compiler/dynamic_leaves,100,0,293920,0.050000292,5878366,587836567,3.000000,152.000000
compiler/dynamic_leaves,100,1,289760,0.050003416,5794804,579480410,3.000000,152.000000
compiler/dynamic_leaves,100,2,294816,0.050001750,5896114,589611364,3.000000,152.000000
compiler/dynamic_leaves,100,3,294432,0.050002625,5888331,588833086,3.000000,152.000000
compiler/dynamic_leaves,100,4,302944,0.050001416,6058708,605870842,3.000000,152.000000
compiler/dynamic_leaves,100,5,303232,0.050000208,6064615,606461477,3.000000,152.000000
compiler/dynamic_leaves,100,6,304224,0.050002459,6084181,608418078,3.000000,152.000000
compiler/filtered_sum,100,0,254944,0.050004000,5098472,509847212,0.000000,0.000000
compiler/filtered_sum,100,1,259168,0.050004250,5182919,518291945,0.000000,0.000000
compiler/filtered_sum,100,2,261344,0.050004083,5226453,522645321,0.000000,0.000000
compiler/filtered_sum,100,3,263584,0.050004250,5271232,527123195,0.000000,0.000000
compiler/filtered_sum,100,4,263072,0.050004458,5260971,526097093,0.000000,0.000000
compiler/filtered_sum,100,5,263680,0.050003500,5273231,527323087,0.000000,0.000000
compiler/filtered_sum,100,6,263584,0.050001958,5271474,527147357,0.000000,0.000000
compiler/invariant_aggregate,100,0,228832,0.050004750,4576205,457620526,0.000000,0.000000
compiler/invariant_aggregate,100,1,231360,0.050000708,4627134,462713448,0.000000,0.000000
compiler/invariant_aggregate,100,2,234208,0.050004458,4683742,468374240,0.000000,0.000000
compiler/invariant_aggregate,100,3,233312,0.050002334,4666022,466602219,0.000000,0.000000
compiler/invariant_aggregate,100,4,232544,0.050005583,4650361,465036074,0.000000,0.000000
compiler/invariant_aggregate,100,5,233696,0.050005666,4673390,467339041,0.000000,0.000000
compiler/invariant_aggregate,100,6,233984,0.050003750,4679329,467932905,0.000000,0.000000
compiler/builtin_reference,100,0,536576,0.050000875,10731332,1073133220,0.000000,0.000000
compiler/builtin_reference,100,1,538208,0.050000791,10763990,1076398971,0.000000,0.000000
compiler/builtin_reference,100,2,537600,0.050001709,10751633,1075163251,0.000000,0.000000
compiler/builtin_reference,100,3,539616,0.050002042,10791879,1079187926,0.000000,0.000000
compiler/builtin_reference,100,4,537504,0.050002709,10749498,1074949759,0.000000,0.000000
compiler/builtin_reference,100,5,537632,0.050002083,10752192,1075219206,0.000000,0.000000
compiler/builtin_reference,100,6,540032,0.050001125,10800397,1080039699,0.000000,0.000000
compiler/static_array,100,0,490816,0.050001208,9816083,981608284,1.000000,16.000000
compiler/static_array,100,1,489088,0.050000125,9781736,978173555,1.000000,16.000000
compiler/static_array,100,2,484544,0.050001708,9690549,969054897,1.000000,16.000000
compiler/static_array,100,3,490304,0.050002791,9805533,980553266,1.000000,16.000000
compiler/static_array,100,4,489536,0.050001792,9790369,979036911,1.000000,16.000000
compiler/static_array,100,5,491360,0.050001292,9826946,982694607,1.000000,16.000000
compiler/static_array,100,6,486784,0.050003083,9735080,973507973,1.000000,16.000000
compiler/constant_membership,100,0,147776,0.050006792,2955119,295511858,1.000000,16.000000
compiler/constant_membership,100,1,148992,0.050000375,2979818,297981765,1.000000,16.000000
compiler/constant_membership,100,2,148576,0.050001583,2971426,297142592,1.000000,16.000000
compiler/constant_membership,100,3,149312,0.050006333,2985862,298586181,1.000000,16.000000
compiler/constant_membership,100,4,149472,0.050003584,2989226,298922573,1.000000,16.000000
compiler/constant_membership,100,5,149568,0.050008166,2990872,299087153,1.000000,16.000000
compiler/constant_membership,100,6,148928,0.050010500,2977935,297793463,1.000000,16.000000
compiler/lookup_record,100,0,226560,0.050006625,4530600,453059970,0.000000,0.000000
compiler/lookup_record,100,1,228192,0.050004917,4563391,456339124,0.000000,0.000000
compiler/lookup_record,100,2,228672,0.050005667,4572922,457292171,0.000000,0.000000
compiler/lookup_record,100,3,228800,0.050005333,4575512,457551198,0.000000,0.000000
compiler/lookup_record,100,4,229088,0.050005917,4581218,458121786,0.000000,0.000000
compiler/lookup_record,100,5,228512,0.050002292,4570031,457003051,0.000000,0.000000
compiler/lookup_record,100,6,229760,0.050000375,4595166,459516554,0.000000,0.000000
rust/repeated_fields,100,0,405312,0.050002500,8105835,810583471,0.000000,0.000000
rust/repeated_fields,100,1,420960,0.050001166,8419004,841900367,0.000000,0.000000
rust/repeated_fields,100,2,417312,0.050002334,8345850,834585042,0.000000,0.000000
rust/repeated_fields,100,3,419744,0.050000333,8394824,839482409,0.000000,0.000000
rust/repeated_fields,100,4,418624,0.050003750,8371852,837185211,0.000000,0.000000
rust/repeated_fields,100,5,419008,0.050003792,8379524,837952450,0.000000,0.000000
rust/repeated_fields,100,6,420800,0.050000625,8415895,841589480,0.000000,0.000000
compiler/constant_scalar,500,0,162528,0.050009292,3249956,1624978014,0.000000,0.000000
compiler/constant_scalar,500,1,163904,0.050006833,3277632,1638816039,0.000000,0.000000
compiler/constant_scalar,500,2,164288,0.050007959,3285237,1642618528,0.000000,0.000000
compiler/constant_scalar,500,3,164576,0.050003375,3291298,1645648919,0.000000,0.000000
compiler/constant_scalar,500,4,162912,0.050000417,3258213,1629106413,0.000000,0.000000
compiler/constant_scalar,500,5,162816,0.050005542,3255959,1627979555,0.000000,0.000000
compiler/constant_scalar,500,6,162656,0.050000250,3253104,1626551867,0.000000,0.000000
compiler/repeated_fields,500,0,127296,0.050008375,2545494,1272746815,0.000000,0.000000
compiler/repeated_fields,500,1,128096,0.050007791,2561521,1280760432,0.000000,0.000000
compiler/repeated_fields,500,2,128832,0.050001250,2576576,1288287793,0.000000,0.000000
compiler/repeated_fields,500,3,129216,0.050000250,2584307,1292153539,0.000000,0.000000
compiler/repeated_fields,500,4,128032,0.050011167,2560068,1280034117,0.000000,0.000000
compiler/repeated_fields,500,5,128352,0.050005250,2566770,1283385245,0.000000,0.000000
compiler/repeated_fields,500,6,128256,0.050001084,2565064,1282532195,0.000000,0.000000
compiler/dynamic_leaves,500,0,130784,0.050007875,2615268,1307634048,3.000000,152.000000
compiler/dynamic_leaves,500,1,130912,0.050006333,2617908,1308954208,3.000000,152.000000
compiler/dynamic_leaves,500,2,131328,0.050002250,2626442,1313220905,3.000000,152.000000
compiler/dynamic_leaves,500,3,130912,0.050009167,2617760,1308880030,3.000000,152.000000
compiler/dynamic_leaves,500,4,131744,0.050009333,2634388,1317194133,3.000000,152.000000
compiler/dynamic_leaves,500,5,130304,0.050011041,2605505,1302752326,3.000000,152.000000
compiler/dynamic_leaves,500,6,131392,0.050012417,2627188,1313593782,3.000000,152.000000
compiler/filtered_sum,500,0,122336,0.050007916,2446333,1223166348,0.000000,0.000000
compiler/filtered_sum,500,1,123456,0.050011750,2468540,1234269947,0.000000,0.000000
compiler/filtered_sum,500,2,122880,0.050011209,2457049,1228524589,0.000000,0.000000
compiler/filtered_sum,500,3,122112,0.050011583,2441674,1220837181,0.000000,0.000000
compiler/filtered_sum,500,4,122528,0.050002000,2450462,1225230991,0.000000,0.000000
compiler/filtered_sum,500,5,122624,0.050000041,2452478,1226238994,0.000000,0.000000
compiler/filtered_sum,500,6,122592,0.050002250,2451730,1225864836,0.000000,0.000000
compiler/invariant_aggregate,500,0,78112,0.050000417,1562227,781113486,0.000000,0.000000
compiler/invariant_aggregate,500,1,79520,0.050016917,1589862,794931043,0.000000,0.000000
compiler/invariant_aggregate,500,2,78528,0.050019583,1569945,784972558,0.000000,0.000000
compiler/invariant_aggregate,500,3,78368,0.050001750,1567305,783652572,0.000000,0.000000
compiler/invariant_aggregate,500,4,78304,0.050016666,1565558,782779084,0.000000,0.000000
compiler/invariant_aggregate,500,5,78496,0.050007209,1569694,784846841,0.000000,0.000000
compiler/invariant_aggregate,500,6,78528,0.050015875,1570062,785030753,0.000000,0.000000
compiler/builtin_reference,500,0,164288,0.050006375,3285341,1642670560,0.000000,0.000000
compiler/builtin_reference,500,1,163008,0.050003667,3259921,1629960459,0.000000,0.000000
compiler/builtin_reference,500,2,162880,0.050004334,3257318,1628658828,0.000000,0.000000
compiler/builtin_reference,500,3,164960,0.050002041,3299065,1649532666,0.000000,0.000000
compiler/builtin_reference,500,4,162656,0.050003166,3252914,1626457013,0.000000,0.000000
compiler/builtin_reference,500,5,162784,0.050005166,3255344,1627671829,0.000000,0.000000
compiler/builtin_reference,500,6,162624,0.050006458,3252060,1626029982,0.000000,0.000000
compiler/static_array,500,0,159488,0.050007875,3189258,1594628846,1.000000,16.000000
compiler/static_array,500,1,158048,0.050000000,3160960,1580480000,1.000000,16.000000
compiler/static_array,500,2,158272,0.050009583,3164833,1582416714,1.000000,16.000000
compiler/static_array,500,3,157664,0.050000250,3153264,1576632117,1.000000,16.000000
compiler/static_array,500,4,157728,0.050008125,3154047,1577023734,1.000000,16.000000
compiler/static_array,500,5,159296,0.050001417,3185830,1592914857,1.000000,16.000000
compiler/static_array,500,6,159360,0.050003292,3186990,1593495084,1.000000,16.000000
compiler/constant_membership,500,0,65504,0.050011584,1309777,654888275,1.000000,16.000000
compiler/constant_membership,500,1,65600,0.050004250,1311888,655944245,1.000000,16.000000
compiler/constant_membership,500,2,65952,0.050014167,1318666,659333185,1.000000,16.000000
compiler/constant_membership,500,3,65504,0.050008292,1309863,654931386,1.000000,16.000000
compiler/constant_membership,500,4,65408,0.050007500,1307964,653981903,1.000000,16.000000
compiler/constant_membership,500,5,65600,0.050002417,1311937,655968290,1.000000,16.000000
compiler/constant_membership,500,6,65632,0.050019750,1312122,656060856,1.000000,16.000000
compiler/lookup_record,500,0,115136,0.050006083,2302440,1151219943,0.000000,0.000000
compiler/lookup_record,500,1,114624,0.050009292,2292054,1146027022,0.000000,0.000000
compiler/lookup_record,500,2,113920,0.050010584,2277918,1138958905,0.000000,0.000000
compiler/lookup_record,500,3,113728,0.050010333,2274090,1137045018,0.000000,0.000000
compiler/lookup_record,500,4,114016,0.050009917,2279868,1139933906,0.000000,0.000000
compiler/lookup_record,500,5,113760,0.050011167,2274692,1137345985,0.000000,0.000000
compiler/lookup_record,500,6,113312,0.050003084,2266100,1133050113,0.000000,0.000000
rust/repeated_fields,500,0,149472,0.050003542,2989228,1494614122,0.000000,0.000000
rust/repeated_fields,500,1,150080,0.050007000,3001180,1500589917,0.000000,0.000000
rust/repeated_fields,500,2,149760,0.050007834,2994731,1497365393,0.000000,0.000000
rust/repeated_fields,500,3,149920,0.050006959,2997983,1498991370,0.000000,0.000000
rust/repeated_fields,500,4,150496,0.050001584,3009825,1504912324,0.000000,0.000000
rust/repeated_fields,500,5,149824,0.050004625,2996203,1498101426,0.000000,0.000000
rust/repeated_fields,500,6,149568,0.050000125,2991353,1495676261,0.000000,0.000000
compiler/constant_scalar,1024,0,87200,0.050013333,1743535,1785379911,0.000000,0.000000
compiler/constant_scalar,1024,1,86336,0.050009542,1726391,1767823908,0.000000,0.000000
compiler/constant_scalar,1024,2,86784,0.050015875,1735129,1776772195,0.000000,0.000000
compiler/constant_scalar,1024,3,86752,0.050015583,1734499,1776127412,0.000000,0.000000
compiler/constant_scalar,1024,4,86784,0.050016125,1735120,1776763314,0.000000,0.000000
compiler/constant_scalar,1024,5,87744,0.050010542,1754510,1796618321,0.000000,0.000000
compiler/constant_scalar,1024,6,86528,0.050012417,1730130,1771653468,0.000000,0.000000
compiler/repeated_fields,1024,0,74944,0.050019667,1498291,1534249638,0.000000,0.000000
compiler/repeated_fields,1024,1,74752,0.050009000,1494771,1530645444,0.000000,0.000000
compiler/repeated_fields,1024,2,75616,0.050013875,1511900,1548186058,0.000000,0.000000
compiler/repeated_fields,1024,3,74976,0.050001917,1499463,1535449611,0.000000,0.000000
compiler/repeated_fields,1024,4,75072,0.050021041,1500808,1536827832,0.000000,0.000000
compiler/repeated_fields,1024,5,75136,0.050009333,1502440,1538498104,0.000000,0.000000
compiler/repeated_fields,1024,6,75680,0.050004125,1513475,1549798542,0.000000,0.000000
compiler/dynamic_leaves,1024,0,77504,0.050006042,1549893,1587090136,3.000000,152.000000
compiler/dynamic_leaves,1024,1,77056,0.050010125,1540808,1577787378,3.000000,152.000000
compiler/dynamic_leaves,1024,2,76800,0.050001084,1535967,1572829901,3.000000,152.000000
compiler/dynamic_leaves,1024,3,76768,0.050010166,1535048,1571889044,3.000000,152.000000
compiler/dynamic_leaves,1024,4,76896,0.050013583,1537502,1574402378,3.000000,152.000000
compiler/dynamic_leaves,1024,5,76800,0.050005584,1535828,1572688362,3.000000,152.000000
compiler/dynamic_leaves,1024,6,77088,0.050006584,1541557,1578554376,3.000000,152.000000
compiler/filtered_sum,1024,0,74176,0.050013833,1483110,1518704315,0.000000,0.000000
compiler/filtered_sum,1024,1,74112,0.050000791,1482217,1517789749,0.000000,0.000000
compiler/filtered_sum,1024,2,73760,0.050005375,1475041,1510442427,0.000000,0.000000
compiler/filtered_sum,1024,3,73824,0.050002583,1476404,1511837418,0.000000,0.000000
compiler/filtered_sum,1024,4,73728,0.050020708,1473950,1509324338,0.000000,0.000000
compiler/filtered_sum,1024,5,74752,0.050010083,1494739,1530612297,0.000000,0.000000
compiler/filtered_sum,1024,6,74048,0.050002750,1480879,1516419637,0.000000,0.000000
compiler/invariant_aggregate,1024,0,42752,0.050022416,854657,875168604,0.000000,0.000000
compiler/invariant_aggregate,1024,1,42912,0.050035708,857628,878210577,0.000000,0.000000
compiler/invariant_aggregate,1024,2,42624,0.050020208,852136,872586855,0.000000,0.000000
compiler/invariant_aggregate,1024,3,42624,0.050033625,851907,872352863,0.000000,0.000000
compiler/invariant_aggregate,1024,4,42624,0.050035833,851869,872314367,0.000000,0.000000
compiler/invariant_aggregate,1024,5,42752,0.050011875,854837,875353064,0.000000,0.000000
compiler/invariant_aggregate,1024,6,42816,0.050010708,856137,876683929,0.000000,0.000000
compiler/builtin_reference,1024,0,87360,0.050000500,1747183,1789114909,0.000000,0.000000
compiler/builtin_reference,1024,1,87104,0.050024333,1741233,1783022194,0.000000,0.000000
compiler/builtin_reference,1024,2,86752,0.050002958,1734937,1776575858,0.000000,0.000000
compiler/builtin_reference,1024,3,86848,0.050016083,1736401,1778075104,0.000000,0.000000
compiler/builtin_reference,1024,4,86816,0.050014625,1735812,1777471770,0.000000,0.000000
compiler/builtin_reference,1024,5,87008,0.050005417,1739971,1781730807,0.000000,0.000000
compiler/builtin_reference,1024,6,86592,0.050004042,1731700,1773260810,0.000000,0.000000
compiler/static_array,1024,0,85088,0.050016833,1701187,1742015773,1.000000,16.000000
compiler/static_array,1024,1,85152,0.050000500,1703023,1743895521,1.000000,16.000000
compiler/static_array,1024,2,85440,0.050018291,1708175,1749171318,1.000000,16.000000
compiler/static_array,1024,3,85248,0.050010583,1704599,1745509585,1.000000,16.000000
compiler/static_array,1024,4,85472,0.050009000,1709132,1750151533,1.000000,16.000000
compiler/static_array,1024,5,85568,0.050001916,1711294,1752365489,1.000000,16.000000
compiler/static_array,1024,6,84960,0.050003500,1699081,1739859010,1.000000,16.000000
compiler/constant_membership,1024,0,38816,0.050019500,776017,794641770,1.000000,16.000000
compiler/constant_membership,1024,1,38624,0.050027041,772062,790591952,1.000000,16.000000
compiler/constant_membership,1024,2,38560,0.050028708,770757,789255641,1.000000,16.000000
compiler/constant_membership,1024,3,38944,0.050000292,778875,797568462,1.000000,16.000000
compiler/constant_membership,1024,4,39232,0.050033583,784113,802932063,1.000000,16.000000
compiler/constant_membership,1024,5,38752,0.050016458,774785,793379811,1.000000,16.000000
compiler/constant_membership,1024,6,38528,0.050036333,770000,788480483,1.000000,16.000000
compiler/lookup_record,1024,0,71840,0.050020459,1436212,1470681427,0.000000,0.000000
compiler/lookup_record,1024,1,71712,0.050014375,1433828,1468239641,0.000000,0.000000
compiler/lookup_record,1024,2,71296,0.050013500,1425535,1459747948,0.000000,0.000000
compiler/lookup_record,1024,3,71424,0.050021208,1427874,1462143337,0.000000,0.000000
compiler/lookup_record,1024,4,71456,0.050009292,1428854,1463146969,0.000000,0.000000
compiler/lookup_record,1024,5,71328,0.050014500,1426146,1460373932,0.000000,0.000000
compiler/lookup_record,1024,6,70016,0.050011084,1400010,1433609877,0.000000,0.000000
rust/repeated_fields,1024,0,82720,0.050003166,1654295,1693998336,0.000000,0.000000
rust/repeated_fields,1024,1,82816,0.050012917,1655892,1695633630,0.000000,0.000000
rust/repeated_fields,1024,2,83904,0.050000208,1678073,1718346772,0.000000,0.000000
rust/repeated_fields,1024,3,83072,0.050011333,1661064,1700929027,0.000000,0.000000
rust/repeated_fields,1024,4,83136,0.050008250,1662446,1702344393,0.000000,0.000000
rust/repeated_fields,1024,5,83264,0.050010542,1664929,1704887262,0.000000,0.000000
rust/repeated_fields,1024,6,83040,0.050011041,1660433,1700283743,0.000000,0.000000
compiler/constant_scalar,10240,0,9376,0.050003792,187506,1920059183,0.000000,0.000000
compiler/constant_scalar,10240,1,9440,0.050006375,188776,1933065534,0.000000,0.000000
compiler/constant_scalar,10240,2,9376,0.050032875,187397,1918943095,0.000000,0.000000
compiler/constant_scalar,10240,3,9376,0.050029959,187408,1919054941,0.000000,0.000000
compiler/constant_scalar,10240,4,9376,0.050002458,187511,1920110407,0.000000,0.000000
compiler/constant_scalar,10240,5,9376,0.050040167,187369,1918663461,0.000000,0.000000
compiler/constant_scalar,10240,6,9376,0.050049083,187336,1918321660,0.000000,0.000000
compiler/repeated_fields,10240,0,9312,0.050147500,185692,1901488210,0.000000,0.000000
compiler/repeated_fields,10240,1,9216,0.050019542,184248,1886699402,0.000000,0.000000
compiler/repeated_fields,10240,2,9216,0.050047292,184146,1885653274,0.000000,0.000000
compiler/repeated_fields,10240,3,9216,0.050034417,184193,1886138495,0.000000,0.000000
compiler/repeated_fields,10240,4,9216,0.050175000,183677,1880853812,0.000000,0.000000
compiler/repeated_fields,10240,5,9312,0.050053250,186042,1905068702,0.000000,0.000000
compiler/repeated_fields,10240,6,9280,0.050032458,185480,1899311043,0.000000,0.000000
compiler/dynamic_leaves,10240,0,9248,0.050105833,184569,1889989934,3.000000,152.000000
compiler/dynamic_leaves,10240,1,9248,0.050130500,184479,1889059954,3.000000,152.000000
compiler/dynamic_leaves,10240,2,9248,0.050046875,184787,1892216447,3.000000,152.000000
compiler/dynamic_leaves,10240,3,9248,0.050115791,184533,1889614393,3.000000,152.000000
compiler/dynamic_leaves,10240,4,9248,0.050068833,184706,1891386604,3.000000,152.000000
compiler/dynamic_leaves,10240,5,9280,0.050161042,185004,1894442304,3.000000,152.000000
compiler/dynamic_leaves,10240,6,9248,0.050013916,184909,1893463411,3.000000,152.000000
compiler/filtered_sum,10240,0,9184,0.050075250,183404,1878056725,0.000000,0.000000
compiler/filtered_sum,10240,1,9216,0.050039541,184174,1885945357,0.000000,0.000000
compiler/filtered_sum,10240,2,9184,0.050037708,183542,1879465782,0.000000,0.000000
compiler/filtered_sum,10240,3,9216,0.050164167,183717,1881259984,0.000000,0.000000
compiler/filtered_sum,10240,4,9184,0.050068584,183428,1878306764,0.000000,0.000000
compiler/filtered_sum,10240,5,9184,0.050042375,183524,1879290501,0.000000,0.000000
compiler/filtered_sum,10240,6,9344,0.050004083,186865,1913494944,0.000000,0.000000
compiler/invariant_aggregate,10240,0,4768,0.050069417,95228,975132584,0.000000,0.000000
compiler/invariant_aggregate,10240,1,4768,0.050226917,94929,972074794,0.000000,0.000000
compiler/invariant_aggregate,10240,2,4768,0.050249333,94887,971641156,0.000000,0.000000
compiler/invariant_aggregate,10240,3,4736,0.050005167,94710,969832578,0.000000,0.000000
compiler/invariant_aggregate,10240,4,4768,0.050160084,95056,973369981,0.000000,0.000000
compiler/invariant_aggregate,10240,5,4768,0.050173292,95031,973113743,0.000000,0.000000
compiler/invariant_aggregate,10240,6,4800,0.050122084,95766,980645577,0.000000,0.000000
compiler/builtin_reference,10240,0,9376,0.050077292,187231,1917241052,0.000000,0.000000
compiler/builtin_reference,10240,1,9408,0.050163417,187547,1920481613,0.000000,0.000000
compiler/builtin_reference,10240,2,9472,0.050077500,189147,1936863462,0.000000,0.000000
compiler/builtin_reference,10240,3,9376,0.050023417,187432,1919305912,0.000000,0.000000
compiler/builtin_reference,10240,4,9408,0.050162500,187550,1920516721,0.000000,0.000000
compiler/builtin_reference,10240,5,9408,0.050168000,187530,1920306171,0.000000,0.000000
compiler/builtin_reference,10240,6,9376,0.050035625,187386,1918837628,0.000000,0.000000
compiler/static_array,10240,0,9536,0.050108000,190309,1948763471,1.000000,16.000000
compiler/static_array,10240,1,9408,0.050073334,187884,1923936601,1.000000,16.000000
compiler/static_array,10240,2,9376,0.050088167,187190,1916824786,1.000000,16.000000
compiler/static_array,10240,3,9376,0.050084000,187205,1916984266,1.000000,16.000000
compiler/static_array,10240,4,9376,0.050037208,187381,1918776923,1.000000,16.000000
compiler/static_array,10240,5,9376,0.050162791,186911,1913973248,1.000000,16.000000
compiler/static_array,10240,6,9504,0.050136833,189561,1941107050,1.000000,16.000000
compiler/constant_membership,10240,0,4704,0.050144542,93809,960602253,1.000000,16.000000
compiler/constant_membership,10240,1,4704,0.050044375,93997,962524959,1.000000,16.000000
compiler/constant_membership,10240,2,4768,0.050175959,95026,973062020,1.000000,16.000000
compiler/constant_membership,10240,3,4768,0.050052333,95260,975465419,1.000000,16.000000
compiler/constant_membership,10240,4,4736,0.050070000,94588,968576792,1.000000,16.000000
compiler/constant_membership,10240,5,4704,0.050094125,93903,961569046,1.000000,16.000000
compiler/constant_membership,10240,6,4704,0.050072667,93943,961981114,1.000000,16.000000
compiler/lookup_record,10240,0,9184,0.050114833,183259,1876573349,0.000000,0.000000
compiler/lookup_record,10240,1,9184,0.050146750,183142,1875378963,0.000000,0.000000
compiler/lookup_record,10240,2,9184,0.050101167,183309,1877085218,0.000000,0.000000
compiler/lookup_record,10240,3,9248,0.050013500,184910,1893479161,0.000000,0.000000
compiler/lookup_record,10240,4,9120,0.050014917,182346,1867218934,0.000000,0.000000
compiler/lookup_record,10240,5,9152,0.050134708,182548,1869293424,0.000000,0.000000
compiler/lookup_record,10240,6,9152,0.050107458,182647,1870310005,0.000000,0.000000
rust/repeated_fields,10240,0,9344,0.050097959,186515,1909909344,0.000000,0.000000
rust/repeated_fields,10240,1,9408,0.050080000,187859,1923680511,0.000000,0.000000
rust/repeated_fields,10240,2,9376,0.050158666,186927,1914130651,0.000000,0.000000
rust/repeated_fields,10240,3,9344,0.050028000,186775,1912580155,0.000000,0.000000
rust/repeated_fields,10240,4,9344,0.050129042,186399,1908725086,0.000000,0.000000
rust/repeated_fields,10240,5,9344,0.050069083,186622,1911010833,0.000000,0.000000
rust/repeated_fields,10240,6,9440,0.050145500,188252,1927702386,0.000000,0.000000
compiler/constant_scalar,1048576,0,96,0.051593792,1861,1951073804,0.000000,0.000000
compiler/constant_scalar,1048576,1,96,0.051707084,1857,1946798934,0.000000,0.000000
compiler/constant_scalar,1048576,2,96,0.051553708,1862,1952590801,0.000000,0.000000
compiler/constant_scalar,1048576,3,96,0.051756542,1855,1944938593,0.000000,0.000000
compiler/constant_scalar,1048576,4,96,0.051454917,1866,1956339683,0.000000,0.000000
compiler/constant_scalar,1048576,5,96,0.051738375,1855,1945621524,0.000000,0.000000
compiler/constant_scalar,1048576,6,96,0.051469084,1865,1955801195,0.000000,0.000000
compiler/repeated_fields,1048576,0,96,0.051645292,1859,1949128219,0.000000,0.000000
compiler/repeated_fields,1048576,1,96,0.051764333,1855,1944645863,0.000000,0.000000
compiler/repeated_fields,1048576,2,96,0.051863834,1851,1940915051,0.000000,0.000000
compiler/repeated_fields,1048576,3,96,0.051713667,1856,1946551112,0.000000,0.000000
compiler/repeated_fields,1048576,4,96,0.051799292,1853,1943333434,0.000000,0.000000
compiler/repeated_fields,1048576,5,96,0.051458291,1866,1956211410,0.000000,0.000000
compiler/repeated_fields,1048576,6,96,0.051970291,1847,1936939241,0.000000,0.000000
compiler/dynamic_leaves,1048576,0,96,0.051854583,1851,1941261315,3.000000,152.000000
compiler/dynamic_leaves,1048576,1,96,0.051813250,1853,1942809918,3.000000,152.000000
compiler/dynamic_leaves,1048576,2,96,0.051059167,1880,1971502904,3.000000,152.000000
compiler/dynamic_leaves,1048576,3,96,0.051391125,1868,1958768095,3.000000,152.000000
compiler/dynamic_leaves,1048576,4,96,0.051821125,1853,1942514679,3.000000,152.000000
compiler/dynamic_leaves,1048576,5,96,0.051794375,1853,1943517921,3.000000,152.000000
compiler/dynamic_leaves,1048576,6,96,0.051856875,1851,1941175514,3.000000,152.000000
compiler/filtered_sum,1048576,0,96,0.051775292,1854,1944234250,0.000000,0.000000
compiler/filtered_sum,1048576,1,96,0.051787584,1854,1943772778,0.000000,0.000000
compiler/filtered_sum,1048576,2,96,0.051959708,1848,1937333751,0.000000,0.000000
compiler/filtered_sum,1048576,3,96,0.051784959,1854,1943871308,0.000000,0.000000
compiler/filtered_sum,1048576,4,96,0.051819500,1853,1942575594,0.000000,0.000000
compiler/filtered_sum,1048576,5,96,0.051732000,1856,1945861285,0.000000,0.000000
compiler/filtered_sum,1048576,6,96,0.051847375,1852,1941531196,0.000000,0.000000
compiler/invariant_aggregate,1048576,0,64,0.067466417,949,994700282,0.000000,0.000000
compiler/invariant_aggregate,1048576,1,64,0.067649583,946,992007061,0.000000,0.000000
compiler/invariant_aggregate,1048576,2,64,0.067931917,942,987884149,0.000000,0.000000
compiler/invariant_aggregate,1048576,3,64,0.067591583,947,992858297,0.000000,0.000000
compiler/invariant_aggregate,1048576,4,64,0.067903542,943,988296958,0.000000,0.000000
compiler/invariant_aggregate,1048576,5,64,0.067605000,947,992661253,0.000000,0.000000
compiler/invariant_aggregate,1048576,6,64,0.067906458,942,988254519,0.000000,0.000000
compiler/builtin_reference,1048576,0,96,0.051743167,1855,1945441337,0.000000,0.000000
compiler/builtin_reference,1048576,1,96,0.051277417,1872,1963111675,0.000000,0.000000
compiler/builtin_reference,1048576,2,96,0.053044083,1810,1897729027,0.000000,0.000000
compiler/builtin_reference,1048576,3,96,0.051515625,1864,1954034257,0.000000,0.000000
compiler/builtin_reference,1048576,4,96,0.051757083,1855,1944918264,0.000000,0.000000
compiler/builtin_reference,1048576,5,96,0.051859541,1851,1941075722,0.000000,0.000000
compiler/builtin_reference,1048576,6,96,0.051933375,1849,1938316083,0.000000,0.000000
compiler/static_array,1048576,0,96,0.051965167,1847,1937130232,1.000000,16.000000
compiler/static_array,1048576,1,96,0.051799209,1853,1943336548,1.000000,16.000000
compiler/static_array,1048576,2,96,0.051786791,1854,1943802542,1.000000,16.000000
compiler/static_array,1048576,3,96,0.051812875,1853,1942823980,1.000000,16.000000
compiler/static_array,1048576,4,96,0.051736542,1856,1945690456,1.000000,16.000000
compiler/static_array,1048576,5,96,0.051587542,1861,1951310183,1.000000,16.000000
compiler/static_array,1048576,6,96,0.051409166,1867,1958080705,1.000000,16.000000
compiler/constant_membership,1048576,0,64,0.067914334,942,988139912,1.000000,16.000000
compiler/constant_membership,1048576,1,64,0.067855333,943,988999111,1.000000,16.000000
compiler/constant_membership,1048576,2,64,0.067954000,942,987563116,1.000000,16.000000
compiler/constant_membership,1048576,3,64,0.067715000,945,991048719,1.000000,16.000000
compiler/constant_membership,1048576,4,64,0.067649458,946,992008894,1.000000,16.000000
compiler/constant_membership,1048576,5,64,0.067932292,942,987878695,1.000000,16.000000
compiler/constant_membership,1048576,6,64,0.067967958,942,987360309,1.000000,16.000000
compiler/lookup_record,1048576,0,96,0.051484417,1865,1955218722,0.000000,0.000000
compiler/lookup_record,1048576,1,96,0.051430792,1867,1957257357,0.000000,0.000000
compiler/lookup_record,1048576,2,96,0.051787125,1854,1943790006,0.000000,0.000000
compiler/lookup_record,1048576,3,96,0.051752458,1855,1945092077,0.000000,0.000000
compiler/lookup_record,1048576,4,96,0.051828584,1852,1942235119,0.000000,0.000000
compiler/lookup_record,1048576,5,96,0.051730958,1856,1945900480,0.000000,0.000000
compiler/lookup_record,1048576,6,96,0.051777292,1854,1944159150,0.000000,0.000000
rust/repeated_fields,1048576,0,96,0.051801625,1853,1943245912,0.000000,0.000000
rust/repeated_fields,1048576,1,96,0.051299209,1871,1962277742,0.000000,0.000000
rust/repeated_fields,1048576,2,96,0.051593291,1861,1951092750,0.000000,0.000000
rust/repeated_fields,1048576,3,96,0.051319250,1871,1961511441,0.000000,0.000000
rust/repeated_fields,1048576,4,96,0.051760542,1855,1944788291,0.000000,0.000000
rust/repeated_fields,1048576,5,96,0.051225375,1874,1965106083,0.000000,0.000000
rust/repeated_fields,1048576,6,96,0.051738750,1855,1945607422,0.000000,0.000000
compile/execution,0,0,17120,0.050084208,341824,0,132.000000,8000.000000
compile/execution,0,1,17216,0.050000292,344318,0,132.000000,8000.000000
compile/execution,0,2,17152,0.050021000,342896,0,132.000000,8000.000000
compile/execution,0,3,17216,0.050066458,343863,0,132.000000,8000.000000
compile/execution,0,4,17248,0.050042875,344664,0,132.000000,8000.000000
compile/execution,0,5,17248,0.050021375,344813,0,132.000000,8000.000000
compile/execution,0,6,17152,0.050055875,342657,0,132.000000,8000.000000
execution/arithmetic,100,0,318016,0.050000834,6360214,636021391,0.000000,0.000000
execution/arithmetic,100,1,324800,0.050003833,6495502,649550205,0.000000,0.000000
execution/arithmetic,100,2,327328,0.050001167,6546407,654640721,0.000000,0.000000
execution/arithmetic,100,3,327360,0.050003584,6546731,654673073,0.000000,0.000000
execution/arithmetic,100,4,327936,0.050002125,6558441,655844127,0.000000,0.000000
execution/arithmetic,100,5,327840,0.050001875,6556554,655655413,0.000000,0.000000
execution/arithmetic,100,6,326240,0.050004833,6524169,652416937,0.000000,0.000000
execution/comparison,100,0,315520,0.050003166,6310000,631000045,0.000000,0.000000
execution/comparison,100,1,317024,0.050003834,6339994,633999385,0.000000,0.000000
execution/comparison,100,2,316448,0.050004333,6328412,632841158,0.000000,0.000000
execution/comparison,100,3,312128,0.050000666,6242477,624247685,0.000000,0.000000
execution/comparison,100,4,316640,0.050001875,6332563,633256253,0.000000,0.000000
execution/comparison,100,5,315488,0.050003958,6309261,630926056,0.000000,0.000000
execution/comparison,100,6,316608,0.050001250,6332002,633200170,0.000000,0.000000
execution/conditional,100,0,317920,0.050004458,6357833,635783314,0.000000,0.000000
execution/conditional,100,1,318752,0.050000375,6374992,637499219,0.000000,0.000000
execution/conditional,100,2,315392,0.050002292,6307551,630755086,0.000000,0.000000
execution/conditional,100,3,314048,0.050001916,6280719,628071932,0.000000,0.000000
execution/conditional,100,4,315296,0.050004458,6305358,630535781,0.000000,0.000000
execution/conditional,100,5,315296,0.050003250,6305510,630551014,0.000000,0.000000
execution/conditional,100,6,315168,0.050003292,6302945,630294501,0.000000,0.000000
execution/constructor,100,0,251104,0.050002875,5021791,502179125,3.000000,152.000000
execution/constructor,100,1,254464,0.050000750,5089204,508920366,3.000000,152.000000
execution/constructor,100,2,255040,0.050001625,5100634,510063423,3.000000,152.000000
execution/constructor,100,3,256160,0.050004334,5122756,512275596,3.000000,152.000000
execution/constructor,100,4,256832,0.050004208,5136208,513620774,3.000000,152.000000
execution/constructor,100,5,255808,0.050005334,5115614,511561427,3.000000,152.000000
execution/constructor,100,6,256096,0.050000916,5121826,512182617,3.000000,152.000000
rust/execution_arithmetic,100,0,491680,0.050002792,9833051,983305092,0.000000,0.000000
rust/execution_arithmetic,100,1,490912,0.050002833,9817684,981768373,0.000000,0.000000
rust/execution_arithmetic,100,2,492928,0.050000458,9858470,985846970,0.000000,0.000000
rust/execution_arithmetic,100,3,493504,0.050003000,9869488,986948783,0.000000,0.000000
rust/execution_arithmetic,100,4,489120,0.050001833,9782041,978204139,0.000000,0.000000
rust/execution_arithmetic,100,5,484576,0.050001292,9691270,969126958,0.000000,0.000000
rust/execution_arithmetic,100,6,484032,0.050002042,9680245,968024466,0.000000,0.000000
rust/execution_constructor,100,0,485792,0.050001250,9715597,971559711,0.000000,0.000000
rust/execution_constructor,100,1,485056,0.050002500,9700635,970063497,0.000000,0.000000
rust/execution_constructor,100,2,489440,0.050002875,9788237,978823718,0.000000,0.000000
rust/execution_constructor,100,3,493120,0.050000875,9862227,986222741,0.000000,0.000000
rust/execution_constructor,100,4,492736,0.050001458,9854433,985443264,0.000000,0.000000
rust/execution_constructor,100,5,491968,0.050002542,9838860,983885979,0.000000,0.000000
rust/execution_constructor,100,6,490784,0.050001750,9815336,981533646,0.000000,0.000000
execution/arithmetic,500,0,135936,0.050008250,2718271,1359135743,0.000000,0.000000
execution/arithmetic,500,1,136896,0.050008083,2737477,1368738730,0.000000,0.000000
execution/arithmetic,500,2,138464,0.050007500,2768865,1384432335,0.000000,0.000000
execution/arithmetic,500,3,137376,0.050000042,2747518,1373758846,0.000000,0.000000
execution/arithmetic,500,4,137312,0.050006875,2745862,1372931222,0.000000,0.000000
execution/arithmetic,500,5,136864,0.050009666,2736751,1368375466,0.000000,0.000000
execution/arithmetic,500,6,136736,0.050007792,2734294,1367146944,0.000000,0.000000
execution/comparison,500,0,134784,0.050009667,2695159,1347579459,0.000000,0.000000
execution/comparison,500,1,134848,0.050004125,2696738,1348368760,0.000000,0.000000
execution/comparison,500,2,134880,0.050006750,2697236,1348617937,0.000000,0.000000
execution/comparison,500,3,135712,0.050002958,2714079,1357039718,0.000000,0.000000
execution/comparison,500,4,136032,0.050003500,2720450,1360224784,0.000000,0.000000
execution/comparison,500,5,134912,0.050003875,2698031,1349015451,0.000000,0.000000
execution/comparison,500,6,134784,0.050009792,2695152,1347576091,0.000000,0.000000
execution/conditional,500,0,134880,0.050003333,2697420,1348710095,0.000000,0.000000
execution/conditional,500,1,135136,0.050011208,2702114,1351057147,0.000000,0.000000
execution/conditional,500,2,135904,0.050007542,2717670,1358835033,0.000000,0.000000
execution/conditional,500,3,136000,0.050005875,2719680,1359840219,0.000000,0.000000
execution/conditional,500,4,135104,0.050008625,2701614,1350806986,0.000000,0.000000
execution/conditional,500,5,135168,0.050008666,2702892,1351445767,0.000000,0.000000
execution/conditional,500,6,134976,0.050001500,2699439,1349719508,0.000000,0.000000
execution/constructor,500,0,121312,0.050011708,2425672,1212836002,3.000000,152.000000
execution/constructor,500,1,120704,0.050002458,2413961,1206980665,3.000000,152.000000
execution/constructor,500,2,122656,0.050007042,2452775,1226387276,3.000000,152.000000
execution/constructor,500,3,121888,0.050012084,2437171,1218585492,3.000000,152.000000
execution/constructor,500,4,121856,0.050006042,2436826,1218412767,3.000000,152.000000
execution/constructor,500,5,122304,0.050002667,2445950,1222974767,3.000000,152.000000
execution/constructor,500,6,120448,0.050008833,2408535,1204267254,3.000000,152.000000
rust/execution_arithmetic,500,0,157664,0.050004000,3153028,1576513879,0.000000,0.000000
rust/execution_arithmetic,500,1,159488,0.050001917,3189638,1594818855,0.000000,0.000000
rust/execution_arithmetic,500,2,154784,0.050000167,3095670,1547834830,0.000000,0.000000
rust/execution_arithmetic,500,3,157792,0.050009709,3155227,1577613659,0.000000,0.000000
rust/execution_arithmetic,500,4,159904,0.050007250,3197616,1598808173,0.000000,0.000000
rust/execution_arithmetic,500,5,160128,0.050004333,3202282,1601141245,0.000000,0.000000
rust/execution_arithmetic,500,6,159104,0.050000375,3182056,1591028067,0.000000,0.000000
rust/execution_constructor,500,0,158784,0.050000833,3175627,1587813547,0.000000,0.000000
rust/execution_constructor,500,1,161792,0.050002166,3235700,1617849915,0.000000,0.000000
rust/execution_constructor,500,2,159392,0.050000916,3187782,1593890800,0.000000,0.000000
rust/execution_constructor,500,3,159712,0.050006417,3193830,1596915052,0.000000,0.000000
rust/execution_constructor,500,4,159808,0.050002417,3196006,1598002753,0.000000,0.000000
rust/execution_constructor,500,5,159680,0.050008584,3193052,1596525908,0.000000,0.000000
rust/execution_constructor,500,6,159648,0.050003167,3192758,1596378885,0.000000,0.000000
execution/arithmetic,1024,0,78720,0.050003541,1574289,1612071433,0.000000,0.000000
execution/arithmetic,1024,1,78592,0.050009875,1571530,1609246334,0.000000,0.000000
execution/arithmetic,1024,2,78336,0.050016875,1566191,1603780004,0.000000,0.000000
execution/arithmetic,1024,3,78304,0.050013708,1565651,1603226379,0.000000,0.000000
execution/arithmetic,1024,4,78272,0.050011375,1565084,1602645958,0.000000,0.000000
execution/arithmetic,1024,5,78304,0.050007291,1565852,1603432108,0.000000,0.000000
execution/arithmetic,1024,6,78176,0.050004750,1563371,1600892395,0.000000,0.000000
execution/comparison,1024,0,79136,0.050007500,1582483,1620462211,0.000000,0.000000
execution/comparison,1024,1,79456,0.050017917,1588551,1626675977,0.000000,0.000000
execution/comparison,1024,2,79456,0.050006667,1588908,1627041930,0.000000,0.000000
execution/comparison,1024,3,78592,0.050008458,1571574,1609291932,0.000000,0.000000
execution/comparison,1024,4,78592,0.050015042,1571367,1609080084,0.000000,0.000000
execution/comparison,1024,5,78560,0.050018708,1570612,1608307036,0.000000,0.000000
execution/comparison,1024,6,78560,0.050020583,1570553,1608246749,0.000000,0.000000
execution/conditional,1024,0,79104,0.050013833,1581642,1619601841,0.000000,0.000000
execution/conditional,1024,1,78976,0.050018291,1578942,1616837009,0.000000,0.000000
execution/conditional,1024,2,78880,0.050018833,1577006,1614854149,0.000000,0.000000
execution/conditional,1024,3,78848,0.050019292,1576352,1614184223,0.000000,0.000000
execution/conditional,1024,4,78976,0.050005959,1579332,1617235738,0.000000,0.000000
execution/conditional,1024,5,78528,0.050011875,1570187,1607871571,0.000000,0.000000
execution/conditional,1024,6,78304,0.050005292,1565914,1603496206,0.000000,0.000000
execution/constructor,1024,0,73504,0.050020125,1469489,1504756256,3.000000,152.000000
execution/constructor,1024,1,73600,0.050021500,1471367,1506680128,3.000000,152.000000
execution/constructor,1024,2,73664,0.050012333,1472917,1508266691,3.000000,152.000000
execution/constructor,1024,3,73728,0.050002292,1474492,1509880227,3.000000,152.000000
execution/constructor,1024,4,73408,0.050000500,1468145,1503380806,3.000000,152.000000
execution/constructor,1024,5,72192,0.050017125,1443346,1477985950,3.000000,152.000000
execution/constructor,1024,6,72448,0.050003666,1448854,1483626261,3.000000,152.000000
rust/execution_arithmetic,1024,0,85952,0.050000333,1719029,1760285237,0.000000,0.000000
rust/execution_arithmetic,1024,1,85536,0.050010875,1710348,1751396351,0.000000,0.000000
rust/execution_arithmetic,1024,2,85952,0.050008958,1718732,1759981642,0.000000,0.000000
rust/execution_arithmetic,1024,3,86336,0.050001833,1726657,1768096462,0.000000,0.000000
rust/execution_arithmetic,1024,4,85920,0.050006875,1718164,1759399683,0.000000,0.000000
rust/execution_arithmetic,1024,5,85728,0.050009584,1714231,1755372970,0.000000,0.000000
rust/execution_arithmetic,1024,6,85760,0.050016292,1714641,1755792693,0.000000,0.000000
rust/execution_constructor,1024,0,85856,0.050014750,1716614,1757812325,0.000000,0.000000
rust/execution_constructor,1024,1,85824,0.050011291,1716092,1757278691,0.000000,0.000000
rust/execution_constructor,1024,2,85984,0.050007083,1719436,1760702899,0.000000,0.000000
rust/execution_constructor,1024,3,85280,0.050016292,1705044,1745965495,0.000000,0.000000
rust/execution_constructor,1024,4,85600,0.050015625,1711465,1752540331,0.000000,0.000000
rust/execution_constructor,1024,5,85664,0.050001167,1713240,1754357773,0.000000,0.000000
rust/execution_constructor,1024,6,85728,0.050009500,1714234,1755375919,0.000000,0.000000
execution/arithmetic,10240,0,9280,0.050079292,185306,1897534813,0.000000,0.000000
execution/arithmetic,10240,1,9312,0.050108500,185837,1902968159,0.000000,0.000000
execution/arithmetic,10240,2,9312,0.050085375,185923,1903846782,0.000000,0.000000
execution/arithmetic,10240,3,9312,0.050128459,185763,1902210479,0.000000,0.000000
execution/arithmetic,10240,4,9280,0.050197750,184869,1893056960,0.000000,0.000000
execution/arithmetic,10240,5,9184,0.050018667,183611,1880181253,0.000000,0.000000
execution/arithmetic,10240,6,9280,0.050172000,184964,1894028542,0.000000,0.000000
execution/comparison,10240,0,9408,0.050104458,187768,1922741485,0.000000,0.000000
execution/comparison,10240,1,9280,0.050177917,184942,1893805197,0.000000,0.000000
execution/comparison,10240,2,9280,0.050152959,185034,1894747626,0.000000,0.000000
execution/comparison,10240,3,9280,0.050168792,184976,1894149654,0.000000,0.000000
execution/comparison,10240,4,9376,0.050053125,187321,1918166748,0.000000,0.000000
execution/comparison,10240,5,9248,0.050099792,184592,1890217828,0.000000,0.000000
execution/comparison,10240,6,9280,0.050130750,185116,1895587040,0.000000,0.000000
execution/conditional,10240,0,9280,0.050158417,185014,1894541449,0.000000,0.000000
execution/conditional,10240,1,9248,0.050032625,184839,1892755377,0.000000,0.000000
execution/conditional,10240,2,9376,0.050028292,187414,1919118886,0.000000,0.000000
execution/conditional,10240,3,9280,0.050070375,185339,1897872744,0.000000,0.000000
execution/conditional,10240,4,9280,0.050164250,184992,1894321155,0.000000,0.000000
execution/conditional,10240,5,9280,0.050156875,185020,1894599693,0.000000,0.000000
execution/conditional,10240,6,9280,0.050165042,184989,1894291248,0.000000,0.000000
execution/constructor,10240,0,9184,0.050118333,183246,1876442299,3.000000,152.000000
execution/constructor,10240,1,9216,0.050166917,183707,1881156859,3.000000,152.000000
execution/constructor,10240,2,9184,0.050059417,183462,1878650724,3.000000,152.000000
execution/constructor,10240,3,9312,0.050140083,185720,1901769488,3.000000,152.000000
execution/constructor,10240,4,9152,0.050044666,182877,1872656718,3.000000,152.000000
execution/constructor,10240,5,9216,0.050132167,183834,1882460816,3.000000,152.000000
execution/constructor,10240,6,9312,0.050093167,185894,1903550638,3.000000,152.000000
rust/execution_arithmetic,10240,0,9408,0.050168208,187529,1920298210,0.000000,0.000000
rust/execution_arithmetic,10240,1,9440,0.050145750,188251,1927692776,0.000000,0.000000
rust/execution_arithmetic,10240,2,9376,0.050122333,187062,1915518178,0.000000,0.000000
rust/execution_arithmetic,10240,3,9376,0.050006875,187494,1919940808,0.000000,0.000000
rust/execution_arithmetic,10240,4,9504,0.050001792,190073,1946349443,0.000000,0.000000
rust/execution_arithmetic,10240,5,9504,0.050023083,189992,1945521031,0.000000,0.000000
rust/execution_arithmetic,10240,6,9376,0.050089750,187184,1916764208,0.000000,0.000000
rust/execution_constructor,10240,0,9376,0.050001375,187515,1920151996,0.000000,0.000000
rust/execution_constructor,10240,1,9472,0.050083791,189123,1936620173,0.000000,0.000000
rust/execution_constructor,10240,2,9408,0.050144000,187620,1921225271,0.000000,0.000000
rust/execution_constructor,10240,3,9376,0.050136625,187009,1914972139,0.000000,0.000000
rust/execution_constructor,10240,4,9376,0.050117542,187080,1915701293,0.000000,0.000000
rust/execution_constructor,10240,5,9408,0.050047417,187982,1924932909,0.000000,0.000000
rust/execution_constructor,10240,6,9408,0.050165042,187541,1920419403,0.000000,0.000000
execution/arithmetic,1048576,0,96,0.051717792,1856,1946395855,0.000000,0.000000
execution/arithmetic,1048576,1,96,0.051793792,1854,1943539797,0.000000,0.000000
execution/arithmetic,1048576,2,96,0.051800625,1853,1943283426,0.000000,0.000000
execution/arithmetic,1048576,3,96,0.051786416,1854,1943816618,0.000000,0.000000
execution/arithmetic,1048576,4,96,0.051767416,1854,1944530050,0.000000,0.000000
execution/arithmetic,1048576,5,96,0.051118292,1878,1969222602,0.000000,0.000000
execution/arithmetic,1048576,6,96,0.051551875,1862,1952660228,0.000000,0.000000
execution/comparison,1048576,0,96,0.051740250,1855,1945551017,0.000000,0.000000
execution/comparison,1048576,1,96,0.051438709,1866,1956956113,0.000000,0.000000
execution/comparison,1048576,2,96,0.051719292,1856,1946339405,0.000000,0.000000
execution/comparison,1048576,3,96,0.051782833,1854,1943951116,0.000000,0.000000
execution/comparison,1048576,4,96,0.051796875,1853,1943424116,0.000000,0.000000
execution/comparison,1048576,5,96,0.051742042,1855,1945483636,0.000000,0.000000
execution/comparison,1048576,6,96,0.051758125,1855,1944879108,0.000000,0.000000
execution/conditional,1048576,0,96,0.051773334,1854,1944307778,0.000000,0.000000
execution/conditional,1048576,1,96,0.051780792,1854,1944027739,0.000000,0.000000
execution/conditional,1048576,2,96,0.051023625,1881,1972876212,0.000000,0.000000
execution/conditional,1048576,3,96,0.051793750,1854,1943541373,0.000000,0.000000
execution/conditional,1048576,4,96,0.051743666,1855,1945422576,0.000000,0.000000
execution/conditional,1048576,5,96,0.051820667,1853,1942531847,0.000000,0.000000
execution/conditional,1048576,6,96,0.051729333,1856,1945961608,0.000000,0.000000
execution/constructor,1048576,0,96,0.050619375,1897,1988631744,3.000000,152.000000
execution/constructor,1048576,1,96,0.051628625,1859,1949757446,3.000000,152.000000
execution/constructor,1048576,2,96,0.051806125,1853,1943077117,3.000000,152.000000
execution/constructor,1048576,3,96,0.051765875,1855,1944587936,3.000000,152.000000
execution/constructor,1048576,4,96,0.051484958,1865,1955198177,3.000000,152.000000
execution/constructor,1048576,5,96,0.051729250,1856,1945964730,3.000000,152.000000
execution/constructor,1048576,6,96,0.051938166,1848,1938137284,3.000000,152.000000
rust/execution_arithmetic,1048576,0,96,0.051778625,1854,1944109099,0.000000,0.000000
rust/execution_arithmetic,1048576,1,96,0.051686083,1857,1947589954,0.000000,0.000000
rust/execution_arithmetic,1048576,2,96,0.051822833,1852,1942450657,0.000000,0.000000
rust/execution_arithmetic,1048576,3,96,0.051559791,1862,1952360435,0.000000,0.000000
rust/execution_arithmetic,1048576,4,96,0.051718500,1856,1946369210,0.000000,0.000000
rust/execution_arithmetic,1048576,5,96,0.051853250,1851,1941311220,0.000000,0.000000
rust/execution_arithmetic,1048576,6,96,0.050595083,1897,1989586537,0.000000,0.000000
rust/execution_constructor,1048576,0,96,0.051851167,1851,1941389207,0.000000,0.000000
rust/execution_constructor,1048576,1,96,0.051789583,1854,1943697751,0.000000,0.000000
rust/execution_constructor,1048576,2,96,0.051395708,1868,1958593430,0.000000,0.000000
rust/execution_constructor,1048576,3,96,0.051715834,1856,1946469547,0.000000,0.000000
rust/execution_constructor,1048576,4,96,0.051745000,1855,1945372422,0.000000,0.000000
rust/execution_constructor,1048576,5,96,0.050975959,1883,1974720986,0.000000,0.000000
rust/execution_constructor,1048576,6,96,0.051381167,1868,1959147717,0.000000,0.000000
execution/filtered_sum,74,0,90432,0.050006000,1808423,133823301,0.000000,0.000000
execution/filtered_sum,74,1,90688,0.050002708,1813662,134210971,0.000000,0.000000
execution/filtered_sum,74,2,90624,0.050009584,1812133,134097816,0.000000,0.000000
execution/filtered_sum,74,3,89312,0.050013208,1785768,132146852,0.000000,0.000000
execution/filtered_sum,74,4,89664,0.050007000,1793029,132684144,0.000000,0.000000
execution/filtered_sum,74,5,88832,0.050007500,1776374,131451642,0.000000,0.000000
execution/filtered_sum,74,6,89088,0.050013250,1781288,131815309,0.000000,0.000000
execution/mapped_sum,74,0,86240,0.050002458,1724715,127628926,0.000000,0.000000
execution/mapped_sum,74,1,86656,0.050006917,1732880,128233140,0.000000,0.000000
execution/mapped_sum,74,2,87584,0.050006000,1751470,129608767,0.000000,0.000000
execution/mapped_sum,74,3,88768,0.050002625,1775267,131369743,0.000000,0.000000
execution/mapped_sum,74,4,87808,0.050013833,1755674,129919896,0.000000,0.000000
execution/mapped_sum,74,5,88800,0.050002000,1775929,131418743,0.000000,0.000000
execution/mapped_sum,74,6,88320,0.050011875,1765981,130682563,0.000000,0.000000
rust/execution_filtered_sum,74,0,216768,0.050004667,4334955,320786698,0.000000,0.000000
rust/execution_filtered_sum,74,1,216448,0.050005667,4328469,320306736,0.000000,0.000000
rust/execution_filtered_sum,74,2,218240,0.050004375,4364418,322966940,0.000000,0.000000
rust/execution_filtered_sum,74,3,217440,0.050006500,4348235,321769370,0.000000,0.000000
rust/execution_filtered_sum,74,4,216608,0.050004958,4331730,320548054,0.000000,0.000000
rust/execution_filtered_sum,74,5,216416,0.050001250,4328212,320287673,0.000000,0.000000
rust/execution_filtered_sum,74,6,217568,0.050005333,4350896,321966299,0.000000,0.000000
execution/filtered_sum,1082,0,6048,0.050237250,120389,130260633,0.000000,0.000000
execution/filtered_sum,1082,1,5952,0.050006875,119024,128783572,0.000000,0.000000
execution/filtered_sum,1082,2,5984,0.050046167,119570,129374304,0.000000,0.000000
execution/filtered_sum,1082,3,5984,0.050072583,119507,129306052,0.000000,0.000000
execution/filtered_sum,1082,4,5984,0.050060084,119536,129338337,0.000000,0.000000
execution/filtered_sum,1082,5,5984,0.050173625,119266,129045649,0.000000,0.000000
execution/filtered_sum,1082,6,5952,0.050203833,118557,128278333,0.000000,0.000000
execution/mapped_sum,1082,0,5760,0.050126833,114909,124331014,0.000000,0.000000
execution/mapped_sum,1082,1,5760,0.050258250,114608,124005909,0.000000,0.000000
execution/mapped_sum,1082,2,5664,0.050150084,112941,122202148,0.000000,0.000000
execution/mapped_sum,1082,3,5664,0.050092834,113070,122341810,0.000000,0.000000
execution/mapped_sum,1082,4,5664,0.050118959,113011,122278039,0.000000,0.000000
execution/mapped_sum,1082,5,5664,0.050037541,113195,122477002,0.000000,0.000000
execution/mapped_sum,1082,6,5664,0.050095208,113065,122336013,0.000000,0.000000
rust/execution_filtered_sum,1082,0,15232,0.050092041,304080,329014823,0.000000,0.000000
rust/execution_filtered_sum,1082,1,15296,0.050015541,305825,330902589,0.000000,0.000000
rust/execution_filtered_sum,1082,2,15712,0.050040541,313985,339732218,0.000000,0.000000
rust/execution_filtered_sum,1082,3,15776,0.050020667,315390,341251587,0.000000,0.000000
rust/execution_filtered_sum,1082,4,15456,0.050084250,308600,333905210,0.000000,0.000000
rust/execution_filtered_sum,1082,5,15680,0.050104958,312943,338604415,0.000000,0.000000
rust/execution_filtered_sum,1082,6,15648,0.050017334,312852,338505367,0.000000,0.000000
execution/filtered_sum,8586,0,800,0.051307833,15592,133874296,0.000000,0.000000
execution/filtered_sum,8586,1,800,0.051700375,15474,132857837,0.000000,0.000000
execution/filtered_sum,8586,2,800,0.051094333,15657,134433695,0.000000,0.000000
execution/filtered_sum,8586,3,800,0.051422333,15557,133576203,0.000000,0.000000
execution/filtered_sum,8586,4,800,0.051429000,15555,133558887,0.000000,0.000000
execution/filtered_sum,8586,5,800,0.051197916,15626,134161711,0.000000,0.000000
execution/filtered_sum,8586,6,800,0.051625917,15496,133049453,0.000000,0.000000
execution/mapped_sum,8586,0,736,0.050662083,14528,124734232,0.000000,0.000000
execution/mapped_sum,8586,1,736,0.051220625,14369,123374051,0.000000,0.000000
execution/mapped_sum,8586,2,736,0.051828000,14201,121928224,0.000000,0.000000
execution/mapped_sum,8586,3,736,0.051882666,14186,121799755,0.000000,0.000000
execution/mapped_sum,8586,4,736,0.051774792,14215,122053528,0.000000,0.000000
execution/mapped_sum,8586,5,736,0.051548250,14278,122589923,0.000000,0.000000
execution/mapped_sum,8586,6,736,0.050721125,14511,124589035,0.000000,0.000000
rust/execution_filtered_sum,8586,0,1952,0.050436667,38702,332295391,0.000000,0.000000
rust/execution_filtered_sum,8586,1,2016,0.050475792,39940,342924307,0.000000,0.000000
rust/execution_filtered_sum,8586,2,2016,0.050527875,39899,342570828,0.000000,0.000000
rust/execution_filtered_sum,8586,3,2016,0.050464250,39949,343002740,0.000000,0.000000
rust/execution_filtered_sum,8586,4,1952,0.050342375,38774,332917785,0.000000,0.000000
rust/execution_filtered_sum,8586,5,2016,0.050125792,40219,345318753,0.000000,0.000000
rust/execution_filtered_sum,8586,6,2016,0.050080709,40255,345629612,0.000000,0.000000
execution/filtered_sum,137226,0,64,0.068977333,928,127323914,0.000000,0.000000
execution/filtered_sum,137226,1,64,0.068775583,931,127697413,0.000000,0.000000
execution/filtered_sum,137226,2,64,0.068331750,937,128526841,0.000000,0.000000
execution/filtered_sum,137226,3,64,0.068176833,939,128818891,0.000000,0.000000
execution/filtered_sum,137226,4,64,0.066273792,966,132517904,0.000000,0.000000
execution/filtered_sum,137226,5,64,0.065401583,979,134285190,0.000000,0.000000
execution/filtered_sum,137226,6,64,0.065945334,971,133177944,0.000000,0.000000
execution/mapped_sum,137226,0,64,0.069933625,915,125582851,0.000000,0.000000
execution/mapped_sum,137226,1,64,0.070563667,907,124461559,0.000000,0.000000
execution/mapped_sum,137226,2,64,0.070138084,912,125216765,0.000000,0.000000
execution/mapped_sum,137226,3,64,0.070656459,906,124298106,0.000000,0.000000
execution/mapped_sum,137226,4,64,0.070681917,905,124253336,0.000000,0.000000
execution/mapped_sum,137226,5,64,0.070332542,910,124870561,0.000000,0.000000
execution/mapped_sum,137226,6,64,0.070107375,913,125271614,0.000000,0.000000
rust/execution_filtered_sum,137226,0,128,0.053334167,2400,329337252,0.000000,0.000000
rust/execution_filtered_sum,137226,1,128,0.052725333,2428,333140200,0.000000,0.000000
rust/execution_filtered_sum,137226,2,128,0.051156167,2502,343358954,0.000000,0.000000
rust/execution_filtered_sum,137226,3,128,0.050935875,2513,344843943,0.000000,0.000000
rust/execution_filtered_sum,137226,4,128,0.052483583,2439,334674712,0.000000,0.000000
rust/execution_filtered_sum,137226,5,128,0.052529041,2437,334385088,0.000000,0.000000
rust/execution_filtered_sum,137226,6,128,0.052088125,2457,337215594,0.000000,0.000000
execution/lookup_8192,501,0,93376,0.050009542,1867164,935448999,0.000000,0.000000
execution/lookup_8192,501,1,98720,0.050009083,1974041,988994739,0.000000,0.000000
execution/lookup_8192,501,2,99808,0.050012417,1995664,999827863,0.000000,0.000000
execution/lookup_8192,501,3,98784,0.050003375,1975547,989748872,0.000000,0.000000
execution/lookup_8192,501,4,98752,0.050007042,1974762,989355699,0.000000,0.000000
execution/lookup_8192,501,5,98976,0.050016042,1978885,991421432,0.000000,0.000000
execution/lookup_8192,501,6,98880,0.050010125,1977200,990577008,0.000000,0.000000
rust/execution_lookup_8192,501,0,164800,0.050004250,3295720,1651155652,0.000000,0.000000
rust/execution_lookup_8192,501,1,164736,0.050002417,3294561,1650574931,0.000000,0.000000
rust/execution_lookup_8192,501,2,165760,0.050000166,3315189,1660909686,0.000000,0.000000
rust/execution_lookup_8192,501,3,164960,0.050003833,3298947,1652772498,0.000000,0.000000
rust/execution_lookup_8192,501,4,165184,0.050013541,3302786,1654695555,0.000000,0.000000
rust/execution_lookup_8192,501,5,165632,0.050008042,3312107,1659365748,0.000000,0.000000
rust/execution_lookup_8192,501,6,161568,0.050006625,3230932,1618696883,0.000000,0.000000
execution/type_fallback,16,0,362464,0.050000875,7249153,115986450,0.000000,0.000000
execution/type_fallback,16,1,366656,0.050000583,7333034,117328552,0.000000,0.000000
execution/type_fallback,16,2,368512,0.050001583,7370007,117920107,0.000000,0.000000
execution/type_fallback,16,3,368960,0.050003750,7378647,118058346,0.000000,0.000000
execution/type_fallback,16,4,359072,0.050003792,7180895,114894326,0.000000,0.000000
execution/type_fallback,16,5,360736,0.050001958,7214437,115431000,0.000000,0.000000
execution/type_fallback,16,6,361184,0.050004292,7223060,115568960,0.000000,0.000000
plan/branch,100,0,346144,0.050000458,6922817,692281659,0.000000,0.000000
plan/branch,100,1,350464,0.050001125,7009122,700912229,0.000000,0.000000
plan/branch,100,2,353024,0.050003458,7059992,705999173,0.000000,0.000000
plan/branch,100,3,337984,0.050000333,6759635,675963498,0.000000,0.000000
plan/branch,100,4,340256,0.050003250,6804678,680467770,0.000000,0.000000
plan/branch,100,5,341856,0.050004333,6836528,683652755,0.000000,0.000000
plan/branch,100,6,350560,0.050000292,7011159,701115905,0.000000,0.000000
plan/boolean,100,0,274976,0.050005334,5498933,549893337,0.000000,0.000000
plan/boolean,100,1,280448,0.050004375,5608469,560846926,0.000000,0.000000
plan/boolean,100,2,280064,0.050004958,5600725,560072463,0.000000,0.000000
plan/boolean,100,3,279488,0.050001125,5589634,558963423,0.000000,0.000000
plan/boolean,100,4,279264,0.050000667,5585205,558520549,0.000000,0.000000
plan/boolean,100,5,279168,0.050005083,5582792,558279245,0.000000,0.000000
plan/boolean,100,6,270624,0.050000167,5412462,541246192,0.000000,0.000000
plan/object,100,0,266016,0.050002208,5320085,532008507,3.000000,248.000000
plan/object,100,1,266720,0.050003042,5334075,533407547,3.000000,248.000000
plan/object,100,2,275200,0.050004166,5503541,550354144,3.000000,248.000000
plan/object,100,3,279104,0.050004250,5581606,558160556,3.000000,248.000000
plan/object,100,4,279392,0.050000416,5587794,558779351,3.000000,248.000000
plan/object,100,5,280160,0.050004083,5602742,560274248,3.000000,248.000000
plan/object,100,6,281312,0.050004792,5625701,562570083,3.000000,248.000000
plan/branch,500,0,139840,0.050001042,2796742,1398370858,0.000000,0.000000
plan/branch,500,1,140256,0.050005250,2804825,1402412747,0.000000,0.000000
plan/branch,500,2,140192,0.050010916,2803228,1401614000,0.000000,0.000000
plan/branch,500,3,139520,0.050001125,2790337,1395168609,0.000000,0.000000
plan/branch,500,4,141760,0.050011625,2834541,1417270485,0.000000,0.000000
plan/branch,500,5,140992,0.050004167,2819605,1409802507,0.000000,0.000000
plan/branch,500,6,141440,0.050001500,2828715,1414357569,0.000000,0.000000
plan/boolean,500,0,126112,0.050002333,2522122,1261061159,0.000000,0.000000
plan/boolean,500,1,127328,0.050010458,2546027,1273013736,0.000000,0.000000
plan/boolean,500,2,127968,0.050007125,2558995,1279497672,0.000000,0.000000
plan/boolean,500,3,127296,0.050003709,2545731,1272865579,0.000000,0.000000
plan/boolean,500,4,127584,0.050010375,2551151,1275575318,0.000000,0.000000
plan/boolean,500,5,126912,0.050000083,2538236,1269117893,0.000000,0.000000
plan/boolean,500,6,128000,0.050002542,2559870,1279934928,0.000000,0.000000
plan/object,500,0,125312,0.050010834,2505697,1252848533,3.000000,248.000000
plan/object,500,1,125664,0.050003500,2513104,1256552041,3.000000,248.000000
plan/object,500,2,125600,0.050001667,2511916,1255958126,3.000000,248.000000
plan/object,500,3,124960,0.050008334,2498784,1249391751,3.000000,248.000000
plan/object,500,4,125344,0.050001875,2506786,1253392998,3.000000,248.000000
plan/object,500,5,125824,0.050006958,2516130,1258064928,3.000000,248.000000
plan/object,500,6,126304,0.050001917,2525983,1262991577,3.000000,248.000000
plan/branch,1024,0,80768,0.050002709,1615272,1654039024,0.000000,0.000000
plan/branch,1024,1,81280,0.050019833,1624955,1663954376,0.000000,0.000000
plan/branch,1024,2,79808,0.050014250,1595705,1634002149,0.000000,0.000000
plan/branch,1024,3,80128,0.050010125,1602236,1640689200,0.000000,0.000000
plan/branch,1024,4,80160,0.050015959,1602688,1641152977,0.000000,0.000000
plan/branch,1024,5,80224,0.050014416,1604018,1642513950,0.000000,0.000000
plan/branch,1024,6,80320,0.050018292,1605813,1644352030,0.000000,0.000000
plan/boolean,1024,0,74944,0.050020583,1498263,1534221542,0.000000,0.000000
plan/boolean,1024,1,75360,0.050017834,1506663,1542822506,0.000000,0.000000
plan/boolean,1024,2,76928,0.050009083,1538281,1575199289,0.000000,0.000000
plan/boolean,1024,3,75680,0.050012250,1513229,1549546761,0.000000,0.000000
plan/boolean,1024,4,75648,0.050009125,1512684,1548988350,0.000000,0.000000
plan/boolean,1024,5,75680,0.050008333,1513348,1549668132,0.000000,0.000000
plan/boolean,1024,6,75680,0.050002166,1513534,1549859260,0.000000,0.000000
plan/object,1024,0,74752,0.050010291,1494732,1530605931,3.000000,248.000000
plan/object,1024,1,74720,0.050020209,1493796,1529647347,3.000000,248.000000
plan/object,1024,2,75040,0.050004000,1500680,1536696264,3.000000,248.000000
plan/object,1024,3,75008,0.050000042,1500159,1536162550,3.000000,248.000000
plan/object,1024,4,75232,0.050011125,1504305,1540408619,3.000000,248.000000
plan/object,1024,5,74976,0.050001875,1499464,1535450901,3.000000,248.000000
plan/object,1024,6,73728,0.050017084,1474056,1509433697,3.000000,248.000000
plan/branch,10240,0,9280,0.050170417,184970,1894088303,0.000000,0.000000
plan/branch,10240,1,9280,0.050077208,185314,1897613781,0.000000,0.000000
plan/branch,10240,2,9248,0.050078416,184670,1891024668,0.000000,0.000000
plan/branch,10240,3,9312,0.050139417,185722,1901794750,0.000000,0.000000
plan/branch,10240,4,9280,0.050103917,185215,1896602216,0.000000,0.000000
plan/branch,10240,5,9280,0.050171375,184966,1894052136,0.000000,0.000000
plan/branch,10240,6,9216,0.050019667,184248,1886694688,0.000000,0.000000
plan/boolean,10240,0,9184,0.050079791,183387,1877886431,0.000000,0.000000
plan/boolean,10240,1,9184,0.050072208,183415,1878170821,0.000000,0.000000
plan/boolean,10240,2,9312,0.050012083,186195,1906636842,0.000000,0.000000
plan/boolean,10240,3,9216,0.050022625,184237,1886583121,0.000000,0.000000
plan/boolean,10240,4,9216,0.050011667,184277,1886996488,0.000000,0.000000
plan/boolean,10240,5,9312,0.050001250,186235,1907049924,0.000000,0.000000
plan/boolean,10240,6,9248,0.050124458,184501,1889287661,0.000000,0.000000
plan/object,10240,0,9312,0.050053375,186041,1905063944,3.000000,248.000000
plan/object,10240,1,9216,0.050065958,184077,1884950249,3.000000,248.000000
plan/object,10240,2,9216,0.050107584,183924,1883384360,3.000000,248.000000
plan/object,10240,3,9216,0.050100875,183949,1883636563,3.000000,248.000000
plan/object,10240,4,9216,0.050104542,183935,1883498706,3.000000,248.000000
plan/object,10240,5,9216,0.050080917,184022,1884387221,3.000000,248.000000
plan/object,10240,6,9216,0.050042458,184164,1885835424,3.000000,248.000000
plan/branch,1048576,0,96,0.051455458,1866,1956319114,0.000000,0.000000
plan/branch,1048576,1,96,0.051803416,1853,1943178728,0.000000,0.000000
plan/branch,1048576,2,96,0.051309208,1871,1961895339,0.000000,0.000000
plan/branch,1048576,3,96,0.051705959,1857,1946841292,0.000000,0.000000
plan/branch,1048576,4,96,0.051764500,1855,1944639589,0.000000,0.000000
plan/branch,1048576,5,96,0.051820208,1853,1942549053,0.000000,0.000000
plan/branch,1048576,6,96,0.051785542,1854,1943849424,0.000000,0.000000
plan/boolean,1048576,0,96,0.051225500,1874,1965101287,0.000000,0.000000
plan/boolean,1048576,1,96,0.051753750,1855,1945043519,0.000000,0.000000
plan/boolean,1048576,2,96,0.051797375,1853,1943405356,0.000000,0.000000
plan/boolean,1048576,3,96,0.051697708,1857,1947152009,0.000000,0.000000
plan/boolean,1048576,4,96,0.051842667,1852,1941707513,0.000000,0.000000
plan/boolean,1048576,5,96,0.051701667,1857,1947002908,0.000000,0.000000
plan/boolean,1048576,6,96,0.051824834,1852,1942375657,0.000000,0.000000
plan/object,1048576,0,96,0.051613458,1860,1950330396,3.000000,248.000000
plan/object,1048576,1,96,0.051759750,1855,1944818049,3.000000,248.000000
plan/object,1048576,2,96,0.051767250,1854,1944536285,3.000000,248.000000
plan/object,1048576,3,96,0.051763292,1855,1944684971,3.000000,248.000000
plan/object,1048576,4,96,0.051768000,1854,1944508113,3.000000,248.000000
plan/object,1048576,5,96,0.051751958,1855,1945110869,3.000000,248.000000
plan/object,1048576,6,96,0.051735042,1856,1945746869,3.000000,248.000000
plan/lookup_branch,490,0,88352,0.050016166,1766469,865569744,0.000000,0.000000
plan/lookup_branch,490,1,88480,0.050012042,1769174,866895217,0.000000,0.000000
plan/lookup_branch,490,2,89312,0.050005292,1786051,875164973,0.000000,0.000000
plan/lookup_branch,490,3,89312,0.050013208,1785768,875026453,0.000000,0.000000
plan/lookup_branch,490,4,89216,0.050003375,1784200,874257788,0.000000,0.000000
plan/lookup_branch,490,5,89536,0.050006541,1790486,877338027,0.000000,0.000000
plan/lookup_branch,490,6,89792,0.050011542,1795426,879758517,0.000000,0.000000
plan/lookup_quote,490,0,88064,0.050017542,1760662,862724522,0.000000,0.000000
plan/lookup_quote,490,1,88000,0.050006292,1759779,862291489,0.000000,0.000000
plan/lookup_quote,490,2,87680,0.050003500,1753477,859203856,0.000000,0.000000
plan/lookup_quote,490,3,88032,0.050012709,1760193,862494371,0.000000,0.000000
plan/lookup_quote,490,4,88000,0.050009708,1759658,862232589,0.000000,0.000000
plan/lookup_quote,490,5,87904,0.050007625,1757812,861327848,0.000000,0.000000
plan/lookup_quote,490,6,89568,0.050001625,1791302,877737874,0.000000,0.000000
plan/invoice_sum,58,0,286080,0.050005625,5720956,331815471,0.000000,0.000000
plan/invoice_sum,58,1,290624,0.050000333,5812441,337121595,0.000000,0.000000
plan/invoice_sum,58,2,295712,0.050004250,5913737,342996765,0.000000,0.000000
plan/invoice_sum,58,3,294560,0.050004750,5890640,341657143,0.000000,0.000000
plan/invoice_sum,58,4,293984,0.050001125,5879548,341013767,0.000000,0.000000
plan/invoice_sum,58,5,293728,0.050003250,5874178,340702334,0.000000,0.000000
plan/invoice_sum,58,6,289920,0.050000250,5798371,336305518,0.000000,0.000000
rust/plan_invoice,58,0,310912,0.050001458,6218059,360647404,0.000000,0.000000
rust/plan_invoice,58,1,313056,0.050001417,6260943,363134669,0.000000,0.000000
rust/plan_invoice,58,2,311328,0.050001583,6226363,361129047,0.000000,0.000000
rust/plan_invoice,58,3,312320,0.050002500,6246088,362273086,0.000000,0.000000
rust/plan_invoice,58,4,308288,0.050001917,6165524,357600370,0.000000,0.000000
rust/plan_invoice,58,5,312896,0.050001583,6257722,362947869,0.000000,0.000000
rust/plan_invoice,58,6,312192,0.050004709,6243252,362108617,0.000000,0.000000
plan/invoice_object,58,0,137760,0.050001083,2755140,159798139,3.000000,296.000000
plan/invoice_object,58,1,141888,0.050006208,2837408,164569647,3.000000,296.000000
plan/invoice_object,58,2,143808,0.050002917,2875992,166807548,3.000000,296.000000
plan/invoice_object,58,3,143968,0.050006500,2878986,166981172,3.000000,296.000000
plan/invoice_object,58,4,138720,0.050001958,2774291,160908899,3.000000,296.000000
plan/invoice_object,58,5,137920,0.050008209,2757947,159960938,3.000000,296.000000
plan/invoice_object,58,6,138016,0.050007917,2759883,160073214,3.000000,296.000000
plan/mapped_objects,58,0,119488,0.050012625,2389157,138571091,2.000000,136.000000
plan/mapped_objects,58,1,119392,0.050000666,2387808,138492875,2.000000,136.000000
plan/mapped_objects,58,2,119712,0.050000958,2394194,138863259,2.000000,136.000000
plan/mapped_objects,58,3,118016,0.050008583,2359915,136875064,2.000000,136.000000
plan/mapped_objects,58,4,120416,0.050005750,2408043,139666498,2.000000,136.000000
plan/mapped_objects,58,5,120480,0.050005042,2409357,139742708,2.000000,136.000000
plan/mapped_objects,58,6,119072,0.050006000,2381154,138106947,2.000000,136.000000
plan/invoice_sum,300,0,46528,0.050020167,930185,279055446,0.000000,0.000000
plan/invoice_sum,300,1,47200,0.050041875,943210,282963018,0.000000,0.000000
plan/invoice_sum,300,2,47744,0.050011250,954665,286399560,0.000000,0.000000
plan/invoice_sum,300,3,47296,0.050016375,945610,283683094,0.000000,0.000000
plan/invoice_sum,300,4,47552,0.050024041,950583,285174882,0.000000,0.000000
plan/invoice_sum,300,5,47776,0.050015292,955228,286568356,0.000000,0.000000
plan/invoice_sum,300,6,47296,0.050015209,945632,283689707,0.000000,0.000000
rust/plan_invoice,300,0,48512,0.050019083,969870,290960952,0.000000,0.000000
rust/plan_invoice,300,1,49088,0.050014583,981474,294442123,0.000000,0.000000
rust/plan_invoice,300,2,49568,0.050008667,991188,297356456,0.000000,0.000000
rust/plan_invoice,300,3,50304,0.050004584,1005988,301796331,0.000000,0.000000
rust/plan_invoice,300,4,50496,0.050000500,1009910,302972970,0.000000,0.000000
rust/plan_invoice,300,5,50400,0.050012291,1007752,302325682,0.000000,0.000000
rust/plan_invoice,300,6,50304,0.050023000,1005617,301685225,0.000000,0.000000
plan/invoice_object,300,0,33760,0.050012375,675033,202509879,3.000000,296.000000
plan/invoice_object,300,1,33984,0.050014625,679481,203844376,3.000000,296.000000
plan/invoice_object,300,2,34208,0.050038292,683636,205090933,3.000000,296.000000
plan/invoice_object,300,3,34112,0.050046750,681603,204480810,3.000000,296.000000
plan/invoice_object,300,4,34304,0.050013084,685901,205770154,3.000000,296.000000
plan/invoice_object,300,5,34144,0.050004042,682825,204847440,3.000000,296.000000
plan/invoice_object,300,6,34144,0.050007833,682773,204831911,3.000000,296.000000
plan/mapped_objects,300,0,21920,0.050006250,438345,131503562,16.000000,1088.000000
plan/mapped_objects,300,1,21632,0.050023667,432435,129730593,16.000000,1088.000000
plan/mapped_objects,300,2,21536,0.050069042,430126,129037819,16.000000,1088.000000
plan/mapped_objects,300,3,21856,0.050042459,436749,131024736,16.000000,1088.000000
plan/mapped_objects,300,4,21664,0.050022375,433086,129925858,16.000000,1088.000000
plan/mapped_objects,300,5,21856,0.050006875,437060,131117971,16.000000,1088.000000
plan/mapped_objects,300,6,21792,0.050007959,435771,130731190,16.000000,1088.000000
plan/invoice_sum,4488,0,2944,0.050376584,58440,262278046,0.000000,0.000000
plan/invoice_sum,4488,1,3008,0.050376875,59710,267978194,0.000000,0.000000
plan/invoice_sum,4488,2,3072,0.050188541,61209,274706850,0.000000,0.000000
plan/invoice_sum,4488,3,3040,0.050205875,60551,271751463,0.000000,0.000000
plan/invoice_sum,4488,4,3008,0.050089125,60053,269517665,0.000000,0.000000
plan/invoice_sum,4488,5,3040,0.050428125,60284,270553783,0.000000,0.000000
plan/invoice_sum,4488,6,3072,0.050037417,61394,275536525,0.000000,0.000000
rust/plan_invoice,4488,0,3328,0.050335166,66117,296732189,0.000000,0.000000
rust/plan_invoice,4488,1,3328,0.050214875,66275,297443019,0.000000,0.000000
rust/plan_invoice,4488,2,3328,0.050439209,65980,296120108,0.000000,0.000000
rust/plan_invoice,4488,3,3328,0.050363750,66079,296563779,0.000000,0.000000
rust/plan_invoice,4488,4,3328,0.050278417,66191,297067109,0.000000,0.000000
rust/plan_invoice,4488,5,3328,0.050129292,66388,297950827,0.000000,0.000000
rust/plan_invoice,4488,6,3328,0.050064625,66474,298335681,0.000000,0.000000
plan/invoice_object,4488,0,2400,0.050611125,47420,212822774,3.000000,296.000000
plan/invoice_object,4488,1,2432,0.050239834,48408,217254221,3.000000,296.000000
plan/invoice_object,4488,2,2464,0.050448375,48842,219202938,3.000000,296.000000
plan/invoice_object,4488,3,2496,0.050607208,49321,221352816,3.000000,296.000000
plan/invoice_object,4488,4,2496,0.050291459,49631,222742554,3.000000,296.000000
plan/invoice_object,4488,5,2464,0.050235667,49049,220131087,3.000000,296.000000
plan/invoice_object,4488,6,2464,0.050019250,49261,221083523,3.000000,296.000000
plan/mapped_objects,4488,0,1472,0.051090542,28812,129306438,256.000000,17408.000000
plan/mapped_objects,4488,1,1472,0.050157541,29348,131711720,256.000000,17408.000000
plan/mapped_objects,4488,2,1472,0.050267792,29283,131422840,256.000000,17408.000000
plan/mapped_objects,4488,3,1472,0.050634208,29071,130471795,256.000000,17408.000000
plan/mapped_objects,4488,4,1472,0.050139875,29358,131758127,256.000000,17408.000000
plan/mapped_objects,4488,5,1504,0.050984417,29499,132392452,256.000000,17408.000000
plan/mapped_objects,4488,6,1472,0.050625542,29076,130494129,256.000000,17408.000000
plan/invoice_sum,35736,0,384,0.050286750,7636,272887470,0.000000,0.000000
plan/invoice_sum,35736,1,384,0.050191416,7651,273405795,0.000000,0.000000
plan/invoice_sum,35736,2,384,0.050037375,7674,274247480,0.000000,0.000000
plan/invoice_sum,35736,3,384,0.050261042,7640,273027049,0.000000,0.000000
plan/invoice_sum,35736,4,416,0.054073500,7693,274925352,0.000000,0.000000
plan/invoice_sum,35736,5,416,0.053941000,7712,275600675,0.000000,0.000000
plan/invoice_sum,35736,6,416,0.053691875,7748,276879435,0.000000,0.000000
rust/plan_invoice,35736,0,416,0.050280667,8274,295663858,0.000000,0.000000
rust/plan_invoice,35736,1,448,0.053793542,8328,297614312,0.000000,0.000000
rust/plan_invoice,35736,2,448,0.053822875,8324,297452115,0.000000,0.000000
rust/plan_invoice,35736,3,416,0.050090000,8305,296789299,0.000000,0.000000
rust/plan_invoice,35736,4,448,0.053647875,8351,298422407,0.000000,0.000000
rust/plan_invoice,35736,5,448,0.053634875,8353,298494739,0.000000,0.000000
rust/plan_invoice,35736,6,448,0.053479542,8377,299361726,0.000000,0.000000
plan/invoice_object,35736,0,320,0.051869417,6169,220467487,3.000000,296.000000
plan/invoice_object,35736,1,320,0.051694375,6190,221214010,3.000000,296.000000
plan/invoice_object,35736,2,320,0.051174250,6253,223462386,3.000000,296.000000
plan/invoice_object,35736,3,320,0.051353792,6231,222681122,3.000000,296.000000
plan/invoice_object,35736,4,320,0.051113584,6261,223727610,3.000000,296.000000
plan/invoice_object,35736,5,320,0.051276000,6241,223018956,3.000000,296.000000
plan/invoice_object,35736,6,320,0.051140209,6257,223611132,3.000000,296.000000
plan/mapped_objects,35736,0,192,0.052595583,3650,130454149,2048.000000,139264.000000
plan/mapped_objects,35736,1,192,0.052914333,3629,129668307,2048.000000,139264.000000
plan/mapped_objects,35736,2,192,0.052890000,3630,129727964,2048.000000,139264.000000
plan/mapped_objects,35736,3,192,0.052539500,3654,130593401,2048.000000,139264.000000
plan/mapped_objects,35736,4,192,0.052632333,3648,130363060,2048.000000,139264.000000
plan/mapped_objects,35736,5,192,0.052524458,3655,130630801,2048.000000,139264.000000
plan/mapped_objects,35736,6,192,0.052491250,3658,130713443,2048.000000,139264.000000
plan/invoice_sum,571416,0,32,0.066941708,478,273152756,0.000000,0.000000
plan/invoice_sum,571416,1,32,0.065349958,490,279806025,0.000000,0.000000
plan/invoice_sum,571416,2,32,0.066724833,480,274040581,0.000000,0.000000
plan/invoice_sum,571416,3,32,0.066239791,483,276047248,0.000000,0.000000
plan/invoice_sum,571416,4,32,0.066239250,483,276049502,0.000000,0.000000
plan/invoice_sum,571416,5,32,0.067944334,471,269121955,0.000000,0.000000
plan/invoice_sum,571416,6,32,0.069123625,463,264530571,0.000000,0.000000
rust/plan_invoice,571416,0,32,0.061716708,518,296278149,0.000000,0.000000
rust/plan_invoice,571416,1,32,0.061611666,519,296783275,0.000000,0.000000
rust/plan_invoice,571416,2,32,0.061957750,516,295125501,0.000000,0.000000
rust/plan_invoice,571416,3,32,0.061482083,520,297408791,0.000000,0.000000
rust/plan_invoice,571416,4,32,0.061299833,522,298293015,0.000000,0.000000
rust/plan_invoice,571416,5,32,0.061700750,519,296354777,0.000000,0.000000
rust/plan_invoice,571416,6,32,0.061661125,519,296545222,0.000000,0.000000
plan/invoice_object,571416,0,32,0.082849583,386,220704937,3.000000,296.000000
plan/invoice_object,571416,1,32,0.084887875,377,215405463,3.000000,296.000000
plan/invoice_object,571416,2,32,0.084678458,378,215938179,3.000000,296.000000
plan/invoice_object,571416,3,32,0.084043042,381,217570801,3.000000,296.000000
plan/invoice_object,571416,4,32,0.082709541,387,221078630,3.000000,296.000000
plan/invoice_object,571416,5,32,0.083411000,384,219219431,3.000000,296.000000
plan/invoice_object,571416,6,32,0.084418792,379,216602389,3.000000,296.000000
plan/mapped_objects,571416,0,32,0.140335709,228,130296930,32768.000000,2228224.000000
plan/mapped_objects,571416,1,32,0.140017458,229,130593086,32768.000000,2228224.000000
plan/mapped_objects,571416,2,32,0.139834917,229,130763563,32768.000000,2228224.000000
plan/mapped_objects,571416,3,32,0.139185375,230,131373803,32768.000000,2228224.000000
plan/mapped_objects,571416,4,32,0.137366125,233,133113692,32768.000000,2228224.000000
plan/mapped_objects,571416,5,32,0.140290000,228,130339383,32768.000000,2228224.000000
plan/mapped_objects,571416,6,32,0.138972208,230,131575315,32768.000000,2228224.000000
plan/wide_fields,7583,0,5568,0.050077542,111188,843135312,0.000000,0.000000
plan/wide_fields,7583,1,5664,0.050053375,113159,858086233,0.000000,0.000000
plan/wide_fields,7583,2,5664,0.050013208,113250,858775386,0.000000,0.000000
plan/wide_fields,7583,3,5632,0.050211792,112165,850546342,0.000000,0.000000
plan/wide_fields,7583,4,5632,0.050195583,112201,850820998,0.000000,0.000000
plan/wide_fields,7583,5,5632,0.050016500,112603,853867344,0.000000,0.000000
plan/wide_fields,7583,6,5664,0.050090666,113075,857447413,0.000000,0.000000
plan/untaken_branch,496,0,148896,0.050003250,2977726,1476952318,0.000000,0.000000
plan/untaken_branch,496,1,149472,0.050006333,2989061,1482574457,0.000000,0.000000
plan/untaken_branch,496,2,151552,0.050005250,3030722,1503238000,0.000000,0.000000
plan/untaken_branch,496,3,149920,0.050005125,2998093,1487053977,0.000000,0.000000
plan/untaken_branch,496,4,150336,0.050001667,3006620,1491283401,0.000000,0.000000
plan/untaken_branch,496,5,150304,0.050008833,3005549,1490752324,0.000000,0.000000
plan/untaken_branch,496,6,150080,0.050002584,3001445,1488716663,0.000000,0.000000
compile/plan_branch,0,0,31648,0.050022000,632682,0,84.000000,3940.000000
compile/plan_branch,0,1,31712,0.050017500,634018,0,84.000000,3940.000000
compile/plan_branch,0,2,31648,0.050003833,632911,0,84.000000,3940.000000
compile/plan_branch,0,3,31488,0.050020791,629498,0,84.000000,3940.000000
compile/plan_branch,0,4,31232,0.050026125,624314,0,84.000000,3940.000000
compile/plan_branch,0,5,31296,0.050017041,625707,0,84.000000,3940.000000
compile/plan_branch,0,6,31392,0.050006833,627754,0,84.000000,3940.000000
demand/nested,100,0,342432,0.050001833,6848389,684838894,0.000000,0.000000
demand/nested,100,1,346048,0.050001875,6920700,692070047,0.000000,0.000000
demand/nested,100,2,345888,0.050000208,6917731,691773122,0.000000,0.000000
demand/nested,100,3,346400,0.050003042,6927579,692757853,0.000000,0.000000
demand/nested,100,4,346176,0.050002000,6923243,692324307,0.000000,0.000000
demand/nested,100,5,339328,0.050003125,6786136,678613587,0.000000,0.000000
demand/nested,100,6,343584,0.050002208,6871377,687137656,0.000000,0.000000
demand/branch,100,0,316896,0.050003042,6337534,633753442,0.000000,0.000000
demand/branch,100,1,318624,0.050003459,6372039,637203918,0.000000,0.000000
demand/branch,100,2,318272,0.050003708,6364968,636496797,0.000000,0.000000
demand/branch,100,3,319680,0.050003583,6393142,639314187,0.000000,0.000000
demand/branch,100,4,319744,0.050001458,6394694,639469353,0.000000,0.000000
demand/branch,100,5,320448,0.050003708,6408485,640848475,0.000000,0.000000
demand/branch,100,6,320768,0.050000500,6415296,641529585,0.000000,0.000000
demand/repeated,100,0,396320,0.050001500,7926162,792616222,0.000000,0.000000
demand/repeated,100,1,396288,0.050003500,7925205,792520524,0.000000,0.000000
demand/repeated,100,2,397632,0.050000125,7952620,795262012,0.000000,0.000000
demand/repeated,100,3,397504,0.050002083,7949749,794974881,0.000000,0.000000
demand/repeated,100,4,392928,0.050000125,7858540,785854035,0.000000,0.000000
demand/repeated,100,5,397696,0.050002500,7953522,795352232,0.000000,0.000000
demand/repeated,100,6,400928,0.050001709,8018286,801828593,0.000000,0.000000
demand/untaken_nested,101,0,382048,0.050001541,7640725,771713176,0.000000,0.000000
demand/untaken_nested,101,1,385920,0.050003834,7717808,779498628,0.000000,0.000000
demand/untaken_nested,101,2,366464,0.050003458,7328773,740206087,0.000000,0.000000
demand/untaken_nested,101,3,389440,0.050001084,7788631,786651745,0.000000,0.000000
demand/untaken_nested,101,4,372928,0.050002500,7458187,753276896,0.000000,0.000000
demand/untaken_nested,101,5,383872,0.050002542,7677050,775382020,0.000000,0.000000
demand/untaken_nested,101,6,376288,0.050002792,7525340,760059318,0.000000,0.000000
demand/nested,500,0,141888,0.050001125,2837696,1418848076,0.000000,0.000000
demand/nested,500,1,139808,0.050011458,2795519,1397759689,0.000000,0.000000
demand/nested,500,2,139616,0.050001875,2792215,1396107646,0.000000,0.000000
demand/nested,500,3,139680,0.050001125,2793537,1396768573,0.000000,0.000000
demand/nested,500,4,141184,0.050005167,2823388,1411694116,0.000000,0.000000
demand/nested,500,5,140288,0.050006208,2805412,1402705840,0.000000,0.000000
demand/nested,500,6,141024,0.050002709,2820327,1410163597,0.000000,0.000000
demand/branch,500,0,137184,0.050004375,2743440,1371719975,0.000000,0.000000
demand/branch,500,1,135584,0.050008625,2711212,1355606158,0.000000,0.000000
demand/branch,500,2,135200,0.050007458,2703597,1351798366,0.000000,0.000000
demand/branch,500,3,136576,0.050005000,2731247,1365623438,0.000000,0.000000
demand/branch,500,4,136384,0.050011000,2727080,1363540021,0.000000,0.000000
demand/branch,500,5,135488,0.050004208,2709532,1354765983,0.000000,0.000000
demand/branch,500,6,135008,0.050002375,2700032,1350015874,0.000000,0.000000
demand/repeated,500,0,149760,0.050005625,2994863,1497431539,0.000000,0.000000
demand/repeated,500,1,149472,0.050000125,2989433,1494716263,0.000000,0.000000
demand/repeated,500,2,149696,0.050001583,2993825,1496912608,0.000000,0.000000
demand/repeated,500,3,149472,0.050008208,2988949,1494474667,0.000000,0.000000
demand/repeated,500,4,149696,0.050001875,2993808,1496903866,0.000000,0.000000
demand/repeated,500,5,150016,0.050006666,2999920,1499960025,0.000000,0.000000
demand/repeated,500,6,148800,0.050004084,2975757,1487878470,0.000000,0.000000
demand/untaken_nested,501,0,146656,0.050006667,2932729,1469297204,0.000000,0.000000
demand/untaken_nested,501,1,143872,0.050005750,2877109,1441431675,0.000000,0.000000
demand/untaken_nested,501,2,145632,0.050005500,2912320,1459072142,0.000000,0.000000
demand/untaken_nested,501,3,144576,0.050003791,2891301,1448541692,0.000000,0.000000
demand/untaken_nested,501,4,146400,0.050010541,2927383,1466618807,0.000000,0.000000
demand/untaken_nested,501,5,146176,0.050010083,2922931,1464388211,0.000000,0.000000
demand/untaken_nested,501,6,147136,0.050000458,2942693,1474289216,0.000000,0.000000
demand/nested,1024,0,81216,0.050015833,1623806,1662777145,0.000000,0.000000
demand/nested,1024,1,80704,0.050002792,1613990,1652725632,0.000000,0.000000
demand/nested,1024,2,80576,0.050010916,1611168,1649836288,0.000000,0.000000
demand/nested,1024,3,81024,0.050016583,1619943,1658821355,0.000000,0.000000
demand/nested,1024,4,80544,0.050019708,1610245,1648891193,0.000000,0.000000
demand/nested,1024,5,79968,0.050000791,1599335,1637718731,0.000000,0.000000
demand/nested,1024,6,79840,0.050014500,1596337,1634649152,0.000000,0.000000
demand/branch,1024,0,77952,0.050014042,1558602,1596008737,0.000000,0.000000
demand/branch,1024,1,78144,0.050014500,1562427,1599925142,0.000000,0.000000
demand/branch,1024,2,79136,0.050006000,1582530,1620510819,0.000000,0.000000
demand/branch,1024,3,78176,0.050012417,1563132,1600646975,0.000000,0.000000
demand/branch,1024,4,78048,0.050006083,1560770,1598228600,0.000000,0.000000
demand/branch,1024,5,78272,0.050003875,1565319,1602886336,0.000000,0.000000
demand/branch,1024,6,79744,0.050011375,1594517,1632785661,0.000000,0.000000
demand/repeated,1024,0,82880,0.050000333,1657589,1697371096,0.000000,0.000000
demand/repeated,1024,1,82752,0.050014917,1654546,1694255496,0.000000,0.000000
demand/repeated,1024,2,82752,0.050006917,1654811,1694526539,0.000000,0.000000
demand/repeated,1024,3,83104,0.050012250,1661673,1701553040,0.000000,0.000000
demand/repeated,1024,4,83232,0.050002125,1664569,1704518918,0.000000,0.000000
demand/repeated,1024,5,83008,0.050009334,1659850,1699686543,0.000000,0.000000
demand/repeated,1024,6,84032,0.050018333,1680024,1720344578,0.000000,0.000000
demand/untaken_nested,1025,0,81472,0.050019125,1628817,1669537402,0.000000,0.000000
demand/untaken_nested,1025,1,81568,0.050009959,1631035,1671811009,0.000000,0.000000
demand/untaken_nested,1025,2,81632,0.050010125,1632309,1673117194,0.000000,0.000000
demand/untaken_nested,1025,3,82464,0.050013875,1648822,1690043013,0.000000,0.000000
demand/untaken_nested,1025,4,81248,0.050008500,1624684,1665300899,0.000000,0.000000
demand/untaken_nested,1025,5,81344,0.050011375,1626510,1667172718,0.000000,0.000000
demand/untaken_nested,1025,6,81280,0.050008208,1625333,1665966515,0.000000,0.000000
demand/nested,10240,0,9280,0.050106959,185204,1896487073,0.000000,0.000000
demand/nested,10240,1,9312,0.050167000,185620,1900749098,0.000000,0.000000
demand/nested,10240,2,9312,0.050153208,185671,1901271799,0.000000,0.000000
demand/nested,10240,3,9312,0.050097292,185878,1903393900,0.000000,0.000000
demand/nested,10240,4,9312,0.050165541,185625,1900804379,0.000000,0.000000
demand/nested,10240,5,9280,0.050069292,185343,1897913795,0.000000,0.000000
demand/nested,10240,6,9312,0.050118833,185798,1902575824,0.000000,0.000000
demand/branch,10240,0,9248,0.050017041,184897,1893345110,0.000000,0.000000
demand/branch,10240,1,9280,0.050078916,185308,1897549060,0.000000,0.000000
demand/branch,10240,2,9440,0.050121667,188342,1928619014,0.000000,0.000000
demand/branch,10240,3,9280,0.050124708,185138,1895815533,0.000000,0.000000
demand/branch,10240,4,9280,0.050145542,185061,1895027877,0.000000,0.000000
demand/branch,10240,5,9280,0.050117750,185164,1896078735,0.000000,0.000000
demand/branch,10240,6,9280,0.050132333,185110,1895527184,0.000000,0.000000
demand/repeated,10240,0,9312,0.050020167,186165,1906328701,0.000000,0.000000
demand/repeated,10240,1,9344,0.050025250,186786,1912685294,0.000000,0.000000
demand/repeated,10240,2,9312,0.050005292,186220,1906895774,0.000000,0.000000
demand/repeated,10240,3,9344,0.050148375,186327,1907989242,0.000000,0.000000
demand/repeated,10240,4,9344,0.050124500,186416,1908898044,0.000000,0.000000
demand/repeated,10240,5,9408,0.050005500,188139,1926546480,0.000000,0.000000
demand/repeated,10240,6,9312,0.050005083,186221,1906903744,0.000000,0.000000
demand/untaken_nested,10241,0,9280,0.050053917,185400,1898682175,0.000000,0.000000
demand/untaken_nested,10241,1,9312,0.050148334,185689,1901642276,0.000000,0.000000
demand/untaken_nested,10241,2,9312,0.050093417,185893,1903727031,0.000000,0.000000
demand/untaken_nested,10241,3,9312,0.050036333,186105,1905898900,0.000000,0.000000
demand/untaken_nested,10241,4,9408,0.050100542,187782,1923079555,0.000000,0.000000
demand/untaken_nested,10241,5,9344,0.050129458,186397,1908895644,0.000000,0.000000
demand/untaken_nested,10241,6,9312,0.050083208,185931,1904115088,0.000000,0.000000
demand/nested,1048576,0,96,0.051788125,1854,1943752472,0.000000,0.000000
demand/nested,1048576,1,96,0.051728375,1856,1945997646,0.000000,0.000000
demand/nested,1048576,2,96,0.051756917,1855,1944924502,0.000000,0.000000
demand/nested,1048576,3,96,0.051214375,1874,1965528155,0.000000,0.000000
demand/nested,1048576,4,96,0.051818542,1853,1942611508,0.000000,0.000000
demand/nested,1048576,5,96,0.051700959,1857,1947029571,0.000000,0.000000
demand/nested,1048576,6,96,0.051857292,1851,1941159905,0.000000,0.000000
demand/branch,1048576,0,96,0.051781042,1854,1944018353,0.000000,0.000000
demand/branch,1048576,1,96,0.051344375,1870,1960551589,0.000000,0.000000
demand/branch,1048576,2,96,0.051776917,1854,1944173231,0.000000,0.000000
demand/branch,1048576,3,96,0.051788500,1854,1943738398,0.000000,0.000000
demand/branch,1048576,4,96,0.051833792,1852,1942039973,0.000000,0.000000
demand/branch,1048576,5,96,0.051661792,1858,1948505696,0.000000,0.000000
demand/branch,1048576,6,96,0.051849750,1852,1941442263,0.000000,0.000000
demand/repeated,1048576,0,96,0.051050042,1881,1971855302,0.000000,0.000000
demand/repeated,1048576,1,96,0.051452667,1866,1956425233,0.000000,0.000000
demand/repeated,1048576,2,96,0.051658959,1858,1948612553,0.000000,0.000000
demand/repeated,1048576,3,96,0.050989083,1883,1974212715,0.000000,0.000000
demand/repeated,1048576,4,96,0.051726750,1856,1946058780,0.000000,0.000000
demand/repeated,1048576,5,96,0.051773000,1854,1944320321,0.000000,0.000000
demand/repeated,1048576,6,96,0.051732333,1856,1945848760,0.000000,0.000000
demand/untaken_nested,1048577,0,96,0.051204333,1875,1965915502,0.000000,0.000000
demand/untaken_nested,1048577,1,96,0.051812042,1853,1942857068,0.000000,0.000000
demand/untaken_nested,1048577,2,96,0.051774333,1854,1944272116,0.000000,0.000000
demand/untaken_nested,1048577,3,96,0.051741458,1855,1945507450,0.000000,0.000000
demand/untaken_nested,1048577,4,96,0.051710334,1856,1946678434,0.000000,0.000000
demand/untaken_nested,1048577,5,96,0.051564958,1862,1952166663,0.000000,0.000000
demand/untaken_nested,1048577,6,96,0.051748917,1855,1945227028,0.000000,0.000000
demand/nested_fold,546,0,12768,0.050107458,254812,139127553,0.000000,0.000000
demand/nested_fold,546,1,13248,0.050063875,264622,144483582,0.000000,0.000000
demand/nested_fold,546,2,13376,0.050060291,267198,145890003,0.000000,0.000000
demand/nested_fold,546,3,13440,0.050115625,268180,146426189,0.000000,0.000000
demand/nested_fold,546,4,12896,0.050099209,257409,140545453,0.000000,0.000000
demand/nested_fold,546,5,13216,0.050065167,263976,144130868,0.000000,0.000000
demand/nested_fold,546,6,13216,0.050070750,263947,144114798,0.000000,0.000000
demand/nested_fold_plan,546,0,30944,0.050037625,618415,337654395,0.000000,0.000000
demand/nested_fold_plan,546,1,31008,0.050011666,620015,338528375,0.000000,0.000000
demand/nested_fold_plan,546,2,30880,0.050040291,617103,336938089,0.000000,0.000000
demand/nested_fold_plan,546,3,30880,0.050034334,617176,336978204,0.000000,0.000000
demand/nested_fold_plan,546,4,30880,0.050016375,617398,337099200,0.000000,0.000000
demand/nested_fold_plan,546,5,31200,0.050026250,623673,340525224,0.000000,0.000000
demand/nested_fold_plan,546,6,31456,0.050017125,628905,343381912,0.000000,0.000000
demand/nested_fold,8454,0,864,0.051472375,16786,141906333,0.000000,0.000000
demand/nested_fold,8454,1,864,0.051847125,16664,140880637,0.000000,0.000000
demand/nested_fold,8454,2,864,0.051340250,16829,142271532,0.000000,0.000000
demand/nested_fold,8454,3,864,0.051050042,16925,143080313,0.000000,0.000000
demand/nested_fold,8454,4,864,0.051002833,16940,143212751,0.000000,0.000000
demand/nested_fold,8454,5,864,0.051126458,16899,142866459,0.000000,0.000000
demand/nested_fold,8454,6,832,0.050294834,16542,139849910,0.000000,0.000000
demand/nested_fold_plan,8454,0,2016,0.050445916,39964,337852206,0.000000,0.000000
demand/nested_fold_plan,8454,1,1984,0.050629917,39186,331281128,0.000000,0.000000
demand/nested_fold_plan,8454,2,2048,0.050764000,40344,341064376,0.000000,0.000000
demand/nested_fold_plan,8454,3,2016,0.050430500,39976,337955483,0.000000,0.000000
demand/nested_fold_plan,8454,4,2048,0.050159291,40830,345176171,0.000000,0.000000
demand/nested_fold_plan,8454,5,2048,0.050145958,40841,345267948,0.000000,0.000000
demand/nested_fold_plan,8454,6,2016,0.050744083,39729,335867021,0.000000,0.000000
demand/nested_fold,67478,0,128,0.060839750,2104,141966132,0.000000,0.000000
demand/nested_fold,67478,1,128,0.060374875,2120,143059244,0.000000,0.000000
demand/nested_fold,67478,2,128,0.060262958,2124,143324926,0.000000,0.000000
demand/nested_fold,67478,3,128,0.060163542,2128,143561760,0.000000,0.000000
demand/nested_fold,67478,4,128,0.060065083,2131,143797088,0.000000,0.000000
demand/nested_fold,67478,5,128,0.060082792,2130,143754704,0.000000,0.000000
demand/nested_fold,67478,6,128,0.060759583,2107,142153444,0.000000,0.000000
demand/nested_fold_plan,67478,0,256,0.051627791,4959,334594366,0.000000,0.000000
demand/nested_fold_plan,67478,1,256,0.050577250,5062,341544232,0.000000,0.000000
demand/nested_fold_plan,67478,2,256,0.051164000,5004,337627394,0.000000,0.000000
demand/nested_fold_plan,67478,3,256,0.050655000,5054,341019998,0.000000,0.000000
demand/nested_fold_plan,67478,4,256,0.050676875,5052,340872795,0.000000,0.000000
demand/nested_fold_plan,67478,5,256,0.050570500,5062,341589820,0.000000,0.000000
demand/nested_fold_plan,67478,6,256,0.050001166,5120,345479303,0.000000,0.000000
demand/wide_nested,1137,0,42624,0.050015292,852219,968973409,0.000000,0.000000
demand/wide_nested,1137,1,42880,0.050012334,857388,974850724,0.000000,0.000000
demand/wide_nested,1137,2,42976,0.050040458,858825,976484108,0.000000,0.000000
demand/wide_nested,1137,3,42816,0.050017167,856026,973301667,0.000000,0.000000
demand/wide_nested,1137,4,42656,0.050014333,852876,969719460,0.000000,0.000000
demand/wide_nested,1137,5,42752,0.050037209,854404,971457541,0.000000,0.000000
demand/wide_nested,1137,6,42624,0.050030500,851960,968678866,0.000000,0.000000
demand/wide_nested,38497,0,1440,0.050046458,28773,1107684384,0.000000,0.000000
demand/wide_nested,38497,1,1472,0.050837250,28955,1114686259,0.000000,0.000000
demand/wide_nested,38497,2,1472,0.050643750,29066,1118945260,0.000000,0.000000
demand/wide_nested,38497,3,1472,0.050774583,28991,1116062027,0.000000,0.000000
demand/wide_nested,38497,4,1472,0.050643041,29066,1118960925,0.000000,0.000000
demand/wide_nested,38497,5,1472,0.050629041,29074,1119270341,0.000000,0.000000
demand/wide_nested,38497,6,1472,0.050593583,29095,1120054771,0.000000,0.000000
demand/wide_nested,323265,0,192,0.054725625,3508,1134146572,0.000000,0.000000
demand/wide_nested,323265,1,192,0.055523625,3458,1117846322,0.000000,0.000000
demand/wide_nested,323265,2,192,0.055135250,3482,1125720478,0.000000,0.000000
demand/wide_nested,323265,3,192,0.054502208,3523,1138795698,0.000000,0.000000
demand/wide_nested,323265,4,192,0.054593208,3517,1136897469,0.000000,0.000000
demand/wide_nested,323265,5,192,0.054467375,3525,1139523981,0.000000,0.000000
demand/wide_nested,323265,6,192,0.054565208,3519,1137480865,0.000000,0.000000
demand/repeated_lookup,100,0,111136,0.050005958,2222455,222245517,0.000000,0.000000
demand/repeated_lookup,100,1,112640,0.050008459,2252419,225241894,0.000000,0.000000
demand/repeated_lookup,100,2,115200,0.050011792,2303457,230345675,0.000000,0.000000
demand/repeated_lookup,100,3,112448,0.050009875,2248516,224851592,0.000000,0.000000
demand/repeated_lookup,100,4,110176,0.050012792,2202956,220295640,0.000000,0.000000
demand/repeated_lookup,100,5,109984,0.050010375,2199224,219922366,0.000000,0.000000
demand/repeated_lookup,100,6,110432,0.050002083,2208548,220854799,0.000000,0.000000
demand/repeated_lookup,500,0,74944,0.050011250,1498543,749271414,0.000000,0.000000
demand/repeated_lookup,500,1,75392,0.050015958,1507359,753679456,0.000000,0.000000
demand/repeated_lookup,500,2,75808,0.050017959,1515616,757807811,0.000000,0.000000
demand/repeated_lookup,500,3,75808,0.050014709,1515714,757857054,0.000000,0.000000
demand/repeated_lookup,500,4,75616,0.050017042,1511805,755902358,0.000000,0.000000
demand/repeated_lookup,500,5,74464,0.050010917,1488955,744477451,0.000000,0.000000
demand/repeated_lookup,500,6,75744,0.050009167,1514602,757301156,0.000000,0.000000
demand/repeated_lookup,10240,0,8800,0.050116334,175591,1798056498,0.000000,0.000000
demand/repeated_lookup,10240,1,8800,0.050076292,175732,1799494260,0.000000,0.000000
demand/repeated_lookup,10240,2,8832,0.050004083,176626,1808645906,0.000000,0.000000
demand/repeated_lookup,10240,3,8800,0.050007709,175973,1801962173,0.000000,0.000000
demand/repeated_lookup,10240,4,8896,0.050017667,177857,1821257277,0.000000,0.000000
demand/repeated_lookup,10240,5,8832,0.050141333,176142,1803695167,0.000000,0.000000
demand/repeated_lookup,10240,6,8832,0.050084250,176343,1805750910,0.000000,0.000000
demand/repeated_lookup,1048576,0,96,0.051819875,1853,1942561536,0.000000,0.000000
demand/repeated_lookup,1048576,1,96,0.051808292,1853,1942995843,0.000000,0.000000
demand/repeated_lookup,1048576,2,96,0.051763542,1855,1944675579,0.000000,0.000000
demand/repeated_lookup,1048576,3,96,0.051864291,1851,1940897948,0.000000,0.000000
demand/repeated_lookup,1048576,4,96,0.051386333,1868,1958950758,0.000000,0.000000
demand/repeated_lookup,1048576,5,96,0.051833167,1852,1942063390,0.000000,0.000000
demand/repeated_lookup,1048576,6,96,0.051756000,1855,1944958961,0.000000,0.000000
compile/scoped_path,0,0,37312,0.050027583,745829,0,41.000000,4133.000000
compile/scoped_path,0,1,37696,0.050012625,753730,0,41.000000,4133.000000
compile/scoped_path,0,2,37376,0.050031292,747052,0,41.000000,4133.000000
compile/scoped_path,0,3,37824,0.050000125,756478,0,41.000000,4133.000000
compile/scoped_path,0,4,37824,0.050014334,756263,0,41.000000,4133.000000
compile/scoped_path,0,5,38048,0.050035500,760420,0,41.000000,4133.000000
compile/scoped_path,0,6,38176,0.050022708,763173,0,41.000000,4133.000000
tuple/index,100,0,95744,0.050008166,1914567,191456731,11.000000,1104.000000
tuple/index,100,1,94240,0.050005000,1884612,188461154,11.000000,1104.000000
tuple/index,100,2,95648,0.050009125,1912611,191261095,11.000000,1104.000000
tuple/index,100,3,94528,0.050009125,1890215,189021504,11.000000,1104.000000
tuple/index,100,4,94688,0.050005417,1893555,189355485,11.000000,1104.000000
tuple/index,100,5,92736,0.050016208,1854119,185411897,11.000000,1104.000000
tuple/index,100,6,92608,0.050012041,1851714,185171407,11.000000,1104.000000
tuple/filter_sum,100,0,58592,0.050016292,1171458,117145829,13.000000,1648.000000
tuple/filter_sum,100,1,59136,0.050017167,1182314,118231406,13.000000,1648.000000
tuple/filter_sum,100,2,59168,0.050008625,1183156,118315591,13.000000,1648.000000
tuple/filter_sum,100,3,59264,0.050014791,1184929,118492947,13.000000,1648.000000
tuple/filter_sum,100,4,59200,0.050012125,1183713,118371295,13.000000,1648.000000
tuple/filter_sum,100,5,59360,0.050001750,1187158,118715845,13.000000,1648.000000
tuple/filter_sum,100,6,58784,0.050001833,1175637,117563690,13.000000,1648.000000
tuple/plan_leaves,100,0,47008,0.050001666,940129,94012867,17.000000,1696.000000
tuple/plan_leaves,100,1,46624,0.050031375,931895,93189524,17.000000,1696.000000
tuple/plan_leaves,100,2,46592,0.050010167,931651,93165056,17.000000,1696.000000
tuple/plan_leaves,100,3,46656,0.050003458,933055,93305547,17.000000,1696.000000
tuple/plan_leaves,100,4,46912,0.050002709,938189,93818917,17.000000,1696.000000
tuple/plan_leaves,100,5,47008,0.050022125,939744,93974416,17.000000,1696.000000
tuple/plan_leaves,100,6,46976,0.050002209,939478,93947849,17.000000,1696.000000
tuple/kept,100,0,67488,0.050018208,1349269,134926865,14.000000,1408.000000
tuple/kept,100,1,67520,0.050019625,1349870,134987018,14.000000,1408.000000
tuple/kept,100,2,67712,0.050023209,1353612,135361168,14.000000,1408.000000
tuple/kept,100,3,68064,0.050012459,1360941,136094088,14.000000,1408.000000
tuple/kept,100,4,68000,0.050015917,1359567,135956720,14.000000,1408.000000
tuple/kept,100,5,67968,0.050017375,1358888,135888779,14.000000,1408.000000
tuple/kept,100,6,67328,0.050015708,1346137,134613710,14.000000,1408.000000
tuple/ordered,100,0,43840,0.050017542,876492,87649249,23.000000,2216.000000
tuple/ordered,100,1,44192,0.050002791,883791,88379067,23.000000,2216.000000
tuple/ordered,100,2,43968,0.050033458,878772,87877196,23.000000,2216.000000
tuple/ordered,100,3,44160,0.050014166,882950,88294984,23.000000,2216.000000
tuple/ordered,100,4,44320,0.050034458,885790,88578955,23.000000,2216.000000
tuple/ordered,100,5,44192,0.050014417,883585,88358523,23.000000,2216.000000
tuple/ordered,100,6,44096,0.050007208,881793,88179288,23.000000,2216.000000
tuple/index,500,0,52608,0.050025541,1051623,525811405,11.000000,1104.000000
tuple/index,500,1,52448,0.050024666,1048443,524221391,11.000000,1104.000000
tuple/index,500,2,52448,0.050029083,1048350,524175108,11.000000,1104.000000
tuple/index,500,3,52512,0.050021292,1049793,524896478,11.000000,1104.000000
tuple/index,500,4,52576,0.050002416,1051469,525734597,11.000000,1104.000000
tuple/index,500,5,52544,0.050006709,1050739,525369506,11.000000,1104.000000
tuple/index,500,6,52768,0.050006459,1055224,527611843,11.000000,1104.000000
tuple/filter_sum,500,0,39456,0.050030917,788632,394316179,13.000000,1648.000000
tuple/filter_sum,500,1,39456,0.050035041,788567,394283678,13.000000,1648.000000
tuple/filter_sum,500,2,39680,0.050006667,793494,396747098,13.000000,1648.000000
tuple/filter_sum,500,3,39680,0.050034792,793048,396524083,13.000000,1648.000000
tuple/filter_sum,500,4,39744,0.050017042,794609,397304583,13.000000,1648.000000
tuple/filter_sum,500,5,39712,0.050022917,793876,396938067,13.000000,1648.000000
tuple/filter_sum,500,6,39328,0.050017875,786279,393139453,13.000000,1648.000000
tuple/plan_leaves,500,0,33440,0.050014625,668604,334302217,17.000000,1696.000000
tuple/plan_leaves,500,1,33472,0.050012708,669270,334634949,17.000000,1696.000000
tuple/plan_leaves,500,2,33536,0.050029166,670329,335164492,17.000000,1696.000000
tuple/plan_leaves,500,3,33728,0.050037584,674053,337026664,17.000000,1696.000000
tuple/plan_leaves,500,4,33472,0.050001167,669424,334712188,17.000000,1696.000000
tuple/plan_leaves,500,5,33728,0.050027417,674190,337095157,17.000000,1696.000000
tuple/plan_leaves,500,6,33728,0.050006583,674471,337235600,17.000000,1696.000000
tuple/kept,500,0,43040,0.050013708,860564,430282034,14.000000,1408.000000
tuple/kept,500,1,42688,0.050015750,853491,426745575,14.000000,1408.000000
tuple/kept,500,2,43072,0.050036667,860809,430404367,14.000000,1408.000000
tuple/kept,500,3,43104,0.050023125,861681,430840736,14.000000,1408.000000
tuple/kept,500,4,43232,0.050023500,864234,432116905,14.000000,1408.000000
tuple/kept,500,5,43200,0.050028375,863510,431754979,14.000000,1408.000000
tuple/kept,500,6,43232,0.050000125,864638,432318919,14.000000,1408.000000
tuple/ordered,500,0,31808,0.050027375,635812,317905946,23.000000,2216.000000
tuple/ordered,500,1,31872,0.050002083,637413,318706723,23.000000,2216.000000
tuple/ordered,500,2,31872,0.050042833,636894,318447199,23.000000,2216.000000
tuple/ordered,500,3,31872,0.050031458,637039,318519600,23.000000,2216.000000
tuple/ordered,500,4,31968,0.050027292,639011,319505601,23.000000,2216.000000
tuple/ordered,500,5,31776,0.050043292,634970,317485109,23.000000,2216.000000
tuple/ordered,500,6,31776,0.050028167,635162,317581094,23.000000,2216.000000
tuple/index,1024,0,33824,0.050014042,676290,692521032,11.000000,1104.000000
tuple/index,1024,1,33664,0.050017042,673051,689203812,11.000000,1104.000000
tuple/index,1024,2,33664,0.050019375,673019,689171666,11.000000,1104.000000
tuple/index,1024,3,33664,0.050001542,673259,689417458,11.000000,1104.000000
tuple/index,1024,4,33728,0.050018875,674305,690488780,11.000000,1104.000000
tuple/index,1024,5,33728,0.050002958,674520,690708578,11.000000,1104.000000
tuple/index,1024,6,33600,0.050008959,671880,688004723,11.000000,1104.000000
tuple/filter_sum,1024,0,27712,0.050054833,553633,566920041,13.000000,1648.000000
tuple/filter_sum,1024,1,27744,0.050003792,554838,568154031,13.000000,1648.000000
tuple/filter_sum,1024,2,27776,0.050011250,555395,568724517,13.000000,1648.000000
tuple/filter_sum,1024,3,27808,0.050028083,555848,569188150,13.000000,1648.000000
tuple/filter_sum,1024,4,27808,0.050054750,555552,568884911,13.000000,1648.000000
tuple/filter_sum,1024,5,27808,0.050010208,556046,569391593,13.000000,1648.000000
tuple/filter_sum,1024,6,28032,0.050037500,560220,573665111,13.000000,1648.000000
tuple/plan_leaves,1024,0,24608,0.050047458,491693,503493944,17.000000,1696.000000
tuple/plan_leaves,1024,1,24608,0.050039583,491771,503573181,17.000000,1696.000000
tuple/plan_leaves,1024,2,24640,0.050047916,492328,504144069,17.000000,1696.000000
tuple/plan_leaves,1024,3,24608,0.050007666,492085,503894583,17.000000,1696.000000
tuple/plan_leaves,1024,4,24608,0.050026292,491901,503706971,17.000000,1696.000000
tuple/plan_leaves,1024,5,24736,0.050040125,494323,506187065,17.000000,1696.000000
tuple/plan_leaves,1024,6,24736,0.050060417,494123,505981882,17.000000,1696.000000
tuple/kept,1024,0,29632,0.050041916,592144,606355040,14.000000,1408.000000
tuple/kept,1024,1,29408,0.050001417,588143,602258772,14.000000,1408.000000
tuple/kept,1024,2,29504,0.050046750,589529,603677482,14.000000,1408.000000
tuple/kept,1024,3,29536,0.050023334,590444,604615118,14.000000,1408.000000
tuple/kept,1024,4,29568,0.050029916,591006,605190542,14.000000,1408.000000
tuple/kept,1024,5,29600,0.050024792,591707,605907567,14.000000,1408.000000
tuple/kept,1024,6,29664,0.050028667,592940,607170605,14.000000,1408.000000
tuple/ordered,1024,0,23968,0.050027500,479096,490594813,23.000000,2216.000000
tuple/ordered,1024,1,23904,0.050037167,477725,489190285,23.000000,2216.000000
tuple/ordered,1024,2,23968,0.050055916,478825,490316309,23.000000,2216.000000
tuple/ordered,1024,3,24000,0.050062500,479401,490906367,23.000000,2216.000000
tuple/ordered,1024,4,23968,0.050018791,479180,490680233,23.000000,2216.000000
tuple/ordered,1024,5,23904,0.050063292,477476,488935007,23.000000,2216.000000
tuple/ordered,1024,6,24000,0.050013417,479871,491388141,23.000000,2216.000000
tuple/index,10240,0,4640,0.050222667,92389,946058878,11.000000,1104.000000
tuple/index,10240,1,4640,0.050184375,92459,946780746,11.000000,1104.000000
tuple/index,10240,2,4640,0.050222167,92389,946068297,11.000000,1104.000000
tuple/index,10240,3,4640,0.050287583,92269,944837615,11.000000,1104.000000
tuple/index,10240,4,4672,0.050262709,92952,951824543,11.000000,1104.000000
tuple/index,10240,5,4640,0.050237000,92362,945788960,11.000000,1104.000000
tuple/index,10240,6,4640,0.050274667,92293,945080352,11.000000,1104.000000
tuple/filter_sum,10240,0,4512,0.050251875,89788,919425992,13.000000,1648.000000
tuple/filter_sum,10240,1,4480,0.050040417,89528,916762944,13.000000,1648.000000
tuple/filter_sum,10240,2,4512,0.050303167,89696,918488492,13.000000,1648.000000
tuple/filter_sum,10240,3,4512,0.050190708,89897,920546488,13.000000,1648.000000
tuple/filter_sum,10240,4,4512,0.050285917,89727,918803569,13.000000,1648.000000
tuple/filter_sum,10240,5,4512,0.050294917,89711,918639154,13.000000,1648.000000
tuple/filter_sum,10240,6,4512,0.050265584,89763,919175235,13.000000,1648.000000
tuple/plan_leaves,10240,0,4416,0.050231459,87913,900229476,17.000000,1696.000000
tuple/plan_leaves,10240,1,4416,0.050192709,87981,900924475,17.000000,1696.000000
tuple/plan_leaves,10240,2,4416,0.050206375,87957,900679246,17.000000,1696.000000
tuple/plan_leaves,10240,3,4416,0.050027167,88272,903905672,17.000000,1696.000000
tuple/plan_leaves,10240,4,4416,0.050168625,88023,901356974,17.000000,1696.000000
tuple/plan_leaves,10240,5,4416,0.050222792,87928,900384829,17.000000,1696.000000
tuple/plan_leaves,10240,6,4416,0.050165916,88028,901405648,17.000000,1696.000000
tuple/kept,10240,0,4544,0.050147792,90612,927868569,14.000000,1408.000000
tuple/kept,10240,1,4544,0.050208541,90503,926745910,14.000000,1408.000000
tuple/kept,10240,2,4544,0.050244166,90438,926088812,14.000000,1408.000000
tuple/kept,10240,3,4544,0.050023666,90837,930170931,14.000000,1408.000000
tuple/kept,10240,4,4544,0.050190000,90536,927088265,14.000000,1408.000000
tuple/kept,10240,5,4544,0.050280542,90373,925418823,14.000000,1408.000000
tuple/kept,10240,6,4544,0.050198125,90521,926938207,14.000000,1408.000000
tuple/ordered,10240,0,4384,0.050210250,87313,894083579,23.000000,2216.000000
tuple/ordered,10240,1,4384,0.050089083,87524,896246394,23.000000,2216.000000
tuple/ordered,10240,2,4384,0.050132167,87449,895476152,23.000000,2216.000000
tuple/ordered,10240,3,4416,0.050293541,87805,899118239,23.000000,2216.000000
tuple/ordered,10240,4,4416,0.050203417,87962,900732315,23.000000,2216.000000
tuple/ordered,10240,5,4384,0.050280750,87190,892829960,23.000000,2216.000000
tuple/ordered,10240,6,4384,0.050231583,87276,893703868,23.000000,2216.000000
tuple/index,1048576,0,64,0.067905000,942,988275738,11.000000,1104.000000
tuple/index,1048576,1,64,0.067903708,943,988294542,11.000000,1104.000000
tuple/index,1048576,2,64,0.067413792,949,995476771,11.000000,1104.000000
tuple/index,1048576,3,64,0.067876375,943,988692516,11.000000,1104.000000
tuple/index,1048576,4,64,0.067918500,942,988079301,11.000000,1104.000000
tuple/index,1048576,5,64,0.067921500,942,988035659,11.000000,1104.000000
tuple/index,1048576,6,64,0.067922667,942,988018683,11.000000,1104.000000
tuple/filter_sum,1048576,0,64,0.067023541,955,1001273030,13.000000,1648.000000
tuple/filter_sum,1048576,1,64,0.067681917,946,991533145,13.000000,1648.000000
tuple/filter_sum,1048576,2,64,0.067976500,942,987236236,13.000000,1648.000000
tuple/filter_sum,1048576,3,64,0.067969792,942,987333667,13.000000,1648.000000
tuple/filter_sum,1048576,4,64,0.067924667,942,987989591,13.000000,1648.000000
tuple/filter_sum,1048576,5,64,0.067467250,949,994688000,13.000000,1648.000000
tuple/filter_sum,1048576,6,64,0.067879083,943,988653073,13.000000,1648.000000
tuple/plan_leaves,1048576,0,64,0.068021708,941,986580108,17.000000,1696.000000
tuple/plan_leaves,1048576,1,64,0.067921708,942,988032633,17.000000,1696.000000
tuple/plan_leaves,1048576,2,64,0.067897292,943,988387932,17.000000,1696.000000
tuple/plan_leaves,1048576,3,64,0.067689667,945,991419621,17.000000,1696.000000
tuple/plan_leaves,1048576,4,64,0.067977958,941,987215062,17.000000,1696.000000
tuple/plan_leaves,1048576,5,64,0.067963583,942,987423868,17.000000,1696.000000
tuple/plan_leaves,1048576,6,64,0.067558709,947,993341421,17.000000,1696.000000
tuple/kept,1048576,0,64,0.067496958,948,994250200,14.000000,1408.000000
tuple/kept,1048576,1,64,0.067942542,942,987729661,14.000000,1408.000000
tuple/kept,1048576,2,64,0.067940917,942,987753286,14.000000,1408.000000
tuple/kept,1048576,3,64,0.067715291,945,991044460,14.000000,1408.000000
tuple/kept,1048576,4,64,0.067942792,942,987726027,14.000000,1408.000000
tuple/kept,1048576,5,64,0.067967875,942,987361515,14.000000,1408.000000
tuple/kept,1048576,6,64,0.067945375,942,987688478,14.000000,1408.000000
tuple/ordered,1048576,0,64,0.067591625,947,992857680,23.000000,2216.000000
tuple/ordered,1048576,1,64,0.067880459,943,988633032,23.000000,2216.000000
tuple/ordered,1048576,2,64,0.067988417,941,987063193,23.000000,2216.000000
tuple/ordered,1048576,3,64,0.067907375,942,988241174,23.000000,2216.000000
tuple/ordered,1048576,4,64,0.067658292,946,991879369,23.000000,2216.000000
tuple/ordered,1048576,5,64,0.067932084,942,987881720,23.000000,2216.000000
tuple/ordered,1048576,6,64,0.067952667,942,987582489,23.000000,2216.000000
tuple/wide_sum,440,0,15264,0.050087542,304746,134088433,34.000000,4288.000000
tuple/wide_sum,440,1,15264,0.050094041,304707,134071037,34.000000,4288.000000
tuple/wide_sum,440,2,15296,0.050094041,305346,134352108,34.000000,4288.000000
tuple/wide_sum,440,3,15296,0.050038500,305685,134501234,34.000000,4288.000000
tuple/wide_sum,440,4,15232,0.050092875,304075,133793079,34.000000,4288.000000
tuple/wide_sum,440,5,15200,0.050003792,303977,133749856,34.000000,4288.000000
tuple/wide_sum,440,6,15200,0.050014583,303911,133720999,34.000000,4288.000000
tuple/nested_sum,440,0,8768,0.050184041,174717,76875435,94.000000,10048.000000
tuple/nested_sum,440,1,8704,0.050141292,173589,76379364,94.000000,10048.000000
tuple/nested_sum,440,2,8736,0.050135167,174249,76669536,94.000000,10048.000000
tuple/nested_sum,440,3,8800,0.050168209,175410,77180351,94.000000,10048.000000
tuple/nested_sum,440,4,8736,0.050038541,174585,76817587,94.000000,10048.000000
tuple/nested_sum,440,5,8768,0.050098125,175017,77007273,94.000000,10048.000000
tuple/nested_sum,440,6,8768,0.050132625,174896,76954279,94.000000,10048.000000
tuple/join_sum,440,0,3776,0.050417708,74894,32953501,78.000000,9792.000000
tuple/join_sum,440,1,3744,0.050096083,74736,32884008,78.000000,9792.000000
tuple/join_sum,440,2,3776,0.050402834,74916,32963226,78.000000,9792.000000
tuple/join_sum,440,3,3744,0.050254833,74500,32780131,78.000000,9792.000000
tuple/join_sum,440,4,3744,0.050207791,74570,32810844,78.000000,9792.000000
tuple/join_sum,440,5,3744,0.050115125,74708,32871513,78.000000,9792.000000
tuple/join_sum,440,6,3744,0.050105042,74723,32878128,78.000000,9792.000000
tuple/join_bound,440,0,4992,0.050127209,99587,43818119,71.000000,8160.000000
tuple/join_bound,440,1,4992,0.050164292,99513,43785727,71.000000,8160.000000
tuple/join_bound,440,2,4960,0.050145750,98912,43521136,71.000000,8160.000000
tuple/join_bound,440,3,4960,0.050016875,99167,43633274,71.000000,8160.000000
tuple/join_bound,440,4,4992,0.050247000,99349,43713655,71.000000,8160.000000
tuple/join_bound,440,5,4992,0.050296833,99251,43670344,71.000000,8160.000000
tuple/join_bound,440,6,4992,0.050003333,99833,43926672,71.000000,8160.000000
tuple/group,440,0,10496,0.050074000,209610,92228302,67.000000,6944.000000
tuple/group,440,1,10464,0.050009875,209239,92065017,67.000000,6944.000000
tuple/group,440,2,10560,0.050127500,210663,92691636,67.000000,6944.000000
tuple/group,440,3,10528,0.050116084,210072,92431803,67.000000,6944.000000
tuple/group,440,4,10560,0.050123917,210678,92698262,67.000000,6944.000000
tuple/group,440,5,10560,0.050039375,211034,92854877,67.000000,6944.000000
tuple/group,440,6,10560,0.050128458,210659,92689865,67.000000,6944.000000
tuple/negative_index,440,0,22848,0.050001250,456949,201057374,32.000000,3808.000000
tuple/negative_index,440,1,22784,0.050031625,455392,200372464,32.000000,3808.000000
tuple/negative_index,440,2,22624,0.050015459,452340,199029664,32.000000,3808.000000
tuple/negative_index,440,3,22752,0.050036834,454705,200070212,32.000000,3808.000000
tuple/negative_index,440,4,22784,0.050064416,455094,200241225,32.000000,3808.000000
tuple/negative_index,440,5,22432,0.050077750,447943,197095117,32.000000,3808.000000
tuple/negative_index,440,6,22400,0.050002667,447976,197109486,32.000000,3808.000000
tuple/wide_sum,6666,0,1056,0.050569000,20882,139201803,454.000000,57088.000000
tuple/wide_sum,6666,1,1056,0.050538458,20895,139285928,454.000000,57088.000000
tuple/wide_sum,6666,2,1056,0.050665500,20843,138936673,454.000000,57088.000000
tuple/wide_sum,6666,3,1056,0.050412000,20947,139635325,454.000000,57088.000000
tuple/wide_sum,6666,4,1056,0.050345375,20975,139820113,454.000000,57088.000000
tuple/wide_sum,6666,5,1056,0.050077709,21087,140567453,454.000000,57088.000000
tuple/wide_sum,6666,6,1056,0.050132333,21064,140414291,454.000000,57088.000000
tuple/nested_sum,6666,0,608,0.052634459,11551,77001418,1414.000000,149248.000000
tuple/nested_sum,6666,1,576,0.050685959,11364,75753050,1414.000000,149248.000000
tuple/nested_sum,6666,2,576,0.050673708,11367,75771365,1414.000000,149248.000000
tuple/nested_sum,6666,3,576,0.050022083,11515,76758419,1414.000000,149248.000000
tuple/nested_sum,6666,4,608,0.052489542,11583,77214010,1414.000000,149248.000000
tuple/nested_sum,6666,5,608,0.052393709,11604,77355241,1414.000000,149248.000000
tuple/nested_sum,6666,6,608,0.052502583,11580,77194831,1414.000000,149248.000000
tuple/join_sum,6666,0,64,0.060750166,1053,7022598,1158.000000,145152.000000
tuple/join_sum,6666,1,64,0.060729833,1054,7024949,1158.000000,145152.000000
tuple/join_sum,6666,2,64,0.060754875,1053,7022054,1158.000000,145152.000000
tuple/join_sum,6666,3,64,0.060630292,1056,7036483,1158.000000,145152.000000
tuple/join_sum,6666,4,64,0.060611083,1056,7038713,1158.000000,145152.000000
tuple/join_sum,6666,5,64,0.060595250,1056,7040552,1158.000000,145152.000000
tuple/join_sum,6666,6,64,0.060676750,1055,7031095,1158.000000,145152.000000
tuple/join_bound,6666,0,352,0.052788334,6668,44449821,1031.000000,116640.000000
tuple/join_bound,6666,1,352,0.052842500,6661,44404258,1031.000000,116640.000000
tuple/join_bound,6666,2,352,0.052712625,6678,44513663,1031.000000,116640.000000
tuple/join_bound,6666,3,352,0.052668334,6683,44551096,1031.000000,116640.000000
tuple/join_bound,6666,4,352,0.052623834,6689,44588769,1031.000000,116640.000000
tuple/join_bound,6666,5,352,0.052718458,6677,44508737,1031.000000,116640.000000
tuple/join_bound,6666,6,352,0.052660083,6684,44558076,1031.000000,116640.000000
tuple/group,6666,0,832,0.051760792,16074,107148901,467.000000,86624.000000
tuple/group,6666,1,800,0.050003000,15999,106649601,467.000000,86624.000000
tuple/group,6666,2,832,0.051941625,16018,106775866,467.000000,86624.000000
tuple/group,6666,3,800,0.050485166,15846,105631028,467.000000,86624.000000
tuple/group,6666,4,800,0.050419333,15867,105768952,467.000000,86624.000000
tuple/group,6666,5,800,0.050402583,15872,105804101,467.000000,86624.000000
tuple/group,6666,6,800,0.050909041,15714,104751531,467.000000,86624.000000
tuple/negative_index,6666,0,1696,0.050467084,33606,224018015,396.000000,54688.000000
tuple/negative_index,6666,1,1728,0.050760875,34042,226923748,396.000000,54688.000000
tuple/negative_index,6666,2,1728,0.050658750,34111,227381213,396.000000,54688.000000
tuple/negative_index,6666,3,1696,0.050406542,33646,224287078,396.000000,54688.000000
tuple/negative_index,6666,4,1728,0.050662875,34108,227362699,396.000000,54688.000000
tuple/negative_index,6666,5,1728,0.050514000,34208,228032783,396.000000,54688.000000
tuple/negative_index,6666,6,1728,0.050782625,34027,226826557,396.000000,54688.000000
tuple/wide_sum,56043,0,160,0.061097833,2619,146762652,3590.000000,451328.000000
tuple/wide_sum,56043,1,160,0.060948416,2625,147122445,3590.000000,451328.000000
tuple/wide_sum,56043,2,160,0.060749333,2634,147604584,3590.000000,451328.000000
tuple/wide_sum,56043,3,160,0.060743625,2634,147618454,3590.000000,451328.000000
tuple/wide_sum,56043,4,160,0.060879708,2628,147288486,3590.000000,451328.000000
tuple/wide_sum,56043,5,160,0.061279708,2611,146327068,3590.000000,451328.000000
tuple/wide_sum,56043,6,160,0.061426250,2605,145977982,3590.000000,451328.000000
tuple/nested_sum,56043,0,96,0.065946000,1456,81583841,11270.000000,1188608.000000
tuple/nested_sum,56043,1,96,0.065361875,1469,82312939,11270.000000,1188608.000000
tuple/nested_sum,56043,2,96,0.065325334,1470,82358982,11270.000000,1188608.000000
tuple/nested_sum,56043,3,96,0.065122792,1474,82615131,11270.000000,1188608.000000
tuple/nested_sum,56043,4,96,0.065029541,1476,82733599,11270.000000,1188608.000000
tuple/nested_sum,56043,5,96,0.065174666,1473,82549376,11270.000000,1188608.000000
tuple/nested_sum,56043,6,96,0.065874791,1457,81672031,11270.000000,1188608.000000
tuple/join_sum,56043,0,32,1.660843333,19,1079798,9222.000000,1155840.000000
tuple/join_sum,56043,1,32,1.657763500,19,1081804,9222.000000,1155840.000000
tuple/join_sum,56043,2,32,1.656897084,19,1082370,9222.000000,1155840.000000
tuple/join_sum,56043,3,32,1.659907666,19,1080407,9222.000000,1155840.000000
tuple/join_sum,56043,4,32,1.654036958,19,1084242,9222.000000,1155840.000000
tuple/join_sum,56043,5,32,1.653593417,19,1084533,9222.000000,1155840.000000
tuple/join_sum,56043,6,32,1.663106542,19,1078329,9222.000000,1155840.000000
tuple/join_bound,56043,0,64,0.076834250,833,46681682,8199.000000,926624.000000
tuple/join_bound,56043,1,64,0.076671125,835,46781001,8199.000000,926624.000000
tuple/join_bound,56043,2,64,0.076528833,836,46867982,8199.000000,926624.000000
tuple/join_bound,56043,3,64,0.077262542,828,46422910,8199.000000,926624.000000
tuple/join_bound,56043,4,64,0.077483416,826,46290577,8199.000000,926624.000000
tuple/join_bound,56043,5,64,0.077563875,825,46242558,8199.000000,926624.000000
tuple/join_bound,56043,6,64,0.076606791,835,46820288,8199.000000,926624.000000
tuple/group,56043,0,128,0.061702917,2074,116258750,3185.000000,681568.000000
tuple/group,56043,1,128,0.061773333,2072,116126226,3185.000000,681568.000000
tuple/group,56043,2,128,0.061694083,2075,116275397,3185.000000,681568.000000
tuple/group,56043,3,128,0.061548334,2080,116550742,3185.000000,681568.000000
tuple/group,56043,4,128,0.061581208,2079,116488524,3185.000000,681568.000000
tuple/group,56043,5,128,0.061731958,2073,116204058,3185.000000,681568.000000
tuple/group,56043,6,128,0.061463666,2083,116711294,3185.000000,681568.000000
tuple/negative_index,56043,0,224,0.051466167,4352,243920088,3087.000000,434592.000000
tuple/negative_index,56043,1,224,0.051544417,4346,243549791,3087.000000,434592.000000
tuple/negative_index,56043,2,224,0.051616625,4340,243209082,3087.000000,434592.000000
tuple/negative_index,56043,3,224,0.051728500,4330,242683086,3087.000000,434592.000000
tuple/negative_index,56043,4,224,0.051657834,4336,243015067,3087.000000,434592.000000
tuple/negative_index,56043,5,224,0.052219625,4290,240400654,3087.000000,434592.000000
tuple/negative_index,56043,6,224,0.051975708,4310,241528831,3087.000000,434592.000000
