workload,input_bytes,sample,records,seconds,records_per_second,input_bytes_per_second,allocations_per_record,allocated_bytes_per_record
compile,0,0,169216,0.050000584,3384280,0,8.000000,498.000000
compile,0,1,303008,0.050003083,6059786,0,8.000000,498.000000
compile,0,2,325344,0.050003667,6506403,0,8.000000,498.000000
compile,0,3,323840,0.050001833,6476563,0,8.000000,498.000000
compile,0,4,325472,0.050000667,6509353,0,8.000000,498.000000
compile,0,5,322976,0.050003625,6459052,0,8.000000,498.000000
compile,0,6,326592,0.050003167,6531426,0,8.000000,498.000000
ascii/validate,100,0,625152,0.050001958,12502550,1250255040,0.000000,0.000000
ascii/validate,100,1,611520,0.050002417,12229809,1222980881,0.000000,0.000000
ascii/validate,100,2,622208,0.050001959,12443672,1244367246,0.000000,0.000000
ascii/validate,100,3,623168,0.050002042,12462851,1246285102,0.000000,0.000000
ascii/validate,100,4,622912,0.050000208,12458188,1245818817,0.000000,0.000000
ascii/validate,100,5,620416,0.050001292,12407999,1240799938,0.000000,0.000000
ascii/validate,100,6,613120,0.050001541,12262022,1226202208,0.000000,0.000000
ascii/identity,100,0,611872,0.050002458,12236838,1223683844,0.000000,0.000000
ascii/identity,100,1,609728,0.050001292,12194245,1219424490,0.000000,0.000000
ascii/identity,100,2,608928,0.050000209,12178509,1217850909,0.000000,0.000000
ascii/identity,100,3,609216,0.050001542,12183944,1218394425,0.000000,0.000000
ascii/identity,100,4,612704,0.050001958,12253600,1225360015,0.000000,0.000000
ascii/identity,100,5,620512,0.050001834,12409785,1240978481,0.000000,0.000000
ascii/identity,100,6,612960,0.050000125,12259169,1225916935,0.000000,0.000000
ascii/shallow,100,0,509280,0.050002084,10185175,1018517548,0.000000,0.000000
ascii/shallow,100,1,516064,0.050000666,10321143,1032114252,0.000000,0.000000
ascii/shallow,100,2,519520,0.050002000,10389984,1038998440,0.000000,0.000000
ascii/shallow,100,3,519520,0.050001708,10390045,1039004508,0.000000,0.000000
ascii/shallow,100,4,526368,0.050002333,10526869,1052686882,0.000000,0.000000
ascii/shallow,100,5,538368,0.050002792,10766759,1076675878,0.000000,0.000000
ascii/shallow,100,6,537632,0.050002417,10752120,1075212024,0.000000,0.000000
ascii/nested,100,0,519200,0.050001791,10383628,1038362806,0.000000,0.000000
ascii/nested,100,1,515424,0.050000792,10308317,1030831672,0.000000,0.000000
ascii/nested,100,2,506144,0.050000542,10122770,1012277027,0.000000,0.000000
ascii/nested,100,3,513280,0.050003708,10264839,1026483876,0.000000,0.000000
ascii/nested,100,4,517760,0.050001000,10354993,1035499290,0.000000,0.000000
ascii/nested,100,5,521120,0.050003000,10421775,1042177469,0.000000,0.000000
ascii/nested,100,6,516736,0.050002333,10334238,1033423780,0.000000,0.000000
ascii/missing,100,0,551968,0.050001750,11038974,1103897364,0.000000,0.000000
ascii/missing,100,1,558208,0.050002416,11163621,1116362057,0.000000,0.000000
ascii/missing,100,2,542048,0.050002916,10840328,1084032779,0.000000,0.000000
ascii/missing,100,3,537024,0.050001458,10740167,1074016682,0.000000,0.000000
ascii/missing,100,4,541184,0.050001000,10823464,1082346353,0.000000,0.000000
ascii/missing,100,5,548032,0.050001583,10960293,1096029300,0.000000,0.000000
ascii/missing,100,6,551008,0.050000500,11020050,1102004980,0.000000,0.000000
ascii/array_value,100,0,540800,0.050000625,10815865,1081586480,0.000000,0.000000
ascii/array_value,100,1,541696,0.050001291,10833640,1083364028,0.000000,0.000000
ascii/array_value,100,2,538176,0.050001958,10763099,1076309852,0.000000,0.000000
ascii/array_value,100,3,540032,0.050000292,10800577,1080057692,0.000000,0.000000
ascii/array_value,100,4,536736,0.050001584,10734380,1073437993,0.000000,0.000000
ascii/array_value,100,5,544032,0.050000875,10880450,1088044959,0.000000,0.000000
ascii/array_value,100,6,545728,0.050002167,10914087,1091408698,0.000000,0.000000
ascii/identity_write,100,0,317248,0.050003500,6344516,634451588,0.000000,0.000000
ascii/identity_write,100,1,328032,0.050001334,6560465,656046497,0.000000,0.000000
ascii/identity_write,100,2,326368,0.050000375,6527311,652731105,0.000000,0.000000
ascii/identity_write,100,3,326400,0.050001083,6527859,652785861,0.000000,0.000000
ascii/identity_write,100,4,324544,0.050002708,6490528,649052847,0.000000,0.000000
ascii/identity_write,100,5,324928,0.050002125,6498284,649828382,0.000000,0.000000
ascii/identity_write,100,6,325472,0.050000208,6509413,650941292,0.000000,0.000000
ascii/validate,500,0,171104,0.050007000,3421601,1710800488,0.000000,0.000000
ascii/validate,500,1,170624,0.050008000,3411934,1705967045,0.000000,0.000000
ascii/validate,500,2,141568,0.050020125,2830221,1415110418,0.000000,0.000000
ascii/validate,500,3,116896,0.050003834,2337741,1168870371,0.000000,0.000000
ascii/validate,500,4,172448,0.050006708,3448497,1724248675,0.000000,0.000000
ascii/validate,500,5,166720,0.050001875,3334275,1667137482,0.000000,0.000000
ascii/validate,500,6,169152,0.050007375,3382541,1691270538,0.000000,0.000000
ascii/identity,500,0,168576,0.050002208,3371371,1685685560,0.000000,0.000000
ascii/identity,500,1,171712,0.050009208,3433608,1716803833,0.000000,0.000000
ascii/identity,500,2,164672,0.050005958,3293048,1646523800,0.000000,0.000000
ascii/identity,500,3,171104,0.050005667,3421692,1710846093,0.000000,0.000000
ascii/identity,500,4,171840,0.050001583,3436691,1718345597,0.000000,0.000000
ascii/identity,500,5,171424,0.050000208,3428466,1714232869,0.000000,0.000000
ascii/identity,500,6,171072,0.050002000,3421303,1710651574,0.000000,0.000000
ascii/shallow,500,0,162720,0.050003500,3254172,1627086104,0.000000,0.000000
ascii/shallow,500,1,163776,0.050006292,3275108,1637553930,0.000000,0.000000
ascii/shallow,500,2,164960,0.050007666,3298694,1649347122,0.000000,0.000000
ascii/shallow,500,3,156992,0.050004708,3139544,1569772190,0.000000,0.000000
ascii/shallow,500,4,164672,0.050009459,3292817,1646408532,0.000000,0.000000
ascii/shallow,500,5,164448,0.050000708,3288913,1644456714,0.000000,0.000000
ascii/shallow,500,6,164288,0.050006291,3285347,1642673319,0.000000,0.000000
ascii/nested,500,0,161568,0.050002583,3231193,1615596538,0.000000,0.000000
ascii/nested,500,1,160544,0.050009000,3210302,1605151073,0.000000,0.000000
ascii/nested,500,2,161152,0.050007500,3222557,1611278308,0.000000,0.000000
ascii/nested,500,3,161792,0.050000250,3235824,1617911910,0.000000,0.000000
ascii/nested,500,4,163360,0.050005291,3266854,1633427151,0.000000,0.000000
ascii/nested,500,5,161280,0.050005875,3225221,1612610518,0.000000,0.000000
ascii/nested,500,6,160800,0.050005250,3215662,1607831178,0.000000,0.000000
ascii/missing,500,0,162720,0.050003833,3254151,1627075268,0.000000,0.000000
ascii/missing,500,1,162592,0.050008875,3251263,1625631450,0.000000,0.000000
ascii/missing,500,2,163200,0.050006500,3263576,1631787868,0.000000,0.000000
ascii/missing,500,3,166656,0.050000042,3333117,1666558600,0.000000,0.000000
ascii/missing,500,4,165920,0.050003375,3318176,1659088012,0.000000,0.000000
ascii/missing,500,5,162144,0.050007666,3242383,1621191439,0.000000,0.000000
ascii/missing,500,6,135392,0.050007959,2707409,1353704517,0.000000,0.000000
ascii/array_value,500,0,150912,0.050003667,3018019,1509009329,0.000000,0.000000
ascii/array_value,500,1,162816,0.050001250,3256239,1628119297,0.000000,0.000000
ascii/array_value,500,2,161440,0.050002083,3228665,1614332747,0.000000,0.000000
ascii/array_value,500,3,160704,0.050003459,3213858,1606928833,0.000000,0.000000
ascii/array_value,500,4,156800,0.050004875,3135694,1567847135,0.000000,0.000000
ascii/array_value,500,5,145088,0.050009250,2901223,1450611637,0.000000,0.000000
ascii/array_value,500,6,148960,0.050003000,2979021,1489510629,0.000000,0.000000
ascii/identity_write,500,0,76352,0.050005417,1526875,763437289,0.000000,0.000000
ascii/identity_write,500,1,76416,0.050002708,1528237,764118615,0.000000,0.000000
ascii/identity_write,500,2,75616,0.050010958,1511989,755994316,0.000000,0.000000
ascii/identity_write,500,3,75616,0.050020500,1511700,755850101,0.000000,0.000000
ascii/identity_write,500,4,75776,0.050001375,1515478,757739162,0.000000,0.000000
ascii/identity_write,500,5,76576,0.050012459,1531138,765569235,0.000000,0.000000
ascii/identity_write,500,6,75808,0.050020000,1515554,757776889,0.000000,0.000000
ascii/validate,1024,0,88416,0.050012125,1767891,1810320677,0.000000,0.000000
ascii/validate,1024,1,88448,0.050012583,1768515,1810959294,0.000000,0.000000
ascii/validate,1024,2,89440,0.050011375,1788393,1831314576,0.000000,0.000000
ascii/validate,1024,3,88032,0.050007834,1760364,1802612927,0.000000,0.000000
ascii/validate,1024,4,88448,0.050012542,1768516,1810960779,0.000000,0.000000
ascii/validate,1024,5,88608,0.050009083,1771838,1814362243,0.000000,0.000000
ascii/validate,1024,6,88544,0.050008083,1770594,1813088016,0.000000,0.000000
ascii/identity,1024,0,87968,0.050016625,1758775,1800985812,0.000000,0.000000
ascii/identity,1024,1,88288,0.050007208,1765505,1807877616,0.000000,0.000000
ascii/identity,1024,2,89440,0.050003667,1788669,1831596871,0.000000,0.000000
ascii/identity,1024,3,86272,0.050000083,1725437,1766847627,0.000000,0.000000
ascii/identity,1024,4,88448,0.050011792,1768543,1810987937,0.000000,0.000000
ascii/identity,1024,5,89984,0.050009834,1799326,1842509935,0.000000,0.000000
ascii/identity,1024,6,88896,0.050010542,1777545,1820206308,0.000000,0.000000
ascii/shallow,1024,0,85920,0.050008625,1718104,1759338114,0.000000,0.000000
ascii/shallow,1024,1,86144,0.050007167,1722633,1763976272,0.000000,0.000000
ascii/shallow,1024,2,86208,0.050009875,1723820,1765191215,0.000000,0.000000
ascii/shallow,1024,3,86240,0.050003208,1724689,1766081888,0.000000,0.000000
ascii/shallow,1024,4,85536,0.050005958,1710516,1751568563,0.000000,0.000000
ascii/shallow,1024,5,86368,0.050002458,1727275,1768729689,0.000000,0.000000
ascii/shallow,1024,6,86432,0.050011625,1728238,1769715901,0.000000,0.000000
ascii/nested,1024,0,85728,0.050000375,1714547,1755696272,0.000000,0.000000
ascii/nested,1024,1,87616,0.050017375,1751711,1793752351,0.000000,0.000000
ascii/nested,1024,2,86944,0.050007166,1738631,1780357959,0.000000,0.000000
ascii/nested,1024,3,86080,0.050000666,1721577,1762894918,0.000000,0.000000
ascii/nested,1024,4,85824,0.050010500,1716120,1757306486,0.000000,0.000000
ascii/nested,1024,5,87488,0.050002000,1749690,1791682573,0.000000,0.000000
ascii/nested,1024,6,87200,0.050000917,1743968,1785823248,0.000000,0.000000
ascii/missing,1024,0,87872,0.050008084,1757156,1799327645,0.000000,0.000000
ascii/missing,1024,1,86912,0.050017958,1737616,1779318700,0.000000,0.000000
ascii/missing,1024,2,86944,0.050005833,1738677,1780405418,0.000000,0.000000
ascii/missing,1024,3,87008,0.050014000,1739673,1781425041,0.000000,0.000000
ascii/missing,1024,4,86816,0.050013541,1735850,1777510295,0.000000,0.000000
ascii/missing,1024,5,87136,0.050008292,1742431,1784249380,0.000000,0.000000
ascii/missing,1024,6,88896,0.050013708,1777433,1820091084,0.000000,0.000000
ascii/array_value,1024,0,86528,0.050009917,1730217,1771742033,0.000000,0.000000
ascii/array_value,1024,1,86080,0.050015208,1721077,1762382354,0.000000,0.000000
ascii/array_value,1024,2,85888,0.050008917,1717454,1758672598,0.000000,0.000000
ascii/array_value,1024,3,87776,0.050014500,1755011,1797131312,0.000000,0.000000
ascii/array_value,1024,4,86624,0.050018167,1731851,1773415167,0.000000,0.000000
ascii/array_value,1024,5,86432,0.050014292,1728146,1769621531,0.000000,0.000000
ascii/array_value,1024,6,86304,0.050008083,1725801,1767220231,0.000000,0.000000
ascii/identity_write,1024,0,38752,0.050025958,774638,793229147,0.000000,0.000000
ascii/identity_write,1024,1,38688,0.050028209,773324,791883475,0.000000,0.000000
ascii/identity_write,1024,2,37632,0.050000916,752626,770689241,0.000000,0.000000
ascii/identity_write,1024,3,39744,0.050011875,794691,813763851,0.000000,0.000000
ascii/identity_write,1024,4,38624,0.050039792,771866,790390496,0.000000,0.000000
ascii/identity_write,1024,5,38688,0.050002458,773722,792291291,0.000000,0.000000
ascii/identity_write,1024,6,39200,0.050014000,783781,802591274,0.000000,0.000000
ascii/validate,10240,0,9408,0.050112792,187736,1922421724,0.000000,0.000000
ascii/validate,10240,1,9440,0.050092583,188451,1929738780,0.000000,0.000000
ascii/validate,10240,2,9408,0.050062917,187924,1924336930,0.000000,0.000000
ascii/validate,10240,3,9504,0.050062250,189844,1943998921,0.000000,0.000000
ascii/validate,10240,4,9440,0.050108125,188393,1929140234,0.000000,0.000000
ascii/validate,10240,5,9536,0.050124792,190245,1948110628,0.000000,0.000000
ascii/validate,10240,6,9664,0.050087125,192944,1975744465,0.000000,0.000000
ascii/identity,10240,0,9440,0.050013958,188747,1932772447,0.000000,0.000000
ascii/identity,10240,1,9408,0.050080916,187856,1923645326,0.000000,0.000000
ascii/identity,10240,2,9568,0.050137292,190836,1954160588,0.000000,0.000000
ascii/identity,10240,3,9408,0.050145791,187613,1921156653,0.000000,0.000000
ascii/identity,10240,4,9696,0.050107042,193506,1981498728,0.000000,0.000000
ascii/identity,10240,5,9728,0.050059500,194329,1989926388,0.000000,0.000000
ascii/identity,10240,6,9536,0.050116500,190277,1948432951,0.000000,0.000000
ascii/shallow,10240,0,9440,0.050054959,188593,1931189275,0.000000,0.000000
ascii/shallow,10240,1,9472,0.050101041,189058,1935953387,0.000000,0.000000
ascii/shallow,10240,2,9440,0.050112500,188376,1928971813,0.000000,0.000000
ascii/shallow,10240,3,9408,0.050001333,188155,1926707034,0.000000,0.000000
ascii/shallow,10240,4,8992,0.050086583,179529,1838378154,0.000000,0.000000
ascii/shallow,10240,5,9664,0.050158750,192668,1972923169,0.000000,0.000000
ascii/shallow,10240,6,9472,0.050058458,189219,1937600235,0.000000,0.000000
ascii/nested,10240,0,9408,0.050020667,188082,1925962323,0.000000,0.000000
ascii/nested,10240,1,9472,0.050150417,188872,1934047328,0.000000,0.000000
ascii/nested,10240,2,9536,0.050079333,190418,1949879005,0.000000,0.000000
ascii/nested,10240,3,9568,0.050035625,191224,1958131231,0.000000,0.000000
ascii/nested,10240,4,9568,0.050061208,191126,1957130559,0.000000,0.000000
ascii/nested,10240,5,9376,0.050037833,187378,1918752956,0.000000,0.000000
ascii/nested,10240,6,9440,0.050113625,188372,1928928510,0.000000,0.000000
ascii/missing,10240,0,9440,0.050155125,188216,1927332451,0.000000,0.000000
ascii/missing,10240,1,9632,0.050096500,192269,1968833751,0.000000,0.000000
ascii/missing,10240,2,9440,0.050125417,188328,1928474730,0.000000,0.000000
ascii/missing,10240,3,9440,0.050125000,188329,1928490773,0.000000,0.000000
ascii/missing,10240,4,9440,0.050162125,188190,1927063497,0.000000,0.000000
ascii/missing,10240,5,9632,0.050137292,192112,1967231896,0.000000,0.000000
ascii/missing,10240,6,9440,0.050092625,188451,1929737162,0.000000,0.000000
ascii/array_value,10240,0,9440,0.050125459,188327,1928473114,0.000000,0.000000
ascii/array_value,10240,1,9440,0.050122792,188337,1928575727,0.000000,0.000000
ascii/array_value,10240,2,9440,0.050063375,188561,1930864629,0.000000,0.000000
ascii/array_value,10240,3,9440,0.050092542,188451,1929740359,0.000000,0.000000
ascii/array_value,10240,4,9568,0.050117250,190912,1954942061,0.000000,0.000000
ascii/array_value,10240,5,9472,0.050126791,188961,1934958893,0.000000,0.000000
ascii/array_value,10240,6,9504,0.050041542,189922,1944803380,0.000000,0.000000
ascii/identity_write,10240,0,4064,0.050312000,80776,827145810,0.000000,0.000000
ascii/identity_write,10240,1,4032,0.050053334,80554,824873724,0.000000,0.000000
ascii/identity_write,10240,2,4096,0.050202417,81590,835478499,0.000000,0.000000
ascii/identity_write,10240,3,4064,0.050251417,80873,828143015,0.000000,0.000000
ascii/identity_write,10240,4,4128,0.050271084,82115,840855550,0.000000,0.000000
ascii/identity_write,10240,5,4064,0.050394208,80644,825796488,0.000000,0.000000
ascii/identity_write,10240,6,4064,0.050315583,80770,827086909,0.000000,0.000000
ascii/validate,65536,0,1504,0.050157500,29986,1965132712,0.000000,0.000000
ascii/validate,65536,1,1504,0.050532250,29763,1950559178,0.000000,0.000000
ascii/validate,65536,2,1504,0.050601083,29723,1947905819,0.000000,0.000000
ascii/validate,65536,3,1504,0.050535542,29761,1950432114,0.000000,0.000000
ascii/validate,65536,4,1536,0.050286292,30545,2001803911,0.000000,0.000000
ascii/validate,65536,5,1504,0.050525375,29767,1950824591,0.000000,0.000000
ascii/validate,65536,6,1504,0.050855583,29574,1938157783,0.000000,0.000000
ascii/identity,65536,0,1504,0.050251875,29929,1961442115,0.000000,0.000000
ascii/identity,65536,1,1504,0.050536292,29761,1950403168,0.000000,0.000000
ascii/identity,65536,2,1504,0.050349666,29871,1957632529,0.000000,0.000000
ascii/identity,65536,3,1504,0.050637792,29701,1946493718,0.000000,0.000000
ascii/identity,65536,4,1504,0.050539750,29759,1950269718,0.000000,0.000000
ascii/identity,65536,5,1536,0.050411833,30469,1996818802,0.000000,0.000000
ascii/identity,65536,6,1504,0.050006791,30076,1971055171,0.000000,0.000000
ascii/shallow,65536,0,1472,0.050204750,29320,1921511251,0.000000,0.000000
ascii/shallow,65536,1,800,0.050212583,15932,1044136686,0.000000,0.000000
ascii/shallow,65536,2,1248,0.050407667,24758,1622549363,0.000000,0.000000
ascii/shallow,65536,3,1440,0.050008583,28795,1887112858,0.000000,0.000000
ascii/shallow,65536,4,1472,0.050791167,28981,1899326156,0.000000,0.000000
ascii/shallow,65536,5,1472,0.050413916,29198,1913538952,0.000000,0.000000
ascii/shallow,65536,6,1504,0.050187541,29968,1963956433,0.000000,0.000000
ascii/nested,65536,0,1504,0.050671250,29682,1945208456,0.000000,0.000000
ascii/nested,65536,1,1504,0.050499583,29782,1951820949,0.000000,0.000000
ascii/nested,65536,2,1504,0.050680500,29676,1944853425,0.000000,0.000000
ascii/nested,65536,3,1504,0.050563458,29745,1949355283,0.000000,0.000000
ascii/nested,65536,4,1504,0.050352083,29870,1957538559,0.000000,0.000000
ascii/nested,65536,5,1504,0.050423416,29827,1954769268,0.000000,0.000000
ascii/nested,65536,6,1504,0.050651125,29693,1945981338,0.000000,0.000000
ascii/missing,65536,0,1504,0.050568083,29742,1949176994,0.000000,0.000000
ascii/missing,65536,1,1504,0.050491250,29787,1952143074,0.000000,0.000000
ascii/missing,65536,2,1504,0.050118000,30009,1966681512,0.000000,0.000000
ascii/missing,65536,3,1504,0.050775709,29620,1941206651,0.000000,0.000000
ascii/missing,65536,4,1536,0.050811792,30229,1981101080,0.000000,0.000000
ascii/missing,65536,5,1504,0.050870583,29565,1937586286,0.000000,0.000000
ascii/missing,65536,6,1504,0.050164667,29981,1964851954,0.000000,0.000000
ascii/array_value,65536,0,1504,0.050721750,29652,1943271752,0.000000,0.000000
ascii/array_value,65536,1,1504,0.050623000,29710,1947062481,0.000000,0.000000
ascii/array_value,65536,2,1504,0.050279292,29913,1960372553,0.000000,0.000000
ascii/array_value,65536,3,1504,0.050294167,29904,1959792753,0.000000,0.000000
ascii/array_value,65536,4,1504,0.050784208,29616,1940881780,0.000000,0.000000
ascii/array_value,65536,5,1504,0.050782416,29617,1940950269,0.000000,0.000000
ascii/array_value,65536,6,1504,0.050732541,29646,1942858411,0.000000,0.000000
ascii/identity_write,65536,0,640,0.050730000,12616,826789671,0.000000,0.000000
ascii/identity_write,65536,1,640,0.050841292,12588,824979822,0.000000,0.000000
ascii/identity_write,65536,2,640,0.051105792,12523,820710107,0.000000,0.000000
ascii/identity_write,65536,3,640,0.051032458,12541,821889473,0.000000,0.000000
ascii/identity_write,65536,4,640,0.051024209,12543,822022346,0.000000,0.000000
ascii/identity_write,65536,5,640,0.050186750,12752,835739314,0.000000,0.000000
ascii/identity_write,65536,6,640,0.050458917,12684,831231475,0.000000,0.000000
ascii/validate,1048576,0,96,0.051549416,1862,1952753374,0.000000,0.000000
ascii/validate,1048576,1,96,0.050266709,1910,2002583778,0.000000,0.000000
ascii/validate,1048576,2,96,0.050963292,1884,1975211805,0.000000,0.000000
ascii/validate,1048576,3,96,0.051677500,1858,1947913425,0.000000,0.000000
ascii/validate,1048576,4,96,0.051743167,1855,1945441337,0.000000,0.000000
ascii/validate,1048576,5,96,0.050751583,1892,1983451354,0.000000,0.000000
ascii/validate,1048576,6,96,0.051634042,1859,1949552894,0.000000,0.000000
ascii/identity,1048576,0,96,0.051396084,1868,1958579101,0.000000,0.000000
ascii/identity,1048576,1,96,0.050957625,1884,1975431469,0.000000,0.000000
ascii/identity,1048576,2,96,0.050835333,1888,1980183665,0.000000,0.000000
ascii/identity,1048576,3,96,0.051652584,1859,1948853053,0.000000,0.000000
ascii/identity,1048576,4,96,0.051640584,1859,1949305918,0.000000,0.000000
ascii/identity,1048576,5,96,0.050085125,1917,2009844160,0.000000,0.000000
ascii/identity,1048576,6,96,0.050541042,1899,1991713903,0.000000,0.000000
ascii/shallow,1048576,0,96,0.051670959,1858,1948160010,0.000000,0.000000
ascii/shallow,1048576,1,96,0.050971667,1883,1974887264,0.000000,0.000000
ascii/shallow,1048576,2,96,0.051020041,1882,1973014800,0.000000,0.000000
ascii/shallow,1048576,3,96,0.051703041,1857,1946951167,0.000000,0.000000
ascii/shallow,1048576,4,96,0.051894833,1850,1939755659,0.000000,0.000000
ascii/shallow,1048576,5,96,0.051827541,1852,1942274205,0.000000,0.000000
ascii/shallow,1048576,6,96,0.050275459,1909,2002235246,0.000000,0.000000
ascii/nested,1048576,0,96,0.051687375,1857,1947541271,0.000000,0.000000
ascii/nested,1048576,1,96,0.051813250,1853,1942809918,0.000000,0.000000
ascii/nested,1048576,2,96,0.051349583,1870,1960352745,0.000000,0.000000
ascii/nested,1048576,3,96,0.051286416,1872,1962767217,0.000000,0.000000
ascii/nested,1048576,4,96,0.051770208,1854,1944425180,0.000000,0.000000
ascii/nested,1048576,5,96,0.051708792,1857,1946734629,0.000000,0.000000
ascii/nested,1048576,6,96,0.051663625,1858,1948436564,0.000000,0.000000
ascii/missing,1048576,0,96,0.051482000,1865,1955310516,0.000000,0.000000
ascii/missing,1048576,1,96,0.050621125,1896,1988562996,0.000000,0.000000
ascii/missing,1048576,2,96,0.051571458,1861,1951918753,0.000000,0.000000
ascii/missing,1048576,3,96,0.051456083,1866,1956295352,0.000000,0.000000
ascii/missing,1048576,4,96,0.050851750,1888,1979544381,0.000000,0.000000
ascii/missing,1048576,5,96,0.051722291,1856,1946226551,0.000000,0.000000
ascii/missing,1048576,6,96,0.051633709,1859,1949565467,0.000000,0.000000
ascii/array_value,1048576,0,96,0.050820625,1889,1980756750,0.000000,0.000000
ascii/array_value,1048576,1,96,0.051783667,1854,1943919808,0.000000,0.000000
ascii/array_value,1048576,2,96,0.051746250,1855,1945325429,0.000000,0.000000
ascii/array_value,1048576,3,96,0.050770250,1891,1982722086,0.000000,0.000000
ascii/array_value,1048576,4,96,0.050875750,1887,1978610556,0.000000,0.000000
ascii/array_value,1048576,5,96,0.051549500,1862,1952750192,0.000000,0.000000
ascii/array_value,1048576,6,96,0.051623708,1860,1949943154,0.000000,0.000000
ascii/identity_write,1048576,0,64,0.080749291,793,831076820,0.000000,0.000000
ascii/identity_write,1048576,1,64,0.081133334,789,827142935,0.000000,0.000000
ascii/identity_write,1048576,2,64,0.081804958,782,820352038,0.000000,0.000000
ascii/identity_write,1048576,3,64,0.081237708,788,826080224,0.000000,0.000000
ascii/identity_write,1048576,4,64,0.080144791,799,837345299,0.000000,0.000000
ascii/identity_write,1048576,5,64,0.081081042,789,827676388,0.000000,0.000000
ascii/identity_write,1048576,6,64,0.080719000,793,831388694,0.000000,0.000000
structured/validate,485,0,99680,0.050004125,1993436,966816238,0.000000,0.000000
structured/validate,485,1,101952,0.050008916,2038676,988758085,0.000000,0.000000
structured/validate,485,2,101792,0.050013458,2035292,987116708,0.000000,0.000000
structured/validate,485,3,101728,0.050016125,2033904,986443472,0.000000,0.000000
structured/validate,485,4,100320,0.050000084,2006397,973102365,0.000000,0.000000
structured/validate,485,5,101088,0.050006916,2021480,980417989,0.000000,0.000000
structured/validate,485,6,101120,0.050012833,2021881,980612316,0.000000,0.000000
structured/identity,485,0,101120,0.050013500,2021854,980599238,0.000000,0.000000
structured/identity,485,1,101504,0.050006167,2029830,984467376,0.000000,0.000000
structured/identity,485,2,100832,0.050007750,2016327,977918823,0.000000,0.000000
structured/identity,485,3,101376,0.050013541,2026971,983080962,0.000000,0.000000
structured/identity,485,4,100896,0.050016250,2017264,978373229,0.000000,0.000000
structured/identity,485,5,101280,0.050016000,2024952,982101727,0.000000,0.000000
structured/identity,485,6,100928,0.050008042,2018235,978844163,0.000000,0.000000
structured/shallow,485,0,97664,0.050007000,1953007,947208191,0.000000,0.000000
structured/shallow,485,1,98464,0.050010584,1968863,954898667,0.000000,0.000000
structured/shallow,485,2,98592,0.050001084,1971797,956321667,0.000000,0.000000
structured/shallow,485,3,97824,0.050006167,1956239,948775778,0.000000,0.000000
structured/shallow,485,4,98080,0.050013625,1961066,951116821,0.000000,0.000000
structured/shallow,485,5,98912,0.050006041,1978001,959330494,0.000000,0.000000
structured/shallow,485,6,98528,0.050011542,1970105,955501032,0.000000,0.000000
structured/nested,485,0,97056,0.050008750,1940780,941278476,0.000000,0.000000
structured/nested,485,1,97408,0.050009333,1947796,944681266,0.000000,0.000000
structured/nested,485,2,97120,0.050011459,1941955,941848147,0.000000,0.000000
structured/nested,485,3,97344,0.050005000,1946685,944142386,0.000000,0.000000
structured/nested,485,4,97504,0.050000750,1950051,945774613,0.000000,0.000000
structured/nested,485,5,97024,0.050005375,1940271,941031639,0.000000,0.000000
structured/nested,485,6,96832,0.050018250,1935933,938927691,0.000000,0.000000
structured/missing,485,0,98592,0.050005584,1971620,956235608,0.000000,0.000000
structured/missing,485,1,99136,0.050012875,1982210,961371647,0.000000,0.000000
structured/missing,485,2,100096,0.050012042,2001438,970697417,0.000000,0.000000
structured/missing,485,3,99648,0.050012875,1992447,966336768,0.000000,0.000000
structured/missing,485,4,100128,0.050011667,2002093,971015023,0.000000,0.000000
structured/missing,485,5,99232,0.050010500,1984223,962348307,0.000000,0.000000
structured/missing,485,6,99360,0.050006542,1986940,963665914,0.000000,0.000000
structured/array_value,485,0,99232,0.050008875,1984288,962379578,0.000000,0.000000
structured/array_value,485,1,99360,0.050001708,1987132,963759078,0.000000,0.000000
structured/array_value,485,2,98176,0.050009042,1963165,952135016,0.000000,0.000000
structured/array_value,485,3,98240,0.050013250,1964279,952675541,0.000000,0.000000
structured/array_value,485,4,98304,0.050015583,1965467,953251710,0.000000,0.000000
structured/array_value,485,5,97600,0.050009125,1951644,946547255,0.000000,0.000000
structured/array_value,485,6,96768,0.050012542,1934875,938414208,0.000000,0.000000
structured/identity_write,485,0,62944,0.050024167,1258272,610261836,0.000000,0.000000
structured/identity_write,485,1,63040,0.050012750,1260479,611332110,0.000000,0.000000
structured/identity_write,485,2,63296,0.050020250,1265408,613722642,0.000000,0.000000
structured/identity_write,485,3,63328,0.050017750,1266111,614063607,0.000000,0.000000
structured/identity_write,485,4,63104,0.050008708,1261860,612002214,0.000000,0.000000
structured/identity_write,485,5,63680,0.050009125,1273368,617583291,0.000000,0.000000
structured/identity_write,485,6,63328,0.050006792,1266388,614198167,0.000000,0.000000
unicode_escaped_keys/validate,960,0,58080,0.050007834,1161418,1114961308,0.000000,0.000000
unicode_escaped_keys/validate,960,1,58624,0.050016750,1172087,1125203857,0.000000,0.000000
unicode_escaped_keys/validate,960,2,58112,0.050013833,1161919,1115441802,0.000000,0.000000
unicode_escaped_keys/validate,960,3,57952,0.050004500,1158936,1112578268,0.000000,0.000000
unicode_escaped_keys/validate,960,4,57568,0.050023208,1150826,1104792799,0.000000,0.000000
unicode_escaped_keys/validate,960,5,58080,0.050021375,1161104,1114659483,0.000000,0.000000
unicode_escaped_keys/validate,960,6,58048,0.050010042,1160727,1114297804,0.000000,0.000000
unicode_escaped_keys/identity,960,0,57888,0.050002250,1157708,1111399587,0.000000,0.000000
unicode_escaped_keys/identity,960,1,57664,0.050027625,1152643,1106537438,0.000000,0.000000
unicode_escaped_keys/identity,960,2,57376,0.050007500,1147348,1101453982,0.000000,0.000000
unicode_escaped_keys/identity,960,3,56448,0.050014625,1128630,1083484681,0.000000,0.000000
unicode_escaped_keys/identity,960,4,56256,0.050005500,1124996,1079996400,0.000000,0.000000
unicode_escaped_keys/identity,960,5,56768,0.050004875,1135249,1089839341,0.000000,0.000000
unicode_escaped_keys/identity,960,6,55936,0.050028208,1118089,1073365650,0.000000,0.000000
unicode_escaped_keys/shallow,960,0,55168,0.050027291,1102758,1058647769,0.000000,0.000000
unicode_escaped_keys/shallow,960,1,55008,0.050006166,1100024,1056023371,0.000000,0.000000
unicode_escaped_keys/shallow,960,2,55360,0.050012792,1106917,1062640134,0.000000,0.000000
unicode_escaped_keys/shallow,960,3,56288,0.050028666,1125115,1080110351,0.000000,0.000000
unicode_escaped_keys/shallow,960,4,55232,0.050000583,1104627,1060442035,0.000000,0.000000
unicode_escaped_keys/shallow,960,5,46976,0.050021500,939116,901551533,0.000000,0.000000
unicode_escaped_keys/shallow,960,6,56608,0.050002625,1132101,1086816542,0.000000,0.000000
unicode_escaped_keys/nested,960,0,57088,0.050024334,1141205,1095556415,0.000000,0.000000
unicode_escaped_keys/nested,960,1,55360,0.050015792,1106850,1062576396,0.000000,0.000000
unicode_escaped_keys/nested,960,2,55392,0.050005208,1107725,1063415635,0.000000,0.000000
unicode_escaped_keys/nested,960,3,56256,0.050011875,1124853,1079858734,0.000000,0.000000
unicode_escaped_keys/nested,960,4,56544,0.050025292,1130308,1085095915,0.000000,0.000000
unicode_escaped_keys/nested,960,5,55296,0.050021333,1105448,1061230415,0.000000,0.000000
unicode_escaped_keys/nested,960,6,56480,0.050018709,1129177,1084010385,0.000000,0.000000
unicode_escaped_keys/missing,960,0,56544,0.050022334,1130375,1085160081,0.000000,0.000000
unicode_escaped_keys/missing,960,1,57088,0.050013958,1141441,1095783701,0.000000,0.000000
unicode_escaped_keys/missing,960,2,56960,0.050021959,1138700,1093151910,0.000000,0.000000
unicode_escaped_keys/missing,960,3,48384,0.050065166,966420,927763627,0.000000,0.000000
unicode_escaped_keys/missing,960,4,55008,0.050022333,1099669,1055682069,0.000000,0.000000
unicode_escaped_keys/missing,960,5,56352,0.050007833,1126863,1081788927,0.000000,0.000000
unicode_escaped_keys/missing,960,6,56608,0.050020125,1131704,1086436309,0.000000,0.000000
unicode_escaped_keys/array_value,960,0,56704,0.050012584,1133795,1088442861,0.000000,0.000000
unicode_escaped_keys/array_value,960,1,56576,0.050015208,1131176,1085928904,0.000000,0.000000
unicode_escaped_keys/array_value,960,2,55360,0.050023083,1106689,1062421522,0.000000,0.000000
unicode_escaped_keys/array_value,960,3,55392,0.050018875,1107422,1063125070,0.000000,0.000000
unicode_escaped_keys/array_value,960,4,55680,0.050010084,1113375,1068840436,0.000000,0.000000
unicode_escaped_keys/array_value,960,5,55264,0.050001541,1105246,1061036099,0.000000,0.000000
unicode_escaped_keys/array_value,960,6,55488,0.050027125,1109158,1064791950,0.000000,0.000000
unicode_escaped_keys/identity_write,960,0,31392,0.050027333,627497,602397094,0.000000,0.000000
unicode_escaped_keys/identity_write,960,1,31168,0.050007417,623268,598336843,0.000000,0.000000
unicode_escaped_keys/identity_write,960,2,31616,0.050023500,632023,606742031,0.000000,0.000000
unicode_escaped_keys/identity_write,960,3,32128,0.050044083,641994,616314220,0.000000,0.000000
unicode_escaped_keys/identity_write,960,4,31776,0.050041584,634992,609592214,0.000000,0.000000
unicode_escaped_keys/identity_write,960,5,31776,0.050022041,635240,609830375,0.000000,0.000000
unicode_escaped_keys/identity_write,960,6,31776,0.050026500,635183,609776019,0.000000,0.000000
array/shallow,78,0,230240,0.050004084,4604424,359145065,0.000000,0.000000
array/shallow,78,1,231936,0.050001791,4638554,361807200,0.000000,0.000000
array/shallow,78,2,232928,0.050002875,4658292,363346788,0.000000,0.000000
array/shallow,78,3,233280,0.050002709,4665347,363897084,0.000000,0.000000
array/shallow,78,4,225312,0.050002166,4506045,351471494,0.000000,0.000000
array/shallow,78,5,232928,0.050000584,4658506,363363436,0.000000,0.000000
array/shallow,78,6,234752,0.050004125,4694653,366182910,0.000000,0.000000
array/nested,78,0,212288,0.050006875,4245176,331123750,0.000000,0.000000
array/nested,78,1,211424,0.050006416,4227937,329779123,0.000000,0.000000
array/nested,78,2,213280,0.050000125,4265589,332715968,0.000000,0.000000
array/nested,78,3,210848,0.050004792,4216556,328891359,0.000000,0.000000
array/nested,78,4,211488,0.050001292,4229651,329912755,0.000000,0.000000
array/nested,78,5,210976,0.050004125,4219172,329095410,0.000000,0.000000
array/nested,78,6,212288,0.050001584,4245625,331158789,0.000000,0.000000
array/flatten,78,0,234432,0.050005667,4688109,365672475,0.000000,0.000000
array/flatten,78,1,234400,0.050005083,4687523,365626830,0.000000,0.000000
array/flatten,78,2,231904,0.050000250,4638057,361768431,0.000000,0.000000
array/flatten,78,3,232800,0.050000541,4655950,363164071,0.000000,0.000000
array/flatten,78,4,233920,0.050003958,4678030,364886316,0.000000,0.000000
array/flatten,78,5,222560,0.050001625,4451055,347182317,0.000000,0.000000
array/flatten,78,6,232704,0.050000958,4653991,363011285,0.000000,0.000000
array/missing,78,0,237920,0.050005708,4757857,371112834,0.000000,0.000000
array/missing,78,1,239072,0.050005750,4780890,372909435,0.000000,0.000000
array/missing,78,2,234144,0.050003459,4682556,365239373,0.000000,0.000000
array/missing,78,3,238272,0.050006000,4764868,371659721,0.000000,0.000000
array/missing,78,4,238688,0.050005500,4773235,372312326,0.000000,0.000000
array/missing,78,5,239936,0.050005833,4798160,374256499,0.000000,0.000000
array/missing,78,6,236096,0.050004291,4721515,368278154,0.000000,0.000000
array/root,67,0,240384,0.050002584,4807432,322097914,0.000000,0.000000
array/root,67,1,241888,0.050003583,4837413,324106695,0.000000,0.000000
array/root,67,2,240864,0.050004333,4816863,322729792,0.000000,0.000000
array/root,67,3,240864,0.050000167,4817264,322756682,0.000000,0.000000
array/root,67,4,241056,0.050002875,4820843,322996468,0.000000,0.000000
array/root,67,5,241216,0.050000834,4824240,323224049,0.000000,0.000000
array/root,67,6,242944,0.050002917,4858597,325525969,0.000000,0.000000
array/cancel_first,78,0,222528,0.050006541,4449978,347098273,0.000000,0.000000
array/cancel_first,78,1,233696,0.050000375,4673885,364563026,0.000000,0.000000
array/cancel_first,78,2,235360,0.050000416,4707161,367158545,0.000000,0.000000
array/cancel_first,78,3,236032,0.050006125,4720062,368164820,0.000000,0.000000
array/cancel_first,78,4,236224,0.050005042,4724004,368472283,0.000000,0.000000
array/cancel_first,78,5,231488,0.050001250,4629644,361112252,0.000000,0.000000
array/cancel_first,78,6,232992,0.050002292,4659626,363450859,0.000000,0.000000
array/shallow,540,0,32192,0.050009042,643724,347610738,0.000000,0.000000
array/shallow,540,1,32704,0.050016750,653861,353084917,0.000000,0.000000
array/shallow,540,2,32832,0.050020750,656368,354438508,0.000000,0.000000
array/shallow,540,3,32736,0.050004584,654660,353516390,0.000000,0.000000
array/shallow,540,4,32576,0.050014042,651337,351722022,0.000000,0.000000
array/shallow,540,5,32864,0.050039458,656762,354651323,0.000000,0.000000
array/shallow,540,6,32992,0.050042000,659286,356014548,0.000000,0.000000
array/nested,540,0,29344,0.050040083,586410,316661345,0.000000,0.000000
array/nested,540,1,29152,0.050012625,582893,314762123,0.000000,0.000000
array/nested,540,2,29600,0.050000041,592000,319679738,0.000000,0.000000
array/nested,540,3,29792,0.050014083,595672,321663000,0.000000,0.000000
array/nested,540,4,29888,0.050011625,597621,322715369,0.000000,0.000000
array/nested,540,5,29504,0.050026709,589765,318473078,0.000000,0.000000
array/nested,540,6,28832,0.050037292,576210,311153529,0.000000,0.000000
array/flatten,540,0,30080,0.050026625,601280,324691102,0.000000,0.000000
array/flatten,540,1,30848,0.050009292,616845,333096497,0.000000,0.000000
array/flatten,540,2,30912,0.050000542,618233,333845981,0.000000,0.000000
array/flatten,540,3,30656,0.050012709,612964,331000666,0.000000,0.000000
array/flatten,540,4,30560,0.050024958,610895,329883335,0.000000,0.000000
array/flatten,540,5,30752,0.050000166,615038,332120497,0.000000,0.000000
array/flatten,540,6,30752,0.050029458,614678,331926042,0.000000,0.000000
array/missing,540,0,33024,0.050041292,659935,356364900,0.000000,0.000000
array/missing,540,1,33888,0.050012959,677584,365895567,0.000000,0.000000
array/missing,540,2,33760,0.050039750,674664,364318367,0.000000,0.000000
array/missing,540,3,33152,0.050007666,662938,357986713,0.000000,0.000000
array/missing,540,4,33376,0.050027833,667149,360260258,0.000000,0.000000
array/missing,540,5,32416,0.050003917,648269,350065376,0.000000,0.000000
array/missing,540,6,33600,0.050025875,671652,362692307,0.000000,0.000000
array/root,529,0,33152,0.050043375,662465,350444150,0.000000,0.000000
array/root,529,1,33216,0.050017375,664089,351303202,0.000000,0.000000
array/root,529,2,33152,0.050036459,662557,350492588,0.000000,0.000000
array/root,529,3,33312,0.050028042,665867,352243408,0.000000,0.000000
array/root,529,4,33344,0.050012584,666712,352690755,0.000000,0.000000
array/root,529,5,33440,0.050043583,668218,353487079,0.000000,0.000000
array/root,529,6,33472,0.050023875,669120,353964742,0.000000,0.000000
array/cancel_first,540,0,66432,0.050017042,1328187,717221142,0.000000,0.000000
array/cancel_first,540,1,66272,0.050010916,1325151,715581374,0.000000,0.000000
array/cancel_first,540,2,65984,0.050021542,1319112,712320304,0.000000,0.000000
array/cancel_first,540,3,65856,0.050020625,1316577,710951532,0.000000,0.000000
array/cancel_first,540,4,66464,0.050016250,1328848,717577987,0.000000,0.000000
array/cancel_first,540,5,66016,0.050014125,1319947,712771442,0.000000,0.000000
array/cancel_first,540,6,66208,0.050006292,1323993,714956430,0.000000,0.000000
array/shallow,1074,0,16032,0.050078167,320140,343829837,0.000000,0.000000
array/shallow,1074,1,16096,0.050036041,321688,345493042,0.000000,0.000000
array/shallow,1074,2,16160,0.050001375,323191,347107255,0.000000,0.000000
array/shallow,1074,3,16224,0.050065459,324056,348035878,0.000000,0.000000
array/shallow,1074,4,16224,0.050065666,324054,348034439,0.000000,0.000000
array/shallow,1074,5,16192,0.050092833,323240,347159603,0.000000,0.000000
array/shallow,1074,6,16256,0.050063791,324706,348733958,0.000000,0.000000
array/nested,1074,0,14336,0.050090541,286202,307380669,0.000000,0.000000
array/nested,1074,1,14432,0.050024167,288501,309849597,0.000000,0.000000
array/nested,1074,2,14272,0.050036666,285231,306337916,0.000000,0.000000
array/nested,1074,3,14464,0.050086500,288780,310150160,0.000000,0.000000
array/nested,1074,4,14560,0.050005416,291168,312714927,0.000000,0.000000
array/nested,1074,5,14464,0.050060333,288931,310312279,0.000000,0.000000
array/nested,1074,6,14400,0.050058708,287662,308949244,0.000000,0.000000
array/flatten,1074,0,14912,0.050050334,297940,319987635,0.000000,0.000000
array/flatten,1074,1,15008,0.050058084,299812,321997782,0.000000,0.000000
array/flatten,1074,2,15104,0.050023208,301940,324283401,0.000000,0.000000
array/flatten,1074,3,15072,0.050073416,300998,323271893,0.000000,0.000000
array/flatten,1074,4,15168,0.050087125,302832,325241906,0.000000,0.000000
array/flatten,1074,5,14976,0.050006084,299484,321645342,0.000000,0.000000
array/flatten,1074,6,14976,0.050043208,299261,321406733,0.000000,0.000000
array/missing,1074,0,16288,0.050057584,325385,349463770,0.000000,0.000000
array/missing,1074,1,16384,0.050081958,327144,351352397,0.000000,0.000000
array/missing,1074,2,16256,0.050070250,324664,348688972,0.000000,0.000000
array/missing,1074,3,16288,0.050076208,325264,349333799,0.000000,0.000000
array/missing,1074,4,16448,0.050055459,328596,352911598,0.000000,0.000000
array/missing,1074,5,16448,0.050003542,328937,353278014,0.000000,0.000000
array/missing,1074,6,16416,0.050091000,327724,351975085,0.000000,0.000000
array/root,1063,0,15808,0.050063208,315761,335653760,0.000000,0.000000
array/root,1063,1,16064,0.050002000,321267,341506980,0.000000,0.000000
array/root,1063,2,16096,0.050080250,321404,341652608,0.000000,0.000000
array/root,1063,3,16160,0.050063250,322792,343127544,0.000000,0.000000
array/root,1063,4,16032,0.050061292,320247,340423016,0.000000,0.000000
array/root,1063,5,16160,0.050049792,322878,343219808,0.000000,0.000000
array/root,1063,6,16128,0.050021541,322421,342733624,0.000000,0.000000
array/cancel_first,1074,0,39744,0.050037458,794285,853062040,0.000000,0.000000
array/cancel_first,1074,1,39584,0.050009333,791532,850105639,0.000000,0.000000
array/cancel_first,1074,2,39840,0.050023667,796423,855358325,0.000000,0.000000
array/cancel_first,1074,3,39808,0.050033792,795622,854498336,0.000000,0.000000
array/cancel_first,1074,4,39904,0.050034875,797524,856540483,0.000000,0.000000
array/cancel_first,1074,5,39392,0.050000334,787835,846134508,0.000000,0.000000
array/cancel_first,1074,6,39200,0.050031834,783501,841480246,0.000000,0.000000
array/shallow,8606,0,2112,0.050312250,41978,361261363,0.000000,0.000000
array/shallow,8606,1,2144,0.050593458,42377,364696637,0.000000,0.000000
array/shallow,8606,2,2144,0.050419709,42523,365953401,0.000000,0.000000
array/shallow,8606,3,2144,0.050361167,42572,366378801,0.000000,0.000000
array/shallow,8606,4,2144,0.050364708,42569,366353042,0.000000,0.000000
array/shallow,8606,5,2112,0.050073750,42178,362982041,0.000000,0.000000
array/shallow,8606,6,2112,0.050016750,42226,363395702,0.000000,0.000000
array/nested,8606,0,1888,0.050550459,37349,321423946,0.000000,0.000000
array/nested,8606,1,1888,0.050027625,37739,324783117,0.000000,0.000000
array/nested,8606,2,1888,0.050454250,37420,322036855,0.000000,0.000000
array/nested,8606,3,1888,0.050250500,37572,323342614,0.000000,0.000000
array/nested,8606,4,1888,0.050204542,37606,323638606,0.000000,0.000000
array/nested,8606,5,1920,0.050669417,37893,326104403,0.000000,0.000000
array/nested,8606,6,1920,0.050551000,37981,326868311,0.000000,0.000000
array/flatten,8606,0,1984,0.050363958,39393,339018311,0.000000,0.000000
array/flatten,8606,1,1984,0.050125000,39581,340634494,0.000000,0.000000
array/flatten,8606,2,1984,0.050079625,39617,340943128,0.000000,0.000000
array/flatten,8606,3,1984,0.050257042,39477,339739533,0.000000,0.000000
array/flatten,8606,4,1984,0.050662708,39161,337019174,0.000000,0.000000
array/flatten,8606,5,1984,0.050400083,39365,338775315,0.000000,0.000000
array/flatten,8606,6,1984,0.050098458,39602,340814961,0.000000,0.000000
array/missing,8606,0,2144,0.050247750,42669,367205775,0.000000,0.000000
array/missing,8606,1,2176,0.050416000,43161,371442717,0.000000,0.000000
array/missing,8606,2,2176,0.050369708,43201,371784089,0.000000,0.000000
array/missing,8606,3,2176,0.050115333,43420,373671188,0.000000,0.000000
array/missing,8606,4,2176,0.050592334,43010,370148094,0.000000,0.000000
array/missing,8606,5,2176,0.050261041,43294,372587906,0.000000,0.000000
array/missing,8606,6,2176,0.050234084,43317,372787847,0.000000,0.000000
array/root,8595,0,2112,0.050630125,41714,358534371,0.000000,0.000000
array/root,8595,1,2144,0.050533000,42428,364666258,0.000000,0.000000
array/root,8595,2,2144,0.050176541,42729,367256882,0.000000,0.000000
array/root,8595,3,2144,0.050133917,42765,367569125,0.000000,0.000000
array/root,8595,4,2144,0.050046625,42840,368210244,0.000000,0.000000
array/root,8595,5,2144,0.050334125,42595,366107089,0.000000,0.000000
array/root,8595,6,2144,0.050324125,42604,366179839,0.000000,0.000000
array/cancel_first,8606,0,6624,0.050052958,132340,1138916585,0.000000,0.000000
array/cancel_first,8606,1,6656,0.050178459,132647,1141556300,0.000000,0.000000
array/cancel_first,8606,2,6592,0.050064375,131670,1133156102,0.000000,0.000000
array/cancel_first,8606,3,6624,0.050130333,132136,1137158694,0.000000,0.000000
array/cancel_first,8606,4,6624,0.050172417,132025,1136204859,0.000000,0.000000
array/cancel_first,8606,5,6368,0.050090875,127129,1094071685,0.000000,0.000000
array/cancel_first,8606,6,6624,0.050173959,132021,1136169940,0.000000,0.000000
array/shallow,69558,0,288,0.054514583,5283,367474222,0.000000,0.000000
array/shallow,69558,1,288,0.054175958,5316,369771108,0.000000,0.000000
array/shallow,69558,2,288,0.054169375,5317,369816045,0.000000,0.000000
array/shallow,69558,3,288,0.054080542,5325,370423506,0.000000,0.000000
array/shallow,69558,4,288,0.054255917,5308,369226162,0.000000,0.000000
array/shallow,69558,5,288,0.053905167,5343,371628642,0.000000,0.000000
array/shallow,69558,6,288,0.053840958,5349,372071834,0.000000,0.000000
array/nested,69558,0,256,0.054036334,4738,329534716,0.000000,0.000000
array/nested,69558,1,256,0.056330667,4545,316112856,0.000000,0.000000
array/nested,69558,2,256,0.054638916,4685,325900463,0.000000,0.000000
array/nested,69558,3,256,0.054777083,4673,325078427,0.000000,0.000000
array/nested,69558,4,256,0.054667709,4683,325728814,0.000000,0.000000
array/nested,69558,5,256,0.054468084,4700,326922607,0.000000,0.000000
array/nested,69558,6,256,0.054082042,4734,329256207,0.000000,0.000000
array/flatten,69558,0,256,0.052656541,4862,338169725,0.000000,0.000000
array/flatten,69558,1,256,0.051691083,4952,344485876,0.000000,0.000000
array/flatten,69558,2,256,0.051623084,4959,344939640,0.000000,0.000000
array/flatten,69558,3,256,0.052064041,4917,342018170,0.000000,0.000000
array/flatten,69558,4,256,0.052281459,4897,340595851,0.000000,0.000000
array/flatten,69558,5,256,0.052307417,4894,340426827,0.000000,0.000000
array/flatten,69558,6,256,0.052150042,4909,341454145,0.000000,0.000000
array/missing,69558,0,288,0.053508875,5382,374380960,0.000000,0.000000
array/missing,69558,1,288,0.052914625,5443,378585391,0.000000,0.000000
array/missing,69558,2,288,0.052536958,5482,381306889,0.000000,0.000000
array/missing,69558,3,288,0.052484125,5487,381690730,0.000000,0.000000
array/missing,69558,4,288,0.052520125,5484,381429100,0.000000,0.000000
array/missing,69558,5,288,0.052380542,5498,382445527,0.000000,0.000000
array/missing,69558,6,288,0.052993583,5435,378021316,0.000000,0.000000
array/root,69547,0,288,0.054150792,5318,369884452,0.000000,0.000000
array/root,69547,1,288,0.053779625,5355,372437257,0.000000,0.000000
array/root,69547,2,288,0.053835458,5350,372051000,0.000000,0.000000
array/root,69547,3,288,0.053622916,5371,373525677,0.000000,0.000000
array/root,69547,4,288,0.053571875,5376,373881556,0.000000,0.000000
array/root,69547,5,288,0.053964792,5337,371159329,0.000000,0.000000
array/root,69547,6,288,0.053774750,5356,372471020,0.000000,0.000000
array/cancel_first,69558,0,864,0.050898416,16975,1180746214,0.000000,0.000000
array/cancel_first,69558,1,864,0.050907083,16972,1180545191,0.000000,0.000000
array/cancel_first,69558,2,864,0.050265625,17189,1195610559,0.000000,0.000000
array/cancel_first,69558,3,896,0.051749333,17314,1204343407,0.000000,0.000000
array/cancel_first,69558,4,896,0.051598125,17365,1207872728,0.000000,0.000000
array/cancel_first,69558,5,896,0.051593500,17367,1207981005,0.000000,0.000000
array/cancel_first,69558,6,864,0.050098292,17246,1199604010,0.000000,0.000000
array/shallow,1135782,0,32,0.099114292,323,366698115,0.000000,0.000000
array/shallow,1135782,1,32,0.096814291,331,375409701,0.000000,0.000000
array/shallow,1135782,2,32,0.096278959,332,377497060,0.000000,0.000000
array/shallow,1135782,3,32,0.096196125,333,377822121,0.000000,0.000000
array/shallow,1135782,4,32,0.096488500,332,376677262,0.000000,0.000000
array/shallow,1135782,5,32,0.099990459,320,363484920,0.000000,0.000000
array/shallow,1135782,6,32,0.098476625,325,369072600,0.000000,0.000000
array/nested,1135782,0,32,0.110995042,288,327447275,0.000000,0.000000
array/nested,1135782,1,32,0.109796208,291,331022580,0.000000,0.000000
array/nested,1135782,2,32,0.109538875,292,331800231,0.000000,0.000000
array/nested,1135782,3,32,0.110452875,290,329054576,0.000000,0.000000
array/nested,1135782,4,32,0.110360333,290,329330503,0.000000,0.000000
array/nested,1135782,5,32,0.109294542,293,332541985,0.000000,0.000000
array/nested,1135782,6,32,0.108368250,295,335384432,0.000000,0.000000
array/flatten,1135782,0,32,0.103624959,309,350736197,0.000000,0.000000
array/flatten,1135782,1,32,0.103892500,308,349832991,0.000000,0.000000
array/flatten,1135782,2,32,0.103493417,309,351181989,0.000000,0.000000
array/flatten,1135782,3,32,0.104046667,308,349314640,0.000000,0.000000
array/flatten,1135782,4,32,0.104257667,307,348607686,0.000000,0.000000
array/flatten,1135782,5,32,0.104334958,307,348349438,0.000000,0.000000
array/flatten,1135782,6,32,0.105775000,303,343606939,0.000000,0.000000
array/missing,1135782,0,32,0.096372000,332,377132611,0.000000,0.000000
array/missing,1135782,1,32,0.095522125,335,380488018,0.000000,0.000000
array/missing,1135782,2,32,0.096284875,332,377473866,0.000000,0.000000
array/missing,1135782,3,32,0.095754416,334,379564991,0.000000,0.000000
array/missing,1135782,4,32,0.095564833,335,380317977,0.000000,0.000000
array/missing,1135782,5,32,0.095423750,335,380880274,0.000000,0.000000
array/missing,1135782,6,32,0.094834250,337,383247867,0.000000,0.000000
array/root,1135771,0,32,0.099613916,321,364855368,0.000000,0.000000
array/root,1135771,1,32,0.098118000,326,370417987,0.000000,0.000000
array/root,1135771,2,32,0.096957291,330,374852387,0.000000,0.000000
array/root,1135771,3,32,0.099055208,323,366913287,0.000000,0.000000
array/root,1135771,4,32,0.097964083,327,370999971,0.000000,0.000000
array/root,1135771,5,32,0.096605459,331,376217580,0.000000,0.000000
array/root,1135771,6,32,0.097328792,329,373421587,0.000000,0.000000
array/cancel_first,1135782,0,64,0.061184333,1046,1188050019,0.000000,0.000000
array/cancel_first,1135782,1,64,0.059596375,1074,1219705863,0.000000,0.000000
array/cancel_first,1135782,2,64,0.059614458,1074,1219335887,0.000000,0.000000
array/cancel_first,1135782,3,64,0.060144167,1064,1208596804,0.000000,0.000000
array/cancel_first,1135782,4,64,0.061007375,1049,1191496077,0.000000,0.000000
array/cancel_first,1135782,5,64,0.061118958,1047,1189320800,0.000000,0.000000
array/cancel_first,1135782,6,64,0.059680125,1072,1217994232,0.000000,0.000000
array/nested_contexts,972,0,9280,0.050132750,185109,179925498,0.000000,0.000000
array/nested_contexts,972,1,9248,0.050144333,184428,179263647,0.000000,0.000000
array/nested_contexts,972,2,9280,0.050063000,185366,180176178,0.000000,0.000000
array/nested_contexts,972,3,9152,0.050051875,182850,177730485,0.000000,0.000000
array/nested_contexts,972,4,9184,0.050117333,183250,178118975,0.000000,0.000000
array/nested_contexts,972,5,9248,0.050013000,184912,179734389,0.000000,0.000000
array/nested_contexts,972,6,9280,0.050136625,185094,179911592,0.000000,0.000000
array/sparse,785,0,13472,0.050070166,269062,211213999,0.000000,0.000000
array/sparse,785,1,13632,0.050019333,272535,213939678,0.000000,0.000000
array/sparse,785,2,13856,0.050014292,277041,217477036,0.000000,0.000000
array/sparse,785,3,13728,0.050047917,274297,215323247,0.000000,0.000000
array/sparse,785,4,13792,0.050081625,275390,216181484,0.000000,0.000000
array/sparse,785,5,13888,0.050037916,277550,217876380,0.000000,0.000000
array/sparse,785,6,13920,0.050100125,277844,218107240,0.000000,0.000000
array/deep,136,0,4000,0.050042042,79933,10870859,0.000000,0.000000
array/deep,136,1,4064,0.050352125,80712,10976776,0.000000,0.000000
array/deep,136,2,4064,0.050014417,81257,11050894,0.000000,0.000000
array/deep,136,3,4032,0.050023375,80602,10961915,0.000000,0.000000
array/deep,136,4,4032,0.050168833,80369,10930133,0.000000,0.000000
array/deep,136,5,4032,0.050366833,80053,10887165,0.000000,0.000000
array/deep,136,6,4032,0.050193125,80330,10924843,0.000000,0.000000
array/empty,2,0,3793920,0.050000250,75878021,151756041,0.000000,0.000000
array/empty,2,1,3842784,0.050000333,76855168,153710336,0.000000,0.000000
array/empty,2,2,3822848,0.050000042,76456896,152913792,0.000000,0.000000
array/empty,2,3,3825216,0.050000416,76503683,153007367,0.000000,0.000000
array/empty,2,4,3848352,0.050000333,76966527,153933055,0.000000,0.000000
array/empty,2,5,3849280,0.050000042,76985535,153971071,0.000000,0.000000
array/empty,2,6,3835904,0.050000041,76718017,153436034,0.000000,0.000000
array/singleton,12,0,848416,0.050000500,16968150,203617804,0.000000,0.000000
array/singleton,12,1,836192,0.050000959,16723519,200682231,0.000000,0.000000
array/singleton,12,2,818592,0.050001375,16371390,196456677,0.000000,0.000000
array/singleton,12,3,828576,0.050000208,16571451,198857413,0.000000,0.000000
array/singleton,12,4,845440,0.050000541,16908617,202903405,0.000000,0.000000
array/singleton,12,5,846784,0.050001708,16935101,203221218,0.000000,0.000000
array/singleton,12,6,839904,0.050000958,16797758,201573098,0.000000,0.000000
array/nested_values,31,0,259648,0.050000791,5192878,160979213,0.000000,0.000000
array/nested_values,31,1,268416,0.050004042,5367886,166404468,0.000000,0.000000
array/nested_values,31,2,268576,0.050002042,5371301,166510320,0.000000,0.000000
array/nested_values,31,3,270880,0.050004250,5417140,167931326,0.000000,0.000000
array/nested_values,31,4,272000,0.050000458,5439950,168638455,0.000000,0.000000
array/nested_values,31,5,272128,0.050001833,5442360,168713175,0.000000,0.000000
array/nested_values,31,6,272000,0.050001875,5439796,168633676,0.000000,0.000000
compile/scalar,0,0,89280,0.050012042,1785170,0,28.000000,1346.000000
compile/scalar,0,1,98528,0.050009625,1970181,0,28.000000,1346.000000
compile/scalar,0,2,98464,0.050001666,1969214,0,28.000000,1346.000000
compile/scalar,0,3,98464,0.050009792,1968894,0,28.000000,1346.000000
compile/scalar,0,4,98080,0.050009084,1961244,0,28.000000,1346.000000
compile/scalar,0,5,97920,0.050005667,1958178,0,28.000000,1346.000000
compile/scalar,0,6,97792,0.050014500,1955273,0,28.000000,1346.000000
scalar/literal,100,0,616672,0.050000042,12333430,1233342964,0.000000,0.000000
scalar/literal,100,1,617408,0.050002250,12347604,1234760436,0.000000,0.000000
scalar/literal,100,2,619648,0.050000417,12392857,1239285664,0.000000,0.000000
scalar/literal,100,3,623520,0.050001875,12469932,1246993238,0.000000,0.000000
scalar/literal,100,4,619040,0.050000500,12380676,1238067619,0.000000,0.000000
scalar/literal,100,5,622976,0.050001708,12459094,1245909440,0.000000,0.000000
scalar/literal,100,6,622432,0.050000917,12448412,1244841170,0.000000,0.000000
scalar/arithmetic,100,0,157888,0.050000084,3157755,315775469,0.000000,0.000000
scalar/arithmetic,100,1,158464,0.050006042,3168897,316889707,0.000000,0.000000
scalar/arithmetic,100,2,159904,0.050009000,3197504,319750445,0.000000,0.000000
scalar/arithmetic,100,3,161152,0.050004292,3222763,322276336,0.000000,0.000000
scalar/arithmetic,100,4,161216,0.050005708,3223952,322395195,0.000000,0.000000
scalar/arithmetic,100,5,161472,0.050009708,3228813,322881309,0.000000,0.000000
scalar/arithmetic,100,6,160672,0.050000166,3213429,321342933,0.000000,0.000000
scalar/nested,100,0,154272,0.050000083,3085435,308543488,0.000000,0.000000
scalar/nested,100,1,157248,0.050006334,3144562,314456165,0.000000,0.000000
scalar/nested,100,2,157696,0.050004334,3153647,315364664,0.000000,0.000000
scalar/nested,100,3,158784,0.050007041,3175233,317523286,0.000000,0.000000
scalar/nested,100,4,159104,0.050002958,3181892,318189176,0.000000,0.000000
scalar/nested,100,5,158816,0.050004000,3176066,317606591,0.000000,0.000000
scalar/nested,100,6,159584,0.050007000,3191233,319123323,0.000000,0.000000
scalar/comparison,100,0,169408,0.050007834,3387629,338762923,0.000000,0.000000
scalar/comparison,100,1,166912,0.050004416,3337945,333794519,0.000000,0.000000
scalar/comparison,100,2,165056,0.050008042,3300589,330058913,0.000000,0.000000
scalar/comparison,100,3,159328,0.050005750,3186194,318619359,0.000000,0.000000
scalar/comparison,100,4,170048,0.050001834,3400835,340083526,0.000000,0.000000
scalar/comparison,100,5,169856,0.050001666,3397007,339700681,0.000000,0.000000
scalar/comparison,100,6,166336,0.050003375,3326495,332649546,0.000000,0.000000
scalar/strings,100,0,238592,0.050003333,4771522,477152193,0.000000,0.000000
scalar/strings,100,1,238464,0.050003875,4768910,476891041,0.000000,0.000000
scalar/strings,100,2,237088,0.050005959,4741195,474119494,0.000000,0.000000
scalar/strings,100,3,239360,0.050001916,4787017,478701656,0.000000,0.000000
scalar/strings,100,4,237792,0.050006416,4755230,475522981,0.000000,0.000000
scalar/strings,100,5,240448,0.050004292,4808547,480854723,0.000000,0.000000
scalar/strings,100,6,240928,0.050004667,4818110,481811028,0.000000,0.000000
scalar/boolean,100,0,160640,0.050002250,3212655,321265543,0.000000,0.000000
scalar/boolean,100,1,161344,0.050006375,3226469,322646863,0.000000,0.000000
scalar/boolean,100,2,161632,0.050006416,3232225,323222524,0.000000,0.000000
scalar/boolean,100,3,160640,0.050002334,3212650,321265003,0.000000,0.000000
scalar/boolean,100,4,161984,0.050000500,3239648,323964760,0.000000,0.000000
scalar/boolean,100,5,162944,0.050003291,3258666,325866551,0.000000,0.000000
scalar/boolean,100,6,163648,0.050008292,3272417,327241730,0.000000,0.000000
scalar/missing,100,0,164256,0.050003916,3284863,328486273,0.000000,0.000000
scalar/missing,100,1,168192,0.050004750,3363520,336352047,0.000000,0.000000
scalar/missing,100,2,168736,0.050004500,3374416,337441630,0.000000,0.000000
scalar/missing,100,3,168480,0.050005750,3369213,336921254,0.000000,0.000000
scalar/missing,100,4,168864,0.050000250,3377263,337726311,0.000000,0.000000
scalar/missing,100,5,168832,0.050007541,3376131,337613081,0.000000,0.000000
scalar/missing,100,6,165984,0.050002667,3319503,331950294,0.000000,0.000000
scalar/short_circuit,100,0,573728,0.050002750,11473929,1147392893,0.000000,0.000000
scalar/short_circuit,100,1,569152,0.050002291,11382518,1138251845,0.000000,0.000000
scalar/short_circuit,100,2,568672,0.050000375,11373355,1137335470,0.000000,0.000000
scalar/short_circuit,100,3,575616,0.050001917,11511879,1151187863,0.000000,0.000000
scalar/short_circuit,100,4,581760,0.050001459,11634860,1163486049,0.000000,0.000000
scalar/short_circuit,100,5,581792,0.050001958,11635384,1163538436,0.000000,0.000000
scalar/short_circuit,100,6,581792,0.050001625,11635462,1163546185,0.000000,0.000000
scalar/mixed,100,0,90880,0.050005583,1817397,181739707,0.000000,0.000000
scalar/mixed,100,1,90240,0.050004250,1804647,180464661,0.000000,0.000000
scalar/mixed,100,2,90144,0.050014834,1802345,180234528,0.000000,0.000000
scalar/mixed,100,3,89984,0.050015541,1799121,179912080,0.000000,0.000000
scalar/mixed,100,4,90080,0.050012541,1801148,180114824,0.000000,0.000000
scalar/mixed,100,5,89728,0.050002084,1794485,179448521,0.000000,0.000000
scalar/mixed,100,6,90016,0.050009500,1799978,179997800,0.000000,0.000000
scalar/write,100,0,145184,0.050007500,2903245,290324451,0.000000,0.000000
scalar/write,100,1,143552,0.050001917,2870930,287092993,0.000000,0.000000
scalar/write,100,2,145536,0.050007208,2910300,291030045,0.000000,0.000000
scalar/write,100,3,145728,0.050003416,2914361,291436089,0.000000,0.000000
scalar/write,100,4,146112,0.050009000,2921714,292171409,0.000000,0.000000
scalar/write,100,5,146400,0.050003041,2927822,292782193,0.000000,0.000000
scalar/write,100,6,144768,0.050003333,2895167,289516701,0.000000,0.000000
scalar/literal,500,0,168896,0.050006959,3377450,1688724963,0.000000,0.000000
scalar/literal,500,1,168960,0.050005792,3378809,1689404299,0.000000,0.000000
scalar/literal,500,2,169664,0.050003334,3393054,1696526876,0.000000,0.000000
scalar/literal,500,3,169568,0.050002792,3391171,1695585319,0.000000,0.000000
scalar/literal,500,4,169792,0.050005208,3395486,1697743163,0.000000,0.000000
scalar/literal,500,5,169344,0.050002458,3386714,1693356755,0.000000,0.000000
scalar/literal,500,6,169280,0.050004916,3385267,1692633580,0.000000,0.000000
scalar/arithmetic,500,0,53216,0.050020875,1063876,531937916,0.000000,0.000000
scalar/arithmetic,500,1,53376,0.050017708,1067142,533571030,0.000000,0.000000
scalar/arithmetic,500,2,53344,0.050013917,1066583,533291564,0.000000,0.000000
scalar/arithmetic,500,3,53440,0.050029541,1068169,534084452,0.000000,0.000000
scalar/arithmetic,500,4,53408,0.050022958,1067670,533834884,0.000000,0.000000
scalar/arithmetic,500,5,53376,0.050006208,1067387,533693737,0.000000,0.000000
scalar/arithmetic,500,6,53088,0.050001417,1061730,530864955,0.000000,0.000000
scalar/nested,500,0,53568,0.050009250,1071162,535580918,0.000000,0.000000
scalar/nested,500,1,52608,0.050028541,1051560,525779874,0.000000,0.000000
scalar/nested,500,2,52672,0.050001459,1053409,526704631,0.000000,0.000000
scalar/nested,500,3,52768,0.050003166,1055293,527646589,0.000000,0.000000
scalar/nested,500,4,52832,0.050022250,1056170,528085002,0.000000,0.000000
scalar/nested,500,5,52864,0.050001375,1057251,528625463,0.000000,0.000000
scalar/nested,500,6,52864,0.050014333,1056977,528488503,0.000000,0.000000
scalar/comparison,500,0,53632,0.050008375,1072460,536230181,0.000000,0.000000
scalar/comparison,500,1,53664,0.050001375,1073250,536625243,0.000000,0.000000
scalar/comparison,500,2,53792,0.050022833,1075349,537674466,0.000000,0.000000
scalar/comparison,500,3,53920,0.050029166,1077771,538885657,0.000000,0.000000
scalar/comparison,500,4,53792,0.050002792,1075780,537889964,0.000000,0.000000
scalar/comparison,500,5,53760,0.050025958,1074642,537321044,0.000000,0.000000
scalar/comparison,500,6,53504,0.050007750,1069914,534957082,0.000000,0.000000
scalar/strings,500,0,79712,0.050002500,1594160,797080146,0.000000,0.000000
scalar/strings,500,1,79008,0.050011250,1579805,789902272,0.000000,0.000000
scalar/strings,500,2,79264,0.050013916,1584839,792419454,0.000000,0.000000
scalar/strings,500,3,79232,0.050016375,1584121,792060600,0.000000,0.000000
scalar/strings,500,4,79296,0.050005792,1585736,792868154,0.000000,0.000000
scalar/strings,500,5,79136,0.050001375,1582676,791338238,0.000000,0.000000
scalar/strings,500,6,79232,0.050012000,1584260,792129889,0.000000,0.000000
scalar/boolean,500,0,53184,0.050025125,1063146,531572885,0.000000,0.000000
scalar/boolean,500,1,53120,0.050012583,1062133,531066352,0.000000,0.000000
scalar/boolean,500,2,53216,0.050016500,1063969,531984445,0.000000,0.000000
scalar/boolean,500,3,53248,0.050008208,1064785,532392602,0.000000,0.000000
scalar/boolean,500,4,53216,0.050008625,1064136,532068218,0.000000,0.000000
scalar/boolean,500,5,54336,0.050016791,1086355,543177590,0.000000,0.000000
scalar/boolean,500,6,53312,0.050004292,1066148,533074241,0.000000,0.000000
scalar/missing,500,0,54240,0.050019667,1084373,542186736,0.000000,0.000000
scalar/missing,500,1,53536,0.050002666,1070663,535331456,0.000000,0.000000
scalar/missing,500,2,53600,0.050029583,1071366,535683058,0.000000,0.000000
scalar/missing,500,3,53440,0.050019375,1068386,534193000,0.000000,0.000000
scalar/missing,500,4,53472,0.050009292,1069241,534620646,0.000000,0.000000
scalar/missing,500,5,53376,0.050008584,1067337,533668380,0.000000,0.000000
scalar/missing,500,6,53568,0.050020583,1070919,535459573,0.000000,0.000000
scalar/short_circuit,500,0,167008,0.050009000,3339559,1669779440,0.000000,0.000000
scalar/short_circuit,500,1,166240,0.050003958,3324537,1662268415,0.000000,0.000000
scalar/short_circuit,500,2,166688,0.050000250,3333743,1666871666,0.000000,0.000000
scalar/short_circuit,500,3,167456,0.050001500,3349020,1674509765,0.000000,0.000000
scalar/short_circuit,500,4,169344,0.050003375,3386651,1693325701,0.000000,0.000000
scalar/short_circuit,500,5,166752,0.050002083,3334901,1667450534,0.000000,0.000000
scalar/short_circuit,500,6,166464,0.050008750,3328697,1664348739,0.000000,0.000000
scalar/mixed,500,0,31232,0.050048166,624039,312019425,0.000000,0.000000
scalar/mixed,500,1,31200,0.050036291,623547,311773708,0.000000,0.000000
scalar/mixed,500,2,31584,0.050017916,631454,315726869,0.000000,0.000000
scalar/mixed,500,3,31488,0.050014666,629575,314787666,0.000000,0.000000
scalar/mixed,500,4,31296,0.050015167,625730,312865096,0.000000,0.000000
scalar/mixed,500,5,31232,0.050006042,624565,312282264,0.000000,0.000000
scalar/mixed,500,6,31232,0.050028167,624288,312144157,0.000000,0.000000
scalar/write,500,0,51488,0.050014708,1029457,514728587,0.000000,0.000000
scalar/write,500,1,50880,0.050011709,1017362,508680877,0.000000,0.000000
scalar/write,500,2,50912,0.050009459,1018047,509023703,0.000000,0.000000
scalar/write,500,3,50656,0.050014500,1012826,506413140,0.000000,0.000000
scalar/write,500,4,50944,0.050001875,1018842,509420897,0.000000,0.000000
scalar/write,500,5,51040,0.050021667,1020358,510178919,0.000000,0.000000
scalar/write,500,6,50944,0.050018167,1018510,509254967,0.000000,0.000000
scalar/literal,1024,0,88864,0.050004583,1777117,1819767920,0.000000,0.000000
scalar/literal,1024,1,88800,0.050000833,1775970,1818593702,0.000000,0.000000
scalar/literal,1024,2,88992,0.050008708,1779530,1822238799,0.000000,0.000000
scalar/literal,1024,3,88928,0.050013833,1778068,1820741714,0.000000,0.000000
scalar/literal,1024,4,88768,0.050017417,1774742,1817335589,0.000000,0.000000
scalar/literal,1024,5,88192,0.050013792,1763354,1805674083,0.000000,0.000000
scalar/literal,1024,6,88288,0.050016000,1765195,1807559821,0.000000,0.000000
scalar/arithmetic,1024,0,29088,0.050038875,581308,595259426,0.000000,0.000000
scalar/arithmetic,1024,1,28832,0.050046959,576099,589925314,0.000000,0.000000
scalar/arithmetic,1024,2,28992,0.050007667,579751,593665127,0.000000,0.000000
scalar/arithmetic,1024,3,28672,0.050050417,572862,586611057,0.000000,0.000000
scalar/arithmetic,1024,4,28256,0.050050583,564549,578098041,0.000000,0.000000
scalar/arithmetic,1024,5,29664,0.050000625,593273,607511126,0.000000,0.000000
scalar/arithmetic,1024,6,29120,0.050001459,582383,596360198,0.000000,0.000000
scalar/nested,1024,0,28672,0.050033541,573056,586808917,0.000000,0.000000
scalar/nested,1024,1,28640,0.050036708,572380,586116896,0.000000,0.000000
scalar/nested,1024,2,28640,0.050034500,572405,586142761,0.000000,0.000000
scalar/nested,1024,3,28608,0.050026792,571854,585578064,0.000000,0.000000
scalar/nested,1024,4,28704,0.050032791,573704,587472644,0.000000,0.000000
scalar/nested,1024,5,28864,0.050023584,577008,590856025,0.000000,0.000000
scalar/nested,1024,6,28544,0.050054458,570259,583945110,0.000000,0.000000
scalar/comparison,1024,0,28864,0.050018750,577064,590913128,0.000000,0.000000
scalar/comparison,1024,1,28928,0.050049375,577989,591860977,0.000000,0.000000
scalar/comparison,1024,2,28832,0.050043625,576137,589964616,0.000000,0.000000
scalar/comparison,1024,3,28896,0.050001875,577898,591767889,0.000000,0.000000
scalar/comparison,1024,4,28416,0.050045000,567809,581436387,0.000000,0.000000
scalar/comparison,1024,5,28864,0.050043792,576775,590617434,0.000000,0.000000
scalar/comparison,1024,6,28896,0.050034583,577521,591381045,0.000000,0.000000
scalar/strings,1024,0,42688,0.050004291,853687,874175218,0.000000,0.000000
scalar/strings,1024,1,42912,0.050033416,857667,878250807,0.000000,0.000000
scalar/strings,1024,2,42944,0.050035375,858273,878871319,0.000000,0.000000
scalar/strings,1024,3,42592,0.050035583,851234,871663832,0.000000,0.000000
scalar/strings,1024,4,43008,0.050022375,859775,880409857,0.000000,0.000000
scalar/strings,1024,5,43200,0.050032542,863438,884160553,0.000000,0.000000
scalar/strings,1024,6,42592,0.050017041,851550,871986969,0.000000,0.000000
scalar/boolean,1024,0,28960,0.050008917,579097,592995045,0.000000,0.000000
scalar/boolean,1024,1,28736,0.050016541,574530,588318652,0.000000,0.000000
scalar/boolean,1024,2,28960,0.050031917,578831,592722442,0.000000,0.000000
scalar/boolean,1024,3,28928,0.050052584,577952,591823032,0.000000,0.000000
scalar/boolean,1024,4,28864,0.050019292,577057,590906725,0.000000,0.000000
scalar/boolean,1024,5,28864,0.050051083,576691,590531398,0.000000,0.000000
scalar/boolean,1024,6,28992,0.050050334,579257,593159039,0.000000,0.000000
scalar/missing,1024,0,29216,0.050034084,583922,597936079,0.000000,0.000000
scalar/missing,1024,1,28928,0.050019792,578331,592211019,0.000000,0.000000
scalar/missing,1024,2,29024,0.050055208,579840,593755918,0.000000,0.000000
scalar/missing,1024,3,29184,0.050023792,583402,597404051,0.000000,0.000000
scalar/missing,1024,4,28928,0.050028125,578235,592112377,0.000000,0.000000
scalar/missing,1024,5,28928,0.050003334,578521,592405938,0.000000,0.000000
scalar/missing,1024,6,29152,0.050054625,582404,596381413,0.000000,0.000000
scalar/short_circuit,1024,0,87232,0.050011667,1744233,1786094593,0.000000,0.000000
scalar/short_circuit,1024,1,87392,0.050017459,1747230,1789163420,0.000000,0.000000
scalar/short_circuit,1024,2,87104,0.050000500,1742063,1783872081,0.000000,0.000000
scalar/short_circuit,1024,3,87136,0.050004625,1742559,1784380225,0.000000,0.000000
scalar/short_circuit,1024,4,87232,0.050009417,1744311,1786174952,0.000000,0.000000
scalar/short_circuit,1024,5,88544,0.050016542,1770294,1812781379,0.000000,0.000000
scalar/short_circuit,1024,6,88256,0.050010209,1764760,1807113903,0.000000,0.000000
scalar/mixed,1024,0,17056,0.050035375,340879,349059920,0.000000,0.000000
scalar/mixed,1024,1,17056,0.050077625,340591,348765422,0.000000,0.000000
scalar/mixed,1024,2,17088,0.050065292,341314,349505841,0.000000,0.000000
scalar/mixed,1024,3,17056,0.050011042,341045,349229756,0.000000,0.000000
scalar/mixed,1024,4,17088,0.050001333,341751,349952910,0.000000,0.000000
scalar/mixed,1024,5,17056,0.050000291,341118,349304847,0.000000,0.000000
scalar/mixed,1024,6,17216,0.050077709,343786,352036552,0.000000,0.000000
scalar/write,1024,0,28224,0.050013750,564325,577868606,0.000000,0.000000
scalar/write,1024,1,28160,0.050052334,562611,576113793,0.000000,0.000000
scalar/write,1024,2,28192,0.050044917,563334,576853949,0.000000,0.000000
scalar/write,1024,3,28160,0.050054625,562585,576087424,0.000000,0.000000
scalar/write,1024,4,28160,0.050056542,562564,576065362,0.000000,0.000000
scalar/write,1024,5,28192,0.050044417,563340,576859712,0.000000,0.000000
scalar/write,1024,6,28288,0.050024166,565487,579058370,0.000000,0.000000
scalar/literal,10240,0,9440,0.050030917,188683,1932117295,0.000000,0.000000
scalar/literal,10240,1,9440,0.050082459,188489,1930128870,0.000000,0.000000
scalar/literal,10240,2,9440,0.050031000,188683,1932114089,0.000000,0.000000
scalar/literal,10240,3,9440,0.050053166,188599,1931258454,0.000000,0.000000
scalar/literal,10240,4,9504,0.050140792,189546,1940953785,0.000000,0.000000
scalar/literal,10240,5,9536,0.050165875,190089,1946515236,0.000000,0.000000
scalar/literal,10240,6,9440,0.050034500,188670,1931978935,0.000000,0.000000
scalar/arithmetic,10240,0,3200,0.050090167,63885,654180291,0.000000,0.000000
scalar/arithmetic,10240,1,3200,0.050005875,63992,655283004,0.000000,0.000000
scalar/arithmetic,10240,2,3200,0.050033959,63957,654915195,0.000000,0.000000
scalar/arithmetic,10240,3,3200,0.050005042,63994,655293920,0.000000,0.000000
scalar/arithmetic,10240,4,3200,0.050037125,63953,654873756,0.000000,0.000000
scalar/arithmetic,10240,5,3232,0.050271750,64291,658335546,0.000000,0.000000
scalar/arithmetic,10240,6,3200,0.050017166,63978,655135079,0.000000,0.000000
scalar/nested,10240,0,3200,0.050053250,63932,654662784,0.000000,0.000000
scalar/nested,10240,1,3200,0.050064375,63918,654517309,0.000000,0.000000
scalar/nested,10240,2,3200,0.050047667,63939,654735814,0.000000,0.000000
scalar/nested,10240,3,3200,0.050012667,63984,655194013,0.000000,0.000000
scalar/nested,10240,4,3200,0.050024916,63968,655033584,0.000000,0.000000
scalar/nested,10240,5,3200,0.050010708,63986,655219678,0.000000,0.000000
scalar/nested,10240,6,3232,0.050207916,64372,659172550,0.000000,0.000000
scalar/comparison,10240,0,3200,0.050001542,63998,655339789,0.000000,0.000000
scalar/comparison,10240,1,3232,0.050493875,64008,655439496,0.000000,0.000000
scalar/comparison,10240,2,3232,0.050487916,64015,655516857,0.000000,0.000000
scalar/comparison,10240,3,3232,0.050444916,64070,656075629,0.000000,0.000000
scalar/comparison,10240,4,3232,0.050123916,64480,660277222,0.000000,0.000000
scalar/comparison,10240,5,3232,0.050156250,64439,659851564,0.000000,0.000000
scalar/comparison,10240,6,3232,0.050496000,64005,655411914,0.000000,0.000000
scalar/strings,10240,0,4800,0.050266708,95491,977824130,0.000000,0.000000
scalar/strings,10240,1,4800,0.050268875,95487,977781977,0.000000,0.000000
scalar/strings,10240,2,4800,0.050306542,95415,977049864,0.000000,0.000000
scalar/strings,10240,3,4800,0.050284083,95458,977486255,0.000000,0.000000
scalar/strings,10240,4,4800,0.050208417,95602,978959365,0.000000,0.000000
scalar/strings,10240,5,4832,0.050094583,96458,987725160,0.000000,0.000000
scalar/strings,10240,6,4800,0.050148292,95716,980133082,0.000000,0.000000
scalar/boolean,10240,0,3200,0.050085666,63891,654239079,0.000000,0.000000
scalar/boolean,10240,1,3200,0.050026709,63966,655010107,0.000000,0.000000
scalar/boolean,10240,2,3200,0.050054833,63930,654642080,0.000000,0.000000
scalar/boolean,10240,3,3232,0.050412833,64111,656493159,0.000000,0.000000
scalar/boolean,10240,4,3200,0.050023250,63970,655055399,0.000000,0.000000
scalar/boolean,10240,5,3200,0.050130709,63833,653651238,0.000000,0.000000
scalar/boolean,10240,6,3200,0.050113875,63855,653870809,0.000000,0.000000
scalar/missing,10240,0,3200,0.050002291,63997,655329973,0.000000,0.000000
scalar/missing,10240,1,3232,0.050332334,64213,657543121,0.000000,0.000000
scalar/missing,10240,2,3232,0.050456958,64055,655919051,0.000000,0.000000
scalar/missing,10240,3,3200,0.050082084,63895,654285872,0.000000,0.000000
scalar/missing,10240,4,3232,0.050089333,64525,660733095,0.000000,0.000000
scalar/missing,10240,5,3264,0.050378459,64790,663445462,0.000000,0.000000
scalar/missing,10240,6,3232,0.050435416,64082,656199207,0.000000,0.000000
scalar/short_circuit,10240,0,9440,0.050094709,188443,1929656883,0.000000,0.000000
scalar/short_circuit,10240,1,9440,0.050075750,188514,1930387463,0.000000,0.000000
scalar/short_circuit,10240,2,9440,0.050099250,188426,1929481978,0.000000,0.000000
scalar/short_circuit,10240,3,9440,0.050080875,188495,1930189918,0.000000,0.000000
scalar/short_circuit,10240,4,9440,0.050069166,188539,1930641305,0.000000,0.000000
scalar/short_circuit,10240,5,9504,0.050101125,189696,1942490513,0.000000,0.000000
scalar/short_circuit,10240,6,9440,0.050046750,188624,1931506042,0.000000,0.000000
scalar/mixed,10240,0,1952,0.050742667,38469,393918593,0.000000,0.000000
scalar/mixed,10240,1,1952,0.050679208,38517,394411846,0.000000,0.000000
scalar/mixed,10240,2,1952,0.050692750,38506,394306484,0.000000,0.000000
scalar/mixed,10240,3,1952,0.050715541,38489,394129287,0.000000,0.000000
scalar/mixed,10240,4,1952,0.050702542,38499,394230333,0.000000,0.000000
scalar/mixed,10240,5,1952,0.050692292,38507,394310046,0.000000,0.000000
scalar/mixed,10240,6,1952,0.050218416,38870,398030874,0.000000,0.000000
scalar/write,10240,0,3200,0.050096167,63877,654101940,0.000000,0.000000
scalar/write,10240,1,3200,0.050128917,63835,653674605,0.000000,0.000000
scalar/write,10240,2,3200,0.050158500,63798,653289074,0.000000,0.000000
scalar/write,10240,3,3200,0.050138958,63823,653543697,0.000000,0.000000
scalar/write,10240,4,3232,0.050416709,64106,656442688,0.000000,0.000000
scalar/write,10240,5,3232,0.050492625,64009,655455722,0.000000,0.000000
scalar/write,10240,6,3200,0.050164625,63790,653209308,0.000000,0.000000
scalar/literal,65536,0,1504,0.050593917,29727,1948181715,0.000000,0.000000
scalar/literal,65536,1,1504,0.050637250,29701,1946514552,0.000000,0.000000
scalar/literal,65536,2,1504,0.050630750,29705,1946764447,0.000000,0.000000
scalar/literal,65536,3,1504,0.050658375,29689,1945702838,0.000000,0.000000
scalar/literal,65536,4,1504,0.050583500,29733,1948582917,0.000000,0.000000
scalar/literal,65536,5,1536,0.050977833,30131,1974648393,0.000000,0.000000
scalar/literal,65536,6,1504,0.050553334,29751,1949745669,0.000000,0.000000
scalar/arithmetic,65536,0,512,0.050588125,10121,663286730,0.000000,0.000000
scalar/arithmetic,65536,1,512,0.050569083,10125,663536493,0.000000,0.000000
scalar/arithmetic,65536,2,512,0.050540834,10130,663907366,0.000000,0.000000
scalar/arithmetic,65536,3,512,0.050553250,10128,663744309,0.000000,0.000000
scalar/arithmetic,65536,4,512,0.050648084,10109,662501507,0.000000,0.000000
scalar/arithmetic,65536,5,512,0.050539041,10131,663930920,0.000000,0.000000
scalar/arithmetic,65536,6,544,0.053079792,10249,671660205,0.000000,0.000000
scalar/nested,65536,0,512,0.050621959,10114,662843411,0.000000,0.000000
scalar/nested,65536,1,512,0.050597000,10119,663170386,0.000000,0.000000
scalar/nested,65536,2,512,0.050680375,10103,662079395,0.000000,0.000000
scalar/nested,65536,3,512,0.050549500,10129,663793549,0.000000,0.000000
scalar/nested,65536,4,544,0.052973375,10269,673009488,0.000000,0.000000
scalar/nested,65536,5,512,0.050556541,10127,663701102,0.000000,0.000000
scalar/nested,65536,6,512,0.050581917,10122,663368136,0.000000,0.000000
scalar/comparison,65536,0,512,0.050554833,10128,663723526,0.000000,0.000000
scalar/comparison,65536,1,512,0.050580500,10122,663386720,0.000000,0.000000
scalar/comparison,65536,2,512,0.050564583,10126,663595545,0.000000,0.000000
scalar/comparison,65536,3,512,0.050566250,10125,663573668,0.000000,0.000000
scalar/comparison,65536,4,512,0.050436417,10151,665281834,0.000000,0.000000
scalar/comparison,65536,5,512,0.050576834,10123,663434805,0.000000,0.000000
scalar/comparison,65536,6,512,0.050587875,10121,663290008,0.000000,0.000000
scalar/strings,65536,0,768,0.050838834,15107,990023650,0.000000,0.000000
scalar/strings,65536,1,768,0.050900125,15088,988831521,0.000000,0.000000
scalar/strings,65536,2,768,0.050902791,15088,988779731,0.000000,0.000000
scalar/strings,65536,3,768,0.050895458,15090,988922194,0.000000,0.000000
scalar/strings,65536,4,768,0.050846042,15104,989883303,0.000000,0.000000
scalar/strings,65536,5,768,0.050332125,15259,999990523,0.000000,0.000000
scalar/strings,65536,6,768,0.050833625,15108,990125099,0.000000,0.000000
scalar/boolean,65536,0,512,0.050614333,10116,662943281,0.000000,0.000000
scalar/boolean,65536,1,512,0.050537583,10131,663950075,0.000000,0.000000
scalar/boolean,65536,2,512,0.050556084,10127,663707102,0.000000,0.000000
scalar/boolean,65536,3,512,0.050069333,10226,670159357,0.000000,0.000000
scalar/boolean,65536,4,512,0.050320916,10175,666808847,0.000000,0.000000
scalar/boolean,65536,5,512,0.050573791,10124,663474723,0.000000,0.000000
scalar/boolean,65536,6,512,0.050563708,10126,663607028,0.000000,0.000000
scalar/missing,65536,0,512,0.050546166,10129,663837332,0.000000,0.000000
scalar/missing,65536,1,512,0.050642708,10110,662571836,0.000000,0.000000
scalar/missing,65536,2,512,0.050587875,10121,663290008,0.000000,0.000000
scalar/missing,65536,3,512,0.050543000,10130,663878915,0.000000,0.000000
scalar/missing,65536,4,544,0.052953375,10273,673263678,0.000000,0.000000
scalar/missing,65536,5,512,0.050612042,10116,662973290,0.000000,0.000000
scalar/missing,65536,6,512,0.050541667,10130,663896424,0.000000,0.000000
scalar/short_circuit,65536,0,1504,0.050645375,29697,1946202274,0.000000,0.000000
scalar/short_circuit,65536,1,1504,0.050616875,29713,1947298090,0.000000,0.000000
scalar/short_circuit,65536,2,1504,0.050594625,29726,1948154453,0.000000,0.000000
scalar/short_circuit,65536,3,1504,0.050621458,29711,1947121792,0.000000,0.000000
scalar/short_circuit,65536,4,1504,0.050626167,29708,1946940680,0.000000,0.000000
scalar/short_circuit,65536,5,1536,0.050859375,30201,1979247602,0.000000,0.000000
scalar/short_circuit,65536,6,1504,0.050364083,29863,1957072146,0.000000,0.000000
scalar/mixed,65536,0,320,0.052464417,6099,399728448,0.000000,0.000000
scalar/mixed,65536,1,320,0.052423542,6104,400040119,0.000000,0.000000
scalar/mixed,65536,2,320,0.052507875,6094,399397614,0.000000,0.000000
scalar/mixed,65536,3,320,0.051704000,6189,405607303,0.000000,0.000000
scalar/mixed,65536,4,320,0.052267292,6122,401236016,0.000000,0.000000
scalar/mixed,65536,5,320,0.052473333,6098,399660529,0.000000,0.000000
scalar/mixed,65536,6,320,0.052483333,6097,399584379,0.000000,0.000000
scalar/write,65536,0,512,0.050606542,10117,663045343,0.000000,0.000000
scalar/write,65536,1,512,0.050630375,10113,662733231,0.000000,0.000000
scalar/write,65536,2,512,0.050626083,10113,662789416,0.000000,0.000000
scalar/write,65536,3,544,0.053052708,10254,672003095,0.000000,0.000000
scalar/write,65536,4,512,0.050062333,10227,670253062,0.000000,0.000000
scalar/write,65536,5,512,0.050697708,10099,661853037,0.000000,0.000000
scalar/write,65536,6,512,0.050641833,10110,662583284,0.000000,0.000000
scalar/literal,1048576,0,96,0.051604666,1860,1950662678,0.000000,0.000000
scalar/literal,1048576,1,96,0.051578250,1861,1951661718,0.000000,0.000000
scalar/literal,1048576,2,96,0.051569000,1862,1952011790,0.000000,0.000000
scalar/literal,1048576,3,96,0.051624458,1860,1949914825,0.000000,0.000000
scalar/literal,1048576,4,96,0.051036958,1881,1972360814,0.000000,0.000000
scalar/literal,1048576,5,96,0.051591750,1861,1951151027,0.000000,0.000000
scalar/literal,1048576,6,96,0.051588292,1861,1951281814,0.000000,0.000000
scalar/arithmetic,1048576,0,32,0.050441917,634,665209294,0.000000,0.000000
scalar/arithmetic,1048576,1,32,0.050436500,634,665280739,0.000000,0.000000
scalar/arithmetic,1048576,2,32,0.050523167,633,664139522,0.000000,0.000000
scalar/arithmetic,1048576,3,32,0.050445084,634,665167531,0.000000,0.000000
scalar/arithmetic,1048576,4,32,0.050469375,634,664847385,0.000000,0.000000
scalar/arithmetic,1048576,5,32,0.050454334,634,665045584,0.000000,0.000000
scalar/arithmetic,1048576,6,32,0.050237375,637,667917701,0.000000,0.000000
scalar/nested,1048576,0,32,0.050528750,633,664066141,0.000000,0.000000
scalar/nested,1048576,1,32,0.050491958,634,664550026,0.000000,0.000000
scalar/nested,1048576,2,32,0.050435125,634,665298877,0.000000,0.000000
scalar/nested,1048576,3,32,0.050421125,635,665483604,0.000000,0.000000
scalar/nested,1048576,4,32,0.050442959,634,665195553,0.000000,0.000000
scalar/nested,1048576,5,64,0.100176667,639,669905139,0.000000,0.000000
scalar/nested,1048576,6,32,0.050435375,634,665295579,0.000000,0.000000
scalar/comparison,1048576,0,32,0.050420417,635,665492949,0.000000,0.000000
scalar/comparison,1048576,1,32,0.050010542,640,670947177,0.000000,0.000000
scalar/comparison,1048576,2,32,0.050471917,634,664813900,0.000000,0.000000
scalar/comparison,1048576,3,32,0.050470083,634,664838059,0.000000,0.000000
scalar/comparison,1048576,4,32,0.050450916,634,665090640,0.000000,0.000000
scalar/comparison,1048576,5,32,0.050472583,634,664805128,0.000000,0.000000
scalar/comparison,1048576,6,32,0.050450625,634,665094476,0.000000,0.000000
scalar/strings,1048576,0,64,0.067542500,948,993579805,0.000000,0.000000
scalar/strings,1048576,1,64,0.067673916,946,991650372,0.000000,0.000000
scalar/strings,1048576,2,64,0.067676708,946,991609462,0.000000,0.000000
scalar/strings,1048576,3,64,0.067627334,946,992333425,0.000000,0.000000
scalar/strings,1048576,4,64,0.067649750,946,992004612,0.000000,0.000000
scalar/strings,1048576,5,64,0.067695541,945,991333595,0.000000,0.000000
scalar/strings,1048576,6,64,0.067099166,954,1000144532,0.000000,0.000000
scalar/boolean,1048576,0,32,0.050416000,635,665551254,0.000000,0.000000
scalar/boolean,1048576,1,64,0.100038125,640,670832885,0.000000,0.000000
scalar/boolean,1048576,2,32,0.050471792,634,664815547,0.000000,0.000000
scalar/boolean,1048576,3,32,0.050471000,634,664825979,0.000000,0.000000
scalar/boolean,1048576,4,32,0.050449458,634,665109861,0.000000,0.000000
scalar/boolean,1048576,5,32,0.050430083,635,665365393,0.000000,0.000000
scalar/boolean,1048576,6,32,0.050508750,634,664329091,0.000000,0.000000
scalar/missing,1048576,0,32,0.050559041,633,663668284,0.000000,0.000000
scalar/missing,1048576,1,32,0.050442542,634,665201052,0.000000,0.000000
scalar/missing,1048576,2,32,0.050437292,634,665270292,0.000000,0.000000
scalar/missing,1048576,3,32,0.050591916,633,663237028,0.000000,0.000000
scalar/missing,1048576,4,32,0.050420666,635,665489663,0.000000,0.000000
scalar/missing,1048576,5,32,0.050486875,634,664616933,0.000000,0.000000
scalar/missing,1048576,6,32,0.050083834,639,669965323,0.000000,0.000000
scalar/short_circuit,1048576,0,96,0.051608416,1860,1950520938,0.000000,0.000000
scalar/short_circuit,1048576,1,96,0.051620334,1860,1950070606,0.000000,0.000000
scalar/short_circuit,1048576,2,96,0.051547166,1862,1952838610,0.000000,0.000000
scalar/short_circuit,1048576,3,96,0.051611708,1860,1950396526,0.000000,0.000000
scalar/short_circuit,1048576,4,96,0.051067666,1880,1971174794,0.000000,0.000000
scalar/short_circuit,1048576,5,96,0.051640000,1859,1949327963,0.000000,0.000000
scalar/short_circuit,1048576,6,96,0.051594000,1861,1951065938,0.000000,0.000000
scalar/mixed,1048576,0,32,0.083360125,384,402523773,0.000000,0.000000
scalar/mixed,1048576,1,32,0.083764625,382,400579982,0.000000,0.000000
scalar/mixed,1048576,2,32,0.083640375,383,401175055,0.000000,0.000000
scalar/mixed,1048576,3,32,0.083696584,382,400905633,0.000000,0.000000
scalar/mixed,1048576,4,32,0.083719208,382,400797294,0.000000,0.000000
scalar/mixed,1048576,5,32,0.082906458,386,404726397,0.000000,0.000000
scalar/mixed,1048576,6,32,0.083766458,382,400571217,0.000000,0.000000
scalar/write,1048576,0,64,0.100357583,638,668697491,0.000000,0.000000
scalar/write,1048576,1,32,0.050418583,635,665517157,0.000000,0.000000
scalar/write,1048576,2,32,0.050490333,634,664571414,0.000000,0.000000
scalar/write,1048576,3,32,0.050415083,635,665563359,0.000000,0.000000
scalar/write,1048576,4,32,0.050473875,634,664788111,0.000000,0.000000
scalar/write,1048576,5,32,0.050469917,634,664840245,0.000000,0.000000
scalar/write,1048576,6,32,0.050219750,637,668152111,0.000000,0.000000
scalar/sequence_boolean,330,0,31552,0.050043625,630490,208061666,0.000000,0.000000
scalar/sequence_boolean,330,1,31456,0.050023791,628821,207510862,0.000000,0.000000
scalar/sequence_boolean,330,2,31552,0.050029875,630663,208118849,0.000000,0.000000
scalar/sequence_boolean,330,3,31552,0.050030917,630650,208114514,0.000000,0.000000
scalar/sequence_boolean,330,4,31520,0.050049250,629780,207827290,0.000000,0.000000
scalar/sequence_boolean,330,5,31520,0.050005250,630334,208010159,0.000000,0.000000
scalar/sequence_boolean,330,6,31552,0.050012084,630888,208192884,0.000000,0.000000
scalar/sequence_array_equality,330,0,22240,0.050035708,444483,146679248,0.000000,0.000000
scalar/sequence_array_equality,330,1,22304,0.050065875,445493,147012711,0.000000,0.000000
scalar/sequence_array_equality,330,2,22240,0.050043916,444410,146655190,0.000000,0.000000
scalar/sequence_array_equality,330,3,22272,0.050067000,444844,146798490,0.000000,0.000000
scalar/sequence_array_equality,330,4,22240,0.050047500,444378,146644688,0.000000,0.000000
scalar/sequence_array_equality,330,5,22272,0.050003542,445408,146984788,0.000000,0.000000
scalar/sequence_array_equality,330,6,22304,0.050061375,445533,147025926,0.000000,0.000000
scalar/sequence_equality,330,0,17504,0.050041375,349791,115430881,3.000000,672.000000
scalar/sequence_equality,330,1,17504,0.050075458,349552,115352315,3.000000,672.000000
scalar/sequence_equality,330,2,17568,0.050014875,351256,115914315,3.000000,672.000000
scalar/sequence_equality,330,3,17568,0.050037917,351094,115860938,3.000000,672.000000
scalar/sequence_equality,330,4,17600,0.050002292,351984,116154675,3.000000,672.000000
scalar/sequence_equality,330,5,17568,0.050016708,351243,115910067,3.000000,672.000000
scalar/sequence_equality,330,6,17568,0.050001583,351349,115945129,3.000000,672.000000
scalar/array_equality,330,0,15776,0.050079958,315016,103955359,16.000000,2752.000000
scalar/array_equality,330,1,15808,0.050003500,316138,104325497,16.000000,2752.000000
scalar/array_equality,330,2,15808,0.050030375,315968,104269456,16.000000,2752.000000
scalar/array_equality,330,3,15776,0.050054208,315178,104008838,16.000000,2752.000000
scalar/array_equality,330,4,15776,0.050089625,314955,103935296,16.000000,2752.000000
scalar/array_equality,330,5,15840,0.050051042,316477,104437386,16.000000,2752.000000
scalar/array_equality,330,6,15744,0.050078542,314386,103747429,16.000000,2752.000000
scalar/singleton,15,0,507008,0.050000542,10140050,152100751,0.000000,0.000000
scalar/singleton,15,1,510528,0.050002417,10210066,153150997,0.000000,0.000000
scalar/singleton,15,2,516416,0.050002000,10327907,154918603,0.000000,0.000000
scalar/singleton,15,3,515040,0.050002292,10300328,154504917,0.000000,0.000000
scalar/singleton,15,4,506656,0.050002875,10132537,151988061,0.000000,0.000000
scalar/singleton,15,5,506816,0.050001791,10135957,152039354,0.000000,0.000000
scalar/singleton,15,6,506848,0.050001917,10136571,152048570,0.000000,0.000000
scalar/sequence_type_error,330,0,48576,0.050005458,971414,320566607,0.000000,0.000000
scalar/sequence_type_error,330,1,48704,0.050015667,973775,321345710,0.000000,0.000000
scalar/sequence_type_error,330,2,48768,0.050009625,975172,321806852,0.000000,0.000000
scalar/sequence_type_error,330,3,48672,0.050006417,973315,321193978,0.000000,0.000000
scalar/sequence_type_error,330,4,48736,0.050021375,974303,321520150,0.000000,0.000000
scalar/sequence_type_error,330,5,48384,0.050028458,967130,319152751,0.000000,0.000000
scalar/sequence_type_error,330,6,48224,0.050013833,964213,318190369,0.000000,0.000000
scalar/object_equality,125,0,39200,0.050008166,783872,97983997,3.000000,1172.000000
scalar/object_equality,125,1,40992,0.050012458,819636,102454472,3.000000,1172.000000
scalar/object_equality,125,2,41088,0.050028041,821299,102662425,3.000000,1172.000000
scalar/object_equality,125,3,41120,0.050009167,822249,102781156,3.000000,1172.000000
scalar/object_equality,125,4,41376,0.050036750,826912,103364027,3.000000,1172.000000
scalar/object_equality,125,5,41376,0.050024541,827114,103389254,3.000000,1172.000000
scalar/object_equality,125,6,41504,0.050005791,829984,103747984,3.000000,1172.000000
scalar/object_equality,2389,0,2496,0.050549125,49378,117963348,7.000000,20884.000000
scalar/object_equality,2389,1,2464,0.050295750,48990,117037642,7.000000,20884.000000
scalar/object_equality,2389,2,2496,0.050184667,49736,118820037,7.000000,20884.000000
scalar/object_equality,2389,3,2528,0.050287417,50271,120097479,7.000000,20884.000000
scalar/object_equality,2389,4,2528,0.050151166,50408,120423760,7.000000,20884.000000
scalar/object_equality,2389,5,2528,0.050025083,50535,120727276,7.000000,20884.000000
scalar/object_equality,2389,6,2496,0.050378209,49545,118363557,7.000000,20884.000000
scalar/escaped_strings,26,0,632992,0.050002333,12659249,329140482,0.000000,0.000000
scalar/escaped_strings,26,1,640832,0.050002416,12816021,333216539,0.000000,0.000000
scalar/escaped_strings,26,2,638688,0.050000250,12773696,332116099,0.000000,0.000000
scalar/escaped_strings,26,3,641824,0.050001917,12835988,333735685,0.000000,0.000000
scalar/escaped_strings,26,4,643584,0.050002417,12871058,334647503,0.000000,0.000000
scalar/escaped_strings,26,5,639296,0.050002458,12785291,332417578,0.000000,0.000000
scalar/escaped_strings,26,6,641888,0.050002375,12837150,333765906,0.000000,0.000000
compile/filter,0,0,98048,0.050004000,1960803,0,20.000000,1235.000000
compile/filter,0,1,99360,0.050009042,1986841,0,20.000000,1235.000000
compile/filter,0,2,99232,0.050010042,1984241,0,20.000000,1235.000000
compile/filter,0,3,99520,0.050014958,1989805,0,20.000000,1235.000000
compile/filter,0,4,99872,0.050006375,1997185,0,20.000000,1235.000000
compile/filter,0,5,101184,0.050003166,2023552,0,20.000000,1235.000000
compile/filter,0,6,101376,0.050001375,2027464,0,20.000000,1235.000000
filter/predicate,100,0,118688,0.050000625,2373730,237373033,0.000000,0.000000
filter/predicate,100,1,117952,0.050010125,2358562,235856239,0.000000,0.000000
filter/predicate,100,2,118688,0.050007792,2373390,237339013,0.000000,0.000000
filter/predicate,100,3,118624,0.050008916,2372057,237205701,0.000000,0.000000
filter/predicate,100,4,118496,0.050011333,2369383,236938296,0.000000,0.000000
filter/predicate,100,5,118624,0.050013417,2371844,237184354,0.000000,0.000000
filter/predicate,100,6,118944,0.050007167,2378539,237853906,0.000000,0.000000
filter/none,100,0,133728,0.050003125,2674393,267439285,0.000000,0.000000
filter/none,100,1,134144,0.050003291,2682703,268270342,0.000000,0.000000
filter/none,100,2,134240,0.050008083,2684366,268436605,0.000000,0.000000
filter/none,100,3,134528,0.050011750,2689928,268992787,0.000000,0.000000
filter/none,100,4,134144,0.050006292,2682542,268254243,0.000000,0.000000
filter/none,100,5,134304,0.050006250,2685744,268574428,0.000000,0.000000
filter/none,100,6,132832,0.050010917,2656060,265606008,0.000000,0.000000
filter/first,100,0,161152,0.050004167,3222771,322277141,0.000000,0.000000
filter/first,100,1,164960,0.050003625,3298961,329896083,0.000000,0.000000
filter/first,100,2,165792,0.050005250,3315492,331549187,0.000000,0.000000
filter/first,100,3,163776,0.050000959,3275457,327545718,0.000000,0.000000
filter/first,100,4,166016,0.050008042,3319786,331978605,0.000000,0.000000
filter/first,100,5,161280,0.050004208,3225329,322532856,0.000000,0.000000
filter/first,100,6,164576,0.050001375,3291429,329142949,0.000000,0.000000
filter/last,100,0,142240,0.050000708,2844760,284475972,0.000000,0.000000
filter/last,100,1,142784,0.050009375,2855145,285514466,0.000000,0.000000
filter/last,100,2,143200,0.050006375,2863635,286363489,0.000000,0.000000
filter/last,100,3,142464,0.050006708,2848898,284889779,0.000000,0.000000
filter/last,100,4,142912,0.050010125,2857661,285766132,0.000000,0.000000
filter/last,100,5,143808,0.050002708,2876004,287600424,0.000000,0.000000
filter/last,100,6,143872,0.050004750,2877167,287716667,0.000000,0.000000
filter/computed_last,100,0,115808,0.050002834,2316029,231602873,0.000000,0.000000
filter/computed_last,100,1,116224,0.050004708,2324261,232426115,0.000000,0.000000
filter/computed_last,100,2,115808,0.050008375,2315772,231577211,0.000000,0.000000
filter/computed_last,100,3,115008,0.050007291,2299825,229982464,0.000000,0.000000
filter/computed_last,100,4,116160,0.050011875,2322648,232264837,0.000000,0.000000
filter/computed_last,100,5,115680,0.050009458,2313162,231316244,0.000000,0.000000
filter/computed_last,100,6,116832,0.050007750,2336278,233627788,0.000000,0.000000
filter/chained,100,0,88704,0.050004208,1773931,177393071,0.000000,0.000000
filter/chained,100,1,87520,0.050009084,1750082,175008205,0.000000,0.000000
filter/chained,100,2,87680,0.050015500,1753057,175305655,0.000000,0.000000
filter/chained,100,3,89664,0.050000666,1793256,179325611,0.000000,0.000000
filter/chained,100,4,89248,0.050015583,1784404,178440387,0.000000,0.000000
filter/chained,100,5,88864,0.050015042,1776745,177674548,0.000000,0.000000
filter/chained,100,6,87680,0.050005917,1753393,175339250,0.000000,0.000000
filter/predicate,500,0,59776,0.050024917,1194925,597462261,0.000000,0.000000
filter/predicate,500,1,59200,0.050018500,1183562,591781041,0.000000,0.000000
filter/predicate,500,2,59200,0.050006958,1183835,591917629,0.000000,0.000000
filter/predicate,500,3,58976,0.050013875,1179193,589596387,0.000000,0.000000
filter/predicate,500,4,59104,0.050019917,1181609,590804659,0.000000,0.000000
filter/predicate,500,5,59264,0.050016667,1184885,592442515,0.000000,0.000000
filter/predicate,500,6,59392,0.050018750,1187395,593697363,0.000000,0.000000
filter/none,500,0,62080,0.050006250,1241445,620722410,0.000000,0.000000
filter/none,500,1,61824,0.050002500,1236418,618209090,0.000000,0.000000
filter/none,500,2,62208,0.050013666,1243820,621910020,0.000000,0.000000
filter/none,500,3,61984,0.050010625,1239417,619708312,0.000000,0.000000
filter/none,500,4,62048,0.050005417,1240826,620412784,0.000000,0.000000
filter/none,500,5,62016,0.050003167,1240241,620120722,0.000000,0.000000
filter/none,500,6,62880,0.050000875,1257578,628788996,0.000000,0.000000
filter/first,500,0,69312,0.050016333,1385787,692893659,0.000000,0.000000
filter/first,500,1,69184,0.050009083,1383429,691714343,0.000000,0.000000
filter/first,500,2,69184,0.050010709,1383384,691691853,0.000000,0.000000
filter/first,500,3,68960,0.050003916,1379092,689545995,0.000000,0.000000
filter/first,500,4,68992,0.050013708,1379462,689730903,0.000000,0.000000
filter/first,500,5,69056,0.050006792,1380932,690466207,0.000000,0.000000
filter/first,500,6,69312,0.050006042,1386073,693036253,0.000000,0.000000
filter/last,500,0,64992,0.050008875,1299609,649804660,0.000000,0.000000
filter/last,500,1,64672,0.050008709,1293215,646607374,0.000000,0.000000
filter/last,500,2,64800,0.050002708,1295930,647964906,0.000000,0.000000
filter/last,500,3,64928,0.050013833,1298201,649100420,0.000000,0.000000
filter/last,500,4,64928,0.050010500,1298287,649143680,0.000000,0.000000
filter/last,500,5,65152,0.050011084,1302751,651375603,0.000000,0.000000
filter/last,500,6,65696,0.050003166,1313837,656918404,0.000000,0.000000
filter/computed_last,500,0,58464,0.050000250,1169274,584637077,0.000000,0.000000
filter/computed_last,500,1,58368,0.050033917,1166569,583284335,0.000000,0.000000
filter/computed_last,500,2,58688,0.050013042,1173454,586726958,0.000000,0.000000
filter/computed_last,500,3,58528,0.050024750,1169981,584990430,0.000000,0.000000
filter/computed_last,500,4,58848,0.050020708,1176473,588236376,0.000000,0.000000
filter/computed_last,500,5,58464,0.050025666,1168680,584340047,0.000000,0.000000
filter/computed_last,500,6,58784,0.050019250,1175228,587613769,0.000000,0.000000
filter/chained,500,0,50848,0.050031041,1016329,508164521,0.000000,0.000000
filter/chained,500,1,50752,0.050023625,1014561,507280310,0.000000,0.000000
filter/chained,500,2,50848,0.050019375,1016566,508283040,0.000000,0.000000
filter/chained,500,3,50496,0.050003459,1009850,504925069,0.000000,0.000000
filter/chained,500,4,50048,0.050010667,1000747,500373250,0.000000,0.000000
filter/chained,500,5,50720,0.050021125,1013972,506985799,0.000000,0.000000
filter/chained,500,6,51680,0.050014542,1033299,516649738,0.000000,0.000000
filter/predicate,1024,0,36160,0.050021750,722886,740234798,0.000000,0.000000
filter/predicate,1024,1,36160,0.050027791,722798,740145412,0.000000,0.000000
filter/predicate,1024,2,36256,0.050018042,724858,742255045,0.000000,0.000000
filter/predicate,1024,3,36256,0.050041458,724519,741907720,0.000000,0.000000
filter/predicate,1024,4,36000,0.050032875,719527,736795557,0.000000,0.000000
filter/predicate,1024,5,36128,0.050014167,722355,739691856,0.000000,0.000000
filter/predicate,1024,6,36128,0.050011417,722395,739732529,0.000000,0.000000
filter/none,1024,0,37472,0.050036041,748900,766873782,0.000000,0.000000
filter/none,1024,1,37504,0.050032125,749598,767588744,0.000000,0.000000
filter/none,1024,2,37472,0.050013709,749235,767216205,0.000000,0.000000
filter/none,1024,3,38112,0.050032917,761739,780020241,0.000000,0.000000
filter/none,1024,4,37568,0.050022833,751017,769041450,0.000000,0.000000
filter/none,1024,5,37568,0.050008333,751235,769264434,0.000000,0.000000
filter/none,1024,6,37408,0.050037250,747603,765545509,0.000000,0.000000
filter/first,1024,0,39648,0.050039208,792339,811354808,0.000000,0.000000
filter/first,1024,1,39776,0.050037292,794927,814005362,0.000000,0.000000
filter/first,1024,2,40128,0.050036125,801981,821228103,0.000000,0.000000
filter/first,1024,3,39776,0.050016958,795250,814336290,0.000000,0.000000
filter/first,1024,4,39744,0.050020042,794562,813630984,0.000000,0.000000
filter/first,1024,5,39712,0.050003042,794192,813252282,0.000000,0.000000
filter/first,1024,6,39744,0.050014750,794646,813717073,0.000000,0.000000
filter/last,1024,0,38208,0.050001542,764136,782475708,0.000000,0.000000
filter/last,1024,1,38304,0.050025833,765684,784060827,0.000000,0.000000
filter/last,1024,2,38176,0.050015834,763278,781596964,0.000000,0.000000
filter/last,1024,3,38208,0.050005583,764075,782412476,0.000000,0.000000
filter/last,1024,4,38912,0.050006750,778135,796810191,0.000000,0.000000
filter/last,1024,5,38336,0.050002666,766679,785079420,0.000000,0.000000
filter/last,1024,6,38176,0.050012292,763332,781652319,0.000000,0.000000
filter/computed_last,1024,0,35840,0.050034209,716310,733501353,0.000000,0.000000
filter/computed_last,1024,1,36064,0.050007542,721171,738479328,0.000000,0.000000
filter/computed_last,1024,2,35872,0.050000875,717427,734645704,0.000000,0.000000
filter/computed_last,1024,3,35840,0.050029041,716384,733577124,0.000000,0.000000
filter/computed_last,1024,4,35840,0.050007750,716689,733889447,0.000000,0.000000
filter/computed_last,1024,5,35808,0.050015541,715937,733119972,0.000000,0.000000
filter/computed_last,1024,6,35840,0.050043583,716176,733363956,0.000000,0.000000
filter/chained,1024,0,33056,0.050019375,660864,676724649,0.000000,0.000000
filter/chained,1024,1,33440,0.050046125,668184,684220007,0.000000,0.000000
filter/chained,1024,2,32512,0.050000417,650235,665840207,0.000000,0.000000
filter/chained,1024,3,32736,0.050042666,654162,669861674,0.000000,0.000000
filter/chained,1024,4,32672,0.050020167,653177,668852785,0.000000,0.000000
filter/chained,1024,5,32800,0.050019834,655740,671477638,0.000000,0.000000
filter/chained,1024,6,32704,0.050017333,653853,669545815,0.000000,0.000000
filter/predicate,10240,0,4704,0.050195125,93714,959634227,0.000000,0.000000
filter/predicate,10240,1,4704,0.050297584,93523,957679399,0.000000,0.000000
filter/predicate,10240,2,4704,0.050297709,93523,957677019,0.000000,0.000000
filter/predicate,10240,3,4704,0.050121292,93852,961047852,0.000000,0.000000
filter/predicate,10240,4,4704,0.050331500,93460,957034064,0.000000,0.000000
filter/predicate,10240,5,4704,0.050340917,93443,956855037,0.000000,0.000000
filter/predicate,10240,6,4704,0.050327875,93467,957102997,0.000000,0.000000
filter/none,10240,0,4704,0.050108375,93877,961295592,0.000000,0.000000
filter/none,10240,1,4768,0.050246750,94892,971691104,0.000000,0.000000
filter/none,10240,2,4704,0.050108292,93877,961297184,0.000000,0.000000
filter/none,10240,3,4704,0.050144750,93808,960598268,0.000000,0.000000
filter/none,10240,4,4704,0.050122417,93850,961026281,0.000000,0.000000
filter/none,10240,5,4704,0.050136708,93823,960752349,0.000000,0.000000
filter/none,10240,6,4704,0.050133333,93830,960817028,0.000000,0.000000
filter/first,10240,0,4768,0.050313000,94767,970411623,0.000000,0.000000
filter/first,10240,1,4736,0.050070583,94586,968565515,0.000000,0.000000
filter/first,10240,2,4736,0.050125667,94483,967501141,0.000000,0.000000
filter/first,10240,3,4736,0.050171125,94397,966624528,0.000000,0.000000
filter/first,10240,4,4736,0.050159667,94418,966845334,0.000000,0.000000
filter/first,10240,5,4736,0.050153042,94431,966973050,0.000000,0.000000
filter/first,10240,6,4736,0.050122292,94489,967566288,0.000000,0.000000
filter/last,10240,0,4736,0.050312417,94132,963909963,0.000000,0.000000
filter/last,10240,1,4704,0.050000625,94079,963367158,0.000000,0.000000
filter/last,10240,2,4800,0.050302334,95423,977131598,0.000000,0.000000
filter/last,10240,3,4736,0.050215375,94314,965772734,0.000000,0.000000
filter/last,10240,4,4736,0.050331750,94096,963539714,0.000000,0.000000
filter/last,10240,5,4736,0.050325541,94107,963658592,0.000000,0.000000
filter/last,10240,6,4736,0.050323625,94111,963695282,0.000000,0.000000
filter/computed_last,10240,0,4704,0.050030250,94023,962796708,0.000000,0.000000
filter/computed_last,10240,1,4704,0.050288916,93539,957844468,0.000000,0.000000
filter/computed_last,10240,2,4672,0.050006791,93427,956695662,0.000000,0.000000
filter/computed_last,10240,3,4704,0.050331250,93461,957038818,0.000000,0.000000
filter/computed_last,10240,4,4672,0.050102041,93250,954876868,0.000000,0.000000
filter/computed_last,10240,5,4672,0.050024750,93394,956352206,0.000000,0.000000
filter/computed_last,10240,6,4672,0.050009708,93422,956639859,0.000000,0.000000
filter/chained,10240,0,4672,0.050119583,93217,954542659,0.000000,0.000000
filter/chained,10240,1,4640,0.050261541,92317,945327164,0.000000,0.000000
filter/chained,10240,2,4640,0.050235291,92365,945821136,0.000000,0.000000
filter/chained,10240,3,4640,0.050258875,92322,945377309,0.000000,0.000000
filter/chained,10240,4,4640,0.050234708,92366,945832113,0.000000,0.000000
filter/chained,10240,5,4640,0.050271917,92298,945132051,0.000000,0.000000
filter/chained,10240,6,4640,0.050221167,92391,946087135,0.000000,0.000000
filter/predicate,65536,0,768,0.051042000,15046,986082990,0.000000,0.000000
filter/predicate,65536,1,768,0.051038000,15048,986160273,0.000000,0.000000
filter/predicate,65536,2,768,0.050895834,15090,988914888,0.000000,0.000000
filter/predicate,65536,3,768,0.051109791,15026,984775070,0.000000,0.000000
filter/predicate,65536,4,768,0.051073167,15037,985481241,0.000000,0.000000
filter/predicate,65536,5,768,0.051057292,15042,985787652,0.000000,0.000000
filter/predicate,65536,6,768,0.051154583,15013,983912781,0.000000,0.000000
filter/none,65536,0,768,0.050340750,15256,999819192,0.000000,0.000000
filter/none,65536,1,768,0.050614042,15174,994420639,0.000000,0.000000
filter/none,65536,2,768,0.050984625,15063,987192668,0.000000,0.000000
filter/none,65536,3,768,0.051049875,15044,985930876,0.000000,0.000000
filter/none,65536,4,768,0.050966917,15069,987535660,0.000000,0.000000
filter/none,65536,5,768,0.050992333,15061,987043444,0.000000,0.000000
filter/none,65536,6,768,0.051001709,15058,986861989,0.000000,0.000000
filter/first,65536,0,768,0.050547875,15194,995722333,0.000000,0.000000
filter/first,65536,1,768,0.050969458,15068,987486428,0.000000,0.000000
filter/first,65536,2,768,0.050953916,15072,987787631,0.000000,0.000000
filter/first,65536,3,768,0.050911917,15085,988602492,0.000000,0.000000
filter/first,65536,4,768,0.050926709,15080,988315345,0.000000,0.000000
filter/first,65536,5,768,0.050913708,15084,988567715,0.000000,0.000000
filter/first,65536,6,768,0.050936041,15078,988134276,0.000000,0.000000
filter/last,65536,0,768,0.050981375,15064,987255601,0.000000,0.000000
filter/last,65536,1,768,0.050578334,15184,995122694,0.000000,0.000000
filter/last,65536,2,768,0.050546625,15194,995746956,0.000000,0.000000
filter/last,65536,3,768,0.051182458,15005,983376922,0.000000,0.000000
filter/last,65536,4,768,0.051005375,15057,986791059,0.000000,0.000000
filter/last,65536,5,768,0.051021333,15053,986482419,0.000000,0.000000
filter/last,65536,6,768,0.050965542,15069,987562302,0.000000,0.000000
filter/computed_last,65536,0,768,0.050749750,15133,991761496,0.000000,0.000000
filter/computed_last,65536,1,768,0.051094500,15031,985069782,0.000000,0.000000
filter/computed_last,65536,2,768,0.051034292,15049,986231924,0.000000,0.000000
filter/computed_last,65536,3,768,0.051059000,15041,985754676,0.000000,0.000000
filter/computed_last,65536,4,768,0.051032041,15049,986275426,0.000000,0.000000
filter/computed_last,65536,5,768,0.051079334,15035,985362260,0.000000,0.000000
filter/computed_last,65536,6,768,0.051053000,15043,985870527,0.000000,0.000000
filter/chained,65536,0,768,0.050381750,15244,999005553,0.000000,0.000000
filter/chained,65536,1,768,0.051099292,15030,984977404,0.000000,0.000000
filter/chained,65536,2,768,0.051135541,15019,984279173,0.000000,0.000000
filter/chained,65536,3,768,0.051075708,15037,985432214,0.000000,0.000000
filter/chained,65536,4,768,0.051201875,14999,983004001,0.000000,0.000000
filter/chained,65536,5,768,0.051123125,15023,984518219,0.000000,0.000000
filter/chained,65536,6,768,0.051131708,15020,984352958,0.000000,0.000000
filter/predicate,1048576,0,64,0.067305167,951,997083389,0.000000,0.000000
filter/predicate,1048576,1,64,0.067707667,945,991156053,0.000000,0.000000
filter/predicate,1048576,2,64,0.067589500,947,992888895,0.000000,0.000000
filter/predicate,1048576,3,64,0.067641958,946,992118886,0.000000,0.000000
filter/predicate,1048576,4,64,0.067323125,951,996817423,0.000000,0.000000
filter/predicate,1048576,5,64,0.067596916,947,992779966,0.000000,0.000000
filter/predicate,1048576,6,64,0.067654250,946,991938629,0.000000,0.000000
filter/none,1048576,0,64,0.067616291,947,992495492,0.000000,0.000000
filter/none,1048576,1,64,0.067364875,950,996199637,0.000000,0.000000
filter/none,1048576,2,64,0.067608292,947,992612918,0.000000,0.000000
filter/none,1048576,3,64,0.067791625,944,989928535,0.000000,0.000000
filter/none,1048576,4,64,0.067599292,947,992745072,0.000000,0.000000
filter/none,1048576,5,64,0.067621417,946,992420256,0.000000,0.000000
filter/none,1048576,6,64,0.067691667,945,991390329,0.000000,0.000000
filter/first,1048576,0,64,0.067645834,946,992062039,0.000000,0.000000
filter/first,1048576,1,64,0.067630167,946,992291857,0.000000,0.000000
filter/first,1048576,2,64,0.067615833,947,992502215,0.000000,0.000000
filter/first,1048576,3,64,0.067387333,950,995867636,0.000000,0.000000
filter/first,1048576,4,64,0.067569334,947,993185222,0.000000,0.000000
filter/first,1048576,5,64,0.068473042,935,980077152,0.000000,0.000000
filter/first,1048576,6,64,0.067659416,946,991862892,0.000000,0.000000
filter/last,1048576,0,64,0.067315042,951,996937118,0.000000,0.000000
filter/last,1048576,1,64,0.067539375,948,993625778,0.000000,0.000000
filter/last,1048576,2,64,0.067669458,946,991715701,0.000000,0.000000
filter/last,1048576,3,64,0.067731958,945,990800591,0.000000,0.000000
filter/last,1048576,4,64,0.067660042,946,991853715,0.000000,0.000000
filter/last,1048576,5,64,0.067757500,945,990427097,0.000000,0.000000
filter/last,1048576,6,64,0.067648208,946,992027224,0.000000,0.000000
filter/computed_last,1048576,0,64,0.067753125,945,990491051,0.000000,0.000000
filter/computed_last,1048576,1,64,0.067608917,947,992603742,0.000000,0.000000
filter/computed_last,1048576,2,64,0.067666792,946,991754774,0.000000,0.000000
filter/computed_last,1048576,3,64,0.067133458,953,999633655,0.000000,0.000000
filter/computed_last,1048576,4,64,0.067904958,942,988276349,0.000000,0.000000
filter/computed_last,1048576,5,64,0.067537584,948,993652127,0.000000,0.000000
filter/computed_last,1048576,6,64,0.067772083,944,990213979,0.000000,0.000000
filter/chained,1048576,0,64,0.067856333,943,988984536,0.000000,0.000000
filter/chained,1048576,1,64,0.067898709,943,988367305,0.000000,0.000000
filter/chained,1048576,2,64,0.067053209,954,1000830012,0.000000,0.000000
filter/chained,1048576,3,64,0.067903459,943,988298166,0.000000,0.000000
filter/chained,1048576,4,64,0.067865000,943,988858233,0.000000,0.000000
filter/chained,1048576,5,64,0.067928708,942,987930817,0.000000,0.000000
filter/chained,1048576,6,64,0.069151292,926,970464355,0.000000,0.000000
filter/wide_predicate,164,0,34176,0.050001458,683500,112094011,0.000000,0.000000
filter/wide_predicate,164,1,34208,0.050023958,683832,112148503,0.000000,0.000000
filter/wide_predicate,164,2,34336,0.050041833,686146,112527932,0.000000,0.000000
filter/wide_predicate,164,3,34336,0.050036750,686216,112539364,0.000000,0.000000
filter/wide_predicate,164,4,34496,0.050023708,689593,113093256,0.000000,0.000000
filter/wide_predicate,164,5,34048,0.050037000,680456,111594860,0.000000,0.000000
filter/wide_predicate,164,6,33984,0.050013417,679498,111437617,0.000000,0.000000
filter/wide_last,164,0,63040,0.050015459,1260410,206707290,0.000000,0.000000
filter/wide_last,164,1,62560,0.050002292,1251143,205187394,0.000000,0.000000
filter/wide_last,164,2,63744,0.050020208,1274365,208995852,0.000000,0.000000
filter/wide_last,164,3,63744,0.050009500,1274638,209040602,0.000000,0.000000
filter/wide_last,164,4,63488,0.050012334,1269447,208189284,0.000000,0.000000
filter/wide_last,164,5,63680,0.050001750,1273555,208863090,0.000000,0.000000
filter/wide_last,164,6,62240,0.050005917,1244653,204123044,0.000000,0.000000
filter/sequence_last,164,0,31072,0.050007250,621350,101901384,0.000000,0.000000
filter/sequence_last,164,1,31296,0.050000209,625917,102650451,0.000000,0.000000
filter/sequence_last,164,2,31360,0.050016709,626990,102826437,0.000000,0.000000
filter/sequence_last,164,3,32032,0.050000042,640639,105064872,0.000000,0.000000
filter/sequence_last,164,4,31968,0.050003542,639315,104847613,0.000000,0.000000
filter/sequence_last,164,5,31936,0.050035417,638268,104675934,0.000000,0.000000
filter/sequence_last,164,6,32096,0.050007791,641820,105258479,0.000000,0.000000
filter/wide_predicate,2736,0,2240,0.050328875,44507,121771846,0.000000,0.000000
filter/wide_predicate,2736,1,2176,0.050602541,43002,117652906,0.000000,0.000000
filter/wide_predicate,2736,2,2016,0.050579292,39858,109052060,0.000000,0.000000
filter/wide_predicate,2736,3,2208,0.050438125,43776,119772256,0.000000,0.000000
filter/wide_predicate,2736,4,2208,0.050173125,44008,120404858,0.000000,0.000000
filter/wide_predicate,2736,5,2272,0.050523834,44969,123034843,0.000000,0.000000
filter/wide_predicate,2736,6,2240,0.050476708,44377,121415208,0.000000,0.000000
filter/wide_last,2736,0,4480,0.050103916,89414,244637166,0.000000,0.000000
filter/wide_last,2736,1,4576,0.050283084,91005,248989024,0.000000,0.000000
filter/wide_last,2736,2,4544,0.050034708,90817,248475198,0.000000,0.000000
filter/wide_last,2736,3,4672,0.050292375,92897,254165607,0.000000,0.000000
filter/wide_last,2736,4,4672,0.050210292,93049,254581113,0.000000,0.000000
filter/wide_last,2736,5,4672,0.050039041,93367,255452378,0.000000,0.000000
filter/wide_last,2736,6,4672,0.050187375,93091,254697362,0.000000,0.000000
filter/sequence_last,2736,0,2368,0.050190750,47180,129084503,0.000000,0.000000
filter/sequence_last,2736,1,2368,0.050168417,47201,129141966,0.000000,0.000000
filter/sequence_last,2736,2,2368,0.050174333,47195,129126739,0.000000,0.000000
filter/sequence_last,2736,3,2368,0.050281542,47095,128851418,0.000000,0.000000
filter/sequence_last,2736,4,2368,0.050163375,47206,129154946,0.000000,0.000000
filter/sequence_last,2736,5,2336,0.050005708,46715,127811329,0.000000,0.000000
filter/sequence_last,2736,6,2304,0.050382750,45730,125117109,0.000000,0.000000
filter/wide_predicate,23392,0,288,0.052115667,5526,129268153,0.000000,0.000000
filter/wide_predicate,23392,1,288,0.052028625,5535,129484414,0.000000,0.000000
filter/wide_predicate,23392,2,288,0.052601625,5475,128073914,0.000000,0.000000
filter/wide_predicate,23392,3,288,0.052906250,5444,127336487,0.000000,0.000000
filter/wide_predicate,23392,4,288,0.053132166,5420,126795057,0.000000,0.000000
filter/wide_predicate,23392,5,288,0.053475333,5386,125981375,0.000000,0.000000
filter/wide_predicate,23392,6,288,0.051840375,5556,129954615,0.000000,0.000000
filter/wide_last,23392,0,608,0.051966750,11700,273681460,0.000000,0.000000
filter/wide_last,23392,1,576,0.050959292,11303,264403045,0.000000,0.000000
filter/wide_last,23392,2,576,0.051017417,11290,264101807,0.000000,0.000000
filter/wide_last,23392,3,576,0.050958583,11303,264406724,0.000000,0.000000
filter/wide_last,23392,4,576,0.051027709,11288,264048539,0.000000,0.000000
filter/wide_last,23392,5,576,0.052224834,11029,257995880,0.000000,0.000000
filter/wide_last,23392,6,576,0.050320458,11447,267759725,0.000000,0.000000
filter/sequence_last,23392,0,320,0.054762958,5843,136688015,0.000000,0.000000
filter/sequence_last,23392,1,288,0.050323459,5723,133871879,0.000000,0.000000
filter/sequence_last,23392,2,288,0.051629708,5578,130484875,0.000000,0.000000
filter/sequence_last,23392,3,320,0.053697708,5959,139399618,0.000000,0.000000
filter/sequence_last,23392,4,320,0.053343500,5999,140325250,0.000000,0.000000
filter/sequence_last,23392,5,320,0.053296375,6004,140449327,0.000000,0.000000
filter/sequence_last,23392,6,320,0.053396833,5993,140185093,0.000000,0.000000
filter/nested,892,0,4480,0.050157958,89318,79671505,0.000000,0.000000
filter/nested,892,1,4512,0.050308125,89687,80001073,0.000000,0.000000
filter/nested,892,2,4480,0.050042000,89525,79856121,0.000000,0.000000
filter/nested,892,3,4512,0.050301042,89700,80012339,0.000000,0.000000
filter/nested,892,4,4512,0.050146875,89976,80258321,0.000000,0.000000
filter/nested,892,5,4480,0.050187667,89265,79624343,0.000000,0.000000
filter/nested,892,6,4480,0.050199792,89243,79605111,0.000000,0.000000
filter/per_group,892,0,5952,0.050188834,118592,105784167,0.000000,0.000000
filter/per_group,892,1,6048,0.050240958,120380,107378844,0.000000,0.000000
filter/per_group,892,2,5984,0.050061583,119533,106623236,0.000000,0.000000
filter/per_group,892,3,6080,0.050228334,121047,107974117,0.000000,0.000000
filter/per_group,892,4,6016,0.050046916,120207,107224829,0.000000,0.000000
filter/per_group,892,5,5856,0.050067541,116962,104330109,0.000000,0.000000
filter/per_group,892,6,5408,0.050193083,107744,96107585,0.000000,0.000000
filter/global,892,0,8608,0.050124250,171733,153186053,0.000000,0.000000
filter/global,892,1,8544,0.050184958,170250,151863194,0.000000,0.000000
filter/global,892,2,8608,0.050150417,171644,153106125,0.000000,0.000000
filter/global,892,3,8576,0.050035625,171398,152886908,0.000000,0.000000
filter/global,892,4,8672,0.050014542,173390,154663498,0.000000,0.000000
filter/global,892,5,8640,0.050084792,172507,153876650,0.000000,0.000000
filter/global,892,6,8672,0.050063792,173219,154511348,0.000000,0.000000
filter/deep,136,0,4000,0.050166875,79734,10843809,0.000000,0.000000
filter/deep,136,1,4000,0.050201041,79680,10836429,0.000000,0.000000
filter/deep,136,2,4032,0.050295375,80166,10902633,0.000000,0.000000
filter/deep,136,3,4000,0.050154208,79754,10846548,0.000000,0.000000
filter/deep,136,4,4000,0.050225875,79640,10831071,0.000000,0.000000
filter/deep,136,5,4000,0.050161125,79743,10845052,0.000000,0.000000
filter/deep,136,6,4032,0.050225250,80278,10917855,0.000000,0.000000
filter/negative_chain,20,0,5056,0.050314000,100489,2009779,0.000000,0.000000
filter/negative_chain,20,1,5024,0.050058416,100363,2007255,0.000000,0.000000
filter/negative_chain,20,2,5024,0.050009458,100461,2009220,0.000000,0.000000
filter/negative_chain,20,3,5056,0.050093708,100931,2018617,0.000000,0.000000
filter/negative_chain,20,4,5056,0.050203459,100710,2014204,0.000000,0.000000
filter/negative_chain,20,5,5024,0.050217625,100045,2000891,0.000000,0.000000
filter/negative_chain,20,6,5024,0.050004500,100471,2009419,0.000000,0.000000
