workload,input_bytes,sample,records,seconds,records_per_second,input_bytes_per_second,allocations_per_record,allocated_bytes_per_record
compile,0,0,158208,0.050002792,3163983,0,8.000000,498.000000
compile,0,1,293728,0.050004709,5874007,0,8.000000,498.000000
compile,0,2,319776,0.050002875,6395152,0,8.000000,498.000000
compile,0,3,319648,0.050002792,6392603,0,8.000000,498.000000
compile,0,4,320576,0.050001000,6411392,0,8.000000,498.000000
compile,0,5,319712,0.050002875,6393872,0,8.000000,498.000000
compile,0,6,313472,0.050004791,6268839,0,8.000000,498.000000
ascii/validate,100,0,604736,0.050000792,12094528,1209452842,0.000000,0.000000
ascii/validate,100,1,604160,0.050001625,12082807,1208280731,0.000000,0.000000
ascii/validate,100,2,607840,0.050001292,12156486,1215648588,0.000000,0.000000
ascii/validate,100,3,613888,0.050001792,12277320,1227731998,0.000000,0.000000
ascii/validate,100,4,606624,0.050001833,12132035,1213203524,0.000000,0.000000
ascii/validate,100,5,594464,0.050001583,11888904,1188890360,0.000000,0.000000
ascii/validate,100,6,607744,0.050002458,12154282,1215428250,0.000000,0.000000
ascii/identity,100,0,593152,0.050001000,11862803,1186280274,0.000000,0.000000
ascii/identity,100,1,592224,0.050001625,11844095,1184409507,0.000000,0.000000
ascii/identity,100,2,593280,0.050002500,11865007,1186500675,0.000000,0.000000
ascii/identity,100,3,592128,0.050002250,11842027,1184202711,0.000000,0.000000
ascii/identity,100,4,599488,0.050001167,11989480,1198948017,0.000000,0.000000
ascii/identity,100,5,601536,0.050002292,12030169,1203016854,0.000000,0.000000
ascii/identity,100,6,600192,0.050001792,12003410,1200340980,0.000000,0.000000
ascii/shallow,100,0,517920,0.050001250,10358141,1035814105,0.000000,0.000000
ascii/shallow,100,1,515872,0.050001458,10317139,1031713915,0.000000,0.000000
ascii/shallow,100,2,515744,0.050000667,10314742,1031474240,0.000000,0.000000
ascii/shallow,100,3,515648,0.050000625,10312831,1031283109,0.000000,0.000000
ascii/shallow,100,4,515424,0.050002000,10308068,1030806768,0.000000,0.000000
ascii/shallow,100,5,490784,0.050001292,9815426,981542637,0.000000,0.000000
ascii/shallow,100,6,501600,0.050001625,10031674,1003167397,0.000000,0.000000
ascii/nested,100,0,497056,0.050002250,9940673,994067267,0.000000,0.000000
ascii/nested,100,1,502336,0.050000625,10046594,1004659442,0.000000,0.000000
ascii/nested,100,2,504896,0.050001792,10097558,1009755810,0.000000,0.000000
ascii/nested,100,3,506368,0.050000875,10127183,1012718277,0.000000,0.000000
ascii/nested,100,4,497248,0.050001958,9944571,994457057,0.000000,0.000000
ascii/nested,100,5,501120,0.050002625,10021874,1002187385,0.000000,0.000000
ascii/nested,100,6,505792,0.050002834,10115267,1011526667,0.000000,0.000000
ascii/missing,100,0,516544,0.050000500,10330777,1033077669,0.000000,0.000000
ascii/missing,100,1,506720,0.050000583,10134282,1013428183,0.000000,0.000000
ascii/missing,100,2,533888,0.050003041,10677111,1067711062,0.000000,0.000000
ascii/missing,100,3,519616,0.050000084,10392303,1039230254,0.000000,0.000000
ascii/missing,100,4,527808,0.050002042,10555729,1055572890,0.000000,0.000000
ascii/missing,100,5,534176,0.050001000,10683306,1068330633,0.000000,0.000000
ascii/missing,100,6,536224,0.050001792,10724096,1072409565,0.000000,0.000000
ascii/array_value,100,0,527328,0.050002584,10546015,1054601498,0.000000,0.000000
ascii/array_value,100,1,529216,0.050000625,10584188,1058418770,0.000000,0.000000
ascii/array_value,100,2,529600,0.050001208,10591744,1059174410,0.000000,0.000000
ascii/array_value,100,3,531104,0.050000417,10621991,1062199141,0.000000,0.000000
ascii/array_value,100,4,528000,0.050002416,10559490,1055948977,0.000000,0.000000
ascii/array_value,100,5,524320,0.050002042,10485972,1048597175,0.000000,0.000000
ascii/array_value,100,6,524736,0.050001208,10494466,1049446645,0.000000,0.000000
ascii/identity_write,100,0,316256,0.050001125,6324978,632497769,0.000000,0.000000
ascii/identity_write,100,1,317056,0.050003500,6340676,634067615,0.000000,0.000000
ascii/identity_write,100,2,318208,0.050002500,6363842,636384181,0.000000,0.000000
ascii/identity_write,100,3,317440,0.050003167,6348398,634839789,0.000000,0.000000
ascii/identity_write,100,4,313920,0.050001416,6278222,627822220,0.000000,0.000000
ascii/identity_write,100,5,314304,0.050003958,6285582,628558243,0.000000,0.000000
ascii/identity_write,100,6,313312,0.050003291,6265828,626582758,0.000000,0.000000
ascii/validate,500,0,169568,0.050003667,3391111,1695555648,0.000000,0.000000
ascii/validate,500,1,169536,0.050000667,3390675,1695337384,0.000000,0.000000
ascii/validate,500,2,172128,0.050007834,3442021,1721010352,0.000000,0.000000
ascii/validate,500,3,168224,0.050000667,3364435,1682217559,0.000000,0.000000
ascii/validate,500,4,168288,0.050003792,3365505,1682752380,0.000000,0.000000
ascii/validate,500,5,168448,0.050004375,3368665,1684332621,0.000000,0.000000
ascii/validate,500,6,168800,0.050007500,3375494,1687746838,0.000000,0.000000
ascii/identity,500,0,166912,0.050008542,3337670,1668834896,0.000000,0.000000
ascii/identity,500,1,167168,0.050003167,3343148,1671574122,0.000000,0.000000
ascii/identity,500,2,166336,0.050000917,3326659,1663329495,0.000000,0.000000
ascii/identity,500,3,167520,0.050001542,3350297,1675148338,0.000000,0.000000
ascii/identity,500,4,168064,0.050003334,3361056,1680527942,0.000000,0.000000
ascii/identity,500,5,167680,0.050002083,3353460,1676730147,0.000000,0.000000
ascii/identity,500,6,168192,0.050003666,3363593,1681796691,0.000000,0.000000
ascii/shallow,500,0,158976,0.050005084,3179197,1589598370,0.000000,0.000000
ascii/shallow,500,1,163424,0.050006709,3268041,1634020747,0.000000,0.000000
ascii/shallow,500,2,161248,0.050001084,3224890,1612445042,0.000000,0.000000
ascii/shallow,500,3,161664,0.050002834,3233097,1616548374,0.000000,0.000000
ascii/shallow,500,4,162144,0.050000750,3242831,1621415679,0.000000,0.000000
ascii/shallow,500,5,162080,0.050006459,3241181,1620590652,0.000000,0.000000
ascii/shallow,500,6,161248,0.050007166,3224498,1612248932,0.000000,0.000000
ascii/nested,500,0,162112,0.050006750,3241802,1620901178,0.000000,0.000000
ascii/nested,500,1,159680,0.050001917,3193478,1596738781,0.000000,0.000000
ascii/nested,500,2,160128,0.050008291,3202029,1601014520,0.000000,0.000000
ascii/nested,500,3,159616,0.050004667,3192022,1596011028,0.000000,0.000000
ascii/nested,500,4,160224,0.050002125,3204344,1602171908,0.000000,0.000000
ascii/nested,500,5,160512,0.050008250,3209710,1604855199,0.000000,0.000000
ascii/nested,500,6,160448,0.050003292,3208749,1604374368,0.000000,0.000000
ascii/missing,500,0,162368,0.050001208,3247282,1623640773,0.000000,0.000000
ascii/missing,500,1,160416,0.050007667,3207828,1603914056,0.000000,0.000000
ascii/missing,500,2,161280,0.050001500,3225503,1612751617,0.000000,0.000000
ascii/missing,500,3,161120,0.050002542,3222236,1611118091,0.000000,0.000000
ascii/missing,500,4,161088,0.050004750,3221454,1610726981,0.000000,0.000000
ascii/missing,500,5,162112,0.050007167,3241775,1620887662,0.000000,0.000000
ascii/missing,500,6,161440,0.050007417,3228321,1614160555,0.000000,0.000000
ascii/array_value,500,0,161056,0.050007417,3220642,1610321125,0.000000,0.000000
ascii/array_value,500,1,161568,0.050007292,3230889,1615444404,0.000000,0.000000
ascii/array_value,500,2,161568,0.050006959,3230910,1615455161,0.000000,0.000000
ascii/array_value,500,3,161760,0.050007959,3234685,1617342551,0.000000,0.000000
ascii/array_value,500,4,161344,0.050002917,3226692,1613345877,0.000000,0.000000
ascii/array_value,500,5,161376,0.050007209,3227055,1613527362,0.000000,0.000000
ascii/array_value,500,6,160640,0.050000792,3212749,1606374555,0.000000,0.000000
ascii/identity_write,500,0,75744,0.050009208,1514601,757300536,0.000000,0.000000
ascii/identity_write,500,1,75424,0.050008667,1508219,754109283,0.000000,0.000000
ascii/identity_write,500,2,75520,0.050011458,1510054,755026978,0.000000,0.000000
ascii/identity_write,500,3,76032,0.050014000,1520214,760107170,0.000000,0.000000
ascii/identity_write,500,4,75584,0.050012583,1511300,755649833,0.000000,0.000000
ascii/identity_write,500,5,75808,0.050010667,1515837,757918306,0.000000,0.000000
ascii/identity_write,500,6,75904,0.050016792,1517570,758785170,0.000000,0.000000
ascii/validate,1024,0,88288,0.050009833,1765413,1807782721,0.000000,0.000000
ascii/validate,1024,1,88704,0.050002083,1774006,1816582241,0.000000,0.000000
ascii/validate,1024,2,88224,0.050014084,1763983,1806318716,0.000000,0.000000
ascii/validate,1024,3,88704,0.050007042,1773830,1816402098,0.000000,0.000000
ascii/validate,1024,4,88672,0.050016417,1772858,1815406489,0.000000,0.000000
ascii/validate,1024,5,88480,0.050016916,1769002,1811457548,0.000000,0.000000
ascii/validate,1024,6,88640,0.050004541,1772639,1815182345,0.000000,0.000000
ascii/identity,1024,0,88352,0.050002500,1766952,1809358492,0.000000,0.000000
ascii/identity,1024,1,88864,0.050009708,1776935,1819581430,0.000000,0.000000
ascii/identity,1024,2,88384,0.050004416,1767524,1809944466,0.000000,0.000000
ascii/identity,1024,3,88192,0.050002459,1763753,1806083337,0.000000,0.000000
ascii/identity,1024,4,88384,0.050008500,1767380,1809796655,0.000000,0.000000
ascii/identity,1024,5,88288,0.050010125,1765403,1807772166,0.000000,0.000000
ascii/identity,1024,6,87904,0.050016959,1757484,1799663510,0.000000,0.000000
ascii/shallow,1024,0,86432,0.050009875,1728299,1769777829,0.000000,0.000000
ascii/shallow,1024,1,86304,0.050014041,1725595,1767009708,0.000000,0.000000
ascii/shallow,1024,2,86336,0.050002333,1726639,1768078781,0.000000,0.000000
ascii/shallow,1024,3,86592,0.050011125,1731455,1773009665,0.000000,0.000000
ascii/shallow,1024,4,86496,0.050006625,1729691,1771203396,0.000000,0.000000
ascii/shallow,1024,5,86496,0.050002333,1729839,1771355429,0.000000,0.000000
ascii/shallow,1024,6,86208,0.050001583,1724105,1765483945,0.000000,0.000000
ascii/nested,1024,0,85504,0.050016042,1709532,1750560270,0.000000,0.000000
ascii/nested,1024,1,86144,0.050015250,1722355,1763691194,0.000000,0.000000
ascii/nested,1024,2,85920,0.050000542,1718381,1759622526,0.000000,0.000000
ascii/nested,1024,3,85760,0.050010250,1714848,1756004819,0.000000,0.000000
ascii/nested,1024,4,85344,0.050013708,1706412,1747366062,0.000000,0.000000
ascii/nested,1024,5,85824,0.050001959,1716413,1757606657,0.000000,0.000000
ascii/nested,1024,6,85824,0.050013334,1716022,1757206908,0.000000,0.000000
ascii/missing,1024,0,86528,0.050014542,1730057,1771578194,0.000000,0.000000
ascii/missing,1024,1,87296,0.050012250,1745492,1787384171,0.000000,0.000000
ascii/missing,1024,2,86400,0.050003583,1727876,1769345209,0.000000,0.000000
ascii/missing,1024,3,86400,0.050003083,1727893,1769362901,0.000000,0.000000
ascii/missing,1024,4,86304,0.050001750,1726020,1767444059,0.000000,0.000000
ascii/missing,1024,5,86176,0.050011916,1723109,1764463973,0.000000,0.000000
ascii/missing,1024,6,86400,0.050012459,1727570,1769031193,0.000000,0.000000
ascii/array_value,1024,0,87008,0.050013416,1739693,1781445842,0.000000,0.000000
ascii/array_value,1024,1,86688,0.050007709,1733493,1775096556,0.000000,0.000000
ascii/array_value,1024,2,85856,0.050011792,1716715,1757916293,0.000000,0.000000
ascii/array_value,1024,3,85856,0.050003000,1717017,1758225386,0.000000,0.000000
ascii/array_value,1024,4,86112,0.050005209,1722061,1763390050,0.000000,0.000000
ascii/array_value,1024,5,85568,0.050015125,1710842,1751902689,0.000000,0.000000
ascii/array_value,1024,6,85856,0.050013541,1716655,1757854818,0.000000,0.000000
ascii/identity_write,1024,0,38592,0.050028875,771395,789907988,0.000000,0.000000
ascii/identity_write,1024,1,38848,0.050016916,776697,795337961,0.000000,0.000000
ascii/identity_write,1024,2,38720,0.050032542,773896,792469829,0.000000,0.000000
ascii/identity_write,1024,3,38560,0.050002959,771154,789662068,0.000000,0.000000
ascii/identity_write,1024,4,38624,0.050036250,771920,790446446,0.000000,0.000000
ascii/identity_write,1024,5,38688,0.050027291,773338,791898006,0.000000,0.000000
ascii/identity_write,1024,6,38656,0.050010542,772957,791507998,0.000000,0.000000
ascii/validate,10240,0,9440,0.050039916,188649,1931769830,0.000000,0.000000
ascii/validate,10240,1,9472,0.050073583,189162,1937014973,0.000000,0.000000
ascii/validate,10240,2,9440,0.050036958,188661,1931884029,0.000000,0.000000
ascii/validate,10240,3,9440,0.050084667,188481,1930043780,0.000000,0.000000
ascii/validate,10240,4,9408,0.050102083,187777,1922832630,0.000000,0.000000
ascii/validate,10240,5,9504,0.050071208,189810,1943651130,0.000000,0.000000
ascii/validate,10240,6,9472,0.050115125,189005,1935409320,0.000000,0.000000
ascii/identity,10240,0,9536,0.050151709,190143,1947065054,0.000000,0.000000
ascii/identity,10240,1,9440,0.050080167,188498,1930217206,0.000000,0.000000
ascii/identity,10240,2,9440,0.050076834,188510,1930345676,0.000000,0.000000
ascii/identity,10240,3,9440,0.050110375,188384,1929053614,0.000000,0.000000
ascii/identity,10240,4,9440,0.050075041,188517,1930414795,0.000000,0.000000
ascii/identity,10240,5,9440,0.050086875,188473,1929958697,0.000000,0.000000
ascii/identity,10240,6,9440,0.050100292,188422,1929441848,0.000000,0.000000
ascii/shallow,10240,0,9408,0.050045416,187989,1925009875,0.000000,0.000000
ascii/shallow,10240,1,9472,0.050061125,189209,1937497010,0.000000,0.000000
ascii/shallow,10240,2,9408,0.050109917,187747,1922532021,0.000000,0.000000
ascii/shallow,10240,3,9408,0.050060708,187932,1924421844,0.000000,0.000000
ascii/shallow,10240,4,9408,0.050031958,188040,1925527680,0.000000,0.000000
ascii/shallow,10240,5,9440,0.050143791,188259,1927768086,0.000000,0.000000
ascii/shallow,10240,6,9440,0.050138708,188278,1927963521,0.000000,0.000000
ascii/nested,10240,0,9504,0.050149167,189515,1940629642,0.000000,0.000000
ascii/nested,10240,1,9408,0.050044042,187994,1925062728,0.000000,0.000000
ascii/nested,10240,2,9408,0.050093541,187809,1923160513,0.000000,0.000000
ascii/nested,10240,3,9376,0.050066125,187272,1917668683,0.000000,0.000000
ascii/nested,10240,4,9440,0.050095833,188439,1929613587,0.000000,0.000000
ascii/nested,10240,5,9536,0.050081167,190411,1949807599,0.000000,0.000000
ascii/nested,10240,6,9568,0.050056000,191146,1957334186,0.000000,0.000000
ascii/missing,10240,0,9408,0.050071125,187893,1924021479,0.000000,0.000000
ascii/missing,10240,1,9408,0.050036333,188023,1925359318,0.000000,0.000000
ascii/missing,10240,2,9408,0.050058084,187942,1924522720,0.000000,0.000000
ascii/missing,10240,3,9408,0.050079917,187860,1923683699,0.000000,0.000000
ascii/missing,10240,4,9408,0.050053334,187960,1924705355,0.000000,0.000000
ascii/missing,10240,5,9408,0.050092041,187814,1923218102,0.000000,0.000000
ascii/missing,10240,6,9408,0.050042125,188002,1925136473,0.000000,0.000000
ascii/array_value,10240,0,9440,0.050032583,188677,1932052958,0.000000,0.000000
ascii/array_value,10240,1,9376,0.050023583,187432,1919299543,0.000000,0.000000
ascii/array_value,10240,2,9408,0.050047792,187980,1924918486,0.000000,0.000000
ascii/array_value,10240,3,9408,0.050039458,188012,1925239078,0.000000,0.000000
ascii/array_value,10240,4,9408,0.050157250,187570,1920717743,0.000000,0.000000
ascii/array_value,10240,5,9408,0.050103958,187770,1922760673,0.000000,0.000000
ascii/array_value,10240,6,9536,0.050013500,190669,1952445640,0.000000,0.000000
ascii/identity_write,10240,0,4032,0.050035458,80583,825168424,0.000000,0.000000
ascii/identity_write,10240,1,4032,0.050050583,80559,824919062,0.000000,0.000000
ascii/identity_write,10240,2,4032,0.050197667,80322,822501970,0.000000,0.000000
ascii/identity_write,10240,3,4032,0.050145292,80406,823361045,0.000000,0.000000
ascii/identity_write,10240,4,4032,0.050167083,80371,823003402,0.000000,0.000000
ascii/identity_write,10240,5,4064,0.050005292,81271,832219118,0.000000,0.000000
ascii/identity_write,10240,6,4064,0.050394125,80644,825797848,0.000000,0.000000
ascii/validate,65536,0,1504,0.050602333,29722,1947857701,0.000000,0.000000
ascii/validate,65536,1,1504,0.050623416,29710,1947046481,0.000000,0.000000
ascii/validate,65536,2,1504,0.050646958,29696,1946141444,0.000000,0.000000
ascii/validate,65536,3,1504,0.050603417,29721,1947815975,0.000000,0.000000
ascii/validate,65536,4,1504,0.050601083,29723,1947905819,0.000000,0.000000
ascii/validate,65536,5,1504,0.050796667,29608,1940405736,0.000000,0.000000
ascii/validate,65536,6,1504,0.050306250,29897,1959322033,0.000000,0.000000
ascii/identity,65536,0,1504,0.050076708,30034,1968303188,0.000000,0.000000
ascii/identity,65536,1,1504,0.050696834,29667,1944226813,0.000000,0.000000
ascii/identity,65536,2,1504,0.050589042,29730,1948369451,0.000000,0.000000
ascii/identity,65536,3,1504,0.050609333,29718,1947588284,0.000000,0.000000
ascii/identity,65536,4,1504,0.050629125,29706,1946826930,0.000000,0.000000
ascii/identity,65536,5,1504,0.050466708,29802,1953092403,0.000000,0.000000
ascii/identity,65536,6,1504,0.050698625,29665,1944158131,0.000000,0.000000
ascii/shallow,65536,0,1504,0.050707041,29661,1943835453,0.000000,0.000000
ascii/shallow,65536,1,1504,0.050767250,29625,1941530101,0.000000,0.000000
ascii/shallow,65536,2,1504,0.050726500,29649,1943089785,0.000000,0.000000
ascii/shallow,65536,3,1504,0.050867917,29567,1937687836,0.000000,0.000000
ascii/shallow,65536,4,1504,0.050134333,29999,1966040797,0.000000,0.000000
ascii/shallow,65536,5,1504,0.050562709,29745,1949384160,0.000000,0.000000
ascii/shallow,65536,6,1504,0.050648542,29695,1946080580,0.000000,0.000000
ascii/nested,65536,0,1504,0.050644625,29697,1946231096,0.000000,0.000000
ascii/nested,65536,1,1504,0.050667041,29684,1945370048,0.000000,0.000000
ascii/nested,65536,2,1504,0.050674916,29679,1945067733,0.000000,0.000000
ascii/nested,65536,3,1504,0.050642500,29698,1946312761,0.000000,0.000000
ascii/nested,65536,4,1504,0.050659750,29688,1945650028,0.000000,0.000000
ascii/nested,65536,5,1504,0.050739583,29642,1942588767,0.000000,0.000000
ascii/nested,65536,6,1504,0.050221125,29948,1962643091,0.000000,0.000000
ascii/missing,65536,0,1504,0.050578500,29736,1948775547,0.000000,0.000000
ascii/missing,65536,1,1504,0.050621750,29711,1947110560,0.000000,0.000000
ascii/missing,65536,2,1504,0.050628083,29707,1946866999,0.000000,0.000000
ascii/missing,65536,3,1504,0.050643250,29698,1946283937,0.000000,0.000000
ascii/missing,65536,4,1504,0.050624500,29709,1947004790,0.000000,0.000000
ascii/missing,65536,5,1504,0.050058833,30045,1969006029,0.000000,0.000000
ascii/missing,65536,6,1504,0.050752167,29634,1942107103,0.000000,0.000000
ascii/array_value,65536,0,1504,0.050648292,29695,1946090186,0.000000,0.000000
ascii/array_value,65536,1,1504,0.050804375,29604,1940111339,0.000000,0.000000
ascii/array_value,65536,2,1504,0.050016208,30070,1970684063,0.000000,0.000000
ascii/array_value,65536,3,1536,0.051070750,30076,1971055761,0.000000,0.000000
ascii/array_value,65536,4,1504,0.050635916,29702,1946565833,0.000000,0.000000
ascii/array_value,65536,5,1504,0.050626042,29708,1946945487,0.000000,0.000000
ascii/array_value,65536,6,1504,0.050699041,29665,1944142178,0.000000,0.000000
ascii/identity_write,65536,0,640,0.051022166,12544,822055261,0.000000,0.000000
ascii/identity_write,65536,1,640,0.051038833,12539,821786815,0.000000,0.000000
ascii/identity_write,65536,2,640,0.051008750,12547,822271473,0.000000,0.000000
ascii/identity_write,65536,3,640,0.051026584,12542,821984086,0.000000,0.000000
ascii/identity_write,65536,4,640,0.050859708,12584,824681101,0.000000,0.000000
ascii/identity_write,65536,5,640,0.050712375,12620,827077020,0.000000,0.000000
ascii/identity_write,65536,6,640,0.050975583,12555,822806480,0.000000,0.000000
ascii/validate,1048576,0,96,0.051566709,1862,1952098514,0.000000,0.000000
ascii/validate,1048576,1,96,0.051109417,1878,1969564552,0.000000,0.000000
ascii/validate,1048576,2,96,0.051497125,1864,1954736230,0.000000,0.000000
ascii/validate,1048576,3,96,0.051559042,1862,1952388797,0.000000,0.000000
ascii/validate,1048576,4,96,0.051752542,1855,1945088919,0.000000,0.000000
ascii/validate,1048576,5,96,0.051562291,1862,1952265775,0.000000,0.000000
ascii/validate,1048576,6,96,0.051765208,1855,1944612992,0.000000,0.000000
ascii/identity,1048576,0,96,0.051008333,1882,1973467669,0.000000,0.000000
ascii/identity,1048576,1,96,0.051525292,1863,1953667647,0.000000,0.000000
ascii/identity,1048576,2,96,0.051528459,1863,1953547573,0.000000,0.000000
ascii/identity,1048576,3,96,0.051576334,1861,1951734220,0.000000,0.000000
ascii/identity,1048576,4,96,0.051578000,1861,1951671178,0.000000,0.000000
ascii/identity,1048576,5,96,0.051584708,1861,1951417385,0.000000,0.000000
ascii/identity,1048576,6,96,0.051540500,1863,1953091181,0.000000,0.000000
ascii/shallow,1048576,0,96,0.051676458,1858,1947952702,0.000000,0.000000
ascii/shallow,1048576,1,96,0.051180542,1876,1966827471,0.000000,0.000000
ascii/shallow,1048576,2,96,0.051528959,1863,1953528617,0.000000,0.000000
ascii/shallow,1048576,3,96,0.051582542,1861,1951499327,0.000000,0.000000
ascii/shallow,1048576,4,96,0.051583208,1861,1951474131,0.000000,0.000000
ascii/shallow,1048576,5,96,0.051567917,1862,1952052785,0.000000,0.000000
ascii/shallow,1048576,6,96,0.051556375,1862,1952489794,0.000000,0.000000
ascii/nested,1048576,0,96,0.051595416,1861,1951012392,0.000000,0.000000
ascii/nested,1048576,1,96,0.051680333,1858,1947806644,0.000000,0.000000
ascii/nested,1048576,2,96,0.051708750,1857,1946736210,0.000000,0.000000
ascii/nested,1048576,3,96,0.051399833,1868,1958436246,0.000000,0.000000
ascii/nested,1048576,4,96,0.051156875,1877,1967737396,0.000000,0.000000
ascii/nested,1048576,5,96,0.051543042,1863,1952994858,0.000000,0.000000
ascii/nested,1048576,6,96,0.051563000,1862,1952238931,0.000000,0.000000
ascii/missing,1048576,0,96,0.051565708,1862,1952136408,0.000000,0.000000
ascii/missing,1048576,1,96,0.051554875,1862,1952546602,0.000000,0.000000
ascii/missing,1048576,2,96,0.051586583,1861,1951346458,0.000000,0.000000
ascii/missing,1048576,3,96,0.051573125,1861,1951855661,0.000000,0.000000
ascii/missing,1048576,4,96,0.051588250,1861,1951283403,0.000000,0.000000
ascii/missing,1048576,5,96,0.051679417,1858,1947841169,0.000000,0.000000
ascii/missing,1048576,6,96,0.051036167,1881,1972391383,0.000000,0.000000
ascii/array_value,1048576,0,96,0.051570333,1862,1951961334,0.000000,0.000000
ascii/array_value,1048576,1,96,0.051581750,1861,1951529291,0.000000,0.000000
ascii/array_value,1048576,2,96,0.051558458,1862,1952410912,0.000000,0.000000
ascii/array_value,1048576,3,96,0.051304583,1871,1962072199,0.000000,0.000000
ascii/array_value,1048576,4,96,0.051545375,1862,1952906463,0.000000,0.000000
ascii/array_value,1048576,5,96,0.051662333,1858,1948485292,0.000000,0.000000
ascii/array_value,1048576,6,96,0.051707458,1857,1946784853,0.000000,0.000000
ascii/identity_write,1048576,0,64,0.081065250,789,827837625,0.000000,0.000000
ascii/identity_write,1048576,1,64,0.081594125,784,822471765,0.000000,0.000000
ascii/identity_write,1048576,2,64,0.080926375,791,829258249,0.000000,0.000000
ascii/identity_write,1048576,3,64,0.081014583,790,828355359,0.000000,0.000000
ascii/identity_write,1048576,4,64,0.081022250,790,828276973,0.000000,0.000000
ascii/identity_write,1048576,5,64,0.080639292,794,832210481,0.000000,0.000000
ascii/identity_write,1048576,6,64,0.081047167,790,828022329,0.000000,0.000000
structured/validate,485,0,99840,0.050011208,1996352,968230961,0.000000,0.000000
structured/validate,485,1,100384,0.050009042,2007317,973548743,0.000000,0.000000
structured/validate,485,2,99168,0.050013583,1982821,961668353,0.000000,0.000000
structured/validate,485,3,99776,0.050015250,1994912,967532103,0.000000,0.000000
structured/validate,485,4,100416,0.050001125,2008275,974013285,0.000000,0.000000
structured/validate,485,5,100352,0.050010583,2006615,973208411,0.000000,0.000000
structured/validate,485,6,99744,0.050015583,1994258,967215358,0.000000,0.000000
structured/identity,485,0,101056,0.050008417,2020780,980078214,0.000000,0.000000
structured/identity,485,1,101824,0.050011584,2036008,987464024,0.000000,0.000000
structured/identity,485,2,101600,0.050000208,2031992,985515900,0.000000,0.000000
structured/identity,485,3,101856,0.050010125,2036708,987803170,0.000000,0.000000
structured/identity,485,4,102272,0.050005417,2045218,991930934,0.000000,0.000000
structured/identity,485,5,101984,0.050001500,2039619,989215124,0.000000,0.000000
structured/identity,485,6,102528,0.050000250,2050550,994516627,0.000000,0.000000
structured/shallow,485,0,99104,0.050002958,1981963,961251932,0.000000,0.000000
structured/shallow,485,1,99168,0.050002209,1983272,961887104,0.000000,0.000000
structured/shallow,485,2,99168,0.050014791,1982773,961645126,0.000000,0.000000
structured/shallow,485,3,99328,0.050005875,1986327,963368404,0.000000,0.000000
structured/shallow,485,4,100384,0.050011125,2007233,973508194,0.000000,0.000000
structured/shallow,485,5,100032,0.050007917,2000323,970156785,0.000000,0.000000
structured/shallow,485,6,99584,0.050005209,1991473,965864176,0.000000,0.000000
structured/nested,485,0,98432,0.050013041,1968127,954541437,0.000000,0.000000
structured/nested,485,1,97824,0.050010916,1956053,948685683,0.000000,0.000000
structured/nested,485,2,97280,0.050008333,1945276,943458763,0.000000,0.000000
structured/nested,485,3,97408,0.050014167,1947608,944589960,0.000000,0.000000
structured/nested,485,4,97024,0.050009833,1940098,940947753,0.000000,0.000000
structured/nested,485,5,97152,0.050000416,1943024,942366560,0.000000,0.000000
structured/nested,485,6,97184,0.050009333,1943317,942508871,0.000000,0.000000
structured/missing,485,0,100448,0.050014500,2008378,974063122,0.000000,0.000000
structured/missing,485,1,100128,0.050001000,2002520,971222176,0.000000,0.000000
structured/missing,485,2,100448,0.050002041,2008878,974305829,0.000000,0.000000
structured/missing,485,3,100320,0.050009125,2006034,972926441,0.000000,0.000000
structured/missing,485,4,100064,0.050003709,2001132,970548805,0.000000,0.000000
structured/missing,485,5,100384,0.050003125,2007555,973663946,0.000000,0.000000
structured/missing,485,6,100224,0.050006208,2004231,972052110,0.000000,0.000000
structured/array_value,485,0,101248,0.050000709,2024931,982091674,0.000000,0.000000
structured/array_value,485,1,100608,0.050012042,2011676,975662621,0.000000,0.000000
structured/array_value,485,2,99648,0.050007208,1992673,966446277,0.000000,0.000000
structured/array_value,485,3,99552,0.050013875,1990488,965386505,0.000000,0.000000
structured/array_value,485,4,99936,0.050003458,1998582,969312162,0.000000,0.000000
structured/array_value,485,5,99968,0.050011083,1998917,969474706,0.000000,0.000000
structured/array_value,485,6,100032,0.050005000,2000440,970213379,0.000000,0.000000
structured/identity_write,485,0,61696,0.050002333,1233862,598423278,0.000000,0.000000
structured/identity_write,485,1,61792,0.050010625,1235577,599255058,0.000000,0.000000
structured/identity_write,485,2,62304,0.050003083,1246003,604311538,0.000000,0.000000
structured/identity_write,485,3,63200,0.050020708,1263477,612786208,0.000000,0.000000
structured/identity_write,485,4,63392,0.050034583,1266964,614477391,0.000000,0.000000
structured/identity_write,485,5,63392,0.050017750,1267390,614684187,0.000000,0.000000
structured/identity_write,485,6,62432,0.050004292,1248533,605538421,0.000000,0.000000
unicode_escaped_keys/validate,960,0,58144,0.050024292,1162315,1115822689,0.000000,0.000000
unicode_escaped_keys/validate,960,1,58016,0.050016916,1159928,1113530470,0.000000,0.000000
unicode_escaped_keys/validate,960,2,58144,0.050018875,1162441,1115943531,0.000000,0.000000
unicode_escaped_keys/validate,960,3,58048,0.050021334,1160465,1114046259,0.000000,0.000000
unicode_escaped_keys/validate,960,4,58144,0.050002042,1162833,1116319210,0.000000,0.000000
unicode_escaped_keys/validate,960,5,58144,0.050005166,1162760,1116249469,0.000000,0.000000
unicode_escaped_keys/validate,960,6,58144,0.050020833,1162396,1115899849,0.000000,0.000000
unicode_escaped_keys/identity,960,0,57792,0.050012125,1155560,1109337386,0.000000,0.000000
unicode_escaped_keys/identity,960,1,57376,0.050004333,1147421,1101523742,0.000000,0.000000
unicode_escaped_keys/identity,960,2,56544,0.050026125,1130289,1085077847,0.000000,0.000000
unicode_escaped_keys/identity,960,3,57504,0.050023000,1149551,1103569158,0.000000,0.000000
unicode_escaped_keys/identity,960,4,56256,0.050006375,1124977,1079977503,0.000000,0.000000
unicode_escaped_keys/identity,960,5,56352,0.050002333,1126987,1081907918,0.000000,0.000000
unicode_escaped_keys/identity,960,6,56384,0.050023083,1127160,1082073250,0.000000,0.000000
unicode_escaped_keys/shallow,960,0,55968,0.050009083,1119157,1074390426,0.000000,0.000000
unicode_escaped_keys/shallow,960,1,55872,0.050001333,1117410,1072713801,0.000000,0.000000
unicode_escaped_keys/shallow,960,2,56256,0.050008250,1124934,1079937010,0.000000,0.000000
unicode_escaped_keys/shallow,960,3,56544,0.050006542,1130732,1085502773,0.000000,0.000000
unicode_escaped_keys/shallow,960,4,55328,0.050014417,1106241,1061991385,0.000000,0.000000
unicode_escaped_keys/shallow,960,5,54912,0.050002917,1098176,1054248895,0.000000,0.000000
unicode_escaped_keys/shallow,960,6,56256,0.050008416,1124931,1079933426,0.000000,0.000000
unicode_escaped_keys/nested,960,0,56288,0.050005250,1125642,1080616135,0.000000,0.000000
unicode_escaped_keys/nested,960,1,56224,0.050022625,1123971,1079012547,0.000000,0.000000
unicode_escaped_keys/nested,960,2,55008,0.050001417,1100129,1056123669,0.000000,0.000000
unicode_escaped_keys/nested,960,3,54944,0.050002834,1098818,1054865010,0.000000,0.000000
unicode_escaped_keys/nested,960,4,55840,0.050009083,1116597,1071933273,0.000000,0.000000
unicode_escaped_keys/nested,960,5,56256,0.050016167,1124756,1079766068,0.000000,0.000000
unicode_escaped_keys/nested,960,6,55232,0.050004958,1104530,1060349256,0.000000,0.000000
unicode_escaped_keys/missing,960,0,55232,0.050015459,1104299,1060126630,0.000000,0.000000
unicode_escaped_keys/missing,960,1,56288,0.050007209,1125598,1080573803,0.000000,0.000000
unicode_escaped_keys/missing,960,2,55648,0.050017792,1112564,1068061541,0.000000,0.000000
unicode_escaped_keys/missing,960,3,55456,0.050011041,1108875,1064520133,0.000000,0.000000
unicode_escaped_keys/missing,960,4,55424,0.050015000,1108148,1063821654,0.000000,0.000000
unicode_escaped_keys/missing,960,5,55360,0.050003375,1107125,1062840258,0.000000,0.000000
unicode_escaped_keys/missing,960,6,56832,0.050016458,1136266,1090815347,0.000000,0.000000
unicode_escaped_keys/array_value,960,0,55136,0.050012542,1102443,1058345725,0.000000,0.000000
unicode_escaped_keys/array_value,960,1,55168,0.050026208,1102782,1058670687,0.000000,0.000000
unicode_escaped_keys/array_value,960,2,55168,0.050001125,1103335,1059201768,0.000000,0.000000
unicode_escaped_keys/array_value,960,3,55232,0.050002917,1104576,1060392537,0.000000,0.000000
unicode_escaped_keys/array_value,960,4,54944,0.050000875,1098861,1054906339,0.000000,0.000000
unicode_escaped_keys/array_value,960,5,55360,0.050015208,1106863,1062588803,0.000000,0.000000
unicode_escaped_keys/array_value,960,6,55296,0.050018541,1105510,1061289653,0.000000,0.000000
unicode_escaped_keys/identity_write,960,0,31968,0.050011125,639218,613649063,0.000000,0.000000
unicode_escaped_keys/identity_write,960,1,31968,0.050042334,638819,613266360,0.000000,0.000000
unicode_escaped_keys/identity_write,960,2,32000,0.050019250,639754,614163547,0.000000,0.000000
unicode_escaped_keys/identity_write,960,3,31904,0.050019750,637828,612314936,0.000000,0.000000
unicode_escaped_keys/identity_write,960,4,31872,0.050023708,637138,611652379,0.000000,0.000000
unicode_escaped_keys/identity_write,960,5,31808,0.050028625,635796,610364167,0.000000,0.000000
unicode_escaped_keys/identity_write,960,6,31904,0.050029125,637709,612200193,0.000000,0.000000
array/shallow,78,0,221504,0.050000625,4430025,345541921,0.000000,0.000000
array/shallow,78,1,218528,0.050003583,4370247,340879253,0.000000,0.000000
array/shallow,78,2,222304,0.050006375,4445513,346750029,0.000000,0.000000
array/shallow,78,3,222016,0.050006417,4439750,346300516,0.000000,0.000000
array/shallow,78,4,220992,0.050005709,4419335,344708161,0.000000,0.000000
array/shallow,78,5,221280,0.050000792,4425530,345191332,0.000000,0.000000
array/shallow,78,6,218592,0.050004500,4371447,340972832,0.000000,0.000000
array/nested,78,0,193440,0.050002167,3868632,301753322,0.000000,0.000000
array/nested,78,1,200288,0.050002833,4005533,312431578,0.000000,0.000000
array/nested,78,2,200224,0.050007292,4003896,312303894,0.000000,0.000000
array/nested,78,3,200576,0.050006000,4011039,312861017,0.000000,0.000000
array/nested,78,4,199680,0.050000208,3993583,311499504,0.000000,0.000000
array/nested,78,5,202496,0.050001750,4049778,315882704,0.000000,0.000000
array/nested,78,6,201920,0.050001000,4038319,314988900,0.000000,0.000000
array/flatten,78,0,220512,0.050005584,4409748,343960307,0.000000,0.000000
array/flatten,78,1,221536,0.050000750,4430654,345590976,0.000000,0.000000
array/flatten,78,2,223360,0.050001292,4467085,348432597,0.000000,0.000000
array/flatten,78,3,221984,0.050003833,4439340,346268495,0.000000,0.000000
array/flatten,78,4,221504,0.050007125,4429449,345497007,0.000000,0.000000
array/flatten,78,5,222784,0.050004750,4455257,347510027,0.000000,0.000000
array/flatten,78,6,222176,0.050001084,4443424,346587046,0.000000,0.000000
array/missing,78,0,225920,0.050001708,4518246,352423161,0.000000,0.000000
array/missing,78,1,226752,0.050004833,4534602,353698931,0.000000,0.000000
array/missing,78,2,226368,0.050002916,4527096,353113486,0.000000,0.000000
array/missing,78,3,225984,0.050004209,4519300,352505366,0.000000,0.000000
array/missing,78,4,224320,0.050002458,4486179,349921998,0.000000,0.000000
array/missing,78,5,222816,0.050005459,4455834,347555014,0.000000,0.000000
array/missing,78,6,224224,0.050004042,4484118,349761165,0.000000,0.000000
array/root,67,0,225472,0.050004625,4509023,302104535,0.000000,0.000000
array/root,67,1,227392,0.050001542,4547700,304695883,0.000000,0.000000
array/root,67,2,227296,0.050001542,4545780,304567247,0.000000,0.000000
array/root,67,3,226400,0.050002750,4527751,303359315,0.000000,0.000000
array/root,67,4,226944,0.050003708,4538543,304082409,0.000000,0.000000
array/root,67,5,227360,0.050003750,4546859,304639552,0.000000,0.000000
array/root,67,6,233344,0.050005291,4666386,312647876,0.000000,0.000000
array/cancel_first,78,0,223392,0.050002916,4467579,348471197,0.000000,0.000000
array/cancel_first,78,1,223456,0.050000666,4469060,348586717,0.000000,0.000000
array/cancel_first,78,2,224096,0.050004666,4481502,349557139,0.000000,0.000000
array/cancel_first,78,3,223904,0.050002917,4477819,349269864,0.000000,0.000000
array/cancel_first,78,4,224736,0.050004625,4494304,350555734,0.000000,0.000000
array/cancel_first,78,5,224288,0.050005083,4485304,349853714,0.000000,0.000000
array/cancel_first,78,6,221088,0.050006291,4421204,344853890,0.000000,0.000000
array/shallow,540,0,31392,0.050006042,627764,338992636,0.000000,0.000000
array/shallow,540,1,31456,0.050004000,629070,339697624,0.000000,0.000000
array/shallow,540,2,31488,0.050016541,629552,339957935,0.000000,0.000000
array/shallow,540,3,31520,0.050007958,630300,340361828,0.000000,0.000000
array/shallow,540,4,31648,0.050035000,632517,341559308,0.000000,0.000000
array/shallow,540,5,31616,0.050006625,632236,341407563,0.000000,0.000000
array/shallow,540,6,31776,0.050012667,635359,343093881,0.000000,0.000000
array/nested,540,0,28128,0.050014959,562392,303691542,0.000000,0.000000
array/nested,540,1,28256,0.050043791,564625,304897764,0.000000,0.000000
array/nested,540,2,28256,0.050002166,565096,305151581,0.000000,0.000000
array/nested,540,3,28096,0.050053000,561325,303115498,0.000000,0.000000
array/nested,540,4,28288,0.050022167,565509,305375015,0.000000,0.000000
array/nested,540,5,28320,0.050023542,566133,305712059,0.000000,0.000000
array/nested,540,6,28480,0.050051625,569012,307266747,0.000000,0.000000
array/flatten,540,0,29088,0.050027459,581441,313977970,0.000000,0.000000
array/flatten,540,1,29120,0.050042959,581900,314226023,0.000000,0.000000
array/flatten,540,2,29088,0.050043250,581257,313878895,0.000000,0.000000
array/flatten,540,3,29216,0.050037417,583883,315296851,0.000000,0.000000
array/flatten,540,4,29184,0.050017792,583472,315075084,0.000000,0.000000
array/flatten,540,5,28672,0.050018958,573223,309540235,0.000000,0.000000
array/flatten,540,6,29024,0.050009917,580365,313397041,0.000000,0.000000
array/missing,540,0,33408,0.050038084,667651,360531790,0.000000,0.000000
array/missing,540,1,33280,0.050018125,665359,359293756,0.000000,0.000000
array/missing,540,2,33472,0.050012583,669272,361406648,0.000000,0.000000
array/missing,540,3,33440,0.050038542,668285,360873824,0.000000,0.000000
array/missing,540,4,33088,0.050007458,661661,357297106,0.000000,0.000000
array/missing,540,5,33376,0.050031708,667097,360232355,0.000000,0.000000
array/missing,540,6,33344,0.050032709,666444,359879774,0.000000,0.000000
array/root,529,0,32384,0.050046208,647082,342306374,0.000000,0.000000
array/root,529,1,32512,0.050017375,650014,343857470,0.000000,0.000000
array/root,529,2,31968,0.050024000,639053,338059172,0.000000,0.000000
array/root,529,3,32480,0.050036584,649125,343387150,0.000000,0.000000
array/root,529,4,32544,0.050013750,650701,344220859,0.000000,0.000000
array/root,529,5,32576,0.050031792,651106,344435074,0.000000,0.000000
array/root,529,6,32576,0.050021375,651242,344506803,0.000000,0.000000
array/cancel_first,540,0,65280,0.050023000,1305000,704699838,0.000000,0.000000
array/cancel_first,540,1,65088,0.050016625,1301327,702716747,0.000000,0.000000
array/cancel_first,540,2,65472,0.050020750,1308897,706804276,0.000000,0.000000
array/cancel_first,540,3,65696,0.050003916,1313817,709461235,0.000000,0.000000
array/cancel_first,540,4,65280,0.050022291,1305018,704709826,0.000000,0.000000
array/cancel_first,540,5,64768,0.050026041,1294686,699130279,0.000000,0.000000
array/cancel_first,540,6,64992,0.050026041,1299163,701548220,0.000000,0.000000
array/shallow,1074,0,15648,0.050071292,312514,335640470,0.000000,0.000000
array/shallow,1074,1,15648,0.050041167,312703,335842527,0.000000,0.000000
array/shallow,1074,2,15552,0.050007875,310991,334004354,0.000000,0.000000
array/shallow,1074,3,15616,0.050056250,311969,335054743,0.000000,0.000000
array/shallow,1074,4,15648,0.050052542,312631,335766203,0.000000,0.000000
array/shallow,1074,5,15648,0.050023000,312816,335964496,0.000000,0.000000
array/shallow,1074,6,15680,0.050093667,313014,336176627,0.000000,0.000000
array/nested,1074,0,13952,0.050004959,279012,299659240,0.000000,0.000000
array/nested,1074,1,14080,0.050113250,280964,301754925,0.000000,0.000000
array/nested,1074,2,14112,0.050066292,281866,302724396,0.000000,0.000000
array/nested,1074,3,14112,0.050014417,282159,303038382,0.000000,0.000000
array/nested,1074,4,14112,0.050058375,281911,302772273,0.000000,0.000000
array/nested,1074,5,14080,0.050085292,281120,301923367,0.000000,0.000000
array/nested,1074,6,14080,0.050045167,281346,302165442,0.000000,0.000000
array/flatten,1074,0,14368,0.050018750,287252,308508949,0.000000,0.000000
array/flatten,1074,1,14464,0.050095625,288728,310093666,0.000000,0.000000
array/flatten,1074,2,14368,0.050004292,287335,308598150,0.000000,0.000000
array/flatten,1074,3,14496,0.050055833,289597,311026769,0.000000,0.000000
array/flatten,1074,4,14560,0.050077292,290751,312266087,0.000000,0.000000
array/flatten,1074,5,14528,0.050008417,290511,312008916,0.000000,0.000000
array/flatten,1074,6,14528,0.050043708,290306,311788887,0.000000,0.000000
array/missing,1074,0,16256,0.050006333,325079,349134659,0.000000,0.000000
array/missing,1074,1,15744,0.050097458,314267,337523233,0.000000,0.000000
array/missing,1074,2,16160,0.050001750,323189,347104651,0.000000,0.000000
array/missing,1074,3,16256,0.050029417,324929,348973565,0.000000,0.000000
array/missing,1074,4,16256,0.050082125,324587,348606294,0.000000,0.000000
array/missing,1074,5,16256,0.050081750,324589,348608904,0.000000,0.000000
array/missing,1074,6,16256,0.050010125,325054,349108186,0.000000,0.000000
array/root,1063,0,15456,0.050095750,308529,327966504,0.000000,0.000000
array/root,1063,1,15840,0.050064417,316392,336325099,0.000000,0.000000
array/root,1063,2,15904,0.050025834,317916,337944431,0.000000,0.000000
array/root,1063,3,15904,0.050073334,317614,337623854,0.000000,0.000000
array/root,1063,4,15904,0.050084542,317543,337548300,0.000000,0.000000
array/root,1063,5,15872,0.050031375,317241,337227110,0.000000,0.000000
array/root,1063,6,15840,0.050007083,316755,336710702,0.000000,0.000000
array/cancel_first,1074,0,39232,0.050015583,784396,842440805,0.000000,0.000000
array/cancel_first,1074,1,39296,0.050029208,785461,843585291,0.000000,0.000000
array/cancel_first,1074,2,39232,0.050029458,784178,842207165,0.000000,0.000000
array/cancel_first,1074,3,39392,0.050026375,787425,845694056,0.000000,0.000000
array/cancel_first,1074,4,39392,0.050001291,787820,846118313,0.000000,0.000000
array/cancel_first,1074,5,39488,0.050026291,789345,847756473,0.000000,0.000000
array/cancel_first,1074,6,39360,0.050021417,786863,845090814,0.000000,0.000000
array/shallow,8606,0,2080,0.050560000,41139,354044304,0.000000,0.000000
array/shallow,8606,1,2080,0.050332292,41325,355646033,0.000000,0.000000
array/shallow,8606,2,2080,0.050115208,41504,357186585,0.000000,0.000000
array/shallow,8606,3,2080,0.050282209,41367,356000270,0.000000,0.000000
array/shallow,8606,4,2080,0.050505792,41183,354424300,0.000000,0.000000
array/shallow,8606,5,2080,0.050061667,41549,357568596,0.000000,0.000000
array/shallow,8606,6,2080,0.050732041,41000,352843679,0.000000,0.000000
array/nested,8606,0,1856,0.050650667,36643,315350951,0.000000,0.000000
array/nested,8606,1,1856,0.050355833,36858,317197334,0.000000,0.000000
array/nested,8606,2,1888,0.050802458,37164,319829564,0.000000,0.000000
array/nested,8606,3,1888,0.050705958,37234,320438241,0.000000,0.000000
array/nested,8606,4,1856,0.050137833,37018,318576513,0.000000,0.000000
array/nested,8606,5,1856,0.050469208,36775,316484776,0.000000,0.000000
array/nested,8606,6,1856,0.050513916,36742,316204667,0.000000,0.000000
array/flatten,8606,0,1920,0.050282125,38185,328616183,0.000000,0.000000
array/flatten,8606,1,1920,0.050597083,37947,326570605,0.000000,0.000000
array/flatten,8606,2,1920,0.050100334,38323,329808580,0.000000,0.000000
array/flatten,8606,3,1920,0.050057750,38356,330089147,0.000000,0.000000
array/flatten,8606,4,1920,0.050059292,38355,330078979,0.000000,0.000000
array/flatten,8606,5,1952,0.050817042,38412,330576345,0.000000,0.000000
array/flatten,8606,6,1952,0.050792459,38431,330736340,0.000000,0.000000
array/missing,8606,0,2144,0.050036084,42849,368759154,0.000000,0.000000
array/missing,8606,1,2176,0.050667541,42947,369598675,0.000000,0.000000
array/missing,8606,2,2176,0.050697875,42921,369377533,0.000000,0.000000
array/missing,8606,3,2176,0.050643709,42967,369772601,0.000000,0.000000
array/missing,8606,4,2176,0.050571875,43028,370297838,0.000000,0.000000
array/missing,8606,5,2176,0.050549292,43047,370463270,0.000000,0.000000
array/missing,8606,6,2144,0.050381416,42555,366231549,0.000000,0.000000
array/root,8595,0,2112,0.050358791,41939,360466160,0.000000,0.000000
array/root,8595,1,2112,0.050390042,41913,360242605,0.000000,0.000000
array/root,8595,2,2112,0.050480833,41838,359594700,0.000000,0.000000
array/root,8595,3,2112,0.050572791,41762,358940838,0.000000,0.000000
array/root,8595,4,2112,0.050593625,41744,358793030,0.000000,0.000000
array/root,8595,5,2080,0.050434750,41241,354469884,0.000000,0.000000
array/root,8595,6,2080,0.050231250,41408,355905935,0.000000,0.000000
array/cancel_first,8606,0,6656,0.050182959,132635,1141453935,0.000000,0.000000
array/cancel_first,8606,1,6656,0.050198708,132593,1141095823,0.000000,0.000000
array/cancel_first,8606,2,6624,0.050007333,132461,1139955694,0.000000,0.000000
array/cancel_first,8606,3,6528,0.050015792,130519,1123244594,0.000000,0.000000
array/cancel_first,8606,4,6592,0.050117417,131531,1131956821,0.000000,0.000000
array/cancel_first,8606,5,6624,0.050237208,131854,1134739494,0.000000,0.000000
array/cancel_first,8606,6,6624,0.050176416,132014,1136114305,0.000000,0.000000
array/shallow,69558,0,288,0.054871750,5249,365082287,0.000000,0.000000
array/shallow,69558,1,288,0.055012792,5235,364146288,0.000000,0.000000
array/shallow,69558,2,288,0.054840291,5252,365291716,0.000000,0.000000
array/shallow,69558,3,288,0.055270958,5211,362445391,0.000000,0.000000
array/shallow,69558,4,288,0.054967292,5239,364447716,0.000000,0.000000
array/shallow,69558,5,288,0.055676375,5173,359806184,0.000000,0.000000
array/shallow,69558,6,288,0.055204542,5217,362881446,0.000000,0.000000
array/nested,69558,0,256,0.054956208,4658,324018862,0.000000,0.000000
array/nested,69558,1,256,0.054691916,4681,325584644,0.000000,0.000000
array/nested,69558,2,256,0.054522250,4695,326597820,0.000000,0.000000
array/nested,69558,3,256,0.054780542,4673,325057901,0.000000,0.000000
array/nested,69558,4,256,0.055314334,4628,321921041,0.000000,0.000000
array/nested,69558,5,256,0.054277417,4717,328071028,0.000000,0.000000
array/nested,69558,6,256,0.054313667,4713,327852067,0.000000,0.000000
array/flatten,69558,0,256,0.054699584,4680,325539002,0.000000,0.000000
array/flatten,69558,1,256,0.053090625,4822,335404754,0.000000,0.000000
array/flatten,69558,2,256,0.053256834,4807,334357991,0.000000,0.000000
array/flatten,69558,3,256,0.052994209,4831,336014979,0.000000,0.000000
array/flatten,69558,4,256,0.052891834,4840,336665354,0.000000,0.000000
array/flatten,69558,5,256,0.053826834,4756,330817302,0.000000,0.000000
array/flatten,69558,6,256,0.053633167,4773,332011869,0.000000,0.000000
array/missing,69558,0,288,0.053341125,5399,375558333,0.000000,0.000000
array/missing,69558,1,288,0.053236708,5410,376294943,0.000000,0.000000
array/missing,69558,2,288,0.053144167,5419,376950193,0.000000,0.000000
array/missing,69558,3,288,0.053181375,5415,376686462,0.000000,0.000000
array/missing,69558,4,288,0.053377208,5396,375304456,0.000000,0.000000
array/missing,69558,5,288,0.053252458,5408,376183650,0.000000,0.000000
array/missing,69558,6,288,0.052892042,5445,378747033,0.000000,0.000000
array/root,69547,0,288,0.054871333,5249,365027327,0.000000,0.000000
array/root,69547,1,288,0.054716750,5263,366058584,0.000000,0.000000
array/root,69547,2,288,0.054484583,5286,367618414,0.000000,0.000000
array/root,69547,3,288,0.054333708,5301,368639225,0.000000,0.000000
array/root,69547,4,288,0.054242916,5309,369256255,0.000000,0.000000
array/root,69547,5,288,0.054296208,5304,368893828,0.000000,0.000000
array/root,69547,6,288,0.054291542,5305,368925532,0.000000,0.000000
array/cancel_first,69558,0,896,0.051476500,17406,1210726603,0.000000,0.000000
array/cancel_first,69558,1,896,0.051436500,17420,1211668134,0.000000,0.000000
array/cancel_first,69558,2,896,0.051806792,17295,1203007667,0.000000,0.000000
array/cancel_first,69558,3,864,0.050097792,17246,1199615983,0.000000,0.000000
array/cancel_first,69558,4,864,0.050031417,17269,1201207473,0.000000,0.000000
array/cancel_first,69558,5,896,0.051818708,17291,1202731029,0.000000,0.000000
array/cancel_first,69558,6,896,0.051791792,17300,1203356084,0.000000,0.000000
array/shallow,1135782,0,32,0.099385708,322,365696685,0.000000,0.000000
array/shallow,1135782,1,32,0.098217333,326,370046945,0.000000,0.000000
array/shallow,1135782,2,32,0.097891041,327,371280391,0.000000,0.000000
array/shallow,1135782,3,32,0.097834666,327,371494333,0.000000,0.000000
array/shallow,1135782,4,32,0.097695250,328,372024474,0.000000,0.000000
array/shallow,1135782,5,32,0.098159209,326,370266064,0.000000,0.000000
array/shallow,1135782,6,32,0.097666417,328,372134303,0.000000,0.000000
array/nested,1135782,0,32,0.110808333,289,327999014,0.000000,0.000000
array/nested,1135782,1,32,0.110341417,290,329386961,0.000000,0.000000
array/nested,1135782,2,32,0.110735000,289,328216228,0.000000,0.000000
array/nested,1135782,3,32,0.110257541,290,329637535,0.000000,0.000000
array/nested,1135782,4,32,0.110708791,289,328293929,0.000000,0.000000
array/nested,1135782,5,32,0.109796291,291,331022329,0.000000,0.000000
array/nested,1135782,6,32,0.110423166,290,329143108,0.000000,0.000000
array/flatten,1135782,0,32,0.106803208,300,340298992,0.000000,0.000000
array/flatten,1135782,1,32,0.106780333,300,340371892,0.000000,0.000000
array/flatten,1135782,2,32,0.108104041,296,336204120,0.000000,0.000000
array/flatten,1135782,3,32,0.107582125,297,337835156,0.000000,0.000000
array/flatten,1135782,4,32,0.107387500,298,338447436,0.000000,0.000000
array/flatten,1135782,5,32,0.106663542,300,340744582,0.000000,0.000000
array/flatten,1135782,6,32,0.106764875,300,340421173,0.000000,0.000000
array/missing,1135782,0,32,0.094285667,339,385477721,0.000000,0.000000
array/missing,1135782,1,32,0.095422500,335,380885263,0.000000,0.000000
array/missing,1135782,2,32,0.096139250,333,378045637,0.000000,0.000000
array/missing,1135782,3,32,0.099667750,321,364661829,0.000000,0.000000
array/missing,1135782,4,32,0.099453500,322,365447410,0.000000,0.000000
array/missing,1135782,5,32,0.099186292,323,366431926,0.000000,0.000000
array/missing,1135782,6,32,0.099150250,323,366565127,0.000000,0.000000
array/root,1135771,0,32,0.099219125,323,366307121,0.000000,0.000000
array/root,1135771,1,32,0.097520791,328,372686395,0.000000,0.000000
array/root,1135771,2,32,0.097092666,330,374329736,0.000000,0.000000
array/root,1135771,3,32,0.098500125,325,368980973,0.000000,0.000000
array/root,1135771,4,32,0.098491792,325,369012191,0.000000,0.000000
array/root,1135771,5,32,0.097793916,327,371645533,0.000000,0.000000
array/root,1135771,6,32,0.097625125,328,372288097,0.000000,0.000000
array/cancel_first,1135782,0,64,0.059200458,1081,1227862933,0.000000,0.000000
array/cancel_first,1135782,1,64,0.059436584,1077,1222984955,0.000000,0.000000
array/cancel_first,1135782,2,64,0.062311125,1027,1166566131,0.000000,0.000000
array/cancel_first,1135782,3,64,0.060629333,1056,1198925411,0.000000,0.000000
array/cancel_first,1135782,4,64,0.059557125,1075,1220509687,0.000000,0.000000
array/cancel_first,1135782,5,64,0.059491375,1076,1221858597,0.000000,0.000000
array/cancel_first,1135782,6,64,0.059524166,1075,1221185493,0.000000,0.000000
array/nested_contexts,972,0,8288,0.050108917,165400,160768512,0.000000,0.000000
array/nested_contexts,972,1,8352,0.050142750,166564,161900654,0.000000,0.000000
array/nested_contexts,972,2,8320,0.050005417,166382,161723279,0.000000,0.000000
array/nested_contexts,972,3,8352,0.050157875,166514,161851833,0.000000,0.000000
array/nested_contexts,972,4,8320,0.050017792,166341,161683267,0.000000,0.000000
array/nested_contexts,972,5,8352,0.050105208,166689,162021960,0.000000,0.000000
array/nested_contexts,972,6,8320,0.050045375,166249,161594153,0.000000,0.000000
array/sparse,785,0,11936,0.050103542,238227,187007936,0.000000,0.000000
array/sparse,785,1,11936,0.050037125,238543,187256162,0.000000,0.000000
array/sparse,785,2,12128,0.050116167,241998,189968239,0.000000,0.000000
array/sparse,785,3,12224,0.050086000,244060,191587270,0.000000,0.000000
array/sparse,785,4,12192,0.050007125,243805,191387127,0.000000,0.000000
array/sparse,785,5,12160,0.050015750,243123,190851882,0.000000,0.000000
array/sparse,785,6,12128,0.050029333,242418,190297960,0.000000,0.000000
array/deep,136,0,3840,0.050124417,76609,10418874,0.000000,0.000000
array/deep,136,1,3904,0.050216083,77744,10573186,0.000000,0.000000
array/deep,136,2,3872,0.050358500,76889,10456864,0.000000,0.000000
array/deep,136,3,3872,0.050340208,76917,10460664,0.000000,0.000000
array/deep,136,4,3872,0.050360375,76886,10456475,0.000000,0.000000
array/deep,136,5,3872,0.050372334,76868,10453992,0.000000,0.000000
array/deep,136,6,3872,0.050376083,76862,10453214,0.000000,0.000000
array/empty,2,0,2603680,0.050000542,52073036,104146071,0.000000,0.000000
array/empty,2,1,2609344,0.050000167,52186706,104373411,0.000000,0.000000
array/empty,2,2,2604736,0.050000250,52094460,104188919,0.000000,0.000000
array/empty,2,3,2602176,0.050000542,52042956,104085912,0.000000,0.000000
array/empty,2,4,2604160,0.050000375,52082809,104165619,0.000000,0.000000
array/empty,2,5,2605408,0.050000542,52107595,104215190,0.000000,0.000000
array/empty,2,6,2609056,0.050000125,52180990,104361979,0.000000,0.000000
array/singleton,12,0,695200,0.050000167,13903954,166847443,0.000000,0.000000
array/singleton,12,1,695392,0.050001625,13907388,166888656,0.000000,0.000000
array/singleton,12,2,693024,0.050001916,13859949,166319387,0.000000,0.000000
array/singleton,12,3,692992,0.050000000,13859840,166318080,0.000000,0.000000
array/singleton,12,4,691552,0.050000125,13831005,165972065,0.000000,0.000000
array/singleton,12,5,691840,0.050000833,13836569,166038834,0.000000,0.000000
array/singleton,12,6,689760,0.050001666,13794740,165536884,0.000000,0.000000
array/nested_values,31,0,245664,0.050005834,4912707,152293910,0.000000,0.000000
array/nested_values,31,1,245984,0.050001667,4919516,152504995,0.000000,0.000000
array/nested_values,31,2,247424,0.050005541,4947932,153385882,0.000000,0.000000
array/nested_values,31,3,247232,0.050000708,4944570,153281670,0.000000,0.000000
array/nested_values,31,4,247072,0.050001917,4941251,153178767,0.000000,0.000000
array/nested_values,31,5,247360,0.050001291,4947072,153359240,0.000000,0.000000
array/nested_values,31,6,247168,0.050001583,4943203,153239308,0.000000,0.000000
compile/scalar,0,0,96064,0.050004625,1921102,0,28.000000,1346.000000
compile/scalar,0,1,97376,0.050002125,1947437,0,28.000000,1346.000000
compile/scalar,0,2,97056,0.050012167,1940648,0,28.000000,1346.000000
compile/scalar,0,3,97184,0.050005000,1943486,0,28.000000,1346.000000
compile/scalar,0,4,97312,0.050014333,1945682,0,28.000000,1346.000000
compile/scalar,0,5,97216,0.050001041,1944280,0,28.000000,1346.000000
compile/scalar,0,6,97184,0.050008500,1943350,0,28.000000,1346.000000
scalar/literal,100,0,614976,0.050002291,12298956,1229895646,0.000000,0.000000
scalar/literal,100,1,602784,0.050000625,12055529,1205552931,0.000000,0.000000
scalar/literal,100,2,600960,0.050001833,12018759,1201875939,0.000000,0.000000
scalar/literal,100,3,608128,0.050001541,12162185,1216218516,0.000000,0.000000
scalar/literal,100,4,614848,0.050000625,12296806,1229680629,0.000000,0.000000
scalar/literal,100,5,610432,0.050000708,12208467,1220846713,0.000000,0.000000
scalar/literal,100,6,616352,0.050002584,12326403,1232640297,0.000000,0.000000
scalar/arithmetic,100,0,157216,0.050009083,3143749,314374891,0.000000,0.000000
scalar/arithmetic,100,1,161312,0.050006833,3225799,322579916,0.000000,0.000000
scalar/arithmetic,100,2,162560,0.050002000,3251070,325106996,0.000000,0.000000
scalar/arithmetic,100,3,162720,0.050009333,3253793,325379265,0.000000,0.000000
scalar/arithmetic,100,4,161504,0.050000958,3230018,323001811,0.000000,0.000000
scalar/arithmetic,100,5,160832,0.050006042,3216251,321625135,0.000000,0.000000
scalar/arithmetic,100,6,158592,0.050004792,3171536,317153604,0.000000,0.000000
scalar/nested,100,0,154816,0.050008834,3095773,309577304,0.000000,0.000000
scalar/nested,100,1,154624,0.050002291,3092338,309233831,0.000000,0.000000
scalar/nested,100,2,156768,0.050000209,3135347,313534689,0.000000,0.000000
scalar/nested,100,3,153504,0.050010083,3069461,306946101,0.000000,0.000000
scalar/nested,100,4,155616,0.050004250,3112055,311205548,0.000000,0.000000
scalar/nested,100,5,157184,0.050006667,3143261,314326088,0.000000,0.000000
scalar/nested,100,6,158112,0.050000875,3162185,316218466,0.000000,0.000000
scalar/comparison,100,0,168224,0.050005250,3364127,336412677,0.000000,0.000000
scalar/comparison,100,1,165632,0.050000750,3312590,331259031,0.000000,0.000000
scalar/comparison,100,2,165760,0.050009000,3314603,331460337,0.000000,0.000000
scalar/comparison,100,3,168384,0.050002084,3367540,336753964,0.000000,0.000000
scalar/comparison,100,4,165792,0.050001417,3315746,331574603,0.000000,0.000000
scalar/comparison,100,5,167680,0.050007250,3353114,335311380,0.000000,0.000000
scalar/comparison,100,6,168544,0.050005500,3370509,337050924,0.000000,0.000000
scalar/strings,100,0,240064,0.050003833,4800912,480091196,0.000000,0.000000
scalar/strings,100,1,240960,0.050001750,4819031,481903133,0.000000,0.000000
scalar/strings,100,2,240768,0.050005208,4814858,481485848,0.000000,0.000000
scalar/strings,100,3,237312,0.050004208,4745841,474584059,0.000000,0.000000
scalar/strings,100,4,235136,0.050001459,4702583,470258278,0.000000,0.000000
scalar/strings,100,5,237376,0.050000208,4747500,474750025,0.000000,0.000000
scalar/strings,100,6,240864,0.050003959,4816899,481689860,0.000000,0.000000
scalar/boolean,100,0,157152,0.050002333,3142893,314289335,0.000000,0.000000
scalar/boolean,100,1,160096,0.050004292,3201645,320164517,0.000000,0.000000
scalar/boolean,100,2,158976,0.050001875,3179401,317940077,0.000000,0.000000
scalar/boolean,100,3,157920,0.050001750,3158289,315828946,0.000000,0.000000
scalar/boolean,100,4,159232,0.050006792,3184207,318420746,0.000000,0.000000
scalar/boolean,100,5,159712,0.050007625,3193753,319375295,0.000000,0.000000
scalar/boolean,100,6,159456,0.050002667,3188950,318894990,0.000000,0.000000
scalar/missing,100,0,165664,0.050000667,3313236,331323580,0.000000,0.000000
scalar/missing,100,1,169664,0.050002875,3393085,339308490,0.000000,0.000000
scalar/missing,100,2,166368,0.050000458,3327330,332732952,0.000000,0.000000
scalar/missing,100,3,169024,0.050007291,3379987,337998713,0.000000,0.000000
scalar/missing,100,4,168928,0.050003666,3378312,337831230,0.000000,0.000000
scalar/missing,100,5,169568,0.050007292,3390865,339086548,0.000000,0.000000
scalar/missing,100,6,169984,0.050001791,3399558,339955823,0.000000,0.000000
scalar/short_circuit,100,0,571136,0.050001167,11422453,1142245340,0.000000,0.000000
scalar/short_circuit,100,1,565376,0.050001917,11307086,1130708649,0.000000,0.000000
scalar/short_circuit,100,2,566144,0.050002625,11322286,1132228558,0.000000,0.000000
scalar/short_circuit,100,3,567616,0.050001875,11351894,1135189430,0.000000,0.000000
scalar/short_circuit,100,4,568576,0.050000625,11371378,1137137786,0.000000,0.000000
scalar/short_circuit,100,5,566496,0.050001083,11329675,1132967460,0.000000,0.000000
scalar/short_circuit,100,6,560096,0.050000667,11201771,1120177057,0.000000,0.000000
scalar/mixed,100,0,89216,0.050012209,1783884,178388441,0.000000,0.000000
scalar/mixed,100,1,89792,0.050000458,1795824,179582355,0.000000,0.000000
scalar/mixed,100,2,90240,0.050002250,1804719,180471879,0.000000,0.000000
scalar/mixed,100,3,90240,0.050004833,1804626,180462556,0.000000,0.000000
scalar/mixed,100,4,90720,0.050012834,1813934,181393440,0.000000,0.000000
scalar/mixed,100,5,90176,0.050018041,1802869,180286949,0.000000,0.000000
scalar/mixed,100,6,88704,0.050003458,1773957,177395731,0.000000,0.000000
scalar/write,100,0,143200,0.050001584,2863909,286390927,0.000000,0.000000
scalar/write,100,1,143904,0.050004333,2877831,287783061,0.000000,0.000000
scalar/write,100,2,144800,0.050005500,2895681,289568148,0.000000,0.000000
scalar/write,100,3,142656,0.050008833,2852616,285261606,0.000000,0.000000
scalar/write,100,4,144160,0.050004667,2882931,288293091,0.000000,0.000000
scalar/write,100,5,145376,0.050001834,2907413,290741336,0.000000,0.000000
scalar/write,100,6,144960,0.050003000,2899026,289902606,0.000000,0.000000
scalar/literal,500,0,168704,0.050005333,3373720,1686860080,0.000000,0.000000
scalar/literal,500,1,168384,0.050003875,3367419,1683709513,0.000000,0.000000
scalar/literal,500,2,168512,0.050004292,3369951,1684975362,0.000000,0.000000
scalar/literal,500,3,168640,0.050003625,3372555,1686277745,0.000000,0.000000
scalar/literal,500,4,168992,0.050003084,3379632,1689815772,0.000000,0.000000
scalar/literal,500,5,168672,0.050001708,3373325,1686662384,0.000000,0.000000
scalar/literal,500,6,168992,0.050004459,3379539,1689769306,0.000000,0.000000
scalar/arithmetic,500,0,52448,0.050019084,1048560,524279893,0.000000,0.000000
scalar/arithmetic,500,1,52864,0.050024708,1056758,528378896,0.000000,0.000000
scalar/arithmetic,500,2,52992,0.050029542,1059214,529607087,0.000000,0.000000
scalar/arithmetic,500,3,52992,0.050019667,1059423,529711643,0.000000,0.000000
scalar/arithmetic,500,4,53312,0.050000458,1066230,533115117,0.000000,0.000000
scalar/arithmetic,500,5,53280,0.050013500,1065312,532656183,0.000000,0.000000
scalar/arithmetic,500,6,53088,0.050020250,1061330,530665081,0.000000,0.000000
scalar/nested,500,0,52512,0.050003542,1050166,525082803,0.000000,0.000000
scalar/nested,500,1,52768,0.050020417,1054929,527464615,0.000000,0.000000
scalar/nested,500,2,52128,0.050027167,1041994,520996922,0.000000,0.000000
scalar/nested,500,3,52192,0.050014250,1043543,521771295,0.000000,0.000000
scalar/nested,500,4,52096,0.050014291,1041622,520811142,0.000000,0.000000
scalar/nested,500,5,52672,0.050017750,1053066,526533081,0.000000,0.000000
scalar/nested,500,6,52224,0.050027084,1043915,521957266,0.000000,0.000000
scalar/comparison,500,0,53504,0.050013792,1069785,534892455,0.000000,0.000000
scalar/comparison,500,1,53696,0.050016959,1073556,536777936,0.000000,0.000000
scalar/comparison,500,2,53792,0.050019041,1075430,537715227,0.000000,0.000000
scalar/comparison,500,3,53984,0.050018250,1079286,539643030,0.000000,0.000000
scalar/comparison,500,4,53696,0.050016958,1073556,536777946,0.000000,0.000000
scalar/comparison,500,5,53952,0.050010250,1078819,539409421,0.000000,0.000000
scalar/comparison,500,6,53632,0.050007500,1072479,536239564,0.000000,0.000000
scalar/strings,500,0,79008,0.050011041,1579811,789905573,0.000000,0.000000
scalar/strings,500,1,79488,0.050006958,1589539,794769400,0.000000,0.000000
scalar/strings,500,2,78976,0.050003500,1579409,789704721,0.000000,0.000000
scalar/strings,500,3,78880,0.050018792,1577007,788503649,0.000000,0.000000
scalar/strings,500,4,78944,0.050005625,1578702,789351198,0.000000,0.000000
scalar/strings,500,5,79008,0.050003750,1580041,790020748,0.000000,0.000000
scalar/strings,500,6,79360,0.050002917,1587107,793553704,0.000000,0.000000
scalar/boolean,500,0,53024,0.050028583,1059874,529937056,0.000000,0.000000
scalar/boolean,500,1,52832,0.050028875,1056030,528015071,0.000000,0.000000
scalar/boolean,500,2,52640,0.050018875,1052403,526201359,0.000000,0.000000
scalar/boolean,500,3,52832,0.050004500,1056545,528272455,0.000000,0.000000
scalar/boolean,500,4,52672,0.050029042,1052828,526414238,0.000000,0.000000
scalar/boolean,500,5,52640,0.050006708,1052659,526329388,0.000000,0.000000
scalar/boolean,500,6,52512,0.050003708,1050162,525081060,0.000000,0.000000
scalar/missing,500,0,53504,0.050013667,1069788,534893792,0.000000,0.000000
scalar/missing,500,1,53600,0.050023417,1071498,535749087,0.000000,0.000000
scalar/missing,500,2,53472,0.050010916,1069207,534603285,0.000000,0.000000
scalar/missing,500,3,53568,0.050009333,1071160,535580029,0.000000,0.000000
scalar/missing,500,4,53728,0.050022792,1074070,537035198,0.000000,0.000000
scalar/missing,500,5,53344,0.050003791,1066799,533399558,0.000000,0.000000
scalar/missing,500,6,53408,0.050005250,1068048,534023927,0.000000,0.000000
scalar/short_circuit,500,0,163584,0.050008000,3271157,1635578307,0.000000,0.000000
scalar/short_circuit,500,1,164192,0.050006208,3283432,1641716165,0.000000,0.000000
scalar/short_circuit,500,2,165344,0.050001958,3306751,1653375254,0.000000,0.000000
scalar/short_circuit,500,3,165216,0.050000875,3304262,1652131088,0.000000,0.000000
scalar/short_circuit,500,4,165184,0.050000042,3303677,1651838612,0.000000,0.000000
scalar/short_circuit,500,5,165472,0.050003625,3309200,1654600041,0.000000,0.000000
scalar/short_circuit,500,6,165600,0.050001375,3311909,1655954461,0.000000,0.000000
scalar/mixed,500,0,31136,0.050037917,622248,311124062,0.000000,0.000000
scalar/mixed,500,1,31200,0.050022000,623726,311862780,0.000000,0.000000
scalar/mixed,500,2,31072,0.050035750,620996,310497994,0.000000,0.000000
scalar/mixed,500,3,31168,0.050028291,623007,311503745,0.000000,0.000000
scalar/mixed,500,4,31296,0.050022667,625636,312818187,0.000000,0.000000
scalar/mixed,500,5,31392,0.050025584,627519,313759456,0.000000,0.000000
scalar/mixed,500,6,31136,0.050027167,622382,311190918,0.000000,0.000000
scalar/write,500,0,51264,0.050012084,1025032,512516135,0.000000,0.000000
scalar/write,500,1,51264,0.050020416,1024862,512430764,0.000000,0.000000
scalar/write,500,2,51264,0.050028042,1024705,512352652,0.000000,0.000000
scalar/write,500,3,51008,0.050023541,1019680,509839957,0.000000,0.000000
scalar/write,500,4,51168,0.050019292,1022965,511482650,0.000000,0.000000
scalar/write,500,5,51200,0.050014125,1023711,511855401,0.000000,0.000000
scalar/write,500,6,51008,0.050003250,1020094,510046847,0.000000,0.000000
scalar/literal,1024,0,88096,0.050011833,1761503,1803779198,0.000000,0.000000
scalar/literal,1024,1,88608,0.050006500,1771930,1814455961,0.000000,0.000000
scalar/literal,1024,2,88576,0.050000667,1771496,1814012281,0.000000,0.000000
scalar/literal,1024,3,88544,0.050010334,1770514,1813006408,0.000000,0.000000
scalar/literal,1024,4,88576,0.050012334,1771083,1813589104,0.000000,0.000000
scalar/literal,1024,5,88736,0.050010708,1774340,1816924168,0.000000,0.000000
scalar/literal,1024,6,89184,0.050001833,1783615,1826421363,0.000000,0.000000
scalar/arithmetic,1024,0,28800,0.050001541,575982,589805822,0.000000,0.000000
scalar/arithmetic,1024,1,28736,0.050028375,574394,588179488,0.000000,0.000000
scalar/arithmetic,1024,2,28672,0.050012417,573298,587056770,0.000000,0.000000
scalar/arithmetic,1024,3,28704,0.050000292,574077,587854487,0.000000,0.000000
scalar/arithmetic,1024,4,28800,0.050005042,575942,589764528,0.000000,0.000000
scalar/arithmetic,1024,5,28896,0.050053708,577300,591155085,0.000000,0.000000
scalar/arithmetic,1024,6,28480,0.050041375,569129,582788143,0.000000,0.000000
scalar/nested,1024,0,28384,0.050021750,567433,581051563,0.000000,0.000000
scalar/nested,1024,1,28320,0.050027250,566091,579677676,0.000000,0.000000
scalar/nested,1024,2,28512,0.050016708,570050,583730701,0.000000,0.000000
scalar/nested,1024,3,28416,0.050006709,568244,581881603,0.000000,0.000000
scalar/nested,1024,4,28480,0.050007375,569516,583184380,0.000000,0.000000
scalar/nested,1024,5,28736,0.050012125,574581,588370600,0.000000,0.000000
scalar/nested,1024,6,28608,0.050010667,572038,585766872,0.000000,0.000000
scalar/comparison,1024,0,28864,0.050037292,576850,590694157,0.000000,0.000000
scalar/comparison,1024,1,28928,0.050041500,578080,591954118,0.000000,0.000000
scalar/comparison,1024,2,28960,0.050022833,578936,592830078,0.000000,0.000000
scalar/comparison,1024,3,29088,0.050030958,581400,595353621,0.000000,0.000000
scalar/comparison,1024,4,29056,0.050045250,580595,594528831,0.000000,0.000000
scalar/comparison,1024,5,28960,0.050040042,578737,592626201,0.000000,0.000000
scalar/comparison,1024,6,28896,0.050053959,577297,591152120,0.000000,0.000000
scalar/strings,1024,0,42880,0.050029083,857101,877671893,0.000000,0.000000
scalar/strings,1024,1,42816,0.050038583,855660,876195555,0.000000,0.000000
scalar/strings,1024,2,42752,0.050035250,854438,874944124,0.000000,0.000000
scalar/strings,1024,3,42688,0.050008291,853618,874105296,0.000000,0.000000
scalar/strings,1024,4,42816,0.050003667,856257,876807375,0.000000,0.000000
scalar/strings,1024,5,42592,0.050009041,851686,872126462,0.000000,0.000000
scalar/strings,1024,6,43136,0.050013250,862491,883191234,0.000000,0.000000
scalar/boolean,1024,0,28672,0.050053916,572822,586570050,0.000000,0.000000
scalar/boolean,1024,1,28672,0.050028583,573112,586867072,0.000000,0.000000
scalar/boolean,1024,2,28672,0.050036458,573022,586774707,0.000000,0.000000
scalar/boolean,1024,3,28640,0.050032625,572426,586164728,0.000000,0.000000
scalar/boolean,1024,4,28640,0.050008625,572701,586446038,0.000000,0.000000
scalar/boolean,1024,5,28672,0.050010584,573319,587078287,0.000000,0.000000
scalar/boolean,1024,6,28864,0.050053666,576661,590500924,0.000000,0.000000
scalar/missing,1024,0,28928,0.050050417,577977,591848655,0.000000,0.000000
scalar/missing,1024,1,28864,0.050053083,576668,590507801,0.000000,0.000000
scalar/missing,1024,2,28928,0.050022542,578299,592178462,0.000000,0.000000
scalar/missing,1024,3,28736,0.050038792,574274,588057042,0.000000,0.000000
scalar/missing,1024,4,28832,0.050019875,576411,590244738,0.000000,0.000000
scalar/missing,1024,5,28608,0.050051209,571575,585292395,0.000000,0.000000
scalar/missing,1024,6,28864,0.050040375,576814,590657764,0.000000,0.000000
scalar/short_circuit,1024,0,87552,0.050011334,1750643,1792658600,0.000000,0.000000
scalar/short_circuit,1024,1,87584,0.050006750,1751444,1793478200,0.000000,0.000000
scalar/short_circuit,1024,2,87424,0.050017916,1747854,1789802198,0.000000,0.000000
scalar/short_circuit,1024,3,87456,0.050006500,1748893,1790866067,0.000000,0.000000
scalar/short_circuit,1024,4,86368,0.050010875,1726984,1768432006,0.000000,0.000000
scalar/short_circuit,1024,5,87328,0.050016334,1745990,1787893371,0.000000,0.000000
scalar/short_circuit,1024,6,88256,0.050000334,1765108,1807470806,0.000000,0.000000
scalar/mixed,1024,0,17024,0.050053875,340114,348276252,0.000000,0.000000
scalar/mixed,1024,1,16992,0.050008500,339782,347937011,0.000000,0.000000
scalar/mixed,1024,2,17056,0.050059458,340715,348891992,0.000000,0.000000
scalar/mixed,1024,3,17056,0.050084709,340543,348716092,0.000000,0.000000
scalar/mixed,1024,4,17056,0.050052875,340760,348937878,0.000000,0.000000
scalar/mixed,1024,5,17120,0.050050292,342056,350265289,0.000000,0.000000
scalar/mixed,1024,6,17024,0.050059666,340074,348235963,0.000000,0.000000
scalar/write,1024,0,28096,0.050065000,561190,574659023,0.000000,0.000000
scalar/write,1024,1,24960,0.050040875,498792,510763251,0.000000,0.000000
scalar/write,1024,2,27968,0.050006667,559285,572708275,0.000000,0.000000
scalar/write,1024,3,28192,0.050045167,563331,576851067,0.000000,0.000000
scalar/write,1024,4,28192,0.050051792,563257,576774714,0.000000,0.000000
scalar/write,1024,5,28096,0.050034125,561537,575013633,0.000000,0.000000
scalar/write,1024,6,27968,0.050063625,558649,572056698,0.000000,0.000000
scalar/literal,10240,0,9376,0.050162042,186914,1914001826,0.000000,0.000000
scalar/literal,10240,1,9440,0.050039750,188650,1931776238,0.000000,0.000000
scalar/literal,10240,2,9408,0.050045833,187988,1924993835,0.000000,0.000000
scalar/literal,10240,3,9440,0.050133333,188298,1928170226,0.000000,0.000000
scalar/literal,10240,4,9440,0.050055250,188592,1931178048,0.000000,0.000000
scalar/literal,10240,5,9376,0.050096542,187159,1916504337,0.000000,0.000000
scalar/literal,10240,6,9408,0.050043208,187998,1925094810,0.000000,0.000000
scalar/arithmetic,10240,0,3200,0.050039334,63950,654844847,0.000000,0.000000
scalar/arithmetic,10240,1,3200,0.050222000,63717,652463064,0.000000,0.000000
scalar/arithmetic,10240,2,3200,0.050113583,63855,653874619,0.000000,0.000000
scalar/arithmetic,10240,3,3200,0.050053292,63932,654662235,0.000000,0.000000
scalar/arithmetic,10240,4,3200,0.050101542,63870,654031766,0.000000,0.000000
scalar/arithmetic,10240,5,3200,0.050480917,63390,649116576,0.000000,0.000000
scalar/arithmetic,10240,6,3200,0.050417292,63470,649935740,0.000000,0.000000
scalar/nested,10240,0,3200,0.050259917,63669,651970834,0.000000,0.000000
scalar/nested,10240,1,3200,0.050018333,63977,655119794,0.000000,0.000000
scalar/nested,10240,2,3200,0.050293959,63626,651529541,0.000000,0.000000
scalar/nested,10240,3,3200,0.050248417,63684,652120046,0.000000,0.000000
scalar/nested,10240,4,3200,0.050383375,63513,650373263,0.000000,0.000000
scalar/nested,10240,5,3168,0.050178541,63135,646497872,0.000000,0.000000
scalar/nested,10240,6,2112,0.050233500,42044,430527039,0.000000,0.000000
scalar/comparison,10240,0,3104,0.050119667,61932,634181388,0.000000,0.000000
scalar/comparison,10240,1,3200,0.050193375,63753,652835160,0.000000,0.000000
scalar/comparison,10240,2,3200,0.050386208,63509,650336695,0.000000,0.000000
scalar/comparison,10240,3,3168,0.050182375,63130,646448479,0.000000,0.000000
scalar/comparison,10240,4,3168,0.050493500,62741,642465268,0.000000,0.000000
scalar/comparison,10240,5,3200,0.050446917,63433,649554065,0.000000,0.000000
scalar/comparison,10240,6,3200,0.050363625,63538,650628306,0.000000,0.000000
scalar/strings,10240,0,4768,0.050187458,95004,972839071,0.000000,0.000000
scalar/strings,10240,1,4768,0.050020167,95322,976092703,0.000000,0.000000
scalar/strings,10240,2,4800,0.050305458,95417,977070917,0.000000,0.000000
scalar/strings,10240,3,4768,0.050100542,95169,974526783,0.000000,0.000000
scalar/strings,10240,4,4768,0.050242292,94900,971777323,0.000000,0.000000
scalar/strings,10240,5,4768,0.050158958,95058,973391832,0.000000,0.000000
scalar/strings,10240,6,4800,0.050316917,95395,976848403,0.000000,0.000000
scalar/boolean,10240,0,3232,0.050462208,64048,655850810,0.000000,0.000000
scalar/boolean,10240,1,3200,0.050069791,63911,654446510,0.000000,0.000000
scalar/boolean,10240,2,3200,0.050215291,63726,652550236,0.000000,0.000000
scalar/boolean,10240,3,3200,0.050125291,63840,653721891,0.000000,0.000000
scalar/boolean,10240,4,3232,0.050449459,64064,656016549,0.000000,0.000000
scalar/boolean,10240,5,3200,0.050413708,63475,649981945,0.000000,0.000000
scalar/boolean,10240,6,3200,0.050061959,63921,654548896,0.000000,0.000000
scalar/missing,10240,0,3200,0.050100750,63871,654042105,0.000000,0.000000
scalar/missing,10240,1,3200,0.050003959,63995,655308113,0.000000,0.000000
scalar/missing,10240,2,3200,0.050176292,63775,653057424,0.000000,0.000000
scalar/missing,10240,3,3232,0.050134667,64466,660135630,0.000000,0.000000
scalar/missing,10240,4,3200,0.050112291,63857,653891477,0.000000,0.000000
scalar/missing,10240,5,3200,0.050052125,63933,654677499,0.000000,0.000000
scalar/missing,10240,6,3200,0.050259083,63670,651981653,0.000000,0.000000
scalar/short_circuit,10240,0,9408,0.050117417,187719,1922244317,0.000000,0.000000
scalar/short_circuit,10240,1,9408,0.050064459,187918,1924277660,0.000000,0.000000
scalar/short_circuit,10240,2,9408,0.050105584,187764,1922698277,0.000000,0.000000
scalar/short_circuit,10240,3,9408,0.050135708,187651,1921543025,0.000000,0.000000
scalar/short_circuit,10240,4,9472,0.050105792,189040,1935769821,0.000000,0.000000
scalar/short_circuit,10240,5,9440,0.050151500,188230,1927471761,0.000000,0.000000
scalar/short_circuit,10240,6,9408,0.050034291,188031,1925437896,0.000000,0.000000
scalar/mixed,10240,0,1952,0.050421125,38714,396430663,0.000000,0.000000
scalar/mixed,10240,1,1920,0.050006917,38395,393161610,0.000000,0.000000
scalar/mixed,10240,2,1920,0.050349708,38133,390484886,0.000000,0.000000
scalar/mixed,10240,3,1952,0.050793041,38430,393527924,0.000000,0.000000
scalar/mixed,10240,4,1920,0.050201417,38246,391638348,0.000000,0.000000
scalar/mixed,10240,5,1920,0.050501500,38019,389311209,0.000000,0.000000
scalar/mixed,10240,6,1920,0.050069667,38347,392668879,0.000000,0.000000
scalar/write,10240,0,3168,0.050463959,62777,642841359,0.000000,0.000000
scalar/write,10240,1,3168,0.050093250,63242,647598629,0.000000,0.000000
scalar/write,10240,2,3200,0.050498417,63368,648891628,0.000000,0.000000
scalar/write,10240,3,3200,0.050217541,63723,652520999,0.000000,0.000000
scalar/write,10240,4,3200,0.050097500,63875,654084535,0.000000,0.000000
scalar/write,10240,5,3200,0.050168750,63785,653155600,0.000000,0.000000
scalar/write,10240,6,3200,0.050163500,63791,653223958,0.000000,0.000000
scalar/literal,65536,0,1504,0.050644459,29697,1946237475,0.000000,0.000000
scalar/literal,65536,1,1504,0.050671667,29681,1945192448,0.000000,0.000000
scalar/literal,65536,2,1504,0.050429584,29824,1954530182,0.000000,0.000000
scalar/literal,65536,3,1504,0.050645833,29696,1946184674,0.000000,0.000000
scalar/literal,65536,4,1504,0.050646083,29696,1946175067,0.000000,0.000000
scalar/literal,65536,5,1504,0.050647875,29695,1946106209,0.000000,0.000000
scalar/literal,65536,6,1504,0.050143125,29994,1965696075,0.000000,0.000000
scalar/arithmetic,65536,0,512,0.050387000,10161,665934308,0.000000,0.000000
scalar/arithmetic,65536,1,512,0.050618292,10115,662891431,0.000000,0.000000
scalar/arithmetic,65536,2,512,0.050747208,10089,661207450,0.000000,0.000000
scalar/arithmetic,65536,3,512,0.050293167,10180,667176756,0.000000,0.000000
scalar/arithmetic,65536,4,512,0.050616834,10115,662910525,0.000000,0.000000
scalar/arithmetic,65536,5,512,0.050672750,10104,662179021,0.000000,0.000000
scalar/arithmetic,65536,6,512,0.051067000,10026,657066834,0.000000,0.000000
scalar/nested,65536,0,512,0.051099791,10020,656645191,0.000000,0.000000
scalar/nested,65536,1,512,0.050747458,10089,661204193,0.000000,0.000000
scalar/nested,65536,2,512,0.050346292,10170,666472756,0.000000,0.000000
scalar/nested,65536,3,512,0.050616000,10115,662921448,0.000000,0.000000
scalar/nested,65536,4,512,0.050695041,10100,661887856,0.000000,0.000000
scalar/nested,65536,5,512,0.050564083,10126,663602107,0.000000,0.000000
scalar/nested,65536,6,512,0.050635458,10111,662666703,0.000000,0.000000
scalar/comparison,65536,0,512,0.050484042,10142,664654229,0.000000,0.000000
scalar/comparison,65536,1,512,0.050310416,10177,666948013,0.000000,0.000000
scalar/comparison,65536,2,512,0.050752459,10088,661139040,0.000000,0.000000
scalar/comparison,65536,3,512,0.050929834,10053,658836469,0.000000,0.000000
scalar/comparison,65536,4,512,0.050526416,10133,664096816,0.000000,0.000000
scalar/comparison,65536,5,512,0.050804333,10078,660463981,0.000000,0.000000
scalar/comparison,65536,6,512,0.050512084,10136,664285243,0.000000,0.000000
scalar/strings,65536,0,768,0.051104958,15028,984868200,0.000000,0.000000
scalar/strings,65536,1,768,0.050986958,15063,987147498,0.000000,0.000000
scalar/strings,65536,2,768,0.051269750,14980,981702622,0.000000,0.000000
scalar/strings,65536,3,768,0.050908458,15086,988669663,0.000000,0.000000
scalar/strings,65536,4,768,0.050997000,15060,986953115,0.000000,0.000000
scalar/strings,65536,5,768,0.051123292,15023,984515003,0.000000,0.000000
scalar/strings,65536,6,768,0.051351667,14956,980136594,0.000000,0.000000
scalar/boolean,65536,0,512,0.050547167,10129,663824186,0.000000,0.000000
scalar/boolean,65536,1,512,0.050484291,10142,664650951,0.000000,0.000000
scalar/boolean,65536,2,512,0.050863208,10066,659699483,0.000000,0.000000
scalar/boolean,65536,3,512,0.050548334,10129,663808861,0.000000,0.000000
scalar/boolean,65536,4,512,0.050564417,10126,663597723,0.000000,0.000000
scalar/boolean,65536,5,512,0.050599000,10119,663144173,0.000000,0.000000
scalar/boolean,65536,6,512,0.050551458,10128,663767838,0.000000,0.000000
scalar/missing,65536,0,512,0.050456250,10147,665020329,0.000000,0.000000
scalar/missing,65536,1,512,0.050437750,10151,665264251,0.000000,0.000000
scalar/missing,65536,2,512,0.050546333,10129,663835139,0.000000,0.000000
scalar/missing,65536,3,512,0.050619000,10115,662882159,0.000000,0.000000
scalar/missing,65536,4,512,0.050573708,10124,663475812,0.000000,0.000000
scalar/missing,65536,5,544,0.052846208,10294,674628991,0.000000,0.000000
scalar/missing,65536,6,512,0.050585334,10122,663323326,0.000000,0.000000
scalar/short_circuit,65536,0,1472,0.050087792,29388,1925998096,0.000000,0.000000
scalar/short_circuit,65536,1,1504,0.050576041,29737,1948870296,0.000000,0.000000
scalar/short_circuit,65536,2,1472,0.050077875,29394,1926379504,0.000000,0.000000
scalar/short_circuit,65536,3,1504,0.050624625,29709,1946999983,0.000000,0.000000
scalar/short_circuit,65536,4,1504,0.050619292,29712,1947205109,0.000000,0.000000
scalar/short_circuit,65536,5,1504,0.050984584,29499,1933253864,0.000000,0.000000
scalar/short_circuit,65536,6,1504,0.050346791,29873,1957744318,0.000000,0.000000
scalar/mixed,65536,0,320,0.052477125,6098,399631649,0.000000,0.000000
scalar/mixed,65536,1,320,0.052421583,6104,400055069,0.000000,0.000000
scalar/mixed,65536,2,320,0.052500125,6095,399456573,0.000000,0.000000
scalar/mixed,65536,3,320,0.052466042,6099,399716068,0.000000,0.000000
scalar/mixed,65536,4,320,0.052478250,6098,399623082,0.000000,0.000000
scalar/mixed,65536,5,320,0.052416917,6105,400090681,0.000000,0.000000
scalar/mixed,65536,6,320,0.052312583,6117,400888635,0.000000,0.000000
scalar/write,65536,0,512,0.050696083,10099,661874252,0.000000,0.000000
scalar/write,65536,1,512,0.050679250,10103,662094092,0.000000,0.000000
scalar/write,65536,2,512,0.050482708,10142,664671792,0.000000,0.000000
scalar/write,65536,3,512,0.051681084,9907,649259447,0.000000,0.000000
scalar/write,65536,4,512,0.050630417,10112,662732681,0.000000,0.000000
scalar/write,65536,5,512,0.050638667,10111,662624709,0.000000,0.000000
scalar/write,65536,6,480,0.055016583,8725,571778149,0.000000,0.000000
scalar/literal,1048576,0,96,0.051760791,1855,1944778935,0.000000,0.000000
scalar/literal,1048576,1,96,0.051592167,1861,1951135257,0.000000,0.000000
scalar/literal,1048576,2,96,0.051612958,1860,1950349290,0.000000,0.000000
scalar/literal,1048576,3,96,0.051791583,1854,1943622693,0.000000,0.000000
scalar/literal,1048576,4,96,0.051303125,1871,1962127960,0.000000,0.000000
scalar/literal,1048576,5,96,0.051613125,1860,1950342980,0.000000,0.000000
scalar/literal,1048576,6,96,0.051558042,1862,1952426665,0.000000,0.000000
scalar/arithmetic,1048576,0,32,0.050260125,637,667615371,0.000000,0.000000
scalar/arithmetic,1048576,1,32,0.050526709,633,664092965,0.000000,0.000000
scalar/arithmetic,1048576,2,32,0.050288500,636,667238673,0.000000,0.000000
scalar/arithmetic,1048576,3,32,0.050472625,634,664804575,0.000000,0.000000
scalar/arithmetic,1048576,4,32,0.050623000,632,662829781,0.000000,0.000000
scalar/arithmetic,1048576,5,32,0.050434417,634,665308216,0.000000,0.000000
scalar/arithmetic,1048576,6,32,0.050577667,633,663423878,0.000000,0.000000
scalar/nested,1048576,0,32,0.050491417,634,664557146,0.000000,0.000000
scalar/nested,1048576,1,32,0.050436000,634,665287334,0.000000,0.000000
scalar/nested,1048576,2,32,0.050450625,634,665094476,0.000000,0.000000
scalar/nested,1048576,3,32,0.050419834,635,665500644,0.000000,0.000000
scalar/nested,1048576,4,32,0.050502458,634,664411859,0.000000,0.000000
scalar/nested,1048576,5,32,0.050439708,634,665238427,0.000000,0.000000
scalar/nested,1048576,6,32,0.050672042,632,662188273,0.000000,0.000000
scalar/comparison,1048576,0,32,0.050398041,635,665788418,0.000000,0.000000
scalar/comparison,1048576,1,32,0.050328458,636,666708922,0.000000,0.000000
scalar/comparison,1048576,2,64,0.100461250,637,668007456,0.000000,0.000000
scalar/comparison,1048576,3,32,0.050576625,633,663437546,0.000000,0.000000
scalar/comparison,1048576,4,32,0.050536250,633,663967588,0.000000,0.000000
scalar/comparison,1048576,5,32,0.050710042,631,661692057,0.000000,0.000000
scalar/comparison,1048576,6,32,0.050527791,633,664078744,0.000000,0.000000
scalar/strings,1048576,0,64,0.069453208,921,966245706,0.000000,0.000000
scalar/strings,1048576,1,64,0.068120292,940,985152324,0.000000,0.000000
scalar/strings,1048576,2,64,0.067650625,946,991991781,0.000000,0.000000
scalar/strings,1048576,3,64,0.067940750,942,987755714,0.000000,0.000000
scalar/strings,1048576,4,64,0.067899042,943,988362457,0.000000,0.000000
scalar/strings,1048576,5,64,0.067827167,944,989409804,0.000000,0.000000
scalar/strings,1048576,6,64,0.067836417,943,989274891,0.000000,0.000000
scalar/boolean,1048576,0,32,0.050749916,631,661172168,0.000000,0.000000
scalar/boolean,1048576,1,32,0.050772042,630,660884035,0.000000,0.000000
scalar/boolean,1048576,2,32,0.050283083,636,667310555,0.000000,0.000000
scalar/boolean,1048576,3,32,0.050664458,632,662287397,0.000000,0.000000
scalar/boolean,1048576,4,32,0.050441292,634,665217536,0.000000,0.000000
scalar/boolean,1048576,5,32,0.050193750,638,668498209,0.000000,0.000000
scalar/boolean,1048576,6,32,0.069501708,460,482785718,0.000000,0.000000
scalar/missing,1048576,0,32,0.050543959,633,663866319,0.000000,0.000000
scalar/missing,1048576,1,32,0.050675834,631,662138723,0.000000,0.000000
scalar/missing,1048576,2,32,0.050392125,635,665866581,0.000000,0.000000
scalar/missing,1048576,3,32,0.050478625,634,664725555,0.000000,0.000000
scalar/missing,1048576,4,32,0.050330708,636,666679118,0.000000,0.000000
scalar/missing,1048576,5,32,0.050611375,632,662982027,0.000000,0.000000
scalar/missing,1048576,6,32,0.050681500,631,662064698,0.000000,0.000000
scalar/short_circuit,1048576,0,96,0.051765667,1855,1944595749,0.000000,0.000000
scalar/short_circuit,1048576,1,96,0.051828875,1852,1942224214,0.000000,0.000000
scalar/short_circuit,1048576,2,96,0.051785084,1854,1943866616,0.000000,0.000000
scalar/short_circuit,1048576,3,96,0.051887958,1850,1940012671,0.000000,0.000000
scalar/short_circuit,1048576,4,96,0.052573875,1826,1914701855,0.000000,0.000000
scalar/short_circuit,1048576,5,96,0.052030166,1845,1934710260,0.000000,0.000000
scalar/short_circuit,1048576,6,96,0.051749708,1855,1945195440,0.000000,0.000000
scalar/mixed,1048576,0,32,0.084163292,380,398682504,0.000000,0.000000
scalar/mixed,1048576,1,32,0.083979375,381,399555629,0.000000,0.000000
scalar/mixed,1048576,2,32,0.084049667,381,399221475,0.000000,0.000000
scalar/mixed,1048576,3,32,0.084007792,381,399420473,0.000000,0.000000
scalar/mixed,1048576,4,32,0.084107334,380,398947754,0.000000,0.000000
scalar/mixed,1048576,5,32,0.085390000,375,392955053,0.000000,0.000000
scalar/mixed,1048576,6,32,0.083545083,383,401632637,0.000000,0.000000
scalar/write,1048576,0,32,0.050730500,631,661425218,0.000000,0.000000
scalar/write,1048576,1,32,0.050536166,633,663968691,0.000000,0.000000
scalar/write,1048576,2,32,0.050392542,635,665861071,0.000000,0.000000
scalar/write,1048576,3,32,0.050709917,631,661693688,0.000000,0.000000
scalar/write,1048576,4,32,0.050500458,634,664438172,0.000000,0.000000
scalar/write,1048576,5,32,0.051943542,616,645978898,0.000000,0.000000
scalar/write,1048576,6,32,0.050814875,630,660326961,0.000000,0.000000
scalar/sequence_boolean,330,0,29600,0.050008709,591897,195325978,0.000000,0.000000
scalar/sequence_boolean,330,1,30176,0.050043208,602999,198989641,0.000000,0.000000
scalar/sequence_boolean,330,2,30048,0.050031542,600581,198191773,0.000000,0.000000
scalar/sequence_boolean,330,3,30048,0.050021041,600707,198233379,0.000000,0.000000
scalar/sequence_boolean,330,4,29984,0.050002541,599650,197884344,0.000000,0.000000
scalar/sequence_boolean,330,5,30144,0.050023416,602598,198857271,0.000000,0.000000
scalar/sequence_boolean,330,6,29344,0.050022833,586612,193581999,0.000000,0.000000
scalar/sequence_array_equality,330,0,20640,0.050059375,412310,136062426,0.000000,0.000000
scalar/sequence_array_equality,330,1,21280,0.050061167,425080,140276394,0.000000,0.000000
scalar/sequence_array_equality,330,2,21344,0.050023709,426678,140803634,0.000000,0.000000
scalar/sequence_array_equality,330,3,21376,0.050073917,426889,140873341,0.000000,0.000000
scalar/sequence_array_equality,330,4,21440,0.050041875,428441,141385590,0.000000,0.000000
scalar/sequence_array_equality,330,5,21344,0.050055500,426407,140714207,0.000000,0.000000
scalar/sequence_array_equality,330,6,21280,0.050062750,425067,140271959,0.000000,0.000000
scalar/sequence_equality,330,0,16480,0.050052459,329255,108654002,3.000000,672.000000
scalar/sequence_equality,330,1,16512,0.050094750,329615,108773075,3.000000,672.000000
scalar/sequence_equality,330,2,16448,0.050080875,328429,108381493,3.000000,672.000000
scalar/sequence_equality,330,3,16736,0.050079083,334191,110283170,3.000000,672.000000
scalar/sequence_equality,330,4,16832,0.050071917,336156,110931643,3.000000,672.000000
scalar/sequence_equality,330,5,16832,0.050004375,336611,111081480,3.000000,672.000000
scalar/sequence_equality,330,6,16800,0.050059708,335599,110747749,3.000000,672.000000
scalar/array_equality,330,0,15136,0.050062709,302341,99772467,16.000000,3264.000000
scalar/array_equality,330,1,15360,0.050101875,306575,101169866,16.000000,3264.000000
scalar/array_equality,330,2,15360,0.050047042,306911,101280711,16.000000,3264.000000
scalar/array_equality,330,3,15424,0.050059334,308114,101677741,16.000000,3264.000000
scalar/array_equality,330,4,14976,0.050051958,299209,98738994,16.000000,3264.000000
scalar/array_equality,330,5,15424,0.050015083,308387,101767701,16.000000,3264.000000
scalar/array_equality,330,6,15424,0.050101541,307855,101592085,16.000000,3264.000000
scalar/singleton,15,0,435392,0.050000208,8707804,130617057,0.000000,0.000000
scalar/singleton,15,1,436928,0.050001542,8738291,131074358,0.000000,0.000000
scalar/singleton,15,2,440480,0.050001000,8809424,132141357,0.000000,0.000000
scalar/singleton,15,3,438528,0.050000500,8770472,131557084,0.000000,0.000000
scalar/singleton,15,4,444384,0.050003541,8887051,133305759,0.000000,0.000000
scalar/singleton,15,5,441152,0.050001417,8822790,132341849,0.000000,0.000000
scalar/singleton,15,6,442208,0.050000375,8844094,132661405,0.000000,0.000000
scalar/sequence_type_error,330,0,47968,0.050025667,958868,316426366,0.000000,0.000000
scalar/sequence_type_error,330,1,47616,0.050008750,952153,314210613,0.000000,0.000000
scalar/sequence_type_error,330,2,47840,0.050012166,956567,315667192,0.000000,0.000000
scalar/sequence_type_error,330,3,47840,0.050005334,956698,315710320,0.000000,0.000000
scalar/sequence_type_error,330,4,47968,0.050004750,959269,316558727,0.000000,0.000000
scalar/sequence_type_error,330,5,47808,0.050013209,955907,315449465,0.000000,0.000000
scalar/sequence_type_error,330,6,47232,0.050013416,944387,311647579,0.000000,0.000000
scalar/object_equality,125,0,38176,0.050014958,763292,95411457,3.000000,1396.000000
scalar/object_equality,125,1,40288,0.050023375,805383,100672935,3.000000,1396.000000
scalar/object_equality,125,2,40320,0.050003208,806348,100793533,3.000000,1396.000000
scalar/object_equality,125,3,40320,0.050006167,806301,100787569,3.000000,1396.000000
scalar/object_equality,125,4,40352,0.050012875,806832,100854030,3.000000,1396.000000
scalar/object_equality,125,5,40512,0.050033375,809700,101212441,3.000000,1396.000000
scalar/object_equality,125,6,39936,0.050011792,798532,99816459,3.000000,1396.000000
scalar/object_equality,2389,0,2400,0.050544375,47483,113436955,7.000000,24948.000000
scalar/object_equality,2389,1,2400,0.050164542,47843,114295871,7.000000,24948.000000
scalar/object_equality,2389,2,2496,0.050532792,49394,118001475,7.000000,24948.000000
scalar/object_equality,2389,3,2496,0.050550500,49376,117960139,7.000000,24948.000000
scalar/object_equality,2389,4,2464,0.050593334,48702,116349241,7.000000,24948.000000
scalar/object_equality,2389,5,2432,0.050585750,48077,114855429,7.000000,24948.000000
scalar/object_equality,2389,6,2432,0.050382792,48270,115318103,7.000000,24948.000000
scalar/escaped_strings,26,0,600704,0.050001792,12013649,312354885,0.000000,0.000000
scalar/escaped_strings,26,1,602048,0.050001083,12040699,313058179,0.000000,0.000000
scalar/escaped_strings,26,2,603840,0.050002250,12076257,313982671,0.000000,0.000000
scalar/escaped_strings,26,3,607776,0.050000167,12155479,316042464,0.000000,0.000000
scalar/escaped_strings,26,4,604704,0.050001375,12093747,314437433,0.000000,0.000000
scalar/escaped_strings,26,5,602880,0.050000584,12057459,313493938,0.000000,0.000000
scalar/escaped_strings,26,6,603680,0.050002333,12073037,313898953,0.000000,0.000000
compile/filter,0,0,119296,0.050002625,2385795,0,20.000000,1235.000000
compile/filter,0,1,121920,0.050005375,2438138,0,20.000000,1235.000000
compile/filter,0,2,122784,0.050006125,2455379,0,20.000000,1235.000000
compile/filter,0,3,123104,0.050003792,2461893,0,20.000000,1235.000000
compile/filter,0,4,121888,0.050009875,2437279,0,20.000000,1235.000000
compile/filter,0,5,121920,0.050011083,2437860,0,20.000000,1235.000000
compile/filter,0,6,122496,0.050006250,2449614,0,20.000000,1235.000000
filter/predicate,100,0,110752,0.050002416,2214933,221493297,0.000000,0.000000
filter/predicate,100,1,108768,0.050014459,2174731,217473111,0.000000,0.000000
filter/predicate,100,2,109056,0.050009208,2180718,218071840,0.000000,0.000000
filter/predicate,100,3,111488,0.050003875,2229587,222958721,0.000000,0.000000
filter/predicate,100,4,111456,0.050011084,2228626,222862596,0.000000,0.000000
filter/predicate,100,5,108640,0.050006917,2172499,217249946,0.000000,0.000000
filter/predicate,100,6,111264,0.050013125,2224696,222469602,0.000000,0.000000
filter/none,100,0,123584,0.050003125,2471526,247152553,0.000000,0.000000
filter/none,100,1,122752,0.050001041,2454989,245498889,0.000000,0.000000
filter/none,100,2,124768,0.050012875,2494718,249471761,0.000000,0.000000
filter/none,100,3,124000,0.050010750,2479467,247946691,0.000000,0.000000
filter/none,100,4,123200,0.050009084,2463552,246355242,0.000000,0.000000
filter/none,100,5,123008,0.050001333,2460094,246009441,0.000000,0.000000
filter/none,100,6,124288,0.050003958,2485563,248556324,0.000000,0.000000
filter/first,100,0,156512,0.050005166,3129917,312991662,0.000000,0.000000
filter/first,100,1,157024,0.050001542,3140383,314038315,0.000000,0.000000
filter/first,100,2,154496,0.050000417,3089894,308989423,0.000000,0.000000
filter/first,100,3,155168,0.050003708,3103130,310312987,0.000000,0.000000
filter/first,100,4,154944,0.050000250,3098865,309886451,0.000000,0.000000
filter/first,100,5,155424,0.050008708,3107939,310793872,0.000000,0.000000
filter/first,100,6,155616,0.050005959,3111949,311194912,0.000000,0.000000
filter/last,100,0,134208,0.050003334,2683981,268398103,0.000000,0.000000
filter/last,100,1,133312,0.050011208,2665642,266564247,0.000000,0.000000
filter/last,100,2,134880,0.050010542,2697031,269703136,0.000000,0.000000
filter/last,100,3,134816,0.050009042,2695832,269583249,0.000000,0.000000
filter/last,100,4,135584,0.050007167,2711291,271129136,0.000000,0.000000
filter/last,100,5,135520,0.050006292,2710059,271005897,0.000000,0.000000
filter/last,100,6,135424,0.050006042,2708153,270815275,0.000000,0.000000
filter/computed_last,100,0,111968,0.050010917,2238871,223887116,0.000000,0.000000
filter/computed_last,100,1,112576,0.050012666,2250950,225094979,0.000000,0.000000
filter/computed_last,100,2,112352,0.050014041,2246409,224640916,0.000000,0.000000
filter/computed_last,100,3,111968,0.050004416,2239162,223916224,0.000000,0.000000
filter/computed_last,100,4,111968,0.050007708,2239015,223901483,0.000000,0.000000
filter/computed_last,100,5,111200,0.050001875,2223917,222391660,0.000000,0.000000
filter/computed_last,100,6,111968,0.050007417,2239028,223902786,0.000000,0.000000
filter/chained,100,0,83584,0.050001500,1671630,167162985,0.000000,0.000000
filter/chained,100,1,83392,0.050010333,1667495,166749540,0.000000,0.000000
filter/chained,100,2,83040,0.050016625,1660248,166024797,0.000000,0.000000
filter/chained,100,3,82528,0.050004708,1650405,165040460,0.000000,0.000000
filter/chained,100,4,82816,0.050002791,1656228,165622755,0.000000,0.000000
filter/chained,100,5,82912,0.050005292,1658065,165806451,0.000000,0.000000
filter/chained,100,6,82496,0.050017125,1649355,164935510,0.000000,0.000000
filter/predicate,500,0,57312,0.050020417,1145772,572886068,0.000000,0.000000
filter/predicate,500,1,57376,0.050020709,1147045,573522458,0.000000,0.000000
filter/predicate,500,2,57568,0.050006000,1151222,575610927,0.000000,0.000000
filter/predicate,500,3,57472,0.050012417,1149155,574577309,0.000000,0.000000
filter/predicate,500,4,57664,0.050005167,1153161,576580416,0.000000,0.000000
filter/predicate,500,5,57280,0.050010250,1145365,572682600,0.000000,0.000000
filter/predicate,500,6,57216,0.050024250,1143765,571882637,0.000000,0.000000
filter/none,500,0,60896,0.050006416,1217764,608881868,0.000000,0.000000
filter/none,500,1,49696,0.050007625,993768,496884225,0.000000,0.000000
filter/none,500,2,60448,0.050008667,1208750,604375238,0.000000,0.000000
filter/none,500,3,60800,0.050000167,1215996,607997969,0.000000,0.000000
filter/none,500,4,60512,0.050002459,1210180,605090242,0.000000,0.000000
filter/none,500,5,60736,0.050010459,1214466,607232979,0.000000,0.000000
filter/none,500,6,60480,0.050010791,1209339,604669500,0.000000,0.000000
filter/first,500,0,68224,0.050015042,1364070,682034817,0.000000,0.000000
filter/first,500,1,68160,0.050015500,1362778,681388769,0.000000,0.000000
filter/first,500,2,68448,0.050015334,1368540,684270148,0.000000,0.000000
filter/first,500,3,68000,0.050021500,1359415,679707726,0.000000,0.000000
filter/first,500,4,67712,0.050018125,1353749,676874633,0.000000,0.000000
filter/first,500,5,67392,0.050018625,1347338,673669058,0.000000,0.000000
filter/first,500,6,63488,0.050032375,1268938,634469181,0.000000,0.000000
filter/last,500,0,56896,0.050011583,1137656,568828225,0.000000,0.000000
filter/last,500,1,63680,0.050013042,1273268,636633940,0.000000,0.000000
filter/last,500,2,64032,0.050016708,1280212,640106102,0.000000,0.000000
filter/last,500,3,64256,0.050014708,1284742,642371040,0.000000,0.000000
filter/last,500,4,63552,0.050033583,1270187,635093433,0.000000,0.000000
filter/last,500,5,64224,0.050004750,1284358,642178993,0.000000,0.000000
filter/last,500,6,64256,0.050004083,1285015,642507533,0.000000,0.000000
filter/computed_last,500,0,58304,0.050001333,1166049,583024457,0.000000,0.000000
filter/computed_last,500,1,58272,0.050009916,1165209,582604458,0.000000,0.000000
filter/computed_last,500,2,57952,0.050023250,1158501,579250648,0.000000,0.000000
filter/computed_last,500,3,58112,0.050006875,1162080,581040107,0.000000,0.000000
filter/computed_last,500,4,58240,0.050015500,1164439,582219512,0.000000,0.000000
filter/computed_last,500,5,57984,0.050024500,1159112,579556018,0.000000,0.000000
filter/computed_last,500,6,58144,0.050009500,1162659,581329547,0.000000,0.000000
filter/chained,500,0,48864,0.050027500,976743,488371396,0.000000,0.000000
filter/chained,500,1,48864,0.050031333,976668,488333981,0.000000,0.000000
filter/chained,500,2,48608,0.050005084,972061,486030580,0.000000,0.000000
filter/chained,500,3,48672,0.050024083,972971,486485679,0.000000,0.000000
filter/chained,500,4,48672,0.050032583,972806,486403031,0.000000,0.000000
filter/chained,500,5,48768,0.050012917,975108,487554045,0.000000,0.000000
filter/chained,500,6,48768,0.050016833,975032,487515873,0.000000,0.000000
filter/predicate,1024,0,35776,0.050037709,714981,732140314,0.000000,0.000000
filter/predicate,1024,1,35360,0.050021500,706896,723861540,0.000000,0.000000
filter/predicate,1024,2,35520,0.050032166,709943,726981918,0.000000,0.000000
filter/predicate,1024,3,35488,0.050036334,709245,726266477,0.000000,0.000000
filter/predicate,1024,4,35328,0.050024667,706212,723160676,0.000000,0.000000
filter/predicate,1024,5,35520,0.050008875,710274,727320501,0.000000,0.000000
filter/predicate,1024,6,35552,0.050002750,711001,728064916,0.000000,0.000000
filter/none,1024,0,37120,0.050018250,742129,759940222,0.000000,0.000000
filter/none,1024,1,36928,0.050035833,738031,755743829,0.000000,0.000000
filter/none,1024,2,36800,0.050017041,735749,753407224,0.000000,0.000000
filter/none,1024,3,36864,0.050027625,736873,754557827,0.000000,0.000000
filter/none,1024,4,36864,0.050020042,736985,754672217,0.000000,0.000000
filter/none,1024,5,37152,0.050035125,742518,760338822,0.000000,0.000000
filter/none,1024,6,37024,0.050034666,739967,757726173,0.000000,0.000000
filter/first,1024,0,39488,0.050021791,789416,808361940,0.000000,0.000000
filter/first,1024,1,39360,0.050028041,786759,805640980,0.000000,0.000000
filter/first,1024,2,39360,0.050001750,787172,806064588,0.000000,0.000000
filter/first,1024,3,39808,0.050030000,795683,814778973,0.000000,0.000000
filter/first,1024,4,39424,0.050035500,787921,806830670,0.000000,0.000000
filter/first,1024,5,39424,0.050014709,788248,807166068,0.000000,0.000000
filter/first,1024,6,39328,0.050013750,786344,805216006,0.000000,0.000000
filter/last,1024,0,38176,0.050013666,763311,781630845,0.000000,0.000000
filter/last,1024,1,37792,0.050022000,755508,773639759,0.000000,0.000000
filter/last,1024,2,35072,0.050030292,701015,717839664,0.000000,0.000000
filter/last,1024,3,37824,0.050037500,755913,774054979,0.000000,0.000000
filter/last,1024,4,37792,0.050033417,755335,773463224,0.000000,0.000000
filter/last,1024,5,37920,0.050034666,757875,776063540,0.000000,0.000000
filter/last,1024,6,37952,0.050028667,758605,776811583,0.000000,0.000000
filter/computed_last,1024,0,35680,0.050027583,713207,730323510,0.000000,0.000000
filter/computed_last,1024,1,35584,0.050027875,711283,728354262,0.000000,0.000000
filter/computed_last,1024,2,35712,0.050013708,714044,731181299,0.000000,0.000000
filter/computed_last,1024,3,35712,0.050042417,713635,730761826,0.000000,0.000000
filter/computed_last,1024,4,36032,0.050005791,720557,737849902,0.000000,0.000000
filter/computed_last,1024,5,35552,0.050010041,710897,727958771,0.000000,0.000000
filter/computed_last,1024,6,35616,0.050024083,711977,729064519,0.000000,0.000000
filter/chained,1024,0,31840,0.050029500,636425,651698698,0.000000,0.000000
filter/chained,1024,1,31936,0.050034084,638285,653603731,0.000000,0.000000
filter/chained,1024,2,31776,0.050027750,635167,650411502,0.000000,0.000000
filter/chained,1024,3,32064,0.050040333,640763,656141437,0.000000,0.000000
filter/chained,1024,4,32000,0.050025791,639670,655022126,0.000000,0.000000
filter/chained,1024,5,32192,0.050041542,643306,658744848,0.000000,0.000000
filter/chained,1024,6,32352,0.050044834,646460,661975380,0.000000,0.000000
filter/predicate,10240,0,4672,0.050097625,93258,954961039,0.000000,0.000000
filter/predicate,10240,1,4672,0.050141584,93176,954123827,0.000000,0.000000
filter/predicate,10240,2,4672,0.050172416,93119,953537498,0.000000,0.000000
filter/predicate,10240,3,4672,0.050276291,92927,951567410,0.000000,0.000000
filter/predicate,10240,4,4672,0.050170000,93123,953583416,0.000000,0.000000
filter/predicate,10240,5,4672,0.050098042,93257,954953090,0.000000,0.000000
filter/predicate,10240,6,4672,0.050065708,93317,955569828,0.000000,0.000000
filter/none,10240,0,4704,0.050165250,93770,960205720,0.000000,0.000000
filter/none,10240,1,4704,0.050166709,93767,960177794,0.000000,0.000000
filter/none,10240,2,4704,0.050139917,93817,960690860,0.000000,0.000000
filter/none,10240,3,4704,0.050083458,93923,961773846,0.000000,0.000000
filter/none,10240,4,4704,0.050172542,93756,960066165,0.000000,0.000000
filter/none,10240,5,4704,0.050150667,93797,960484932,0.000000,0.000000
filter/none,10240,6,4704,0.050085750,93919,961729833,0.000000,0.000000
filter/first,10240,0,4736,0.050083000,94563,968325380,0.000000,0.000000
filter/first,10240,1,4736,0.050112125,94508,967762592,0.000000,0.000000
filter/first,10240,2,4736,0.050136875,94461,967284858,0.000000,0.000000
filter/first,10240,3,4736,0.050250250,94248,965102462,0.000000,0.000000
filter/first,10240,4,4736,0.050195375,94351,966157539,0.000000,0.000000
filter/first,10240,5,4704,0.050058167,93971,962259765,0.000000,0.000000
filter/first,10240,6,4736,0.050053542,94619,968895268,0.000000,0.000000
filter/last,10240,0,4704,0.050068208,93952,962066787,0.000000,0.000000
filter/last,10240,1,4704,0.050066375,93955,962102010,0.000000,0.000000
filter/last,10240,2,4704,0.050085666,93919,961731446,0.000000,0.000000
filter/last,10240,3,4704,0.050140458,93816,960680495,0.000000,0.000000
filter/last,10240,4,4704,0.050053667,93979,962346275,0.000000,0.000000
filter/last,10240,5,4704,0.050068292,93952,962065173,0.000000,0.000000
filter/last,10240,6,4704,0.050088834,93913,961670619,0.000000,0.000000
filter/computed_last,10240,0,4672,0.050085084,93281,955200155,0.000000,0.000000
filter/computed_last,10240,1,4672,0.050064583,93319,955591301,0.000000,0.000000
filter/computed_last,10240,2,4672,0.050082250,93287,955254207,0.000000,0.000000
filter/computed_last,10240,3,4000,0.050502250,79204,811052973,0.000000,0.000000
filter/computed_last,10240,4,3776,0.050171750,75261,770677523,0.000000,0.000000
filter/computed_last,10240,5,4672,0.050085792,93280,955186653,0.000000,0.000000
filter/computed_last,10240,6,4672,0.050115833,93224,954614084,0.000000,0.000000
filter/chained,10240,0,4608,0.050211833,91771,939737054,0.000000,0.000000
filter/chained,10240,1,4640,0.050320875,92208,944212516,0.000000,0.000000
filter/chained,10240,2,4608,0.050206542,91781,939836087,0.000000,0.000000
filter/chained,10240,3,4608,0.050265666,91673,938730624,0.000000,0.000000
filter/chained,10240,4,4608,0.050262041,91680,938798327,0.000000,0.000000
filter/chained,10240,5,4608,0.050007000,92147,943586298,0.000000,0.000000
filter/chained,10240,6,4608,0.050222583,91752,939535906,0.000000,0.000000
filter/predicate,65536,0,768,0.051203583,14999,982971211,0.000000,0.000000
filter/predicate,65536,1,768,0.051328083,14963,980586943,0.000000,0.000000
filter/predicate,65536,2,768,0.051133209,15020,984324062,0.000000,0.000000
filter/predicate,65536,3,768,0.051231000,14991,982445160,0.000000,0.000000
filter/predicate,65536,4,768,0.051145125,15016,984094730,0.000000,0.000000
filter/predicate,65536,5,768,0.051028292,15050,986347887,0.000000,0.000000
filter/predicate,65536,6,768,0.050891875,15091,988991818,0.000000,0.000000
filter/none,65536,0,768,0.051048666,15044,985954227,0.000000,0.000000
filter/none,65536,1,768,0.051078541,15036,985377558,0.000000,0.000000
filter/none,65536,2,768,0.051055459,15042,985823044,0.000000,0.000000
filter/none,65536,3,768,0.051065958,15039,985620362,0.000000,0.000000
filter/none,65536,4,768,0.051050833,15044,985912375,0.000000,0.000000
filter/none,65536,5,768,0.050859125,15101,989628665,0.000000,0.000000
filter/none,65536,6,768,0.051087917,15033,985196715,0.000000,0.000000
filter/first,65536,0,768,0.051051959,15043,985890630,0.000000,0.000000
filter/first,65536,1,768,0.051021833,15052,986472752,0.000000,0.000000
filter/first,65536,2,768,0.050870208,15097,989413057,0.000000,0.000000
filter/first,65536,3,768,0.051025291,15051,986405898,0.000000,0.000000
filter/first,65536,4,768,0.050981584,15064,987251553,0.000000,0.000000
filter/first,65536,5,768,0.050979000,15065,987301595,0.000000,0.000000
filter/first,65536,6,768,0.050988209,15062,987123278,0.000000,0.000000
filter/last,65536,0,768,0.051055500,15042,985822252,0.000000,0.000000
filter/last,65536,1,768,0.050849625,15103,989813553,0.000000,0.000000
filter/last,65536,2,768,0.051088584,15033,985183852,0.000000,0.000000
filter/last,65536,3,768,0.051064750,15040,985643678,0.000000,0.000000
filter/last,65536,4,768,0.051055209,15043,985827871,0.000000,0.000000
filter/last,65536,5,768,0.051084625,15034,985260203,0.000000,0.000000
filter/last,65536,6,768,0.051024958,15051,986412336,0.000000,0.000000
filter/computed_last,65536,0,768,0.051094959,15031,985060933,0.000000,0.000000
filter/computed_last,65536,1,768,0.051124833,15022,984485328,0.000000,0.000000
filter/computed_last,65536,2,768,0.051105000,15028,984867391,0.000000,0.000000
filter/computed_last,65536,3,768,0.051046834,15045,985989611,0.000000,0.000000
filter/computed_last,65536,4,768,0.051113292,15025,984707618,0.000000,0.000000
filter/computed_last,65536,5,768,0.051133667,15019,984315246,0.000000,0.000000
filter/computed_last,65536,6,768,0.051310166,14968,980929354,0.000000,0.000000
filter/chained,65536,0,768,0.051111667,15026,984738925,0.000000,0.000000
filter/chained,65536,1,768,0.051200083,15000,983038406,0.000000,0.000000
filter/chained,65536,2,768,0.050926375,15081,988321827,0.000000,0.000000
filter/chained,65536,3,768,0.051226334,14992,982534647,0.000000,0.000000
filter/chained,65536,4,768,0.051187417,15004,983281653,0.000000,0.000000
filter/chained,65536,5,768,0.051263375,14981,981824704,0.000000,0.000000
filter/chained,65536,6,768,0.051257125,14983,981944422,0.000000,0.000000
filter/predicate,1048576,0,64,0.067603916,947,992677170,0.000000,0.000000
filter/predicate,1048576,1,64,0.067695666,945,991331764,0.000000,0.000000
filter/predicate,1048576,2,64,0.067755875,945,990450850,0.000000,0.000000
filter/predicate,1048576,3,64,0.067684875,946,991489812,0.000000,0.000000
filter/predicate,1048576,4,64,0.067864875,943,988860055,0.000000,0.000000
filter/predicate,1048576,5,64,0.067627250,946,992334658,0.000000,0.000000
filter/predicate,1048576,6,64,0.067636083,946,992205063,0.000000,0.000000
filter/none,1048576,0,64,0.067825209,944,989438366,0.000000,0.000000
filter/none,1048576,1,64,0.067707416,945,991159728,0.000000,0.000000
filter/none,1048576,2,64,0.067647292,946,992040657,0.000000,0.000000
filter/none,1048576,3,64,0.067526000,948,993822587,0.000000,0.000000
filter/none,1048576,4,64,0.067650375,946,991995447,0.000000,0.000000
filter/none,1048576,5,64,0.067622125,946,992409866,0.000000,0.000000
filter/none,1048576,6,64,0.067772875,944,990202408,0.000000,0.000000
filter/first,1048576,0,64,0.067511417,948,994037260,0.000000,0.000000
filter/first,1048576,1,64,0.067752708,945,990497147,0.000000,0.000000
filter/first,1048576,2,64,0.067704417,945,991203632,0.000000,0.000000
filter/first,1048576,3,64,0.067741875,945,990655544,0.000000,0.000000
filter/first,1048576,4,64,0.067703542,945,991216442,0.000000,0.000000
filter/first,1048576,5,64,0.067712833,945,991080435,0.000000,0.000000
filter/first,1048576,6,64,0.067677083,946,991603967,0.000000,0.000000
filter/last,1048576,0,64,0.067247334,952,997940885,0.000000,0.000000
filter/last,1048576,1,64,0.067717833,945,991007258,0.000000,0.000000
filter/last,1048576,2,64,0.067739291,945,990693333,0.000000,0.000000
filter/last,1048576,3,64,0.067712666,945,991082880,0.000000,0.000000
filter/last,1048576,4,64,0.067725709,945,990892011,0.000000,0.000000
filter/last,1048576,5,64,0.067723833,945,990919460,0.000000,0.000000
filter/last,1048576,6,64,0.067486750,948,994400590,0.000000,0.000000
filter/computed_last,1048576,0,64,0.067734333,945,990765850,0.000000,0.000000
filter/computed_last,1048576,1,64,0.067409792,949,995535841,0.000000,0.000000
filter/computed_last,1048576,2,64,0.067598458,947,992757320,0.000000,0.000000
filter/computed_last,1048576,3,64,0.067634750,946,992224618,0.000000,0.000000
filter/computed_last,1048576,4,64,0.067709583,945,991128006,0.000000,0.000000
filter/computed_last,1048576,5,64,0.067677083,946,991603967,0.000000,0.000000
filter/computed_last,1048576,6,64,0.067813250,944,989612856,0.000000,0.000000
filter/chained,1048576,0,64,0.067614791,947,992517510,0.000000,0.000000
filter/chained,1048576,1,64,0.067613208,947,992540747,0.000000,0.000000
filter/chained,1048576,2,64,0.067600916,947,992721223,0.000000,0.000000
filter/chained,1048576,3,64,0.067609834,947,992590279,0.000000,0.000000
filter/chained,1048576,4,64,0.067608250,947,992613535,0.000000,0.000000
filter/chained,1048576,5,64,0.067300250,951,997156236,0.000000,0.000000
filter/chained,1048576,6,64,0.067647375,946,992039440,0.000000,0.000000
filter/wide_predicate,164,0,33920,0.050019750,678132,111213671,0.000000,0.000000
filter/wide_predicate,164,1,33728,0.050039167,674032,110541249,0.000000,0.000000
filter/wide_predicate,164,2,33536,0.050011959,670560,109971777,0.000000,0.000000
filter/wide_predicate,164,3,33888,0.050025750,677411,111095426,0.000000,0.000000
filter/wide_predicate,164,4,33920,0.050021500,678108,111209780,0.000000,0.000000
filter/wide_predicate,164,5,33952,0.050009750,678908,111340849,0.000000,0.000000
filter/wide_predicate,164,6,33664,0.050037417,672777,110335352,0.000000,0.000000
filter/wide_last,164,0,62848,0.050016709,1256540,206072575,0.000000,0.000000
filter/wide_last,164,1,62880,0.050015125,1257220,206184029,0.000000,0.000000
filter/wide_last,164,2,62688,0.050004667,1253643,205597450,0.000000,0.000000
filter/wide_last,164,3,62816,0.050014083,1255966,205978464,0.000000,0.000000
filter/wide_last,164,4,62080,0.050022541,1241041,203530644,0.000000,0.000000
filter/wide_last,164,5,62656,0.050016959,1252695,205441998,0.000000,0.000000
filter/wide_last,164,6,62688,0.050016875,1253337,205547268,0.000000,0.000000
filter/sequence_last,164,0,30016,0.050022416,600051,98408362,0.000000,0.000000
filter/sequence_last,164,1,30048,0.050007917,600865,98541837,0.000000,0.000000
filter/sequence_last,164,2,30272,0.050052250,604808,99188508,0.000000,0.000000
filter/sequence_last,164,3,30080,0.050017125,601394,98628620,0.000000,0.000000
filter/sequence_last,164,4,29856,0.050052708,596491,97824557,0.000000,0.000000
filter/sequence_last,164,5,29824,0.050010208,596358,97802753,0.000000,0.000000
filter/sequence_last,164,6,29696,0.050000208,593918,97402475,0.000000,0.000000
filter/wide_predicate,2736,0,2080,0.050053625,41555,113695661,0.000000,0.000000
filter/wide_predicate,2736,1,2112,0.050474667,41843,114481825,0.000000,0.000000
filter/wide_predicate,2736,2,2144,0.050414292,42528,116355576,0.000000,0.000000
filter/wide_predicate,2736,3,2080,0.050472750,41210,112751534,0.000000,0.000000
filter/wide_predicate,2736,4,2144,0.050751209,42245,115583138,0.000000,0.000000
filter/wide_predicate,2736,5,2080,0.050054958,41554,113692634,0.000000,0.000000
filter/wide_predicate,2736,6,2112,0.050454750,41859,114527017,0.000000,0.000000
filter/wide_last,2736,0,4448,0.050220875,88569,242324093,0.000000,0.000000
filter/wide_last,2736,1,4544,0.050091750,90714,248192247,0.000000,0.000000
filter/wide_last,2736,2,4576,0.050305542,90964,248877867,0.000000,0.000000
filter/wide_last,2736,3,4576,0.050287250,90997,248968397,0.000000,0.000000
filter/wide_last,2736,4,4544,0.050072041,90749,248289939,0.000000,0.000000
filter/wide_last,2736,5,4576,0.050261042,91045,249098218,0.000000,0.000000
filter/wide_last,2736,6,4576,0.050241750,91080,249193868,0.000000,0.000000
filter/sequence_last,2736,0,2240,0.050675583,44203,120938717,0.000000,0.000000
filter/sequence_last,2736,1,2208,0.050109916,44063,120556738,0.000000,0.000000
filter/sequence_last,2736,2,2176,0.050229375,43321,118526977,0.000000,0.000000
filter/sequence_last,2736,3,2176,0.050260875,43294,118452693,0.000000,0.000000
filter/sequence_last,2736,4,2208,0.050591042,43644,119410231,0.000000,0.000000
filter/sequence_last,2736,5,2208,0.050349083,43854,119984072,0.000000,0.000000
filter/sequence_last,2736,6,2208,0.050549542,43680,119508264,0.000000,0.000000
filter/wide_predicate,23392,0,288,0.055840167,5158,120646058,0.000000,0.000000
filter/wide_predicate,23392,1,224,0.056247125,3982,93156904,0.000000,0.000000
filter/wide_predicate,23392,2,288,0.054869458,5249,122780436,0.000000,0.000000
filter/wide_predicate,23392,3,288,0.054181958,5315,124338364,0.000000,0.000000
filter/wide_predicate,23392,4,288,0.055189875,5218,122067608,0.000000,0.000000
filter/wide_predicate,23392,5,288,0.054681959,5267,123201438,0.000000,0.000000
filter/wide_predicate,23392,6,288,0.055112292,5226,122239445,0.000000,0.000000
filter/wide_last,23392,0,608,0.052693333,11538,269907694,0.000000,0.000000
filter/wide_last,23392,1,576,0.051591917,11165,261160910,0.000000,0.000000
filter/wide_last,23392,2,576,0.051626375,11157,260986598,0.000000,0.000000
filter/wide_last,23392,3,608,0.051494125,11807,276193372,0.000000,0.000000
filter/wide_last,23392,4,608,0.051874125,11721,274170138,0.000000,0.000000
filter/wide_last,23392,5,608,0.052012125,11690,273442702,0.000000,0.000000
filter/wide_last,23392,6,448,0.050683083,8839,206767532,0.000000,0.000000
filter/sequence_last,23392,0,288,0.051600166,5581,130559580,0.000000,0.000000
filter/sequence_last,23392,1,288,0.051578791,5584,130613686,0.000000,0.000000
filter/sequence_last,23392,2,288,0.052502333,5485,128316126,0.000000,0.000000
filter/sequence_last,23392,3,288,0.052421125,5494,128514907,0.000000,0.000000
filter/sequence_last,23392,4,288,0.051933709,5546,129721064,0.000000,0.000000
filter/sequence_last,23392,5,288,0.053525625,5381,125863005,0.000000,0.000000
filter/sequence_last,23392,6,288,0.051896208,5550,129814803,0.000000,0.000000
filter/nested,892,0,4000,0.050231083,79632,71031716,0.000000,0.000000
filter/nested,892,1,4000,0.050305375,79514,70926814,0.000000,0.000000
filter/nested,892,2,4000,0.050262958,79581,70986670,0.000000,0.000000
filter/nested,892,3,4000,0.050379750,79397,70822106,0.000000,0.000000
filter/nested,892,4,4000,0.050384208,79390,70815840,0.000000,0.000000
filter/nested,892,5,4000,0.050352625,79440,70860258,0.000000,0.000000
filter/nested,892,6,4000,0.050253958,79596,70999383,0.000000,0.000000
filter/per_group,892,0,5568,0.050068834,111207,99196558,0.000000,0.000000
filter/per_group,892,1,5568,0.050088958,111162,99156704,0.000000,0.000000
filter/per_group,892,2,5568,0.050259959,110784,98819340,0.000000,0.000000
filter/per_group,892,3,5568,0.050245375,110816,98848023,0.000000,0.000000
filter/per_group,892,4,5568,0.050270458,110761,98798702,0.000000,0.000000
filter/per_group,892,5,5568,0.050158250,111009,99019723,0.000000,0.000000
filter/per_group,892,6,5568,0.050095125,111149,99144498,0.000000,0.000000
filter/global,892,0,8128,0.050148042,162080,144575455,0.000000,0.000000
filter/global,892,1,8128,0.050125417,162153,144640712,0.000000,0.000000
filter/global,892,2,8096,0.050018333,161861,144379702,0.000000,0.000000
filter/global,892,3,8096,0.050035625,161805,144329805,0.000000,0.000000
filter/global,892,4,8064,0.050031459,161179,143771302,0.000000,0.000000
filter/global,892,5,8096,0.050074459,161679,144217874,0.000000,0.000000
filter/global,892,6,8096,0.050080416,161660,144200719,0.000000,0.000000
filter/deep,136,0,3872,0.050200708,77130,10489733,0.000000,0.000000
filter/deep,136,1,3840,0.050138292,76588,10415991,0.000000,0.000000
filter/deep,136,2,3840,0.050169750,76540,10409460,0.000000,0.000000
filter/deep,136,3,3872,0.050180875,77161,10493878,0.000000,0.000000
filter/deep,136,4,3904,0.050372292,77503,10540398,0.000000,0.000000
filter/deep,136,5,3840,0.050071042,76691,10429981,0.000000,0.000000
filter/deep,136,6,3840,0.050016917,76774,10441267,0.000000,0.000000
filter/negative_chain,20,0,4448,0.050143125,88706,1774122,0.000000,0.000000
filter/negative_chain,20,1,4448,0.050082500,88813,1776269,0.000000,0.000000
filter/negative_chain,20,2,4480,0.050236459,89178,1783565,0.000000,0.000000
filter/negative_chain,20,3,4416,0.050009334,88304,1766070,0.000000,0.000000
filter/negative_chain,20,4,4448,0.050274333,88475,1769491,0.000000,0.000000
filter/negative_chain,20,5,4352,0.050165167,86753,1735068,0.000000,0.000000
filter/negative_chain,20,6,4352,0.050149625,86780,1735606,0.000000,0.000000
compile/aggregate,0,0,120352,0.050012833,2406422,0,18.000000,1360.000000
compile/aggregate,0,1,121664,0.050012959,2432650,0,18.000000,1360.000000
compile/aggregate,0,2,121504,0.050010250,2429582,0,18.000000,1360.000000
compile/aggregate,0,3,121408,0.050000708,2428126,0,18.000000,1360.000000
compile/aggregate,0,4,121312,0.050008375,2425834,0,18.000000,1360.000000
compile/aggregate,0,5,121984,0.050003958,2439487,0,18.000000,1360.000000
compile/aggregate,0,6,121824,0.050001166,2436423,0,18.000000,1360.000000
aggregate/count,100,0,199328,0.050006041,3986078,398607840,0.000000,0.000000
aggregate/count,100,1,195232,0.050001708,3904507,390450662,0.000000,0.000000
aggregate/count,100,2,195840,0.050006333,3916304,391630396,0.000000,0.000000
aggregate/count,100,3,195648,0.050006625,3912442,391244160,0.000000,0.000000
aggregate/count,100,4,196192,0.050007000,3923291,392329074,0.000000,0.000000
aggregate/count,100,5,196480,0.050001208,3929505,392950506,0.000000,0.000000
aggregate/count,100,6,196032,0.050000417,3920607,392060730,0.000000,0.000000
aggregate/sum,100,0,187680,0.050007250,3753056,375305581,0.000000,0.000000
aggregate/sum,100,1,187584,0.050001542,3751564,375156430,0.000000,0.000000
aggregate/sum,100,2,190304,0.050005125,3805690,380568992,0.000000,0.000000
aggregate/sum,100,3,187680,0.050007917,3753006,375300575,0.000000,0.000000
aggregate/sum,100,4,188512,0.050001667,3770114,377011430,0.000000,0.000000
aggregate/sum,100,5,188416,0.050003083,3768088,376808766,0.000000,0.000000
aggregate/sum,100,6,188320,0.050005125,3766014,376601398,0.000000,0.000000
aggregate/min,100,0,187552,0.050006292,3750568,375056803,0.000000,0.000000
aggregate/min,100,1,189696,0.050003375,3793664,379366393,0.000000,0.000000
aggregate/min,100,2,188320,0.050001708,3766271,376627134,0.000000,0.000000
aggregate/min,100,3,188992,0.050002708,3779635,377963529,0.000000,0.000000
aggregate/min,100,4,191456,0.050003417,3828858,382885834,0.000000,0.000000
aggregate/min,100,5,191136,0.050005458,3822303,382230276,0.000000,0.000000
aggregate/min,100,6,188992,0.050006500,3779349,377934868,0.000000,0.000000
aggregate/max,100,0,189344,0.050004458,3786542,378654239,0.000000,0.000000
aggregate/max,100,1,179616,0.050008458,3591712,359171243,0.000000,0.000000
aggregate/max,100,2,185280,0.050003375,3705350,370534989,0.000000,0.000000
aggregate/max,100,3,188416,0.050005958,3767871,376787102,0.000000,0.000000
aggregate/max,100,4,188256,0.050004167,3764806,376480624,0.000000,0.000000
aggregate/max,100,5,188160,0.050002709,3762996,376299612,0.000000,0.000000
aggregate/max,100,6,189312,0.050002458,3786054,378605388,0.000000,0.000000
aggregate/filtered_count,100,0,127328,0.050006083,2546250,254625022,0.000000,0.000000
aggregate/filtered_count,100,1,127648,0.050005833,2552662,255266221,0.000000,0.000000
aggregate/filtered_count,100,2,127360,0.050006750,2546856,254685617,0.000000,0.000000
aggregate/filtered_count,100,3,128128,0.050007208,2562191,256219063,0.000000,0.000000
aggregate/filtered_count,100,4,116992,0.050004834,2339614,233961381,0.000000,0.000000
aggregate/filtered_count,100,5,107808,0.050007417,2155840,215584020,0.000000,0.000000
aggregate/filtered_count,100,6,125952,0.050010666,2518503,251850275,0.000000,0.000000
aggregate/filtered_sum,100,0,125120,0.050011084,2501845,250184539,0.000000,0.000000
aggregate/filtered_sum,100,1,125888,0.050008750,2517319,251731947,0.000000,0.000000
aggregate/filtered_sum,100,2,125888,0.050010250,2517244,251724396,0.000000,0.000000
aggregate/filtered_sum,100,3,126016,0.050003250,2520156,252015619,0.000000,0.000000
aggregate/filtered_sum,100,4,126752,0.050005083,2534782,253478231,0.000000,0.000000
aggregate/filtered_sum,100,5,127488,0.050000417,2549739,254973874,0.000000,0.000000
aggregate/filtered_sum,100,6,126944,0.050008750,2538436,253843577,0.000000,0.000000
aggregate/empty_sum,100,0,141664,0.050003917,2833058,283305806,0.000000,0.000000
aggregate/empty_sum,100,1,141696,0.050004333,2833674,283367443,0.000000,0.000000
aggregate/empty_sum,100,2,141568,0.050003958,2831136,283113589,0.000000,0.000000
aggregate/empty_sum,100,3,141152,0.050002458,2822901,282290123,0.000000,0.000000
aggregate/empty_sum,100,4,141504,0.050008500,2829599,282959897,0.000000,0.000000
aggregate/empty_sum,100,5,142176,0.050007625,2843086,284308643,0.000000,0.000000
aggregate/empty_sum,100,6,141440,0.050009583,2828258,282825794,0.000000,0.000000
aggregate/count,500,0,74528,0.050005542,1490395,745197402,0.000000,0.000000
aggregate/count,500,1,74400,0.050002291,1487932,743965911,0.000000,0.000000
aggregate/count,500,2,74400,0.050015958,1487525,743762621,0.000000,0.000000
aggregate/count,500,3,74560,0.050006292,1491012,745506186,0.000000,0.000000
aggregate/count,500,4,74496,0.050002625,1489842,744920892,0.000000,0.000000
aggregate/count,500,5,74432,0.050010334,1488332,744166196,0.000000,0.000000
aggregate/count,500,6,74496,0.050010291,1489613,744806704,0.000000,0.000000
aggregate/sum,500,0,73440,0.050002959,1468713,734356541,0.000000,0.000000
aggregate/sum,500,1,73376,0.050018042,1466991,733495326,0.000000,0.000000
aggregate/sum,500,2,73440,0.050018625,1468253,734126538,0.000000,0.000000
aggregate/sum,500,3,73376,0.050001167,1467486,733742874,0.000000,0.000000
aggregate/sum,500,4,73248,0.050009625,1464678,732339025,0.000000,0.000000
aggregate/sum,500,5,73120,0.050003375,1462301,731150647,0.000000,0.000000
aggregate/sum,500,6,73792,0.050014833,1475402,737701154,0.000000,0.000000
aggregate/min,500,0,73248,0.050019708,1464383,732191399,0.000000,0.000000
aggregate/min,500,1,73440,0.050007875,1468569,734284350,0.000000,0.000000
aggregate/min,500,2,73312,0.050003125,1466148,733074183,0.000000,0.000000
aggregate/min,500,3,73312,0.050018333,1465703,732851293,0.000000,0.000000
aggregate/min,500,4,73312,0.050019125,1465679,732839689,0.000000,0.000000
aggregate/min,500,5,73280,0.050015000,1465160,732580226,0.000000,0.000000
aggregate/min,500,6,73568,0.050018542,1470815,735407282,0.000000,0.000000
aggregate/max,500,0,73088,0.050009000,1461497,730748465,0.000000,0.000000
aggregate/max,500,1,73344,0.050005208,1466727,733363613,0.000000,0.000000
aggregate/max,500,2,73120,0.050006167,1462220,731109825,0.000000,0.000000
aggregate/max,500,3,73120,0.050000541,1462384,731192089,0.000000,0.000000
aggregate/max,500,4,73056,0.050016750,1460631,730315344,0.000000,0.000000
aggregate/max,500,5,73504,0.050021292,1469454,734727124,0.000000,0.000000
aggregate/max,500,6,70208,0.050023291,1403506,701753109,0.000000,0.000000
aggregate/filtered_count,500,0,62368,0.050011583,1247071,623535552,0.000000,0.000000
aggregate/filtered_count,500,1,62208,0.050022458,1243601,621800712,0.000000,0.000000
aggregate/filtered_count,500,2,62208,0.050001583,1244121,622060306,0.000000,0.000000
aggregate/filtered_count,500,3,62272,0.050010334,1245183,622591323,0.000000,0.000000
aggregate/filtered_count,500,4,62432,0.050011291,1248358,624179048,0.000000,0.000000
aggregate/filtered_count,500,5,62176,0.050017833,1243077,621538322,0.000000,0.000000
aggregate/filtered_count,500,6,62112,0.050017542,1241804,620902163,0.000000,0.000000
aggregate/filtered_sum,500,0,61536,0.050003875,1230625,615312313,0.000000,0.000000
aggregate/filtered_sum,500,1,61920,0.050005708,1238259,619129320,0.000000,0.000000
aggregate/filtered_sum,500,2,61888,0.050019250,1237284,618641823,0.000000,0.000000
aggregate/filtered_sum,500,3,61888,0.050018458,1237303,618651619,0.000000,0.000000
aggregate/filtered_sum,500,4,61888,0.050019833,1237269,618634612,0.000000,0.000000
aggregate/filtered_sum,500,5,61888,0.050015708,1237371,618685634,0.000000,0.000000
aggregate/filtered_sum,500,6,61888,0.050018750,1237296,618648007,0.000000,0.000000
aggregate/empty_sum,500,0,65792,0.050007709,1315637,657818578,0.000000,0.000000
aggregate/empty_sum,500,1,65280,0.050006542,1305429,652714599,0.000000,0.000000
aggregate/empty_sum,500,2,65408,0.050009208,1307919,653959567,0.000000,0.000000
aggregate/empty_sum,500,3,65280,0.050003125,1305518,652759203,0.000000,0.000000
aggregate/empty_sum,500,4,65216,0.050004208,1304210,652105119,0.000000,0.000000
aggregate/empty_sum,500,5,65152,0.050009459,1302794,651396769,0.000000,0.000000
aggregate/empty_sum,500,6,65120,0.050014458,1302024,651011753,0.000000,0.000000
aggregate/count,1024,0,41440,0.050019166,828482,848366004,0.000000,0.000000
aggregate/count,1024,1,41152,0.050027125,822594,842335993,0.000000,0.000000
aggregate/count,1024,2,41280,0.050025833,825174,844977834,0.000000,0.000000
aggregate/count,1024,3,41344,0.050012458,826674,846514203,0.000000,0.000000
aggregate/count,1024,4,41312,0.050012541,826033,845857602,0.000000,0.000000
aggregate/count,1024,5,41280,0.050035250,825018,844818803,0.000000,0.000000
aggregate/count,1024,6,41344,0.050002167,826844,846688425,0.000000,0.000000
aggregate/sum,1024,0,41120,0.050038000,821775,841498061,0.000000,0.000000
aggregate/sum,1024,1,41120,0.050011958,822203,841936243,0.000000,0.000000
aggregate/sum,1024,2,40992,0.050005042,819757,839431512,0.000000,0.000000
aggregate/sum,1024,3,40896,0.050024541,817519,837139195,0.000000,0.000000
aggregate/sum,1024,4,40896,0.050011166,817737,837363080,0.000000,0.000000
aggregate/sum,1024,5,40928,0.050034375,817998,837629570,0.000000,0.000000
aggregate/sum,1024,6,40864,0.050011959,817085,836694599,0.000000,0.000000
aggregate/min,1024,0,40896,0.050036875,817317,836932842,0.000000,0.000000
aggregate/min,1024,1,41440,0.050027083,828351,848231747,0.000000,0.000000
aggregate/min,1024,2,41280,0.050031709,825077,844878595,0.000000,0.000000
aggregate/min,1024,3,40992,0.050015542,819585,839255286,0.000000,0.000000
aggregate/min,1024,4,41088,0.050037375,821146,840853702,0.000000,0.000000
aggregate/min,1024,5,41088,0.050036500,821161,840868406,0.000000,0.000000
aggregate/min,1024,6,41152,0.050026709,822601,842342997,0.000000,0.000000
aggregate/max,1024,0,41088,0.050020875,821417,841131068,0.000000,0.000000
aggregate/max,1024,1,41024,0.050010042,820315,840002814,0.000000,0.000000
aggregate/max,1024,2,41664,0.050022959,832898,852887091,0.000000,0.000000
aggregate/max,1024,3,41152,0.050025208,822625,842368272,0.000000,0.000000
aggregate/max,1024,4,41120,0.050005375,822312,842047080,0.000000,0.000000
aggregate/max,1024,5,41088,0.050005625,821668,841387584,0.000000,0.000000
aggregate/max,1024,6,40992,0.050030334,819343,839007151,0.000000,0.000000
aggregate/filtered_count,1024,0,37440,0.050002750,748759,766729030,0.000000,0.000000
aggregate/filtered_count,1024,1,37504,0.050029875,749632,767623265,0.000000,0.000000
aggregate/filtered_count,1024,2,37696,0.050034000,753408,771489467,0.000000,0.000000
aggregate/filtered_count,1024,3,37600,0.050022792,751657,769697141,0.000000,0.000000
aggregate/filtered_count,1024,4,37568,0.050028791,750928,768949863,0.000000,0.000000
aggregate/filtered_count,1024,5,37600,0.050026000,751609,769647783,0.000000,0.000000
aggregate/filtered_count,1024,6,37664,0.050031833,752801,770867939,0.000000,0.000000
aggregate/filtered_sum,1024,0,37344,0.050005958,746791,764713997,0.000000,0.000000
aggregate/filtered_sum,1024,1,37312,0.050033334,745743,763640656,0.000000,0.000000
aggregate/filtered_sum,1024,2,37632,0.050038417,752062,770111652,0.000000,0.000000
aggregate/filtered_sum,1024,3,37344,0.050011208,746713,764633720,0.000000,0.000000
aggregate/filtered_sum,1024,4,37344,0.050003000,746835,764759234,0.000000,0.000000
aggregate/filtered_sum,1024,5,37376,0.050000792,747508,765448355,0.000000,0.000000
aggregate/filtered_sum,1024,6,37312,0.050029375,745802,763701086,0.000000,0.000000
aggregate/empty_sum,1024,0,38464,0.050035958,768727,787176614,0.000000,0.000000
aggregate/empty_sum,1024,1,38304,0.050018250,765800,784179694,0.000000,0.000000
aggregate/empty_sum,1024,2,38848,0.050042291,776303,794934668,0.000000,0.000000
aggregate/empty_sum,1024,3,38784,0.050040292,775055,793656760,0.000000,0.000000
aggregate/empty_sum,1024,4,38464,0.050017417,769012,787468413,0.000000,0.000000
aggregate/empty_sum,1024,5,38464,0.050006375,769182,787642296,0.000000,0.000000
aggregate/empty_sum,1024,6,38496,0.050015083,769688,788160324,0.000000,0.000000
aggregate/count,10240,0,4768,0.050265000,94857,971338307,0.000000,0.000000
aggregate/count,10240,1,4768,0.050248667,94888,971654034,0.000000,0.000000
aggregate/count,10240,2,4768,0.050236750,94911,971884527,0.000000,0.000000
aggregate/count,10240,3,4032,0.050350375,80079,820007398,0.000000,0.000000
aggregate/count,10240,4,4544,0.050249958,90428,925982067,0.000000,0.000000
aggregate/count,10240,5,4768,0.050195625,94988,972680786,0.000000,0.000000
aggregate/count,10240,6,4768,0.050291709,94807,970822447,0.000000,0.000000
aggregate/sum,10240,0,4768,0.050286167,94817,970929441,0.000000,0.000000
aggregate/sum,10240,1,4768,0.050299958,94791,970663236,0.000000,0.000000
aggregate/sum,10240,2,4768,0.050143833,95086,973685438,0.000000,0.000000
aggregate/sum,10240,3,4768,0.050190958,94997,972771231,0.000000,0.000000
aggregate/sum,10240,4,4768,0.050233833,94916,971940963,0.000000,0.000000
aggregate/sum,10240,5,4768,0.050144458,95085,973673302,0.000000,0.000000
aggregate/sum,10240,6,4768,0.050272125,94844,971200641,0.000000,0.000000
aggregate/min,10240,0,4704,0.050206125,93694,959423975,0.000000,0.000000
aggregate/min,10240,1,4736,0.050094791,94541,968097461,0.000000,0.000000
aggregate/min,10240,2,4768,0.050336542,94722,969957769,0.000000,0.000000
aggregate/min,10240,3,4736,0.050056416,94613,968839639,0.000000,0.000000
aggregate/min,10240,4,4736,0.050153792,94430,966958590,0.000000,0.000000
aggregate/min,10240,5,4768,0.050122917,95126,974091751,0.000000,0.000000
aggregate/min,10240,6,4768,0.050102209,95165,974494358,0.000000,0.000000
aggregate/max,10240,0,4768,0.050083875,95200,974851087,0.000000,0.000000
aggregate/max,10240,1,4800,0.050331167,95368,976571833,0.000000,0.000000
aggregate/max,10240,2,4768,0.050112500,95146,974294238,0.000000,0.000000
aggregate/max,10240,3,4768,0.050081625,95205,974894884,0.000000,0.000000
aggregate/max,10240,4,4768,0.050063084,95240,975255939,0.000000,0.000000
aggregate/max,10240,5,4768,0.050052208,95261,975467855,0.000000,0.000000
aggregate/max,10240,6,4768,0.050071458,95224,975092836,0.000000,0.000000
aggregate/filtered_count,10240,0,4736,0.050293917,94166,964264525,0.000000,0.000000
aggregate/filtered_count,10240,1,4736,0.050273042,94206,964664919,0.000000,0.000000
aggregate/filtered_count,10240,2,4736,0.050285334,94183,964429112,0.000000,0.000000
aggregate/filtered_count,10240,3,4704,0.050017584,94047,963040518,0.000000,0.000000
aggregate/filtered_count,10240,4,4736,0.050288208,94177,964373994,0.000000,0.000000
aggregate/filtered_count,10240,5,4736,0.050315875,94125,963843717,0.000000,0.000000
aggregate/filtered_count,10240,6,4704,0.050034417,94015,962716524,0.000000,0.000000
aggregate/filtered_sum,10240,0,4736,0.050297542,94160,964195030,0.000000,0.000000
aggregate/filtered_sum,10240,1,4736,0.050268250,94215,964756879,0.000000,0.000000
aggregate/filtered_sum,10240,2,4736,0.050107375,94517,967854333,0.000000,0.000000
aggregate/filtered_sum,10240,3,4704,0.050002667,94075,963327816,0.000000,0.000000
aggregate/filtered_sum,10240,4,4736,0.050336667,94086,963445593,0.000000,0.000000
aggregate/filtered_sum,10240,5,4704,0.050009458,94062,963197002,0.000000,0.000000
aggregate/filtered_sum,10240,6,4480,0.050337250,89000,911356898,0.000000,0.000000
aggregate/empty_sum,10240,0,4736,0.050069666,94588,968583254,0.000000,0.000000
aggregate/empty_sum,10240,1,4736,0.050156584,94424,966904764,0.000000,0.000000
aggregate/empty_sum,10240,2,4736,0.050212167,94320,965834436,0.000000,0.000000
aggregate/empty_sum,10240,3,4736,0.050116541,94500,967677318,0.000000,0.000000
aggregate/empty_sum,10240,4,4736,0.050160625,94417,966826869,0.000000,0.000000
aggregate/empty_sum,10240,5,4736,0.050120416,94492,967602504,0.000000,0.000000
aggregate/empty_sum,10240,6,4736,0.050119041,94495,967629049,0.000000,0.000000
aggregate/count,65536,0,768,0.051812833,14823,971412777,0.000000,0.000000
aggregate/count,65536,1,768,0.050919833,15083,988448803,0.000000,0.000000
aggregate/count,65536,2,768,0.050869250,15098,989431690,0.000000,0.000000
aggregate/count,65536,3,768,0.050886041,15093,989105205,0.000000,0.000000
aggregate/count,65536,4,768,0.050970000,15068,987475927,0.000000,0.000000
aggregate/count,65536,5,768,0.050920167,15082,988442320,0.000000,0.000000
aggregate/count,65536,6,768,0.050901000,15088,988814522,0.000000,0.000000
aggregate/sum,65536,0,768,0.050729917,15139,992149228,0.000000,0.000000
aggregate/sum,65536,1,768,0.050918375,15083,988477107,0.000000,0.000000
aggregate/sum,65536,2,768,0.050910667,15085,988626765,0.000000,0.000000
aggregate/sum,65536,3,768,0.050907000,15086,988697979,0.000000,0.000000
aggregate/sum,65536,4,768,0.050931458,15079,988223192,0.000000,0.000000
aggregate/sum,65536,5,768,0.051643334,14871,974601059,0.000000,0.000000
aggregate/sum,65536,6,768,0.051762541,14837,972356593,0.000000,0.000000
aggregate/min,65536,0,768,0.051124625,15022,984489334,0.000000,0.000000
aggregate/min,65536,1,768,0.051178709,15006,983448957,0.000000,0.000000
aggregate/min,65536,2,768,0.051079000,15036,985368703,0.000000,0.000000
aggregate/min,65536,3,768,0.051054042,15043,985850405,0.000000,0.000000
aggregate/min,65536,4,768,0.051097958,15030,985003119,0.000000,0.000000
aggregate/min,65536,5,768,0.051052292,15043,985884199,0.000000,0.000000
aggregate/min,65536,6,768,0.051137375,15018,984243873,0.000000,0.000000
aggregate/max,65536,0,768,0.051102792,15029,984909944,0.000000,0.000000
aggregate/max,65536,1,768,0.050855792,15102,989693524,0.000000,0.000000
aggregate/max,65536,2,768,0.051095792,15031,985044874,0.000000,0.000000
aggregate/max,65536,3,768,0.051149625,15015,984008153,0.000000,0.000000
aggregate/max,65536,4,768,0.050769000,15127,991385452,0.000000,0.000000
aggregate/max,65536,5,768,0.051124625,15022,984489334,0.000000,0.000000
aggregate/max,65536,6,768,0.050653417,15162,993647635,0.000000,0.000000
aggregate/filtered_count,65536,0,768,0.051210667,14997,982835236,0.000000,0.000000
aggregate/filtered_count,65536,1,768,0.051143375,15017,984128404,0.000000,0.000000
aggregate/filtered_count,65536,2,768,0.051231000,14991,982445160,0.000000,0.000000
aggregate/filtered_count,65536,3,768,0.051185209,15004,983324069,0.000000,0.000000
aggregate/filtered_count,65536,4,768,0.051190833,15003,983216038,0.000000,0.000000
aggregate/filtered_count,65536,5,768,0.051128291,15021,984418744,0.000000,0.000000
aggregate/filtered_count,65536,6,768,0.051163292,15011,983745299,0.000000,0.000000
aggregate/filtered_sum,65536,0,768,0.051160625,15012,983796582,0.000000,0.000000
aggregate/filtered_sum,65536,1,768,0.051373584,14949,979718448,0.000000,0.000000
aggregate/filtered_sum,65536,2,768,0.051263542,14981,981821506,0.000000,0.000000
aggregate/filtered_sum,65536,3,768,0.051177666,15007,983469000,0.000000,0.000000
aggregate/filtered_sum,65536,4,768,0.051213125,14996,982788065,0.000000,0.000000
aggregate/filtered_sum,65536,5,768,0.050899459,15089,988844459,0.000000,0.000000
aggregate/filtered_sum,65536,6,768,0.051124959,15022,984482902,0.000000,0.000000
aggregate/empty_sum,65536,0,768,0.051194583,15002,983144017,0.000000,0.000000
aggregate/empty_sum,65536,1,768,0.051192834,15002,983177606,0.000000,0.000000
aggregate/empty_sum,65536,2,768,0.051154417,15013,983915973,0.000000,0.000000
aggregate/empty_sum,65536,3,768,0.051104625,15028,984874618,0.000000,0.000000
aggregate/empty_sum,65536,4,768,0.051166250,15010,983688427,0.000000,0.000000
aggregate/empty_sum,65536,5,768,0.051073291,15037,985478848,0.000000,0.000000
aggregate/empty_sum,65536,6,768,0.051133875,15019,984311242,0.000000,0.000000
aggregate/count,1048576,0,64,0.067890042,943,988493482,0.000000,0.000000
aggregate/count,1048576,1,64,0.067745000,945,990609846,0.000000,0.000000
aggregate/count,1048576,2,64,0.067850750,943,989065913,0.000000,0.000000
aggregate/count,1048576,3,64,0.067895917,943,988407948,0.000000,0.000000
aggregate/count,1048576,4,64,0.067928500,942,987933842,0.000000,0.000000
aggregate/count,1048576,5,64,0.067350167,950,996417188,0.000000,0.000000
aggregate/count,1048576,6,64,0.067866667,943,988833944,0.000000,0.000000
aggregate/sum,1048576,0,64,0.067644667,946,992079154,0.000000,0.000000
aggregate/sum,1048576,1,64,0.067808625,944,989680354,0.000000,0.000000
aggregate/sum,1048576,2,64,0.067863375,943,988881912,0.000000,0.000000
aggregate/sum,1048576,3,64,0.067889583,943,988500165,0.000000,0.000000
aggregate/sum,1048576,4,64,0.068028250,941,986485232,0.000000,0.000000
aggregate/sum,1048576,5,64,0.067891625,943,988470434,0.000000,0.000000
aggregate/sum,1048576,6,64,0.067883500,943,988588744,0.000000,0.000000
aggregate/min,1048576,0,64,0.067881250,943,988621512,0.000000,0.000000
aggregate/min,1048576,1,64,0.067877916,943,988670071,0.000000,0.000000
aggregate/min,1048576,2,64,0.067931334,942,987892627,0.000000,0.000000
aggregate/min,1048576,3,64,0.067470833,949,994635178,0.000000,0.000000
aggregate/min,1048576,4,64,0.067579333,947,993038271,0.000000,0.000000
aggregate/min,1048576,5,64,0.067930584,942,987903534,0.000000,0.000000
aggregate/min,1048576,6,64,0.067540750,948,993605549,0.000000,0.000000
aggregate/max,1048576,0,64,0.067925709,942,987974435,0.000000,0.000000
aggregate/max,1048576,1,64,0.067846083,943,989133949,0.000000,0.000000
aggregate/max,1048576,2,64,0.067867166,943,988826674,0.000000,0.000000
aggregate/max,1048576,3,64,0.067691708,945,991389728,0.000000,0.000000
aggregate/max,1048576,4,64,0.067792083,944,989921847,0.000000,0.000000
aggregate/max,1048576,5,64,0.067842375,943,989188011,0.000000,0.000000
aggregate/max,1048576,6,64,0.067889083,943,988507445,0.000000,0.000000
aggregate/filtered_count,1048576,0,64,0.067852292,943,989043436,0.000000,0.000000
aggregate/filtered_count,1048576,1,64,0.067940292,942,987762372,0.000000,0.000000
aggregate/filtered_count,1048576,2,64,0.067871667,943,988761098,0.000000,0.000000
aggregate/filtered_count,1048576,3,64,0.067505750,948,994120708,0.000000,0.000000
aggregate/filtered_count,1048576,4,64,0.067553167,947,993422914,0.000000,0.000000
aggregate/filtered_count,1048576,5,64,0.067918792,942,988075053,0.000000,0.000000
aggregate/filtered_count,1048576,6,64,0.067855208,943,989000933,0.000000,0.000000
aggregate/filtered_sum,1048576,0,64,0.067922833,942,988016268,0.000000,0.000000
aggregate/filtered_sum,1048576,1,64,0.067839166,943,989234803,0.000000,0.000000
aggregate/filtered_sum,1048576,2,64,0.067909084,942,988216304,0.000000,0.000000
aggregate/filtered_sum,1048576,3,64,0.067315583,951,996929106,0.000000,0.000000
aggregate/filtered_sum,1048576,4,64,0.067823166,944,989468171,0.000000,0.000000
aggregate/filtered_sum,1048576,5,64,0.067904291,943,988286057,0.000000,0.000000
aggregate/filtered_sum,1048576,6,64,0.067823917,944,989457215,0.000000,0.000000
aggregate/empty_sum,1048576,0,64,0.067810208,944,989657250,0.000000,0.000000
aggregate/empty_sum,1048576,1,64,0.067912333,942,988169027,0.000000,0.000000
aggregate/empty_sum,1048576,2,64,0.067889625,943,988499554,0.000000,0.000000
aggregate/empty_sum,1048576,3,64,0.067712041,945,991092027,0.000000,0.000000
aggregate/empty_sum,1048576,4,64,0.067885667,943,988557187,0.000000,0.000000
aggregate/empty_sum,1048576,5,64,0.067817958,944,989544156,0.000000,0.000000
aggregate/empty_sum,1048576,6,64,0.067989958,941,987040822,0.000000,0.000000
aggregate/array_count,23,0,284192,0.050003917,5683395,130718080,0.000000,0.000000
aggregate/array_count,23,1,286624,0.050004166,5732002,131836055,0.000000,0.000000
aggregate/array_count,23,2,283776,0.050004334,5675028,130525646,0.000000,0.000000
aggregate/array_count,23,3,283424,0.050003334,5668102,130366347,0.000000,0.000000
aggregate/array_count,23,4,281376,0.050004291,5627037,129421853,0.000000,0.000000
aggregate/array_count,23,5,276544,0.050002458,5530608,127203987,0.000000,0.000000
aggregate/array_count,23,6,281760,0.050004875,5634651,129596964,0.000000,0.000000
aggregate/array_sum,23,0,230784,0.050004875,4615230,106150290,0.000000,0.000000
aggregate/array_sum,23,1,231360,0.050004458,4626787,106416112,0.000000,0.000000
aggregate/array_sum,23,2,232032,0.050005000,4640176,106724048,0.000000,0.000000
aggregate/array_sum,23,3,231104,0.050004292,4621683,106298715,0.000000,0.000000
aggregate/array_sum,23,4,231648,0.050006792,4632331,106543607,0.000000,0.000000
aggregate/array_sum,23,5,232096,0.050004792,4641475,106753929,0.000000,0.000000
aggregate/array_sum,23,6,228480,0.050004250,4569212,105091867,0.000000,0.000000
aggregate/array_min,23,0,229024,0.050006709,4579865,105336906,0.000000,0.000000
aggregate/array_min,23,1,226432,0.050004541,4528229,104149261,0.000000,0.000000
aggregate/array_min,23,2,225440,0.050006125,4508248,103689698,0.000000,0.000000
aggregate/array_min,23,3,226976,0.050005417,4539028,104397650,0.000000,0.000000
aggregate/array_min,23,4,228000,0.050000333,4559970,104879302,0.000000,0.000000
aggregate/array_min,23,5,228480,0.050005959,4569055,105088276,0.000000,0.000000
aggregate/array_min,23,6,228576,0.050002167,4571322,105140403,0.000000,0.000000
aggregate/array_max,23,0,228608,0.050005666,4571642,105147765,0.000000,0.000000
aggregate/array_max,23,1,228832,0.050004458,4576232,105253336,0.000000,0.000000
aggregate/array_max,23,2,227680,0.050006667,4552993,104718837,0.000000,0.000000
aggregate/array_max,23,3,228384,0.050002042,4567493,105052350,0.000000,0.000000
aggregate/array_max,23,4,228832,0.050005667,4576121,105250791,0.000000,0.000000
aggregate/array_max,23,5,228576,0.050002334,4571307,105140052,0.000000,0.000000
aggregate/array_max,23,6,228384,0.050004209,4567296,105047797,0.000000,0.000000
aggregate/sequence_sum,23,0,130720,0.050003792,2614202,60126640,0.000000,0.000000
aggregate/sequence_sum,23,1,132288,0.050010083,2645227,60840211,0.000000,0.000000
aggregate/sequence_sum,23,2,132128,0.050007708,2642153,60769512,0.000000,0.000000
aggregate/sequence_sum,23,3,132288,0.050010875,2645185,60839247,0.000000,0.000000
aggregate/sequence_sum,23,4,131616,0.050011750,2631702,60529136,0.000000,0.000000
aggregate/sequence_sum,23,5,131584,0.050000959,2631630,60527479,0.000000,0.000000
aggregate/sequence_sum,23,6,131488,0.050006875,2629398,60476165,0.000000,0.000000
aggregate/computed_sum,23,0,105472,0.050010750,2108987,48506691,0.000000,0.000000
aggregate/computed_sum,23,1,105120,0.050009667,2101994,48345853,0.000000,0.000000
aggregate/computed_sum,23,2,105632,0.050014541,2112026,48576593,0.000000,0.000000
aggregate/computed_sum,23,3,105568,0.050013125,2110806,48548536,0.000000,0.000000
aggregate/computed_sum,23,4,105536,0.050008625,2110356,48538187,0.000000,0.000000
aggregate/computed_sum,23,5,105792,0.050010833,2115382,48653779,0.000000,0.000000
aggregate/computed_sum,23,6,105632,0.050010667,2112189,48580356,0.000000,0.000000
aggregate/wide_filtered_sum,23,0,71584,0.050008958,1431424,32922742,0.000000,0.000000
aggregate/wide_filtered_sum,23,1,71200,0.050012083,1423656,32744087,0.000000,0.000000
aggregate/wide_filtered_sum,23,2,71712,0.050017833,1433729,32975759,0.000000,0.000000
aggregate/wide_filtered_sum,23,3,72032,0.050016334,1440170,33123899,0.000000,0.000000
aggregate/wide_filtered_sum,23,4,72992,0.050022000,1459198,33561553,0.000000,0.000000
aggregate/wide_filtered_sum,23,5,71296,0.050000250,1425913,32795996,0.000000,0.000000
aggregate/wide_filtered_sum,23,6,71200,0.050012834,1423635,32743595,0.000000,0.000000
aggregate/array_count,409,0,22752,0.050055250,454538,185905934,0.000000,0.000000
aggregate/array_count,409,1,22752,0.050005583,454989,186090581,0.000000,0.000000
aggregate/array_count,409,2,21760,0.050030166,434938,177889476,0.000000,0.000000
aggregate/array_count,409,3,21536,0.050025917,430497,176073214,0.000000,0.000000
aggregate/array_count,409,4,21536,0.050053708,430258,175975454,0.000000,0.000000
aggregate/array_count,409,5,21440,0.050058041,428303,175175852,0.000000,0.000000
aggregate/array_count,409,6,21440,0.050070958,428192,175130662,0.000000,0.000000
aggregate/array_sum,409,0,17312,0.050014792,346138,141570278,0.000000,0.000000
aggregate/array_sum,409,1,17120,0.050027750,342210,139963920,0.000000,0.000000
aggregate/array_sum,409,2,17088,0.050053875,341392,139629389,0.000000,0.000000
aggregate/array_sum,409,3,17216,0.050054916,343942,140672377,0.000000,0.000000
aggregate/array_sum,409,4,17216,0.050017584,344199,140777371,0.000000,0.000000
aggregate/array_sum,409,5,17216,0.050059542,343910,140659377,0.000000,0.000000
aggregate/array_sum,409,6,17248,0.050081500,344399,140859040,0.000000,0.000000
aggregate/array_min,409,0,17120,0.050015334,342295,139998665,0.000000,0.000000
aggregate/array_min,409,1,17376,0.050072125,347019,141930945,0.000000,0.000000
aggregate/array_min,409,2,17504,0.050016500,349965,143135485,0.000000,0.000000
aggregate/array_min,409,3,17536,0.050049791,350371,143301777,0.000000,0.000000
aggregate/array_min,409,4,17568,0.050077959,350813,143482525,0.000000,0.000000
aggregate/array_min,409,5,17504,0.050011125,350002,143150869,0.000000,0.000000
aggregate/array_min,409,6,17568,0.050005625,351320,143690075,0.000000,0.000000
aggregate/array_max,409,0,17408,0.050037250,347901,142291433,0.000000,0.000000
aggregate/array_max,409,1,17312,0.050053583,345869,141460562,0.000000,0.000000
aggregate/array_max,409,2,17312,0.050031500,346022,141523001,0.000000,0.000000
aggregate/array_max,409,3,17312,0.050058916,345832,141445492,0.000000,0.000000
aggregate/array_max,409,4,17312,0.050020833,346096,141553180,0.000000,0.000000
aggregate/array_max,409,5,17504,0.050009834,350011,143154564,0.000000,0.000000
aggregate/array_max,409,6,17504,0.050059875,349661,143011464,0.000000,0.000000
aggregate/sequence_sum,409,0,10368,0.050033084,207223,84754160,0.000000,0.000000
aggregate/sequence_sum,409,1,10304,0.050018375,206004,84255756,0.000000,0.000000
aggregate/sequence_sum,409,2,10400,0.050115292,207521,84876289,0.000000,0.000000
aggregate/sequence_sum,409,3,10400,0.050095791,207602,84909329,0.000000,0.000000
aggregate/sequence_sum,409,4,10368,0.050108875,206909,84625967,0.000000,0.000000
aggregate/sequence_sum,409,5,10368,0.050071166,207065,84689699,0.000000,0.000000
aggregate/sequence_sum,409,6,10400,0.050110167,207543,84884970,0.000000,0.000000
aggregate/computed_sum,409,0,7744,0.050157333,154394,63147217,0.000000,0.000000
aggregate/computed_sum,409,1,7808,0.050184833,155585,63634206,0.000000,0.000000
aggregate/computed_sum,409,2,7776,0.050067208,155311,63522296,0.000000,0.000000
aggregate/computed_sum,409,3,7744,0.050077667,154640,63247675,0.000000,0.000000
aggregate/computed_sum,409,4,7680,0.050050583,153445,62758909,0.000000,0.000000
aggregate/computed_sum,409,5,7712,0.050174333,153704,62864971,0.000000,0.000000
aggregate/computed_sum,409,6,7776,0.050200458,154899,63353685,0.000000,0.000000
aggregate/wide_filtered_sum,409,0,4640,0.050221584,92391,37787737,0.000000,0.000000
aggregate/wide_filtered_sum,409,1,4800,0.050118417,95773,39171229,0.000000,0.000000
aggregate/wide_filtered_sum,409,2,4864,0.050193083,96906,39634465,0.000000,0.000000
aggregate/wide_filtered_sum,409,3,4640,0.050052333,92703,37915515,0.000000,0.000000
aggregate/wide_filtered_sum,409,4,4800,0.050245875,95530,39071864,0.000000,0.000000
aggregate/wide_filtered_sum,409,5,4608,0.050023458,92117,37675764,0.000000,0.000000
aggregate/wide_filtered_sum,409,6,4704,0.050193417,93717,38330445,0.000000,0.000000
aggregate/array_count,4017,0,2944,0.050510209,58285,234131837,0.000000,0.000000
aggregate/array_count,4017,1,2912,0.050022000,58214,233847187,0.000000,0.000000
aggregate/array_count,4017,2,2944,0.050493750,58304,234208154,0.000000,0.000000
aggregate/array_count,4017,3,2944,0.050490334,58308,234224000,0.000000,0.000000
aggregate/array_count,4017,4,2912,0.050390542,57789,232136896,0.000000,0.000000
aggregate/array_count,4017,5,2944,0.050430625,58377,234501317,0.000000,0.000000
aggregate/array_count,4017,6,2944,0.050531083,58261,234035119,0.000000,0.000000
aggregate/array_sum,4017,0,2272,0.050647708,44859,180198164,0.000000,0.000000
aggregate/array_sum,4017,1,2240,0.050005916,44795,179940309,0.000000,0.000000
aggregate/array_sum,4017,2,2272,0.050643709,44862,180212393,0.000000,0.000000
aggregate/array_sum,4017,3,2272,0.050707666,44806,179985093,0.000000,0.000000
aggregate/array_sum,4017,4,2240,0.050689000,44191,177515437,0.000000,0.000000
aggregate/array_sum,4017,5,2176,0.050159541,43382,174263796,0.000000,0.000000
aggregate/array_sum,4017,6,2176,0.050276916,43280,173856964,0.000000,0.000000
aggregate/array_min,4017,0,2112,0.050058042,42191,169481339,0.000000,0.000000
aggregate/array_min,4017,1,2144,0.050404667,42536,170866083,0.000000,0.000000
aggregate/array_min,4017,2,2176,0.050114041,43421,174422015,0.000000,0.000000
aggregate/array_min,4017,3,2176,0.050131834,43406,174360108,0.000000,0.000000
aggregate/array_min,4017,4,2176,0.050093750,43439,174492666,0.000000,0.000000
aggregate/array_min,4017,5,2176,0.050113959,43421,174422300,0.000000,0.000000
aggregate/array_min,4017,6,2176,0.050215916,43333,174068158,0.000000,0.000000
aggregate/array_max,4017,0,2176,0.050160584,43381,174260172,0.000000,0.000000
aggregate/array_max,4017,1,2176,0.050018042,43504,174756781,0.000000,0.000000
aggregate/array_max,4017,2,2272,0.050668667,44840,180123626,0.000000,0.000000
aggregate/array_max,4017,3,2240,0.050141709,44673,179452998,0.000000,0.000000
aggregate/array_max,4017,4,2240,0.050202208,44620,179236738,0.000000,0.000000
aggregate/array_max,4017,5,2240,0.050230583,44594,179135488,0.000000,0.000000
aggregate/array_max,4017,6,2240,0.050156250,44660,179400972,0.000000,0.000000
aggregate/sequence_sum,4017,0,1344,0.050801000,26456,106274443,0.000000,0.000000
aggregate/sequence_sum,4017,1,1344,0.050699833,26509,106486505,0.000000,0.000000
aggregate/sequence_sum,4017,2,1344,0.050832334,26440,106208934,0.000000,0.000000
aggregate/sequence_sum,4017,3,1344,0.050881292,26414,106106740,0.000000,0.000000
aggregate/sequence_sum,4017,4,1344,0.050967584,26370,105927093,0.000000,0.000000
aggregate/sequence_sum,4017,5,1344,0.050736500,26490,106409547,0.000000,0.000000
aggregate/sequence_sum,4017,6,1344,0.050814292,26449,106246644,0.000000,0.000000
aggregate/computed_sum,4017,0,992,0.050979166,19459,78166520,0.000000,0.000000
aggregate/computed_sum,4017,1,992,0.050928916,19478,78243645,0.000000,0.000000
aggregate/computed_sum,4017,2,992,0.050655959,19583,78665256,0.000000,0.000000
aggregate/computed_sum,4017,3,992,0.050408375,19679,79051626,0.000000,0.000000
aggregate/computed_sum,4017,4,992,0.051063708,19427,78037106,0.000000,0.000000
aggregate/computed_sum,4017,5,992,0.050577791,19613,78786834,0.000000,0.000000
aggregate/computed_sum,4017,6,992,0.050500834,19643,78906895,0.000000,0.000000
aggregate/wide_filtered_sum,4017,0,544,0.050145416,10848,43578221,0.000000,0.000000
aggregate/wide_filtered_sum,4017,1,576,0.052065167,11063,44440307,0.000000,0.000000
aggregate/wide_filtered_sum,4017,2,576,0.050761333,11347,45581782,0.000000,0.000000
aggregate/wide_filtered_sum,4017,3,576,0.052398458,10993,44157635,0.000000,0.000000
aggregate/wide_filtered_sum,4017,4,576,0.052490875,10973,44079890,0.000000,0.000000
aggregate/wide_filtered_sum,4017,5,576,0.050635458,11375,45695094,0.000000,0.000000
aggregate/wide_filtered_sum,4017,6,576,0.051791167,11122,44675417,0.000000,0.000000
aggregate/array_count,87201,0,160,0.050073917,3195,278631288,0.000000,0.000000
aggregate/array_count,87201,1,192,0.057478833,3340,291282741,0.000000,0.000000
aggregate/array_count,87201,2,192,0.056594375,3393,295834913,0.000000,0.000000
aggregate/array_count,87201,3,192,0.057316833,3350,292106021,0.000000,0.000000
aggregate/array_count,87201,4,192,0.056634375,3390,295625969,0.000000,0.000000
aggregate/array_count,87201,5,192,0.057020667,3367,293623223,0.000000,0.000000
aggregate/array_count,87201,6,192,0.056978542,3370,293840302,0.000000,0.000000
aggregate/array_sum,87201,0,160,0.060864500,2629,229233133,0.000000,0.000000
aggregate/array_sum,87201,1,160,0.060795166,2632,229494562,0.000000,0.000000
aggregate/array_sum,87201,2,160,0.060847167,2630,229298432,0.000000,0.000000
aggregate/array_sum,87201,3,160,0.061804125,2589,225748039,0.000000,0.000000
aggregate/array_sum,87201,4,160,0.061842875,2587,225606588,0.000000,0.000000
aggregate/array_sum,87201,5,160,0.062221666,2571,224233147,0.000000,0.000000
aggregate/array_sum,87201,6,160,0.062277542,2569,224031963,0.000000,0.000000
aggregate/array_min,87201,0,160,0.061759042,2591,225912831,0.000000,0.000000
aggregate/array_min,87201,1,160,0.060650833,2638,230040699,0.000000,0.000000
aggregate/array_min,87201,2,160,0.060792916,2632,229503056,0.000000,0.000000
aggregate/array_min,87201,3,160,0.060758958,2633,229631324,0.000000,0.000000
aggregate/array_min,87201,4,160,0.060730167,2635,229740188,0.000000,0.000000
aggregate/array_min,87201,5,160,0.061199417,2614,227978642,0.000000,0.000000
aggregate/array_min,87201,6,160,0.061025125,2622,228629765,0.000000,0.000000
aggregate/array_max,87201,0,160,0.061099625,2619,228350992,0.000000,0.000000
aggregate/array_max,87201,1,160,0.061099292,2619,228352237,0.000000,0.000000
aggregate/array_max,87201,2,160,0.061029500,2622,228613375,0.000000,0.000000
aggregate/array_max,87201,3,160,0.062358833,2566,223739915,0.000000,0.000000
aggregate/array_max,87201,4,128,0.050644541,2527,220393507,0.000000,0.000000
aggregate/array_max,87201,5,128,0.050656458,2527,220341659,0.000000,0.000000
aggregate/array_max,87201,6,128,0.050057375,2557,222978692,0.000000,0.000000
aggregate/sequence_sum,87201,0,96,0.059755291,1607,140092967,0.000000,0.000000
aggregate/sequence_sum,87201,1,96,0.059651750,1609,140336134,0.000000,0.000000
aggregate/sequence_sum,87201,2,96,0.059763792,1606,140073040,0.000000,0.000000
aggregate/sequence_sum,87201,3,96,0.060629125,1583,138073838,0.000000,0.000000
aggregate/sequence_sum,87201,4,96,0.060494625,1587,138380823,0.000000,0.000000
aggregate/sequence_sum,87201,5,96,0.060598583,1584,138143428,0.000000,0.000000
aggregate/sequence_sum,87201,6,96,0.060461166,1588,138457403,0.000000,0.000000
aggregate/computed_sum,87201,0,64,0.054361958,1177,102661203,0.000000,0.000000
aggregate/computed_sum,87201,1,64,0.054078959,1183,103198436,0.000000,0.000000
aggregate/computed_sum,87201,2,64,0.053101917,1205,105097223,0.000000,0.000000
aggregate/computed_sum,87201,3,64,0.054233000,1180,102905316,0.000000,0.000000
aggregate/computed_sum,87201,4,64,0.054606500,1172,102201460,0.000000,0.000000
aggregate/computed_sum,87201,5,64,0.054008792,1185,103332509,0.000000,0.000000
aggregate/computed_sum,87201,6,64,0.053608334,1194,104104410,0.000000,0.000000
aggregate/wide_filtered_sum,87201,0,64,0.097958875,653,56971500,0.000000,0.000000
aggregate/wide_filtered_sum,87201,1,32,0.050188459,638,55599077,0.000000,0.000000
aggregate/wide_filtered_sum,87201,2,32,0.050887625,629,54835178,0.000000,0.000000
aggregate/wide_filtered_sum,87201,3,32,0.050089167,639,55709291,0.000000,0.000000
aggregate/wide_filtered_sum,87201,4,32,0.050577459,633,55171455,0.000000,0.000000
aggregate/wide_filtered_sum,87201,5,64,0.098736958,648,56522543,0.000000,0.000000
aggregate/wide_filtered_sum,87201,6,64,0.100101500,639,55752052,0.000000,0.000000
aggregate/nested_sum,1036,0,6752,0.050130166,134689,139538177,0.000000,0.000000
aggregate/nested_sum,1036,1,6752,0.050154750,134623,139469781,0.000000,0.000000
aggregate/nested_sum,1036,2,6784,0.050227375,135066,139928157,0.000000,0.000000
aggregate/nested_sum,1036,3,6720,0.050155625,133983,138806365,0.000000,0.000000
aggregate/nested_sum,1036,4,6720,0.050060292,134238,139070703,0.000000,0.000000
aggregate/nested_sum,1036,5,6720,0.050190041,133891,138711184,0.000000,0.000000
aggregate/nested_sum,1036,6,6720,0.050062792,134231,139063758,0.000000,0.000000
aggregate/nested_filtered_sum,1036,0,3776,0.050384375,74944,77641848,0.000000,0.000000
aggregate/nested_filtered_sum,1036,1,3744,0.050021875,74847,77541755,0.000000,0.000000
aggregate/nested_filtered_sum,1036,2,3744,0.050067958,74778,77470385,0.000000,0.000000
aggregate/nested_filtered_sum,1036,3,3744,0.050070125,74775,77467032,0.000000,0.000000
aggregate/nested_filtered_sum,1036,4,3744,0.050085083,74753,77443897,0.000000,0.000000
aggregate/nested_filtered_sum,1036,5,3776,0.050357208,74984,77683735,0.000000,0.000000
aggregate/nested_filtered_sum,1036,6,3776,0.050346000,75001,77701029,0.000000,0.000000
aggregate/nested_filtered_count,1036,0,3776,0.050031792,75472,78189004,0.000000,0.000000
aggregate/nested_filtered_count,1036,1,3808,0.050207125,75846,78576258,0.000000,0.000000
aggregate/nested_filtered_count,1036,2,3808,0.050244875,75789,78517222,0.000000,0.000000
aggregate/nested_filtered_count,1036,3,3808,0.050116500,75983,78718346,0.000000,0.000000
aggregate/nested_filtered_count,1036,4,3808,0.050204500,75850,78580366,0.000000,0.000000
aggregate/nested_filtered_count,1036,5,3808,0.050091375,76021,78757830,0.000000,0.000000
aggregate/nested_filtered_count,1036,6,3840,0.050402041,76187,78930137,0.000000,0.000000
aggregate/nested_sum,16396,0,448,0.051988041,8617,141290340,0.000000,0.000000
aggregate/nested_sum,16396,1,448,0.051666583,8671,142169417,0.000000,0.000000
aggregate/nested_sum,16396,2,448,0.051539000,8692,142521353,0.000000,0.000000
aggregate/nested_sum,16396,3,448,0.052030666,8610,141174591,0.000000,0.000000
aggregate/nested_sum,16396,4,448,0.052237375,8576,140615948,0.000000,0.000000
aggregate/nested_sum,16396,5,448,0.051885000,8634,141570936,0.000000,0.000000
aggregate/nested_sum,16396,6,448,0.051923083,8628,141467100,0.000000,0.000000
aggregate/nested_filtered_sum,16396,0,256,0.053751417,4763,78088658,0.000000,0.000000
aggregate/nested_filtered_sum,16396,1,256,0.053784166,4760,78041110,0.000000,0.000000
aggregate/nested_filtered_sum,16396,2,256,0.053831584,4756,77972367,0.000000,0.000000
aggregate/nested_filtered_sum,16396,3,256,0.053874958,4752,77909592,0.000000,0.000000
aggregate/nested_filtered_sum,16396,4,256,0.053685666,4768,78184296,0.000000,0.000000
aggregate/nested_filtered_sum,16396,5,256,0.053798292,4759,78020618,0.000000,0.000000
aggregate/nested_filtered_sum,16396,6,256,0.053684458,4769,78186055,0.000000,0.000000
aggregate/nested_filtered_count,16396,0,256,0.052924500,4837,79308751,0.000000,0.000000
aggregate/nested_filtered_count,16396,1,256,0.053125958,4819,79008006,0.000000,0.000000
aggregate/nested_filtered_count,16396,2,256,0.053458833,4789,78516042,0.000000,0.000000
aggregate/nested_filtered_count,16396,3,256,0.053582000,4778,78335560,0.000000,0.000000
aggregate/nested_filtered_count,16396,4,256,0.053481209,4787,78483192,0.000000,0.000000
aggregate/nested_filtered_count,16396,5,256,0.053671500,4770,78204932,0.000000,0.000000
aggregate/nested_filtered_count,16396,6,256,0.053355417,4798,78668226,0.000000,0.000000
aggregate/nested_sum,1048588,0,32,0.236565625,135,141841470,0.000000,0.000000
aggregate/nested_sum,1048588,1,32,0.237791459,135,141110266,0.000000,0.000000
aggregate/nested_sum,1048588,2,32,0.239884125,133,139879269,0.000000,0.000000
aggregate/nested_sum,1048588,3,32,0.238252292,134,140837327,0.000000,0.000000
aggregate/nested_sum,1048588,4,32,0.236652625,135,141789325,0.000000,0.000000
aggregate/nested_sum,1048588,5,32,0.236292167,135,142005621,0.000000,0.000000
aggregate/nested_sum,1048588,6,32,0.237419625,135,141331265,0.000000,0.000000
aggregate/nested_filtered_sum,1048588,0,32,0.430831458,74,77883858,0.000000,0.000000
aggregate/nested_filtered_sum,1048588,1,32,0.430851208,74,77880288,0.000000,0.000000
aggregate/nested_filtered_sum,1048588,2,32,0.430058834,74,78023780,0.000000,0.000000
aggregate/nested_filtered_sum,1048588,3,32,0.430484834,74,77946569,0.000000,0.000000
aggregate/nested_filtered_sum,1048588,4,32,0.430691458,74,77909175,0.000000,0.000000
aggregate/nested_filtered_sum,1048588,5,32,0.431365166,74,77787496,0.000000,0.000000
aggregate/nested_filtered_sum,1048588,6,32,0.431143125,74,77827557,0.000000,0.000000
aggregate/nested_filtered_count,1048588,0,32,0.422757417,76,79371324,0.000000,0.000000
aggregate/nested_filtered_count,1048588,1,32,0.424818042,75,78986325,0.000000,0.000000
aggregate/nested_filtered_count,1048588,2,32,0.424411708,75,79061947,0.000000,0.000000
aggregate/nested_filtered_count,1048588,3,32,0.428465500,75,78313927,0.000000,0.000000
aggregate/nested_filtered_count,1048588,4,32,0.428441459,75,78318322,0.000000,0.000000
aggregate/nested_filtered_count,1048588,5,32,0.424858709,75,78978765,0.000000,0.000000
aggregate/nested_filtered_count,1048588,6,32,0.427445375,75,78500828,0.000000,0.000000
aggregate/deep_sum,136,0,3872,0.050263625,77034,10476602,0.000000,0.000000
aggregate/deep_sum,136,1,3872,0.050202250,77128,10489410,0.000000,0.000000
aggregate/deep_sum,136,2,3872,0.050113541,77265,10507978,0.000000,0.000000
aggregate/deep_sum,136,3,3872,0.050215667,77107,10486608,0.000000,0.000000
aggregate/deep_sum,136,4,3872,0.050125500,77246,10505471,0.000000,0.000000
aggregate/deep_sum,136,5,3872,0.050195333,77139,10490856,0.000000,0.000000
aggregate/deep_sum,136,6,3872,0.050148917,77210,10500566,0.000000,0.000000
aggregate/deep_filtered_sum,136,0,3872,0.050255333,77047,10478331,0.000000,0.000000
aggregate/deep_filtered_sum,136,1,3840,0.050090083,76662,10426016,0.000000,0.000000
aggregate/deep_filtered_sum,136,2,3840,0.050097875,76650,10424394,0.000000,0.000000
aggregate/deep_filtered_sum,136,3,3840,0.050030208,76754,10438493,0.000000,0.000000
aggregate/deep_filtered_sum,136,4,3840,0.050065500,76700,10431135,0.000000,0.000000
aggregate/deep_filtered_sum,136,5,3872,0.050269500,77025,10475378,0.000000,0.000000
aggregate/deep_filtered_sum,136,6,3840,0.050066084,76699,10431014,0.000000,0.000000
compile/constructor,0,0,44736,0.050026625,894244,0,47.000000,3539.000000
compile/constructor,0,1,44768,0.050031292,894800,0,47.000000,3539.000000
compile/constructor,0,2,44768,0.050011375,895156,0,47.000000,3539.000000
compile/constructor,0,3,45088,0.050000292,901755,0,47.000000,3539.000000
compile/constructor,0,4,44896,0.050020209,897557,0,47.000000,3539.000000
compile/constructor,0,5,45152,0.050022250,902638,0,47.000000,3539.000000
compile/constructor,0,6,44160,0.050026958,882724,0,47.000000,3539.000000
construct/raw_member,100,0,303232,0.050002917,6064286,606428621,3.000000,168.000000
construct/raw_member,100,1,303392,0.050002917,6067486,606748602,3.000000,168.000000
construct/raw_member,100,2,304192,0.050003458,6083419,608341927,3.000000,168.000000
construct/raw_member,100,3,301536,0.050000917,6030609,603060940,3.000000,168.000000
construct/raw_member,100,4,304352,0.050001834,6086817,608681674,3.000000,168.000000
construct/raw_member,100,5,304384,0.050002834,6087335,608733497,3.000000,168.000000
construct/raw_member,100,6,305184,0.050003333,6103273,610327316,3.000000,168.000000
construct/raw_member_write,100,0,212608,0.050001167,4252061,425206076,3.000000,168.000000
construct/raw_member_write,100,1,213312,0.050005834,4265742,426574227,3.000000,168.000000
construct/raw_member_write,100,2,212352,0.050005000,4246615,424661534,3.000000,168.000000
construct/raw_member_write,100,3,209408,0.050006542,4187612,418761209,3.000000,168.000000
construct/raw_member_write,100,4,209216,0.050003250,4184048,418404804,3.000000,168.000000
construct/raw_member_write,100,5,211296,0.050003833,4225596,422559607,3.000000,168.000000
construct/raw_member_write,100,6,211136,0.050001417,4222600,422260033,3.000000,168.000000
construct/scalars,100,0,100640,0.050002708,2012691,201269099,3.000000,552.000000
construct/scalars,100,1,100256,0.050005333,2004906,200490616,3.000000,552.000000
construct/scalars,100,2,99872,0.050006084,1997197,199719698,3.000000,552.000000
construct/scalars,100,3,100096,0.050013209,2001391,200139127,3.000000,552.000000
construct/scalars,100,4,100064,0.050008209,2000951,200095148,3.000000,552.000000
construct/scalars,100,5,100384,0.050002958,2007561,200756123,3.000000,552.000000
construct/scalars,100,6,100800,0.050000458,2015982,201598153,3.000000,552.000000
construct/filtered_summary,100,0,47712,0.050024417,953774,95377423,5.000000,368.000000
construct/filtered_summary,100,1,48704,0.050009375,973897,97389739,5.000000,368.000000
construct/filtered_summary,100,2,48608,0.050008375,971997,97199719,5.000000,368.000000
construct/filtered_summary,100,3,48640,0.050016958,972470,97247018,5.000000,368.000000
construct/filtered_summary,100,4,48704,0.050028250,973530,97352996,5.000000,368.000000
construct/filtered_summary,100,5,48832,0.050002125,976598,97659849,5.000000,368.000000
construct/filtered_summary,100,6,48864,0.050007500,977133,97713343,5.000000,368.000000
construct/nested,100,0,36256,0.050004916,725049,72504871,15.000000,1352.000000
construct/nested,100,1,36576,0.050022750,731187,73118731,15.000000,1352.000000
construct/nested,100,2,36672,0.050016875,733193,73319255,15.000000,1352.000000
construct/nested,100,3,36032,0.050028167,720234,72023426,15.000000,1352.000000
construct/nested,100,4,36096,0.050024167,721571,72157124,15.000000,1352.000000
construct/nested,100,5,35968,0.050033458,718879,71887895,15.000000,1352.000000
construct/nested,100,6,36000,0.050042708,719386,71938553,15.000000,1352.000000
construct/navigate,100,0,102240,0.050000250,2044790,204478978,3.000000,168.000000
construct/navigate,100,1,102432,0.050008792,2048280,204827983,3.000000,168.000000
construct/navigate,100,2,102848,0.050005583,2056730,205673035,3.000000,168.000000
construct/navigate,100,3,103520,0.050000167,2070393,207039308,3.000000,168.000000
construct/navigate,100,4,103136,0.050008750,2062359,206235909,3.000000,168.000000
construct/navigate,100,5,103392,0.050004000,2067675,206767459,3.000000,168.000000
construct/navigate,100,6,102336,0.050012417,2046212,204621184,3.000000,168.000000
construct/raw_member,500,0,132000,0.050000458,2639976,1319987909,3.000000,168.000000
construct/raw_member,500,1,132064,0.050011584,2640668,1320334105,3.000000,168.000000
construct/raw_member,500,2,131968,0.050010792,2638790,1319395222,3.000000,168.000000
construct/raw_member,500,3,131488,0.050003291,2629587,1314793460,3.000000,168.000000
construct/raw_member,500,4,132160,0.050003542,2643013,1321506384,3.000000,168.000000
construct/raw_member,500,5,131552,0.050012083,2630404,1315202168,3.000000,168.000000
construct/raw_member,500,6,131936,0.050009875,2638199,1319099478,3.000000,168.000000
construct/raw_member_write,500,0,67552,0.050023125,1350415,675207716,3.000000,168.000000
construct/raw_member_write,500,1,67840,0.050022125,1356200,678099941,3.000000,168.000000
construct/raw_member_write,500,2,67680,0.050000709,1353581,676790403,3.000000,168.000000
construct/raw_member_write,500,3,67776,0.050001833,1355470,677735154,3.000000,168.000000
construct/raw_member_write,500,4,67328,0.050011083,1346262,673130794,3.000000,168.000000
construct/raw_member_write,500,5,67360,0.050002417,1347135,673567440,3.000000,168.000000
construct/raw_member_write,500,6,67008,0.050015250,1339751,669875688,3.000000,168.000000
construct/scalars,500,0,44128,0.050029500,882040,441019798,3.000000,552.000000
construct/scalars,500,1,44032,0.050022708,880240,440120115,3.000000,552.000000
construct/scalars,500,2,44224,0.050017458,884171,442085641,3.000000,552.000000
construct/scalars,500,3,44384,0.050015958,887397,443698389,3.000000,552.000000
construct/scalars,500,4,44096,0.050000333,881914,440957063,3.000000,552.000000
construct/scalars,500,5,44320,0.050017959,886082,443040869,3.000000,552.000000
construct/scalars,500,6,44160,0.050012916,882972,441485955,3.000000,552.000000
construct/filtered_summary,500,0,30144,0.050021208,602624,301312195,5.000000,368.000000
construct/filtered_summary,500,1,30176,0.050044208,602987,301493432,5.000000,368.000000
construct/filtered_summary,500,2,29984,0.050007917,599585,299792531,5.000000,368.000000
construct/filtered_summary,500,3,30016,0.050033333,599920,299960029,5.000000,368.000000
construct/filtered_summary,500,4,29952,0.050008625,598937,299468342,5.000000,368.000000
construct/filtered_summary,500,5,30048,0.050034833,600542,300270813,5.000000,368.000000
construct/filtered_summary,500,6,30112,0.050029875,601880,300940188,5.000000,368.000000
construct/nested,500,0,22336,0.050066583,446126,223062956,15.000000,1352.000000
construct/nested,500,1,22304,0.050007750,446011,223005434,15.000000,1352.000000
construct/nested,500,2,22304,0.050061792,445529,222764698,15.000000,1352.000000
construct/nested,500,3,22368,0.050028916,447101,223550716,15.000000,1352.000000
construct/nested,500,4,22400,0.050016042,447856,223928155,15.000000,1352.000000
construct/nested,500,5,22368,0.050059667,446827,223413392,15.000000,1352.000000
construct/nested,500,6,22368,0.050056792,446852,223426224,15.000000,1352.000000
construct/navigate,500,0,54528,0.050007292,1090401,545200488,3.000000,168.000000
construct/navigate,500,1,54720,0.050018333,1093999,546999437,3.000000,168.000000
construct/navigate,500,2,54688,0.050026917,1093172,546585751,3.000000,168.000000
construct/navigate,500,3,54784,0.050027083,1095087,547543418,3.000000,168.000000
construct/navigate,500,4,54784,0.050008791,1095487,547743696,3.000000,168.000000
construct/navigate,500,5,54848,0.050001500,1096927,548463546,3.000000,168.000000
construct/navigate,500,6,54624,0.050008542,1092293,546146696,3.000000,168.000000
construct/raw_member,1024,0,77312,0.050002500,1546163,1583270596,3.000000,168.000000
construct/raw_member,1024,1,77152,0.050013708,1542617,1579639886,3.000000,168.000000
construct/raw_member,1024,2,77440,0.050003167,1548702,1585870751,3.000000,168.000000
construct/raw_member,1024,3,77120,0.050000875,1542373,1579389961,3.000000,168.000000
construct/raw_member,1024,4,77376,0.050001250,1547481,1584620864,3.000000,168.000000
construct/raw_member,1024,5,77376,0.050014750,1547064,1584193143,3.000000,168.000000
construct/raw_member,1024,6,77408,0.050009500,1547866,1585014687,3.000000,168.000000
construct/raw_member_write,1024,0,36352,0.050029250,726615,744053689,3.000000,168.000000
construct/raw_member_write,1024,1,36448,0.050031917,728495,745978852,3.000000,168.000000
construct/raw_member_write,1024,2,36416,0.050008958,728190,745666086,3.000000,168.000000
construct/raw_member_write,1024,3,36480,0.050003541,729548,747057493,3.000000,168.000000
construct/raw_member_write,1024,4,36480,0.050032167,729131,746630063,3.000000,168.000000
construct/raw_member_write,1024,5,36320,0.050007000,726298,743729478,3.000000,168.000000
construct/raw_member_write,1024,6,36224,0.050034708,723977,741352902,3.000000,168.000000
construct/scalars,1024,0,25920,0.050028208,518108,530542289,3.000000,552.000000
construct/scalars,1024,1,25920,0.050036792,518019,530451273,3.000000,552.000000
construct/scalars,1024,2,25952,0.050064709,518369,530809996,3.000000,552.000000
construct/scalars,1024,3,25952,0.050048042,518542,530986767,3.000000,552.000000
construct/scalars,1024,4,25952,0.050034666,518680,531128718,3.000000,552.000000
construct/scalars,1024,5,26048,0.050015208,520802,533300831,3.000000,552.000000
construct/scalars,1024,6,26016,0.050046834,519833,532309077,3.000000,552.000000
construct/filtered_summary,1024,0,20416,0.050039500,407998,417789626,5.000000,368.000000
construct/filtered_summary,1024,1,20416,0.050054792,407873,417661989,5.000000,368.000000
construct/filtered_summary,1024,2,20416,0.050020417,408153,417949015,5.000000,368.000000
construct/filtered_summary,1024,3,20384,0.050023125,407492,417271332,5.000000,368.000000
construct/filtered_summary,1024,4,20416,0.050042375,407974,417765624,5.000000,368.000000
construct/filtered_summary,1024,5,20384,0.050070750,407104,416874443,5.000000,368.000000
construct/filtered_summary,1024,6,20416,0.050077125,407691,417475724,5.000000,368.000000
construct/nested,1024,0,15264,0.050076542,304813,312128901,15.000000,1352.000000
construct/nested,1024,1,15296,0.050079500,305434,312764784,15.000000,1352.000000
construct/nested,1024,2,15264,0.050021125,305151,312474699,15.000000,1352.000000
construct/nested,1024,3,15264,0.050080334,304790,312105267,15.000000,1352.000000
construct/nested,1024,4,15200,0.050097083,303411,310692740,15.000000,1352.000000
construct/nested,1024,5,15072,0.050038166,301210,308439122,15.000000,1352.000000
construct/nested,1024,6,15104,0.050071542,301648,308887951,15.000000,1352.000000
construct/navigate,1024,0,34464,0.050020459,688998,705534030,3.000000,168.000000
construct/navigate,1024,1,34496,0.050027333,689543,706092088,3.000000,168.000000
construct/navigate,1024,2,34528,0.050004792,690494,707065675,3.000000,168.000000
construct/navigate,1024,3,34656,0.050031250,692687,709311560,3.000000,168.000000
construct/navigate,1024,4,34624,0.050038083,691953,708559838,3.000000,168.000000
construct/navigate,1024,5,34592,0.050039750,691290,707881394,3.000000,168.000000
construct/navigate,1024,6,34656,0.050032334,692672,709296192,3.000000,168.000000
construct/raw_member,10240,0,9216,0.050136000,183820,1882316898,3.000000,168.000000
construct/raw_member,10240,1,9280,0.050162917,184997,1894371494,3.000000,168.000000
construct/raw_member,10240,2,9248,0.050027959,184857,1892931910,3.000000,168.000000
construct/raw_member,10240,3,9248,0.050101208,184586,1890164405,3.000000,168.000000
construct/raw_member,10240,4,9248,0.050000250,184959,1893980930,3.000000,168.000000
construct/raw_member,10240,5,9248,0.050009917,184923,1893614820,3.000000,168.000000
construct/raw_member,10240,6,9280,0.050158834,185012,1894525698,3.000000,168.000000
construct/raw_member_write,10240,0,4000,0.050073958,79882,817990062,3.000000,168.000000
construct/raw_member_write,10240,1,4000,0.050074583,79881,817979852,3.000000,168.000000
construct/raw_member_write,10240,2,4000,0.050081667,79870,817864150,3.000000,168.000000
construct/raw_member_write,10240,3,4000,0.050086791,79861,817780480,3.000000,168.000000
construct/raw_member_write,10240,4,4032,0.050389542,80017,819370019,3.000000,168.000000
construct/raw_member_write,10240,5,4000,0.050180625,79712,816251292,3.000000,168.000000
construct/raw_member_write,10240,6,4000,0.050079375,79873,817901581,3.000000,168.000000
construct/scalars,10240,0,3168,0.050470958,62769,642752214,3.000000,552.000000
construct/scalars,10240,1,3168,0.050186541,63124,646394817,3.000000,552.000000
construct/scalars,10240,2,3168,0.050262584,63029,645416877,3.000000,552.000000
construct/scalars,10240,3,3168,0.050234916,63064,645772355,3.000000,552.000000
construct/scalars,10240,4,3168,0.050247250,63048,645613840,3.000000,552.000000
construct/scalars,10240,5,3168,0.050352000,62917,644270734,3.000000,552.000000
construct/scalars,10240,6,3168,0.050286834,62999,645105635,3.000000,552.000000
construct/filtered_summary,10240,0,3072,0.050420584,60927,623897573,5.000000,368.000000
construct/filtered_summary,10240,1,3072,0.050382792,60973,624365557,5.000000,368.000000
construct/filtered_summary,10240,2,3072,0.050375542,60982,624455415,5.000000,368.000000
construct/filtered_summary,10240,3,3072,0.050370000,60989,624524122,5.000000,368.000000
construct/filtered_summary,10240,4,3072,0.050444458,60899,623602299,5.000000,368.000000
construct/filtered_summary,10240,5,3072,0.050377250,60980,624434244,5.000000,368.000000
construct/filtered_summary,10240,6,3072,0.050252166,61132,625988539,5.000000,368.000000
construct/nested,10240,0,2304,0.050230125,45869,469697418,15.000000,1352.000000
construct/nested,10240,1,2304,0.050346584,45763,468610939,15.000000,1352.000000
construct/nested,10240,2,2304,0.050242250,45858,469584065,15.000000,1352.000000
construct/nested,10240,3,2304,0.050341625,45767,468657100,15.000000,1352.000000
construct/nested,10240,4,2304,0.050305583,45800,468992875,15.000000,1352.000000
construct/nested,10240,5,2304,0.050296791,45808,469074856,15.000000,1352.000000
construct/nested,10240,6,2304,0.050414333,45701,467981199,15.000000,1352.000000
construct/navigate,10240,0,4640,0.050158625,92507,947266796,3.000000,168.000000
construct/navigate,10240,1,4640,0.050197333,92435,946536343,3.000000,168.000000
construct/navigate,10240,2,4640,0.050094167,92626,948485679,3.000000,168.000000
construct/navigate,10240,3,4640,0.050152167,92518,947388774,3.000000,168.000000
construct/navigate,10240,4,4672,0.050361875,92769,949950334,3.000000,168.000000
construct/navigate,10240,5,4640,0.050150250,92522,947424988,3.000000,168.000000
construct/navigate,10240,6,4640,0.050076625,92658,948817937,3.000000,168.000000
construct/raw_member,65536,0,1504,0.050930292,29531,1935314724,3.000000,168.000000
construct/raw_member,65536,1,1504,0.050906583,29544,1936216069,3.000000,168.000000
construct/raw_member,65536,2,1504,0.051007667,29486,1932378989,3.000000,168.000000
construct/raw_member,65536,3,1504,0.050815334,29597,1939692928,3.000000,168.000000
construct/raw_member,65536,4,1504,0.050958041,29514,1934260856,3.000000,168.000000
construct/raw_member,65536,5,1504,0.050857792,29573,1938073599,3.000000,168.000000
construct/raw_member,65536,6,1504,0.050983083,29500,1933310781,3.000000,168.000000
construct/raw_member_write,65536,0,640,0.050759042,12609,826316620,3.000000,168.000000
construct/raw_member_write,65536,1,640,0.050801167,12598,825631427,3.000000,168.000000
construct/raw_member_write,65536,2,640,0.050749125,12611,826478092,3.000000,168.000000
construct/raw_member_write,65536,3,640,0.050863625,12583,824617593,3.000000,168.000000
construct/raw_member_write,65536,4,640,0.050821209,12593,825305829,3.000000,168.000000
construct/raw_member_write,65536,5,640,0.050870666,12581,824503457,3.000000,168.000000
construct/raw_member_write,65536,6,640,0.050963417,12558,823002900,3.000000,168.000000
construct/scalars,65536,0,512,0.051049292,10030,657294757,3.000000,552.000000
construct/scalars,65536,1,512,0.050886625,10062,659395902,3.000000,552.000000
construct/scalars,65536,2,512,0.050929750,10053,658837556,3.000000,552.000000
construct/scalars,65536,3,512,0.050891958,10061,659326804,3.000000,552.000000
construct/scalars,65536,4,512,0.050935250,10052,658766414,3.000000,552.000000
construct/scalars,65536,5,512,0.050916000,10056,659015476,3.000000,552.000000
construct/scalars,65536,6,512,0.050811041,10077,660376787,3.000000,552.000000
construct/filtered_summary,65536,0,512,0.051100583,10019,656635013,5.000000,368.000000
construct/filtered_summary,65536,1,512,0.051187834,10002,655515762,5.000000,368.000000
construct/filtered_summary,65536,2,512,0.051298750,9981,654098433,5.000000,368.000000
construct/filtered_summary,65536,3,512,0.051206542,9999,655276273,5.000000,368.000000
construct/filtered_summary,65536,4,512,0.051096750,10020,656684271,5.000000,368.000000
construct/filtered_summary,65536,5,512,0.051122208,10015,656357253,5.000000,368.000000
construct/filtered_summary,65536,6,512,0.051097708,10020,656671959,5.000000,368.000000
construct/nested,65536,0,384,0.051014250,7527,493309693,15.000000,1352.000000
construct/nested,65536,1,384,0.050965458,7535,493781965,15.000000,1352.000000
construct/nested,65536,2,384,0.050936958,7539,494058244,15.000000,1352.000000
construct/nested,65536,3,384,0.050842125,7553,494979783,15.000000,1352.000000
construct/nested,65536,4,384,0.050958833,7535,493846160,15.000000,1352.000000
construct/nested,65536,5,384,0.050989917,7531,493545106,15.000000,1352.000000
construct/nested,65536,6,384,0.050942541,7538,494004098,15.000000,1352.000000
construct/navigate,65536,0,768,0.051297208,14972,981177143,3.000000,168.000000
construct/navigate,65536,1,768,0.051234000,14990,982387633,3.000000,168.000000
construct/navigate,65536,2,768,0.051293375,14973,981250464,3.000000,168.000000
construct/navigate,65536,3,768,0.051215083,14996,982750492,3.000000,168.000000
construct/navigate,65536,4,768,0.051247500,14986,982128845,3.000000,168.000000
construct/navigate,65536,5,768,0.051257666,14983,981934058,3.000000,168.000000
construct/navigate,65536,6,768,0.051281625,14976,981475295,3.000000,168.000000
construct/raw_member,1048576,0,96,0.051846958,1852,1941546812,3.000000,168.000000
construct/raw_member,1048576,1,96,0.051649667,1859,1948963117,3.000000,168.000000
construct/raw_member,1048576,2,96,0.051762125,1855,1944728815,3.000000,168.000000
construct/raw_member,1048576,3,96,0.051767208,1854,1944537863,3.000000,168.000000
construct/raw_member,1048576,4,96,0.051774167,1854,1944276496,3.000000,168.000000
construct/raw_member,1048576,5,96,0.051653667,1859,1948812192,3.000000,168.000000
construct/raw_member,1048576,6,96,0.051809542,1853,1942948965,3.000000,168.000000
construct/raw_member_write,1048576,0,64,0.081373917,786,824697476,3.000000,168.000000
construct/raw_member_write,1048576,1,64,0.081421792,786,824212565,3.000000,168.000000
construct/raw_member_write,1048576,2,64,0.081667916,784,821728621,3.000000,168.000000
construct/raw_member_write,1048576,3,64,0.081815166,782,820249683,3.000000,168.000000
construct/raw_member_write,1048576,4,64,0.081807542,782,820326126,3.000000,168.000000
construct/raw_member_write,1048576,5,64,0.081732041,783,821083912,3.000000,168.000000
construct/raw_member_write,1048576,6,64,0.081823750,782,820163632,3.000000,168.000000
construct/scalars,1048576,0,32,0.050644625,632,662546756,3.000000,552.000000
construct/scalars,1048576,1,32,0.050974542,628,658258626,3.000000,552.000000
construct/scalars,1048576,2,32,0.050613250,632,662957467,3.000000,552.000000
construct/scalars,1048576,3,32,0.050595083,632,663195512,3.000000,552.000000
construct/scalars,1048576,4,32,0.050646208,632,662526047,3.000000,552.000000
construct/scalars,1048576,5,32,0.050728083,631,661456732,3.000000,552.000000
construct/scalars,1048576,6,32,0.050670417,632,662209510,3.000000,552.000000
construct/filtered_summary,1048576,0,32,0.050648958,632,662490075,5.000000,368.000000
construct/filtered_summary,1048576,1,32,0.050399833,635,665764746,5.000000,368.000000
construct/filtered_summary,1048576,2,32,0.050563750,633,663606477,5.000000,368.000000
construct/filtered_summary,1048576,3,32,0.050560333,633,663651325,5.000000,368.000000
construct/filtered_summary,1048576,4,32,0.050481750,634,664684406,5.000000,368.000000
construct/filtered_summary,1048576,5,32,0.050652834,632,662439381,5.000000,368.000000
construct/filtered_summary,1048576,6,32,0.050677750,631,662113689,5.000000,368.000000
construct/nested,1048576,0,32,0.067316208,475,498459925,15.000000,1352.000000
construct/nested,1048576,1,32,0.067341166,475,498275186,15.000000,1352.000000
construct/nested,1048576,2,32,0.067497709,474,497119569,15.000000,1352.000000
construct/nested,1048576,3,32,0.067410875,475,497759924,15.000000,1352.000000
construct/nested,1048576,4,32,0.067336584,475,498309092,15.000000,1352.000000
construct/nested,1048576,5,32,0.067079542,477,500218561,15.000000,1352.000000
construct/nested,1048576,6,32,0.067363750,475,498108137,15.000000,1352.000000
construct/navigate,1048576,0,64,0.067737042,945,990726226,3.000000,168.000000
construct/navigate,1048576,1,64,0.068012542,941,986713068,3.000000,168.000000
construct/navigate,1048576,2,64,0.067923792,942,988002319,3.000000,168.000000
construct/navigate,1048576,3,64,0.067933916,942,987855080,3.000000,168.000000
construct/navigate,1048576,4,64,0.067933541,942,987860533,3.000000,168.000000
construct/navigate,1048576,5,64,0.067863584,943,988878866,3.000000,168.000000
construct/navigate,1048576,6,64,0.067714334,945,991058466,3.000000,168.000000
construct/mapped_objects,262,0,22976,0.050062375,458947,120244235,12.000000,1184.000000
construct/mapped_objects,262,1,23072,0.050033625,461130,120816031,12.000000,1184.000000
construct/mapped_objects,262,2,23200,0.050049959,463537,121446653,12.000000,1184.000000
construct/mapped_objects,262,3,23104,0.050020250,461893,121015949,12.000000,1184.000000
construct/mapped_objects,262,4,23168,0.050038708,463002,121306409,12.000000,1184.000000
construct/mapped_objects,262,5,23136,0.050062625,462141,121080986,12.000000,1184.000000
construct/mapped_objects,262,6,23104,0.050016167,461931,121025828,12.000000,1184.000000
construct/collected_objects,262,0,22080,0.050022875,441398,115646292,15.000000,1352.000000
construct/collected_objects,262,1,22080,0.050049666,441162,115584388,15.000000,1352.000000
construct/collected_objects,262,2,22144,0.050066000,442296,115881596,15.000000,1352.000000
construct/collected_objects,262,3,22144,0.050058000,442367,115900116,15.000000,1352.000000
construct/collected_objects,262,4,22176,0.050010917,443423,116176874,15.000000,1352.000000
construct/collected_objects,262,5,22208,0.050066125,443573,116216224,15.000000,1352.000000
construct/collected_objects,262,6,22208,0.050023250,443954,116315833,15.000000,1352.000000
construct/collected_write,262,0,20256,0.050075750,404507,105980879,15.000000,1352.000000
construct/collected_write,262,1,20512,0.050055834,409782,107362990,15.000000,1352.000000
construct/collected_write,262,2,20512,0.050065292,409705,107342708,15.000000,1352.000000
construct/collected_write,262,3,20544,0.050076000,410256,107487179,15.000000,1352.000000
construct/collected_write,262,4,20512,0.050015292,410115,107450017,15.000000,1352.000000
construct/collected_write,262,5,20512,0.050058625,409760,107357004,15.000000,1352.000000
construct/collected_write,262,6,20480,0.050032417,409335,107245668,15.000000,1352.000000
construct/filtered_aggregate,262,0,19104,0.050039667,381777,100025606,3.000000,296.000000
construct/filtered_aggregate,262,1,19104,0.050053625,381671,99997712,3.000000,296.000000
construct/filtered_aggregate,262,2,19040,0.050048083,380434,99673748,3.000000,296.000000
construct/filtered_aggregate,262,3,19072,0.050024042,381257,99889249,3.000000,296.000000
construct/filtered_aggregate,262,4,18944,0.050039250,378583,99188697,3.000000,296.000000
construct/filtered_aggregate,262,5,18912,0.050073208,377687,98953996,3.000000,296.000000
construct/filtered_aggregate,262,6,18944,0.050069625,378353,99128524,3.000000,296.000000
construct/mapped_objects,4334,0,1536,0.050670875,30313,131377719,192.000000,18944.000000
construct/mapped_objects,4334,1,1536,0.050424125,30462,132020615,192.000000,18944.000000
construct/mapped_objects,4334,2,1536,0.050534750,30395,131731610,192.000000,18944.000000
construct/mapped_objects,4334,3,1536,0.050824792,30221,130979857,192.000000,18944.000000
construct/mapped_objects,4334,4,1536,0.050763667,30258,131137571,192.000000,18944.000000
construct/mapped_objects,4334,5,1536,0.050701875,30295,131297393,192.000000,18944.000000
construct/mapped_objects,4334,6,1536,0.050679500,30308,131355361,192.000000,18944.000000
construct/collected_objects,4334,0,1536,0.050895083,30180,130798961,199.000000,21992.000000
construct/collected_objects,4334,1,1536,0.050889875,30183,130812347,199.000000,21992.000000
construct/collected_objects,4334,2,1536,0.051034417,30097,130441855,199.000000,21992.000000
construct/collected_objects,4334,3,1504,0.050144167,29994,129991909,199.000000,21992.000000
construct/collected_objects,4334,4,1504,0.050008292,30075,130345104,199.000000,21992.000000
construct/collected_objects,4334,5,1504,0.050083334,30030,130149802,199.000000,21992.000000
construct/collected_objects,4334,6,1504,0.050038583,30057,130266199,199.000000,21992.000000
construct/collected_write,4334,0,1376,0.050759000,27108,117488209,199.000000,21992.000000
construct/collected_write,4334,1,1376,0.050668584,27157,117697862,199.000000,21992.000000
construct/collected_write,4334,2,1376,0.050768667,27103,117465838,199.000000,21992.000000
construct/collected_write,4334,3,1376,0.050651166,27166,117738336,199.000000,21992.000000
construct/collected_write,4334,4,1376,0.050655750,27164,117727681,199.000000,21992.000000
construct/collected_write,4334,5,1376,0.050568833,27210,117930030,199.000000,21992.000000
construct/collected_write,4334,6,1376,0.050579042,27205,117906227,199.000000,21992.000000
construct/filtered_aggregate,4334,0,1408,0.050951667,27634,119765895,3.000000,296.000000
construct/filtered_aggregate,4334,1,1408,0.051051916,27580,119530715,3.000000,296.000000
construct/filtered_aggregate,4334,2,1376,0.050093083,27469,119050049,3.000000,296.000000
construct/filtered_aggregate,4334,3,1376,0.051131708,26911,116631817,3.000000,296.000000
construct/filtered_aggregate,4334,4,1344,0.050115917,26818,116228463,3.000000,296.000000
construct/filtered_aggregate,4334,5,1376,0.050651958,27166,117736495,3.000000,296.000000
construct/filtered_aggregate,4334,6,1376,0.050852584,27059,117271995,3.000000,296.000000
construct/mapped_objects,36190,0,192,0.050314125,3816,138101974,1536.000000,151552.000000
construct/mapped_objects,36190,1,192,0.050258333,3820,138255282,1536.000000,151552.000000
construct/mapped_objects,36190,2,192,0.050325541,3815,138070647,1536.000000,151552.000000
construct/mapped_objects,36190,3,192,0.050381083,3811,137918433,1536.000000,151552.000000
construct/mapped_objects,36190,4,192,0.050441375,3806,137753580,1536.000000,151552.000000
construct/mapped_objects,36190,5,192,0.051215291,3749,135671981,1536.000000,151552.000000
construct/mapped_objects,36190,6,192,0.051496584,3728,134930892,1536.000000,151552.000000
construct/collected_objects,36190,0,192,0.051273000,3745,135519279,1546.000000,176104.000000
construct/collected_objects,36190,1,192,0.051169333,3752,135793836,1546.000000,176104.000000
construct/collected_objects,36190,2,192,0.051198750,3750,135715813,1546.000000,176104.000000
construct/collected_objects,36190,3,192,0.050951708,3768,136373839,1546.000000,176104.000000
construct/collected_objects,36190,4,192,0.050866500,3775,136602282,1546.000000,176104.000000
construct/collected_objects,36190,5,192,0.050791250,3780,136804666,1546.000000,176104.000000
construct/collected_objects,36190,6,192,0.051841167,3704,134034020,1546.000000,176104.000000
construct/collected_write,36190,0,192,0.056931375,3372,122050100,1546.000000,176104.000000
construct/collected_write,36190,1,192,0.056737417,3384,122467331,1546.000000,176104.000000
construct/collected_write,36190,2,192,0.056813542,3379,122303235,1546.000000,176104.000000
construct/collected_write,36190,3,192,0.057004416,3368,121893714,1546.000000,176104.000000
construct/collected_write,36190,4,192,0.057047375,3366,121801923,1546.000000,176104.000000
construct/collected_write,36190,5,192,0.056847708,3377,122229730,1546.000000,176104.000000
construct/collected_write,36190,6,192,0.056477833,3400,123030216,1546.000000,176104.000000
construct/filtered_aggregate,36190,0,192,0.056954292,3371,122000990,3.000000,296.000000
construct/filtered_aggregate,36190,1,192,0.054748166,3507,126917128,3.000000,296.000000
construct/filtered_aggregate,36190,2,192,0.054855625,3500,126668505,3.000000,296.000000
construct/filtered_aggregate,36190,3,192,0.054391208,3530,127750058,3.000000,296.000000
construct/filtered_aggregate,36190,4,192,0.055529292,3458,125131795,3.000000,296.000000
construct/filtered_aggregate,36190,5,192,0.055766542,3443,124599442,3.000000,296.000000
construct/filtered_aggregate,36190,6,192,0.054849000,3501,126683805,3.000000,296.000000
construct/mapped_objects,624958,0,32,0.136755500,234,146236575,24576.000000,2424832.000000
construct/mapped_objects,624958,1,32,0.137897667,232,145025340,24576.000000,2424832.000000
construct/mapped_objects,624958,2,32,0.138572292,231,144319299,24576.000000,2424832.000000
construct/mapped_objects,624958,3,32,0.137956875,232,144963098,24576.000000,2424832.000000
construct/mapped_objects,624958,4,32,0.138777167,231,144106242,24576.000000,2424832.000000
construct/mapped_objects,624958,5,32,0.138047500,232,144867933,24576.000000,2424832.000000
construct/mapped_objects,624958,6,32,0.137120958,233,145846822,24576.000000,2424832.000000
construct/collected_objects,624958,0,32,0.139509625,229,143349651,24590.000000,2818024.000000
construct/collected_objects,624958,1,32,0.139194500,230,143674183,24590.000000,2818024.000000
construct/collected_objects,624958,2,32,0.139225959,230,143641718,24590.000000,2818024.000000
construct/collected_objects,624958,3,32,0.139111250,230,143760163,24590.000000,2818024.000000
construct/collected_objects,624958,4,32,0.138633166,231,144255928,24590.000000,2818024.000000
construct/collected_objects,624958,5,32,0.138125542,232,144786082,24590.000000,2818024.000000
construct/collected_objects,624958,6,32,0.139605958,229,143250734,24590.000000,2818024.000000
construct/collected_write,624958,0,32,0.153859916,208,129979637,24590.000000,2818024.000000
construct/collected_write,624958,1,32,0.153682958,208,130129302,24590.000000,2818024.000000
construct/collected_write,624958,2,32,0.153264958,209,130484204,24590.000000,2818024.000000
construct/collected_write,624958,3,32,0.153327792,209,130430731,24590.000000,2818024.000000
construct/collected_write,624958,4,32,0.153562083,208,130231732,24590.000000,2818024.000000
construct/collected_write,624958,5,32,0.154036500,208,129830631,24590.000000,2818024.000000
construct/collected_write,624958,6,32,0.153690041,208,130123304,24590.000000,2818024.000000
construct/filtered_aggregate,624958,0,32,0.151861125,211,131690424,3.000000,296.000000
construct/filtered_aggregate,624958,1,32,0.155021583,206,129005624,3.000000,296.000000
construct/filtered_aggregate,624958,2,32,0.154477209,207,129460236,3.000000,296.000000
construct/filtered_aggregate,624958,3,32,0.154631583,207,129330992,3.000000,296.000000
construct/filtered_aggregate,624958,4,32,0.147735167,217,135368284,3.000000,296.000000
construct/filtered_aggregate,624958,5,32,0.152563166,210,131084432,3.000000,296.000000
construct/filtered_aggregate,624958,6,32,0.151561958,211,131950367,3.000000,296.000000
construct/nested_summary,1036,0,2048,0.050032042,40934,42407384,3.000000,296.000000
construct/nested_summary,1036,1,2048,0.050058542,40912,42384934,3.000000,296.000000
construct/nested_summary,1036,2,2048,0.050090958,40886,42357505,3.000000,296.000000
construct/nested_summary,1036,3,2080,0.050731917,41000,42475824,3.000000,296.000000
construct/nested_summary,1036,4,2080,0.050741458,40992,42467838,3.000000,296.000000
construct/nested_summary,1036,5,2080,0.050766958,40972,42446506,3.000000,296.000000
construct/nested_summary,1036,6,2048,0.050032375,40933,42407101,3.000000,296.000000
construct/nested_summary,16396,0,160,0.061727208,2592,42499249,3.000000,296.000000
construct/nested_summary,16396,1,160,0.061493875,2602,42660509,3.000000,296.000000
construct/nested_summary,16396,2,160,0.061406625,2606,42721123,3.000000,296.000000
construct/nested_summary,16396,3,160,0.061295750,2610,42798400,3.000000,296.000000
construct/nested_summary,16396,4,160,0.061094542,2619,42939351,3.000000,296.000000
construct/nested_summary,16396,5,160,0.061085875,2619,42945444,3.000000,296.000000
construct/nested_summary,16396,6,160,0.061202292,2614,42863754,3.000000,296.000000
construct/nested_summary,1048588,0,32,0.783495792,41,42827053,3.000000,296.000000
construct/nested_summary,1048588,1,32,0.780981792,41,42964915,3.000000,296.000000
construct/nested_summary,1048588,2,32,0.781396083,41,42942135,3.000000,296.000000
construct/nested_summary,1048588,3,32,0.779811041,41,43029419,3.000000,296.000000
construct/nested_summary,1048588,4,32,0.780501000,41,42991381,3.000000,296.000000
construct/nested_summary,1048588,5,32,0.780326500,41,43000995,3.000000,296.000000
construct/nested_summary,1048588,6,32,0.783885917,41,42805739,3.000000,296.000000
