just all
cargo fmt --all -- --check
just clippy
cargo clippy --workspace --all-targets --locked -- -D warnings
    Checking jx v0.1.0 (/Users/josh/Documents/Workspace/jo-cube/jx/crates/jx)
    Checking jx-cli v0.1.0 (/Users/josh/Documents/Workspace/jo-cube/jx/crates/jx-cli)
    Finished `dev` profile [unoptimized + debuginfo] target(s) in 7.22s
just test
cargo test --workspace --locked
   Compiling jx v0.1.0 (/Users/josh/Documents/Workspace/jo-cube/jx/crates/jx)
   Compiling jx-cli v0.1.0 (/Users/josh/Documents/Workspace/jo-cube/jx/crates/jx-cli)
    Finished `test` profile [unoptimized + debuginfo] target(s) in 7.55s
     Running unittests src/lib.rs (target/debug/deps/jx-5c39ac25acc6c2b5)

running 15 tests
test json::string::tests::equal_strings_have_equal_fingerprints ... ok
test json::string::tests::size_hints_bound_remaining_units ... ok
test constant::tests::fingerprint_collisions_require_exact_key_equality ... ok
test function::acquire::tests::effects_in_arguments_and_dynamic_targets_stay_on_the_tree ... ok
test plan::tests::shared_computations_keep_wide_constructors_in_one_region ... ok
test plan::tests::nested_demands_preserve_replacement_and_array_fallback ... ok
test plan::tests::dynamic_effects_and_retained_results_do_not_lower_as_callbacks ... ok
test value::tests::concatenation_preserves_encoding_and_shared_identity ... ok
test plan::tests::whole_regions_lower ... ok
test plan::tests::pure_callback_folds_match_staged_tree_errors ... ok
test function::acquire::tests::captured_calls_match_original_calls_and_exact_errors ... ok
test plan::tests::parameter_regions_lower_and_match_original_calls ... ok
test plan::tests::plan_and_tree_agree_on_values_and_exact_errors ... ok
test plan::tests::fixed_objects_lookup_and_capture_match_the_tree ... ok
test plan::tests::branches_and_folds_match_the_tree ... ok

test result: ok. 15 passed; 0 failed; 0 ignored; 0 measured; 0 filtered out; finished in 2.13s

     Running tests/acquisition.rs (target/debug/deps/acquisition-ed7c255a28819c7d)

running 2 tests
test captured_arguments_borrow_input_and_validation_precedes_effects ... ok
test acquisition_lookup_and_string_results ... ok

test result: ok. 2 passed; 0 failed; 0 ignored; 0 measured; 0 filtered out; finished in 0.01s

     Running tests/aggregates.rs (target/debug/deps/aggregates-876a2f81d671fe60)

running 5 tests
test aggregate_arguments_finish_before_type_or_arity_checks ... ok
test validation_cancellation_and_mapped_aggregate_errors ... ok
test aggregates_preserve_ieee_values_and_signed_zero ... ok
test aggregate_calls_keep_syntax_and_depth_limits_explicit ... ok
test aggregate_semantics ... ok

test result: ok. 5 passed; 0 failed; 0 ignored; 0 measured; 0 filtered out; finished in 0.01s

     Running tests/builtins.rs (target/debug/deps/builtins-0fb36744982705d7)

running 5 tests
test missing_matchers_and_host_exceptions_are_explicit ... ok
test computed_strings_preserve_json_encoding_and_surrogate_units ... ok
test validation_and_argument_errors_precede_callback_execution ... ok
test builtin_retention_keeps_input_borrowing_and_evaluates_arguments_once ... ok
test builtin_semantics ... ok

test result: ok. 5 passed; 0 failed; 0 ignored; 0 measured; 0 filtered out; finished in 0.01s

     Running tests/compiler.rs (target/debug/deps/compiler-8e8e49522c4bfe91)

running 4 tests
test static_lookup_still_validates_and_normalizes_its_key ... ok
test constant_errors_remain_runtime_errors_after_validation ... ok
test constant_construction_keeps_identity_and_shape ... ok
test lookup_shapes_keys_and_calls ... ok

test result: ok. 4 passed; 0 failed; 0 ignored; 0 measured; 0 filtered out; finished in 0.00s

     Running tests/composition.rs (target/debug/deps/composition-d495a756fa864021)

running 7 tests
test concatenation_preserves_escape_and_surrogate_boundaries ... ok
test validation_and_error_order_are_preserved ... ok
test jsonata_stringification_is_distinct_from_output_serialization ... ok
test string_identity_and_partial_arguments_keep_borrowing ... ok
test composed_calls_keep_resource_limits_and_record_isolation ... ok
test direct_path_conversion_matches_dynamic_calls ... ok
test conversion_and_composition_semantics ... ok

test result: ok. 7 passed; 0 failed; 0 ignored; 0 measured; 0 filtered out; finished in 0.01s

     Running tests/conformance.rs (target/debug/deps/conformance-40cddbe4d9d4427d)

running 1 test
test pinned_upstream_groups_have_explicit_expected_outcomes ... ok

test result: ok. 1 passed; 0 failed; 0 ignored; 0 measured; 0 filtered out; finished in 2.14s

     Running tests/consolidation.rs (target/debug/deps/consolidation-bcac31bfff5f1ae2)

running 5 tests
test traversal_cancellation_still_follows_complete_validation ... ok
test immediate_calls_preserve_rebinding_and_escaping_captures ... ok
test nested_lookup_preserves_array_boundaries_and_decoded_duplicate_keys ... ok
test ordering_and_grouping_preserve_upstream_outcomes ... ok
test wide_groups_compare_encoded_keys_without_losing_member_order ... ok

test result: ok. 5 passed; 0 failed; 0 ignored; 0 measured; 0 filtered out; finished in 0.01s

     Running tests/constructors.rs (target/debug/deps/constructors-a6f64bd373536e55)

running 9 tests
test implicit_string_iteration_after_constructor_collapse_is_explicitly_deferred ... ok
test object_construction_does_not_mutate_empty_input_arrays ... ok
test null_collapse_reports_a_type_error_instead_of_a_host_exception ... ok
test construction_preserves_internal_numbers_and_undefined ... ok
test containers_own_structure_and_retain_borrowed_members ... ok
test construction_validates_before_output_and_cancels_between_containers ... ok
test serialization_keeps_unicode_units_and_arbitrary_json_keys ... ok
test constructor_syntax_and_depth_are_bounded ... ok
test constructor_semantics ... ok

test result: ok. 9 passed; 0 failed; 0 ignored; 0 measured; 0 filtered out; finished in 0.01s

     Running tests/effects.rs (target/debug/deps/effects-478e0efd389e2d2b)

running 8 tests
test eval_errors_keep_the_nested_diagnostic ... ok
test compatibility_boundaries_are_explicit ... ok
test dynamic_randomness_shares_the_injected_source ... ok
test skipped_effects_and_trivial_shuffles_do_not_draw ... ok
test dynamic_errors_preserve_effects_and_shuffle_uses_one_shared_stream ... ok
test injected_randomness_is_shared_and_not_replayed ... ok
test dynamic_results_borrow_input_and_validation_precedes_effects ... ok
test dynamic_evaluation_semantics ... ok

test result: ok. 8 passed; 0 failed; 0 ignored; 0 measured; 0 filtered out; finished in 0.20s

     Running tests/execution.rs (target/debug/deps/execution-54f3e2427d52e331)

running 7 tests
test planned_regions_do_not_round_borrowed_output ... ok
test numeric_regions_keep_validation_and_error_precedence ... ok
test numeric_regions_compose_with_contexts_and_retention ... ok
test numeric_regions_accept_constructed_and_retained_contexts ... ok
test numeric_regions_preserve_missing_shape_and_record_isolation ... ok
test branches_fixed_objects_and_streamed_folds_compose ... ok
test numeric_regions_preserve_ordering_and_stream_cancellation ... ok

test result: ok. 7 passed; 0 failed; 0 ignored; 0 measured; 0 filtered out; finished in 0.01s

     Running tests/filters.rs (target/debug/deps/filters-498acedc1ac69cf4)

running 5 tests
test undefined_sequence_items_remain_distinct_from_null ... ok
test filtered_values_borrow_input_and_cancellation_stops_predicates ... ok
test upstream_stage_errors_take_precedence_over_later_stage_errors ... ok
test filter_semantics ... ok
test filters_have_bounded_depth_and_keep_deferred_syntax_explicit ... ok

test result: ok. 5 passed; 0 failed; 0 ignored; 0 measured; 0 filtered out; finished in 0.01s

     Running tests/formatting.rs (target/debug/deps/formatting-6654bbe0f9cbe392)

running 2 tests
test pictures_do_not_change_validation_or_argument_order ... ok
test numeric_and_date_picture_semantics ... ok

test result: ok. 2 passed; 0 failed; 0 ignored; 0 measured; 0 filtered out; finished in 0.02s

     Running tests/functions.rs (target/debug/deps/functions-a6515a4057481d3f)

running 5 tests
test frame_recycling_preserves_escaped_callback_bindings ... ok
test ambiguous_signature_matching_is_bounded ... ok
test function_runtime_semantics ... ok
test tail_borrowing_validation_and_reuse ... ok
test infinite_tail_calls_use_execution_budget_and_release_the_record ... ok

test result: ok. 5 passed; 0 failed; 0 ignored; 0 measured; 0 filtered out; finished in 0.63s

     Running tests/helpers.rs (target/debug/deps/helpers-b3aa71aefe3628d9)

running 4 tests
test user_messages_and_comment_errors_are_explicit ... ok
test helpers_preserve_borrowing_and_validation ... ok
test predicates_after_grouping_require_a_path_or_boundary ... ok
test everyday_helper_semantics ... ok

test result: ok. 4 passed; 0 failed; 0 ignored; 0 measured; 0 filtered out; finished in 0.01s

     Running tests/json_validation.rs (target/debug/deps/json_validation-e44178e449dfbb4d)

running 6 tests
test invalid_json_syntax ... ok
test valid_json_syntax_and_utf8 ... ok
test rejects_invalid_utf8_anywhere_even_in_unselected_fields ... ok
test deterministic_mutations_agree_with_serde_on_common_json_domain ... ok
test depth_limit_and_large_shallow_records ... ok
test planned_capture_preserves_complete_validation_and_exact_diagnostics ... ok

test result: ok. 6 passed; 0 failed; 0 ignored; 0 measured; 0 filtered out; finished in 0.05s

     Running tests/lexical.rs (target/debug/deps/lexical-bf2c9cff37c9ff52)

running 8 tests
test retained_output_obeys_consumer_cancellation ... ok
test function_results_are_opaque_and_not_json ... ok
test recursion_accounts_for_large_function_bodies ... ok
test deferred_features_and_constructor_binding_races_are_explicit ... ok
test retained_bindings_preserve_input_borrowing ... ok
test recursion_is_bounded_and_an_error_does_not_poison_reuse ... ok
test evaluations_isolate_scope_and_validate_before_execution ... ok
test lexical_semantics ... ok

test result: ok. 8 passed; 0 failed; 0 ignored; 0 measured; 0 filtered out; finished in 0.01s

     Running tests/matchers.rs (target/debug/deps/matchers-60a40e786f2b8fa2)

running 5 tests
test complete_validation_precedes_matcher_execution ... ok
test legacy_case_folding_and_native_coercion_are_explicitly_deferred ... ok
test independent_evaluations_and_cloned_expressions_have_fresh_cursors ... ok
test borrowing_and_continuation_retention ... ok
test matcher_semantics ... ok

test result: ok. 5 passed; 0 failed; 0 ignored; 0 measured; 0 filtered out; finished in 0.01s

     Running tests/navigation.rs (target/debug/deps/navigation-30d994a8a828e57f)

running 4 tests
test range_limits_and_deferred_tuple_navigation_are_explicit ... ok
test nested_fallbacks_compile_without_expanding_the_left_tree ... ok
test validation_borrowing_and_cancellation ... ok
test navigation_semantics ... ok

test result: ok. 4 passed; 0 failed; 0 ignored; 0 measured; 0 filtered out; finished in 0.01s

     Running tests/regions.rs (target/debug/deps/regions-61ec7f7f706d89aa)

running 3 tests
test effectful_callbacks_keep_random_draw_order ... ok
test validation_precedes_planned_calls_and_fold_output ... ok
test pure_region_results_and_fallbacks_match_readable_cases ... ok

test result: ok. 3 passed; 0 failed; 0 ignored; 0 measured; 0 filtered out; finished in 0.01s

     Running tests/scalars.rs (target/debug/deps/scalars-3f00191b04973a56)

running 7 tests
test expression_whitespace_matches_the_language_tokenizer ... ok
test computed_scalars_and_literal_strings_need_no_owned_output ... ok
test operator_errors_have_expression_offsets_after_complete_validation ... ok
test duplicate_keys_unicode_and_binary64_boundaries ... ok
test compile_errors_and_expression_depth_are_bounded ... ok
test scalar_operators_and_sequence_operands ... ok
test structural_equality_and_boolean_casting_respect_input_depth_limits ... ok

test result: ok. 7 passed; 0 failed; 0 ignored; 0 measured; 0 filtered out; finished in 0.01s

     Running tests/semantics.rs (target/debug/deps/semantics-0a24414442d3f99b)

running 8 tests
test unsupported_semantics_fail_explicitly ... ok
test serialization_propagates_consumer_failure ... ok
test compact_serialization_preserves_string_and_number_bytes ... ok
test results_borrow_input_not_the_expression ... ok
test validate_before_returning_a_selected_value_or_semantic_error ... ok
test field_names_compare_decoded_escapes ... ok
test object_paths_missing_and_raw_values ... ok
test compile_once_reuse_across_records_and_threads ... ok

test result: ok. 8 passed; 0 failed; 0 ignored; 0 measured; 0 filtered out; finished in 0.00s

     Running tests/sequences.rs (target/debug/deps/sequences-807fc37769f900a3)

running 6 tests
test cancellation_preserves_the_consumer_error_and_stops_emission ... ok
test streamed_values_borrow_their_original_ranges ... ok
test fully_validate_before_emitting_any_sequence_item ... ok
test duplicate_keys_and_escaped_names_inside_arrays ... ok
test array_navigation_and_sequence_boundaries ... ok
test traversal_is_bounded_by_validated_input_depth_not_array_width ... ok

test result: ok. 6 passed; 0 failed; 0 ignored; 0 measured; 0 filtered out; finished in 0.03s

     Running tests/structure.rs (target/debug/deps/structure-b0a5f5f7d788211d)

running 8 tests
test undeducible_parents_fail_without_recursive_analysis ... ok
test transform_alias_boundaries_are_explicit ... ok
test unsupported_non_json_transform_edges_are_explicit ... ok
test clone_conversion_preserves_utf16_and_checks_all_numeric_leaves ... ok
test validation_cancellation_and_record_isolation ... ok
test clones_and_updates_keep_unrelated_leaves_borrowed ... ok
test resolved_parent_paths_count_toward_the_function_stack_budget ... ok
test parent_and_transform_semantics ... ok

test result: ok. 8 passed; 0 failed; 0 ignored; 0 measured; 0 filtered out; finished in 0.02s

     Running tests/tuples.rs (target/debug/deps/tuples-4c0d4251563b57c3)

running 5 tests
test invalid_bindings_and_parent_navigation_remain_explicit ... ok
test cancellation_stops_scoped_stages_before_later_errors ... ok
test scoped_paths_validate_before_output_and_borrow_selected_values ... ok
test an_empty_scoped_group_constructs_an_empty_object ... ok
test scoped_path_semantics ... ok

test result: ok. 5 passed; 0 failed; 0 ignored; 0 measured; 0 filtered out; finished in 0.01s

     Running unittests src/main.rs (target/debug/deps/jx-b40571f2d4c0a842)

running 3 tests
test stream::tests::output_failure_stops_before_consuming_the_next_record ... ok
test stream::tests::oversized_unterminated_record_stays_bounded ... ok
test stream::tests::framing_is_independent_of_buffer_boundaries ... ok

test result: ok. 3 passed; 0 failed; 0 ignored; 0 measured; 0 filtered out; finished in 0.00s

     Running tests/cli.rs (target/debug/deps/cli-cb8ecef0d5e941bc)

running 22 tests
test formatting_is_compiled_once_and_streams_records ... ok
test everyday_helpers_and_user_errors_stream_records ... ok
test errors_have_distinct_exit_codes_and_record_context ... ok
test invalid_record_never_emits_a_partial_sequence ... ok
test builtins_frame_sequences_and_escape_computed_strings ... ok
test filters_frame_values_and_report_streamed_errors ... ok
test aggregates_distinguish_missing_empty_and_failed_records ... ok
test ndjson_missing_null_arrays_and_final_unterminated_record ... ok
test conversion_and_chaining_preserve_ndjson_boundaries ... ok
test constructors_frame_complete_outputs_and_mapped_failures ... ok
test dynamic_eval_streams_records_and_wraps_errors ... ok
test lexical_runtime_is_fresh_for_each_record ... ok
test kept_sequences_and_reductions_preserve_record_framing ... ok
test matcher_results_keep_ndjson_framing_and_record_isolation ... ok
test streams_multiple_files_and_stdin_in_order ... ok
test exact_record_limit_including_cr_but_excluding_lf ... ok
test scoped_paths_reset_bindings_and_preserve_sequence_framing ... ok
test help_empty_input_options_and_invalid_utf8 ... ok
test parent_navigation_and_transforms_preserve_record_boundaries ... ok
test signed_tail_functions_stream_and_report_record_errors ... ok
test sequences_are_separate_lines_and_raw_arrays_stay_values ... ok
test scalar_results_and_runtime_errors_are_framed_per_record ... ok

test result: ok. 22 passed; 0 failed; 0 ignored; 0 measured; 0 filtered out; finished in 1.28s

   Doc-tests jx

running 1 test
test crates/jx/src/lib.rs - (line 4) ... ok

test result: ok. 1 passed; 0 failed; 0 ignored; 0 measured; 0 filtered out; finished in 0.01s

all doctests ran in 4.15s; merged doctests compilation took 3.63s
cargo bench -p jx --bench throughput --locked -- --smoke
    Finished `bench` profile [optimized] target(s) in 0.01s
     Running benches/throughput.rs (target/release/deps/throughput-1b5b3923bf796647)
workload,input_bytes,sample,records,seconds,records_per_second,input_bytes_per_second,allocations_per_record,allocated_bytes_per_record
compile,0,0,32,0.000026292,1217100,0,8.000000,578.000000
ascii/validate,100,0,32,0.000007041,4544809,454480898,0.000000,0.000000
ascii/identity,100,0,32,0.000007709,4150992,415099235,0.000000,0.000000
ascii/shallow,100,0,32,0.000008291,3859607,385960680,0.000000,0.000000
ascii/nested,100,0,32,0.000008708,3674782,367478181,0.000000,0.000000
ascii/missing,100,0,32,0.000007958,4021111,402111083,0.000000,0.000000
ascii/array_value,100,0,32,0.000008208,3898635,389863548,0.000000,0.000000
ascii/identity_write,100,0,32,0.000012291,2603531,260353104,0.000000,0.000000
ascii/validate,500,0,32,0.000021375,1497076,748538012,0.000000,0.000000
ascii/identity,500,0,32,0.000021584,1482580,741289844,0.000000,0.000000
ascii/shallow,500,0,32,0.000022292,1435493,717746277,0.000000,0.000000
ascii/nested,500,0,32,0.000022417,1427488,713744034,0.000000,0.000000
ascii/missing,500,0,32,0.000021916,1460120,730060230,0.000000,0.000000
ascii/array_value,500,0,32,0.000022292,1435493,717746277,0.000000,0.000000
ascii/identity_write,500,0,32,0.000046375,690027,345013477,0.000000,0.000000
ascii/validate,1024,0,32,0.000038959,821376,841089350,0.000000,0.000000
ascii/identity,1024,0,32,0.000039291,814436,833982337,0.000000,0.000000
ascii/shallow,1024,0,32,0.000040375,792570,811591331,0.000000,0.000000
ascii/nested,1024,0,32,0.000041250,775758,794375758,0.000000,0.000000
ascii/missing,1024,0,32,0.000040042,799161,818340742,0.000000,0.000000
ascii/array_value,1024,0,32,0.000040791,784487,803314457,0.000000,0.000000
ascii/identity_write,1024,0,32,0.000090625,353103,361577931,0.000000,0.000000
ascii/validate,10240,0,32,0.000360167,88848,909800176,0.000000,0.000000
ascii/identity,10240,0,32,0.000363166,88114,902287108,0.000000,0.000000
ascii/shallow,10240,0,32,0.000359542,89002,911381702,0.000000,0.000000
ascii/nested,10240,0,32,0.000351833,90952,931350953,0.000000,0.000000
ascii/missing,10240,0,32,0.000318708,100405,1028151160,0.000000,0.000000
ascii/array_value,10240,0,32,0.000313584,102046,1044951273,0.000000,0.000000
ascii/identity_write,10240,0,32,0.000730667,43796,448466949,0.000000,0.000000
ascii/validate,65536,0,32,0.002520125,12698,832161897,0.000000,0.000000
ascii/identity,65536,0,32,0.002081958,15370,1007297938,0.000000,0.000000
ascii/shallow,65536,0,32,0.001848750,17309,1134362137,0.000000,0.000000
ascii/nested,65536,0,32,0.001662750,19245,1261255150,0.000000,0.000000
ascii/missing,65536,0,32,0.001548166,20670,1354604093,0.000000,0.000000
ascii/array_value,65536,0,32,0.001516083,21107,1383269913,0.000000,0.000000
ascii/identity_write,65536,0,32,0.003090875,10353,678497836,0.000000,0.000000
ascii/validate,1048576,0,32,0.016680000,1918,2011656595,0.000000,0.000000
ascii/identity,1048576,0,32,0.016950541,1888,1979549325,0.000000,0.000000
ascii/shallow,1048576,0,32,0.016600250,1928,2021320884,0.000000,0.000000
ascii/nested,1048576,0,32,0.016407750,1950,2045035547,0.000000,0.000000
ascii/missing,1048576,0,32,0.016679750,1918,2011686746,0.000000,0.000000
ascii/array_value,1048576,0,32,0.016930333,1890,1981912110,0.000000,0.000000
ascii/identity_write,1048576,0,32,0.040429542,792,829948358,0.000000,0.000000
structured/validate,485,0,32,0.000015792,2026342,982776089,0.000000,0.000000
structured/identity,485,0,32,0.000016416,1949318,945419103,0.000000,0.000000
structured/shallow,485,0,32,0.000016584,1929571,935841775,0.000000,0.000000
structured/nested,485,0,32,0.000016708,1915250,928896337,0.000000,0.000000
structured/missing,485,0,32,0.000016416,1949318,945419103,0.000000,0.000000
structured/array_value,485,0,32,0.000016583,1929687,935898209,0.000000,0.000000
structured/identity_write,485,0,32,0.000026041,1228831,595983257,0.000000,0.000000
unicode_escaped_keys/validate,960,0,32,0.000027875,1147982,1102062780,0.000000,0.000000
unicode_escaped_keys/identity,960,0,32,0.000028292,1131062,1085819313,0.000000,0.000000
unicode_escaped_keys/shallow,960,0,32,0.000028584,1119507,1074727120,0.000000,0.000000
unicode_escaped_keys/nested,960,0,32,0.000028875,1108225,1063896104,0.000000,0.000000
unicode_escaped_keys/missing,960,0,32,0.000028583,1119547,1074764720,0.000000,0.000000
unicode_escaped_keys/array_value,960,0,32,0.000028500,1122807,1077894737,0.000000,0.000000
unicode_escaped_keys/identity_write,960,0,32,0.000054333,588961,565402242,0.000000,0.000000
array/shallow,78,0,32,0.000007000,4571429,356571429,0.000000,0.000000
array/nested,78,0,32,0.000007708,4151531,323819408,0.000000,0.000000
array/flatten,78,0,32,0.000007791,4107303,320369657,0.000000,0.000000
array/missing,78,0,32,0.000007625,4196721,327344262,0.000000,0.000000
array/root,67,0,32,0.000007083,4517860,302696597,0.000000,0.000000
array/cancel_first,78,0,32,0.000007750,4129032,322064516,0.000000,0.000000
array/shallow,540,0,32,0.000055209,579616,312992447,0.000000,0.000000
array/nested,540,0,32,0.000061333,521742,281740662,0.000000,0.000000
array/flatten,540,0,32,0.000060584,528192,285223821,0.000000,0.000000
array/missing,540,0,32,0.000052958,604252,326296310,0.000000,0.000000
array/root,529,0,32,0.000053625,596737,315673660,0.000000,0.000000
array/cancel_first,540,0,32,0.000026541,1205682,651068159,0.000000,0.000000
array/shallow,1074,0,32,0.000109875,291240,312791809,0.000000,0.000000
array/nested,1074,0,32,0.000122500,261224,280555102,0.000000,0.000000
array/flatten,1074,0,32,0.000121750,262834,282283368,0.000000,0.000000
array/missing,1074,0,32,0.000105333,303798,326279514,0.000000,0.000000
array/root,1063,0,32,0.000107125,298716,317535589,0.000000,0.000000
array/cancel_first,1074,0,32,0.000045542,702648,754644065,0.000000,0.000000
array/shallow,8606,0,32,0.000825541,38762,333589731,0.000000,0.000000
array/nested,8606,0,32,0.000927333,34508,296972069,0.000000,0.000000
array/flatten,8606,0,32,0.000911792,35096,302033797,0.000000,0.000000
array/missing,8606,0,32,0.000794375,40283,346677577,0.000000,0.000000
array/root,8595,0,32,0.000816375,39198,336903996,0.000000,0.000000
array/cancel_first,8606,0,32,0.000252542,126712,1090479999,0.000000,0.000000
array/shallow,69558,0,32,0.006387291,5010,348482009,0.000000,0.000000
array/nested,69558,0,32,0.007406834,4320,300513823,0.000000,0.000000
array/flatten,69558,0,32,0.007282625,4394,305639244,0.000000,0.000000
array/missing,69558,0,32,0.006403250,4997,347613478,0.000000,0.000000
array/root,69547,0,32,0.006527291,4902,340953697,0.000000,0.000000
array/cancel_first,69558,0,32,0.002017250,15863,1103411079,0.000000,0.000000
array/shallow,1135782,0,32,0.104450958,306,347962572,0.000000,0.000000
array/nested,1135782,0,32,0.117851125,272,308397769,0.000000,0.000000
array/flatten,1135782,0,32,0.115573833,277,314474506,0.000000,0.000000
array/missing,1135782,0,32,0.100145958,320,362920528,0.000000,0.000000
array/root,1135771,0,32,0.103511958,309,351115685,0.000000,0.000000
array/cancel_first,1135782,0,32,0.031361958,1020,1158888868,0.000000,0.000000
array/nested_contexts,972,0,32,0.000178333,179440,174415279,0.000000,0.000000
array/sparse,785,0,32,0.000109125,293242,230194731,0.000000,0.000000
array/deep,136,0,32,0.000019792,1616815,219886823,0.000000,0.000000
array/empty,2,0,32,0.000000500,64000000,128000000,0.000000,0.000000
array/singleton,12,0,32,0.000002250,14222222,170666667,0.000000,0.000000
array/nested_values,31,0,32,0.000006792,4711425,146054181,0.000000,0.000000
compile/scalar,0,0,32,0.000060750,526749,0,72.000000,3902.000000
scalar/literal,100,0,32,0.000002916,10973937,1097393690,0.000000,0.000000
scalar/arithmetic,100,0,32,0.000010416,3072197,307219662,0.000000,0.000000
scalar/nested,100,0,32,0.000009500,3368421,336842105,0.000000,0.000000
scalar/comparison,100,0,32,0.000009250,3459459,345945946,0.000000,0.000000
scalar/strings,100,0,32,0.000006291,5086632,508663170,0.000000,0.000000
scalar/boolean,100,0,32,0.000009625,3324675,332467532,0.000000,0.000000
scalar/missing,100,0,32,0.000009958,3213497,321349669,0.000000,0.000000
scalar/short_circuit,100,0,32,0.000003125,10240000,1024000000,0.000000,0.000000
scalar/mixed,100,0,32,0.000007833,4085280,408528022,0.000000,0.000000
scalar/write,100,0,32,0.000011209,2854849,285484878,0.000000,0.000000
scalar/literal,500,0,32,0.000009791,3268308,1634153815,0.000000,0.000000
scalar/arithmetic,500,0,32,0.000030417,1052043,526021633,0.000000,0.000000
scalar/nested,500,0,32,0.000034250,934307,467153285,0.000000,0.000000
scalar/comparison,500,0,32,0.000033958,942341,471170269,0.000000,0.000000
scalar/strings,500,0,32,0.000018625,1718121,859060403,0.000000,0.000000
scalar/boolean,500,0,32,0.000030417,1052043,526021633,0.000000,0.000000
scalar/missing,500,0,32,0.000027375,1168950,584474886,0.000000,0.000000
scalar/short_circuit,500,0,32,0.000009041,3539431,1769715739,0.000000,0.000000
scalar/mixed,500,0,32,0.000014375,2226087,1113043478,0.000000,0.000000
scalar/write,500,0,32,0.000030125,1062241,531120332,0.000000,0.000000
scalar/literal,1024,0,32,0.000016667,1919962,1966040679,0.000000,0.000000
scalar/arithmetic,1024,0,32,0.000050584,632611,647793769,0.000000,0.000000
scalar/nested,1024,0,32,0.000051125,625917,640938875,0.000000,0.000000
scalar/comparison,1024,0,32,0.000050375,635236,650481390,0.000000,0.000000
scalar/strings,1024,0,32,0.000035500,901408,923042254,0.000000,0.000000
scalar/boolean,1024,0,32,0.000055792,573559,587324348,0.000000,0.000000
scalar/missing,1024,0,32,0.000055333,578317,592196339,0.000000,0.000000
scalar/short_circuit,1024,0,32,0.000016875,1896296,1941807407,0.000000,0.000000
scalar/mixed,1024,0,32,0.000020875,1532934,1569724551,0.000000,0.000000
scalar/write,1024,0,32,0.000051292,623879,638852063,0.000000,0.000000
scalar/literal,10240,0,32,0.000169708,188559,1930845924,0.000000,0.000000
scalar/arithmetic,10240,0,32,0.000469042,68224,698615476,0.000000,0.000000
scalar/nested,10240,0,32,0.000483541,66178,677667457,0.000000,0.000000
scalar/comparison,10240,0,32,0.000485000,65979,675628866,0.000000,0.000000
scalar/strings,10240,0,32,0.000303250,105523,1080560594,0.000000,0.000000
scalar/boolean,10240,0,32,0.000452292,70751,724487720,0.000000,0.000000
scalar/missing,10240,0,32,0.000482250,66356,679481597,0.000000,0.000000
scalar/short_circuit,10240,0,32,0.000170167,188051,1925637756,0.000000,0.000000
scalar/mixed,10240,0,32,0.000188417,169836,1739121205,0.000000,0.000000
scalar/write,10240,0,32,0.000484084,66104,676907314,0.000000,0.000000
scalar/literal,65536,0,32,0.001051042,30446,1995307514,0.000000,0.000000
scalar/arithmetic,65536,0,32,0.003081292,10385,680608005,0.000000,0.000000
scalar/nested,65536,0,32,0.003133583,10212,669250503,0.000000,0.000000
scalar/comparison,65536,0,32,0.003146542,10170,666494202,0.000000,0.000000
scalar/strings,65536,0,32,0.002107375,15185,995148941,0.000000,0.000000
scalar/boolean,65536,0,32,0.003106042,10303,675184688,0.000000,0.000000
scalar/missing,65536,0,32,0.003113750,10277,673513288,0.000000,0.000000
scalar/short_circuit,65536,0,32,0.001064666,30056,1969774558,0.000000,0.000000
scalar/mixed,65536,0,32,0.001073334,29814,1953867109,0.000000,0.000000
scalar/write,65536,0,32,0.003158375,10132,663997150,0.000000,0.000000
scalar/literal,1048576,0,32,0.017266125,1853,1943367837,0.000000,0.000000
scalar/arithmetic,1048576,0,32,0.050538792,633,663934191,0.000000,0.000000
scalar/nested,1048576,0,32,0.050711625,631,661671402,0.000000,0.000000
scalar/comparison,1048576,0,32,0.049555208,646,677112121,0.000000,0.000000
scalar/strings,1048576,0,32,0.033666875,950,996660130,0.000000,0.000000
scalar/boolean,1048576,0,32,0.049335959,649,680121207,0.000000,0.000000
scalar/missing,1048576,0,32,0.049561000,646,677032990,0.000000,0.000000
scalar/short_circuit,1048576,0,32,0.017219625,1858,1948615722,0.000000,0.000000
scalar/mixed,1048576,0,32,0.017272916,1853,1942603785,0.000000,0.000000
scalar/write,1048576,0,32,0.050466084,634,664890741,0.000000,0.000000
scalar/sequence_boolean,330,0,32,0.000059750,535565,176736402,0.000000,0.000000
scalar/sequence_array_equality,330,0,32,0.000084500,378698,124970414,0.000000,0.000000
scalar/sequence_equality,330,0,32,0.000108750,294253,97103448,3.000000,672.000000
scalar/array_equality,330,0,32,0.000123750,258586,85333333,16.000000,3264.000000
scalar/singleton,15,0,32,0.000004625,6918919,103783784,0.000000,0.000000
scalar/sequence_type_error,330,0,32,0.000037667,849550,280351501,0.000000,0.000000
scalar/object_equality,125,0,32,0.000046291,691279,86409885,3.000000,1396.000000
scalar/object_equality,2389,0,32,0.000753209,42485,101496397,7.000000,24948.000000
scalar/escaped_strings,26,0,32,0.000002834,11291461,293577982,0.000000,0.000000
compile/filter,0,0,32,0.000042708,749274,0,34.000000,1997.000000
filter/predicate,100,0,32,0.000015125,2115702,211570248,0.000000,0.000000
filter/none,100,0,32,0.000013250,2415094,241509434,0.000000,0.000000
filter/first,100,0,32,0.000010834,2953664,295366439,0.000000,0.000000
filter/last,100,0,32,0.000012666,2526449,252644876,0.000000,0.000000
filter/computed_last,100,0,32,0.000013791,2320354,232035385,0.000000,0.000000
filter/chained,100,0,32,0.000020250,1580247,158024691,0.000000,0.000000
filter/predicate,500,0,32,0.000028625,1117904,558951965,0.000000,0.000000
filter/none,500,0,32,0.000026542,1205636,602818175,0.000000,0.000000
filter/first,500,0,32,0.000024167,1324120,662059834,0.000000,0.000000
filter/last,500,0,32,0.000026167,1222914,611457179,0.000000,0.000000
filter/computed_last,500,0,32,0.000027167,1177900,588949829,0.000000,0.000000
filter/chained,500,0,32,0.000033500,955224,477611940,0.000000,0.000000
filter/predicate,1024,0,32,0.000041750,766467,784862275,0.000000,0.000000
filter/none,1024,0,32,0.000043083,742752,760578418,0.000000,0.000000
filter/first,1024,0,32,0.000041042,779689,798401637,0.000000,0.000000
filter/last,1024,0,32,0.000045625,701370,718202740,0.000000,0.000000
filter/computed_last,1024,0,32,0.000043416,737055,754744795,0.000000,0.000000
filter/chained,1024,0,32,0.000049625,644836,660312343,0.000000,0.000000
filter/predicate,10240,0,32,0.000344833,92799,950257081,0.000000,0.000000
filter/none,10240,0,32,0.000321959,99392,1017769343,0.000000,0.000000
filter/first,10240,0,32,0.000319584,100130,1025332933,0.000000,0.000000
filter/last,10240,0,32,0.000321500,99533,1019222395,0.000000,0.000000
filter/computed_last,10240,0,32,0.000325334,98360,1007211051,0.000000,0.000000
filter/chained,10240,0,32,0.000342750,93363,956032093,0.000000,0.000000
filter/predicate,65536,0,32,0.002057333,15554,1019354669,0.000000,0.000000
filter/none,65536,0,32,0.002090167,15310,1003341838,0.000000,0.000000
filter/first,65536,0,32,0.002159500,14818,971128502,0.000000,0.000000
filter/last,65536,0,32,0.002018708,15852,1038858517,0.000000,0.000000
filter/computed_last,65536,0,32,0.001925458,16619,1089170473,0.000000,0.000000
filter/chained,65536,0,32,0.002071000,15451,1012627716,0.000000,0.000000
filter/predicate,1048576,0,32,0.033938041,943,988696784,0.000000,0.000000
filter/none,1048576,0,32,0.033700625,950,995662009,0.000000,0.000000
filter/first,1048576,0,32,0.033716709,949,995187045,0.000000,0.000000
filter/last,1048576,0,32,0.033678125,950,996327201,0.000000,0.000000
filter/computed_last,1048576,0,32,0.032611625,981,1028910151,0.000000,0.000000
filter/chained,1048576,0,32,0.034000875,941,986869661,0.000000,0.000000
filter/wide_predicate,164,0,32,0.000052125,613909,100681055,0.000000,0.000000
filter/wide_last,164,0,32,0.000029125,1098712,180188841,0.000000,0.000000
filter/sequence_last,164,0,32,0.000054250,589862,96737327,0.000000,0.000000
filter/wide_predicate,2736,0,32,0.000767292,41705,114105191,0.000000,0.000000
filter/wide_last,2736,0,32,0.000392000,81633,223346939,0.000000,0.000000
filter/sequence_last,2736,0,32,0.000724083,44194,120914315,0.000000,0.000000
filter/wide_predicate,23392,0,32,0.006420416,4984,116588084,0.000000,0.000000
filter/wide_last,23392,0,32,0.003293459,9716,227282016,0.000000,0.000000
filter/sequence_last,23392,0,32,0.006043625,5295,123856791,0.000000,0.000000
filter/nested,892,0,32,0.000404417,79126,70580614,0.000000,0.000000
filter/per_group,892,0,32,0.000290250,110250,98342808,0.000000,0.000000
filter/global,892,0,32,0.000198000,161616,144161616,0.000000,0.000000
filter/deep,136,0,32,0.000024792,1290739,175540497,0.000000,0.000000
filter/negative_chain,20,0,32,0.000309833,103281,2065629,0.000000,0.000000
compile/aggregate,0,0,32,0.000053625,596737,0,50.000000,3238.000000
aggregate/count,100,0,32,0.000008833,3622778,362277822,0.000000,0.000000
aggregate/sum,100,0,32,0.000009208,3475239,347523892,0.000000,0.000000
aggregate/min,100,0,32,0.000009208,3475239,347523892,0.000000,0.000000
aggregate/max,100,0,32,0.000009209,3474862,347486155,0.000000,0.000000
aggregate/filtered_count,100,0,32,0.000006125,5224490,522448980,0.000000,0.000000
aggregate/filtered_sum,100,0,32,0.000006209,5153809,515380899,0.000000,0.000000
aggregate/empty_sum,100,0,32,0.000005791,5525816,552581592,0.000000,0.000000
aggregate/count,500,0,32,0.000022375,1430168,715083799,0.000000,0.000000
aggregate/sum,500,0,32,0.000022667,1411744,705871972,0.000000,0.000000
aggregate/min,500,0,32,0.000022792,1404001,702000702,0.000000,0.000000
aggregate/max,500,0,32,0.000022625,1414365,707182320,0.000000,0.000000
aggregate/filtered_count,500,0,32,0.000012875,2485437,1242718447,0.000000,0.000000
aggregate/filtered_sum,500,0,32,0.000013042,2453611,1226805705,0.000000,0.000000
aggregate/empty_sum,500,0,32,0.000012750,2509804,1254901961,0.000000,0.000000
aggregate/count,1024,0,32,0.000039292,814415,833961112,0.000000,0.000000
aggregate/sum,1024,0,32,0.000039708,805883,825224136,0.000000,0.000000
aggregate/min,1024,0,32,0.000039584,808407,827809216,0.000000,0.000000
aggregate/max,1024,0,32,0.000039667,806716,826077092,0.000000,0.000000
aggregate/filtered_count,1024,0,32,0.000021417,1494140,1529999533,0.000000,0.000000
aggregate/filtered_sum,1024,0,32,0.000021541,1485539,1521192145,0.000000,0.000000
aggregate/empty_sum,1024,0,32,0.000021375,1497076,1533005848,0.000000,0.000000
aggregate/count,10240,0,32,0.000339084,94372,966368216,0.000000,0.000000
aggregate/sum,10240,0,32,0.000363667,87993,901044087,0.000000,0.000000
aggregate/min,10240,0,32,0.000336708,95038,973187450,0.000000,0.000000
aggregate/max,10240,0,32,0.000336792,95014,972944726,0.000000,0.000000
aggregate/filtered_count,10240,0,32,0.000172542,185462,1899131806,0.000000,0.000000
aggregate/filtered_sum,10240,0,32,0.000172625,185373,1898218682,0.000000,0.000000
aggregate/empty_sum,10240,0,32,0.000172500,185507,1899594203,0.000000,0.000000
aggregate/count,65536,0,32,0.002142208,14938,978967495,0.000000,0.000000
aggregate/sum,65536,0,32,0.002127500,15041,985735370,0.000000,0.000000
aggregate/min,65536,0,32,0.002143375,14930,978434478,0.000000,0.000000
aggregate/max,65536,0,32,0.002105375,15199,996094282,0.000000,0.000000
aggregate/filtered_count,65536,0,32,0.001077416,29701,1946464504,0.000000,0.000000
aggregate/filtered_sum,65536,0,32,0.001080125,29626,1941582687,0.000000,0.000000
aggregate/empty_sum,65536,0,32,0.001077458,29700,1946388630,0.000000,0.000000
aggregate/count,1048576,0,32,0.033621791,952,997996567,0.000000,0.000000
aggregate/sum,1048576,0,32,0.033795666,947,992861984,0.000000,0.000000
aggregate/min,1048576,0,32,0.033760792,948,993887584,0.000000,0.000000
aggregate/max,1048576,0,32,0.033831375,946,991814019,0.000000,0.000000
aggregate/filtered_count,1048576,0,32,0.017191167,1861,1951841431,0.000000,0.000000
aggregate/filtered_sum,1048576,0,32,0.017076959,1874,1964895038,0.000000,0.000000
aggregate/empty_sum,1048576,0,32,0.017219500,1858,1948629867,0.000000,0.000000
aggregate/array_count,23,0,32,0.000006167,5188909,119344900,0.000000,0.000000
aggregate/array_sum,23,0,32,0.000007542,4242906,97586847,0.000000,0.000000
aggregate/array_min,23,0,32,0.000007666,4174276,96008349,0.000000,0.000000
aggregate/array_max,23,0,32,0.000007583,4219966,97059211,0.000000,0.000000
aggregate/sequence_sum,23,0,32,0.000013916,2299511,52888761,0.000000,0.000000
aggregate/computed_sum,23,0,32,0.000011333,2823612,64943087,0.000000,0.000000
aggregate/wide_filtered_sum,23,0,32,0.000023084,1386242,31883556,0.000000,0.000000
aggregate/array_count,409,0,32,0.000077000,415584,169974026,0.000000,0.000000
aggregate/array_sum,409,0,32,0.000112708,283920,116123079,0.000000,0.000000
aggregate/array_min,409,0,32,0.000101166,316312,129371528,0.000000,0.000000
aggregate/array_max,409,0,32,0.000098250,325700,133211196,0.000000,0.000000
aggregate/sequence_sum,409,0,32,0.000178708,179063,73236789,0.000000,0.000000
aggregate/computed_sum,409,0,32,0.000158167,202318,82747982,0.000000,0.000000
aggregate/wide_filtered_sum,409,0,32,0.000340416,94003,38447077,0.000000,0.000000
aggregate/array_count,4017,0,32,0.000595916,53699,215708254,0.000000,0.000000
aggregate/array_sum,4017,0,32,0.000794958,40254,161699109,0.000000,0.000000
aggregate/array_min,4017,0,32,0.000796167,40193,161453564,0.000000,0.000000
aggregate/array_max,4017,0,32,0.000786333,40695,163472727,0.000000,0.000000
aggregate/sequence_sum,4017,0,32,0.001446208,22127,88883480,0.000000,0.000000
aggregate/computed_sum,4017,0,32,0.001267625,25244,101405384,0.000000,0.000000
aggregate/wide_filtered_sum,4017,0,32,0.002915333,10976,44092390,0.000000,0.000000
aggregate/array_count,87201,0,32,0.009761625,3278,285857324,0.000000,0.000000
aggregate/array_sum,87201,0,32,0.013116000,2440,212750229,0.000000,0.000000
aggregate/array_min,87201,0,32,0.012981625,2465,214952442,0.000000,0.000000
aggregate/array_max,87201,0,32,0.012998917,2462,214666499,0.000000,0.000000
aggregate/sequence_sum,87201,0,32,0.022580542,1417,123576839,0.000000,0.000000
aggregate/computed_sum,87201,0,32,0.020235542,1581,137897567,0.000000,0.000000
aggregate/wide_filtered_sum,87201,0,32,0.048846333,655,57126745,0.000000,0.000000
aggregate/nested_sum,1036,0,32,0.000240875,132849,137631552,0.000000,0.000000
aggregate/nested_filtered_sum,1036,0,32,0.000439292,72844,75466888,0.000000,0.000000
aggregate/nested_filtered_count,1036,0,32,0.000435125,73542,76189601,0.000000,0.000000
aggregate/nested_sum,16396,0,32,0.003778167,8470,138869457,0.000000,0.000000
aggregate/nested_filtered_sum,16396,0,32,0.006847250,4673,76625215,0.000000,0.000000
aggregate/nested_filtered_count,16396,0,32,0.006752250,4739,77703284,0.000000,0.000000
aggregate/nested_sum,1048588,0,32,0.242205708,132,138538502,0.000000,0.000000
aggregate/nested_filtered_sum,1048588,0,32,0.438497083,73,76522324,0.000000,0.000000
aggregate/nested_filtered_count,1048588,0,32,0.431285750,74,77801819,0.000000,0.000000
aggregate/deep_sum,136,0,32,0.000022750,1406593,191296703,0.000000,0.000000
aggregate/deep_filtered_sum,136,0,32,0.000025833,1238726,168466690,0.000000,0.000000
compile/constructor,0,0,32,0.000104375,306587,0,86.000000,6214.000000
construct/raw_member,100,0,32,0.000006000,5333333,533333333,3.000000,168.000000
construct/raw_member_write,100,0,32,0.000008416,3802281,380228137,3.000000,168.000000
construct/scalars,100,0,32,0.000017792,1798561,179856115,3.000000,552.000000
construct/filtered_summary,100,0,32,0.000031125,1028112,102811245,5.000000,368.000000
construct/nested,100,0,32,0.000051125,625917,62591687,15.000000,1352.000000
construct/navigate,100,0,32,0.000017750,1802817,180281690,3.000000,168.000000
construct/raw_member,500,0,32,0.000012917,2477355,1238677712,3.000000,168.000000
construct/raw_member_write,500,0,32,0.000024583,1301713,650856283,3.000000,168.000000
construct/scalars,500,0,32,0.000037791,846762,423381228,3.000000,552.000000
construct/filtered_summary,500,0,32,0.000051375,622871,311435523,5.000000,368.000000
construct/nested,500,0,32,0.000078458,407862,203930766,15.000000,1352.000000
construct/navigate,500,0,32,0.000030084,1063688,531844170,3.000000,168.000000
construct/raw_member,1024,0,32,0.000019458,1644568,1684037414,3.000000,168.000000
construct/raw_member_write,1024,0,32,0.000044917,712425,729523343,3.000000,168.000000
construct/scalars,1024,0,32,0.000063375,504931,517049310,3.000000,552.000000
construct/filtered_summary,1024,0,32,0.000076416,418760,428810720,5.000000,368.000000
construct/nested,1024,0,32,0.000110791,288832,295764096,15.000000,1352.000000
construct/navigate,1024,0,32,0.000047958,667251,683264523,3.000000,168.000000
construct/raw_member,10240,0,32,0.000157583,203068,2079412119,3.000000,168.000000
construct/raw_member_write,10240,0,32,0.000381958,83779,857895371,3.000000,168.000000
construct/scalars,10240,0,32,0.000506500,63179,646949654,3.000000,552.000000
construct/filtered_summary,10240,0,32,0.000500750,63904,654378432,5.000000,368.000000
construct/nested,10240,0,32,0.000682541,46884,480088376,15.000000,1352.000000
construct/navigate,10240,0,32,0.000342791,93351,955917746,3.000000,168.000000
construct/raw_member,65536,0,32,0.001085584,29477,1931819187,3.000000,168.000000
construct/raw_member_write,65536,0,32,0.002489375,12855,842441175,3.000000,168.000000
construct/scalars,65536,0,32,0.003044292,10511,688880042,3.000000,552.000000
construct/filtered_summary,65536,0,32,0.003157167,10136,664251210,5.000000,368.000000
construct/nested,65536,0,32,0.004197417,7624,499629177,15.000000,1352.000000
construct/navigate,65536,0,32,0.002105792,15196,995897031,3.000000,168.000000
construct/raw_member,1048576,0,32,0.017282875,1852,1941484388,3.000000,168.000000
construct/raw_member_write,1048576,0,32,0.040816125,784,822087643,3.000000,168.000000
construct/scalars,1048576,0,32,0.050583667,633,663345186,3.000000,552.000000
construct/filtered_summary,1048576,0,32,0.050744500,631,661242736,5.000000,368.000000
construct/nested,1048576,0,32,0.067014500,478,500704057,15.000000,1352.000000
construct/navigate,1048576,0,32,0.034054916,940,985303620,3.000000,168.000000
construct/mapped_objects,262,0,32,0.000078375,408293,106972887,12.000000,1184.000000
construct/collected_objects,262,0,32,0.000081500,392638,102871166,15.000000,1352.000000
construct/collected_write,262,0,32,0.000088333,362266,94913566,15.000000,1352.000000
construct/filtered_aggregate,262,0,32,0.000090875,352132,92258597,3.000000,296.000000
construct/mapped_objects,4334,0,32,0.001175791,27216,117952936,192.000000,18944.000000
construct/collected_objects,4334,0,32,0.001179625,27127,117569567,199.000000,21992.000000
construct/collected_write,4334,0,32,0.001318333,24273,105199521,199.000000,21992.000000
construct/filtered_aggregate,4334,0,32,0.001244792,25707,111414598,3.000000,296.000000
construct/mapped_objects,36190,0,32,0.009083959,3523,127486265,1536.000000,151552.000000
construct/collected_objects,36190,0,32,0.009105250,3514,127188161,1546.000000,176104.000000
construct/collected_write,36190,0,32,0.009928125,3223,116646396,1546.000000,176104.000000
construct/filtered_aggregate,36190,0,32,0.009900000,3232,116977778,3.000000,296.000000
construct/mapped_objects,624958,0,32,0.146189709,219,136799342,24576.000000,2424832.000000
construct/collected_objects,624958,0,32,0.146414083,219,136589702,24590.000000,2818024.000000
construct/collected_write,624958,0,32,0.160537833,199,124572854,24590.000000,2818024.000000
construct/filtered_aggregate,624958,0,32,0.162471375,197,123090335,3.000000,296.000000
construct/nested_summary,1036,0,32,0.000843042,37958,39324257,3.000000,296.000000
construct/nested_summary,16396,0,32,0.013047959,2452,40211040,3.000000,296.000000
construct/nested_summary,1048588,0,32,0.827471209,39,40551037,3.000000,296.000000
compile/lexical,0,0,32,0.000055083,580941,0,42.000000,2809.000000
lexical/lookup,100,0,32,0.000012167,2630065,263006493,5.000000,568.000000
lexical/repeated_binding,100,0,32,0.000014333,2232610,223261006,5.000000,568.000000
lexical/retained_sequence,100,0,32,0.000019417,1648040,164804038,7.000000,712.000000
lexical/closure_call,100,0,32,0.000021542,1485470,148547024,7.000000,792.000000
lexical/escaped_closure,100,0,32,0.000024541,1303940,130394034,9.000000,1016.000000
lexical/mixed,100,0,32,0.000043334,738450,73845018,13.000000,1504.000000
lexical/lookup,500,0,32,0.000025250,1267327,633663366,5.000000,568.000000
lexical/repeated_binding,500,0,32,0.000028042,1141145,570572712,5.000000,568.000000
lexical/retained_sequence,500,0,32,0.000032667,979582,489790921,7.000000,712.000000
lexical/closure_call,500,0,32,0.000041542,770305,385152376,7.000000,792.000000
lexical/escaped_closure,500,0,32,0.000045083,709802,354900960,9.000000,1016.000000
lexical/mixed,500,0,32,0.000063500,503937,251968504,13.000000,1504.000000
lexical/lookup,1024,0,32,0.000042458,753686,771774459,5.000000,568.000000
lexical/repeated_binding,1024,0,32,0.000045416,704597,721507839,5.000000,568.000000
lexical/retained_sequence,1024,0,32,0.000049958,640538,655910965,7.000000,712.000000
lexical/closure_call,1024,0,32,0.000066375,482109,493679849,7.000000,792.000000
lexical/escaped_closure,1024,0,32,0.000069750,458781,469792115,9.000000,1016.000000
lexical/mixed,1024,0,32,0.000088583,361243,369912963,13.000000,1504.000000
lexical/lookup,10240,0,32,0.000339875,94152,964119161,5.000000,568.000000
lexical/repeated_binding,10240,0,32,0.000341708,93647,958947405,5.000000,568.000000
lexical/retained_sequence,10240,0,32,0.000346916,92241,944551419,7.000000,712.000000
lexical/closure_call,10240,0,32,0.000509083,62858,643667143,7.000000,792.000000
lexical/escaped_closure,10240,0,32,0.000512459,62444,639426764,9.000000,1016.000000
lexical/mixed,10240,0,32,0.000531958,60155,615988480,13.000000,1504.000000
lexical/lookup,65536,0,32,0.002145625,14914,977408447,5.000000,568.000000
lexical/repeated_binding,65536,0,32,0.002150333,14881,975268482,5.000000,568.000000
lexical/retained_sequence,65536,0,32,0.002127792,15039,985600096,7.000000,712.000000
lexical/closure_call,65536,0,32,0.003170625,10093,661431737,7.000000,792.000000
lexical/escaped_closure,65536,0,32,0.003208292,9974,653666187,9.000000,1016.000000
lexical/mixed,65536,0,32,0.003203959,9988,654550199,13.000000,1504.000000
lexical/lookup,1048576,0,32,0.034053458,940,985345805,5.000000,568.000000
lexical/repeated_binding,1048576,0,32,0.034019459,941,986330559,5.000000,568.000000
lexical/retained_sequence,1048576,0,32,0.032901833,973,1019834731,7.000000,712.000000
lexical/closure_call,1048576,0,32,0.050634208,632,662683062,7.000000,792.000000
lexical/escaped_closure,1048576,0,32,0.050743875,631,661250880,9.000000,1016.000000
lexical/mixed,1048576,0,32,0.050715125,631,661625738,13.000000,1504.000000
lexical/mapped_calls,106,0,32,0.000071125,449912,47690685,9.000000,968.000000
lexical/repeated_projection,106,0,32,0.000036083,886844,94005487,8.000000,904.000000
lexical/mapped_calls,1692,0,32,0.000721042,44380,75091326,13.000000,6728.000000
lexical/repeated_projection,1692,0,32,0.000373750,85619,144866890,12.000000,6664.000000
lexical/mapped_calls,14260,0,32,0.005537833,5778,82400462,16.000000,49736.000000
lexical/repeated_projection,14260,0,32,0.002935417,10901,155453212,15.000000,49672.000000
lexical/mapped_calls,251044,0,32,0.090269334,354,88993766,20.000000,787016.000000
lexical/repeated_projection,251044,0,32,0.044828166,714,179204476,19.000000,786952.000000
lexical/nested_retention,1036,0,32,0.000468250,68340,70799786,10.000000,2056.000000
lexical/nested_retention,16396,0,32,0.007057125,4534,74346423,14.000000,25096.000000
lexical/nested_retention,1048588,0,32,0.449047041,71,74724501,20.000000,1573384.000000
compile/nested_fallback,0,0,32,0.000144833,220944,0,113.000000,7201.000000
compile/navigation,0,0,32,0.000073333,436366,0,55.000000,4199.000000
navigation/keep,100,0,32,0.000017917,1786013,178601328,2.000000,144.000000
navigation/wildcard,100,0,32,0.000032125,996109,99610895,8.000000,1072.000000
navigation/descendants,100,0,32,0.000043167,741307,74130702,8.000000,1072.000000
navigation/ordering,100,0,32,0.000021292,1502912,150291189,6.000000,320.000000
navigation/grouping,100,0,32,0.000027458,1165416,116541627,11.000000,824.000000
navigation/membership,100,0,32,0.000020333,1573796,157379629,2.000000,32.000000
navigation/fallback,100,0,32,0.000010500,3047619,304761905,0.000000,0.000000
navigation/mixed,100,0,32,0.000031791,1006574,100657419,11.000000,1032.000000
navigation/keep,500,0,32,0.000031042,1030861,515430707,2.000000,144.000000
navigation/wildcard,500,0,32,0.000045042,710448,355224013,8.000000,1072.000000
navigation/descendants,500,0,32,0.000069459,460703,230351718,8.000000,1072.000000
navigation/ordering,500,0,32,0.000034625,924188,462093863,6.000000,320.000000
navigation/grouping,500,0,32,0.000040541,789324,394662194,11.000000,824.000000
navigation/membership,500,0,32,0.000033583,952863,476431528,2.000000,32.000000
navigation/fallback,500,0,32,0.000030458,1050627,525313547,0.000000,0.000000
navigation/mixed,500,0,32,0.000044959,711760,355879802,11.000000,1032.000000
navigation/keep,1024,0,32,0.000047667,671324,687435752,2.000000,144.000000
navigation/wildcard,1024,0,32,0.000062125,515091,527452716,8.000000,1072.000000
navigation/descendants,1024,0,32,0.000103042,310553,318006250,8.000000,1072.000000
navigation/ordering,1024,0,32,0.000051333,623381,638341807,6.000000,320.000000
navigation/grouping,1024,0,32,0.000064791,493896,505749255,11.000000,824.000000
navigation/membership,1024,0,32,0.000050125,638404,653725686,2.000000,32.000000
navigation/fallback,1024,0,32,0.000055625,575281,589087640,0.000000,0.000000
navigation/mixed,1024,0,32,0.000061708,518571,531017048,11.000000,1032.000000
navigation/keep,10240,0,32,0.000350250,91363,935560314,2.000000,144.000000
navigation/wildcard,10240,0,32,0.000358542,89250,913923613,8.000000,1072.000000
navigation/descendants,10240,0,32,0.000692083,46237,473469223,8.000000,1072.000000
navigation/ordering,10240,0,32,0.000348625,91789,939921119,6.000000,320.000000
navigation/grouping,10240,0,32,0.000355500,90014,921744023,11.000000,824.000000
navigation/membership,10240,0,32,0.000347667,92042,942511081,2.000000,32.000000
navigation/fallback,10240,0,32,0.000518125,61761,632434258,0.000000,0.000000
navigation/mixed,10240,0,32,0.000359042,89126,912650888,11.000000,1032.000000
navigation/keep,65536,0,32,0.002128667,15033,985194960,2.000000,144.000000
navigation/wildcard,65536,0,32,0.002145292,14916,977560164,8.000000,1072.000000
navigation/descendants,65536,0,32,0.004243125,7542,494247047,8.000000,1072.000000
navigation/ordering,65536,0,32,0.002149625,14886,975589696,6.000000,320.000000
navigation/grouping,65536,0,32,0.002138166,14966,980818140,11.000000,824.000000
navigation/membership,65536,0,32,0.002136583,14977,981544831,2.000000,32.000000
navigation/fallback,65536,0,32,0.003181333,10059,659205434,0.000000,0.000000
navigation/mixed,65536,0,32,0.002167958,14760,967339773,11.000000,1032.000000
navigation/keep,1048576,0,32,0.034026750,940,986119215,2.000000,144.000000
navigation/wildcard,1048576,0,32,0.034022791,941,986233963,8.000000,1072.000000
navigation/descendants,1048576,0,32,0.067309042,475,498512993,8.000000,1072.000000
navigation/ordering,1048576,0,32,0.033984500,942,987345172,6.000000,320.000000
navigation/grouping,1048576,0,32,0.033982958,942,987389974,11.000000,824.000000
navigation/membership,1048576,0,32,0.033926458,943,989034340,2.000000,32.000000
navigation/fallback,1048576,0,32,0.050479458,634,664714585,0.000000,0.000000
navigation/mixed,1048576,0,32,0.033813834,946,992328524,11.000000,1032.000000
navigation/wide_sort,250,0,32,0.000060208,531491,132872708,9.000000,968.000000
navigation/wide_group,250,0,32,0.000068125,469725,117431193,10.000000,1016.000000
navigation/wide_descendants,250,0,32,0.000126292,253381,63345263,20.000000,2680.000000
navigation/range,250,0,32,0.000032084,997382,249345468,4.000000,360.000000
navigation/wide_sort,4144,0,32,0.000962208,33257,137816356,13.000000,14408.000000
navigation/wide_group,4144,0,32,0.000938416,34100,141310464,18.000000,9656.000000
navigation/wide_descendants,4144,0,32,0.001848541,17311,71736575,260.000000,34840.000000
navigation/range,4144,0,32,0.000417209,76700,317845492,8.000000,6120.000000
navigation/wide_sort,34657,0,32,0.008146750,3928,136130850,16.000000,114760.000000
navigation/wide_group,34657,0,32,0.007267542,4403,152599600,24.000000,74168.000000
navigation/wide_descendants,34657,0,32,0.014089750,2271,78711404,2052.000000,274968.000000
navigation/range,34657,0,32,0.003342416,9574,331803103,11.000000,49128.000000
navigation/wide_sort,600386,0,32,0.144054292,222,133368827,20.000000,1835080.000000
navigation/wide_group,600386,0,32,0.117205667,273,163919992,32.000000,1180088.000000
navigation/wide_descendants,600386,0,32,0.226028083,142,84999845,32772.000000,4391448.000000
navigation/range,600386,0,32,0.054094000,592,355166044,15.000000,786408.000000
navigation/distinct_groups,194,0,32,0.000060917,525305,101909155,5.000000,1464.000000
navigation/distinct_groups,3246,0,32,0.001133583,28229,91631579,13.000000,51472.000000
navigation/distinct_groups,27486,0,32,0.008513583,3759,103311614,19.000000,427816.000000
navigation/deep_descendants,24,0,32,0.000012208,2621232,62909567,4.000000,536.000000
navigation/deep_descendants,72,0,32,0.000017417,1837285,132284550,4.000000,536.000000
navigation/deep_descendants,136,0,32,0.000032209,993511,135117514,4.000000,536.000000
compiler/lookup_8_hit,501,0,32,0.000010750,2976744,1491348837,0.000000,0.000000
rust/lookup_8_hit,501,0,32,0.000009834,3254017,1630262355,0.000000,0.000000
compiler/lookup_8_miss,501,0,32,0.000010333,3096874,1551533920,0.000000,0.000000
rust/lookup_8_miss,501,0,32,0.000009708,3296251,1651421508,0.000000,0.000000
compiler/varying_lookup_8,501,0,32,0.000010625,3011765,1508894118,0.000000,0.000000
rust/varying_lookup_8,501,0,32,0.000009875,3240506,1623493671,0.000000,0.000000
compiler/bound_lookup_8,16,0,32,0.000008750,3657143,58514286,6.000000,584.000000
compile/lookup_8,0,0,32,0.000115583,276857,0,60.000000,5577.000000
compiler/lookup_128_hit,501,0,32,0.000010792,2965159,1485544848,0.000000,0.000000
rust/lookup_128_hit,501,0,32,0.000009750,3282051,1644307692,0.000000,0.000000
compiler/lookup_128_miss,501,0,32,0.000010333,3096874,1551533920,0.000000,0.000000
rust/lookup_128_miss,501,0,32,0.000009542,3353595,1680150912,0.000000,0.000000
compiler/varying_lookup_128,501,0,32,0.000011000,2909091,1457454545,0.000000,0.000000
rust/varying_lookup_128,501,0,32,0.000010000,3200000,1603200000,0.000000,0.000000
compiler/bound_lookup_128,16,0,32,0.000009708,3296251,52740008,6.000000,584.000000
compile/lookup_128,0,0,32,0.001863542,17172,0,672.000000,111385.000000
compiler/lookup_1024_hit,501,0,32,0.000010875,2942529,1474206897,0.000000,0.000000
rust/lookup_1024_hit,501,0,32,0.000009750,3282051,1644307692,0.000000,0.000000
compiler/lookup_1024_miss,501,0,32,0.000010541,3035765,1520918319,0.000000,0.000000
rust/lookup_1024_miss,501,0,32,0.000009625,3324675,1665662338,0.000000,0.000000
compiler/varying_lookup_1024,501,0,32,0.000011333,2823612,1414629842,0.000000,0.000000
rust/varying_lookup_1024,501,0,32,0.000010208,3134796,1570532915,0.000000,0.000000
compiler/bound_lookup_1024,16,0,32,0.000010125,3160494,50567901,6.000000,584.000000
compile/lookup_1024,0,0,32,0.012638541,2532,0,5161.000000,904369.000000
compiler/lookup_4096_hit,501,0,32,0.000010917,2931208,1468535312,0.000000,0.000000
rust/lookup_4096_hit,501,0,32,0.000009834,3254017,1630262355,0.000000,0.000000
compiler/lookup_4096_miss,501,0,32,0.000010584,3023432,1514739229,0.000000,0.000000
rust/lookup_4096_miss,501,0,32,0.000009667,3310231,1658425572,0.000000,0.000000
compiler/varying_lookup_4096,501,0,32,0.000011792,2713704,1359565807,0.000000,0.000000
rust/varying_lookup_4096,501,0,32,0.000010417,3071902,1539022751,0.000000,0.000000
compiler/bound_lookup_4096,16,0,32,0.000010250,3121951,49951220,6.000000,584.000000
compile/lookup_4096,0,0,32,0.049741416,643,0,20527.000000,3623105.000000
compiler/constant_scalar,100,0,32,0.000003125,10240000,1024000000,0.000000,0.000000
compiler/repeated_fields,100,0,32,0.000006000,5333333,533333333,0.000000,0.000000
compiler/dynamic_leaves,100,0,32,0.000005833,5486028,548602777,3.000000,152.000000
compiler/filtered_sum,100,0,32,0.000006625,4830189,483018868,0.000000,0.000000
compiler/invariant_aggregate,100,0,32,0.000006584,4860267,486026731,0.000000,0.000000
compiler/builtin_reference,100,0,32,0.000003208,9975062,997506234,0.000000,0.000000
compiler/static_array,100,0,32,0.000003542,9034444,903444382,1.000000,16.000000
compiler/constant_membership,100,0,32,0.000010750,2976744,297674419,1.000000,16.000000
compiler/lookup_record,100,0,32,0.000003958,8084891,808489136,0.000000,0.000000
rust/repeated_fields,100,0,32,0.000003917,8169517,816951749,0.000000,0.000000
compiler/constant_scalar,500,0,32,0.000010000,3200000,1600000000,0.000000,0.000000
compiler/repeated_fields,500,0,32,0.000012750,2509804,1254901961,0.000000,0.000000
compiler/dynamic_leaves,500,0,32,0.000012750,2509804,1254901961,3.000000,152.000000
compiler/filtered_sum,500,0,32,0.000013542,2363019,1181509378,0.000000,0.000000
compiler/invariant_aggregate,500,0,32,0.000020375,1570552,785276074,0.000000,0.000000
compiler/builtin_reference,500,0,32,0.000010084,3173344,1586671956,0.000000,0.000000
compiler/static_array,500,0,32,0.000010375,3084337,1542168675,1.000000,16.000000
compiler/constant_membership,500,0,32,0.000024125,1326425,663212435,1.000000,16.000000
compiler/lookup_record,500,0,32,0.000010708,2988420,1494209936,0.000000,0.000000
rust/repeated_fields,500,0,32,0.000010959,2919974,1459987225,0.000000,0.000000
compiler/constant_scalar,1024,0,32,0.000018750,1706667,1747626667,0.000000,0.000000
compiler/repeated_fields,1024,0,32,0.000021459,1491216,1527004986,0.000000,0.000000
compiler/dynamic_leaves,1024,0,32,0.000021625,1479769,1515283237,3.000000,152.000000
compiler/filtered_sum,1024,0,32,0.000022041,1451840,1486683907,0.000000,0.000000
compiler/invariant_aggregate,1024,0,32,0.000037375,856187,876735786,0.000000,0.000000
compiler/builtin_reference,1024,0,32,0.000018709,1710407,1751456518,0.000000,0.000000
compiler/static_array,1024,0,32,0.000019000,1684211,1724631579,1.000000,16.000000
compiler/constant_membership,1024,0,32,0.000041041,779708,798421091,1.000000,16.000000
compiler/lookup_record,1024,0,32,0.000019292,1658719,1698527887,0.000000,0.000000
rust/repeated_fields,1024,0,32,0.000019708,1623706,1662675056,0.000000,0.000000
compiler/constant_scalar,10240,0,32,0.000170000,188235,1927529412,0.000000,0.000000
compiler/repeated_fields,10240,0,32,0.000180625,177163,1814145329,0.000000,0.000000
compiler/dynamic_leaves,10240,0,32,0.000178167,179607,1839173360,3.000000,152.000000
compiler/filtered_sum,10240,0,32,0.000173292,184659,1890912448,0.000000,0.000000
compiler/invariant_aggregate,10240,0,32,0.000336917,94979,972583752,0.000000,0.000000
compiler/builtin_reference,10240,0,32,0.000170000,188235,1927529412,0.000000,0.000000
compiler/static_array,10240,0,32,0.000170333,187867,1923761103,1.000000,16.000000
compiler/constant_membership,10240,0,32,0.000338042,94663,969347004,1.000000,16.000000
compiler/lookup_record,10240,0,32,0.000170417,187775,1922812865,0.000000,0.000000
rust/repeated_fields,10240,0,32,0.000171209,186906,1913918077,0.000000,0.000000
compiler/constant_scalar,1048576,0,32,0.016717250,1914,2007174146,0.000000,0.000000
compiler/repeated_fields,1048576,0,32,0.017251209,1855,1945048141,0.000000,0.000000
compiler/dynamic_leaves,1048576,0,32,0.017299250,1850,1939646632,3.000000,152.000000
compiler/filtered_sum,1048576,0,32,0.017233583,1857,1947037479,0.000000,0.000000
compiler/invariant_aggregate,1048576,0,32,0.033926542,943,989031891,0.000000,0.000000
compiler/builtin_reference,1048576,0,32,0.017227417,1858,1947734359,0.000000,0.000000
compiler/static_array,1048576,0,32,0.017301917,1850,1939347646,1.000000,16.000000
compiler/constant_membership,1048576,0,32,0.033502042,955,1001563785,1.000000,16.000000
compiler/lookup_record,1048576,0,32,0.017230458,1857,1947390603,0.000000,0.000000
rust/repeated_fields,1048576,0,32,0.017247708,1855,1945442954,0.000000,0.000000
compile/execution,0,0,32,0.000123959,258150,0,148.000000,7432.000000
execution/arithmetic,100,0,32,0.000004708,6796941,679694138,0.000000,0.000000
execution/comparison,100,0,32,0.000004708,6796941,679694138,0.000000,0.000000
execution/conditional,100,0,32,0.000004792,6677796,667779633,0.000000,0.000000
execution/constructor,100,0,32,0.000006417,4986754,498675393,3.000000,152.000000
rust/execution_arithmetic,100,0,32,0.000003000,10666667,1066666667,0.000000,0.000000
rust/execution_constructor,100,0,32,0.000003041,10522854,1052285432,0.000000,0.000000
execution/arithmetic,500,0,32,0.000010708,2988420,1494209936,0.000000,0.000000
execution/comparison,500,0,32,0.000010875,2942529,1471264368,0.000000,0.000000
execution/conditional,500,0,32,0.000010875,2942529,1471264368,0.000000,0.000000
execution/constructor,500,0,32,0.000012292,2603319,1301659616,3.000000,152.000000
rust/execution_arithmetic,500,0,32,0.000009292,3443823,1721911322,0.000000,0.000000
rust/execution_constructor,500,0,32,0.000009292,3443823,1721911322,0.000000,0.000000
execution/arithmetic,1024,0,32,0.000018625,1718121,1759355705,0.000000,0.000000
execution/comparison,1024,0,32,0.000018750,1706667,1747626667,0.000000,0.000000
execution/conditional,1024,0,32,0.000018750,1706667,1747626667,0.000000,0.000000
execution/constructor,1024,0,32,0.000020167,1586751,1624832647,3.000000,152.000000
rust/execution_arithmetic,1024,0,32,0.000017083,1873207,1918164257,0.000000,0.000000
rust/execution_constructor,1024,0,32,0.000017125,1868613,1913459854,0.000000,0.000000
execution/arithmetic,10240,0,32,0.000155708,205513,2104451923,0.000000,0.000000
execution/comparison,10240,0,32,0.000155708,205513,2104451923,0.000000,0.000000
execution/conditional,10240,0,32,0.000155750,205457,2103884430,0.000000,0.000000
execution/constructor,10240,0,32,0.000168875,189489,1940370096,3.000000,152.000000
rust/execution_arithmetic,10240,0,32,0.000154500,207120,2120906149,0.000000,0.000000
rust/execution_constructor,10240,0,32,0.000154500,207120,2120906149,0.000000,0.000000
execution/arithmetic,1048576,0,32,0.017193167,1861,1951614383,0.000000,0.000000
execution/comparison,1048576,0,32,0.017306166,1849,1938871498,0.000000,0.000000
execution/conditional,1048576,0,32,0.017243708,1856,1945894236,0.000000,0.000000
execution/constructor,1048576,0,32,0.017308250,1849,1938638048,3.000000,152.000000
rust/execution_arithmetic,1048576,0,32,0.017257792,1854,1944306201,0.000000,0.000000
rust/execution_constructor,1048576,0,32,0.016556208,1933,2026697901,0.000000,0.000000
execution/filtered_sum,74,0,32,0.000019084,1676797,124083001,0.000000,0.000000
execution/mapped_sum,74,0,32,0.000019083,1676885,124089504,0.000000,0.000000
rust/execution_filtered_sum,74,0,32,0.000007625,4196721,310557377,0.000000,0.000000
execution/filtered_sum,1082,0,32,0.000284250,112577,121808267,0.000000,0.000000
execution/mapped_sum,1082,0,32,0.000307000,104235,112781759,0.000000,0.000000
rust/execution_filtered_sum,1082,0,32,0.000105750,302600,327413712,0.000000,0.000000
execution/filtered_sum,8586,0,32,0.002238208,14297,122755347,0.000000,0.000000
execution/mapped_sum,8586,0,32,0.002379125,13450,115484474,0.000000,0.000000
rust/execution_filtered_sum,8586,0,32,0.000829500,38577,331226040,0.000000,0.000000
execution/filtered_sum,137226,0,32,0.036130875,886,121536830,0.000000,0.000000
execution/mapped_sum,137226,0,32,0.037601416,851,116783687,0.000000,0.000000
rust/execution_filtered_sum,137226,0,32,0.013061042,2450,336208397,0.000000,0.000000
execution/lookup_8192,501,0,32,0.000011542,2772483,1389014036,0.000000,0.000000
rust/execution_lookup_8192,501,0,32,0.000009875,3240506,1623493671,0.000000,0.000000
execution/type_fallback,16,0,32,0.000004875,6564103,105025641,0.000000,0.000000
plan/branch,100,0,32,0.000004958,6454215,645421541,0.000000,0.000000
plan/boolean,100,0,32,0.000006250,5120000,512000000,0.000000,0.000000
plan/object,100,0,32,0.000006709,4769712,476971233,3.000000,248.000000
plan/branch,500,0,32,0.000011708,2733174,1366586949,0.000000,0.000000
plan/boolean,500,0,32,0.000013042,2453611,1226805705,0.000000,0.000000
plan/object,500,0,32,0.000013917,2299346,1149673062,3.000000,248.000000
plan/branch,1024,0,32,0.000020625,1551515,1588751515,0.000000,0.000000
plan/boolean,1024,0,32,0.000021792,1468429,1503671072,0.000000,0.000000
plan/object,1024,0,32,0.000022375,1430168,1464491620,3.000000,248.000000
plan/branch,10240,0,32,0.000171541,186544,1910213885,0.000000,0.000000
plan/boolean,10240,0,32,0.000172708,185284,1897306436,0.000000,0.000000
plan/object,10240,0,32,0.000173666,184262,1886840257,3.000000,248.000000
plan/branch,1048576,0,32,0.017224250,1858,1948092486,0.000000,0.000000
plan/boolean,1048576,0,32,0.017327708,1847,1936461071,0.000000,0.000000
plan/object,1048576,0,32,0.017277542,1852,1942083660,3.000000,248.000000
plan/lookup_branch,490,0,32,0.000014708,2175687,1066086484,0.000000,0.000000
plan/lookup_quote,490,0,32,0.000014708,2175687,1066086484,0.000000,0.000000
plan/invoice_sum,58,0,32,0.000005792,5524862,320441989,0.000000,0.000000
rust/plan_invoice,58,0,32,0.000005334,5999250,347956505,0.000000,0.000000
plan/invoice_object,58,0,32,0.000012125,2639175,153072165,3.000000,296.000000
plan/mapped_objects,58,0,32,0.000014542,2200523,127630312,2.000000,136.000000
plan/invoice_sum,300,0,32,0.000036333,880742,264222608,0.000000,0.000000
rust/plan_invoice,300,0,32,0.000031958,1001314,300394267,0.000000,0.000000
plan/invoice_object,300,0,32,0.000049583,645382,193614747,3.000000,296.000000
plan/mapped_objects,300,0,32,0.000077459,413122,123936534,16.000000,1088.000000
plan/invoice_sum,4488,0,32,0.000566375,56500,253570514,0.000000,0.000000
rust/plan_invoice,4488,0,32,0.000485750,65878,295658260,0.000000,0.000000
plan/invoice_object,4488,0,32,0.000685791,46661,209416572,3.000000,296.000000
plan/mapped_objects,4488,0,32,0.001148208,27870,125078383,256.000000,17408.000000
plan/invoice_sum,35736,0,32,0.004508792,7097,253627136,0.000000,0.000000
rust/plan_invoice,35736,0,32,0.003834041,8346,298262851,0.000000,0.000000
plan/invoice_object,35736,0,32,0.005442500,5880,210115204,3.000000,296.000000
plan/mapped_objects,35736,0,32,0.008830417,3624,129501472,2048.000000,139264.000000
plan/invoice_sum,571416,0,32,0.071188125,450,256859020,0.000000,0.000000
rust/plan_invoice,571416,0,32,0.061952042,517,295152692,0.000000,0.000000
plan/invoice_object,571416,0,32,0.089155375,359,205094892,3.000000,296.000000
plan/mapped_objects,571416,0,32,0.140624209,228,130029617,32768.000000,2228224.000000
plan/wide_fields,7583,0,32,0.000289958,110361,836866029,0.000000,0.000000
plan/untaken_branch,496,0,32,0.000010875,2942529,1459494253,0.000000,0.000000
compile/plan_branch,0,0,32,0.000069500,460432,0,96.000000,3794.000000
demand/nested,100,0,32,0.000005000,6400000,640000000,0.000000,0.000000
demand/branch,100,0,32,0.000005292,6046863,604686319,0.000000,0.000000
demand/repeated,100,0,32,0.000004333,7385183,738518348,0.000000,0.000000
demand/untaken_nested,101,0,32,0.000004459,7176497,724826194,0.000000,0.000000
demand/nested,500,0,32,0.000011667,2742779,1371389389,0.000000,0.000000
demand/branch,500,0,32,0.000011917,2685240,1342619787,0.000000,0.000000
demand/repeated,500,0,32,0.000011000,2909091,1454545455,0.000000,0.000000
demand/untaken_nested,501,0,32,0.000011083,2887305,1446539746,0.000000,0.000000
demand/nested,1024,0,32,0.000020375,1570552,1608245399,0.000000,0.000000
demand/branch,1024,0,32,0.000020542,1557784,1595170869,0.000000,0.000000
demand/repeated,1024,0,32,0.000019500,1641026,1680410256,0.000000,0.000000
demand/untaken_nested,1025,0,32,0.000019667,1627091,1667768343,0.000000,0.000000
demand/nested,10240,0,32,0.000171708,186363,1908356046,0.000000,0.000000
demand/branch,10240,0,32,0.000171791,186273,1907434033,0.000000,0.000000
demand/repeated,10240,0,32,0.000170750,187408,1919062958,0.000000,0.000000
demand/untaken_nested,10241,0,32,0.000171084,187043,1915503495,0.000000,0.000000
demand/nested,1048576,0,32,0.017041750,1878,1968954597,0.000000,0.000000
demand/branch,1048576,0,32,0.017237791,1856,1946562178,0.000000,0.000000
demand/repeated,1048576,0,32,0.017271583,1853,1942753713,0.000000,0.000000
demand/untaken_nested,1048577,0,32,0.017232083,1857,1947208820,0.000000,0.000000
demand/nested_fold,546,0,32,0.000118667,269662,147235541,0.000000,0.000000
demand/nested_fold_plan,546,0,32,0.000054958,582263,317915499,0.000000,0.000000
demand/nested_fold,8454,0,32,0.001847208,17323,146452376,0.000000,0.000000
demand/nested_fold_plan,8454,0,32,0.000872667,36669,310001409,0.000000,0.000000
demand/nested_fold,67478,0,32,0.014556625,2198,148337681,0.000000,0.000000
demand/nested_fold_plan,67478,0,32,0.007219417,4432,299095619,0.000000,0.000000
demand/wide_nested,1137,0,32,0.000037875,844884,960633663,0.000000,0.000000
demand/wide_nested,38497,0,32,0.001219667,26237,1010033066,0.000000,0.000000
demand/wide_nested,323265,0,32,0.009203209,3477,1124007941,0.000000,0.000000
demand/repeated_lookup,100,0,32,0.000009125,3506849,350684932,0.000000,0.000000
demand/repeated_lookup,500,0,32,0.000014833,2157352,1078675925,0.000000,0.000000
demand/repeated_lookup,10240,0,32,0.000180583,177204,1814567263,0.000000,0.000000
demand/repeated_lookup,1048576,0,32,0.017262500,1854,1943775930,0.000000,0.000000
compile/scoped_path,0,0,32,0.000059958,533707,0,41.000000,3773.000000
tuple/index,100,0,32,0.000018958,1687942,168794177,9.000000,848.000000
tuple/filter_sum,100,0,32,0.000028166,1136122,113612157,10.000000,1296.000000
tuple/plan_leaves,100,0,32,0.000035750,895105,89510490,15.000000,1440.000000
tuple/kept,100,0,32,0.000024334,1315032,131503246,11.000000,992.000000
tuple/ordered,100,0,32,0.000039458,810989,81098890,19.000000,1640.000000
tuple/index,500,0,32,0.000031375,1019920,509960159,9.000000,848.000000
tuple/filter_sum,500,0,32,0.000040416,791766,395882819,10.000000,1296.000000
tuple/plan_leaves,500,0,32,0.000049000,653061,326530612,15.000000,1440.000000
tuple/kept,500,0,32,0.000037083,862929,431464552,11.000000,992.000000
tuple/ordered,500,0,32,0.000052667,607591,303795546,19.000000,1640.000000
tuple/index,1024,0,32,0.000049375,648101,663655696,9.000000,848.000000
tuple/filter_sum,1024,0,32,0.000057834,553308,566587129,10.000000,1296.000000
tuple/plan_leaves,1024,0,32,0.000072708,440117,450679430,15.000000,1440.000000
tuple/kept,1024,0,32,0.000054458,587609,601711411,11.000000,992.000000
tuple/ordered,1024,0,32,0.000069875,457961,468951699,19.000000,1640.000000
tuple/index,10240,0,32,0.000345875,92519,947394290,9.000000,848.000000
tuple/filter_sum,10240,0,32,0.000354958,90152,923151471,10.000000,1296.000000
tuple/plan_leaves,10240,0,32,0.000362959,88164,902801694,15.000000,1440.000000
tuple/kept,10240,0,32,0.000351459,91049,932342037,11.000000,992.000000
tuple/ordered,10240,0,32,0.000367417,87095,891847683,19.000000,1640.000000
tuple/index,1048576,0,32,0.032989584,970,1017122010,9.000000,848.000000
tuple/filter_sum,1048576,0,32,0.033906750,944,989609208,10.000000,1296.000000
tuple/plan_leaves,1048576,0,32,0.033991083,941,987153954,15.000000,1440.000000
tuple/kept,1048576,0,32,0.033412083,958,1004260405,11.000000,992.000000
tuple/ordered,1048576,0,32,0.033995792,941,987017217,19.000000,1640.000000
tuple/wide_sum,440,0,32,0.000100917,317092,139520596,22.000000,2496.000000
tuple/nested_sum,440,0,32,0.000181875,175945,77415808,70.000000,6336.000000
tuple/join_sum,440,0,32,0.000410833,77891,34271833,46.000000,4800.000000
tuple/join_bound,440,0,32,0.000319583,100130,44057412,55.000000,5728.000000
tuple/group,440,0,32,0.000158583,201787,88786314,57.000000,5408.000000
tuple/negative_index,440,0,32,0.000068750,465455,204800000,23.000000,2432.000000
tuple/wide_sum,6666,0,32,0.001515916,21109,140714921,262.000000,26496.000000
tuple/nested_sum,6666,0,32,0.002784167,11494,76616094,1030.000000,87936.000000
tuple/join_sum,6666,0,32,0.031336666,1021,6807106,646.000000,63360.000000
tuple/join_bound,6666,0,32,0.004804500,6660,44398377,775.000000,75808.000000
tuple/group,6666,0,32,0.002034250,15731,104860268,337.000000,65888.000000
tuple/negative_index,6666,0,32,0.000913083,35046,233617316,267.000000,34112.000000
tuple/wide_sum,56043,0,32,0.012011125,2664,149309578,2054.000000,205696.000000
tuple/nested_sum,56043,0,32,0.022287916,1436,80464051,8198.000000,697216.000000
tuple/join_sum,56043,0,32,1.710035166,19,1048736,5126.000000,500608.000000
tuple/join_bound,56043,0,32,0.038447334,832,46645003,6151.000000,599072.000000
tuple/group,56043,0,32,0.015667500,2042,114464720,2159.000000,517472.000000
tuple/negative_index,56043,0,32,0.007323875,4369,244867096,2062.000000,270656.000000
compile/builtins,0,0,32,0.000070750,452297,0,55.000000,3865.000000
builtin/length,100,0,32,0.000008750,3657143,365714286,0.000000,0.000000
builtin/normalize,100,0,32,0.000025250,1267327,126732673,19.000000,363.000000
builtin/split_join,100,0,32,0.000036500,876712,87671233,32.000000,749.000000
builtin/numeric,100,0,32,0.000009125,3506849,350684932,0.000000,0.000000
builtin/average,100,0,32,0.000008750,3657143,365714286,0.000000,0.000000
builtin/type,100,0,32,0.000007917,4041935,404193508,0.000000,0.000000
builtin/keys,100,0,32,0.000016708,1915250,191525018,8.000000,468.000000
builtin/map_builtin,100,0,32,0.000015667,2042510,204250973,3.000000,208.000000
builtin/map_closure,100,0,32,0.000029625,1080169,108016878,9.000000,936.000000
builtin/reduce,100,0,32,0.000019833,1613472,161347250,4.000000,248.000000
builtin/sift,100,0,32,0.000023750,1347368,134736842,12.000000,804.000000
builtin/length,500,0,32,0.000022084,1449013,724506430,0.000000,0.000000
builtin/normalize,500,0,32,0.000038291,835706,417852759,19.000000,363.000000
builtin/split_join,500,0,32,0.000049791,642686,321343215,32.000000,749.000000
builtin/numeric,500,0,32,0.000022375,1430168,715083799,0.000000,0.000000
builtin/average,500,0,32,0.000022125,1446328,723163842,0.000000,0.000000
builtin/type,500,0,32,0.000021291,1502982,751491240,0.000000,0.000000
builtin/keys,500,0,32,0.000030208,1059322,529661017,8.000000,468.000000
builtin/map_builtin,500,0,32,0.000029333,1090921,545460744,3.000000,208.000000
builtin/map_closure,500,0,32,0.000049291,649206,324602869,9.000000,936.000000
builtin/reduce,500,0,32,0.000033166,964844,482421757,4.000000,248.000000
builtin/sift,500,0,32,0.000037041,863908,431953781,12.000000,804.000000
builtin/length,1024,0,32,0.000039000,820513,840205128,0.000000,0.000000
builtin/normalize,1024,0,32,0.000054834,583580,597585440,19.000000,363.000000
builtin/split_join,1024,0,32,0.000066584,480596,492130241,32.000000,749.000000
builtin/numeric,1024,0,32,0.000039917,801663,820903375,0.000000,0.000000
builtin/average,1024,0,32,0.000039500,810127,829569620,0.000000,0.000000
builtin/type,1024,0,32,0.000041708,767239,785652633,0.000000,0.000000
builtin/keys,1024,0,32,0.000047708,670747,686844974,8.000000,468.000000
builtin/map_builtin,1024,0,32,0.000046292,691264,707854489,3.000000,208.000000
builtin/map_closure,1024,0,32,0.000074125,431703,442064081,9.000000,936.000000
builtin/reduce,1024,0,32,0.000049875,641604,657002506,4.000000,248.000000
builtin/sift,1024,0,32,0.000053542,597662,612005528,12.000000,804.000000
builtin/length,10240,0,32,0.000342166,93522,957663824,0.000000,0.000000
builtin/normalize,10240,0,32,0.000352000,90909,930909091,19.000000,363.000000
builtin/split_join,10240,0,32,0.000363833,87952,900632983,32.000000,749.000000
builtin/numeric,10240,0,32,0.000336458,95108,973910562,0.000000,0.000000
builtin/average,10240,0,32,0.000335917,95262,975479062,0.000000,0.000000
builtin/type,10240,0,32,0.000348500,91822,940258250,0.000000,0.000000
builtin/keys,10240,0,32,0.000344667,92843,950714748,8.000000,468.000000
builtin/map_builtin,10240,0,32,0.000343083,93272,955104158,3.000000,208.000000
builtin/map_closure,10240,0,32,0.000529667,60415,618652852,9.000000,936.000000
builtin/reduce,10240,0,32,0.000347250,92153,943642909,4.000000,248.000000
builtin/sift,10240,0,32,0.000351541,91028,932124560,12.000000,804.000000
builtin/length,1048576,0,32,0.033972792,942,987685440,0.000000,0.000000
builtin/normalize,1048576,0,32,0.033267416,962,1008627541,19.000000,363.000000
builtin/split_join,1048576,0,32,0.034022583,941,986239992,32.000000,749.000000
builtin/numeric,1048576,0,32,0.033921209,943,989187384,0.000000,0.000000
builtin/average,1048576,0,32,0.033976542,942,987576428,0.000000,0.000000
builtin/type,1048576,0,32,0.033400042,958,1004622449,0.000000,0.000000
builtin/keys,1048576,0,32,0.033628625,952,997793755,8.000000,468.000000
builtin/map_builtin,1048576,0,32,0.034053416,940,985347021,3.000000,208.000000
builtin/map_closure,1048576,0,32,0.050713541,631,661646403,9.000000,936.000000
builtin/reduce,1048576,0,32,0.033973833,942,987655176,4.000000,248.000000
builtin/sift,1048576,0,32,0.033999917,941,986897468,12.000000,804.000000
builtin/filter_reduce,285,0,32,0.000075875,421746,120197694,7.000000,456.000000
builtin/planned_average,285,0,32,0.000028625,1117904,318602620,0.000000,0.000000
builtin/grouped_average,285,0,32,0.000068334,468288,133462113,10.000000,1016.000000
builtin/ordered_labels,285,0,32,0.000183333,174546,49745545,113.000000,3689.000000
builtin/merged_objects,285,0,32,0.000210500,152019,43325416,116.000000,7184.000000
builtin/each_group,285,0,32,0.000094458,338775,96550848,30.000000,2708.000000
builtin/distinct,285,0,32,0.000051000,627451,178823529,5.000000,480.000000
builtin/filter_reduce,4537,0,32,0.001091209,29325,133048756,11.000000,3336.000000
builtin/planned_average,4537,0,32,0.000442792,72269,327883069,0.000000,0.000000
builtin/grouped_average,4537,0,32,0.000929625,34422,156174802,18.000000,9656.000000
builtin/ordered_labels,4537,0,32,0.002710916,11804,53555330,1564.000000,53473.000000
builtin/merged_objects,4537,0,32,0.005284833,6055,27471824,1921.000000,117586.000000
builtin/each_group,4537,0,32,0.000938334,34103,154725290,38.000000,11348.000000
builtin/distinct,4537,0,32,0.000736792,43432,197048828,9.000000,6240.000000
builtin/filter_reduce,37737,0,32,0.008402458,3808,143717945,14.000000,24840.000000
builtin/planned_average,37737,0,32,0.003520792,9089,342986464,0.000000,0.000000
builtin/grouped_average,37737,0,32,0.007200791,4444,167701576,24.000000,74168.000000
builtin/ordered_labels,37737,0,32,0.022237334,1439,54304351,12397.000000,429273.000000
builtin/merged_objects,37737,0,32,0.151963167,211,7946557,15391.000000,940522.000000
builtin/each_group,37737,0,32,0.007331459,4365,164712645,44.000000,75860.000000
builtin/distinct,37737,0,32,0.005879916,5442,205374362,12.000000,49248.000000
compile/helpers,0,0,32,0.000099667,321069,0,72.000000,6457.000000
helper/round,100,0,32,0.000008375,3820896,382089552,0.000000,0.000000
helper/static_round,100,0,32,0.000003458,9253904,925390399,0.000000,0.000000
helper/decimal_round,100,0,32,0.000012875,2485437,248543689,0.000000,0.000000
helper/pad,100,0,32,0.000013125,2438095,243809524,5.000000,83.000000
helper/pad_unchanged,100,0,32,0.000008292,3859141,385914134,0.000000,0.000000
helper/uri_unchanged,100,0,32,0.000007917,4041935,404193508,0.000000,0.000000
helper/base64,100,0,32,0.000010792,2965159,296515938,5.000000,48.000000
helper/sort,100,0,32,0.000016542,1934470,193446983,5.000000,264.000000
helper/zip,100,0,32,0.000025875,1236715,123671498,11.000000,816.000000
helper/single,100,0,32,0.000018500,1729730,172972973,4.000000,248.000000
helper/assert,100,0,32,0.000008583,3728300,372830013,0.000000,0.000000
helper/static_sort,100,0,32,0.000003875,8258065,825806452,1.000000,16.000000
helper/round,500,0,32,0.000022042,1451774,725886943,0.000000,0.000000
helper/static_round,500,0,32,0.000010584,3023432,1511715797,0.000000,0.000000
helper/decimal_round,500,0,32,0.000026625,1201878,600938967,0.000000,0.000000
helper/pad,500,0,32,0.000027125,1179724,589861751,5.000000,83.000000
helper/pad_unchanged,500,0,32,0.000022041,1451840,725919877,0.000000,0.000000
helper/uri_unchanged,500,0,32,0.000022708,1409195,704597499,0.000000,0.000000
helper/base64,500,0,32,0.000024667,1297280,648639883,5.000000,48.000000
helper/sort,500,0,32,0.000028541,1121194,560597036,5.000000,264.000000
helper/zip,500,0,32,0.000042584,751456,375727973,11.000000,816.000000
helper/single,500,0,32,0.000032125,996109,498054475,4.000000,248.000000
helper/assert,500,0,32,0.000024834,1288556,644278006,0.000000,0.000000
helper/static_sort,500,0,32,0.000010958,2920241,1460120460,1.000000,16.000000
helper/round,1024,0,32,0.000038834,824020,843796673,0.000000,0.000000
helper/static_round,1024,0,32,0.000019084,1676797,1717040453,0.000000,0.000000
helper/decimal_round,1024,0,32,0.000043375,737752,755458213,0.000000,0.000000
helper/pad,1024,0,32,0.000043666,732836,750423671,5.000000,83.000000
helper/pad_unchanged,1024,0,32,0.000039000,820513,840205128,0.000000,0.000000
helper/uri_unchanged,1024,0,32,0.000038500,831169,851116883,0.000000,0.000000
helper/base64,1024,0,32,0.000041209,776529,795166104,5.000000,48.000000
helper/sort,1024,0,32,0.000045375,705234,722159780,5.000000,264.000000
helper/zip,1024,0,32,0.000066917,478204,489681247,11.000000,816.000000
helper/single,1024,0,32,0.000048625,658098,673892031,4.000000,248.000000
helper/assert,1024,0,32,0.000039083,818770,838420797,0.000000,0.000000
helper/static_sort,1024,0,32,0.000019458,1644568,1684037414,1.000000,16.000000
helper/round,10240,0,32,0.000335875,95274,975601042,0.000000,0.000000
helper/static_round,10240,0,32,0.000173084,184881,1893184812,0.000000,0.000000
helper/decimal_round,10240,0,32,0.000340292,94037,962937712,0.000000,0.000000
helper/pad,10240,0,32,0.000340792,93899,961524918,5.000000,83.000000
helper/pad_unchanged,10240,0,32,0.000336000,95238,975238095,0.000000,0.000000
helper/uri_unchanged,10240,0,32,0.000335500,95380,976691505,0.000000,0.000000
helper/base64,10240,0,32,0.000338375,94570,968393055,5.000000,48.000000
helper/sort,10240,0,32,0.000342250,93499,957428780,5.000000,264.000000
helper/zip,10240,0,32,0.000518833,61677,631571238,11.000000,816.000000
helper/single,10240,0,32,0.000345750,92552,947736804,4.000000,248.000000
helper/assert,10240,0,32,0.000336125,95203,974875418,0.000000,0.000000
helper/static_sort,10240,0,32,0.000170833,187317,1918130572,1.000000,16.000000
helper/round,1048576,0,32,0.033917583,943,989293134,0.000000,0.000000
helper/static_round,1048576,0,32,0.017241625,1856,1946129324,0.000000,0.000000
helper/decimal_round,1048576,0,32,0.033935875,943,988759889,0.000000,0.000000
helper/pad,1048576,0,32,0.033285166,961,1008089670,5.000000,83.000000
helper/pad_unchanged,1048576,0,32,0.033926750,943,989025828,0.000000,0.000000
helper/uri_unchanged,1048576,0,32,0.033972917,942,987681805,0.000000,0.000000
helper/base64,1048576,0,32,0.033944166,943,988518380,5.000000,48.000000
helper/sort,1048576,0,32,0.033328750,960,1006771391,5.000000,264.000000
helper/zip,1048576,0,32,0.050683875,631,662033674,11.000000,816.000000
helper/single,1048576,0,32,0.033923167,943,989130290,4.000000,248.000000
helper/assert,1048576,0,32,0.033941958,943,988582686,0.000000,0.000000
helper/static_sort,1048576,0,32,0.017229667,1857,1947480006,1.000000,16.000000
helper/sort_sequence,162,0,32,0.000045125,709141,114880886,9.000000,992.000000
helper/zip_sequence,162,0,32,0.000071917,444957,72083096,28.000000,2160.000000
helper/sort_callback,162,0,32,0.000093875,340879,55222370,15.000000,1528.000000
helper/single_sequence,162,0,32,0.000049375,648101,104992405,7.000000,584.000000
helper/group_round,162,0,32,0.000063750,501961,81317647,10.000000,1016.000000
helper/filtered_sorted,162,0,32,0.000137833,232165,37610732,53.000000,2436.000000
helper/sort_sequence,2588,0,32,0.000672000,47619,123238095,17.000000,17312.000000
helper/zip_sequence,2588,0,32,0.000923959,34634,89631683,280.000000,30960.000000
helper/sort_callback,2588,0,32,0.002075334,15419,39904902,27.000000,23608.000000
helper/single_sequence,2588,0,32,0.000613583,52153,134971145,11.000000,6344.000000
helper/group_round,2588,0,32,0.000685791,46661,120759823,18.000000,9656.000000
helper/filtered_sorted,2588,0,32,0.002460417,13006,33659335,787.000000,39937.000000
helper/sort_sequence,21428,0,32,0.006009958,5324,114093310,23.000000,139168.000000
helper/zip_sequence,21428,0,32,0.007062792,4531,97085685,2081.000000,246000.000000
helper/sort_callback,21428,0,32,0.021718375,1473,31572160,36.000000,188472.000000
helper/single_sequence,21428,0,32,0.004884292,6552,140388003,14.000000,49352.000000
helper/group_round,21428,0,32,0.005291083,6048,129594641,24.000000,74168.000000
helper/filtered_sorted,21428,0,32,0.021805292,1468,31446311,6127.000000,318525.000000
helper/uri_roundtrip,136,0,32,0.000145875,219366,29833762,24.000000,5422.000000
helper/base64_roundtrip,136,0,32,0.000055916,572287,77831032,19.000000,2097.000000
helper/uri_roundtrip,1031,0,32,0.000968500,33041,34065049,30.000000,43363.000000
helper/base64_roundtrip,1031,0,32,0.000300416,106519,109821048,22.000000,16434.000000
helper/uri_roundtrip,10251,0,32,0.009367125,3416,35019496,36.000000,409675.000000
helper/base64_roundtrip,10251,0,32,0.002774500,11534,118231033,25.000000,156066.000000
helper/uri_roundtrip,1048586,0,32,1.003387625,32,33441465,50.000000,44459678.000000
helper/base64_roundtrip,1048586,0,32,0.274381625,117,122292271,32.000000,16812233.000000
compile/formatting,0,0,32,0.000216542,147777,0,172.000000,15749.000000
format/number_static,200,0,32,0.000019917,1606668,321333534,2.000000,54.000000
format/number_context,200,0,32,0.000021375,1497076,299415205,2.000000,54.000000
format/number_dynamic,200,0,32,0.000040875,782875,156574924,20.000000,569.000000
format/integer_static,200,0,32,0.000013542,2363019,472603751,2.000000,32.000000
format/integer_dynamic,200,0,32,0.000023750,1347368,269473684,5.000000,120.000000
format/integer_parse_static,200,0,32,0.000011417,2802838,560567575,1.000000,8.000000
format/words_static,200,0,32,0.000017750,1802817,360563380,5.000000,184.000000
format/date_static,200,0,32,0.000016291,1964275,392854951,2.000000,51.000000
format/date_context,200,0,32,0.000018000,1777778,355555556,2.000000,51.000000
format/date_dynamic,200,0,32,0.000034916,916485,183297056,15.000000,2005.000000
format/date_iso,200,0,32,0.000019083,1676885,335377037,2.000000,101.000000
format/date_parse_iso,200,0,32,0.000010458,3059858,611971696,0.000000,0.000000
format/date_parse_constant,200,0,32,0.000004541,7046906,1409381194,0.000000,0.000000
format/date_parse_static,200,0,32,0.000019167,1669536,333907236,6.000000,1360.000000
format/date_parse_dynamic,200,0,32,0.000142375,224759,44951712,89.000000,10593.000000
format/mixed,200,0,32,0.000057042,560990,112198030,13.000000,1889.000000
format/number_static,500,0,32,0.000030125,1062241,531120332,2.000000,54.000000
format/number_context,500,0,32,0.000032000,1000000,500000000,2.000000,54.000000
format/number_dynamic,500,0,32,0.000056208,569314,284656988,20.000000,569.000000
format/integer_static,500,0,32,0.000023917,1337960,668980223,2.000000,32.000000
format/integer_dynamic,500,0,32,0.000039042,819630,409815071,5.000000,120.000000
format/integer_parse_static,500,0,32,0.000021666,1476969,738484261,1.000000,8.000000
format/words_static,500,0,32,0.000028000,1142857,571428571,5.000000,184.000000
format/date_static,500,0,32,0.000026542,1205636,602818175,2.000000,51.000000
format/date_context,500,0,32,0.000028292,1131062,565530892,2.000000,51.000000
format/date_dynamic,500,0,32,0.000049958,640538,320269026,15.000000,2005.000000
format/date_iso,500,0,32,0.000029375,1089362,544680851,2.000000,101.000000
format/date_parse_iso,500,0,32,0.000020708,1545297,772648252,0.000000,0.000000
format/date_parse_constant,500,0,32,0.000009834,3254017,1627008338,0.000000,0.000000
format/date_parse_static,500,0,32,0.000029667,1078640,539319783,6.000000,1360.000000
format/date_parse_dynamic,500,0,32,0.000157291,203445,101722285,89.000000,10593.000000
format/mixed,500,0,32,0.000078083,409820,204910160,13.000000,1889.000000
format/number_static,1024,0,32,0.000050750,630542,645674877,2.000000,54.000000
format/number_context,1024,0,32,0.000049375,648101,663655696,2.000000,54.000000
format/number_dynamic,1024,0,32,0.000082292,388859,398191805,20.000000,569.000000
format/integer_static,1024,0,32,0.000041459,771847,790371210,2.000000,32.000000
format/integer_dynamic,1024,0,32,0.000065166,491054,502838904,5.000000,120.000000
format/integer_parse_static,1024,0,32,0.000039667,806716,826077092,1.000000,8.000000
format/words_static,1024,0,32,0.000044959,711760,728841834,5.000000,184.000000
format/date_static,1024,0,32,0.000043500,735632,753287356,2.000000,51.000000
format/date_context,1024,0,32,0.000045042,710448,727498779,2.000000,51.000000
format/date_dynamic,1024,0,32,0.000075125,425957,436179700,15.000000,2005.000000
format/date_iso,1024,0,32,0.000046458,688794,705325240,2.000000,101.000000
format/date_parse_iso,1024,0,32,0.000037792,846740,867061812,0.000000,0.000000
format/date_parse_constant,1024,0,32,0.000018500,1729730,1771243243,0.000000,0.000000
format/date_parse_static,1024,0,32,0.000046416,689417,705963461,6.000000,1360.000000
format/date_parse_dynamic,1024,0,32,0.000183542,174347,178531344,89.000000,10593.000000
format/mixed,1024,0,32,0.000111416,287212,294104976,13.000000,1889.000000
format/number_static,10240,0,32,0.000349417,91581,937790663,2.000000,54.000000
format/number_context,10240,0,32,0.000357750,89448,915946890,2.000000,54.000000
format/number_dynamic,10240,0,32,0.000530916,60273,617197447,20.000000,569.000000
format/integer_static,10240,0,32,0.000338250,94605,968750924,2.000000,32.000000
format/integer_dynamic,10240,0,32,0.000507375,63070,645833949,5.000000,120.000000
format/integer_parse_static,10240,0,32,0.000336125,95203,974875418,1.000000,8.000000
format/words_static,10240,0,32,0.000342583,93408,956498133,5.000000,184.000000
format/date_static,10240,0,32,0.000340875,93876,961290796,2.000000,51.000000
format/date_context,10240,0,32,0.000345167,92709,949337567,2.000000,51.000000
format/date_dynamic,10240,0,32,0.000518334,61736,632179251,15.000000,2005.000000
format/date_iso,10240,0,32,0.000343791,93080,953137226,2.000000,101.000000
format/date_parse_iso,10240,0,32,0.000335208,95463,977542302,0.000000,0.000000
format/date_parse_constant,10240,0,32,0.000169833,188420,1929424788,0.000000,0.000000
format/date_parse_static,10240,0,32,0.000357000,89636,917871148,6.000000,1360.000000
format/date_parse_dynamic,10240,0,32,0.000626625,51067,522928386,89.000000,10593.000000
format/mixed,10240,0,32,0.000707250,45246,463315659,13.000000,1889.000000
format/number_static,1048576,0,32,0.033282000,961,1008185566,2.000000,54.000000
format/number_context,1048576,0,32,0.034500667,928,972573429,2.000000,54.000000
format/number_dynamic,1048576,0,32,0.050730250,631,661428477,20.000000,569.000000
format/integer_static,1048576,0,32,0.033924417,943,989093844,2.000000,32.000000
format/integer_dynamic,1048576,0,32,0.050053333,639,670373579,5.000000,120.000000
format/integer_parse_static,1048576,0,32,0.033912834,944,989431671,1.000000,8.000000
format/words_static,1048576,0,32,0.033983042,942,987387533,5.000000,184.000000
format/date_static,1048576,0,32,0.033278000,962,1008306749,2.000000,51.000000
format/date_context,1048576,0,32,0.033920750,943,989200769,2.000000,51.000000
format/date_dynamic,1048576,0,32,0.049485375,647,678067651,15.000000,2005.000000
format/date_iso,1048576,0,32,0.033961459,942,988015032,2.000000,101.000000
format/date_parse_iso,1048576,0,32,0.033918250,943,989273680,0.000000,0.000000
format/date_parse_constant,1048576,0,32,0.017223958,1858,1948125512,0.000000,0.000000
format/date_parse_static,1048576,0,32,0.033977625,942,987544951,6.000000,1360.000000
format/date_parse_dynamic,1048576,0,32,0.049693875,644,675222691,89.000000,10593.000000
format/mixed,1048576,0,32,0.067691542,473,495696080,13.000000,1889.000000
format/filtered_rows,218,0,32,0.000152375,210008,45781788,28.000000,1604.000000
format/filtered_date_sum,234,0,32,0.000097041,329758,77163261,24.000000,5440.000000
format/filtered_rows,3484,0,32,0.002481209,12897,44932934,448.000000,25664.000000
format/filtered_date_sum,3740,0,32,0.001520458,21046,78713125,384.000000,87040.000000
format/filtered_rows,28596,0,32,0.019632500,1630,46610060,3584.000000,205312.000000
format/filtered_date_sum,30644,0,32,0.012401166,2580,79073855,3072.000000,696320.000000
compile/function_signature,0,0,32,0.000055375,577878,0,49.000000,3252.000000
compile/function_tail,0,0,32,0.000070875,451499,0,54.000000,3431.000000
function/builtin,100,0,32,0.000007875,4063492,406349206,0.000000,0.000000
function/direct,100,0,32,0.000006834,4682470,468247000,3.000000,184.000000
function/signed,100,0,32,0.000008250,3878788,387878788,3.000000,184.000000
function/named,100,0,32,0.000014250,2245614,224561404,6.000000,632.000000
function/signed_named,100,0,32,0.000015959,2005138,200513817,6.000000,632.000000
function/signature_context,100,0,32,0.000018667,1714255,171425510,6.000000,632.000000
function/signature_array,100,0,32,0.000010750,2976744,297674419,5.000000,568.000000
function/signature_promote,100,0,32,0.000010375,3084337,308433735,7.000000,640.000000
function/signature_optional,100,0,32,0.000008791,3640086,364008645,3.000000,184.000000
function/signature_variadic,100,0,32,0.000010875,2942529,294252874,3.000000,184.000000
function/closure,100,0,32,0.000021083,1517811,151781056,7.000000,792.000000
function/partial,100,0,32,0.000022416,1427552,142755175,8.000000,744.000000
function/callback,100,0,32,0.000018708,1710498,171049818,6.000000,392.000000
function/signed_callback,100,0,32,0.000023000,1391304,139130435,6.000000,392.000000
function/partial_callback,100,0,32,0.000027667,1156613,115661257,8.000000,504.000000
function/mixed,100,0,32,0.000042667,749994,74999414,11.000000,1200.000000
rust/function_scalar,100,0,32,0.000003917,8169517,816951749,0.000000,0.000000
function/builtin,500,0,32,0.000021041,1520840,760420132,0.000000,0.000000
function/direct,500,0,32,0.000013958,2292592,1146296031,3.000000,184.000000
function/signed,500,0,32,0.000015125,2115702,1057851240,3.000000,184.000000
function/named,500,0,32,0.000028041,1141186,570593060,6.000000,632.000000
function/signed_named,500,0,32,0.000029583,1081702,540851165,6.000000,632.000000
function/signature_context,500,0,32,0.000032500,984615,492307692,6.000000,632.000000
function/signature_array,500,0,32,0.000017541,1824297,912148680,5.000000,568.000000
function/signature_promote,500,0,32,0.000017333,1846189,923094675,7.000000,640.000000
function/signature_optional,500,0,32,0.000015958,2005264,1002631909,3.000000,184.000000
function/signature_variadic,500,0,32,0.000017750,1802817,901408451,3.000000,184.000000
function/closure,500,0,32,0.000041667,767994,383996928,7.000000,792.000000
function/partial,500,0,32,0.000042584,751456,375727973,8.000000,744.000000
function/callback,500,0,32,0.000032541,983375,491687410,6.000000,392.000000
function/signed_callback,500,0,32,0.000036625,873720,436860068,6.000000,392.000000
function/partial_callback,500,0,32,0.000048333,662074,331036766,8.000000,504.000000
function/mixed,500,0,32,0.000070333,454978,227489230,11.000000,1200.000000
rust/function_scalar,500,0,32,0.000010708,2988420,1494209936,0.000000,0.000000
function/builtin,1024,0,32,0.000038084,840248,860413822,0.000000,0.000000
function/direct,1024,0,32,0.000022417,1427488,1461747781,3.000000,184.000000
function/signed,1024,0,32,0.000023625,1354497,1387005291,3.000000,184.000000
function/named,1024,0,32,0.000045042,710448,727498779,6.000000,632.000000
function/signed_named,1024,0,32,0.000046333,690652,707228110,6.000000,632.000000
function/signature_context,1024,0,32,0.000049083,651957,667603855,6.000000,632.000000
function/signature_array,1024,0,32,0.000026000,1230769,1260307692,5.000000,568.000000
function/signature_promote,1024,0,32,0.000026125,1224880,1254277512,7.000000,640.000000
function/signature_optional,1024,0,32,0.000024125,1326425,1358259067,3.000000,184.000000
function/signature_variadic,1024,0,32,0.000026292,1217100,1246310665,3.000000,184.000000
function/closure,1024,0,32,0.000066625,480300,491827392,7.000000,792.000000
function/partial,1024,0,32,0.000067791,472039,483367999,8.000000,744.000000
function/callback,1024,0,32,0.000049542,645917,661418594,6.000000,392.000000
function/signed_callback,1024,0,32,0.000053375,599532,613920375,6.000000,392.000000
function/partial_callback,1024,0,32,0.000073500,435374,445823129,8.000000,504.000000
function/mixed,1024,0,32,0.000102875,311057,318522479,11.000000,1200.000000
rust/function_scalar,1024,0,32,0.000019417,1648040,1687593346,0.000000,0.000000
function/builtin,10240,0,32,0.000335083,95499,977906966,0.000000,0.000000
function/direct,10240,0,32,0.000173959,183951,1883662242,3.000000,184.000000
function/signed,10240,0,32,0.000175042,182813,1872007861,3.000000,184.000000
function/named,10240,0,32,0.000342250,93499,957428780,6.000000,632.000000
function/signed_named,10240,0,32,0.000343042,93283,955218311,6.000000,632.000000
function/signature_context,10240,0,32,0.000346459,92363,945797338,6.000000,632.000000
function/signature_array,10240,0,32,0.000177250,180536,1848688293,5.000000,568.000000
function/signature_promote,10240,0,32,0.000177333,180451,1847823022,7.000000,640.000000
function/signature_optional,10240,0,32,0.000178208,179565,1838750224,3.000000,184.000000
function/signature_variadic,10240,0,32,0.000177792,179986,1843052556,3.000000,184.000000
function/closure,10240,0,32,0.000509666,62786,642930861,7.000000,792.000000
function/partial,10240,0,32,0.000510458,62689,641933323,8.000000,744.000000
function/callback,10240,0,32,0.000346292,92408,946253451,6.000000,392.000000
function/signed_callback,10240,0,32,0.000350334,91341,935335994,6.000000,392.000000
function/partial_callback,10240,0,32,0.000516708,61931,634168621,8.000000,504.000000
function/mixed,10240,0,32,0.000712708,44899,459767535,11.000000,1200.000000
rust/function_scalar,10240,0,32,0.000173333,184616,1890465174,0.000000,0.000000
function/builtin,1048576,0,32,0.033913708,944,989406172,0.000000,0.000000
function/direct,1048576,0,32,0.017313750,1848,1938022208,3.000000,184.000000
function/signed,1048576,0,32,0.017070459,1875,1965643220,3.000000,184.000000
function/named,1048576,0,32,0.033973292,942,987670903,6.000000,632.000000
function/signed_named,1048576,0,32,0.033950750,943,988326679,6.000000,632.000000
function/signature_context,1048576,0,32,0.034021042,941,986284665,6.000000,632.000000
function/signature_array,1048576,0,32,0.016753334,1910,2002851015,5.000000,568.000000
function/signature_promote,1048576,0,32,0.017249833,1855,1945203296,7.000000,640.000000
function/signature_optional,1048576,0,32,0.017325667,1847,1936689191,3.000000,184.000000
function/signature_variadic,1048576,0,32,0.017240875,1856,1946213983,3.000000,184.000000
function/closure,1048576,0,32,0.050684583,631,662024427,7.000000,792.000000
function/partial,1048576,0,32,0.050424833,635,665434668,8.000000,744.000000
function/callback,1048576,0,32,0.033227458,963,1009840476,6.000000,392.000000
function/signed_callback,1048576,0,32,0.033982958,942,987389974,6.000000,392.000000
function/partial_callback,1048576,0,32,0.050728958,631,661445323,8.000000,504.000000
function/mixed,1048576,0,32,0.066878125,478,501725071,11.000000,1200.000000
rust/function_scalar,1048576,0,32,0.017257333,1854,1944357914,0.000000,0.000000
function/tail_8,34,0,32,0.000049416,647564,22017160,7.000000,792.000000
function/signed_tail_8,34,0,32,0.000060250,531120,18058091,7.000000,792.000000
function/tail_block_8,34,0,32,0.000060916,525314,17860661,8.000000,952.000000
function/tail_borrow_8,34,0,32,0.000047708,670747,22805400,7.000000,792.000000
function/tail_escape_once_8,34,0,32,0.000057167,559763,19031959,10.000000,1080.000000
function/recursion_8,34,0,32,0.000058792,544292,18505919,17.000000,3416.000000
rust/function_tail_8,34,0,32,0.000001666,19207683,653061224,0.000000,0.000000
function/tail_32,35,0,32,0.000147250,217317,7606112,7.000000,792.000000
function/signed_tail_32,35,0,32,0.000185875,172159,6025555,7.000000,792.000000
function/tail_block_32,35,0,32,0.000190708,167796,5872853,8.000000,952.000000
function/tail_borrow_32,35,0,32,0.000135667,235872,8255508,7.000000,792.000000
function/tail_escape_once_32,35,0,32,0.000173959,183951,6438299,10.000000,1080.000000
function/recursion_32,35,0,32,0.000202291,158188,5536578,43.000000,12632.000000
rust/function_tail_32,35,0,32,0.000001833,17457720,611020185,0.000000,0.000000
function/tail_64,35,0,32,0.000282167,113408,3969281,7.000000,792.000000
function/signed_tail_64,35,0,32,0.000359250,89074,3117606,7.000000,792.000000
function/tail_block_64,35,0,32,0.000367583,87055,3046931,8.000000,952.000000
function/tail_borrow_64,35,0,32,0.000257292,124372,4353031,7.000000,792.000000
function/tail_escape_once_64,35,0,32,0.000326750,97934,3427697,10.000000,1080.000000
rust/function_tail_64,35,0,32,0.000002375,13473684,471578947,0.000000,0.000000
function/tail_1024,37,0,32,0.004219042,7585,280632,7.000000,792.000000
function/signed_tail_1024,37,0,32,0.005486500,5832,215802,7.000000,792.000000
function/tail_block_1024,37,0,32,0.005508375,5809,214945,8.000000,952.000000
function/tail_borrow_1024,37,0,32,0.003782541,8460,313017,7.000000,792.000000
function/tail_escape_once_1024,37,0,32,0.004904583,6525,241407,10.000000,1080.000000
rust/function_tail_1024,37,0,32,0.000021125,1514793,56047337,0.000000,0.000000
function/tail_100000,39,0,32,0.409340000,78,3049,7.000000,792.000000
function/signed_tail_100000,39,0,32,0.529618792,60,2356,7.000000,792.000000
function/tail_block_100000,39,0,32,0.536020792,60,2328,8.000000,952.000000
function/tail_borrow_100000,39,0,32,0.364220167,88,3426,7.000000,792.000000
function/tail_escape_once_100000,39,0,32,0.476354500,67,2620,10.000000,1080.000000
rust/function_tail_100000,39,0,32,0.001855125,17250,672731,0.000000,0.000000
function/tail_capture_each_8,7,0,32,0.000059709,535933,3751528,26.000000,3992.000000
function/tail_capture_each_128,9,0,32,0.000655583,48812,439304,270.000000,57752.000000
function/tail_capture_each_1024,10,0,32,0.004910917,6516,65161,2065.000000,459160.000000
compile/eval_static,0,0,32,0.000025000,1280000,0,25.000000,1166.000000
compile/eval_dynamic,0,0,32,0.000009625,3324675,0,9.000000,648.000000
compile/eval_nested,0,0,32,0.000039250,815287,0,37.000000,1843.000000
eval/static_scalar,100,0,32,0.000012208,2621232,262123198,0.000000,0.000000
eval/dynamic_scalar,100,0,32,0.000035000,914286,91428571,21.000000,892.000000
eval/static_literal,100,0,32,0.000004792,6677796,667779633,1.000000,16.000000
eval/context,100,0,32,0.000011375,2813187,281318681,0.000000,0.000000
eval/nested,100,0,32,0.000013375,2392523,239252336,0.000000,0.000000
eval/inherited,100,0,32,0.000018041,1773738,177373760,5.000000,568.000000
eval/static_closure,100,0,32,0.000020791,1539128,153912751,6.000000,632.000000
eval/folded_literal,100,0,32,0.000004875,6564103,656410256,1.000000,16.000000
eval/mixed,100,0,32,0.000027208,1176125,117612467,9.000000,768.000000
effect/random,100,0,32,0.000006125,5224490,522448980,4.000000,216.000000
effect/random_injected,100,0,32,0.000005542,5774089,577408878,3.000000,184.000000
effect/shuffle,100,0,32,0.000012834,2493377,249337697,6.000000,360.000000
effect/shuffle_empty,100,0,32,0.000006208,5154639,515463918,4.000000,200.000000
effect/shuffle_single,100,0,32,0.000006250,5120000,512000000,4.000000,200.000000
eval/static_scalar,500,0,32,0.000032541,983375,491687410,0.000000,0.000000
eval/dynamic_scalar,500,0,32,0.000068292,468576,234288057,21.000000,892.000000
eval/static_literal,500,0,32,0.000011833,2704302,1352150765,1.000000,16.000000
eval/context,500,0,32,0.000024833,1288608,644303950,0.000000,0.000000
eval/nested,500,0,32,0.000033458,956423,478211489,0.000000,0.000000
eval/inherited,500,0,32,0.000038666,827600,413800238,5.000000,568.000000
eval/static_closure,500,0,32,0.000041000,780488,390243902,6.000000,632.000000
eval/folded_literal,500,0,32,0.000011750,2723404,1361702128,1.000000,16.000000
eval/mixed,500,0,32,0.000054083,591683,295841577,9.000000,768.000000
effect/random,500,0,32,0.000012958,2469517,1234758450,4.000000,216.000000
effect/random_injected,500,0,32,0.000012333,2594665,1297332360,3.000000,184.000000
effect/shuffle,500,0,32,0.000032625,980843,490421456,6.000000,360.000000
effect/shuffle_empty,500,0,32,0.000018583,1722004,861001991,4.000000,200.000000
effect/shuffle_single,500,0,32,0.000013291,2407644,1203822135,4.000000,200.000000
eval/static_scalar,1024,0,32,0.000057750,554113,567411255,0.000000,0.000000
eval/dynamic_scalar,1024,0,32,0.000095459,335222,343267790,21.000000,892.000000
eval/static_literal,1024,0,32,0.000020291,1577054,1614903159,1.000000,16.000000
eval/context,1024,0,32,0.000041875,764179,782519403,0.000000,0.000000
eval/nested,1024,0,32,0.000058625,545842,558942431,0.000000,0.000000
eval/inherited,1024,0,32,0.000063125,506931,519097030,5.000000,568.000000
eval/static_closure,1024,0,32,0.000066166,483632,495239247,6.000000,632.000000
eval/folded_literal,1024,0,32,0.000020375,1570552,1608245399,1.000000,16.000000
eval/mixed,1024,0,32,0.000072125,443674,454322357,9.000000,768.000000
effect/random,1024,0,32,0.000021292,1502912,1538981777,4.000000,216.000000
effect/random_injected,1024,0,32,0.000020792,1539053,1575990766,3.000000,184.000000
effect/shuffle,1024,0,32,0.000043000,744186,762046512,6.000000,360.000000
effect/shuffle_empty,1024,0,32,0.000021417,1494140,1529999533,4.000000,200.000000
effect/shuffle_single,1024,0,32,0.000021750,1471264,1506574713,4.000000,200.000000
eval/static_scalar,10240,0,32,0.000500875,63888,654215124,0.000000,0.000000
eval/dynamic_scalar,10240,0,32,0.000688667,46467,475817775,21.000000,892.000000
eval/static_literal,10240,0,32,0.000171500,186589,1910670554,1.000000,16.000000
eval/context,10240,0,32,0.000339042,94384,966487928,0.000000,0.000000
eval/nested,10240,0,32,0.000501833,63766,652966226,0.000000,0.000000
eval/inherited,10240,0,32,0.000519583,61588,630659587,5.000000,568.000000
eval/static_closure,10240,0,32,0.000484042,66110,676966048,6.000000,632.000000
eval/folded_literal,10240,0,32,0.000155542,205732,2106697869,1.000000,16.000000
eval/mixed,10240,0,32,0.000508209,62966,644774099,9.000000,768.000000
effect/random,10240,0,32,0.000177375,180409,1847385483,4.000000,216.000000
effect/random_injected,10240,0,32,0.000169042,189302,1938453165,3.000000,184.000000
effect/shuffle,10240,0,32,0.000309000,103560,1060453074,6.000000,360.000000
effect/shuffle_empty,10240,0,32,0.000172792,185194,1896384092,4.000000,200.000000
effect/shuffle_single,10240,0,32,0.000156667,204255,2091570018,4.000000,200.000000
eval/static_scalar,1048576,0,32,0.050587459,633,663295462,0.000000,0.000000
eval/dynamic_scalar,1048576,0,32,0.067480125,474,497249109,21.000000,892.000000
eval/static_literal,1048576,0,32,0.017263542,1854,1943658607,1.000000,16.000000
eval/context,1048576,0,32,0.033973459,942,987666048,0.000000,0.000000
eval/nested,1048576,0,32,0.050584000,633,663340819,0.000000,0.000000
eval/inherited,1048576,0,32,0.050726292,631,661480086,5.000000,568.000000
eval/static_closure,1048576,0,32,0.050675417,631,662144171,6.000000,632.000000
eval/folded_literal,1048576,0,32,0.017281084,1852,1941685603,1.000000,16.000000
eval/mixed,1048576,0,32,0.050728292,631,661454007,9.000000,768.000000
effect/random,1048576,0,32,0.017279750,1852,1941835501,4.000000,216.000000
effect/random_injected,1048576,0,32,0.017308666,1849,1938591455,3.000000,184.000000
effect/shuffle,1048576,0,32,0.034047167,940,985527871,6.000000,360.000000
effect/shuffle_empty,1048576,0,32,0.017225250,1858,1947979391,4.000000,200.000000
effect/shuffle_single,1048576,0,32,0.017300959,1850,1939455033,4.000000,200.000000
eval/dynamic_closure_map,61,0,32,0.000143583,222868,13594924,102.000000,7899.000000
eval/static_map,61,0,32,0.000029542,1083204,66075418,3.000000,336.000000
effect/shuffle_sum,61,0,32,0.000016500,1939394,118303030,7.000000,552.000000
eval/dynamic_closure_map,447,0,32,0.001394542,22947,10257131,946.000000,83259.000000
eval/static_map,447,0,32,0.000355250,90077,40264602,7.000000,6096.000000
effect/shuffle_sum,447,0,32,0.000139292,229733,102690750,11.000000,6312.000000
eval/dynamic_closure_map,4055,0,32,0.010094083,3170,12855056,7221.000000,645947.000000
eval/static_map,4055,0,32,0.002740125,11678,47355504,10.000000,49104.000000
effect/shuffle_sum,4055,0,32,0.000943875,33903,137475831,14.000000,49320.000000
compile/conversion,0,0,32,0.000120166,266298,0,105.000000,6865.000000
compile/composition,0,0,32,0.000048583,658667,0,36.000000,2529.000000
conversion/string_identity,100,0,32,0.000004417,7244736,724473625,0.000000,0.000000
conversion/number_text,100,0,32,0.000005042,6346688,634668782,0.000000,0.000000
conversion/number_value,100,0,32,0.000004959,6452914,645291389,0.000000,0.000000
conversion/string_number,100,0,32,0.000013458,2377768,237776787,8.000000,108.000000
conversion/string_object,100,0,32,0.000016583,1929687,192968703,12.000000,423.000000
conversion/string_pretty,100,0,32,0.000021792,1468429,146842878,12.000000,453.000000
conversion/concat,100,0,32,0.000025417,1259000,125899988,14.000000,254.000000
conversion/folded,100,0,32,0.000003333,9600960,960096010,0.000000,0.000000
conversion/constructor,100,0,32,0.000033917,943480,94347967,13.000000,564.000000
conversion/chain_direct,100,0,32,0.000019334,1655115,165511534,12.000000,214.000000
conversion/chain_values,100,0,32,0.000033333,960010,96000960,27.000000,1168.000000
conversion/partial,100,0,32,0.000032792,975848,97584777,24.000000,1198.000000
conversion/partial_reused,100,0,32,0.000048458,660366,66036568,31.000000,2180.000000
conversion/sum_direct,100,0,32,0.000008875,3605634,360563380,0.000000,0.000000
conversion/sum_chain,100,0,32,0.000008833,3622778,362277822,0.000000,0.000000
conversion/sum_function,100,0,32,0.000011375,2813187,281318681,4.000000,248.000000
conversion/sum_partial,100,0,32,0.000015750,2031746,203174603,6.000000,336.000000
rust/number_text,100,0,32,0.000004167,7679386,767938565,0.000000,0.000000
conversion/string_identity,500,0,32,0.000011375,2813187,1406593407,0.000000,0.000000
conversion/number_text,500,0,32,0.000011959,2675809,1337904507,0.000000,0.000000
conversion/number_value,500,0,32,0.000012000,2666667,1333333333,0.000000,0.000000
conversion/string_number,500,0,32,0.000020583,1554681,777340524,8.000000,108.000000
conversion/string_object,500,0,32,0.000023500,1361702,680851064,12.000000,423.000000
conversion/string_pretty,500,0,32,0.000036458,877722,438861155,12.000000,453.000000
conversion/concat,500,0,32,0.000046417,689403,344701295,14.000000,254.000000
conversion/folded,500,0,32,0.000010542,3035477,1517738570,0.000000,0.000000
conversion/constructor,500,0,32,0.000060459,529284,264642154,13.000000,564.000000
conversion/chain_direct,500,0,32,0.000032708,978354,489176960,12.000000,214.000000
conversion/chain_values,500,0,32,0.000045292,706527,353263269,27.000000,1168.000000
conversion/partial,500,0,32,0.000045458,703947,351973250,24.000000,1198.000000
conversion/partial_reused,500,0,32,0.000067709,472611,236305366,31.000000,2180.000000
conversion/sum_direct,500,0,32,0.000022375,1430168,715083799,0.000000,0.000000
conversion/sum_chain,500,0,32,0.000022333,1432857,716428603,0.000000,0.000000
conversion/sum_function,500,0,32,0.000024750,1292929,646464646,4.000000,248.000000
conversion/sum_partial,500,0,32,0.000026625,1201878,600938967,6.000000,336.000000
rust/number_text,500,0,32,0.000011125,2876404,1438202247,0.000000,0.000000
conversion/string_identity,1024,0,32,0.000020000,1600000,1638400000,0.000000,0.000000
conversion/number_text,1024,0,32,0.000020541,1557860,1595248527,0.000000,0.000000
conversion/number_value,1024,0,32,0.000020542,1557784,1595170869,0.000000,0.000000
conversion/string_number,1024,0,32,0.000029250,1094017,1120273504,8.000000,108.000000
conversion/string_object,1024,0,32,0.000031584,1013171,1037487335,12.000000,423.000000
conversion/string_pretty,1024,0,32,0.000052875,605201,619725768,12.000000,453.000000
conversion/concat,1024,0,32,0.000071042,450438,461248276,14.000000,254.000000
conversion/folded,1024,0,32,0.000019042,1680496,1720827644,0.000000,0.000000
conversion/constructor,1024,0,32,0.000094125,339973,348132802,13.000000,564.000000
conversion/chain_direct,1024,0,32,0.000049792,642674,658097686,12.000000,214.000000
conversion/chain_values,1024,0,32,0.000062459,512336,524632159,27.000000,1168.000000
conversion/partial,1024,0,32,0.000062416,512689,524993591,24.000000,1198.000000
conversion/partial_reused,1024,0,32,0.000092542,345789,354087874,31.000000,2180.000000
conversion/sum_direct,1024,0,32,0.000039458,810989,830452633,0.000000,0.000000
conversion/sum_chain,1024,0,32,0.000039250,815287,834853503,0.000000,0.000000
conversion/sum_function,1024,0,32,0.000041666,768012,786444583,4.000000,248.000000
conversion/sum_partial,1024,0,32,0.000043667,732819,750406485,6.000000,336.000000
rust/number_text,1024,0,32,0.000019667,1627091,1666141252,0.000000,0.000000
conversion/string_identity,10240,0,32,0.000171209,186906,1913918077,0.000000,0.000000
conversion/number_text,10240,0,32,0.000171833,186227,1906967812,0.000000,0.000000
conversion/number_value,10240,0,32,0.000171917,186136,1906036052,0.000000,0.000000
conversion/string_number,10240,0,32,0.000180167,177613,1818757042,8.000000,108.000000
conversion/string_object,10240,0,32,0.000183291,174586,1787758264,12.000000,423.000000
conversion/string_pretty,10240,0,32,0.000352666,90737,929151095,12.000000,453.000000
conversion/concat,10240,0,32,0.000518416,61726,632079257,14.000000,254.000000
conversion/folded,10240,0,32,0.000170375,187821,1923286867,0.000000,0.000000
conversion/constructor,10240,0,32,0.000683375,46826,479502469,13.000000,564.000000
conversion/chain_direct,10240,0,32,0.000346667,92308,945229860,12.000000,214.000000
conversion/chain_values,10240,0,32,0.000365792,87481,895809640,27.000000,1168.000000
conversion/partial,10240,0,32,0.000375584,85201,872454631,24.000000,1198.000000
conversion/partial_reused,10240,0,32,0.000534417,59878,613154147,31.000000,2180.000000
conversion/sum_direct,10240,0,32,0.000359125,89105,912439958,0.000000,0.000000
conversion/sum_chain,10240,0,32,0.000336333,95144,974272522,0.000000,0.000000
conversion/sum_function,10240,0,32,0.000338500,94535,968035451,4.000000,248.000000
conversion/sum_partial,10240,0,32,0.000308292,103798,1062888430,6.000000,336.000000
rust/number_text,10240,0,32,0.000157542,203120,2079953282,0.000000,0.000000
conversion/string_identity,1048576,0,32,0.017278708,1852,1941952604,0.000000,0.000000
conversion/number_text,1048576,0,32,0.017220667,1858,1948497814,0.000000,0.000000
conversion/number_value,1048576,0,32,0.017444250,1834,1923523912,0.000000,0.000000
conversion/string_number,1048576,0,32,0.017256541,1854,1944447152,8.000000,108.000000
conversion/string_object,1048576,0,32,0.017255333,1854,1944583278,12.000000,423.000000
conversion/string_pretty,1048576,0,32,0.033973167,942,987674537,12.000000,453.000000
conversion/concat,1048576,0,32,0.050624167,632,662814501,14.000000,254.000000
conversion/folded,1048576,0,32,0.017215875,1859,1949040174,0.000000,0.000000
conversion/constructor,1048576,0,32,0.067407125,475,497787615,13.000000,564.000000
conversion/chain_direct,1048576,0,32,0.033752291,948,994137909,12.000000,214.000000
conversion/chain_values,1048576,0,32,0.034005917,941,986723340,27.000000,1168.000000
conversion/partial,1048576,0,32,0.033854041,945,991149978,24.000000,1198.000000
conversion/partial_reused,1048576,0,32,0.050796542,630,660565280,31.000000,2180.000000
conversion/sum_direct,1048576,0,32,0.033963292,942,987961709,0.000000,0.000000
conversion/sum_chain,1048576,0,32,0.033419958,958,1004023763,0.000000,0.000000
conversion/sum_function,1048576,0,32,0.034019333,941,986334212,4.000000,248.000000
conversion/sum_partial,1048576,0,32,0.034032375,940,985956226,6.000000,336.000000
rust/number_text,1048576,0,32,0.017246417,1855,1945588582,0.000000,0.000000
composition/numeric_pipeline,234,0,32,0.000101250,316049,73955556,14.000000,1304.000000
composition/labels,234,0,32,0.000156375,204636,47884892,46.000000,2393.000000
composition/grouping,234,0,32,0.000111959,285819,66881626,38.000000,1328.000000
composition/static_lookup,234,0,32,0.000113625,281628,65900990,45.000000,2048.000000
composition/direct_fold,74,0,32,0.000017625,1815603,134354610,0.000000,0.000000
composition/chained_fold,74,0,32,0.000017583,1819940,134675539,0.000000,0.000000
composition/numeric_pipeline,3886,0,32,0.001415792,22602,87832111,82.000000,12824.000000
composition/labels,3886,0,32,0.002239916,14286,55516368,418.000000,30445.000000
composition/grouping,3886,0,32,0.001551916,20620,80128048,466.000000,14648.000000
composition/static_lookup,3886,0,32,0.001670125,19160,74456702,589.000000,24008.000000
composition/direct_fold,1180,0,32,0.000263000,121673,143574144,0.000000,0.000000
composition/chained_fold,1180,0,32,0.000264041,121193,143008093,0.000000,0.000000
composition/numeric_pipeline,32606,0,32,0.011066458,2892,94284187,536.000000,98840.000000
composition/labels,32606,0,32,0.017844583,1793,58471078,3116.000000,260337.000000
composition/grouping,32606,0,32,0.012016125,2663,86832652,3608.000000,114104.000000
composition/static_lookup,32606,0,32,0.013176459,2429,79186070,4624.000000,187976.000000
composition/direct_fold,10164,0,32,0.002044250,15654,159103828,0.000000,0.000000
composition/chained_fold,10164,0,32,0.002053250,15585,158406429,0.000000,0.000000
compile/regex,0,0,32,0.000174875,182988,0,86.000000,7488.000000
compile/regex_callback,0,0,32,0.000104500,306220,0,83.000000,6062.000000
matcher/contains,100,0,32,0.000008542,3746195,374619527,3.000000,144.000000
matcher/no_match,100,0,32,0.000009792,3267974,326797386,3.000000,144.000000
matcher/literal_contains,100,0,32,0.000012583,2543114,254311372,5.000000,158.000000
matcher/captures,100,0,32,0.000034375,930909,93090909,30.000000,1368.000000
matcher/replace,100,0,32,0.000019167,1669536,166953618,12.000000,439.000000
matcher/replace_captures,100,0,32,0.000024458,1308365,130836536,16.000000,781.000000
matcher/replace_callback,100,0,32,0.000069791,458512,45851184,57.000000,2825.000000
matcher/split,100,0,32,0.000031750,1007874,100787402,30.000000,1056.000000
matcher/closure,100,0,32,0.000017042,1877714,187771388,10.000000,936.000000
matcher/next,100,0,32,0.000037917,843949,84394862,30.000000,2120.000000
matcher/lookaround,100,0,32,0.000021000,1523810,152380952,23.000000,944.000000
matcher/literal_replace,100,0,32,0.000011416,2803083,280308339,5.000000,191.000000
rust/matcher_contains,100,0,32,0.000003417,9364940,936494001,1.000000,40.000000
matcher/contains,500,0,32,0.000021708,1474111,737055463,3.000000,144.000000
matcher/no_match,500,0,32,0.000023000,1391304,695652174,3.000000,144.000000
matcher/literal_contains,500,0,32,0.000025917,1234711,617355404,5.000000,158.000000
matcher/captures,500,0,32,0.000043417,737038,368519244,30.000000,1368.000000
matcher/replace,500,0,32,0.000032250,992248,496124031,12.000000,439.000000
matcher/replace_captures,500,0,32,0.000036125,885813,442906574,16.000000,781.000000
matcher/replace_callback,500,0,32,0.000082250,389058,194528875,57.000000,2825.000000
matcher/split,500,0,32,0.000045209,707824,353911832,30.000000,1056.000000
matcher/closure,500,0,32,0.000030959,1033625,516812559,10.000000,936.000000
matcher/next,500,0,32,0.000051291,623891,311945565,30.000000,2120.000000
matcher/lookaround,500,0,32,0.000034458,928667,464333391,23.000000,944.000000
matcher/literal_replace,500,0,32,0.000024916,1284315,642157650,5.000000,191.000000
rust/matcher_contains,500,0,32,0.000010250,3121951,1560975610,1.000000,40.000000
matcher/contains,1024,0,32,0.000038708,826702,846543350,3.000000,144.000000
matcher/no_match,1024,0,32,0.000040167,796674,815794060,3.000000,144.000000
matcher/literal_contains,1024,0,32,0.000042875,746356,764268222,5.000000,158.000000
matcher/captures,1024,0,32,0.000060458,529293,541996096,30.000000,1368.000000
matcher/replace,1024,0,32,0.000048917,654169,669869371,12.000000,439.000000
matcher/replace_captures,1024,0,32,0.000053000,603774,618264151,16.000000,781.000000
matcher/replace_callback,1024,0,32,0.000099583,321340,329052147,57.000000,2825.000000
matcher/split,1024,0,32,0.000061917,516821,529224607,30.000000,1056.000000
matcher/closure,1024,0,32,0.000047792,669568,685637764,10.000000,936.000000
matcher/next,1024,0,32,0.000068458,467440,478658448,30.000000,2120.000000
matcher/lookaround,1024,0,32,0.000053333,600004,614403840,23.000000,944.000000
matcher/literal_replace,1024,0,32,0.000042083,760402,778651712,5.000000,191.000000
rust/matcher_contains,1024,0,32,0.000018959,1687853,1728361200,1.000000,40.000000
matcher/contains,10240,0,32,0.000335708,95321,976086361,3.000000,144.000000
matcher/no_match,10240,0,32,0.000337125,94920,971983686,3.000000,144.000000
matcher/literal_contains,10240,0,32,0.000339833,94164,964238317,5.000000,158.000000
matcher/captures,10240,0,32,0.000357666,89469,916162006,30.000000,1368.000000
matcher/replace,10240,0,32,0.000345791,92541,947624432,12.000000,439.000000
matcher/replace_captures,10240,0,32,0.000350000,91429,936228571,16.000000,781.000000
matcher/replace_callback,10240,0,32,0.000397708,80461,823921068,57.000000,2825.000000
matcher/split,10240,0,32,0.000358375,89292,914349494,30.000000,1056.000000
matcher/closure,10240,0,32,0.000348916,91713,939137214,10.000000,936.000000
matcher/next,10240,0,32,0.000365667,87511,896115865,30.000000,2120.000000
matcher/lookaround,10240,0,32,0.000351000,91168,933561254,23.000000,944.000000
matcher/literal_replace,10240,0,32,0.000339250,94326,965895357,5.000000,191.000000
rust/matcher_contains,10240,0,32,0.000170291,187914,1924235573,1.000000,40.000000
matcher/contains,1048576,0,32,0.033993292,941,987089806,3.000000,144.000000
matcher/no_match,1048576,0,32,0.033932625,943,988854591,3.000000,144.000000
matcher/literal_contains,1048576,0,32,0.034020000,941,986314874,5.000000,158.000000
matcher/captures,1048576,0,32,0.033951750,943,988297569,30.000000,1368.000000
matcher/replace,1048576,0,32,0.033968458,942,987811457,12.000000,439.000000
matcher/replace_captures,1048576,0,32,0.033981166,942,987442044,16.000000,781.000000
matcher/replace_callback,1048576,0,32,0.034151209,937,982525450,57.000000,2825.000000
matcher/split,1048576,0,32,0.033948833,943,988382487,30.000000,1056.000000
matcher/closure,1048576,0,32,0.033616709,952,998147439,10.000000,936.000000
matcher/next,1048576,0,32,0.034022000,941,986256893,30.000000,2120.000000
matcher/lookaround,1048576,0,32,0.033966916,942,987856301,23.000000,944.000000
matcher/literal_replace,1048576,0,32,0.033970750,942,987744810,5.000000,191.000000
rust/matcher_contains,1048576,0,32,0.017246917,1855,1945532178,1.000000,40.000000
matcher/long_contains,149,0,32,0.000022000,1454545,216727273,4.000000,304.000000
matcher/long_no_match,149,0,32,0.000020417,1567321,233530881,3.000000,144.000000
matcher/long_replace,149,0,32,0.000034958,915384,136392242,12.000000,1439.000000
matcher/repeated_replace,171,0,32,0.000141375,226348,38705570,142.000000,9210.000000
matcher/limited_captures,171,0,32,0.000052583,608562,104064051,60.000000,2728.000000
matcher/long_contains,4117,0,32,0.000441583,72467,298344819,4.000000,304.000000
matcher/long_no_match,4117,0,32,0.000439583,72796,299702218,3.000000,144.000000
matcher/long_replace,4117,0,32,0.000618791,51714,212905488,12.000000,33183.000000
matcher/repeated_replace,5131,0,32,0.003838042,8338,42780147,4115.000000,288954.000000
matcher/limited_captures,5131,0,32,0.000222167,144036,739047653,60.000000,2728.000000
matcher/long_contains,65557,0,32,0.006930416,4617,302698135,4.000000,304.000000
matcher/long_no_match,65557,0,32,0.006938000,4612,302367253,3.000000,144.000000
matcher/long_replace,65557,0,32,0.009667500,3310,216997569,12.000000,524703.000000
matcher/repeated_replace,81931,0,32,0.057068541,561,45941108,65559.000000,4620474.000000
matcher/limited_captures,81931,0,32,0.002879667,11112,910449715,60.000000,2728.000000
matcher/unicode_contains,139,0,32,0.000020959,1526790,212223866,7.000000,628.000000
matcher/unicode_replace,139,0,32,0.000035166,909970,126485810,17.000000,1330.000000
matcher/unicode_captures,139,0,32,0.000048375,661499,91948320,42.000000,2202.000000
matcher/unicode_zero_limit,139,0,32,0.000010792,2965159,412157153,2.000000,104.000000
matcher/unicode_contains,2059,0,32,0.000173750,184173,379211511,7.000000,7508.000000
matcher/unicode_replace,2059,0,32,0.000245500,130346,268382892,17.000000,16130.000000
matcher/unicode_captures,2059,0,32,0.000202875,157733,324771411,42.000000,9082.000000
matcher/unicode_zero_limit,2059,0,32,0.000109584,292013,601255658,2.000000,104.000000
matcher/unicode_contains,32779,0,32,0.002636083,12139,397911598,7.000000,117588.000000
matcher/unicode_replace,32779,0,32,0.003662125,8738,286426050,17.000000,252930.000000
matcher/unicode_captures,32779,0,32,0.002693000,11883,389501671,42.000000,119162.000000
matcher/unicode_zero_limit,32779,0,32,0.001520709,21043,689762473,2.000000,104.000000
matcher/filtered_sum,206,0,32,0.000096625,331177,68222510,63.000000,3640.000000
matcher/mixed,206,0,32,0.000229250,139586,28754635,130.000000,6836.000000
matcher/grouped,206,0,32,0.000108667,294478,60662391,54.000000,2460.000000
matcher/filtered_sum,3292,0,32,0.001425500,22448,73899684,915.000000,59080.000000
matcher/mixed,3292,0,32,0.003245041,9861,32463072,1882.000000,98336.000000
matcher/grouped,3292,0,32,0.001542416,20747,68298047,722.000000,32760.000000
matcher/filtered_sum,27060,0,32,0.010784875,2967,80290221,7196.000000,473032.000000
matcher/mixed,27060,0,32,0.024592167,1301,35211212,14883.000000,781536.000000
matcher/grouped,27060,0,32,0.012147125,2634,71286004,5656.000000,259000.000000
compile/parent,0,0,32,0.000069500,460432,0,58.000000,4829.000000
compile/transform,0,0,32,0.000064833,493576,0,62.000000,4173.000000
parent/filter,150,0,32,0.000042084,760384,114057599,9.000000,848.000000
parent/nested,150,0,32,0.000051750,618357,92753623,16.000000,1776.000000
parent/sort,150,0,32,0.000038209,837499,125624853,14.000000,1152.000000
parent/constructor,150,0,32,0.000048834,655281,98292173,15.000000,1440.000000
parent/closure,150,0,32,0.000051875,616867,92530120,16.000000,1936.000000
parent/group,150,0,32,0.000046625,686327,102949062,20.000000,2088.000000
parent/tuple,150,0,32,0.000054916,582708,87406220,17.000000,1632.000000
parent/focus_control,150,0,32,0.000051666,619363,92904425,10.000000,1288.000000
transform/clone,150,0,32,0.000033583,952863,142929458,10.000000,1136.000000
transform/update,150,0,32,0.000117917,271377,40706599,57.000000,5444.000000
transform/no_match,150,0,32,0.000059959,533698,80054704,21.000000,1688.000000
transform/update_write,150,0,32,0.000133042,240526,36078832,59.000000,5712.000000
parent/filter,500,0,32,0.000055000,581818,290909091,9.000000,848.000000
parent/nested,500,0,32,0.000063916,500657,250328556,16.000000,1776.000000
parent/sort,500,0,32,0.000050708,631064,315532066,14.000000,1152.000000
parent/constructor,500,0,32,0.000061167,523158,261578956,15.000000,1440.000000
parent/closure,500,0,32,0.000064250,498054,249027237,16.000000,1936.000000
parent/group,500,0,32,0.000058541,546625,273312721,20.000000,2088.000000
parent/tuple,500,0,32,0.000066791,479106,239553233,17.000000,1632.000000
parent/focus_control,500,0,32,0.000064000,500000,250000000,10.000000,1288.000000
transform/clone,500,0,32,0.000045625,701370,350684932,10.000000,1136.000000
transform/update,500,0,32,0.000151166,211688,105843907,57.000000,5444.000000
transform/no_match,500,0,32,0.000079583,402096,201047963,21.000000,1688.000000
transform/update_write,500,0,32,0.000168291,190147,95073415,59.000000,5712.000000
parent/filter,1024,0,32,0.000071292,448858,459630814,9.000000,848.000000
parent/nested,1024,0,32,0.000079291,403577,413262539,16.000000,1776.000000
parent/sort,1024,0,32,0.000067292,475539,486952387,14.000000,1152.000000
parent/constructor,1024,0,32,0.000078250,408946,418760383,15.000000,1440.000000
parent/closure,1024,0,32,0.000081417,393038,402471228,16.000000,1936.000000
parent/group,1024,0,32,0.000075667,422906,433055361,20.000000,2088.000000
parent/tuple,1024,0,32,0.000082959,385733,394990296,17.000000,1632.000000
parent/focus_control,1024,0,32,0.000080625,396899,406424806,10.000000,1288.000000
transform/clone,1024,0,32,0.000062333,513372,525692651,10.000000,1136.000000
transform/update,1024,0,32,0.000175458,182380,186756945,57.000000,5444.000000
transform/no_match,1024,0,32,0.000103291,309804,317239643,21.000000,1688.000000
transform/update_write,1024,0,32,0.000209791,152533,156193545,59.000000,5712.000000
parent/filter,10240,0,32,0.000369458,86613,886920841,9.000000,848.000000
parent/nested,10240,0,32,0.000377667,84731,867642659,16.000000,1776.000000
parent/sort,10240,0,32,0.000365250,87611,897138946,14.000000,1152.000000
parent/constructor,10240,0,32,0.000375167,85295,873424368,15.000000,1440.000000
parent/closure,10240,0,32,0.000378875,84461,864876278,16.000000,1936.000000
parent/group,10240,0,32,0.000379250,84377,864021094,20.000000,2088.000000
parent/tuple,10240,0,32,0.000380709,84054,860709886,17.000000,1632.000000
parent/focus_control,10240,0,32,0.000378125,84628,866591736,10.000000,1288.000000
transform/clone,10240,0,32,0.000368125,86927,890132428,10.000000,1136.000000
transform/update,10240,0,32,0.000764000,41885,428900524,57.000000,5444.000000
transform/no_match,10240,0,32,0.000546250,58581,599871854,21.000000,1688.000000
transform/update_write,10240,0,32,0.001007166,31772,325348552,59.000000,5712.000000
parent/filter,65536,0,32,0.002161500,14805,970229933,9.000000,848.000000
parent/nested,65536,0,32,0.002188542,14622,958241606,16.000000,1776.000000
parent/sort,65536,0,32,0.002153417,14860,973871758,14.000000,1152.000000
parent/constructor,65536,0,32,0.002150167,14883,975343776,15.000000,1440.000000
parent/closure,65536,0,32,0.002085833,15342,1005426609,16.000000,1936.000000
parent/group,65536,0,32,0.002179792,14680,962088126,20.000000,2088.000000
parent/tuple,65536,0,32,0.002167166,14766,967693292,17.000000,1632.000000
parent/focus_control,65536,0,32,0.002172750,14728,965206305,10.000000,1288.000000
transform/clone,65536,0,32,0.002142000,14939,979062558,10.000000,1136.000000
transform/update,65536,0,32,0.004342167,7370,482973594,57.000000,5444.000000
transform/no_match,65536,0,32,0.003234750,9893,648319654,21.000000,1688.000000
transform/update_write,65536,0,32,0.005781250,5535,362750616,59.000000,5712.000000
parent/filter,1048576,0,32,0.033964542,942,987925349,9.000000,848.000000
parent/nested,1048576,0,32,0.034102542,938,983927591,16.000000,1776.000000
parent/sort,1048576,0,32,0.033987542,942,987256801,14.000000,1152.000000
parent/constructor,1048576,0,32,0.033994167,941,987064398,15.000000,1440.000000
parent/closure,1048576,0,32,0.034019083,941,986341460,16.000000,1936.000000
parent/group,1048576,0,32,0.034034125,940,985905529,20.000000,2088.000000
parent/tuple,1048576,0,32,0.034061333,939,985117993,17.000000,1632.000000
parent/focus_control,1048576,0,32,0.034056542,940,985256577,10.000000,1288.000000
transform/clone,1048576,0,32,0.033967791,942,987830854,10.000000,1136.000000
transform/update,1048576,0,32,0.066726417,480,502865784,57.000000,5444.000000
transform/no_match,1048576,0,32,0.050740750,631,661291605,21.000000,1688.000000
transform/update_write,1048576,0,32,0.091265708,351,367656513,59.000000,5712.000000
parent/wide_filter_sum,73,0,32,0.000039291,814436,59453819,9.000000,848.000000
parent/wide_sort,73,0,32,0.000046042,695018,50736284,18.000000,1488.000000
transform/wide_update,73,0,32,0.000080167,399167,29139172,46.000000,4900.000000
transform/wide_write,73,0,32,0.000098667,324323,23675596,54.000000,5800.000000
parent/wide_filter_sum,2048,0,32,0.000887625,36051,73832981,133.000000,13248.000000
parent/wide_sort,2048,0,32,0.001373584,23297,47711680,334.000000,35160.000000
transform/wide_update,2048,0,32,0.001962416,16306,33395570,804.000000,90560.000000
transform/wide_write,2048,0,32,0.002497583,12812,26239769,1060.000000,119360.000000
parent/wide_filter_sum,33180,0,32,0.013831625,2314,76763215,2053.000000,205248.000000
parent/wide_sort,33180,0,32,0.023896583,1339,44431457,5138.000000,557400.000000
transform/wide_update,33180,0,32,0.031797042,1006,33391785,12490.000000,1434376.000000
transform/wide_write,33180,0,32,0.039645041,807,26781660,16586.000000,1895176.000000
consolidation/unplanned_prefix,100,0,32,0.000016042,1994764,199476375,4.000000,192.000000
consolidation/callback_prefix,100,0,32,0.000017208,1859600,185960019,8.000000,464.000000
consolidation/unplanned_prefix,500,0,32,0.000042708,749274,374637070,4.000000,192.000000
consolidation/callback_prefix,500,0,32,0.000037458,854290,427145069,8.000000,464.000000
consolidation/unplanned_prefix,1024,0,32,0.000076334,419210,429271360,4.000000,192.000000
consolidation/callback_prefix,1024,0,32,0.000062833,509287,521509398,8.000000,464.000000
consolidation/unplanned_prefix,10240,0,32,0.000665625,48075,492289202,4.000000,192.000000
consolidation/callback_prefix,10240,0,32,0.000505917,63251,647695175,8.000000,464.000000
consolidation/unplanned_prefix,1048576,0,32,0.067332750,475,498337466,4.000000,192.000000
consolidation/callback_prefix,1048576,0,32,0.050689000,631,661966738,8.000000,464.000000
consolidation/nested_path,43,0,32,0.000005625,5688889,244622222,0.000000,0.000000
consolidation/nested_sum,43,0,32,0.000006542,4891470,210333231,0.000000,0.000000
consolidation/nested_path,871,0,32,0.000120708,265103,230904331,0.000000,0.000000
consolidation/nested_sum,871,0,32,0.000129750,246628,214813102,0.000000,0.000000
consolidation/nested_path,91,0,32,0.000009458,3383379,307887503,0.000000,0.000000
consolidation/nested_sum,91,0,32,0.000010250,3121951,284097561,0.000000,0.000000
consolidation/nested_path,919,0,32,0.000125416,255151,234483638,0.000000,0.000000
consolidation/nested_sum,919,0,32,0.000130709,244819,224988333,0.000000,0.000000
consolidation/nested_path,155,0,32,0.000024042,1331004,206305632,0.000000,0.000000
consolidation/nested_sum,155,0,32,0.000024833,1288608,199734225,0.000000,0.000000
consolidation/nested_path,983,0,32,0.000142458,224628,220808940,0.000000,0.000000
consolidation/nested_sum,983,0,32,0.000145833,219429,215698779,0.000000,0.000000
consolidation/sort_path,426,0,32,0.000113041,283083,120593413,9.000000,968.000000
consolidation/sort_scalar,426,0,32,0.000134875,237257,101071362,9.000000,968.000000
consolidation/sort_tuple,426,0,32,0.000124334,257371,109640163,28.000000,2816.000000
consolidation/callback_projection,426,0,32,0.000089833,356217,151748244,7.000000,584.000000
consolidation/transient_capture,426,0,32,0.000130500,245211,104459770,17.000000,1736.000000
consolidation/distinct_groups,426,0,32,0.000103584,308928,131603336,5.000000,1464.000000
consolidation/sort_path,7254,0,32,0.001781875,17959,130271764,13.000000,14408.000000
consolidation/sort_scalar,7254,0,32,0.002332417,13720,99522512,13.000000,14408.000000
consolidation/sort_tuple,7254,0,32,0.002106208,15193,110211337,272.000000,39296.000000
consolidation/callback_projection,7254,0,32,0.001343709,23815,172751690,11.000000,6344.000000
consolidation/transient_capture,7254,0,32,0.001959167,16333,118483008,141.000000,19016.000000
consolidation/distinct_groups,7254,0,32,0.001875250,17064,123785095,13.000000,51472.000000
consolidation/sort_path,61112,0,32,0.015091375,2120,129582891,16.000000,114760.000000
consolidation/sort_scalar,61112,0,32,0.019557458,1636,99991727,16.000000,114760.000000
consolidation/sort_tuple,61112,0,32,0.018567125,1723,105325084,2067.000000,311680.000000
consolidation/callback_projection,61112,0,32,0.010758917,2974,181764020,14.000000,49352.000000
consolidation/transient_capture,61112,0,32,0.015386125,2080,127100488,1040.000000,148040.000000
consolidation/distinct_groups,61112,0,32,0.014597291,2192,133968967,19.000000,427816.000000
regions/map,47,0,32,0.000015500,2064516,97032258,6.000000,392.000000
regions/nested_map,47,0,32,0.000015709,2037049,95741295,6.000000,392.000000
regions/indexed,47,0,32,0.000015917,2010429,94490168,6.000000,392.000000
regions/reduce,47,0,32,0.000015375,2081301,97821138,4.000000,248.000000
regions/filtered_sum,47,0,32,0.000006042,5296260,248924197,0.000000,0.000000
regions/object,47,0,32,0.000016750,1910448,89791045,8.000000,576.000000
regions/sort,47,0,32,0.000011042,2898026,136207209,2.000000,192.000000
regions/groups,47,0,32,0.000024458,1308365,61493172,6.000000,203.000000
regions/map,306,0,32,0.000076959,415806,127236581,7.000000,584.000000
regions/nested_map,306,0,32,0.000079459,402723,123233366,7.000000,584.000000
regions/indexed,306,0,32,0.000081750,391437,119779817,7.000000,584.000000
regions/reduce,306,0,32,0.000076250,419672,128419672,4.000000,248.000000
regions/filtered_sum,306,0,32,0.000043042,743460,227498722,0.000000,0.000000
regions/object,306,0,32,0.000089833,356217,109002260,23.000000,2056.000000
regions/sort,306,0,32,0.000113000,283186,86654867,9.000000,968.000000
regions/groups,306,0,32,0.000182750,175103,53581395,38.000000,1936.000000
regions/map,5042,0,32,0.001130041,28318,142777120,11.000000,6344.000000
regions/nested_map,5042,0,32,0.001138958,28096,141659306,11.000000,6344.000000
regions/indexed,5042,0,32,0.001194750,26784,135044151,11.000000,6344.000000
regions/reduce,5042,0,32,0.001155500,27694,139631328,4.000000,248.000000
regions/filtered_sum,5042,0,32,0.000686083,46642,235166882,0.000000,0.000000
regions/object,5042,0,32,0.001342292,23840,120200374,267.000000,29896.000000
regions/sort,5042,0,32,0.001758208,18200,91766162,13.000000,14408.000000
regions/groups,5042,0,32,0.002623250,12199,61505385,540.000000,20256.000000
regions/map,41828,0,32,0.008808458,3633,151955768,14.000000,49352.000000
regions/nested_map,41828,0,32,0.008993917,3558,148822365,14.000000,49352.000000
regions/indexed,41828,0,32,0.009253042,3458,144654698,14.000000,49352.000000
regions/reduce,41828,0,32,0.009136792,3502,146495181,4.000000,248.000000
regions/filtered_sum,41828,0,32,0.005512416,5805,242814766,0.000000,0.000000
regions/object,41828,0,32,0.010595250,3020,126329818,2062.000000,237768.000000
regions/sort,41828,0,32,0.014153708,2261,94568575,16.000000,114760.000000
regions/groups,41828,0,32,0.020223792,1582,66184225,4017.000000,154528.000000
regions/sparse_callback,100,0,32,0.000010542,3035477,303547714,3.000000,184.000000
regions/wide_members,100,0,32,0.000007875,4063492,406349206,2.000000,424.000000
regions/reusable_members,100,0,32,0.000006083,5260562,526056222,2.000000,136.000000
regions/sparse_callback,500,0,32,0.000023708,1349755,674877678,3.000000,184.000000
regions/wide_members,500,0,32,0.000014667,2181769,1090884298,2.000000,424.000000
regions/reusable_members,500,0,32,0.000012834,2493377,1246688484,2.000000,136.000000
regions/sparse_callback,1024,0,32,0.000040959,781269,800019532,3.000000,184.000000
regions/wide_members,1024,0,32,0.000023500,1361702,1394382979,2.000000,424.000000
regions/reusable_members,1024,0,32,0.000021625,1479769,1515283237,2.000000,136.000000
regions/sparse_callback,10240,0,32,0.000337667,94768,970423524,3.000000,184.000000
regions/wide_members,10240,0,32,0.000178917,178854,1831463751,2.000000,424.000000
regions/reusable_members,10240,0,32,0.000172709,185283,1897295451,2.000000,136.000000
regions/sparse_callback,1048576,0,32,0.033980916,942,987449308,3.000000,184.000000
regions/wide_members,1048576,0,32,0.017298625,1850,1939716712,2.000000,424.000000
regions/reusable_members,1048576,0,32,0.017247000,1855,1945522816,2.000000,136.000000
acquisition/call_one,100,0,32,0.000008875,3605634,360563380,3.000000,184.000000
acquisition/call_three,100,0,32,0.000011750,2723404,272340426,3.000000,184.000000
acquisition/call_six,100,0,32,0.000015875,2015748,201574803,4.000000,328.000000
acquisition/call_nested,100,0,32,0.000008834,3622368,362236812,3.000000,184.000000
acquisition/call_repeated,100,0,32,0.000008333,3840154,384015361,3.000000,184.000000
acquisition/call_one,500,0,32,0.000014125,2265487,1132743363,3.000000,184.000000
acquisition/call_three,500,0,32,0.000016166,1979463,989731535,3.000000,184.000000
acquisition/call_six,500,0,32,0.000023500,1361702,680851064,4.000000,328.000000
acquisition/call_nested,500,0,32,0.000016333,1959224,979611829,3.000000,184.000000
acquisition/call_repeated,500,0,32,0.000015459,2069992,1034995795,3.000000,184.000000
acquisition/call_one,1024,0,32,0.000022792,1404001,1437697438,3.000000,184.000000
acquisition/call_three,1024,0,32,0.000025084,1275714,1306330729,3.000000,184.000000
acquisition/call_six,1024,0,32,0.000029333,1090921,1117103603,4.000000,328.000000
acquisition/call_nested,1024,0,32,0.000025000,1280000,1310720000,3.000000,184.000000
acquisition/call_repeated,1024,0,32,0.000024500,1306122,1337469388,3.000000,184.000000
acquisition/call_one,10240,0,32,0.000176958,180834,1851738831,3.000000,184.000000
acquisition/call_three,10240,0,32,0.000176042,181775,1861373990,3.000000,184.000000
acquisition/call_six,10240,0,32,0.000180500,177285,1815401662,4.000000,328.000000
acquisition/call_nested,10240,0,32,0.000175708,182120,1864912241,3.000000,184.000000
acquisition/call_repeated,10240,0,32,0.000175250,182596,1869786020,3.000000,184.000000
acquisition/call_one,1048576,0,32,0.017267459,1853,1943217702,3.000000,184.000000
acquisition/call_three,1048576,0,32,0.017333000,1846,1935869844,3.000000,184.000000
acquisition/call_six,1048576,0,32,0.017019875,1880,1971485219,4.000000,328.000000
acquisition/call_nested,1048576,0,32,0.017292875,1850,1940361681,3.000000,184.000000
acquisition/call_repeated,1048576,0,32,0.017289833,1851,1940703071,3.000000,184.000000
acquisition/lookup_1_short_raw,500,0,32,0.000009875,3240506,1620253165,0.000000,0.000000
acquisition/lookup_1_short_escaped,500,0,32,0.000010458,3059858,1529929241,0.000000,0.000000
acquisition/lookup_1_short_varying,500,0,32,0.000009917,3226782,1613391147,0.000000,0.000000
acquisition/lookup_1_ascii_raw,500,0,32,0.000009875,3240506,1620253165,0.000000,0.000000
acquisition/lookup_1_ascii_escaped,500,0,32,0.000012333,2594665,1297332360,0.000000,0.000000
acquisition/lookup_1_ascii_varying,500,0,32,0.000010000,3200000,1600000000,0.000000,0.000000
acquisition/lookup_1_unicode_raw,500,0,32,0.000010459,3059566,1529782962,0.000000,0.000000
acquisition/lookup_1_unicode_escaped,500,0,32,0.000011209,2854849,1427424391,0.000000,0.000000
acquisition/lookup_1_unicode_varying,500,0,32,0.000010416,3072197,1536098310,0.000000,0.000000
acquisition/lookup_4_short_raw,500,0,32,0.000010542,3035477,1517738570,0.000000,0.000000
acquisition/lookup_4_short_escaped,500,0,32,0.000011458,2792809,1396404259,0.000000,0.000000
acquisition/lookup_4_short_varying,500,0,32,0.000010542,3035477,1517738570,0.000000,0.000000
acquisition/lookup_4_ascii_raw,500,0,32,0.000012541,2551631,1275815326,0.000000,0.000000
acquisition/lookup_4_ascii_escaped,500,0,32,0.000016208,1974334,987166831,0.000000,0.000000
acquisition/lookup_4_ascii_varying,500,0,32,0.000012666,2526449,1263224380,0.000000,0.000000
acquisition/lookup_4_unicode_raw,500,0,32,0.000011542,2772483,1386241553,0.000000,0.000000
acquisition/lookup_4_unicode_escaped,500,0,32,0.000012917,2477355,1238677712,0.000000,0.000000
acquisition/lookup_4_unicode_varying,500,0,32,0.000011584,2762431,1381215470,0.000000,0.000000
acquisition/lookup_32_short_raw,500,0,32,0.000010666,3000188,1500093756,0.000000,0.000000
acquisition/lookup_32_short_escaped,500,0,32,0.000011500,2782609,1391304348,0.000000,0.000000
acquisition/lookup_32_short_varying,500,0,32,0.000010792,2965159,1482579689,0.000000,0.000000
acquisition/lookup_32_ascii_raw,500,0,32,0.000012708,2518099,1259049418,0.000000,0.000000
acquisition/lookup_32_ascii_escaped,500,0,32,0.000016291,1964275,982137376,0.000000,0.000000
acquisition/lookup_32_ascii_varying,500,0,32,0.000012791,2501759,1250879525,0.000000,0.000000
acquisition/lookup_32_unicode_raw,500,0,32,0.000011833,2704302,1352150765,0.000000,0.000000
acquisition/lookup_32_unicode_escaped,500,0,32,0.000012958,2469517,1234758450,0.000000,0.000000
acquisition/lookup_32_unicode_varying,500,0,32,0.000011709,2732940,1366470237,0.000000,0.000000
acquisition/lookup_128_short_raw,500,0,32,0.000010708,2988420,1494209936,0.000000,0.000000
acquisition/lookup_128_short_escaped,500,0,32,0.000011750,2723404,1361702128,0.000000,0.000000
acquisition/lookup_128_short_varying,500,0,32,0.000010791,2965434,1482717079,0.000000,0.000000
acquisition/lookup_128_ascii_raw,500,0,32,0.000012750,2509804,1254901961,0.000000,0.000000
acquisition/lookup_128_ascii_escaped,500,0,32,0.000016333,1959224,979611829,0.000000,0.000000
acquisition/lookup_128_ascii_varying,500,0,32,0.000013708,2334403,1167201634,0.000000,0.000000
acquisition/lookup_128_unicode_raw,500,0,32,0.000012292,2603319,1301659616,0.000000,0.000000
acquisition/lookup_128_unicode_escaped,500,0,32,0.000013208,2422774,1211387038,0.000000,0.000000
acquisition/lookup_128_unicode_varying,500,0,32,0.000012958,2469517,1234758450,0.000000,0.000000
acquisition/lookup_4096_short_raw,500,0,32,0.000011000,2909091,1454545455,0.000000,0.000000
acquisition/lookup_4096_short_escaped,500,0,32,0.000011958,2676033,1338016391,0.000000,0.000000
acquisition/lookup_4096_short_varying,500,0,32,0.000011208,2855103,1427551749,0.000000,0.000000
acquisition/lookup_4096_ascii_raw,500,0,32,0.000013000,2461538,1230769231,0.000000,0.000000
acquisition/lookup_4096_ascii_escaped,500,0,32,0.000016625,1924812,962406015,0.000000,0.000000
acquisition/lookup_4096_ascii_varying,500,0,32,0.000013375,2392523,1196261682,0.000000,0.000000
acquisition/lookup_repeated,500,0,32,0.000022125,1446328,723163842,0.000000,0.000000
acquisition/lookup_mixed,500,0,32,0.000020791,1539128,769563754,2.000000,136.000000
acquisition/lookup_4096_unicode_raw,500,0,32,0.000012167,2630065,1315032465,0.000000,0.000000
acquisition/lookup_4096_unicode_escaped,500,0,32,0.000013042,2453611,1226805705,0.000000,0.000000
acquisition/lookup_4096_unicode_varying,500,0,32,0.000012291,2603531,1301765519,0.000000,0.000000
acquisition/lookup_8192_short_raw,500,0,32,0.000011000,2909091,1454545455,0.000000,0.000000
acquisition/lookup_8192_short_escaped,500,0,32,0.000012209,2621017,1310508641,0.000000,0.000000
acquisition/lookup_8192_short_varying,500,0,32,0.000011458,2792809,1396404259,0.000000,0.000000
acquisition/lookup_8192_ascii_raw,500,0,32,0.000013333,2400060,1200030001,0.000000,0.000000
acquisition/lookup_8192_ascii_escaped,500,0,32,0.000016666,1920077,960038402,0.000000,0.000000
acquisition/lookup_8192_ascii_varying,500,0,32,0.000013750,2327273,1163636364,0.000000,0.000000
acquisition/lookup_8192_unicode_raw,500,0,32,0.000012250,2612245,1306122449,0.000000,0.000000
acquisition/lookup_8192_unicode_escaped,500,0,32,0.000013375,2392523,1196261682,0.000000,0.000000
acquisition/lookup_8192_unicode_varying,500,0,32,0.000012542,2551427,1275713602,0.000000,0.000000
acquisition/lookup_32768_short_raw,500,0,32,0.000011208,2855103,1427551749,0.000000,0.000000
acquisition/lookup_32768_short_escaped,500,0,32,0.000012291,2603531,1301765519,0.000000,0.000000
acquisition/lookup_32768_short_varying,500,0,32,0.000012208,2621232,1310615990,0.000000,0.000000
acquisition/lookup_32768_ascii_raw,500,0,32,0.000013334,2399880,1199940003,0.000000,0.000000
acquisition/lookup_32768_ascii_escaped,500,0,32,0.000017041,1877824,938912036,0.000000,0.000000
acquisition/lookup_32768_ascii_varying,500,0,32,0.000014250,2245614,1122807018,0.000000,0.000000
acquisition/lookup_32768_unicode_raw,500,0,32,0.000012792,2501563,1250781739,0.000000,0.000000
acquisition/lookup_32768_unicode_escaped,500,0,32,0.000014417,2219602,1109800929,0.000000,0.000000
acquisition/lookup_32768_unicode_varying,500,0,32,0.000013334,2399880,1199940003,0.000000,0.000000
acquisition/string_borrowed,100,0,32,0.000003041,10522854,1052285432,0.000000,0.000000
acquisition/string_compare,100,0,32,0.000006208,5154639,515463918,0.000000,0.000000
acquisition/string_unicode_compare,100,0,32,0.000009083,3523065,352306507,0.000000,0.000000
acquisition/string_concat,100,0,32,0.000010000,3200000,320000000,2.000000,45.000000
acquisition/string_owned_compare,100,0,32,0.000011959,2675809,267580901,2.000000,45.000000
acquisition/string_construct,100,0,32,0.000023500,1361702,136170213,9.000000,417.000000
acquisition/string_callback,100,0,32,0.000024417,1310562,131056231,14.000000,945.000000
acquisition/string_borrowed,500,0,32,0.000009875,3240506,1620253165,0.000000,0.000000
acquisition/string_compare,500,0,32,0.000019625,1630573,815286624,0.000000,0.000000
acquisition/string_unicode_compare,500,0,32,0.000029459,1086255,543127737,0.000000,0.000000
acquisition/string_concat,500,0,32,0.000030042,1065175,532587711,2.000000,45.000000
acquisition/string_owned_compare,500,0,32,0.000032083,997413,498706480,2.000000,45.000000
acquisition/string_construct,500,0,32,0.000056542,565951,282975487,9.000000,417.000000
acquisition/string_callback,500,0,32,0.000044542,718423,359211531,14.000000,945.000000
acquisition/string_borrowed,10240,0,32,0.000169792,188466,1929890690,0.000000,0.000000
acquisition/string_compare,10240,0,32,0.000336250,95167,974513011,0.000000,0.000000
acquisition/string_unicode_compare,10240,0,32,0.000497750,64289,658322451,0.000000,0.000000
acquisition/string_concat,10240,0,32,0.000519750,61568,630456950,2.000000,45.000000
acquisition/string_owned_compare,10240,0,32,0.000500667,63915,654486914,2.000000,45.000000
acquisition/string_construct,10240,0,32,0.000838750,38152,390676602,9.000000,417.000000
acquisition/string_callback,10240,0,32,0.000520083,61529,630053280,14.000000,945.000000
string storage control: shared 16 B, inline 24 B, current Value 24 B
rust/string_shared,12,0,32,0.000001167,27420737,329048843,2.000000,46.000000
rust/string_stack,12,0,32,0.000001000,32000000,384000000,1.000000,32.000000
rust/string_inline,12,0,32,0.000000333,96096096,1153153153,0.000000,0.000000
rust/string_shared,22,0,32,0.000001042,30710173,675623800,2.000000,64.000000
rust/string_stack,22,0,32,0.000000875,36571429,804571429,1.000000,40.000000
rust/string_inline,22,0,32,0.000001042,30710173,675623800,2.000000,64.000000
rust/string_shared,62,0,32,0.000001000,32000000,1984000000,2.000000,144.000000
rust/string_stack,62,0,32,0.000000750,42666667,2645333333,1.000000,80.000000
rust/string_inline,62,0,32,0.000001042,30710173,1904030710,2.000000,144.000000
rust/string_shared,63,0,32,0.000001417,22582922,1422724065,2.000000,153.000000
rust/string_stack,63,0,32,0.000001458,21947874,1382716049,2.000000,153.000000
rust/string_inline,63,0,32,0.000001500,21333333,1344000000,2.000000,153.000000
rust/string_shared,128,0,32,0.000001291,24786987,3172734314,2.000000,282.000000
rust/string_stack,128,0,32,0.000001292,24767802,3170278638,2.000000,282.000000
rust/string_inline,128,0,32,0.000001292,24767802,3170278638,2.000000,282.000000
just build
cargo build --workspace --release --locked
   Compiling jx-cli v0.1.0 (/Users/josh/Documents/Workspace/jo-cube/jx/crates/jx-cli)
    Finished `release` profile [optimized] target(s) in 5.86s
