cargo fmt --all -- --check
just clippy
cargo clippy --workspace --all-targets --locked -- -D warnings
    Checking jx v0.1.0 (/Users/josh/Documents/Workspace/jo-cube/jx/crates/jx)
    Checking jx-cli v0.1.0 (/Users/josh/Documents/Workspace/jo-cube/jx/crates/jx-cli)
    Finished `dev` profile [unoptimized + debuginfo] target(s) in 3.71s
just test
cargo test --workspace --locked
   Compiling jx-cli v0.1.0 (/Users/josh/Documents/Workspace/jo-cube/jx/crates/jx-cli)
   Compiling jx v0.1.0 (/Users/josh/Documents/Workspace/jo-cube/jx/crates/jx)
    Finished `test` profile [unoptimized + debuginfo] target(s) in 5.73s
     Running unittests src/lib.rs (target/debug/deps/jx-5c39ac25acc6c2b5)

running 6 tests
test json::string::tests::size_hints_bound_remaining_units ... ok
test plan::tests::whole_regions_lower ... ok
test plan::tests::nested_demands_preserve_replacement_and_array_fallback ... ok
test plan::tests::plan_and_tree_agree_on_values_and_exact_errors ... ok
test plan::tests::fixed_objects_lookup_and_capture_match_the_tree ... ok
test plan::tests::branches_and_folds_match_the_tree ... ok

test result: ok. 6 passed; 0 failed; 0 ignored; 0 measured; 0 filtered out; finished in 2.13s

     Running tests/aggregates.rs (target/debug/deps/aggregates-876a2f81d671fe60)

running 5 tests
test aggregate_arguments_finish_before_type_or_arity_checks ... ok
test validation_cancellation_and_mapped_aggregate_errors ... ok
test aggregates_preserve_ieee_values_and_signed_zero ... ok
test aggregate_calls_keep_syntax_and_depth_limits_explicit ... ok
test aggregate_semantics ... ok

test result: ok. 5 passed; 0 failed; 0 ignored; 0 measured; 0 filtered out; finished in 0.00s

     Running tests/builtins.rs (target/debug/deps/builtins-0fb36744982705d7)

running 5 tests
test missing_matchers_and_host_exceptions_are_explicit ... ok
test validation_and_argument_errors_precede_callback_execution ... ok
test builtin_retention_keeps_input_borrowing_and_evaluates_arguments_once ... ok
test computed_strings_preserve_json_encoding_and_surrogate_units ... ok
test builtin_semantics ... ok

test result: ok. 5 passed; 0 failed; 0 ignored; 0 measured; 0 filtered out; finished in 0.01s

     Running tests/compiler.rs (target/debug/deps/compiler-8e8e49522c4bfe91)

running 4 tests
test constant_errors_remain_runtime_errors_after_validation ... ok
test static_lookup_still_validates_and_normalizes_its_key ... ok
test constant_construction_keeps_identity_and_shape ... ok
test lookup_shapes_keys_and_calls ... ok

test result: ok. 4 passed; 0 failed; 0 ignored; 0 measured; 0 filtered out; finished in 0.00s

     Running tests/composition.rs (target/debug/deps/composition-d495a756fa864021)

running 7 tests
test validation_and_error_order_are_preserved ... ok
test jsonata_stringification_is_distinct_from_output_serialization ... ok
test concatenation_preserves_escape_and_surrogate_boundaries ... ok
test string_identity_and_partial_arguments_keep_borrowing ... ok
test composed_calls_keep_resource_limits_and_record_isolation ... ok
test direct_path_conversion_matches_dynamic_calls ... ok
test conversion_and_composition_semantics ... ok

test result: ok. 7 passed; 0 failed; 0 ignored; 0 measured; 0 filtered out; finished in 0.01s

     Running tests/conformance.rs (target/debug/deps/conformance-40cddbe4d9d4427d)

running 1 test
test pinned_upstream_groups_have_explicit_expected_outcomes ... ok

test result: ok. 1 passed; 0 failed; 0 ignored; 0 measured; 0 filtered out; finished in 2.18s

     Running tests/constructors.rs (target/debug/deps/constructors-a6f64bd373536e55)

running 9 tests
test object_construction_does_not_mutate_empty_input_arrays ... ok
test implicit_string_iteration_after_constructor_collapse_is_explicitly_deferred ... ok
test null_collapse_reports_a_type_error_instead_of_a_host_exception ... ok
test serialization_keeps_unicode_units_and_arbitrary_json_keys ... ok
test containers_own_structure_and_retain_borrowed_members ... ok
test construction_preserves_internal_numbers_and_undefined ... ok
test construction_validates_before_output_and_cancels_between_containers ... ok
test constructor_syntax_and_depth_are_bounded ... ok
test constructor_semantics ... ok

test result: ok. 9 passed; 0 failed; 0 ignored; 0 measured; 0 filtered out; finished in 0.01s

     Running tests/execution.rs (target/debug/deps/execution-54f3e2427d52e331)

running 7 tests
test planned_regions_do_not_round_borrowed_output ... ok
test numeric_regions_keep_validation_and_error_precedence ... ok
test numeric_regions_accept_constructed_and_retained_contexts ... ok
test numeric_regions_compose_with_contexts_and_retention ... ok
test numeric_regions_preserve_missing_shape_and_record_isolation ... ok
test branches_fixed_objects_and_streamed_folds_compose ... ok
test numeric_regions_preserve_ordering_and_stream_cancellation ... ok

test result: ok. 7 passed; 0 failed; 0 ignored; 0 measured; 0 filtered out; finished in 0.00s

     Running tests/filters.rs (target/debug/deps/filters-498acedc1ac69cf4)

running 5 tests
test undefined_sequence_items_remain_distinct_from_null ... ok
test filtered_values_borrow_input_and_cancellation_stops_predicates ... ok
test upstream_stage_errors_take_precedence_over_later_stage_errors ... ok
test filter_semantics ... ok
test filters_have_bounded_depth_and_keep_deferred_syntax_explicit ... ok

test result: ok. 5 passed; 0 failed; 0 ignored; 0 measured; 0 filtered out; finished in 0.01s

     Running tests/formatting.rs (target/debug/deps/formatting-6654bbe0f9cbe392)

running 2 tests
test pictures_do_not_change_validation_or_argument_order ... ok
test numeric_and_date_picture_semantics ... ok

test result: ok. 2 passed; 0 failed; 0 ignored; 0 measured; 0 filtered out; finished in 0.02s

     Running tests/functions.rs (target/debug/deps/functions-a6515a4057481d3f)

running 1 test
test function_runtime_semantics ... ok

test result: ok. 1 passed; 0 failed; 0 ignored; 0 measured; 0 filtered out; finished in 0.03s

     Running tests/helpers.rs (target/debug/deps/helpers-b3aa71aefe3628d9)

running 4 tests
test user_messages_and_comment_errors_are_explicit ... ok
test helpers_preserve_borrowing_and_validation ... ok
test predicates_after_grouping_require_a_path_or_boundary ... ok
test everyday_helper_semantics ... ok

test result: ok. 4 passed; 0 failed; 0 ignored; 0 measured; 0 filtered out; finished in 0.01s

     Running tests/json_validation.rs (target/debug/deps/json_validation-e44178e449dfbb4d)

running 6 tests
test invalid_json_syntax ... ok
test valid_json_syntax_and_utf8 ... ok
test rejects_invalid_utf8_anywhere_even_in_unselected_fields ... ok
test deterministic_mutations_agree_with_serde_on_common_json_domain ... ok
test depth_limit_and_large_shallow_records ... ok
test planned_capture_preserves_complete_validation_and_exact_diagnostics ... ok

test result: ok. 6 passed; 0 failed; 0 ignored; 0 measured; 0 filtered out; finished in 0.05s

     Running tests/lexical.rs (target/debug/deps/lexical-bf2c9cff37c9ff52)

running 8 tests
test recursion_accounts_for_large_function_bodies ... ok
test retained_bindings_preserve_input_borrowing ... ok
test deferred_features_and_constructor_binding_races_are_explicit ... ok
test retained_output_obeys_consumer_cancellation ... ok
test function_results_are_opaque_and_not_json ... ok
test recursion_is_bounded_and_an_error_does_not_poison_reuse ... ok
test evaluations_isolate_scope_and_validate_before_execution ... ok
test lexical_semantics ... ok

test result: ok. 8 passed; 0 failed; 0 ignored; 0 measured; 0 filtered out; finished in 0.01s

     Running tests/matchers.rs (target/debug/deps/matchers-60a40e786f2b8fa2)

running 5 tests
test complete_validation_precedes_matcher_execution ... ok
test legacy_case_folding_and_native_coercion_are_explicitly_deferred ... ok
test borrowing_and_continuation_retention ... ok
test independent_evaluations_and_cloned_expressions_have_fresh_cursors ... ok
test matcher_semantics ... ok

test result: ok. 5 passed; 0 failed; 0 ignored; 0 measured; 0 filtered out; finished in 0.01s

     Running tests/navigation.rs (target/debug/deps/navigation-30d994a8a828e57f)

running 4 tests
test range_limits_and_deferred_tuple_navigation_are_explicit ... ok
test nested_fallbacks_compile_without_expanding_the_left_tree ... ok
test validation_borrowing_and_cancellation ... ok
test navigation_semantics ... ok

test result: ok. 4 passed; 0 failed; 0 ignored; 0 measured; 0 filtered out; finished in 0.01s

     Running tests/scalars.rs (target/debug/deps/scalars-3f00191b04973a56)

running 7 tests
test expression_whitespace_matches_the_language_tokenizer ... ok
test computed_scalars_and_literal_strings_need_no_owned_output ... ok
test operator_errors_have_expression_offsets_after_complete_validation ... ok
test duplicate_keys_unicode_and_binary64_boundaries ... ok
test compile_errors_and_expression_depth_are_bounded ... ok
test scalar_operators_and_sequence_operands ... ok
test structural_equality_and_boolean_casting_respect_input_depth_limits ... ok

test result: ok. 7 passed; 0 failed; 0 ignored; 0 measured; 0 filtered out; finished in 0.01s

     Running tests/semantics.rs (target/debug/deps/semantics-0a24414442d3f99b)

running 8 tests
test serialization_propagates_consumer_failure ... ok
test unsupported_semantics_fail_explicitly ... ok
test compact_serialization_preserves_string_and_number_bytes ... ok
test results_borrow_input_not_the_expression ... ok
test validate_before_returning_a_selected_value_or_semantic_error ... ok
test object_paths_missing_and_raw_values ... ok
test field_names_compare_decoded_escapes ... ok
test compile_once_reuse_across_records_and_threads ... ok

test result: ok. 8 passed; 0 failed; 0 ignored; 0 measured; 0 filtered out; finished in 0.00s

     Running tests/sequences.rs (target/debug/deps/sequences-807fc37769f900a3)

running 6 tests
test streamed_values_borrow_their_original_ranges ... ok
test fully_validate_before_emitting_any_sequence_item ... ok
test cancellation_preserves_the_consumer_error_and_stops_emission ... ok
test duplicate_keys_and_escaped_names_inside_arrays ... ok
test array_navigation_and_sequence_boundaries ... ok
test traversal_is_bounded_by_validated_input_depth_not_array_width ... ok

test result: ok. 6 passed; 0 failed; 0 ignored; 0 measured; 0 filtered out; finished in 0.03s

     Running tests/structure.rs (target/debug/deps/structure-b0a5f5f7d788211d)

running 8 tests
test undeducible_parents_fail_without_recursive_analysis ... ok
test transform_alias_boundaries_are_explicit ... ok
test clone_conversion_preserves_utf16_and_checks_all_numeric_leaves ... ok
test unsupported_non_json_transform_edges_are_explicit ... ok
test validation_cancellation_and_record_isolation ... ok
test clones_and_updates_keep_unrelated_leaves_borrowed ... ok
test resolved_parent_paths_count_toward_the_function_stack_budget ... ok
test parent_and_transform_semantics ... ok

test result: ok. 8 passed; 0 failed; 0 ignored; 0 measured; 0 filtered out; finished in 0.02s

     Running tests/tuples.rs (target/debug/deps/tuples-4c0d4251563b57c3)

running 5 tests
test an_empty_scoped_group_constructs_an_empty_object ... ok
test cancellation_stops_scoped_stages_before_later_errors ... ok
test invalid_bindings_and_parent_navigation_remain_explicit ... ok
test scoped_paths_validate_before_output_and_borrow_selected_values ... ok
test scoped_path_semantics ... ok

test result: ok. 5 passed; 0 failed; 0 ignored; 0 measured; 0 filtered out; finished in 0.01s

     Running unittests src/main.rs (target/debug/deps/jx-b40571f2d4c0a842)

running 3 tests
test stream::tests::oversized_unterminated_record_stays_bounded ... ok
test stream::tests::output_failure_stops_before_consuming_the_next_record ... ok
test stream::tests::framing_is_independent_of_buffer_boundaries ... ok

test result: ok. 3 passed; 0 failed; 0 ignored; 0 measured; 0 filtered out; finished in 0.00s

     Running tests/cli.rs (target/debug/deps/cli-cb8ecef0d5e941bc)

running 20 tests
test everyday_helpers_and_user_errors_stream_records ... ok
test formatting_is_compiled_once_and_streams_records ... ok
test errors_have_distinct_exit_codes_and_record_context ... ok
test filters_frame_values_and_report_streamed_errors ... ok
test aggregates_distinguish_missing_empty_and_failed_records ... ok
test invalid_record_never_emits_a_partial_sequence ... ok
test lexical_runtime_is_fresh_for_each_record ... ok
test builtins_frame_sequences_and_escape_computed_strings ... ok
test ndjson_missing_null_arrays_and_final_unterminated_record ... ok
test conversion_and_chaining_preserve_ndjson_boundaries ... ok
test kept_sequences_and_reductions_preserve_record_framing ... ok
test help_empty_input_options_and_invalid_utf8 ... ok
test matcher_results_keep_ndjson_framing_and_record_isolation ... ok
test streams_multiple_files_and_stdin_in_order ... ok
test exact_record_limit_including_cr_but_excluding_lf ... ok
test scoped_paths_reset_bindings_and_preserve_sequence_framing ... ok
test constructors_frame_complete_outputs_and_mapped_failures ... ok
test parent_navigation_and_transforms_preserve_record_boundaries ... ok
test sequences_are_separate_lines_and_raw_arrays_stay_values ... ok
test scalar_results_and_runtime_errors_are_framed_per_record ... ok

test result: ok. 20 passed; 0 failed; 0 ignored; 0 measured; 0 filtered out; finished in 0.56s

   Doc-tests jx

running 1 test
test crates/jx/src/lib.rs - (line 4) ... ok

test result: ok. 1 passed; 0 failed; 0 ignored; 0 measured; 0 filtered out; finished in 0.01s

all doctests ran in 2.52s; merged doctests compilation took 2.00s
cargo bench -p jx --bench throughput --locked -- --smoke
   Compiling jx v0.1.0 (/Users/josh/Documents/Workspace/jo-cube/jx/crates/jx)
    Finished `bench` profile [optimized] target(s) in 14.53s
     Running benches/throughput.rs (target/release/deps/throughput-1b5b3923bf796647)
workload,input_bytes,sample,records,seconds,records_per_second,input_bytes_per_second,allocations_per_record,allocated_bytes_per_record
compile,0,0,32,0.000025750,1242718,0,8.000000,618.000000
ascii/validate,100,0,32,0.000006958,4599023,459902271,0.000000,0.000000
ascii/identity,100,0,32,0.000008667,3692166,369216569,0.000000,0.000000
ascii/shallow,100,0,32,0.000008292,3859141,385914134,0.000000,0.000000
ascii/nested,100,0,32,0.000008583,3728300,372830013,0.000000,0.000000
ascii/missing,100,0,32,0.000008000,4000000,400000000,0.000000,0.000000
ascii/array_value,100,0,32,0.000008167,3918207,391820742,0.000000,0.000000
ascii/identity_write,100,0,32,0.000012292,2603319,260331923,0.000000,0.000000
ascii/validate,500,0,32,0.000021958,1457328,728663813,0.000000,0.000000
ascii/identity,500,0,32,0.000022500,1422222,711111111,0.000000,0.000000
ascii/shallow,500,0,32,0.000022916,1396404,698202130,0.000000,0.000000
ascii/nested,500,0,32,0.000023125,1383784,691891892,0.000000,0.000000
ascii/missing,500,0,32,0.000022541,1419635,709817666,0.000000,0.000000
ascii/array_value,500,0,32,0.000022791,1404063,702031504,0.000000,0.000000
ascii/identity_write,500,0,32,0.000047250,677249,338624339,0.000000,0.000000
ascii/validate,1024,0,32,0.000039833,803354,822634499,0.000000,0.000000
ascii/identity,1024,0,32,0.000040125,797508,816647975,0.000000,0.000000
ascii/shallow,1024,0,32,0.000041083,778911,797604849,0.000000,0.000000
ascii/nested,1024,0,32,0.000041667,767994,786425709,0.000000,0.000000
ascii/missing,1024,0,32,0.000040791,784487,803314457,0.000000,0.000000
ascii/array_value,1024,0,32,0.000041709,767221,785633796,0.000000,0.000000
ascii/identity_write,1024,0,32,0.000091500,349727,358120219,0.000000,0.000000
ascii/validate,10240,0,32,0.000312041,102551,1050118414,0.000000,0.000000
ascii/identity,10240,0,32,0.000322000,99379,1017639752,0.000000,0.000000
ascii/shallow,10240,0,32,0.000316833,101000,1034235701,0.000000,0.000000
ascii/nested,10240,0,32,0.000316166,101213,1036417578,0.000000,0.000000
ascii/missing,10240,0,32,0.000277417,115350,1181182119,0.000000,0.000000
ascii/array_value,10240,0,32,0.000283083,113041,1157540368,0.000000,0.000000
ascii/identity_write,10240,0,32,0.001058750,30224,309497048,0.000000,0.000000
ascii/validate,65536,0,32,0.002388417,13398,878051027,0.000000,0.000000
ascii/identity,65536,0,32,0.002033959,15733,1031068965,0.000000,0.000000
ascii/shallow,65536,0,32,0.001834125,17447,1143407347,0.000000,0.000000
ascii/nested,65536,0,32,0.001670917,19151,1255090468,0.000000,0.000000
ascii/missing,65536,0,32,0.001515709,21112,1383611234,0.000000,0.000000
ascii/array_value,65536,0,32,0.001424583,22463,1472116402,0.000000,0.000000
ascii/identity_write,65536,0,32,0.003088708,10360,678973862,0.000000,0.000000
ascii/validate,1048576,0,32,0.017329583,1847,1936251553,0.000000,0.000000
ascii/identity,1048576,0,32,0.017227708,1857,1947701459,0.000000,0.000000
ascii/shallow,1048576,0,32,0.017334666,1846,1935683791,0.000000,0.000000
ascii/nested,1048576,0,32,0.017202125,1860,1950598080,0.000000,0.000000
ascii/missing,1048576,0,32,0.017342958,1845,1934758304,0.000000,0.000000
ascii/array_value,1048576,0,32,0.017246791,1855,1945546392,0.000000,0.000000
ascii/identity_write,1048576,0,32,0.040935375,782,819692796,0.000000,0.000000
structured/validate,485,0,32,0.000015208,2104156,1020515518,0.000000,0.000000
structured/identity,485,0,32,0.000015291,2092734,1014976130,0.000000,0.000000
structured/shallow,485,0,32,0.000015542,2058937,998584481,0.000000,0.000000
structured/nested,485,0,32,0.000016042,1994764,967460416,0.000000,0.000000
structured/missing,485,0,32,0.000015916,2010555,975119377,0.000000,0.000000
structured/array_value,485,0,32,0.000015959,2005138,972492011,0.000000,0.000000
structured/identity_write,485,0,32,0.000025166,1271557,616705078,0.000000,0.000000
unicode_escaped_keys/validate,960,0,32,0.000027708,1154901,1108705067,0.000000,0.000000
unicode_escaped_keys/identity,960,0,32,0.000027875,1147982,1102062780,0.000000,0.000000
unicode_escaped_keys/shallow,960,0,32,0.000028458,1124464,1079485558,0.000000,0.000000
unicode_escaped_keys/nested,960,0,32,0.000028542,1121155,1076308598,0.000000,0.000000
unicode_escaped_keys/missing,960,0,32,0.000028167,1136081,1090637981,0.000000,0.000000
unicode_escaped_keys/array_value,960,0,32,0.000028417,1126086,1081043038,0.000000,0.000000
unicode_escaped_keys/identity_write,960,0,32,0.000050166,637882,612366942,0.000000,0.000000
array/shallow,78,0,32,0.000007375,4338983,338440678,0.000000,0.000000
array/nested,78,0,32,0.000008083,3958926,308796239,0.000000,0.000000
array/flatten,78,0,32,0.000007333,4363835,340379108,0.000000,0.000000
array/missing,78,0,32,0.000007167,4464909,348262871,0.000000,0.000000
array/root,67,0,32,0.000006917,4626283,309960966,0.000000,0.000000
array/cancel_first,78,0,32,0.000007375,4338983,338440678,0.000000,0.000000
array/shallow,540,0,32,0.000052458,610012,329406382,0.000000,0.000000
array/nested,540,0,32,0.000059083,541611,292469915,0.000000,0.000000
array/flatten,540,0,32,0.000057625,555315,299869848,0.000000,0.000000
array/missing,540,0,32,0.000050250,636816,343880597,0.000000,0.000000
array/root,529,0,32,0.000051708,618860,327376808,0.000000,0.000000
array/cancel_first,540,0,32,0.000025375,1261084,680985222,0.000000,0.000000
array/shallow,1074,0,32,0.000105750,302600,324992908,0.000000,0.000000
array/nested,1074,0,32,0.000119000,268908,288806723,0.000000,0.000000
array/flatten,1074,0,32,0.000117750,271762,291872611,0.000000,0.000000
array/missing,1074,0,32,0.000102625,311815,334889160,0.000000,0.000000
array/root,1063,0,32,0.000105292,303917,323063481,0.000000,0.000000
array/cancel_first,1074,0,32,0.000041834,764928,821532725,0.000000,0.000000
array/shallow,8606,0,32,0.000804917,39756,342137140,0.000000,0.000000
array/nested,8606,0,32,0.000957416,33423,287640900,0.000000,0.000000
array/flatten,8606,0,32,0.000915667,34947,300755624,0.000000,0.000000
array/missing,8606,0,32,0.000795167,40243,346332280,0.000000,0.000000
array/root,8595,0,32,0.000813666,39328,338025676,0.000000,0.000000
array/cancel_first,8606,0,32,0.000254750,125613,1081028459,0.000000,0.000000
array/shallow,69558,0,32,0.006538417,4894,340427354,0.000000,0.000000
array/nested,69558,0,32,0.007391292,4329,301145727,0.000000,0.000000
array/flatten,69558,0,32,0.007122125,4493,312526949,0.000000,0.000000
array/missing,69558,0,32,0.006079375,5264,366132374,0.000000,0.000000
array/root,69547,0,32,0.006363625,5029,349722682,0.000000,0.000000
array/cancel_first,69558,0,32,0.001935292,16535,1150139617,0.000000,0.000000
array/shallow,1135782,0,32,0.104026959,308,349380818,0.000000,0.000000
array/nested,1135782,0,32,0.115943583,276,313471630,0.000000,0.000000
array/flatten,1135782,0,32,0.112681167,284,322547458,0.000000,0.000000
array/missing,1135782,0,32,0.098800083,324,367864306,0.000000,0.000000
array/root,1135771,0,32,0.101108125,316,359463416,0.000000,0.000000
array/cancel_first,1135782,0,32,0.030320792,1055,1198683201,0.000000,0.000000
array/nested_contexts,972,0,32,0.000207250,154403,150079614,0.000000,0.000000
array/sparse,785,0,32,0.000145417,220057,172744590,0.000000,0.000000
array/deep,136,0,32,0.000435375,73500,9995980,0.000000,0.000000
array/empty,2,0,32,0.000000583,54888508,109777015,0.000000,0.000000
array/singleton,12,0,32,0.000002541,12593467,151121606,0.000000,0.000000
array/nested_values,31,0,32,0.000007000,4571429,141714286,0.000000,0.000000
compile/scalar,0,0,32,0.000069167,462648,0,72.000000,4134.000000
scalar/literal,100,0,32,0.000002958,10818120,1081812035,0.000000,0.000000
scalar/arithmetic,100,0,32,0.000010208,3134796,313479624,0.000000,0.000000
scalar/nested,100,0,32,0.000010792,2965159,296515938,0.000000,0.000000
scalar/comparison,100,0,32,0.000009959,3213174,321317401,0.000000,0.000000
scalar/strings,100,0,32,0.000006916,4626952,462695200,0.000000,0.000000
scalar/boolean,100,0,32,0.000010542,3035477,303547714,0.000000,0.000000
scalar/missing,100,0,32,0.000010042,3186616,318661621,0.000000,0.000000
scalar/short_circuit,100,0,32,0.000003208,9975062,997506234,0.000000,0.000000
scalar/mixed,100,0,32,0.000007875,4063492,406349206,0.000000,0.000000
scalar/write,100,0,32,0.000011166,2865843,286584274,0.000000,0.000000
scalar/literal,500,0,32,0.000009667,3310231,1655115341,0.000000,0.000000
scalar/arithmetic,500,0,32,0.000030417,1052043,526021633,0.000000,0.000000
scalar/nested,500,0,32,0.000030625,1044898,522448980,0.000000,0.000000
scalar/comparison,500,0,32,0.000029917,1069626,534812983,0.000000,0.000000
scalar/strings,500,0,32,0.000020333,1573796,786898146,0.000000,0.000000
scalar/boolean,500,0,32,0.000030292,1056385,528192262,0.000000,0.000000
scalar/missing,500,0,32,0.000029958,1068162,534081047,0.000000,0.000000
scalar/short_circuit,500,0,32,0.000009917,3226782,1613391147,0.000000,0.000000
scalar/mixed,500,0,32,0.000014875,2151261,1075630252,0.000000,0.000000
scalar/write,500,0,32,0.000031166,1026760,513379965,0.000000,0.000000
scalar/literal,1024,0,32,0.000018333,1745486,1787377952,0.000000,0.000000
scalar/arithmetic,1024,0,32,0.000055583,575716,589532771,0.000000,0.000000
scalar/nested,1024,0,32,0.000055875,572707,586451902,0.000000,0.000000
scalar/comparison,1024,0,32,0.000055125,580499,594430839,0.000000,0.000000
scalar/strings,1024,0,32,0.000037292,858093,878687118,0.000000,0.000000
scalar/boolean,1024,0,32,0.000055500,576577,590414414,0.000000,0.000000
scalar/missing,1024,0,32,0.000055166,580067,593989051,0.000000,0.000000
scalar/short_circuit,1024,0,32,0.000018416,1737619,1779322328,0.000000,0.000000
scalar/mixed,1024,0,32,0.000023041,1388829,1422160497,0.000000,0.000000
scalar/write,1024,0,32,0.000056375,567627,581250554,0.000000,0.000000
scalar/literal,10240,0,32,0.000169458,188837,1933694485,0.000000,0.000000
scalar/arithmetic,10240,0,32,0.000498708,64166,657057837,0.000000,0.000000
scalar/nested,10240,0,32,0.000504708,63403,649246693,0.000000,0.000000
scalar/comparison,10240,0,32,0.000516750,61925,634117078,0.000000,0.000000
scalar/strings,10240,0,32,0.000334333,95713,980100678,0.000000,0.000000
scalar/boolean,10240,0,32,0.000505375,63319,648389810,0.000000,0.000000
scalar/missing,10240,0,32,0.000500833,63894,654269986,0.000000,0.000000
scalar/short_circuit,10240,0,32,0.000169666,188606,1931323895,0.000000,0.000000
scalar/mixed,10240,0,32,0.000174250,183644,1880516499,0.000000,0.000000
scalar/write,10240,0,32,0.000499583,64053,655907026,0.000000,0.000000
scalar/literal,65536,0,32,0.001075666,29749,1949631205,0.000000,0.000000
scalar/arithmetic,65536,0,32,0.003170917,10092,661370827,0.000000,0.000000
scalar/nested,65536,0,32,0.003154584,10144,664795105,0.000000,0.000000
scalar/comparison,65536,0,32,0.003163167,10116,662991236,0.000000,0.000000
scalar/strings,65536,0,32,0.002141583,14942,979253197,0.000000,0.000000
scalar/boolean,65536,0,32,0.003083875,10377,680037939,0.000000,0.000000
scalar/missing,65536,0,32,0.003207000,9978,653929529,0.000000,0.000000
scalar/short_circuit,65536,0,32,0.001077292,29704,1946688549,0.000000,0.000000
scalar/mixed,65536,0,32,0.001083000,29548,1936428440,0.000000,0.000000
scalar/write,65536,0,32,0.003319458,9640,631775428,0.000000,0.000000
scalar/literal,1048576,0,32,0.017249000,1855,1945297235,0.000000,0.000000
scalar/arithmetic,1048576,0,32,0.050610500,632,662993489,0.000000,0.000000
scalar/nested,1048576,0,32,0.050549667,633,663791356,0.000000,0.000000
scalar/comparison,1048576,0,32,0.050745875,631,661224819,0.000000,0.000000
scalar/strings,1048576,0,32,0.033934875,943,988789026,0.000000,0.000000
scalar/boolean,1048576,0,32,0.050614875,632,662936182,0.000000,0.000000
scalar/missing,1048576,0,32,0.050681500,631,662064698,0.000000,0.000000
scalar/short_circuit,1048576,0,32,0.017198584,1861,1950999687,0.000000,0.000000
scalar/mixed,1048576,0,32,0.017366959,1843,1932084483,0.000000,0.000000
scalar/write,1048576,0,32,0.050614709,632,662938357,0.000000,0.000000
scalar/sequence_boolean,330,0,32,0.000055792,573559,189274448,0.000000,0.000000
scalar/sequence_array_equality,330,0,32,0.000079416,402941,132970686,0.000000,0.000000
scalar/sequence_equality,330,0,32,0.000101791,314370,103741981,3.000000,672.000000
scalar/array_equality,330,0,32,0.000118208,270709,89334055,16.000000,3264.000000
scalar/singleton,15,0,32,0.000004041,7918832,118782480,0.000000,0.000000
scalar/sequence_type_error,330,0,32,0.000034542,926408,305714782,0.000000,0.000000
scalar/object_equality,125,0,32,0.000045625,701370,87671233,3.000000,1396.000000
scalar/object_equality,2389,0,32,0.000764833,41839,99953846,7.000000,24948.000000
scalar/escaped_strings,26,0,32,0.000002916,10973937,285322359,0.000000,0.000000
compile/filter,0,0,32,0.000039125,817891,0,34.000000,2149.000000
filter/predicate,100,0,32,0.000015542,2058937,205893707,0.000000,0.000000
filter/none,100,0,32,0.000013291,2407644,240764427,0.000000,0.000000
filter/first,100,0,32,0.000010583,3023717,302371728,0.000000,0.000000
filter/last,100,0,32,0.000012209,2621017,262101728,0.000000,0.000000
filter/computed_last,100,0,32,0.000013583,2355886,235588603,0.000000,0.000000
filter/chained,100,0,32,0.000020583,1554681,155468105,0.000000,0.000000
filter/predicate,500,0,32,0.000028958,1105049,552524346,0.000000,0.000000
filter/none,500,0,32,0.000026875,1190698,595348837,0.000000,0.000000
filter/first,500,0,32,0.000024125,1326425,663212435,0.000000,0.000000
filter/last,500,0,32,0.000025875,1236715,618357488,0.000000,0.000000
filter/computed_last,500,0,32,0.000027083,1181553,590776502,0.000000,0.000000
filter/chained,500,0,32,0.000034166,936604,468301821,0.000000,0.000000
filter/predicate,1024,0,32,0.000045834,698172,714927783,0.000000,0.000000
filter/none,1024,0,32,0.000043583,734231,751852787,0.000000,0.000000
filter/first,1024,0,32,0.000040958,781288,800039064,0.000000,0.000000
filter/last,1024,0,32,0.000042667,749994,767994000,0.000000,0.000000
filter/computed_last,1024,0,32,0.000044291,722494,739834278,0.000000,0.000000
filter/chained,1024,0,32,0.000050917,628474,643557162,0.000000,0.000000
filter/predicate,10240,0,32,0.000345834,92530,947506607,0.000000,0.000000
filter/none,10240,0,32,0.000343583,93136,953714241,0.000000,0.000000
filter/first,10240,0,32,0.000338333,94581,968513269,0.000000,0.000000
filter/last,10240,0,32,0.000342792,93351,955914957,0.000000,0.000000
filter/computed_last,10240,0,32,0.000341584,93681,959295517,0.000000,0.000000
filter/chained,10240,0,32,0.000350958,91179,933672975,0.000000,0.000000
filter/predicate,65536,0,32,0.002133000,15002,983193624,0.000000,0.000000
filter/none,65536,0,32,0.001990083,16080,1053801274,0.000000,0.000000
filter/first,65536,0,32,0.002106166,15193,995720185,0.000000,0.000000
filter/last,65536,0,32,0.002120458,15091,989008978,0.000000,0.000000
filter/computed_last,65536,0,32,0.002130667,15019,984270184,0.000000,0.000000
filter/chained,65536,0,32,0.002141125,14945,979462666,0.000000,0.000000
filter/predicate,1048576,0,32,0.034002042,941,986835791,0.000000,0.000000
filter/none,1048576,0,32,0.033956416,942,988161766,0.000000,0.000000
filter/first,1048576,0,32,0.033813791,946,992329786,0.000000,0.000000
filter/last,1048576,0,32,0.034023125,941,986224281,0.000000,0.000000
filter/computed_last,1048576,0,32,0.033972833,942,987684248,0.000000,0.000000
filter/chained,1048576,0,32,0.033999709,941,986903506,0.000000,0.000000
filter/wide_predicate,164,0,32,0.000048833,655295,107468310,0.000000,0.000000
filter/wide_last,164,0,32,0.000027417,1167159,191414086,0.000000,0.000000
filter/sequence_last,164,0,32,0.000052792,606152,99409001,0.000000,0.000000
filter/wide_predicate,2736,0,32,0.000767542,41692,114068025,0.000000,0.000000
filter/wide_last,2736,0,32,0.000375833,85144,232954530,0.000000,0.000000
filter/sequence_last,2736,0,32,0.000720250,44429,121557792,0.000000,0.000000
filter/wide_predicate,23392,0,32,0.006353584,5037,117814449,0.000000,0.000000
filter/wide_last,23392,0,32,0.003015208,10613,248256173,0.000000,0.000000
filter/sequence_last,23392,0,32,0.005667958,5646,132065905,0.000000,0.000000
filter/nested,892,0,32,0.000443292,72187,64390966,0.000000,0.000000
filter/per_group,892,0,32,0.000319667,100104,89292920,0.000000,0.000000
filter/global,892,0,32,0.000209292,152896,136383617,0.000000,0.000000
filter/deep,136,0,32,0.000437250,73185,9953116,0.000000,0.000000
filter/negative_chain,20,0,32,0.000308166,103840,2076803,0.000000,0.000000
compile/aggregate,0,0,32,0.000052208,612933,0,48.000000,3425.000000
aggregate/count,100,0,32,0.000008625,3710145,371014493,0.000000,0.000000
aggregate/sum,100,0,32,0.000009084,3522677,352267723,0.000000,0.000000
aggregate/min,100,0,32,0.000009125,3506849,350684932,0.000000,0.000000
aggregate/max,100,0,32,0.000009000,3555556,355555556,0.000000,0.000000
aggregate/filtered_count,100,0,32,0.000005875,5446809,544680851,0.000000,0.000000
aggregate/filtered_sum,100,0,32,0.000005917,5408146,540814602,0.000000,0.000000
aggregate/empty_sum,100,0,32,0.000005750,5565217,556521739,0.000000,0.000000
aggregate/count,500,0,32,0.000022042,1451774,725886943,0.000000,0.000000
aggregate/sum,500,0,32,0.000022583,1416995,708497542,0.000000,0.000000
aggregate/min,500,0,32,0.000022916,1396404,698202130,0.000000,0.000000
aggregate/max,500,0,32,0.000022917,1396343,698171663,0.000000,0.000000
aggregate/filtered_count,500,0,32,0.000012750,2509804,1254901961,0.000000,0.000000
aggregate/filtered_sum,500,0,32,0.000012875,2485437,1242718447,0.000000,0.000000
aggregate/empty_sum,500,0,32,0.000013250,2415094,1207547170,0.000000,0.000000
aggregate/count,1024,0,32,0.000039625,807571,826952681,0.000000,0.000000
aggregate/sum,1024,0,32,0.000040000,800000,819200000,0.000000,0.000000
aggregate/min,1024,0,32,0.000040084,798324,817483285,0.000000,0.000000
aggregate/max,1024,0,32,0.000040000,800000,819200000,0.000000,0.000000
aggregate/filtered_count,1024,0,32,0.000021541,1485539,1521192145,0.000000,0.000000
aggregate/filtered_sum,1024,0,32,0.000021250,1505882,1542023529,0.000000,0.000000
aggregate/empty_sum,1024,0,32,0.000021166,1511859,1548143249,0.000000,0.000000
aggregate/count,10240,0,32,0.000336167,95191,974753619,0.000000,0.000000
aggregate/sum,10240,0,32,0.000339000,94395,966607670,0.000000,0.000000
aggregate/min,10240,0,32,0.000336459,95108,973907668,0.000000,0.000000
aggregate/max,10240,0,32,0.000339083,94372,966371065,0.000000,0.000000
aggregate/filtered_count,10240,0,32,0.000172417,185597,1900508651,0.000000,0.000000
aggregate/filtered_sum,10240,0,32,0.000172459,185551,1900045808,0.000000,0.000000
aggregate/empty_sum,10240,0,32,0.000172208,185822,1902815200,0.000000,0.000000
aggregate/count,65536,0,32,0.002121708,15082,988426306,0.000000,0.000000
aggregate/sum,65536,0,32,0.002134500,14992,982502694,0.000000,0.000000
aggregate/min,65536,0,32,0.002119584,15097,989416791,0.000000,0.000000
aggregate/max,65536,0,32,0.002138791,14962,980531525,0.000000,0.000000
aggregate/filtered_count,65536,0,32,0.001077292,29704,1946688549,0.000000,0.000000
aggregate/filtered_sum,65536,0,32,0.001080167,29625,1941507193,0.000000,0.000000
aggregate/empty_sum,65536,0,32,0.001077042,29711,1947140409,0.000000,0.000000
aggregate/count,1048576,0,32,0.033941000,943,988610589,0.000000,0.000000
aggregate/sum,1048576,0,32,0.033473208,956,1002426538,0.000000,0.000000
aggregate/min,1048576,0,32,0.033984792,942,987336689,0.000000,0.000000
aggregate/max,1048576,0,32,0.033903791,944,989695577,0.000000,0.000000
aggregate/filtered_count,1048576,0,32,0.017227417,1858,1947734359,0.000000,0.000000
aggregate/filtered_sum,1048576,0,32,0.017246250,1855,1945607422,0.000000,0.000000
aggregate/empty_sum,1048576,0,32,0.017268458,1853,1943105285,0.000000,0.000000
aggregate/array_count,23,0,32,0.000006000,5333333,122666667,0.000000,0.000000
aggregate/array_sum,23,0,32,0.000007208,4439512,102108768,0.000000,0.000000
aggregate/array_min,23,0,32,0.000007541,4243469,97599788,0.000000,0.000000
aggregate/array_max,23,0,32,0.000007500,4266667,98133333,0.000000,0.000000
aggregate/sequence_sum,23,0,32,0.000014250,2245614,51649123,0.000000,0.000000
aggregate/computed_sum,23,0,32,0.000010042,3186616,73292173,0.000000,0.000000
aggregate/wide_filtered_sum,23,0,32,0.000024042,1331004,30613094,0.000000,0.000000
aggregate/array_count,409,0,32,0.000071791,445738,182306974,0.000000,0.000000
aggregate/array_sum,409,0,32,0.000093333,342858,140229072,0.000000,0.000000
aggregate/array_min,409,0,32,0.000094792,337581,138070723,0.000000,0.000000
aggregate/array_max,409,0,32,0.000094709,337877,138191724,0.000000,0.000000
aggregate/sequence_sum,409,0,32,0.000191834,166811,68225653,0.000000,0.000000
aggregate/computed_sum,409,0,32,0.000142625,224365,91765118,0.000000,0.000000
aggregate/wide_filtered_sum,409,0,32,0.000342125,93533,38255024,0.000000,0.000000
aggregate/array_count,4017,0,32,0.000640417,49967,200719219,0.000000,0.000000
aggregate/array_sum,4017,0,32,0.000787083,40656,163316956,0.000000,0.000000
aggregate/array_min,4017,0,32,0.000800875,39956,160504448,0.000000,0.000000
aggregate/array_max,4017,0,32,0.000814750,39276,157771095,0.000000,0.000000
aggregate/sequence_sum,4017,0,32,0.001426917,22426,90085128,0.000000,0.000000
aggregate/computed_sum,4017,0,32,0.001105542,28945,116272380,0.000000,0.000000
aggregate/wide_filtered_sum,4017,0,32,0.002946916,10859,43619839,0.000000,0.000000
aggregate/array_count,87201,0,32,0.010011125,3196,278733109,0.000000,0.000000
aggregate/array_sum,87201,0,32,0.013062042,2450,213629079,0.000000,0.000000
aggregate/array_min,87201,0,32,0.012355125,2590,225852187,0.000000,0.000000
aggregate/array_max,87201,0,32,0.012411291,2578,224830116,0.000000,0.000000
aggregate/sequence_sum,87201,0,32,0.023135750,1383,120611262,0.000000,0.000000
aggregate/computed_sum,87201,0,32,0.018176708,1760,153516907,0.000000,0.000000
aggregate/wide_filtered_sum,87201,0,32,0.049573584,646,56288688,0.000000,0.000000
aggregate/nested_sum,1036,0,32,0.000254167,125901,130433927,0.000000,0.000000
aggregate/nested_filtered_sum,1036,0,32,0.000464833,68842,71320238,0.000000,0.000000
aggregate/nested_filtered_count,1036,0,32,0.000460916,69427,71926338,0.000000,0.000000
aggregate/nested_sum,16396,0,32,0.003996542,8007,131281493,0.000000,0.000000
aggregate/nested_filtered_sum,16396,0,32,0.007344625,4357,71436186,0.000000,0.000000
aggregate/nested_filtered_count,16396,0,32,0.007179667,4457,73077484,0.000000,0.000000
aggregate/nested_sum,1048588,0,32,0.252680083,127,132795651,0.000000,0.000000
aggregate/nested_filtered_sum,1048588,0,32,0.462559083,69,72541687,0.000000,0.000000
aggregate/nested_filtered_count,1048588,0,32,0.456654875,70,73479597,0.000000,0.000000
aggregate/deep_sum,136,0,32,0.000433208,73868,10045983,0.000000,0.000000
aggregate/deep_filtered_sum,136,0,32,0.000441083,72549,9866624,0.000000,0.000000
compile/constructor,0,0,32,0.000102375,312576,0,84.000000,6697.000000
construct/raw_member,100,0,32,0.000005958,5370930,537092984,3.000000,168.000000
construct/raw_member_write,100,0,32,0.000008292,3859141,385914134,3.000000,168.000000
construct/scalars,100,0,32,0.000016542,1934470,193446983,3.000000,552.000000
construct/filtered_summary,100,0,32,0.000030875,1036437,103643725,5.000000,368.000000
construct/nested,100,0,32,0.000049959,640525,64052523,15.000000,1352.000000
construct/navigate,100,0,32,0.000017666,1811389,181138911,3.000000,168.000000
construct/raw_member,500,0,32,0.000012917,2477355,1238677712,3.000000,168.000000
construct/raw_member_write,500,0,32,0.000024417,1310562,655281157,3.000000,168.000000
construct/scalars,500,0,32,0.000037125,861953,430976431,3.000000,552.000000
construct/filtered_summary,500,0,32,0.000050666,631587,315793629,5.000000,368.000000
construct/nested,500,0,32,0.000077209,414459,207229727,15.000000,1352.000000
construct/navigate,500,0,32,0.000031208,1025378,512689054,3.000000,168.000000
construct/raw_member,1024,0,32,0.000021583,1482648,1518231942,3.000000,168.000000
construct/raw_member_write,1024,0,32,0.000044625,717087,734296919,3.000000,168.000000
construct/scalars,1024,0,32,0.000062250,514056,526393574,3.000000,552.000000
construct/filtered_summary,1024,0,32,0.000076416,418760,428810720,5.000000,368.000000
construct/nested,1024,0,32,0.000110792,288830,295761427,15.000000,1352.000000
construct/navigate,1024,0,32,0.000047917,667821,683849156,3.000000,168.000000
construct/raw_member,10240,0,32,0.000172875,185105,1895473608,3.000000,168.000000
construct/raw_member_write,10240,0,32,0.000400125,79975,818944080,3.000000,168.000000
construct/scalars,10240,0,32,0.000505708,63278,647962856,3.000000,552.000000
construct/filtered_summary,10240,0,32,0.000519292,61622,631012995,5.000000,368.000000
construct/nested,10240,0,32,0.000700042,45712,468086201,15.000000,1352.000000
construct/navigate,10240,0,32,0.000345792,92541,947621692,3.000000,168.000000
construct/raw_member,65536,0,32,0.001077834,29689,1945709636,3.000000,168.000000
construct/raw_member_write,65536,0,32,0.002561583,12492,818693753,3.000000,168.000000
construct/scalars,65536,0,32,0.003163250,10116,662973840,3.000000,552.000000
construct/filtered_summary,65536,0,32,0.003203250,9990,654695075,5.000000,368.000000
construct/nested,65536,0,32,0.004275875,7484,490461484,15.000000,1352.000000
construct/navigate,65536,0,32,0.002141792,14941,979157640,3.000000,168.000000
construct/raw_member,1048576,0,32,0.017302833,1849,1939244978,3.000000,168.000000
construct/raw_member_write,1048576,0,32,0.041062750,779,817150142,3.000000,168.000000
construct/scalars,1048576,0,32,0.050753209,631,661129270,3.000000,552.000000
construct/filtered_summary,1048576,0,32,0.050757417,630,661074459,5.000000,368.000000
construct/nested,1048576,0,32,0.067464125,474,497367038,15.000000,1352.000000
construct/navigate,1048576,0,32,0.033989583,941,987197519,3.000000,168.000000
construct/mapped_objects,262,0,32,0.000076250,419672,109954098,12.000000,1184.000000
construct/collected_objects,262,0,32,0.000078083,409820,107372924,15.000000,1352.000000
construct/collected_write,262,0,32,0.000085333,375001,98250384,15.000000,1352.000000
construct/filtered_aggregate,262,0,32,0.000090375,354080,92769018,3.000000,296.000000
construct/mapped_objects,4334,0,32,0.001176500,27199,117881853,192.000000,18944.000000
construct/collected_objects,4334,0,32,0.001158542,27621,119709083,199.000000,21992.000000
construct/collected_write,4334,0,32,0.001284375,24915,107980925,199.000000,21992.000000
construct/filtered_aggregate,4334,0,32,0.001264750,25301,109656454,3.000000,296.000000
construct/mapped_objects,36190,0,32,0.008917166,3589,129870858,1536.000000,151552.000000
construct/collected_objects,36190,0,32,0.008998542,3556,128696404,1546.000000,176104.000000
construct/collected_write,36190,0,32,0.009874500,3241,117279862,1546.000000,176104.000000
construct/filtered_aggregate,36190,0,32,0.009647750,3317,120036278,3.000000,296.000000
construct/mapped_objects,624958,0,32,0.145495583,220,137451980,24576.000000,2424832.000000
construct/collected_objects,624958,0,32,0.145318875,220,137619122,24590.000000,2818024.000000
construct/collected_write,624958,0,32,0.159577625,201,125322432,24590.000000,2818024.000000
construct/filtered_aggregate,624958,0,32,0.157582875,203,126908815,3.000000,296.000000
construct/nested_summary,1036,0,32,0.000883500,36220,37523486,3.000000,296.000000
construct/nested_summary,16396,0,32,0.013737834,2329,38191756,3.000000,296.000000
construct/nested_summary,1048588,0,32,0.878611875,36,38190715,3.000000,296.000000
compile/lexical,0,0,32,0.000054958,582263,0,40.000000,3064.000000
lexical/lookup,100,0,32,0.000011708,2733174,273317390,5.000000,520.000000
lexical/repeated_binding,100,0,32,0.000013625,2348624,234862385,5.000000,520.000000
lexical/retained_sequence,100,0,32,0.000018958,1687942,168794177,7.000000,664.000000
lexical/closure_call,100,0,32,0.000021000,1523810,152380952,7.000000,744.000000
lexical/escaped_closure,100,0,32,0.000024834,1288556,128855601,9.000000,968.000000
lexical/mixed,100,0,32,0.000042334,755894,75589361,13.000000,1456.000000
lexical/lookup,500,0,32,0.000024708,1295127,647563542,5.000000,520.000000
lexical/repeated_binding,500,0,32,0.000030459,1050593,525296300,5.000000,520.000000
lexical/retained_sequence,500,0,32,0.000032542,983345,491672300,7.000000,664.000000
lexical/closure_call,500,0,32,0.000041333,774200,387099896,7.000000,744.000000
lexical/escaped_closure,500,0,32,0.000044583,717762,358881188,9.000000,968.000000
lexical/mixed,500,0,32,0.000066333,482414,241207242,13.000000,1456.000000
lexical/lookup,1024,0,32,0.000042042,761144,779411065,5.000000,520.000000
lexical/repeated_binding,1024,0,32,0.000044250,723164,740519774,5.000000,520.000000
lexical/retained_sequence,1024,0,32,0.000049333,648653,664220704,7.000000,664.000000
lexical/closure_call,1024,0,32,0.000066167,483625,495231762,7.000000,744.000000
lexical/escaped_closure,1024,0,32,0.000070167,456055,467000157,9.000000,968.000000
lexical/mixed,1024,0,32,0.000087833,364328,373071625,13.000000,1456.000000
lexical/lookup,10240,0,32,0.000338583,94512,967798147,5.000000,520.000000
lexical/repeated_binding,10240,0,32,0.000341875,93601,958478976,5.000000,520.000000
lexical/retained_sequence,10240,0,32,0.000346000,92486,947052023,7.000000,664.000000
lexical/closure_call,10240,0,32,0.000509625,62791,642982585,7.000000,744.000000
lexical/escaped_closure,10240,0,32,0.000513708,62292,637872099,9.000000,968.000000
lexical/mixed,10240,0,32,0.000531000,60264,617099812,13.000000,1456.000000
lexical/lookup,65536,0,32,0.002147125,14904,976725621,5.000000,520.000000
lexical/repeated_binding,65536,0,32,0.002127709,15040,985638544,5.000000,520.000000
lexical/retained_sequence,65536,0,32,0.002169125,14752,966819340,7.000000,664.000000
lexical/closure_call,65536,0,32,0.003138625,10196,668175395,7.000000,744.000000
lexical/escaped_closure,65536,0,32,0.003171625,10089,661223190,9.000000,968.000000
lexical/mixed,65536,0,32,0.003229166,9910,649440753,13.000000,1456.000000
lexical/lookup,1048576,0,32,0.034009458,941,986620604,5.000000,520.000000
lexical/repeated_binding,1048576,0,32,0.034000667,941,986875699,5.000000,520.000000
lexical/retained_sequence,1048576,0,32,0.033870375,945,990671996,7.000000,664.000000
lexical/closure_call,1048576,0,32,0.050787000,630,660689389,7.000000,744.000000
lexical/escaped_closure,1048576,0,32,0.050734917,631,661367634,9.000000,968.000000
lexical/mixed,1048576,0,32,0.050876750,629,659523889,13.000000,1456.000000
lexical/mapped_calls,106,0,32,0.000061458,520681,55192164,17.000000,2200.000000
lexical/repeated_projection,106,0,32,0.000034250,934307,99036496,8.000000,856.000000
lexical/mapped_calls,1692,0,32,0.000751625,42574,72035922,141.000000,27160.000000
lexical/repeated_projection,1692,0,32,0.000361500,88520,149775934,12.000000,6616.000000
lexical/mapped_calls,14260,0,32,0.005841250,5478,78120265,1040.000000,213528.000000
lexical/repeated_projection,14260,0,32,0.002720500,11763,167733872,15.000000,49624.000000
lexical/mapped_calls,251044,0,32,0.094166416,340,85310755,16404.000000,3408408.000000
lexical/repeated_projection,251044,0,32,0.044373875,721,181039136,19.000000,786904.000000
lexical/nested_retention,1036,0,32,0.000497916,64268,66581512,10.000000,2008.000000
lexical/nested_retention,16396,0,32,0.007425000,4310,70662896,14.000000,25048.000000
lexical/nested_retention,1048588,0,32,0.472548500,68,71008195,20.000000,1573336.000000
compile/nested_fallback,0,0,32,0.000139583,229254,0,113.000000,8089.000000
compile/navigation,0,0,32,0.000075625,423140,0,55.000000,4655.000000
navigation/keep,100,0,32,0.000016708,1915250,191525018,2.000000,144.000000
navigation/wildcard,100,0,32,0.000030291,1056419,105641940,8.000000,1072.000000
navigation/descendants,100,0,32,0.000041959,762649,76264925,8.000000,1072.000000
navigation/ordering,100,0,32,0.000021167,1511787,151178722,6.000000,320.000000
navigation/grouping,100,0,32,0.000028417,1126086,112608650,11.000000,824.000000
navigation/membership,100,0,32,0.000019417,1648040,164804038,2.000000,32.000000
navigation/fallback,100,0,32,0.000010208,3134796,313479624,0.000000,0.000000
navigation/mixed,100,0,32,0.000030333,1054957,105495665,11.000000,984.000000
navigation/keep,500,0,32,0.000030584,1046299,523149359,2.000000,144.000000
navigation/wildcard,500,0,32,0.000043625,733524,366762178,8.000000,1072.000000
navigation/descendants,500,0,32,0.000068500,467153,233576642,8.000000,1072.000000
navigation/ordering,500,0,32,0.000034834,918643,459321353,6.000000,320.000000
navigation/grouping,500,0,32,0.000041792,765697,382848392,11.000000,824.000000
navigation/membership,500,0,32,0.000032875,973384,486692015,2.000000,32.000000
navigation/fallback,500,0,32,0.000030375,1053498,526748971,0.000000,0.000000
navigation/mixed,500,0,32,0.000044250,723164,361581921,11.000000,984.000000
navigation/keep,1024,0,32,0.000047291,676662,692901398,2.000000,144.000000
navigation/wildcard,1024,0,32,0.000060083,532597,545378893,8.000000,1072.000000
navigation/descendants,1024,0,32,0.000102042,313596,321122675,8.000000,1072.000000
navigation/ordering,1024,0,32,0.000051334,623369,638329372,6.000000,320.000000
navigation/grouping,1024,0,32,0.000058292,548960,562135456,11.000000,824.000000
navigation/membership,1024,0,32,0.000049708,643760,659209785,2.000000,32.000000
navigation/fallback,1024,0,32,0.000055375,577878,591747178,0.000000,0.000000
navigation/mixed,1024,0,32,0.000060375,530021,542741201,11.000000,984.000000
navigation/keep,10240,0,32,0.000344917,92776,950025658,2.000000,144.000000
navigation/wildcard,10240,0,32,0.000357375,89542,916908010,8.000000,1072.000000
navigation/descendants,10240,0,32,0.000695500,46010,471143063,8.000000,1072.000000
navigation/ordering,10240,0,32,0.000348708,91767,939697397,6.000000,320.000000
navigation/grouping,10240,0,32,0.000362333,88317,904361458,11.000000,824.000000
navigation/membership,10240,0,32,0.000347000,92219,944322767,2.000000,32.000000
navigation/fallback,10240,0,32,0.000518166,61756,632384217,0.000000,0.000000
navigation/mixed,10240,0,32,0.000358166,89344,914883043,11.000000,984.000000
navigation/keep,65536,0,32,0.002134625,14991,982445160,2.000000,144.000000
navigation/wildcard,65536,0,32,0.002144667,14921,977845045,8.000000,1072.000000
navigation/descendants,65536,0,32,0.004284958,7468,489421833,8.000000,1072.000000
navigation/ordering,65536,0,32,0.002147375,14902,976611910,6.000000,320.000000
navigation/grouping,65536,0,32,0.002136833,14975,981429995,11.000000,824.000000
navigation/membership,65536,0,32,0.002127791,15039,985600559,2.000000,32.000000
navigation/fallback,65536,0,32,0.003171125,10091,661327447,0.000000,0.000000
navigation/mixed,65536,0,32,0.002144417,14922,977959044,11.000000,984.000000
navigation/keep,1048576,0,32,0.033922584,943,989147289,2.000000,144.000000
navigation/wildcard,1048576,0,32,0.033994833,941,987045061,8.000000,1072.000000
navigation/descendants,1048576,0,32,0.067470333,474,497321275,8.000000,1072.000000
navigation/ordering,1048576,0,32,0.034018000,941,986372861,6.000000,320.000000
navigation/grouping,1048576,0,32,0.034000292,941,986886583,11.000000,824.000000
navigation/membership,1048576,0,32,0.033978166,942,987529227,2.000000,32.000000
navigation/fallback,1048576,0,32,0.050651125,632,662461732,0.000000,0.000000
navigation/mixed,1048576,0,32,0.034045416,940,985578558,11.000000,984.000000
navigation/wide_sort,250,0,32,0.000088250,362606,90651558,7.000000,752.000000
navigation/wide_group,250,0,32,0.000070333,454978,113744615,10.000000,1016.000000
navigation/wide_descendants,250,0,32,0.000122458,261314,65328521,20.000000,2680.000000
navigation/range,250,0,32,0.000032000,1000000,250000000,4.000000,360.000000
navigation/wide_sort,4144,0,32,0.002287458,13989,57971775,11.000000,11312.000000
navigation/wide_group,4144,0,32,0.000956625,33451,138620672,18.000000,9656.000000
navigation/wide_descendants,4144,0,32,0.001817375,17608,72966779,260.000000,34840.000000
navigation/range,4144,0,32,0.000428000,74766,309831776,8.000000,6120.000000
navigation/wide_sort,34657,0,32,0.024090917,1328,46034943,14.000000,90160.000000
navigation/wide_group,34657,0,32,0.007061375,4532,157054965,24.000000,74168.000000
navigation/wide_descendants,34657,0,32,0.013969791,2291,79387301,2052.000000,274968.000000
navigation/range,34657,0,32,0.003338000,9587,332242061,11.000000,49128.000000
navigation/wide_sort,600386,0,32,0.517712750,62,37110062,18.000000,1441840.000000
navigation/wide_group,600386,0,32,0.116146625,276,165414639,32.000000,1180088.000000
navigation/wide_descendants,600386,0,32,0.227479500,141,84457509,32772.000000,4391448.000000
navigation/range,600386,0,32,0.052438834,610,366376415,15.000000,786408.000000
navigation/distinct_groups,194,0,32,0.000061542,519970,100874200,5.000000,1464.000000
navigation/distinct_groups,3246,0,32,0.003012708,10622,34477951,10.000000,36664.000000
navigation/distinct_groups,27486,0,32,0.144905292,221,6069840,13.000000,294712.000000
navigation/deep_descendants,24,0,32,0.000027792,1151410,27633851,4.000000,536.000000
navigation/deep_descendants,72,0,32,0.000183250,174625,12572988,4.000000,536.000000
navigation/deep_descendants,136,0,32,0.000878125,36441,4956014,4.000000,536.000000
compiler/lookup_8_hit,501,0,32,0.000012791,2501759,1253381284,0.000000,0.000000
rust/lookup_8_hit,501,0,32,0.000009708,3296251,1651421508,0.000000,0.000000
compiler/lookup_8_miss,501,0,32,0.000010042,3186616,1596494722,0.000000,0.000000
rust/lookup_8_miss,501,0,32,0.000009583,3339247,1672962538,0.000000,0.000000
compiler/varying_lookup_8,501,0,32,0.000012917,2477355,1241155067,0.000000,0.000000
rust/varying_lookup_8,501,0,32,0.000009917,3226782,1616617929,0.000000,0.000000
compiler/bound_lookup_8,16,0,32,0.000010750,2976744,47627907,6.000000,536.000000
compile/lookup_8,0,0,32,0.000116125,275565,0,60.000000,5921.000000
compiler/lookup_128_hit,501,0,32,0.000014709,2175539,1089944932,0.000000,0.000000
rust/lookup_128_hit,501,0,32,0.000009792,3267974,1637254902,0.000000,0.000000
compiler/lookup_128_miss,501,0,32,0.000010500,3047619,1526857143,0.000000,0.000000
rust/lookup_128_miss,501,0,32,0.000009583,3339247,1672962538,0.000000,0.000000
compiler/varying_lookup_128,501,0,32,0.000016083,1989679,996828950,0.000000,0.000000
rust/varying_lookup_128,501,0,32,0.000009917,3226782,1616617929,0.000000,0.000000
compiler/bound_lookup_128,16,0,32,0.000013459,2377591,38041459,6.000000,536.000000
compile/lookup_128,0,0,32,0.005789750,5527,0,669.000000,101721.000000
compiler/lookup_1024_hit,501,0,32,0.000015875,2015748,1009889764,0.000000,0.000000
rust/lookup_1024_hit,501,0,32,0.000009792,3267974,1637254902,0.000000,0.000000
compiler/lookup_1024_miss,501,0,32,0.000010833,2953937,1479922459,0.000000,0.000000
rust/lookup_1024_miss,501,0,32,0.000009625,3324675,1665662338,0.000000,0.000000
compiler/varying_lookup_1024,501,0,32,0.000018000,1777778,890666667,0.000000,0.000000
rust/varying_lookup_1024,501,0,32,0.000010334,3096574,1551383782,0.000000,0.000000
compiler/bound_lookup_1024,16,0,32,0.000015125,2115702,33851240,6.000000,536.000000
compile/lookup_1024,0,0,32,0.263111625,122,0,5156.000000,820441.000000
compiler/lookup_4096_hit,501,0,32,0.000017042,1877714,940734656,0.000000,0.000000
rust/lookup_4096_hit,501,0,32,0.000009834,3254017,1630262355,0.000000,0.000000
compiler/lookup_4096_miss,501,0,32,0.000011625,2752688,1379096774,0.000000,0.000000
rust/lookup_4096_miss,501,0,32,0.000009625,3324675,1665662338,0.000000,0.000000
compiler/varying_lookup_4096,501,0,32,0.000019125,1673203,838274510,0.000000,0.000000
rust/varying_lookup_4096,501,0,32,0.000023500,1361702,682212766,0.000000,0.000000
compiler/bound_lookup_4096,16,0,32,0.000015833,2021095,32337523,6.000000,536.000000
compile/lookup_4096,0,0,32,3.364716167,10,0,20520.000000,3281113.000000
compiler/constant_scalar,100,0,32,0.000003083,10379500,1037950049,0.000000,0.000000
compiler/repeated_fields,100,0,32,0.000006167,5188909,518890871,0.000000,0.000000
compiler/dynamic_leaves,100,0,32,0.000005583,5731685,573168547,3.000000,152.000000
compiler/filtered_sum,100,0,32,0.000006333,5052898,505289752,0.000000,0.000000
compiler/invariant_aggregate,100,0,32,0.000006667,4799760,479976001,0.000000,0.000000
compiler/builtin_reference,100,0,32,0.000003084,10376135,1037613489,0.000000,0.000000
compiler/static_array,100,0,32,0.000003333,9600960,960096010,1.000000,16.000000
compiler/constant_membership,100,0,32,0.000010500,3047619,304761905,1.000000,16.000000
compiler/lookup_record,100,0,32,0.000007917,4041935,404193508,0.000000,0.000000
rust/repeated_fields,100,0,32,0.000004167,7679386,767938565,0.000000,0.000000
compiler/constant_scalar,500,0,32,0.000009958,3213497,1606748343,0.000000,0.000000
compiler/repeated_fields,500,0,32,0.000012667,2526249,1263124655,0.000000,0.000000
compiler/dynamic_leaves,500,0,32,0.000012458,2568631,1284315299,3.000000,152.000000
compiler/filtered_sum,500,0,32,0.000013208,2422774,1211387038,0.000000,0.000000
compiler/invariant_aggregate,500,0,32,0.000020166,1586829,793414658,0.000000,0.000000
compiler/builtin_reference,500,0,32,0.000010000,3200000,1600000000,0.000000,0.000000
compiler/static_array,500,0,32,0.000010250,3121951,1560975610,1.000000,16.000000
compiler/constant_membership,500,0,32,0.000024083,1328738,664369057,1.000000,16.000000
compiler/lookup_record,500,0,32,0.000014709,2175539,1087769393,0.000000,0.000000
rust/repeated_fields,500,0,32,0.000010959,2919974,1459987225,0.000000,0.000000
compiler/constant_scalar,1024,0,32,0.000018583,1722004,1763332078,0.000000,0.000000
compiler/repeated_fields,1024,0,32,0.000021375,1497076,1533005848,0.000000,0.000000
compiler/dynamic_leaves,1024,0,32,0.000021084,1517739,1554164295,3.000000,152.000000
compiler/filtered_sum,1024,0,32,0.000021875,1462857,1497965714,0.000000,0.000000
compiler/invariant_aggregate,1024,0,32,0.000037083,862929,883639404,0.000000,0.000000
compiler/builtin_reference,1024,0,32,0.000018625,1718121,1759355705,0.000000,0.000000
compiler/static_array,1024,0,32,0.000018917,1691600,1732198552,1.000000,16.000000
compiler/constant_membership,1024,0,32,0.000041041,779708,798421091,1.000000,16.000000
compiler/lookup_record,1024,0,32,0.000023375,1368984,1401839572,0.000000,0.000000
rust/repeated_fields,1024,0,32,0.000019583,1634070,1673288056,0.000000,0.000000
compiler/constant_scalar,10240,0,32,0.000169792,188466,1929890690,0.000000,0.000000
compiler/repeated_fields,10240,0,32,0.000175291,182554,1869348683,0.000000,0.000000
compiler/dynamic_leaves,10240,0,32,0.000172459,185551,1900045808,3.000000,152.000000
compiler/filtered_sum,10240,0,32,0.000173291,184660,1890923360,0.000000,0.000000
compiler/invariant_aggregate,10240,0,32,0.000340417,94002,962584125,0.000000,0.000000
compiler/builtin_reference,10240,0,32,0.000169833,188420,1929424788,0.000000,0.000000
compiler/static_array,10240,0,32,0.000170167,188051,1925637756,1.000000,16.000000
compiler/constant_membership,10240,0,32,0.000337917,94698,969705579,1.000000,16.000000
compiler/lookup_record,10240,0,32,0.000174542,183337,1877370490,0.000000,0.000000
rust/repeated_fields,10240,0,32,0.000171083,187044,1915327648,0.000000,0.000000
compiler/constant_scalar,1048576,0,32,0.017212084,1859,1949469454,0.000000,0.000000
compiler/repeated_fields,1048576,0,32,0.017263375,1854,1943677410,0.000000,0.000000
compiler/dynamic_leaves,1048576,0,32,0.017261125,1854,1943930769,3.000000,152.000000
compiler/filtered_sum,1048576,0,32,0.017235458,1857,1946825666,0.000000,0.000000
compiler/invariant_aggregate,1048576,0,32,0.034172583,936,981910908,0.000000,0.000000
compiler/builtin_reference,1048576,0,32,0.017271125,1853,1942805231,0.000000,0.000000
compiler/static_array,1048576,0,32,0.017243666,1856,1945898975,1.000000,16.000000
compiler/constant_membership,1048576,0,32,0.033987833,942,987248349,1.000000,16.000000
compiler/lookup_record,1048576,0,32,0.017240791,1856,1946223465,0.000000,0.000000
rust/repeated_fields,1048576,0,32,0.017251667,1855,1944996504,0.000000,0.000000
compile/execution,0,0,32,0.000128125,249756,0,132.000000,8000.000000
execution/arithmetic,100,0,32,0.000005333,6000375,600037502,0.000000,0.000000
execution/comparison,100,0,32,0.000005417,5907329,590732878,0.000000,0.000000
execution/conditional,100,0,32,0.000005375,5953488,595348837,0.000000,0.000000
execution/constructor,100,0,32,0.000006625,4830189,483018868,3.000000,152.000000
rust/execution_arithmetic,100,0,32,0.000003292,9720535,972053463,0.000000,0.000000
rust/execution_constructor,100,0,32,0.000003333,9600960,960096010,0.000000,0.000000
execution/arithmetic,500,0,32,0.000012041,2657587,1328793290,0.000000,0.000000
execution/comparison,500,0,32,0.000012292,2603319,1301659616,0.000000,0.000000
execution/conditional,500,0,32,0.000012250,2612245,1306122449,0.000000,0.000000
execution/constructor,500,0,32,0.000013458,2377768,1188883935,3.000000,152.000000
rust/execution_arithmetic,500,0,32,0.000010292,3109211,1554605519,0.000000,0.000000
rust/execution_constructor,500,0,32,0.000010208,3134796,1567398119,0.000000,0.000000
execution/arithmetic,1024,0,32,0.000020500,1560976,1598439024,0.000000,0.000000
execution/comparison,1024,0,32,0.000020709,1545222,1582307209,0.000000,0.000000
execution/conditional,1024,0,32,0.000020541,1557860,1595248527,0.000000,0.000000
execution/constructor,1024,0,32,0.000021959,1457261,1492235530,3.000000,152.000000
rust/execution_arithmetic,1024,0,32,0.000018917,1691600,1732198552,0.000000,0.000000
rust/execution_constructor,1024,0,32,0.000018708,1710498,1751550139,0.000000,0.000000
execution/arithmetic,10240,0,32,0.000171959,186091,1905570514,0.000000,0.000000
execution/comparison,10240,0,32,0.000172166,185867,1903279393,0.000000,0.000000
execution/conditional,10240,0,32,0.000172083,185957,1904197393,0.000000,0.000000
execution/constructor,10240,0,32,0.000173209,184748,1891818554,3.000000,152.000000
rust/execution_arithmetic,10240,0,32,0.000173166,184794,1892288324,0.000000,0.000000
rust/execution_constructor,10240,0,32,0.000170459,187728,1922339096,0.000000,0.000000
execution/arithmetic,1048576,0,32,0.017218208,1858,1948776086,0.000000,0.000000
execution/comparison,1048576,0,32,0.017230875,1857,1947343475,0.000000,0.000000
execution/conditional,1048576,0,32,0.017071208,1875,1965556978,0.000000,0.000000
execution/constructor,1048576,0,32,0.017257958,1854,1944287499,3.000000,152.000000
rust/execution_arithmetic,1048576,0,32,0.017112084,1870,1960861810,0.000000,0.000000
rust/execution_constructor,1048576,0,32,0.017106292,1871,1961525736,0.000000,0.000000
execution/filtered_sum,74,0,32,0.000017667,1811287,134035207,0.000000,0.000000
execution/mapped_sum,74,0,32,0.000018959,1687853,124901102,0.000000,0.000000
rust/execution_filtered_sum,74,0,32,0.000007958,4021111,297562202,0.000000,0.000000
execution/filtered_sum,1082,0,32,0.000277916,115143,124584407,0.000000,0.000000
execution/mapped_sum,1082,0,32,0.000284333,112544,121772710,0.000000,0.000000
rust/execution_filtered_sum,1082,0,32,0.000117333,272728,295091747,0.000000,0.000000
execution/filtered_sum,8586,0,32,0.002179041,14685,126088495,0.000000,0.000000
execution/mapped_sum,8586,0,32,0.002178375,14690,126127044,0.000000,0.000000
rust/execution_filtered_sum,8586,0,32,0.000857334,37325,320472535,0.000000,0.000000
execution/filtered_sum,137226,0,32,0.034131708,938,128655501,0.000000,0.000000
execution/mapped_sum,137226,0,32,0.036320250,881,120903133,0.000000,0.000000
rust/execution_filtered_sum,137226,0,32,0.013184625,2427,333057027,0.000000,0.000000
execution/lookup_8192,501,0,32,0.000017583,1819940,911789797,0.000000,0.000000
rust/execution_lookup_8192,501,0,32,0.000009708,3296251,1651421508,0.000000,0.000000
execution/type_fallback,16,0,32,0.000004833,6621146,105938341,0.000000,0.000000
plan/branch,100,0,32,0.000004708,6796941,679694138,0.000000,0.000000
plan/boolean,100,0,32,0.000005958,5370930,537092984,0.000000,0.000000
plan/object,100,0,32,0.000006375,5019608,501960784,3.000000,248.000000
plan/branch,500,0,32,0.000011375,2813187,1406593407,0.000000,0.000000
plan/boolean,500,0,32,0.000012833,2493571,1246785631,0.000000,0.000000
plan/object,500,0,32,0.000013250,2415094,1207547170,3.000000,248.000000
plan/branch,1024,0,32,0.000020209,1583453,1621455787,0.000000,0.000000
plan/boolean,1024,0,32,0.000022083,1449078,1483856360,0.000000,0.000000
plan/object,1024,0,32,0.000022834,1401419,1435052991,3.000000,248.000000
plan/branch,10240,0,32,0.000174000,183908,1883218391,0.000000,0.000000
plan/boolean,10240,0,32,0.000172667,185328,1897756954,0.000000,0.000000
plan/object,10240,0,32,0.000173250,184704,1891370851,3.000000,248.000000
plan/branch,1048576,0,32,0.017252250,1855,1944930777,0.000000,0.000000
plan/boolean,1048576,0,32,0.017210667,1859,1949629959,0.000000,0.000000
plan/object,1048576,0,32,0.017254792,1855,1944644247,3.000000,248.000000
plan/lookup_branch,490,0,32,0.000018958,1687942,827091465,0.000000,0.000000
plan/lookup_quote,490,0,32,0.000019125,1673203,819869281,0.000000,0.000000
plan/invoice_sum,58,0,32,0.000006000,5333333,309333333,0.000000,0.000000
rust/plan_invoice,58,0,32,0.000005333,6000375,348021751,0.000000,0.000000
plan/invoice_object,58,0,32,0.000011541,2772723,160817953,3.000000,296.000000
plan/mapped_objects,58,0,32,0.000014250,2245614,130245614,2.000000,136.000000
plan/invoice_sum,300,0,32,0.000037000,864865,259459459,0.000000,0.000000
rust/plan_invoice,300,0,32,0.000032666,979612,293883549,0.000000,0.000000
plan/invoice_object,300,0,32,0.000049500,646465,193939394,3.000000,296.000000
plan/mapped_objects,300,0,32,0.000076166,420135,126040491,16.000000,1088.000000
plan/invoice_sum,4488,0,32,0.000552625,57905,259879665,0.000000,0.000000
rust/plan_invoice,4488,0,32,0.000492791,64936,291433894,0.000000,0.000000
plan/invoice_object,4488,0,32,0.000650416,49199,220806376,3.000000,296.000000
plan/mapped_objects,4488,0,32,0.001123125,28492,127871786,256.000000,17408.000000
plan/invoice_sum,35736,0,32,0.004319416,7408,264746901,0.000000,0.000000
rust/plan_invoice,35736,0,32,0.003814333,8389,299803924,0.000000,0.000000
plan/invoice_object,35736,0,32,0.005187209,6169,220456126,3.000000,296.000000
plan/mapped_objects,35736,0,32,0.008675459,3689,131814582,2048.000000,139264.000000
plan/invoice_sum,571416,0,32,0.069290584,462,263893172,0.000000,0.000000
rust/plan_invoice,571416,0,32,0.061542000,520,297119236,0.000000,0.000000
plan/invoice_object,571416,0,32,0.083575791,383,218787184,3.000000,296.000000
plan/mapped_objects,571416,0,32,0.137977458,232,132523908,32768.000000,2228224.000000
plan/wide_fields,7583,0,32,0.000292750,109308,828884714,0.000000,0.000000
plan/untaken_branch,496,0,32,0.000010875,2942529,1459494253,0.000000,0.000000
compile/plan_branch,0,0,32,0.000066208,483325,0,84.000000,3940.000000
demand/nested,100,0,32,0.000004792,6677796,667779633,0.000000,0.000000
demand/branch,100,0,32,0.000005166,6194348,619434766,0.000000,0.000000
demand/repeated,100,0,32,0.000004334,7383479,738347946,0.000000,0.000000
demand/untaken_nested,101,0,32,0.000004375,7314286,738742857,0.000000,0.000000
demand/nested,500,0,32,0.000011375,2813187,1406593407,0.000000,0.000000
demand/branch,500,0,32,0.000011833,2704302,1352150765,0.000000,0.000000
demand/repeated,500,0,32,0.000011125,2876404,1438202247,0.000000,0.000000
demand/untaken_nested,501,0,32,0.000011125,2876404,1441078652,0.000000,0.000000
demand/nested,1024,0,32,0.000020084,1593308,1631547500,0.000000,0.000000
demand/branch,1024,0,32,0.000020500,1560976,1598439024,0.000000,0.000000
demand/repeated,1024,0,32,0.000019459,1644483,1683950871,0.000000,0.000000
demand/untaken_nested,1025,0,32,0.000019625,1630573,1671337580,0.000000,0.000000
demand/nested,10240,0,32,0.000171291,186817,1913001851,0.000000,0.000000
demand/branch,10240,0,32,0.000171667,186407,1908811828,0.000000,0.000000
demand/repeated,10240,0,32,0.000170791,187364,1918602268,0.000000,0.000000
demand/untaken_nested,10241,0,32,0.000171041,187090,1915985056,0.000000,0.000000
demand/nested,1048576,0,32,0.017230500,1857,1947385856,0.000000,0.000000
demand/branch,1048576,0,32,0.017335292,1846,1935613891,0.000000,0.000000
demand/repeated,1048576,0,32,0.017205750,1860,1950187118,0.000000,0.000000
demand/untaken_nested,1048577,0,32,0.017273500,1853,1942539960,0.000000,0.000000
demand/nested_fold,546,0,32,0.000121083,264282,144297713,0.000000,0.000000
demand/nested_fold_plan,546,0,32,0.000057333,558143,304745958,0.000000,0.000000
demand/nested_fold,8454,0,32,0.001894166,16894,142821696,0.000000,0.000000
demand/nested_fold_plan,8454,0,32,0.000846750,37792,319489814,0.000000,0.000000
demand/nested_fold,67478,0,32,0.014983583,2136,144110791,0.000000,0.000000
demand/nested_fold_plan,67478,0,32,0.006677125,4792,323387087,0.000000,0.000000
demand/wide_nested,1137,0,32,0.000037916,843971,959594894,0.000000,0.000000
demand/wide_nested,38497,0,32,0.001136667,28152,1083786192,0.000000,0.000000
demand/wide_nested,323265,0,32,0.009347542,3423,1106652423,0.000000,0.000000
demand/repeated_lookup,100,0,32,0.000016292,1964154,196415419,0.000000,0.000000
demand/repeated_lookup,500,0,32,0.000023167,1381275,690637545,0.000000,0.000000
demand/repeated_lookup,10240,0,32,0.000185625,172391,1765279461,0.000000,0.000000
demand/repeated_lookup,1048576,0,32,0.017300666,1850,1939487879,0.000000,0.000000
compile/scoped_path,0,0,32,0.000057041,561000,0,41.000000,4157.000000
tuple/index,100,0,32,0.000018792,1702852,170285228,9.000000,800.000000
tuple/filter_sum,100,0,32,0.000028916,1106654,110665376,10.000000,1184.000000
tuple/plan_leaves,100,0,32,0.000036125,885813,88581315,15.000000,1392.000000
tuple/kept,100,0,32,0.000024750,1292929,129292929,11.000000,944.000000
tuple/ordered,100,0,32,0.000039084,818749,81874936,19.000000,1592.000000
tuple/index,500,0,32,0.000031708,1009209,504604516,9.000000,800.000000
tuple/filter_sum,500,0,32,0.000041792,765697,382848392,10.000000,1184.000000
tuple/plan_leaves,500,0,32,0.000049500,646465,323232323,15.000000,1392.000000
tuple/kept,500,0,32,0.000037833,845822,422911215,11.000000,944.000000
tuple/ordered,500,0,32,0.000051625,619855,309927361,19.000000,1592.000000
tuple/index,1024,0,32,0.000049125,651399,667033079,9.000000,800.000000
tuple/filter_sum,1024,0,32,0.000059125,541226,554215645,10.000000,1184.000000
tuple/plan_leaves,1024,0,32,0.000066500,481203,492751880,15.000000,1392.000000
tuple/kept,1024,0,32,0.000055042,581374,595327205,11.000000,944.000000
tuple/ordered,1024,0,32,0.000069292,461814,472897304,19.000000,1592.000000
tuple/index,10240,0,32,0.000346083,92463,946824895,9.000000,800.000000
tuple/filter_sum,10240,0,32,0.000356167,89845,920017857,10.000000,1184.000000
tuple/plan_leaves,10240,0,32,0.000364084,87892,900012085,15.000000,1392.000000
tuple/kept,10240,0,32,0.000352708,90727,929040453,11.000000,944.000000
tuple/ordered,10240,0,32,0.000367000,87193,892861035,19.000000,1592.000000
tuple/index,1048576,0,32,0.034000542,941,986879327,9.000000,800.000000
tuple/filter_sum,1048576,0,32,0.034002958,941,986809206,10.000000,1184.000000
tuple/plan_leaves,1048576,0,32,0.033990958,941,987157585,15.000000,1392.000000
tuple/kept,1048576,0,32,0.034093791,939,984180140,11.000000,944.000000
tuple/ordered,1048576,0,32,0.033671583,950,996520775,19.000000,1592.000000
tuple/wide_sum,440,0,32,0.000110584,289373,127324025,22.000000,2384.000000
tuple/nested_sum,440,0,32,0.000194667,164383,72328643,70.000000,6224.000000
tuple/join_sum,440,0,32,0.000427708,74817,32919655,46.000000,4688.000000
tuple/join_bound,440,0,32,0.000331791,96446,42436353,55.000000,5616.000000
tuple/group,440,0,32,0.000159709,200364,88160342,57.000000,5360.000000
tuple/negative_index,440,0,32,0.000070958,450971,198427239,23.000000,2384.000000
tuple/wide_sum,6666,0,32,0.001496125,21389,142576322,262.000000,26384.000000
tuple/nested_sum,6666,0,32,0.002877458,11121,74132099,1030.000000,87824.000000
tuple/join_sum,6666,0,32,0.030240333,1058,7053891,646.000000,63248.000000
tuple/join_bound,6666,0,32,0.004865125,6577,43845122,775.000000,75696.000000
tuple/group,6666,0,32,0.002009167,15927,106169373,337.000000,65840.000000
tuple/negative_index,6666,0,32,0.000870833,36746,244951673,267.000000,34064.000000
tuple/wide_sum,56043,0,32,0.011779750,2717,152242280,2054.000000,205584.000000
tuple/nested_sum,56043,0,32,0.022118916,1447,81078838,8198.000000,697104.000000
tuple/join_sum,56043,0,32,1.655659583,19,1083179,5126.000000,500496.000000
tuple/join_bound,56043,0,32,0.039044916,820,45931102,6151.000000,598960.000000
tuple/group,56043,0,32,0.015495625,2065,115734344,2159.000000,517424.000000
tuple/negative_index,56043,0,32,0.007071500,4525,253606166,2062.000000,270608.000000
compile/builtins,0,0,32,0.000070750,452297,0,53.000000,4240.000000
builtin/length,100,0,32,0.000008625,3710145,371014493,0.000000,0.000000
builtin/normalize,100,0,32,0.000024250,1319588,131958763,19.000000,363.000000
builtin/split_join,100,0,32,0.000036292,881737,88173702,32.000000,749.000000
builtin/numeric,100,0,32,0.000009042,3539040,353904004,0.000000,0.000000
builtin/average,100,0,32,0.000008334,3839693,383969282,0.000000,0.000000
builtin/type,100,0,32,0.000007875,4063492,406349206,0.000000,0.000000
builtin/keys,100,0,32,0.000016459,1944225,194422504,8.000000,468.000000
builtin/map_builtin,100,0,32,0.000015584,2053388,205338809,3.000000,208.000000
builtin/map_closure,100,0,32,0.000029542,1083204,108320357,11.000000,1208.000000
builtin/reduce,100,0,32,0.000022958,1393850,139384964,8.000000,904.000000
builtin/sift,100,0,32,0.000026709,1198098,119809802,15.000000,1300.000000
builtin/length,500,0,32,0.000021875,1462857,731428571,0.000000,0.000000
builtin/normalize,500,0,32,0.000037417,855226,427613117,19.000000,363.000000
builtin/split_join,500,0,32,0.000049083,651957,325978445,32.000000,749.000000
builtin/numeric,500,0,32,0.000022292,1435493,717746277,0.000000,0.000000
builtin/average,500,0,32,0.000021833,1465671,732835616,0.000000,0.000000
builtin/type,500,0,32,0.000021542,1485470,742735122,0.000000,0.000000
builtin/keys,500,0,32,0.000029708,1077151,538575468,8.000000,468.000000
builtin/map_builtin,500,0,32,0.000028792,1111420,555709919,3.000000,208.000000
builtin/map_closure,500,0,32,0.000050000,640000,320000000,11.000000,1208.000000
builtin/reduce,500,0,32,0.000036500,876712,438356164,8.000000,904.000000
builtin/sift,500,0,32,0.000041208,776548,388274122,15.000000,1300.000000
builtin/length,1024,0,32,0.000038959,821376,841089350,0.000000,0.000000
builtin/normalize,1024,0,32,0.000054250,589862,604018433,19.000000,363.000000
builtin/split_join,1024,0,32,0.000066709,479695,491208083,32.000000,749.000000
builtin/numeric,1024,0,32,0.000039459,810968,830431587,0.000000,0.000000
builtin/average,1024,0,32,0.000038750,825806,845625806,0.000000,0.000000
builtin/type,1024,0,32,0.000038375,833876,853889251,0.000000,0.000000
builtin/keys,1024,0,32,0.000046667,685709,702166413,8.000000,468.000000
builtin/map_builtin,1024,0,32,0.000046042,695018,711698015,3.000000,208.000000
builtin/map_closure,1024,0,32,0.000074791,427859,438127582,11.000000,1208.000000
builtin/reduce,1024,0,32,0.000052667,607591,622173277,8.000000,904.000000
builtin/sift,1024,0,32,0.000056875,562637,576140659,15.000000,1300.000000
builtin/length,10240,0,32,0.000336542,95085,973667477,0.000000,0.000000
builtin/normalize,10240,0,32,0.000356542,89751,919050210,19.000000,363.000000
builtin/split_join,10240,0,32,0.000363417,88053,901663929,32.000000,749.000000
builtin/numeric,10240,0,32,0.000336458,95108,973910562,0.000000,0.000000
builtin/average,10240,0,32,0.000335959,95250,975357112,0.000000,0.000000
builtin/type,10240,0,32,0.000335875,95274,975601042,0.000000,0.000000
builtin/keys,10240,0,32,0.000344375,92922,951520871,8.000000,468.000000
builtin/map_builtin,10240,0,32,0.000346542,92341,945570811,3.000000,208.000000
builtin/map_closure,10240,0,32,0.000518417,61726,632078038,11.000000,1208.000000
builtin/reduce,10240,0,32,0.000368416,86858,889429341,8.000000,904.000000
builtin/sift,10240,0,32,0.000359083,89116,912546681,15.000000,1300.000000
builtin/length,1048576,0,32,0.033915500,944,989353894,0.000000,0.000000
builtin/normalize,1048576,0,32,0.033934958,943,988786608,19.000000,363.000000
builtin/split_join,1048576,0,32,0.033783500,947,993219530,32.000000,749.000000
builtin/numeric,1048576,0,32,0.033920500,943,989208060,0.000000,0.000000
builtin/average,1048576,0,32,0.033912042,944,989454778,0.000000,0.000000
builtin/type,1048576,0,32,0.033893334,944,990000925,0.000000,0.000000
builtin/keys,1048576,0,32,0.033959750,942,988064753,8.000000,468.000000
builtin/map_builtin,1048576,0,32,0.033987042,942,987271325,3.000000,208.000000
builtin/map_closure,1048576,0,32,0.050561750,633,663632726,11.000000,1208.000000
builtin/reduce,1048576,0,32,0.033976333,942,987582503,8.000000,904.000000
builtin/sift,1048576,0,32,0.033957209,942,988138689,15.000000,1300.000000
builtin/filter_reduce,285,0,32,0.000127750,250489,71389432,32.000000,3704.000000
builtin/planned_average,285,0,32,0.000027500,1163636,331636364,0.000000,0.000000
builtin/grouped_average,285,0,32,0.000070750,452297,128904594,10.000000,1016.000000
builtin/ordered_labels,285,0,32,0.000212459,150617,42925929,118.000000,4545.000000
builtin/merged_objects,285,0,32,0.000215208,148693,42377607,123.000000,8256.000000
builtin/each_group,285,0,32,0.000094166,339825,96850243,31.000000,2820.000000
builtin/distinct,285,0,32,0.000050042,639463,182246913,5.000000,480.000000
builtin/filter_reduce,4537,0,32,0.001894459,16891,76636127,396.000000,52664.000000
builtin/planned_average,4537,0,32,0.000430041,74412,337605019,0.000000,0.000000
builtin/grouped_average,4537,0,32,0.000909792,35173,159579332,18.000000,9656.000000
builtin/ordered_labels,4537,0,32,0.004122166,7763,35220319,1689.000000,70649.000000
builtin/merged_objects,4537,0,32,0.005289375,6050,27448233,2048.000000,137858.000000
builtin/each_group,4537,0,32,0.000943209,33927,153925588,39.000000,11460.000000
builtin/distinct,4537,0,32,0.000692667,46198,209601439,9.000000,6240.000000
builtin/filter_reduce,37737,0,32,0.014778792,2165,81710603,3087.000000,418232.000000
builtin/planned_average,37737,0,32,0.003419583,9358,353137795,0.000000,0.000000
builtin/grouped_average,37737,0,32,0.007332333,4364,164693011,24.000000,74168.000000
builtin/ordered_labels,37737,0,32,0.039092083,819,30890756,13418.000000,568305.000000
builtin/merged_objects,37737,0,32,0.151462583,211,7972821,16414.000000,1104154.000000
builtin/each_group,37737,0,32,0.007176750,4459,168263350,45.000000,75972.000000
builtin/distinct,37737,0,32,0.005464833,5856,220973633,12.000000,49248.000000
compile/helpers,0,0,32,0.000101334,315787,0,72.000000,6881.000000
helper/round,100,0,32,0.000008417,3801830,380182963,0.000000,0.000000
helper/static_round,100,0,32,0.000003375,9481481,948148148,0.000000,0.000000
helper/decimal_round,100,0,32,0.000012791,2501759,250175905,0.000000,0.000000
helper/pad,100,0,32,0.000013209,2422591,242259066,5.000000,83.000000
helper/pad_unchanged,100,0,32,0.000008459,3782953,378295307,0.000000,0.000000
helper/uri_unchanged,100,0,32,0.000007875,4063492,406349206,0.000000,0.000000
helper/base64,100,0,32,0.000010875,2942529,294252874,5.000000,48.000000
helper/sort,100,0,32,0.000014875,2151261,215126050,5.000000,264.000000
helper/zip,100,0,32,0.000019625,1630573,163057325,11.000000,816.000000
helper/single,100,0,32,0.000021291,1502982,150298248,8.000000,904.000000
helper/assert,100,0,32,0.000008667,3692166,369216569,0.000000,0.000000
helper/static_sort,100,0,32,0.000003750,8533333,853333333,1.000000,16.000000
helper/round,500,0,32,0.000021875,1462857,731428571,0.000000,0.000000
helper/static_round,500,0,32,0.000010250,3121951,1560975610,0.000000,0.000000
helper/decimal_round,500,0,32,0.000026167,1222914,611457179,0.000000,0.000000
helper/pad,500,0,32,0.000026334,1215159,607579555,5.000000,83.000000
helper/pad_unchanged,500,0,32,0.000021959,1457261,728630630,0.000000,0.000000
helper/uri_unchanged,500,0,32,0.000021208,1508865,754432290,0.000000,0.000000
helper/base64,500,0,32,0.000024083,1328738,664369057,5.000000,48.000000
helper/sort,500,0,32,0.000028041,1141186,570593060,5.000000,264.000000
helper/zip,500,0,32,0.000039208,816160,408079984,11.000000,816.000000
helper/single,500,0,32,0.000034666,923095,461547337,8.000000,904.000000
helper/assert,500,0,32,0.000021875,1462857,731428571,0.000000,0.000000
helper/static_sort,500,0,32,0.000010584,3023432,1511715797,1.000000,16.000000
helper/round,1024,0,32,0.000038833,824041,843818402,0.000000,0.000000
helper/static_round,1024,0,32,0.000018916,1691690,1732290125,0.000000,0.000000
helper/decimal_round,1024,0,32,0.000043250,739884,757641618,0.000000,0.000000
helper/pad,1024,0,32,0.000043291,739184,756924072,5.000000,83.000000
helper/pad_unchanged,1024,0,32,0.000038833,824041,843818402,0.000000,0.000000
helper/uri_unchanged,1024,0,32,0.000038292,835684,855740102,0.000000,0.000000
helper/base64,1024,0,32,0.000041208,776548,795185401,5.000000,48.000000
helper/sort,1024,0,32,0.000045042,710448,727498779,5.000000,264.000000
helper/zip,1024,0,32,0.000064250,498054,510007782,11.000000,816.000000
helper/single,1024,0,32,0.000051625,619855,634731235,8.000000,904.000000
helper/assert,1024,0,32,0.000038959,821376,841089350,0.000000,0.000000
helper/static_sort,1024,0,32,0.000019250,1662338,1702233766,1.000000,16.000000
helper/round,10240,0,32,0.000335792,95297,975842188,0.000000,0.000000
helper/static_round,10240,0,32,0.000173417,184526,1889549467,0.000000,0.000000
helper/decimal_round,10240,0,32,0.000340042,94106,963645667,0.000000,0.000000
helper/pad,10240,0,32,0.000340583,93957,962114962,5.000000,83.000000
helper/pad_unchanged,10240,0,32,0.000340750,93910,961643434,0.000000,0.000000
helper/uri_unchanged,10240,0,32,0.000335292,95439,977297400,0.000000,0.000000
helper/base64,10240,0,32,0.000338208,94616,968871227,5.000000,48.000000
helper/sort,10240,0,32,0.000341916,93590,958364043,5.000000,264.000000
helper/zip,10240,0,32,0.000511000,62622,641252446,11.000000,816.000000
helper/single,10240,0,32,0.000348417,91844,940482238,8.000000,904.000000
helper/assert,10240,0,32,0.000335916,95262,975481966,0.000000,0.000000
helper/static_sort,10240,0,32,0.000170459,187728,1922339096,1.000000,16.000000
helper/round,1048576,0,32,0.033931541,943,988886181,0.000000,0.000000
helper/static_round,1048576,0,32,0.017211875,1859,1949493126,0.000000,0.000000
helper/decimal_round,1048576,0,32,0.033905167,944,989655412,0.000000,0.000000
helper/pad,1048576,0,32,0.033905792,944,989637169,5.000000,83.000000
helper/pad_unchanged,1048576,0,32,0.033934125,943,988810880,0.000000,0.000000
helper/uri_unchanged,1048576,0,32,0.033968292,942,987816285,0.000000,0.000000
helper/base64,1048576,0,32,0.033912125,944,989452357,5.000000,48.000000
helper/sort,1048576,0,32,0.033950500,943,988333957,5.000000,264.000000
helper/zip,1048576,0,32,0.050373084,635,666118279,11.000000,816.000000
helper/single,1048576,0,32,0.033990792,941,987162406,8.000000,904.000000
helper/assert,1048576,0,32,0.033920125,943,989218996,0.000000,0.000000
helper/static_sort,1048576,0,32,0.017434417,1835,1924608778,1.000000,16.000000
helper/sort_sequence,162,0,32,0.000043500,735632,119172414,9.000000,992.000000
helper/zip_sequence,162,0,32,0.000066625,480300,77808630,28.000000,2160.000000
helper/sort_callback,162,0,32,0.000176500,181303,29371105,52.000000,5928.000000
helper/single_sequence,162,0,32,0.000054541,586715,95047762,16.000000,2040.000000
helper/group_round,162,0,32,0.000064459,496440,80423215,10.000000,1016.000000
helper/filtered_sorted,162,0,32,0.000167333,191235,30980141,66.000000,4020.000000
helper/sort_sequence,2588,0,32,0.000689083,46439,120182910,17.000000,17312.000000
helper/zip_sequence,2588,0,32,0.000874000,36613,94755149,280.000000,30960.000000
helper/sort_callback,2588,0,32,0.005163042,6198,16040156,1372.000000,181480.000000
helper/single_sequence,2588,0,32,0.000701000,45649,118139800,140.000000,27000.000000
helper/group_round,2588,0,32,0.000707542,45227,117047469,18.000000,9656.000000
helper/filtered_sorted,2588,0,32,0.003748125,8538,22095314,1364.000000,107697.000000
helper/sort_sequence,21428,0,32,0.005902584,5421,116168783,23.000000,139168.000000
helper/zip_sequence,21428,0,32,0.007093375,4511,96667101,2081.000000,246000.000000
helper/sort_callback,21428,0,32,0.056109333,570,12220712,15397.000000,1990888.000000
helper/single_sequence,21428,0,32,0.005447917,5874,125863885,1039.000000,213368.000000
helper/group_round,21428,0,32,0.005283375,6057,129783708,24.000000,74168.000000
helper/filtered_sorted,21428,0,32,0.037049167,864,18507731,13040.000000,1129709.000000
helper/uri_roundtrip,136,0,32,0.000147291,217257,29546951,24.000000,5422.000000
helper/base64_roundtrip,136,0,32,0.000055583,575716,78297321,19.000000,2097.000000
helper/uri_roundtrip,1031,0,32,0.001006541,31792,32777602,30.000000,43363.000000
helper/base64_roundtrip,1031,0,32,0.000297834,107442,110773115,22.000000,16434.000000
helper/uri_roundtrip,10251,0,32,0.009713167,3294,33771889,36.000000,409675.000000
helper/base64_roundtrip,10251,0,32,0.002763625,11579,118696278,25.000000,156066.000000
helper/uri_roundtrip,1048586,0,32,1.011897250,32,33160236,50.000000,44459678.000000
helper/base64_roundtrip,1048586,0,32,0.275077708,116,121982811,32.000000,16812233.000000
compile/formatting,0,0,32,0.000212875,150323,0,172.000000,16133.000000
format/number_static,200,0,32,0.000020459,1564104,312820763,2.000000,54.000000
format/number_context,200,0,32,0.000021375,1497076,299415205,2.000000,54.000000
format/number_dynamic,200,0,32,0.000040292,794202,158840465,20.000000,569.000000
format/integer_static,200,0,32,0.000014583,2194336,438867174,2.000000,32.000000
format/integer_dynamic,200,0,32,0.000024000,1333333,266666667,5.000000,120.000000
format/integer_parse_static,200,0,32,0.000012000,2666667,533333333,1.000000,8.000000
format/words_static,200,0,32,0.000018958,1687942,337588353,5.000000,184.000000
format/date_static,200,0,32,0.000016958,1887015,377402996,2.000000,51.000000
format/date_context,200,0,32,0.000017666,1811389,362277822,2.000000,51.000000
format/date_dynamic,200,0,32,0.000033833,945822,189164425,15.000000,2005.000000
format/date_iso,200,0,32,0.000020084,1593308,318661621,2.000000,101.000000
format/date_parse_iso,200,0,32,0.000011375,2813187,562637363,0.000000,0.000000
format/date_parse_constant,200,0,32,0.000004625,6918919,1383783784,0.000000,0.000000
format/date_parse_static,200,0,32,0.000020625,1551515,310303030,6.000000,1360.000000
format/date_parse_dynamic,200,0,32,0.000140166,228301,45660146,89.000000,10577.000000
format/mixed,200,0,32,0.000055417,577440,115488027,13.000000,1889.000000
format/number_static,500,0,32,0.000030667,1043467,521733459,2.000000,54.000000
format/number_context,500,0,32,0.000031291,1022658,511329136,2.000000,54.000000
format/number_dynamic,500,0,32,0.000056084,570573,285286356,20.000000,569.000000
format/integer_static,500,0,32,0.000024750,1292929,646464646,2.000000,32.000000
format/integer_dynamic,500,0,32,0.000038666,827600,413800238,5.000000,120.000000
format/integer_parse_static,500,0,32,0.000022083,1449078,724539238,1.000000,8.000000
format/words_static,500,0,32,0.000028875,1108225,554112554,5.000000,184.000000
format/date_static,500,0,32,0.000027000,1185185,592592593,2.000000,51.000000
format/date_context,500,0,32,0.000027792,1151410,575705239,2.000000,51.000000
format/date_dynamic,500,0,32,0.000048334,662060,331029917,15.000000,2005.000000
format/date_iso,500,0,32,0.000030084,1063688,531844170,2.000000,101.000000
format/date_parse_iso,500,0,32,0.000021417,1494140,747070085,0.000000,0.000000
format/date_parse_constant,500,0,32,0.000009708,3296251,1648125258,0.000000,0.000000
format/date_parse_static,500,0,32,0.000031458,1017229,508614661,6.000000,1360.000000
format/date_parse_dynamic,500,0,32,0.000159167,201047,100523350,89.000000,10577.000000
format/mixed,500,0,32,0.000075625,423140,211570248,13.000000,1889.000000
format/number_static,1024,0,32,0.000050125,638404,653725686,2.000000,54.000000
format/number_context,1024,0,32,0.000048459,660352,676200499,2.000000,54.000000
format/number_dynamic,1024,0,32,0.000081458,392840,402268654,20.000000,569.000000
format/integer_static,1024,0,32,0.000041625,768769,787219219,2.000000,32.000000
format/integer_dynamic,1024,0,32,0.000064000,500000,512000000,5.000000,120.000000
format/integer_parse_static,1024,0,32,0.000038959,821376,841089350,1.000000,8.000000
format/words_static,1024,0,32,0.000045667,700725,717542208,5.000000,184.000000
format/date_static,1024,0,32,0.000043958,727968,745438828,2.000000,51.000000
format/date_context,1024,0,32,0.000044833,713760,730890192,2.000000,51.000000
format/date_dynamic,1024,0,32,0.000073958,432678,443062279,15.000000,2005.000000
format/date_iso,1024,0,32,0.000047000,680851,697191489,2.000000,101.000000
format/date_parse_iso,1024,0,32,0.000038500,831169,851116883,0.000000,0.000000
format/date_parse_constant,1024,0,32,0.000018291,1749494,1791482150,0.000000,0.000000
format/date_parse_static,1024,0,32,0.000048000,666667,682666667,6.000000,1360.000000
format/date_parse_dynamic,1024,0,32,0.000181583,176228,180457422,89.000000,10577.000000
format/mixed,1024,0,32,0.000109208,293019,300051278,13.000000,1889.000000
format/number_static,10240,0,32,0.000347709,92031,942397234,2.000000,54.000000
format/number_context,10240,0,32,0.000348416,91844,940484938,2.000000,54.000000
format/number_dynamic,10240,0,32,0.000524167,61049,625144277,20.000000,569.000000
format/integer_static,10240,0,32,0.000339208,94337,966014952,2.000000,32.000000
format/integer_dynamic,10240,0,32,0.000507625,63039,645515883,5.000000,120.000000
format/integer_parse_static,10240,0,32,0.000339125,94360,966251382,1.000000,8.000000
format/words_static,10240,0,32,0.000349250,91625,938239084,5.000000,184.000000
format/date_static,10240,0,32,0.000341500,93704,959531479,2.000000,51.000000
format/date_context,10240,0,32,0.000351167,91125,933117292,2.000000,51.000000
format/date_dynamic,10240,0,32,0.000517542,61831,633146682,15.000000,2005.000000
format/date_iso,10240,0,32,0.000350875,91201,933893837,2.000000,101.000000
format/date_parse_iso,10240,0,32,0.000335875,95274,975601042,0.000000,0.000000
format/date_parse_constant,10240,0,32,0.000169459,188836,1933683074,0.000000,0.000000
format/date_parse_static,10240,0,32,0.000345375,92653,948765834,6.000000,1360.000000
format/date_parse_dynamic,10240,0,32,0.000624583,51234,524638038,89.000000,10577.000000
format/mixed,10240,0,32,0.000698209,45832,469315062,13.000000,1889.000000
format/number_static,1048576,0,32,0.033919167,943,989246935,2.000000,54.000000
format/number_context,1048576,0,32,0.033782416,947,993251400,2.000000,54.000000
format/number_dynamic,1048576,0,32,0.050675208,631,662146902,20.000000,569.000000
format/integer_static,1048576,0,32,0.033690500,950,995961235,2.000000,32.000000
format/integer_dynamic,1048576,0,32,0.050740459,631,661295397,5.000000,120.000000
format/integer_parse_static,1048576,0,32,0.033944583,943,988506237,1.000000,8.000000
format/words_static,1048576,0,32,0.033819417,946,992164708,5.000000,184.000000
format/date_static,1048576,0,32,0.033916708,943,989318657,2.000000,51.000000
format/date_context,1048576,0,32,0.033964000,942,987941114,2.000000,51.000000
format/date_dynamic,1048576,0,32,0.050654042,632,662423583,15.000000,2005.000000
format/date_iso,1048576,0,32,0.033936209,943,988750158,2.000000,101.000000
format/date_parse_iso,1048576,0,32,0.034000416,941,986882984,0.000000,0.000000
format/date_parse_constant,1048576,0,32,0.017284125,1851,1941343979,0.000000,0.000000
format/date_parse_static,1048576,0,32,0.034121333,938,983385731,6.000000,1360.000000
format/date_parse_dynamic,1048576,0,32,0.050924958,628,658899552,89.000000,10577.000000
format/mixed,1048576,0,32,0.067516333,474,496982441,13.000000,1889.000000
format/filtered_rows,218,0,32,0.000146917,217810,47482592,28.000000,1604.000000
format/filtered_date_sum,234,0,32,0.000100291,319072,74662731,24.000000,5440.000000
format/filtered_rows,3484,0,32,0.002471125,12950,45116293,448.000000,25664.000000
format/filtered_date_sum,3740,0,32,0.001620167,19751,73868928,384.000000,87040.000000
format/filtered_rows,28596,0,32,0.019683167,1626,46490080,3584.000000,205312.000000
format/filtered_date_sum,30644,0,32,0.012269292,2608,79923764,3072.000000,696320.000000
compile/function_signature,0,0,32,0.000048708,656976,0,36.000000,2724.000000
compile/function_tail,0,0,32,0.000073958,432678,0,54.000000,3783.000000
function/builtin,100,0,32,0.000007708,4151531,415153088,0.000000,0.000000
function/direct,100,0,32,0.000012917,2477355,247735542,6.000000,584.000000
function/signed,100,0,32,0.000014750,2169492,216949153,6.000000,584.000000
function/named,100,0,32,0.000015083,2121594,212159385,7.000000,744.000000
function/signed_named,100,0,32,0.000016875,1896296,189629630,7.000000,744.000000
function/signature_context,100,0,32,0.000019875,1610063,161006289,7.000000,744.000000
function/signature_array,100,0,32,0.000015791,2026471,202647077,6.000000,584.000000
function/signature_promote,100,0,32,0.000015333,2087002,208700189,8.000000,656.000000
function/signature_optional,100,0,32,0.000015542,2058937,205893707,6.000000,584.000000
function/signature_variadic,100,0,32,0.000021500,1488372,148837209,6.000000,584.000000
function/closure,100,0,32,0.000021792,1468429,146842878,7.000000,744.000000
function/partial,100,0,32,0.000023125,1383784,138378378,9.000000,856.000000
function/callback,100,0,32,0.000022042,1451774,145177389,10.000000,1048.000000
function/signed_callback,100,0,32,0.000026250,1219048,121904762,10.000000,1048.000000
function/partial_callback,100,0,32,0.000031292,1022626,102262559,12.000000,1160.000000
function/mixed,100,0,32,0.000043417,737038,73703849,14.000000,1632.000000
rust/function_scalar,100,0,32,0.000003625,8827586,882758621,0.000000,0.000000
function/builtin,500,0,32,0.000021042,1520768,760383994,0.000000,0.000000
function/direct,500,0,32,0.000027416,1167202,583600817,6.000000,584.000000
function/signed,500,0,32,0.000028541,1121194,560597036,6.000000,584.000000
function/named,500,0,32,0.000028875,1108225,554112554,7.000000,744.000000
function/signed_named,500,0,32,0.000030458,1050627,525313547,7.000000,744.000000
function/signature_context,500,0,32,0.000033375,958801,479400749,7.000000,744.000000
function/signature_array,500,0,32,0.000029500,1084746,542372881,6.000000,584.000000
function/signature_promote,500,0,32,0.000028916,1106654,553326878,8.000000,656.000000
function/signature_optional,500,0,32,0.000029458,1086292,543146174,6.000000,584.000000
function/signature_variadic,500,0,32,0.000041750,766467,383233533,6.000000,584.000000
function/closure,500,0,32,0.000041917,763413,381706706,7.000000,744.000000
function/partial,500,0,32,0.000043000,744186,372093023,9.000000,856.000000
function/callback,500,0,32,0.000035334,905643,452821645,10.000000,1048.000000
function/signed_callback,500,0,32,0.000039709,805863,402931325,10.000000,1048.000000
function/partial_callback,500,0,32,0.000051750,618357,309178744,12.000000,1160.000000
function/mixed,500,0,32,0.000070500,453901,226950355,14.000000,1632.000000
rust/function_scalar,500,0,32,0.000010542,3035477,1517738570,0.000000,0.000000
function/builtin,1024,0,32,0.000038334,834768,854802525,0.000000,0.000000
function/direct,1024,0,32,0.000044458,719780,737055198,6.000000,584.000000
function/signed,1024,0,32,0.000050334,635753,651011245,6.000000,584.000000
function/named,1024,0,32,0.000045667,700725,717542208,7.000000,744.000000
function/signed_named,1024,0,32,0.000047125,679045,695342175,7.000000,744.000000
function/signature_context,1024,0,32,0.000050416,634719,649952396,7.000000,744.000000
function/signature_array,1024,0,32,0.000046542,687551,704052254,6.000000,584.000000
function/signature_promote,1024,0,32,0.000046542,687551,704052254,8.000000,656.000000
function/signature_optional,1024,0,32,0.000046209,692506,709125928,6.000000,584.000000
function/signature_variadic,1024,0,32,0.000067291,475547,486959623,6.000000,584.000000
function/closure,1024,0,32,0.000069208,462374,473471275,7.000000,744.000000
function/partial,1024,0,32,0.000068458,467440,478658448,9.000000,856.000000
function/callback,1024,0,32,0.000052792,606152,620700106,10.000000,1048.000000
function/signed_callback,1024,0,32,0.000057000,561404,574877193,10.000000,1048.000000
function/partial_callback,1024,0,32,0.000076583,417847,427875638,12.000000,1160.000000
function/mixed,1024,0,32,0.000104458,306343,313695457,14.000000,1632.000000
rust/function_scalar,1024,0,32,0.000019250,1662338,1702233766,0.000000,0.000000
function/builtin,10240,0,32,0.000344291,92945,951753023,0.000000,0.000000
function/direct,10240,0,32,0.000347334,92130,943414696,6.000000,584.000000
function/signed,10240,0,32,0.000347042,92208,944208482,6.000000,584.000000
function/named,10240,0,32,0.000348000,91954,941609195,7.000000,744.000000
function/signed_named,10240,0,32,0.000357875,89417,915626965,7.000000,744.000000
function/signature_context,10240,0,32,0.000347083,92197,944096945,7.000000,744.000000
function/signature_array,10240,0,32,0.000343709,93102,953364619,6.000000,584.000000
function/signature_promote,10240,0,32,0.000343292,93215,954522680,8.000000,656.000000
function/signature_optional,10240,0,32,0.000343750,93091,953250909,6.000000,584.000000
function/signature_variadic,10240,0,32,0.000510625,62668,641723378,6.000000,584.000000
function/closure,10240,0,32,0.000520958,61425,628995044,7.000000,744.000000
function/partial,10240,0,32,0.000519708,61573,630507901,9.000000,856.000000
function/callback,10240,0,32,0.000349416,91581,937793347,10.000000,1048.000000
function/signed_callback,10240,0,32,0.000353416,90545,927179301,10.000000,1048.000000
function/partial_callback,10240,0,32,0.000520500,61479,629548511,12.000000,1160.000000
function/mixed,10240,0,32,0.000669459,47800,489469856,14.000000,1632.000000
rust/function_scalar,10240,0,32,0.000154375,207287,2122623482,0.000000,0.000000
function/builtin,1048576,0,32,0.033990958,941,987157585,0.000000,0.000000
function/direct,1048576,0,32,0.033966541,942,987867207,6.000000,584.000000
function/signed,1048576,0,32,0.034011542,941,986560151,6.000000,584.000000
function/named,1048576,0,32,0.033991208,941,987150324,7.000000,744.000000
function/signed_named,1048576,0,32,0.034004708,941,986758422,7.000000,744.000000
function/signature_context,1048576,0,32,0.033503708,955,1001513982,7.000000,744.000000
function/signature_array,1048576,0,32,0.034134792,937,982997992,6.000000,584.000000
function/signature_promote,1048576,0,32,0.033762667,948,993832389,8.000000,656.000000
function/signature_optional,1048576,0,32,0.034045292,940,985582147,6.000000,584.000000
function/signature_variadic,1048576,0,32,0.050644792,632,662544571,6.000000,584.000000
function/closure,1048576,0,32,0.050697125,631,661860648,7.000000,744.000000
function/partial,1048576,0,32,0.050764708,630,660979514,9.000000,856.000000
function/callback,1048576,0,32,0.034012625,941,986528737,10.000000,1048.000000
function/signed_callback,1048576,0,32,0.033971041,942,987736349,10.000000,1048.000000
function/partial_callback,1048576,0,32,0.050644292,632,662551112,12.000000,1160.000000
function/mixed,1048576,0,32,0.067436875,475,497568015,14.000000,1632.000000
rust/function_scalar,1048576,0,32,0.017260125,1854,1944043395,0.000000,0.000000
function/tail,34,0,32,0.000047333,676061,22986077,7.000000,744.000000
function/signed_tail,34,0,32,0.000059083,541611,18414772,7.000000,744.000000
function/tail_borrow,34,0,32,0.000045583,702016,23868547,7.000000,744.000000
function/tail_escape_once,34,0,32,0.000056500,566372,19256637,10.000000,1032.000000
function/recursion,34,0,32,0.000058916,543146,18466970,17.000000,3176.000000
rust/function_tail,34,0,32,0.000001584,20202020,686868687,0.000000,0.000000
function/tail,35,0,32,0.000150750,212272,7429519,7.000000,744.000000
function/signed_tail,35,0,32,0.000186875,171237,5993311,7.000000,744.000000
function/tail_borrow,35,0,32,0.000139583,229254,8023900,7.000000,744.000000
function/tail_escape_once,35,0,32,0.000167916,190571,6670002,10.000000,1032.000000
function/recursion,35,0,32,0.000193209,165624,5796831,43.000000,11624.000000
rust/function_tail,35,0,32,0.000001834,17448201,610687023,0.000000,0.000000
function/tail,35,0,32,0.000270000,118519,4148148,7.000000,744.000000
function/signed_tail,35,0,32,0.000357375,89542,3133963,7.000000,744.000000
function/tail_borrow,35,0,32,0.000247666,129206,4522219,7.000000,744.000000
function/tail_escape_once,35,0,32,0.000321917,99405,3479158,10.000000,1032.000000
rust/function_tail,35,0,32,0.000002417,13239553,463384361,0.000000,0.000000
function/tail,37,0,32,0.004138000,7733,286129,7.000000,744.000000
function/signed_tail,37,0,32,0.005508958,5809,214923,7.000000,744.000000
function/tail_borrow,37,0,32,0.003702292,8643,319802,7.000000,744.000000
function/tail_escape_once,37,0,32,0.004759583,6723,248761,10.000000,1032.000000
rust/function_tail,37,0,32,0.000021042,1520768,56268416,0.000000,0.000000
function/tail,39,0,32,0.395520917,81,3155,7.000000,744.000000
function/signed_tail,39,0,32,0.535192208,60,2332,7.000000,744.000000
function/tail_borrow,39,0,32,0.359555333,89,3471,7.000000,744.000000
function/tail_escape_once,39,0,32,0.471356375,68,2648,10.000000,1032.000000
rust/function_tail,39,0,32,0.001979333,16167,630515,0.000000,0.000000
function/tail_capture_each,7,0,32,0.000059250,540084,3780591,26.000000,3752.000000
function/tail_capture_each,9,0,32,0.000685583,46676,420080,270.000000,53672.000000
function/tail_capture_each,10,0,32,0.004966666,6443,64430,2065.000000,426408.000000
compile/conversion,0,0,32,0.000121542,263283,0,105.000000,7353.000000
compile/composition,0,0,32,0.000047208,677851,0,36.000000,2825.000000
conversion/string_identity,100,0,32,0.000004542,7045354,704535447,0.000000,0.000000
conversion/number_text,100,0,32,0.000005083,6295495,629549479,0.000000,0.000000
conversion/number_value,100,0,32,0.000005042,6346688,634668782,0.000000,0.000000
conversion/string_number,100,0,32,0.000013834,2313142,231314154,8.000000,108.000000
conversion/string_object,100,0,32,0.000016583,1929687,192968703,12.000000,423.000000
conversion/string_pretty,100,0,32,0.000022291,1435557,143555695,12.000000,453.000000
conversion/concat,100,0,32,0.000025375,1261084,126108374,14.000000,254.000000
conversion/folded,100,0,32,0.000003334,9598080,959808038,0.000000,0.000000
conversion/constructor,100,0,32,0.000032875,973384,97338403,13.000000,564.000000
conversion/chain_direct,100,0,32,0.000019209,1665886,166588578,12.000000,214.000000
conversion/chain_values,100,0,32,0.000033416,957625,95762509,27.000000,1120.000000
conversion/partial,100,0,32,0.000032375,988417,98841699,24.000000,1150.000000
conversion/partial_reused,100,0,32,0.000047625,671916,67191601,31.000000,2132.000000
conversion/sum_direct,100,0,32,0.000008583,3728300,372830013,0.000000,0.000000
conversion/sum_chain,100,0,32,0.000008625,3710145,371014493,0.000000,0.000000
conversion/sum_function,100,0,32,0.000011209,2854849,285484878,4.000000,232.000000
conversion/sum_partial,100,0,32,0.000013125,2438095,243809524,6.000000,320.000000
rust/number_text,100,0,32,0.000004125,7757576,775757576,0.000000,0.000000
conversion/string_identity,500,0,32,0.000011084,2887044,1443522194,0.000000,0.000000
conversion/number_text,500,0,32,0.000011750,2723404,1361702128,0.000000,0.000000
conversion/number_value,500,0,32,0.000011792,2713704,1356852103,0.000000,0.000000
conversion/string_number,500,0,32,0.000020167,1586751,793375316,8.000000,108.000000
conversion/string_object,500,0,32,0.000023625,1354497,677248677,12.000000,423.000000
conversion/string_pretty,500,0,32,0.000035958,889927,444963569,12.000000,453.000000
conversion/concat,500,0,32,0.000045708,700096,350048132,14.000000,254.000000
conversion/folded,500,0,32,0.000010292,3109211,1554605519,0.000000,0.000000
conversion/constructor,500,0,32,0.000059500,537815,268907563,13.000000,564.000000
conversion/chain_direct,500,0,32,0.000032625,980843,490421456,12.000000,214.000000
conversion/chain_values,500,0,32,0.000046958,681460,340730014,27.000000,1120.000000
conversion/partial,500,0,32,0.000046333,690652,345326225,24.000000,1150.000000
conversion/partial_reused,500,0,32,0.000068000,470588,235294118,31.000000,2132.000000
conversion/sum_direct,500,0,32,0.000022250,1438202,719101124,0.000000,0.000000
conversion/sum_chain,500,0,32,0.000022166,1443652,721826220,0.000000,0.000000
conversion/sum_function,500,0,32,0.000025084,1275714,637856801,4.000000,232.000000
conversion/sum_partial,500,0,32,0.000026750,1196262,598130841,6.000000,320.000000
rust/number_text,500,0,32,0.000010959,2919974,1459987225,0.000000,0.000000
conversion/string_identity,1024,0,32,0.000019750,1620253,1659139241,0.000000,0.000000
conversion/number_text,1024,0,32,0.000020458,1564180,1601720598,0.000000,0.000000
conversion/number_value,1024,0,32,0.000020375,1570552,1608245399,0.000000,0.000000
conversion/string_number,1024,0,32,0.000029000,1103448,1129931034,8.000000,108.000000
conversion/string_object,1024,0,32,0.000032000,1000000,1024000000,12.000000,423.000000
conversion/string_pretty,1024,0,32,0.000052708,607118,621689307,12.000000,453.000000
conversion/concat,1024,0,32,0.000081000,395062,404543210,14.000000,254.000000
conversion/folded,1024,0,32,0.000018916,1691690,1732290125,0.000000,0.000000
conversion/constructor,1024,0,32,0.000093375,342704,350929050,13.000000,564.000000
conversion/chain_direct,1024,0,32,0.000055416,577451,591309369,12.000000,214.000000
conversion/chain_values,1024,0,32,0.000063458,504271,516373034,27.000000,1120.000000
conversion/partial,1024,0,32,0.000067750,472325,483660517,24.000000,1150.000000
conversion/partial_reused,1024,0,32,0.000092875,344549,352818304,31.000000,2132.000000
conversion/sum_direct,1024,0,32,0.000039250,815287,834853503,0.000000,0.000000
conversion/sum_chain,1024,0,32,0.000039125,817891,837520767,0.000000,0.000000
conversion/sum_function,1024,0,32,0.000041916,763432,781753984,4.000000,232.000000
conversion/sum_partial,1024,0,32,0.000043666,732836,750423671,6.000000,320.000000
rust/number_text,1024,0,32,0.000019542,1637499,1676798690,0.000000,0.000000
conversion/string_identity,10240,0,32,0.000171042,187089,1915786766,0.000000,0.000000
conversion/number_text,10240,0,32,0.000189417,168939,1729939763,0.000000,0.000000
conversion/number_value,10240,0,32,0.000171750,186317,1907889374,0.000000,0.000000
conversion/string_number,10240,0,32,0.000180291,177491,1817506143,8.000000,108.000000
conversion/string_object,10240,0,32,0.000183250,174625,1788158254,12.000000,423.000000
conversion/string_pretty,10240,0,32,0.000350209,91374,935669843,12.000000,453.000000
conversion/concat,10240,0,32,0.000514375,62211,637044957,14.000000,254.000000
conversion/folded,10240,0,32,0.000170167,188051,1925637756,0.000000,0.000000
conversion/constructor,10240,0,32,0.000682875,46861,479853560,13.000000,564.000000
conversion/chain_direct,10240,0,32,0.000353250,90587,927615004,12.000000,214.000000
conversion/chain_values,10240,0,32,0.000360458,88776,909065689,27.000000,1120.000000
conversion/partial,10240,0,32,0.000359500,89013,911488178,24.000000,1150.000000
conversion/partial_reused,10240,0,32,0.000535667,59739,611723328,31.000000,2132.000000
conversion/sum_direct,10240,0,32,0.000336334,95144,974269625,0.000000,0.000000
conversion/sum_chain,10240,0,32,0.000342750,93363,956032093,0.000000,0.000000
conversion/sum_function,10240,0,32,0.000339667,94210,964709554,4.000000,232.000000
conversion/sum_partial,10240,0,32,0.000341292,93761,960116264,6.000000,320.000000
rust/number_text,10240,0,32,0.000170834,187316,1918119344,0.000000,0.000000
conversion/string_identity,1048576,0,32,0.017283125,1852,1941456305,0.000000,0.000000
conversion/number_text,1048576,0,32,0.017231833,1857,1947235213,0.000000,0.000000
conversion/number_value,1048576,0,32,0.017337042,1846,1935418510,0.000000,0.000000
conversion/string_number,1048576,0,32,0.017237292,1856,1946618529,8.000000,108.000000
conversion/string_object,1048576,0,32,0.017318083,1848,1937537313,12.000000,423.000000
conversion/string_pretty,1048576,0,32,0.034005833,941,986725777,12.000000,453.000000
conversion/concat,1048576,0,32,0.050641333,632,662589826,14.000000,254.000000
conversion/folded,1048576,0,32,0.017283500,1851,1941414181,0.000000,0.000000
conversion/constructor,1048576,0,32,0.067165375,476,499579314,13.000000,564.000000
conversion/chain_direct,1048576,0,32,0.034045833,940,985566486,12.000000,214.000000
conversion/chain_values,1048576,0,32,0.034022167,941,986252051,27.000000,1120.000000
conversion/partial,1048576,0,32,0.034040083,940,985732967,24.000000,1150.000000
conversion/partial_reused,1048576,0,32,0.051012000,627,657775269,31.000000,2132.000000
conversion/sum_direct,1048576,0,32,0.033856375,945,991081650,0.000000,0.000000
conversion/sum_chain,1048576,0,32,0.033833708,946,991745628,0.000000,0.000000
conversion/sum_function,1048576,0,32,0.033855041,945,991120702,4.000000,232.000000
conversion/sum_partial,1048576,0,32,0.033866417,945,990787777,6.000000,320.000000
rust/number_text,1048576,0,32,0.017186084,1862,1952418713,0.000000,0.000000
composition/numeric_pipeline,234,0,32,0.000102542,312067,73023737,17.000000,1736.000000
composition/labels,234,0,32,0.000166917,191712,44860619,47.000000,2705.000000
composition/grouping,234,0,32,0.000111917,285926,66906726,38.000000,1328.000000
composition/static_lookup,234,0,32,0.000115875,276160,64621359,52.000000,3120.000000
composition/direct_fold,74,0,32,0.000016875,1896296,140325926,0.000000,0.000000
composition/chained_fold,74,0,32,0.000017334,1846083,136610130,0.000000,0.000000
composition/numeric_pipeline,3886,0,32,0.001456250,21974,85391931,145.000000,22856.000000
composition/labels,3886,0,32,0.003300500,9696,37676716,479.000000,38917.000000
composition/grouping,3886,0,32,0.001564083,20459,79504732,466.000000,14648.000000
composition/static_lookup,3886,0,32,0.001713084,18680,72589552,716.000000,44280.000000
composition/direct_fold,1180,0,32,0.000252542,126712,149519684,0.000000,0.000000
composition/chained_fold,1180,0,32,0.000252166,126901,149742630,0.000000,0.000000
composition/numeric_pipeline,32606,0,32,0.011578167,2764,90117201,1047.000000,180552.000000
composition/labels,32606,0,32,0.031439709,1018,33187076,3625.000000,329737.000000
composition/grouping,32606,0,32,0.012332125,2595,84607641,3608.000000,114104.000000
composition/static_lookup,32606,0,32,0.013806791,2318,75570927,5647.000000,351608.000000
composition/direct_fold,10164,0,32,0.002057500,15553,158079222,0.000000,0.000000
composition/chained_fold,10164,0,32,0.001937292,16518,167887959,0.000000,0.000000
compile/regex,0,0,32,0.000163250,196018,0,86.000000,7496.000000
compile/regex_callback,0,0,32,0.000101541,315144,0,81.000000,6445.000000
matcher/contains,100,0,32,0.000008792,3639672,363967243,3.000000,136.000000
matcher/no_match,100,0,32,0.000010083,3173659,317365863,3.000000,136.000000
matcher/literal_contains,100,0,32,0.000012792,2501563,250156348,5.000000,158.000000
matcher/captures,100,0,32,0.000031167,1026727,102672699,30.000000,1360.000000
matcher/replace,100,0,32,0.000018875,1695364,169536424,12.000000,431.000000
matcher/replace_captures,100,0,32,0.000024625,1299492,129949239,16.000000,773.000000
matcher/replace_callback,100,0,32,0.000070709,452559,45255908,58.000000,2929.000000
matcher/split,100,0,32,0.000031791,1006574,100657419,30.000000,1048.000000
matcher/closure,100,0,32,0.000017459,1832866,183286557,10.000000,880.000000
matcher/next,100,0,32,0.000039375,812698,81269841,30.000000,2064.000000
matcher/lookaround,100,0,32,0.000021000,1523810,152380952,23.000000,936.000000
matcher/literal_replace,100,0,32,0.000011833,2704302,270430153,5.000000,191.000000
rust/matcher_contains,100,0,32,0.000003541,9036995,903699520,1.000000,40.000000
matcher/contains,500,0,32,0.000021916,1460120,730060230,3.000000,136.000000
matcher/no_match,500,0,32,0.000023416,1366587,683293475,3.000000,136.000000
matcher/literal_contains,500,0,32,0.000026042,1228784,614392136,5.000000,158.000000
matcher/captures,500,0,32,0.000044416,720461,360230548,30.000000,1360.000000
matcher/replace,500,0,32,0.000032917,972142,486071027,12.000000,431.000000
matcher/replace_captures,500,0,32,0.000037333,857151,428575255,16.000000,773.000000
matcher/replace_callback,500,0,32,0.000083792,381898,190949017,58.000000,2929.000000
matcher/split,500,0,32,0.000045416,704597,352298749,30.000000,1048.000000
matcher/closure,500,0,32,0.000031000,1032258,516129032,10.000000,880.000000
matcher/next,500,0,32,0.000052959,604241,302120508,30.000000,2064.000000
matcher/lookaround,500,0,32,0.000034583,925310,462655062,23.000000,936.000000
matcher/literal_replace,500,0,32,0.000024666,1297332,648666180,5.000000,191.000000
rust/matcher_contains,500,0,32,0.000010333,3096874,1548437046,1.000000,40.000000
matcher/contains,1024,0,32,0.000039083,818770,838420797,3.000000,136.000000
matcher/no_match,1024,0,32,0.000040542,789305,808248236,3.000000,136.000000
matcher/literal_contains,1024,0,32,0.000042916,745643,763538074,5.000000,158.000000
matcher/captures,1024,0,32,0.000060458,529293,541996096,30.000000,1360.000000
matcher/replace,1024,0,32,0.000049333,648653,664220704,12.000000,431.000000
matcher/replace_captures,1024,0,32,0.000055000,581818,595781818,16.000000,773.000000
matcher/replace_callback,1024,0,32,0.000101084,316568,324166040,58.000000,2929.000000
matcher/split,1024,0,32,0.000061958,516479,528874399,30.000000,1048.000000
matcher/closure,1024,0,32,0.000048042,666084,682069856,10.000000,880.000000
matcher/next,1024,0,32,0.000069333,461541,472617657,30.000000,2064.000000
matcher/lookaround,1024,0,32,0.000051542,620853,635753366,23.000000,936.000000
matcher/literal_replace,1024,0,32,0.000042083,760402,778651712,5.000000,191.000000
rust/matcher_contains,1024,0,32,0.000018958,1687942,1728452368,1.000000,40.000000
matcher/contains,10240,0,32,0.000336625,95061,973427404,3.000000,136.000000
matcher/no_match,10240,0,32,0.000339583,94233,964948186,3.000000,136.000000
matcher/literal_contains,10240,0,32,0.000343167,93249,954870369,5.000000,158.000000
matcher/captures,10240,0,32,0.000357583,89490,916374660,30.000000,1360.000000
matcher/replace,10240,0,32,0.000347333,92131,943417412,12.000000,431.000000
matcher/replace_captures,10240,0,32,0.000351542,91028,932121909,16.000000,773.000000
matcher/replace_callback,10240,0,32,0.000396875,80630,825650394,58.000000,2929.000000
matcher/split,10240,0,32,0.000360292,88817,909484529,30.000000,1048.000000
matcher/closure,10240,0,32,0.000345083,92731,949568654,10.000000,880.000000
matcher/next,10240,0,32,0.000366500,87312,894079127,30.000000,2064.000000
matcher/lookaround,10240,0,32,0.000349334,91603,938013477,23.000000,936.000000
matcher/literal_replace,10240,0,32,0.000339500,94256,965184094,5.000000,191.000000
rust/matcher_contains,10240,0,32,0.000175875,181947,1863141436,1.000000,40.000000
matcher/contains,1048576,0,32,0.033837417,946,991636921,3.000000,136.000000
matcher/no_match,1048576,0,32,0.033722500,949,995016146,3.000000,136.000000
matcher/literal_contains,1048576,0,32,0.033836167,946,991673555,5.000000,158.000000
matcher/captures,1048576,0,32,0.033867917,945,990743895,30.000000,1360.000000
matcher/replace,1048576,0,32,0.033910500,944,989499771,12.000000,431.000000
matcher/replace_captures,1048576,0,32,0.033923375,943,989124225,16.000000,773.000000
matcher/replace_callback,1048576,0,32,0.033924500,943,989091424,58.000000,2929.000000
matcher/split,1048576,0,32,0.034753042,921,965510645,30.000000,1048.000000
matcher/closure,1048576,0,32,0.034424833,930,974715898,10.000000,880.000000
matcher/next,1048576,0,32,0.034461958,929,973665861,30.000000,2064.000000
matcher/lookaround,1048576,0,32,0.034396667,930,975514052,23.000000,936.000000
matcher/literal_replace,1048576,0,32,0.034542041,926,971408493,5.000000,191.000000
rust/matcher_contains,1048576,0,32,0.018121500,1766,1851636564,1.000000,40.000000
matcher/long_contains,149,0,32,0.000023250,1376344,205075269,4.000000,296.000000
matcher/long_no_match,149,0,32,0.000021417,1494140,222626885,3.000000,136.000000
matcher/long_replace,149,0,32,0.000036750,870748,129741497,12.000000,1431.000000
matcher/repeated_replace,171,0,32,0.000151875,210700,36029630,142.000000,9202.000000
matcher/limited_captures,171,0,32,0.000051667,619351,105908994,60.000000,2720.000000
matcher/long_contains,4117,0,32,0.000455542,70246,289202752,4.000000,296.000000
matcher/long_no_match,4117,0,32,0.000453708,70530,290371781,3.000000,136.000000
matcher/long_replace,4117,0,32,0.000645291,49590,204162153,12.000000,33175.000000
matcher/repeated_replace,5131,0,32,0.004101584,7802,40031363,4115.000000,288946.000000
matcher/limited_captures,5131,0,32,0.000276250,115837,594360181,60.000000,2720.000000
matcher/long_contains,65557,0,32,0.007031917,4551,298328891,4.000000,296.000000
matcher/long_no_match,65557,0,32,0.007054083,4536,297391454,3.000000,136.000000
matcher/long_replace,65557,0,32,0.009967042,3211,210476087,12.000000,524695.000000
matcher/repeated_replace,81931,0,32,0.065886708,486,39792427,65559.000000,4620466.000000
matcher/limited_captures,81931,0,32,0.002891000,11069,906880664,60.000000,2720.000000
matcher/unicode_contains,139,0,32,0.000021042,1520768,211386750,7.000000,620.000000
matcher/unicode_replace,139,0,32,0.000035583,899306,125003513,17.000000,1322.000000
matcher/unicode_captures,139,0,32,0.000047875,668407,92908616,42.000000,2194.000000
matcher/unicode_zero_limit,139,0,32,0.000011167,2865586,398316468,2.000000,96.000000
matcher/unicode_contains,2059,0,32,0.000191625,166993,343838226,7.000000,7500.000000
matcher/unicode_replace,2059,0,32,0.000256542,124736,256831240,17.000000,16122.000000
matcher/unicode_captures,2059,0,32,0.000226209,141462,291270462,42.000000,9074.000000
matcher/unicode_zero_limit,2059,0,32,0.000100875,317224,653164808,2.000000,96.000000
matcher/unicode_contains,32779,0,32,0.002716542,11780,386126185,7.000000,117580.000000
matcher/unicode_replace,32779,0,32,0.003605375,8876,290934508,17.000000,252922.000000
matcher/unicode_captures,32779,0,32,0.002756625,11608,380511676,42.000000,119154.000000
matcher/unicode_zero_limit,32779,0,32,0.001538375,20801,681841554,2.000000,96.000000
matcher/filtered_sum,206,0,32,0.000106292,301057,62017838,63.000000,3560.000000
matcher/mixed,206,0,32,0.000238875,133961,27596023,133.000000,7108.000000
matcher/grouped,206,0,32,0.000116958,273602,56362113,54.000000,2396.000000
matcher/filtered_sum,3292,0,32,0.001537541,20812,68514596,915.000000,58040.000000
matcher/mixed,3292,0,32,0.003344708,9567,31495724,1945.000000,105808.000000
matcher/grouped,3292,0,32,0.001764875,18132,59689213,722.000000,31736.000000
matcher/filtered_sum,27060,0,32,0.011553375,2770,74949528,7196.000000,464824.000000
matcher/mixed,27060,0,32,0.025550125,1252,33891028,15394.000000,842768.000000
matcher/grouped,27060,0,32,0.012835625,2493,67462239,5656.000000,250808.000000
compile/parent,0,0,32,0.000066667,479998,0,58.000000,5189.000000
compile/transform,0,0,32,0.000064125,499025,0,62.000000,4501.000000
parent/filter,150,0,32,0.000043083,742752,111412854,9.000000,800.000000
parent/nested,150,0,32,0.000053041,603307,90496031,16.000000,1664.000000
parent/sort,150,0,32,0.000039667,806716,121007386,14.000000,1104.000000
parent/constructor,150,0,32,0.000047667,671324,100698597,15.000000,1392.000000
parent/closure,150,0,32,0.000050375,635236,95285360,16.000000,1824.000000
parent/group,150,0,32,0.000046333,690652,103597868,20.000000,1976.000000
parent/tuple,150,0,32,0.000053083,602830,90424430,17.000000,1584.000000
parent/focus_control,150,0,32,0.000051250,624390,93658537,10.000000,1176.000000
transform/clone,150,0,32,0.000033375,958801,143820225,10.000000,1136.000000
transform/update,150,0,32,0.000115167,277857,41678606,57.000000,5428.000000
transform/no_match,150,0,32,0.000059666,536319,80447826,21.000000,1672.000000
transform/update_write,150,0,32,0.000131625,243115,36467236,59.000000,5696.000000
parent/filter,500,0,32,0.000054625,585812,292906178,9.000000,800.000000
parent/nested,500,0,32,0.000064834,493568,246784095,16.000000,1664.000000
parent/sort,500,0,32,0.000051250,624390,312195122,14.000000,1104.000000
parent/constructor,500,0,32,0.000060042,532960,266480131,15.000000,1392.000000
parent/closure,500,0,32,0.000061875,517172,258585859,16.000000,1824.000000
parent/group,500,0,32,0.000058166,550150,275074786,20.000000,1976.000000
parent/tuple,500,0,32,0.000065333,489798,244899209,17.000000,1584.000000
parent/focus_control,500,0,32,0.000063000,507937,253968254,10.000000,1176.000000
transform/clone,500,0,32,0.000045250,707182,353591160,10.000000,1136.000000
transform/update,500,0,32,0.000146708,218120,109060174,57.000000,5428.000000
transform/no_match,500,0,32,0.000077333,413795,206897444,21.000000,1672.000000
transform/update_write,500,0,32,0.000163791,195371,97685465,59.000000,5696.000000
parent/filter,1024,0,32,0.000071166,449653,460444594,9.000000,800.000000
parent/nested,1024,0,32,0.000081875,390840,400219847,16.000000,1664.000000
parent/sort,1024,0,32,0.000067959,470872,482173075,14.000000,1104.000000
parent/constructor,1024,0,32,0.000076250,419672,429744262,15.000000,1392.000000
parent/closure,1024,0,32,0.000078834,405916,415658219,16.000000,1824.000000
parent/group,1024,0,32,0.000075250,425249,435455150,20.000000,1976.000000
parent/tuple,1024,0,32,0.000081708,391639,401037842,17.000000,1584.000000
parent/focus_control,1024,0,32,0.000080125,399376,408960998,10.000000,1176.000000
transform/clone,1024,0,32,0.000062500,512000,524288000,10.000000,1136.000000
transform/update,1024,0,32,0.000173583,184350,188774246,57.000000,5428.000000
transform/no_match,1024,0,32,0.000102042,313596,321122675,21.000000,1672.000000
transform/update_write,1024,0,32,0.000208417,153538,157223259,59.000000,5696.000000
parent/filter,10240,0,32,0.000376834,84918,869560602,9.000000,800.000000
parent/nested,10240,0,32,0.000377542,84759,867929926,16.000000,1664.000000
parent/sort,10240,0,32,0.000366208,87382,894792031,14.000000,1104.000000
parent/constructor,10240,0,32,0.000373875,85590,876442661,15.000000,1392.000000
parent/closure,10240,0,32,0.000376375,85022,870621056,16.000000,1824.000000
parent/group,10240,0,32,0.000372333,85945,880072408,20.000000,1976.000000
parent/tuple,10240,0,32,0.000379625,84294,863167600,17.000000,1584.000000
parent/focus_control,10240,0,32,0.000377875,84684,867165068,10.000000,1176.000000
transform/clone,10240,0,32,0.000361958,88408,905298405,10.000000,1136.000000
transform/update,10240,0,32,0.000766833,41730,427315987,57.000000,5428.000000
transform/no_match,10240,0,32,0.000545167,58698,601063527,21.000000,1672.000000
transform/update_write,10240,0,32,0.001010666,31662,324221850,59.000000,5696.000000
parent/filter,65536,0,32,0.002154708,14851,973288260,9.000000,800.000000
parent/nested,65536,0,32,0.002167875,14761,967376809,16.000000,1664.000000
parent/sort,65536,0,32,0.002165250,14779,968549590,14.000000,1104.000000
parent/constructor,65536,0,32,0.002206333,14504,950514723,15.000000,1392.000000
parent/closure,65536,0,32,0.002211208,14472,948419145,16.000000,1824.000000
parent/group,65536,0,32,0.002165250,14779,968549590,20.000000,1976.000000
parent/tuple,65536,0,32,0.002170625,14742,966151224,17.000000,1584.000000
parent/focus_control,65536,0,32,0.002186584,14635,959099673,10.000000,1176.000000
transform/clone,65536,0,32,0.002142917,14933,978643597,10.000000,1136.000000
transform/update,65536,0,32,0.004367750,7326,480144697,57.000000,5428.000000
transform/no_match,65536,0,32,0.003201791,9994,654993408,21.000000,1672.000000
transform/update_write,65536,0,32,0.005779625,5537,362852607,59.000000,5696.000000
parent/filter,1048576,0,32,0.033961458,942,988015061,9.000000,800.000000
parent/nested,1048576,0,32,0.033963417,942,987958073,16.000000,1664.000000
parent/sort,1048576,0,32,0.034621334,924,969183683,14.000000,1104.000000
parent/constructor,1048576,0,32,0.034405666,930,975258901,15.000000,1392.000000
parent/closure,1048576,0,32,0.034409583,930,975147882,16.000000,1824.000000
parent/group,1048576,0,32,0.034762000,921,965261838,20.000000,1976.000000
parent/tuple,1048576,0,32,0.034372750,931,976192827,17.000000,1584.000000
parent/focus_control,1048576,0,32,0.034375833,931,976105277,10.000000,1176.000000
transform/clone,1048576,0,32,0.034416250,930,974958980,10.000000,1136.000000
transform/update,1048576,0,32,0.068385000,468,490669474,57.000000,5428.000000
transform/no_match,1048576,0,32,0.050537750,633,663947881,21.000000,1672.000000
transform/update_write,1048576,0,32,0.090816958,352,369473199,59.000000,5696.000000
parent/wide_filter_sum,73,0,32,0.000040791,784487,57267535,9.000000,800.000000
parent/wide_sort,73,0,32,0.000046625,686327,50101877,18.000000,1440.000000
transform/wide_update,73,0,32,0.000088375,362093,26432815,46.000000,4884.000000
transform/wide_write,73,0,32,0.000096500,331606,24207254,54.000000,5784.000000
parent/wide_filter_sum,2048,0,32,0.000900583,35533,72770639,133.000000,13200.000000
parent/wide_sort,2048,0,32,0.003128458,10229,20948339,332.000000,33552.000000
transform/wide_update,2048,0,32,0.001937042,16520,33833030,804.000000,90544.000000
transform/wide_write,2048,0,32,0.002454333,13038,26702163,1060.000000,119344.000000
parent/wide_filter_sum,33180,0,32,0.013861625,2309,76597080,2053.000000,205200.000000
parent/wide_sort,33180,0,32,0.073802625,434,14386480,5136.000000,532752.000000
transform/wide_update,33180,0,32,0.031576250,1013,33625272,12490.000000,1434360.000000
transform/wide_write,33180,0,32,0.039618917,808,26799319,16586.000000,1895160.000000
