workload,input_bytes,sample,records,seconds,records_per_second,input_bytes_per_second,allocations_per_record,allocated_bytes_per_record
compile,0,0,113888,0.050001667,2277684,0,8.000000,618.000000
compile,0,1,205344,0.050002042,4106712,0,8.000000,618.000000
compile,0,2,221568,0.050002625,4431127,0,8.000000,618.000000
compile,0,3,221920,0.050000459,4438359,0,8.000000,618.000000
compile,0,4,222048,0.050002917,4440701,0,8.000000,618.000000
compile,0,5,223200,0.050004291,4463617,0,8.000000,618.000000
compile,0,6,227104,0.050005667,4541565,0,8.000000,618.000000
ascii/validate,100,0,558656,0.050002500,11172561,1117256137,0.000000,0.000000
ascii/validate,100,1,569440,0.050001583,11388439,1138843944,0.000000,0.000000
ascii/validate,100,2,579520,0.050002417,11589840,1158983975,0.000000,0.000000
ascii/validate,100,3,579808,0.050000500,11596044,1159604404,0.000000,0.000000
ascii/validate,100,4,595296,0.050001750,11905503,1190550331,0.000000,0.000000
ascii/validate,100,5,599008,0.050001041,11979911,1197991058,0.000000,0.000000
ascii/validate,100,6,599328,0.050001000,11986320,1198632027,0.000000,0.000000
ascii/identity,100,0,564544,0.050000416,11290786,1129078606,0.000000,0.000000
ascii/identity,100,1,566496,0.050001666,11329542,1132954250,0.000000,0.000000
ascii/identity,100,2,558656,0.050001083,11172878,1117287800,0.000000,0.000000
ascii/identity,100,3,555424,0.050000417,11108387,1110838736,0.000000,0.000000
ascii/identity,100,4,559616,0.050001000,11192096,1119209616,0.000000,0.000000
ascii/identity,100,5,563552,0.050002667,11270439,1127043883,0.000000,0.000000
ascii/identity,100,6,564384,0.050001875,11287257,1128725673,0.000000,0.000000
ascii/shallow,100,0,484960,0.050001708,9698869,969886869,0.000000,0.000000
ascii/shallow,100,1,486880,0.050001500,9737308,973730788,0.000000,0.000000
ascii/shallow,100,2,382784,0.050005209,7654883,765488251,0.000000,0.000000
ascii/shallow,100,3,380832,0.050000167,7616615,761661456,0.000000,0.000000
ascii/shallow,100,4,474560,0.050000625,9491081,949108136,0.000000,0.000000
ascii/shallow,100,5,478240,0.050002833,9564258,956425809,0.000000,0.000000
ascii/shallow,100,6,474688,0.050000334,9493697,949369658,0.000000,0.000000
ascii/nested,100,0,472960,0.050002250,9458774,945877436,0.000000,0.000000
ascii/nested,100,1,487744,0.050001833,9754522,975452240,0.000000,0.000000
ascii/nested,100,2,481184,0.050000042,9623672,962367192,0.000000,0.000000
ascii/nested,100,3,481632,0.050002791,9632102,963210234,0.000000,0.000000
ascii/nested,100,4,482272,0.050003292,9644805,964480499,0.000000,0.000000
ascii/nested,100,5,483744,0.050002833,9674332,967433185,0.000000,0.000000
ascii/nested,100,6,484352,0.050000500,9686943,968694313,0.000000,0.000000
ascii/missing,100,0,516928,0.050002542,10338034,1033803441,0.000000,0.000000
ascii/missing,100,1,517376,0.050000500,10347417,1034741653,0.000000,0.000000
ascii/missing,100,2,518848,0.050000084,10376943,1037694257,0.000000,0.000000
ascii/missing,100,3,520864,0.050000375,10417202,1041720187,0.000000,0.000000
ascii/missing,100,4,523808,0.050002792,10475575,1047557504,0.000000,0.000000
ascii/missing,100,5,526240,0.050001792,10524423,1052442280,0.000000,0.000000
ascii/missing,100,6,528448,0.050002833,10568361,1056836120,0.000000,0.000000
ascii/array_value,100,0,507744,0.050000333,10154812,1015481237,0.000000,0.000000
ascii/array_value,100,1,509056,0.050002541,10180603,1018060262,0.000000,0.000000
ascii/array_value,100,2,486336,0.050001084,9726509,972650913,0.000000,0.000000
ascii/array_value,100,3,491936,0.050003625,9838007,983800674,0.000000,0.000000
ascii/array_value,100,4,493728,0.050001541,9874256,987425568,0.000000,0.000000
ascii/array_value,100,5,491808,0.050000584,9836045,983604511,0.000000,0.000000
ascii/array_value,100,6,491616,0.050001625,9832000,983200046,0.000000,0.000000
ascii/identity_write,100,0,317152,0.050000542,6342971,634297124,0.000000,0.000000
ascii/identity_write,100,1,318528,0.050004792,6369950,636994950,0.000000,0.000000
ascii/identity_write,100,2,319136,0.050014500,6380870,638086955,0.000000,0.000000
ascii/identity_write,100,3,319072,0.050004666,6380845,638084454,0.000000,0.000000
ascii/identity_write,100,4,320032,0.050004208,6400101,640010137,0.000000,0.000000
ascii/identity_write,100,5,320576,0.050000708,6411429,641142921,0.000000,0.000000
ascii/identity_write,100,6,320864,0.050008125,6416237,641623736,0.000000,0.000000
ascii/validate,500,0,167040,0.050007083,3340327,1670163405,0.000000,0.000000
ascii/validate,500,1,167232,0.050006458,3344208,1672104031,0.000000,0.000000
ascii/validate,500,2,166912,0.050009208,3337625,1668812671,0.000000,0.000000
ascii/validate,500,3,169216,0.050004417,3384021,1692010528,0.000000,0.000000
ascii/validate,500,4,166848,0.050003083,3336754,1668377128,0.000000,0.000000
ascii/validate,500,5,168544,0.050002917,3370683,1685341677,0.000000,0.000000
ascii/validate,500,6,166144,0.050006167,3322470,1661235103,0.000000,0.000000
ascii/identity,500,0,163456,0.050007459,3268632,1634316193,0.000000,0.000000
ascii/identity,500,1,163392,0.050005583,3267475,1633737577,0.000000,0.000000
ascii/identity,500,2,163552,0.050004333,3270757,1635378278,0.000000,0.000000
ascii/identity,500,3,164768,0.050004750,3295047,1647523485,0.000000,0.000000
ascii/identity,500,4,164704,0.050003917,3293822,1646910981,0.000000,0.000000
ascii/identity,500,5,165088,0.050005291,3301411,1650705322,0.000000,0.000000
ascii/identity,500,6,164896,0.050005375,3297566,1648782756,0.000000,0.000000
ascii/shallow,500,0,158752,0.050001625,3174937,1587468407,0.000000,0.000000
ascii/shallow,500,1,159200,0.050002125,3183865,1591932343,0.000000,0.000000
ascii/shallow,500,2,159584,0.050008833,3191116,1595558129,0.000000,0.000000
ascii/shallow,500,3,159648,0.050009417,3192359,1596179376,0.000000,0.000000
ascii/shallow,500,4,160992,0.050003833,3219593,1609796593,0.000000,0.000000
ascii/shallow,500,5,158720,0.050007458,3173927,1586963289,0.000000,0.000000
ascii/shallow,500,6,157312,0.050003792,3146001,1573000704,0.000000,0.000000
ascii/nested,500,0,155776,0.050003500,3115302,1557650964,0.000000,0.000000
ascii/nested,500,1,156096,0.050006625,3121506,1560753200,0.000000,0.000000
ascii/nested,500,2,155104,0.050005833,3101718,1550859077,0.000000,0.000000
ascii/nested,500,3,154880,0.050008333,3097084,1548541920,0.000000,0.000000
ascii/nested,500,4,157984,0.050009625,3159072,1579535939,0.000000,0.000000
ascii/nested,500,5,155456,0.050000667,3109079,1554539262,0.000000,0.000000
ascii/nested,500,6,155520,0.050007042,3109962,1554980996,0.000000,0.000000
ascii/missing,500,0,159392,0.050002042,3187710,1593854907,0.000000,0.000000
ascii/missing,500,1,158912,0.050008625,3177692,1588845924,0.000000,0.000000
ascii/missing,500,2,159936,0.050000292,3198701,1599350660,0.000000,0.000000
ascii/missing,500,3,159168,0.050002083,3183227,1591613693,0.000000,0.000000
ascii/missing,500,4,163424,0.050004958,3268156,1634077965,0.000000,0.000000
ascii/missing,500,5,162336,0.050007375,3246241,1623120590,0.000000,0.000000
ascii/missing,500,6,161472,0.050000916,3229381,1614690419,0.000000,0.000000
ascii/array_value,500,0,159072,0.050009291,3180849,1590424467,0.000000,0.000000
ascii/array_value,500,1,158688,0.050003209,3173556,1586778161,0.000000,0.000000
ascii/array_value,500,2,159040,0.050010000,3180164,1590081984,0.000000,0.000000
ascii/array_value,500,3,159712,0.050006417,3193830,1596915052,0.000000,0.000000
ascii/array_value,500,4,158976,0.050002041,3179390,1589695109,0.000000,0.000000
ascii/array_value,500,5,157792,0.050005625,3155485,1577742504,0.000000,0.000000
ascii/array_value,500,6,157888,0.050003875,3157515,1578757646,0.000000,0.000000
ascii/identity_write,500,0,76032,0.050014375,1520203,760101471,0.000000,0.000000
ascii/identity_write,500,1,76160,0.050019125,1522618,761308799,0.000000,0.000000
ascii/identity_write,500,2,75680,0.050001417,1513557,756778553,0.000000,0.000000
ascii/identity_write,500,3,75968,0.050016500,1518859,759429388,0.000000,0.000000
ascii/identity_write,500,4,76128,0.050016667,1522053,761026319,0.000000,0.000000
ascii/identity_write,500,5,76032,0.050017459,1520109,760054604,0.000000,0.000000
ascii/identity_write,500,6,76000,0.050005625,1519829,759914510,0.000000,0.000000
ascii/validate,1024,0,88064,0.050009333,1760951,1803214132,0.000000,0.000000
ascii/validate,1024,1,87936,0.050003834,1758585,1800791195,0.000000,0.000000
ascii/validate,1024,2,88320,0.050004000,1766259,1808648908,0.000000,0.000000
ascii/validate,1024,3,87648,0.050002625,1752868,1794936806,0.000000,0.000000
ascii/validate,1024,4,87712,0.050017500,1753626,1795713260,0.000000,0.000000
ascii/validate,1024,5,87584,0.050022834,1750880,1792901538,0.000000,0.000000
ascii/validate,1024,6,87648,0.050007209,1752707,1794772270,0.000000,0.000000
ascii/identity,1024,0,87008,0.050008750,1739856,1781612058,0.000000,0.000000
ascii/identity,1024,1,86848,0.050003417,1736841,1778525496,0.000000,0.000000
ascii/identity,1024,2,86752,0.050011250,1734650,1776281297,0.000000,0.000000
ascii/identity,1024,3,86912,0.050001042,1738204,1779920666,0.000000,0.000000
ascii/identity,1024,4,86720,0.050000958,1734367,1775991572,0.000000,0.000000
ascii/identity,1024,5,86912,0.050017125,1737645,1779348333,0.000000,0.000000
ascii/identity,1024,6,87200,0.050009750,1743660,1785507826,0.000000,0.000000
ascii/shallow,1024,0,84576,0.050016000,1690979,1731562380,0.000000,0.000000
ascii/shallow,1024,1,84256,0.050013042,1684681,1725112902,0.000000,0.000000
ascii/shallow,1024,2,85280,0.050008416,1705313,1746240473,0.000000,0.000000
ascii/shallow,1024,3,85088,0.050001041,1701725,1742565960,0.000000,0.000000
ascii/shallow,1024,4,84672,0.050010042,1693100,1733734357,0.000000,0.000000
ascii/shallow,1024,5,84576,0.050005000,1691351,1731943286,0.000000,0.000000
ascii/shallow,1024,6,84736,0.050004708,1694560,1735229891,0.000000,0.000000
ascii/nested,1024,0,84672,0.050009541,1693117,1733751725,0.000000,0.000000
ascii/nested,1024,1,84160,0.050006209,1682991,1723382790,0.000000,0.000000
ascii/nested,1024,2,84576,0.050001334,1691475,1732070268,0.000000,0.000000
ascii/nested,1024,3,84768,0.050013625,1694898,1735575696,0.000000,0.000000
ascii/nested,1024,4,84224,0.050019042,1683839,1724250856,0.000000,0.000000
ascii/nested,1024,5,84576,0.050005792,1691324,1731915855,0.000000,0.000000
ascii/nested,1024,6,84544,0.050002125,1690808,1731387536,0.000000,0.000000
ascii/missing,1024,0,85536,0.050000875,1710690,1751746624,0.000000,0.000000
ascii/missing,1024,1,85696,0.050006334,1713703,1754831778,0.000000,0.000000
ascii/missing,1024,2,85760,0.050007000,1714960,1756118943,0.000000,0.000000
ascii/missing,1024,3,85440,0.050000334,1708789,1749799511,0.000000,0.000000
ascii/missing,1024,4,85728,0.050011292,1714173,1755313020,0.000000,0.000000
ascii/missing,1024,5,85920,0.050016333,1717839,1759066983,0.000000,0.000000
ascii/missing,1024,6,86048,0.050013625,1720491,1761782954,0.000000,0.000000
ascii/array_value,1024,0,84672,0.050004459,1693289,1733927928,0.000000,0.000000
ascii/array_value,1024,1,85824,0.050010833,1716108,1757294785,0.000000,0.000000
ascii/array_value,1024,2,84896,0.050013459,1697463,1738202191,0.000000,0.000000
ascii/array_value,1024,3,84992,0.050002750,1699747,1740540430,0.000000,0.000000
ascii/array_value,1024,4,85088,0.050011416,1701372,1742204460,0.000000,0.000000
ascii/array_value,1024,5,85088,0.050006417,1701542,1742378623,0.000000,0.000000
ascii/array_value,1024,6,85472,0.050000500,1709423,1750449056,0.000000,0.000000
ascii/identity_write,1024,0,38656,0.050019875,772813,791360314,0.000000,0.000000
ascii/identity_write,1024,1,38560,0.050009125,771059,789564704,0.000000,0.000000
ascii/identity_write,1024,2,38560,0.050028208,770765,789263529,0.000000,0.000000
ascii/identity_write,1024,3,38496,0.050012583,769726,788199722,0.000000,0.000000
ascii/identity_write,1024,4,38496,0.050017250,769654,788126176,0.000000,0.000000
ascii/identity_write,1024,5,38528,0.050009625,770412,788901576,0.000000,0.000000
ascii/identity_write,1024,6,38976,0.050012750,779321,798024984,0.000000,0.000000
ascii/validate,10240,0,9408,0.050080459,187858,1923662880,0.000000,0.000000
ascii/validate,10240,1,9440,0.050165042,188179,1926951442,0.000000,0.000000
ascii/validate,10240,2,9408,0.050074916,187878,1923875818,0.000000,0.000000
ascii/validate,10240,3,9440,0.050163084,188186,1927026656,0.000000,0.000000
ascii/validate,10240,4,9408,0.050051583,187966,1924772689,0.000000,0.000000
ascii/validate,10240,5,9472,0.050138209,188918,1934518243,0.000000,0.000000
ascii/validate,10240,6,9408,0.050031292,188042,1925553312,0.000000,0.000000
ascii/identity,10240,0,9504,0.050031625,189960,1945188868,0.000000,0.000000
ascii/identity,10240,1,9536,0.050114291,190285,1948518837,0.000000,0.000000
ascii/identity,10240,2,9440,0.050169167,188163,1926793004,0.000000,0.000000
ascii/identity,10240,3,9408,0.050057916,187942,1924529179,0.000000,0.000000
ascii/identity,10240,4,9408,0.050023541,188071,1925851671,0.000000,0.000000
ascii/identity,10240,5,9504,0.050024542,189987,1945464288,0.000000,0.000000
ascii/identity,10240,6,9408,0.050048166,187979,1924904101,0.000000,0.000000
ascii/shallow,10240,0,9408,0.050146500,187610,1921129491,0.000000,0.000000
ascii/shallow,10240,1,9408,0.050146959,187609,1921111906,0.000000,0.000000
ascii/shallow,10240,2,9376,0.050000875,187517,1920171197,0.000000,0.000000
ascii/shallow,10240,3,9376,0.050131791,187027,1915156791,0.000000,0.000000
ascii/shallow,10240,4,9376,0.050052209,187324,1918201852,0.000000,0.000000
ascii/shallow,10240,5,9440,0.050139750,188274,1927923454,0.000000,0.000000
ascii/shallow,10240,6,9376,0.050006667,187495,1919948794,0.000000,0.000000
ascii/nested,10240,0,9376,0.050053416,187320,1918155596,0.000000,0.000000
ascii/nested,10240,1,9376,0.050078583,187226,1917191627,0.000000,0.000000
ascii/nested,10240,2,9376,0.050049208,187336,1918316869,0.000000,0.000000
ascii/nested,10240,3,9376,0.050067500,187267,1917616018,0.000000,0.000000
ascii/nested,10240,4,9472,0.050115583,189003,1935391633,0.000000,0.000000
ascii/nested,10240,5,9440,0.050141750,188266,1927846555,0.000000,0.000000
ascii/nested,10240,6,9408,0.050135084,187653,1921566941,0.000000,0.000000
ascii/missing,10240,0,9408,0.050131167,187668,1921717083,0.000000,0.000000
ascii/missing,10240,1,9376,0.050064125,187280,1917745292,0.000000,0.000000
ascii/missing,10240,2,9408,0.050163209,187548,1920489576,0.000000,0.000000
ascii/missing,10240,3,9408,0.050087333,187832,1923398876,0.000000,0.000000
ascii/missing,10240,4,9408,0.050092917,187811,1923184469,0.000000,0.000000
ascii/missing,10240,5,9472,0.050152667,188863,1933960561,0.000000,0.000000
ascii/missing,10240,6,9408,0.050074792,187879,1923880582,0.000000,0.000000
ascii/array_value,10240,0,9408,0.050135291,187652,1921559007,0.000000,0.000000
ascii/array_value,10240,1,9376,0.050033125,187396,1918933507,0.000000,0.000000
ascii/array_value,10240,2,9376,0.050041208,187366,1918623547,0.000000,0.000000
ascii/array_value,10240,3,9376,0.050097792,187154,1916456518,0.000000,0.000000
ascii/array_value,10240,4,9376,0.050081209,187216,1917091099,0.000000,0.000000
ascii/array_value,10240,5,9504,0.050094000,189723,1942766798,0.000000,0.000000
ascii/array_value,10240,6,9376,0.050014000,187468,1919667293,0.000000,0.000000
ascii/identity_write,10240,0,4064,0.050390792,80650,825852469,0.000000,0.000000
ascii/identity_write,10240,1,4032,0.050110834,80462,823927217,0.000000,0.000000
ascii/identity_write,10240,2,4032,0.050052792,80555,824882656,0.000000,0.000000
ascii/identity_write,10240,3,4032,0.050048208,80562,824958208,0.000000,0.000000
ascii/identity_write,10240,4,4064,0.050293958,80805,827442533,0.000000,0.000000
ascii/identity_write,10240,5,4032,0.050057541,80547,824804399,0.000000,0.000000
ascii/identity_write,10240,6,4032,0.050029125,80593,825272879,0.000000,0.000000
ascii/validate,65536,0,1504,0.050720708,29653,1943311675,0.000000,0.000000
ascii/validate,65536,1,1504,0.050672875,29681,1945146077,0.000000,0.000000
ascii/validate,65536,2,1504,0.050669084,29683,1945291610,0.000000,0.000000
ascii/validate,65536,3,1504,0.050624542,29709,1947003175,0.000000,0.000000
ascii/validate,65536,4,1504,0.050342750,29875,1957901465,0.000000,0.000000
ascii/validate,65536,5,1504,0.050021083,30067,1970492002,0.000000,0.000000
ascii/validate,65536,6,1504,0.050576625,29737,1948847793,0.000000,0.000000
ascii/identity,65536,0,1504,0.050635208,29703,1946593050,0.000000,0.000000
ascii/identity,65536,1,1504,0.050759417,29630,1941829710,0.000000,0.000000
ascii/identity,65536,2,1504,0.050723291,29651,1943212715,0.000000,0.000000
ascii/identity,65536,3,1504,0.050773584,29622,1941287895,0.000000,0.000000
ascii/identity,65536,4,1536,0.050684833,30305,1986063484,0.000000,0.000000
ascii/identity,65536,5,1504,0.050645833,29696,1946184674,0.000000,0.000000
ascii/identity,65536,6,1504,0.050645708,29696,1946189478,0.000000,0.000000
ascii/shallow,65536,0,1504,0.050631792,29705,1946724382,0.000000,0.000000
ascii/shallow,65536,1,1504,0.050640375,29700,1946394433,0.000000,0.000000
ascii/shallow,65536,2,1504,0.050686417,29673,1944626388,0.000000,0.000000
ascii/shallow,65536,3,1504,0.050663875,29686,1945491615,0.000000,0.000000
ascii/shallow,65536,4,1536,0.051074250,30074,1970920689,0.000000,0.000000
ascii/shallow,65536,5,1504,0.050642042,29699,1946330363,0.000000,0.000000
ascii/shallow,65536,6,1504,0.050786458,29614,1940795792,0.000000,0.000000
ascii/nested,65536,0,1504,0.050714583,29656,1943546376,0.000000,0.000000
ascii/nested,65536,1,1504,0.050645750,29696,1946187864,0.000000,0.000000
ascii/nested,65536,2,1504,0.050661125,29687,1945597221,0.000000,0.000000
ascii/nested,65536,3,1504,0.050672667,29681,1945154061,0.000000,0.000000
ascii/nested,65536,4,1536,0.051029791,30100,1972637826,0.000000,0.000000
ascii/nested,65536,5,1504,0.050549250,29753,1949903193,0.000000,0.000000
ascii/nested,65536,6,1504,0.050689916,29671,1944492155,0.000000,0.000000
ascii/missing,65536,0,1504,0.050096542,30022,1967523906,0.000000,0.000000
ascii/missing,65536,1,1504,0.050711333,29658,1943670934,0.000000,0.000000
ascii/missing,65536,2,1504,0.050707000,29661,1943837024,0.000000,0.000000
ascii/missing,65536,3,1504,0.050772667,29622,1941322956,0.000000,0.000000
ascii/missing,65536,4,1504,0.050664000,29686,1945486815,0.000000,0.000000
ascii/missing,65536,5,1504,0.050653625,29692,1945885294,0.000000,0.000000
ascii/missing,65536,6,1504,0.050642291,29698,1946320793,0.000000,0.000000
ascii/array_value,65536,0,1504,0.050639959,29700,1946410423,0.000000,0.000000
ascii/array_value,65536,1,1536,0.050904417,30174,1977496295,0.000000,0.000000
ascii/array_value,65536,2,1504,0.050615208,29714,1947362224,0.000000,0.000000
ascii/array_value,65536,3,1504,0.050641250,29699,1946360803,0.000000,0.000000
ascii/array_value,65536,4,1504,0.050691250,29670,1944440983,0.000000,0.000000
ascii/array_value,65536,5,1504,0.050005583,30077,1971102787,0.000000,0.000000
ascii/array_value,65536,6,1504,0.050695292,29667,1944285951,0.000000,0.000000
ascii/identity_write,65536,0,640,0.051024000,12543,822025713,0.000000,0.000000
ascii/identity_write,65536,1,640,0.050979416,12554,822744615,0.000000,0.000000
ascii/identity_write,65536,2,640,0.051529416,12420,813963038,0.000000,0.000000
ascii/identity_write,65536,3,640,0.050488042,12676,830751963,0.000000,0.000000
ascii/identity_write,65536,4,640,0.050767584,12606,826177586,0.000000,0.000000
ascii/identity_write,65536,5,640,0.051114916,12521,820563610,0.000000,0.000000
ascii/identity_write,65536,6,672,0.052471292,12807,839319756,0.000000,0.000000
ascii/validate,1048576,0,96,0.051668875,1858,1948238587,0.000000,0.000000
ascii/validate,1048576,1,96,0.051732792,1856,1945831495,0.000000,0.000000
ascii/validate,1048576,2,96,0.051557125,1862,1952461391,0.000000,0.000000
ascii/validate,1048576,3,96,0.051565666,1862,1952137998,0.000000,0.000000
ascii/validate,1048576,4,96,0.051562042,1862,1952275203,0.000000,0.000000
ascii/validate,1048576,5,96,0.051389708,1868,1958822105,0.000000,0.000000
ascii/validate,1048576,6,96,0.051631042,1859,1949666172,0.000000,0.000000
ascii/identity,1048576,0,96,0.051569750,1862,1951983401,0.000000,0.000000
ascii/identity,1048576,1,96,0.051610417,1860,1950445314,0.000000,0.000000
ascii/identity,1048576,2,96,0.051679375,1858,1947842752,0.000000,0.000000
ascii/identity,1048576,3,96,0.051093916,1879,1970162083,0.000000,0.000000
ascii/identity,1048576,4,96,0.051440583,1866,1956884820,0.000000,0.000000
ascii/identity,1048576,5,96,0.051593958,1861,1951067526,0.000000,0.000000
ascii/identity,1048576,6,96,0.051550500,1862,1952712311,0.000000,0.000000
ascii/shallow,1048576,0,96,0.051775834,1854,1944213897,0.000000,0.000000
ascii/shallow,1048576,1,96,0.051986083,1847,1936350850,0.000000,0.000000
ascii/shallow,1048576,2,96,0.052622708,1824,1912925044,0.000000,0.000000
ascii/shallow,1048576,3,96,0.052377542,1833,1921878961,0.000000,0.000000
ascii/shallow,1048576,4,96,0.052826541,1817,1905543958,0.000000,0.000000
ascii/shallow,1048576,5,96,0.052362333,1833,1922437184,0.000000,0.000000
ascii/shallow,1048576,6,96,0.052446125,1830,1919365749,0.000000,0.000000
ascii/nested,1048576,0,96,0.052460875,1830,1918826097,0.000000,0.000000
ascii/nested,1048576,1,96,0.053332625,1800,1887461868,0.000000,0.000000
ascii/nested,1048576,2,96,0.055084625,1743,1827429995,0.000000,0.000000
ascii/nested,1048576,3,96,0.052996834,1811,1899420935,0.000000,0.000000
ascii/nested,1048576,4,96,0.052373542,1833,1922025743,0.000000,0.000000
ascii/nested,1048576,5,96,0.052363750,1833,1922385161,0.000000,0.000000
ascii/nested,1048576,6,96,0.052458416,1830,1918916042,0.000000,0.000000
ascii/missing,1048576,0,96,0.052421833,1831,1920255173,0.000000,0.000000
ascii/missing,1048576,1,96,0.052231709,1838,1927244923,0.000000,0.000000
ascii/missing,1048576,2,96,0.051715416,1856,1946485280,0.000000,0.000000
ascii/missing,1048576,3,96,0.051806667,1853,1943056788,0.000000,0.000000
ascii/missing,1048576,4,96,0.051756292,1855,1944947988,0.000000,0.000000
ascii/missing,1048576,5,96,0.051818208,1853,1942624029,0.000000,0.000000
ascii/missing,1048576,6,96,0.051431375,1867,1957235170,0.000000,0.000000
ascii/array_value,1048576,0,96,0.051148208,1877,1968070827,0.000000,0.000000
ascii/array_value,1048576,1,96,0.052035208,1845,1934522795,0.000000,0.000000
ascii/array_value,1048576,2,96,0.052307125,1835,1924466237,0.000000,0.000000
ascii/array_value,1048576,3,96,0.053052291,1810,1897435419,0.000000,0.000000
ascii/array_value,1048576,4,96,0.052426250,1831,1920093388,0.000000,0.000000
ascii/array_value,1048576,5,96,0.052521833,1828,1916599065,0.000000,0.000000
ascii/array_value,1048576,6,96,0.052359583,1833,1922538153,0.000000,0.000000
ascii/identity_write,1048576,0,64,0.084317500,759,795906710,0.000000,0.000000
ascii/identity_write,1048576,1,64,0.082748042,773,811002440,0.000000,0.000000
ascii/identity_write,1048576,2,64,0.082437875,776,814053783,0.000000,0.000000
ascii/identity_write,1048576,3,64,0.082294791,778,815469159,0.000000,0.000000
ascii/identity_write,1048576,4,64,0.082592417,775,812530574,0.000000,0.000000
ascii/identity_write,1048576,5,64,0.082846125,773,810042280,0.000000,0.000000
ascii/identity_write,1048576,6,64,0.082896458,772,809550439,0.000000,0.000000
structured/validate,485,0,97184,0.050015625,1943073,942390303,0.000000,0.000000
structured/validate,485,1,99264,0.050006458,1985024,962736453,0.000000,0.000000
structured/validate,485,2,99712,0.050010417,1993825,967004934,0.000000,0.000000
structured/validate,485,3,100096,0.050003875,2001765,970855959,0.000000,0.000000
structured/validate,485,4,99648,0.050014209,1992394,966310994,0.000000,0.000000
structured/validate,485,5,99328,0.050001833,1986487,963446280,0.000000,0.000000
structured/validate,485,6,98208,0.050001875,1964086,952581878,0.000000,0.000000
structured/identity,485,0,99072,0.050013208,1980917,960744610,0.000000,0.000000
structured/identity,485,1,99520,0.050014750,1989813,965059308,0.000000,0.000000
structured/identity,485,2,98976,0.050011458,1979066,959847241,0.000000,0.000000
structured/identity,485,3,98784,0.050007458,1975385,958061895,0.000000,0.000000
structured/identity,485,4,98624,0.050008916,1972128,956482240,0.000000,0.000000
structured/identity,485,5,99104,0.050007958,1981765,961155822,0.000000,0.000000
structured/identity,485,6,98944,0.050012791,1978374,959511338,0.000000,0.000000
structured/shallow,485,0,98016,0.050000417,1960304,950747271,0.000000,0.000000
structured/shallow,485,1,98016,0.050016042,1959691,950450258,0.000000,0.000000
structured/shallow,485,2,98240,0.050012291,1964317,952693809,0.000000,0.000000
structured/shallow,485,3,97216,0.050006292,1944075,942876548,0.000000,0.000000
structured/shallow,485,4,98112,0.050001167,1962194,951664188,0.000000,0.000000
structured/shallow,485,5,98528,0.050002791,1970450,955668255,0.000000,0.000000
structured/shallow,485,6,97408,0.050006625,1947902,944732423,0.000000,0.000000
structured/nested,485,0,97504,0.050013584,1949550,945531918,0.000000,0.000000
structured/nested,485,1,96544,0.050001750,1930812,936444024,0.000000,0.000000
structured/nested,485,2,96704,0.050011709,1933627,937809184,0.000000,0.000000
structured/nested,485,3,97568,0.050004833,1951171,946318129,0.000000,0.000000
structured/nested,485,4,97504,0.050001916,1950005,945752559,0.000000,0.000000
structured/nested,485,5,96576,0.050015750,1930912,936492205,0.000000,0.000000
structured/nested,485,6,96224,0.050008917,1924137,933206372,0.000000,0.000000
structured/missing,485,0,98176,0.050006417,1963268,952184997,0.000000,0.000000
structured/missing,485,1,97856,0.050008583,1956784,949040288,0.000000,0.000000
structured/missing,485,2,98368,0.050002875,1967247,954114738,0.000000,0.000000
structured/missing,485,3,98720,0.050014500,1973828,957306381,0.000000,0.000000
structured/missing,485,4,98528,0.050008875,1970210,955551990,0.000000,0.000000
structured/missing,485,5,98528,0.050003750,1970412,955649926,0.000000,0.000000
structured/missing,485,6,97984,0.050003250,1959553,950383025,0.000000,0.000000
structured/array_value,485,0,98336,0.050009417,1966350,953679584,0.000000,0.000000
structured/array_value,485,1,98368,0.050006250,1967114,954050344,0.000000,0.000000
structured/array_value,485,2,98528,0.050007041,1970283,955587034,0.000000,0.000000
structured/array_value,485,3,98048,0.050001500,1960901,951037069,0.000000,0.000000
structured/array_value,485,4,97856,0.050015542,1956512,948908241,0.000000,0.000000
structured/array_value,485,5,97632,0.050012583,1952149,946792130,0.000000,0.000000
structured/array_value,485,6,98016,0.050004959,1960126,950660913,0.000000,0.000000
structured/identity_write,485,0,63232,0.050019542,1264146,613110772,0.000000,0.000000
structured/identity_write,485,1,62944,0.050018542,1258413,610330465,0.000000,0.000000
structured/identity_write,485,2,62624,0.050001000,1252455,607440651,0.000000,0.000000
structured/identity_write,485,3,62656,0.050004042,1253019,607714072,0.000000,0.000000
structured/identity_write,485,4,62912,0.050001542,1258201,610227581,0.000000,0.000000
structured/identity_write,485,5,62624,0.050007292,1252297,607364222,0.000000,0.000000
structured/identity_write,485,6,62592,0.050022333,1251281,606871335,0.000000,0.000000
unicode_escaped_keys/validate,960,0,57536,0.050024125,1150165,1104158444,0.000000,0.000000
unicode_escaped_keys/validate,960,1,57760,0.050012333,1154915,1108718523,0.000000,0.000000
unicode_escaped_keys/validate,960,2,57504,0.050000917,1150059,1104056552,0.000000,0.000000
unicode_escaped_keys/validate,960,3,57632,0.050001375,1152608,1106503971,0.000000,0.000000
unicode_escaped_keys/validate,960,4,57472,0.050008166,1149252,1103282212,0.000000,0.000000
unicode_escaped_keys/validate,960,5,57696,0.050017709,1153511,1107370991,0.000000,0.000000
unicode_escaped_keys/validate,960,6,57472,0.050003209,1149366,1103391584,0.000000,0.000000
unicode_escaped_keys/identity,960,0,57312,0.050013375,1145933,1100096124,0.000000,0.000000
unicode_escaped_keys/identity,960,1,57120,0.050003375,1142323,1096629977,0.000000,0.000000
unicode_escaped_keys/identity,960,2,57216,0.050020167,1143859,1098104291,0.000000,0.000000
unicode_escaped_keys/identity,960,3,57088,0.050002542,1141702,1096033878,0.000000,0.000000
unicode_escaped_keys/identity,960,4,57184,0.050006209,1143538,1097796476,0.000000,0.000000
unicode_escaped_keys/identity,960,5,56512,0.050020292,1129781,1084590230,0.000000,0.000000
unicode_escaped_keys/identity,960,6,55776,0.050001750,1115481,1070861720,0.000000,0.000000
unicode_escaped_keys/shallow,960,0,54848,0.050000959,1096939,1053061402,0.000000,0.000000
unicode_escaped_keys/shallow,960,1,54752,0.050001208,1095014,1051213003,0.000000,0.000000
unicode_escaped_keys/shallow,960,2,54656,0.050012792,1092840,1049126791,0.000000,0.000000
unicode_escaped_keys/shallow,960,3,56192,0.050013000,1123548,1078605962,0.000000,0.000000
unicode_escaped_keys/shallow,960,4,56192,0.050017083,1123456,1078517914,0.000000,0.000000
unicode_escaped_keys/shallow,960,5,55936,0.050001291,1118691,1073943471,0.000000,0.000000
unicode_escaped_keys/shallow,960,6,56064,0.050006458,1121135,1076289786,0.000000,0.000000
unicode_escaped_keys/nested,960,0,55456,0.050016916,1108745,1064395094,0.000000,0.000000
unicode_escaped_keys/nested,960,1,54240,0.050005375,1084683,1041296061,0.000000,0.000000
unicode_escaped_keys/nested,960,2,53952,0.050020583,1078596,1035452146,0.000000,0.000000
unicode_escaped_keys/nested,960,3,54080,0.050000792,1081583,1038319553,0.000000,0.000000
unicode_escaped_keys/nested,960,4,54048,0.050017041,1080592,1037368044,0.000000,0.000000
unicode_escaped_keys/nested,960,5,54144,0.050002791,1082820,1039506775,0.000000,0.000000
unicode_escaped_keys/nested,960,6,55392,0.050001000,1107818,1063505130,0.000000,0.000000
unicode_escaped_keys/missing,960,0,56384,0.050014750,1127347,1082253535,0.000000,0.000000
unicode_escaped_keys/missing,960,1,55232,0.050022917,1104134,1059968574,0.000000,0.000000
unicode_escaped_keys/missing,960,2,54656,0.050003625,1093041,1049319124,0.000000,0.000000
unicode_escaped_keys/missing,960,3,56672,0.050006500,1133293,1087960965,0.000000,0.000000
unicode_escaped_keys/missing,960,4,55424,0.050005250,1108364,1064029077,0.000000,0.000000
unicode_escaped_keys/missing,960,5,56896,0.050027958,1137284,1091792713,0.000000,0.000000
unicode_escaped_keys/missing,960,6,55904,0.050001625,1118044,1073321917,0.000000,0.000000
unicode_escaped_keys/array_value,960,0,56064,0.050022250,1120781,1075950002,0.000000,0.000000
unicode_escaped_keys/array_value,960,1,56160,0.050013417,1122899,1077982734,0.000000,0.000000
unicode_escaped_keys/array_value,960,2,54944,0.050022708,1098381,1054445913,0.000000,0.000000
unicode_escaped_keys/array_value,960,3,54656,0.050004666,1093018,1049297280,0.000000,0.000000
unicode_escaped_keys/array_value,960,4,54752,0.050028209,1094423,1050645647,0.000000,0.000000
unicode_escaped_keys/array_value,960,5,56224,0.050022792,1123968,1079008945,0.000000,0.000000
unicode_escaped_keys/array_value,960,6,54688,0.050002375,1093708,1049959727,0.000000,0.000000
unicode_escaped_keys/identity_write,960,0,31968,0.050030125,638975,613416017,0.000000,0.000000
unicode_escaped_keys/identity_write,960,1,31776,0.050042750,634977,609578011,0.000000,0.000000
unicode_escaped_keys/identity_write,960,2,32064,0.050022500,640992,615351892,0.000000,0.000000
unicode_escaped_keys/identity_write,960,3,32128,0.050036791,642088,616404038,0.000000,0.000000
unicode_escaped_keys/identity_write,960,4,31776,0.050041250,634996,609596283,0.000000,0.000000
unicode_escaped_keys/identity_write,960,5,31968,0.050027292,639011,613450754,0.000000,0.000000
unicode_escaped_keys/identity_write,960,6,32160,0.050046417,642603,616899308,0.000000,0.000000
array/shallow,78,0,213216,0.050003375,4264032,332594510,0.000000,0.000000
array/shallow,78,1,214336,0.050003417,4286427,334341311,0.000000,0.000000
array/shallow,78,2,214400,0.050005750,4287507,334425541,0.000000,0.000000
array/shallow,78,3,216192,0.050003416,4323545,337236480,0.000000,0.000000
array/shallow,78,4,217664,0.050002667,4353048,339537729,0.000000,0.000000
array/shallow,78,5,216896,0.050005875,4337410,338318008,0.000000,0.000000
array/shallow,78,6,209664,0.050001875,4193123,327063575,0.000000,0.000000
array/nested,78,0,193632,0.050002500,3872446,302050817,0.000000,0.000000
array/nested,78,1,196608,0.050002833,3931937,306691103,0.000000,0.000000
array/nested,78,2,197664,0.050001500,3953161,308346590,0.000000,0.000000
array/nested,78,3,197376,0.050007416,3946935,307860898,0.000000,0.000000
array/nested,78,4,197824,0.050001333,3956375,308597213,0.000000,0.000000
array/nested,78,5,197824,0.050005125,3956075,308573811,0.000000,0.000000
array/nested,78,6,192672,0.050005916,3852984,300532761,0.000000,0.000000
array/flatten,78,0,214848,0.050005583,4296480,335125460,0.000000,0.000000
array/flatten,78,1,216096,0.050006375,4321369,337066784,0.000000,0.000000
array/flatten,78,2,217696,0.050003083,4353652,339584821,0.000000,0.000000
array/flatten,78,3,219456,0.050006583,4388542,342306292,0.000000,0.000000
array/flatten,78,4,218208,0.050000834,4364087,340398802,0.000000,0.000000
array/flatten,78,5,218144,0.050003000,4362618,340284223,0.000000,0.000000
array/flatten,78,6,216032,0.050000084,4320633,337009354,0.000000,0.000000
array/missing,78,0,214464,0.050005541,4288805,334526768,0.000000,0.000000
array/missing,78,1,222368,0.050004459,4446963,346863147,0.000000,0.000000
array/missing,78,2,221440,0.050000250,4428778,345444673,0.000000,0.000000
array/missing,78,3,222176,0.050001375,4443398,346585029,0.000000,0.000000
array/missing,78,4,223616,0.050002125,4472130,348826135,0.000000,0.000000
array/missing,78,5,220576,0.050001750,4411366,344086517,0.000000,0.000000
array/missing,78,6,221120,0.050006041,4421866,344905529,0.000000,0.000000
array/root,67,0,229984,0.050006792,4599055,308136703,0.000000,0.000000
array/root,67,1,231296,0.050003583,4625589,309914432,0.000000,0.000000
array/root,67,2,231648,0.050005584,4632443,310373657,0.000000,0.000000
array/root,67,3,229312,0.050004667,4585812,307249401,0.000000,0.000000
array/root,67,4,230752,0.050006125,4614475,309169807,0.000000,0.000000
array/root,67,5,230528,0.050002166,4610360,308894139,0.000000,0.000000
array/root,67,6,232320,0.050006250,4645819,311269891,0.000000,0.000000
array/cancel_first,78,0,216608,0.050006250,4331619,337866247,0.000000,0.000000
array/cancel_first,78,1,217280,0.050004958,4345169,338923192,0.000000,0.000000
array/cancel_first,78,2,218848,0.050006708,4376373,341357084,0.000000,0.000000
array/cancel_first,78,3,218496,0.050002458,4369705,340837004,0.000000,0.000000
array/cancel_first,78,4,216576,0.050004583,4331123,337827595,0.000000,0.000000
array/cancel_first,78,5,218688,0.050005666,4373264,341114625,0.000000,0.000000
array/cancel_first,78,6,217344,0.050003292,4346594,339034318,0.000000,0.000000
array/shallow,540,0,30976,0.050045083,618962,334239430,0.000000,0.000000
array/shallow,540,1,31008,0.050020583,619905,334748597,0.000000,0.000000
array/shallow,540,2,31008,0.050027667,619817,334701196,0.000000,0.000000
array/shallow,540,3,31040,0.050021167,620537,335090143,0.000000,0.000000
array/shallow,540,4,31072,0.050020042,621191,335443141,0.000000,0.000000
array/shallow,540,5,30976,0.050019334,619281,334411490,0.000000,0.000000
array/shallow,540,6,30944,0.050049958,618262,333861619,0.000000,0.000000
array/nested,540,0,27360,0.050053375,546616,295172903,0.000000,0.000000
array/nested,540,1,27424,0.050055208,547875,295852531,0.000000,0.000000
array/nested,540,2,26816,0.050059125,535687,289270737,0.000000,0.000000
array/nested,540,3,27264,0.050010292,545168,294390603,0.000000,0.000000
array/nested,540,4,27488,0.050057000,549134,296532353,0.000000,0.000000
array/nested,540,5,27616,0.050009041,552220,298198880,0.000000,0.000000
array/nested,540,6,27648,0.050043125,552483,298341081,0.000000,0.000000
array/flatten,540,0,27872,0.050046583,556921,300737415,0.000000,0.000000
array/flatten,540,1,28064,0.050048708,560734,302796228,0.000000,0.000000
array/flatten,540,2,28064,0.050024834,561001,302940735,0.000000,0.000000
array/flatten,540,3,28064,0.050019083,561066,302975566,0.000000,0.000000
array/flatten,540,4,28128,0.050014875,562393,303692052,0.000000,0.000000
array/flatten,540,5,27424,0.050050667,547925,295879374,0.000000,0.000000
array/flatten,540,6,27552,0.050013791,550888,297479549,0.000000,0.000000
array/missing,540,0,31904,0.050024750,637764,344392726,0.000000,0.000000
array/missing,540,1,32384,0.050020167,647419,349606190,0.000000,0.000000
array/missing,540,2,32448,0.050005834,648884,350397516,0.000000,0.000000
array/missing,540,3,32224,0.050035958,644017,347769098,0.000000,0.000000
array/missing,540,4,32480,0.050037750,649110,350519358,0.000000,0.000000
array/missing,540,5,32064,0.050011542,641132,346211281,0.000000,0.000000
array/missing,540,6,32416,0.050011417,648172,350012878,0.000000,0.000000
array/root,529,0,31424,0.050012708,628320,332381442,0.000000,0.000000
array/root,529,1,31392,0.050004875,627779,332094981,0.000000,0.000000
array/root,529,2,31488,0.050022917,629471,332990417,0.000000,0.000000
array/root,529,3,30560,0.050053375,610548,322980019,0.000000,0.000000
array/root,529,4,30912,0.050027834,617896,326867000,0.000000,0.000000
array/root,529,5,31200,0.050014625,623818,329999475,0.000000,0.000000
array/root,529,6,31296,0.050048417,625314,330791361,0.000000,0.000000
array/cancel_first,540,0,62784,0.050023083,1255101,677754308,0.000000,0.000000
array/cancel_first,540,1,63680,0.050010291,1273338,687602478,0.000000,0.000000
array/cancel_first,540,2,63552,0.050017667,1270591,686119167,0.000000,0.000000
array/cancel_first,540,3,63680,0.050024167,1272985,687411746,0.000000,0.000000
array/cancel_first,540,4,63744,0.050004250,1274772,688376688,0.000000,0.000000
array/cancel_first,540,5,63840,0.050014667,1276426,689269810,0.000000,0.000000
array/cancel_first,540,6,63584,0.050011042,1271399,686555581,0.000000,0.000000
array/shallow,1074,0,15168,0.050058459,303006,325428156,0.000000,0.000000
array/shallow,1074,1,15136,0.050090875,302171,324531444,0.000000,0.000000
array/shallow,1074,2,15072,0.050098208,300849,323111916,0.000000,0.000000
array/shallow,1074,3,15104,0.050088250,301548,323862303,0.000000,0.000000
array/shallow,1074,4,15104,0.050103916,301453,323761041,0.000000,0.000000
array/shallow,1074,5,15104,0.050012125,302007,324355264,0.000000,0.000000
array/shallow,1074,6,15072,0.050053417,301118,323401058,0.000000,0.000000
array/nested,1074,0,13344,0.050016792,266790,286532891,0.000000,0.000000
array/nested,1074,1,13472,0.050029583,269281,289207448,0.000000,0.000000
array/nested,1074,2,13440,0.050070875,268420,288282559,0.000000,0.000000
array/nested,1074,3,13472,0.050093500,268937,288838432,0.000000,0.000000
array/nested,1074,4,13472,0.050061417,269109,289023541,0.000000,0.000000
array/nested,1074,5,13504,0.050101209,269534,289479960,0.000000,0.000000
array/nested,1074,6,13472,0.050081000,269004,288910525,0.000000,0.000000
array/flatten,1074,0,13440,0.050016333,268712,288596927,0.000000,0.000000
array/flatten,1074,1,13536,0.050000667,270716,290749401,0.000000,0.000000
array/flatten,1074,2,13728,0.050103459,273993,294268545,0.000000,0.000000
array/flatten,1074,3,13728,0.050019375,274454,294763219,0.000000,0.000000
array/flatten,1074,4,13792,0.050111458,275226,295593235,0.000000,0.000000
array/flatten,1074,5,13728,0.050022292,274438,294746030,0.000000,0.000000
array/flatten,1074,6,13760,0.050088208,274715,295044295,0.000000,0.000000
array/missing,1074,0,15712,0.050044167,313963,337195901,0.000000,0.000000
array/missing,1074,1,15744,0.050031375,314683,337969044,0.000000,0.000000
array/missing,1074,2,15616,0.050058500,311955,335039684,0.000000,0.000000
array/missing,1074,3,15712,0.050089459,313679,336891001,0.000000,0.000000
array/missing,1074,4,15680,0.050101708,312963,336122673,0.000000,0.000000
array/missing,1074,5,15648,0.050042459,312694,335833857,0.000000,0.000000
array/missing,1074,6,15776,0.050071000,315073,338387969,0.000000,0.000000
array/root,1063,0,15328,0.050108875,305894,325165233,0.000000,0.000000
array/root,1063,1,15328,0.050082292,306056,325337826,0.000000,0.000000
array/root,1063,2,15328,0.050002792,306543,325855084,0.000000,0.000000
array/root,1063,3,14976,0.050045250,299249,318101878,0.000000,0.000000
array/root,1063,4,15232,0.050079833,304154,323316094,0.000000,0.000000
array/root,1063,5,15200,0.050053375,303676,322807403,0.000000,0.000000
array/root,1063,6,15328,0.050038125,306326,325624991,0.000000,0.000000
array/cancel_first,1074,0,38208,0.050016250,763912,820441197,0.000000,0.000000
array/cancel_first,1074,1,38208,0.050040458,763542,820044293,0.000000,0.000000
array/cancel_first,1074,2,38208,0.050016625,763906,820435045,0.000000,0.000000
array/cancel_first,1074,3,38304,0.050035917,765530,822179316,0.000000,0.000000
array/cancel_first,1074,4,38304,0.050013459,765874,822548506,0.000000,0.000000
array/cancel_first,1074,5,38304,0.050026500,765674,822334083,0.000000,0.000000
array/cancel_first,1074,6,38240,0.050014958,764571,821149545,0.000000,0.000000
array/shallow,8606,0,2016,0.050282041,40094,345047569,0.000000,0.000000
array/shallow,8606,1,2016,0.050699916,39763,342203644,0.000000,0.000000
array/shallow,8606,2,2016,0.050773167,39706,341709943,0.000000,0.000000
array/shallow,8606,3,2016,0.050654083,39799,342513278,0.000000,0.000000
array/shallow,8606,4,2016,0.050530208,39897,343352950,0.000000,0.000000
array/shallow,8606,5,2016,0.050382125,40014,344362132,0.000000,0.000000
array/shallow,8606,6,2016,0.050382625,40014,344358715,0.000000,0.000000
array/nested,8606,0,1792,0.050716166,35334,304083554,0.000000,0.000000
array/nested,8606,1,1792,0.050604000,35412,304757569,0.000000,0.000000
array/nested,8606,2,1792,0.050817083,35264,303479678,0.000000,0.000000
array/nested,8606,3,1792,0.050866042,35230,303187576,0.000000,0.000000
array/nested,8606,4,1760,0.050003375,35198,302910754,0.000000,0.000000
array/nested,8606,5,1792,0.050798167,35277,303592687,0.000000,0.000000
array/nested,8606,6,1792,0.050860708,35233,303219373,0.000000,0.000000
array/flatten,8606,0,1824,0.050815625,35894,308907821,0.000000,0.000000
array/flatten,8606,1,1792,0.050454250,35517,305662100,0.000000,0.000000
array/flatten,8606,2,1824,0.050631000,36025,310034248,0.000000,0.000000
array/flatten,8606,3,1824,0.050445416,36158,311174835,0.000000,0.000000
array/flatten,8606,4,1824,0.050383250,36203,311558782,0.000000,0.000000
array/flatten,8606,5,1824,0.050289750,36270,312138040,0.000000,0.000000
array/flatten,8606,6,1824,0.050187458,36344,312774239,0.000000,0.000000
array/missing,8606,0,2080,0.050326917,41330,355684017,0.000000,0.000000
array/missing,8606,1,2080,0.050070667,41541,357504325,0.000000,0.000000
array/missing,8606,2,2080,0.050242459,41399,356281925,0.000000,0.000000
array/missing,8606,3,2112,0.050683792,41670,358613105,0.000000,0.000000
array/missing,8606,4,2112,0.050617000,41725,359086315,0.000000,0.000000
array/missing,8606,5,2112,0.050467459,41849,360150330,0.000000,0.000000
array/missing,8606,6,2112,0.050503458,41819,359893614,0.000000,0.000000
array/root,8595,0,1984,0.050018208,39666,340925449,0.000000,0.000000
array/root,8595,1,2016,0.050676750,39782,341922479,0.000000,0.000000
array/root,8595,2,2016,0.050728708,39741,341572271,0.000000,0.000000
array/root,8595,3,2016,0.050577667,39859,342592315,0.000000,0.000000
array/root,8595,4,2016,0.050675250,39783,341932600,0.000000,0.000000
array/root,8595,5,1984,0.050029250,39657,340850203,0.000000,0.000000
array/root,8595,6,2016,0.050381458,40015,343926529,0.000000,0.000000
array/cancel_first,8606,0,6400,0.050074708,127809,1099924537,0.000000,0.000000
array/cancel_first,8606,1,6400,0.050111958,127714,1099106924,0.000000,0.000000
array/cancel_first,8606,2,6400,0.050100250,127744,1099363776,0.000000,0.000000
array/cancel_first,8606,3,6400,0.050032875,127916,1100844195,0.000000,0.000000
array/cancel_first,8606,4,6400,0.050106667,127728,1099222984,0.000000,0.000000
array/cancel_first,8606,5,6400,0.050103250,127736,1099297950,0.000000,0.000000
array/cancel_first,8606,6,6400,0.050067000,127829,1100093874,0.000000,0.000000
array/shallow,69558,0,256,0.050800042,5039,350528214,0.000000,0.000000
array/shallow,69558,1,256,0.050779125,5041,350672604,0.000000,0.000000
array/shallow,69558,2,256,0.050787375,5041,350615640,0.000000,0.000000
array/shallow,69558,3,256,0.050652584,5054,351548659,0.000000,0.000000
array/shallow,69558,4,256,0.050671709,5052,351415975,0.000000,0.000000
array/shallow,69558,5,256,0.050587042,5061,352004136,0.000000,0.000000
array/shallow,69558,6,256,0.051305625,4990,347073990,0.000000,0.000000
array/nested,69558,0,256,0.056646250,4519,314351753,0.000000,0.000000
array/nested,69558,1,224,0.050779125,4411,306838529,0.000000,0.000000
array/nested,69558,2,224,0.050743292,4414,307055206,0.000000,0.000000
array/nested,69558,3,224,0.050444750,4441,308872420,0.000000,0.000000
array/nested,69558,4,224,0.050317375,4452,309654309,0.000000,0.000000
array/nested,69558,5,224,0.050340584,4450,309511546,0.000000,0.000000
array/nested,69558,6,224,0.050033417,4477,311411711,0.000000,0.000000
array/flatten,69558,0,256,0.056508667,4530,315117113,0.000000,0.000000
array/flatten,69558,1,256,0.056049333,4567,317699552,0.000000,0.000000
array/flatten,69558,2,256,0.055823250,4586,318986229,0.000000,0.000000
array/flatten,69558,3,256,0.055867958,4582,318730962,0.000000,0.000000
array/flatten,69558,4,256,0.055809500,4587,319064819,0.000000,0.000000
array/flatten,69558,5,256,0.056813333,4506,313427272,0.000000,0.000000
array/flatten,69558,6,256,0.056952541,4495,312661168,0.000000,0.000000
array/missing,69558,0,288,0.055058209,5231,363845907,0.000000,0.000000
array/missing,69558,1,288,0.055171583,5220,363098228,0.000000,0.000000
array/missing,69558,2,288,0.054808917,5255,365500818,0.000000,0.000000
array/missing,69558,3,288,0.054933500,5243,364671903,0.000000,0.000000
array/missing,69558,4,288,0.054990708,5237,364292527,0.000000,0.000000
array/missing,69558,5,288,0.054970583,5239,364425897,0.000000,0.000000
array/missing,69558,6,288,0.054781042,5257,365686801,0.000000,0.000000
array/root,69547,0,256,0.050719417,5047,351029902,0.000000,0.000000
array/root,69547,1,256,0.050688708,5050,351242569,0.000000,0.000000
array/root,69547,2,256,0.050290000,5090,354027282,0.000000,0.000000
array/root,69547,3,256,0.050266459,5093,354193081,0.000000,0.000000
array/root,69547,4,256,0.050192375,5100,354715871,0.000000,0.000000
array/root,69547,5,256,0.050186125,5101,354760046,0.000000,0.000000
array/root,69547,6,256,0.050401291,5079,353245555,0.000000,0.000000
array/cancel_first,69558,0,864,0.051384625,16814,1169573817,0.000000,0.000000
array/cancel_first,69558,1,864,0.051364916,16821,1170022589,0.000000,0.000000
array/cancel_first,69558,2,864,0.051428334,16800,1168579795,0.000000,0.000000
array/cancel_first,69558,3,864,0.051419917,16803,1168771081,0.000000,0.000000
array/cancel_first,69558,4,864,0.051556209,16758,1165681363,0.000000,0.000000
array/cancel_first,69558,5,864,0.051374500,16818,1169804319,0.000000,0.000000
array/cancel_first,69558,6,832,0.050251500,16557,1151652309,0.000000,0.000000
array/shallow,1135782,0,32,0.102691459,312,353924507,0.000000,0.000000
array/shallow,1135782,1,32,0.102864708,311,353328413,0.000000,0.000000
array/shallow,1135782,2,32,0.102171791,313,355724644,0.000000,0.000000
array/shallow,1135782,3,32,0.103026125,311,352774833,0.000000,0.000000
array/shallow,1135782,4,32,0.103064875,310,352642197,0.000000,0.000000
array/shallow,1135782,5,32,0.101625667,315,357636265,0.000000,0.000000
array/shallow,1135782,6,32,0.101472792,315,358175066,0.000000,0.000000
array/nested,1135782,0,32,0.114534667,279,317327714,0.000000,0.000000
array/nested,1135782,1,32,0.115249250,278,315360178,0.000000,0.000000
array/nested,1135782,2,32,0.116539166,275,311869608,0.000000,0.000000
array/nested,1135782,3,32,0.114580083,279,317201935,0.000000,0.000000
array/nested,1135782,4,32,0.114336208,280,317878515,0.000000,0.000000
array/nested,1135782,5,32,0.115274542,278,315290986,0.000000,0.000000
array/nested,1135782,6,32,0.115489875,277,314703120,0.000000,0.000000
array/flatten,1135782,0,32,0.113752125,281,319510726,0.000000,0.000000
array/flatten,1135782,1,32,0.112208916,285,323904956,0.000000,0.000000
array/flatten,1135782,2,32,0.113383959,282,320548200,0.000000,0.000000
array/flatten,1135782,3,32,0.112801375,284,322203732,0.000000,0.000000
array/flatten,1135782,4,32,0.112610500,284,322749868,0.000000,0.000000
array/flatten,1135782,5,32,0.112966916,283,321731577,0.000000,0.000000
array/flatten,1135782,6,32,0.115049625,278,315907366,0.000000,0.000000
array/missing,1135782,0,32,0.097694125,328,372028758,0.000000,0.000000
array/missing,1135782,1,32,0.097687000,328,372055893,0.000000,0.000000
array/missing,1135782,2,32,0.097681000,328,372078746,0.000000,0.000000
array/missing,1135782,3,32,0.098224667,326,370019315,0.000000,0.000000
array/missing,1135782,4,32,0.097861709,327,371391675,0.000000,0.000000
array/missing,1135782,5,32,0.097707750,328,371976880,0.000000,0.000000
array/missing,1135782,6,32,0.098037750,326,370724787,0.000000,0.000000
array/root,1135771,0,32,0.101061417,317,359629551,0.000000,0.000000
array/root,1135771,1,32,0.101616791,315,357664040,0.000000,0.000000
array/root,1135771,2,32,0.102020042,314,356250314,0.000000,0.000000
array/root,1135771,3,32,0.102283334,313,355333275,0.000000,0.000000
array/root,1135771,4,32,0.101901250,314,356665615,0.000000,0.000000
array/root,1135771,5,32,0.100877584,317,360284917,0.000000,0.000000
array/root,1135771,6,32,0.102105583,313,355951858,0.000000,0.000000
array/cancel_first,1135782,0,64,0.061398250,1042,1183910747,0.000000,0.000000
array/cancel_first,1135782,1,64,0.061213250,1046,1187488787,0.000000,0.000000
array/cancel_first,1135782,2,64,0.061248667,1045,1186802123,0.000000,0.000000
array/cancel_first,1135782,3,64,0.061306208,1044,1185688210,0.000000,0.000000
array/cancel_first,1135782,4,64,0.061223083,1045,1187298065,0.000000,0.000000
array/cancel_first,1135782,5,64,0.061378000,1043,1184301346,0.000000,0.000000
array/cancel_first,1135782,6,64,0.061753834,1036,1177093685,0.000000,0.000000
array/nested_contexts,972,0,7776,0.050064041,155321,150972072,0.000000,0.000000
array/nested_contexts,972,1,7744,0.050099292,154573,150244997,0.000000,0.000000
array/nested_contexts,972,2,7840,0.050071000,156578,152193485,0.000000,0.000000
array/nested_contexts,972,3,7744,0.050204125,154250,149931266,0.000000,0.000000
array/nested_contexts,972,4,7840,0.050086333,156530,152146894,0.000000,0.000000
array/nested_contexts,972,5,7840,0.050199875,156176,151802768,0.000000,0.000000
array/nested_contexts,972,6,7840,0.050094916,156503,152120826,0.000000,0.000000
array/sparse,785,0,11008,0.050121000,219628,172408372,0.000000,0.000000
array/sparse,785,1,11072,0.050064500,221155,173606448,0.000000,0.000000
array/sparse,785,2,10944,0.050130959,218308,171371946,0.000000,0.000000
array/sparse,785,3,10944,0.050099833,218444,171478416,0.000000,0.000000
array/sparse,785,4,10880,0.050031208,217464,170709450,0.000000,0.000000
array/sparse,785,5,10912,0.050009875,218197,171284571,0.000000,0.000000
array/sparse,785,6,10944,0.050069458,218576,171582445,0.000000,0.000000
array/deep,136,0,3712,0.050426042,73613,10011335,0.000000,0.000000
array/deep,136,1,3712,0.050400958,73649,10016318,0.000000,0.000000
array/deep,136,2,3712,0.050383292,73675,10019830,0.000000,0.000000
array/deep,136,3,3680,0.050010042,73585,10007590,0.000000,0.000000
array/deep,136,4,3680,0.050051125,73525,9999376,0.000000,0.000000
array/deep,136,5,3776,0.050224208,75183,10224870,0.000000,0.000000
array/deep,136,6,3744,0.050401125,74284,10102632,0.000000,0.000000
array/empty,2,0,2739136,0.050000209,54782491,109564982,0.000000,0.000000
array/empty,2,1,2768736,0.050000042,55374673,110749347,0.000000,0.000000
array/empty,2,2,2760064,0.050000416,55200821,110401641,0.000000,0.000000
array/empty,2,3,2761920,0.050000542,55237801,110475602,0.000000,0.000000
array/empty,2,4,2757792,0.050000208,55155611,110311221,0.000000,0.000000
array/empty,2,5,2768448,0.050000334,55368590,110737180,0.000000,0.000000
array/empty,2,6,2758496,0.050000084,55169827,110339655,0.000000,0.000000
array/singleton,12,0,673376,0.050002084,13466959,161603504,0.000000,0.000000
array/singleton,12,1,665024,0.050001250,13300147,159601770,0.000000,0.000000
array/singleton,12,2,666208,0.050000916,13323916,159886991,0.000000,0.000000
array/singleton,12,3,674016,0.050002209,13479724,161756694,0.000000,0.000000
array/singleton,12,4,666272,0.050001375,13325074,159900883,0.000000,0.000000
array/singleton,12,5,662912,0.050001042,13257964,159095564,0.000000,0.000000
array/singleton,12,6,670848,0.050001417,13416580,160998957,0.000000,0.000000
array/nested_values,31,0,231872,0.050006250,4636860,143742672,0.000000,0.000000
array/nested_values,31,1,232096,0.050006792,4641290,143879975,0.000000,0.000000
array/nested_values,31,2,231456,0.050003458,4628800,143492796,0.000000,0.000000
array/nested_values,31,3,232960,0.050003250,4658897,144425812,0.000000,0.000000
array/nested_values,31,4,232320,0.050000625,4646342,144036600,0.000000,0.000000
array/nested_values,31,5,231872,0.050002167,4637239,143754410,0.000000,0.000000
array/nested_values,31,6,232768,0.050002500,4655127,144308945,0.000000,0.000000
compile/scalar,0,0,27296,0.050018875,545714,0,72.000000,4134.000000
compile/scalar,0,1,28992,0.050027750,579518,0,72.000000,4134.000000
compile/scalar,0,2,29216,0.050007292,584235,0,72.000000,4134.000000
compile/scalar,0,3,29408,0.050033750,587763,0,72.000000,4134.000000
compile/scalar,0,4,29440,0.050016625,588604,0,72.000000,4134.000000
compile/scalar,0,5,29440,0.050017500,588594,0,72.000000,4134.000000
compile/scalar,0,6,29312,0.050014167,586074,0,72.000000,4134.000000
scalar/literal,100,0,565536,0.050000000,11310720,1131072000,0.000000,0.000000
scalar/literal,100,1,578592,0.050001917,11571396,1157139635,0.000000,0.000000
scalar/literal,100,2,579296,0.050001292,11585621,1158562063,0.000000,0.000000
scalar/literal,100,3,571136,0.050000583,11422587,1142258681,0.000000,0.000000
scalar/literal,100,4,559200,0.050002292,11183487,1118348735,0.000000,0.000000
scalar/literal,100,5,569408,0.050002000,11387704,1138770449,0.000000,0.000000
scalar/literal,100,6,572928,0.050001958,11458111,1145811130,0.000000,0.000000
scalar/arithmetic,100,0,156576,0.050008750,3130972,313097208,0.000000,0.000000
scalar/arithmetic,100,1,157760,0.050006250,3154806,315480565,0.000000,0.000000
scalar/arithmetic,100,2,158784,0.050008500,3175140,317514023,0.000000,0.000000
scalar/arithmetic,100,3,156832,0.050004584,3136352,313635246,0.000000,0.000000
scalar/arithmetic,100,4,159168,0.050001584,3183259,318325915,0.000000,0.000000
scalar/arithmetic,100,5,157792,0.050007458,3155369,315536935,0.000000,0.000000
scalar/arithmetic,100,6,159392,0.050003166,3187638,318763816,0.000000,0.000000
scalar/nested,100,0,154208,0.050003959,3083916,308391582,0.000000,0.000000
scalar/nested,100,1,152288,0.050010666,3045110,304511042,0.000000,0.000000
scalar/nested,100,2,151520,0.050008625,3029877,302987735,0.000000,0.000000
scalar/nested,100,3,152224,0.050007584,3044018,304401828,0.000000,0.000000
scalar/nested,100,4,152896,0.050001500,3057828,305782827,0.000000,0.000000
scalar/nested,100,5,153760,0.050004208,3074941,307494121,0.000000,0.000000
scalar/nested,100,6,153760,0.050005334,3074872,307487197,0.000000,0.000000
scalar/comparison,100,0,162784,0.050003500,3255452,325545212,0.000000,0.000000
scalar/comparison,100,1,163072,0.050000334,3261418,326141821,0.000000,0.000000
scalar/comparison,100,2,162080,0.050001167,3241524,324152434,0.000000,0.000000
scalar/comparison,100,3,164960,0.050008291,3298653,329865302,0.000000,0.000000
scalar/comparison,100,4,165472,0.050000333,3309418,330941796,0.000000,0.000000
scalar/comparison,100,5,165920,0.050005250,3318052,331805160,0.000000,0.000000
scalar/comparison,100,6,165792,0.050001792,3315721,331572116,0.000000,0.000000
scalar/strings,100,0,231424,0.050000166,4628465,462846463,0.000000,0.000000
scalar/strings,100,1,235232,0.050001167,4704530,470453020,0.000000,0.000000
scalar/strings,100,2,235680,0.050004459,4713180,471317968,0.000000,0.000000
scalar/strings,100,3,235520,0.050001083,4710298,471029797,0.000000,0.000000
scalar/strings,100,4,236032,0.050003958,4720266,472026634,0.000000,0.000000
scalar/strings,100,5,237568,0.050001125,4751253,475125310,0.000000,0.000000
scalar/strings,100,6,237248,0.050002375,4744735,474473463,0.000000,0.000000
scalar/boolean,100,0,155520,0.050000541,3110366,311036635,0.000000,0.000000
scalar/boolean,100,1,153952,0.050007417,3078583,307858332,0.000000,0.000000
scalar/boolean,100,2,156768,0.050005792,3134997,313499684,0.000000,0.000000
scalar/boolean,100,3,154016,0.050002917,3080140,308014030,0.000000,0.000000
scalar/boolean,100,4,153024,0.050009166,3059919,305991906,0.000000,0.000000
scalar/boolean,100,5,154144,0.050005500,3082541,308254092,0.000000,0.000000
scalar/boolean,100,6,154048,0.050009875,3080352,308035163,0.000000,0.000000
scalar/missing,100,0,163584,0.050005041,3271350,327135018,0.000000,0.000000
scalar/missing,100,1,163520,0.050000958,3270337,327033734,0.000000,0.000000
scalar/missing,100,2,166272,0.050002292,3325288,332528757,0.000000,0.000000
scalar/missing,100,3,167008,0.050003125,3339951,333995125,0.000000,0.000000
scalar/missing,100,4,166656,0.050008500,3332553,333255347,0.000000,0.000000
scalar/missing,100,5,166624,0.050002250,3332330,333233005,0.000000,0.000000
scalar/missing,100,6,165344,0.050001084,3306808,330680831,0.000000,0.000000
scalar/short_circuit,100,0,535552,0.050002667,10710469,1071046870,0.000000,0.000000
scalar/short_circuit,100,1,535904,0.050002250,10717598,1071759771,0.000000,0.000000
scalar/short_circuit,100,2,536064,0.050002500,10720744,1072074396,0.000000,0.000000
scalar/short_circuit,100,3,533600,0.050000167,10671964,1067196436,0.000000,0.000000
scalar/short_circuit,100,4,536192,0.050000500,10723733,1072373276,0.000000,0.000000
scalar/short_circuit,100,5,534368,0.050001667,10687004,1068700370,0.000000,0.000000
scalar/short_circuit,100,6,533728,0.050001084,10674329,1067432858,0.000000,0.000000
scalar/mixed,100,0,220992,0.050003459,4419534,441953426,0.000000,0.000000
scalar/mixed,100,1,227488,0.050001833,4549593,454959321,0.000000,0.000000
scalar/mixed,100,2,227904,0.050006375,4557499,455749892,0.000000,0.000000
scalar/mixed,100,3,228544,0.050006167,4570316,457031630,0.000000,0.000000
scalar/mixed,100,4,224928,0.050004500,4498155,449815517,0.000000,0.000000
scalar/mixed,100,5,222592,0.050006875,4451228,445122796,0.000000,0.000000
scalar/mixed,100,6,213248,0.050000041,4264957,426495650,0.000000,0.000000
scalar/write,100,0,143072,0.050002875,2861275,286127548,0.000000,0.000000
scalar/write,100,1,142848,0.050010917,2856336,285633635,0.000000,0.000000
scalar/write,100,2,143264,0.050010542,2864676,286467601,0.000000,0.000000
scalar/write,100,3,143328,0.050005833,2866226,286622563,0.000000,0.000000
scalar/write,100,4,144992,0.050003708,2899625,289962496,0.000000,0.000000
scalar/write,100,5,143616,0.050006708,2871935,287193470,0.000000,0.000000
scalar/write,100,6,143136,0.050001750,2862620,286261981,0.000000,0.000000
scalar/literal,500,0,164448,0.050000500,3288927,1644463555,0.000000,0.000000
scalar/literal,500,1,165120,0.050002417,3302240,1651120185,0.000000,0.000000
scalar/literal,500,2,164832,0.050005625,3296269,1648134585,0.000000,0.000000
scalar/literal,500,3,164960,0.050008958,3298609,1649304511,0.000000,0.000000
scalar/literal,500,4,165216,0.050002667,3304144,1652071878,0.000000,0.000000
scalar/literal,500,5,165216,0.050000125,3304312,1652155870,0.000000,0.000000
scalar/literal,500,6,166048,0.050009542,3320326,1660163174,0.000000,0.000000
scalar/arithmetic,500,0,52480,0.050005292,1049489,524744461,0.000000,0.000000
scalar/arithmetic,500,1,52544,0.050026042,1050333,525166472,0.000000,0.000000
scalar/arithmetic,500,2,52576,0.050019875,1051102,525551093,0.000000,0.000000
scalar/arithmetic,500,3,52640,0.050024375,1052287,526143505,0.000000,0.000000
scalar/arithmetic,500,4,52672,0.050025000,1052914,526456772,0.000000,0.000000
scalar/arithmetic,500,5,52960,0.050002250,1059152,529576169,0.000000,0.000000
scalar/arithmetic,500,6,52608,0.050022500,1051687,525843370,0.000000,0.000000
scalar/nested,500,0,52000,0.050012458,1039741,519870469,0.000000,0.000000
scalar/nested,500,1,52096,0.050020708,1041489,520744329,0.000000,0.000000
scalar/nested,500,2,52192,0.050021500,1043391,521695671,0.000000,0.000000
scalar/nested,500,3,52768,0.050008084,1055189,527594698,0.000000,0.000000
scalar/nested,500,4,52064,0.050010250,1041067,520533291,0.000000,0.000000
scalar/nested,500,5,52416,0.050004250,1048231,524115450,0.000000,0.000000
scalar/nested,500,6,52480,0.050015334,1049278,524639104,0.000000,0.000000
scalar/comparison,500,0,53120,0.050002292,1062351,531175651,0.000000,0.000000
scalar/comparison,500,1,53120,0.050000208,1062396,531197790,0.000000,0.000000
scalar/comparison,500,2,53216,0.050028917,1063705,531852408,0.000000,0.000000
scalar/comparison,500,3,53408,0.050028292,1067556,533777967,0.000000,0.000000
scalar/comparison,500,4,53856,0.050008750,1076932,538465768,0.000000,0.000000
scalar/comparison,500,5,53088,0.050004250,1061670,530834879,0.000000,0.000000
scalar/comparison,500,6,53088,0.050016334,1061413,530706629,0.000000,0.000000
scalar/strings,500,0,77728,0.050005709,1554383,777191260,0.000000,0.000000
scalar/strings,500,1,77888,0.050005000,1557604,778802120,0.000000,0.000000
scalar/strings,500,2,78912,0.050012292,1577852,788926050,0.000000,0.000000
scalar/strings,500,3,78592,0.050006625,1571632,785815879,0.000000,0.000000
scalar/strings,500,4,78144,0.050003125,1562782,781391163,0.000000,0.000000
scalar/strings,500,5,78048,0.050017500,1560414,780206928,0.000000,0.000000
scalar/strings,500,6,78592,0.050012750,1571439,785719641,0.000000,0.000000
scalar/boolean,500,0,52224,0.050026667,1043923,521961617,0.000000,0.000000
scalar/boolean,500,1,52288,0.050017833,1045387,522693576,0.000000,0.000000
scalar/boolean,500,2,52448,0.050029375,1048344,524172049,0.000000,0.000000
scalar/boolean,500,3,52384,0.050021291,1047234,523617033,0.000000,0.000000
scalar/boolean,500,4,52320,0.050011500,1046159,523079692,0.000000,0.000000
scalar/boolean,500,5,52416,0.050024709,1047802,523901099,0.000000,0.000000
scalar/boolean,500,6,52384,0.050026333,1047129,523564260,0.000000,0.000000
scalar/missing,500,0,52992,0.050020500,1059406,529702822,0.000000,0.000000
scalar/missing,500,1,53280,0.050023416,1065101,532550596,0.000000,0.000000
scalar/missing,500,2,53536,0.050011166,1070481,535240470,0.000000,0.000000
scalar/missing,500,3,53216,0.050008416,1064141,532070442,0.000000,0.000000
scalar/missing,500,4,53184,0.050025666,1063134,531567136,0.000000,0.000000
scalar/missing,500,5,53280,0.050027792,1065008,532504013,0.000000,0.000000
scalar/missing,500,6,53280,0.050018125,1065214,532606930,0.000000,0.000000
scalar/short_circuit,500,0,162944,0.050005416,3258527,1629263518,0.000000,0.000000
scalar/short_circuit,500,1,162432,0.050001000,3248575,1624287514,0.000000,0.000000
scalar/short_circuit,500,2,162144,0.050008542,3242326,1621163041,0.000000,0.000000
scalar/short_circuit,500,3,161152,0.050000666,3222997,1611498535,0.000000,0.000000
scalar/short_circuit,500,4,161920,0.050009291,3237798,1618899176,0.000000,0.000000
scalar/short_circuit,500,5,162208,0.050005541,3243801,1621900261,0.000000,0.000000
scalar/short_circuit,500,6,160992,0.050003708,3219601,1609800617,0.000000,0.000000
scalar/mixed,500,0,111488,0.050013666,2229151,1114575364,0.000000,0.000000
scalar/mixed,500,1,112448,0.050006250,2248679,1124339458,0.000000,0.000000
scalar/mixed,500,2,112480,0.050002500,2249488,1124743763,0.000000,0.000000
scalar/mixed,500,3,112864,0.050013542,2256669,1128334402,0.000000,0.000000
scalar/mixed,500,4,113184,0.050008667,2263288,1131643841,0.000000,0.000000
scalar/mixed,500,5,113664,0.050008875,2272877,1136438282,0.000000,0.000000
scalar/mixed,500,6,113216,0.050005833,2264056,1132027938,0.000000,0.000000
scalar/write,500,0,50656,0.050011042,1012896,506448156,0.000000,0.000000
scalar/write,500,1,50752,0.050029042,1014451,507225383,0.000000,0.000000
scalar/write,500,2,51136,0.050004458,1022629,511314411,0.000000,0.000000
scalar/write,500,3,50560,0.050000458,1011191,505595369,0.000000,0.000000
scalar/write,500,4,50880,0.050030959,1016970,508485156,0.000000,0.000000
scalar/write,500,5,50848,0.050023250,1016487,508243667,0.000000,0.000000
scalar/write,500,6,50912,0.050025292,1017725,508862597,0.000000,0.000000
scalar/literal,1024,0,87008,0.050013833,1739679,1781430989,0.000000,0.000000
scalar/literal,1024,1,88000,0.050017541,1759383,1801607960,0.000000,0.000000
scalar/literal,1024,2,86912,0.050015042,1737717,1779422439,0.000000,0.000000
scalar/literal,1024,3,87168,0.050010416,1742997,1784828824,0.000000,0.000000
scalar/literal,1024,4,87264,0.050011250,1744887,1786764698,0.000000,0.000000
scalar/literal,1024,5,87424,0.050015125,1747951,1789902075,0.000000,0.000000
scalar/literal,1024,6,87904,0.050006167,1757863,1800051902,0.000000,0.000000
scalar/arithmetic,1024,0,28960,0.050015458,579021,592917494,0.000000,0.000000
scalar/arithmetic,1024,1,28800,0.050018292,575789,589608298,0.000000,0.000000
scalar/arithmetic,1024,2,28800,0.050046750,575462,589273030,0.000000,0.000000
scalar/arithmetic,1024,3,28736,0.050017750,574516,588304432,0.000000,0.000000
scalar/arithmetic,1024,4,28832,0.050007583,576553,590389821,0.000000,0.000000
scalar/arithmetic,1024,5,28768,0.050027750,575041,588841833,0.000000,0.000000
scalar/arithmetic,1024,6,28800,0.050044875,575484,589295108,0.000000,0.000000
scalar/nested,1024,0,28704,0.050018375,573869,587641962,0.000000,0.000000
scalar/nested,1024,1,28864,0.050038459,576836,590680380,0.000000,0.000000
scalar/nested,1024,2,28704,0.050036750,573658,587426162,0.000000,0.000000
scalar/nested,1024,3,28640,0.050036833,572378,586115432,0.000000,0.000000
scalar/nested,1024,4,28480,0.050003583,569559,583228606,0.000000,0.000000
scalar/nested,1024,5,28640,0.050026208,572500,586239916,0.000000,0.000000
scalar/nested,1024,6,28608,0.050053250,571551,585268529,0.000000,0.000000
scalar/comparison,1024,0,29280,0.050027292,585281,599327263,0.000000,0.000000
scalar/comparison,1024,1,28896,0.050001458,577903,591772824,0.000000,0.000000
scalar/comparison,1024,2,28864,0.050042083,576795,590637604,0.000000,0.000000
scalar/comparison,1024,3,28864,0.050051417,576687,590527457,0.000000,0.000000
scalar/comparison,1024,4,28832,0.050027083,576328,590159694,0.000000,0.000000
scalar/comparison,1024,5,28960,0.050016916,579004,592900210,0.000000,0.000000
scalar/comparison,1024,6,28832,0.050001250,576626,590464598,0.000000,0.000000
scalar/strings,1024,0,42336,0.050001791,846690,867010224,0.000000,0.000000
scalar/strings,1024,1,42368,0.050010208,847187,867519527,0.000000,0.000000
scalar/strings,1024,2,42496,0.050011667,849722,870115047,0.000000,0.000000
scalar/strings,1024,3,42496,0.050025584,849485,869872983,0.000000,0.000000
scalar/strings,1024,4,42496,0.050027625,849451,869837495,0.000000,0.000000
scalar/strings,1024,5,42528,0.050023583,850159,870562830,0.000000,0.000000
scalar/strings,1024,6,42528,0.050036875,849933,870331570,0.000000,0.000000
scalar/boolean,1024,0,28608,0.050029875,571818,585541979,0.000000,0.000000
scalar/boolean,1024,1,28512,0.050007458,570155,583838675,0.000000,0.000000
scalar/boolean,1024,2,29184,0.050045875,583145,597140444,0.000000,0.000000
scalar/boolean,1024,3,28800,0.050043500,575499,589311299,0.000000,0.000000
scalar/boolean,1024,4,28896,0.050023250,577651,591515026,0.000000,0.000000
scalar/boolean,1024,5,28768,0.050043667,574858,588654544,0.000000,0.000000
scalar/boolean,1024,6,28608,0.050045416,571641,585360146,0.000000,0.000000
scalar/missing,1024,0,28768,0.050047542,574813,588608967,0.000000,0.000000
scalar/missing,1024,1,28800,0.050028875,575668,589483573,0.000000,0.000000
scalar/missing,1024,2,28896,0.050026500,577614,591476597,0.000000,0.000000
scalar/missing,1024,3,29152,0.050013583,582882,596870814,0.000000,0.000000
scalar/missing,1024,4,29024,0.050046834,579937,593855268,0.000000,0.000000
scalar/missing,1024,5,29184,0.050024542,583394,597395095,0.000000,0.000000
scalar/missing,1024,6,28960,0.050044083,578690,592578347,0.000000,0.000000
scalar/short_circuit,1024,0,86208,0.050008209,1723877,1765250021,0.000000,0.000000
scalar/short_circuit,1024,1,85728,0.050010750,1714191,1755332044,0.000000,0.000000
scalar/short_circuit,1024,2,86304,0.050009625,1725748,1767165741,0.000000,0.000000
scalar/short_circuit,1024,3,86144,0.050004583,1722722,1764067426,0.000000,0.000000
scalar/short_circuit,1024,4,86496,0.050010250,1729565,1771075010,0.000000,0.000000
scalar/short_circuit,1024,5,86400,0.050006875,1727762,1769228731,0.000000,0.000000
scalar/short_circuit,1024,6,86432,0.050016583,1728067,1769540474,0.000000,0.000000
scalar/mixed,1024,0,70048,0.050021209,1400366,1433974777,0.000000,0.000000
scalar/mixed,1024,1,70944,0.050009458,1418612,1452658335,0.000000,0.000000
scalar/mixed,1024,2,71040,0.050008333,1420563,1454656767,0.000000,0.000000
scalar/mixed,1024,3,69952,0.050014167,1398644,1432211157,0.000000,0.000000
scalar/mixed,1024,4,71168,0.050003750,1423253,1457411334,0.000000,0.000000
scalar/mixed,1024,5,70912,0.050018167,1417725,1451750281,0.000000,0.000000
scalar/mixed,1024,6,70752,0.050004583,1414910,1448868157,0.000000,0.000000
scalar/write,1024,0,28288,0.050018959,565546,579118650,0.000000,0.000000
scalar/write,1024,1,28224,0.050000042,564480,578027034,0.000000,0.000000
scalar/write,1024,2,28576,0.050051000,570938,584640147,0.000000,0.000000
scalar/write,1024,3,28288,0.050047500,565223,578788391,0.000000,0.000000
scalar/write,1024,4,28096,0.050007541,561835,575319310,0.000000,0.000000
scalar/write,1024,5,28096,0.050018209,561715,575196605,0.000000,0.000000
scalar/write,1024,6,28064,0.050002583,561251,574721030,0.000000,0.000000
scalar/literal,10240,0,9472,0.050033791,189312,1938555485,0.000000,0.000000
scalar/literal,10240,1,9408,0.050157417,187569,1920711348,0.000000,0.000000
scalar/literal,10240,2,9376,0.050067208,187268,1917627202,0.000000,0.000000
scalar/literal,10240,3,9376,0.050019125,187448,1919470602,0.000000,0.000000
scalar/literal,10240,4,9376,0.050058792,187300,1917949598,0.000000,0.000000
scalar/literal,10240,5,9376,0.050004000,187505,1920051196,0.000000,0.000000
scalar/literal,10240,6,9376,0.050071625,187252,1917458041,0.000000,0.000000
scalar/arithmetic,10240,0,3200,0.050205625,63738,652675870,0.000000,0.000000
scalar/arithmetic,10240,1,3232,0.050475792,64031,655674308,0.000000,0.000000
scalar/arithmetic,10240,2,3200,0.050026041,63967,655018853,0.000000,0.000000
scalar/arithmetic,10240,3,3200,0.050234500,63701,652300710,0.000000,0.000000
scalar/arithmetic,10240,4,3200,0.050265459,63662,651898951,0.000000,0.000000
scalar/arithmetic,10240,5,3232,0.050457792,64054,655908209,0.000000,0.000000
scalar/arithmetic,10240,6,3200,0.050198541,63747,652767976,0.000000,0.000000
scalar/nested,10240,0,3200,0.050235000,63701,652294217,0.000000,0.000000
scalar/nested,10240,1,3200,0.050208458,63734,652639043,0.000000,0.000000
scalar/nested,10240,2,3232,0.050464958,64044,655815071,0.000000,0.000000
scalar/nested,10240,3,3200,0.050174208,63778,653084549,0.000000,0.000000
scalar/nested,10240,4,3232,0.050356208,64183,657231379,0.000000,0.000000
scalar/nested,10240,5,3200,0.050230417,63706,652353732,0.000000,0.000000
scalar/nested,10240,6,3200,0.050303417,63614,651407041,0.000000,0.000000
scalar/comparison,10240,0,3200,0.050102416,63869,654020357,0.000000,0.000000
scalar/comparison,10240,1,3232,0.050202083,64380,659249139,0.000000,0.000000
scalar/comparison,10240,2,3200,0.050160375,63795,653264654,0.000000,0.000000
scalar/comparison,10240,3,3200,0.050186708,63762,652921885,0.000000,0.000000
scalar/comparison,10240,4,3200,0.050178375,63772,653030314,0.000000,0.000000
scalar/comparison,10240,5,3200,0.050182125,63768,652981515,0.000000,0.000000
scalar/comparison,10240,6,3200,0.050188959,63759,652892601,0.000000,0.000000
scalar/strings,10240,0,4768,0.050158083,95059,973408812,0.000000,0.000000
scalar/strings,10240,1,4832,0.050311375,96042,983469047,0.000000,0.000000
scalar/strings,10240,2,4768,0.050143166,95088,973698390,0.000000,0.000000
scalar/strings,10240,3,4768,0.050234083,94916,971936126,0.000000,0.000000
scalar/strings,10240,4,4768,0.050018334,95325,976128473,0.000000,0.000000
scalar/strings,10240,5,4768,0.050155375,95065,973461369,0.000000,0.000000
scalar/strings,10240,6,4768,0.050085208,95198,974825142,0.000000,0.000000
scalar/boolean,10240,0,3200,0.050207208,63736,652655292,0.000000,0.000000
scalar/boolean,10240,1,3200,0.050209458,63733,652626045,0.000000,0.000000
scalar/boolean,10240,2,3232,0.050384750,64146,656859069,0.000000,0.000000
scalar/boolean,10240,3,3200,0.050255084,63675,652033534,0.000000,0.000000
scalar/boolean,10240,4,3200,0.050260042,63669,651969212,0.000000,0.000000
scalar/boolean,10240,5,3200,0.050343792,63563,650884621,0.000000,0.000000
scalar/boolean,10240,6,3200,0.050272500,63653,651807648,0.000000,0.000000
scalar/missing,10240,0,3200,0.050188542,63760,652898026,0.000000,0.000000
scalar/missing,10240,1,3232,0.050422791,64098,656363508,0.000000,0.000000
scalar/missing,10240,2,3232,0.050308125,64244,657859541,0.000000,0.000000
scalar/missing,10240,3,3200,0.050178125,63773,653033568,0.000000,0.000000
scalar/missing,10240,4,3200,0.050196084,63750,652799928,0.000000,0.000000
scalar/missing,10240,5,3200,0.050182083,63768,652982061,0.000000,0.000000
scalar/missing,10240,6,3200,0.050213250,63728,652576760,0.000000,0.000000
scalar/short_circuit,10240,0,9376,0.050070959,187254,1917483546,0.000000,0.000000
scalar/short_circuit,10240,1,9440,0.050046708,188624,1931507663,0.000000,0.000000
scalar/short_circuit,10240,2,9376,0.050090291,187182,1916743506,0.000000,0.000000
scalar/short_circuit,10240,3,9376,0.050094917,187165,1916566505,0.000000,0.000000
scalar/short_circuit,10240,4,9344,0.050019458,186807,1912906773,0.000000,0.000000
scalar/short_circuit,10240,5,9376,0.050015208,187463,1919620928,0.000000,0.000000
scalar/short_circuit,10240,6,9376,0.050051375,187328,1918233815,0.000000,0.000000
scalar/mixed,10240,0,9120,0.050022042,182320,1866952972,0.000000,0.000000
scalar/mixed,10240,1,9216,0.050008875,184287,1887101839,0.000000,0.000000
scalar/mixed,10240,2,9152,0.050002584,183031,1874232740,0.000000,0.000000
scalar/mixed,10240,3,9184,0.050062708,183450,1878527226,0.000000,0.000000
scalar/mixed,10240,4,9152,0.050066667,182796,1871833809,0.000000,0.000000
scalar/mixed,10240,5,9152,0.050126500,182578,1869599513,0.000000,0.000000
scalar/mixed,10240,6,9216,0.050045458,184153,1885722377,0.000000,0.000000
scalar/write,10240,0,3200,0.050277458,63647,651743372,0.000000,0.000000
scalar/write,10240,1,3200,0.050190208,63757,652876354,0.000000,0.000000
scalar/write,10240,2,3200,0.050350875,63554,650793060,0.000000,0.000000
scalar/write,10240,3,3200,0.050377875,63520,650444267,0.000000,0.000000
scalar/write,10240,4,3200,0.050321583,63591,651171884,0.000000,0.000000
scalar/write,10240,5,3232,0.050018083,64617,661674299,0.000000,0.000000
scalar/write,10240,6,3200,0.050310666,63605,651313183,0.000000,0.000000
scalar/literal,65536,0,1504,0.050882542,29558,1937130893,0.000000,0.000000
scalar/literal,65536,1,1504,0.050880708,29559,1937200717,0.000000,0.000000
scalar/literal,65536,2,1504,0.050843041,29581,1938635889,0.000000,0.000000
scalar/literal,65536,3,1504,0.050855541,29574,1938159384,0.000000,0.000000
scalar/literal,65536,4,1504,0.050797917,29608,1940357988,0.000000,0.000000
scalar/literal,65536,5,1504,0.050629958,29706,1946794900,0.000000,0.000000
scalar/literal,65536,6,1504,0.050728042,29648,1943030721,0.000000,0.000000
scalar/arithmetic,65536,0,512,0.050736250,10091,661350257,0.000000,0.000000
scalar/arithmetic,65536,1,512,0.050735125,10092,661364922,0.000000,0.000000
scalar/arithmetic,65536,2,512,0.050721333,10094,661544759,0.000000,0.000000
scalar/arithmetic,65536,3,512,0.050202583,10199,668380589,0.000000,0.000000
scalar/arithmetic,65536,4,512,0.050666291,10105,662263437,0.000000,0.000000
scalar/arithmetic,65536,5,512,0.050599250,10119,663140896,0.000000,0.000000
scalar/arithmetic,65536,6,512,0.050627791,10113,662767056,0.000000,0.000000
scalar/nested,65536,0,512,0.050629500,10113,662744684,0.000000,0.000000
scalar/nested,65536,1,512,0.050263208,10186,667574421,0.000000,0.000000
scalar/nested,65536,2,512,0.051147417,10010,656033754,0.000000,0.000000
scalar/nested,65536,3,512,0.050193584,10201,668500420,0.000000,0.000000
scalar/nested,65536,4,512,0.050713458,10096,661647486,0.000000,0.000000
scalar/nested,65536,5,512,0.050791958,10080,660624897,0.000000,0.000000
scalar/nested,65536,6,512,0.050727833,10093,661459992,0.000000,0.000000
scalar/comparison,65536,0,512,0.050416417,10155,665545749,0.000000,0.000000
scalar/comparison,65536,1,512,0.050578083,10123,663418422,0.000000,0.000000
scalar/comparison,65536,2,512,0.050749708,10089,661174878,0.000000,0.000000
scalar/comparison,65536,3,512,0.050740666,10091,661292700,0.000000,0.000000
scalar/comparison,65536,4,512,0.050731917,10092,661406743,0.000000,0.000000
scalar/comparison,65536,5,512,0.050636417,10111,662654153,0.000000,0.000000
scalar/comparison,65536,6,512,0.050371541,10164,666138683,0.000000,0.000000
scalar/strings,65536,0,768,0.051032166,15049,986273011,0.000000,0.000000
scalar/strings,65536,1,768,0.050996292,15060,986966817,0.000000,0.000000
scalar/strings,65536,2,768,0.051039916,15047,986123253,0.000000,0.000000
scalar/strings,65536,3,768,0.051007500,15057,986749949,0.000000,0.000000
scalar/strings,65536,4,768,0.050943583,15076,987987987,0.000000,0.000000
scalar/strings,65536,5,768,0.050221333,15292,1002196577,0.000000,0.000000
scalar/strings,65536,6,768,0.051043584,15046,986052390,0.000000,0.000000
scalar/boolean,65536,0,512,0.050759541,10087,661046797,0.000000,0.000000
scalar/boolean,65536,1,512,0.050296500,10180,667132544,0.000000,0.000000
scalar/boolean,65536,2,512,0.050694291,10100,661897648,0.000000,0.000000
scalar/boolean,65536,3,512,0.050784792,10082,660718114,0.000000,0.000000
scalar/boolean,65536,4,512,0.050725042,10094,661496387,0.000000,0.000000
scalar/boolean,65536,5,512,0.050781250,10082,660764199,0.000000,0.000000
scalar/boolean,65536,6,512,0.050703792,10098,661773620,0.000000,0.000000
scalar/missing,65536,0,512,0.050732041,10092,661405127,0.000000,0.000000
scalar/missing,65536,1,544,0.053052708,10254,672003095,0.000000,0.000000
scalar/missing,65536,2,512,0.050721041,10094,661548567,0.000000,0.000000
scalar/missing,65536,3,512,0.050700708,10098,661813874,0.000000,0.000000
scalar/missing,65536,4,512,0.050055167,10229,670349017,0.000000,0.000000
scalar/missing,65536,5,512,0.050450542,10149,665095570,0.000000,0.000000
scalar/missing,65536,6,512,0.050735416,10092,661361129,0.000000,0.000000
scalar/short_circuit,65536,0,1504,0.050805375,29603,1940073152,0.000000,0.000000
scalar/short_circuit,65536,1,1504,0.050858208,29572,1938057747,0.000000,0.000000
scalar/short_circuit,65536,2,1504,0.050806875,29602,1940015874,0.000000,0.000000
scalar/short_circuit,65536,3,1504,0.050246042,29933,1961669817,0.000000,0.000000
scalar/short_circuit,65536,4,1504,0.050802792,29605,1940171792,0.000000,0.000000
scalar/short_circuit,65536,5,1504,0.050834000,29586,1938980682,0.000000,0.000000
scalar/short_circuit,65536,6,1504,0.050797250,29608,1940383466,0.000000,0.000000
scalar/mixed,65536,0,1504,0.051073875,29448,1929874011,0.000000,0.000000
scalar/mixed,65536,1,1472,0.050073833,29397,1926535003,0.000000,0.000000
scalar/mixed,65536,2,1472,0.050043958,29414,1927685096,0.000000,0.000000
scalar/mixed,65536,3,1504,0.050983167,29500,1933307595,0.000000,0.000000
scalar/mixed,65536,4,1472,0.050030458,29422,1928205254,0.000000,0.000000
scalar/mixed,65536,5,1504,0.050812209,29599,1939812221,0.000000,0.000000
scalar/mixed,65536,6,1472,0.050064958,29402,1926876519,0.000000,0.000000
scalar/write,65536,0,512,0.050700875,10098,661811695,0.000000,0.000000
scalar/write,65536,1,512,0.050752291,10088,661141228,0.000000,0.000000
scalar/write,65536,2,512,0.050760417,10087,661035389,0.000000,0.000000
scalar/write,65536,3,512,0.050827833,10073,660158618,0.000000,0.000000
scalar/write,65536,4,512,0.050013541,10237,670906945,0.000000,0.000000
scalar/write,65536,5,512,0.050328541,10173,666707823,0.000000,0.000000
scalar/write,65536,6,512,0.050704583,10098,661763297,0.000000,0.000000
scalar/literal,1048576,0,96,0.051754625,1855,1945010634,0.000000,0.000000
scalar/literal,1048576,1,96,0.051726959,1856,1946050917,0.000000,0.000000
scalar/literal,1048576,2,96,0.051490833,1864,1954975092,0.000000,0.000000
scalar/literal,1048576,3,96,0.051710416,1856,1946673490,0.000000,0.000000
scalar/literal,1048576,4,96,0.051811875,1853,1942861477,0.000000,0.000000
scalar/literal,1048576,5,96,0.051694542,1857,1947271261,0.000000,0.000000
scalar/literal,1048576,6,96,0.051153083,1877,1967883265,0.000000,0.000000
scalar/arithmetic,1048576,0,32,0.050747375,631,661205274,0.000000,0.000000
scalar/arithmetic,1048576,1,32,0.050657000,632,662384902,0.000000,0.000000
scalar/arithmetic,1048576,2,32,0.050771292,630,660893798,0.000000,0.000000
scalar/arithmetic,1048576,3,32,0.050465042,634,664904470,0.000000,0.000000
scalar/arithmetic,1048576,4,32,0.050637208,632,662643801,0.000000,0.000000
scalar/arithmetic,1048576,5,32,0.050599708,632,663134894,0.000000,0.000000
scalar/arithmetic,1048576,6,32,0.050625334,632,662799222,0.000000,0.000000
scalar/nested,1048576,0,32,0.050334000,636,666635515,0.000000,0.000000
scalar/nested,1048576,1,32,0.050604209,632,663075911,0.000000,0.000000
scalar/nested,1048576,2,32,0.050674750,631,662152887,0.000000,0.000000
scalar/nested,1048576,3,32,0.050700167,631,661820936,0.000000,0.000000
scalar/nested,1048576,4,32,0.050657084,632,662383804,0.000000,0.000000
scalar/nested,1048576,5,32,0.050717500,631,661594755,0.000000,0.000000
scalar/nested,1048576,6,32,0.050246459,637,667796949,0.000000,0.000000
scalar/comparison,1048576,0,32,0.050603125,632,663090115,0.000000,0.000000
scalar/comparison,1048576,1,32,0.050324375,636,666763015,0.000000,0.000000
scalar/comparison,1048576,2,32,0.050320417,636,666815460,0.000000,0.000000
scalar/comparison,1048576,3,32,0.050729000,631,661444775,0.000000,0.000000
scalar/comparison,1048576,4,32,0.050564625,633,663594994,0.000000,0.000000
scalar/comparison,1048576,5,32,0.050695375,631,661883495,0.000000,0.000000
scalar/comparison,1048576,6,32,0.050664292,632,662289567,0.000000,0.000000
scalar/strings,1048576,0,64,0.067863791,943,988875850,0.000000,0.000000
scalar/strings,1048576,1,64,0.067869166,943,988797534,0.000000,0.000000
scalar/strings,1048576,2,64,0.067271833,951,997577456,0.000000,0.000000
scalar/strings,1048576,3,64,0.068361250,936,981679884,0.000000,0.000000
scalar/strings,1048576,4,64,0.067954041,942,987562520,0.000000,0.000000
scalar/strings,1048576,5,64,0.067965500,942,987396017,0.000000,0.000000
scalar/strings,1048576,6,64,0.067890916,943,988480756,0.000000,0.000000
scalar/boolean,1048576,0,32,0.050645458,632,662535859,0.000000,0.000000
scalar/boolean,1048576,1,32,0.050652708,632,662441029,0.000000,0.000000
scalar/boolean,1048576,2,32,0.050644334,632,662550563,0.000000,0.000000
scalar/boolean,1048576,3,32,0.050336875,636,666597440,0.000000,0.000000
scalar/boolean,1048576,4,32,0.050645583,632,662534223,0.000000,0.000000
scalar/boolean,1048576,5,32,0.050305375,636,667014847,0.000000,0.000000
scalar/boolean,1048576,6,32,0.050671584,632,662194259,0.000000,0.000000
scalar/missing,1048576,0,32,0.050654542,632,662417044,0.000000,0.000000
scalar/missing,1048576,1,32,0.050621709,632,662846685,0.000000,0.000000
scalar/missing,1048576,2,32,0.050408084,635,665655771,0.000000,0.000000
scalar/missing,1048576,3,32,0.050618625,632,662887070,0.000000,0.000000
scalar/missing,1048576,4,32,0.050353875,636,666372389,0.000000,0.000000
scalar/missing,1048576,5,32,0.050594459,632,663203692,0.000000,0.000000
scalar/missing,1048576,6,32,0.050696250,631,661872071,0.000000,0.000000
scalar/short_circuit,1048576,0,96,0.051800834,1853,1943275585,0.000000,0.000000
scalar/short_circuit,1048576,1,96,0.051792084,1854,1943603891,0.000000,0.000000
scalar/short_circuit,1048576,2,96,0.051118041,1878,1969232272,0.000000,0.000000
scalar/short_circuit,1048576,3,96,0.051596834,1861,1950958774,0.000000,0.000000
scalar/short_circuit,1048576,4,96,0.051742417,1855,1945469536,0.000000,0.000000
scalar/short_circuit,1048576,5,96,0.051677875,1858,1947899290,0.000000,0.000000
scalar/short_circuit,1048576,6,96,0.051829083,1852,1942216419,0.000000,0.000000
scalar/mixed,1048576,0,96,0.051971666,1847,1936887996,0.000000,0.000000
scalar/mixed,1048576,1,96,0.051765208,1855,1944612992,0.000000,0.000000
scalar/mixed,1048576,2,96,0.051799833,1853,1943313138,0.000000,0.000000
scalar/mixed,1048576,3,96,0.051753916,1855,1945037280,0.000000,0.000000
scalar/mixed,1048576,4,96,0.051806125,1853,1943077117,0.000000,0.000000
scalar/mixed,1048576,5,96,0.051747791,1855,1945267499,0.000000,0.000000
scalar/mixed,1048576,6,96,0.051787209,1854,1943786853,0.000000,0.000000
scalar/write,1048576,0,32,0.050596792,632,663173112,0.000000,0.000000
scalar/write,1048576,1,32,0.050829583,630,660135890,0.000000,0.000000
scalar/write,1048576,2,32,0.050699334,631,661831810,0.000000,0.000000
scalar/write,1048576,3,32,0.050652042,632,662449739,0.000000,0.000000
scalar/write,1048576,4,32,0.050657125,632,662383268,0.000000,0.000000
scalar/write,1048576,5,32,0.050709000,631,661705654,0.000000,0.000000
scalar/write,1048576,6,32,0.050583500,633,663347376,0.000000,0.000000
scalar/sequence_boolean,330,0,27968,0.050035416,558964,184458145,0.000000,0.000000
scalar/sequence_boolean,330,1,28032,0.050034500,560253,184883630,0.000000,0.000000
scalar/sequence_boolean,330,2,28096,0.050022875,561663,185348803,0.000000,0.000000
scalar/sequence_boolean,330,3,28064,0.050014750,561114,185167776,0.000000,0.000000
scalar/sequence_boolean,330,4,27936,0.050015250,558550,184321382,0.000000,0.000000
scalar/sequence_boolean,330,5,28192,0.050023125,563579,185981184,0.000000,0.000000
scalar/sequence_boolean,330,6,28096,0.050031625,561565,185316387,0.000000,0.000000
scalar/sequence_array_equality,330,0,19904,0.050072583,397503,131175977,0.000000,0.000000
scalar/sequence_array_equality,330,1,19904,0.050074875,397485,131169973,0.000000,0.000000
scalar/sequence_array_equality,330,2,19872,0.050060375,396961,130997021,0.000000,0.000000
scalar/sequence_array_equality,330,3,19872,0.050035167,397161,131063018,0.000000,0.000000
scalar/sequence_array_equality,330,4,19904,0.050044416,397727,131249808,0.000000,0.000000
scalar/sequence_array_equality,330,5,19872,0.050057208,396986,131005309,0.000000,0.000000
scalar/sequence_array_equality,330,6,19840,0.050035666,396517,130850662,0.000000,0.000000
scalar/sequence_equality,330,0,15456,0.050094208,308539,101817759,3.000000,672.000000
scalar/sequence_equality,330,1,15456,0.050075959,308651,101854864,3.000000,672.000000
scalar/sequence_equality,330,2,15552,0.050044708,310762,102551503,3.000000,672.000000
scalar/sequence_equality,330,3,15488,0.050058667,309397,102101001,3.000000,672.000000
scalar/sequence_equality,330,4,15488,0.050076083,309289,102065491,3.000000,672.000000
scalar/sequence_equality,330,5,15488,0.050057834,309402,102102700,3.000000,672.000000
scalar/sequence_equality,330,6,15456,0.050073250,308668,101860375,3.000000,672.000000
scalar/array_equality,330,0,13888,0.050099416,277209,91478911,16.000000,3264.000000
scalar/array_equality,330,1,14016,0.050114417,279680,92294399,16.000000,3264.000000
scalar/array_equality,330,2,13888,0.050109834,277151,91459892,16.000000,3264.000000
scalar/array_equality,330,3,13984,0.050053250,279382,92196211,16.000000,3264.000000
scalar/array_equality,330,4,14048,0.050034417,280767,92653023,16.000000,3264.000000
scalar/array_equality,330,5,14016,0.050058334,279993,92397801,16.000000,3264.000000
scalar/array_equality,330,6,14176,0.050020416,283404,93523413,16.000000,3264.000000
scalar/singleton,15,0,399744,0.050003500,7994320,119914806,0.000000,0.000000
scalar/singleton,15,1,398400,0.050003625,7967422,119511335,0.000000,0.000000
scalar/singleton,15,2,399296,0.050001417,7985694,119785405,0.000000,0.000000
scalar/singleton,15,3,401600,0.050001250,8031799,120476988,0.000000,0.000000
scalar/singleton,15,4,401440,0.050001417,8028572,120428587,0.000000,0.000000
scalar/singleton,15,5,400640,0.050000417,8012733,120190998,0.000000,0.000000
scalar/singleton,15,6,399968,0.050001375,7999140,119987100,0.000000,0.000000
scalar/sequence_type_error,330,0,44960,0.050009291,899033,296680871,0.000000,0.000000
scalar/sequence_type_error,330,1,44544,0.050001250,890858,293983050,0.000000,0.000000
scalar/sequence_type_error,330,2,44608,0.050025583,891704,294262238,0.000000,0.000000
scalar/sequence_type_error,330,3,44608,0.050003458,892098,294392440,0.000000,0.000000
scalar/sequence_type_error,330,4,44704,0.050031542,893516,294860390,0.000000,0.000000
scalar/sequence_type_error,330,5,44928,0.050012167,898341,296452661,0.000000,0.000000
scalar/sequence_type_error,330,6,45024,0.050021375,900095,297031419,0.000000,0.000000
scalar/object_equality,125,0,34528,0.050019958,690284,86285558,3.000000,1396.000000
scalar/object_equality,125,1,35296,0.050007458,705815,88226840,3.000000,1396.000000
scalar/object_equality,125,2,36064,0.050012250,721103,90137916,3.000000,1396.000000
scalar/object_equality,125,3,36224,0.050038750,723919,90489870,3.000000,1396.000000
scalar/object_equality,125,4,36192,0.050013625,723643,90455351,3.000000,1396.000000
scalar/object_equality,125,5,36224,0.050009542,724342,90542721,3.000000,1396.000000
scalar/object_equality,125,6,35392,0.050044250,707214,88401764,3.000000,1396.000000
scalar/object_equality,2389,0,2176,0.050515500,43076,102908295,7.000000,24948.000000
scalar/object_equality,2389,1,2208,0.050495291,43727,104463444,7.000000,24948.000000
scalar/object_equality,2389,2,2208,0.050348042,43855,104768960,7.000000,24948.000000
scalar/object_equality,2389,3,2208,0.050398625,43811,104663808,7.000000,24948.000000
scalar/object_equality,2389,4,2176,0.050561375,43037,102814925,7.000000,24948.000000
scalar/object_equality,2389,5,2208,0.050244834,43945,104984166,7.000000,24948.000000
scalar/object_equality,2389,6,2208,0.050267166,43925,104937525,7.000000,24948.000000
scalar/escaped_strings,26,0,580768,0.050001333,11615050,301991309,0.000000,0.000000
scalar/escaped_strings,26,1,582176,0.050002500,11642938,302716384,0.000000,0.000000
scalar/escaped_strings,26,2,577760,0.050001959,11554747,300423429,0.000000,0.000000
scalar/escaped_strings,26,3,585344,0.050000792,11706695,304374059,0.000000,0.000000
scalar/escaped_strings,26,4,587584,0.050001750,11751269,305532986,0.000000,0.000000
scalar/escaped_strings,26,5,585312,0.050000666,11706084,304358186,0.000000,0.000000
scalar/escaped_strings,26,6,586560,0.050002083,11730711,304998494,0.000000,0.000000
compile/filter,0,0,48864,0.050029917,976696,0,34.000000,2149.000000
compile/filter,0,1,49504,0.050015417,989775,0,34.000000,2149.000000
compile/filter,0,2,49952,0.050000875,999023,0,34.000000,2149.000000
compile/filter,0,3,49696,0.050002333,993874,0,34.000000,2149.000000
compile/filter,0,4,49888,0.050016500,997431,0,34.000000,2149.000000
compile/filter,0,5,49504,0.050031417,989458,0,34.000000,2149.000000
compile/filter,0,6,49216,0.050027875,983772,0,34.000000,2149.000000
filter/predicate,100,0,98496,0.050011875,1969452,196945226,0.000000,0.000000
filter/predicate,100,1,99136,0.050002167,1982634,198263407,0.000000,0.000000
filter/predicate,100,2,98976,0.050004667,1979335,197933525,0.000000,0.000000
filter/predicate,100,3,99456,0.050003417,1988984,198898407,0.000000,0.000000
filter/predicate,100,4,99360,0.050012416,1986707,198670666,0.000000,0.000000
filter/predicate,100,5,99616,0.050013334,1991789,199178883,0.000000,0.000000
filter/predicate,100,6,99712,0.050000459,1994222,199422169,0.000000,0.000000
filter/none,100,0,119648,0.050001958,2392866,239286630,0.000000,0.000000
filter/none,100,1,119520,0.050012084,2389822,238982243,0.000000,0.000000
filter/none,100,2,117632,0.050010458,2352148,235214802,0.000000,0.000000
filter/none,100,3,117024,0.050001208,2340423,234042346,0.000000,0.000000
filter/none,100,4,116800,0.050000625,2335971,233597080,0.000000,0.000000
filter/none,100,5,116672,0.050001750,2333358,233335833,0.000000,0.000000
filter/none,100,6,116896,0.050005083,2337682,233768235,0.000000,0.000000
filter/first,100,0,144448,0.050007333,2888536,288853637,0.000000,0.000000
filter/first,100,1,147392,0.050007292,2947410,294741015,0.000000,0.000000
filter/first,100,2,147488,0.050003625,2949546,294954616,0.000000,0.000000
filter/first,100,3,147968,0.050000917,2959306,295930573,0.000000,0.000000
filter/first,100,4,148160,0.050009250,2962652,296265191,0.000000,0.000000
filter/first,100,5,148704,0.050002208,2973949,297394867,0.000000,0.000000
filter/first,100,6,148896,0.050006833,2977513,297751309,0.000000,0.000000
filter/last,100,0,126528,0.050008500,2530130,253012988,0.000000,0.000000
filter/last,100,1,126592,0.050009459,2531361,253136112,0.000000,0.000000
filter/last,100,2,126880,0.050011833,2537000,253699959,0.000000,0.000000
filter/last,100,3,126560,0.050003250,2531035,253103548,0.000000,0.000000
filter/last,100,4,128192,0.050006250,2563520,256351956,0.000000,0.000000
filter/last,100,5,127840,0.050006625,2556461,255646127,0.000000,0.000000
filter/last,100,6,126432,0.050009959,2528136,252813645,0.000000,0.000000
filter/computed_last,100,0,114464,0.050008791,2288878,228887757,0.000000,0.000000
filter/computed_last,100,1,115040,0.050008250,2300420,230042043,0.000000,0.000000
filter/computed_last,100,2,115232,0.050013333,2304026,230402561,0.000000,0.000000
filter/computed_last,100,3,116800,0.050002750,2335872,233587153,0.000000,0.000000
filter/computed_last,100,4,115008,0.050007708,2299805,229980546,0.000000,0.000000
filter/computed_last,100,5,115648,0.050010541,2312472,231247248,0.000000,0.000000
filter/computed_last,100,6,114880,0.050013625,2296974,229697407,0.000000,0.000000
filter/chained,100,0,76576,0.050011166,1531178,153117806,0.000000,0.000000
filter/chained,100,1,76384,0.050006625,1527478,152747761,0.000000,0.000000
filter/chained,100,2,77088,0.050015583,1541280,154127964,0.000000,0.000000
filter/chained,100,3,76832,0.050019167,1536051,153605117,0.000000,0.000000
filter/chained,100,4,76576,0.050004250,1531390,153138983,0.000000,0.000000
filter/chained,100,5,76544,0.050012125,1530509,153050885,0.000000,0.000000
filter/chained,100,6,76896,0.050014209,1537483,153748308,0.000000,0.000000
filter/predicate,500,0,54208,0.050008834,1083968,541984242,0.000000,0.000000
filter/predicate,500,1,54176,0.050025750,1082962,541481137,0.000000,0.000000
filter/predicate,500,2,53952,0.050023833,1078526,539262955,0.000000,0.000000
filter/predicate,500,3,53888,0.050005625,1077639,538819383,0.000000,0.000000
filter/predicate,500,4,54272,0.050026083,1084874,542437032,0.000000,0.000000
filter/predicate,500,5,53952,0.050021500,1078576,539288106,0.000000,0.000000
filter/predicate,500,6,53888,0.050009834,1077548,538774034,0.000000,0.000000
filter/none,500,0,59520,0.050015209,1190038,595019007,0.000000,0.000000
filter/none,500,1,59328,0.050024959,1185968,592983994,0.000000,0.000000
filter/none,500,2,59296,0.050007917,1185732,592866126,0.000000,0.000000
filter/none,500,3,59264,0.050014209,1184943,592471631,0.000000,0.000000
filter/none,500,4,59392,0.050006917,1187676,593837848,0.000000,0.000000
filter/none,500,5,59264,0.050016792,1184882,592441035,0.000000,0.000000
filter/none,500,6,58944,0.050008416,1178682,589340802,0.000000,0.000000
filter/first,500,0,65184,0.050002667,1303610,651805233,0.000000,0.000000
filter/first,500,1,65504,0.050019083,1309580,654790093,0.000000,0.000000
filter/first,500,2,65568,0.050012000,1311045,655522675,0.000000,0.000000
filter/first,500,3,65568,0.050023833,1310735,655367612,0.000000,0.000000
filter/first,500,4,65376,0.050015667,1307110,653555215,0.000000,0.000000
filter/first,500,5,66400,0.050013291,1327647,663823542,0.000000,0.000000
filter/first,500,6,65888,0.050001209,1317728,658864069,0.000000,0.000000
filter/last,500,0,61312,0.050023166,1225672,612836061,0.000000,0.000000
filter/last,500,1,61312,0.050002625,1226176,613087813,0.000000,0.000000
filter/last,500,2,61344,0.050023250,1226310,613154883,0.000000,0.000000
filter/last,500,3,61312,0.050012750,1225927,612963694,0.000000,0.000000
filter/last,500,4,61376,0.050023125,1226953,613476267,0.000000,0.000000
filter/last,500,5,61280,0.050002333,1225543,612771408,0.000000,0.000000
filter/last,500,6,61344,0.050017125,1226460,613229969,0.000000,0.000000
filter/computed_last,500,0,58112,0.050020000,1161775,580887645,0.000000,0.000000
filter/computed_last,500,1,57920,0.050010083,1158166,579083222,0.000000,0.000000
filter/computed_last,500,2,57920,0.050015583,1158039,579019543,0.000000,0.000000
filter/computed_last,500,3,58176,0.050010500,1163276,581637856,0.000000,0.000000
filter/computed_last,500,4,58240,0.050022375,1164279,582139493,0.000000,0.000000
filter/computed_last,500,5,58976,0.050009083,1179306,589652884,0.000000,0.000000
filter/computed_last,500,6,58464,0.050007125,1169113,584556701,0.000000,0.000000
filter/chained,500,0,46144,0.050017750,922552,461276247,0.000000,0.000000
filter/chained,500,1,45984,0.050019333,919325,459662267,0.000000,0.000000
filter/chained,500,2,46304,0.050033875,925453,462726503,0.000000,0.000000
filter/chained,500,3,46720,0.050002958,934345,467172362,0.000000,0.000000
filter/chained,500,4,46528,0.050022333,930145,465072271,0.000000,0.000000
filter/chained,500,5,46208,0.050029000,923624,461812149,0.000000,0.000000
filter/chained,500,6,46464,0.050021959,928872,464436029,0.000000,0.000000
filter/predicate,1024,0,34208,0.050015083,683954,700368567,0.000000,0.000000
filter/predicate,1024,1,34272,0.050024209,685108,701550883,0.000000,0.000000
filter/predicate,1024,2,34272,0.050001708,685417,701866584,0.000000,0.000000
filter/predicate,1024,3,34144,0.050030917,682458,698837001,0.000000,0.000000
filter/predicate,1024,4,34240,0.050016625,684572,701002117,0.000000,0.000000
filter/predicate,1024,5,34368,0.050009125,687235,703728210,0.000000,0.000000
filter/predicate,1024,6,34336,0.050025666,686368,702840498,0.000000,0.000000
filter/none,1024,0,36544,0.050004500,730814,748353768,0.000000,0.000000
filter/none,1024,1,36448,0.050041209,728360,745840333,0.000000,0.000000
filter/none,1024,2,36320,0.050041875,725792,743211161,0.000000,0.000000
filter/none,1024,3,36256,0.050043542,724489,741876824,0.000000,0.000000
filter/none,1024,4,36352,0.050011750,726869,744314046,0.000000,0.000000
filter/none,1024,5,36288,0.050032333,725291,742697967,0.000000,0.000000
filter/none,1024,6,36736,0.050039625,734138,751757512,0.000000,0.000000
filter/first,1024,0,38720,0.050019291,774101,792679768,0.000000,0.000000
filter/first,1024,1,38720,0.050040875,773767,792337864,0.000000,0.000000
filter/first,1024,2,38816,0.050035458,775770,794388332,0.000000,0.000000
filter/first,1024,3,38816,0.050002208,776286,794916576,0.000000,0.000000
filter/first,1024,4,39232,0.050008375,784509,803336801,0.000000,0.000000
filter/first,1024,5,38720,0.050031500,773912,792486334,0.000000,0.000000
filter/first,1024,6,38720,0.050037208,773824,792395931,0.000000,0.000000
filter/last,1024,0,36960,0.050018625,738925,756658945,0.000000,0.000000
filter/last,1024,1,37024,0.050014250,740269,758035480,0.000000,0.000000
filter/last,1024,2,37024,0.050018667,740204,757968540,0.000000,0.000000
filter/last,1024,3,37088,0.050003750,741704,759505277,0.000000,0.000000
filter/last,1024,4,37088,0.050015917,741524,759320518,0.000000,0.000000
filter/last,1024,5,37024,0.050026333,740090,757852389,0.000000,0.000000
filter/last,1024,6,37664,0.050006792,753178,771253953,0.000000,0.000000
filter/computed_last,1024,0,36032,0.050006584,720545,737838201,0.000000,0.000000
filter/computed_last,1024,1,36224,0.050018584,724211,741591885,0.000000,0.000000
filter/computed_last,1024,2,36128,0.050031750,722101,739431901,0.000000,0.000000
filter/computed_last,1024,3,36224,0.050025792,724106,741485032,0.000000,0.000000
filter/computed_last,1024,4,36544,0.050025042,730514,748046468,0.000000,0.000000
filter/computed_last,1024,5,36384,0.050041917,727070,744520159,0.000000,0.000000
filter/computed_last,1024,6,36128,0.050032291,722094,739423905,0.000000,0.000000
filter/chained,1024,0,31200,0.050010500,623869,638841843,0.000000,0.000000
filter/chained,1024,1,31136,0.050008667,622612,637554766,0.000000,0.000000
filter/chained,1024,2,31232,0.050005291,624574,639563681,0.000000,0.000000
filter/chained,1024,3,31200,0.050041625,623481,638444495,0.000000,0.000000
filter/chained,1024,4,31456,0.050006875,629034,644130312,0.000000,0.000000
filter/chained,1024,5,31200,0.050016750,623791,638762015,0.000000,0.000000
filter/chained,1024,6,31232,0.050046834,624055,639032791,0.000000,0.000000
filter/predicate,10240,0,4640,0.050163583,92497,947173171,0.000000,0.000000
filter/predicate,10240,1,4640,0.050200083,92430,946484491,0.000000,0.000000
filter/predicate,10240,2,4640,0.050217292,92398,946160139,0.000000,0.000000
filter/predicate,10240,3,4640,0.050213708,92405,946227672,0.000000,0.000000
filter/predicate,10240,4,4640,0.050236000,92364,945807787,0.000000,0.000000
filter/predicate,10240,5,4640,0.050285667,92273,944873616,0.000000,0.000000
filter/predicate,10240,6,4640,0.050136250,92548,947689546,0.000000,0.000000
filter/none,10240,0,4672,0.050121750,93213,954501389,0.000000,0.000000
filter/none,10240,1,4704,0.050134250,93828,960799453,0.000000,0.000000
filter/none,10240,2,4672,0.050165666,93131,953665800,0.000000,0.000000
filter/none,10240,3,4672,0.050180167,93105,953390211,0.000000,0.000000
filter/none,10240,4,4672,0.050135708,93187,954235652,0.000000,0.000000
filter/none,10240,5,4672,0.050211333,93047,952798445,0.000000,0.000000
filter/none,10240,6,4704,0.050329084,93465,957080006,0.000000,0.000000
filter/first,10240,0,4704,0.050149750,93799,960502495,0.000000,0.000000
filter/first,10240,1,4736,0.050316041,94125,963840537,0.000000,0.000000
filter/first,10240,2,4736,0.050041541,94641,969127629,0.000000,0.000000
filter/first,10240,3,4704,0.050089166,93913,961664245,0.000000,0.000000
filter/first,10240,4,4704,0.050127791,93840,960923253,0.000000,0.000000
filter/first,10240,5,4704,0.050053208,93980,962355100,0.000000,0.000000
filter/first,10240,6,4768,0.050114459,95142,974256152,0.000000,0.000000
filter/last,10240,0,4704,0.050270292,93574,958199328,0.000000,0.000000
filter/last,10240,1,4672,0.050046375,93353,955938967,0.000000,0.000000
filter/last,10240,2,4704,0.050324375,93474,957169562,0.000000,0.000000
filter/last,10240,3,4672,0.050022750,93398,956390442,0.000000,0.000000
filter/last,10240,4,4672,0.050009416,93422,956645445,0.000000,0.000000
filter/last,10240,5,4672,0.050193625,93080,953134586,0.000000,0.000000
filter/last,10240,6,4704,0.050029958,94024,962802327,0.000000,0.000000
filter/computed_last,10240,0,4672,0.050193416,93080,953138555,0.000000,0.000000
filter/computed_last,10240,1,4544,0.050185625,90544,927169085,0.000000,0.000000
filter/computed_last,10240,2,4704,0.050265959,93582,958281926,0.000000,0.000000
filter/computed_last,10240,3,4672,0.050326375,92834,950620425,0.000000,0.000000
filter/computed_last,10240,4,4672,0.050275292,92928,951586318,0.000000,0.000000
filter/computed_last,10240,5,4672,0.050289291,92902,951321425,0.000000,0.000000
filter/computed_last,10240,6,4672,0.050253959,92968,951990270,0.000000,0.000000
filter/chained,10240,0,4576,0.050182500,91187,933756588,0.000000,0.000000
filter/chained,10240,1,4608,0.050164292,91858,940627648,0.000000,0.000000
filter/chained,10240,2,4576,0.050156042,91235,934249158,0.000000,0.000000
filter/chained,10240,3,4576,0.050120583,91300,934910115,0.000000,0.000000
filter/chained,10240,4,4576,0.050224708,91111,932971875,0.000000,0.000000
filter/chained,10240,5,4576,0.050153167,91240,934302713,0.000000,0.000000
filter/chained,10240,6,4576,0.050112416,91315,935062480,0.000000,0.000000
filter/predicate,65536,0,768,0.051273250,14979,981635609,0.000000,0.000000
filter/predicate,65536,1,768,0.051274334,14978,981614856,0.000000,0.000000
filter/predicate,65536,2,768,0.051234375,14990,982380443,0.000000,0.000000
filter/predicate,65536,3,768,0.051352250,14956,980125467,0.000000,0.000000
filter/predicate,65536,4,768,0.051217792,14995,982698512,0.000000,0.000000
filter/predicate,65536,5,768,0.050762042,15129,991521342,0.000000,0.000000
filter/predicate,65536,6,768,0.051031875,15049,986278635,0.000000,0.000000
filter/none,65536,0,768,0.051207291,14998,982900033,0.000000,0.000000
filter/none,65536,1,768,0.051192958,15002,983175225,0.000000,0.000000
filter/none,65536,2,768,0.050858708,15101,989636780,0.000000,0.000000
filter/none,65536,3,768,0.051205834,14998,982928000,0.000000,0.000000
filter/none,65536,4,768,0.050974083,15066,987396831,0.000000,0.000000
filter/none,65536,5,768,0.051193541,15002,983164028,0.000000,0.000000
filter/none,65536,6,768,0.051162125,15011,983767738,0.000000,0.000000
filter/first,65536,0,768,0.051115792,15025,984659457,0.000000,0.000000
filter/first,65536,1,768,0.051003083,15058,986835404,0.000000,0.000000
filter/first,65536,2,768,0.051132542,15020,984336902,0.000000,0.000000
filter/first,65536,3,768,0.051125709,15022,984468460,0.000000,0.000000
filter/first,65536,4,768,0.051167042,15010,983673201,0.000000,0.000000
filter/first,65536,5,768,0.050632875,15168,994050762,0.000000,0.000000
filter/first,65536,6,768,0.051027209,15051,986368821,0.000000,0.000000
filter/last,65536,0,768,0.051187125,15004,983287262,0.000000,0.000000
filter/last,65536,1,768,0.051181000,15006,983404935,0.000000,0.000000
filter/last,65536,2,768,0.051209250,14997,982862432,0.000000,0.000000
filter/last,65536,3,768,0.051165500,15010,983702847,0.000000,0.000000
filter/last,65536,4,768,0.051197167,15001,983094397,0.000000,0.000000
filter/last,65536,5,768,0.051188625,15003,983258449,0.000000,0.000000
filter/last,65536,6,768,0.050192875,15301,1002764795,0.000000,0.000000
filter/computed_last,65536,0,768,0.051228542,14992,982492299,0.000000,0.000000
filter/computed_last,65536,1,768,0.051189333,15003,983244849,0.000000,0.000000
filter/computed_last,65536,2,768,0.050938542,15077,988085760,0.000000,0.000000
filter/computed_last,65536,3,768,0.050796250,15119,990853616,0.000000,0.000000
filter/computed_last,65536,4,768,0.050755125,15131,991656468,0.000000,0.000000
filter/computed_last,65536,5,768,0.051241750,14988,982239053,0.000000,0.000000
filter/computed_last,65536,6,768,0.051240125,14988,982270203,0.000000,0.000000
filter/chained,65536,0,768,0.051374250,14949,979705748,0.000000,0.000000
filter/chained,65536,1,768,0.051394083,14943,979327679,0.000000,0.000000
filter/chained,65536,2,768,0.050738083,15137,991989548,0.000000,0.000000
filter/chained,65536,3,768,0.051417875,14936,978874526,0.000000,0.000000
filter/chained,65536,4,768,0.051338583,14960,980386389,0.000000,0.000000
filter/chained,65536,5,768,0.051347834,14957,980209759,0.000000,0.000000
filter/chained,65536,6,768,0.050873958,15096,989340126,0.000000,0.000000
filter/predicate,1048576,0,64,0.070485042,908,952100788,0.000000,0.000000
filter/predicate,1048576,1,64,0.067921583,942,988034451,0.000000,0.000000
filter/predicate,1048576,2,64,0.067905667,942,988266031,0.000000,0.000000
filter/predicate,1048576,3,64,0.067977750,941,987218082,0.000000,0.000000
filter/predicate,1048576,4,64,0.067416083,949,995442942,0.000000,0.000000
filter/predicate,1048576,5,64,0.067221750,952,998320692,0.000000,0.000000
filter/predicate,1048576,6,64,0.067965709,942,987392981,0.000000,0.000000
filter/none,1048576,0,64,0.067355250,950,996341993,0.000000,0.000000
filter/none,1048576,1,64,0.067899084,943,988361846,0.000000,0.000000
filter/none,1048576,2,64,0.067856250,943,988985746,0.000000,0.000000
filter/none,1048576,3,64,0.067923000,942,988013839,0.000000,0.000000
filter/none,1048576,4,64,0.067696209,945,991323813,0.000000,0.000000
filter/none,1048576,5,64,0.067934792,942,987842342,0.000000,0.000000
filter/none,1048576,6,64,0.067300792,951,997148206,0.000000,0.000000
filter/first,1048576,0,64,0.067876833,943,988685845,0.000000,0.000000
filter/first,1048576,1,64,0.067933958,942,987854469,0.000000,0.000000
filter/first,1048576,2,64,0.067214000,952,998435802,0.000000,0.000000
filter/first,1048576,3,64,0.067874709,943,988716784,0.000000,0.000000
filter/first,1048576,4,64,0.067894750,943,988424937,0.000000,0.000000
filter/first,1048576,5,64,0.067848375,943,989100535,0.000000,0.000000
filter/first,1048576,6,64,0.067795959,944,989865251,0.000000,0.000000
filter/last,1048576,0,64,0.067659083,946,991867773,0.000000,0.000000
filter/last,1048576,1,64,0.067938792,942,987784181,0.000000,0.000000
filter/last,1048576,2,64,0.067414708,949,995463245,0.000000,0.000000
filter/last,1048576,3,64,0.067923916,942,988000515,0.000000,0.000000
filter/last,1048576,4,64,0.067890208,943,988491065,0.000000,0.000000
filter/last,1048576,5,64,0.067863958,943,988873416,0.000000,0.000000
filter/last,1048576,6,64,0.067926875,942,987957476,0.000000,0.000000
filter/computed_last,1048576,0,64,0.067871000,943,988770815,0.000000,0.000000
filter/computed_last,1048576,1,64,0.067918125,942,988084756,0.000000,0.000000
filter/computed_last,1048576,2,64,0.067873000,943,988741679,0.000000,0.000000
filter/computed_last,1048576,3,64,0.067856916,943,988976039,0.000000,0.000000
filter/computed_last,1048576,4,64,0.067505000,948,994131753,0.000000,0.000000
filter/computed_last,1048576,5,64,0.067507250,948,994098619,0.000000,0.000000
filter/computed_last,1048576,6,64,0.067676375,946,991614341,0.000000,0.000000
filter/chained,1048576,0,64,0.066931583,956,1002648690,0.000000,0.000000
filter/chained,1048576,1,64,0.067949791,942,987624289,0.000000,0.000000
filter/chained,1048576,2,64,0.068009541,941,986756608,0.000000,0.000000
filter/chained,1048576,3,64,0.067785750,944,990014332,0.000000,0.000000
filter/chained,1048576,4,64,0.067936083,942,987823569,0.000000,0.000000
filter/chained,1048576,5,64,0.067953959,942,987563712,0.000000,0.000000
filter/chained,1048576,6,64,0.067947916,942,987651542,0.000000,0.000000
filter/wide_predicate,164,0,30048,0.050001000,600948,98555469,0.000000,0.000000
filter/wide_predicate,164,1,30112,0.050039333,601767,98689725,0.000000,0.000000
filter/wide_predicate,164,2,30176,0.050001625,603500,98974063,0.000000,0.000000
filter/wide_predicate,164,3,30304,0.050019083,605849,99359199,0.000000,0.000000
filter/wide_predicate,164,4,30464,0.050052042,608646,99818025,0.000000,0.000000
filter/wide_predicate,164,5,30560,0.050016542,610998,100203649,0.000000,0.000000
filter/wide_predicate,164,6,30528,0.050045375,610006,100041053,0.000000,0.000000
filter/wide_last,164,0,56704,0.050013916,1133764,185937370,0.000000,0.000000
filter/wide_last,164,1,57856,0.050004583,1157014,189750287,0.000000,0.000000
filter/wide_last,164,2,57024,0.050024875,1139913,186945715,0.000000,0.000000
filter/wide_last,164,3,57952,0.050003583,1158957,190068940,0.000000,0.000000
filter/wide_last,164,4,57440,0.050012250,1148519,188357053,0.000000,0.000000
filter/wide_last,164,5,57504,0.050010208,1149845,188574621,0.000000,0.000000
filter/wide_last,164,6,57888,0.050005875,1157624,189850333,0.000000,0.000000
filter/sequence_last,164,0,30848,0.050041875,616444,101096771,0.000000,0.000000
filter/sequence_last,164,1,30976,0.050040167,619023,101519725,0.000000,0.000000
filter/sequence_last,164,2,30944,0.050035084,618446,101425152,0.000000,0.000000
filter/sequence_last,164,3,30880,0.050019417,617360,101247082,0.000000,0.000000
filter/sequence_last,164,4,30848,0.050009500,616843,101162219,0.000000,0.000000
filter/sequence_last,164,5,30976,0.050046833,618940,101506203,0.000000,0.000000
filter/sequence_last,164,6,30528,0.050006208,610484,100119409,0.000000,0.000000
filter/wide_predicate,2736,0,1920,0.050213250,38237,104616212,0.000000,0.000000
filter/wide_predicate,2736,1,1952,0.050767833,38450,105197951,0.000000,0.000000
filter/wide_predicate,2736,2,1952,0.050700167,38501,105338351,0.000000,0.000000
filter/wide_predicate,2736,3,1920,0.050479167,38035,104065109,0.000000,0.000000
filter/wide_predicate,2736,4,1952,0.050855042,38384,105017552,0.000000,0.000000
filter/wide_predicate,2736,5,1952,0.050716584,38488,105304253,0.000000,0.000000
filter/wide_predicate,2736,6,1952,0.050238750,38854,106305830,0.000000,0.000000
filter/wide_last,2736,0,4352,0.050035041,86979,237974663,0.000000,0.000000
filter/wide_last,2736,1,4320,0.050340875,85815,234789721,0.000000,0.000000
filter/wide_last,2736,2,4288,0.050029542,85709,234500808,0.000000,0.000000
filter/wide_last,2736,3,4288,0.050179375,85453,233800600,0.000000,0.000000
filter/wide_last,2736,4,4288,0.050297417,85253,233251898,0.000000,0.000000
filter/wide_last,2736,5,4288,0.050321500,85212,233140268,0.000000,0.000000
filter/wide_last,2736,6,4288,0.050371875,85127,232907113,0.000000,0.000000
filter/sequence_last,2736,0,2272,0.050421375,45060,123284857,0.000000,0.000000
filter/sequence_last,2736,1,2272,0.050373958,45103,123400905,0.000000,0.000000
filter/sequence_last,2736,2,2272,0.050288125,45180,123611529,0.000000,0.000000
filter/sequence_last,2736,3,2272,0.050353083,45121,123452064,0.000000,0.000000
filter/sequence_last,2736,4,2272,0.050000833,45439,124321769,0.000000,0.000000
filter/sequence_last,2736,5,2272,0.050311208,45159,123554815,0.000000,0.000000
filter/sequence_last,2736,6,2272,0.050656709,44851,122712117,0.000000,0.000000
filter/wide_predicate,23392,0,256,0.054451750,4701,109975382,0.000000,0.000000
filter/wide_predicate,23392,1,256,0.054253250,4719,110377756,0.000000,0.000000
filter/wide_predicate,23392,2,256,0.053887167,4751,111127609,0.000000,0.000000
filter/wide_predicate,23392,3,256,0.054061917,4735,110768399,0.000000,0.000000
filter/wide_predicate,23392,4,256,0.054391584,4707,110097033,0.000000,0.000000
filter/wide_predicate,23392,5,256,0.054229500,4721,110426096,0.000000,0.000000
filter/wide_predicate,23392,6,256,0.055279292,4631,108329029,0.000000,0.000000
filter/wide_last,23392,0,544,0.050639083,10743,251293018,0.000000,0.000000
filter/wide_last,23392,1,576,0.052681167,10934,255761077,0.000000,0.000000
filter/wide_last,23392,2,576,0.052842875,10900,254978405,0.000000,0.000000
filter/wide_last,23392,3,544,0.051390875,10586,247616878,0.000000,0.000000
filter/wide_last,23392,4,544,0.052583125,10346,242002506,0.000000,0.000000
filter/wide_last,23392,5,544,0.052878834,10288,240649179,0.000000,0.000000
filter/wide_last,23392,6,544,0.052888583,10286,240604820,0.000000,0.000000
filter/sequence_last,23392,0,288,0.050587917,5693,133172038,0.000000,0.000000
filter/sequence_last,23392,1,288,0.050423042,5712,133607488,0.000000,0.000000
filter/sequence_last,23392,2,288,0.050393083,5715,133686919,0.000000,0.000000
filter/sequence_last,23392,3,288,0.050354458,5719,133789465,0.000000,0.000000
filter/sequence_last,23392,4,288,0.050370458,5718,133746967,0.000000,0.000000
filter/sequence_last,23392,5,288,0.050622458,5689,133081171,0.000000,0.000000
filter/sequence_last,23392,6,288,0.050249709,5731,134068358,0.000000,0.000000
filter/nested,892,0,3680,0.050410375,73001,65116754,0.000000,0.000000
filter/nested,892,1,3680,0.050209125,73293,65377758,0.000000,0.000000
filter/nested,892,2,3680,0.050218083,73280,65366095,0.000000,0.000000
filter/nested,892,3,3680,0.050168292,73353,65430970,0.000000,0.000000
filter/nested,892,4,3680,0.050233916,73257,65345493,0.000000,0.000000
filter/nested,892,5,3680,0.050248791,73236,65326149,0.000000,0.000000
filter/nested,892,6,3648,0.050073583,72853,64984685,0.000000,0.000000
filter/per_group,892,0,5184,0.050071417,103532,92350652,0.000000,0.000000
filter/per_group,892,1,5216,0.050197625,103909,92687094,0.000000,0.000000
filter/per_group,892,2,5216,0.050178083,103950,92723192,0.000000,0.000000
filter/per_group,892,3,5152,0.050198500,102633,91548234,0.000000,0.000000
filter/per_group,892,4,5152,0.050234958,102558,91481792,0.000000,0.000000
filter/per_group,892,5,5184,0.050234708,103196,92050460,0.000000,0.000000
filter/per_group,892,6,5184,0.050053500,103569,92383709,0.000000,0.000000
filter/global,892,0,7584,0.050145916,151239,134904864,0.000000,0.000000
filter/global,892,1,7552,0.050003958,151028,134717016,0.000000,0.000000
filter/global,892,2,7584,0.050095833,151390,135039735,0.000000,0.000000
filter/global,892,3,7584,0.050135833,151269,134931996,0.000000,0.000000
filter/global,892,4,7584,0.050155583,151209,134878863,0.000000,0.000000
filter/global,892,5,7584,0.050100125,151377,135028166,0.000000,0.000000
filter/global,892,6,7584,0.050196459,151086,134769028,0.000000,0.000000
filter/deep,136,0,3680,0.050140083,73394,9981635,0.000000,0.000000
filter/deep,136,1,3680,0.050168459,73353,9975989,0.000000,0.000000
filter/deep,136,2,3680,0.050194542,73315,9970805,0.000000,0.000000
filter/deep,136,3,3680,0.050203541,73302,9969018,0.000000,0.000000
filter/deep,136,4,3744,0.050371375,74328,10108598,0.000000,0.000000
filter/deep,136,5,3744,0.050324583,74397,10117997,0.000000,0.000000
filter/deep,136,6,3680,0.050102667,73449,9989089,0.000000,0.000000
filter/negative_chain,20,0,5184,0.050219541,103227,2064535,0.000000,0.000000
filter/negative_chain,20,1,5184,0.050210333,103246,2064914,0.000000,0.000000
filter/negative_chain,20,2,5184,0.050196000,103275,2065503,0.000000,0.000000
filter/negative_chain,20,3,5184,0.050204875,103257,2065138,0.000000,0.000000
filter/negative_chain,20,4,5312,0.050279333,105650,2112995,0.000000,0.000000
filter/negative_chain,20,5,5248,0.050163083,104619,2092375,0.000000,0.000000
filter/negative_chain,20,6,5216,0.050181625,103942,2078849,0.000000,0.000000
compile/aggregate,0,0,38720,0.050007750,774280,0,48.000000,3425.000000
compile/aggregate,0,1,39008,0.050008458,780028,0,48.000000,3425.000000
compile/aggregate,0,2,39008,0.050027209,779736,0,48.000000,3425.000000
compile/aggregate,0,3,39168,0.050010375,783197,0,48.000000,3425.000000
compile/aggregate,0,4,39232,0.050004166,784575,0,48.000000,3425.000000
compile/aggregate,0,5,39008,0.050031875,779663,0,48.000000,3425.000000
compile/aggregate,0,6,39072,0.050031042,780955,0,48.000000,3425.000000
aggregate/count,100,0,183488,0.050003292,3669518,366951840,0.000000,0.000000
aggregate/count,100,1,185632,0.050006792,3712136,371213574,0.000000,0.000000
aggregate/count,100,2,185632,0.050009250,3711953,371195329,0.000000,0.000000
aggregate/count,100,3,184960,0.050005375,3698802,369880238,0.000000,0.000000
aggregate/count,100,4,185664,0.050001417,3713175,371317477,0.000000,0.000000
aggregate/count,100,5,185728,0.050000458,3714526,371452597,0.000000,0.000000
aggregate/count,100,6,185312,0.050006166,3705783,370578300,0.000000,0.000000
aggregate/sum,100,0,178016,0.050005000,3559964,355996400,0.000000,0.000000
aggregate/sum,100,1,179072,0.050001750,3581315,358131465,0.000000,0.000000
aggregate/sum,100,2,179104,0.050003375,3581838,358183823,0.000000,0.000000
aggregate/sum,100,3,179072,0.050001875,3581306,358130570,0.000000,0.000000
aggregate/sum,100,4,178656,0.050008542,3572510,357250967,0.000000,0.000000
aggregate/sum,100,5,178976,0.050001292,3579428,357942751,0.000000,0.000000
aggregate/sum,100,6,179296,0.050001375,3585821,358582139,0.000000,0.000000
aggregate/min,100,0,178368,0.050006583,3566890,356689038,0.000000,0.000000
aggregate/min,100,1,178688,0.050008208,3573173,357317343,0.000000,0.000000
aggregate/min,100,2,178112,0.050004958,3561887,356188680,0.000000,0.000000
aggregate/min,100,3,178880,0.050003333,3577362,357736153,0.000000,0.000000
aggregate/min,100,4,178400,0.050002458,3567825,356782461,0.000000,0.000000
aggregate/min,100,5,179520,0.050005291,3590020,359002010,0.000000,0.000000
aggregate/min,100,6,179072,0.050005750,3581028,358102818,0.000000,0.000000
aggregate/max,100,0,178048,0.050005792,3560548,356054755,0.000000,0.000000
aggregate/max,100,1,178432,0.050002250,3568479,356847942,0.000000,0.000000
aggregate/max,100,2,178016,0.050003667,3560059,356005891,0.000000,0.000000
aggregate/max,100,3,178144,0.050000583,3562838,356283846,0.000000,0.000000
aggregate/max,100,4,179520,0.050007542,3589859,358985851,0.000000,0.000000
aggregate/max,100,5,178592,0.050007875,3571278,357127752,0.000000,0.000000
aggregate/max,100,6,178528,0.050006583,3570090,357008996,0.000000,0.000000
aggregate/filtered_count,100,0,271072,0.050000417,5421395,542139479,0.000000,0.000000
aggregate/filtered_count,100,1,271680,0.050002417,5433337,543333735,0.000000,0.000000
aggregate/filtered_count,100,2,274656,0.050004167,5492662,549266224,0.000000,0.000000
aggregate/filtered_count,100,3,274976,0.050005709,5498892,549889214,0.000000,0.000000
aggregate/filtered_count,100,4,275392,0.050004875,5507303,550730304,0.000000,0.000000
aggregate/filtered_count,100,5,277632,0.050001208,5552506,555250585,0.000000,0.000000
aggregate/filtered_count,100,6,277600,0.050001625,5551820,555181957,0.000000,0.000000
aggregate/filtered_sum,100,0,273568,0.050003792,5470945,547094508,0.000000,0.000000
aggregate/filtered_sum,100,1,271552,0.050004500,5430551,543055125,0.000000,0.000000
aggregate/filtered_sum,100,2,271072,0.050001417,5421286,542128636,0.000000,0.000000
aggregate/filtered_sum,100,3,271392,0.050004792,5427320,542731985,0.000000,0.000000
aggregate/filtered_sum,100,4,272800,0.050000667,5455927,545592722,0.000000,0.000000
aggregate/filtered_sum,100,5,272160,0.050001041,5443087,544308667,0.000000,0.000000
aggregate/filtered_sum,100,6,273312,0.050003125,5465898,546589838,0.000000,0.000000
aggregate/empty_sum,100,0,280928,0.050005291,5617966,561796551,0.000000,0.000000
aggregate/empty_sum,100,1,280288,0.050005167,5605181,560518076,0.000000,0.000000
aggregate/empty_sum,100,2,277888,0.050000625,5557691,555769053,0.000000,0.000000
aggregate/empty_sum,100,3,277696,0.050000208,5553897,555389690,0.000000,0.000000
aggregate/empty_sum,100,4,279776,0.050001542,5595347,559534744,0.000000,0.000000
aggregate/empty_sum,100,5,280448,0.050002375,5608694,560869359,0.000000,0.000000
aggregate/empty_sum,100,6,280768,0.050001125,5615234,561523366,0.000000,0.000000
aggregate/count,500,0,72800,0.050008459,1455754,727876858,0.000000,0.000000
aggregate/count,500,1,72320,0.050013375,1446013,723006596,0.000000,0.000000
aggregate/count,500,2,72416,0.050014458,1447901,723950662,0.000000,0.000000
aggregate/count,500,3,72352,0.050021083,1446430,723215049,0.000000,0.000000
aggregate/count,500,4,72480,0.050001417,1449559,724779460,0.000000,0.000000
aggregate/count,500,5,72832,0.050016250,1456167,728083373,0.000000,0.000000
aggregate/count,500,6,72384,0.050018584,1447142,723571063,0.000000,0.000000
aggregate/sum,500,0,71200,0.050014875,1423576,711788243,0.000000,0.000000
aggregate/sum,500,1,71200,0.050010167,1423711,711855251,0.000000,0.000000
aggregate/sum,500,2,71200,0.050020084,1423428,711714119,0.000000,0.000000
aggregate/sum,500,3,71104,0.050009750,1421803,710901374,0.000000,0.000000
aggregate/sum,500,4,71264,0.050020834,1424686,712343181,0.000000,0.000000
aggregate/sum,500,5,71328,0.050007041,1426359,713179570,0.000000,0.000000
aggregate/sum,500,6,71680,0.050019375,1433045,716522348,0.000000,0.000000
aggregate/min,500,0,71008,0.050001417,1420120,710059877,0.000000,0.000000
aggregate/min,500,1,71232,0.050010084,1424353,712176368,0.000000,0.000000
aggregate/min,500,2,71072,0.050022458,1420802,710400916,0.000000,0.000000
aggregate/min,500,3,71040,0.050005875,1420633,710316538,0.000000,0.000000
aggregate/min,500,4,71200,0.050014333,1423592,711795957,0.000000,0.000000
aggregate/min,500,5,71168,0.050008541,1423117,711558452,0.000000,0.000000
aggregate/min,500,6,71296,0.050005834,1425754,712876822,0.000000,0.000000
aggregate/max,500,0,71488,0.050010291,1429466,714732894,0.000000,0.000000
aggregate/max,500,1,71040,0.050008625,1420555,710277477,0.000000,0.000000
aggregate/max,500,2,71136,0.050021458,1422110,711054844,0.000000,0.000000
aggregate/max,500,3,71392,0.050007833,1427616,713808175,0.000000,0.000000
aggregate/max,500,4,71680,0.050008500,1433356,716678165,0.000000,0.000000
aggregate/max,500,5,71200,0.050003709,1423894,711947188,0.000000,0.000000
aggregate/max,500,6,71936,0.050010834,1438408,719204163,0.000000,0.000000
aggregate/filtered_count,500,0,127776,0.050001167,2555460,1277730178,0.000000,0.000000
aggregate/filtered_count,500,1,126720,0.050005625,2534115,1267057456,0.000000,0.000000
aggregate/filtered_count,500,2,127296,0.050005125,2545659,1272829535,0.000000,0.000000
aggregate/filtered_count,500,3,127328,0.050008708,2546117,1273058284,0.000000,0.000000
aggregate/filtered_count,500,4,127456,0.050002250,2549005,1274502647,0.000000,0.000000
aggregate/filtered_count,500,5,127616,0.050006625,2551982,1275990931,0.000000,0.000000
aggregate/filtered_count,500,6,126592,0.050009167,2531376,1265687949,0.000000,0.000000
aggregate/filtered_sum,500,0,125824,0.050007125,2516121,1258060726,0.000000,0.000000
aggregate/filtered_sum,500,1,126624,0.050007083,2532121,1266060650,0.000000,0.000000
aggregate/filtered_sum,500,2,125472,0.050002708,2509304,1254652048,0.000000,0.000000
aggregate/filtered_sum,500,3,126208,0.050006083,2523853,1261926474,0.000000,0.000000
aggregate/filtered_sum,500,4,126656,0.050006167,2532808,1266403802,0.000000,0.000000
aggregate/filtered_sum,500,5,126368,0.050000542,2527333,1263666302,0.000000,0.000000
aggregate/filtered_sum,500,6,127008,0.050002542,2540031,1270015432,0.000000,0.000000
aggregate/empty_sum,500,0,127776,0.050005833,2555222,1277610954,0.000000,0.000000
aggregate/empty_sum,500,1,128160,0.050007708,2562805,1281402459,0.000000,0.000000
aggregate/empty_sum,500,2,127296,0.050004542,2545689,1272844375,0.000000,0.000000
aggregate/empty_sum,500,3,127680,0.050010125,2553083,1276541500,0.000000,0.000000
aggregate/empty_sum,500,4,128064,0.050003500,2561101,1280550361,0.000000,0.000000
aggregate/empty_sum,500,5,127200,0.050002250,2543886,1271942763,0.000000,0.000000
aggregate/empty_sum,500,6,127616,0.050008625,2551880,1275939900,0.000000,0.000000
aggregate/count,1024,0,41536,0.050012667,830510,850441829,0.000000,0.000000
aggregate/count,1024,1,40832,0.050026667,816205,835793598,0.000000,0.000000
aggregate/count,1024,2,40800,0.050022208,815638,835213032,0.000000,0.000000
aggregate/count,1024,3,40928,0.050038500,817930,837560518,0.000000,0.000000
aggregate/count,1024,4,41312,0.050016000,825976,845799104,0.000000,0.000000
aggregate/count,1024,5,40800,0.050017792,815710,835286772,0.000000,0.000000
aggregate/count,1024,6,40736,0.050012208,814521,834069634,0.000000,0.000000
aggregate/sum,1024,0,40352,0.050012916,806832,826195537,0.000000,0.000000
aggregate/sum,1024,1,40224,0.050000125,804478,823785461,0.000000,0.000000
aggregate/sum,1024,2,40256,0.050035125,804555,823864115,0.000000,0.000000
aggregate/sum,1024,3,40256,0.050003041,805071,824392740,0.000000,0.000000
aggregate/sum,1024,4,40384,0.050036667,807088,826458245,0.000000,0.000000
aggregate/sum,1024,5,40768,0.050008500,815221,834786726,0.000000,0.000000
aggregate/sum,1024,6,40736,0.050037167,814115,833653592,0.000000,0.000000
aggregate/min,1024,0,40320,0.050011167,806220,825569217,0.000000,0.000000
aggregate/min,1024,1,40288,0.050032291,805240,824565719,0.000000,0.000000
aggregate/min,1024,2,40256,0.050005959,805024,824344635,0.000000,0.000000
aggregate/min,1024,3,40736,0.050004375,814649,834200287,0.000000,0.000000
aggregate/min,1024,4,40448,0.050003125,808909,828323270,0.000000,0.000000
aggregate/min,1024,5,40448,0.050032042,808442,827844524,0.000000,0.000000
aggregate/min,1024,6,40640,0.050016833,812526,832027090,0.000000,0.000000
aggregate/max,1024,0,40288,0.050036041,805180,824503921,0.000000,0.000000
aggregate/max,1024,1,40448,0.050026584,808530,827934844,0.000000,0.000000
aggregate/max,1024,2,40384,0.050001458,807656,827040204,0.000000,0.000000
aggregate/max,1024,3,40480,0.050014167,809371,828795569,0.000000,0.000000
aggregate/max,1024,4,40448,0.050026875,808525,827930028,0.000000,0.000000
aggregate/max,1024,5,41312,0.050027709,825782,845601145,0.000000,0.000000
aggregate/max,1024,6,40576,0.050018917,811213,830682200,0.000000,0.000000
aggregate/filtered_count,1024,0,75616,0.050020625,1511696,1547977139,0.000000,0.000000
aggregate/filtered_count,1024,1,75968,0.050020125,1518749,1555198673,0.000000,0.000000
aggregate/filtered_count,1024,2,76096,0.050014916,1521466,1557981303,0.000000,0.000000
aggregate/filtered_count,1024,3,75392,0.050006167,1507654,1543837743,0.000000,0.000000
aggregate/filtered_count,1024,4,75456,0.050011084,1508786,1544996385,0.000000,0.000000
aggregate/filtered_count,1024,5,75520,0.050019875,1509800,1546035051,0.000000,0.000000
aggregate/filtered_count,1024,6,76416,0.050015666,1527841,1564509488,0.000000,0.000000
aggregate/filtered_sum,1024,0,75328,0.050009917,1506261,1542411518,0.000000,0.000000
aggregate/filtered_sum,1024,1,75136,0.050006250,1502532,1538592956,0.000000,0.000000
aggregate/filtered_sum,1024,2,75328,0.050001500,1506515,1542671160,0.000000,0.000000
aggregate/filtered_sum,1024,3,75136,0.050005042,1502568,1538630125,0.000000,0.000000
aggregate/filtered_sum,1024,4,75488,0.050021417,1509114,1545332312,0.000000,0.000000
aggregate/filtered_sum,1024,5,75616,0.050001625,1512271,1548565352,0.000000,0.000000
aggregate/filtered_sum,1024,6,75424,0.050009125,1508205,1544401667,0.000000,0.000000
aggregate/empty_sum,1024,0,75808,0.050003625,1516050,1552435288,0.000000,0.000000
aggregate/empty_sum,1024,1,75936,0.050000166,1518715,1555164117,0.000000,0.000000
aggregate/empty_sum,1024,2,75936,0.050008125,1518473,1554916606,0.000000,0.000000
aggregate/empty_sum,1024,3,75936,0.050003791,1518605,1555051376,0.000000,0.000000
aggregate/empty_sum,1024,4,76960,0.050004584,1539059,1575996313,0.000000,0.000000
aggregate/empty_sum,1024,5,76192,0.050020917,1523203,1559759650,0.000000,0.000000
aggregate/empty_sum,1024,6,75872,0.050013750,1517023,1553431366,0.000000,0.000000
aggregate/count,10240,0,4768,0.050283417,94823,970982541,0.000000,0.000000
aggregate/count,10240,1,4736,0.050086042,94557,968266568,0.000000,0.000000
aggregate/count,10240,2,4768,0.050292625,94805,970804765,0.000000,0.000000
aggregate/count,10240,3,4800,0.050193459,95630,979251101,0.000000,0.000000
aggregate/count,10240,4,4736,0.050161083,94416,966818041,0.000000,0.000000
aggregate/count,10240,5,4736,0.050112875,94507,967748109,0.000000,0.000000
aggregate/count,10240,6,4736,0.050149250,94438,967046167,0.000000,0.000000
aggregate/sum,10240,0,4736,0.050098042,94535,968034639,0.000000,0.000000
aggregate/sum,10240,1,4768,0.050235917,94912,971900642,0.000000,0.000000
aggregate/sum,10240,2,4736,0.050162542,94413,966789921,0.000000,0.000000
aggregate/sum,10240,3,4736,0.050163875,94411,966764230,0.000000,0.000000
aggregate/sum,10240,4,4768,0.050064792,95237,975222667,0.000000,0.000000
aggregate/sum,10240,5,4736,0.050163625,94411,966769048,0.000000,0.000000
aggregate/sum,10240,6,4736,0.050145375,94445,967120896,0.000000,0.000000
aggregate/min,10240,0,4736,0.050160834,94416,966822840,0.000000,0.000000
aggregate/min,10240,1,4736,0.050132333,94470,967372494,0.000000,0.000000
aggregate/min,10240,2,4736,0.050148208,94440,967066261,0.000000,0.000000
aggregate/min,10240,3,4736,0.050145958,94444,967109652,0.000000,0.000000
aggregate/min,10240,4,4736,0.050080458,94568,968374530,0.000000,0.000000
aggregate/min,10240,5,4736,0.050092125,94546,968148985,0.000000,0.000000
aggregate/min,10240,6,4768,0.050141583,95091,973729130,0.000000,0.000000
aggregate/max,10240,0,4768,0.050323916,94746,970201127,0.000000,0.000000
aggregate/max,10240,1,4736,0.050158125,94421,966875058,0.000000,0.000000
aggregate/max,10240,2,4736,0.050139709,94456,967230185,0.000000,0.000000
aggregate/max,10240,3,4736,0.050192750,94356,966208068,0.000000,0.000000
aggregate/max,10240,4,4768,0.050254583,94877,971539650,0.000000,0.000000
aggregate/max,10240,5,4736,0.050183416,94374,966387780,0.000000,0.000000
aggregate/max,10240,6,4736,0.050203250,94337,966005986,0.000000,0.000000
aggregate/filtered_count,10240,0,9248,0.050122167,184509,1889374017,0.000000,0.000000
aggregate/filtered_count,10240,1,9248,0.050153375,184394,1888198352,0.000000,0.000000
aggregate/filtered_count,10240,2,9248,0.050048250,184782,1892164461,0.000000,0.000000
aggregate/filtered_count,10240,3,9280,0.050096875,185241,1896868817,0.000000,0.000000
aggregate/filtered_count,10240,4,9248,0.050116875,184529,1889573522,0.000000,0.000000
aggregate/filtered_count,10240,5,9280,0.050157375,185018,1894580807,0.000000,0.000000
aggregate/filtered_count,10240,6,9248,0.050165625,184349,1887737270,0.000000,0.000000
aggregate/filtered_sum,10240,0,9216,0.050068333,184068,1884860836,0.000000,0.000000
aggregate/filtered_sum,10240,1,9280,0.050104708,185212,1896572274,0.000000,0.000000
aggregate/filtered_sum,10240,2,9216,0.050065416,184079,1884970655,0.000000,0.000000
aggregate/filtered_sum,10240,3,9248,0.050154167,184391,1888168534,0.000000,0.000000
aggregate/filtered_sum,10240,4,9248,0.050149166,184410,1888356827,0.000000,0.000000
aggregate/filtered_sum,10240,5,9248,0.050082500,184655,1890870464,0.000000,0.000000
aggregate/filtered_sum,10240,6,9248,0.050142542,184434,1888606286,0.000000,0.000000
aggregate/empty_sum,10240,0,9248,0.050107500,184563,1889927057,0.000000,0.000000
aggregate/empty_sum,10240,1,9248,0.050144750,184426,1888523126,0.000000,0.000000
aggregate/empty_sum,10240,2,9248,0.050086458,184641,1890721041,0.000000,0.000000
aggregate/empty_sum,10240,3,9248,0.050117125,184528,1889564096,0.000000,0.000000
aggregate/empty_sum,10240,4,9248,0.050068542,184707,1891397597,0.000000,0.000000
aggregate/empty_sum,10240,5,9280,0.050046541,185427,1898776581,0.000000,0.000000
aggregate/empty_sum,10240,6,9248,0.050157875,184378,1888028949,0.000000,0.000000
aggregate/count,65536,0,768,0.051031875,15049,986278635,0.000000,0.000000
aggregate/count,65536,1,768,0.051170958,15009,983597923,0.000000,0.000000
aggregate/count,65536,2,768,0.051093625,15031,985086652,0.000000,0.000000
aggregate/count,65536,3,768,0.050862917,15099,989554885,0.000000,0.000000
aggregate/count,65536,4,768,0.051104792,15028,984871399,0.000000,0.000000
aggregate/count,65536,5,768,0.051066083,15039,985617949,0.000000,0.000000
aggregate/count,65536,6,768,0.051094792,15031,985064153,0.000000,0.000000
aggregate/sum,65536,0,768,0.050749541,15133,991765581,0.000000,0.000000
aggregate/sum,65536,1,768,0.051110334,15026,984764607,0.000000,0.000000
aggregate/sum,65536,2,768,0.051122625,15023,984527848,0.000000,0.000000
aggregate/sum,65536,3,768,0.051108875,15027,984792719,0.000000,0.000000
aggregate/sum,65536,4,768,0.051109042,15027,984789502,0.000000,0.000000
aggregate/sum,65536,5,768,0.051069041,15038,985560861,0.000000,0.000000
aggregate/sum,65536,6,768,0.051118917,15024,984599263,0.000000,0.000000
aggregate/min,65536,0,768,0.051124875,15022,984484520,0.000000,0.000000
aggregate/min,65536,1,768,0.051078500,15036,985378349,0.000000,0.000000
aggregate/min,65536,2,768,0.051129667,15021,984392251,0.000000,0.000000
aggregate/min,65536,3,768,0.050957834,15071,987711683,0.000000,0.000000
aggregate/min,65536,4,768,0.051069792,15038,985546368,0.000000,0.000000
aggregate/min,65536,5,768,0.051058208,15042,985769967,0.000000,0.000000
aggregate/min,65536,6,768,0.051125209,15022,984478088,0.000000,0.000000
aggregate/max,65536,0,768,0.051156542,15013,983875102,0.000000,0.000000
aggregate/max,65536,1,768,0.051083875,15034,985274668,0.000000,0.000000
aggregate/max,65536,2,768,0.050450792,15223,997638412,0.000000,0.000000
aggregate/max,65536,3,768,0.050916250,15084,988518361,0.000000,0.000000
aggregate/max,65536,4,768,0.051109667,15027,984777459,0.000000,0.000000
aggregate/max,65536,5,768,0.051122042,15023,984539076,0.000000,0.000000
aggregate/max,65536,6,768,0.051136583,15019,984259116,0.000000,0.000000
aggregate/filtered_count,65536,0,1504,0.050994084,29494,1932893706,0.000000,0.000000
aggregate/filtered_count,65536,1,1504,0.050947583,29521,1934657901,0.000000,0.000000
aggregate/filtered_count,65536,2,1504,0.050991166,29495,1933004317,0.000000,0.000000
aggregate/filtered_count,65536,3,1504,0.050593833,29727,1948184950,0.000000,0.000000
aggregate/filtered_count,65536,4,1504,0.050959333,29514,1934211816,0.000000,0.000000
aggregate/filtered_count,65536,5,1504,0.050958000,29515,1934262412,0.000000,0.000000
aggregate/filtered_count,65536,6,1504,0.050658042,29689,1945715628,0.000000,0.000000
aggregate/filtered_sum,65536,0,1504,0.050878875,29560,1937270508,0.000000,0.000000
aggregate/filtered_sum,65536,1,1504,0.050970792,29507,1933776976,0.000000,0.000000
aggregate/filtered_sum,65536,2,1504,0.050887791,29555,1936931080,0.000000,0.000000
aggregate/filtered_sum,65536,3,1504,0.050951209,29518,1934520219,0.000000,0.000000
aggregate/filtered_sum,65536,4,1504,0.050944125,29523,1934789223,0.000000,0.000000
aggregate/filtered_sum,65536,5,1504,0.050095084,30023,1967581170,0.000000,0.000000
aggregate/filtered_sum,65536,6,1504,0.050595542,29726,1948119145,0.000000,0.000000
aggregate/empty_sum,65536,0,1504,0.050991041,29495,1933009055,0.000000,0.000000
aggregate/empty_sum,65536,1,1504,0.050902833,29546,1936358709,0.000000,0.000000
aggregate/empty_sum,65536,2,1504,0.050648791,29695,1946071013,0.000000,0.000000
aggregate/empty_sum,65536,3,1504,0.050486208,29790,1952338033,0.000000,0.000000
aggregate/empty_sum,65536,4,1504,0.051030333,29473,1931520690,0.000000,0.000000
aggregate/empty_sum,65536,5,1504,0.050665834,29685,1945416392,0.000000,0.000000
aggregate/empty_sum,65536,6,1504,0.051003875,29488,1932522656,0.000000,0.000000
aggregate/count,1048576,0,64,0.067911500,942,988181148,0.000000,0.000000
aggregate/count,1048576,1,64,0.067946500,942,987672124,0.000000,0.000000
aggregate/count,1048576,2,64,0.067600875,947,992721825,0.000000,0.000000
aggregate/count,1048576,3,64,0.067801250,944,989788005,0.000000,0.000000
aggregate/count,1048576,4,64,0.067469625,949,994652986,0.000000,0.000000
aggregate/count,1048576,5,64,0.067874583,943,988718619,0.000000,0.000000
aggregate/count,1048576,6,64,0.067882583,943,988602098,0.000000,0.000000
aggregate/sum,1048576,0,64,0.067874458,943,988720440,0.000000,0.000000
aggregate/sum,1048576,1,64,0.067941250,942,987748444,0.000000,0.000000
aggregate/sum,1048576,2,64,0.067946625,942,987670307,0.000000,0.000000
aggregate/sum,1048576,3,64,0.067616167,947,992497312,0.000000,0.000000
aggregate/sum,1048576,4,64,0.067724584,945,990908471,0.000000,0.000000
aggregate/sum,1048576,5,64,0.067816208,944,989569691,0.000000,0.000000
aggregate/sum,1048576,6,64,0.068002917,941,986852726,0.000000,0.000000
aggregate/min,1048576,0,64,0.067953500,942,987570383,0.000000,0.000000
aggregate/min,1048576,1,64,0.067931458,942,987890824,0.000000,0.000000
aggregate/min,1048576,2,64,0.067561459,947,993300988,0.000000,0.000000
aggregate/min,1048576,3,64,0.068071208,940,985862687,0.000000,0.000000
aggregate/min,1048576,4,64,0.067951250,942,987603083,0.000000,0.000000
aggregate/min,1048576,5,64,0.067899083,943,988361860,0.000000,0.000000
aggregate/min,1048576,6,64,0.067967708,942,987363941,0.000000,0.000000
aggregate/max,1048576,0,64,0.067906042,942,988260573,0.000000,0.000000
aggregate/max,1048576,1,64,0.067960875,942,987463213,0.000000,0.000000
aggregate/max,1048576,2,64,0.068041042,941,986299769,0.000000,0.000000
aggregate/max,1048576,3,64,0.068014459,941,986685258,0.000000,0.000000
aggregate/max,1048576,4,64,0.067588958,947,992896858,0.000000,0.000000
aggregate/max,1048576,5,64,0.067707375,945,991160328,0.000000,0.000000
aggregate/max,1048576,6,64,0.067871166,943,988768397,0.000000,0.000000
aggregate/filtered_count,1048576,0,96,0.051765833,1855,1944589513,0.000000,0.000000
aggregate/filtered_count,1048576,1,96,0.051808083,1853,1943003681,0.000000,0.000000
aggregate/filtered_count,1048576,2,96,0.051800541,1853,1943286577,0.000000,0.000000
aggregate/filtered_count,1048576,3,96,0.051590083,1861,1951214073,0.000000,0.000000
aggregate/filtered_count,1048576,4,96,0.051775167,1854,1944238944,0.000000,0.000000
aggregate/filtered_count,1048576,5,96,0.051277458,1872,1963110106,0.000000,0.000000
aggregate/filtered_count,1048576,6,96,0.051817417,1853,1942653683,0.000000,0.000000
aggregate/filtered_sum,1048576,0,96,0.051777625,1854,1944146646,0.000000,0.000000
aggregate/filtered_sum,1048576,1,96,0.051780042,1854,1944055897,0.000000,0.000000
aggregate/filtered_sum,1048576,2,96,0.051803541,1853,1943174039,0.000000,0.000000
aggregate/filtered_sum,1048576,3,96,0.051302000,1871,1962170987,0.000000,0.000000
aggregate/filtered_sum,1048576,4,96,0.051774959,1854,1944246754,0.000000,0.000000
aggregate/filtered_sum,1048576,5,96,0.051829875,1852,1942186741,0.000000,0.000000
aggregate/filtered_sum,1048576,6,96,0.051754917,1855,1944999661,0.000000,0.000000
aggregate/empty_sum,1048576,0,96,0.051767250,1854,1944536285,0.000000,0.000000
aggregate/empty_sum,1048576,1,96,0.051388041,1868,1958885648,0.000000,0.000000
aggregate/empty_sum,1048576,2,96,0.051777375,1854,1944156033,0.000000,0.000000
aggregate/empty_sum,1048576,3,96,0.051843000,1852,1941695041,0.000000,0.000000
aggregate/empty_sum,1048576,4,96,0.051759791,1855,1944816508,0.000000,0.000000
aggregate/empty_sum,1048576,5,96,0.051855417,1851,1941230094,0.000000,0.000000
aggregate/empty_sum,1048576,6,96,0.051646542,1859,1949081044,0.000000,0.000000
aggregate/array_count,23,0,270496,0.050000166,5409902,124427747,0.000000,0.000000
aggregate/array_count,23,1,273312,0.050001875,5466035,125718806,0.000000,0.000000
aggregate/array_count,23,2,272768,0.050000958,5455255,125470876,0.000000,0.000000
aggregate/array_count,23,3,272448,0.050005666,5448343,125311880,0.000000,0.000000
aggregate/array_count,23,4,273536,0.050002458,5470451,125820375,0.000000,0.000000
aggregate/array_count,23,5,273376,0.050000000,5467520,125752960,0.000000,0.000000
aggregate/array_count,23,6,273376,0.050001458,5467361,125749293,0.000000,0.000000
aggregate/array_sum,23,0,225248,0.050002500,4504735,103608900,0.000000,0.000000
aggregate/array_sum,23,1,225760,0.050002625,4514963,103844148,0.000000,0.000000
aggregate/array_sum,23,2,225824,0.050003208,4516190,103872376,0.000000,0.000000
aggregate/array_sum,23,3,225952,0.050002667,4518799,103932376,0.000000,0.000000
aggregate/array_sum,23,4,225728,0.050005834,4514033,103822766,0.000000,0.000000
aggregate/array_sum,23,5,224768,0.050003083,4495083,103386905,0.000000,0.000000
aggregate/array_sum,23,6,225920,0.050001791,4518238,103919478,0.000000,0.000000
aggregate/array_min,23,0,223552,0.050006750,4470436,102820039,0.000000,0.000000
aggregate/array_min,23,1,222880,0.050006625,4457009,102511217,0.000000,0.000000
aggregate/array_min,23,2,223232,0.050000334,4464610,102686034,0.000000,0.000000
aggregate/array_min,23,3,223200,0.050000083,4463993,102671830,0.000000,0.000000
aggregate/array_min,23,4,221824,0.050000583,4436428,102037850,0.000000,0.000000
aggregate/array_min,23,5,222272,0.050006417,4444870,102232000,0.000000,0.000000
aggregate/array_min,23,6,220096,0.050005208,4401462,101233616,0.000000,0.000000
aggregate/array_max,23,0,220640,0.050000083,4412793,101494232,0.000000,0.000000
aggregate/array_max,23,1,220768,0.050004958,4414922,101543211,0.000000,0.000000
aggregate/array_max,23,2,221600,0.050006209,4431450,101923343,0.000000,0.000000
aggregate/array_max,23,3,222368,0.050005250,4446893,102278541,0.000000,0.000000
aggregate/array_max,23,4,222720,0.050006541,4453817,102437799,0.000000,0.000000
aggregate/array_max,23,5,222240,0.050003458,4444493,102223330,0.000000,0.000000
aggregate/array_max,23,6,222752,0.050004458,4454643,102456785,0.000000,0.000000
aggregate/sequence_sum,23,0,106016,0.050007375,2120007,48760168,0.000000,0.000000
aggregate/sequence_sum,23,1,105376,0.050000292,2107508,48472677,0.000000,0.000000
aggregate/sequence_sum,23,2,105024,0.050015000,2099850,48296551,0.000000,0.000000
aggregate/sequence_sum,23,3,105248,0.050001750,2104886,48412386,0.000000,0.000000
aggregate/sequence_sum,23,4,104704,0.050008875,2093708,48155292,0.000000,0.000000
aggregate/sequence_sum,23,5,104960,0.050000250,2099190,48281359,0.000000,0.000000
aggregate/sequence_sum,23,6,104416,0.050007500,2088007,48024156,0.000000,0.000000
aggregate/computed_sum,23,0,165600,0.050000375,3311975,76175429,0.000000,0.000000
aggregate/computed_sum,23,1,165376,0.050004875,3307198,76065544,0.000000,0.000000
aggregate/computed_sum,23,2,165408,0.050005000,3307829,76080072,0.000000,0.000000
aggregate/computed_sum,23,3,165280,0.050001166,3305523,76027027,0.000000,0.000000
aggregate/computed_sum,23,4,165728,0.050007041,3314093,76224146,0.000000,0.000000
aggregate/computed_sum,23,5,164704,0.050001125,3294006,75762135,0.000000,0.000000
aggregate/computed_sum,23,6,165568,0.050002250,3311211,76157853,0.000000,0.000000
aggregate/wide_filtered_sum,23,0,66752,0.050011875,1334723,30698629,0.000000,0.000000
aggregate/wide_filtered_sum,23,1,67136,0.050015041,1342316,30873273,0.000000,0.000000
aggregate/wide_filtered_sum,23,2,66496,0.050021666,1329344,30574911,0.000000,0.000000
aggregate/wide_filtered_sum,23,3,67360,0.050007458,1346999,30980979,0.000000,0.000000
aggregate/wide_filtered_sum,23,4,66560,0.050004250,1331087,30614998,0.000000,0.000000
aggregate/wide_filtered_sum,23,5,66496,0.050010500,1329641,30581738,0.000000,0.000000
aggregate/wide_filtered_sum,23,6,67296,0.050018667,1345418,30944607,0.000000,0.000000
aggregate/array_count,409,0,22304,0.050040334,445720,182299663,0.000000,0.000000
aggregate/array_count,409,1,22368,0.050033959,447056,182846055,0.000000,0.000000
aggregate/array_count,409,2,22400,0.050046959,447580,183060074,0.000000,0.000000
aggregate/array_count,409,3,22368,0.050042167,446983,182816064,0.000000,0.000000
aggregate/array_count,409,4,22368,0.050013250,447241,182921766,0.000000,0.000000
aggregate/array_count,409,5,22368,0.050039916,447003,182824288,0.000000,0.000000
aggregate/array_count,409,6,22016,0.050071000,439696,179835514,0.000000,0.000000
aggregate/array_sum,409,0,17248,0.050020750,344817,141030113,0.000000,0.000000
aggregate/array_sum,409,1,17280,0.050045125,345288,141222946,0.000000,0.000000
aggregate/array_sum,409,2,17472,0.050026042,349258,142846560,0.000000,0.000000
aggregate/array_sum,409,3,17504,0.050008083,350023,143159577,0.000000,0.000000
aggregate/array_sum,409,4,17472,0.050004500,349409,142908098,0.000000,0.000000
aggregate/array_sum,409,5,17536,0.050044500,350408,143316928,0.000000,0.000000
aggregate/array_sum,409,6,17504,0.050005125,350044,143168045,0.000000,0.000000
aggregate/array_min,409,0,17312,0.050088333,345629,141362421,0.000000,0.000000
aggregate/array_min,409,1,17280,0.050068167,345129,141157954,0.000000,0.000000
aggregate/array_min,409,2,17280,0.050048375,345266,141213776,0.000000,0.000000
aggregate/array_min,409,3,17376,0.050017541,347398,142085833,0.000000,0.000000
aggregate/array_min,409,4,17376,0.050020167,347380,142078374,0.000000,0.000000
aggregate/array_min,409,5,17376,0.050037166,347262,142030106,0.000000,0.000000
aggregate/array_min,409,6,17376,0.050044916,347208,142008111,0.000000,0.000000
aggregate/array_max,409,0,17376,0.050021333,347372,142075062,0.000000,0.000000
aggregate/array_max,409,1,17344,0.050010833,346805,141843188,0.000000,0.000000
aggregate/array_max,409,2,17280,0.050065041,345151,141166767,0.000000,0.000000
aggregate/array_max,409,3,17280,0.050018459,345472,141298236,0.000000,0.000000
aggregate/array_max,409,4,17312,0.050089584,345621,141358890,0.000000,0.000000
aggregate/array_max,409,5,17248,0.050005375,344923,141073475,0.000000,0.000000
aggregate/array_max,409,6,17088,0.050052125,341404,139634271,0.000000,0.000000
aggregate/sequence_sum,409,0,8256,0.050050625,164953,67465771,0.000000,0.000000
aggregate/sequence_sum,409,1,8256,0.050042834,164979,67476274,0.000000,0.000000
aggregate/sequence_sum,409,2,8192,0.050091834,163540,66887709,0.000000,0.000000
aggregate/sequence_sum,409,3,8256,0.050063250,164911,67448757,0.000000,0.000000
aggregate/sequence_sum,409,4,8224,0.050190292,163856,67017263,0.000000,0.000000
aggregate/sequence_sum,409,5,8256,0.050165708,164575,67311001,0.000000,0.000000
aggregate/sequence_sum,409,6,8224,0.050053959,164303,67199799,0.000000,0.000000
aggregate/computed_sum,409,0,11840,0.050036584,236627,96780388,0.000000,0.000000
aggregate/computed_sum,409,1,11840,0.050107958,236290,96642533,0.000000,0.000000
aggregate/computed_sum,409,2,11872,0.050120791,236868,96878918,0.000000,0.000000
aggregate/computed_sum,409,3,11808,0.050093042,235721,96410036,0.000000,0.000000
aggregate/computed_sum,409,4,11840,0.050022709,236692,96807232,0.000000,0.000000
aggregate/computed_sum,409,5,11904,0.050036208,237908,97304256,0.000000,0.000000
aggregate/computed_sum,409,6,11968,0.050020708,239261,97857711,0.000000,0.000000
aggregate/wide_filtered_sum,409,0,4448,0.050352834,88337,36129684,0.000000,0.000000
aggregate/wide_filtered_sum,409,1,4416,0.050360500,87688,35864298,0.000000,0.000000
aggregate/wide_filtered_sum,409,2,4544,0.050238458,90449,36993492,0.000000,0.000000
aggregate/wide_filtered_sum,409,3,4544,0.050300625,90337,36947772,0.000000,0.000000
aggregate/wide_filtered_sum,409,4,4512,0.050098875,90062,36835318,0.000000,0.000000
aggregate/wide_filtered_sum,409,5,4416,0.050285750,87818,35917611,0.000000,0.000000
aggregate/wide_filtered_sum,409,6,4544,0.050344375,90258,36915663,0.000000,0.000000
aggregate/array_count,4017,0,2912,0.050166916,58046,233171678,0.000000,0.000000
aggregate/array_count,4017,1,2944,0.050534917,58257,234017363,0.000000,0.000000
aggregate/array_count,4017,2,2912,0.050011959,58226,233894137,0.000000,0.000000
aggregate/array_count,4017,3,2944,0.050505416,58291,234154056,0.000000,0.000000
aggregate/array_count,4017,4,2912,0.050000958,58239,233945598,0.000000,0.000000
aggregate/array_count,4017,5,2912,0.050007917,58231,233913042,0.000000,0.000000
aggregate/array_count,4017,6,2912,0.050320500,57869,232460011,0.000000,0.000000
aggregate/array_sum,4017,0,2208,0.050667042,43579,175055335,0.000000,0.000000
aggregate/array_sum,4017,1,2208,0.050689916,43559,174976340,0.000000,0.000000
aggregate/array_sum,4017,2,2208,0.050742500,43514,174795014,0.000000,0.000000
aggregate/array_sum,4017,3,2208,0.050729500,43525,174839807,0.000000,0.000000
aggregate/array_sum,4017,4,2208,0.050856208,43417,174404195,0.000000,0.000000
aggregate/array_sum,4017,5,2240,0.050057542,44749,179754731,0.000000,0.000000
aggregate/array_sum,4017,6,2240,0.050124500,44689,179514609,0.000000,0.000000
aggregate/array_min,4017,0,2208,0.050053083,44113,177202591,0.000000,0.000000
aggregate/array_min,4017,1,2240,0.050469166,44384,178288660,0.000000,0.000000
aggregate/array_min,4017,2,2240,0.050249083,44578,179069536,0.000000,0.000000
aggregate/array_min,4017,3,2240,0.050596416,44272,177840264,0.000000,0.000000
aggregate/array_min,4017,4,2240,0.050511792,44346,178138206,0.000000,0.000000
aggregate/array_min,4017,5,2240,0.050577708,44288,177906045,0.000000,0.000000
aggregate/array_min,4017,6,2240,0.050573625,44292,177920408,0.000000,0.000000
aggregate/array_max,4017,0,2240,0.050585084,44282,177880104,0.000000,0.000000
aggregate/array_max,4017,1,2240,0.050521583,44337,178103683,0.000000,0.000000
aggregate/array_max,4017,2,2240,0.050642666,44231,177677850,0.000000,0.000000
aggregate/array_max,4017,3,2240,0.050613833,44257,177779067,0.000000,0.000000
aggregate/array_max,4017,4,2176,0.050473417,43112,173180112,0.000000,0.000000
aggregate/array_max,4017,5,2176,0.050490917,43097,173120088,0.000000,0.000000
aggregate/array_max,4017,6,2176,0.050472000,43113,173184974,0.000000,0.000000
aggregate/sequence_sum,4017,0,1056,0.050324917,20984,84291287,0.000000,0.000000
aggregate/sequence_sum,4017,1,1088,0.050924959,21365,85822278,0.000000,0.000000
aggregate/sequence_sum,4017,2,1088,0.050710500,21455,86185228,0.000000,0.000000
aggregate/sequence_sum,4017,3,1056,0.050008500,21116,84824620,0.000000,0.000000
aggregate/sequence_sum,4017,4,1088,0.050933833,21361,85807326,0.000000,0.000000
aggregate/sequence_sum,4017,5,1088,0.051161250,21266,85425903,0.000000,0.000000
aggregate/sequence_sum,4017,6,1088,0.051035375,21319,85636600,0.000000,0.000000
aggregate/computed_sum,4017,0,1536,0.050987833,30125,121011458,0.000000,0.000000
aggregate/computed_sum,4017,1,1504,0.050506167,29779,119620402,0.000000,0.000000
aggregate/computed_sum,4017,2,1536,0.050909542,30171,121197555,0.000000,0.000000
aggregate/computed_sum,4017,3,1504,0.050167541,29980,120427828,0.000000,0.000000
aggregate/computed_sum,4017,4,1536,0.051021333,30105,120932003,0.000000,0.000000
aggregate/computed_sum,4017,5,1536,0.050957583,30143,121083294,0.000000,0.000000
aggregate/computed_sum,4017,6,1504,0.050582833,29733,119439099,0.000000,0.000000
aggregate/wide_filtered_sum,4017,0,544,0.050826083,10703,42994618,0.000000,0.000000
aggregate/wide_filtered_sum,4017,1,544,0.051251916,10614,42637391,0.000000,0.000000
aggregate/wide_filtered_sum,4017,2,544,0.050397583,10794,43360175,0.000000,0.000000
aggregate/wide_filtered_sum,4017,3,544,0.050046375,10870,43664461,0.000000,0.000000
aggregate/wide_filtered_sum,4017,4,544,0.051873833,10487,42126210,0.000000,0.000000
aggregate/wide_filtered_sum,4017,5,544,0.050386166,10797,43370000,0.000000,0.000000
aggregate/wide_filtered_sum,4017,6,544,0.050620292,10747,43169407,0.000000,0.000000
aggregate/array_count,87201,0,192,0.055762792,3443,300246659,0.000000,0.000000
aggregate/array_count,87201,1,192,0.056796541,3380,294781895,0.000000,0.000000
aggregate/array_count,87201,2,192,0.055812208,3440,299980821,0.000000,0.000000
aggregate/array_count,87201,3,192,0.055980667,3430,299078109,0.000000,0.000000
aggregate/array_count,87201,4,192,0.056199417,3416,297913980,0.000000,0.000000
aggregate/array_count,87201,5,192,0.054985833,3492,304489195,0.000000,0.000000
aggregate/array_count,87201,6,192,0.054975000,3492,304549195,0.000000,0.000000
aggregate/array_sum,87201,0,160,0.059737042,2678,233559606,0.000000,0.000000
aggregate/array_sum,87201,1,160,0.059792917,2676,233341350,0.000000,0.000000
aggregate/array_sum,87201,2,160,0.062833625,2546,222049261,0.000000,0.000000
aggregate/array_sum,87201,3,128,0.053286042,2402,209468138,0.000000,0.000000
aggregate/array_sum,87201,4,128,0.052476125,2439,212701071,0.000000,0.000000
aggregate/array_sum,87201,5,128,0.053004458,2415,210580929,0.000000,0.000000
aggregate/array_sum,87201,6,128,0.050540583,2533,220846839,0.000000,0.000000
aggregate/array_min,87201,0,160,0.062239958,2571,224167246,0.000000,0.000000
aggregate/array_min,87201,1,128,0.050096750,2555,222803435,0.000000,0.000000
aggregate/array_min,87201,2,128,0.050036166,2558,223073207,0.000000,0.000000
aggregate/array_min,87201,3,160,0.062234167,2571,224188106,0.000000,0.000000
aggregate/array_min,87201,4,128,0.052653833,2431,211983200,0.000000,0.000000
aggregate/array_min,87201,5,128,0.054398666,2353,205183855,0.000000,0.000000
aggregate/array_min,87201,6,128,0.053604750,2388,208222741,0.000000,0.000000
aggregate/array_max,87201,0,128,0.053972125,2372,206805420,0.000000,0.000000
aggregate/array_max,87201,1,128,0.053943083,2373,206916761,0.000000,0.000000
aggregate/array_max,87201,2,128,0.051015625,2509,218790380,0.000000,0.000000
aggregate/array_max,87201,3,128,0.050169875,2551,222478689,0.000000,0.000000
aggregate/array_max,87201,4,128,0.050200125,2550,222344626,0.000000,0.000000
aggregate/array_max,87201,5,128,0.050164416,2552,222502899,0.000000,0.000000
aggregate/array_max,87201,6,128,0.050178292,2551,222441370,0.000000,0.000000
aggregate/sequence_sum,87201,0,96,0.072739125,1320,115086564,0.000000,0.000000
aggregate/sequence_sum,87201,1,96,0.072744250,1320,115078456,0.000000,0.000000
aggregate/sequence_sum,87201,2,96,0.073040500,1314,114611702,0.000000,0.000000
aggregate/sequence_sum,87201,3,96,0.072436583,1325,115567240,0.000000,0.000000
aggregate/sequence_sum,87201,4,96,0.072030000,1333,116219575,0.000000,0.000000
aggregate/sequence_sum,87201,5,96,0.072816208,1318,114964734,0.000000,0.000000
aggregate/sequence_sum,87201,6,96,0.073347833,1309,114131470,0.000000,0.000000
aggregate/computed_sum,87201,0,96,0.052274625,1836,160140718,0.000000,0.000000
aggregate/computed_sum,87201,1,96,0.051682541,1857,161975318,0.000000,0.000000
aggregate/computed_sum,87201,2,96,0.051722500,1856,161850181,0.000000,0.000000
aggregate/computed_sum,87201,3,96,0.051719167,1856,161860612,0.000000,0.000000
aggregate/computed_sum,87201,4,96,0.052832834,1817,158448740,0.000000,0.000000
aggregate/computed_sum,87201,5,96,0.053869167,1782,155400510,0.000000,0.000000
aggregate/computed_sum,87201,6,96,0.053510584,1794,156441873,0.000000,0.000000
aggregate/wide_filtered_sum,87201,0,32,0.054144333,591,51536917,0.000000,0.000000
aggregate/wide_filtered_sum,87201,1,32,0.051124834,626,54580754,0.000000,0.000000
aggregate/wide_filtered_sum,87201,2,32,0.050816292,630,54912153,0.000000,0.000000
aggregate/wide_filtered_sum,87201,3,32,0.050834292,629,54892709,0.000000,0.000000
aggregate/wide_filtered_sum,87201,4,32,0.052440291,610,53211604,0.000000,0.000000
aggregate/wide_filtered_sum,87201,5,32,0.052454917,610,53196767,0.000000,0.000000
aggregate/wide_filtered_sum,87201,6,32,0.052425917,610,53226193,0.000000,0.000000
aggregate/nested_sum,1036,0,6368,0.050232334,126771,131334690,0.000000,0.000000
aggregate/nested_sum,1036,1,6368,0.050122667,127048,131622046,0.000000,0.000000
aggregate/nested_sum,1036,2,6368,0.050168417,126932,131502016,0.000000,0.000000
aggregate/nested_sum,1036,3,6336,0.050160666,126314,130861420,0.000000,0.000000
aggregate/nested_sum,1036,4,6304,0.050194417,125592,130112957,0.000000,0.000000
aggregate/nested_sum,1036,5,6336,0.050023042,126662,131221448,0.000000,0.000000
aggregate/nested_sum,1036,6,6400,0.050240125,127388,131974194,0.000000,0.000000
aggregate/nested_filtered_sum,1036,0,3456,0.050184584,68866,71344937,0.000000,0.000000
aggregate/nested_filtered_sum,1036,1,3456,0.050317750,68684,71156123,0.000000,0.000000
aggregate/nested_filtered_sum,1036,2,3456,0.050188333,68861,71339608,0.000000,0.000000
aggregate/nested_filtered_sum,1036,3,3456,0.050113000,68964,71446850,0.000000,0.000000
aggregate/nested_filtered_sum,1036,4,3456,0.050130916,68939,71421316,0.000000,0.000000
aggregate/nested_filtered_sum,1036,5,3456,0.050038750,69066,71552867,0.000000,0.000000
aggregate/nested_filtered_sum,1036,6,3488,0.050415875,69185,71675202,0.000000,0.000000
aggregate/nested_filtered_count,1036,0,3488,0.050202292,69479,71980140,0.000000,0.000000
aggregate/nested_filtered_count,1036,1,3488,0.050136084,69571,72075194,0.000000,0.000000
aggregate/nested_filtered_count,1036,2,3488,0.050245333,69419,71918480,0.000000,0.000000
aggregate/nested_filtered_count,1036,3,3488,0.050259333,69400,71898447,0.000000,0.000000
aggregate/nested_filtered_count,1036,4,3488,0.050254125,69407,71905898,0.000000,0.000000
aggregate/nested_filtered_count,1036,5,3488,0.050035000,69711,72220805,0.000000,0.000000
aggregate/nested_filtered_count,1036,6,3488,0.050167042,69528,72030717,0.000000,0.000000
aggregate/nested_sum,16396,0,416,0.051302333,8109,132951770,0.000000,0.000000
aggregate/nested_sum,16396,1,416,0.051437792,8087,132601648,0.000000,0.000000
aggregate/nested_sum,16396,2,416,0.051270500,8114,133034318,0.000000,0.000000
aggregate/nested_sum,16396,3,416,0.051014042,8155,133703109,0.000000,0.000000
aggregate/nested_sum,16396,4,416,0.051028958,8152,133664027,0.000000,0.000000
aggregate/nested_sum,16396,5,416,0.050876792,8177,134063799,0.000000,0.000000
aggregate/nested_sum,16396,6,416,0.050698667,8205,134534819,0.000000,0.000000
aggregate/nested_filtered_sum,16396,0,224,0.050606042,4426,72574417,0.000000,0.000000
aggregate/nested_filtered_sum,16396,1,224,0.050634167,4424,72534105,0.000000,0.000000
aggregate/nested_filtered_sum,16396,2,224,0.050357250,4448,72932974,0.000000,0.000000
aggregate/nested_filtered_sum,16396,3,224,0.050533792,4433,72678179,0.000000,0.000000
aggregate/nested_filtered_sum,16396,4,224,0.050522625,4434,72694243,0.000000,0.000000
aggregate/nested_filtered_sum,16396,5,224,0.050579167,4429,72612979,0.000000,0.000000
aggregate/nested_filtered_sum,16396,6,224,0.050626417,4425,72545209,0.000000,0.000000
aggregate/nested_filtered_count,16396,0,256,0.057076500,4485,73539478,0.000000,0.000000
aggregate/nested_filtered_count,16396,1,256,0.057099834,4483,73509426,0.000000,0.000000
aggregate/nested_filtered_count,16396,2,224,0.050282916,4455,73040792,0.000000,0.000000
aggregate/nested_filtered_count,16396,3,224,0.050182541,4464,73186888,0.000000,0.000000
aggregate/nested_filtered_count,16396,4,224,0.050173000,4465,73200805,0.000000,0.000000
aggregate/nested_filtered_count,16396,5,224,0.050142083,4467,73245940,0.000000,0.000000
aggregate/nested_filtered_count,16396,6,224,0.050196750,4462,73166171,0.000000,0.000000
aggregate/nested_sum,1048588,0,32,0.251974666,127,133167419,0.000000,0.000000
aggregate/nested_sum,1048588,1,32,0.251419083,127,133461691,0.000000,0.000000
aggregate/nested_sum,1048588,2,32,0.249626708,128,134419976,0.000000,0.000000
aggregate/nested_sum,1048588,3,32,0.250457500,128,133974091,0.000000,0.000000
aggregate/nested_sum,1048588,4,32,0.251748834,127,133286878,0.000000,0.000000
aggregate/nested_sum,1048588,5,32,0.250377166,128,134017077,0.000000,0.000000
aggregate/nested_sum,1048588,6,32,0.252197583,127,133049713,0.000000,0.000000
aggregate/nested_filtered_sum,1048588,0,32,0.464918375,69,72173564,0.000000,0.000000
aggregate/nested_filtered_sum,1048588,1,32,0.463146000,69,72449759,0.000000,0.000000
aggregate/nested_filtered_sum,1048588,2,32,0.464410667,69,72252466,0.000000,0.000000
aggregate/nested_filtered_sum,1048588,3,32,0.466854500,69,71874248,0.000000,0.000000
aggregate/nested_filtered_sum,1048588,4,32,0.464234042,69,72279956,0.000000,0.000000
aggregate/nested_filtered_sum,1048588,5,32,0.463371917,69,72414436,0.000000,0.000000
aggregate/nested_filtered_sum,1048588,6,32,0.463262500,69,72431539,0.000000,0.000000
aggregate/nested_filtered_count,1048588,0,32,0.458776584,70,73139775,0.000000,0.000000
aggregate/nested_filtered_count,1048588,1,32,0.459062458,70,73094228,0.000000,0.000000
aggregate/nested_filtered_count,1048588,2,32,0.459415208,70,73038105,0.000000,0.000000
aggregate/nested_filtered_count,1048588,3,32,0.458934083,70,73114674,0.000000,0.000000
aggregate/nested_filtered_count,1048588,4,32,0.458725666,70,73147893,0.000000,0.000000
aggregate/nested_filtered_count,1048588,5,32,0.458490791,70,73185365,0.000000,0.000000
aggregate/nested_filtered_count,1048588,6,32,0.460527708,69,72861666,0.000000,0.000000
aggregate/deep_sum,136,0,3712,0.050251875,73868,10046033,0.000000,0.000000
aggregate/deep_sum,136,1,3712,0.050282208,73823,10039973,0.000000,0.000000
aggregate/deep_sum,136,2,3712,0.050249833,73871,10046441,0.000000,0.000000
aggregate/deep_sum,136,3,3712,0.050253875,73865,10045633,0.000000,0.000000
aggregate/deep_sum,136,4,3744,0.050247833,74511,10133452,0.000000,0.000000
aggregate/deep_sum,136,5,3744,0.050391291,74299,10104603,0.000000,0.000000
aggregate/deep_sum,136,6,3712,0.050146625,74023,10067118,0.000000,0.000000
aggregate/deep_filtered_sum,136,0,3680,0.050260500,73219,9957720,0.000000,0.000000
aggregate/deep_filtered_sum,136,1,3680,0.050119750,73424,9985684,0.000000,0.000000
aggregate/deep_filtered_sum,136,2,3680,0.050247167,73238,9960363,0.000000,0.000000
aggregate/deep_filtered_sum,136,3,3680,0.050333208,73113,9943336,0.000000,0.000000
aggregate/deep_filtered_sum,136,4,3680,0.050302958,73157,9949316,0.000000,0.000000
aggregate/deep_filtered_sum,136,5,3680,0.050199667,73307,9969787,0.000000,0.000000
aggregate/deep_filtered_sum,136,6,3680,0.050221792,73275,9965395,0.000000,0.000000
compile/constructor,0,0,18272,0.050012917,365346,0,84.000000,6697.000000
compile/constructor,0,1,18688,0.050046625,373412,0,84.000000,6697.000000
compile/constructor,0,2,19104,0.050027917,381867,0,84.000000,6697.000000
compile/constructor,0,3,19136,0.050060167,382260,0,84.000000,6697.000000
compile/constructor,0,4,19168,0.050037500,383073,0,84.000000,6697.000000
compile/constructor,0,5,19232,0.050042333,384315,0,84.000000,6697.000000
compile/constructor,0,6,19200,0.050072083,383447,0,84.000000,6697.000000
construct/raw_member,100,0,294304,0.050005334,5885452,588545214,3.000000,168.000000
construct/raw_member,100,1,297568,0.050000708,5951276,595127573,3.000000,168.000000
construct/raw_member,100,2,299296,0.050002042,5985676,598567555,3.000000,168.000000
construct/raw_member,100,3,298080,0.050005291,5960969,596096921,3.000000,168.000000
construct/raw_member,100,4,297216,0.050004125,5943830,594382963,3.000000,168.000000
construct/raw_member,100,5,297888,0.050000458,5957705,595770543,3.000000,168.000000
construct/raw_member,100,6,298112,0.050001459,5962066,596206603,3.000000,168.000000
construct/raw_member_write,100,0,205920,0.050001000,4118318,411831763,3.000000,168.000000
construct/raw_member_write,100,1,206048,0.050000959,4120881,412088096,3.000000,168.000000
construct/raw_member_write,100,2,206400,0.050002000,4127835,412783489,3.000000,168.000000
construct/raw_member_write,100,3,206304,0.050001083,4125991,412599063,3.000000,168.000000
construct/raw_member_write,100,4,205952,0.050000708,4118982,411898168,3.000000,168.000000
construct/raw_member_write,100,5,205248,0.050000917,4104885,410488472,3.000000,168.000000
construct/raw_member_write,100,6,205408,0.050002000,4107996,410799568,3.000000,168.000000
construct/scalars,100,0,99776,0.050001375,1995465,199546512,3.000000,552.000000
construct/scalars,100,1,100224,0.050002958,2004361,200436142,3.000000,552.000000
construct/scalars,100,2,98784,0.050014958,1975089,197508913,3.000000,552.000000
construct/scalars,100,3,99360,0.050008750,1986852,198685230,3.000000,552.000000
construct/scalars,100,4,100224,0.050009958,2004081,200408087,3.000000,552.000000
construct/scalars,100,5,100448,0.050005708,2008731,200873068,3.000000,552.000000
construct/scalars,100,6,99104,0.050014667,1981499,198149875,3.000000,552.000000
construct/filtered_summary,100,0,53984,0.050015209,1079352,107935168,5.000000,368.000000
construct/filtered_summary,100,1,54784,0.050027292,1095082,109508226,5.000000,368.000000
construct/filtered_summary,100,2,54848,0.050010167,1096737,109673699,5.000000,368.000000
construct/filtered_summary,100,3,54592,0.050022500,1091349,109134889,5.000000,368.000000
construct/filtered_summary,100,4,54208,0.050007583,1083996,108399560,5.000000,368.000000
construct/filtered_summary,100,5,53920,0.050011500,1078152,107815203,5.000000,368.000000
construct/filtered_summary,100,6,54144,0.050010291,1082657,108265717,5.000000,368.000000
construct/nested,100,0,34464,0.050011208,689126,68912553,15.000000,1352.000000
construct/nested,100,1,34528,0.050026250,690198,69019765,15.000000,1352.000000
construct/nested,100,2,34208,0.050007167,684062,68406195,15.000000,1352.000000
construct/nested,100,3,34208,0.050044375,683553,68355335,15.000000,1352.000000
construct/nested,100,4,34272,0.050000292,685436,68543600,15.000000,1352.000000
construct/nested,100,5,34432,0.050025000,688296,68829585,15.000000,1352.000000
construct/nested,100,6,34400,0.050024333,687665,68766534,15.000000,1352.000000
construct/navigate,100,0,96096,0.050010916,1921500,192150050,3.000000,168.000000
construct/navigate,100,1,96128,0.050002166,1922477,192247672,3.000000,168.000000
construct/navigate,100,2,95936,0.050017875,1918034,191803430,3.000000,168.000000
construct/navigate,100,3,94944,0.050004792,1898698,189869803,3.000000,168.000000
construct/navigate,100,4,96128,0.050014084,1922019,192201861,3.000000,168.000000
construct/navigate,100,5,95680,0.050004500,1913428,191342779,3.000000,168.000000
construct/navigate,100,6,96416,0.050002500,1928224,192822359,3.000000,168.000000
construct/raw_member,500,0,131456,0.050007709,2628715,1314357352,3.000000,168.000000
construct/raw_member,500,1,132064,0.050000334,2641262,1320631178,3.000000,168.000000
construct/raw_member,500,2,131296,0.050010125,2625388,1312694179,3.000000,168.000000
construct/raw_member,500,3,131008,0.050000500,2620134,1310066899,3.000000,168.000000
construct/raw_member,500,4,130592,0.050004042,2611629,1305814438,3.000000,168.000000
construct/raw_member,500,5,130816,0.050011166,2615736,1307867927,3.000000,168.000000
construct/raw_member,500,6,130848,0.050004333,2616733,1308366617,3.000000,168.000000
construct/raw_member_write,500,0,66848,0.050009833,1336697,668348563,3.000000,168.000000
construct/raw_member_write,500,1,66688,0.050018958,1333254,666627242,3.000000,168.000000
construct/raw_member_write,500,2,66784,0.050002083,1335624,667812179,3.000000,168.000000
construct/raw_member_write,500,3,66816,0.050011750,1336006,668003019,3.000000,168.000000
construct/raw_member_write,500,4,66816,0.050008000,1336106,668053112,3.000000,168.000000
construct/raw_member_write,500,5,66816,0.050002584,1336251,668125471,3.000000,168.000000
construct/raw_member_write,500,6,66688,0.050010625,1333477,666738318,3.000000,168.000000
construct/scalars,500,0,44032,0.050026666,880171,440085294,3.000000,552.000000
construct/scalars,500,1,43936,0.050034291,878118,439058885,3.000000,552.000000
construct/scalars,500,2,44000,0.050012792,879775,439887459,3.000000,552.000000
construct/scalars,500,3,44000,0.050003333,879941,439970672,3.000000,552.000000
construct/scalars,500,4,44064,0.050011791,881072,440536113,3.000000,552.000000
construct/scalars,500,5,43936,0.050027250,878241,439120679,3.000000,552.000000
construct/scalars,500,6,44128,0.050031458,882005,441002539,3.000000,552.000000
construct/filtered_summary,500,0,32736,0.050014791,654526,327263189,5.000000,368.000000
construct/filtered_summary,500,1,32640,0.050038000,652304,326152124,5.000000,368.000000
construct/filtered_summary,500,2,32640,0.050017834,652567,326283621,5.000000,368.000000
construct/filtered_summary,500,3,32576,0.050028292,651152,325575776,5.000000,368.000000
construct/filtered_summary,500,4,32640,0.050008542,652688,326344247,5.000000,368.000000
construct/filtered_summary,500,5,32544,0.050032916,650452,325225897,5.000000,368.000000
construct/filtered_summary,500,6,32352,0.050029125,646663,323331659,5.000000,368.000000
construct/nested,500,0,21664,0.050070167,432673,216336406,15.000000,1352.000000
construct/nested,500,1,21504,0.050036791,429764,214881886,15.000000,1352.000000
construct/nested,500,2,21440,0.050003083,428774,214386781,15.000000,1352.000000
construct/nested,500,3,21536,0.050028125,430478,215238928,15.000000,1352.000000
construct/nested,500,4,21504,0.050053291,429622,214811050,15.000000,1352.000000
construct/nested,500,5,21600,0.050004084,431965,215982359,15.000000,1352.000000
construct/nested,500,6,21536,0.050069541,430122,215060889,15.000000,1352.000000
construct/navigate,500,0,51872,0.050002167,1037395,518697520,3.000000,168.000000
construct/navigate,500,1,52544,0.050005333,1050768,525383963,3.000000,168.000000
construct/navigate,500,2,52448,0.050009083,1048769,524384740,3.000000,168.000000
construct/navigate,500,3,52640,0.050020833,1052362,526180762,3.000000,168.000000
construct/navigate,500,4,52832,0.050020458,1056208,528103921,3.000000,168.000000
construct/navigate,500,5,52800,0.050013458,1055716,527857922,3.000000,168.000000
construct/navigate,500,6,52608,0.050010500,1051939,525969546,3.000000,168.000000
construct/raw_member,1024,0,76896,0.050000625,1537901,1574810395,3.000000,168.000000
construct/raw_member,1024,1,76832,0.050013625,1536221,1573090693,3.000000,168.000000
construct/raw_member,1024,2,76832,0.050011042,1536301,1573171941,3.000000,168.000000
construct/raw_member,1024,3,77152,0.050015458,1542563,1579584616,3.000000,168.000000
construct/raw_member,1024,4,76672,0.050005125,1533283,1570081627,3.000000,168.000000
construct/raw_member,1024,5,75584,0.050005666,1511509,1547784925,3.000000,168.000000
construct/raw_member,1024,6,76768,0.050008417,1535102,1571944019,3.000000,168.000000
construct/raw_member_write,1024,0,36160,0.050007375,723093,740447584,3.000000,168.000000
construct/raw_member_write,1024,1,36256,0.050034292,724623,742013977,3.000000,168.000000
construct/raw_member_write,1024,2,36128,0.050011333,722396,739733772,3.000000,168.000000
construct/raw_member_write,1024,3,36192,0.050038875,723278,740636315,3.000000,168.000000
construct/raw_member_write,1024,4,36192,0.050020333,723546,740910861,3.000000,168.000000
construct/raw_member_write,1024,5,36192,0.050015417,723617,740983685,3.000000,168.000000
construct/raw_member_write,1024,6,36160,0.050001458,723179,740535206,3.000000,168.000000
construct/scalars,1024,0,25792,0.050035042,515479,527850221,3.000000,552.000000
construct/scalars,1024,1,25792,0.050055500,515268,527634486,3.000000,552.000000
construct/scalars,1024,2,25792,0.050011958,515717,528093861,3.000000,552.000000
construct/scalars,1024,3,25856,0.050011250,517004,529411762,3.000000,552.000000
construct/scalars,1024,4,25792,0.050044042,515386,527755292,3.000000,552.000000
construct/scalars,1024,5,25760,0.050035417,514835,527191369,3.000000,552.000000
construct/scalars,1024,6,25760,0.050042166,514766,527120269,3.000000,552.000000
construct/filtered_summary,1024,0,21248,0.050011708,424861,435057167,5.000000,368.000000
construct/filtered_summary,1024,1,21280,0.050073208,424978,435177231,5.000000,368.000000
construct/filtered_summary,1024,2,21408,0.050014416,428037,438309467,5.000000,368.000000
construct/filtered_summary,1024,3,21376,0.050060208,427006,437253956,5.000000,368.000000
construct/filtered_summary,1024,4,21344,0.050071208,426273,436503469,5.000000,368.000000
construct/filtered_summary,1024,5,21376,0.050026291,427295,437550407,5.000000,368.000000
construct/filtered_summary,1024,6,21440,0.050066916,428227,438504341,5.000000,368.000000
construct/nested,1024,0,14816,0.050066250,295928,303030165,15.000000,1352.000000
construct/nested,1024,1,14912,0.050096708,297664,304808212,15.000000,1352.000000
construct/nested,1024,2,14912,0.050070666,297819,304966744,15.000000,1352.000000
construct/nested,1024,3,14976,0.050000541,299517,306705161,15.000000,1352.000000
construct/nested,1024,4,14976,0.050105167,298891,306064722,15.000000,1352.000000
construct/nested,1024,5,14944,0.050089417,298346,305506770,15.000000,1352.000000
construct/nested,1024,6,14944,0.050036292,298663,305831136,15.000000,1352.000000
construct/navigate,1024,0,33984,0.050007667,679576,695885613,3.000000,168.000000
construct/navigate,1024,1,33920,0.050007791,678294,694573372,3.000000,168.000000
construct/navigate,1024,2,34080,0.050046542,680966,697309317,3.000000,168.000000
construct/navigate,1024,3,33920,0.050003500,678353,694632976,3.000000,168.000000
construct/navigate,1024,4,33824,0.050000542,676473,692708011,3.000000,168.000000
construct/navigate,1024,5,33888,0.050031375,677335,693591012,3.000000,168.000000
construct/navigate,1024,6,33856,0.050024458,676789,693031877,3.000000,168.000000
construct/raw_member,10240,0,9248,0.050100042,184591,1890208395,3.000000,168.000000
construct/raw_member,10240,1,9248,0.050150375,184405,1888311304,3.000000,168.000000
construct/raw_member,10240,2,9248,0.050091250,184623,1890540164,3.000000,168.000000
construct/raw_member,10240,3,9248,0.050135541,184460,1888870013,3.000000,168.000000
construct/raw_member,10240,4,9248,0.050033708,184835,1892714408,3.000000,168.000000
construct/raw_member,10240,5,9248,0.050047375,184785,1892197543,3.000000,168.000000
construct/raw_member,10240,6,9280,0.050119834,185156,1895999895,3.000000,168.000000
construct/raw_member_write,10240,0,4000,0.050243041,79613,815237278,3.000000,168.000000
construct/raw_member_write,10240,1,4032,0.050375250,80039,819602483,3.000000,168.000000
construct/raw_member_write,10240,2,4000,0.050069750,79889,818058808,3.000000,168.000000
construct/raw_member_write,10240,3,4000,0.050238250,79621,815315024,3.000000,168.000000
construct/raw_member_write,10240,4,4000,0.050228958,79635,815465851,3.000000,168.000000
construct/raw_member_write,10240,5,4000,0.050232583,79630,815407004,3.000000,168.000000
construct/raw_member_write,10240,6,4000,0.050010334,79983,819030723,3.000000,168.000000
construct/scalars,10240,0,3168,0.050377541,62885,643944094,3.000000,552.000000
construct/scalars,10240,1,3168,0.050196958,63111,646260676,3.000000,552.000000
construct/scalars,10240,2,3168,0.050200500,63107,646215078,3.000000,552.000000
construct/scalars,10240,3,3168,0.050290250,62994,645061816,3.000000,552.000000
construct/scalars,10240,4,3168,0.050218625,63084,645981844,3.000000,552.000000
construct/scalars,10240,5,3168,0.050289000,62996,645077850,3.000000,552.000000
construct/scalars,10240,6,3200,0.050441667,63440,649621671,3.000000,552.000000
construct/filtered_summary,10240,0,3072,0.050202542,61192,626607314,5.000000,368.000000
construct/filtered_summary,10240,1,3072,0.050082375,61339,628110787,5.000000,368.000000
construct/filtered_summary,10240,2,3072,0.050013083,61424,628981021,5.000000,368.000000
construct/filtered_summary,10240,3,3072,0.050042292,61388,628613893,5.000000,368.000000
construct/filtered_summary,10240,4,3072,0.050064417,61361,628336089,5.000000,368.000000
construct/filtered_summary,10240,5,3072,0.050028375,61405,628788762,5.000000,368.000000
construct/filtered_summary,10240,6,3072,0.050123208,61289,627599095,5.000000,368.000000
construct/nested,10240,0,2304,0.050422542,45694,467905010,15.000000,1352.000000
construct/nested,10240,1,2304,0.050537750,45590,466838354,15.000000,1352.000000
construct/nested,10240,2,2304,0.050428833,45688,467846638,15.000000,1352.000000
construct/nested,10240,3,2304,0.050510791,45614,467087518,15.000000,1352.000000
construct/nested,10240,4,2304,0.050452042,45667,467631419,15.000000,1352.000000
construct/nested,10240,5,2304,0.050522791,45603,466976577,15.000000,1352.000000
construct/nested,10240,6,2304,0.050339209,45769,468679593,15.000000,1352.000000
construct/navigate,10240,0,4640,0.050272667,92297,945117950,3.000000,168.000000
construct/navigate,10240,1,4640,0.050196416,92437,946553634,3.000000,168.000000
construct/navigate,10240,2,4640,0.050318125,92213,944264120,3.000000,168.000000
construct/navigate,10240,3,4640,0.050236459,92363,945799146,3.000000,168.000000
construct/navigate,10240,4,4640,0.050263333,92314,945293461,3.000000,168.000000
construct/navigate,10240,5,4640,0.050269292,92303,945181404,3.000000,168.000000
construct/navigate,10240,6,4640,0.050000500,92799,950262497,3.000000,168.000000
construct/raw_member,65536,0,1504,0.050947084,29521,1934676850,3.000000,168.000000
construct/raw_member,65536,1,1504,0.050856541,29573,1938121273,3.000000,168.000000
construct/raw_member,65536,2,1504,0.050977667,29503,1933516181,3.000000,168.000000
construct/raw_member,65536,3,1504,0.050952041,29518,1934488630,3.000000,168.000000
construct/raw_member,65536,4,1440,0.050321584,28616,1875374988,3.000000,168.000000
construct/raw_member,65536,5,1504,0.051063834,29453,1930253494,3.000000,168.000000
construct/raw_member,65536,6,1504,0.050824250,29592,1939352652,3.000000,168.000000
construct/raw_member_write,65536,0,640,0.050852792,12585,824793258,3.000000,168.000000
construct/raw_member_write,65536,1,640,0.050849834,12586,824841237,3.000000,168.000000
construct/raw_member_write,65536,2,640,0.051002875,12548,822366190,3.000000,168.000000
construct/raw_member_write,65536,3,640,0.050904375,12573,823957469,3.000000,168.000000
construct/raw_member_write,65536,4,640,0.050470625,12681,831038649,3.000000,168.000000
construct/raw_member_write,65536,5,640,0.050873459,12580,824458191,3.000000,168.000000
construct/raw_member_write,65536,6,640,0.050979833,12554,822737885,3.000000,168.000000
construct/scalars,65536,0,512,0.050928333,10053,658855887,3.000000,552.000000
construct/scalars,65536,1,512,0.050535667,10131,663975247,3.000000,552.000000
construct/scalars,65536,2,512,0.050910291,10057,659089377,3.000000,552.000000
construct/scalars,65536,3,512,0.050972333,10045,658287154,3.000000,552.000000
construct/scalars,65536,4,512,0.050919708,10055,658967487,3.000000,552.000000
construct/scalars,65536,5,512,0.050723875,10094,661511606,3.000000,552.000000
construct/scalars,65536,6,512,0.050910083,10057,659092070,3.000000,552.000000
construct/filtered_summary,65536,0,512,0.051094125,10021,656718008,5.000000,368.000000
construct/filtered_summary,65536,1,512,0.050814625,10076,660330210,5.000000,368.000000
construct/filtered_summary,65536,2,512,0.050961209,10047,658430847,5.000000,368.000000
construct/filtered_summary,65536,3,512,0.051050167,10029,657283491,5.000000,368.000000
construct/filtered_summary,65536,4,512,0.051125208,10015,656318738,5.000000,368.000000
construct/filtered_summary,65536,5,512,0.050958625,10047,658464234,5.000000,368.000000
construct/filtered_summary,65536,6,512,0.050709208,10097,661702940,5.000000,368.000000
construct/nested,65536,0,384,0.051034667,7524,493112339,15.000000,1352.000000
construct/nested,65536,1,384,0.051033042,7525,493128040,15.000000,1352.000000
construct/nested,65536,2,384,0.050862000,7550,494786363,15.000000,1352.000000
construct/nested,65536,3,384,0.050779209,7562,495593068,15.000000,1352.000000
construct/nested,65536,4,384,0.051110666,7513,492379105,15.000000,1352.000000
construct/nested,65536,5,384,0.050837584,7553,495023996,15.000000,1352.000000
construct/nested,65536,6,384,0.050816250,7557,495231821,15.000000,1352.000000
construct/navigate,65536,0,768,0.051265708,14981,981780023,3.000000,168.000000
construct/navigate,65536,1,768,0.050998791,15059,986918455,3.000000,168.000000
construct/navigate,65536,2,768,0.051010875,15056,986684663,3.000000,168.000000
construct/navigate,65536,3,768,0.051341542,14959,980329886,3.000000,168.000000
construct/navigate,65536,4,768,0.051269292,14980,981711392,3.000000,168.000000
construct/navigate,65536,5,768,0.051319000,14965,980760498,3.000000,168.000000
construct/navigate,65536,6,768,0.051032667,15049,986263328,3.000000,168.000000
construct/raw_member,1048576,0,96,0.051777792,1854,1944140376,3.000000,168.000000
construct/raw_member,1048576,1,96,0.051733833,1856,1945792341,3.000000,168.000000
construct/raw_member,1048576,2,96,0.051772500,1854,1944339099,3.000000,168.000000
construct/raw_member,1048576,3,96,0.051638958,1859,1949367297,3.000000,168.000000
construct/raw_member,1048576,4,96,0.051762250,1855,1944724118,3.000000,168.000000
construct/raw_member,1048576,5,96,0.051860000,1851,1941058542,3.000000,168.000000
construct/raw_member,1048576,6,96,0.051764625,1855,1944634893,3.000000,168.000000
construct/raw_member_write,1048576,0,64,0.081623042,784,822180384,3.000000,168.000000
construct/raw_member_write,1048576,1,64,0.081474125,786,823683151,3.000000,168.000000
construct/raw_member_write,1048576,2,64,0.081845792,782,819942753,3.000000,168.000000
construct/raw_member_write,1048576,3,64,0.082235833,778,816053800,3.000000,168.000000
construct/raw_member_write,1048576,4,64,0.084492042,757,794262541,3.000000,168.000000
construct/raw_member_write,1048576,5,64,0.082056417,780,817838098,3.000000,168.000000
construct/raw_member_write,1048576,6,64,0.081572917,785,822685598,3.000000,168.000000
construct/scalars,1048576,0,32,0.050696083,631,661874252,3.000000,552.000000
construct/scalars,1048576,1,32,0.050630417,632,662732681,3.000000,552.000000
construct/scalars,1048576,2,32,0.050776917,630,660820585,3.000000,552.000000
construct/scalars,1048576,3,32,0.050800791,630,660510030,3.000000,552.000000
construct/scalars,1048576,4,32,0.050737000,631,661340481,3.000000,552.000000
construct/scalars,1048576,5,32,0.050693292,631,661910692,3.000000,552.000000
construct/scalars,1048576,6,32,0.050653667,632,662428487,3.000000,552.000000
construct/filtered_summary,1048576,0,32,0.050642834,632,662570187,5.000000,368.000000
construct/filtered_summary,1048576,1,32,0.050631208,632,662722327,5.000000,368.000000
construct/filtered_summary,1048576,2,32,0.050668250,632,662237831,5.000000,368.000000
construct/filtered_summary,1048576,3,32,0.050790667,630,660641688,5.000000,368.000000
construct/filtered_summary,1048576,4,32,0.050257833,637,667645818,5.000000,368.000000
construct/filtered_summary,1048576,5,32,0.050530333,633,664045337,5.000000,368.000000
construct/filtered_summary,1048576,6,32,0.050436792,634,665276888,5.000000,368.000000
construct/nested,1048576,0,32,0.067394042,475,497884249,15.000000,1352.000000
construct/nested,1048576,1,32,0.067212292,476,499230587,15.000000,1352.000000
construct/nested,1048576,2,32,0.067384917,475,497951671,15.000000,1352.000000
construct/nested,1048576,3,32,0.067218625,476,499183552,15.000000,1352.000000
construct/nested,1048576,4,32,0.067315375,475,498466093,15.000000,1352.000000
construct/nested,1048576,5,32,0.067233291,476,499074662,15.000000,1352.000000
construct/nested,1048576,6,32,0.067307416,475,498525036,15.000000,1352.000000
construct/navigate,1048576,0,64,0.067656083,946,991911755,3.000000,168.000000
construct/navigate,1048576,1,64,0.067759084,945,990403943,3.000000,168.000000
construct/navigate,1048576,2,64,0.067921750,942,988032022,3.000000,168.000000
construct/navigate,1048576,3,64,0.067565708,947,993238523,3.000000,168.000000
construct/navigate,1048576,4,64,0.067605417,947,992655130,3.000000,168.000000
construct/navigate,1048576,5,64,0.067964667,942,987408119,3.000000,168.000000
construct/navigate,1048576,6,64,0.068006541,941,986800137,3.000000,168.000000
construct/mapped_objects,262,0,21440,0.050063458,428256,112203196,12.000000,1184.000000
construct/mapped_objects,262,1,21440,0.050024459,428590,112290670,12.000000,1184.000000
construct/mapped_objects,262,2,21536,0.050041542,430362,112754959,12.000000,1184.000000
construct/mapped_objects,262,3,21504,0.050015750,429945,112645477,12.000000,1184.000000
construct/mapped_objects,262,4,21792,0.050003666,435808,114181708,12.000000,1184.000000
construct/mapped_objects,262,5,21792,0.050074417,435192,114020379,12.000000,1184.000000
construct/mapped_objects,262,6,21824,0.050030417,436215,114288234,12.000000,1184.000000
construct/collected_objects,262,0,21184,0.050040250,423339,110914874,15.000000,1352.000000
construct/collected_objects,262,1,21152,0.050024083,422836,110783120,15.000000,1352.000000
construct/collected_objects,262,2,21024,0.050067708,419911,110016780,15.000000,1352.000000
construct/collected_objects,262,3,21088,0.050021708,421577,110453166,15.000000,1352.000000
construct/collected_objects,262,4,21120,0.050011500,422303,110643352,15.000000,1352.000000
construct/collected_objects,262,5,21152,0.050052333,422598,110720593,15.000000,1352.000000
construct/collected_objects,262,6,21056,0.050046875,420726,110230099,15.000000,1352.000000
construct/collected_write,262,0,19360,0.050044292,386857,101356614,15.000000,1352.000000
construct/collected_write,262,1,19360,0.050034625,386932,101376197,15.000000,1352.000000
construct/collected_write,262,2,19200,0.050021375,383836,100565008,15.000000,1352.000000
construct/collected_write,262,3,19360,0.050071459,386647,101301622,15.000000,1352.000000
construct/collected_write,262,4,19424,0.050036916,388193,101706668,15.000000,1352.000000
construct/collected_write,262,5,19456,0.050054417,388697,101838605,15.000000,1352.000000
construct/collected_write,262,6,19584,0.050079083,391061,102458106,15.000000,1352.000000
construct/filtered_aggregate,262,0,17952,0.050038000,358767,93997042,3.000000,296.000000
construct/filtered_aggregate,262,1,18048,0.050071833,360442,94435848,3.000000,296.000000
construct/filtered_aggregate,262,2,17984,0.050006750,359631,94223440,3.000000,296.000000
construct/filtered_aggregate,262,3,18048,0.050012750,360868,94547410,3.000000,296.000000
construct/filtered_aggregate,262,4,17824,0.050052417,356107,93299950,3.000000,296.000000
construct/filtered_aggregate,262,5,17760,0.050069250,354709,92933687,3.000000,296.000000
construct/filtered_aggregate,262,6,17856,0.050051167,356755,93469789,3.000000,296.000000
construct/mapped_objects,4334,0,1408,0.050140333,28081,121703859,192.000000,18944.000000
construct/mapped_objects,4334,1,1440,0.050728416,28386,123026905,192.000000,18944.000000
construct/mapped_objects,4334,2,1440,0.050744917,28377,122986899,192.000000,18944.000000
construct/mapped_objects,4334,3,1440,0.050882792,28300,122653647,192.000000,18944.000000
construct/mapped_objects,4334,4,1440,0.050863042,28311,122701273,192.000000,18944.000000
construct/mapped_objects,4334,5,1440,0.050811458,28340,122825840,192.000000,18944.000000
construct/mapped_objects,4334,6,1440,0.050791667,28351,122873699,192.000000,18944.000000
construct/collected_objects,4334,0,1440,0.051021375,28223,122320498,199.000000,21992.000000
construct/collected_objects,4334,1,1408,0.050177041,28061,121614824,199.000000,21992.000000
construct/collected_objects,4334,2,1440,0.050773291,28361,122918170,199.000000,21992.000000
construct/collected_objects,4334,3,1440,0.050635750,28438,123252050,199.000000,21992.000000
construct/collected_objects,4334,4,1440,0.050585125,28467,123375399,199.000000,21992.000000
construct/collected_objects,4334,5,1440,0.050488791,28521,123610803,199.000000,21992.000000
construct/collected_objects,4334,6,1440,0.050509959,28509,123559000,199.000000,21992.000000
construct/collected_write,4334,0,1312,0.050597250,25930,112381760,199.000000,21992.000000
construct/collected_write,4334,1,1312,0.050748542,25853,112046726,199.000000,21992.000000
construct/collected_write,4334,2,1280,0.050009500,25595,110929323,199.000000,21992.000000
construct/collected_write,4334,3,1312,0.050965459,25743,111569838,199.000000,21992.000000
construct/collected_write,4334,4,1312,0.050586042,25936,112406660,199.000000,21992.000000
construct/collected_write,4334,5,1312,0.050546916,25956,112493668,199.000000,21992.000000
construct/collected_write,4334,6,1312,0.050765542,25844,112009205,199.000000,21992.000000
construct/filtered_aggregate,4334,0,1312,0.050460375,26001,112686598,3.000000,296.000000
construct/filtered_aggregate,4334,1,1312,0.050526375,25967,112539401,3.000000,296.000000
construct/filtered_aggregate,4334,2,1312,0.050829375,25812,111868541,3.000000,296.000000
construct/filtered_aggregate,4334,3,1312,0.050087958,26194,113524452,3.000000,296.000000
construct/filtered_aggregate,4334,4,1312,0.050031917,26223,113651612,3.000000,296.000000
construct/filtered_aggregate,4334,5,1312,0.050752584,25851,112037803,3.000000,296.000000
construct/filtered_aggregate,4334,6,1312,0.050953875,25749,111595203,3.000000,296.000000
construct/mapped_objects,36190,0,192,0.053505125,3588,129865690,1536.000000,151552.000000
construct/mapped_objects,36190,1,192,0.053008459,3622,131082475,1536.000000,151552.000000
construct/mapped_objects,36190,2,192,0.053732208,3573,129316852,1536.000000,151552.000000
construct/mapped_objects,36190,3,192,0.053134917,3613,130770506,1536.000000,151552.000000
construct/mapped_objects,36190,4,192,0.053170625,3611,130682684,1536.000000,151552.000000
construct/mapped_objects,36190,5,192,0.053209917,3608,130586184,1536.000000,151552.000000
construct/mapped_objects,36190,6,192,0.053790500,3569,129176713,1536.000000,151552.000000
construct/collected_objects,36190,0,192,0.054503333,3523,127487249,1546.000000,176104.000000
construct/collected_objects,36190,1,192,0.054023542,3554,128619482,1546.000000,176104.000000
construct/collected_objects,36190,2,192,0.053887417,3563,128944388,1546.000000,176104.000000
construct/collected_objects,36190,3,192,0.053533542,3587,129796754,1546.000000,176104.000000
construct/collected_objects,36190,4,192,0.053481250,3590,129923665,1546.000000,176104.000000
construct/collected_objects,36190,5,192,0.054112541,3548,128407942,1546.000000,176104.000000
construct/collected_objects,36190,6,192,0.054133292,3547,128358719,1546.000000,176104.000000
construct/collected_write,36190,0,192,0.059146458,3246,117479224,1546.000000,176104.000000
construct/collected_write,36190,1,192,0.059160958,3245,117450431,1546.000000,176104.000000
construct/collected_write,36190,2,192,0.058977000,3256,117816776,1546.000000,176104.000000
construct/collected_write,36190,3,192,0.058742125,3269,118287856,1546.000000,176104.000000
construct/collected_write,36190,4,192,0.059027667,3253,117715647,1546.000000,176104.000000
construct/collected_write,36190,5,192,0.058989291,3255,117792228,1546.000000,176104.000000
construct/collected_write,36190,6,192,0.058824958,3264,118121291,1546.000000,176104.000000
construct/filtered_aggregate,36190,0,192,0.059244625,3241,117284564,3.000000,296.000000
construct/filtered_aggregate,36190,1,192,0.058895917,3260,117978976,3.000000,296.000000
construct/filtered_aggregate,36190,2,192,0.057608292,3333,120615970,3.000000,296.000000
construct/filtered_aggregate,36190,3,192,0.058191458,3299,119407216,3.000000,296.000000
construct/filtered_aggregate,36190,4,192,0.058712459,3270,118347624,3.000000,296.000000
construct/filtered_aggregate,36190,5,160,0.050464167,3171,114742804,3.000000,296.000000
construct/filtered_aggregate,36190,6,192,0.059468042,3229,116843934,3.000000,296.000000
construct/mapped_objects,624958,0,32,0.146122875,219,136861912,24576.000000,2424832.000000
construct/mapped_objects,624958,1,32,0.144084542,222,138798068,24576.000000,2424832.000000
construct/mapped_objects,624958,2,32,0.145929875,219,137042919,24576.000000,2424832.000000
construct/mapped_objects,624958,3,32,0.144305459,222,138585582,24576.000000,2424832.000000
construct/mapped_objects,624958,4,32,0.147578458,217,135512027,24576.000000,2424832.000000
construct/mapped_objects,624958,5,32,0.146629459,218,136389073,24576.000000,2424832.000000
construct/mapped_objects,624958,6,32,0.144039458,222,138841511,24576.000000,2424832.000000
construct/collected_objects,624958,0,32,0.148650000,215,134535190,24590.000000,2818024.000000
construct/collected_objects,624958,1,32,0.150918959,212,132512549,24590.000000,2818024.000000
construct/collected_objects,624958,2,32,0.149307250,214,133942967,24590.000000,2818024.000000
construct/collected_objects,624958,3,32,0.157930500,203,126629473,24590.000000,2818024.000000
construct/collected_objects,624958,4,32,0.151422834,211,132071600,24590.000000,2818024.000000
construct/collected_objects,624958,5,32,0.149403875,214,133856341,24590.000000,2818024.000000
construct/collected_objects,624958,6,32,0.147527208,217,135559103,24590.000000,2818024.000000
construct/collected_write,624958,0,32,0.166187125,193,120338179,24590.000000,2818024.000000
construct/collected_write,624958,1,32,0.170691584,187,117162519,24590.000000,2818024.000000
construct/collected_write,624958,2,32,0.165216334,194,121045271,24590.000000,2818024.000000
construct/collected_write,624958,3,32,0.162596667,197,122995486,24590.000000,2818024.000000
construct/collected_write,624958,4,32,0.163614500,196,122230340,24590.000000,2818024.000000
construct/collected_write,624958,5,32,0.161941500,198,123493089,24590.000000,2818024.000000
construct/collected_write,624958,6,32,0.159941208,200,125037545,24590.000000,2818024.000000
construct/filtered_aggregate,624958,0,32,0.167779167,191,119196300,3.000000,296.000000
construct/filtered_aggregate,624958,1,32,0.164545542,194,121538729,3.000000,296.000000
construct/filtered_aggregate,624958,2,32,0.163555625,196,122274339,3.000000,296.000000
construct/filtered_aggregate,624958,3,32,0.162973334,196,122711216,3.000000,296.000000
construct/filtered_aggregate,624958,4,32,0.159661042,200,125256955,3.000000,296.000000
construct/filtered_aggregate,624958,5,32,0.160429250,199,124657168,3.000000,296.000000
construct/filtered_aggregate,624958,6,32,0.161510709,198,123822477,3.000000,296.000000
construct/nested_summary,1036,0,1728,0.050308333,34348,35584721,3.000000,296.000000
construct/nested_summary,1036,1,1760,0.050679917,34728,35977959,3.000000,296.000000
construct/nested_summary,1036,2,1824,0.050766250,35929,37222840,3.000000,296.000000
construct/nested_summary,1036,3,1824,0.050516084,36107,37407175,3.000000,296.000000
construct/nested_summary,1036,4,1824,0.050405417,36187,37489304,3.000000,296.000000
construct/nested_summary,1036,5,1824,0.050463083,36145,37446464,3.000000,296.000000
construct/nested_summary,1036,6,1824,0.050356791,36222,37525505,3.000000,296.000000
construct/nested_summary,16396,0,128,0.055138083,2321,38062404,3.000000,296.000000
construct/nested_summary,16396,1,128,0.055404583,2310,37879321,3.000000,296.000000
construct/nested_summary,16396,2,128,0.055717125,2297,37666839,3.000000,296.000000
construct/nested_summary,16396,3,128,0.057145166,2240,36725556,3.000000,296.000000
construct/nested_summary,16396,4,128,0.056743833,2256,36985306,3.000000,296.000000
construct/nested_summary,16396,5,128,0.056882375,2250,36895225,3.000000,296.000000
construct/nested_summary,16396,6,128,0.056469000,2267,37165312,3.000000,296.000000
construct/nested_summary,1048588,0,32,0.900419250,36,37265769,3.000000,296.000000
construct/nested_summary,1048588,1,32,0.901533417,35,37219714,3.000000,296.000000
construct/nested_summary,1048588,2,32,0.901054250,36,37239507,3.000000,296.000000
construct/nested_summary,1048588,3,32,0.901751083,35,37210730,3.000000,296.000000
construct/nested_summary,1048588,4,32,0.897387625,36,37391663,3.000000,296.000000
construct/nested_summary,1048588,5,32,0.898520292,36,37344528,3.000000,296.000000
construct/nested_summary,1048588,6,32,0.902004333,35,37200282,3.000000,296.000000
compile/lexical,0,0,30720,0.050021500,614136,0,40.000000,3064.000000
compile/lexical,0,1,31328,0.050015041,626372,0,40.000000,3064.000000
compile/lexical,0,2,31392,0.050031708,627442,0,40.000000,3064.000000
compile/lexical,0,3,30912,0.050020208,617990,0,40.000000,3064.000000
compile/lexical,0,4,31072,0.050040333,620939,0,40.000000,3064.000000
compile/lexical,0,5,31040,0.050010083,620675,0,40.000000,3064.000000
compile/lexical,0,6,31040,0.050010000,620676,0,40.000000,3064.000000
lexical/lookup,100,0,141984,0.050005584,2839363,283936290,5.000000,520.000000
lexical/lookup,100,1,144480,0.050009083,2889075,288907517,5.000000,520.000000
lexical/lookup,100,2,146528,0.050004000,2930326,293032557,5.000000,520.000000
lexical/lookup,100,3,146112,0.050009959,2921658,292165806,5.000000,520.000000
lexical/lookup,100,4,146048,0.050006291,2920593,292059253,5.000000,520.000000
lexical/lookup,100,5,147008,0.050002625,2940006,294000565,5.000000,520.000000
lexical/lookup,100,6,147040,0.050008792,2940283,294028298,5.000000,520.000000
lexical/repeated_binding,100,0,121216,0.050001916,2424227,242422710,5.000000,520.000000
lexical/repeated_binding,100,1,120800,0.050008334,2415597,241559737,5.000000,520.000000
lexical/repeated_binding,100,2,120864,0.050000125,2417274,241727396,5.000000,520.000000
lexical/repeated_binding,100,3,120896,0.050003791,2417737,241773669,5.000000,520.000000
lexical/repeated_binding,100,4,120288,0.050010667,2405247,240524686,5.000000,520.000000
lexical/repeated_binding,100,5,119552,0.050007166,2390697,239069737,5.000000,520.000000
lexical/repeated_binding,100,6,119616,0.050004208,2392119,239211868,5.000000,520.000000
lexical/retained_sequence,100,0,87776,0.050003500,1755397,175539712,7.000000,664.000000
lexical/retained_sequence,100,1,88032,0.050004333,1760487,176048744,7.000000,664.000000
lexical/retained_sequence,100,2,88256,0.050005958,1764910,176490969,7.000000,664.000000
lexical/retained_sequence,100,3,87328,0.050016334,1745990,174598962,7.000000,664.000000
lexical/retained_sequence,100,4,88320,0.050006875,1766157,176615715,7.000000,664.000000
lexical/retained_sequence,100,5,89024,0.050001750,1780418,178041769,7.000000,664.000000
lexical/retained_sequence,100,6,88896,0.050003750,1777787,177778667,7.000000,664.000000
lexical/closure_call,100,0,80064,0.050008333,1601013,160101318,7.000000,744.000000
lexical/closure_call,100,1,79904,0.050017167,1597532,159753150,7.000000,744.000000
lexical/closure_call,100,2,80320,0.050014625,1605930,160593027,7.000000,744.000000
lexical/closure_call,100,3,80256,0.050010000,1604799,160479904,7.000000,744.000000
lexical/closure_call,100,4,80288,0.050010792,1605413,160541349,7.000000,744.000000
lexical/closure_call,100,5,80544,0.050007208,1610648,161064781,7.000000,744.000000
lexical/closure_call,100,6,79488,0.050008458,1589491,158949112,7.000000,744.000000
lexical/escaped_closure,100,0,67968,0.050015834,1358930,135892965,9.000000,968.000000
lexical/escaped_closure,100,1,68608,0.050012375,1371820,137182047,9.000000,968.000000
lexical/escaped_closure,100,2,68960,0.050021834,1378598,137859799,9.000000,968.000000
lexical/escaped_closure,100,3,68864,0.050008084,1377057,137705736,9.000000,968.000000
lexical/escaped_closure,100,4,68864,0.050000459,1377267,137726736,9.000000,968.000000
lexical/escaped_closure,100,5,68864,0.050010167,1377000,137700000,9.000000,968.000000
lexical/escaped_closure,100,6,68704,0.050004500,1373956,137395634,9.000000,968.000000
lexical/mixed,100,0,38784,0.050038709,775080,77507995,13.000000,1456.000000
lexical/mixed,100,1,38624,0.050020792,772159,77215891,13.000000,1456.000000
lexical/mixed,100,2,38752,0.050016666,774782,77478175,13.000000,1456.000000
lexical/mixed,100,3,38848,0.050026834,776543,77654324,13.000000,1456.000000
lexical/mixed,100,4,38880,0.050038417,777003,77700300,13.000000,1456.000000
lexical/mixed,100,5,38720,0.050026750,773986,77398592,13.000000,1456.000000
lexical/mixed,100,6,38848,0.050022625,776609,77660858,13.000000,1456.000000
lexical/lookup,500,0,64768,0.050022500,1294777,647388675,5.000000,520.000000
lexical/lookup,500,1,65024,0.050016500,1300051,650025492,5.000000,520.000000
lexical/lookup,500,2,64352,0.050016459,1286616,643308236,5.000000,520.000000
lexical/lookup,500,3,64352,0.050008708,1286816,643407944,5.000000,520.000000
lexical/lookup,500,4,64256,0.050022792,1284534,642267229,5.000000,520.000000
lexical/lookup,500,5,64352,0.050008500,1286821,643410620,5.000000,520.000000
lexical/lookup,500,6,64512,0.050007042,1290058,645029154,5.000000,520.000000
lexical/repeated_binding,500,0,58688,0.050009833,1173529,586764607,5.000000,520.000000
lexical/repeated_binding,500,1,58304,0.050017750,1165666,582833094,5.000000,520.000000
lexical/repeated_binding,500,2,58080,0.050005500,1161472,580736119,5.000000,520.000000
lexical/repeated_binding,500,3,58144,0.050005792,1162745,581372654,5.000000,520.000000
lexical/repeated_binding,500,4,58432,0.050018958,1168197,584098533,5.000000,520.000000
lexical/repeated_binding,500,5,58464,0.050021875,1168769,584384332,5.000000,520.000000
lexical/repeated_binding,500,6,58752,0.050012208,1174753,587376586,5.000000,520.000000
lexical/retained_sequence,500,0,50784,0.050001500,1015650,507824765,7.000000,664.000000
lexical/retained_sequence,500,1,50688,0.050006125,1013636,506817915,7.000000,664.000000
lexical/retained_sequence,500,2,50304,0.050016083,1005756,502878244,7.000000,664.000000
lexical/retained_sequence,500,3,50016,0.050014167,1000037,500018325,7.000000,664.000000
lexical/retained_sequence,500,4,49600,0.050004333,991914,495957020,7.000000,664.000000
lexical/retained_sequence,500,5,50080,0.050022750,1001144,500572240,7.000000,664.000000
lexical/retained_sequence,500,6,49920,0.050000083,998398,499199171,7.000000,664.000000
lexical/closure_call,500,0,39264,0.050011292,785103,392551346,7.000000,744.000000
lexical/closure_call,500,1,39424,0.050005250,788397,394198609,7.000000,744.000000
lexical/closure_call,500,2,39104,0.050009917,781925,390962457,7.000000,744.000000
lexical/closure_call,500,3,39168,0.050013875,783143,391571339,7.000000,744.000000
lexical/closure_call,500,4,39072,0.050025084,781048,390524082,7.000000,744.000000
lexical/closure_call,500,5,39200,0.050038333,783399,391699700,7.000000,744.000000
lexical/closure_call,500,6,39168,0.050013708,783145,391572646,7.000000,744.000000
lexical/escaped_closure,500,0,36480,0.050011625,729430,364715204,9.000000,968.000000
lexical/escaped_closure,500,1,36608,0.050020709,731857,365928440,9.000000,968.000000
lexical/escaped_closure,500,2,36576,0.050041333,730916,365457891,9.000000,968.000000
lexical/escaped_closure,500,3,36416,0.050018250,728054,364027130,9.000000,968.000000
lexical/escaped_closure,500,4,36416,0.050010375,728169,364084452,9.000000,968.000000
lexical/escaped_closure,500,5,36512,0.050023083,729903,364951516,9.000000,968.000000
lexical/escaped_closure,500,6,36512,0.050001583,730217,365108441,9.000000,968.000000
lexical/mixed,500,0,25632,0.050012041,512517,256258288,13.000000,1456.000000
lexical/mixed,500,1,25536,0.050059709,510111,255055418,13.000000,1456.000000
lexical/mixed,500,2,25440,0.050048125,508311,254155375,13.000000,1456.000000
lexical/mixed,500,3,25600,0.050046833,511521,255760439,13.000000,1456.000000
lexical/mixed,500,4,25600,0.050032250,511670,255834986,13.000000,1456.000000
lexical/mixed,500,5,25504,0.050032208,509752,254875819,13.000000,1456.000000
lexical/mixed,500,6,25664,0.050002417,513255,256627595,13.000000,1456.000000
lexical/lookup,1024,0,37984,0.050024292,759311,777534563,5.000000,520.000000
lexical/lookup,1024,1,38016,0.050027084,759908,778146174,5.000000,520.000000
lexical/lookup,1024,2,37920,0.050005917,758310,776509708,5.000000,520.000000
lexical/lookup,1024,3,38016,0.050036583,759764,777998450,5.000000,520.000000
lexical/lookup,1024,4,37792,0.050008916,755705,773842168,5.000000,520.000000
lexical/lookup,1024,5,37824,0.050037167,755918,774060130,5.000000,520.000000
lexical/lookup,1024,6,37824,0.050007375,756368,774521278,5.000000,520.000000
lexical/repeated_binding,1024,0,35808,0.050014750,715949,733131566,5.000000,520.000000
lexical/repeated_binding,1024,1,35744,0.050027833,714482,731629851,5.000000,520.000000
lexical/repeated_binding,1024,2,35584,0.050022375,711362,728434346,5.000000,520.000000
lexical/repeated_binding,1024,3,35680,0.050003625,713548,730673426,5.000000,520.000000
lexical/repeated_binding,1024,4,35616,0.050028500,711914,729000150,5.000000,520.000000
lexical/repeated_binding,1024,5,35648,0.050038375,712413,729511140,5.000000,520.000000
lexical/repeated_binding,1024,6,35840,0.050025083,716441,733635165,5.000000,520.000000
lexical/retained_sequence,1024,0,32288,0.050023958,645451,660941543,7.000000,664.000000
lexical/retained_sequence,1024,1,32416,0.050019709,648065,663618095,7.000000,664.000000
lexical/retained_sequence,1024,2,32384,0.050007000,647589,663131482,7.000000,664.000000
lexical/retained_sequence,1024,3,32384,0.050007041,647589,663130938,7.000000,664.000000
lexical/retained_sequence,1024,4,32320,0.050022291,646112,661618637,7.000000,664.000000
lexical/retained_sequence,1024,5,32384,0.050024125,647368,662904469,7.000000,664.000000
lexical/retained_sequence,1024,6,32352,0.050002792,647004,662531964,7.000000,664.000000
lexical/closure_call,1024,0,23968,0.050044667,478932,490426522,7.000000,744.000000
lexical/closure_call,1024,1,23936,0.050001250,478708,490197025,7.000000,744.000000
lexical/closure_call,1024,2,23968,0.050014791,479218,490719475,7.000000,744.000000
lexical/closure_call,1024,3,23840,0.050013750,476669,488108970,7.000000,744.000000
lexical/closure_call,1024,4,23936,0.050036875,478367,489848017,7.000000,744.000000
lexical/closure_call,1024,5,23936,0.050054375,478200,489676757,7.000000,744.000000
lexical/closure_call,1024,6,23968,0.050038000,478996,490491866,7.000000,744.000000
lexical/escaped_closure,1024,0,22912,0.050053458,457751,468736606,9.000000,968.000000
lexical/escaped_closure,1024,1,22912,0.050056125,457726,468711631,9.000000,968.000000
lexical/escaped_closure,1024,2,22944,0.050056792,458359,469360002,9.000000,968.000000
lexical/escaped_closure,1024,3,22976,0.050040041,459152,470171957,9.000000,968.000000
lexical/escaped_closure,1024,4,22912,0.050054625,457740,468725677,9.000000,968.000000
lexical/escaped_closure,1024,5,22912,0.050013250,458119,469113445,9.000000,968.000000
lexical/escaped_closure,1024,6,22880,0.050003292,457570,468551551,9.000000,968.000000
lexical/mixed,1024,0,18144,0.050028458,362674,371377747,13.000000,1456.000000
lexical/mixed,1024,1,18080,0.050071750,361082,369747812,13.000000,1456.000000
lexical/mixed,1024,2,18176,0.050026708,363326,372045748,13.000000,1456.000000
lexical/mixed,1024,3,18176,0.050010708,363442,372164777,13.000000,1456.000000
lexical/mixed,1024,4,18240,0.050058917,364371,373115543,13.000000,1456.000000
lexical/mixed,1024,5,18144,0.050054292,362486,371186071,13.000000,1456.000000
lexical/mixed,1024,6,18240,0.050044250,364477,373224896,13.000000,1456.000000
lexical/lookup,10240,0,4608,0.050067209,92036,942451575,5.000000,520.000000
lexical/lookup,10240,1,4640,0.050341333,92171,943828802,5.000000,520.000000
lexical/lookup,10240,2,4608,0.050034125,92097,943074751,5.000000,520.000000
lexical/lookup,10240,3,4640,0.050320709,92209,944215631,5.000000,520.000000
lexical/lookup,10240,4,4608,0.050166959,91853,940577642,5.000000,520.000000
lexical/lookup,10240,5,4608,0.050007125,92147,943583939,5.000000,520.000000
lexical/lookup,10240,6,4608,0.050096958,91982,941891921,5.000000,520.000000
lexical/repeated_binding,10240,0,4576,0.050019666,91484,936796339,5.000000,520.000000
lexical/repeated_binding,10240,1,4576,0.050110292,91319,935102114,5.000000,520.000000
lexical/repeated_binding,10240,2,4576,0.050044417,91439,936333018,5.000000,520.000000
lexical/repeated_binding,10240,3,4576,0.050180459,91191,933794567,5.000000,520.000000
lexical/repeated_binding,10240,4,4576,0.050075083,91383,935759607,5.000000,520.000000
lexical/repeated_binding,10240,5,4576,0.050225708,91109,932953300,5.000000,520.000000
lexical/repeated_binding,10240,6,4576,0.050021792,91480,936756524,5.000000,520.000000
lexical/retained_sequence,10240,0,4512,0.050249167,89793,919475541,7.000000,664.000000
lexical/retained_sequence,10240,1,4544,0.050270708,90391,925599854,7.000000,664.000000
lexical/retained_sequence,10240,2,4544,0.050310333,90319,924870841,7.000000,664.000000
lexical/retained_sequence,10240,3,4544,0.050281584,90371,925399645,7.000000,664.000000
lexical/retained_sequence,10240,4,4512,0.050015625,90212,923768922,7.000000,664.000000
lexical/retained_sequence,10240,5,4544,0.050237584,90450,926210146,7.000000,664.000000
lexical/retained_sequence,10240,6,4512,0.050021750,90201,923655810,7.000000,664.000000
lexical/closure_call,10240,0,3072,0.050083750,61337,628093543,7.000000,744.000000
lexical/closure_call,10240,1,3072,0.050132834,61277,627478590,7.000000,744.000000
lexical/closure_call,10240,2,3072,0.050123916,61288,627590231,7.000000,744.000000
lexical/closure_call,10240,3,3072,0.050291209,61084,625502560,7.000000,744.000000
lexical/closure_call,10240,4,3072,0.050106042,61310,627814107,7.000000,744.000000
lexical/closure_call,10240,5,3072,0.050446500,60896,623577057,7.000000,744.000000
lexical/closure_call,10240,6,3072,0.050085417,61335,628072638,7.000000,744.000000
lexical/escaped_closure,10240,0,3072,0.050485666,60849,623093295,9.000000,968.000000
lexical/escaped_closure,10240,1,3072,0.050452583,60889,623501873,9.000000,968.000000
lexical/escaped_closure,10240,2,3072,0.050502625,60829,622884058,9.000000,968.000000
lexical/escaped_closure,10240,3,3072,0.050440042,60904,623656895,9.000000,968.000000
lexical/escaped_closure,10240,4,3072,0.050355459,61006,624704464,9.000000,968.000000
lexical/escaped_closure,10240,5,3072,0.050394667,60959,624218432,9.000000,968.000000
lexical/escaped_closure,10240,6,3072,0.050317792,61052,625172106,9.000000,968.000000
lexical/mixed,10240,0,2976,0.050515625,58912,603263644,13.000000,1456.000000
lexical/mixed,10240,1,2944,0.050139916,58716,601248714,13.000000,1456.000000
lexical/mixed,10240,2,2976,0.050518584,58909,603228309,13.000000,1456.000000
lexical/mixed,10240,3,2976,0.050541334,58882,602956780,13.000000,1456.000000
lexical/mixed,10240,4,2944,0.050060375,58809,602204039,13.000000,1456.000000
lexical/mixed,10240,5,2976,0.050480583,58953,603682410,13.000000,1456.000000
lexical/mixed,10240,6,2976,0.050533459,58892,603050743,13.000000,1456.000000
lexical/lookup,65536,0,736,0.050047250,14706,963779149,5.000000,520.000000
lexical/lookup,65536,1,736,0.050028708,14712,964136351,5.000000,520.000000
lexical/lookup,65536,2,736,0.050038458,14709,963948489,5.000000,520.000000
lexical/lookup,65536,3,736,0.050040875,14708,963901930,5.000000,520.000000
lexical/lookup,65536,4,736,0.050056750,14703,963596238,5.000000,520.000000
lexical/lookup,65536,5,736,0.050192708,14663,960986126,5.000000,520.000000
lexical/lookup,65536,6,736,0.050061458,14702,963505617,5.000000,520.000000
lexical/repeated_binding,65536,0,736,0.050107583,14688,962618692,5.000000,520.000000
lexical/repeated_binding,65536,1,736,0.050193292,14663,960974945,5.000000,520.000000
lexical/repeated_binding,65536,2,736,0.050084375,14695,963064748,5.000000,520.000000
lexical/repeated_binding,65536,3,736,0.050199083,14662,960864086,5.000000,520.000000
lexical/repeated_binding,65536,4,736,0.050103875,14689,962689932,5.000000,520.000000
lexical/repeated_binding,65536,5,736,0.050145542,14677,961890012,5.000000,520.000000
lexical/repeated_binding,65536,6,736,0.050136709,14680,962059476,5.000000,520.000000
lexical/retained_sequence,65536,0,736,0.050242167,14649,960040119,7.000000,664.000000
lexical/retained_sequence,65536,1,736,0.050324708,14625,958465492,7.000000,664.000000
lexical/retained_sequence,65536,2,736,0.050250583,14647,959879331,7.000000,664.000000
lexical/retained_sequence,65536,3,736,0.050321250,14626,958531356,7.000000,664.000000
lexical/retained_sequence,65536,4,736,0.050206333,14660,960725333,7.000000,664.000000
lexical/retained_sequence,65536,5,736,0.050306458,14630,958813200,7.000000,664.000000
lexical/retained_sequence,65536,6,736,0.050201208,14661,960823413,7.000000,664.000000
lexical/closure_call,65536,0,512,0.052175542,9813,643106534,7.000000,744.000000
lexical/closure_call,65536,1,512,0.051993500,9847,645358208,7.000000,744.000000
lexical/closure_call,65536,2,512,0.051982166,9850,645498920,7.000000,744.000000
lexical/closure_call,65536,3,512,0.052040291,9839,644777947,7.000000,744.000000
lexical/closure_call,65536,4,512,0.052119041,9824,643803711,7.000000,744.000000
lexical/closure_call,65536,5,512,0.051935166,9858,646083080,7.000000,744.000000
lexical/closure_call,65536,6,512,0.052177375,9813,643083942,7.000000,744.000000
lexical/escaped_closure,65536,0,512,0.052121291,9823,643775919,9.000000,968.000000
lexical/escaped_closure,65536,1,512,0.052107750,9826,643943214,9.000000,968.000000
lexical/escaped_closure,65536,2,512,0.051997458,9847,645309084,9.000000,968.000000
lexical/escaped_closure,65536,3,512,0.052121209,9823,643776932,9.000000,968.000000
lexical/escaped_closure,65536,4,512,0.052070500,9833,644403876,9.000000,968.000000
lexical/escaped_closure,65536,5,512,0.052065959,9834,644460078,9.000000,968.000000
lexical/escaped_closure,65536,6,512,0.052025958,9841,644955582,9.000000,968.000000
lexical/mixed,65536,0,512,0.052369417,9777,640725712,13.000000,1456.000000
lexical/mixed,65536,1,512,0.052606459,9733,637838635,13.000000,1456.000000
lexical/mixed,65536,2,512,0.052417708,9768,640135429,13.000000,1456.000000
lexical/mixed,65536,3,512,0.052416000,9768,640156288,13.000000,1456.000000
lexical/mixed,65536,4,512,0.052310500,9788,641447358,13.000000,1456.000000
lexical/mixed,65536,5,512,0.052351667,9780,640942952,13.000000,1456.000000
lexical/mixed,65536,6,512,0.052337667,9783,641114400,13.000000,1456.000000
lexical/lookup,1048576,0,64,0.069501875,921,965569116,5.000000,520.000000
lexical/lookup,1048576,1,64,0.069432750,922,966530405,5.000000,520.000000
lexical/lookup,1048576,2,64,0.069587334,920,964383317,5.000000,520.000000
lexical/lookup,1048576,3,64,0.069588708,920,964364276,5.000000,520.000000
lexical/lookup,1048576,4,64,0.069345625,923,967744742,5.000000,520.000000
lexical/lookup,1048576,5,64,0.069392625,922,967089284,5.000000,520.000000
lexical/lookup,1048576,6,64,0.069509083,921,965468988,5.000000,520.000000
lexical/repeated_binding,1048576,0,64,0.069456625,921,966198170,5.000000,520.000000
lexical/repeated_binding,1048576,1,64,0.069415708,922,966767695,5.000000,520.000000
lexical/repeated_binding,1048576,2,64,0.069666792,919,963283396,5.000000,520.000000
lexical/repeated_binding,1048576,3,64,0.069461125,921,966135576,5.000000,520.000000
lexical/repeated_binding,1048576,4,64,0.069526041,921,965233502,5.000000,520.000000
lexical/repeated_binding,1048576,5,64,0.069492959,921,965692999,5.000000,520.000000
lexical/repeated_binding,1048576,6,64,0.069401625,922,966963872,5.000000,520.000000
lexical/retained_sequence,1048576,0,64,0.069376000,923,967321033,7.000000,664.000000
lexical/retained_sequence,1048576,1,64,0.069427042,922,966609869,7.000000,664.000000
lexical/retained_sequence,1048576,2,64,0.069600667,920,964198576,7.000000,664.000000
lexical/retained_sequence,1048576,3,64,0.069466542,921,966060237,7.000000,664.000000
lexical/retained_sequence,1048576,4,64,0.069382875,922,967225183,7.000000,664.000000
lexical/retained_sequence,1048576,5,64,0.069365708,923,967464558,7.000000,664.000000
lexical/retained_sequence,1048576,6,64,0.069398666,922,967005101,7.000000,664.000000
lexical/closure_call,1048576,0,32,0.051748500,618,648413616,7.000000,744.000000
lexical/closure_call,1048576,1,32,0.051699833,619,649023992,7.000000,744.000000
lexical/closure_call,1048576,2,32,0.051794208,618,647841396,7.000000,744.000000
lexical/closure_call,1048576,3,32,0.051734167,619,648593259,7.000000,744.000000
lexical/closure_call,1048576,4,32,0.051821291,618,647502819,7.000000,744.000000
lexical/closure_call,1048576,5,32,0.051719000,619,648783464,7.000000,744.000000
lexical/closure_call,1048576,6,32,0.051833625,617,647348743,7.000000,744.000000
lexical/escaped_closure,1048576,0,32,0.051741750,618,648498205,9.000000,968.000000
lexical/escaped_closure,1048576,1,32,0.051783625,618,647973795,9.000000,968.000000
lexical/escaped_closure,1048576,2,32,0.051813417,618,647601219,9.000000,968.000000
lexical/escaped_closure,1048576,3,32,0.052030167,615,644903408,9.000000,968.000000
lexical/escaped_closure,1048576,4,32,0.052002750,615,645243415,9.000000,968.000000
lexical/escaped_closure,1048576,5,32,0.051757000,618,648307128,9.000000,968.000000
lexical/escaped_closure,1048576,6,32,0.051720041,619,648770406,9.000000,968.000000
lexical/mixed,1048576,0,32,0.051707250,619,648930895,13.000000,1456.000000
lexical/mixed,1048576,1,32,0.051875583,617,646825155,13.000000,1456.000000
lexical/mixed,1048576,2,32,0.051861791,617,646997170,13.000000,1456.000000
lexical/mixed,1048576,3,32,0.051828250,617,647415878,13.000000,1456.000000
lexical/mixed,1048576,4,32,0.051923750,616,646225128,13.000000,1456.000000
lexical/mixed,1048576,5,32,0.051817541,618,647549678,13.000000,1456.000000
lexical/mixed,1048576,6,32,0.051861333,617,647002884,13.000000,1456.000000
lexical/mapped_calls,106,0,27712,0.050010208,554127,58737448,10.000000,1080.000000
lexical/mapped_calls,106,1,27360,0.050007250,547121,57994791,10.000000,1080.000000
lexical/mapped_calls,106,2,27392,0.050027250,547542,58039409,10.000000,1080.000000
lexical/mapped_calls,106,3,27680,0.050030500,553263,58645826,10.000000,1080.000000
lexical/mapped_calls,106,4,27648,0.050050833,552398,58554230,10.000000,1080.000000
lexical/mapped_calls,106,5,27872,0.050049833,556885,59029807,10.000000,1080.000000
lexical/mapped_calls,106,6,27744,0.050040708,554429,58769432,10.000000,1080.000000
lexical/repeated_projection,106,0,47872,0.050004584,957352,101479336,8.000000,856.000000
lexical/repeated_projection,106,1,48096,0.050026584,961409,101909337,8.000000,856.000000
lexical/repeated_projection,106,2,48384,0.050007542,967534,102558610,8.000000,856.000000
lexical/repeated_projection,106,3,48448,0.050002667,968908,102704282,8.000000,856.000000
lexical/repeated_projection,106,4,47968,0.050009875,959171,101672080,8.000000,856.000000
lexical/repeated_projection,106,5,47072,0.050022667,941013,99747421,8.000000,856.000000
lexical/repeated_projection,106,6,46720,0.050035833,933731,98975468,8.000000,856.000000
lexical/mapped_calls,1692,0,2240,0.050105958,44705,75641304,14.000000,6840.000000
lexical/mapped_calls,1692,1,2208,0.050659791,43585,73745587,14.000000,6840.000000
lexical/mapped_calls,1692,2,2240,0.050232000,44593,75451505,14.000000,6840.000000
lexical/mapped_calls,1692,3,2240,0.050642166,44232,74840401,14.000000,6840.000000
lexical/mapped_calls,1692,4,2240,0.050580125,44286,74932199,14.000000,6840.000000
lexical/mapped_calls,1692,5,2240,0.050365084,44475,75252133,14.000000,6840.000000
lexical/mapped_calls,1692,6,2208,0.050141209,44036,74508295,14.000000,6840.000000
lexical/repeated_projection,1692,0,4320,0.050258042,85956,145438217,12.000000,6616.000000
lexical/repeated_projection,1692,1,4352,0.050239333,86625,146570099,12.000000,6616.000000
lexical/repeated_projection,1692,2,4448,0.050281167,88463,149678626,12.000000,6616.000000
lexical/repeated_projection,1692,3,4352,0.050112959,86844,146939717,12.000000,6616.000000
lexical/repeated_projection,1692,4,4288,0.050101750,85586,144811229,12.000000,6616.000000
lexical/repeated_projection,1692,5,4352,0.050204416,86686,146672038,12.000000,6616.000000
lexical/repeated_projection,1692,6,4384,0.050283875,87185,147517032,12.000000,6616.000000
lexical/mapped_calls,14260,0,288,0.050745500,5675,80930920,17.000000,49848.000000
lexical/mapped_calls,14260,1,288,0.050447666,5709,81408722,17.000000,49848.000000
lexical/mapped_calls,14260,2,288,0.050980584,5649,80557728,17.000000,49848.000000
lexical/mapped_calls,14260,3,288,0.050844958,5664,80772611,17.000000,49848.000000
lexical/mapped_calls,14260,4,288,0.050352167,5720,81563123,17.000000,49848.000000
lexical/mapped_calls,14260,5,288,0.050213000,5736,81789178,17.000000,49848.000000
lexical/mapped_calls,14260,6,288,0.050458459,5708,81391308,17.000000,49848.000000
lexical/repeated_projection,14260,0,576,0.050755458,11349,161830083,15.000000,49624.000000
lexical/repeated_projection,14260,1,576,0.051825166,11114,158489796,15.000000,49624.000000
lexical/repeated_projection,14260,2,576,0.051674334,11147,158952411,15.000000,49624.000000
lexical/repeated_projection,14260,3,576,0.051662250,11149,158989591,15.000000,49624.000000
lexical/repeated_projection,14260,4,576,0.052388750,10995,156784806,15.000000,49624.000000
lexical/repeated_projection,14260,5,576,0.052257500,11022,157178587,15.000000,49624.000000
lexical/repeated_projection,14260,6,576,0.050926416,11310,161286826,15.000000,49624.000000
lexical/mapped_calls,251044,0,32,0.090189084,355,89072953,21.000000,787128.000000
lexical/mapped_calls,251044,1,32,0.090154042,355,89107574,21.000000,787128.000000
lexical/mapped_calls,251044,2,32,0.090509791,354,88757337,21.000000,787128.000000
lexical/mapped_calls,251044,3,32,0.090966000,352,88312205,21.000000,787128.000000
lexical/mapped_calls,251044,4,32,0.091389791,350,87902685,21.000000,787128.000000
lexical/mapped_calls,251044,5,32,0.091519875,350,87777742,21.000000,787128.000000
lexical/mapped_calls,251044,6,32,0.091233833,351,88052949,21.000000,787128.000000
lexical/repeated_projection,251044,0,64,0.094299667,679,170380411,19.000000,786904.000000
lexical/repeated_projection,251044,1,64,0.096354875,664,166746270,19.000000,786904.000000
lexical/repeated_projection,251044,2,64,0.091197125,702,176176782,19.000000,786904.000000
lexical/repeated_projection,251044,3,64,0.091239791,701,176094397,19.000000,786904.000000
lexical/repeated_projection,251044,4,64,0.091646916,698,175312129,19.000000,786904.000000
lexical/repeated_projection,251044,5,64,0.092364875,693,173949415,19.000000,786904.000000
lexical/repeated_projection,251044,6,64,0.091500709,699,175592257,19.000000,786904.000000
lexical/nested_retention,1036,0,3168,0.050372042,62892,65156144,10.000000,2008.000000
lexical/nested_retention,1036,1,3168,0.050404125,62852,65114671,10.000000,2008.000000
lexical/nested_retention,1036,2,3168,0.050374709,62889,65152694,10.000000,2008.000000
lexical/nested_retention,1036,3,3168,0.050265208,63026,65294627,10.000000,2008.000000
lexical/nested_retention,1036,4,3168,0.050283042,63003,65271469,10.000000,2008.000000
lexical/nested_retention,1036,5,3168,0.050182750,63129,65401916,10.000000,2008.000000
lexical/nested_retention,1036,6,3168,0.050316125,62962,65228552,10.000000,2008.000000
lexical/nested_retention,16396,0,224,0.053696625,4172,68397297,14.000000,25048.000000
lexical/nested_retention,16396,1,224,0.053648834,4175,68458226,14.000000,25048.000000
lexical/nested_retention,16396,2,224,0.053987000,4149,68029414,14.000000,25048.000000
lexical/nested_retention,16396,3,224,0.053654333,4175,68451210,14.000000,25048.000000
lexical/nested_retention,16396,4,224,0.053322834,4201,68876759,14.000000,25048.000000
lexical/nested_retention,16396,5,224,0.053278459,4204,68934126,14.000000,25048.000000
lexical/nested_retention,16396,6,224,0.053225291,4209,69002986,14.000000,25048.000000
lexical/nested_retention,1048588,0,32,0.489088250,65,68606874,20.000000,1573336.000000
lexical/nested_retention,1048588,1,32,0.488845959,65,68640878,20.000000,1573336.000000
lexical/nested_retention,1048588,2,32,0.486272583,66,69004129,20.000000,1573336.000000
lexical/nested_retention,1048588,3,32,0.488889625,65,68634748,20.000000,1573336.000000
lexical/nested_retention,1048588,4,32,0.487416583,66,68842172,20.000000,1573336.000000
lexical/nested_retention,1048588,5,32,0.489553458,65,68541679,20.000000,1573336.000000
lexical/nested_retention,1048588,6,32,0.488767750,65,68651862,20.000000,1573336.000000
compile/nested_fallback,0,0,12736,0.050058125,254424,0,113.000000,8089.000000
compile/nested_fallback,0,1,12928,0.050098709,258051,0,113.000000,8089.000000
compile/nested_fallback,0,2,12928,0.050048958,258307,0,113.000000,8089.000000
compile/nested_fallback,0,3,12896,0.050118584,257310,0,113.000000,8089.000000
compile/nested_fallback,0,4,12640,0.050112792,252231,0,113.000000,8089.000000
compile/nested_fallback,0,5,12640,0.050020125,252698,0,113.000000,8089.000000
compile/nested_fallback,0,6,12800,0.050005250,255973,0,113.000000,8089.000000
compile/navigation,0,0,23040,0.050016458,460648,0,55.000000,4655.000000
compile/navigation,0,1,23392,0.050013584,467713,0,55.000000,4655.000000
compile/navigation,0,2,23264,0.050060709,464716,0,55.000000,4655.000000
compile/navigation,0,3,23520,0.050055667,469877,0,55.000000,4655.000000
compile/navigation,0,4,23584,0.050050916,471200,0,55.000000,4655.000000
compile/navigation,0,5,23488,0.050034125,469440,0,55.000000,4655.000000
compile/navigation,0,6,23424,0.050048542,468026,0,55.000000,4655.000000
navigation/keep,100,0,91872,0.050009542,1837089,183708941,2.000000,144.000000
navigation/keep,100,1,91200,0.050004208,1823847,182384651,2.000000,144.000000
navigation/keep,100,2,92160,0.050000792,1843171,184317080,2.000000,144.000000
navigation/keep,100,3,91808,0.050009042,1835828,183582801,2.000000,144.000000
navigation/keep,100,4,91200,0.050000875,1823968,182396808,2.000000,144.000000
navigation/keep,100,5,91328,0.050007667,1826280,182627996,2.000000,144.000000
navigation/keep,100,6,90848,0.050006959,1816707,181670715,2.000000,144.000000
navigation/wildcard,100,0,54240,0.050017167,1084428,108442767,8.000000,1072.000000
navigation/wildcard,100,1,53728,0.050013500,1074270,107426995,8.000000,1072.000000
navigation/wildcard,100,2,54048,0.050015375,1080628,108062771,8.000000,1072.000000
navigation/wildcard,100,3,53440,0.050029125,1068178,106817779,8.000000,1072.000000
navigation/wildcard,100,4,53024,0.050000042,1060479,106047911,8.000000,1072.000000
navigation/wildcard,100,5,53248,0.050018833,1064559,106455902,8.000000,1072.000000
navigation/wildcard,100,6,53376,0.050011542,1067274,106727363,8.000000,1072.000000
navigation/descendants,100,0,38304,0.050010125,765925,76592490,8.000000,1072.000000
navigation/descendants,100,1,38784,0.050035167,775135,77513482,8.000000,1072.000000
navigation/descendants,100,2,38880,0.050011500,777421,77742119,8.000000,1072.000000
navigation/descendants,100,3,38976,0.050020709,779197,77919727,8.000000,1072.000000
navigation/descendants,100,4,37888,0.050034500,757238,75723751,8.000000,1072.000000
navigation/descendants,100,5,38336,0.050013917,766507,76650665,8.000000,1072.000000
navigation/descendants,100,6,38400,0.050021667,767667,76766734,8.000000,1072.000000
navigation/ordering,100,0,77728,0.050010167,1554244,155424396,6.000000,320.000000
navigation/ordering,100,1,78240,0.050010208,1564481,156448060,6.000000,320.000000
navigation/ordering,100,2,78048,0.050006042,1560771,156077140,6.000000,320.000000
navigation/ordering,100,3,78016,0.050005000,1560164,156016398,6.000000,320.000000
navigation/ordering,100,4,77952,0.050020000,1558417,155841663,6.000000,320.000000
navigation/ordering,100,5,78176,0.050012167,1563140,156313963,6.000000,320.000000
navigation/ordering,100,6,78528,0.050016916,1570029,157002883,6.000000,320.000000
navigation/grouping,100,0,62592,0.050022459,1251278,125127795,11.000000,824.000000
navigation/grouping,100,1,63136,0.050012583,1262402,126240230,11.000000,824.000000
navigation/grouping,100,2,63520,0.050009709,1270153,127015336,11.000000,824.000000
navigation/grouping,100,3,63488,0.050015792,1269359,126935909,11.000000,824.000000
navigation/grouping,100,4,62240,0.050009875,1244554,124455420,11.000000,824.000000
navigation/grouping,100,5,62976,0.050007375,1259334,125933425,11.000000,824.000000
navigation/grouping,100,6,63520,0.050013667,1270053,127005284,11.000000,824.000000
navigation/membership,100,0,79904,0.050009125,1597788,159778840,2.000000,32.000000
navigation/membership,100,1,79840,0.050015167,1596316,159631577,2.000000,32.000000
navigation/membership,100,2,80064,0.050008792,1600998,160099848,2.000000,32.000000
navigation/membership,100,3,78816,0.050007416,1576086,157608623,2.000000,32.000000
navigation/membership,100,4,77664,0.050018083,1552718,155271844,2.000000,32.000000
navigation/membership,100,5,78080,0.050002458,1561523,156152324,2.000000,32.000000
navigation/membership,100,6,78560,0.050005750,1571019,157101933,2.000000,32.000000
navigation/fallback,100,0,153312,0.050005459,3065905,306590526,0.000000,0.000000
navigation/fallback,100,1,153056,0.050004833,3060824,306082414,0.000000,0.000000
navigation/fallback,100,2,153376,0.050008208,3067017,306701652,0.000000,0.000000
navigation/fallback,100,3,154016,0.050004167,3080063,308006331,0.000000,0.000000
navigation/fallback,100,4,153792,0.050001833,3075727,307572724,0.000000,0.000000
navigation/fallback,100,5,152448,0.050007166,3048523,304852309,0.000000,0.000000
navigation/fallback,100,6,150688,0.050006875,3013346,301334566,0.000000,0.000000
navigation/mixed,100,0,54976,0.050027542,1098915,109891467,11.000000,984.000000
navigation/mixed,100,1,54848,0.050009000,1096763,109676258,11.000000,984.000000
navigation/mixed,100,2,55232,0.050008250,1104458,110445776,11.000000,984.000000
navigation/mixed,100,3,55616,0.050026458,1111732,111173172,11.000000,984.000000
navigation/mixed,100,4,55104,0.050023000,1101573,110157328,11.000000,984.000000
navigation/mixed,100,5,55648,0.050010958,1112716,111271614,11.000000,984.000000
navigation/mixed,100,6,54688,0.050003417,1093685,109368526,11.000000,984.000000
navigation/keep,500,0,50688,0.050010250,1013552,506776111,2.000000,144.000000
navigation/keep,500,1,50656,0.050025291,1012608,506303901,2.000000,144.000000
navigation/keep,500,2,50976,0.050004542,1019427,509713698,2.000000,144.000000
navigation/keep,500,3,51008,0.050004167,1020075,510037493,2.000000,144.000000
navigation/keep,500,4,50720,0.050006500,1014268,507134073,2.000000,144.000000
navigation/keep,500,5,50400,0.050005625,1007887,503943306,2.000000,144.000000
navigation/keep,500,6,50560,0.050029209,1010610,505304811,2.000000,144.000000
navigation/wildcard,500,0,36672,0.050021500,733125,366562378,8.000000,1072.000000
navigation/wildcard,500,1,37024,0.050028333,740061,370030319,8.000000,1072.000000
navigation/wildcard,500,2,36352,0.050014459,726830,363414908,8.000000,1072.000000
navigation/wildcard,500,3,37184,0.050033458,743183,371591346,8.000000,1072.000000
navigation/wildcard,500,4,37120,0.050033875,741897,370948682,8.000000,1072.000000
navigation/wildcard,500,5,36800,0.050030541,735551,367775355,8.000000,1072.000000
navigation/wildcard,500,6,36672,0.050031792,732974,366486973,8.000000,1072.000000
navigation/descendants,500,0,23168,0.050010375,463264,231631936,8.000000,1072.000000
navigation/descendants,500,1,23136,0.050028334,462458,231228967,8.000000,1072.000000
navigation/descendants,500,2,23136,0.050000500,462715,231357686,8.000000,1072.000000
navigation/descendants,500,3,23168,0.050012875,463241,231620358,8.000000,1072.000000
navigation/descendants,500,4,23232,0.050016375,464488,232243940,8.000000,1072.000000
navigation/descendants,500,5,22976,0.050007333,459453,229726308,8.000000,1072.000000
navigation/descendants,500,6,23200,0.050039125,463637,231818602,8.000000,1072.000000
navigation/ordering,500,0,46560,0.050027500,930688,465344061,6.000000,320.000000
navigation/ordering,500,1,46528,0.050023167,930129,465064517,6.000000,320.000000
navigation/ordering,500,2,46720,0.050006917,934271,467135376,6.000000,320.000000
navigation/ordering,500,3,46432,0.050021167,928247,464123518,6.000000,320.000000
navigation/ordering,500,4,46688,0.050006667,933636,466817755,6.000000,320.000000
navigation/ordering,500,5,46432,0.050006000,928529,464264288,6.000000,320.000000
navigation/ordering,500,6,46688,0.050001541,933731,466865611,6.000000,320.000000
navigation/grouping,500,0,40256,0.050013250,804907,402453350,11.000000,824.000000
navigation/grouping,500,1,40576,0.050017875,811230,405614993,11.000000,824.000000
navigation/grouping,500,2,40832,0.050029958,816151,408075497,11.000000,824.000000
navigation/grouping,500,3,40704,0.050017208,813800,406899961,11.000000,824.000000
navigation/grouping,500,4,40832,0.050031000,816134,408066998,11.000000,824.000000
navigation/grouping,500,5,40416,0.050031708,807808,403903860,11.000000,824.000000
navigation/grouping,500,6,40192,0.050029458,803367,401683344,11.000000,824.000000
navigation/membership,500,0,47040,0.050013208,940552,470275772,2.000000,32.000000
navigation/membership,500,1,47008,0.050027500,939643,469821598,2.000000,32.000000
navigation/membership,500,2,46944,0.050026417,938384,469192107,2.000000,32.000000
navigation/membership,500,3,47136,0.050016625,942407,471203325,2.000000,32.000000
navigation/membership,500,4,47072,0.050000334,941434,470716856,2.000000,32.000000
navigation/membership,500,5,46944,0.050033167,938258,469128808,2.000000,32.000000
navigation/membership,500,6,46624,0.050011417,932267,466133563,2.000000,32.000000
navigation/fallback,500,0,51232,0.050019000,1024251,512125392,0.000000,0.000000
navigation/fallback,500,1,51104,0.050013292,1021808,510904181,0.000000,0.000000
navigation/fallback,500,2,51200,0.050000334,1023993,511996580,0.000000,0.000000
navigation/fallback,500,3,51232,0.050011375,1024407,512203474,0.000000,0.000000
navigation/fallback,500,4,51200,0.050030708,1023371,511685743,0.000000,0.000000
navigation/fallback,500,5,51168,0.050001334,1023333,511666349,0.000000,0.000000
navigation/fallback,500,6,50752,0.050003667,1014966,507482781,0.000000,0.000000
navigation/mixed,500,0,37152,0.050033583,742541,371270632,11.000000,984.000000
navigation/mixed,500,1,37120,0.050004583,742332,371165979,11.000000,984.000000
navigation/mixed,500,2,37216,0.050014125,744110,372054894,11.000000,984.000000
navigation/mixed,500,3,37280,0.050002834,745558,372778871,11.000000,984.000000
navigation/mixed,500,4,37376,0.050030959,747057,373528718,11.000000,984.000000
navigation/mixed,500,5,37440,0.050032375,748315,374157733,11.000000,984.000000
navigation/mixed,500,6,37440,0.050040458,748195,374097295,11.000000,984.000000
navigation/keep,1024,0,32992,0.050008459,659728,675561868,2.000000,144.000000
navigation/keep,1024,1,32896,0.050015917,657711,673495679,2.000000,144.000000
navigation/keep,1024,2,32896,0.050009292,657798,673584901,2.000000,144.000000
navigation/keep,1024,3,32928,0.050011500,658409,674210372,2.000000,144.000000
navigation/keep,1024,4,32928,0.050023375,658252,674050321,2.000000,144.000000
navigation/keep,1024,5,32960,0.050011666,659046,674863341,2.000000,144.000000
navigation/keep,1024,6,32704,0.050042667,653522,669206859,2.000000,144.000000
navigation/wildcard,1024,0,26560,0.050021083,530976,543719535,8.000000,1072.000000
navigation/wildcard,1024,1,26560,0.050056209,530604,543337990,8.000000,1072.000000
navigation/wildcard,1024,2,26496,0.050001583,529903,542620901,8.000000,1072.000000
navigation/wildcard,1024,3,26496,0.050029084,529612,542322622,8.000000,1072.000000
navigation/wildcard,1024,4,26560,0.050014250,531049,543793819,8.000000,1072.000000
navigation/wildcard,1024,5,26560,0.050036417,530813,543552909,8.000000,1072.000000
navigation/wildcard,1024,6,26720,0.050043458,533936,546750386,8.000000,1072.000000
navigation/descendants,1024,0,15296,0.050038833,305683,313018971,8.000000,1072.000000
navigation/descendants,1024,1,15456,0.050038708,308881,316294018,8.000000,1072.000000
navigation/descendants,1024,2,15424,0.050014375,308391,315792730,8.000000,1072.000000
navigation/descendants,1024,3,15424,0.050000417,308477,315880886,8.000000,1072.000000
navigation/descendants,1024,4,15456,0.050097292,308520,315924142,8.000000,1072.000000
navigation/descendants,1024,5,15488,0.050081334,309257,316679104,8.000000,1072.000000
navigation/descendants,1024,6,15488,0.050020875,309631,317061867,8.000000,1072.000000
navigation/ordering,1024,0,31136,0.050003167,622681,637624893,6.000000,320.000000
navigation/ordering,1024,1,31104,0.050031833,621684,636604619,6.000000,320.000000
navigation/ordering,1024,2,31136,0.050013209,622556,637496866,6.000000,320.000000
navigation/ordering,1024,3,31104,0.050008583,621973,636900590,6.000000,320.000000
navigation/ordering,1024,4,31072,0.050011792,621293,636204518,6.000000,320.000000
navigation/ordering,1024,5,30976,0.050039833,619027,633883490,6.000000,320.000000
navigation/ordering,1024,6,31008,0.050018333,619933,634811080,6.000000,320.000000
navigation/grouping,1024,0,28192,0.050011042,563716,577244681,11.000000,824.000000
navigation/grouping,1024,1,28384,0.050009958,567567,581188570,11.000000,824.000000
navigation/grouping,1024,2,28416,0.050005958,568252,581890342,11.000000,824.000000
navigation/grouping,1024,3,28512,0.050048750,569685,583356987,11.000000,824.000000
navigation/grouping,1024,4,28576,0.050004208,571472,585187231,11.000000,824.000000
navigation/grouping,1024,5,28544,0.050027083,570571,584264647,11.000000,824.000000
navigation/grouping,1024,6,28320,0.050029416,566067,579652579,11.000000,824.000000
navigation/membership,1024,0,31104,0.050029792,621710,636630590,2.000000,32.000000
navigation/membership,1024,1,31200,0.050002958,623963,638938200,2.000000,32.000000
navigation/membership,1024,2,31360,0.050009209,627085,642134532,2.000000,32.000000
navigation/membership,1024,3,31328,0.050012208,626407,641440826,2.000000,32.000000
navigation/membership,1024,4,30880,0.050045625,617037,631845841,2.000000,32.000000
navigation/membership,1024,5,31136,0.050028000,622371,637308387,2.000000,32.000000
navigation/membership,1024,6,31136,0.050005875,622647,637590363,2.000000,32.000000
navigation/fallback,1024,0,27936,0.050036833,558309,571708125,0.000000,0.000000
navigation/fallback,1024,1,27936,0.050024542,558446,571848594,0.000000,0.000000
navigation/fallback,1024,2,27936,0.050004625,558668,572076363,0.000000,0.000000
navigation/fallback,1024,3,28064,0.050053750,560677,574133526,0.000000,0.000000
navigation/fallback,1024,4,27968,0.050013417,559210,572630980,0.000000,0.000000
navigation/fallback,1024,5,27968,0.050038417,558931,572344885,0.000000,0.000000
navigation/fallback,1024,6,28000,0.050054916,559386,572810870,0.000000,0.000000
navigation/mixed,1024,0,26624,0.050011209,532361,545137311,11.000000,984.000000
navigation/mixed,1024,1,26720,0.050020500,534181,547001329,11.000000,984.000000
navigation/mixed,1024,2,26688,0.050015042,533599,546405859,11.000000,984.000000
navigation/mixed,1024,3,26496,0.050025709,529648,542359210,11.000000,984.000000
navigation/mixed,1024,4,26144,0.050054125,522315,534850145,11.000000,984.000000
navigation/mixed,1024,5,26176,0.050029833,523208,535764811,11.000000,984.000000
navigation/mixed,1024,6,26208,0.050022916,523920,536493954,11.000000,984.000000
navigation/keep,10240,0,4544,0.050279708,90374,925434173,2.000000,144.000000
navigation/keep,10240,1,4544,0.050223750,90475,926465268,2.000000,144.000000
navigation/keep,10240,2,4544,0.050212417,90496,926674372,2.000000,144.000000
navigation/keep,10240,3,4544,0.050241708,90443,926134119,2.000000,144.000000
navigation/keep,10240,4,4544,0.050264792,90401,925708794,2.000000,144.000000
navigation/keep,10240,5,4544,0.050213125,90494,926661306,2.000000,144.000000
navigation/keep,10240,6,4544,0.050215459,90490,926618235,2.000000,144.000000
navigation/wildcard,10240,0,4384,0.050123542,87464,895630241,8.000000,1072.000000
navigation/wildcard,10240,1,4384,0.050123791,87463,895625792,8.000000,1072.000000
navigation/wildcard,10240,2,4384,0.050120084,87470,895692034,8.000000,1072.000000
navigation/wildcard,10240,3,4384,0.050106000,87495,895943799,8.000000,1072.000000
navigation/wildcard,10240,4,4384,0.050146917,87423,895212761,8.000000,1072.000000
navigation/wildcard,10240,5,4384,0.050178917,87367,894641867,8.000000,1072.000000
navigation/wildcard,10240,6,4384,0.050141584,87432,895307974,8.000000,1072.000000
navigation/descendants,10240,0,2272,0.050231417,45231,463161929,8.000000,1072.000000
navigation/descendants,10240,1,2272,0.050266125,45199,462842123,8.000000,1072.000000
navigation/descendants,10240,2,2272,0.050310791,45159,462431211,8.000000,1072.000000
navigation/descendants,10240,3,2272,0.050326291,45145,462288787,8.000000,1072.000000
navigation/descendants,10240,4,2272,0.050368833,45107,461898333,8.000000,1072.000000
navigation/descendants,10240,5,2272,0.050242459,45221,463060138,8.000000,1072.000000
navigation/descendants,10240,6,2272,0.050243917,45219,463046701,8.000000,1072.000000
navigation/ordering,10240,0,4512,0.050310417,89683,918356133,6.000000,320.000000
navigation/ordering,10240,1,4512,0.050228167,89830,919859966,6.000000,320.000000
navigation/ordering,10240,2,4512,0.050261167,89771,919256013,6.000000,320.000000
navigation/ordering,10240,3,4512,0.050261000,89771,919259068,6.000000,320.000000
navigation/ordering,10240,4,4512,0.050326334,89655,918065679,6.000000,320.000000
navigation/ordering,10240,5,4512,0.050268000,89759,919131058,6.000000,320.000000
navigation/ordering,10240,6,4512,0.050243792,89802,919573905,6.000000,320.000000
navigation/grouping,10240,0,4448,0.050276208,88471,905945810,11.000000,824.000000
navigation/grouping,10240,1,4448,0.050280875,88463,905861722,11.000000,824.000000
navigation/grouping,10240,2,4448,0.050196334,88612,907387380,11.000000,824.000000
navigation/grouping,10240,3,4448,0.050220667,88569,906947731,11.000000,824.000000
navigation/grouping,10240,4,4448,0.050362292,88320,904397282,11.000000,824.000000
navigation/grouping,10240,5,4448,0.050287000,88452,905751387,11.000000,824.000000
navigation/grouping,10240,6,4448,0.050290875,88445,905681597,11.000000,824.000000
navigation/membership,10240,0,4512,0.050227583,89831,919870662,2.000000,32.000000
navigation/membership,10240,1,4512,0.050209833,89863,920195851,2.000000,32.000000
navigation/membership,10240,2,4512,0.050257542,89778,919322318,2.000000,32.000000
navigation/membership,10240,3,4480,0.050086375,89445,915921745,2.000000,32.000000
navigation/membership,10240,4,4512,0.050250708,89790,919447344,2.000000,32.000000
navigation/membership,10240,5,4512,0.050192958,89893,920505223,2.000000,32.000000
navigation/membership,10240,6,4512,0.050205333,89871,920278330,2.000000,32.000000
navigation/fallback,10240,0,3136,0.050168000,62510,640102057,0.000000,0.000000
navigation/fallback,10240,1,3136,0.050148625,62534,640349362,0.000000,0.000000
navigation/fallback,10240,2,3136,0.050088459,62609,641118546,0.000000,0.000000
navigation/fallback,10240,3,3136,0.050123417,62566,640671405,0.000000,0.000000
navigation/fallback,10240,4,3136,0.050178333,62497,639970244,0.000000,0.000000
navigation/fallback,10240,5,3136,0.050221375,62444,639421760,0.000000,0.000000
navigation/fallback,10240,6,3136,0.050265125,62389,638865217,0.000000,0.000000
navigation/mixed,10240,0,4416,0.050309333,87777,898836007,11.000000,984.000000
navigation/mixed,10240,1,4416,0.050289167,87812,899196441,11.000000,984.000000
navigation/mixed,10240,2,4416,0.050333542,87735,898403693,11.000000,984.000000
navigation/mixed,10240,3,4416,0.050302875,87788,898951402,11.000000,984.000000
navigation/mixed,10240,4,4416,0.050339292,87725,898301073,11.000000,984.000000
navigation/mixed,10240,5,4416,0.050321791,87755,898613485,11.000000,984.000000
navigation/mixed,10240,6,4416,0.050256750,87869,899776448,11.000000,984.000000
navigation/keep,65536,0,736,0.050083791,14695,963075978,2.000000,144.000000
navigation/keep,65536,1,736,0.050064834,14701,963440646,2.000000,144.000000
navigation/keep,65536,2,736,0.050051958,14705,963688493,2.000000,144.000000
navigation/keep,65536,3,736,0.050104416,14689,962679537,2.000000,144.000000
navigation/keep,65536,4,736,0.050092834,14693,962902119,2.000000,144.000000
navigation/keep,65536,5,736,0.050074334,14698,963257864,2.000000,144.000000
navigation/keep,65536,6,736,0.050051750,14705,963692498,2.000000,144.000000
navigation/wildcard,65536,0,736,0.050375958,14610,957490397,8.000000,1072.000000
navigation/wildcard,65536,1,736,0.050354250,14616,957903176,8.000000,1072.000000
navigation/wildcard,65536,2,736,0.050492208,14577,955285932,8.000000,1072.000000
navigation/wildcard,65536,3,736,0.050394292,14605,957142051,8.000000,1072.000000
navigation/wildcard,65536,4,736,0.050517250,14569,954812386,8.000000,1072.000000
navigation/wildcard,65536,5,736,0.050381167,14609,957391400,8.000000,1072.000000
navigation/wildcard,65536,6,736,0.050316583,14627,958620262,8.000000,1072.000000
navigation/descendants,65536,0,384,0.051949000,7392,484433271,8.000000,1072.000000
navigation/descendants,65536,1,384,0.051876125,7402,485113798,8.000000,1072.000000
navigation/descendants,65536,2,384,0.051935709,7394,484557244,8.000000,1072.000000
navigation/descendants,65536,3,384,0.051883292,7401,485046785,8.000000,1072.000000
navigation/descendants,65536,4,384,0.051894208,7400,484944755,8.000000,1072.000000
navigation/descendants,65536,5,384,0.051956875,7391,484359847,8.000000,1072.000000
navigation/descendants,65536,6,384,0.051918208,7396,484720582,8.000000,1072.000000
navigation/ordering,65536,0,736,0.050122250,14684,962337006,6.000000,320.000000
navigation/ordering,65536,1,736,0.051742042,14224,932210909,6.000000,320.000000
navigation/ordering,65536,2,736,0.050232000,14652,960234432,6.000000,320.000000
navigation/ordering,65536,3,736,0.050177792,14668,961271791,6.000000,320.000000
navigation/ordering,65536,4,736,0.050158833,14673,961635132,6.000000,320.000000
navigation/ordering,65536,5,736,0.050156333,14674,961683064,6.000000,320.000000
navigation/ordering,65536,6,736,0.050203125,14660,960786724,6.000000,320.000000
navigation/grouping,65536,0,736,0.050308292,14630,958778247,11.000000,824.000000
navigation/grouping,65536,1,736,0.050320458,14626,958546442,11.000000,824.000000
navigation/grouping,65536,2,736,0.050418875,14598,956675372,11.000000,824.000000
navigation/grouping,65536,3,736,0.050507834,14572,954990388,11.000000,824.000000
navigation/grouping,65536,4,736,0.050281500,14638,959289122,11.000000,824.000000
navigation/grouping,65536,5,736,0.050287333,14636,959177851,11.000000,824.000000
navigation/grouping,65536,6,736,0.050285375,14636,959215199,11.000000,824.000000
navigation/membership,65536,0,736,0.050172792,14669,961367587,2.000000,32.000000
navigation/membership,65536,1,736,0.050207292,14659,960706983,2.000000,32.000000
navigation/membership,65536,2,736,0.050129250,14682,962202626,2.000000,32.000000
navigation/membership,65536,3,736,0.050223125,14655,960404117,2.000000,32.000000
navigation/membership,65536,4,736,0.050198500,14662,960875245,2.000000,32.000000
navigation/membership,65536,5,736,0.050218416,14656,960494174,2.000000,32.000000
navigation/membership,65536,6,736,0.050213791,14657,960582642,2.000000,32.000000
navigation/fallback,65536,0,512,0.051784625,9887,647961282,0.000000,0.000000
navigation/fallback,65536,1,512,0.051720583,9899,648763607,0.000000,0.000000
navigation/fallback,65536,2,512,0.051723917,9899,648721790,0.000000,0.000000
navigation/fallback,65536,3,512,0.051736791,9896,648560364,0.000000,0.000000
navigation/fallback,65536,4,512,0.051767208,9890,648179288,0.000000,0.000000
navigation/fallback,65536,5,512,0.051765500,9891,648200674,0.000000,0.000000
navigation/fallback,65536,6,512,0.051814209,9881,647591320,0.000000,0.000000
navigation/mixed,65536,0,736,0.050439334,14592,956287329,11.000000,984.000000
navigation/mixed,65536,1,736,0.050553916,14559,954119875,11.000000,984.000000
navigation/mixed,65536,2,736,0.050496459,14575,955205513,11.000000,984.000000
navigation/mixed,65536,3,736,0.050393500,14605,957157094,11.000000,984.000000
navigation/mixed,65536,4,736,0.050355417,14616,957880976,11.000000,984.000000
navigation/mixed,65536,5,736,0.050306583,14630,958810818,11.000000,984.000000
navigation/mixed,65536,6,736,0.050433167,14594,956404265,11.000000,984.000000
navigation/keep,1048576,0,64,0.069261625,924,968918416,2.000000,144.000000
navigation/keep,1048576,1,64,0.069337666,923,967855826,2.000000,144.000000
navigation/keep,1048576,2,64,0.069326125,923,968016949,2.000000,144.000000
navigation/keep,1048576,3,64,0.069328250,923,967987278,2.000000,144.000000
navigation/keep,1048576,4,64,0.069246459,924,969130624,2.000000,144.000000
navigation/keep,1048576,5,64,0.069273417,924,968753483,2.000000,144.000000
navigation/keep,1048576,6,64,0.069303041,923,968339384,2.000000,144.000000
navigation/wildcard,1048576,0,64,0.069360875,923,967531970,8.000000,1072.000000
navigation/wildcard,1048576,1,64,0.069385125,922,967193819,8.000000,1072.000000
navigation/wildcard,1048576,2,64,0.069356875,923,967587770,8.000000,1072.000000
navigation/wildcard,1048576,3,64,0.069355750,923,967603465,8.000000,1072.000000
navigation/wildcard,1048576,4,64,0.069265750,924,968860714,8.000000,1072.000000
navigation/wildcard,1048576,5,64,0.070880458,903,946789368,8.000000,1072.000000
navigation/wildcard,1048576,6,64,0.069300750,924,968371396,8.000000,1072.000000
navigation/descendants,1048576,0,32,0.068785458,465,487812875,8.000000,1072.000000
navigation/descendants,1048576,1,32,0.068667458,466,488651145,8.000000,1072.000000
navigation/descendants,1048576,2,32,0.068641667,466,488834748,8.000000,1072.000000
navigation/descendants,1048576,3,32,0.068699125,466,488425901,8.000000,1072.000000
navigation/descendants,1048576,4,32,0.068694875,466,488456118,8.000000,1072.000000
navigation/descendants,1048576,5,32,0.068757084,465,488014180,8.000000,1072.000000
navigation/descendants,1048576,6,32,0.068815083,465,487602870,8.000000,1072.000000
navigation/ordering,1048576,0,64,0.069230125,924,969359278,6.000000,320.000000
navigation/ordering,1048576,1,64,0.069147792,926,970513476,6.000000,320.000000
navigation/ordering,1048576,2,64,0.069135167,926,970690705,6.000000,320.000000
navigation/ordering,1048576,3,64,0.069213833,925,969587452,6.000000,320.000000
navigation/ordering,1048576,4,64,0.069242042,924,969192445,6.000000,320.000000
navigation/ordering,1048576,5,64,0.069398125,922,967012639,6.000000,320.000000
navigation/ordering,1048576,6,64,0.069294041,924,968465153,6.000000,320.000000
navigation/grouping,1048576,0,64,0.069225417,925,969425204,11.000000,824.000000
navigation/grouping,1048576,1,64,0.069256500,924,968990116,11.000000,824.000000
navigation/grouping,1048576,2,64,0.069207583,925,969675014,11.000000,824.000000
navigation/grouping,1048576,3,64,0.069295000,924,968451750,11.000000,824.000000
navigation/grouping,1048576,4,64,0.069291083,924,968506496,11.000000,824.000000
navigation/grouping,1048576,5,64,0.069365834,923,967462800,11.000000,824.000000
navigation/grouping,1048576,6,64,0.069224958,925,969431632,11.000000,824.000000
navigation/membership,1048576,0,64,0.069360417,923,967538358,2.000000,32.000000
navigation/membership,1048576,1,64,0.069290875,924,968509403,2.000000,32.000000
navigation/membership,1048576,2,64,0.069191708,925,969897491,2.000000,32.000000
navigation/membership,1048576,3,64,0.069260542,924,968933567,2.000000,32.000000
navigation/membership,1048576,4,64,0.069240959,924,969207604,2.000000,32.000000
navigation/membership,1048576,5,64,0.069352083,923,967654627,2.000000,32.000000
navigation/membership,1048576,6,64,0.069262875,924,968900930,2.000000,32.000000
navigation/fallback,1048576,0,32,0.051642292,620,649747149,0.000000,0.000000
navigation/fallback,1048576,1,32,0.051656792,619,649564766,0.000000,0.000000
navigation/fallback,1048576,2,32,0.051695083,619,649083628,0.000000,0.000000
navigation/fallback,1048576,3,32,0.051773709,618,648097898,0.000000,0.000000
navigation/fallback,1048576,4,32,0.051808584,618,647661631,0.000000,0.000000
navigation/fallback,1048576,5,32,0.051724000,619,648720749,0.000000,0.000000
navigation/fallback,1048576,6,32,0.051660250,619,649521286,0.000000,0.000000
navigation/mixed,1048576,0,64,0.069323666,923,968051286,11.000000,984.000000
navigation/mixed,1048576,1,64,0.069265584,924,968863036,11.000000,984.000000
navigation/mixed,1048576,2,64,0.069285167,924,968589193,11.000000,984.000000
navigation/mixed,1048576,3,64,0.069389875,922,967127610,11.000000,984.000000
navigation/mixed,1048576,4,64,0.069377083,922,967305933,11.000000,984.000000
navigation/mixed,1048576,5,64,0.069334750,923,967896531,11.000000,984.000000
navigation/mixed,1048576,6,64,0.069280708,924,968651533,11.000000,984.000000
navigation/wide_sort,250,0,17952,0.050020417,358893,89723362,7.000000,752.000000
navigation/wide_sort,250,1,18112,0.050045708,361909,90477289,7.000000,752.000000
navigation/wide_sort,250,2,18176,0.050018917,363383,90845629,7.000000,752.000000
navigation/wide_sort,250,3,18304,0.050076417,365521,91380340,7.000000,752.000000
navigation/wide_sort,250,4,18336,0.050037583,366445,91611140,7.000000,752.000000
navigation/wide_sort,250,5,18112,0.050055583,361838,90459440,7.000000,752.000000
navigation/wide_sort,250,6,18016,0.050057458,359906,89976602,7.000000,752.000000
navigation/wide_group,250,0,23424,0.050022542,468269,117067221,10.000000,1016.000000
navigation/wide_group,250,1,23488,0.050061750,469181,117295141,10.000000,1016.000000
navigation/wide_group,250,2,23392,0.050003708,467805,116951327,10.000000,1016.000000
navigation/wide_group,250,3,23456,0.050066458,468497,117124323,10.000000,1016.000000
navigation/wide_group,250,4,23456,0.050020583,468927,117231740,10.000000,1016.000000
navigation/wide_group,250,5,23456,0.050048500,468665,117166349,10.000000,1016.000000
navigation/wide_group,250,6,23456,0.050067417,468488,117122080,10.000000,1016.000000
navigation/wide_descendants,250,0,13056,0.050117250,260509,65127277,20.000000,2680.000000
navigation/wide_descendants,250,1,12992,0.050102666,259308,64826890,20.000000,2680.000000
navigation/wide_descendants,250,2,13056,0.050082708,260689,65172195,20.000000,2680.000000
navigation/wide_descendants,250,3,13024,0.050006458,260446,65111590,20.000000,2680.000000
navigation/wide_descendants,250,4,13056,0.050064542,260783,65195843,20.000000,2680.000000
navigation/wide_descendants,250,5,13120,0.050089625,261930,65482622,20.000000,2680.000000
navigation/wide_descendants,250,6,13120,0.050081916,261971,65492702,20.000000,2680.000000
navigation/range,250,0,50272,0.050007125,1005297,251324186,4.000000,360.000000
navigation/range,250,1,50752,0.050012542,1014785,253696363,4.000000,360.000000
navigation/range,250,2,49632,0.050001083,992618,248154625,4.000000,360.000000
navigation/range,250,3,49888,0.050029750,997167,249291671,4.000000,360.000000
navigation/range,250,4,49664,0.050025042,992783,248195694,4.000000,360.000000
navigation/range,250,5,49792,0.050013708,995567,248891764,4.000000,360.000000
navigation/range,250,6,50688,0.050019000,1013375,253343729,4.000000,360.000000
navigation/wide_sort,4144,0,704,0.050900375,13831,57315413,11.000000,11312.000000
navigation/wide_sort,4144,1,704,0.050890042,13834,57327050,11.000000,11312.000000
navigation/wide_sort,4144,2,704,0.050788417,13861,57441759,11.000000,11312.000000
navigation/wide_sort,4144,3,704,0.050550709,13927,57711871,11.000000,11312.000000
navigation/wide_sort,4144,4,704,0.050726500,13878,57511872,11.000000,11312.000000
navigation/wide_sort,4144,5,704,0.050604917,13912,57650050,11.000000,11312.000000
navigation/wide_sort,4144,6,704,0.050941208,13820,57269470,11.000000,11312.000000
navigation/wide_group,4144,0,1696,0.050352167,33683,139581361,18.000000,9656.000000
navigation/wide_group,4144,1,1664,0.050494709,32954,136561159,18.000000,9656.000000
navigation/wide_group,4144,2,1664,0.050383458,33027,136862698,18.000000,9656.000000
navigation/wide_group,4144,3,1664,0.050294125,33085,137105795,18.000000,9656.000000
navigation/wide_group,4144,4,1696,0.050705666,33448,138608257,18.000000,9656.000000
navigation/wide_group,4144,5,1696,0.050862834,33345,138179953,18.000000,9656.000000
navigation/wide_group,4144,6,1664,0.050000208,33280,137911746,18.000000,9656.000000
navigation/wide_descendants,4144,0,896,0.051106458,17532,72652736,260.000000,34840.000000
navigation/wide_descendants,4144,1,896,0.051138584,17521,72607094,260.000000,34840.000000
navigation/wide_descendants,4144,2,896,0.051148542,17518,72592959,260.000000,34840.000000
navigation/wide_descendants,4144,3,896,0.051370292,17442,72279597,260.000000,34840.000000
navigation/wide_descendants,4144,4,896,0.050565541,17720,73429927,260.000000,34840.000000
navigation/wide_descendants,4144,5,896,0.050167250,17860,74012907,260.000000,34840.000000
navigation/wide_descendants,4144,6,928,0.051602416,17984,74524263,260.000000,34840.000000
navigation/range,4144,0,3808,0.050035917,76105,315380490,8.000000,6120.000000
navigation/range,4144,1,3808,0.050411000,75539,313033901,8.000000,6120.000000
navigation/range,4144,2,3808,0.050370500,75600,313285594,8.000000,6120.000000
navigation/range,4144,3,3808,0.050223125,75822,314204901,8.000000,6120.000000
navigation/range,4144,4,3808,0.050128583,75965,314797488,8.000000,6120.000000
navigation/range,4144,5,3808,0.050033000,76110,315398877,8.000000,6120.000000
navigation/range,4144,6,3840,0.050211083,76477,316921266,8.000000,6120.000000
navigation/wide_sort,34657,0,96,0.072853833,1318,45667769,14.000000,90160.000000
navigation/wide_sort,34657,1,96,0.073794625,1301,45085560,14.000000,90160.000000
navigation/wide_sort,34657,2,96,0.073015250,1315,45566810,14.000000,90160.000000
navigation/wide_sort,34657,3,96,0.073079084,1314,45527007,14.000000,90160.000000
navigation/wide_sort,34657,4,96,0.072993084,1315,45580647,14.000000,90160.000000
navigation/wide_sort,34657,5,96,0.073390417,1308,45333875,14.000000,90160.000000
navigation/wide_sort,34657,6,96,0.073820542,1300,45069731,14.000000,90160.000000
navigation/wide_group,34657,0,224,0.051481417,4351,150795539,24.000000,74168.000000
navigation/wide_group,34657,1,224,0.050354375,4448,154170675,24.000000,74168.000000
navigation/wide_group,34657,2,224,0.050128042,4469,154866771,24.000000,74168.000000
navigation/wide_group,34657,3,256,0.057016500,4490,155607447,24.000000,74168.000000
navigation/wide_group,34657,4,256,0.056943833,4496,155806020,24.000000,74168.000000
navigation/wide_group,34657,5,224,0.050397416,4445,154039009,24.000000,74168.000000
navigation/wide_group,34657,6,224,0.051693083,4333,150178081,24.000000,74168.000000
navigation/wide_descendants,34657,0,128,0.057311541,2233,77403188,2052.000000,274968.000000
navigation/wide_descendants,34657,1,128,0.057707666,2218,76871867,2052.000000,274968.000000
navigation/wide_descendants,34657,2,128,0.057130000,2241,77649151,2052.000000,274968.000000
navigation/wide_descendants,34657,3,128,0.056769750,2255,78141898,2052.000000,274968.000000
navigation/wide_descendants,34657,4,128,0.056409250,2269,78641287,2052.000000,274968.000000
navigation/wide_descendants,34657,5,128,0.056453459,2267,78579702,2052.000000,274968.000000
navigation/wide_descendants,34657,6,128,0.057087208,2242,77707356,2052.000000,274968.000000
navigation/range,34657,0,480,0.051020667,9408,326051402,11.000000,49128.000000
navigation/range,34657,1,480,0.052623209,9121,316122113,11.000000,49128.000000
navigation/range,34657,2,480,0.052744041,9101,315397904,11.000000,49128.000000
navigation/range,34657,3,480,0.051004416,9411,326155288,11.000000,49128.000000
navigation/range,34657,4,480,0.051001000,9412,326177134,11.000000,49128.000000
navigation/range,34657,5,480,0.051129250,9388,325358968,11.000000,49128.000000
navigation/range,34657,6,480,0.053300209,9006,312106844,11.000000,49128.000000
navigation/wide_sort,600386,0,32,0.526769917,61,36471999,18.000000,1441840.000000
navigation/wide_sort,600386,1,32,0.530588625,60,36209506,18.000000,1441840.000000
navigation/wide_sort,600386,2,32,0.533427042,60,36016832,18.000000,1441840.000000
navigation/wide_sort,600386,3,32,0.527270375,61,36437382,18.000000,1441840.000000
navigation/wide_sort,600386,4,32,0.528806791,61,36331515,18.000000,1441840.000000
navigation/wide_sort,600386,5,32,0.531631250,60,36138493,18.000000,1441840.000000
navigation/wide_sort,600386,6,32,0.534222375,60,35963211,18.000000,1441840.000000
navigation/wide_group,600386,0,32,0.117839042,272,163038936,32.000000,1180088.000000
navigation/wide_group,600386,1,32,0.119148125,269,161247623,32.000000,1180088.000000
navigation/wide_group,600386,2,32,0.119973584,267,160138185,32.000000,1180088.000000
navigation/wide_group,600386,3,32,0.119808792,267,160358448,32.000000,1180088.000000
navigation/wide_group,600386,4,32,0.118918708,269,161558701,32.000000,1180088.000000
navigation/wide_group,600386,5,32,0.120833500,265,158998556,32.000000,1180088.000000
navigation/wide_group,600386,6,32,0.120908250,265,158900257,32.000000,1180088.000000
navigation/wide_descendants,600386,0,32,0.235394458,136,81617690,32772.000000,4391448.000000
navigation/wide_descendants,600386,1,32,0.233266500,137,82362242,32772.000000,4391448.000000
navigation/wide_descendants,600386,2,32,0.233192500,137,82388379,32772.000000,4391448.000000
navigation/wide_descendants,600386,3,32,0.235726792,136,81502624,32772.000000,4391448.000000
navigation/wide_descendants,600386,4,32,0.234648417,136,81877186,32772.000000,4391448.000000
navigation/wide_descendants,600386,5,32,0.234267667,137,82010259,32772.000000,4391448.000000
navigation/wide_descendants,600386,6,32,0.233598042,137,82245347,32772.000000,4391448.000000
navigation/range,600386,0,32,0.055608500,575,345493081,15.000000,786408.000000
navigation/range,600386,1,32,0.054997958,582,349328461,15.000000,786408.000000
navigation/range,600386,2,32,0.055157333,580,348319089,15.000000,786408.000000
navigation/range,600386,3,32,0.055430292,577,346603839,15.000000,786408.000000
navigation/range,600386,4,32,0.053923667,593,356287936,15.000000,786408.000000
navigation/range,600386,5,32,0.055932875,572,343489442,15.000000,786408.000000
navigation/range,600386,6,32,0.055842084,573,344047905,15.000000,786408.000000
navigation/distinct_groups,194,0,26752,0.050000375,535036,103796982,5.000000,1464.000000
navigation/distinct_groups,194,1,26816,0.050020792,536097,104002831,5.000000,1464.000000
navigation/distinct_groups,194,2,27520,0.050004959,550345,106767011,5.000000,1464.000000
navigation/distinct_groups,194,3,26784,0.050011416,535558,103898198,5.000000,1464.000000
navigation/distinct_groups,194,4,27456,0.050001708,549101,106525641,5.000000,1464.000000
navigation/distinct_groups,194,5,27296,0.050009750,545814,105887832,5.000000,1464.000000
navigation/distinct_groups,194,6,27232,0.050043000,544172,105569370,5.000000,1464.000000
navigation/distinct_groups,3246,0,640,0.052354500,12224,39680257,10.000000,36664.000000
navigation/distinct_groups,3246,1,640,0.052448458,12202,39609172,10.000000,36664.000000
navigation/distinct_groups,3246,2,576,0.051524000,11179,36287866,10.000000,36664.000000
navigation/distinct_groups,3246,3,544,0.051386542,10586,34363550,10.000000,36664.000000
navigation/distinct_groups,3246,4,544,0.051773750,10507,34106550,10.000000,36664.000000
navigation/distinct_groups,3246,5,608,0.050010083,12158,39463402,10.000000,36664.000000
navigation/distinct_groups,3246,6,608,0.050134333,12127,39365598,10.000000,36664.000000
navigation/distinct_groups,27486,0,32,0.146912958,218,5986892,13.000000,294712.000000
navigation/distinct_groups,27486,1,32,0.147441417,217,5965434,13.000000,294712.000000
navigation/distinct_groups,27486,2,32,0.121180625,264,7258190,13.000000,294712.000000
navigation/distinct_groups,27486,3,32,0.122512875,261,7179262,13.000000,294712.000000
navigation/distinct_groups,27486,4,32,0.133841875,239,6571576,13.000000,294712.000000
navigation/distinct_groups,27486,5,32,0.118830333,269,7401746,13.000000,294712.000000
navigation/distinct_groups,27486,6,32,0.118738958,269,7407442,13.000000,294712.000000
navigation/deep_descendants,24,0,57984,0.050006250,1159535,27828841,4.000000,536.000000
navigation/deep_descendants,24,1,57984,0.050022500,1159158,27819801,4.000000,536.000000
navigation/deep_descendants,24,2,57536,0.050006667,1150567,27613598,4.000000,536.000000
navigation/deep_descendants,24,3,57248,0.050003291,1144885,27477231,4.000000,536.000000
navigation/deep_descendants,24,4,57856,0.050008250,1156929,27766299,4.000000,536.000000
navigation/deep_descendants,24,5,57920,0.050025875,1157801,27787220,4.000000,536.000000
navigation/deep_descendants,24,6,57952,0.050011791,1158767,27810402,4.000000,536.000000
navigation/deep_descendants,72,0,8672,0.050032084,173329,12479672,4.000000,536.000000
navigation/deep_descendants,72,1,8704,0.050156167,173538,12494735,4.000000,536.000000
navigation/deep_descendants,72,2,8672,0.050098958,173097,12463014,4.000000,536.000000
navigation/deep_descendants,72,3,8672,0.050119042,173028,12458019,4.000000,536.000000
navigation/deep_descendants,72,4,8672,0.050075084,173180,12468956,4.000000,536.000000
navigation/deep_descendants,72,5,8672,0.050029167,173339,12480400,4.000000,536.000000
navigation/deep_descendants,72,6,8672,0.050099000,173097,12463003,4.000000,536.000000
navigation/deep_descendants,136,0,1856,0.050407375,36820,5007521,4.000000,536.000000
navigation/deep_descendants,136,1,1856,0.050642250,36649,4984297,4.000000,536.000000
navigation/deep_descendants,136,2,1856,0.050462125,36780,5002088,4.000000,536.000000
navigation/deep_descendants,136,3,1856,0.050526208,36733,4995744,4.000000,536.000000
navigation/deep_descendants,136,4,1856,0.050480375,36767,5000280,4.000000,536.000000
navigation/deep_descendants,136,5,1856,0.050456125,36784,5002683,4.000000,536.000000
navigation/deep_descendants,136,6,1856,0.050478875,36768,5000428,4.000000,536.000000
compiler/lookup_8_hit,501,0,127104,0.050002791,2541938,1273510993,0.000000,0.000000
compiler/lookup_8_hit,501,1,128160,0.050008667,2562756,1283940642,0.000000,0.000000
compiler/lookup_8_hit,501,2,131520,0.050005625,2630104,1317682161,0.000000,0.000000
compiler/lookup_8_hit,501,3,131872,0.050001125,2637381,1321327710,0.000000,0.000000
compiler/lookup_8_hit,501,4,129632,0.050012000,2592018,1298600976,0.000000,0.000000
compiler/lookup_8_hit,501,5,127360,0.050001542,2547121,1276107845,0.000000,0.000000
compiler/lookup_8_hit,501,6,127840,0.050012416,2556165,1280638792,0.000000,0.000000
rust/lookup_8_hit,501,0,165984,0.050002667,3319503,1663070972,0.000000,0.000000
rust/lookup_8_hit,501,1,165632,0.050007125,3312168,1659396176,0.000000,0.000000
rust/lookup_8_hit,501,2,166240,0.050001750,3324684,1665666502,0.000000,0.000000
rust/lookup_8_hit,501,3,165536,0.050007166,3310246,1658433033,0.000000,0.000000
rust/lookup_8_hit,501,4,165952,0.050007834,3318520,1662578547,0.000000,0.000000
rust/lookup_8_hit,501,5,165408,0.050000750,3308110,1657363300,0.000000,0.000000
rust/lookup_8_hit,501,6,165568,0.050002875,3311170,1658895973,0.000000,0.000000
compiler/lookup_8_miss,501,0,160512,0.050002042,3210109,1608264558,0.000000,0.000000
compiler/lookup_8_miss,501,1,161696,0.050007375,3233443,1619954977,0.000000,0.000000
compiler/lookup_8_miss,501,2,160448,0.050004333,3208682,1607549650,0.000000,0.000000
compiler/lookup_8_miss,501,3,161120,0.050003917,3222148,1614295936,0.000000,0.000000
compiler/lookup_8_miss,501,4,161120,0.050009541,3221785,1614114395,0.000000,0.000000
compiler/lookup_8_miss,501,5,161696,0.050005291,3233578,1620022489,0.000000,0.000000
compiler/lookup_8_miss,501,6,160832,0.050001083,3216570,1611501735,0.000000,0.000000
rust/lookup_8_miss,501,0,167872,0.050004375,3357146,1681930271,0.000000,0.000000
rust/lookup_8_miss,501,1,168128,0.050003792,3362305,1684514806,0.000000,0.000000
rust/lookup_8_miss,501,2,168224,0.050009125,3363866,1685296913,0.000000,0.000000
rust/lookup_8_miss,501,3,167904,0.050009375,3357450,1682082689,0.000000,0.000000
rust/lookup_8_miss,501,4,168256,0.050005875,3364725,1685727047,0.000000,0.000000
rust/lookup_8_miss,501,5,167520,0.050001667,3350288,1678494439,0.000000,0.000000
rust/lookup_8_miss,501,6,167648,0.050004709,3352644,1679674768,0.000000,0.000000
compiler/varying_lookup_8,501,0,124992,0.050009750,2499353,1252175666,0.000000,0.000000
compiler/varying_lookup_8,501,1,125024,0.050012000,2499880,1252439894,0.000000,0.000000
compiler/varying_lookup_8,501,2,124928,0.050011625,2497979,1251487589,0.000000,0.000000
compiler/varying_lookup_8,501,3,124960,0.050005708,2498915,1251956277,0.000000,0.000000
compiler/varying_lookup_8,501,4,125280,0.050011084,2505045,1255027386,0.000000,0.000000
compiler/varying_lookup_8,501,5,125472,0.050010042,2508936,1256976989,0.000000,0.000000
compiler/varying_lookup_8,501,6,125696,0.050002916,2513773,1259400472,0.000000,0.000000
rust/varying_lookup_8,501,0,164320,0.050008166,3285863,1646217540,0.000000,0.000000
rust/varying_lookup_8,501,1,164128,0.050004833,3282243,1644403612,0.000000,0.000000
rust/varying_lookup_8,501,2,164352,0.050006625,3286605,1646588867,0.000000,0.000000
rust/varying_lookup_8,501,3,163776,0.050004500,3275225,1640887840,0.000000,0.000000
rust/varying_lookup_8,501,4,163840,0.050007667,3276298,1641425104,0.000000,0.000000
rust/varying_lookup_8,501,5,163520,0.050000250,3270384,1638462208,0.000000,0.000000
rust/varying_lookup_8,501,6,164160,0.050004708,3282891,1644728332,0.000000,0.000000
compiler/bound_lookup_8,16,0,163360,0.050006750,3266759,52268144,6.000000,536.000000
compiler/bound_lookup_8,16,1,165376,0.050006959,3307060,52912956,6.000000,536.000000
compiler/bound_lookup_8,16,2,165216,0.050007625,3303816,52861059,6.000000,536.000000
compiler/bound_lookup_8,16,3,166048,0.050006959,3320498,53127966,6.000000,536.000000
compiler/bound_lookup_8,16,4,160480,0.050005084,3209274,51348379,6.000000,536.000000
compiler/bound_lookup_8,16,5,162432,0.050001667,3248532,51976507,6.000000,536.000000
compiler/bound_lookup_8,16,6,162368,0.050000167,3247349,51957586,6.000000,536.000000
compile/lookup_8,0,0,14144,0.050038625,282662,0,60.000000,5921.000000
compile/lookup_8,0,1,14144,0.050099000,282321,0,60.000000,5921.000000
compile/lookup_8,0,2,14176,0.050045167,283264,0,60.000000,5921.000000
compile/lookup_8,0,3,14144,0.050055584,282566,0,60.000000,5921.000000
compile/lookup_8,0,4,14112,0.050008833,282190,0,60.000000,5921.000000
compile/lookup_8,0,5,14048,0.050094916,280428,0,60.000000,5921.000000
compile/lookup_8,0,6,14112,0.050075875,281812,0,60.000000,5921.000000
compiler/lookup_128_hit,501,0,108768,0.050012958,2174796,1089572986,0.000000,0.000000
compiler/lookup_128_hit,501,1,108800,0.050001084,2175953,1090152365,0.000000,0.000000
compiler/lookup_128_hit,501,2,108480,0.050010750,2169134,1086735952,0.000000,0.000000
compiler/lookup_128_hit,501,3,109376,0.050002250,2187422,1095898205,0.000000,0.000000
compiler/lookup_128_hit,501,4,109152,0.050012625,2182489,1093426950,0.000000,0.000000
compiler/lookup_128_hit,501,5,109152,0.050002292,2182940,1093652907,0.000000,0.000000
compiler/lookup_128_hit,501,6,109216,0.050009250,2183916,1094141904,0.000000,0.000000
rust/lookup_128_hit,501,0,165888,0.050006458,3317332,1661983098,0.000000,0.000000
rust/lookup_128_hit,501,1,166112,0.050008500,3321675,1664159333,0.000000,0.000000
rust/lookup_128_hit,501,2,165952,0.050001375,3318949,1662793313,0.000000,0.000000
rust/lookup_128_hit,501,3,166208,0.050005708,3323781,1665214059,0.000000,0.000000
rust/lookup_128_hit,501,4,165952,0.050006834,3318586,1662611794,0.000000,0.000000
rust/lookup_128_hit,501,5,165824,0.050007042,3316013,1661322499,0.000000,0.000000
rust/lookup_128_hit,501,6,166272,0.050002125,3325299,1665974636,0.000000,0.000000
compiler/lookup_128_miss,501,0,152896,0.050009625,3057331,1531723063,0.000000,0.000000
compiler/lookup_128_miss,501,1,153792,0.050000667,3075799,1540975283,0.000000,0.000000
compiler/lookup_128_miss,501,2,153952,0.050002083,3078912,1542534778,0.000000,0.000000
compiler/lookup_128_miss,501,3,154048,0.050000083,3080955,1543558398,0.000000,0.000000
compiler/lookup_128_miss,501,4,153920,0.050007708,3077926,1542040679,0.000000,0.000000
compiler/lookup_128_miss,501,5,153568,0.050008667,3070828,1538484679,0.000000,0.000000
compiler/lookup_128_miss,501,6,153280,0.050004125,3065347,1535738902,0.000000,0.000000
rust/lookup_128_miss,501,0,168384,0.050005333,3367321,1687027742,0.000000,0.000000
rust/lookup_128_miss,501,1,168032,0.050005750,3360254,1683487039,0.000000,0.000000
rust/lookup_128_miss,501,2,168416,0.050008333,3367759,1687247123,0.000000,0.000000
rust/lookup_128_miss,501,3,167520,0.050002083,3350260,1678480475,0.000000,0.000000
rust/lookup_128_miss,501,4,168160,0.050002166,3363054,1684890211,0.000000,0.000000
rust/lookup_128_miss,501,5,168128,0.050003084,3362353,1684538658,0.000000,0.000000
rust/lookup_128_miss,501,6,167904,0.050008416,3357515,1682114946,0.000000,0.000000
compiler/varying_lookup_128,501,0,100224,0.050006500,2004219,1004113945,0.000000,0.000000
compiler/varying_lookup_128,501,1,100384,0.050010125,2007274,1005644037,0.000000,0.000000
compiler/varying_lookup_128,501,2,100448,0.050007792,2008647,1006332133,0.000000,0.000000
compiler/varying_lookup_128,501,3,100224,0.050012750,2003969,1003988463,0.000000,0.000000
compiler/varying_lookup_128,501,4,100320,0.050011625,2005934,1004972744,0.000000,0.000000
compiler/varying_lookup_128,501,5,100480,0.050008750,2009248,1006633439,0.000000,0.000000
compiler/varying_lookup_128,501,6,100288,0.050007292,2005468,1004739229,0.000000,0.000000
rust/varying_lookup_128,501,0,162976,0.050003875,3259267,1632892971,0.000000,0.000000
rust/varying_lookup_128,501,1,163296,0.050006833,3265474,1636002344,0.000000,0.000000
rust/varying_lookup_128,501,2,163104,0.050008500,3261526,1634024296,0.000000,0.000000
rust/varying_lookup_128,501,3,163296,0.050004084,3265653,1636092284,0.000000,0.000000
rust/varying_lookup_128,501,4,163264,0.050005291,3264935,1635732187,0.000000,0.000000
rust/varying_lookup_128,501,5,163264,0.050001792,3265163,1635846651,0.000000,0.000000
rust/varying_lookup_128,501,6,163392,0.050008875,3267260,1636897291,0.000000,0.000000
compiler/bound_lookup_128,16,0,126112,0.050005208,2521977,40351637,6.000000,536.000000
compiler/bound_lookup_128,16,1,127424,0.050012250,2547856,40765692,6.000000,536.000000
compiler/bound_lookup_128,16,2,127104,0.050003833,2541885,40670162,6.000000,536.000000
compiler/bound_lookup_128,16,3,128160,0.050006667,2562858,41005732,6.000000,536.000000
compiler/bound_lookup_128,16,4,128032,0.050001500,2560563,40969011,6.000000,536.000000
compiler/bound_lookup_128,16,5,127968,0.050006125,2559047,40944744,6.000000,536.000000
compiler/bound_lookup_128,16,6,127488,0.050001250,2549696,40795140,6.000000,536.000000
compile/lookup_128,0,0,288,0.051155375,5630,0,669.000000,101721.000000
compile/lookup_128,0,1,288,0.051240750,5621,0,669.000000,101721.000000
compile/lookup_128,0,2,288,0.051210917,5624,0,669.000000,101721.000000
compile/lookup_128,0,3,288,0.051226500,5622,0,669.000000,101721.000000
compile/lookup_128,0,4,288,0.051167333,5629,0,669.000000,101721.000000
compile/lookup_128,0,5,288,0.051287833,5615,0,669.000000,101721.000000
compile/lookup_128,0,6,288,0.051326583,5611,0,669.000000,101721.000000
compiler/lookup_1024_hit,501,0,101504,0.050012458,2029574,1016816730,0.000000,0.000000
compiler/lookup_1024_hit,501,1,101728,0.050002916,2034441,1019255117,0.000000,0.000000
compiler/lookup_1024_hit,501,2,101760,0.050000042,2035198,1019634344,0.000000,0.000000
compiler/lookup_1024_hit,501,3,101568,0.050006458,2031098,1017579929,0.000000,0.000000
compiler/lookup_1024_hit,501,4,101824,0.050015375,2035854,1019962841,0.000000,0.000000
compiler/lookup_1024_hit,501,5,101408,0.050005833,2027923,1015989635,0.000000,0.000000
compiler/lookup_1024_hit,501,6,101408,0.050010375,2027739,1015897361,0.000000,0.000000
rust/lookup_1024_hit,501,0,166144,0.050003000,3322681,1664663000,0.000000,0.000000
rust/lookup_1024_hit,501,1,165728,0.050002084,3314422,1660525349,0.000000,0.000000
rust/lookup_1024_hit,501,2,165216,0.050001208,3304240,1655424325,0.000000,0.000000
rust/lookup_1024_hit,501,3,166016,0.050005291,3319969,1663304309,0.000000,0.000000
rust/lookup_1024_hit,501,4,165856,0.050004291,3316835,1661734510,0.000000,0.000000
rust/lookup_1024_hit,501,5,165632,0.050002000,3312507,1659566257,0.000000,0.000000
rust/lookup_1024_hit,501,6,165728,0.050000750,3314510,1660569651,0.000000,0.000000
compiler/lookup_1024_miss,501,0,148352,0.050002042,2966919,1486426334,0.000000,0.000000
compiler/lookup_1024_miss,501,1,148416,0.050009500,2967756,1486845819,0.000000,0.000000
compiler/lookup_1024_miss,501,2,148704,0.050005667,2973743,1489845221,0.000000,0.000000
compiler/lookup_1024_miss,501,3,148768,0.050006417,2974978,1490464074,0.000000,0.000000
compiler/lookup_1024_miss,501,4,148384,0.050001584,2967586,1486760579,0.000000,0.000000
compiler/lookup_1024_miss,501,5,148224,0.050007833,2964016,1484971844,0.000000,0.000000
compiler/lookup_1024_miss,501,6,148448,0.050001125,2968893,1487415493,0.000000,0.000000
rust/lookup_1024_miss,501,0,167168,0.050001917,3343232,1674959142,0.000000,0.000000
rust/lookup_1024_miss,501,1,167616,0.050001459,3352222,1679463313,0.000000,0.000000
rust/lookup_1024_miss,501,2,167584,0.050008000,3351144,1678923052,0.000000,0.000000
rust/lookup_1024_miss,501,3,167648,0.050002583,3352787,1679746184,0.000000,0.000000
rust/lookup_1024_miss,501,4,167296,0.050001417,3345825,1676258415,0.000000,0.000000
rust/lookup_1024_miss,501,5,167936,0.050008500,3358149,1682432706,0.000000,0.000000
rust/lookup_1024_miss,501,6,167360,0.050002583,3347027,1676860573,0.000000,0.000000
compiler/varying_lookup_1024,501,0,89408,0.050008375,1787861,895718127,0.000000,0.000000
compiler/varying_lookup_1024,501,1,89280,0.050016709,1785003,894286747,0.000000,0.000000
compiler/varying_lookup_1024,501,2,89376,0.050017125,1786908,895240900,0.000000,0.000000
compiler/varying_lookup_1024,501,3,88896,0.050004916,1777745,890650351,0.000000,0.000000
compiler/varying_lookup_1024,501,4,89152,0.050005958,1782828,893196607,0.000000,0.000000
compiler/varying_lookup_1024,501,5,88864,0.050006084,1777064,890308947,0.000000,0.000000
compiler/varying_lookup_1024,501,6,89216,0.050002542,1784229,893898874,0.000000,0.000000
rust/varying_lookup_1024,501,0,162144,0.050002333,3242729,1624607076,0.000000,0.000000
rust/varying_lookup_1024,501,1,162208,0.050005708,3243790,1625138634,0.000000,0.000000
rust/varying_lookup_1024,501,2,162272,0.050009000,3244856,1625672819,0.000000,0.000000
rust/varying_lookup_1024,501,3,162144,0.050004166,3242610,1624547523,0.000000,0.000000
rust/varying_lookup_1024,501,4,161920,0.050005542,3238041,1622258589,0.000000,0.000000
rust/varying_lookup_1024,501,5,162048,0.050001042,3240892,1623687122,0.000000,0.000000
rust/varying_lookup_1024,501,6,161696,0.050001042,3233853,1620160156,0.000000,0.000000
compiler/bound_lookup_1024,16,0,112576,0.050002750,2251396,36022339,6.000000,536.000000
compiler/bound_lookup_1024,16,1,113024,0.050008083,2260115,36161834,6.000000,536.000000
compiler/bound_lookup_1024,16,2,114112,0.050008875,2281835,36509360,6.000000,536.000000
compiler/bound_lookup_1024,16,3,112896,0.050008500,2257536,36120580,6.000000,536.000000
compiler/bound_lookup_1024,16,4,113120,0.050004000,2262219,36195504,6.000000,536.000000
compiler/bound_lookup_1024,16,5,113536,0.050013750,2270096,36321532,6.000000,536.000000
compiler/bound_lookup_1024,16,6,114016,0.050004625,2280109,36481745,6.000000,536.000000
compile/lookup_1024,0,0,32,0.259087625,124,0,5156.000000,820441.000000
compile/lookup_1024,0,1,32,0.258900583,124,0,5156.000000,820441.000000
compile/lookup_1024,0,2,32,0.259116916,123,0,5156.000000,820441.000000
compile/lookup_1024,0,3,32,0.258913084,124,0,5156.000000,820441.000000
compile/lookup_1024,0,4,32,0.259052666,124,0,5156.000000,820441.000000
compile/lookup_1024,0,5,32,0.258987375,124,0,5156.000000,820441.000000
compile/lookup_1024,0,6,32,0.259081334,124,0,5156.000000,820441.000000
compiler/lookup_4096_hit,501,0,92000,0.050011083,1839592,921635710,0.000000,0.000000
compiler/lookup_4096_hit,501,1,92768,0.050004750,1855184,929447063,0.000000,0.000000
compiler/lookup_4096_hit,501,2,91808,0.050009292,1835819,919745235,0.000000,0.000000
compiler/lookup_4096_hit,501,3,92000,0.050009375,1839655,921667187,0.000000,0.000000
compiler/lookup_4096_hit,501,4,92416,0.050012750,1847849,925772248,0.000000,0.000000
compiler/lookup_4096_hit,501,5,92800,0.050015125,1855439,929574804,0.000000,0.000000
compiler/lookup_4096_hit,501,6,92672,0.050010416,1853054,928380040,0.000000,0.000000
rust/lookup_4096_hit,501,0,165536,0.050002917,3310527,1658573959,0.000000,0.000000
rust/lookup_4096_hit,501,1,165952,0.050000833,3318985,1662811338,0.000000,0.000000
rust/lookup_4096_hit,501,2,166176,0.050004375,3323229,1664937838,0.000000,0.000000
rust/lookup_4096_hit,501,3,165760,0.050004042,3314932,1660780942,0.000000,0.000000
rust/lookup_4096_hit,501,4,166016,0.050004917,3319994,1663316749,0.000000,0.000000
rust/lookup_4096_hit,501,5,166016,0.050005000,3319988,1663313989,0.000000,0.000000
rust/lookup_4096_hit,501,6,166016,0.050002542,3320151,1663395753,0.000000,0.000000
compiler/lookup_4096_miss,501,0,143008,0.050010333,2859569,1432644090,0.000000,0.000000
compiler/lookup_4096_miss,501,1,142720,0.050005583,2854081,1429894738,0.000000,0.000000
compiler/lookup_4096_miss,501,2,143424,0.050002583,2868332,1437034243,0.000000,0.000000
compiler/lookup_4096_miss,501,3,143328,0.050003833,2866340,1436036473,0.000000,0.000000
compiler/lookup_4096_miss,501,4,143360,0.050002209,2867073,1436403740,0.000000,0.000000
compiler/lookup_4096_miss,501,5,143360,0.050006917,2866803,1436268507,0.000000,0.000000
compiler/lookup_4096_miss,501,6,143680,0.050006083,2873250,1439498471,0.000000,0.000000
rust/lookup_4096_miss,501,0,168032,0.050000250,3360623,1683672222,0.000000,0.000000
rust/lookup_4096_miss,501,1,167648,0.050009292,3352337,1679520838,0.000000,0.000000
rust/lookup_4096_miss,501,2,167872,0.050008667,3356858,1681785919,0.000000,0.000000
rust/lookup_4096_miss,501,3,168160,0.050004875,3362872,1684798932,0.000000,0.000000
rust/lookup_4096_miss,501,4,167776,0.050006375,3355092,1680901205,0.000000,0.000000
rust/lookup_4096_miss,501,5,168160,0.050006291,3362777,1684751225,0.000000,0.000000
rust/lookup_4096_miss,501,6,167712,0.050005708,3353857,1680282419,0.000000,0.000000
compiler/varying_lookup_4096,501,0,84320,0.050017750,1685802,844586572,0.000000,0.000000
compiler/varying_lookup_4096,501,1,84256,0.050008959,1684818,844093875,0.000000,0.000000
compiler/varying_lookup_4096,501,2,84160,0.050017666,1682606,842985356,0.000000,0.000000
compiler/varying_lookup_4096,501,3,84288,0.050002125,1685688,844529867,0.000000,0.000000
compiler/varying_lookup_4096,501,4,84032,0.050008000,1680371,841865941,0.000000,0.000000
compiler/varying_lookup_4096,501,5,84064,0.050009833,1680949,842155662,0.000000,0.000000
compiler/varying_lookup_4096,501,6,84000,0.050016417,1679449,841403733,0.000000,0.000000
rust/varying_lookup_4096,501,0,160704,0.050007208,3213617,1610021979,0.000000,0.000000
rust/varying_lookup_4096,501,1,161344,0.050003458,3226657,1616555079,0.000000,0.000000
rust/varying_lookup_4096,501,2,161280,0.050003041,3225404,1615927319,0.000000,0.000000
rust/varying_lookup_4096,501,3,161216,0.050008583,3223767,1615107071,0.000000,0.000000
rust/varying_lookup_4096,501,4,161248,0.050006167,3224562,1615505704,0.000000,0.000000
rust/varying_lookup_4096,501,5,161248,0.050008667,3224401,1615424942,0.000000,0.000000
rust/varying_lookup_4096,501,6,160704,0.050000834,3214026,1610227221,0.000000,0.000000
compiler/bound_lookup_4096,16,0,101536,0.050012959,2030194,32483101,6.000000,536.000000
compiler/bound_lookup_4096,16,1,101696,0.050000459,2033901,32542421,6.000000,536.000000
compiler/bound_lookup_4096,16,2,102304,0.050002167,2045991,32735861,6.000000,536.000000
compiler/bound_lookup_4096,16,3,102624,0.050009084,2052107,32833715,6.000000,536.000000
compiler/bound_lookup_4096,16,4,102048,0.050003666,2040810,32652966,6.000000,536.000000
compiler/bound_lookup_4096,16,5,103744,0.050011041,2074422,33190751,6.000000,536.000000
compiler/bound_lookup_4096,16,6,103968,0.050013292,2078807,33260918,6.000000,536.000000
compile/lookup_4096,0,0,32,3.287493916,10,0,20520.000000,3281113.000000
compile/lookup_4096,0,1,32,3.294881833,10,0,20520.000000,3281113.000000
compile/lookup_4096,0,2,32,3.286249542,10,0,20520.000000,3281113.000000
compile/lookup_4096,0,3,32,3.288439125,10,0,20520.000000,3281113.000000
compile/lookup_4096,0,4,32,3.289731167,10,0,20520.000000,3281113.000000
compile/lookup_4096,0,5,32,3.302722208,10,0,20520.000000,3281113.000000
compile/lookup_4096,0,6,32,3.285601833,10,0,20520.000000,3281113.000000
compiler/constant_scalar,100,0,522176,0.050001042,10443302,1044330236,0.000000,0.000000
compiler/constant_scalar,100,1,518016,0.050000625,10360190,1036019050,0.000000,0.000000
compiler/constant_scalar,100,2,524032,0.050000084,10480622,1048062239,0.000000,0.000000
compiler/constant_scalar,100,3,527424,0.050002083,10548041,1054804057,0.000000,0.000000
compiler/constant_scalar,100,4,528864,0.050001041,10577060,1057705979,0.000000,0.000000
compiler/constant_scalar,100,5,524256,0.050001333,10484840,1048484047,0.000000,0.000000
compiler/constant_scalar,100,6,523424,0.050001542,10468157,1046815716,0.000000,0.000000
compiler/repeated_fields,100,0,261376,0.050003042,5227202,522720198,0.000000,0.000000
compiler/repeated_fields,100,1,271840,0.050002667,5436510,543651002,0.000000,0.000000
compiler/repeated_fields,100,2,271904,0.050001541,5437912,543791240,0.000000,0.000000
compiler/repeated_fields,100,3,271616,0.050000209,5432297,543229729,0.000000,0.000000
compiler/repeated_fields,100,4,272192,0.050005541,5443237,544323678,0.000000,0.000000
compiler/repeated_fields,100,5,270176,0.050002000,5403304,540330387,0.000000,0.000000
compiler/repeated_fields,100,6,273600,0.050005583,5471389,547138906,0.000000,0.000000
compiler/dynamic_leaves,100,0,299040,0.050000167,5980780,598078002,3.000000,152.000000
compiler/dynamic_leaves,100,1,305312,0.050001000,6106118,610611788,3.000000,152.000000
compiler/dynamic_leaves,100,2,300128,0.050001417,6002390,600238989,3.000000,152.000000
compiler/dynamic_leaves,100,3,296192,0.050002875,5923499,592349940,3.000000,152.000000
compiler/dynamic_leaves,100,4,300192,0.050004792,6003265,600326465,3.000000,152.000000
compiler/dynamic_leaves,100,5,303584,0.050003583,6071245,607124493,3.000000,152.000000
compiler/dynamic_leaves,100,6,304672,0.050000834,6093338,609333836,3.000000,152.000000
compiler/filtered_sum,100,0,253152,0.050000500,5062989,506298937,0.000000,0.000000
compiler/filtered_sum,100,1,253824,0.050000666,5076412,507641238,0.000000,0.000000
compiler/filtered_sum,100,2,255488,0.050003125,5109441,510944066,0.000000,0.000000
compiler/filtered_sum,100,3,256576,0.050006042,5130900,513089998,0.000000,0.000000
compiler/filtered_sum,100,4,257696,0.050005666,5153336,515333602,0.000000,0.000000
compiler/filtered_sum,100,5,257696,0.050005792,5153323,515332304,0.000000,0.000000
compiler/filtered_sum,100,6,258208,0.050001667,5163988,516398783,0.000000,0.000000
compiler/invariant_aggregate,100,0,237728,0.050000584,4754504,475450447,0.000000,0.000000
compiler/invariant_aggregate,100,1,237760,0.050002125,4754998,475499791,0.000000,0.000000
compiler/invariant_aggregate,100,2,238528,0.050000500,4770512,477051229,0.000000,0.000000
compiler/invariant_aggregate,100,3,233920,0.050006625,4677780,467778019,0.000000,0.000000
compiler/invariant_aggregate,100,4,240448,0.050000917,4808872,480887181,0.000000,0.000000
compiler/invariant_aggregate,100,5,240224,0.050005167,4803984,480398356,0.000000,0.000000
compiler/invariant_aggregate,100,6,240704,0.050002167,4813871,481387137,0.000000,0.000000
compiler/builtin_reference,100,0,533280,0.050002083,10665156,1066515569,0.000000,0.000000
compiler/builtin_reference,100,1,534144,0.050000417,10682791,1068279091,0.000000,0.000000
compiler/builtin_reference,100,2,526144,0.050001459,10522573,1052257295,0.000000,0.000000
compiler/builtin_reference,100,3,524544,0.050002667,10490320,1049032045,0.000000,0.000000
compiler/builtin_reference,100,4,528256,0.050000834,10564944,1056494378,0.000000,0.000000
compiler/builtin_reference,100,5,527040,0.050001250,10540536,1054053649,0.000000,0.000000
compiler/builtin_reference,100,6,527904,0.050001000,10557869,1055786884,0.000000,0.000000
compiler/static_array,100,0,477824,0.050001875,9556122,955612165,1.000000,16.000000
compiler/static_array,100,1,484928,0.050000708,9698423,969842267,1.000000,16.000000
compiler/static_array,100,2,483456,0.050000958,9668935,966893474,1.000000,16.000000
compiler/static_array,100,3,484544,0.050000917,9690702,969070227,1.000000,16.000000
compiler/static_array,100,4,484000,0.050002625,9679492,967949183,1.000000,16.000000
compiler/static_array,100,5,484384,0.050003084,9687083,968708250,1.000000,16.000000
compiler/static_array,100,6,480800,0.050001000,9615808,961580768,1.000000,16.000000
compiler/constant_membership,100,0,150656,0.050002084,3012994,301299442,1.000000,16.000000
compiler/constant_membership,100,1,151488,0.050007708,3029293,302929300,1.000000,16.000000
compiler/constant_membership,100,2,150592,0.050008500,3011328,301132807,1.000000,16.000000
compiler/constant_membership,100,3,150880,0.050007792,3017130,301712981,1.000000,16.000000
compiler/constant_membership,100,4,151744,0.050002375,3034736,303473585,1.000000,16.000000
compiler/constant_membership,100,5,150528,0.050007500,3010108,301010848,1.000000,16.000000
compiler/constant_membership,100,6,150496,0.050010291,3009301,300930063,1.000000,16.000000
compiler/lookup_record,100,0,205440,0.050006041,4108304,410830363,0.000000,0.000000
compiler/lookup_record,100,1,206400,0.050003500,4127711,412771106,0.000000,0.000000
compiler/lookup_record,100,2,206976,0.050006583,4138975,413897506,0.000000,0.000000
compiler/lookup_record,100,3,207456,0.050002750,4148892,414889181,0.000000,0.000000
compiler/lookup_record,100,4,206688,0.050006167,4133250,413325020,0.000000,0.000000
compiler/lookup_record,100,5,208384,0.050007625,4167045,416704453,0.000000,0.000000
compiler/lookup_record,100,6,206144,0.050000167,4122866,412286623,0.000000,0.000000
rust/repeated_fields,100,0,414016,0.050000875,8280175,828017510,0.000000,0.000000
rust/repeated_fields,100,1,421984,0.050001417,8439441,843944083,0.000000,0.000000
rust/repeated_fields,100,2,420960,0.050002875,8418716,841871592,0.000000,0.000000
rust/repeated_fields,100,3,421728,0.050001000,8434391,843439131,0.000000,0.000000
rust/repeated_fields,100,4,423552,0.050003209,8470496,847049636,0.000000,0.000000
rust/repeated_fields,100,5,420320,0.050003792,8405763,840576251,0.000000,0.000000
rust/repeated_fields,100,6,422176,0.050000917,8443365,844336515,0.000000,0.000000
compiler/constant_scalar,500,0,160608,0.050000834,3212106,1606053211,0.000000,0.000000
compiler/constant_scalar,500,1,160832,0.050006167,3216243,1608121654,0.000000,0.000000
compiler/constant_scalar,500,2,160320,0.050009167,3205812,1602906123,0.000000,0.000000
compiler/constant_scalar,500,3,160800,0.050007334,3215528,1607764173,0.000000,0.000000
compiler/constant_scalar,500,4,160032,0.050002917,3200453,1600226643,0.000000,0.000000
compiler/constant_scalar,500,5,160544,0.050000583,3210843,1605421281,0.000000,0.000000
compiler/constant_scalar,500,6,160320,0.050012958,3205569,1602784622,0.000000,0.000000
compiler/repeated_fields,500,0,126400,0.050010000,2527495,1263747251,0.000000,0.000000
compiler/repeated_fields,500,1,126784,0.050010125,2535167,1267583314,0.000000,0.000000
compiler/repeated_fields,500,2,127424,0.050000125,2548474,1274236814,0.000000,0.000000
compiler/repeated_fields,500,3,125760,0.050001167,2515141,1257570648,0.000000,0.000000
compiler/repeated_fields,500,4,126880,0.050006375,2537276,1268638249,0.000000,0.000000
compiler/repeated_fields,500,5,127104,0.050012334,2541453,1270726537,0.000000,0.000000
compiler/repeated_fields,500,6,127264,0.050003500,2545102,1272550921,0.000000,0.000000
compiler/dynamic_leaves,500,0,129696,0.050004458,2593689,1296844373,3.000000,152.000000
compiler/dynamic_leaves,500,1,130848,0.050007125,2616587,1308293568,3.000000,152.000000
compiler/dynamic_leaves,500,2,129920,0.050011333,2597811,1298905590,3.000000,152.000000
compiler/dynamic_leaves,500,3,131360,0.050002125,2627088,1313544174,3.000000,152.000000
compiler/dynamic_leaves,500,4,131200,0.050008125,2623574,1311786835,3.000000,152.000000
compiler/dynamic_leaves,500,5,131584,0.050002042,2631573,1315786263,3.000000,152.000000
compiler/dynamic_leaves,500,6,131584,0.050009333,2631189,1315594431,3.000000,152.000000
compiler/filtered_sum,500,0,121568,0.050005958,2431070,1215535157,0.000000,0.000000
compiler/filtered_sum,500,1,122144,0.050001208,2442821,1221410491,0.000000,0.000000
compiler/filtered_sum,500,2,122400,0.050012583,2447384,1223692046,0.000000,0.000000
compiler/filtered_sum,500,3,122016,0.050009959,2439834,1219917017,0.000000,0.000000
compiler/filtered_sum,500,4,121888,0.050000209,2437750,1218874905,0.000000,0.000000
compiler/filtered_sum,500,5,122592,0.050010208,2451340,1225669767,0.000000,0.000000
compiler/filtered_sum,500,6,123328,0.050012583,2465939,1232969711,0.000000,0.000000
compiler/invariant_aggregate,500,0,78624,0.050015542,1571991,785995681,0.000000,0.000000
compiler/invariant_aggregate,500,1,78496,0.050016084,1569415,784707575,0.000000,0.000000
compiler/invariant_aggregate,500,2,78560,0.050010000,1570886,785442911,0.000000,0.000000
compiler/invariant_aggregate,500,3,78624,0.050011667,1572113,786056582,0.000000,0.000000
compiler/invariant_aggregate,500,4,78368,0.050009125,1567074,783537004,0.000000,0.000000
compiler/invariant_aggregate,500,5,78592,0.050000084,1571837,785918680,0.000000,0.000000
compiler/invariant_aggregate,500,6,78432,0.050016375,1568126,784063219,0.000000,0.000000
compiler/builtin_reference,500,0,160032,0.050009625,3200024,1600011998,0.000000,0.000000
compiler/builtin_reference,500,1,160224,0.050006500,3204063,1602031736,0.000000,0.000000
compiler/builtin_reference,500,2,160736,0.050006333,3214313,1607156438,0.000000,0.000000
compiler/builtin_reference,500,3,160768,0.050002792,3215180,1607590232,0.000000,0.000000
compiler/builtin_reference,500,4,160704,0.050005375,3213735,1606867262,0.000000,0.000000
compiler/builtin_reference,500,5,161024,0.050004000,3220222,1610111191,0.000000,0.000000
compiler/builtin_reference,500,6,160608,0.050003667,3211924,1605962219,0.000000,0.000000
compiler/static_array,500,0,155712,0.050002416,3114090,1557044764,1.000000,16.000000
compiler/static_array,500,1,156192,0.050001292,3123759,1561879641,1.000000,16.000000
compiler/static_array,500,2,155936,0.050005209,3118395,1559197563,1.000000,16.000000
compiler/static_array,500,3,156128,0.050005083,3122243,1561121296,1.000000,16.000000
compiler/static_array,500,4,154656,0.050007958,3092628,1546313889,1.000000,16.000000
compiler/static_array,500,5,155616,0.050008958,3111762,1555881248,1.000000,16.000000
compiler/static_array,500,6,155136,0.050003417,3102508,1551253987,1.000000,16.000000
compiler/constant_membership,500,0,65952,0.050005041,1318907,659453514,1.000000,16.000000
compiler/constant_membership,500,1,66304,0.050013042,1325734,662867098,1.000000,16.000000
compiler/constant_membership,500,2,66336,0.050001000,1326693,663346733,1.000000,16.000000
compiler/constant_membership,500,3,65824,0.050002542,1316413,658206537,1.000000,16.000000
compiler/constant_membership,500,4,65408,0.050008459,1307939,653969361,1.000000,16.000000
compiler/constant_membership,500,5,65888,0.050020125,1317230,658614907,1.000000,16.000000
compiler/constant_membership,500,6,66016,0.050007209,1320130,660064832,1.000000,16.000000
compiler/lookup_record,500,0,109280,0.050005375,2185365,1092682537,0.000000,0.000000
compiler/lookup_record,500,1,109568,0.050012542,2190810,1095405229,0.000000,0.000000
compiler/lookup_record,500,2,109216,0.050003375,2184173,1092086284,0.000000,0.000000
compiler/lookup_record,500,3,109664,0.050003459,2193128,1096564140,0.000000,0.000000
compiler/lookup_record,500,4,109632,0.050011750,2192125,1096062425,0.000000,0.000000
compiler/lookup_record,500,5,109760,0.050012459,2194653,1097326568,0.000000,0.000000
compiler/lookup_record,500,6,109664,0.050006125,2193011,1096505678,0.000000,0.000000
rust/repeated_fields,500,0,147072,0.050005083,2941141,1470570502,0.000000,0.000000
rust/repeated_fields,500,1,147648,0.050007084,2952542,1476270842,0.000000,0.000000
rust/repeated_fields,500,2,147936,0.050002167,2958592,1479295887,0.000000,0.000000
rust/repeated_fields,500,3,147840,0.050006041,2956443,1478221401,0.000000,0.000000
rust/repeated_fields,500,4,147584,0.050007084,2951262,1475630933,0.000000,0.000000
rust/repeated_fields,500,5,146944,0.050006875,2938476,1469237980,0.000000,0.000000
rust/repeated_fields,500,6,149120,0.050007500,2981953,1490976354,0.000000,0.000000
compiler/constant_scalar,1024,0,85600,0.050008834,1711698,1752778319,0.000000,0.000000
compiler/constant_scalar,1024,1,85856,0.050010458,1716761,1757963184,0.000000,0.000000
compiler/constant_scalar,1024,2,85632,0.050007500,1712383,1753480338,0.000000,0.000000
compiler/constant_scalar,1024,3,85728,0.050001542,1714507,1755655296,0.000000,0.000000
compiler/constant_scalar,1024,4,85568,0.050015500,1710830,1751889554,0.000000,0.000000
compiler/constant_scalar,1024,5,85728,0.050007750,1714294,1755437347,0.000000,0.000000
compiler/constant_scalar,1024,6,85760,0.050007375,1714947,1756105774,0.000000,0.000000
compiler/repeated_fields,1024,0,73536,0.050013167,1470333,1505620790,0.000000,0.000000
compiler/repeated_fields,1024,1,73984,0.050008125,1479440,1514946141,0.000000,0.000000
compiler/repeated_fields,1024,2,74528,0.050012833,1490178,1525941792,0.000000,0.000000
compiler/repeated_fields,1024,3,74368,0.050001417,1487318,1523013478,0.000000,0.000000
compiler/repeated_fields,1024,4,75232,0.050007958,1504401,1540506173,0.000000,0.000000
compiler/repeated_fields,1024,5,75072,0.050013375,1501038,1537063396,0.000000,0.000000
compiler/repeated_fields,1024,6,75200,0.050003833,1503885,1539977945,0.000000,0.000000
compiler/dynamic_leaves,1024,0,76320,0.050005792,1526223,1562852559,3.000000,152.000000
compiler/dynamic_leaves,1024,1,76544,0.050014875,1530425,1567154891,3.000000,152.000000
compiler/dynamic_leaves,1024,2,76416,0.050001000,1528289,1564968381,3.000000,152.000000
compiler/dynamic_leaves,1024,3,76512,0.050012458,1529859,1566575432,3.000000,152.000000
compiler/dynamic_leaves,1024,4,76288,0.050001250,1525722,1562339182,3.000000,152.000000
compiler/dynamic_leaves,1024,5,76480,0.050005083,1529445,1566151185,3.000000,152.000000
compiler/dynamic_leaves,1024,6,76416,0.050016250,1527823,1564491220,3.000000,152.000000
compiler/filtered_sum,1024,0,73760,0.050013334,1474807,1510202059,0.000000,0.000000
compiler/filtered_sum,1024,1,73440,0.050007750,1468572,1503818108,0.000000,0.000000
compiler/filtered_sum,1024,2,73184,0.050021333,1463056,1498169111,0.000000,0.000000
compiler/filtered_sum,1024,3,73024,0.050003375,1460381,1495430578,0.000000,0.000000
compiler/filtered_sum,1024,4,73152,0.050004834,1462899,1498008133,0.000000,0.000000
compiler/filtered_sum,1024,5,73344,0.050003000,1466792,1501995000,0.000000,0.000000
compiler/filtered_sum,1024,6,73664,0.050016750,1472787,1508133495,0.000000,0.000000
compiler/invariant_aggregate,1024,0,42560,0.050009875,851032,871456687,0.000000,0.000000
compiler/invariant_aggregate,1024,1,42688,0.050013667,853527,874011338,0.000000,0.000000
compiler/invariant_aggregate,1024,2,42688,0.050017750,853457,873939991,0.000000,0.000000
compiler/invariant_aggregate,1024,3,42592,0.050025083,851413,871846789,0.000000,0.000000
compiler/invariant_aggregate,1024,4,42720,0.050030167,853885,874378053,0.000000,0.000000
compiler/invariant_aggregate,1024,5,42784,0.050007708,855548,876081263,0.000000,0.000000
compiler/invariant_aggregate,1024,6,42688,0.050030042,853247,873725271,0.000000,0.000000
compiler/builtin_reference,1024,0,85728,0.050008208,1714279,1755421270,0.000000,0.000000
compiler/builtin_reference,1024,1,85664,0.050002791,1713184,1754300795,0.000000,0.000000
compiler/builtin_reference,1024,2,85984,0.050008000,1719405,1760670613,0.000000,0.000000
compiler/builtin_reference,1024,3,85408,0.050016959,1707581,1748562762,0.000000,0.000000
compiler/builtin_reference,1024,4,86016,0.050004500,1720165,1761449150,0.000000,0.000000
compiler/builtin_reference,1024,5,85344,0.050001708,1706822,1747785416,0.000000,0.000000
compiler/builtin_reference,1024,6,85856,0.050017917,1716505,1757701025,0.000000,0.000000
compiler/static_array,1024,0,84160,0.050014958,1682697,1723081323,1.000000,16.000000
compiler/static_array,1024,1,84416,0.050015208,1687807,1728313996,1.000000,16.000000
compiler/static_array,1024,2,84288,0.050006125,1685554,1726006804,1.000000,16.000000
compiler/static_array,1024,3,84416,0.050012209,1687908,1728417635,1.000000,16.000000
compiler/static_array,1024,4,84224,0.050009084,1684174,1724594196,1.000000,16.000000
compiler/static_array,1024,5,84320,0.050004708,1686241,1726711013,1.000000,16.000000
compiler/static_array,1024,6,84672,0.050001833,1693378,1734018991,1.000000,16.000000
compiler/constant_membership,1024,0,38560,0.050001958,771170,789677876,1.000000,16.000000
compiler/constant_membership,1024,1,38688,0.050010250,773601,792167846,1.000000,16.000000
compiler/constant_membership,1024,2,38720,0.050020750,774079,792656647,1.000000,16.000000
compiler/constant_membership,1024,3,38528,0.050015250,770325,788812852,1.000000,16.000000
compiler/constant_membership,1024,4,38720,0.050000083,774399,792984284,1.000000,16.000000
compiler/constant_membership,1024,5,38880,0.050016042,777351,796007009,1.000000,16.000000
compiler/constant_membership,1024,6,38624,0.050012500,772287,790821815,1.000000,16.000000
compiler/lookup_record,1024,0,68704,0.050005834,1373920,1406893764,0.000000,0.000000
compiler/lookup_record,1024,1,68896,0.050005917,1377757,1410823123,0.000000,0.000000
compiler/lookup_record,1024,2,68576,0.050003958,1371411,1404325314,0.000000,0.000000
compiler/lookup_record,1024,3,68768,0.050012000,1375030,1408030713,0.000000,0.000000
compiler/lookup_record,1024,4,68800,0.050007916,1375782,1408800959,0.000000,0.000000
compiler/lookup_record,1024,5,68704,0.050004584,1373954,1406928933,0.000000,0.000000
compiler/lookup_record,1024,6,68576,0.050006917,1371330,1404242217,0.000000,0.000000
rust/repeated_fields,1024,0,81472,0.050013375,1629004,1668100343,0.000000,0.000000
rust/repeated_fields,1024,1,81024,0.050017291,1619920,1658797875,0.000000,0.000000
rust/repeated_fields,1024,2,81152,0.050018500,1622440,1661378250,0.000000,0.000000
rust/repeated_fields,1024,3,81568,0.050008208,1631092,1670238454,0.000000,0.000000
rust/repeated_fields,1024,4,81664,0.050005625,1633096,1672290587,0.000000,0.000000
rust/repeated_fields,1024,5,81504,0.050003625,1629962,1669080912,0.000000,0.000000
rust/repeated_fields,1024,6,81376,0.050011750,1627138,1666188926,0.000000,0.000000
compiler/constant_scalar,10240,0,9376,0.050113459,187095,1915857375,0.000000,0.000000
compiler/constant_scalar,10240,1,9376,0.050092500,187174,1916658981,0.000000,0.000000
compiler/constant_scalar,10240,2,9376,0.050133417,187021,1915094676,0.000000,0.000000
compiler/constant_scalar,10240,3,9376,0.050050875,187329,1918252978,0.000000,0.000000
compiler/constant_scalar,10240,4,9376,0.050168959,186888,1913737935,0.000000,0.000000
compiler/constant_scalar,10240,5,9376,0.050134042,187019,1915070802,0.000000,0.000000
compiler/constant_scalar,10240,6,9408,0.050093250,187810,1923171685,0.000000,0.000000
compiler/repeated_fields,10240,0,9216,0.050021792,184240,1886614538,0.000000,0.000000
compiler/repeated_fields,10240,1,9216,0.050047167,184146,1885657983,0.000000,0.000000
compiler/repeated_fields,10240,2,9216,0.050074167,184047,1884641236,0.000000,0.000000
compiler/repeated_fields,10240,3,9216,0.050022625,184237,1886583121,0.000000,0.000000
compiler/repeated_fields,10240,4,9184,0.050077583,183395,1877969230,0.000000,0.000000
compiler/repeated_fields,10240,5,9216,0.050029750,184210,1886314443,0.000000,0.000000
compiler/repeated_fields,10240,6,9216,0.050078208,184032,1884489157,0.000000,0.000000
compiler/dynamic_leaves,10240,0,9216,0.050036125,184187,1886074111,3.000000,152.000000
compiler/dynamic_leaves,10240,1,9248,0.050073041,184690,1891227657,3.000000,152.000000
compiler/dynamic_leaves,10240,2,9248,0.050135708,184459,1888863722,3.000000,152.000000
compiler/dynamic_leaves,10240,3,9248,0.050073750,184688,1891200879,3.000000,152.000000
compiler/dynamic_leaves,10240,4,9248,0.050152167,184399,1888243832,3.000000,152.000000
compiler/dynamic_leaves,10240,5,9248,0.050082958,184654,1890853172,3.000000,152.000000
compiler/dynamic_leaves,10240,6,9216,0.050069833,184063,1884804369,3.000000,152.000000
compiler/filtered_sum,10240,0,9184,0.050003458,183667,1880753127,0.000000,0.000000
compiler/filtered_sum,10240,1,9184,0.050160042,183094,1874882003,0.000000,0.000000
compiler/filtered_sum,10240,2,9216,0.050163417,183720,1881288111,0.000000,0.000000
compiler/filtered_sum,10240,3,9184,0.050097125,183324,1877236668,0.000000,0.000000
compiler/filtered_sum,10240,4,9184,0.050033333,183558,1879630126,0.000000,0.000000
compiler/filtered_sum,10240,5,9152,0.050064125,182806,1871928851,0.000000,0.000000
compiler/filtered_sum,10240,6,9184,0.050095917,183328,1877281935,0.000000,0.000000
compiler/invariant_aggregate,10240,0,4768,0.050181083,95016,972962660,0.000000,0.000000
compiler/invariant_aggregate,10240,1,4768,0.050111500,95148,974313680,0.000000,0.000000
compiler/invariant_aggregate,10240,2,4768,0.050151917,95071,973528489,0.000000,0.000000
compiler/invariant_aggregate,10240,3,4768,0.050117541,95136,974196240,0.000000,0.000000
compiler/invariant_aggregate,10240,4,4768,0.050185958,95007,972868148,0.000000,0.000000
compiler/invariant_aggregate,10240,5,4768,0.050194833,94990,972696134,0.000000,0.000000
compiler/invariant_aggregate,10240,6,4768,0.050171000,95035,973158199,0.000000,0.000000
compiler/builtin_reference,10240,0,9376,0.050057208,187306,1918010289,0.000000,0.000000
compiler/builtin_reference,10240,1,9344,0.050128708,186400,1908737803,0.000000,0.000000
compiler/builtin_reference,10240,2,9376,0.050021792,187438,1919368263,0.000000,0.000000
compiler/builtin_reference,10240,3,9376,0.050156792,186934,1914202168,0.000000,0.000000
compiler/builtin_reference,10240,4,9376,0.050031584,187402,1918992611,0.000000,0.000000
compiler/builtin_reference,10240,5,9376,0.050077166,187231,1917245876,0.000000,0.000000
compiler/builtin_reference,10240,6,9344,0.050067708,186627,1911063315,0.000000,0.000000
compiler/static_array,10240,0,9376,0.050162625,186912,1913979581,1.000000,16.000000
compiler/static_array,10240,1,9344,0.050147125,186332,1908036802,1.000000,16.000000
compiler/static_array,10240,2,9344,0.050015833,186821,1913045415,1.000000,16.000000
compiler/static_array,10240,3,9344,0.050136833,186370,1908428480,1.000000,16.000000
compiler/static_array,10240,4,9344,0.050018625,186810,1912938630,1.000000,16.000000
compiler/static_array,10240,5,9344,0.050127000,186407,1908802841,1.000000,16.000000
compiler/static_array,10240,6,9376,0.050172083,186877,1913618775,1.000000,16.000000
compiler/constant_membership,10240,0,4704,0.050074750,93940,961941098,1.000000,16.000000
compiler/constant_membership,10240,1,4704,0.050112583,93869,961214871,1.000000,16.000000
compiler/constant_membership,10240,2,4704,0.050055166,93976,962317456,1.000000,16.000000
compiler/constant_membership,10240,3,4704,0.050093333,93905,961584249,1.000000,16.000000
compiler/constant_membership,10240,4,4704,0.050062375,93963,962178882,1.000000,16.000000
compiler/constant_membership,10240,5,4704,0.050106791,93879,961325981,1.000000,16.000000
compiler/constant_membership,10240,6,4704,0.050022042,94039,962954691,1.000000,16.000000
compiler/lookup_record,10240,0,9088,0.050005333,181741,1861023903,0.000000,0.000000
compiler/lookup_record,10240,1,9120,0.050076708,182121,1864914922,0.000000,0.000000
compiler/lookup_record,10240,2,9088,0.050053750,181565,1859223734,0.000000,0.000000
compiler/lookup_record,10240,3,9120,0.050090958,182069,1864384386,0.000000,0.000000
compiler/lookup_record,10240,4,9120,0.050152500,181845,1862096605,0.000000,0.000000
compiler/lookup_record,10240,5,9120,0.050019209,182330,1867058713,0.000000,0.000000
compiler/lookup_record,10240,6,9120,0.050121375,181958,1863252953,0.000000,0.000000
rust/repeated_fields,10240,0,9312,0.050051292,186049,1905143228,0.000000,0.000000
rust/repeated_fields,10240,1,9312,0.050142041,185712,1901695226,0.000000,0.000000
rust/repeated_fields,10240,2,9312,0.050054500,186037,1905021127,0.000000,0.000000
rust/repeated_fields,10240,3,9280,0.050009292,185566,1900190869,0.000000,0.000000
rust/repeated_fields,10240,4,9312,0.050102167,185860,1903208698,0.000000,0.000000
rust/repeated_fields,10240,5,9280,0.050063625,185364,1898128631,0.000000,0.000000
rust/repeated_fields,10240,6,9344,0.050154125,186306,1907770497,0.000000,0.000000
compiler/constant_scalar,1048576,0,96,0.051730792,1856,1945906724,0.000000,0.000000
compiler/constant_scalar,1048576,1,96,0.051825458,1852,1942352270,0.000000,0.000000
compiler/constant_scalar,1048576,2,96,0.051766042,1854,1944581662,0.000000,0.000000
compiler/constant_scalar,1048576,3,96,0.051717833,1856,1946394312,0.000000,0.000000
compiler/constant_scalar,1048576,4,96,0.051813791,1853,1942789633,0.000000,0.000000
compiler/constant_scalar,1048576,5,96,0.051760708,1855,1944782054,0.000000,0.000000
compiler/constant_scalar,1048576,6,96,0.051922083,1849,1938737627,0.000000,0.000000
compiler/repeated_fields,1048576,0,96,0.051653875,1859,1948804344,0.000000,0.000000
compiler/repeated_fields,1048576,1,96,0.051813250,1853,1942809918,0.000000,0.000000
compiler/repeated_fields,1048576,2,96,0.051761625,1855,1944747600,0.000000,0.000000
compiler/repeated_fields,1048576,3,96,0.051796459,1853,1943439724,0.000000,0.000000
compiler/repeated_fields,1048576,4,96,0.051761000,1855,1944771082,0.000000,0.000000
compiler/repeated_fields,1048576,5,96,0.051794542,1853,1943511654,0.000000,0.000000
compiler/repeated_fields,1048576,6,96,0.051774708,1854,1944256180,0.000000,0.000000
compiler/dynamic_leaves,1048576,0,96,0.051795750,1853,1943466327,3.000000,152.000000
compiler/dynamic_leaves,1048576,1,96,0.051822917,1852,1942447508,3.000000,152.000000
compiler/dynamic_leaves,1048576,2,96,0.051747208,1855,1945289415,3.000000,152.000000
compiler/dynamic_leaves,1048576,3,96,0.051942500,1848,1937975569,3.000000,152.000000
compiler/dynamic_leaves,1048576,4,96,0.051749917,1855,1945187584,3.000000,152.000000
compiler/dynamic_leaves,1048576,5,96,0.051830083,1852,1942178947,3.000000,152.000000
compiler/dynamic_leaves,1048576,6,96,0.051670417,1858,1948180445,3.000000,152.000000
compiler/filtered_sum,1048576,0,96,0.051803667,1853,1943169313,0.000000,0.000000
compiler/filtered_sum,1048576,1,96,0.051830250,1852,1942172689,0.000000,0.000000
compiler/filtered_sum,1048576,2,96,0.051733750,1856,1945795462,0.000000,0.000000
compiler/filtered_sum,1048576,3,96,0.051854416,1851,1941267567,0.000000,0.000000
compiler/filtered_sum,1048576,4,96,0.051792667,1854,1943582013,0.000000,0.000000
compiler/filtered_sum,1048576,5,96,0.051569750,1862,1951983401,0.000000,0.000000
compiler/filtered_sum,1048576,6,96,0.051775875,1854,1944212358,0.000000,0.000000
compiler/invariant_aggregate,1048576,0,64,0.067901792,943,988322429,0.000000,0.000000
compiler/invariant_aggregate,1048576,1,64,0.067780583,944,990089802,0.000000,0.000000
compiler/invariant_aggregate,1048576,2,64,0.067858958,943,988946279,0.000000,0.000000
compiler/invariant_aggregate,1048576,3,64,0.067845583,943,989141239,0.000000,0.000000
compiler/invariant_aggregate,1048576,4,64,0.067879250,943,988650641,0.000000,0.000000
compiler/invariant_aggregate,1048576,5,64,0.067706041,945,991179856,0.000000,0.000000
compiler/invariant_aggregate,1048576,6,64,0.067906750,942,988250270,0.000000,0.000000
compiler/builtin_reference,1048576,0,96,0.051793208,1854,1943561712,0.000000,0.000000
compiler/builtin_reference,1048576,1,96,0.051790708,1854,1943655530,0.000000,0.000000
compiler/builtin_reference,1048576,2,96,0.051780167,1854,1944051204,0.000000,0.000000
compiler/builtin_reference,1048576,3,96,0.051719167,1856,1946344109,0.000000,0.000000
compiler/builtin_reference,1048576,4,96,0.051648292,1859,1949015003,0.000000,0.000000
compiler/builtin_reference,1048576,5,96,0.051767917,1854,1944511231,0.000000,0.000000
compiler/builtin_reference,1048576,6,96,0.051793083,1854,1943566402,0.000000,0.000000
compiler/static_array,1048576,0,96,0.051868167,1851,1940752909,1.000000,16.000000
compiler/static_array,1048576,1,96,0.051802833,1853,1943200597,1.000000,16.000000
compiler/static_array,1048576,2,96,0.051813583,1853,1942797432,1.000000,16.000000
compiler/static_array,1048576,3,96,0.051764250,1855,1944648981,1.000000,16.000000
compiler/static_array,1048576,4,96,0.051798625,1853,1943358458,1.000000,16.000000
compiler/static_array,1048576,5,96,0.051803917,1853,1943159935,1.000000,16.000000
compiler/static_array,1048576,6,96,0.051554291,1862,1952568720,1.000000,16.000000
compiler/constant_membership,1048576,0,64,0.067902000,943,988319401,1.000000,16.000000
compiler/constant_membership,1048576,1,64,0.067845083,943,989148528,1.000000,16.000000
compiler/constant_membership,1048576,2,64,0.067997166,941,986936191,1.000000,16.000000
compiler/constant_membership,1048576,3,64,0.067826667,944,989417098,1.000000,16.000000
compiler/constant_membership,1048576,4,64,0.067886500,943,988545057,1.000000,16.000000
compiler/constant_membership,1048576,5,64,0.067812583,944,989622590,1.000000,16.000000
compiler/constant_membership,1048576,6,64,0.067930333,942,987907184,1.000000,16.000000
compiler/lookup_record,1048576,0,96,0.051798833,1853,1943350654,0.000000,0.000000
compiler/lookup_record,1048576,1,96,0.051755417,1855,1944980870,0.000000,0.000000
compiler/lookup_record,1048576,2,96,0.051822750,1852,1942453768,0.000000,0.000000
compiler/lookup_record,1048576,3,96,0.051975084,1847,1936760622,0.000000,0.000000
compiler/lookup_record,1048576,4,96,0.051761458,1855,1944753875,0.000000,0.000000
compiler/lookup_record,1048576,5,96,0.051840375,1852,1941793361,0.000000,0.000000
compiler/lookup_record,1048576,6,96,0.051731917,1856,1945864407,0.000000,0.000000
rust/repeated_fields,1048576,0,96,0.051647958,1859,1949027607,0.000000,0.000000
rust/repeated_fields,1048576,1,96,0.051764542,1855,1944638011,0.000000,0.000000
rust/repeated_fields,1048576,2,96,0.051763542,1855,1944675579,0.000000,0.000000
rust/repeated_fields,1048576,3,96,0.051817708,1853,1942642774,0.000000,0.000000
rust/repeated_fields,1048576,4,96,0.051802334,1853,1943219315,0.000000,0.000000
rust/repeated_fields,1048576,5,96,0.051863250,1851,1940936906,0.000000,0.000000
rust/repeated_fields,1048576,6,96,0.051803459,1853,1943177115,0.000000,0.000000
compile/execution,0,0,14624,0.050081000,292007,0,132.000000,8000.000000
compile/execution,0,1,14656,0.050037375,292901,0,132.000000,8000.000000
compile/execution,0,2,14688,0.050071625,293340,0,132.000000,8000.000000
compile/execution,0,3,14688,0.050047917,293479,0,132.000000,8000.000000
compile/execution,0,4,14784,0.050025417,295530,0,132.000000,8000.000000
compile/execution,0,5,14784,0.050002750,295664,0,132.000000,8000.000000
compile/execution,0,6,14784,0.050019875,295563,0,132.000000,8000.000000
execution/arithmetic,100,0,313472,0.050004000,6268938,626893848,0.000000,0.000000
execution/arithmetic,100,1,317888,0.050001042,6357628,635762751,0.000000,0.000000
execution/arithmetic,100,2,319136,0.050000125,6382704,638270404,0.000000,0.000000
execution/arithmetic,100,3,315968,0.050003208,6318955,631895458,0.000000,0.000000
execution/arithmetic,100,4,320224,0.050003334,6404053,640405298,0.000000,0.000000
execution/arithmetic,100,5,320640,0.050004667,6412201,641220149,0.000000,0.000000
execution/arithmetic,100,6,321152,0.050002958,6422660,642266004,0.000000,0.000000
execution/comparison,100,0,306464,0.050000500,6129219,612921871,0.000000,0.000000
execution/comparison,100,1,310368,0.050002833,6207008,620700831,0.000000,0.000000
execution/comparison,100,2,308544,0.050001375,6170710,617071031,0.000000,0.000000
execution/comparison,100,3,308576,0.050001416,6171345,617134523,0.000000,0.000000
execution/comparison,100,4,308000,0.050001375,6159831,615983060,0.000000,0.000000
execution/comparison,100,5,309856,0.050003584,6196676,619667582,0.000000,0.000000
execution/comparison,100,6,307424,0.050003667,6148029,614802910,0.000000,0.000000
execution/conditional,100,0,307872,0.050003875,6156963,615696284,0.000000,0.000000
execution/conditional,100,1,309888,0.050001416,6197584,619758448,0.000000,0.000000
execution/conditional,100,2,310560,0.050003125,6210812,621081182,0.000000,0.000000
execution/conditional,100,3,312512,0.050001250,6250084,625008375,0.000000,0.000000
execution/conditional,100,4,312160,0.050004708,6242612,624261220,0.000000,0.000000
execution/conditional,100,5,311744,0.050001459,6234698,623469807,0.000000,0.000000
execution/conditional,100,6,312288,0.050001459,6245578,624557775,0.000000,0.000000
execution/constructor,100,0,256064,0.050001041,5121173,512117338,3.000000,152.000000
execution/constructor,100,1,258720,0.050006083,5173771,517377056,3.000000,152.000000
execution/constructor,100,2,257568,0.050002750,5151077,515107669,3.000000,152.000000
execution/constructor,100,3,260160,0.050002708,5202918,520291821,3.000000,152.000000
execution/constructor,100,4,260672,0.050004208,5213001,521300127,3.000000,152.000000
execution/constructor,100,5,259680,0.050001417,5193453,519345282,3.000000,152.000000
execution/constructor,100,6,261472,0.050003708,5229052,522905221,3.000000,152.000000
rust/execution_arithmetic,100,0,484608,0.050000542,9692055,969205494,0.000000,0.000000
rust/execution_arithmetic,100,1,489600,0.050000625,9791878,979187760,0.000000,0.000000
rust/execution_arithmetic,100,2,492672,0.050002500,9852947,985294735,0.000000,0.000000
rust/execution_arithmetic,100,3,492832,0.050002125,9856221,985622111,0.000000,0.000000
rust/execution_arithmetic,100,4,483104,0.050002667,9661565,966156465,0.000000,0.000000
rust/execution_arithmetic,100,5,484672,0.050001292,9693190,969318953,0.000000,0.000000
rust/execution_arithmetic,100,6,488768,0.050003125,9774749,977474908,0.000000,0.000000
rust/execution_constructor,100,0,485120,0.050002958,9701826,970182604,0.000000,0.000000
rust/execution_constructor,100,1,486688,0.050001250,9733517,973351666,0.000000,0.000000
rust/execution_constructor,100,2,485440,0.050002333,9708347,970834701,0.000000,0.000000
rust/execution_constructor,100,3,488128,0.050001291,9762308,976230794,0.000000,0.000000
rust/execution_constructor,100,4,485888,0.050002625,9717250,971724984,0.000000,0.000000
rust/execution_constructor,100,5,487648,0.050000166,9752928,975292762,0.000000,0.000000
rust/execution_constructor,100,6,484192,0.050001417,9683566,968356557,0.000000,0.000000
execution/arithmetic,500,0,136544,0.050002583,2730739,1365369465,0.000000,0.000000
execution/arithmetic,500,1,136480,0.050001417,2729523,1364761323,0.000000,0.000000
execution/arithmetic,500,2,136416,0.050001166,2728256,1364128189,0.000000,0.000000
execution/arithmetic,500,3,135808,0.050003625,2715963,1357981546,0.000000,0.000000
execution/arithmetic,500,4,136416,0.050011000,2727720,1363859951,0.000000,0.000000
execution/arithmetic,500,5,136192,0.050010167,2723286,1361643123,0.000000,0.000000
execution/arithmetic,500,6,136288,0.050002084,2725646,1362823198,0.000000,0.000000
execution/comparison,500,0,133472,0.050011500,2668826,1334413085,0.000000,0.000000
execution/comparison,500,1,134848,0.050007208,2696571,1348285631,0.000000,0.000000
execution/comparison,500,2,134464,0.050004792,2689022,1344511142,0.000000,0.000000
execution/comparison,500,3,134560,0.050010458,2690637,1345318613,0.000000,0.000000
execution/comparison,500,4,134272,0.050003792,2685236,1342618176,0.000000,0.000000
execution/comparison,500,5,134528,0.050001625,2690473,1345236280,0.000000,0.000000
execution/comparison,500,6,133760,0.050009541,2674690,1337344808,0.000000,0.000000
execution/conditional,500,0,134464,0.050003125,2689112,1344555965,0.000000,0.000000
execution/conditional,500,1,134528,0.050009084,2690071,1345035634,0.000000,0.000000
execution/conditional,500,2,134592,0.050010000,2691302,1345650870,0.000000,0.000000
execution/conditional,500,3,134464,0.050004875,2689018,1344508910,0.000000,0.000000
execution/conditional,500,4,133504,0.050011666,2669457,1334728581,0.000000,0.000000
execution/conditional,500,5,134272,0.050010584,2684872,1342435833,0.000000,0.000000
execution/conditional,500,6,134304,0.050007167,2685695,1342847516,0.000000,0.000000
execution/constructor,500,0,122496,0.050012750,2449295,1224647715,3.000000,152.000000
execution/constructor,500,1,122848,0.050009625,2456487,1228243563,3.000000,152.000000
execution/constructor,500,2,123424,0.050001000,2468431,1234215316,3.000000,152.000000
execution/constructor,500,3,123520,0.050001916,2470305,1235152669,3.000000,152.000000
execution/constructor,500,4,123744,0.050007916,2474488,1237244120,3.000000,152.000000
execution/constructor,500,5,123904,0.050005417,2477812,1238905777,3.000000,152.000000
execution/constructor,500,6,123744,0.050000375,2474861,1237430719,3.000000,152.000000
rust/execution_arithmetic,500,0,155424,0.050006875,3108053,1554026321,0.000000,0.000000
rust/execution_arithmetic,500,1,156096,0.050004416,3121644,1560822148,0.000000,0.000000
rust/execution_arithmetic,500,2,156224,0.050000625,3124441,1562220472,0.000000,0.000000
rust/execution_arithmetic,500,3,156448,0.050001333,3128877,1564438292,0.000000,0.000000
rust/execution_arithmetic,500,4,156384,0.050008541,3127146,1563572910,0.000000,0.000000
rust/execution_arithmetic,500,5,156352,0.050002292,3126897,1563448332,0.000000,0.000000
rust/execution_arithmetic,500,6,156800,0.050004750,3135702,1567851054,0.000000,0.000000
rust/execution_constructor,500,0,155872,0.050006792,3117017,1558508292,0.000000,0.000000
rust/execution_constructor,500,1,155360,0.050000042,3107197,1553598695,0.000000,0.000000
rust/execution_constructor,500,2,155904,0.050003667,3117851,1558925668,0.000000,0.000000
rust/execution_constructor,500,3,155872,0.050006833,3117014,1558507014,0.000000,0.000000
rust/execution_constructor,500,4,156096,0.050006209,3121532,1560766184,0.000000,0.000000
rust/execution_constructor,500,5,155808,0.050002375,3116012,1558005995,0.000000,0.000000
rust/execution_constructor,500,6,155712,0.050001250,3114162,1557081073,0.000000,0.000000
execution/arithmetic,1024,0,78304,0.050013417,1565660,1603235708,0.000000,0.000000
execution/arithmetic,1024,1,78176,0.050006500,1563317,1600836371,0.000000,0.000000
execution/arithmetic,1024,2,78432,0.050006292,1568443,1606085250,0.000000,0.000000
execution/arithmetic,1024,3,78400,0.050009916,1567689,1605313634,0.000000,0.000000
execution/arithmetic,1024,4,78752,0.050020000,1574410,1612196082,0.000000,0.000000
execution/arithmetic,1024,5,78272,0.050010583,1565109,1602671339,0.000000,0.000000
execution/arithmetic,1024,6,78272,0.050010833,1565101,1602663327,0.000000,0.000000
execution/comparison,1024,0,77696,0.050009833,1553614,1590901213,0.000000,0.000000
execution/comparison,1024,1,77824,0.050013958,1556046,1593390709,0.000000,0.000000
execution/comparison,1024,2,77632,0.050014042,1552204,1589456977,0.000000,0.000000
execution/comparison,1024,3,77920,0.050006417,1558200,1595596821,0.000000,0.000000
execution/comparison,1024,4,77440,0.050010084,1548488,1585651406,0.000000,0.000000
execution/comparison,1024,5,77856,0.050004333,1556985,1594352713,0.000000,0.000000
execution/comparison,1024,6,77472,0.050007083,1549221,1586401830,0.000000,0.000000
execution/conditional,1024,0,77984,0.050007791,1559437,1596863497,0.000000,0.000000
execution/conditional,1024,1,78240,0.050011250,1564448,1601994751,0.000000,0.000000
execution/conditional,1024,2,78016,0.050004792,1560170,1597614565,0.000000,0.000000
execution/conditional,1024,3,78080,0.050019709,1560985,1598448324,0.000000,0.000000
execution/conditional,1024,4,78048,0.050002291,1560888,1598349804,0.000000,0.000000
execution/conditional,1024,5,78016,0.050019041,1559726,1597159450,0.000000,0.000000
execution/conditional,1024,6,78016,0.050018375,1559747,1597180716,0.000000,0.000000
execution/constructor,1024,0,73792,0.050009291,1475566,1510979390,3.000000,152.000000
execution/constructor,1024,1,73888,0.050011708,1477414,1512871986,3.000000,152.000000
execution/constructor,1024,2,73952,0.050008417,1478791,1514282046,3.000000,152.000000
execution/constructor,1024,3,74016,0.050012458,1479951,1515470085,3.000000,152.000000
execution/constructor,1024,4,73920,0.050010583,1478087,1513561240,3.000000,152.000000
execution/constructor,1024,5,73824,0.050002333,1476411,1511844977,3.000000,152.000000
execution/constructor,1024,6,73888,0.050001459,1477717,1513182085,3.000000,152.000000
rust/execution_arithmetic,1024,0,84160,0.050001375,1683154,1723549402,0.000000,0.000000
rust/execution_arithmetic,1024,1,84224,0.050016000,1683941,1724355726,0.000000,0.000000
rust/execution_arithmetic,1024,2,84320,0.050000500,1686383,1726856331,0.000000,0.000000
rust/execution_arithmetic,1024,3,84032,0.050018334,1680024,1720344544,0.000000,0.000000
rust/execution_arithmetic,1024,4,84128,0.050002042,1682491,1722871078,0.000000,0.000000
rust/execution_arithmetic,1024,5,84096,0.050001667,1681864,1722228661,0.000000,0.000000
rust/execution_arithmetic,1024,6,84288,0.050001875,1685697,1726153509,0.000000,0.000000
rust/execution_constructor,1024,0,84224,0.050005125,1684307,1724730735,0.000000,0.000000
rust/execution_constructor,1024,1,83552,0.050017958,1670440,1710530606,0.000000,0.000000
rust/execution_constructor,1024,2,84096,0.050002958,1681821,1722184196,0.000000,0.000000
rust/execution_constructor,1024,3,84288,0.050017500,1685170,1725614275,0.000000,0.000000
rust/execution_constructor,1024,4,84256,0.050009875,1684787,1725222149,0.000000,0.000000
rust/execution_constructor,1024,5,84608,0.050014375,1691674,1732273811,0.000000,0.000000
rust/execution_constructor,1024,6,84224,0.050006625,1684257,1724679000,0.000000,0.000000
execution/arithmetic,10240,0,9280,0.050089625,185268,1897143371,0.000000,0.000000
execution/arithmetic,10240,1,9248,0.050026292,184863,1892994988,0.000000,0.000000
execution/arithmetic,10240,2,9280,0.050110208,185192,1896364110,0.000000,0.000000
execution/arithmetic,10240,3,9280,0.050169792,184972,1894111899,0.000000,0.000000
execution/arithmetic,10240,4,9280,0.050144708,185064,1895059395,0.000000,0.000000
execution/arithmetic,10240,5,9248,0.050037750,184820,1892561516,0.000000,0.000000
execution/arithmetic,10240,6,9280,0.050149458,185047,1894879901,0.000000,0.000000
execution/comparison,10240,0,9248,0.050002791,184950,1893884683,0.000000,0.000000
execution/comparison,10240,1,9248,0.050011500,184917,1893554882,0.000000,0.000000
execution/comparison,10240,2,9248,0.050037417,184822,1892574111,0.000000,0.000000
execution/comparison,10240,3,9248,0.050052083,184768,1892019559,0.000000,0.000000
execution/comparison,10240,4,9248,0.050031833,184842,1892785339,0.000000,0.000000
execution/comparison,10240,5,9248,0.050090792,184625,1890557450,0.000000,0.000000
execution/comparison,10240,6,9248,0.050037708,184821,1892563105,0.000000,0.000000
execution/conditional,10240,0,9248,0.050005125,184941,1893796286,0.000000,0.000000
execution/conditional,10240,1,9280,0.050132375,185110,1895525596,0.000000,0.000000
execution/conditional,10240,2,9248,0.050044541,184795,1892304697,0.000000,0.000000
execution/conditional,10240,3,9248,0.050006250,184937,1893753681,0.000000,0.000000
execution/conditional,10240,4,9280,0.050171459,184966,1894048965,0.000000,0.000000
execution/conditional,10240,5,9248,0.050019834,184887,1893239390,0.000000,0.000000
execution/conditional,10240,6,9280,0.050148000,185052,1894934992,0.000000,0.000000
execution/constructor,10240,0,9216,0.050084084,184011,1884268064,3.000000,152.000000
execution/constructor,10240,1,9216,0.050127250,183852,1882645467,3.000000,152.000000
execution/constructor,10240,2,9184,0.050081958,183379,1877805177,3.000000,152.000000
execution/constructor,10240,3,9216,0.050147625,183777,1881880548,3.000000,152.000000
execution/constructor,10240,4,9184,0.050072791,183413,1878148953,3.000000,152.000000
execution/constructor,10240,5,9248,0.050054708,184758,1891920336,3.000000,152.000000
execution/constructor,10240,6,9184,0.050001500,183674,1880826775,3.000000,152.000000
rust/execution_arithmetic,10240,0,9344,0.050077166,186592,1910702375,0.000000,0.000000
rust/execution_arithmetic,10240,1,9312,0.050033125,186117,1905834984,0.000000,0.000000
rust/execution_arithmetic,10240,2,9344,0.050060500,186654,1911338480,0.000000,0.000000
rust/execution_arithmetic,10240,3,9344,0.050149458,186323,1907948038,0.000000,0.000000
rust/execution_arithmetic,10240,4,9344,0.050071625,186613,1910913816,0.000000,0.000000
rust/execution_arithmetic,10240,5,9344,0.050146167,186335,1908073253,0.000000,0.000000
rust/execution_arithmetic,10240,6,9344,0.050141500,186353,1908250850,0.000000,0.000000
rust/execution_constructor,10240,0,9312,0.050029542,186130,1905971476,0.000000,0.000000
rust/execution_constructor,10240,1,9344,0.050102083,186499,1909752135,0.000000,0.000000
rust/execution_constructor,10240,2,9344,0.050061917,186649,1911284380,0.000000,0.000000
rust/execution_constructor,10240,3,9344,0.050165292,186264,1907345820,0.000000,0.000000
rust/execution_constructor,10240,4,9344,0.050121000,186429,1909031344,0.000000,0.000000
rust/execution_constructor,10240,5,9344,0.050114791,186452,1909267865,0.000000,0.000000
rust/execution_constructor,10240,6,9344,0.050106083,186484,1909599679,0.000000,0.000000
execution/arithmetic,1048576,0,96,0.051800333,1853,1943294380,0.000000,0.000000
execution/arithmetic,1048576,1,96,0.051809750,1853,1942941165,0.000000,0.000000
execution/arithmetic,1048576,2,96,0.051816458,1853,1942689637,0.000000,0.000000
execution/arithmetic,1048576,3,96,0.051651708,1859,1948886105,0.000000,0.000000
execution/arithmetic,1048576,4,96,0.051663167,1858,1948453838,0.000000,0.000000
execution/arithmetic,1048576,5,96,0.051727500,1856,1946030564,0.000000,0.000000
execution/arithmetic,1048576,6,96,0.051823625,1852,1942420971,0.000000,0.000000
execution/comparison,1048576,0,96,0.051739375,1855,1945583919,0.000000,0.000000
execution/comparison,1048576,1,96,0.051788667,1854,1943732130,0.000000,0.000000
execution/comparison,1048576,2,96,0.051799334,1853,1943331858,0.000000,0.000000
execution/comparison,1048576,3,96,0.051825083,1852,1942366325,0.000000,0.000000
execution/comparison,1048576,4,96,0.051829625,1852,1942196109,0.000000,0.000000
execution/comparison,1048576,5,96,0.051730292,1856,1945925532,0.000000,0.000000
execution/comparison,1048576,6,96,0.051823959,1852,1942408452,0.000000,0.000000
execution/conditional,1048576,0,96,0.051828250,1852,1942247635,0.000000,0.000000
execution/conditional,1048576,1,96,0.051801125,1853,1943264668,0.000000,0.000000
execution/conditional,1048576,2,96,0.051817625,1853,1942645885,0.000000,0.000000
execution/conditional,1048576,3,96,0.051817291,1853,1942658407,0.000000,0.000000
execution/conditional,1048576,4,96,0.051839541,1852,1941824601,0.000000,0.000000
execution/conditional,1048576,5,96,0.051802500,1853,1943213088,0.000000,0.000000
execution/conditional,1048576,6,96,0.051769500,1854,1944451772,0.000000,0.000000
execution/constructor,1048576,0,96,0.051819042,1853,1942592763,3.000000,152.000000
execution/constructor,1048576,1,96,0.051779209,1854,1944087172,3.000000,152.000000
execution/constructor,1048576,2,96,0.051918208,1849,1938882328,3.000000,152.000000
execution/constructor,1048576,3,96,0.051758459,1855,1944866558,3.000000,152.000000
execution/constructor,1048576,4,96,0.051728458,1856,1945994524,3.000000,152.000000
execution/constructor,1048576,5,96,0.051785292,1854,1943858808,3.000000,152.000000
execution/constructor,1048576,6,96,0.051843791,1852,1941665416,3.000000,152.000000
rust/execution_arithmetic,1048576,0,96,0.051783458,1854,1943927653,0.000000,0.000000
rust/execution_arithmetic,1048576,1,96,0.051680041,1858,1947817650,0.000000,0.000000
rust/execution_arithmetic,1048576,2,96,0.051749292,1855,1945211077,0.000000,0.000000
rust/execution_arithmetic,1048576,3,96,0.051752459,1855,1945092039,0.000000,0.000000
rust/execution_arithmetic,1048576,4,96,0.051811416,1853,1942878689,0.000000,0.000000
rust/execution_arithmetic,1048576,5,96,0.051670125,1858,1948191455,0.000000,0.000000
rust/execution_arithmetic,1048576,6,96,0.051725416,1856,1946108969,0.000000,0.000000
rust/execution_constructor,1048576,0,96,0.051741500,1855,1945504015,0.000000,0.000000
rust/execution_constructor,1048576,1,96,0.051777708,1854,1944143530,0.000000,0.000000
rust/execution_constructor,1048576,2,96,0.051719666,1856,1946325330,0.000000,0.000000
rust/execution_constructor,1048576,3,96,0.051777208,1854,1944162304,0.000000,0.000000
rust/execution_constructor,1048576,4,96,0.051791542,1854,1943624231,0.000000,0.000000
rust/execution_constructor,1048576,5,96,0.051820125,1853,1942552165,0.000000,0.000000
rust/execution_constructor,1048576,6,96,0.051754416,1855,1945018489,0.000000,0.000000
execution/filtered_sum,74,0,89184,0.050001834,1783615,131987479,0.000000,0.000000
execution/filtered_sum,74,1,89600,0.050009334,1791666,132583249,0.000000,0.000000
execution/filtered_sum,74,2,89664,0.050008959,1792959,132678947,0.000000,0.000000
execution/filtered_sum,74,3,88960,0.050016208,1778623,131618135,0.000000,0.000000
execution/filtered_sum,74,4,89536,0.050007791,1790441,132492635,0.000000,0.000000
execution/filtered_sum,74,5,89248,0.050009250,1784630,132062608,0.000000,0.000000
execution/filtered_sum,74,6,89504,0.050009958,1789724,132439543,0.000000,0.000000
execution/mapped_sum,74,0,87424,0.050013167,1748020,129353456,0.000000,0.000000
execution/mapped_sum,74,1,88032,0.050006542,1760410,130270315,0.000000,0.000000
execution/mapped_sum,74,2,88416,0.050008916,1768005,130832350,0.000000,0.000000
execution/mapped_sum,74,3,88736,0.050011375,1774316,131299409,0.000000,0.000000
execution/mapped_sum,74,4,88320,0.050013959,1765907,130677118,0.000000,0.000000
execution/mapped_sum,74,5,88544,0.050001875,1770814,131040206,0.000000,0.000000
execution/mapped_sum,74,6,87968,0.050014292,1758857,130155436,0.000000,0.000000
rust/execution_filtered_sum,74,0,208576,0.050000375,4171489,308690165,0.000000,0.000000
rust/execution_filtered_sum,74,1,209664,0.050005500,4192819,310268590,0.000000,0.000000
rust/execution_filtered_sum,74,2,216064,0.050007209,4320657,319728622,0.000000,0.000000
rust/execution_filtered_sum,74,3,217760,0.050003833,4354866,322260096,0.000000,0.000000
rust/execution_filtered_sum,74,4,216320,0.050002750,4326162,320135993,0.000000,0.000000
rust/execution_filtered_sum,74,5,214368,0.050002666,4287131,317247724,0.000000,0.000000
rust/execution_filtered_sum,74,6,214912,0.050006959,4297642,318025497,0.000000,0.000000
execution/filtered_sum,1082,0,6016,0.050098625,120083,129929953,0.000000,0.000000
execution/filtered_sum,1082,1,6080,0.050077500,121412,131367580,0.000000,0.000000
execution/filtered_sum,1082,2,6080,0.050206334,121100,131030479,0.000000,0.000000
execution/filtered_sum,1082,3,6112,0.050229000,121683,131660674,0.000000,0.000000
execution/filtered_sum,1082,4,6080,0.050166333,121197,131134959,0.000000,0.000000
execution/filtered_sum,1082,5,6048,0.050139792,120623,130513824,0.000000,0.000000
execution/filtered_sum,1082,6,6080,0.050254875,120983,130903917,0.000000,0.000000
execution/mapped_sum,1082,0,5920,0.050210417,117904,127571934,0.000000,0.000000
execution/mapped_sum,1082,1,5920,0.050070500,118233,127928421,0.000000,0.000000
execution/mapped_sum,1082,2,5920,0.050076750,118219,127912454,0.000000,0.000000
execution/mapped_sum,1082,3,5920,0.050058791,118261,127958344,0.000000,0.000000
execution/mapped_sum,1082,4,5952,0.050225958,118504,128221825,0.000000,0.000000
execution/mapped_sum,1082,5,5888,0.050178209,117342,126963798,0.000000,0.000000
execution/mapped_sum,1082,6,5920,0.050057542,118264,127961537,0.000000,0.000000
rust/execution_filtered_sum,1082,0,14848,0.050026125,296805,321142923,0.000000,0.000000
rust/execution_filtered_sum,1082,1,14752,0.050037166,294821,318996164,0.000000,0.000000
rust/execution_filtered_sum,1082,2,14752,0.050009667,294983,319171571,0.000000,0.000000
rust/execution_filtered_sum,1082,3,14752,0.050013208,294962,319148974,0.000000,0.000000
rust/execution_filtered_sum,1082,4,15360,0.050043792,306931,332099534,0.000000,0.000000
rust/execution_filtered_sum,1082,5,15488,0.050032750,309557,334940934,0.000000,0.000000
rust/execution_filtered_sum,1082,6,15584,0.050066458,311266,336790112,0.000000,0.000000
execution/filtered_sum,8586,0,768,0.050468083,15218,130657786,0.000000,0.000000
execution/filtered_sum,8586,1,800,0.051949209,15400,132221455,0.000000,0.000000
execution/filtered_sum,8586,2,800,0.051980375,15390,132142179,0.000000,0.000000
execution/filtered_sum,8586,3,800,0.051940375,15402,132243943,0.000000,0.000000
execution/filtered_sum,8586,4,768,0.050046458,15346,131758535,0.000000,0.000000
execution/filtered_sum,8586,5,800,0.051904333,15413,132335772,0.000000,0.000000
execution/filtered_sum,8586,6,800,0.051791042,15447,132625252,0.000000,0.000000
execution/mapped_sum,8586,0,768,0.051445667,14928,128174993,0.000000,0.000000
execution/mapped_sum,8586,1,768,0.051354375,14955,128402848,0.000000,0.000000
execution/mapped_sum,8586,2,768,0.051307750,14968,128519532,0.000000,0.000000
execution/mapped_sum,8586,3,768,0.051493250,14915,128056551,0.000000,0.000000
execution/mapped_sum,8586,4,768,0.051427084,14934,128221308,0.000000,0.000000
execution/mapped_sum,8586,5,768,0.051213958,14996,128754899,0.000000,0.000000
execution/mapped_sum,8586,6,768,0.051035042,15048,129206281,0.000000,0.000000
rust/execution_filtered_sum,8586,0,2016,0.050422041,39983,343289872,0.000000,0.000000
rust/execution_filtered_sum,8586,1,2016,0.050329292,40056,343922501,0.000000,0.000000
rust/execution_filtered_sum,8586,2,2016,0.050097250,40242,345515492,0.000000,0.000000
rust/execution_filtered_sum,8586,3,2016,0.050330667,40055,343913106,0.000000,0.000000
rust/execution_filtered_sum,8586,4,2016,0.050587708,39852,342165650,0.000000,0.000000
rust/execution_filtered_sum,8586,5,1984,0.050685250,39144,336086416,0.000000,0.000000
rust/execution_filtered_sum,8586,6,2016,0.050676875,39781,341563603,0.000000,0.000000
execution/filtered_sum,137226,0,64,0.066912292,956,131253373,0.000000,0.000000
execution/filtered_sum,137226,1,64,0.066455584,963,132155396,0.000000,0.000000
execution/filtered_sum,137226,2,64,0.066366541,964,132332707,0.000000,0.000000
execution/filtered_sum,137226,3,64,0.066274041,966,132517406,0.000000,0.000000
execution/filtered_sum,137226,4,64,0.066526625,962,132014272,0.000000,0.000000
execution/filtered_sum,137226,5,64,0.066248916,966,132567663,0.000000,0.000000
execution/filtered_sum,137226,6,64,0.066419083,964,132228022,0.000000,0.000000
execution/mapped_sum,137226,0,64,0.068538875,934,128138432,0.000000,0.000000
execution/mapped_sum,137226,1,64,0.068582708,933,128056536,0.000000,0.000000
execution/mapped_sum,137226,2,64,0.068361625,936,128470673,0.000000,0.000000
execution/mapped_sum,137226,3,64,0.068934125,928,127403721,0.000000,0.000000
execution/mapped_sum,137226,4,64,0.068534875,934,128145911,0.000000,0.000000
execution/mapped_sum,137226,5,64,0.068934042,928,127403874,0.000000,0.000000
execution/mapped_sum,137226,6,64,0.068487792,934,128234007,0.000000,0.000000
rust/execution_filtered_sum,137226,0,128,0.051674000,2477,339918102,0.000000,0.000000
rust/execution_filtered_sum,137226,1,128,0.051510042,2485,341000071,0.000000,0.000000
rust/execution_filtered_sum,137226,2,128,0.051160166,2502,343332115,0.000000,0.000000
rust/execution_filtered_sum,137226,3,128,0.051558000,2483,340682881,0.000000,0.000000
rust/execution_filtered_sum,137226,4,128,0.051827000,2470,338914620,0.000000,0.000000
rust/execution_filtered_sum,137226,5,128,0.052141291,2455,336871751,0.000000,0.000000
rust/execution_filtered_sum,137226,6,128,0.051907167,2466,338391190,0.000000,0.000000
execution/lookup_8192,501,0,91200,0.050014458,1823473,913559835,0.000000,0.000000
execution/lookup_8192,501,1,91584,0.050010666,1831289,917475964,0.000000,0.000000
execution/lookup_8192,501,2,96608,0.050014708,1931592,967727493,0.000000,0.000000
execution/lookup_8192,501,3,91488,0.050016084,1829172,916414968,0.000000,0.000000
execution/lookup_8192,501,4,91712,0.050015209,1833682,918674798,0.000000,0.000000
execution/lookup_8192,501,5,91456,0.050016375,1828521,916089101,0.000000,0.000000
execution/lookup_8192,501,6,91200,0.050013334,1823514,913580366,0.000000,0.000000
rust/execution_lookup_8192,501,0,165536,0.050002167,3310577,1658598836,0.000000,0.000000
rust/execution_lookup_8192,501,1,165216,0.050005500,3303957,1655282239,0.000000,0.000000
rust/execution_lookup_8192,501,2,165280,0.050005625,3305228,1655919309,0.000000,0.000000
rust/execution_lookup_8192,501,3,165120,0.050007709,3301891,1654247348,0.000000,0.000000
rust/execution_lookup_8192,501,4,165344,0.050000875,3306822,1656717887,0.000000,0.000000
rust/execution_lookup_8192,501,5,165312,0.050000500,3306207,1656409676,0.000000,0.000000
rust/execution_lookup_8192,501,6,165536,0.050003208,3310508,1658564307,0.000000,0.000000
execution/type_fallback,16,0,345696,0.050002500,6913574,110617189,0.000000,0.000000
execution/type_fallback,16,1,344096,0.050001666,6881691,110107051,0.000000,0.000000
execution/type_fallback,16,2,349216,0.050003083,6983889,111742230,0.000000,0.000000
execution/type_fallback,16,3,349920,0.050000417,6998342,111973466,0.000000,0.000000
execution/type_fallback,16,4,350752,0.050004417,7014420,112230726,0.000000,0.000000
execution/type_fallback,16,5,353376,0.050004000,7066955,113071274,0.000000,0.000000
execution/type_fallback,16,6,353920,0.050004333,7077787,113244586,0.000000,0.000000
plan/branch,100,0,338560,0.050000625,6771115,677111536,0.000000,0.000000
plan/branch,100,1,342464,0.050004542,6848658,684865787,0.000000,0.000000
plan/branch,100,2,341984,0.050000125,6839663,683966290,0.000000,0.000000
plan/branch,100,3,340992,0.050003250,6819397,681939674,0.000000,0.000000
plan/branch,100,4,340864,0.050002875,6816888,681688803,0.000000,0.000000
plan/branch,100,5,340896,0.050002750,6817545,681754504,0.000000,0.000000
plan/branch,100,6,348608,0.050004250,6971567,697156742,0.000000,0.000000
plan/boolean,100,0,274912,0.050002958,5497915,549791474,0.000000,0.000000
plan/boolean,100,1,278624,0.050000541,5572420,557241971,0.000000,0.000000
plan/boolean,100,2,262624,0.050001375,5252336,525233556,0.000000,0.000000
plan/boolean,100,3,268896,0.050003541,5377539,537753916,0.000000,0.000000
plan/boolean,100,4,272800,0.050000250,5455973,545597272,0.000000,0.000000
plan/boolean,100,5,273312,0.050004167,5465784,546578448,0.000000,0.000000
plan/boolean,100,6,279264,0.050002166,5585038,558503806,0.000000,0.000000
plan/object,100,0,276288,0.050004417,5525272,552527190,3.000000,248.000000
plan/object,100,1,280128,0.050003417,5602177,560217715,3.000000,248.000000
plan/object,100,2,282144,0.050001500,5642711,564271072,3.000000,248.000000
plan/object,100,3,276576,0.050001875,5531313,553131258,3.000000,248.000000
plan/object,100,4,276256,0.050003125,5524775,552477470,3.000000,248.000000
plan/object,100,5,280896,0.050004458,5617419,561741915,3.000000,248.000000
plan/object,100,6,281376,0.050004125,5627056,562705577,3.000000,248.000000
plan/branch,500,0,140672,0.050012875,2812716,1406357863,0.000000,0.000000
plan/branch,500,1,141120,0.050009709,2821852,1410926026,0.000000,0.000000
plan/branch,500,2,141184,0.050002375,2823546,1411772941,0.000000,0.000000
plan/branch,500,3,141120,0.050006125,2822054,1411027149,0.000000,0.000000
plan/branch,500,4,140640,0.050001542,2812713,1406356628,0.000000,0.000000
plan/branch,500,5,141184,0.050006708,2823301,1411650613,0.000000,0.000000
plan/branch,500,6,140224,0.050007292,2804071,1402035527,0.000000,0.000000
plan/boolean,500,0,125888,0.050002458,2517636,1258818117,0.000000,0.000000
plan/boolean,500,1,127200,0.050011500,2543415,1271707507,0.000000,0.000000
plan/boolean,500,2,125696,0.050003084,2513765,1256882475,0.000000,0.000000
plan/boolean,500,3,125568,0.050001542,2511283,1255641276,0.000000,0.000000
plan/boolean,500,4,125216,0.050009458,2503846,1251923186,0.000000,0.000000
plan/boolean,500,5,123488,0.050008042,2469363,1234681414,0.000000,0.000000
plan/boolean,500,6,126240,0.050003334,2524632,1262315829,0.000000,0.000000
plan/object,500,0,125472,0.050007709,2509053,1254526577,3.000000,248.000000
plan/object,500,1,125696,0.050004625,2513687,1256843742,3.000000,248.000000
plan/object,500,2,125632,0.050011208,2512077,1256038446,3.000000,248.000000
plan/object,500,3,125888,0.050011667,2517173,1258586321,3.000000,248.000000
plan/object,500,4,126016,0.050005666,2520034,1260017215,3.000000,248.000000
plan/object,500,5,126496,0.050000500,2529895,1264947351,3.000000,248.000000
plan/object,500,6,126624,0.050001125,2532423,1266211510,3.000000,248.000000
plan/branch,1024,0,79840,0.050014708,1596330,1634642354,0.000000,0.000000
plan/branch,1024,1,79872,0.050003375,1597332,1635668152,0.000000,0.000000
plan/branch,1024,2,79904,0.050005583,1597902,1636251216,0.000000,0.000000
plan/branch,1024,3,79616,0.050006708,1592106,1630316957,0.000000,0.000000
plan/branch,1024,4,79776,0.050008750,1595241,1633526613,0.000000,0.000000
plan/branch,1024,5,79648,0.050013292,1592537,1630757519,0.000000,0.000000
plan/branch,1024,6,79648,0.050006875,1592741,1630966782,0.000000,0.000000
plan/boolean,1024,0,74720,0.050000334,1494390,1530255378,0.000000,0.000000
plan/boolean,1024,1,75552,0.050005459,1510875,1547136044,0.000000,0.000000
plan/boolean,1024,2,75424,0.050009667,1508188,1544384929,0.000000,0.000000
plan/boolean,1024,3,75424,0.050004708,1508338,1544538086,0.000000,0.000000
plan/boolean,1024,4,75328,0.050005541,1506393,1542546495,0.000000,0.000000
plan/boolean,1024,5,75520,0.050012542,1510021,1546261736,0.000000,0.000000
plan/boolean,1024,6,75424,0.050005958,1508300,1544499477,0.000000,0.000000
plan/object,1024,0,75008,0.050007625,1499931,1535929611,3.000000,248.000000
plan/object,1024,1,74560,0.050007500,1490976,1526759786,3.000000,248.000000
plan/object,1024,2,74912,0.050006500,1498045,1533998340,3.000000,248.000000
plan/object,1024,3,74624,0.050016459,1491989,1527796600,3.000000,248.000000
plan/object,1024,4,75008,0.050015958,1499681,1535673714,3.000000,248.000000
plan/object,1024,5,74784,0.050019041,1495111,1530993287,3.000000,248.000000
plan/object,1024,6,74816,0.050004000,1496200,1532109111,3.000000,248.000000
plan/branch,10240,0,9280,0.050076542,185316,1897639018,0.000000,0.000000
plan/branch,10240,1,9280,0.050031584,185483,1899344222,0.000000,0.000000
plan/branch,10240,2,9280,0.050063083,185366,1898149181,0.000000,0.000000
plan/branch,10240,3,9280,0.050034708,185471,1899225634,0.000000,0.000000
plan/branch,10240,4,9312,0.050127000,185768,1902265845,0.000000,0.000000
plan/branch,10240,5,9280,0.050025167,185507,1899587861,0.000000,0.000000
plan/branch,10240,6,9312,0.050166916,185620,1900752281,0.000000,0.000000
plan/boolean,10240,0,9216,0.050080500,184024,1884402911,0.000000,0.000000
plan/boolean,10240,1,9216,0.050159292,183735,1881442824,0.000000,0.000000
plan/boolean,10240,2,9216,0.050074750,184045,1884619294,0.000000,0.000000
plan/boolean,10240,3,9216,0.050079458,184028,1884442120,0.000000,0.000000
plan/boolean,10240,4,9216,0.050080958,184022,1884385678,0.000000,0.000000
plan/boolean,10240,5,9216,0.050069875,184063,1884802788,0.000000,0.000000
plan/boolean,10240,6,9248,0.050073875,184687,1891196158,0.000000,0.000000
plan/object,10240,0,9216,0.050030125,184209,1886300304,3.000000,248.000000
plan/object,10240,1,9216,0.050079583,184027,1884437416,3.000000,248.000000
plan/object,10240,2,9216,0.050090083,183989,1884042396,3.000000,248.000000
plan/object,10240,3,9216,0.050135750,183821,1882326284,3.000000,248.000000
plan/object,10240,4,9184,0.050057542,183469,1878721093,3.000000,248.000000
plan/object,10240,5,9248,0.050100458,184589,1890192700,3.000000,248.000000
plan/object,10240,6,9184,0.050004834,183662,1880701374,3.000000,248.000000
plan/branch,1048576,0,96,0.051797375,1853,1943405356,0.000000,0.000000
plan/branch,1048576,1,96,0.051825959,1852,1942333494,0.000000,0.000000
plan/branch,1048576,2,96,0.051835250,1852,1941985348,0.000000,0.000000
plan/branch,1048576,3,96,0.051742167,1855,1945478936,0.000000,0.000000
plan/branch,1048576,4,96,0.051825417,1852,1942353807,0.000000,0.000000
plan/branch,1048576,5,96,0.053515041,1794,1881028102,0.000000,0.000000
plan/branch,1048576,6,96,0.054240167,1770,1855881012,0.000000,0.000000
plan/boolean,1048576,0,96,0.051728625,1856,1945988242,0.000000,0.000000
plan/boolean,1048576,1,96,0.051843625,1852,1941671633,0.000000,0.000000
plan/boolean,1048576,2,96,0.051798792,1853,1943352192,0.000000,0.000000
plan/boolean,1048576,3,96,0.051802875,1853,1943199021,0.000000,0.000000
plan/boolean,1048576,4,96,0.051785583,1854,1943847885,0.000000,0.000000
plan/boolean,1048576,5,96,0.051771458,1854,1944378233,0.000000,0.000000
plan/boolean,1048576,6,96,0.051787750,1854,1943766547,0.000000,0.000000
plan/object,1048576,0,96,0.051820375,1853,1942542793,3.000000,248.000000
plan/object,1048576,1,96,0.051741083,1855,1945519695,3.000000,248.000000
plan/object,1048576,2,96,0.051804333,1853,1943144331,3.000000,248.000000
plan/object,1048576,3,96,0.051757333,1855,1944908869,3.000000,248.000000
plan/object,1048576,4,96,0.051846542,1852,1941562390,3.000000,248.000000
plan/object,1048576,5,96,0.051759292,1855,1944835258,3.000000,248.000000
plan/object,1048576,6,96,0.051810584,1853,1942909889,3.000000,248.000000
plan/lookup_branch,490,0,85120,0.050006167,1702190,834073125,0.000000,0.000000
plan/lookup_branch,490,1,85728,0.050008792,1714259,839986697,0.000000,0.000000
plan/lookup_branch,490,2,85440,0.050017875,1708189,837012768,0.000000,0.000000
plan/lookup_branch,490,3,84864,0.050009417,1696960,831510593,0.000000,0.000000
plan/lookup_branch,490,4,85088,0.050005625,1701569,833768601,0.000000,0.000000
plan/lookup_branch,490,5,85120,0.050013625,1701936,833948749,0.000000,0.000000
plan/lookup_branch,490,6,85504,0.050008791,1709779,837791899,0.000000,0.000000
plan/lookup_quote,490,0,83616,0.050000417,1672306,819429966,0.000000,0.000000
plan/lookup_quote,490,1,83584,0.050008916,1671382,818977160,0.000000,0.000000
plan/lookup_quote,490,2,83904,0.050008875,1677782,822113275,0.000000,0.000000
plan/lookup_quote,490,3,84032,0.050013166,1680198,823296809,0.000000,0.000000
plan/lookup_quote,490,4,84864,0.050006791,1697050,831554258,0.000000,0.000000
plan/lookup_quote,490,5,84544,0.050017250,1690297,828245455,0.000000,0.000000
plan/lookup_quote,490,6,84896,0.050009916,1697583,831815834,0.000000,0.000000
plan/invoice_sum,58,0,278432,0.050005625,5568014,322944789,0.000000,0.000000
plan/invoice_sum,58,1,288736,0.050000417,5774672,334930967,0.000000,0.000000
plan/invoice_sum,58,2,291200,0.050001916,5823777,337779056,0.000000,0.000000
plan/invoice_sum,58,3,292448,0.050004000,5848492,339212543,0.000000,0.000000
plan/invoice_sum,58,4,291680,0.050004750,5833046,338316660,0.000000,0.000000
plan/invoice_sum,58,5,290912,0.050002125,5817993,337443579,0.000000,0.000000
plan/invoice_sum,58,6,291360,0.050001667,5827006,337966332,0.000000,0.000000
rust/plan_invoice,58,0,310240,0.050003542,6204360,359852908,0.000000,0.000000
rust/plan_invoice,58,1,312352,0.050001166,6246894,362319871,0.000000,0.000000
rust/plan_invoice,58,2,309408,0.050004500,6187603,358880981,0.000000,0.000000
rust/plan_invoice,58,3,306304,0.050005041,6125462,355276821,0.000000,0.000000
rust/plan_invoice,58,4,310656,0.050004375,6212576,360329431,0.000000,0.000000
rust/plan_invoice,58,5,314688,0.050000625,6293681,365033517,0.000000,0.000000
rust/plan_invoice,58,6,314208,0.050003167,6283762,364458195,0.000000,0.000000
plan/invoice_object,58,0,140992,0.050004708,2819575,163535322,3.000000,296.000000
plan/invoice_object,58,1,141952,0.050001875,2838934,164658145,3.000000,296.000000
plan/invoice_object,58,2,140672,0.050006166,2813093,163159399,3.000000,296.000000
plan/invoice_object,58,3,141184,0.050011125,2823052,163737009,3.000000,296.000000
plan/invoice_object,58,4,142208,0.050007125,2843755,164937776,3.000000,296.000000
plan/invoice_object,58,5,143712,0.050003125,2874060,166695502,3.000000,296.000000
plan/invoice_object,58,6,142592,0.050002583,2851693,165398176,3.000000,296.000000
plan/mapped_objects,58,0,118080,0.050005292,2361350,136958304,2.000000,136.000000
plan/mapped_objects,58,1,118400,0.050006250,2367704,137326834,2.000000,136.000000
plan/mapped_objects,58,2,119040,0.050002500,2380681,138079496,2.000000,136.000000
plan/mapped_objects,58,3,119616,0.050003875,2392135,138743807,2.000000,136.000000
plan/mapped_objects,58,4,119808,0.050009792,2395691,138950068,2.000000,136.000000
plan/mapped_objects,58,5,118976,0.050007958,2379141,137990197,2.000000,136.000000
plan/mapped_objects,58,6,118592,0.050009417,2371393,137540816,2.000000,136.000000
plan/invoice_sum,300,0,46496,0.050033791,929292,278787590,0.000000,0.000000
plan/invoice_sum,300,1,47040,0.050026750,940297,282089082,0.000000,0.000000
plan/invoice_sum,300,2,46720,0.050017208,934079,280223558,0.000000,0.000000
plan/invoice_sum,300,3,46400,0.050013500,927750,278324852,0.000000,0.000000
plan/invoice_sum,300,4,46432,0.050031084,928063,278418913,0.000000,0.000000
plan/invoice_sum,300,5,46720,0.050001000,934381,280314394,0.000000,0.000000
plan/invoice_sum,300,6,46720,0.050011166,934191,280257413,0.000000,0.000000
rust/plan_invoice,300,0,50528,0.050026000,1010035,303010435,0.000000,0.000000
rust/plan_invoice,300,1,50528,0.050012833,1010301,303090209,0.000000,0.000000
rust/plan_invoice,300,2,50720,0.050027583,1013841,304152211,0.000000,0.000000
rust/plan_invoice,300,3,50816,0.050010792,1016101,304830205,0.000000,0.000000
rust/plan_invoice,300,4,50208,0.050009416,1003971,301191280,0.000000,0.000000
rust/plan_invoice,300,5,50528,0.050000041,1010559,303167751,0.000000,0.000000
rust/plan_invoice,300,6,50400,0.050029292,1007410,302222946,0.000000,0.000000
plan/invoice_object,300,0,33568,0.050037542,670856,201256888,3.000000,296.000000
plan/invoice_object,300,1,34176,0.050012750,683346,205003724,3.000000,296.000000
plan/invoice_object,300,2,34336,0.050026334,686359,205907553,3.000000,296.000000
plan/invoice_object,300,3,34368,0.050013583,687173,206151997,3.000000,296.000000
plan/invoice_object,300,4,34016,0.050005833,680241,204072193,3.000000,296.000000
plan/invoice_object,300,5,34176,0.050042625,682938,204881339,3.000000,296.000000
plan/invoice_object,300,6,33760,0.050021083,674915,202474625,3.000000,296.000000
plan/mapped_objects,300,0,21984,0.050049000,439250,131774861,16.000000,1088.000000
plan/mapped_objects,300,1,22080,0.050032167,441316,132394825,16.000000,1088.000000
plan/mapped_objects,300,2,21984,0.050035584,439367,131810193,16.000000,1088.000000
plan/mapped_objects,300,3,21984,0.050061000,439144,131743273,16.000000,1088.000000
plan/mapped_objects,300,4,22176,0.050006709,443460,133038149,16.000000,1088.000000
plan/mapped_objects,300,5,22304,0.050019208,445909,133772610,16.000000,1088.000000
plan/mapped_objects,300,6,22432,0.050022666,448437,134531014,16.000000,1088.000000
plan/invoice_sum,4488,0,2976,0.050402625,59045,264991913,0.000000,0.000000
plan/invoice_sum,4488,1,3040,0.050427000,60285,270559819,0.000000,0.000000
plan/invoice_sum,4488,2,3040,0.050481292,60220,270268835,0.000000,0.000000
plan/invoice_sum,4488,3,3008,0.050296542,59805,268406206,0.000000,0.000000
plan/invoice_sum,4488,4,2976,0.050238584,59237,265857175,0.000000,0.000000
plan/invoice_sum,4488,5,3008,0.050251542,59859,268646562,0.000000,0.000000
plan/invoice_sum,4488,6,3008,0.050518333,59543,267227820,0.000000,0.000000
rust/plan_invoice,4488,0,3360,0.050353125,66729,299478533,0.000000,0.000000
rust/plan_invoice,4488,1,3328,0.050360041,66084,296585620,0.000000,0.000000
rust/plan_invoice,4488,2,3328,0.050172500,66331,297694235,0.000000,0.000000
rust/plan_invoice,4488,3,3328,0.050427458,65996,296189112,0.000000,0.000000
rust/plan_invoice,4488,4,3296,0.050120458,65762,295137926,0.000000,0.000000
rust/plan_invoice,4488,5,3296,0.050093458,65797,295297003,0.000000,0.000000
rust/plan_invoice,4488,6,3296,0.050075959,65820,295400194,0.000000,0.000000
plan/invoice_object,4488,0,2464,0.050442000,48848,219230641,3.000000,296.000000
plan/invoice_object,4488,1,2464,0.050287417,48998,219904554,3.000000,296.000000
plan/invoice_object,4488,2,2464,0.050292583,48993,219881965,3.000000,296.000000
plan/invoice_object,4488,3,2464,0.050382042,48906,219491540,3.000000,296.000000
plan/invoice_object,4488,4,2464,0.050465250,48826,219129639,3.000000,296.000000
plan/invoice_object,4488,5,2464,0.050299875,48986,219850089,3.000000,296.000000
plan/invoice_object,4488,6,2464,0.050335916,48951,219692674,3.000000,296.000000
plan/mapped_objects,4488,0,1472,0.050236250,29302,131505357,256.000000,17408.000000
plan/mapped_objects,4488,1,1504,0.050986708,29498,132386504,256.000000,17408.000000
plan/mapped_objects,4488,2,1504,0.050761042,29629,132975048,256.000000,17408.000000
plan/mapped_objects,4488,3,1504,0.050896417,29550,132621359,256.000000,17408.000000
plan/mapped_objects,4488,4,1504,0.050958917,29514,132458702,256.000000,17408.000000
plan/mapped_objects,4488,5,1504,0.050926000,29533,132544319,256.000000,17408.000000
plan/mapped_objects,4488,6,1504,0.050663750,29686,133230406,256.000000,17408.000000
plan/invoice_sum,35736,0,384,0.052069583,7375,263543958,0.000000,0.000000
plan/invoice_sum,35736,1,384,0.051558709,7448,266155307,0.000000,0.000000
plan/invoice_sum,35736,2,384,0.050885167,7546,269678274,0.000000,0.000000
plan/invoice_sum,35736,3,384,0.050589542,7591,271254166,0.000000,0.000000
plan/invoice_sum,35736,4,384,0.051227792,7496,267874594,0.000000,0.000000
plan/invoice_sum,35736,5,384,0.051239375,7494,267814039,0.000000,0.000000
plan/invoice_sum,35736,6,384,0.051260209,7491,267705190,0.000000,0.000000
rust/plan_invoice,35736,0,448,0.053763625,8333,297779921,0.000000,0.000000
rust/plan_invoice,35736,1,416,0.050014875,8318,297235093,0.000000,0.000000
rust/plan_invoice,35736,2,416,0.050166375,8292,296337457,0.000000,0.000000
rust/plan_invoice,35736,3,448,0.053695125,8343,298159805,0.000000,0.000000
rust/plan_invoice,35736,4,416,0.050100541,8303,296726856,0.000000,0.000000
rust/plan_invoice,35736,5,448,0.053753834,8334,297834160,0.000000,0.000000
rust/plan_invoice,35736,6,448,0.053754000,8334,297833240,0.000000,0.000000
plan/invoice_object,35736,0,320,0.052011708,6152,219864343,3.000000,296.000000
plan/invoice_object,35736,1,320,0.052166458,6134,219212123,3.000000,296.000000
plan/invoice_object,35736,2,320,0.051946542,6160,220140159,3.000000,296.000000
plan/invoice_object,35736,3,320,0.051439000,6221,222312253,3.000000,296.000000
plan/invoice_object,35736,4,320,0.051542709,6208,221864939,3.000000,296.000000
plan/invoice_object,35736,5,320,0.051366417,6230,222626390,3.000000,296.000000
plan/invoice_object,35736,6,320,0.051412209,6224,222428101,3.000000,296.000000
plan/mapped_objects,35736,0,192,0.051565000,3723,133061418,2048.000000,139264.000000
plan/mapped_objects,35736,1,192,0.052038667,3690,131850264,2048.000000,139264.000000
plan/mapped_objects,35736,2,192,0.051519333,3727,133179364,2048.000000,139264.000000
plan/mapped_objects,35736,3,192,0.051378209,3737,133545177,2048.000000,139264.000000
plan/mapped_objects,35736,4,192,0.051305250,3742,133735086,2048.000000,139264.000000
plan/mapped_objects,35736,5,192,0.051485125,3729,133267852,2048.000000,139264.000000
plan/mapped_objects,35736,6,192,0.051314291,3742,133711523,2048.000000,139264.000000
plan/invoice_sum,571416,0,32,0.068504250,467,266922300,0.000000,0.000000
plan/invoice_sum,571416,1,32,0.067354042,475,271480545,0.000000,0.000000
plan/invoice_sum,571416,2,32,0.067474459,474,270996052,0.000000,0.000000
plan/invoice_sum,571416,3,32,0.068378416,468,267413507,0.000000,0.000000
plan/invoice_sum,571416,4,32,0.068830125,465,265658562,0.000000,0.000000
plan/invoice_sum,571416,5,32,0.067847000,472,269508040,0.000000,0.000000
plan/invoice_sum,571416,6,32,0.068478708,467,267021860,0.000000,0.000000
rust/plan_invoice,571416,0,32,0.062005833,516,294896643,0.000000,0.000000
rust/plan_invoice,571416,1,32,0.061939458,517,295212657,0.000000,0.000000
rust/plan_invoice,571416,2,32,0.061659750,519,296551835,0.000000,0.000000
rust/plan_invoice,571416,3,32,0.061662000,519,296541014,0.000000,0.000000
rust/plan_invoice,571416,4,32,0.061564917,520,297008636,0.000000,0.000000
rust/plan_invoice,571416,5,32,0.061889791,517,295449568,0.000000,0.000000
rust/plan_invoice,571416,6,32,0.061556792,520,297047838,0.000000,0.000000
plan/invoice_object,571416,0,32,0.085244417,375,214504511,3.000000,296.000000
plan/invoice_object,571416,1,32,0.083305458,384,219497167,3.000000,296.000000
plan/invoice_object,571416,2,32,0.084072000,381,217495861,3.000000,296.000000
plan/invoice_object,571416,3,32,0.084210667,380,217137717,3.000000,296.000000
plan/invoice_object,571416,4,32,0.083935542,381,217849454,3.000000,296.000000
plan/invoice_object,571416,5,32,0.085080667,376,214917356,3.000000,296.000000
plan/invoice_object,571416,6,32,0.085225750,375,214551494,3.000000,296.000000
plan/mapped_objects,571416,0,32,0.139851959,229,130747629,32768.000000,2228224.000000
plan/mapped_objects,571416,1,32,0.138651125,231,131880012,32768.000000,2228224.000000
plan/mapped_objects,571416,2,32,0.137294292,233,133183337,32768.000000,2228224.000000
plan/mapped_objects,571416,3,32,0.140734167,227,129928022,32768.000000,2228224.000000
plan/mapped_objects,571416,4,32,0.138839709,230,131700881,32768.000000,2228224.000000
plan/mapped_objects,571416,5,32,0.139000125,230,131548889,32768.000000,2228224.000000
plan/mapped_objects,571416,6,32,0.136679500,234,133782403,32768.000000,2228224.000000
plan/wide_fields,7583,0,5632,0.050033500,112565,853577223,0.000000,0.000000
plan/wide_fields,7583,1,5600,0.050072583,111838,848064898,0.000000,0.000000
plan/wide_fields,7583,2,5696,0.050078917,113740,862494051,0.000000,0.000000
plan/wide_fields,7583,3,5696,0.050197333,113472,860459419,0.000000,0.000000
plan/wide_fields,7583,4,5696,0.050040000,113829,863164828,0.000000,0.000000
plan/wide_fields,7583,5,5728,0.050243000,114006,864506976,0.000000,0.000000
plan/wide_fields,7583,6,5696,0.050166625,113542,860986124,0.000000,0.000000
plan/untaken_branch,496,0,148768,0.050005042,2975060,1475629757,0.000000,0.000000
plan/untaken_branch,496,1,148960,0.050005708,2978860,1477514527,0.000000,0.000000
plan/untaken_branch,496,2,149760,0.050008875,2994668,1485355549,0.000000,0.000000
plan/untaken_branch,496,3,148864,0.050002750,2977116,1476649664,0.000000,0.000000
plan/untaken_branch,496,4,148352,0.050009709,2966464,1471366130,0.000000,0.000000
plan/untaken_branch,496,5,148416,0.050004917,2968028,1472141950,0.000000,0.000000
plan/untaken_branch,496,6,148448,0.050001042,2968898,1472573472,0.000000,0.000000
compile/plan_branch,0,0,27072,0.050017541,541250,0,84.000000,3940.000000
compile/plan_branch,0,1,27456,0.050030875,548781,0,84.000000,3940.000000
compile/plan_branch,0,2,27136,0.050049542,542183,0,84.000000,3940.000000
compile/plan_branch,0,3,27072,0.050024917,541170,0,84.000000,3940.000000
compile/plan_branch,0,4,27328,0.050053625,545974,0,84.000000,3940.000000
compile/plan_branch,0,5,27360,0.050038375,546780,0,84.000000,3940.000000
compile/plan_branch,0,6,27392,0.050050750,547285,0,84.000000,3940.000000
demand/nested,100,0,337408,0.050002709,6747794,674779440,0.000000,0.000000
demand/nested,100,1,348288,0.050001709,6965522,696552192,0.000000,0.000000
demand/nested,100,2,347744,0.050003708,6954364,695436426,0.000000,0.000000
demand/nested,100,3,344736,0.050000709,6894622,689462223,0.000000,0.000000
demand/nested,100,4,346560,0.050003584,6930703,693070321,0.000000,0.000000
demand/nested,100,5,347488,0.050003542,6949268,694926771,0.000000,0.000000
demand/nested,100,6,343936,0.050001958,6878451,687845064,0.000000,0.000000
demand/branch,100,0,316160,0.050000834,6323095,632309453,0.000000,0.000000
demand/branch,100,1,318368,0.050000541,6367291,636729111,0.000000,0.000000
demand/branch,100,2,319456,0.050001583,6388918,638891773,0.000000,0.000000
demand/branch,100,3,319008,0.050001959,6379910,637991004,0.000000,0.000000
demand/branch,100,4,319776,0.050002917,6395147,639514691,0.000000,0.000000
demand/branch,100,5,320352,0.050004750,6406431,640643139,0.000000,0.000000
demand/branch,100,6,321472,0.050000167,6429419,642941853,0.000000,0.000000
demand/repeated,100,0,378528,0.050002833,7570131,757013108,0.000000,0.000000
demand/repeated,100,1,396640,0.050001250,7932602,793260168,0.000000,0.000000
demand/repeated,100,2,399296,0.050001291,7985714,798571381,0.000000,0.000000
demand/repeated,100,3,397664,0.050002125,7952942,795294200,0.000000,0.000000
demand/repeated,100,4,398240,0.050000292,7964753,796475349,0.000000,0.000000
demand/repeated,100,5,397472,0.050001875,7949142,794914191,0.000000,0.000000
demand/repeated,100,6,399104,0.050002833,7981628,798162776,0.000000,0.000000
demand/untaken_nested,101,0,374496,0.050001750,7489658,756455444,0.000000,0.000000
demand/untaken_nested,101,1,379136,0.050000542,7582638,765846418,0.000000,0.000000
demand/untaken_nested,101,2,378656,0.050001708,7572861,764858992,0.000000,0.000000
demand/untaken_nested,101,3,382080,0.050002750,7641180,771759153,0.000000,0.000000
demand/untaken_nested,101,4,378336,0.050004250,7566077,764173765,0.000000,0.000000
demand/untaken_nested,101,5,380224,0.050002042,7604169,768021114,0.000000,0.000000
demand/untaken_nested,101,6,380352,0.050003250,7606546,768261103,0.000000,0.000000
demand/nested,500,0,142304,0.050003583,2845876,1422938032,0.000000,0.000000
demand/nested,500,1,141792,0.050001875,2835734,1417866830,0.000000,0.000000
demand/nested,500,2,142272,0.050002208,2845314,1422657175,0.000000,0.000000
demand/nested,500,3,142240,0.050010541,2844200,1422100193,0.000000,0.000000
demand/nested,500,4,142528,0.050002458,2850420,1425209937,0.000000,0.000000
demand/nested,500,5,142336,0.050009459,2846182,1423090780,0.000000,0.000000
demand/nested,500,6,142208,0.050003292,2843973,1421986376,0.000000,0.000000
demand/branch,500,0,135808,0.050009583,2715640,1357819760,0.000000,0.000000
demand/branch,500,1,137120,0.050001542,2742315,1371157713,0.000000,0.000000
demand/branch,500,2,137024,0.050005709,2740167,1370083564,0.000000,0.000000
demand/branch,500,3,137248,0.050000083,2744955,1372477722,0.000000,0.000000
demand/branch,500,4,137120,0.050005792,2742082,1371041179,0.000000,0.000000
demand/branch,500,5,137440,0.050003250,2748621,1374310670,0.000000,0.000000
demand/branch,500,6,137312,0.050008459,2745775,1372887735,0.000000,0.000000
demand/repeated,500,0,148960,0.050008375,2978701,1489350534,0.000000,0.000000
demand/repeated,500,1,149088,0.050010292,2981146,1490573180,0.000000,0.000000
demand/repeated,500,2,149728,0.050009500,2993991,1496995571,0.000000,0.000000
demand/repeated,500,3,148992,0.050009292,2979286,1489643165,0.000000,0.000000
demand/repeated,500,4,149696,0.050009333,2993361,1496680630,0.000000,0.000000
demand/repeated,500,5,149952,0.050007625,2998583,1499291358,0.000000,0.000000
demand/repeated,500,6,149344,0.050000125,2986873,1493436266,0.000000,0.000000
demand/untaken_nested,501,0,144960,0.050004375,2898946,1452372117,0.000000,0.000000
demand/untaken_nested,501,1,144864,0.050000541,2897249,1451521575,0.000000,0.000000
demand/untaken_nested,501,2,145088,0.050005958,2901414,1453608548,0.000000,0.000000
demand/untaken_nested,501,3,145408,0.050003833,2907937,1456876476,0.000000,0.000000
demand/untaken_nested,501,4,145760,0.050007292,2914775,1460302230,0.000000,0.000000
demand/untaken_nested,501,5,146080,0.050005958,2921252,1463547204,0.000000,0.000000
demand/untaken_nested,501,6,145536,0.050007416,2910288,1458054461,0.000000,0.000000
demand/nested,1024,0,79840,0.050016500,1596273,1634583787,0.000000,0.000000
demand/nested,1024,1,80192,0.050013417,1603410,1641891575,0.000000,0.000000
demand/nested,1024,2,80288,0.050002417,1605682,1644218758,0.000000,0.000000
demand/nested,1024,3,80192,0.050005334,1603669,1642156975,0.000000,0.000000
demand/nested,1024,4,80320,0.050004125,1606267,1644817903,0.000000,0.000000
demand/nested,1024,5,80128,0.050010417,1602226,1640679621,0.000000,0.000000
demand/nested,1024,6,80352,0.050009959,1606720,1645281253,0.000000,0.000000
demand/branch,1024,0,76736,0.050000333,1534710,1571542814,0.000000,0.000000
demand/branch,1024,1,76672,0.050013708,1533020,1569812180,0.000000,0.000000
demand/branch,1024,2,77856,0.050013750,1556692,1594052516,0.000000,0.000000
demand/branch,1024,3,78176,0.050017291,1562979,1600490998,0.000000,0.000000
demand/branch,1024,4,77984,0.050011625,1559317,1596741078,0.000000,0.000000
demand/branch,1024,5,78144,0.050019166,1562281,1599775894,0.000000,0.000000
demand/branch,1024,6,78368,0.050015000,1566890,1604495291,0.000000,0.000000
demand/repeated,1024,0,82112,0.050002708,1642151,1681562687,0.000000,0.000000
demand/repeated,1024,1,82144,0.050016833,1642327,1681742944,0.000000,0.000000
demand/repeated,1024,2,82368,0.050018459,1646752,1686274101,0.000000,0.000000
demand/repeated,1024,3,82016,0.050008291,1640048,1679409200,0.000000,0.000000
demand/repeated,1024,4,82112,0.050016708,1641691,1681092006,0.000000,0.000000
demand/repeated,1024,5,82080,0.050009875,1641276,1680666468,0.000000,0.000000
demand/repeated,1024,6,82144,0.050001084,1642844,1682272648,0.000000,0.000000
demand/untaken_nested,1025,0,80064,0.050009167,1600986,1641011137,0.000000,0.000000
demand/untaken_nested,1025,1,80288,0.050006125,1605563,1645702401,0.000000,0.000000
demand/untaken_nested,1025,2,80320,0.050003583,1606285,1646442016,0.000000,0.000000
demand/untaken_nested,1025,3,80160,0.050015833,1602692,1642759804,0.000000,0.000000
demand/untaken_nested,1025,4,80512,0.050014958,1609758,1650002385,0.000000,0.000000
demand/untaken_nested,1025,5,80832,0.050019000,1616026,1656426558,0.000000,0.000000
demand/untaken_nested,1025,6,80896,0.050000625,1617900,1658347271,0.000000,0.000000
demand/nested,10240,0,9280,0.050062416,185369,1898174471,0.000000,0.000000
demand/nested,10240,1,9312,0.050144458,185703,1901603563,0.000000,0.000000
demand/nested,10240,2,9280,0.050043917,185437,1898876141,0.000000,0.000000
demand/nested,10240,3,9280,0.050107750,185201,1896457135,0.000000,0.000000
demand/nested,10240,4,9280,0.050130750,185116,1895587040,0.000000,0.000000
demand/nested,10240,5,9312,0.050138583,185725,1901826384,0.000000,0.000000
demand/nested,10240,6,9280,0.050011708,185557,1900099073,0.000000,0.000000
demand/branch,10240,0,9248,0.050049250,184778,1892126655,0.000000,0.000000
demand/branch,10240,1,9184,0.050068875,183427,1878295847,0.000000,0.000000
demand/branch,10240,2,9280,0.050114167,185177,1896214298,0.000000,0.000000
demand/branch,10240,3,9216,0.050105084,183933,1883478331,0.000000,0.000000
demand/branch,10240,4,9280,0.050102541,185220,1896654303,0.000000,0.000000
demand/branch,10240,5,9280,0.050091542,185261,1897070767,0.000000,0.000000
demand/branch,10240,6,9280,0.050120334,185154,1895980980,0.000000,0.000000
demand/repeated,10240,0,9312,0.050018667,186170,1906385870,0.000000,0.000000
demand/repeated,10240,1,9344,0.050090166,186544,1910206486,0.000000,0.000000
demand/repeated,10240,2,9344,0.050057542,186665,1911451425,0.000000,0.000000
demand/repeated,10240,3,9376,0.050149708,186960,1914472563,0.000000,0.000000
demand/repeated,10240,4,9376,0.050138875,187001,1914886204,0.000000,0.000000
demand/repeated,10240,5,9344,0.050124375,186416,1908902804,0.000000,0.000000
demand/repeated,10240,6,9344,0.050112333,186461,1909361514,0.000000,0.000000
demand/untaken_nested,10241,0,9344,0.050134875,186377,1908689390,0.000000,0.000000
demand/untaken_nested,10241,1,9344,0.050087458,186554,1910496316,0.000000,0.000000
demand/untaken_nested,10241,2,9344,0.050059916,186656,1911547434,0.000000,0.000000
demand/untaken_nested,10241,3,9344,0.050113542,186457,1909501907,0.000000,0.000000
demand/untaken_nested,10241,4,9312,0.050018166,186172,1906591137,0.000000,0.000000
demand/untaken_nested,10241,5,9344,0.050109083,186473,1909671825,0.000000,0.000000
demand/untaken_nested,10241,6,9344,0.050057958,186664,1911622204,0.000000,0.000000
demand/nested,1048576,0,96,0.051710459,1856,1946671872,0.000000,0.000000
demand/nested,1048576,1,96,0.051557875,1862,1952432989,0.000000,0.000000
demand/nested,1048576,2,96,0.051633208,1859,1949584384,0.000000,0.000000
demand/nested,1048576,3,96,0.054124208,1774,1859857164,0.000000,0.000000
demand/nested,1048576,4,96,0.051588500,1861,1951273947,0.000000,0.000000
demand/nested,1048576,5,96,0.051582042,1861,1951518244,0.000000,0.000000
demand/nested,1048576,6,96,0.051578000,1861,1951671178,0.000000,0.000000
demand/branch,1048576,0,96,0.051566375,1862,1952111158,0.000000,0.000000
demand/branch,1048576,1,96,0.051588208,1861,1951284991,0.000000,0.000000
demand/branch,1048576,2,96,0.051614459,1860,1950292572,0.000000,0.000000
demand/branch,1048576,3,96,0.051610875,1860,1950428006,0.000000,0.000000
demand/branch,1048576,4,96,0.051792667,1854,1943582013,0.000000,0.000000
demand/branch,1048576,5,96,0.051649542,1859,1948967834,0.000000,0.000000
demand/branch,1048576,6,96,0.051589959,1861,1951218763,0.000000,0.000000
demand/repeated,1048576,0,96,0.051588792,1861,1951262902,0.000000,0.000000
demand/repeated,1048576,1,96,0.051609750,1860,1950470522,0.000000,0.000000
demand/repeated,1048576,2,96,0.051580917,1861,1951560807,0.000000,0.000000
demand/repeated,1048576,3,96,0.051610833,1860,1950429593,0.000000,0.000000
demand/repeated,1048576,4,96,0.051613250,1860,1950338256,0.000000,0.000000
demand/repeated,1048576,5,96,0.051648917,1859,1948991418,0.000000,0.000000
demand/repeated,1048576,6,96,0.051611625,1860,1950399663,0.000000,0.000000
demand/untaken_nested,1048577,0,96,0.051589458,1861,1951239573,0.000000,0.000000
demand/untaken_nested,1048577,1,96,0.051562208,1862,1952270779,0.000000,0.000000
demand/untaken_nested,1048577,2,96,0.051573500,1861,1951843330,0.000000,0.000000
demand/untaken_nested,1048577,3,96,0.051558167,1862,1952423793,0.000000,0.000000
demand/untaken_nested,1048577,4,96,0.051618958,1860,1950124448,0.000000,0.000000
demand/untaken_nested,1048577,5,96,0.051621541,1860,1950026870,0.000000,0.000000
demand/untaken_nested,1048577,6,96,0.051558750,1862,1952401716,0.000000,0.000000
demand/nested_fold,546,0,12864,0.050093333,256801,140213150,0.000000,0.000000
demand/nested_fold,546,1,13120,0.050072125,262022,143064030,0.000000,0.000000
demand/nested_fold,546,2,13184,0.050088500,263214,143714905,0.000000,0.000000
demand/nested_fold,546,3,13120,0.050082417,261968,143034630,0.000000,0.000000
demand/nested_fold,546,4,13184,0.050068541,263319,143772194,0.000000,0.000000
demand/nested_fold,546,5,13248,0.050069125,264594,144468432,0.000000,0.000000
demand/nested_fold,546,6,13248,0.050047750,264707,144530134,0.000000,0.000000
demand/nested_fold_plan,546,0,30176,0.050042958,603002,329239051,0.000000,0.000000
demand/nested_fold_plan,546,1,29664,0.050007041,593196,323885270,0.000000,0.000000
demand/nested_fold_plan,546,2,30240,0.050047000,604232,329910684,0.000000,0.000000
demand/nested_fold_plan,546,3,30784,0.050000750,615671,336156238,0.000000,0.000000
demand/nested_fold_plan,546,4,29472,0.050006375,589365,321793211,0.000000,0.000000
demand/nested_fold_plan,546,5,30272,0.050043917,604909,330280142,0.000000,0.000000
demand/nested_fold_plan,546,6,30784,0.050029291,615320,335964465,0.000000,0.000000
demand/nested_fold,8454,0,864,0.051356542,16824,142226398,0.000000,0.000000
demand/nested_fold,8454,1,800,0.050007208,15998,135244503,0.000000,0.000000
demand/nested_fold,8454,2,864,0.051892417,16650,140757676,0.000000,0.000000
demand/nested_fold,8454,3,864,0.051463125,16789,141931840,0.000000,0.000000
demand/nested_fold,8454,4,864,0.051467000,16787,141921153,0.000000,0.000000
demand/nested_fold,8454,5,832,0.051009958,16311,137889312,0.000000,0.000000
demand/nested_fold,8454,6,864,0.051120625,16901,142882760,0.000000,0.000000
demand/nested_fold_plan,8454,0,2016,0.050751084,39723,335820689,0.000000,0.000000
demand/nested_fold_plan,8454,1,1984,0.050400084,39365,332791826,0.000000,0.000000
demand/nested_fold_plan,8454,2,1920,0.050288584,38180,322770671,0.000000,0.000000
demand/nested_fold_plan,8454,3,1984,0.050778666,39072,330310686,0.000000,0.000000
demand/nested_fold_plan,8454,4,1952,0.050756750,38458,325123417,0.000000,0.000000
demand/nested_fold_plan,8454,5,1920,0.050188375,38256,323415133,0.000000,0.000000
demand/nested_fold_plan,8454,6,1920,0.050342958,38138,322422056,0.000000,0.000000
demand/nested_fold,67478,0,128,0.063980500,2001,134997132,0.000000,0.000000
demand/nested_fold,67478,1,128,0.060655208,2110,142398061,0.000000,0.000000
demand/nested_fold,67478,2,128,0.060965708,2100,141672824,0.000000,0.000000
demand/nested_fold,67478,3,128,0.060732083,2108,142217813,0.000000,0.000000
demand/nested_fold,67478,4,128,0.060722625,2108,142239964,0.000000,0.000000
demand/nested_fold,67478,5,128,0.060365250,2120,143082055,0.000000,0.000000
demand/nested_fold,67478,6,128,0.060274167,2124,143298272,0.000000,0.000000
demand/nested_fold_plan,67478,0,256,0.053440250,4790,323246392,0.000000,0.000000
demand/nested_fold_plan,67478,1,256,0.053327375,4801,323930589,0.000000,0.000000
demand/nested_fold_plan,67478,2,256,0.051241083,4996,337119495,0.000000,0.000000
demand/nested_fold_plan,67478,3,256,0.053158375,4816,324960423,0.000000,0.000000
demand/nested_fold_plan,67478,4,256,0.053383417,4795,323590526,0.000000,0.000000
demand/nested_fold_plan,67478,5,256,0.051821833,4940,333341509,0.000000,0.000000
demand/nested_fold_plan,67478,6,256,0.050839542,5035,339782133,0.000000,0.000000
demand/wide_nested,1137,0,42176,0.050029959,843015,958507921,0.000000,0.000000
demand/wide_nested,1137,1,42016,0.050005500,840228,955338753,0.000000,0.000000
demand/wide_nested,1137,2,41472,0.050019791,829112,942700140,0.000000,0.000000
demand/wide_nested,1137,3,41952,0.050032958,838487,953360063,0.000000,0.000000
demand/wide_nested,1137,4,42528,0.050016084,850286,966775728,0.000000,0.000000
demand/wide_nested,1137,5,43040,0.050013917,860560,978457256,0.000000,0.000000
demand/wide_nested,1137,6,42272,0.050034625,844855,960600064,0.000000,0.000000
demand/wide_nested,38497,0,1440,0.050073708,28758,1107081585,0.000000,0.000000
demand/wide_nested,38497,1,1472,0.050111666,29374,1130826183,0.000000,0.000000
demand/wide_nested,38497,2,1504,0.051027916,29474,1134662995,0.000000,0.000000
demand/wide_nested,38497,3,1504,0.051040125,29467,1134391579,0.000000,0.000000
demand/wide_nested,38497,4,1504,0.051081000,29443,1133483839,0.000000,0.000000
demand/wide_nested,38497,5,1504,0.051035958,29469,1134484200,0.000000,0.000000
demand/wide_nested,38497,6,1504,0.051039500,29467,1134405470,0.000000,0.000000
demand/wide_nested,323265,0,192,0.055788209,3442,1112544767,0.000000,0.000000
demand/wide_nested,323265,1,192,0.058944167,3257,1052977473,0.000000,0.000000
demand/wide_nested,323265,2,192,0.058777667,3267,1055960251,0.000000,0.000000
demand/wide_nested,323265,3,192,0.059589791,3222,1041569016,0.000000,0.000000
demand/wide_nested,323265,4,192,0.059277333,3239,1047059253,0.000000,0.000000
demand/wide_nested,323265,5,192,0.058233917,3297,1065820113,0.000000,0.000000
demand/wide_nested,323265,6,192,0.055191041,3479,1124582521,0.000000,0.000000
demand/repeated_lookup,100,0,96224,0.050006875,1924215,192421542,0.000000,0.000000
demand/repeated_lookup,100,1,98272,0.050007958,1965127,196512723,0.000000,0.000000
demand/repeated_lookup,100,2,109920,0.050002250,2198301,219830108,0.000000,0.000000
demand/repeated_lookup,100,3,109824,0.050011042,2195995,219599504,0.000000,0.000000
demand/repeated_lookup,100,4,103360,0.050006625,2066926,206692613,0.000000,0.000000
demand/repeated_lookup,100,5,103264,0.050009125,2064903,206490316,0.000000,0.000000
demand/repeated_lookup,100,6,105024,0.050013375,2099918,209991827,0.000000,0.000000
demand/repeated_lookup,500,0,75744,0.050019166,1514300,757149769,0.000000,0.000000
demand/repeated_lookup,500,1,71936,0.050006875,1438522,719261102,0.000000,0.000000
demand/repeated_lookup,500,2,71712,0.050021875,1433613,716806397,0.000000,0.000000
demand/repeated_lookup,500,3,71616,0.050005500,1432162,716081231,0.000000,0.000000
demand/repeated_lookup,500,4,72928,0.050021875,1457922,728961080,0.000000,0.000000
demand/repeated_lookup,500,5,72736,0.050008834,1454463,727231513,0.000000,0.000000
demand/repeated_lookup,500,6,72800,0.050000500,1455985,727992720,0.000000,0.000000
demand/repeated_lookup,10240,0,8704,0.050107000,173708,1778772627,0.000000,0.000000
demand/repeated_lookup,10240,1,8736,0.050181166,174089,1782673603,0.000000,0.000000
demand/repeated_lookup,10240,2,8704,0.050065292,173853,1780254472,0.000000,0.000000
demand/repeated_lookup,10240,3,8704,0.050039791,173942,1781161716,0.000000,0.000000
demand/repeated_lookup,10240,4,8736,0.050159417,174165,1783446566,0.000000,0.000000
demand/repeated_lookup,10240,5,8736,0.050012917,174675,1788670715,0.000000,0.000000
demand/repeated_lookup,10240,6,8736,0.050019542,174652,1788433809,0.000000,0.000000
demand/repeated_lookup,1048576,0,96,0.051751375,1855,1945132781,0.000000,0.000000
demand/repeated_lookup,1048576,1,96,0.051820084,1853,1942553702,0.000000,0.000000
demand/repeated_lookup,1048576,2,96,0.051782917,1854,1943947963,0.000000,0.000000
demand/repeated_lookup,1048576,3,96,0.051817834,1853,1942638050,0.000000,0.000000
demand/repeated_lookup,1048576,4,96,0.051803500,1853,1943175577,0.000000,0.000000
demand/repeated_lookup,1048576,5,96,0.051889500,1850,1939955020,0.000000,0.000000
demand/repeated_lookup,1048576,6,96,0.051754708,1855,1945007515,0.000000,0.000000
compile/scoped_path,0,0,30016,0.050041458,599823,0,41.000000,4157.000000
compile/scoped_path,0,1,30144,0.050016000,602687,0,41.000000,4157.000000
compile/scoped_path,0,2,30464,0.050020541,609030,0,41.000000,4157.000000
compile/scoped_path,0,3,30752,0.050045000,614487,0,41.000000,4157.000000
compile/scoped_path,0,4,30752,0.050047083,614461,0,41.000000,4157.000000
compile/scoped_path,0,5,30880,0.050013167,617437,0,41.000000,4157.000000
compile/scoped_path,0,6,30912,0.050035417,617802,0,41.000000,4157.000000
tuple/index,100,0,95168,0.050012916,1902868,190286845,9.000000,800.000000
tuple/index,100,1,95360,0.050005792,1906979,190697910,9.000000,800.000000
tuple/index,100,2,95584,0.050008167,1911368,191136780,9.000000,800.000000
tuple/index,100,3,95328,0.050003125,1906441,190644085,9.000000,800.000000
tuple/index,100,4,95648,0.050008541,1912633,191263328,9.000000,800.000000
tuple/index,100,5,96224,0.050012583,1923996,192399581,9.000000,800.000000
tuple/index,100,6,96160,0.050013042,1922698,192269848,9.000000,800.000000
tuple/filter_sum,100,0,59424,0.050018625,1188037,118803746,10.000000,1184.000000
tuple/filter_sum,100,1,59776,0.050019916,1195044,119504399,10.000000,1184.000000
tuple/filter_sum,100,2,59968,0.050006459,1199205,119920509,10.000000,1184.000000
tuple/filter_sum,100,3,59872,0.050026583,1196804,119680371,10.000000,1184.000000
tuple/filter_sum,100,4,59392,0.050014958,1187485,118748475,10.000000,1184.000000
tuple/filter_sum,100,5,59616,0.050023708,1191755,119175492,10.000000,1184.000000
tuple/filter_sum,100,6,58752,0.050005959,1174900,117489998,10.000000,1184.000000
tuple/plan_leaves,100,0,43008,0.050015208,859898,85989845,15.000000,1392.000000
tuple/plan_leaves,100,1,43104,0.050034875,861479,86147912,15.000000,1392.000000
tuple/plan_leaves,100,2,43136,0.050004000,862651,86265099,15.000000,1392.000000
tuple/plan_leaves,100,3,42784,0.050018583,855362,85536210,15.000000,1392.000000
tuple/plan_leaves,100,4,43168,0.050004708,863279,86327871,15.000000,1392.000000
tuple/plan_leaves,100,5,42880,0.050000333,857594,85759429,15.000000,1392.000000
tuple/plan_leaves,100,6,43072,0.050036084,860819,86081876,15.000000,1392.000000
tuple/kept,100,0,69824,0.050003000,1396396,139639622,11.000000,944.000000
tuple/kept,100,1,70432,0.050018833,1408110,140810962,11.000000,944.000000
tuple/kept,100,2,70272,0.050008875,1405191,140519058,11.000000,944.000000
tuple/kept,100,3,70496,0.050011917,1409584,140958404,11.000000,944.000000
tuple/kept,100,4,70464,0.050022333,1408651,140865081,11.000000,944.000000
tuple/kept,100,5,70560,0.050012167,1410857,141085668,11.000000,944.000000
tuple/kept,100,6,70624,0.050021958,1411860,141185997,11.000000,944.000000
tuple/ordered,100,0,44256,0.050020958,884749,88474915,19.000000,1592.000000
tuple/ordered,100,1,44800,0.050001208,895978,89597835,19.000000,1592.000000
tuple/ordered,100,2,44800,0.050005125,895908,89590817,19.000000,1592.000000
tuple/ordered,100,3,44800,0.050009458,895831,89583054,19.000000,1592.000000
tuple/ordered,100,4,44416,0.050017000,888018,88801807,19.000000,1592.000000
tuple/ordered,100,5,44256,0.050017250,884815,88481474,19.000000,1592.000000
tuple/ordered,100,6,44864,0.050001042,897261,89726130,19.000000,1592.000000
tuple/index,500,0,53312,0.050009292,1066042,533020943,9.000000,800.000000
tuple/index,500,1,53344,0.050001500,1066848,533423997,9.000000,800.000000
tuple/index,500,2,53216,0.050017750,1063942,531971150,9.000000,800.000000
tuple/index,500,3,53504,0.050001083,1070057,535028411,9.000000,800.000000
tuple/index,500,4,53344,0.050011458,1066636,533317785,9.000000,800.000000
tuple/index,500,5,53472,0.050003167,1069372,534686133,9.000000,800.000000
tuple/index,500,6,52640,0.050006750,1052658,526328946,9.000000,800.000000
tuple/filter_sum,500,0,39680,0.050003875,793539,396769250,10.000000,1184.000000
tuple/filter_sum,500,1,39712,0.050028417,793789,396894429,10.000000,1184.000000
tuple/filter_sum,500,2,39936,0.050012625,798518,399259187,10.000000,1184.000000
tuple/filter_sum,500,3,39840,0.050000542,796791,398395681,10.000000,1184.000000
tuple/filter_sum,500,4,39904,0.050006042,797984,398991786,10.000000,1184.000000
tuple/filter_sum,500,5,39808,0.050021709,795814,397907237,10.000000,1184.000000
tuple/filter_sum,500,6,39872,0.050001958,797409,398704387,10.000000,1184.000000
tuple/plan_leaves,500,0,31776,0.050001500,635501,317750467,15.000000,1392.000000
tuple/plan_leaves,500,1,31488,0.050011084,629620,314810213,15.000000,1392.000000
tuple/plan_leaves,500,2,31712,0.050049417,633614,316806887,15.000000,1392.000000
tuple/plan_leaves,500,3,31808,0.050006083,636083,318041307,15.000000,1392.000000
tuple/plan_leaves,500,4,31840,0.050013833,636624,318311936,15.000000,1392.000000
tuple/plan_leaves,500,5,31840,0.050021458,636527,318263414,15.000000,1392.000000
tuple/plan_leaves,500,6,31648,0.050043583,632409,316204377,15.000000,1392.000000
tuple/kept,500,0,44224,0.050021791,884095,442047347,11.000000,944.000000
tuple/kept,500,1,44320,0.050023459,885984,442992157,11.000000,944.000000
tuple/kept,500,2,44352,0.050008292,886893,443446459,11.000000,944.000000
tuple/kept,500,3,44384,0.050023542,887262,443631121,11.000000,944.000000
tuple/kept,500,4,44448,0.050026084,888496,444248245,11.000000,944.000000
tuple/kept,500,5,43904,0.050035833,877451,438725583,11.000000,944.000000
tuple/kept,500,6,43872,0.050000500,877431,438715613,11.000000,944.000000
tuple/ordered,500,0,32416,0.050000917,648308,324154055,19.000000,1592.000000
tuple/ordered,500,1,32608,0.050032042,651742,325871169,19.000000,1592.000000
tuple/ordered,500,2,32448,0.050031125,648556,324278137,19.000000,1592.000000
tuple/ordered,500,3,32672,0.050016167,653229,326614393,19.000000,1592.000000
tuple/ordered,500,4,32672,0.050040291,652914,326456934,19.000000,1592.000000
tuple/ordered,500,5,32704,0.050035834,653612,326805785,19.000000,1592.000000
tuple/ordered,500,6,32672,0.050039334,652926,326463178,19.000000,1592.000000
tuple/index,1024,0,33824,0.050003792,676429,692662988,9.000000,800.000000
tuple/index,1024,1,33760,0.050027000,674836,691031643,9.000000,800.000000
tuple/index,1024,2,33696,0.050017417,673685,689853776,9.000000,800.000000
tuple/index,1024,3,33664,0.050041166,672726,688871558,9.000000,800.000000
tuple/index,1024,4,33792,0.050025583,675494,691706242,9.000000,800.000000
tuple/index,1024,5,33728,0.050031042,674141,690320861,9.000000,800.000000
tuple/index,1024,6,33728,0.050006250,674476,690663107,9.000000,800.000000
tuple/filter_sum,1024,0,27968,0.050047250,558832,572243870,10.000000,1184.000000
tuple/filter_sum,1024,1,28032,0.050031959,560282,573728644,10.000000,1184.000000
tuple/filter_sum,1024,2,28032,0.050036292,560233,573678961,10.000000,1184.000000
tuple/filter_sum,1024,3,28160,0.050042500,562722,576227007,10.000000,1184.000000
tuple/filter_sum,1024,4,28096,0.050005917,561854,575337995,10.000000,1184.000000
tuple/filter_sum,1024,5,27936,0.050044458,558224,571621017,10.000000,1184.000000
tuple/filter_sum,1024,6,27712,0.050028709,553922,567216076,10.000000,1184.000000
tuple/plan_leaves,1024,0,23616,0.050015334,472175,483507398,15.000000,1392.000000
tuple/plan_leaves,1024,1,23616,0.050045292,471893,483217962,15.000000,1392.000000
tuple/plan_leaves,1024,2,23680,0.050041458,473208,484564618,15.000000,1392.000000
tuple/plan_leaves,1024,3,23648,0.050063666,472359,483695141,15.000000,1392.000000
tuple/plan_leaves,1024,4,23648,0.050022500,472747,484093198,15.000000,1392.000000
tuple/plan_leaves,1024,5,23712,0.050012333,474123,485502006,15.000000,1392.000000
tuple/plan_leaves,1024,6,23680,0.050002500,473576,484942153,15.000000,1392.000000
tuple/kept,1024,0,29984,0.050005583,599613,614003760,11.000000,944.000000
tuple/kept,1024,1,29984,0.050020708,599432,613818101,11.000000,944.000000
tuple/kept,1024,2,29952,0.050017500,598830,613202339,11.000000,944.000000
tuple/kept,1024,3,29984,0.050018708,599456,613842645,11.000000,944.000000
tuple/kept,1024,4,29920,0.050028167,598063,612416601,11.000000,944.000000
tuple/kept,1024,5,29952,0.050017708,598828,613199789,11.000000,944.000000
tuple/kept,1024,6,29920,0.050041875,597899,612248842,11.000000,944.000000
tuple/ordered,1024,0,24096,0.050051125,481428,492982006,19.000000,1592.000000
tuple/ordered,1024,1,24032,0.050039834,480257,491783566,19.000000,1592.000000
tuple/ordered,1024,2,24160,0.050051375,482704,494288918,19.000000,1592.000000
tuple/ordered,1024,3,24192,0.050030625,483544,495148881,19.000000,1592.000000
tuple/ordered,1024,4,24224,0.050042542,484068,495685771,19.000000,1592.000000
tuple/ordered,1024,5,24128,0.050008167,482481,494060740,19.000000,1592.000000
tuple/ordered,1024,6,24288,0.050061667,485162,496805510,19.000000,1592.000000
tuple/index,10240,0,4640,0.050193375,92442,946610982,9.000000,800.000000
tuple/index,10240,1,4640,0.050094084,92626,948487251,9.000000,800.000000
tuple/index,10240,2,4640,0.050175417,92476,946949778,9.000000,800.000000
tuple/index,10240,3,4640,0.050144041,92533,947542301,9.000000,800.000000
tuple/index,10240,4,4640,0.050337583,92178,943899114,9.000000,800.000000
tuple/index,10240,5,4640,0.050197958,92434,946524558,9.000000,800.000000
tuple/index,10240,6,4640,0.050221167,92391,946087135,9.000000,800.000000
tuple/filter_sum,10240,0,4512,0.050245250,89800,919547221,10.000000,1184.000000
tuple/filter_sum,10240,1,4512,0.050233542,89820,919761541,10.000000,1184.000000
tuple/filter_sum,10240,2,4512,0.050240250,89808,919638736,10.000000,1184.000000
tuple/filter_sum,10240,3,4512,0.050263500,89767,919213346,10.000000,1184.000000
tuple/filter_sum,10240,4,4512,0.050282250,89733,918870576,10.000000,1184.000000
tuple/filter_sum,10240,5,4512,0.050208291,89866,920224112,10.000000,1184.000000
tuple/filter_sum,10240,6,4512,0.050324584,89658,918097604,10.000000,1184.000000
tuple/plan_leaves,10240,0,4384,0.050363458,87047,891363734,15.000000,1392.000000
tuple/plan_leaves,10240,1,4384,0.050314875,87131,892224417,15.000000,1392.000000
tuple/plan_leaves,10240,2,4384,0.050188875,87350,894464361,15.000000,1392.000000
tuple/plan_leaves,10240,3,4384,0.050215625,87304,893987877,15.000000,1392.000000
tuple/plan_leaves,10240,4,4384,0.050221000,87294,893892196,15.000000,1392.000000
tuple/plan_leaves,10240,5,4384,0.050213250,87308,894030161,15.000000,1392.000000
tuple/plan_leaves,10240,6,4384,0.050196542,87337,894327741,15.000000,1392.000000
tuple/kept,10240,0,4544,0.050030708,90824,930040007,11.000000,944.000000
tuple/kept,10240,1,4544,0.050066583,90759,929373590,11.000000,944.000000
tuple/kept,10240,2,4544,0.050107208,90686,928620090,11.000000,944.000000
tuple/kept,10240,3,4544,0.050046709,90795,929742653,11.000000,944.000000
tuple/kept,10240,4,4544,0.050109625,90681,928575299,11.000000,944.000000
tuple/kept,10240,5,4544,0.050137209,90631,928064424,11.000000,944.000000
tuple/kept,10240,6,4544,0.050070042,90753,929309386,11.000000,944.000000
tuple/ordered,10240,0,4384,0.050071208,87555,896566346,19.000000,1592.000000
tuple/ordered,10240,1,4384,0.050043459,87604,897063490,19.000000,1592.000000
tuple/ordered,10240,2,4384,0.050198959,87332,894284680,19.000000,1592.000000
tuple/ordered,10240,3,4384,0.050080791,87539,896394787,19.000000,1592.000000
tuple/ordered,10240,4,4384,0.050240916,87260,893537849,19.000000,1592.000000
tuple/ordered,10240,5,4384,0.050134667,87444,895431499,19.000000,1592.000000
tuple/ordered,10240,6,4384,0.050214500,87305,894007906,19.000000,1592.000000
tuple/index,1048576,0,64,0.067857417,943,988968737,9.000000,800.000000
tuple/index,1048576,1,64,0.067900666,943,988338818,9.000000,800.000000
tuple/index,1048576,2,64,0.067926084,942,987968981,9.000000,800.000000
tuple/index,1048576,3,64,0.067905375,942,988270281,9.000000,800.000000
tuple/index,1048576,4,64,0.067904333,943,988285446,9.000000,800.000000
tuple/index,1048576,5,64,0.067961084,942,987460176,9.000000,800.000000
tuple/index,1048576,6,64,0.067870584,943,988776876,9.000000,800.000000
tuple/filter_sum,1048576,0,64,0.067901834,943,988321818,10.000000,1184.000000
tuple/filter_sum,1048576,1,64,0.067898292,943,988373375,10.000000,1184.000000
tuple/filter_sum,1048576,2,64,0.067912792,942,988162348,10.000000,1184.000000
tuple/filter_sum,1048576,3,64,0.067956500,942,987526786,10.000000,1184.000000
tuple/filter_sum,1048576,4,64,0.067943250,942,987719369,10.000000,1184.000000
tuple/filter_sum,1048576,5,64,0.067859000,943,988945667,10.000000,1184.000000
tuple/filter_sum,1048576,6,64,0.067984584,941,987118844,10.000000,1184.000000
tuple/plan_leaves,1048576,0,64,0.067811667,944,989635957,15.000000,1392.000000
tuple/plan_leaves,1048576,1,64,0.068105625,940,985364483,15.000000,1392.000000
tuple/plan_leaves,1048576,2,64,0.067985291,941,987108579,15.000000,1392.000000
tuple/plan_leaves,1048576,3,64,0.067930208,942,987909002,15.000000,1392.000000
tuple/plan_leaves,1048576,4,64,0.067973291,942,987282843,15.000000,1392.000000
tuple/plan_leaves,1048576,5,64,0.067932125,942,987881124,15.000000,1392.000000
tuple/plan_leaves,1048576,6,64,0.067938375,942,987790244,15.000000,1392.000000
tuple/kept,1048576,0,64,0.067913958,942,988145382,11.000000,944.000000
tuple/kept,1048576,1,64,0.067902208,943,988316374,11.000000,944.000000
tuple/kept,1048576,2,64,0.067833083,943,989323513,11.000000,944.000000
tuple/kept,1048576,3,64,0.067911125,942,988186604,11.000000,944.000000
tuple/kept,1048576,4,64,0.067898000,943,988377625,11.000000,944.000000
tuple/kept,1048576,5,64,0.067911750,942,988177510,11.000000,944.000000
tuple/kept,1048576,6,64,0.067911333,942,988183578,11.000000,944.000000
tuple/ordered,1048576,0,64,0.067901833,943,988321832,19.000000,1592.000000
tuple/ordered,1048576,1,64,0.067996084,941,986951896,19.000000,1592.000000
tuple/ordered,1048576,2,64,0.067946542,942,987671514,19.000000,1592.000000
tuple/ordered,1048576,3,64,0.067987209,941,987080732,19.000000,1592.000000
tuple/ordered,1048576,4,64,0.068015625,941,986668343,19.000000,1592.000000
tuple/ordered,1048576,5,64,0.068053000,940,986126460,19.000000,1592.000000
tuple/ordered,1048576,6,64,0.067958084,942,987503768,19.000000,1592.000000
tuple/wide_sum,440,0,15808,0.050004084,316134,139099038,22.000000,2384.000000
tuple/wide_sum,440,1,15776,0.050021333,315385,138769593,22.000000,2384.000000
tuple/wide_sum,440,2,15840,0.050060542,316417,139223423,22.000000,2384.000000
tuple/wide_sum,440,3,15840,0.050050958,316477,139250082,22.000000,2384.000000
tuple/wide_sum,440,4,15808,0.050070542,315715,138914414,22.000000,2384.000000
tuple/wide_sum,440,5,15840,0.050037042,316565,139288809,22.000000,2384.000000
tuple/wide_sum,440,6,15840,0.050053541,316461,139242896,22.000000,2384.000000
tuple/nested_sum,440,0,8864,0.050056041,177082,77915870,70.000000,6224.000000
tuple/nested_sum,440,1,8928,0.050090000,178239,78425235,70.000000,6224.000000
tuple/nested_sum,440,2,8960,0.050003708,179187,78842153,70.000000,6224.000000
tuple/nested_sum,440,3,8928,0.050078291,178281,78443571,70.000000,6224.000000
tuple/nested_sum,440,4,8832,0.050006959,176615,77710784,70.000000,6224.000000
tuple/nested_sum,440,5,8864,0.050118125,176862,77819352,70.000000,6224.000000
tuple/nested_sum,440,6,8864,0.050133000,176810,77796262,70.000000,6224.000000
tuple/join_sum,440,0,3776,0.050162708,75275,33121019,46.000000,4688.000000
tuple/join_sum,440,1,3808,0.050281333,75734,33322903,46.000000,4688.000000
tuple/join_sum,440,2,3808,0.050240125,75796,33350235,46.000000,4688.000000
tuple/join_sum,440,3,3840,0.050372375,76232,33542195,46.000000,4688.000000
tuple/join_sum,440,4,3808,0.050067625,76057,33465138,46.000000,4688.000000
tuple/join_sum,440,5,3808,0.050100917,76007,33442901,46.000000,4688.000000
tuple/join_sum,440,6,3808,0.050221000,75825,33362936,46.000000,4688.000000
tuple/join_bound,440,0,4992,0.050264584,99314,43698362,55.000000,5616.000000
tuple/join_bound,440,1,4960,0.050321625,98566,43369029,55.000000,5616.000000
tuple/join_bound,440,2,4928,0.050016416,98528,43352167,55.000000,5616.000000
tuple/join_bound,440,3,4960,0.050197584,98810,43476196,55.000000,5616.000000
tuple/join_bound,440,4,4960,0.050127375,98948,43537089,55.000000,5616.000000
tuple/join_bound,440,5,4928,0.050116458,98331,43265627,55.000000,5616.000000
tuple/join_bound,440,6,4992,0.050281458,99281,43683697,55.000000,5616.000000
tuple/group,440,0,10400,0.050090584,207624,91354495,57.000000,5360.000000
tuple/group,440,1,10592,0.050041417,211665,93132455,57.000000,5360.000000
tuple/group,440,2,10464,0.050079417,208948,91937173,57.000000,5360.000000
tuple/group,440,3,10432,0.050120625,208138,91580662,57.000000,5360.000000
tuple/group,440,4,10400,0.050043959,207817,91439608,57.000000,5360.000000
tuple/group,440,5,10432,0.050056375,208405,91698210,57.000000,5360.000000
tuple/group,440,6,10432,0.050087750,208274,91640770,57.000000,5360.000000
tuple/negative_index,440,0,23744,0.050036500,474534,208794780,23.000000,2384.000000
tuple/negative_index,440,1,23744,0.050043666,474466,208764881,23.000000,2384.000000
tuple/negative_index,440,2,23872,0.050008459,477359,210038066,23.000000,2384.000000
tuple/negative_index,440,3,23968,0.050028500,479087,210798245,23.000000,2384.000000
tuple/negative_index,440,4,24032,0.050019541,480452,211398981,23.000000,2384.000000
tuple/negative_index,440,5,24064,0.050037375,480921,211605025,23.000000,2384.000000
tuple/negative_index,440,6,23968,0.050003083,479330,210905396,23.000000,2384.000000
tuple/wide_sum,6666,0,1120,0.051234291,21860,145721154,262.000000,26384.000000
tuple/wide_sum,6666,1,1120,0.050960375,21978,146504416,262.000000,26384.000000
tuple/wide_sum,6666,2,1120,0.051024792,21950,146319460,262.000000,26384.000000
tuple/wide_sum,6666,3,1088,0.050412334,21582,143865745,262.000000,26384.000000
tuple/wide_sum,6666,4,1088,0.050837250,21402,142663264,262.000000,26384.000000
tuple/wide_sum,6666,5,1088,0.050681667,21467,143101213,262.000000,26384.000000
tuple/wide_sum,6666,6,1088,0.050655500,21478,143175134,262.000000,26384.000000
tuple/nested_sum,6666,0,608,0.051735292,11752,78339714,1030.000000,87824.000000
tuple/nested_sum,6666,1,608,0.051493958,11807,78706865,1030.000000,87824.000000
tuple/nested_sum,6666,2,608,0.051208542,11873,79145546,1030.000000,87824.000000
tuple/nested_sum,6666,3,608,0.051317875,11848,78976926,1030.000000,87824.000000
tuple/nested_sum,6666,4,608,0.051599125,11783,78546448,1030.000000,87824.000000
tuple/nested_sum,6666,5,608,0.051688417,11763,78410759,1030.000000,87824.000000
tuple/nested_sum,6666,6,608,0.051476750,11811,78733176,1030.000000,87824.000000
tuple/join_sum,6666,0,64,0.060716917,1054,7026444,646.000000,63248.000000
tuple/join_sum,6666,1,64,0.060059041,1066,7103410,646.000000,63248.000000
tuple/join_sum,6666,2,64,0.060075750,1065,7101434,646.000000,63248.000000
tuple/join_sum,6666,3,64,0.059943083,1068,7117151,646.000000,63248.000000
tuple/join_sum,6666,4,64,0.060168458,1064,7090492,646.000000,63248.000000
tuple/join_sum,6666,5,64,0.060213250,1063,7085218,646.000000,63248.000000
tuple/join_sum,6666,6,64,0.060074542,1065,7101577,646.000000,63248.000000
tuple/join_bound,6666,0,352,0.053128833,6625,44164945,775.000000,75696.000000
tuple/join_bound,6666,1,352,0.052840625,6662,44405834,775.000000,75696.000000
tuple/join_bound,6666,2,352,0.053110167,6628,44180467,775.000000,75696.000000
tuple/join_bound,6666,3,352,0.052948375,6648,44315468,775.000000,75696.000000
tuple/join_bound,6666,4,352,0.053108875,6628,44181542,775.000000,75696.000000
tuple/join_bound,6666,5,352,0.053359375,6597,43974128,775.000000,75696.000000
tuple/join_bound,6666,6,352,0.053387625,6593,43950859,775.000000,75696.000000
tuple/group,6666,0,832,0.051833250,16051,106999117,337.000000,65840.000000
tuple/group,6666,1,832,0.051639416,16112,107400750,337.000000,65840.000000
tuple/group,6666,2,832,0.051403208,16186,107894278,337.000000,65840.000000
tuple/group,6666,3,832,0.051469541,16165,107755226,337.000000,65840.000000
tuple/group,6666,4,832,0.051394541,16188,107912473,337.000000,65840.000000
tuple/group,6666,5,832,0.051152958,16265,108422117,337.000000,65840.000000
tuple/group,6666,6,832,0.051380083,16193,107942838,337.000000,65840.000000
tuple/negative_index,6666,0,1856,0.050625500,36661,244384668,267.000000,34064.000000
tuple/negative_index,6666,1,1856,0.050747750,36573,243795952,267.000000,34064.000000
tuple/negative_index,6666,2,1856,0.050577917,36696,244614581,267.000000,34064.000000
tuple/negative_index,6666,3,1856,0.050544166,36720,244777924,267.000000,34064.000000
tuple/negative_index,6666,4,1856,0.050505709,36748,244964307,267.000000,34064.000000
tuple/negative_index,6666,5,1792,0.050027500,35820,238778112,267.000000,34064.000000
tuple/negative_index,6666,6,1824,0.050194083,36339,242235405,267.000000,34064.000000
tuple/wide_sum,56043,0,160,0.059361375,2695,151055800,2054.000000,205584.000000
tuple/wide_sum,56043,1,160,0.059083500,2708,151766229,2054.000000,205584.000000
tuple/wide_sum,56043,2,160,0.058670500,2727,152834559,2054.000000,205584.000000
tuple/wide_sum,56043,3,160,0.058738959,2724,152656434,2054.000000,205584.000000
tuple/wide_sum,56043,4,160,0.058765958,2723,152586298,2054.000000,205584.000000
tuple/wide_sum,56043,5,160,0.058938375,2715,152139926,2054.000000,205584.000000
tuple/wide_sum,56043,6,160,0.058827459,2720,152426777,2054.000000,205584.000000
tuple/nested_sum,56043,0,96,0.064092792,1498,83942793,8198.000000,697104.000000
tuple/nested_sum,56043,1,96,0.063957208,1501,84120745,8198.000000,697104.000000
tuple/nested_sum,56043,2,96,0.064945375,1478,82840818,8198.000000,697104.000000
tuple/nested_sum,56043,3,96,0.065006625,1477,82762765,8198.000000,697104.000000
tuple/nested_sum,56043,4,96,0.064728750,1483,83118058,8198.000000,697104.000000
tuple/nested_sum,56043,5,96,0.064533458,1488,83369591,8198.000000,697104.000000
tuple/nested_sum,56043,6,96,0.065260292,1471,82441065,8198.000000,697104.000000
tuple/join_sum,56043,0,32,1.657575750,19,1081927,5126.000000,500496.000000
tuple/join_sum,56043,1,32,1.659608708,19,1080602,5126.000000,500496.000000
tuple/join_sum,56043,2,32,1.656476584,19,1082645,5126.000000,500496.000000
tuple/join_sum,56043,3,32,1.655910375,19,1083015,5126.000000,500496.000000
tuple/join_sum,56043,4,32,1.652026291,19,1085561,5126.000000,500496.000000
tuple/join_sum,56043,5,32,1.652018250,19,1085567,5126.000000,500496.000000
tuple/join_sum,56043,6,32,1.650606333,19,1086495,5126.000000,500496.000000
tuple/join_bound,56043,0,64,0.076933667,832,46621358,6151.000000,598960.000000
tuple/join_bound,56043,1,64,0.076701791,834,46762298,6151.000000,598960.000000
tuple/join_bound,56043,2,64,0.076332458,838,46988556,6151.000000,598960.000000
tuple/join_bound,56043,3,64,0.076997458,831,46582733,6151.000000,598960.000000
tuple/join_bound,56043,4,64,0.077003042,831,46579355,6151.000000,598960.000000
tuple/join_bound,56043,5,64,0.076907750,832,46637068,6151.000000,598960.000000
tuple/join_bound,56043,6,64,0.076872458,833,46658479,6151.000000,598960.000000
tuple/group,56043,0,128,0.060900667,2102,117790237,2159.000000,517424.000000
tuple/group,56043,1,128,0.060823916,2104,117938871,2159.000000,517424.000000
tuple/group,56043,2,128,0.061186250,2092,117240458,2159.000000,517424.000000
tuple/group,56043,3,128,0.061143292,2093,117322829,2159.000000,517424.000000
tuple/group,56043,4,128,0.061111250,2095,117384344,2159.000000,517424.000000
tuple/group,56043,5,128,0.060986458,2099,117624539,2159.000000,517424.000000
tuple/group,56043,6,128,0.061028500,2097,117543508,2159.000000,517424.000000
tuple/negative_index,56043,0,256,0.054739125,4677,262097869,2062.000000,270608.000000
tuple/negative_index,56043,1,256,0.054547542,4693,263018414,2062.000000,270608.000000
tuple/negative_index,56043,2,256,0.054579666,4690,262863609,2062.000000,270608.000000
tuple/negative_index,56043,3,256,0.054479458,4699,263347113,2062.000000,270608.000000
tuple/negative_index,56043,4,256,0.054878083,4665,261434205,2062.000000,270608.000000
tuple/negative_index,56043,5,256,0.055362625,4624,259146094,2062.000000,270608.000000
tuple/negative_index,56043,6,256,0.055019875,4653,260760462,2062.000000,270608.000000
compile/builtins,0,0,24896,0.050020292,497718,0,53.000000,4240.000000
compile/builtins,0,1,24832,0.050034250,496300,0,53.000000,4240.000000
compile/builtins,0,2,24992,0.050038167,499459,0,53.000000,4240.000000
compile/builtins,0,3,24800,0.050011292,495888,0,53.000000,4240.000000
compile/builtins,0,4,24704,0.050026333,493820,0,53.000000,4240.000000
compile/builtins,0,5,24672,0.050039750,493048,0,53.000000,4240.000000
compile/builtins,0,6,24736,0.050053125,494195,0,53.000000,4240.000000
builtin/length,100,0,183328,0.050006208,3666105,366610482,0.000000,0.000000
builtin/length,100,1,182752,0.050005959,3654604,365460444,0.000000,0.000000
builtin/length,100,2,181664,0.050001000,3633207,363320734,0.000000,0.000000
builtin/length,100,3,184544,0.050002916,3690665,369066476,0.000000,0.000000
builtin/length,100,4,183936,0.050005459,3678318,367831840,0.000000,0.000000
builtin/length,100,5,183936,0.050008500,3678095,367809472,0.000000,0.000000
builtin/length,100,6,183872,0.050008250,3676833,367683332,0.000000,0.000000
builtin/normalize,100,0,69824,0.050003083,1396394,139639390,19.000000,363.000000
builtin/normalize,100,1,70240,0.050014625,1404389,140438922,19.000000,363.000000
builtin/normalize,100,2,70208,0.050016458,1403698,140369796,19.000000,363.000000
builtin/normalize,100,3,69984,0.050016208,1399226,139922643,19.000000,363.000000
builtin/normalize,100,4,70176,0.050021292,1402923,140292258,19.000000,363.000000
builtin/normalize,100,5,70336,0.050019625,1406168,140616808,19.000000,363.000000
builtin/normalize,100,6,70304,0.050018250,1405567,140556697,19.000000,363.000000
builtin/split_join,100,0,48000,0.050007833,959850,95984963,32.000000,749.000000
builtin/split_join,100,1,48736,0.050009333,974538,97453809,32.000000,749.000000
builtin/split_join,100,2,48672,0.050028333,972889,97288870,32.000000,749.000000
builtin/split_join,100,3,48640,0.050013125,972545,97254471,32.000000,749.000000
builtin/split_join,100,4,48896,0.050006458,977794,97779371,32.000000,749.000000
builtin/split_join,100,5,48864,0.050012292,977040,97703980,32.000000,749.000000
builtin/split_join,100,6,49312,0.050012458,985994,98599433,32.000000,749.000000
builtin/numeric,100,0,176320,0.050006500,3525942,352594163,0.000000,0.000000
builtin/numeric,100,1,176544,0.050000292,3530859,353085938,0.000000,0.000000
builtin/numeric,100,2,176384,0.050001833,3527551,352755068,0.000000,0.000000
builtin/numeric,100,3,178624,0.050004209,3572179,357217929,0.000000,0.000000
builtin/numeric,100,4,178080,0.050005417,3561214,356121418,0.000000,0.000000
builtin/numeric,100,5,177152,0.050000625,3542996,354299571,0.000000,0.000000
builtin/numeric,100,6,178464,0.050004333,3568971,356897071,0.000000,0.000000
builtin/average,100,0,189952,0.050004000,3798736,379873610,0.000000,0.000000
builtin/average,100,1,190752,0.050010083,3814271,381427081,0.000000,0.000000
builtin/average,100,2,189344,0.050001875,3786738,378673800,0.000000,0.000000
builtin/average,100,3,192640,0.050002500,3852607,385260737,0.000000,0.000000
builtin/average,100,4,191008,0.050006875,3819635,381963480,0.000000,0.000000
builtin/average,100,5,188640,0.050008500,3772159,377215873,0.000000,0.000000
builtin/average,100,6,188288,0.050002125,3765600,376559996,0.000000,0.000000
builtin/type,100,0,200608,0.050004667,4011786,401178554,0.000000,0.000000
builtin/type,100,1,200384,0.050002541,4007476,400747634,0.000000,0.000000
builtin/type,100,2,203264,0.050001000,4065199,406519870,0.000000,0.000000
builtin/type,100,3,202656,0.050000208,4053103,405310314,0.000000,0.000000
builtin/type,100,4,202720,0.050001125,4054309,405430878,0.000000,0.000000
builtin/type,100,5,200864,0.050000042,4017277,401727663,0.000000,0.000000
builtin/type,100,6,204864,0.050003792,4096969,409696929,0.000000,0.000000
builtin/keys,100,0,98880,0.050011500,1977145,197714526,8.000000,468.000000
builtin/keys,100,1,99136,0.050005917,1982485,198248539,8.000000,468.000000
builtin/keys,100,2,98720,0.050011958,1973928,197392792,8.000000,468.000000
builtin/keys,100,3,99136,0.050011583,1982261,198226079,8.000000,468.000000
builtin/keys,100,4,99456,0.050002208,1989032,198903216,8.000000,468.000000
builtin/keys,100,5,99360,0.050001916,1987124,198712385,8.000000,468.000000
builtin/keys,100,6,99680,0.050002959,1993482,199348203,8.000000,468.000000
builtin/map_builtin,100,0,102880,0.050004125,2057430,205743026,3.000000,208.000000
builtin/map_builtin,100,1,103424,0.050003042,2068354,206835416,3.000000,208.000000
builtin/map_builtin,100,2,102816,0.050003250,2056186,205618635,3.000000,208.000000
builtin/map_builtin,100,3,103360,0.050014750,2066590,206659036,3.000000,208.000000
builtin/map_builtin,100,4,103328,0.050001833,2066484,206648424,3.000000,208.000000
builtin/map_builtin,100,5,103424,0.050012792,2067951,206795094,3.000000,208.000000
builtin/map_builtin,100,6,103840,0.050008250,2076457,207645738,3.000000,208.000000
builtin/map_closure,100,0,58144,0.050026334,1162268,116226786,9.000000,888.000000
builtin/map_closure,100,1,58304,0.050018208,1165656,116565551,9.000000,888.000000
builtin/map_closure,100,2,57568,0.050007417,1151189,115118923,9.000000,888.000000
builtin/map_closure,100,3,57184,0.050016541,1143302,114330177,9.000000,888.000000
builtin/map_closure,100,4,57504,0.050023292,1149544,114954450,9.000000,888.000000
builtin/map_closure,100,5,57856,0.050017708,1156710,115671034,9.000000,888.000000
builtin/map_closure,100,6,57760,0.050016709,1154814,115481408,9.000000,888.000000
builtin/reduce,100,0,76768,0.050015417,1534887,153488673,6.000000,584.000000
builtin/reduce,100,1,77728,0.050007792,1554318,155431778,6.000000,584.000000
builtin/reduce,100,2,77312,0.050007208,1546017,154601713,6.000000,584.000000
builtin/reduce,100,3,78048,0.050008583,1560692,156069209,6.000000,584.000000
builtin/reduce,100,4,78240,0.050018750,1564213,156421342,6.000000,584.000000
builtin/reduce,100,5,78016,0.050011917,1559948,155994820,6.000000,584.000000
builtin/reduce,100,6,78304,0.050003875,1565959,156595864,6.000000,584.000000
builtin/sift,100,0,68896,0.050022833,1377291,137729105,14.000000,1140.000000
builtin/sift,100,1,68320,0.050017333,1365926,136592649,14.000000,1140.000000
builtin/sift,100,2,67904,0.050010208,1357803,135780279,14.000000,1140.000000
builtin/sift,100,3,68288,0.050001958,1365707,136570652,14.000000,1140.000000
builtin/sift,100,4,67936,0.050006541,1358542,135854228,14.000000,1140.000000
builtin/sift,100,5,68256,0.050006084,1364954,136495391,14.000000,1140.000000
builtin/sift,100,6,68416,0.050016666,1367864,136786406,14.000000,1140.000000
builtin/length,500,0,72800,0.050007833,1455772,727885969,0.000000,0.000000
builtin/length,500,1,72576,0.050016333,1451046,725523001,0.000000,0.000000
builtin/length,500,2,72800,0.050015750,1455542,727770752,0.000000,0.000000
builtin/length,500,3,72960,0.050014208,1458785,729392736,0.000000,0.000000
builtin/length,500,4,72992,0.050012250,1459482,729741213,0.000000,0.000000
builtin/length,500,5,72928,0.050021042,1457946,728973219,0.000000,0.000000
builtin/length,500,6,72864,0.050004625,1457145,728572607,0.000000,0.000000
builtin/normalize,500,0,43456,0.050034291,868524,434262174,19.000000,363.000000
builtin/normalize,500,1,43616,0.050017167,872021,436010300,19.000000,363.000000
builtin/normalize,500,2,43680,0.050030334,873070,436535163,19.000000,363.000000
builtin/normalize,500,3,43936,0.050023417,878309,439154326,19.000000,363.000000
builtin/normalize,500,4,44000,0.050014500,879745,439872437,19.000000,363.000000
builtin/normalize,500,5,43840,0.050012625,876579,438289332,19.000000,363.000000
builtin/normalize,500,6,43936,0.050004083,878648,439324125,19.000000,363.000000
builtin/split_join,500,0,34592,0.050035125,691354,345677162,32.000000,749.000000
builtin/split_join,500,1,34688,0.050044250,693147,346573283,32.000000,749.000000
builtin/split_join,500,2,34592,0.050009792,691705,345852268,32.000000,749.000000
builtin/split_join,500,3,34496,0.050029750,689510,344754871,32.000000,749.000000
builtin/split_join,500,4,34400,0.050038167,687475,343737611,32.000000,749.000000
builtin/split_join,500,5,34336,0.050017041,686486,343243016,32.000000,749.000000
builtin/split_join,500,6,34752,0.050010834,694889,347444716,32.000000,749.000000
builtin/numeric,500,0,71264,0.050006000,1425109,712554493,0.000000,0.000000
builtin/numeric,500,1,71456,0.050018083,1428603,714301666,0.000000,0.000000
builtin/numeric,500,2,70528,0.050022250,1409933,704966290,0.000000,0.000000
builtin/numeric,500,3,70784,0.050009584,1415409,707704347,0.000000,0.000000
builtin/numeric,500,4,70848,0.050008042,1416732,708366066,0.000000,0.000000
builtin/numeric,500,5,71264,0.050011625,1424949,712474350,0.000000,0.000000
builtin/numeric,500,6,71264,0.050002333,1425213,712606750,0.000000,0.000000
builtin/average,500,0,72608,0.050004167,1452039,726019494,0.000000,0.000000
builtin/average,500,1,72480,0.050010792,1449287,724643593,0.000000,0.000000
builtin/average,500,2,72960,0.050015083,1458760,729379975,0.000000,0.000000
builtin/average,500,3,73248,0.050020291,1464366,732182866,0.000000,0.000000
builtin/average,500,4,73056,0.050010250,1460821,730410266,0.000000,0.000000
builtin/average,500,5,73024,0.050013708,1460080,730039852,0.000000,0.000000
builtin/average,500,6,72704,0.050012667,1453712,726855858,0.000000,0.000000
builtin/type,500,0,74592,0.050009250,1491564,745782030,0.000000,0.000000
builtin/type,500,1,74592,0.050008458,1491588,745793842,0.000000,0.000000
builtin/type,500,2,74720,0.050006291,1494212,747105999,0.000000,0.000000
builtin/type,500,3,75168,0.050018417,1502806,751403228,0.000000,0.000000
builtin/type,500,4,75232,0.050019209,1504062,752031085,0.000000,0.000000
builtin/type,500,5,74240,0.050009250,1484525,742262681,0.000000,0.000000
builtin/type,500,6,74432,0.050005958,1488463,744231317,0.000000,0.000000
builtin/keys,500,0,53824,0.050029333,1075849,537924421,8.000000,468.000000
builtin/keys,500,1,53824,0.050005500,1076362,538180800,8.000000,468.000000
builtin/keys,500,2,53952,0.050013666,1078745,539372579,8.000000,468.000000
builtin/keys,500,3,53824,0.050009917,1076267,538133267,8.000000,468.000000
builtin/keys,500,4,53856,0.050017208,1076749,538374713,8.000000,468.000000
builtin/keys,500,5,53664,0.050024292,1072759,536379405,8.000000,468.000000
builtin/keys,500,6,53664,0.050021000,1072829,536414706,8.000000,468.000000
builtin/map_builtin,500,0,54944,0.050010833,1098642,549320984,3.000000,208.000000
builtin/map_builtin,500,1,54912,0.050006292,1098102,549050907,3.000000,208.000000
builtin/map_builtin,500,2,54752,0.050005375,1094922,547461148,3.000000,208.000000
builtin/map_builtin,500,3,54528,0.050009375,1090356,545177779,3.000000,208.000000
builtin/map_builtin,500,4,54816,0.050011083,1096077,548038522,3.000000,208.000000
builtin/map_builtin,500,5,54688,0.050020166,1093319,546659521,3.000000,208.000000
builtin/map_builtin,500,6,55168,0.050007458,1103195,551597724,3.000000,208.000000
builtin/map_closure,500,0,33120,0.050034917,661938,330968871,9.000000,888.000000
builtin/map_closure,500,1,33152,0.050028875,662657,331328658,9.000000,888.000000
builtin/map_closure,500,2,33120,0.050025042,662068,331034205,9.000000,888.000000
builtin/map_closure,500,3,33216,0.050028500,663942,331970777,9.000000,888.000000
builtin/map_closure,500,4,33248,0.050024125,664639,332319656,9.000000,888.000000
builtin/map_closure,500,5,33216,0.050010292,664183,332091642,9.000000,888.000000
builtin/map_closure,500,6,33376,0.050040000,666986,333493205,9.000000,888.000000
builtin/reduce,500,0,46880,0.050004250,937520,468760155,6.000000,584.000000
builtin/reduce,500,1,47296,0.050026500,945419,472709464,6.000000,584.000000
builtin/reduce,500,2,47072,0.050024125,940986,470492987,6.000000,584.000000
builtin/reduce,500,3,47360,0.050000375,947193,473596448,6.000000,584.000000
builtin/reduce,500,4,47360,0.050012708,946959,473479660,6.000000,584.000000
builtin/reduce,500,5,47456,0.050013042,948872,474436248,6.000000,584.000000
builtin/reduce,500,6,47392,0.050008458,947680,473839845,6.000000,584.000000
builtin/sift,500,0,43488,0.050030833,869224,434611992,14.000000,1140.000000
builtin/sift,500,1,43168,0.050018458,863041,431520700,14.000000,1140.000000
builtin/sift,500,2,43136,0.050019792,862379,431189318,14.000000,1140.000000
builtin/sift,500,3,43168,0.050016042,863083,431541544,14.000000,1140.000000
builtin/sift,500,4,43232,0.050024416,864218,432108993,14.000000,1140.000000
builtin/sift,500,5,43008,0.050004458,860083,430041657,14.000000,1140.000000
builtin/sift,500,6,43168,0.050008250,863218,431608785,14.000000,1140.000000
builtin/length,1024,0,40896,0.050009041,817772,837398662,0.000000,0.000000
builtin/length,1024,1,40896,0.050027958,817463,837082017,0.000000,0.000000
builtin/length,1024,2,40800,0.050035000,815429,834999500,0.000000,0.000000
builtin/length,1024,3,40704,0.050028542,813616,833142329,0.000000,0.000000
builtin/length,1024,4,40576,0.050018125,811226,830695353,0.000000,0.000000
builtin/length,1024,5,40544,0.050020416,810549,830002213,0.000000,0.000000
builtin/length,1024,6,40544,0.050014792,810640,830095545,0.000000,0.000000
builtin/normalize,1024,0,29952,0.050034583,598626,612992977,19.000000,363.000000
builtin/normalize,1024,1,29984,0.050052583,599050,613427203,19.000000,363.000000
builtin/normalize,1024,2,29984,0.050052625,599050,613426688,19.000000,363.000000
builtin/normalize,1024,3,29888,0.050009792,597643,611986389,19.000000,363.000000
builtin/normalize,1024,4,29952,0.050019166,598810,613181915,19.000000,363.000000
builtin/normalize,1024,5,30080,0.050039750,601122,615549039,19.000000,363.000000
builtin/normalize,1024,6,30112,0.050025375,601935,616380947,19.000000,363.000000
builtin/split_join,1024,0,25216,0.050036542,503952,516046533,32.000000,749.000000
builtin/split_join,1024,1,25344,0.050030833,506568,518725243,32.000000,749.000000
builtin/split_join,1024,2,25440,0.050020959,508587,520792894,32.000000,749.000000
builtin/split_join,1024,3,25376,0.050061542,506896,519061598,32.000000,749.000000
builtin/split_join,1024,4,25184,0.050006916,503610,515696989,32.000000,749.000000
builtin/split_join,1024,5,25248,0.050027417,504683,516795660,32.000000,749.000000
builtin/split_join,1024,6,25312,0.050037125,505864,518005141,32.000000,749.000000
builtin/numeric,1024,0,40256,0.050029958,804638,823949203,0.000000,0.000000
builtin/numeric,1024,1,40224,0.050015583,804229,823530858,0.000000,0.000000
builtin/numeric,1024,2,40320,0.050003875,806338,825689609,0.000000,0.000000
builtin/numeric,1024,3,40192,0.050009625,803685,822973738,0.000000,0.000000
builtin/numeric,1024,4,40416,0.050031625,807809,827196478,0.000000,0.000000
builtin/numeric,1024,5,40352,0.050010458,806871,826236144,0.000000,0.000000
builtin/numeric,1024,6,40320,0.050008958,806256,825605684,0.000000,0.000000
builtin/average,1024,0,40768,0.050001542,815335,834902892,0.000000,0.000000
builtin/average,1024,1,40800,0.050014708,815760,835338277,0.000000,0.000000
builtin/average,1024,2,40864,0.050010417,817110,836720398,0.000000,0.000000
builtin/average,1024,3,40832,0.050018458,816339,835930768,0.000000,0.000000
builtin/average,1024,4,40864,0.050022084,816919,836525244,0.000000,0.000000
builtin/average,1024,5,40800,0.050004250,815931,835512981,0.000000,0.000000
builtin/average,1024,6,40896,0.050024209,817524,837144751,0.000000,0.000000
builtin/type,1024,0,41472,0.050032958,828894,848787074,0.000000,0.000000
builtin/type,1024,1,41536,0.050031917,830190,850114618,0.000000,0.000000
builtin/type,1024,2,41568,0.050023458,830970,850913425,0.000000,0.000000
builtin/type,1024,3,41504,0.050025708,829653,849565108,0.000000,0.000000
builtin/type,1024,4,41440,0.050014375,828562,848447271,0.000000,0.000000
builtin/type,1024,5,41408,0.050000833,828146,848021712,0.000000,0.000000
builtin/type,1024,6,41344,0.050013417,826658,846497971,0.000000,0.000000
builtin/keys,1024,0,34400,0.050046084,687366,703863263,8.000000,468.000000
builtin/keys,1024,1,34368,0.050013625,687173,703664891,8.000000,468.000000
builtin/keys,1024,2,34432,0.050035083,688157,704672919,8.000000,468.000000
builtin/keys,1024,3,34464,0.050045917,688648,705175129,8.000000,468.000000
builtin/keys,1024,4,34400,0.050019250,687735,704240867,8.000000,468.000000
builtin/keys,1024,5,34336,0.050009250,686593,703071212,8.000000,468.000000
builtin/keys,1024,6,34304,0.050040541,685524,701976743,8.000000,468.000000
builtin/map_builtin,1024,0,34560,0.050031167,690769,707347882,3.000000,208.000000
builtin/map_builtin,1024,1,34528,0.050010209,690419,706989087,3.000000,208.000000
builtin/map_builtin,1024,2,34496,0.050003041,689878,706435115,3.000000,208.000000
builtin/map_builtin,1024,3,34560,0.050001792,691175,707763434,3.000000,208.000000
builtin/map_builtin,1024,4,34496,0.050003334,689874,706430975,3.000000,208.000000
builtin/map_builtin,1024,5,34464,0.050035708,688788,705319009,3.000000,208.000000
builtin/map_builtin,1024,6,34656,0.050037041,692607,709229469,3.000000,208.000000
builtin/map_closure,1024,0,21728,0.050071041,433943,444358087,9.000000,888.000000
builtin/map_closure,1024,1,21728,0.050049083,434134,444553040,9.000000,888.000000
builtin/map_closure,1024,2,21728,0.050009166,434480,444907879,9.000000,888.000000
builtin/map_closure,1024,3,21856,0.050024750,436904,447389422,9.000000,888.000000
builtin/map_closure,1024,4,21856,0.050064292,436559,447036063,9.000000,888.000000
builtin/map_closure,1024,5,21856,0.050005500,437072,447561648,9.000000,888.000000
builtin/map_closure,1024,6,21760,0.050046834,434793,445227764,9.000000,888.000000
builtin/reduce,1024,0,31168,0.050018459,623130,638085072,6.000000,584.000000
builtin/reduce,1024,1,31232,0.050039458,624147,639126987,6.000000,584.000000
builtin/reduce,1024,2,31328,0.050043792,626012,641035995,6.000000,584.000000
builtin/reduce,1024,3,31360,0.050031542,626805,641847897,6.000000,584.000000
builtin/reduce,1024,4,31296,0.050038667,625436,640446797,6.000000,584.000000
builtin/reduce,1024,5,31328,0.050038209,626082,641107518,6.000000,584.000000
builtin/reduce,1024,6,31200,0.050007125,623911,638884959,6.000000,584.000000
builtin/sift,1024,0,29760,0.050048792,594620,608890620,14.000000,1140.000000
builtin/sift,1024,1,29728,0.050042292,594058,608314903,14.000000,1140.000000
builtin/sift,1024,2,29824,0.050050875,595874,610174667,14.000000,1140.000000
builtin/sift,1024,3,29760,0.050024584,594907,609185276,14.000000,1140.000000
builtin/sift,1024,4,29504,0.050002792,590047,604208181,14.000000,1140.000000
builtin/sift,1024,5,29600,0.050033666,591602,605800103,14.000000,1140.000000
builtin/sift,1024,6,29600,0.050042708,591495,605690643,14.000000,1140.000000
builtin/length,10240,0,4736,0.050166542,94406,966712834,0.000000,0.000000
builtin/length,10240,1,4736,0.050242875,94262,965244127,0.000000,0.000000
builtin/length,10240,2,4736,0.050147625,94441,967077504,0.000000,0.000000
builtin/length,10240,3,4736,0.050173416,94393,966580390,0.000000,0.000000
builtin/length,10240,4,4736,0.050103000,94525,967938846,0.000000,0.000000
builtin/length,10240,5,4736,0.050209125,94325,965892953,0.000000,0.000000
builtin/length,10240,6,4736,0.050315333,94126,963854100,0.000000,0.000000
builtin/normalize,10240,0,4544,0.050047291,90794,929731841,19.000000,363.000000
builtin/normalize,10240,1,4544,0.050016084,90851,930311937,19.000000,363.000000
builtin/normalize,10240,2,4544,0.050141834,90623,927978821,19.000000,363.000000
builtin/normalize,10240,3,4544,0.050088667,90719,928963831,19.000000,363.000000
builtin/normalize,10240,4,4544,0.050178625,90556,927298426,19.000000,363.000000
builtin/normalize,10240,5,4544,0.050251333,90425,925956730,19.000000,363.000000
builtin/normalize,10240,6,4544,0.050124042,90655,928308216,19.000000,363.000000
builtin/split_join,10240,0,4416,0.050097583,88148,902635163,32.000000,749.000000
builtin/split_join,10240,1,4416,0.050075667,88187,903030208,32.000000,749.000000
builtin/split_join,10240,2,4384,0.050346833,87076,891658071,32.000000,749.000000
builtin/split_join,10240,3,4352,0.050364958,86409,884831076,32.000000,749.000000
builtin/split_join,10240,4,4352,0.050346833,86440,885149618,32.000000,749.000000
builtin/split_join,10240,5,4416,0.050055833,88221,903388023,32.000000,749.000000
builtin/split_join,10240,6,4416,0.050085667,88169,902849911,32.000000,749.000000
builtin/numeric,10240,0,4736,0.050152542,94432,966982691,0.000000,0.000000
builtin/numeric,10240,1,4736,0.050173625,94392,966576364,0.000000,0.000000
builtin/numeric,10240,2,4736,0.050194708,94353,966170378,0.000000,0.000000
builtin/numeric,10240,3,4736,0.050242042,94264,965260130,0.000000,0.000000
builtin/numeric,10240,4,4736,0.050186750,94368,966323581,0.000000,0.000000
builtin/numeric,10240,5,4736,0.050201542,94340,966038852,0.000000,0.000000
builtin/numeric,10240,6,4736,0.050108458,94515,967833414,0.000000,0.000000
builtin/average,10240,0,4736,0.050171625,94396,966614894,0.000000,0.000000
builtin/average,10240,1,4736,0.050065917,94595,968655782,0.000000,0.000000
builtin/average,10240,2,4736,0.050093833,94543,968115975,0.000000,0.000000
builtin/average,10240,3,4736,0.050085666,94558,968273837,0.000000,0.000000
builtin/average,10240,4,4736,0.050019084,94684,969562737,0.000000,0.000000
builtin/average,10240,5,4736,0.050143209,94449,967162672,0.000000,0.000000
builtin/average,10240,6,4736,0.050107500,94517,967851918,0.000000,0.000000
builtin/type,10240,0,4768,0.050298875,94793,970684136,0.000000,0.000000
builtin/type,10240,1,4768,0.050289500,94811,970865091,0.000000,0.000000
builtin/type,10240,2,4768,0.050262875,94861,971379373,0.000000,0.000000
builtin/type,10240,3,4736,0.050109042,94514,967822135,0.000000,0.000000
builtin/type,10240,4,4736,0.050006042,94709,969815607,0.000000,0.000000
builtin/type,10240,5,4768,0.050332584,94730,970034044,0.000000,0.000000
builtin/type,10240,6,4736,0.050003083,94714,969872998,0.000000,0.000000
builtin/keys,10240,0,4640,0.050210958,92410,946279495,8.000000,468.000000
builtin/keys,10240,1,4640,0.050152791,92517,947376986,8.000000,468.000000
builtin/keys,10240,2,4640,0.050225792,92383,946000015,8.000000,468.000000
builtin/keys,10240,3,4640,0.050186458,92455,946741450,8.000000,468.000000
builtin/keys,10240,4,4640,0.050315250,92219,944318075,8.000000,468.000000
builtin/keys,10240,5,4640,0.050166042,92493,947126744,8.000000,468.000000
builtin/keys,10240,6,4640,0.050299167,92248,944620017,8.000000,468.000000
builtin/map_builtin,10240,0,4672,0.050306708,92870,950992063,3.000000,208.000000
builtin/map_builtin,10240,1,4640,0.050011875,92778,950046364,3.000000,208.000000
builtin/map_builtin,10240,2,4640,0.050002125,92796,950231615,3.000000,208.000000
builtin/map_builtin,10240,3,4640,0.050035292,92735,949601733,3.000000,208.000000
builtin/map_builtin,10240,4,4672,0.050334959,92818,950458309,3.000000,208.000000
builtin/map_builtin,10240,5,4672,0.050340875,92807,950346612,3.000000,208.000000
builtin/map_builtin,10240,6,4640,0.050052458,92703,949276058,3.000000,208.000000
builtin/map_closure,10240,0,3104,0.050477791,61492,629682071,9.000000,888.000000
builtin/map_closure,10240,1,3104,0.050419792,61563,630406409,9.000000,888.000000
builtin/map_closure,10240,2,3072,0.050079291,61343,628149468,9.000000,888.000000
builtin/map_closure,10240,3,3104,0.050350375,61648,631275537,9.000000,888.000000
builtin/map_closure,10240,4,3104,0.050332042,61670,631505473,9.000000,888.000000
builtin/map_closure,10240,5,3104,0.050414167,61570,630476747,9.000000,888.000000
builtin/map_closure,10240,6,3104,0.050429167,61552,630289213,9.000000,888.000000
builtin/reduce,10240,0,4576,0.050127917,91286,934773332,6.000000,584.000000
builtin/reduce,10240,1,4576,0.050070084,91392,935853034,6.000000,584.000000
builtin/reduce,10240,2,4576,0.050151542,91243,934332986,6.000000,584.000000
builtin/reduce,10240,3,4576,0.050157250,91233,934226657,6.000000,584.000000
builtin/reduce,10240,4,4576,0.050220875,91117,933043082,6.000000,584.000000
builtin/reduce,10240,5,4576,0.050218334,91122,933090293,6.000000,584.000000
builtin/reduce,10240,6,4576,0.050149250,91248,934375689,6.000000,584.000000
builtin/sift,10240,0,4544,0.050282666,90369,925379732,14.000000,1140.000000
builtin/sift,10240,1,4544,0.050133625,90638,928130771,14.000000,1140.000000
builtin/sift,10240,2,4544,0.050233833,90457,926279307,14.000000,1140.000000
builtin/sift,10240,3,4544,0.050056167,90778,929566980,14.000000,1140.000000
builtin/sift,10240,4,4544,0.050183083,90548,927216050,14.000000,1140.000000
builtin/sift,10240,5,4544,0.050142917,90621,927958778,14.000000,1140.000000
builtin/sift,10240,6,4544,0.050157917,90594,927681267,14.000000,1140.000000
builtin/length,1048576,0,64,0.067776916,944,990143370,0.000000,0.000000
builtin/length,1048576,1,64,0.067890667,943,988484382,0.000000,0.000000
builtin/length,1048576,2,64,0.067894625,943,988426757,0.000000,0.000000
builtin/length,1048576,3,64,0.067865375,943,988852769,0.000000,0.000000
builtin/length,1048576,4,64,0.067852667,943,989037970,0.000000,0.000000
builtin/length,1048576,5,64,0.067876209,943,988694934,0.000000,0.000000
builtin/length,1048576,6,64,0.067911542,942,988180536,0.000000,0.000000
builtin/normalize,1048576,0,64,0.067982625,941,987147289,19.000000,363.000000
builtin/normalize,1048576,1,64,0.067851916,943,989048916,19.000000,363.000000
builtin/normalize,1048576,2,64,0.067900958,943,988334568,19.000000,363.000000
builtin/normalize,1048576,3,64,0.067948167,942,987647893,19.000000,363.000000
builtin/normalize,1048576,4,64,0.067890250,943,988490453,19.000000,363.000000
builtin/normalize,1048576,5,64,0.067991042,941,987025085,19.000000,363.000000
builtin/normalize,1048576,6,64,0.067888334,943,988518351,19.000000,363.000000
builtin/split_join,1048576,0,64,0.067922208,942,988025360,32.000000,749.000000
builtin/split_join,1048576,1,64,0.068071834,940,985853620,32.000000,749.000000
builtin/split_join,1048576,2,64,0.067896000,943,988406740,32.000000,749.000000
builtin/split_join,1048576,3,64,0.067950875,942,987608533,32.000000,749.000000
builtin/split_join,1048576,4,64,0.067972417,942,987295538,32.000000,749.000000
builtin/split_join,1048576,5,64,0.067823542,944,989462685,32.000000,749.000000
builtin/split_join,1048576,6,64,0.067973625,942,987277992,32.000000,749.000000
builtin/numeric,1048576,0,64,0.067888500,943,988515934,0.000000,0.000000
builtin/numeric,1048576,1,64,0.067813042,944,989615891,0.000000,0.000000
builtin/numeric,1048576,2,64,0.067970167,942,987328220,0.000000,0.000000
builtin/numeric,1048576,3,64,0.067854875,943,989005786,0.000000,0.000000
builtin/numeric,1048576,4,64,0.067895417,943,988415227,0.000000,0.000000
builtin/numeric,1048576,5,64,0.067804334,944,989742986,0.000000,0.000000
builtin/numeric,1048576,6,64,0.067596042,947,992792803,0.000000,0.000000
builtin/average,1048576,0,64,0.068109000,940,985315656,0.000000,0.000000
builtin/average,1048576,1,64,0.067871375,943,988765352,0.000000,0.000000
builtin/average,1048576,2,64,0.068064500,940,985959847,0.000000,0.000000
builtin/average,1048576,3,64,0.067986791,941,987086800,0.000000,0.000000
builtin/average,1048576,4,64,0.067872375,943,988750784,0.000000,0.000000
builtin/average,1048576,5,64,0.067858125,943,988958419,0.000000,0.000000
builtin/average,1048576,6,64,0.067863667,943,988877657,0.000000,0.000000
builtin/type,1048576,0,64,0.067877167,943,988680980,0.000000,0.000000
builtin/type,1048576,1,64,0.068147375,939,984760807,0.000000,0.000000
builtin/type,1048576,2,64,0.069225334,925,969426366,0.000000,0.000000
builtin/type,1048576,3,64,0.068293250,937,982657349,0.000000,0.000000
builtin/type,1048576,4,64,0.067976750,941,987232605,0.000000,0.000000
builtin/type,1048576,5,64,0.067917542,942,988093238,0.000000,0.000000
builtin/type,1048576,6,64,0.067857875,943,988962062,0.000000,0.000000
builtin/keys,1048576,0,64,0.068189750,939,984148849,8.000000,468.000000
builtin/keys,1048576,1,64,0.068002166,941,986863624,8.000000,468.000000
builtin/keys,1048576,2,64,0.067857500,943,988967528,8.000000,468.000000
builtin/keys,1048576,3,64,0.067861917,943,988903158,8.000000,468.000000
builtin/keys,1048576,4,64,0.067911916,942,988175094,8.000000,468.000000
builtin/keys,1048576,5,64,0.067858500,943,988952954,8.000000,468.000000
builtin/keys,1048576,6,64,0.067992916,941,986997881,8.000000,468.000000
builtin/map_builtin,1048576,0,64,0.067753375,945,990487396,3.000000,208.000000
builtin/map_builtin,1048576,1,64,0.067879875,943,988641538,3.000000,208.000000
builtin/map_builtin,1048576,2,64,0.067853625,943,989024006,3.000000,208.000000
builtin/map_builtin,1048576,3,64,0.067924167,942,987996864,3.000000,208.000000
builtin/map_builtin,1048576,4,64,0.067910500,942,988195699,3.000000,208.000000
builtin/map_builtin,1048576,5,64,0.067971166,942,987313709,3.000000,208.000000
builtin/map_builtin,1048576,6,64,0.067846542,943,989127257,3.000000,208.000000
builtin/map_closure,1048576,0,32,0.050677292,631,662119673,9.000000,888.000000
builtin/map_closure,1048576,1,32,0.050615583,632,662926909,9.000000,888.000000
builtin/map_closure,1048576,2,32,0.050715875,631,661615954,9.000000,888.000000
builtin/map_closure,1048576,3,32,0.050614166,632,662945469,9.000000,888.000000
builtin/map_closure,1048576,4,32,0.050699250,631,661832907,9.000000,888.000000
builtin/map_closure,1048576,5,32,0.050628292,632,662760498,9.000000,888.000000
builtin/map_closure,1048576,6,32,0.050315208,636,666884493,9.000000,888.000000
builtin/reduce,1048576,0,64,0.067971625,942,987307042,6.000000,584.000000
builtin/reduce,1048576,1,64,0.067828125,944,989395830,6.000000,584.000000
builtin/reduce,1048576,2,64,0.068008084,941,986777748,6.000000,584.000000
builtin/reduce,1048576,3,64,0.067881875,943,988612409,6.000000,584.000000
builtin/reduce,1048576,4,64,0.067946458,942,987672735,6.000000,584.000000
builtin/reduce,1048576,5,64,0.068011917,941,986722136,6.000000,584.000000
builtin/reduce,1048576,6,64,0.067882500,943,988603307,6.000000,584.000000
builtin/sift,1048576,0,64,0.067858166,943,988957821,14.000000,1140.000000
builtin/sift,1048576,1,64,0.070446416,908,952622828,14.000000,1140.000000
builtin/sift,1048576,2,64,0.067931209,942,987894445,14.000000,1140.000000
builtin/sift,1048576,3,64,0.067920500,942,988050206,14.000000,1140.000000
builtin/sift,1048576,4,64,0.067858792,943,988948698,14.000000,1140.000000
builtin/sift,1048576,5,64,0.067928250,942,987937478,14.000000,1140.000000
builtin/sift,1048576,6,64,0.067952750,942,987581283,14.000000,1140.000000
builtin/filter_reduce,285,0,13152,0.050114000,262442,74795865,21.000000,1944.000000
builtin/filter_reduce,285,1,12928,0.050105375,258016,73534626,21.000000,1944.000000
builtin/filter_reduce,285,2,13056,0.050083083,260687,74295746,21.000000,1944.000000
builtin/filter_reduce,285,3,13024,0.050117625,259869,74062568,21.000000,1944.000000
builtin/filter_reduce,285,4,13088,0.050118292,261142,74425521,21.000000,1944.000000
builtin/filter_reduce,285,5,13024,0.050021541,260368,74204831,21.000000,1944.000000
builtin/filter_reduce,285,6,13120,0.050063208,262069,74689580,21.000000,1944.000000
builtin/planned_average,285,0,56864,0.050005709,1137150,324087796,0.000000,0.000000
builtin/planned_average,285,1,58240,0.050010959,1164545,331895255,0.000000,0.000000
builtin/planned_average,285,2,56448,0.050025000,1128396,321592804,0.000000,0.000000
builtin/planned_average,285,3,56608,0.050006917,1132003,322620969,0.000000,0.000000
builtin/planned_average,285,4,56864,0.050007333,1137113,324077271,0.000000,0.000000
builtin/planned_average,285,5,57568,0.050019000,1150923,328012955,0.000000,0.000000
builtin/planned_average,285,6,56960,0.050020541,1138732,324538673,0.000000,0.000000
builtin/grouped_average,285,0,23264,0.050011000,465178,132575633,10.000000,1016.000000
builtin/grouped_average,285,1,23168,0.050041417,462976,131948302,10.000000,1016.000000
builtin/grouped_average,285,2,23360,0.050031083,466910,133069276,10.000000,1016.000000
builtin/grouped_average,285,3,23424,0.050014666,468343,133477648,10.000000,1016.000000
builtin/grouped_average,285,4,23360,0.050052750,466708,133011673,10.000000,1016.000000
builtin/grouped_average,285,5,23424,0.050042167,468085,133404295,10.000000,1016.000000
builtin/grouped_average,285,6,23456,0.050013000,468998,133664447,10.000000,1016.000000
builtin/ordered_labels,285,0,7936,0.050025334,158640,45212292,111.000000,3425.000000
builtin/ordered_labels,285,1,7936,0.050002583,158712,45232863,111.000000,3425.000000
builtin/ordered_labels,285,2,7904,0.050150083,157607,44917972,111.000000,3425.000000
builtin/ordered_labels,285,3,7936,0.050026292,158637,45211426,111.000000,3425.000000
builtin/ordered_labels,285,4,7904,0.050118750,157705,44946053,111.000000,3425.000000
builtin/ordered_labels,285,5,7968,0.050186458,158768,45248860,111.000000,3425.000000
builtin/ordered_labels,285,6,7968,0.050158333,158857,45274232,111.000000,3425.000000
builtin/merged_objects,285,0,7872,0.050056416,157263,44819829,116.000000,7136.000000
builtin/merged_objects,285,1,7872,0.050025000,157361,44847976,116.000000,7136.000000
builtin/merged_objects,285,2,7904,0.050013250,158038,45040864,116.000000,7136.000000
builtin/merged_objects,285,3,7936,0.050193333,158109,45060965,116.000000,7136.000000
builtin/merged_objects,285,4,7936,0.050018209,158662,45218732,116.000000,7136.000000
builtin/merged_objects,285,5,7936,0.050031458,158620,45206758,116.000000,7136.000000
builtin/merged_objects,285,6,7904,0.050131833,157664,44934323,116.000000,7136.000000
builtin/each_group,285,0,17216,0.050079959,343770,97974521,30.000000,2660.000000
builtin/each_group,285,1,17152,0.050032750,342815,97702405,30.000000,2660.000000
builtin/each_group,285,2,17216,0.050076500,343794,97981289,30.000000,2660.000000
builtin/each_group,285,3,17248,0.050021500,344812,98271343,30.000000,2660.000000
builtin/each_group,285,4,17280,0.050034417,345362,98428248,30.000000,2660.000000
builtin/each_group,285,5,17280,0.050011083,345523,98474172,30.000000,2660.000000
builtin/each_group,285,6,17376,0.050060875,347097,98922762,30.000000,2660.000000
builtin/distinct,285,0,31904,0.050038584,637588,181712576,5.000000,480.000000
builtin/distinct,285,1,31936,0.050002792,638684,182025036,5.000000,480.000000
builtin/distinct,285,2,31968,0.050048000,638747,182042839,5.000000,480.000000
builtin/distinct,285,3,31616,0.050040500,631808,180065347,5.000000,480.000000
builtin/distinct,285,4,31520,0.050043875,629847,179506483,5.000000,480.000000
builtin/distinct,285,5,31712,0.050044750,633673,180596766,5.000000,480.000000
builtin/distinct,285,6,31904,0.050029958,637698,181743906,5.000000,480.000000
builtin/filter_reduce,4537,0,928,0.051657291,17965,81505164,205.000000,22104.000000
builtin/filter_reduce,4537,1,928,0.051621458,17977,81561741,205.000000,22104.000000
builtin/filter_reduce,4537,2,928,0.051696417,17951,81443478,205.000000,22104.000000
builtin/filter_reduce,4537,3,928,0.051670084,17960,81484985,205.000000,22104.000000
builtin/filter_reduce,4537,4,928,0.051372125,18064,81957599,205.000000,22104.000000
builtin/filter_reduce,4537,5,928,0.051536584,18007,81696063,205.000000,22104.000000
builtin/filter_reduce,4537,6,896,0.050021083,17912,81268772,205.000000,22104.000000
builtin/planned_average,4537,0,3744,0.050256541,74498,337996362,0.000000,0.000000
builtin/planned_average,4537,1,3744,0.050351875,74357,337356414,0.000000,0.000000
builtin/planned_average,4537,2,3776,0.050030500,75474,342425361,0.000000,0.000000
builtin/planned_average,4537,3,3808,0.050285750,75727,343574392,0.000000,0.000000
builtin/planned_average,4537,4,3808,0.050134750,75955,344609198,0.000000,0.000000
builtin/planned_average,4537,5,3808,0.050401375,75553,342786204,0.000000,0.000000
builtin/planned_average,4537,6,3840,0.050408708,76177,345616476,0.000000,0.000000
builtin/grouped_average,4537,0,1728,0.050248542,34389,156023154,18.000000,9656.000000
builtin/grouped_average,4537,1,1760,0.050415542,34910,158386079,18.000000,9656.000000
builtin/grouped_average,4537,2,1728,0.050196833,34424,156183877,18.000000,9656.000000
builtin/grouped_average,4537,3,1728,0.050635166,34126,154831842,18.000000,9656.000000
builtin/grouped_average,4537,4,1728,0.050097417,34493,156493817,18.000000,9656.000000
builtin/grouped_average,4537,5,1760,0.050671208,34734,157586928,18.000000,9656.000000
builtin/grouped_average,4537,6,1760,0.050733708,34691,157392793,18.000000,9656.000000
builtin/ordered_labels,4537,0,416,0.052386500,7941,36028213,1562.000000,50329.000000
builtin/ordered_labels,4537,1,416,0.052132042,7980,36204068,1562.000000,50329.000000
builtin/ordered_labels,4537,2,416,0.052197459,7970,36158695,1562.000000,50329.000000
builtin/ordered_labels,4537,3,416,0.052149459,7977,36191977,1562.000000,50329.000000
builtin/ordered_labels,4537,4,416,0.052147167,7977,36193567,1562.000000,50329.000000
builtin/ordered_labels,4537,5,416,0.052146792,7977,36193828,1562.000000,50329.000000
builtin/ordered_labels,4537,6,416,0.052221458,7966,36142078,1562.000000,50329.000000
builtin/merged_objects,4537,0,320,0.052439000,6102,27686264,1921.000000,117538.000000
builtin/merged_objects,4537,1,320,0.052121125,6140,27855116,1921.000000,117538.000000
builtin/merged_objects,4537,2,320,0.052088084,6143,27872786,1921.000000,117538.000000
builtin/merged_objects,4537,3,320,0.051988542,6155,27926153,1921.000000,117538.000000
builtin/merged_objects,4537,4,320,0.052908625,6048,27440517,1921.000000,117538.000000
builtin/merged_objects,4537,5,320,0.052384834,6109,27714892,1921.000000,117538.000000
builtin/merged_objects,4537,6,320,0.052379125,6109,27717912,1921.000000,117538.000000
builtin/each_group,4537,0,1696,0.050483750,33595,152420373,38.000000,11300.000000
builtin/each_group,4537,1,1696,0.050402667,33649,152665572,38.000000,11300.000000
builtin/each_group,4537,2,1696,0.050166333,33808,153384781,38.000000,11300.000000
builtin/each_group,4537,3,1696,0.050013959,33911,153852088,38.000000,11300.000000
builtin/each_group,4537,4,1728,0.050796542,34018,154339955,38.000000,11300.000000
builtin/each_group,4537,5,1728,0.050699500,34083,154635371,38.000000,11300.000000
builtin/each_group,4537,6,1728,0.050726500,34065,154553064,38.000000,11300.000000
builtin/distinct,4537,0,2272,0.050429792,45053,204404254,9.000000,6240.000000
builtin/distinct,4537,1,2272,0.050196875,45262,205352704,9.000000,6240.000000
builtin/distinct,4537,2,2272,0.050042583,45401,205985850,9.000000,6240.000000
builtin/distinct,4537,3,2272,0.050001167,45439,206156468,9.000000,6240.000000
builtin/distinct,4537,4,2304,0.050689958,45453,206219307,9.000000,6240.000000
builtin/distinct,4537,5,2272,0.050617125,44886,203647758,9.000000,6240.000000
builtin/distinct,4537,6,2240,0.050360166,44480,201803942,9.000000,6240.000000
builtin/filter_reduce,37737,0,128,0.057128792,2241,84551692,1552.000000,172632.000000
builtin/filter_reduce,37737,1,128,0.057004791,2245,84735615,1552.000000,172632.000000
builtin/filter_reduce,37737,2,128,0.056586250,2262,85362363,1552.000000,172632.000000
builtin/filter_reduce,37737,3,128,0.056381708,2270,85672041,1552.000000,172632.000000
builtin/filter_reduce,37737,4,128,0.056856250,2251,84956992,1552.000000,172632.000000
builtin/filter_reduce,37737,5,128,0.056942125,2248,84828868,1552.000000,172632.000000
builtin/filter_reduce,37737,6,128,0.056735084,2256,85138430,1552.000000,172632.000000
builtin/planned_average,37737,0,480,0.050123000,9576,361386190,0.000000,0.000000
builtin/planned_average,37737,1,480,0.050866833,9436,356101588,0.000000,0.000000
builtin/planned_average,37737,2,480,0.050361250,9531,359676537,0.000000,0.000000
builtin/planned_average,37737,3,512,0.053176667,9628,363342516,0.000000,0.000000
builtin/planned_average,37737,4,480,0.050054459,9590,361881046,0.000000,0.000000
builtin/planned_average,37737,5,512,0.053013667,9658,364459678,0.000000,0.000000
builtin/planned_average,37737,6,512,0.053255333,9614,362805806,0.000000,0.000000
builtin/grouped_average,37737,0,224,0.050628750,4424,166962210,24.000000,74168.000000
builtin/grouped_average,37737,1,224,0.051123666,4382,165345889,24.000000,74168.000000
builtin/grouped_average,37737,2,224,0.051054584,4387,165569619,24.000000,74168.000000
builtin/grouped_average,37737,3,224,0.050535666,4433,167269746,24.000000,74168.000000
builtin/grouped_average,37737,4,224,0.050856834,4405,166213414,24.000000,74168.000000
builtin/grouped_average,37737,5,224,0.051381167,4360,164517244,24.000000,74168.000000
builtin/grouped_average,37737,6,256,0.057149375,4479,169042479,24.000000,74168.000000
builtin/ordered_labels,37737,0,64,0.076680834,835,31496371,12395.000000,404625.000000
builtin/ordered_labels,37737,1,64,0.076386125,838,31617889,12395.000000,404625.000000
builtin/ordered_labels,37737,2,64,0.076608916,835,31525939,12395.000000,404625.000000
builtin/ordered_labels,37737,3,64,0.076306333,839,31650951,12395.000000,404625.000000
builtin/ordered_labels,37737,4,64,0.076499250,837,31571133,12395.000000,404625.000000
builtin/ordered_labels,37737,5,64,0.076321583,839,31644627,12395.000000,404625.000000
builtin/ordered_labels,37737,6,64,0.076251959,839,31673521,12395.000000,404625.000000
builtin/merged_objects,37737,0,32,0.159155542,201,7587445,15391.000000,940474.000000
builtin/merged_objects,37737,1,32,0.159131959,201,7588570,15391.000000,940474.000000
builtin/merged_objects,37737,2,32,0.160081458,200,7543559,15391.000000,940474.000000
builtin/merged_objects,37737,3,32,0.160585833,199,7519866,15391.000000,940474.000000
builtin/merged_objects,37737,4,32,0.159363875,201,7577527,15391.000000,940474.000000
builtin/merged_objects,37737,5,32,0.159835833,200,7555152,15391.000000,940474.000000
builtin/merged_objects,37737,6,32,0.159187375,201,7585928,15391.000000,940474.000000
builtin/each_group,37737,0,224,0.050813833,4408,166354071,44.000000,75812.000000
builtin/each_group,37737,1,224,0.052159916,4294,162060997,44.000000,75812.000000
builtin/each_group,37737,2,224,0.053446292,4191,158160420,44.000000,75812.000000
builtin/each_group,37737,3,224,0.052873750,4237,159873056,44.000000,75812.000000
builtin/each_group,37737,4,224,0.051586666,4342,163861879,44.000000,75812.000000
builtin/each_group,37737,5,224,0.050729875,4416,166629388,44.000000,75812.000000
builtin/each_group,37737,6,224,0.050381375,4446,167782003,44.000000,75812.000000
builtin/distinct,37737,0,288,0.052688208,5466,206274922,12.000000,49248.000000
builtin/distinct,37737,1,288,0.052375875,5499,207505001,12.000000,49248.000000
builtin/distinct,37737,2,288,0.051826000,5557,209706634,12.000000,49248.000000
builtin/distinct,37737,3,288,0.051373916,5606,211552026,12.000000,49248.000000
builtin/distinct,37737,4,288,0.051209916,5624,212229522,12.000000,49248.000000
builtin/distinct,37737,5,288,0.051131917,5632,212553267,12.000000,49248.000000
builtin/distinct,37737,6,288,0.051320250,5612,211773247,12.000000,49248.000000
compile/helpers,0,0,16704,0.050015208,333978,0,72.000000,6881.000000
compile/helpers,0,1,16896,0.050079959,337380,0,72.000000,6881.000000
compile/helpers,0,2,17024,0.050025917,340304,0,72.000000,6881.000000
compile/helpers,0,3,17056,0.050057125,340731,0,72.000000,6881.000000
compile/helpers,0,4,17088,0.050076666,341237,0,72.000000,6881.000000
compile/helpers,0,5,17056,0.050026417,340940,0,72.000000,6881.000000
compile/helpers,0,6,16896,0.050008500,337863,0,72.000000,6881.000000
helper/round,100,0,191040,0.050006375,3820313,382031291,0.000000,0.000000
helper/round,100,1,192608,0.050005917,3851704,385170419,0.000000,0.000000
helper/round,100,2,192608,0.050007583,3851576,385157587,0.000000,0.000000
helper/round,100,3,193408,0.050004750,3867793,386779256,0.000000,0.000000
helper/round,100,4,193536,0.050001292,3870620,387061998,0.000000,0.000000
helper/round,100,5,193408,0.050006791,3867635,386763470,0.000000,0.000000
helper/round,100,6,191168,0.050007167,3822812,382281204,0.000000,0.000000
helper/static_round,100,0,488032,0.050001500,9760347,976034719,0.000000,0.000000
helper/static_round,100,1,488256,0.050001333,9764860,976485967,0.000000,0.000000
helper/static_round,100,2,486464,0.050000583,9729167,972916656,0.000000,0.000000
helper/static_round,100,3,488672,0.050003083,9772837,977283741,0.000000,0.000000
helper/static_round,100,4,489600,0.050001542,9791698,979169802,0.000000,0.000000
helper/static_round,100,5,488096,0.050001167,9761692,976169216,0.000000,0.000000
helper/static_round,100,6,488672,0.050001834,9773082,977308152,0.000000,0.000000
helper/decimal_round,100,0,109024,0.050009708,2180057,218005672,0.000000,0.000000
helper/decimal_round,100,1,108576,0.050008167,2171165,217116536,0.000000,0.000000
helper/decimal_round,100,2,108064,0.050011417,2160787,216078661,0.000000,0.000000
helper/decimal_round,100,3,108864,0.050011500,2176779,217677934,0.000000,0.000000
helper/decimal_round,100,4,108448,0.050000584,2168935,216893467,0.000000,0.000000
helper/decimal_round,100,5,107776,0.050010042,2155087,215508717,0.000000,0.000000
helper/decimal_round,100,6,107648,0.050002833,2152838,215283802,0.000000,0.000000
helper/pad,100,0,122272,0.050006792,2445108,244510786,5.000000,83.000000
helper/pad,100,1,123136,0.050000583,2462691,246269129,5.000000,83.000000
helper/pad,100,2,124608,0.050012417,2491541,249154125,5.000000,83.000000
helper/pad,100,3,124896,0.050006625,2497589,249758907,5.000000,83.000000
helper/pad,100,4,125120,0.050006334,2502083,250208304,5.000000,83.000000
helper/pad,100,5,125280,0.050001292,2505535,250553526,5.000000,83.000000
helper/pad,100,6,124704,0.050012334,2493465,249346491,5.000000,83.000000
helper/pad_unchanged,100,0,192384,0.050001958,3847529,384752933,0.000000,0.000000
helper/pad_unchanged,100,1,193056,0.050006542,3860615,386061488,0.000000,0.000000
helper/pad_unchanged,100,2,193536,0.050007958,3870104,387010403,0.000000,0.000000
helper/pad_unchanged,100,3,191328,0.050005708,3826123,382612321,0.000000,0.000000
helper/pad_unchanged,100,4,192192,0.050000709,3843785,384378550,0.000000,0.000000
helper/pad_unchanged,100,5,192064,0.050007708,3840688,384068792,0.000000,0.000000
helper/pad_unchanged,100,6,193216,0.050007333,3863753,386375334,0.000000,0.000000
helper/uri_unchanged,100,0,205792,0.050001125,4115747,411574740,0.000000,0.000000
helper/uri_unchanged,100,1,205024,0.050001583,4100350,410035018,0.000000,0.000000
helper/uri_unchanged,100,2,204800,0.050002375,4095805,409580545,0.000000,0.000000
helper/uri_unchanged,100,3,204352,0.050000541,4086996,408699578,0.000000,0.000000
helper/uri_unchanged,100,4,205088,0.050000500,4101719,410171898,0.000000,0.000000
helper/uri_unchanged,100,5,205856,0.050007250,4116523,411652310,0.000000,0.000000
helper/uri_unchanged,100,6,202912,0.050006542,4057709,405770909,0.000000,0.000000
helper/base64,100,0,153600,0.050006833,3071580,307158024,5.000000,48.000000
helper/base64,100,1,152992,0.050006042,3059470,305947029,5.000000,48.000000
helper/base64,100,2,154272,0.050001708,3085335,308533460,5.000000,48.000000
helper/base64,100,3,154496,0.050007833,3089436,308943601,5.000000,48.000000
helper/base64,100,4,154816,0.050002166,3096186,309618587,5.000000,48.000000
helper/base64,100,5,154720,0.050005292,3094073,309407252,5.000000,48.000000
helper/base64,100,6,153536,0.050008500,3070198,307019807,5.000000,48.000000
helper/sort,100,0,112960,0.050010167,2258741,225874071,5.000000,264.000000
helper/sort,100,1,113408,0.050011958,2267618,226761768,5.000000,264.000000
helper/sort,100,2,113664,0.050006292,2272994,227299397,5.000000,264.000000
helper/sort,100,3,113408,0.050001500,2268092,226809196,5.000000,264.000000
helper/sort,100,4,112864,0.050011208,2256774,225677412,5.000000,264.000000
helper/sort,100,5,113792,0.050005417,2275593,227559346,5.000000,264.000000
helper/sort,100,6,113888,0.050002042,2277667,227766698,5.000000,264.000000
helper/zip,100,0,83456,0.050001250,1669078,166907827,11.000000,816.000000
helper/zip,100,1,83456,0.050002875,1669024,166902403,11.000000,816.000000
helper/zip,100,2,83872,0.050016834,1676875,167687543,11.000000,816.000000
helper/zip,100,3,83456,0.050005250,1668945,166894476,11.000000,816.000000
helper/zip,100,4,83296,0.050007250,1665678,166567848,11.000000,816.000000
helper/zip,100,5,83104,0.050007125,1661843,166184319,11.000000,816.000000
helper/zip,100,6,83616,0.050005625,1672132,167213189,11.000000,816.000000
helper/single,100,0,80352,0.050001833,1606981,160698109,6.000000,584.000000
helper/single,100,1,81728,0.050013500,1634119,163411879,6.000000,584.000000
helper/single,100,2,82240,0.050005291,1644626,164462597,6.000000,584.000000
helper/single,100,3,82272,0.050006042,1645241,164524119,6.000000,584.000000
helper/single,100,4,82464,0.050017000,1648719,164871944,6.000000,584.000000
helper/single,100,5,82336,0.050003875,1646592,164659239,6.000000,584.000000
helper/single,100,6,82400,0.050016209,1647466,164746592,6.000000,584.000000
helper/assert,100,0,187072,0.050006750,3740935,374093497,0.000000,0.000000
helper/assert,100,1,187200,0.050008000,3743401,374340106,0.000000,0.000000
helper/assert,100,2,188992,0.050005083,3779456,377945578,0.000000,0.000000
helper/assert,100,3,188608,0.050006625,3771660,377166026,0.000000,0.000000
helper/assert,100,4,187232,0.050000125,3744631,374463064,0.000000,0.000000
helper/assert,100,5,188640,0.050007083,3772266,377226562,0.000000,0.000000
helper/assert,100,6,187328,0.050003084,3746329,374632893,0.000000,0.000000
helper/static_sort,100,0,448192,0.050002458,8963399,896339936,1.000000,16.000000
helper/static_sort,100,1,446400,0.050002417,8927568,892756844,1.000000,16.000000
helper/static_sort,100,2,445856,0.050003208,8916548,891654791,1.000000,16.000000
helper/static_sort,100,3,444480,0.050003250,8889022,888902221,1.000000,16.000000
helper/static_sort,100,4,446400,0.050002542,8927546,892754612,1.000000,16.000000
helper/static_sort,100,5,448928,0.050000542,8978463,897846267,1.000000,16.000000
helper/static_sort,100,6,447200,0.050001583,8943717,894371684,1.000000,16.000000
helper/round,500,0,73344,0.050021500,1466250,733124756,0.000000,0.000000
helper/round,500,1,73440,0.050006667,1468604,734302088,0.000000,0.000000
helper/round,500,2,73536,0.050016000,1470250,735124760,0.000000,0.000000
helper/round,500,3,73632,0.050013625,1472239,736119407,0.000000,0.000000
helper/round,500,4,73440,0.050000708,1468779,734389601,0.000000,0.000000
helper/round,500,5,73504,0.050018083,1469549,734774262,0.000000,0.000000
helper/round,500,6,73440,0.050013958,1468390,734195042,0.000000,0.000000
helper/static_round,500,0,155680,0.050006917,3113169,1556584662,0.000000,0.000000
helper/static_round,500,1,156800,0.050006583,3135587,1567793584,0.000000,0.000000
helper/static_round,500,2,155808,0.050005542,3115815,1557907322,0.000000,0.000000
helper/static_round,500,3,156160,0.050006250,3122810,1561404824,0.000000,0.000000
helper/static_round,500,4,156768,0.050000750,3135313,1567656485,0.000000,0.000000
helper/static_round,500,5,156608,0.050004958,3131849,1565924723,0.000000,0.000000
helper/static_round,500,6,156992,0.050003167,3139641,1569820568,0.000000,0.000000
helper/decimal_round,500,0,56704,0.050003708,1133996,566997951,0.000000,0.000000
helper/decimal_round,500,1,56704,0.050017250,1133689,566844439,0.000000,0.000000
helper/decimal_round,500,2,56512,0.050013625,1129932,564966047,0.000000,0.000000
helper/decimal_round,500,3,56544,0.050011208,1130627,565313279,0.000000,0.000000
helper/decimal_round,500,4,56736,0.050014875,1134383,567191261,0.000000,0.000000
helper/decimal_round,500,5,56768,0.050004084,1135267,567633636,0.000000,0.000000
helper/decimal_round,500,6,56672,0.050018333,1133025,566512283,0.000000,0.000000
helper/pad,500,0,60768,0.050024375,1214768,607383900,5.000000,83.000000
helper/pad,500,1,60672,0.050009666,1213205,606602732,5.000000,83.000000
helper/pad,500,2,60672,0.050013959,1213101,606550663,5.000000,83.000000
helper/pad,500,3,60928,0.050003125,1218484,609241922,5.000000,83.000000
helper/pad,500,4,60672,0.050002084,1213389,606694713,5.000000,83.000000
helper/pad,500,5,60512,0.050001125,1210213,605106385,5.000000,83.000000
helper/pad,500,6,60544,0.050004750,1210765,605382489,5.000000,83.000000
helper/pad_unchanged,500,0,72864,0.050021000,1456668,728334100,0.000000,0.000000
helper/pad_unchanged,500,1,72736,0.050010000,1454429,727214557,0.000000,0.000000
helper/pad_unchanged,500,2,72800,0.050007500,1455782,727890816,0.000000,0.000000
helper/pad_unchanged,500,3,72960,0.050011916,1458852,729426163,0.000000,0.000000
helper/pad_unchanged,500,4,72640,0.050003916,1452686,726343113,0.000000,0.000000
helper/pad_unchanged,500,5,72768,0.050000958,1455332,727666058,0.000000,0.000000
helper/pad_unchanged,500,6,72800,0.050016625,1455516,727758020,0.000000,0.000000
helper/uri_unchanged,500,0,74688,0.050009750,1493469,746734387,0.000000,0.000000
helper/uri_unchanged,500,1,74912,0.050003000,1498150,749075055,0.000000,0.000000
helper/uri_unchanged,500,2,74976,0.050013666,1499110,749555132,0.000000,0.000000
helper/uri_unchanged,500,3,74752,0.050019791,1494448,747224234,0.000000,0.000000
helper/uri_unchanged,500,4,75136,0.050001917,1502662,751331194,0.000000,0.000000
helper/uri_unchanged,500,5,75072,0.050002041,1501379,750689357,0.000000,0.000000
helper/uri_unchanged,500,6,75008,0.050009083,1499888,749943765,0.000000,0.000000
helper/base64,500,0,65952,0.050014041,1318670,659334846,5.000000,48.000000
helper/base64,500,1,66240,0.050018958,1324298,662148940,5.000000,48.000000
helper/base64,500,2,66304,0.050010625,1325798,662899134,5.000000,48.000000
helper/base64,500,3,66336,0.050002875,1326644,663321859,5.000000,48.000000
helper/base64,500,4,66464,0.050023625,1328652,664326106,5.000000,48.000000
helper/base64,500,5,66208,0.050001958,1324108,662054074,5.000000,48.000000
helper/base64,500,6,66336,0.050014791,1326328,663163823,5.000000,48.000000
helper/sort,500,0,57824,0.050005000,1156364,578182182,5.000000,264.000000
helper/sort,500,1,58016,0.050003500,1160239,580119392,5.000000,264.000000
helper/sort,500,2,57984,0.050009500,1159460,579729851,5.000000,264.000000
helper/sort,500,3,57728,0.050023167,1154025,577012647,5.000000,264.000000
helper/sort,500,4,57984,0.050015500,1159321,579660305,5.000000,264.000000
helper/sort,500,5,58112,0.050015500,1161880,580939909,5.000000,264.000000
helper/sort,500,6,58176,0.050007375,1163348,581674203,5.000000,264.000000
helper/zip,500,0,40608,0.050015042,811916,405957872,11.000000,816.000000
helper/zip,500,1,40672,0.050033917,812889,406444293,11.000000,816.000000
helper/zip,500,2,40672,0.050028333,812979,406489659,11.000000,816.000000
helper/zip,500,3,40608,0.050009208,812010,406005230,11.000000,816.000000
helper/zip,500,4,40704,0.050026125,813655,406827433,11.000000,816.000000
helper/zip,500,5,40640,0.050002166,812765,406382396,11.000000,816.000000
helper/zip,500,6,40480,0.050001500,809576,404787856,11.000000,816.000000
helper/single,500,0,47776,0.050006542,955395,477697498,6.000000,584.000000
helper/single,500,1,47904,0.050020958,957679,478839290,6.000000,584.000000
helper/single,500,2,48064,0.050030875,960687,480343388,6.000000,584.000000
helper/single,500,3,48416,0.050032167,967697,483848721,6.000000,584.000000
helper/single,500,4,48416,0.050019083,967951,483975286,6.000000,584.000000
helper/single,500,5,48096,0.050022000,961497,480748471,6.000000,584.000000
helper/single,500,6,48032,0.050027250,960117,480058368,6.000000,584.000000
helper/assert,500,0,72960,0.050014042,1458790,729395157,0.000000,0.000000
helper/assert,500,1,72736,0.050021584,1454092,727046149,0.000000,0.000000
helper/assert,500,2,72480,0.050021917,1448965,724482430,0.000000,0.000000
helper/assert,500,3,72320,0.050019666,1445831,722915663,0.000000,0.000000
helper/assert,500,4,72320,0.050006542,1446211,723105389,0.000000,0.000000
helper/assert,500,5,72544,0.050015000,1450445,725222433,0.000000,0.000000
helper/assert,500,6,72512,0.050019125,1449685,724842748,0.000000,0.000000
helper/static_sort,500,0,151680,0.050008125,3033107,1516553560,1.000000,16.000000
helper/static_sort,500,1,151616,0.050003125,3032130,1516065246,1.000000,16.000000
helper/static_sort,500,2,151712,0.050000541,3034207,1517103585,1.000000,16.000000
helper/static_sort,500,3,151520,0.050009542,3029822,1514910894,1.000000,16.000000
helper/static_sort,500,4,151744,0.050007000,3034455,1517227588,1.000000,16.000000
helper/static_sort,500,5,151808,0.050002417,3036013,1518006620,1.000000,16.000000
helper/static_sort,500,6,151808,0.050004917,3035861,1517930727,1.000000,16.000000
helper/round,1024,0,41024,0.050011458,820292,839979030,0.000000,0.000000
helper/round,1024,1,41024,0.050011292,820295,839981819,0.000000,0.000000
helper/round,1024,2,41056,0.050017583,820831,840531299,0.000000,0.000000
helper/round,1024,3,41056,0.050031916,820596,840290506,0.000000,0.000000
helper/round,1024,4,41120,0.050027541,821947,841673989,0.000000,0.000000
helper/round,1024,5,41088,0.050025125,821347,841059608,0.000000,0.000000
helper/round,1024,6,41088,0.050017833,821467,841182224,0.000000,0.000000
helper/static_round,1024,0,84288,0.050014292,1685278,1725724959,0.000000,0.000000
helper/static_round,1024,1,84416,0.050004125,1688181,1728697062,0.000000,0.000000
helper/static_round,1024,2,84864,0.050007959,1697010,1737738107,0.000000,0.000000
helper/static_round,1024,3,84512,0.050006000,1690037,1730598088,0.000000,0.000000
helper/static_round,1024,4,84736,0.050001542,1694668,1735339762,0.000000,0.000000
helper/static_round,1024,5,84800,0.050015958,1695459,1736149890,0.000000,0.000000
helper/static_round,1024,6,84704,0.050018209,1693463,1734106393,0.000000,0.000000
helper/decimal_round,1024,0,35168,0.050014250,703160,720035430,0.000000,0.000000
helper/decimal_round,1024,1,35136,0.050030375,702293,719148397,0.000000,0.000000
helper/decimal_round,1024,2,35104,0.050021166,701783,718625711,0.000000,0.000000
helper/decimal_round,1024,3,35072,0.050012125,701270,718100421,0.000000,0.000000
helper/decimal_round,1024,4,35136,0.050021209,702422,719280176,0.000000,0.000000
helper/decimal_round,1024,5,35168,0.050044125,702740,719605588,0.000000,0.000000
helper/decimal_round,1024,6,35104,0.050035000,701589,718427021,0.000000,0.000000
helper/pad,1024,0,37024,0.050029833,740038,757799371,5.000000,83.000000
helper/pad,1024,1,36896,0.050015833,737686,755390878,5.000000,83.000000
helper/pad,1024,2,36896,0.050023666,737571,755272594,5.000000,83.000000
helper/pad,1024,3,36960,0.050024333,738840,756572606,5.000000,83.000000
helper/pad,1024,4,36992,0.050009083,739706,757458560,5.000000,83.000000
helper/pad,1024,5,37024,0.050014042,740272,758038632,5.000000,83.000000
helper/pad,1024,6,36992,0.050005000,739766,757520408,5.000000,83.000000
helper/pad_unchanged,1024,0,41056,0.050032834,820581,840275088,0.000000,0.000000
helper/pad_unchanged,1024,1,41024,0.050019292,820164,839847473,0.000000,0.000000
helper/pad_unchanged,1024,2,41024,0.050034916,819907,839585221,0.000000,0.000000
helper/pad_unchanged,1024,3,40960,0.050021250,818852,838504436,0.000000,0.000000
helper/pad_unchanged,1024,4,41024,0.050012875,820269,839955232,0.000000,0.000000
helper/pad_unchanged,1024,5,41024,0.050009584,820323,840010507,0.000000,0.000000
helper/pad_unchanged,1024,6,40992,0.050034500,819275,838937293,0.000000,0.000000
helper/uri_unchanged,1024,0,41536,0.050037917,830091,850012681,0.000000,0.000000
helper/uri_unchanged,1024,1,41504,0.050029625,829588,849498592,0.000000,0.000000
helper/uri_unchanged,1024,2,41504,0.050026709,829637,849548108,0.000000,0.000000
helper/uri_unchanged,1024,3,41600,0.050020667,831656,851615993,0.000000,0.000000
helper/uri_unchanged,1024,4,41664,0.050027834,832816,852803981,0.000000,0.000000
helper/uri_unchanged,1024,5,41440,0.050036500,828195,848072107,0.000000,0.000000
helper/uri_unchanged,1024,6,41440,0.050008541,828658,848546251,0.000000,0.000000
helper/base64,1024,0,38784,0.050026834,775264,793870266,5.000000,48.000000
helper/base64,1024,1,38784,0.050030667,775205,793809445,5.000000,48.000000
helper/base64,1024,2,38752,0.050036958,774468,793054766,5.000000,48.000000
helper/base64,1024,3,38752,0.050018917,774747,793340807,5.000000,48.000000
helper/base64,1024,4,38752,0.050020958,774715,793308437,5.000000,48.000000
helper/base64,1024,5,38720,0.050029458,773944,792518680,5.000000,48.000000
helper/base64,1024,6,38784,0.050026750,775265,793871599,5.000000,48.000000
helper/sort,1024,0,35840,0.050023625,716461,733656547,5.000000,264.000000
helper/sort,1024,1,35744,0.050023708,714541,731690182,5.000000,264.000000
helper/sort,1024,2,35872,0.050027000,717053,734262058,5.000000,264.000000
helper/sort,1024,3,35840,0.050033708,716317,733508698,5.000000,264.000000
helper/sort,1024,4,35904,0.050032375,717615,734838112,5.000000,264.000000
helper/sort,1024,5,35872,0.050034125,716951,734157498,5.000000,264.000000
helper/sort,1024,6,35808,0.050001291,716142,733328905,5.000000,264.000000
helper/zip,1024,0,24768,0.050050000,494865,506741898,11.000000,816.000000
helper/zip,1024,1,24768,0.050019958,495162,507046247,11.000000,816.000000
helper/zip,1024,2,24736,0.050045667,494269,506131010,11.000000,816.000000
helper/zip,1024,3,24768,0.050008542,495275,507161996,11.000000,816.000000
helper/zip,1024,4,24736,0.050022416,494498,506366266,11.000000,816.000000
helper/zip,1024,5,24800,0.050019125,495810,507709801,11.000000,816.000000
helper/zip,1024,6,24640,0.050017833,492624,504447284,11.000000,816.000000
helper/single,1024,0,31648,0.050018083,632731,647916714,6.000000,584.000000
helper/single,1024,1,31744,0.050044042,634321,649544975,6.000000,584.000000
helper/single,1024,2,31712,0.050032750,633825,649036641,6.000000,584.000000
helper/single,1024,3,31680,0.050015625,633402,648603711,6.000000,584.000000
helper/single,1024,4,31744,0.050025375,634558,649787353,6.000000,584.000000
helper/single,1024,5,31648,0.050006833,632874,648062476,6.000000,584.000000
helper/single,1024,6,31616,0.050000959,632308,647483261,6.000000,584.000000
helper/assert,1024,0,40704,0.050009917,813919,833452613,0.000000,0.000000
helper/assert,1024,1,40864,0.050016666,817008,836615859,0.000000,0.000000
helper/assert,1024,2,40672,0.050030250,812948,832458922,0.000000,0.000000
helper/assert,1024,3,40768,0.050027833,814906,834464127,0.000000,0.000000
helper/assert,1024,4,40736,0.050029500,814240,833781349,0.000000,0.000000
helper/assert,1024,5,40928,0.050006292,818457,838099973,0.000000,0.000000
helper/assert,1024,6,40800,0.050006417,815895,835476775,0.000000,0.000000
helper/static_sort,1024,0,83328,0.050001542,1666509,1706504811,1.000000,16.000000
helper/static_sort,1024,1,83168,0.050002583,1663274,1703192653,1.000000,16.000000
helper/static_sort,1024,2,83424,0.050001000,1668447,1708489350,1.000000,16.000000
helper/static_sort,1024,3,83328,0.050012208,1666153,1706140869,1.000000,16.000000
helper/static_sort,1024,4,83488,0.050015417,1669245,1709307192,1.000000,16.000000
helper/static_sort,1024,5,83264,0.050008583,1664994,1704954048,1.000000,16.000000
helper/static_sort,1024,6,83424,0.050003500,1668363,1708403932,1.000000,16.000000
helper/round,10240,0,4736,0.050076708,94575,968447047,0.000000,0.000000
helper/round,10240,1,4768,0.050311083,94770,970448599,0.000000,0.000000
helper/round,10240,2,4736,0.050098334,94534,968028997,0.000000,0.000000
helper/round,10240,3,4736,0.050013625,94694,969668565,0.000000,0.000000
helper/round,10240,4,4736,0.050081416,94566,968356007,0.000000,0.000000
helper/round,10240,5,4768,0.050275541,94837,971134652,0.000000,0.000000
helper/round,10240,6,4736,0.050036708,94651,969221237,0.000000,0.000000
helper/static_round,10240,0,9344,0.050035917,186746,1912277535,0.000000,0.000000
helper/static_round,10240,1,9344,0.050044333,186714,1911955945,0.000000,0.000000
helper/static_round,10240,2,9376,0.050157291,186932,1914183124,0.000000,0.000000
helper/static_round,10240,3,9344,0.050030750,186765,1912475028,0.000000,0.000000
helper/static_round,10240,4,9376,0.050167125,186895,1913807897,0.000000,0.000000
helper/static_round,10240,5,9376,0.050162625,186912,1913979581,0.000000,0.000000
helper/static_round,10240,6,9376,0.050139917,186997,1914846409,0.000000,0.000000
helper/decimal_round,10240,0,4672,0.050329709,92828,950557453,0.000000,0.000000
helper/decimal_round,10240,1,4672,0.050256792,92963,951936606,0.000000,0.000000
helper/decimal_round,10240,2,4672,0.050346166,92798,950246738,0.000000,0.000000
helper/decimal_round,10240,3,4672,0.050270958,92936,951668357,0.000000,0.000000
helper/decimal_round,10240,4,4672,0.050357209,92777,950038355,0.000000,0.000000
helper/decimal_round,10240,5,4672,0.050291500,92898,951279640,0.000000,0.000000
helper/decimal_round,10240,6,4640,0.050148208,92526,947463566,0.000000,0.000000
helper/pad,10240,0,4704,0.050280709,93555,958000811,5.000000,83.000000
helper/pad,10240,1,4672,0.050009459,93422,956644622,5.000000,83.000000
helper/pad,10240,2,4704,0.050281625,93553,957983359,5.000000,83.000000
helper/pad,10240,3,4672,0.050052958,93341,955813241,5.000000,83.000000
helper/pad,10240,4,4704,0.050316041,93489,957328101,5.000000,83.000000
helper/pad,10240,5,4672,0.050026333,93391,956321943,5.000000,83.000000
helper/pad,10240,6,4672,0.050037584,93370,956106914,5.000000,83.000000
helper/pad_unchanged,10240,0,4736,0.050059208,94608,968785603,0.000000,0.000000
helper/pad_unchanged,10240,1,4736,0.050032167,94659,969309205,0.000000,0.000000
helper/pad_unchanged,10240,2,4736,0.050012084,94697,969698443,0.000000,0.000000
helper/pad_unchanged,10240,3,4736,0.050016334,94689,969616046,0.000000,0.000000
helper/pad_unchanged,10240,4,4768,0.050300875,94790,970645540,0.000000,0.000000
helper/pad_unchanged,10240,5,4736,0.050008042,94705,969776821,0.000000,0.000000
helper/pad_unchanged,10240,6,4736,0.050031417,94661,969323735,0.000000,0.000000
helper/uri_unchanged,10240,0,4768,0.050313625,94766,970399569,0.000000,0.000000
helper/uri_unchanged,10240,1,4768,0.050263792,94860,971361651,0.000000,0.000000
helper/uri_unchanged,10240,2,4768,0.050249875,94886,971630676,0.000000,0.000000
helper/uri_unchanged,10240,3,4768,0.050320459,94753,970267779,0.000000,0.000000
helper/uri_unchanged,10240,4,4768,0.050305000,94782,970565948,0.000000,0.000000
helper/uri_unchanged,10240,5,4768,0.050309833,94773,970472711,0.000000,0.000000
helper/uri_unchanged,10240,6,4768,0.050332958,94729,970026836,0.000000,0.000000
helper/base64,10240,0,4704,0.050105333,93882,961353954,5.000000,48.000000
helper/base64,10240,1,4704,0.050065041,93958,962127645,5.000000,48.000000
helper/base64,10240,2,4736,0.050291792,94170,964305269,5.000000,48.000000
helper/base64,10240,3,4704,0.050057833,93971,962266185,5.000000,48.000000
helper/base64,10240,4,4704,0.050065000,93958,962128433,5.000000,48.000000
helper/base64,10240,5,4704,0.050063834,93960,962150841,5.000000,48.000000
helper/base64,10240,6,4704,0.050036625,94011,962674041,5.000000,48.000000
helper/sort,10240,0,4672,0.050158458,93145,953802846,5.000000,264.000000
helper/sort,10240,1,4672,0.050253291,92969,952002925,5.000000,264.000000
helper/sort,10240,2,4672,0.050109959,93235,954725986,5.000000,264.000000
helper/sort,10240,3,4672,0.050308709,92867,950954237,5.000000,264.000000
helper/sort,10240,4,4672,0.050183291,93099,953330861,5.000000,264.000000
helper/sort,10240,5,4672,0.050194542,93078,953117174,5.000000,264.000000
helper/sort,10240,6,4672,0.050278542,92922,951524808,5.000000,264.000000
helper/zip,10240,0,3136,0.050086791,62611,641139897,11.000000,816.000000
helper/zip,10240,1,3136,0.050083084,62616,641187352,11.000000,816.000000
helper/zip,10240,2,3136,0.050157333,62523,640238188,11.000000,816.000000
helper/zip,10240,3,3136,0.050139917,62545,640460574,11.000000,816.000000
helper/zip,10240,4,3136,0.050133958,62552,640536700,11.000000,816.000000
helper/zip,10240,5,3136,0.050096042,62600,641021500,11.000000,816.000000
helper/zip,10240,6,3136,0.050094209,62602,641044956,11.000000,816.000000
helper/single,10240,0,4608,0.050323375,91568,937654122,6.000000,584.000000
helper/single,10240,1,4576,0.050007625,91506,937021904,6.000000,584.000000
helper/single,10240,2,4608,0.050210292,91774,939765895,6.000000,584.000000
helper/single,10240,3,4608,0.050315500,91582,937800876,6.000000,584.000000
helper/single,10240,4,4608,0.050282708,91642,938412466,6.000000,584.000000
helper/single,10240,5,4576,0.050020375,91483,936783061,6.000000,584.000000
helper/single,10240,6,4608,0.050307583,91597,937948460,6.000000,584.000000
helper/assert,10240,0,4736,0.050095875,94539,968076513,0.000000,0.000000
helper/assert,10240,1,4736,0.050043292,94638,969093720,0.000000,0.000000
helper/assert,10240,2,4736,0.050048250,94629,968997717,0.000000,0.000000
helper/assert,10240,3,4768,0.050314625,94764,970380282,0.000000,0.000000
helper/assert,10240,4,4736,0.050152667,94432,966980280,0.000000,0.000000
helper/assert,10240,5,4736,0.050041458,94642,969129237,0.000000,0.000000
helper/assert,10240,6,4736,0.050065583,94596,968662244,0.000000,0.000000
helper/static_sort,10240,0,9344,0.050085333,186562,1910390812,1.000000,16.000000
helper/static_sort,10240,1,9344,0.050128833,186400,1908733044,1.000000,16.000000
helper/static_sort,10240,2,9344,0.050085125,186562,1910398746,1.000000,16.000000
helper/static_sort,10240,3,9344,0.050146042,186336,1908078009,1.000000,16.000000
helper/static_sort,10240,4,9344,0.050059542,186658,1911375058,1.000000,16.000000
helper/static_sort,10240,5,9344,0.050164000,186269,1907394945,1.000000,16.000000
helper/static_sort,10240,6,9344,0.050152000,186314,1907851332,1.000000,16.000000
helper/round,1048576,0,64,0.067805292,944,989729002,0.000000,0.000000
helper/round,1048576,1,64,0.067835958,943,989281584,0.000000,0.000000
helper/round,1048576,2,64,0.067901375,943,988328499,0.000000,0.000000
helper/round,1048576,3,64,0.067886375,943,988546877,0.000000,0.000000
helper/round,1048576,4,64,0.067837834,943,989254226,0.000000,0.000000
helper/round,1048576,5,64,0.067881625,943,988616050,0.000000,0.000000
helper/round,1048576,6,64,0.067865292,943,988853979,0.000000,0.000000
helper/static_round,1048576,0,96,0.051844958,1852,1941621710,0.000000,0.000000
helper/static_round,1048576,1,96,0.051715375,1856,1946486823,0.000000,0.000000
helper/static_round,1048576,2,96,0.051815834,1853,1942713032,0.000000,0.000000
helper/static_round,1048576,3,96,0.051738959,1855,1945599563,0.000000,0.000000
helper/static_round,1048576,4,96,0.051796292,1853,1943445990,0.000000,0.000000
helper/static_round,1048576,5,96,0.051769792,1854,1944440804,0.000000,0.000000
helper/static_round,1048576,6,96,0.051367250,1869,1959678511,0.000000,0.000000
helper/decimal_round,1048576,0,64,0.067843750,943,989167963,0.000000,0.000000
helper/decimal_round,1048576,1,64,0.067947166,942,987662443,0.000000,0.000000
helper/decimal_round,1048576,2,64,0.067950417,942,987615190,0.000000,0.000000
helper/decimal_round,1048576,3,64,0.067821875,944,989487005,0.000000,0.000000
helper/decimal_round,1048576,4,64,0.067968875,942,987346988,0.000000,0.000000
helper/decimal_round,1048576,5,64,0.067935916,942,987825998,0.000000,0.000000
helper/decimal_round,1048576,6,64,0.067869209,943,988796908,0.000000,0.000000
helper/pad,1048576,0,64,0.067862959,943,988887973,5.000000,83.000000
helper/pad,1048576,1,64,0.067723959,945,990917616,5.000000,83.000000
helper/pad,1048576,2,64,0.067828208,944,989394619,5.000000,83.000000
helper/pad,1048576,3,64,0.067964833,942,987405707,5.000000,83.000000
helper/pad,1048576,4,64,0.067829750,944,989372127,5.000000,83.000000
helper/pad,1048576,5,64,0.067837833,943,989254241,5.000000,83.000000
helper/pad,1048576,6,64,0.067828625,944,989388536,5.000000,83.000000
helper/pad_unchanged,1048576,0,64,0.067936166,942,987822363,0.000000,0.000000
helper/pad_unchanged,1048576,1,64,0.067755583,945,990455119,0.000000,0.000000
helper/pad_unchanged,1048576,2,64,0.067845500,943,989142449,0.000000,0.000000
helper/pad_unchanged,1048576,3,64,0.067924084,942,987998071,0.000000,0.000000
helper/pad_unchanged,1048576,4,64,0.067809083,944,989673670,0.000000,0.000000
helper/pad_unchanged,1048576,5,64,0.067893209,943,988447372,0.000000,0.000000
helper/pad_unchanged,1048576,6,64,0.067882625,943,988601487,0.000000,0.000000
helper/uri_unchanged,1048576,0,64,0.067583083,947,992983170,0.000000,0.000000
helper/uri_unchanged,1048576,1,64,0.067895250,943,988417658,0.000000,0.000000
helper/uri_unchanged,1048576,2,64,0.067900958,943,988334568,0.000000,0.000000
helper/uri_unchanged,1048576,3,64,0.067894708,943,988425549,0.000000,0.000000
helper/uri_unchanged,1048576,4,64,0.067879583,943,988645791,0.000000,0.000000
helper/uri_unchanged,1048576,5,64,0.067890291,943,988489856,0.000000,0.000000
helper/uri_unchanged,1048576,6,64,0.067695208,945,991338471,0.000000,0.000000
helper/base64,1048576,0,64,0.067954792,942,987551606,5.000000,48.000000
helper/base64,1048576,1,64,0.067988709,941,987058954,5.000000,48.000000
helper/base64,1048576,2,64,0.067778584,944,990119003,5.000000,48.000000
helper/base64,1048576,3,64,0.067900000,943,988348513,5.000000,48.000000
helper/base64,1048576,4,64,0.067838083,943,989250595,5.000000,48.000000
helper/base64,1048576,5,64,0.067883167,943,988593593,5.000000,48.000000
helper/base64,1048576,6,64,0.067907125,942,988244812,5.000000,48.000000
helper/sort,1048576,0,64,0.067862417,943,988895871,5.000000,264.000000
helper/sort,1048576,1,64,0.067781583,944,990075195,5.000000,264.000000
helper/sort,1048576,2,64,0.067936750,942,987813871,5.000000,264.000000
helper/sort,1048576,3,64,0.067904209,943,988287250,5.000000,264.000000
helper/sort,1048576,4,64,0.067871292,943,988766561,5.000000,264.000000
helper/sort,1048576,5,64,0.067929375,942,987921117,5.000000,264.000000
helper/sort,1048576,6,64,0.067883041,943,988595428,5.000000,264.000000
helper/zip,1048576,0,32,0.050816500,630,660305846,11.000000,816.000000
helper/zip,1048576,1,32,0.050704291,631,661767108,11.000000,816.000000
helper/zip,1048576,2,32,0.050764459,630,660982756,11.000000,816.000000
helper/zip,1048576,3,32,0.050708625,631,661710547,11.000000,816.000000
helper/zip,1048576,4,32,0.050711792,631,661669223,11.000000,816.000000
helper/zip,1048576,5,32,0.050671875,632,662190456,11.000000,816.000000
helper/zip,1048576,6,32,0.050642250,632,662577828,11.000000,816.000000
helper/single,1048576,0,64,0.067887209,943,988534733,6.000000,584.000000
helper/single,1048576,1,64,0.067922958,942,988014450,6.000000,584.000000
helper/single,1048576,2,64,0.067858833,943,988948101,6.000000,584.000000
helper/single,1048576,3,64,0.067841625,943,989198947,6.000000,584.000000
helper/single,1048576,4,64,0.067923625,942,988004748,6.000000,584.000000
helper/single,1048576,5,64,0.067909041,942,988216930,6.000000,584.000000
helper/single,1048576,6,64,0.067921625,942,988033840,6.000000,584.000000
helper/assert,1048576,0,64,0.067511209,948,994040323,0.000000,0.000000
helper/assert,1048576,1,64,0.067758541,945,990411880,0.000000,0.000000
helper/assert,1048576,2,64,0.067927625,942,987946568,0.000000,0.000000
helper/assert,1048576,3,64,0.067491166,948,994335525,0.000000,0.000000
helper/assert,1048576,4,64,0.067838667,943,989242079,0.000000,0.000000
helper/assert,1048576,5,64,0.067857750,943,988963884,0.000000,0.000000
helper/assert,1048576,6,64,0.067944959,942,987694525,0.000000,0.000000
helper/static_sort,1048576,0,96,0.051824833,1852,1942375695,1.000000,16.000000
helper/static_sort,1048576,1,96,0.051715875,1856,1946468004,1.000000,16.000000
helper/static_sort,1048576,2,96,0.051512916,1864,1954137017,1.000000,16.000000
helper/static_sort,1048576,3,96,0.051694167,1857,1947285387,1.000000,16.000000
helper/static_sort,1048576,4,96,0.051799958,1853,1943308448,1.000000,16.000000
helper/static_sort,1048576,5,96,0.051755250,1855,1944987146,1.000000,16.000000
helper/static_sort,1048576,6,96,0.051813875,1853,1942786483,1.000000,16.000000
helper/sort_sequence,162,0,37600,0.050036250,751455,121735742,9.000000,992.000000
helper/sort_sequence,162,1,37696,0.050030542,753460,122060481,9.000000,992.000000
helper/sort_sequence,162,2,37696,0.050034042,753407,122051942,9.000000,992.000000
helper/sort_sequence,162,3,37824,0.050034542,755958,122465156,9.000000,992.000000
helper/sort_sequence,162,4,37920,0.050017875,758129,122816893,9.000000,992.000000
helper/sort_sequence,162,5,37792,0.050024125,755475,122387028,9.000000,992.000000
helper/sort_sequence,162,6,38048,0.050017583,760692,123232184,9.000000,992.000000
helper/zip_sequence,162,0,24160,0.050057708,482643,78188158,28.000000,2160.000000
helper/zip_sequence,162,1,24256,0.050023292,484894,78552847,28.000000,2160.000000
helper/zip_sequence,162,2,24256,0.050020583,484920,78557101,28.000000,2160.000000
helper/zip_sequence,162,3,24288,0.050043375,485339,78624913,28.000000,2160.000000
helper/zip_sequence,162,4,24288,0.050030666,485462,78644886,28.000000,2160.000000
helper/zip_sequence,162,5,24288,0.050013708,485627,78671551,28.000000,2160.000000
helper/zip_sequence,162,6,24288,0.050008291,485679,78680073,28.000000,2160.000000
helper/sort_callback,162,0,9568,0.050118709,190907,30926894,41.000000,4168.000000
helper/sort_callback,162,1,9504,0.050109833,189663,30725467,41.000000,4168.000000
helper/sort_callback,162,2,9504,0.050047583,189899,30763683,41.000000,4168.000000
helper/sort_callback,162,3,9472,0.050011625,189396,30682146,41.000000,4168.000000
helper/sort_callback,162,4,9504,0.050063250,189840,30754056,41.000000,4168.000000
helper/sort_callback,162,5,9504,0.050088750,189743,30738399,41.000000,4168.000000
helper/sort_callback,162,6,9504,0.050087208,189749,30739346,41.000000,4168.000000
helper/single_sequence,162,0,31456,0.050015083,628930,101886705,9.000000,920.000000
helper/single_sequence,162,1,31584,0.050048875,631063,102232228,9.000000,920.000000
helper/single_sequence,162,2,31552,0.050013542,630869,102200800,9.000000,920.000000
helper/single_sequence,162,3,31488,0.050028125,629406,101963765,9.000000,920.000000
helper/single_sequence,162,4,31328,0.050019125,626320,101463910,9.000000,920.000000
helper/single_sequence,162,5,31392,0.050013875,627666,101681863,9.000000,920.000000
helper/single_sequence,162,6,31424,0.050020375,628224,101772288,9.000000,920.000000
helper/group_round,162,0,25216,0.050056542,503750,81607555,10.000000,1016.000000
helper/group_round,162,1,25056,0.050035959,500760,81123098,10.000000,1016.000000
helper/group_round,162,2,25248,0.050026709,504690,81759846,10.000000,1016.000000
helper/group_round,162,3,25152,0.050051333,502524,81408901,10.000000,1016.000000
helper/group_round,162,4,25280,0.050038583,505210,81844044,10.000000,1016.000000
helper/group_round,162,5,25312,0.050024250,505995,81971124,10.000000,1016.000000
helper/group_round,162,6,25408,0.050004209,508117,82314991,10.000000,1016.000000
helper/filtered_sorted,162,0,10016,0.050060625,200077,32412540,63.000000,3540.000000
helper/filtered_sorted,162,1,10080,0.050102667,201187,32592277,63.000000,3540.000000
helper/filtered_sorted,162,2,10112,0.050072500,201947,32715443,63.000000,3540.000000
helper/filtered_sorted,162,3,10048,0.050012500,200910,32547383,63.000000,3540.000000
helper/filtered_sorted,162,4,9952,0.050030875,198917,32224581,63.000000,3540.000000
helper/filtered_sorted,162,5,9984,0.050014000,199624,32339105,63.000000,3540.000000
helper/filtered_sorted,162,6,10016,0.050054125,200103,32416749,63.000000,3540.000000
helper/sort_sequence,2588,0,2400,0.050357750,47659,123341492,17.000000,17312.000000
helper/sort_sequence,2588,1,2432,0.050356083,48296,124990182,17.000000,17312.000000
helper/sort_sequence,2588,2,2464,0.050648500,48649,125903669,17.000000,17312.000000
helper/sort_sequence,2588,3,2432,0.050226875,48420,125311718,17.000000,17312.000000
helper/sort_sequence,2588,4,2432,0.050142291,48502,125523104,17.000000,17312.000000
helper/sort_sequence,2588,5,2432,0.050000375,48640,125879376,17.000000,17312.000000
helper/sort_sequence,2588,6,2432,0.050155042,48490,125491192,17.000000,17312.000000
helper/zip_sequence,2588,0,1856,0.050259791,36928,95569996,280.000000,30960.000000
helper/zip_sequence,2588,1,1888,0.050323625,37517,97094436,280.000000,30960.000000
helper/zip_sequence,2588,2,1888,0.050350875,37497,97041889,280.000000,30960.000000
helper/zip_sequence,2588,3,1888,0.050309708,37528,97121295,280.000000,30960.000000
helper/zip_sequence,2588,4,1888,0.050270416,37557,97197206,280.000000,30960.000000
helper/zip_sequence,2588,5,1888,0.050037625,37732,97649399,280.000000,30960.000000
helper/zip_sequence,2588,6,1888,0.050708542,37232,96357414,280.000000,30960.000000
helper/sort_callback,2588,0,352,0.053494208,6580,17029432,925.000000,109960.000000
helper/sort_callback,2588,1,352,0.053467417,6583,17037965,925.000000,109960.000000
helper/sort_callback,2588,2,352,0.053661667,6560,16976290,925.000000,109960.000000
helper/sort_callback,2588,3,352,0.053497542,6580,17028371,925.000000,109960.000000
helper/sort_callback,2588,4,352,0.053650625,6561,16979784,925.000000,109960.000000
helper/sort_callback,2588,5,352,0.053390458,6593,17062525,925.000000,109960.000000
helper/sort_callback,2588,6,352,0.053308166,6603,17088864,925.000000,109960.000000
helper/single_sequence,2588,0,2528,0.050502875,50057,129546367,13.000000,6680.000000
helper/single_sequence,2588,1,2528,0.050300834,50258,130066710,13.000000,6680.000000
helper/single_sequence,2588,2,2528,0.050253917,50305,130188140,13.000000,6680.000000
helper/single_sequence,2588,3,2528,0.050355333,50203,129925941,13.000000,6680.000000
helper/single_sequence,2588,4,2528,0.050533750,50026,129467217,13.000000,6680.000000
helper/single_sequence,2588,5,2528,0.050485208,50074,129591701,13.000000,6680.000000
helper/single_sequence,2588,6,2528,0.050319417,50239,130018676,13.000000,6680.000000
helper/group_round,2588,0,2304,0.050344625,45765,118438701,18.000000,9656.000000
helper/group_round,2588,1,2304,0.050096792,45991,119024627,18.000000,9656.000000
helper/group_round,2588,2,2304,0.050158083,45935,118879184,18.000000,9656.000000
helper/group_round,2588,3,2336,0.050674250,46098,119302565,18.000000,9656.000000
helper/group_round,2588,4,2304,0.050197541,45899,118785739,18.000000,9656.000000
helper/group_round,2588,5,2304,0.050246916,45854,118669014,18.000000,9656.000000
helper/group_round,2588,6,2304,0.050190917,45905,118801416,18.000000,9656.000000
helper/filtered_sorted,2588,0,448,0.050771875,8824,22835950,1173.000000,77137.000000
helper/filtered_sorted,2588,1,448,0.050795291,8820,22825423,1173.000000,77137.000000
helper/filtered_sorted,2588,2,448,0.050648000,8845,22891802,1173.000000,77137.000000
helper/filtered_sorted,2588,3,448,0.051035209,8778,22718120,1173.000000,77137.000000
helper/filtered_sorted,2588,4,448,0.050917375,8799,22770695,1173.000000,77137.000000
helper/filtered_sorted,2588,5,448,0.050995417,8785,22735847,1173.000000,77137.000000
helper/filtered_sorted,2588,6,448,0.050978834,8788,22743243,1173.000000,77137.000000
helper/sort_sequence,21428,0,288,0.053974916,5336,114335778,23.000000,139168.000000
helper/sort_sequence,21428,1,288,0.052653417,5470,117205385,23.000000,139168.000000
helper/sort_sequence,21428,2,288,0.052367000,5500,117846430,23.000000,139168.000000
helper/sort_sequence,21428,3,288,0.051709542,5570,119344782,23.000000,139168.000000
helper/sort_sequence,21428,4,288,0.051593375,5582,119613497,23.000000,139168.000000
helper/sort_sequence,21428,5,288,0.051726708,5568,119305176,23.000000,139168.000000
helper/sort_sequence,21428,6,288,0.052083166,5530,118488649,23.000000,139168.000000
helper/zip_sequence,21428,0,256,0.054475750,4699,100697430,2081.000000,246000.000000
helper/zip_sequence,21428,1,256,0.055679792,4598,98519908,2081.000000,246000.000000
helper/zip_sequence,21428,2,256,0.053971125,4743,101638941,2081.000000,246000.000000
helper/zip_sequence,21428,3,256,0.053668333,4770,102212379,2081.000000,246000.000000
helper/zip_sequence,21428,4,256,0.053508958,4784,102516816,2081.000000,246000.000000
helper/zip_sequence,21428,5,256,0.053433458,4791,102661669,2081.000000,246000.000000
helper/zip_sequence,21428,6,256,0.053434583,4791,102659508,2081.000000,246000.000000
helper/sort_callback,21428,0,32,0.053514792,598,12813205,10278.000000,1171848.000000
helper/sort_callback,21428,1,32,0.053284791,601,12868513,10278.000000,1171848.000000
helper/sort_callback,21428,2,32,0.053165833,602,12897306,10278.000000,1171848.000000
helper/sort_callback,21428,3,32,0.053145458,602,12902250,10278.000000,1171848.000000
helper/sort_callback,21428,4,32,0.053636709,597,12784080,10278.000000,1171848.000000
helper/sort_callback,21428,5,32,0.053808000,595,12743384,10278.000000,1171848.000000
helper/sort_callback,21428,6,32,0.053361541,600,12850004,10278.000000,1171848.000000
helper/single_sequence,21428,0,352,0.053960000,6523,139782357,16.000000,49688.000000
helper/single_sequence,21428,1,352,0.053855959,6536,140052394,16.000000,49688.000000
helper/single_sequence,21428,2,352,0.053707583,6554,140439312,16.000000,49688.000000
helper/single_sequence,21428,3,352,0.053864291,6535,140030730,16.000000,49688.000000
helper/single_sequence,21428,4,352,0.053882333,6533,139983842,16.000000,49688.000000
helper/single_sequence,21428,5,352,0.053844125,6537,140083175,16.000000,49688.000000
helper/single_sequence,21428,6,352,0.053908667,6530,139915461,16.000000,49688.000000
helper/group_round,21428,0,320,0.052357792,6112,130963506,24.000000,74168.000000
helper/group_round,21428,1,320,0.052504417,6095,130597774,24.000000,74168.000000
helper/group_round,21428,2,320,0.052550666,6089,130482837,24.000000,74168.000000
helper/group_round,21428,3,320,0.052588208,6085,130389687,24.000000,74168.000000
helper/group_round,21428,4,320,0.053305250,6003,128635735,24.000000,74168.000000
helper/group_round,21428,5,320,0.053144791,6021,129024122,24.000000,74168.000000
helper/group_round,21428,6,320,0.053150000,6021,129011477,24.000000,74168.000000
helper/filtered_sorted,21428,0,64,0.071717666,892,19122095,10737.000000,761229.000000
helper/filtered_sorted,21428,1,64,0.071706916,893,19124961,10737.000000,761229.000000
helper/filtered_sorted,21428,2,64,0.071914000,890,19069889,10737.000000,761229.000000
helper/filtered_sorted,21428,3,64,0.071973458,889,19054135,10737.000000,761229.000000
helper/filtered_sorted,21428,4,64,0.071815708,891,19095989,10737.000000,761229.000000
helper/filtered_sorted,21428,5,64,0.071986958,889,19050562,10737.000000,761229.000000
helper/filtered_sorted,21428,6,64,0.071856167,891,19085237,10737.000000,761229.000000
helper/uri_roundtrip,136,0,10560,0.050117708,210704,28655740,24.000000,5422.000000
helper/uri_roundtrip,136,1,10464,0.050126000,208754,28390536,24.000000,5422.000000
helper/uri_roundtrip,136,2,10688,0.050029750,213633,29054073,24.000000,5422.000000
helper/uri_roundtrip,136,3,10528,0.050082459,210213,28589012,24.000000,5422.000000
helper/uri_roundtrip,136,4,10592,0.050124333,211315,28738776,24.000000,5422.000000
helper/uri_roundtrip,136,5,10560,0.050105833,210754,28662531,24.000000,5422.000000
helper/uri_roundtrip,136,6,10400,0.050031792,207868,28270025,24.000000,5422.000000
helper/base64_roundtrip,136,0,28576,0.050026875,571213,77684964,19.000000,2097.000000
helper/base64_roundtrip,136,1,28736,0.050026375,574417,78120711,19.000000,2097.000000
helper/base64_roundtrip,136,2,28896,0.050034083,577526,78543580,19.000000,2097.000000
helper/base64_roundtrip,136,3,29056,0.050005333,581058,79023891,19.000000,2097.000000
helper/base64_roundtrip,136,4,29184,0.050053250,583059,79296030,19.000000,2097.000000
helper/base64_roundtrip,136,5,29184,0.050045750,583146,79307913,19.000000,2097.000000
helper/base64_roundtrip,136,6,29088,0.050051708,581159,79037622,19.000000,2097.000000
helper/uri_roundtrip,1031,0,1568,0.050078041,31311,32281774,30.000000,43363.000000
helper/uri_roundtrip,1031,1,1600,0.050407167,31742,32725505,30.000000,43363.000000
helper/uri_roundtrip,1031,2,1600,0.050462708,31707,32689486,30.000000,43363.000000
helper/uri_roundtrip,1031,3,1600,0.050409416,31740,32724045,30.000000,43363.000000
helper/uri_roundtrip,1031,4,1600,0.050534833,31661,32642831,30.000000,43363.000000
helper/uri_roundtrip,1031,5,1568,0.050040083,31335,32306261,30.000000,43363.000000
helper/uri_roundtrip,1031,6,1568,0.050693875,30931,31889612,30.000000,43363.000000
helper/base64_roundtrip,1031,0,5184,0.050098208,103477,106684535,22.000000,16434.000000
helper/base64_roundtrip,1031,1,5248,0.050240125,104458,107696547,22.000000,16434.000000
helper/base64_roundtrip,1031,2,5280,0.050268625,105036,108291802,22.000000,16434.000000
helper/base64_roundtrip,1031,3,5248,0.050095209,104761,108008093,22.000000,16434.000000
helper/base64_roundtrip,1031,4,5280,0.050257708,105059,108315325,22.000000,16434.000000
helper/base64_roundtrip,1031,5,5280,0.050024416,105548,108820461,22.000000,16434.000000
helper/base64_roundtrip,1031,6,5312,0.050025750,106185,109477059,22.000000,16434.000000
helper/uri_roundtrip,10251,0,160,0.050601042,3162,32413562,36.000000,409675.000000
helper/uri_roundtrip,10251,1,160,0.050364708,3177,32565661,36.000000,409675.000000
helper/uri_roundtrip,10251,2,192,0.059102916,3249,33301098,36.000000,409675.000000
helper/uri_roundtrip,10251,3,192,0.059404541,3232,33132013,36.000000,409675.000000
helper/uri_roundtrip,10251,4,160,0.050614833,3161,32404730,36.000000,409675.000000
helper/uri_roundtrip,10251,5,160,0.050402625,3174,32541162,36.000000,409675.000000
helper/uri_roundtrip,10251,6,160,0.050130875,3192,32717562,36.000000,409675.000000
helper/base64_roundtrip,10251,0,608,0.052575708,11564,118545394,25.000000,156066.000000
helper/base64_roundtrip,10251,1,576,0.050208792,11472,117600439,25.000000,156066.000000
helper/base64_roundtrip,10251,2,608,0.052457042,11590,118813562,25.000000,156066.000000
helper/base64_roundtrip,10251,3,608,0.052503833,11580,118707676,25.000000,156066.000000
helper/base64_roundtrip,10251,4,608,0.052664000,11545,118346650,25.000000,156066.000000
helper/base64_roundtrip,10251,5,576,0.050213458,11471,117589512,25.000000,156066.000000
helper/base64_roundtrip,10251,6,576,0.050053791,11508,117964611,25.000000,156066.000000
helper/uri_roundtrip,1048586,0,32,1.055412875,30,31793010,50.000000,44459678.000000
helper/uri_roundtrip,1048586,1,32,1.054107708,30,31832375,50.000000,44459678.000000
helper/uri_roundtrip,1048586,2,32,1.046259541,31,32071155,50.000000,44459678.000000
helper/uri_roundtrip,1048586,3,32,1.035768666,31,32395991,50.000000,44459678.000000
helper/uri_roundtrip,1048586,4,32,1.038912542,31,32297956,50.000000,44459678.000000
helper/uri_roundtrip,1048586,5,32,1.041393875,31,32221000,50.000000,44459678.000000
helper/uri_roundtrip,1048586,6,32,1.044572083,31,32122965,50.000000,44459678.000000
helper/base64_roundtrip,1048586,0,32,0.278463084,115,120499822,32.000000,16812233.000000
helper/base64_roundtrip,1048586,1,32,0.279109500,115,120220745,32.000000,16812233.000000
helper/base64_roundtrip,1048586,2,32,0.279970041,114,119851224,32.000000,16812233.000000
helper/base64_roundtrip,1048586,3,32,0.278555750,115,120459736,32.000000,16812233.000000
helper/base64_roundtrip,1048586,4,32,0.278883291,115,120318259,32.000000,16812233.000000
helper/base64_roundtrip,1048586,5,32,0.276393542,116,121402084,32.000000,16812233.000000
helper/base64_roundtrip,1048586,6,32,0.279741666,114,119949068,32.000000,16812233.000000
compile/formatting,0,0,7520,0.050099791,150100,0,172.000000,16133.000000
compile/formatting,0,1,7552,0.050017042,150989,0,172.000000,16133.000000
compile/formatting,0,2,7616,0.050183000,151765,0,172.000000,16133.000000
compile/formatting,0,3,7616,0.050117208,151964,0,172.000000,16133.000000
compile/formatting,0,4,7648,0.050206458,152331,0,172.000000,16133.000000
compile/formatting,0,5,7648,0.050066791,152756,0,172.000000,16133.000000
compile/formatting,0,6,7648,0.050012667,152921,0,172.000000,16133.000000
format/number_static,200,0,80384,0.050006125,1607483,321496617,2.000000,54.000000
format/number_static,200,1,81024,0.050002125,1620411,324082227,2.000000,54.000000
format/number_static,200,2,81632,0.050007959,1632380,326476032,2.000000,54.000000
format/number_static,200,3,81792,0.050003208,1635735,327147010,2.000000,54.000000
format/number_static,200,4,81504,0.050016917,1629529,325905733,2.000000,54.000000
format/number_static,200,5,81632,0.050018458,1632038,326407503,2.000000,54.000000
format/number_static,200,6,81728,0.050003375,1634450,326889935,2.000000,54.000000
format/number_context,200,0,74944,0.050004166,1498755,299751025,2.000000,54.000000
format/number_context,200,1,75040,0.050010125,1500496,300099230,2.000000,54.000000
format/number_context,200,2,74816,0.050010959,1495992,299198422,2.000000,54.000000
format/number_context,200,3,74016,0.050009250,1480046,296009238,2.000000,54.000000
format/number_context,200,4,74656,0.050014958,1492673,298534690,2.000000,54.000000
format/number_context,200,5,74848,0.050010917,1496633,299326645,2.000000,54.000000
format/number_context,200,6,74816,0.050005458,1496157,299231336,2.000000,54.000000
format/number_dynamic,200,0,39872,0.050012000,797249,159449732,20.000000,569.000000
format/number_dynamic,200,1,39616,0.050004917,792242,158448418,20.000000,569.000000
format/number_dynamic,200,2,39936,0.050001625,798694,159738808,20.000000,569.000000
format/number_dynamic,200,3,40000,0.050035375,799434,159886880,20.000000,569.000000
format/number_dynamic,200,4,40128,0.050039625,801924,160384895,20.000000,569.000000
format/number_dynamic,200,5,40128,0.050030000,802079,160415751,20.000000,569.000000
format/number_dynamic,200,6,40160,0.050028125,802748,160549691,20.000000,569.000000
format/integer_static,200,0,117088,0.050010208,2341282,468256401,2.000000,32.000000
format/integer_static,200,1,116704,0.050006417,2333780,466756097,2.000000,32.000000
format/integer_static,200,2,116864,0.050007291,2336939,467387846,2.000000,32.000000
format/integer_static,200,3,116416,0.050010000,2327854,465570886,2.000000,32.000000
format/integer_static,200,4,116608,0.050004583,2331946,466389251,2.000000,32.000000
format/integer_static,200,5,116480,0.050003584,2329433,465886605,2.000000,32.000000
format/integer_static,200,6,117152,0.050002459,2342925,468584955,2.000000,32.000000
format/integer_dynamic,200,0,68832,0.050008709,1376400,275280052,5.000000,120.000000
format/integer_dynamic,200,1,68480,0.050007875,1369384,273876864,5.000000,120.000000
format/integer_dynamic,200,2,68608,0.050004833,1372027,274405476,5.000000,120.000000
format/integer_dynamic,200,3,68800,0.050022000,1375395,275078965,5.000000,120.000000
format/integer_dynamic,200,4,68736,0.050002875,1374641,274928192,5.000000,120.000000
format/integer_dynamic,200,5,69024,0.050016208,1380033,276006530,5.000000,120.000000
format/integer_dynamic,200,6,69152,0.050002792,1382963,276592555,5.000000,120.000000
format/integer_parse_static,200,0,140800,0.050004292,2815758,563151659,1.000000,8.000000
format/integer_parse_static,200,1,141888,0.050006167,2837410,567482007,1.000000,8.000000
format/integer_parse_static,200,2,142560,0.050002834,2851038,570207681,1.000000,8.000000
format/integer_parse_static,200,3,142976,0.050004666,2859253,571850635,1.000000,8.000000
format/integer_parse_static,200,4,141152,0.050001000,2822984,564596708,1.000000,8.000000
format/integer_parse_static,200,5,142272,0.050003750,2845227,569045322,1.000000,8.000000
format/integer_parse_static,200,6,142560,0.050003458,2851003,570200565,1.000000,8.000000
format/words_static,200,0,87584,0.050000125,1751676,350335124,5.000000,184.000000
format/words_static,200,1,88480,0.050008750,1769290,353858075,5.000000,184.000000
format/words_static,200,2,88448,0.050012959,1768502,353700328,5.000000,184.000000
format/words_static,200,3,88736,0.050017250,1774108,354821587,5.000000,184.000000
format/words_static,200,4,88640,0.050008167,1772510,354502096,5.000000,184.000000
format/words_static,200,5,88896,0.050004833,1777748,355549633,5.000000,184.000000
format/words_static,200,6,88672,0.050001167,1773399,354679722,5.000000,184.000000
format/date_static,200,0,99552,0.050005375,1990826,398165197,2.000000,51.000000
format/date_static,200,1,99552,0.050012292,1990551,398110129,2.000000,51.000000
format/date_static,200,2,100064,0.050012167,2000793,400158625,2.000000,51.000000
format/date_static,200,3,99744,0.050010459,1994463,398892560,2.000000,51.000000
format/date_static,200,4,99968,0.050002667,1999253,399850672,2.000000,51.000000
format/date_static,200,5,99200,0.050003292,1983869,396773876,2.000000,51.000000
format/date_static,200,6,99936,0.050000291,1998708,399741674,2.000000,51.000000
format/date_context,200,0,88928,0.050016083,1777988,355597618,2.000000,51.000000
format/date_context,200,1,89280,0.050005750,1785395,357078936,2.000000,51.000000
format/date_context,200,2,89088,0.050004750,1781591,356318150,2.000000,51.000000
format/date_context,200,3,89120,0.050006250,1782177,356435446,2.000000,51.000000
format/date_context,200,4,88640,0.050010708,1772420,354484084,2.000000,51.000000
format/date_context,200,5,88384,0.050010000,1767327,353465307,2.000000,51.000000
format/date_context,200,6,88320,0.050007292,1766142,353228485,2.000000,51.000000
format/date_dynamic,200,0,46304,0.050022667,925660,185132072,15.000000,2005.000000
format/date_dynamic,200,1,46048,0.050026292,920476,184095195,15.000000,2005.000000
format/date_dynamic,200,2,46432,0.050000583,928629,185725834,15.000000,2005.000000
format/date_dynamic,200,3,46656,0.050018125,932782,186556373,15.000000,2005.000000
format/date_dynamic,200,4,46688,0.050004209,933681,186736281,15.000000,2005.000000
format/date_dynamic,200,5,46880,0.050019334,937238,187447518,15.000000,2005.000000
format/date_dynamic,200,6,45376,0.050019083,907174,181434754,15.000000,2005.000000
format/date_iso,200,0,83200,0.050010666,1663645,332729022,2.000000,101.000000
format/date_iso,200,1,84000,0.050014792,1679503,335900627,2.000000,101.000000
format/date_iso,200,2,84224,0.050017042,1683906,336781211,2.000000,101.000000
format/date_iso,200,3,84736,0.050017375,1694131,338826258,2.000000,101.000000
format/date_iso,200,4,84416,0.050007917,1688053,337610543,2.000000,101.000000
format/date_iso,200,5,85056,0.050006958,1700883,340176661,2.000000,101.000000
format/date_iso,200,6,84960,0.050006458,1698981,339796112,2.000000,101.000000
format/date_parse_iso,200,0,149824,0.050009708,2995898,599179663,0.000000,0.000000
format/date_parse_iso,200,1,148704,0.050006583,2973688,594737697,0.000000,0.000000
format/date_parse_iso,200,2,148768,0.050006667,2974963,594992664,0.000000,0.000000
format/date_parse_iso,200,3,148704,0.050006958,2973666,594733237,0.000000,0.000000
format/date_parse_iso,200,4,150048,0.050008333,3000460,600091989,0.000000,0.000000
format/date_parse_iso,200,5,149888,0.050007542,2997308,599461577,0.000000,0.000000
format/date_parse_iso,200,6,150528,0.050005458,3010231,602046281,0.000000,0.000000
format/date_parse_constant,200,0,360352,0.050002916,7206620,1441323942,0.000000,0.000000
format/date_parse_constant,200,1,361888,0.050001083,7237603,1447520647,0.000000,0.000000
format/date_parse_constant,200,2,357888,0.050002792,7157360,1431472067,0.000000,0.000000
format/date_parse_constant,200,3,363648,0.050002542,7272590,1454518052,0.000000,0.000000
format/date_parse_constant,200,4,363200,0.050000334,7263951,1452790295,0.000000,0.000000
format/date_parse_constant,200,5,363072,0.050000500,7261367,1452273477,0.000000,0.000000
format/date_parse_constant,200,6,364000,0.050001417,7279794,1455958738,0.000000,0.000000
format/date_parse_static,200,0,83168,0.050002125,1663289,332657862,6.000000,1360.000000
format/date_parse_static,200,1,83360,0.050007291,1666957,333391385,6.000000,1360.000000
format/date_parse_static,200,2,84032,0.050003417,1680525,336105031,6.000000,1360.000000
format/date_parse_static,200,3,83616,0.050001333,1672275,334455083,6.000000,1360.000000
format/date_parse_static,200,4,84224,0.050004250,1684337,336867366,6.000000,1360.000000
format/date_parse_static,200,5,82528,0.050008291,1650286,330057270,6.000000,1360.000000
format/date_parse_static,200,6,82592,0.050018042,1651244,330248833,6.000000,1360.000000
format/date_parse_dynamic,200,0,11680,0.050124167,233021,46604266,89.000000,10577.000000
format/date_parse_dynamic,200,1,11712,0.050050792,234002,46800458,89.000000,10577.000000
format/date_parse_dynamic,200,2,11712,0.050084042,233847,46769388,89.000000,10577.000000
format/date_parse_dynamic,200,3,11744,0.050114917,234341,46868281,89.000000,10577.000000
format/date_parse_dynamic,200,4,11744,0.050102875,234398,46879545,89.000000,10577.000000
format/date_parse_dynamic,200,5,11584,0.050042250,231484,46296879,89.000000,10577.000000
format/date_parse_dynamic,200,6,11552,0.050064709,230741,46148276,89.000000,10577.000000
format/mixed,200,0,28608,0.050014875,571990,114397967,13.000000,1889.000000
format/mixed,200,1,28160,0.050016416,563015,112603030,13.000000,1889.000000
format/mixed,200,2,28096,0.050029459,561589,112317825,13.000000,1889.000000
format/mixed,200,3,28128,0.050050042,561998,112399506,13.000000,1889.000000
format/mixed,200,4,28128,0.050014584,562396,112479192,13.000000,1889.000000
format/mixed,200,5,28064,0.050018459,561073,112214573,13.000000,1889.000000
format/mixed,200,6,28128,0.050006542,562486,112497281,13.000000,1889.000000
format/number_static,500,0,53472,0.050005583,1069321,534660300,2.000000,54.000000
format/number_static,500,1,53536,0.050021500,1070260,535129894,2.000000,54.000000
format/number_static,500,2,53664,0.050003833,1073198,536598864,2.000000,54.000000
format/number_static,500,3,53248,0.050019458,1064546,532272861,2.000000,54.000000
format/number_static,500,4,53376,0.050025000,1066987,533493253,2.000000,54.000000
format/number_static,500,5,53664,0.050001708,1073243,536621669,2.000000,54.000000
format/number_static,500,6,53408,0.050020750,1067717,533858449,2.000000,54.000000
format/number_context,500,0,47936,0.050000125,958718,479358802,2.000000,54.000000
format/number_context,500,1,50464,0.050009917,1009080,504539930,2.000000,54.000000
format/number_context,500,2,50688,0.050024500,1013264,506631750,2.000000,54.000000
format/number_context,500,3,50592,0.050019666,1011442,505721090,2.000000,54.000000
format/number_context,500,4,50112,0.050025333,1001732,500866231,2.000000,54.000000
format/number_context,500,5,50176,0.050025917,1003000,501500052,2.000000,54.000000
format/number_context,500,6,50176,0.050015625,1003206,501603249,2.000000,54.000000
format/number_dynamic,500,0,28768,0.050008708,575260,287629906,20.000000,569.000000
format/number_dynamic,500,1,28704,0.050032042,573712,286856171,20.000000,569.000000
format/number_dynamic,500,2,28864,0.050054500,576651,288325725,20.000000,569.000000
format/number_dynamic,500,3,29056,0.050000417,581115,290557577,20.000000,569.000000
format/number_dynamic,500,4,28800,0.050041542,575522,287760917,20.000000,569.000000
format/number_dynamic,500,5,28896,0.050044250,577409,288704497,20.000000,569.000000
format/number_dynamic,500,6,28928,0.050003584,578519,289259266,20.000000,569.000000
format/integer_static,500,0,66272,0.050023042,1324829,662414733,2.000000,32.000000
format/integer_static,500,1,66272,0.050005625,1325291,662645452,2.000000,32.000000
format/integer_static,500,2,66560,0.050016125,1330771,665385413,2.000000,32.000000
format/integer_static,500,3,66400,0.050023208,1327384,663691941,2.000000,32.000000
format/integer_static,500,4,66592,0.050023709,1331209,665604384,2.000000,32.000000
format/integer_static,500,5,66464,0.050001625,1329237,664618400,2.000000,32.000000
format/integer_static,500,6,66720,0.050018583,1333904,666952121,2.000000,32.000000
format/integer_dynamic,500,0,41088,0.050026458,821325,410662694,5.000000,120.000000
format/integer_dynamic,500,1,41376,0.050010166,827352,413675891,5.000000,120.000000
format/integer_dynamic,500,2,41344,0.050005125,826795,413397627,5.000000,120.000000
format/integer_dynamic,500,3,41344,0.050009042,826730,413365247,5.000000,120.000000
format/integer_dynamic,500,4,41312,0.050002625,826197,413098312,5.000000,120.000000
format/integer_dynamic,500,5,41632,0.050003959,832574,416287038,5.000000,120.000000
format/integer_dynamic,500,6,41536,0.050017708,830426,415212948,5.000000,120.000000
format/integer_parse_static,500,0,73824,0.050003791,1476368,738184031,1.000000,8.000000
format/integer_parse_static,500,1,73728,0.050019417,1473988,736993796,1.000000,8.000000
format/integer_parse_static,500,2,74080,0.050007042,1481391,740695680,1.000000,8.000000
format/integer_parse_static,500,3,73856,0.050013291,1476727,738363728,1.000000,8.000000
format/integer_parse_static,500,4,73920,0.050002083,1478338,739169206,1.000000,8.000000
format/integer_parse_static,500,5,73792,0.050019792,1475256,737628017,1.000000,8.000000
format/integer_parse_static,500,6,74208,0.050013792,1483751,741875361,1.000000,8.000000
format/words_static,500,0,55840,0.050014667,1116472,558236247,5.000000,184.000000
format/words_static,500,1,56320,0.050016125,1126037,563018427,5.000000,184.000000
format/words_static,500,2,56416,0.050011125,1128069,564034502,5.000000,184.000000
format/words_static,500,3,56544,0.050014041,1130563,565281258,5.000000,184.000000
format/words_static,500,4,56160,0.050026750,1122599,561299705,5.000000,184.000000
format/words_static,500,5,55968,0.050014125,1119044,559521935,5.000000,184.000000
format/words_static,500,6,55936,0.050017875,1118320,559160100,5.000000,184.000000
format/date_static,500,0,60416,0.050016250,1207927,603963712,2.000000,51.000000
format/date_static,500,1,60288,0.050014584,1205408,602704203,2.000000,51.000000
format/date_static,500,2,60480,0.050012875,1209289,604644304,2.000000,51.000000
format/date_static,500,3,60384,0.050001000,1207656,603827923,2.000000,51.000000
format/date_static,500,4,60576,0.050014000,1211181,605590435,2.000000,51.000000
format/date_static,500,5,60608,0.050006750,1211996,605998190,2.000000,51.000000
format/date_static,500,6,60736,0.050012750,1214410,607205163,2.000000,51.000000
format/date_context,500,0,56384,0.050014500,1127353,563676534,2.000000,51.000000
format/date_context,500,1,56448,0.050015625,1128607,564303655,2.000000,51.000000
format/date_context,500,2,56384,0.050014333,1127357,563678416,2.000000,51.000000
format/date_context,500,3,56640,0.050008458,1132608,566304204,2.000000,51.000000
format/date_context,500,4,56256,0.050014291,1124799,562399255,2.000000,51.000000
format/date_context,500,5,56384,0.050011125,1127429,563714574,2.000000,51.000000
format/date_context,500,6,55904,0.050026542,1117487,558743397,2.000000,51.000000
format/date_dynamic,500,0,32256,0.050045959,644528,322263782,15.000000,2005.000000
format/date_dynamic,500,1,32192,0.050016958,643622,321810855,15.000000,2005.000000
format/date_dynamic,500,2,32384,0.050000542,647673,323836490,15.000000,2005.000000
format/date_dynamic,500,3,32224,0.050018167,644246,322122960,15.000000,2005.000000
format/date_dynamic,500,4,32448,0.050014459,648772,324386194,15.000000,2005.000000
format/date_dynamic,500,5,32352,0.050028500,646671,323335699,15.000000,2005.000000
format/date_dynamic,500,6,32384,0.050044583,647103,323551502,15.000000,2005.000000
format/date_iso,500,0,54752,0.050011041,1094798,547399123,2.000000,101.000000
format/date_iso,500,1,54912,0.050021250,1097773,548886723,2.000000,101.000000
format/date_iso,500,2,54784,0.050007542,1095515,547757376,2.000000,101.000000
format/date_iso,500,3,54912,0.050015833,1097892,548946171,2.000000,101.000000
format/date_iso,500,4,54880,0.050008084,1097423,548711284,2.000000,101.000000
format/date_iso,500,5,55008,0.050027250,1099561,549780370,2.000000,101.000000
format/date_iso,500,6,54944,0.050005458,1098760,549380030,2.000000,101.000000
format/date_parse_iso,500,0,76704,0.050018750,1533505,766752468,0.000000,0.000000
format/date_parse_iso,500,1,76704,0.050013083,1533679,766839349,0.000000,0.000000
format/date_parse_iso,500,2,76544,0.050001541,1530833,765416410,0.000000,0.000000
format/date_parse_iso,500,3,76576,0.050018458,1530955,765477416,0.000000,0.000000
format/date_parse_iso,500,4,76832,0.050012500,1536256,768127968,0.000000,0.000000
format/date_parse_iso,500,5,76544,0.050008250,1530627,765313723,0.000000,0.000000
format/date_parse_iso,500,6,76608,0.050017833,1531614,765806867,0.000000,0.000000
format/date_parse_constant,500,0,165344,0.050002292,3306728,1653364210,0.000000,0.000000
format/date_parse_constant,500,1,164992,0.050005083,3299505,1649752286,0.000000,0.000000
format/date_parse_constant,500,2,165312,0.050002834,3306053,1653026306,0.000000,0.000000
format/date_parse_constant,500,3,165952,0.050002916,3318846,1659423222,0.000000,0.000000
format/date_parse_constant,500,4,165408,0.050003834,3307906,1653953175,0.000000,0.000000
format/date_parse_constant,500,5,166464,0.050003958,3329016,1664508238,0.000000,0.000000
format/date_parse_constant,500,6,166240,0.050005166,3324457,1662228259,0.000000,0.000000
format/date_parse_static,500,0,53184,0.050012458,1063415,531707520,6.000000,1360.000000
format/date_parse_static,500,1,52992,0.050011750,1059591,529795498,6.000000,1360.000000
format/date_parse_static,500,2,53216,0.050012000,1064065,532032312,6.000000,1360.000000
format/date_parse_static,500,3,53152,0.050002292,1062991,531495636,6.000000,1360.000000
format/date_parse_static,500,4,53152,0.050021583,1062581,531290663,6.000000,1360.000000
format/date_parse_static,500,5,53152,0.050024625,1062517,531258355,6.000000,1360.000000
format/date_parse_static,500,6,53184,0.050003125,1063614,531806762,6.000000,1360.000000
format/date_parse_dynamic,500,0,10368,0.050097042,206958,103479164,89.000000,10577.000000
format/date_parse_dynamic,500,1,10400,0.050069250,207712,103856159,89.000000,10577.000000
format/date_parse_dynamic,500,2,10400,0.050021959,207909,103954345,89.000000,10577.000000
format/date_parse_dynamic,500,3,10368,0.050050541,207151,103575304,89.000000,10577.000000
format/date_parse_dynamic,500,4,10368,0.050009458,207321,103660392,89.000000,10577.000000
format/date_parse_dynamic,500,5,10432,0.050023375,208543,104271253,89.000000,10577.000000
format/date_parse_dynamic,500,6,10528,0.050014875,210497,105248689,89.000000,10577.000000
format/mixed,500,0,20928,0.050045833,418177,209088337,13.000000,1889.000000
format/mixed,500,1,20960,0.050010292,419114,209556865,13.000000,1889.000000
format/mixed,500,2,20992,0.050039958,419505,209752374,13.000000,1889.000000
format/mixed,500,3,20960,0.050005917,419150,209575199,13.000000,1889.000000
format/mixed,500,4,20992,0.050038625,419516,209757962,13.000000,1889.000000
format/mixed,500,5,21024,0.050006375,420426,210213198,13.000000,1889.000000
format/mixed,500,6,21024,0.050064541,419938,209968968,13.000000,1889.000000
format/number_static,1024,0,34080,0.050029625,681196,697545105,2.000000,54.000000
format/number_static,1024,1,34080,0.050031583,681170,697517806,2.000000,54.000000
format/number_static,1024,2,34048,0.050025166,680617,696952250,2.000000,54.000000
format/number_static,1024,3,34016,0.050011125,680169,696492710,2.000000,54.000000
format/number_static,1024,4,34048,0.050038750,680433,696763049,2.000000,54.000000
format/number_static,1024,5,34144,0.050037416,682369,698746234,2.000000,54.000000
format/number_static,1024,6,34080,0.050027625,681224,697572991,2.000000,54.000000
format/number_context,1024,0,32896,0.050040458,657388,673165381,2.000000,54.000000
format/number_context,1024,1,32800,0.050027916,655634,671369161,2.000000,54.000000
format/number_context,1024,2,32704,0.050019666,653823,669514587,2.000000,54.000000
format/number_context,1024,3,32672,0.050009583,653315,668994341,2.000000,54.000000
format/number_context,1024,4,32736,0.050027709,654357,670061945,2.000000,54.000000
format/number_context,1024,5,32640,0.050026334,652456,668115317,2.000000,54.000000
format/number_context,1024,6,32672,0.050007625,653340,669020534,2.000000,54.000000
format/number_dynamic,1024,0,19744,0.050029375,394648,404119700,20.000000,569.000000
format/number_dynamic,1024,1,19776,0.050012167,395424,404913948,20.000000,569.000000
format/number_dynamic,1024,2,19808,0.050067334,395627,405122270,20.000000,569.000000
format/number_dynamic,1024,3,19712,0.050024208,394049,403506398,20.000000,569.000000
format/number_dynamic,1024,4,19712,0.050042417,393906,403359574,20.000000,569.000000
format/number_dynamic,1024,5,19648,0.050020666,392798,402224792,20.000000,569.000000
format/number_dynamic,1024,6,19744,0.050026250,394673,404144944,20.000000,569.000000
format/integer_static,1024,0,38848,0.050030250,776490,795125989,2.000000,32.000000
format/integer_static,1024,1,38848,0.050011459,776782,795424745,2.000000,32.000000
format/integer_static,1024,2,38880,0.050030500,777126,795776976,2.000000,32.000000
format/integer_static,1024,3,38880,0.050009000,777460,796119099,2.000000,32.000000
format/integer_static,1024,4,38976,0.050033209,779003,797698665,2.000000,32.000000
format/integer_static,1024,5,38944,0.050001375,778859,797551187,2.000000,32.000000
format/integer_static,1024,6,38944,0.050031209,778394,797075601,2.000000,32.000000
format/integer_dynamic,1024,0,25056,0.050004542,501074,513100270,5.000000,120.000000
format/integer_dynamic,1024,1,25088,0.050052791,501231,513260329,5.000000,120.000000
format/integer_dynamic,1024,2,24992,0.050043334,499407,511392946,5.000000,120.000000
format/integer_dynamic,1024,3,25024,0.050060084,499879,511876408,5.000000,120.000000
format/integer_dynamic,1024,4,25024,0.050006583,500414,512424054,5.000000,120.000000
format/integer_dynamic,1024,5,24928,0.050039834,498163,510119038,5.000000,120.000000
format/integer_dynamic,1024,6,25120,0.050024459,502154,514206061,5.000000,120.000000
format/integer_parse_static,1024,0,41312,0.050025375,825821,845640597,1.000000,8.000000
format/integer_parse_static,1024,1,41280,0.050032042,825071,844872972,1.000000,8.000000
format/integer_parse_static,1024,2,41408,0.050032250,827626,847489209,1.000000,8.000000
format/integer_parse_static,1024,3,41344,0.050035083,826300,846131423,1.000000,8.000000
format/integer_parse_static,1024,4,41280,0.050026667,825160,844963747,1.000000,8.000000
format/integer_parse_static,1024,5,41216,0.050001083,824302,844085397,1.000000,8.000000
format/integer_parse_static,1024,6,41312,0.050030834,825731,845548327,1.000000,8.000000
format/words_static,1024,0,35168,0.050003292,703314,720193222,5.000000,184.000000
format/words_static,1024,1,35104,0.050029834,701661,718501205,5.000000,184.000000
format/words_static,1024,2,35168,0.050037125,702838,719706258,5.000000,184.000000
format/words_static,1024,3,35072,0.050042708,700841,717661562,5.000000,184.000000
format/words_static,1024,4,35072,0.050005250,701366,718199149,5.000000,184.000000
format/words_static,1024,5,35264,0.050034875,704788,721703332,5.000000,184.000000
format/words_static,1024,6,35200,0.050001500,703979,720874374,5.000000,184.000000
format/date_static,1024,0,36992,0.050002916,739797,757551980,2.000000,51.000000
format/date_static,1024,1,37056,0.050020250,740820,758599647,2.000000,51.000000
format/date_static,1024,2,36928,0.050030792,738105,755819976,2.000000,51.000000
format/date_static,1024,3,36928,0.050016042,738323,756042871,2.000000,51.000000
format/date_static,1024,4,36800,0.050040000,735412,753061551,2.000000,51.000000
format/date_static,1024,5,36864,0.050041250,736672,754352379,2.000000,51.000000
format/date_static,1024,6,36800,0.050013250,735805,753464332,2.000000,51.000000
format/date_context,1024,0,35232,0.050020417,704352,721256842,2.000000,51.000000
format/date_context,1024,1,35200,0.050003791,703947,720841346,2.000000,51.000000
format/date_context,1024,2,35200,0.050022625,703682,720569942,2.000000,51.000000
format/date_context,1024,3,35104,0.050015583,701861,718705928,2.000000,51.000000
format/date_context,1024,4,35072,0.050007709,701332,718163834,2.000000,51.000000
format/date_context,1024,5,35200,0.050021667,703695,720583742,2.000000,51.000000
format/date_context,1024,6,35328,0.050001542,706538,723495127,2.000000,51.000000
format/date_dynamic,1024,0,21248,0.050019083,424798,434993021,15.000000,2005.000000
format/date_dynamic,1024,1,21184,0.050008292,423610,433776383,15.000000,2005.000000
format/date_dynamic,1024,2,21280,0.050066792,425032,435232998,15.000000,2005.000000
format/date_dynamic,1024,3,21056,0.050067416,420553,430646231,15.000000,2005.000000
format/date_dynamic,1024,4,21248,0.050052459,424515,434702958,15.000000,2005.000000
format/date_dynamic,1024,5,21280,0.050065917,425040,435240605,15.000000,2005.000000
format/date_dynamic,1024,6,21440,0.050063500,428256,438534261,15.000000,2005.000000
format/date_iso,1024,0,34720,0.050024500,694060,710717348,2.000000,101.000000
format/date_iso,1024,1,34752,0.050003000,694998,711678259,2.000000,101.000000
format/date_iso,1024,2,34784,0.050020500,695395,712084365,2.000000,101.000000
format/date_iso,1024,3,34784,0.050019708,695406,712095640,2.000000,101.000000
format/date_iso,1024,4,34656,0.050016250,692895,709524285,2.000000,101.000000
format/date_iso,1024,5,34720,0.050006542,694309,710972576,2.000000,101.000000
format/date_iso,1024,6,34688,0.050026417,693394,710035100,2.000000,101.000000
format/date_parse_iso,1024,0,42112,0.050003458,842182,862394117,0.000000,0.000000
format/date_parse_iso,1024,1,42080,0.050009458,841441,861635413,0.000000,0.000000
format/date_parse_iso,1024,2,42144,0.050012666,842667,862890533,0.000000,0.000000
format/date_parse_iso,1024,3,42080,0.050036625,840984,861167595,0.000000,0.000000
format/date_parse_iso,1024,4,41952,0.050020792,838691,858819828,0.000000,0.000000
format/date_parse_iso,1024,5,42112,0.050002375,842200,862412795,0.000000,0.000000
format/date_parse_iso,1024,6,42080,0.050010208,841428,861622491,0.000000,0.000000
format/date_parse_constant,1024,0,86688,0.050012167,1733338,1774938327,0.000000,0.000000
format/date_parse_constant,1024,1,87104,0.050001958,1742012,1783820066,0.000000,0.000000
format/date_parse_constant,1024,2,87104,0.050016042,1741521,1783317760,0.000000,0.000000
format/date_parse_constant,1024,3,87072,0.050010459,1741076,1782861621,0.000000,0.000000
format/date_parse_constant,1024,4,87200,0.050016792,1743414,1785256439,0.000000,0.000000
format/date_parse_constant,1024,5,87360,0.050006458,1746974,1788901745,0.000000,0.000000
format/date_parse_constant,1024,6,87296,0.050003084,1745812,1787711814,0.000000,0.000000
format/date_parse_static,1024,0,34272,0.050026417,685078,701519919,6.000000,1360.000000
format/date_parse_static,1024,1,34208,0.050004375,684100,700518545,6.000000,1360.000000
format/date_parse_static,1024,2,34304,0.050016375,685855,702315912,6.000000,1360.000000
format/date_parse_static,1024,3,34400,0.050006583,687909,704419256,6.000000,1360.000000
format/date_parse_static,1024,4,34496,0.050002792,689881,706438632,6.000000,1360.000000
format/date_parse_static,1024,5,34336,0.050020792,686435,702908982,6.000000,1360.000000
format/date_parse_static,1024,6,34496,0.050038500,689389,705934510,6.000000,1360.000000
format/date_parse_dynamic,1024,0,8960,0.050100084,178842,183134224,89.000000,10577.000000
format/date_parse_dynamic,1024,1,8992,0.050153917,179288,183591004,89.000000,10577.000000
format/date_parse_dynamic,1024,2,9024,0.050153500,179928,184245885,89.000000,10577.000000
format/date_parse_dynamic,1024,3,9024,0.050046458,180312,184639960,89.000000,10577.000000
format/date_parse_dynamic,1024,4,9024,0.050053625,180287,184613522,89.000000,10577.000000
format/date_parse_dynamic,1024,5,9024,0.050106041,180098,184420398,89.000000,10577.000000
format/date_parse_dynamic,1024,6,9056,0.050143458,180602,184936268,89.000000,10577.000000
format/mixed,1024,0,14464,0.050103125,288685,295613018,13.000000,1889.000000
format/mixed,1024,1,14368,0.050053166,287055,293944083,13.000000,1889.000000
format/mixed,1024,2,14432,0.050083208,288160,295076306,13.000000,1889.000000
format/mixed,1024,3,14464,0.050095083,288731,295660474,13.000000,1889.000000
format/mixed,1024,4,14464,0.050041834,289038,295975084,13.000000,1889.000000
format/mixed,1024,5,14400,0.050101167,287418,294316498,13.000000,1889.000000
format/mixed,1024,6,14368,0.050054583,287047,293935762,13.000000,1889.000000
format/number_static,10240,0,4640,0.050228709,92377,945945077,2.000000,54.000000
format/number_static,10240,1,4640,0.050271084,92300,945147712,2.000000,54.000000
format/number_static,10240,2,4640,0.050259208,92321,945371045,2.000000,54.000000
format/number_static,10240,3,4640,0.050295292,92255,944692796,2.000000,54.000000
format/number_static,10240,4,4640,0.050334875,92183,943949896,2.000000,54.000000
format/number_static,10240,5,4640,0.050246416,92345,945611723,2.000000,54.000000
format/number_static,10240,6,4640,0.050176875,92473,946922262,2.000000,54.000000
format/number_context,10240,0,4608,0.050180625,91828,940321489,2.000000,54.000000
format/number_context,10240,1,4608,0.050127833,91925,941311786,2.000000,54.000000
format/number_context,10240,2,4608,0.050164583,91858,940622192,2.000000,54.000000
format/number_context,10240,3,4608,0.050113542,91951,941580222,2.000000,54.000000
format/number_context,10240,4,4608,0.050224500,91748,939500045,2.000000,54.000000
format/number_context,10240,5,4608,0.050106250,91965,941717251,2.000000,54.000000
format/number_context,10240,6,4608,0.050130583,91920,941260149,2.000000,54.000000
format/number_dynamic,10240,0,3040,0.050053334,60735,621928601,20.000000,569.000000
format/number_dynamic,10240,1,3040,0.050069792,60715,621724173,20.000000,569.000000
format/number_dynamic,10240,2,3040,0.050048292,60741,621991256,20.000000,569.000000
format/number_dynamic,10240,3,3040,0.050037334,60755,622127470,20.000000,569.000000
format/number_dynamic,10240,4,3040,0.050078125,60705,621620718,20.000000,569.000000
format/number_dynamic,10240,5,3040,0.050020375,60775,622338397,20.000000,569.000000
format/number_dynamic,10240,6,3040,0.050056834,60731,621885116,20.000000,569.000000
format/integer_static,10240,0,4704,0.050062125,93963,962183687,2.000000,32.000000
format/integer_static,10240,1,4704,0.050101667,93889,961424298,2.000000,32.000000
format/integer_static,10240,2,4704,0.050055625,93975,962308632,2.000000,32.000000
format/integer_static,10240,3,4704,0.050112625,93869,961214065,2.000000,32.000000
format/integer_static,10240,4,4704,0.050224958,93659,959064217,2.000000,32.000000
format/integer_static,10240,5,4736,0.050320959,94116,963746339,2.000000,32.000000
format/integer_static,10240,6,4704,0.050074375,93940,961948302,2.000000,32.000000
format/integer_dynamic,10240,0,3136,0.050012208,62705,642096026,5.000000,120.000000
format/integer_dynamic,10240,1,3136,0.050057917,62647,641509714,5.000000,120.000000
format/integer_dynamic,10240,2,3136,0.050019083,62696,642007771,5.000000,120.000000
format/integer_dynamic,10240,3,3136,0.050088417,62609,641119083,5.000000,120.000000
format/integer_dynamic,10240,4,3136,0.050085375,62613,641158023,5.000000,120.000000
format/integer_dynamic,10240,5,3136,0.050070541,62632,641347973,5.000000,120.000000
format/integer_dynamic,10240,6,3136,0.050101125,62593,640956466,5.000000,120.000000
format/integer_parse_static,10240,0,4736,0.050084000,94561,968306046,1.000000,8.000000
format/integer_parse_static,10240,1,4736,0.050069667,94588,968583234,1.000000,8.000000
format/integer_parse_static,10240,2,4736,0.050216333,94312,965754309,1.000000,8.000000
format/integer_parse_static,10240,3,4736,0.050100167,94531,967993580,1.000000,8.000000
format/integer_parse_static,10240,4,4736,0.050100875,94529,967979901,1.000000,8.000000
format/integer_parse_static,10240,5,4736,0.050005125,94710,969833392,1.000000,8.000000
format/integer_parse_static,10240,6,4736,0.050144750,94447,967132950,1.000000,8.000000
format/words_static,10240,0,4640,0.050033291,92738,949639711,5.000000,184.000000
format/words_static,10240,1,4640,0.050089333,92634,948577215,5.000000,184.000000
format/words_static,10240,2,4640,0.050054500,92699,949237331,5.000000,184.000000
format/words_static,10240,3,4640,0.050030958,92743,949683994,5.000000,184.000000
format/words_static,10240,4,4640,0.050031208,92742,949679248,5.000000,184.000000
format/words_static,10240,5,4640,0.050021250,92761,949868306,5.000000,184.000000
format/words_static,10240,6,4640,0.050115083,92587,948089820,5.000000,184.000000
format/date_static,10240,0,4672,0.050049459,93348,955880063,2.000000,51.000000
format/date_static,10240,1,4672,0.050124042,93209,954457743,2.000000,51.000000
format/date_static,10240,2,4672,0.050097166,93259,954969788,2.000000,51.000000
format/date_static,10240,3,4672,0.050127000,93203,954401420,2.000000,51.000000
format/date_static,10240,4,4672,0.050056583,93334,955744023,2.000000,51.000000
format/date_static,10240,5,4672,0.050095958,93261,954992816,2.000000,51.000000
format/date_static,10240,6,4672,0.050114084,93227,954647400,2.000000,51.000000
format/date_context,10240,0,4640,0.050021625,92760,949861185,2.000000,51.000000
format/date_context,10240,1,4640,0.050041666,92723,949480779,2.000000,51.000000
format/date_context,10240,2,4640,0.050211375,92409,946271637,2.000000,51.000000
format/date_context,10240,3,4640,0.050218708,92396,946133461,2.000000,51.000000
format/date_context,10240,4,4672,0.050350750,92789,950160226,2.000000,51.000000
format/date_context,10240,5,4640,0.050037667,92730,949556661,2.000000,51.000000
format/date_context,10240,6,4672,0.050318417,92849,950770768,2.000000,51.000000
format/date_dynamic,10240,0,3072,0.050055750,61372,628444884,15.000000,2005.000000
format/date_dynamic,10240,1,3072,0.050196666,61199,626680664,15.000000,2005.000000
format/date_dynamic,10240,2,3072,0.050012250,61425,628991497,15.000000,2005.000000
format/date_dynamic,10240,3,3104,0.050516750,61445,629196455,15.000000,2005.000000
format/date_dynamic,10240,4,3104,0.050518333,61443,629176739,15.000000,2005.000000
format/date_dynamic,10240,5,3104,0.050497000,61469,629442541,15.000000,2005.000000
format/date_dynamic,10240,6,3072,0.050028417,61405,628788234,15.000000,2005.000000
format/date_iso,10240,0,4640,0.050138917,92543,947639136,2.000000,101.000000
format/date_iso,10240,1,4640,0.050203208,92424,946425575,2.000000,101.000000
format/date_iso,10240,2,4640,0.050176291,92474,946933284,2.000000,101.000000
format/date_iso,10240,3,4640,0.050221250,92391,946085571,2.000000,101.000000
format/date_iso,10240,4,4640,0.050197708,92434,946529272,2.000000,101.000000
format/date_iso,10240,5,4640,0.050226917,92381,945978826,2.000000,101.000000
format/date_iso,10240,6,4640,0.050196500,92437,946552050,2.000000,101.000000
format/date_parse_iso,10240,0,4736,0.050003375,94714,969867334,0.000000,0.000000
format/date_parse_iso,10240,1,4768,0.050306708,94779,970532995,0.000000,0.000000
format/date_parse_iso,10240,2,4736,0.050139375,94457,967236628,0.000000,0.000000
format/date_parse_iso,10240,3,4768,0.050275625,94837,971133029,0.000000,0.000000
format/date_parse_iso,10240,4,4768,0.050311208,94770,970446188,0.000000,0.000000
format/date_parse_iso,10240,5,4768,0.050315375,94762,970365818,0.000000,0.000000
format/date_parse_iso,10240,6,4768,0.050321084,94752,970255728,0.000000,0.000000
format/date_parse_constant,10240,0,9376,0.050068334,187264,1917584076,0.000000,0.000000
format/date_parse_constant,10240,1,9376,0.050041708,187364,1918604377,0.000000,0.000000
format/date_parse_constant,10240,2,9376,0.050012792,187472,1919713660,0.000000,0.000000
format/date_parse_constant,10240,3,9376,0.050024125,187430,1919278748,0.000000,0.000000
format/date_parse_constant,10240,4,9408,0.050143916,187620,1921228490,0.000000,0.000000
format/date_parse_constant,10240,5,9376,0.050019958,187445,1919438637,0.000000,0.000000
format/date_parse_constant,10240,6,9376,0.050007875,187490,1919902415,0.000000,0.000000
format/date_parse_static,10240,0,4640,0.050279583,92284,944987949,6.000000,1360.000000
format/date_parse_static,10240,1,4640,0.050040334,92725,949506052,6.000000,1360.000000
format/date_parse_static,10240,2,4640,0.050122709,92573,947945571,6.000000,1360.000000
format/date_parse_static,10240,3,4640,0.050075959,92659,948830556,6.000000,1360.000000
format/date_parse_static,10240,4,4640,0.050209125,92413,946314042,6.000000,1360.000000
format/date_parse_static,10240,5,4640,0.050093042,92628,948506980,6.000000,1360.000000
format/date_parse_static,10240,6,4640,0.050062417,92684,949087216,6.000000,1360.000000
format/date_parse_dynamic,10240,0,2560,0.050014625,51185,524134691,89.000000,10577.000000
format/date_parse_dynamic,10240,1,2560,0.050045083,51154,523815696,89.000000,10577.000000
format/date_parse_dynamic,10240,2,2560,0.050164375,51032,522570051,89.000000,10577.000000
format/date_parse_dynamic,10240,3,2560,0.050090209,51108,523343794,89.000000,10577.000000
format/date_parse_dynamic,10240,4,2592,0.050615958,51209,524381658,89.000000,10577.000000
format/date_parse_dynamic,10240,5,2592,0.050613708,51211,524404969,89.000000,10577.000000
format/date_parse_dynamic,10240,6,2592,0.050519834,51307,525379399,89.000000,10577.000000
format/mixed,10240,0,2304,0.050686792,45456,465465638,13.000000,1889.000000
format/mixed,10240,1,2304,0.050643208,45495,465866222,13.000000,1889.000000
format/mixed,10240,2,2272,0.050083416,45364,464530614,13.000000,1889.000000
format/mixed,10240,3,2304,0.050706708,45438,465282818,13.000000,1889.000000
format/mixed,10240,4,2304,0.050669708,45471,465622577,13.000000,1889.000000
format/mixed,10240,5,2304,0.050602250,45532,466243299,13.000000,1889.000000
format/mixed,10240,6,2304,0.050625750,45510,466026874,13.000000,1889.000000
format/number_static,1048576,0,64,0.067837500,943,989259097,2.000000,54.000000
format/number_static,1048576,1,64,0.067952041,942,987591587,2.000000,54.000000
format/number_static,1048576,2,64,0.067913375,942,988153865,2.000000,54.000000
format/number_static,1048576,3,64,0.068004167,941,986834586,2.000000,54.000000
format/number_static,1048576,4,64,0.068193708,939,984091729,2.000000,54.000000
format/number_static,1048576,5,64,0.067888375,943,988517754,2.000000,54.000000
format/number_static,1048576,6,64,0.067994333,941,986977312,2.000000,54.000000
format/number_context,1048576,0,64,0.068010750,941,986739067,2.000000,54.000000
format/number_context,1048576,1,64,0.067912792,942,988162348,2.000000,54.000000
format/number_context,1048576,2,64,0.067847542,943,989112679,2.000000,54.000000
format/number_context,1048576,3,64,0.067906000,942,988261185,2.000000,54.000000
format/number_context,1048576,4,64,0.067854333,943,989013686,2.000000,54.000000
format/number_context,1048576,5,64,0.067982208,941,987153345,2.000000,54.000000
format/number_context,1048576,6,64,0.067876583,943,988689487,2.000000,54.000000
format/number_dynamic,1048576,0,32,0.050649875,632,662478081,20.000000,569.000000
format/number_dynamic,1048576,1,32,0.050683500,631,662038573,20.000000,569.000000
format/number_dynamic,1048576,2,32,0.050662500,632,662312993,20.000000,569.000000
format/number_dynamic,1048576,3,32,0.050728292,631,661454007,20.000000,569.000000
format/number_dynamic,1048576,4,32,0.050681208,631,662068513,20.000000,569.000000
format/number_dynamic,1048576,5,32,0.050805458,630,660449356,20.000000,569.000000
format/number_dynamic,1048576,6,32,0.050700083,631,661822033,20.000000,569.000000
format/integer_static,1048576,0,64,0.067874416,943,988721052,2.000000,32.000000
format/integer_static,1048576,1,64,0.067797375,944,989844577,2.000000,32.000000
format/integer_static,1048576,2,64,0.067782584,944,990060574,2.000000,32.000000
format/integer_static,1048576,3,64,0.067998208,941,986921067,2.000000,32.000000
format/integer_static,1048576,4,64,0.067827875,944,989399476,2.000000,32.000000
format/integer_static,1048576,5,64,0.067972583,942,987293127,2.000000,32.000000
format/integer_static,1048576,6,64,0.067843917,943,989165528,2.000000,32.000000
format/integer_dynamic,1048576,0,32,0.050622250,632,662839601,5.000000,120.000000
format/integer_dynamic,1048576,1,32,0.050670750,632,662205158,5.000000,120.000000
format/integer_dynamic,1048576,2,32,0.050630875,632,662726686,5.000000,120.000000
format/integer_dynamic,1048576,3,32,0.050739584,631,661306801,5.000000,120.000000
format/integer_dynamic,1048576,4,32,0.050605959,632,663052982,5.000000,120.000000
format/integer_dynamic,1048576,5,32,0.050703083,631,661782874,5.000000,120.000000
format/integer_dynamic,1048576,6,32,0.050622291,632,662839064,5.000000,120.000000
format/integer_parse_static,1048576,0,64,0.067882291,943,988606351,1.000000,8.000000
format/integer_parse_static,1048576,1,64,0.067873917,943,988728321,1.000000,8.000000
format/integer_parse_static,1048576,2,64,0.067975333,942,987253185,1.000000,8.000000
format/integer_parse_static,1048576,3,64,0.068080375,940,985729941,1.000000,8.000000
format/integer_parse_static,1048576,4,64,0.067900167,943,988346082,1.000000,8.000000
format/integer_parse_static,1048576,5,64,0.067892792,943,988453443,1.000000,8.000000
format/integer_parse_static,1048576,6,64,0.067910916,942,988189645,1.000000,8.000000
format/words_static,1048576,0,64,0.067861042,943,988915908,5.000000,184.000000
format/words_static,1048576,1,64,0.067993458,941,986990013,5.000000,184.000000
format/words_static,1048576,2,64,0.067909125,942,988215707,5.000000,184.000000
format/words_static,1048576,3,64,0.067889834,943,988496510,5.000000,184.000000
format/words_static,1048576,4,64,0.067735417,945,990749994,5.000000,184.000000
format/words_static,1048576,5,64,0.067886625,943,988543237,5.000000,184.000000
format/words_static,1048576,6,64,0.068029833,941,986462278,5.000000,184.000000
format/date_static,1048576,0,64,0.067893583,943,988441927,2.000000,51.000000
format/date_static,1048576,1,64,0.067839333,943,989232368,2.000000,51.000000
format/date_static,1048576,2,64,0.067900209,943,988345470,2.000000,51.000000
format/date_static,1048576,3,64,0.067994084,941,986980926,2.000000,51.000000
format/date_static,1048576,4,64,0.067976625,942,987234421,2.000000,51.000000
format/date_static,1048576,5,64,0.067854167,943,989016106,2.000000,51.000000
format/date_static,1048576,6,64,0.067925333,942,987979904,2.000000,51.000000
format/date_context,1048576,0,64,0.068012750,941,986710051,2.000000,51.000000
format/date_context,1048576,1,64,0.068388625,936,981286932,2.000000,51.000000
format/date_context,1048576,2,64,0.068219250,938,983723275,2.000000,51.000000
format/date_context,1048576,3,64,0.067828833,944,989385502,2.000000,51.000000
format/date_context,1048576,4,64,0.067950833,942,987609144,2.000000,51.000000
format/date_context,1048576,5,64,0.067853916,943,989019764,2.000000,51.000000
format/date_context,1048576,6,64,0.067914250,942,988141134,2.000000,51.000000
format/date_dynamic,1048576,0,32,0.050685292,631,662015166,15.000000,2005.000000
format/date_dynamic,1048576,1,32,0.050609750,632,663003315,15.000000,2005.000000
format/date_dynamic,1048576,2,32,0.050733916,631,661380683,15.000000,2005.000000
format/date_dynamic,1048576,3,32,0.050683125,631,662043471,15.000000,2005.000000
format/date_dynamic,1048576,4,32,0.050538625,633,663936385,15.000000,2005.000000
format/date_dynamic,1048576,5,32,0.050661375,632,662327700,15.000000,2005.000000
format/date_dynamic,1048576,6,32,0.050719750,631,661565406,15.000000,2005.000000
format/date_iso,1048576,0,64,0.067896125,943,988404920,2.000000,101.000000
format/date_iso,1048576,1,64,0.067919292,942,988067779,2.000000,101.000000
format/date_iso,1048576,2,64,0.067844333,943,989159463,2.000000,101.000000
format/date_iso,1048576,3,64,0.067872917,943,988742888,2.000000,101.000000
format/date_iso,1048576,4,64,0.067741667,945,990658585,2.000000,101.000000
format/date_iso,1048576,5,64,0.068236709,938,983471580,2.000000,101.000000
format/date_iso,1048576,6,64,0.067979916,941,987186627,2.000000,101.000000
format/date_parse_iso,1048576,0,64,0.067901709,943,988323637,0.000000,0.000000
format/date_parse_iso,1048576,1,64,0.067857000,943,988974815,0.000000,0.000000
format/date_parse_iso,1048576,2,64,0.067815916,944,989573952,0.000000,0.000000
format/date_parse_iso,1048576,3,64,0.067939750,942,987770252,0.000000,0.000000
format/date_parse_iso,1048576,4,64,0.067869583,943,988791459,0.000000,0.000000
format/date_parse_iso,1048576,5,64,0.067873459,943,988734993,0.000000,0.000000
format/date_parse_iso,1048576,6,64,0.067877416,943,988677353,0.000000,0.000000
format/date_parse_constant,1048576,0,96,0.051680375,1858,1947805061,0.000000,0.000000
format/date_parse_constant,1048576,1,96,0.051762917,1855,1944699059,0.000000,0.000000
format/date_parse_constant,1048576,2,96,0.051751292,1855,1945135901,0.000000,0.000000
format/date_parse_constant,1048576,3,96,0.051763875,1855,1944663069,0.000000,0.000000
format/date_parse_constant,1048576,4,96,0.051716792,1856,1946433491,0.000000,0.000000
format/date_parse_constant,1048576,5,96,0.051771458,1854,1944378233,0.000000,0.000000
format/date_parse_constant,1048576,6,96,0.051805042,1853,1943117737,0.000000,0.000000
format/date_parse_static,1048576,0,64,0.067980791,941,987173921,6.000000,1360.000000
format/date_parse_static,1048576,1,64,0.067955292,942,987544340,6.000000,1360.000000
format/date_parse_static,1048576,2,64,0.067938041,942,987795100,6.000000,1360.000000
format/date_parse_static,1048576,3,64,0.068094541,940,985524875,6.000000,1360.000000
format/date_parse_static,1048576,4,64,0.067935708,942,987829022,6.000000,1360.000000
format/date_parse_static,1048576,5,64,0.067977958,941,987215062,6.000000,1360.000000
format/date_parse_static,1048576,6,64,0.068026458,941,986511219,6.000000,1360.000000
format/date_parse_dynamic,1048576,0,32,0.050854417,629,659813522,89.000000,10577.000000
format/date_parse_dynamic,1048576,1,32,0.050830417,630,660125059,89.000000,10577.000000
format/date_parse_dynamic,1048576,2,32,0.050811042,630,660376774,89.000000,10577.000000
format/date_parse_dynamic,1048576,3,32,0.050728458,631,661451842,89.000000,10577.000000
format/date_parse_dynamic,1048576,4,32,0.050818291,630,660282574,89.000000,10577.000000
format/date_parse_dynamic,1048576,5,32,0.050792125,630,660622724,89.000000,10577.000000
format/date_parse_dynamic,1048576,6,32,0.050890542,629,659345149,89.000000,10577.000000
format/mixed,1048576,0,32,0.067311208,475,498496952,13.000000,1889.000000
format/mixed,1048576,1,32,0.067371667,475,498049603,13.000000,1889.000000
format/mixed,1048576,2,32,0.067458667,474,497407279,13.000000,1889.000000
format/mixed,1048576,3,32,0.067389833,475,497915346,13.000000,1889.000000
format/mixed,1048576,4,32,0.067386041,475,497943365,13.000000,1889.000000
format/mixed,1048576,5,32,0.067429084,475,497625505,13.000000,1889.000000
format/mixed,1048576,6,32,0.067326375,475,498384652,13.000000,1889.000000
format/filtered_rows,218,0,10848,0.050058250,216708,47242243,28.000000,1604.000000
format/filtered_rows,218,1,10880,0.050132375,217025,47311543,28.000000,1604.000000
format/filtered_rows,218,2,10848,0.050083083,216600,47218818,28.000000,1604.000000
format/filtered_rows,218,3,10880,0.050082625,217241,47358540,28.000000,1604.000000
format/filtered_rows,218,4,10880,0.050128708,217041,47315004,28.000000,1604.000000
format/filtered_rows,218,5,10784,0.050018000,215602,47001320,28.000000,1604.000000
format/filtered_rows,218,6,10848,0.050116292,216457,47187529,28.000000,1604.000000
format/filtered_date_sum,234,0,16256,0.050072959,324646,75967230,24.000000,5440.000000
format/filtered_date_sum,234,1,16384,0.050053375,327331,76595354,24.000000,5440.000000
format/filtered_date_sum,234,2,16352,0.050032459,326828,76477712,24.000000,5440.000000
format/filtered_date_sum,234,3,16384,0.050001792,327668,76674372,24.000000,5440.000000
format/filtered_date_sum,234,4,16512,0.050075041,329745,77160356,24.000000,5440.000000
format/filtered_date_sum,234,5,16544,0.050074542,330387,77310662,24.000000,5440.000000
format/filtered_date_sum,234,6,16608,0.050028083,331974,77681809,24.000000,5440.000000
format/filtered_rows,3484,0,672,0.050687542,13258,46189811,448.000000,25664.000000
format/filtered_rows,3484,1,672,0.050613667,13277,46257229,448.000000,25664.000000
format/filtered_rows,3484,2,672,0.050606250,13279,46264009,448.000000,25664.000000
format/filtered_rows,3484,3,672,0.050401625,13333,46451836,448.000000,25664.000000
format/filtered_rows,3484,4,672,0.050362667,13343,46487768,448.000000,25664.000000
format/filtered_rows,3484,5,672,0.050606750,13279,46263552,448.000000,25664.000000
format/filtered_rows,3484,6,672,0.050950000,13189,45951874,448.000000,25664.000000
format/filtered_date_sum,3740,0,1056,0.050240625,21019,78610487,384.000000,87040.000000
format/filtered_date_sum,3740,1,1088,0.051047542,21313,79712359,384.000000,87040.000000
format/filtered_date_sum,3740,2,1088,0.051059792,21308,79693235,384.000000,87040.000000
format/filtered_date_sum,3740,3,1088,0.050976583,21343,79823318,384.000000,87040.000000
format/filtered_date_sum,3740,4,1056,0.050090542,21082,78846022,384.000000,87040.000000
format/filtered_date_sum,3740,5,1056,0.050406167,20950,78352317,384.000000,87040.000000
format/filtered_date_sum,3740,6,1056,0.050133375,21064,78778658,384.000000,87040.000000
format/filtered_rows,28596,0,96,0.058861833,1631,46638303,3584.000000,205312.000000
format/filtered_rows,28596,1,96,0.058812500,1632,46677424,3584.000000,205312.000000
format/filtered_rows,28596,2,96,0.059332208,1618,46268563,3584.000000,205312.000000
format/filtered_rows,28596,3,96,0.059290833,1619,46300851,3584.000000,205312.000000
format/filtered_rows,28596,4,96,0.059160875,1623,46402559,3584.000000,205312.000000
format/filtered_rows,28596,5,96,0.059184375,1622,46384134,3584.000000,205312.000000
format/filtered_rows,28596,6,96,0.059201375,1622,46370815,3584.000000,205312.000000
format/filtered_date_sum,30644,0,160,0.061033000,2622,80334245,3072.000000,696320.000000
format/filtered_date_sum,30644,1,160,0.060607208,2640,80898628,3072.000000,696320.000000
format/filtered_date_sum,30644,2,160,0.060266292,2655,81356258,3072.000000,696320.000000
format/filtered_date_sum,30644,3,160,0.060231250,2656,81403590,3072.000000,696320.000000
format/filtered_date_sum,30644,4,160,0.061199541,2614,80115634,3072.000000,696320.000000
format/filtered_date_sum,30644,5,160,0.060762083,2633,80692428,3072.000000,696320.000000
format/filtered_date_sum,30644,6,160,0.060741583,2634,80719661,3072.000000,696320.000000
compile/function_signature,0,0,35264,0.050036958,704759,0,36.000000,2724.000000
compile/function_signature,0,1,35872,0.050026750,717056,0,36.000000,2724.000000
compile/function_signature,0,2,35904,0.050001375,718060,0,36.000000,2724.000000
compile/function_signature,0,3,36800,0.050019208,735717,0,36.000000,2724.000000
compile/function_signature,0,4,36800,0.050001209,735982,0,36.000000,2724.000000
compile/function_signature,0,5,36800,0.050019708,735710,0,36.000000,2724.000000
compile/function_signature,0,6,36672,0.050020833,733135,0,36.000000,2724.000000
compile/function_tail,0,0,23456,0.050063250,468527,0,54.000000,3783.000000
compile/function_tail,0,1,23424,0.050034000,468162,0,54.000000,3783.000000
compile/function_tail,0,2,23520,0.050065083,469788,0,54.000000,3783.000000
compile/function_tail,0,3,23456,0.050003333,469089,0,54.000000,3783.000000
compile/function_tail,0,4,23520,0.050058042,469855,0,54.000000,3783.000000
compile/function_tail,0,5,23520,0.050039000,470033,0,54.000000,3783.000000
compile/function_tail,0,6,23456,0.050001875,469102,0,54.000000,3783.000000
function/builtin,100,0,205152,0.050003458,4102756,410275625,0.000000,0.000000
function/builtin,100,1,209984,0.050001417,4199561,419956098,0.000000,0.000000
function/builtin,100,2,209664,0.050002083,4193105,419310532,0.000000,0.000000
function/builtin,100,3,207616,0.050005584,4151856,415185632,0.000000,0.000000
function/builtin,100,4,208096,0.050006416,4161386,416138601,0.000000,0.000000
function/builtin,100,5,206656,0.050006250,4132603,413260342,0.000000,0.000000
function/builtin,100,6,204512,0.050006375,4089719,408971856,0.000000,0.000000
function/direct,100,0,132288,0.050011667,2645143,264514278,6.000000,584.000000
function/direct,100,1,132896,0.050006625,2657568,265756787,6.000000,584.000000
function/direct,100,2,133472,0.050007209,2669055,266905518,6.000000,584.000000
function/direct,100,3,132768,0.050001833,2655263,265526266,6.000000,584.000000
function/direct,100,4,133056,0.050005375,2660834,266083396,6.000000,584.000000
function/direct,100,5,133312,0.050008667,2665778,266577791,6.000000,584.000000
function/direct,100,6,134080,0.050004583,2681354,268135423,6.000000,584.000000
function/signed,100,0,117280,0.050004750,2345377,234537719,6.000000,584.000000
function/signed,100,1,117248,0.050004666,2344741,234474119,6.000000,584.000000
function/signed,100,2,117120,0.050004625,2342183,234218335,6.000000,584.000000
function/signed,100,3,116288,0.050007125,2325429,232542863,6.000000,584.000000
function/signed,100,4,116576,0.050001791,2331436,233143649,6.000000,584.000000
function/signed,100,5,116480,0.050011708,2329055,232905463,6.000000,584.000000
function/signed,100,6,116640,0.050011833,2332248,233224805,6.000000,584.000000
function/named,100,0,114560,0.050013000,2290604,229060444,7.000000,744.000000
function/named,100,1,114144,0.050002834,2282751,228275061,7.000000,744.000000
function/named,100,2,114848,0.050010917,2296459,229645859,7.000000,744.000000
function/named,100,3,114336,0.050001417,2286655,228665520,7.000000,744.000000
function/named,100,4,113376,0.050006167,2267240,226724036,7.000000,744.000000
function/named,100,5,112480,0.050002458,2249489,224948942,7.000000,744.000000
function/named,100,6,114112,0.050013625,2281618,228161826,7.000000,744.000000
function/signed_named,100,0,102912,0.050002709,2058128,205812849,7.000000,744.000000
function/signed_named,100,1,102848,0.050010542,2056526,205652640,7.000000,744.000000
function/signed_named,100,2,102944,0.050000083,2058877,205887658,7.000000,744.000000
function/signed_named,100,3,103136,0.050005250,2062503,206250344,7.000000,744.000000
function/signed_named,100,4,102752,0.050001041,2054997,205499721,7.000000,744.000000
function/signed_named,100,5,101664,0.050013458,2032733,203273287,7.000000,744.000000
function/signed_named,100,6,99104,0.050007125,1981798,198179759,7.000000,744.000000
function/signature_context,100,0,86880,0.050000042,1737599,173759854,7.000000,744.000000
function/signature_context,100,1,87104,0.050010541,1741713,174171281,7.000000,744.000000
function/signature_context,100,2,86528,0.050013459,1730094,173009429,7.000000,744.000000
function/signature_context,100,3,86848,0.050005000,1736786,173678632,7.000000,744.000000
function/signature_context,100,4,87264,0.050007333,1745024,174502407,7.000000,744.000000
function/signature_context,100,5,87040,0.050005000,1740626,174062594,7.000000,744.000000
function/signature_context,100,6,87072,0.050015208,1740910,174091048,7.000000,744.000000
function/signature_array,100,0,108480,0.050001958,2169515,216951504,6.000000,584.000000
function/signature_array,100,1,107008,0.050013000,2139604,213960370,6.000000,584.000000
function/signature_array,100,2,107072,0.050012625,2140899,214089942,6.000000,584.000000
function/signature_array,100,3,107456,0.050002917,2148995,214899463,6.000000,584.000000
function/signature_array,100,4,108288,0.050006458,2165480,216548031,6.000000,584.000000
function/signature_array,100,5,107360,0.050010000,2146771,214677065,6.000000,584.000000
function/signature_array,100,6,107520,0.050011750,2149895,214989477,6.000000,584.000000
function/signature_promote,100,0,110592,0.050012750,2211276,221127612,8.000000,656.000000
function/signature_promote,100,1,111136,0.050004458,2222522,222252184,8.000000,656.000000
function/signature_promote,100,2,110112,0.050008834,2201851,220185098,8.000000,656.000000
function/signature_promote,100,3,108864,0.050007083,2176972,217697161,8.000000,656.000000
function/signature_promote,100,4,108960,0.050002125,2179107,217910739,8.000000,656.000000
function/signature_promote,100,5,109184,0.050009167,2183280,218327972,8.000000,656.000000
function/signature_promote,100,6,109760,0.050012167,2194666,219466595,8.000000,656.000000
function/signature_optional,100,0,109952,0.050004292,2198851,219885125,6.000000,584.000000
function/signature_optional,100,1,109696,0.050013667,2193320,219332048,6.000000,584.000000
function/signature_optional,100,2,109952,0.050010708,2198569,219856915,6.000000,584.000000
function/signature_optional,100,3,109824,0.050002375,2196376,219637567,6.000000,584.000000
function/signature_optional,100,4,110112,0.050009750,2201811,220181065,6.000000,584.000000
function/signature_optional,100,5,109952,0.050008459,2198668,219866803,6.000000,584.000000
function/signature_optional,100,6,109472,0.050001500,2189374,218937432,6.000000,584.000000
function/signature_variadic,100,0,78784,0.050005709,1575500,157550011,6.000000,584.000000
function/signature_variadic,100,1,79072,0.050006042,1581249,158124892,6.000000,584.000000
function/signature_variadic,100,2,79488,0.050008666,1589485,158948451,6.000000,584.000000
function/signature_variadic,100,3,79008,0.050013500,1579733,157973347,6.000000,584.000000
function/signature_variadic,100,4,78304,0.050020083,1565451,156545122,6.000000,584.000000
function/signature_variadic,100,5,78208,0.050010750,1563824,156382378,6.000000,584.000000
function/signature_variadic,100,6,78528,0.050002083,1570495,157049457,6.000000,584.000000
function/closure,100,0,78752,0.050000917,1575011,157501111,7.000000,744.000000
function/closure,100,1,78656,0.050019583,1572504,157250411,7.000000,744.000000
function/closure,100,2,78432,0.050018417,1568062,156806242,7.000000,744.000000
function/closure,100,3,78976,0.050011417,1579159,157915941,7.000000,744.000000
function/closure,100,4,79328,0.050008167,1586301,158630089,7.000000,744.000000
function/closure,100,5,79296,0.050004417,1585780,158577991,7.000000,744.000000
function/closure,100,6,79424,0.050019042,1587875,158787527,7.000000,744.000000
function/partial,100,0,75840,0.050002416,1516727,151672671,9.000000,856.000000
function/partial,100,1,76000,0.050004417,1519866,151986574,9.000000,856.000000
function/partial,100,2,75904,0.050007125,1517864,151786370,9.000000,856.000000
function/partial,100,3,75872,0.050001292,1517401,151740079,9.000000,856.000000
function/partial,100,4,76064,0.050018042,1520731,152073126,9.000000,856.000000
function/partial,100,5,76288,0.050019750,1525158,152515756,9.000000,856.000000
function/partial,100,6,76416,0.050020750,1527686,152768601,9.000000,856.000000
function/callback,100,0,80192,0.050011000,1603487,160348723,8.000000,728.000000
function/callback,100,1,80672,0.050013333,1613010,161300987,8.000000,728.000000
function/callback,100,2,79808,0.050013458,1595730,159573049,8.000000,728.000000
function/callback,100,3,80288,0.050014542,1605293,160529312,8.000000,728.000000
function/callback,100,4,81248,0.050011000,1624603,162460259,8.000000,728.000000
function/callback,100,5,80704,0.050005958,1613888,161388769,8.000000,728.000000
function/callback,100,6,81216,0.050011208,1623956,162395597,8.000000,728.000000
function/signed_callback,100,0,65792,0.050022333,1315253,131525253,8.000000,728.000000
function/signed_callback,100,1,65792,0.050001584,1315798,131579832,8.000000,728.000000
function/signed_callback,100,2,65440,0.050021583,1308235,130823529,8.000000,728.000000
function/signed_callback,100,3,65408,0.050008250,1307944,130794419,8.000000,728.000000
function/signed_callback,100,4,65664,0.050002084,1313225,131322526,8.000000,728.000000
function/signed_callback,100,5,65792,0.050020292,1315306,131530620,8.000000,728.000000
function/signed_callback,100,6,65824,0.050011500,1316177,131617728,8.000000,728.000000
function/partial_callback,100,0,55680,0.050009583,1113387,111338661,10.000000,840.000000
function/partial_callback,100,1,56032,0.050013792,1120331,112033097,10.000000,840.000000
function/partial_callback,100,2,56384,0.050022375,1127176,112717559,10.000000,840.000000
function/partial_callback,100,3,56288,0.050016458,1125390,112538957,10.000000,840.000000
function/partial_callback,100,4,56480,0.050014375,1129275,112927533,10.000000,840.000000
function/partial_callback,100,5,55456,0.050012000,1108854,110885388,10.000000,840.000000
function/partial_callback,100,6,55840,0.050019542,1116364,111636368,10.000000,840.000000
function/mixed,100,0,38912,0.050032000,777742,77774224,12.000000,1312.000000
function/mixed,100,1,39072,0.050005167,781359,78135925,12.000000,1312.000000
function/mixed,100,2,38816,0.050021959,775979,77597921,12.000000,1312.000000
function/mixed,100,3,38720,0.050005167,774320,77431998,12.000000,1312.000000
function/mixed,100,4,38816,0.050034917,775778,77577824,12.000000,1312.000000
function/mixed,100,5,38816,0.050032833,775811,77581056,12.000000,1312.000000
function/mixed,100,6,39008,0.050011375,779983,77998255,12.000000,1312.000000
rust/function_scalar,100,0,440352,0.050001250,8806820,880681983,0.000000,0.000000
rust/function_scalar,100,1,441280,0.050000208,8825563,882556329,0.000000,0.000000
rust/function_scalar,100,2,443968,0.050001542,8879086,887908617,0.000000,0.000000
rust/function_scalar,100,3,444448,0.050000125,8888938,888893778,0.000000,0.000000
rust/function_scalar,100,4,445184,0.050000208,8903643,890364296,0.000000,0.000000
rust/function_scalar,100,5,446720,0.050002834,8933894,893389363,0.000000,0.000000
rust/function_scalar,100,6,450336,0.050002958,9006187,900618719,0.000000,0.000000
function/builtin,500,0,75168,0.050010958,1503031,751515298,0.000000,0.000000
function/builtin,500,1,74944,0.050020458,1498267,749133485,0.000000,0.000000
function/builtin,500,2,74752,0.050003125,1494947,747473283,0.000000,0.000000
function/builtin,500,3,72768,0.050012208,1455005,727502373,0.000000,0.000000
function/builtin,500,4,71808,0.050021583,1435540,717770167,0.000000,0.000000
function/builtin,500,5,74752,0.050006458,1494847,747423463,0.000000,0.000000
function/builtin,500,6,74784,0.050008125,1495437,747718496,0.000000,0.000000
function/direct,500,0,61824,0.050009750,1236239,618119467,6.000000,584.000000
function/direct,500,1,61984,0.050006333,1239523,619761501,6.000000,584.000000
function/direct,500,2,61888,0.050024958,1237142,618571234,6.000000,584.000000
function/direct,500,3,61856,0.050002458,1237059,618529593,6.000000,584.000000
function/direct,500,4,62048,0.050024625,1240349,620174564,6.000000,584.000000
function/direct,500,5,61920,0.050008667,1238185,619092686,6.000000,584.000000
function/direct,500,6,44704,0.050009958,893902,446950985,6.000000,584.000000
function/signed,500,0,49472,0.050001875,989403,494701449,6.000000,584.000000
function/signed,500,1,57536,0.050026459,1150111,575055692,6.000000,584.000000
function/signed,500,2,58112,0.050014583,1161901,580950560,6.000000,584.000000
function/signed,500,3,58304,0.050002959,1166011,583005498,6.000000,584.000000
function/signed,500,4,57408,0.050020084,1147699,573849496,6.000000,584.000000
function/signed,500,5,58336,0.050011292,1166457,583228284,6.000000,584.000000
function/signed,500,6,58400,0.050012125,1167717,583858414,6.000000,584.000000
function/named,500,0,57888,0.050011083,1157503,578751714,7.000000,744.000000
function/named,500,1,58016,0.050015333,1159964,579982143,7.000000,744.000000
function/named,500,2,58112,0.050005084,1162122,581060918,7.000000,744.000000
function/named,500,3,55168,0.050015833,1103011,551505360,7.000000,744.000000
function/named,500,4,57920,0.050008042,1158214,579106856,7.000000,744.000000
function/named,500,5,58016,0.050021750,1159815,579907740,7.000000,744.000000
function/named,500,6,58208,0.050019500,1163706,581853077,7.000000,744.000000
function/signed_named,500,0,54752,0.050007000,1094887,547443358,7.000000,744.000000
function/signed_named,500,1,54912,0.050023333,1097728,548863867,7.000000,744.000000
function/signed_named,500,2,49664,0.050011167,993058,496529105,7.000000,744.000000
function/signed_named,500,3,42944,0.050002209,858842,429421028,7.000000,744.000000
function/signed_named,500,4,54720,0.050012292,1094131,547065509,7.000000,744.000000
function/signed_named,500,5,54080,0.050023791,1081086,540542799,7.000000,744.000000
function/signed_named,500,6,45664,0.050021834,912881,456440681,7.000000,744.000000
function/signature_context,500,0,33088,0.050151500,659761,329880462,7.000000,744.000000
function/signature_context,500,1,34432,0.050029416,688235,344117549,7.000000,744.000000
function/signature_context,500,2,48672,0.050013208,973183,486591462,7.000000,744.000000
function/signature_context,500,3,47264,0.050029333,944726,472362884,7.000000,744.000000
function/signature_context,500,4,49024,0.050027625,979939,489969292,7.000000,744.000000
function/signature_context,500,5,49216,0.050013000,984064,492032072,7.000000,744.000000
function/signature_context,500,6,48832,0.050006458,976514,488256937,7.000000,744.000000
function/signature_array,500,0,55456,0.050004916,1109011,554505481,6.000000,584.000000
function/signature_array,500,1,55328,0.050010500,1106328,553163836,6.000000,584.000000
function/signature_array,500,2,55680,0.050015250,1113260,556630228,6.000000,584.000000
function/signature_array,500,3,56192,0.050013291,1123541,561770670,6.000000,584.000000
function/signature_array,500,4,55968,0.050000084,1119358,559679060,6.000000,584.000000
function/signature_array,500,5,55936,0.050008584,1118528,559263986,6.000000,584.000000
function/signature_array,500,6,55680,0.050012000,1113333,556666400,6.000000,584.000000
function/signature_promote,500,0,57088,0.050024417,1141203,570601353,8.000000,656.000000
function/signature_promote,500,1,56640,0.050006334,1132657,566328258,8.000000,656.000000
function/signature_promote,500,2,56864,0.050011542,1137018,568508765,8.000000,656.000000
function/signature_promote,500,3,56992,0.050012000,1139567,569783252,8.000000,656.000000
function/signature_promote,500,4,57216,0.050005958,1144184,572091830,8.000000,656.000000
function/signature_promote,500,5,56672,0.050006458,1133294,566646812,8.000000,656.000000
function/signature_promote,500,6,56928,0.050017792,1138155,569077499,8.000000,656.000000
function/signature_optional,500,0,56672,0.050003000,1133372,566685999,6.000000,584.000000
function/signature_optional,500,1,56544,0.050003375,1130804,565401835,6.000000,584.000000
function/signature_optional,500,2,56416,0.050005000,1128207,564103590,6.000000,584.000000
function/signature_optional,500,3,56192,0.050016417,1123471,561735560,6.000000,584.000000
function/signature_optional,500,4,56032,0.050017125,1120256,560128156,6.000000,584.000000
function/signature_optional,500,5,56032,0.050008792,1120443,560221491,6.000000,584.000000
function/signature_optional,500,6,56128,0.050010417,1122326,561163087,6.000000,584.000000
function/signature_variadic,500,0,35936,0.050014458,718512,359256118,6.000000,584.000000
function/signature_variadic,500,1,32512,0.050073125,649290,324645206,6.000000,584.000000
function/signature_variadic,500,2,29568,0.050006167,591287,295643535,6.000000,584.000000
function/signature_variadic,500,3,37152,0.050023041,742698,371348875,6.000000,584.000000
function/signature_variadic,500,4,33088,0.050019209,661506,330752931,6.000000,584.000000
function/signature_variadic,500,5,36800,0.050046042,735323,367661443,6.000000,584.000000
function/signature_variadic,500,6,37696,0.050000916,753906,376953094,6.000000,584.000000
function/closure,500,0,38752,0.050018833,774748,387374092,7.000000,744.000000
function/closure,500,1,38592,0.050014750,771612,385806187,7.000000,744.000000
function/closure,500,2,38944,0.050040125,778255,389127725,7.000000,744.000000
function/closure,500,3,39008,0.050022708,779806,389902922,7.000000,744.000000
function/closure,500,4,38848,0.050001084,776943,388471578,7.000000,744.000000
function/closure,500,5,39040,0.050024917,780411,390205545,7.000000,744.000000
function/closure,500,6,38944,0.050017750,778604,389301798,7.000000,744.000000
function/partial,500,0,38528,0.050041334,769924,384961760,9.000000,856.000000
function/partial,500,1,38208,0.050022667,763814,381906866,9.000000,856.000000
function/partial,500,2,38496,0.050029334,769469,384734284,9.000000,856.000000
function/partial,500,3,38560,0.050000625,771190,385595180,9.000000,856.000000
function/partial,500,4,38784,0.050033875,775155,387577416,9.000000,856.000000
function/partial,500,5,38432,0.050032250,768145,384072273,9.000000,856.000000
function/partial,500,6,38688,0.050024042,773388,386694062,9.000000,856.000000
function/callback,500,0,47712,0.050004375,954157,477078256,8.000000,728.000000
function/callback,500,1,47872,0.050002625,957390,478694869,8.000000,728.000000
function/callback,500,2,48032,0.050019875,960258,480129149,8.000000,728.000000
function/callback,500,3,48128,0.050023708,962104,481051904,8.000000,728.000000
function/callback,500,4,48160,0.050024167,962735,481367336,8.000000,728.000000
function/callback,500,5,47264,0.050018750,944926,472462826,8.000000,728.000000
function/callback,500,6,47840,0.050028666,956252,478125881,8.000000,728.000000
function/signed_callback,500,0,41760,0.050020625,834856,417427811,8.000000,728.000000
function/signed_callback,500,1,42016,0.050015500,840060,420029791,8.000000,728.000000
function/signed_callback,500,2,41792,0.050022208,835469,417734459,8.000000,728.000000
function/signed_callback,500,3,42048,0.050018959,840641,420320623,8.000000,728.000000
function/signed_callback,500,4,41920,0.050036250,837793,418896300,8.000000,728.000000
function/signed_callback,500,5,41728,0.050042708,833848,416923880,8.000000,728.000000
function/signed_callback,500,6,42080,0.050026000,841163,420581298,8.000000,728.000000
function/partial_callback,500,0,32768,0.050013083,655189,327594282,10.000000,840.000000
function/partial_callback,500,1,32512,0.050046250,649639,324819542,10.000000,840.000000
function/partial_callback,500,2,32256,0.050005000,645055,322527747,10.000000,840.000000
function/partial_callback,500,3,32416,0.050037625,647833,323916253,10.000000,840.000000
function/partial_callback,500,4,32384,0.050041584,647142,323570893,10.000000,840.000000
function/partial_callback,500,5,32384,0.050029916,647293,323646356,10.000000,840.000000
function/partial_callback,500,6,32480,0.050025625,649267,324633625,10.000000,840.000000
function/mixed,500,0,23296,0.050027458,465664,232832138,12.000000,1312.000000
function/mixed,500,1,23328,0.050005750,466506,233253176,12.000000,1312.000000
function/mixed,500,2,23360,0.050005250,467151,233575475,12.000000,1312.000000
function/mixed,500,3,23200,0.050037750,463650,231824972,12.000000,1312.000000
function/mixed,500,4,23296,0.050044792,465503,232751492,12.000000,1312.000000
function/mixed,500,5,23264,0.050010708,465180,232590188,12.000000,1312.000000
function/mixed,500,6,23264,0.050010416,465183,232591547,12.000000,1312.000000
rust/function_scalar,500,0,150016,0.050004833,3000030,1500015009,0.000000,0.000000
rust/function_scalar,500,1,148288,0.050008292,2965268,1482634120,0.000000,0.000000
rust/function_scalar,500,2,149344,0.050002208,2986748,1493374053,0.000000,0.000000
rust/function_scalar,500,3,149664,0.050009000,2992741,1496370653,0.000000,0.000000
rust/function_scalar,500,4,149984,0.050008166,2999190,1499595086,0.000000,0.000000
rust/function_scalar,500,5,149856,0.050003000,2996940,1498470092,0.000000,0.000000
rust/function_scalar,500,6,150848,0.050006750,3016553,1508276383,0.000000,0.000000
function/builtin,1024,0,41312,0.050000959,826224,846053533,0.000000,0.000000
function/builtin,1024,1,41728,0.050007375,834437,854463407,0.000000,0.000000
function/builtin,1024,2,41664,0.050026958,832831,852818914,0.000000,0.000000
function/builtin,1024,3,41696,0.050028167,833450,853453296,0.000000,0.000000
function/builtin,1024,4,41536,0.050011167,830535,850467337,0.000000,0.000000
function/builtin,1024,5,41888,0.050012875,837544,857645396,0.000000,0.000000
function/builtin,1024,6,41856,0.050023667,836724,856805320,0.000000,0.000000
function/direct,1024,0,37568,0.050027417,750948,768970982,6.000000,584.000000
function/direct,1024,1,37504,0.050002708,750039,768040323,6.000000,584.000000
function/direct,1024,2,37600,0.050033500,751496,769532413,6.000000,584.000000
function/direct,1024,3,37504,0.050012416,749894,767891237,6.000000,584.000000
function/direct,1024,4,37568,0.050021167,751042,769067063,6.000000,584.000000
function/direct,1024,5,37344,0.050019541,746588,764506336,6.000000,584.000000
function/direct,1024,6,36256,0.050009709,724979,742378725,6.000000,584.000000
function/signed,1024,0,35552,0.050026834,710659,727714410,6.000000,584.000000
function/signed,1024,1,35520,0.050039667,709837,726872943,6.000000,584.000000
function/signed,1024,2,35872,0.050001916,717413,734630409,6.000000,584.000000
function/signed,1024,3,36160,0.050022750,722871,740220000,6.000000,584.000000
function/signed,1024,4,36320,0.050034875,725894,743315138,6.000000,584.000000
function/signed,1024,5,35520,0.050024500,710052,727093324,6.000000,584.000000
function/signed,1024,6,35424,0.050031625,708032,725024942,6.000000,584.000000
function/named,1024,0,35776,0.050031958,715063,732224471,7.000000,744.000000
function/named,1024,1,36000,0.050027208,719608,736879020,7.000000,744.000000
function/named,1024,2,36064,0.050042917,720661,737957302,7.000000,744.000000
function/named,1024,3,35616,0.050033834,711838,728922433,7.000000,744.000000
function/named,1024,4,35712,0.050033583,713761,730890850,7.000000,744.000000
function/named,1024,5,34848,0.050023084,696638,713357697,7.000000,744.000000
function/named,1024,6,35168,0.050018166,703105,719979057,7.000000,744.000000
function/signed_named,1024,0,33792,0.050040208,675297,691504080,7.000000,744.000000
function/signed_named,1024,1,33664,0.050005084,673212,689368625,7.000000,744.000000
function/signed_named,1024,2,34016,0.050036792,679820,696135436,7.000000,744.000000
function/signed_named,1024,3,34112,0.050007708,682135,698506078,7.000000,744.000000
function/signed_named,1024,4,34304,0.050007667,685975,702438208,7.000000,744.000000
function/signed_named,1024,5,34496,0.050014375,689722,706275026,7.000000,744.000000
function/signed_named,1024,6,34432,0.050020500,688358,704878360,7.000000,744.000000
function/signature_context,1024,0,32480,0.050007958,649497,665084545,7.000000,744.000000
function/signature_context,1024,1,32608,0.050009583,652035,667683872,7.000000,744.000000
function/signature_context,1024,2,32672,0.050046333,652835,668503085,7.000000,744.000000
function/signature_context,1024,3,32704,0.050008167,653973,669668536,7.000000,744.000000
function/signature_context,1024,4,32640,0.050009792,652672,668336313,7.000000,744.000000
function/signature_context,1024,5,32640,0.050016750,652581,668243338,7.000000,744.000000
function/signature_context,1024,6,32480,0.050017083,649378,664963209,7.000000,744.000000
function/signature_array,1024,0,35360,0.050018541,706938,723904362,6.000000,584.000000
function/signature_array,1024,1,35328,0.050008083,706446,723400495,6.000000,584.000000
function/signature_array,1024,2,35424,0.050005084,708408,725409760,6.000000,584.000000
function/signature_array,1024,3,35392,0.050022333,707524,724504553,6.000000,584.000000
function/signature_array,1024,4,35424,0.050039667,707918,724908421,6.000000,584.000000
function/signature_array,1024,5,35456,0.050036833,708598,725604356,6.000000,584.000000
function/signature_array,1024,6,35104,0.050024958,701730,718571238,6.000000,584.000000
function/signature_promote,1024,0,35360,0.050044625,706569,723527052,8.000000,656.000000
function/signature_promote,1024,1,35328,0.050026167,706190,723138992,8.000000,656.000000
function/signature_promote,1024,2,35360,0.050026250,706829,723792809,8.000000,656.000000
function/signature_promote,1024,3,35136,0.050032625,702262,719116057,8.000000,656.000000
function/signature_promote,1024,4,35040,0.050019500,700527,717339438,8.000000,656.000000
function/signature_promote,1024,5,35168,0.050025791,702997,719869317,8.000000,656.000000
function/signature_promote,1024,6,35328,0.050011458,706398,723351677,8.000000,656.000000
function/signature_optional,1024,0,35232,0.050028541,704238,721139719,6.000000,584.000000
function/signature_optional,1024,1,35200,0.050028208,703603,720489529,6.000000,584.000000
function/signature_optional,1024,2,35136,0.050004875,702651,719515127,6.000000,584.000000
function/signature_optional,1024,3,35296,0.050027666,705530,722462327,6.000000,584.000000
function/signature_optional,1024,4,35008,0.050016250,699933,716730902,6.000000,584.000000
function/signature_optional,1024,5,35328,0.050035250,706062,723007720,6.000000,584.000000
function/signature_optional,1024,6,35296,0.050044042,705299,722225915,6.000000,584.000000
function/signature_variadic,1024,0,24288,0.050057959,485198,496842310,6.000000,584.000000
function/signature_variadic,1024,1,24352,0.050031959,486729,498410386,6.000000,584.000000
function/signature_variadic,1024,2,24256,0.050001458,485106,496748395,6.000000,584.000000
function/signature_variadic,1024,3,24352,0.050003958,487001,498689484,6.000000,584.000000
function/signature_variadic,1024,4,24352,0.050046875,486584,498261840,6.000000,584.000000
function/signature_variadic,1024,5,24352,0.050005542,486986,498673687,6.000000,584.000000
function/signature_variadic,1024,6,24320,0.050054291,485872,497533368,6.000000,584.000000
function/closure,1024,0,24352,0.050005083,486990,498678264,7.000000,744.000000
function/closure,1024,1,24224,0.050033875,484152,495771635,7.000000,744.000000
function/closure,1024,2,24096,0.050001792,481903,493468394,7.000000,744.000000
function/closure,1024,3,24096,0.050046166,481475,493030855,7.000000,744.000000
function/closure,1024,4,24128,0.050052250,482056,493625601,7.000000,744.000000
function/closure,1024,5,24160,0.050065167,482571,494152751,7.000000,744.000000
function/closure,1024,6,24128,0.050040000,482174,493746443,7.000000,744.000000
function/partial,1024,0,24064,0.050003041,481251,492800748,9.000000,856.000000
function/partial,1024,1,24096,0.050046084,481476,493031663,9.000000,856.000000
function/partial,1024,2,24128,0.050058792,481993,493561091,9.000000,856.000000
function/partial,1024,3,23968,0.050000875,479352,490856050,9.000000,856.000000
function/partial,1024,4,23872,0.050001541,477425,488883493,9.000000,856.000000
function/partial,1024,5,23904,0.050028542,477807,489274622,9.000000,856.000000
function/partial,1024,6,24000,0.050029167,479720,491233444,9.000000,856.000000
function/callback,1024,0,31584,0.050010875,631543,646699663,8.000000,728.000000
function/callback,1024,1,31744,0.050001584,634860,650096525,8.000000,728.000000
function/callback,1024,2,31552,0.050028875,630676,645812004,8.000000,728.000000
function/callback,1024,3,31456,0.050035000,628680,643768242,8.000000,728.000000
function/callback,1024,4,31488,0.050012708,629600,644710380,8.000000,728.000000
function/callback,1024,5,31616,0.050002166,632293,647467632,8.000000,728.000000
function/callback,1024,6,31520,0.050001166,630385,645514547,8.000000,728.000000
function/signed_callback,1024,0,29120,0.050025708,582101,596071124,8.000000,728.000000
function/signed_callback,1024,1,29120,0.050040417,581930,595895913,8.000000,728.000000
function/signed_callback,1024,2,29088,0.050043000,581260,595210359,8.000000,728.000000
function/signed_callback,1024,3,28960,0.050019875,578970,592865136,8.000000,728.000000
function/signed_callback,1024,4,29024,0.050005292,580419,594348614,8.000000,728.000000
function/signed_callback,1024,5,29088,0.050033625,581369,595321886,8.000000,728.000000
function/signed_callback,1024,6,29120,0.050001333,582384,596361701,8.000000,728.000000
function/partial_callback,1024,0,21568,0.050054583,430890,441230966,10.000000,840.000000
function/partial_callback,1024,1,21600,0.050069834,431397,441751015,10.000000,840.000000
function/partial_callback,1024,2,21408,0.050064750,427606,437868800,10.000000,840.000000
function/partial_callback,1024,3,21408,0.050007208,428098,438372644,10.000000,840.000000
function/partial_callback,1024,4,21632,0.050071458,432023,442391112,10.000000,840.000000
function/partial_callback,1024,5,21568,0.050066000,430791,441130348,10.000000,840.000000
function/partial_callback,1024,6,21504,0.050010791,429987,440306893,10.000000,840.000000
function/mixed,1024,0,15712,0.050063083,313844,321376292,12.000000,1312.000000
function/mixed,1024,1,15712,0.050088625,313684,321212411,12.000000,1312.000000
function/mixed,1024,2,15712,0.050010584,314173,321713660,12.000000,1312.000000
function/mixed,1024,3,15648,0.050091167,312390,319887776,12.000000,1312.000000
function/mixed,1024,4,15648,0.050030125,312772,320278072,12.000000,1312.000000
function/mixed,1024,5,15584,0.050099292,311062,318527775,12.000000,1312.000000
function/mixed,1024,6,15488,0.050067333,309343,316767662,12.000000,1312.000000
rust/function_scalar,1024,0,80992,0.050019041,1619223,1658084728,0.000000,0.000000
rust/function_scalar,1024,1,81312,0.050018375,1625643,1664657998,0.000000,0.000000
rust/function_scalar,1024,2,81312,0.050002834,1626148,1665175378,0.000000,0.000000
rust/function_scalar,1024,3,82816,0.050012542,1655905,1695646344,0.000000,0.000000
rust/function_scalar,1024,4,80992,0.050003000,1619743,1658616643,0.000000,0.000000
rust/function_scalar,1024,5,81024,0.050003583,1620364,1659252618,0.000000,0.000000
rust/function_scalar,1024,6,80576,0.050004209,1611384,1650057578,0.000000,0.000000
function/builtin,10240,0,4672,0.050059875,93328,955681172,0.000000,0.000000
function/builtin,10240,1,4672,0.050285959,92909,951384461,0.000000,0.000000
function/builtin,10240,2,4736,0.050177167,94386,966508133,0.000000,0.000000
function/builtin,10240,3,4704,0.050204709,93696,959451035,0.000000,0.000000
function/builtin,10240,4,4192,0.050318125,83310,853093791,0.000000,0.000000
function/builtin,10240,5,4736,0.050049250,94627,968978356,0.000000,0.000000
function/builtin,10240,6,4736,0.050007458,94706,969788146,0.000000,0.000000
function/direct,10240,0,4672,0.050139750,93180,954158726,6.000000,584.000000
function/direct,10240,1,4704,0.050201042,93703,959521119,6.000000,584.000000
function/direct,10240,2,4704,0.050204833,93696,959448665,6.000000,584.000000
function/direct,10240,3,4704,0.050161125,93778,960284683,6.000000,584.000000
function/direct,10240,4,4672,0.050129000,93200,954363343,6.000000,584.000000
function/direct,10240,5,4704,0.050331375,93461,957036441,6.000000,584.000000
function/direct,10240,6,4704,0.050321833,93478,957217914,6.000000,584.000000
function/signed,10240,0,4672,0.050281000,92918,951478292,6.000000,584.000000
function/signed,10240,1,4640,0.050045000,92717,949417524,6.000000,584.000000
function/signed,10240,2,4672,0.050250625,92974,952053432,6.000000,584.000000
function/signed,10240,3,4672,0.050317042,92851,950796750,6.000000,584.000000
function/signed,10240,4,4672,0.050297084,92888,951174028,6.000000,584.000000
function/signed,10240,5,4672,0.050280542,92919,951486959,6.000000,584.000000
function/signed,10240,6,4672,0.050306250,92871,951000721,6.000000,584.000000
function/named,10240,0,4640,0.050235500,92365,945817201,7.000000,744.000000
function/named,10240,1,4672,0.050244083,92986,952177394,7.000000,744.000000
function/named,10240,2,4672,0.050242875,92988,952200287,7.000000,744.000000
function/named,10240,3,4672,0.050248167,92979,952100004,7.000000,744.000000
function/named,10240,4,4640,0.050149292,92524,947443087,7.000000,744.000000
function/named,10240,5,4672,0.050188500,93089,953231916,7.000000,744.000000
function/named,10240,6,4672,0.050231250,93010,952420654,7.000000,744.000000
function/signed_named,10240,0,4640,0.050014500,92773,949996501,7.000000,744.000000
function/signed_named,10240,1,4640,0.050054292,92699,949241276,7.000000,744.000000
function/signed_named,10240,2,4672,0.050292375,92897,951263089,7.000000,744.000000
function/signed_named,10240,3,4672,0.050331416,92825,950525215,7.000000,744.000000
function/signed_named,10240,4,4640,0.050100042,92615,948374454,7.000000,744.000000
function/signed_named,10240,5,4640,0.050155792,92512,947320302,7.000000,744.000000
function/signed_named,10240,6,4672,0.050252417,92971,952019482,7.000000,744.000000
function/signature_context,10240,0,4608,0.050039375,92087,942975807,7.000000,744.000000
function/signature_context,10240,1,4608,0.050093125,91989,941963992,7.000000,744.000000
function/signature_context,10240,2,4608,0.050161917,91863,940672184,7.000000,744.000000
function/signature_context,10240,3,4640,0.050257750,92324,945398471,7.000000,744.000000
function/signature_context,10240,4,4608,0.050046291,92075,942845495,7.000000,744.000000
function/signature_context,10240,5,4608,0.050084833,92004,942119943,7.000000,744.000000
function/signature_context,10240,6,4608,0.050162708,91861,940657350,7.000000,744.000000
function/signature_array,10240,0,4672,0.050235375,93002,952342448,6.000000,584.000000
function/signature_array,10240,1,4672,0.050222416,93026,952588183,6.000000,584.000000
function/signature_array,10240,2,4672,0.050185750,93094,953284149,6.000000,584.000000
function/signature_array,10240,3,4640,0.050016333,92770,949961686,6.000000,584.000000
function/signature_array,10240,4,4672,0.050246834,92981,952125262,6.000000,584.000000
function/signature_array,10240,5,4672,0.050321417,92843,950714087,6.000000,584.000000
function/signature_array,10240,6,4672,0.050234708,93003,952355093,6.000000,584.000000
function/signature_promote,10240,0,4672,0.050217042,93036,952690125,8.000000,656.000000
function/signature_promote,10240,1,4672,0.050161083,93140,953752932,8.000000,656.000000
function/signature_promote,10240,2,4672,0.050308625,92867,950955825,8.000000,656.000000
function/signature_promote,10240,3,4672,0.050150334,93160,953957355,8.000000,656.000000
function/signature_promote,10240,4,4672,0.050151250,93158,953939932,8.000000,656.000000
function/signature_promote,10240,5,4672,0.050216917,93036,952692496,8.000000,656.000000
function/signature_promote,10240,6,4640,0.050042250,92722,949469698,8.000000,656.000000
function/signature_optional,10240,0,4672,0.050189166,93088,953219266,6.000000,584.000000
function/signature_optional,10240,1,4640,0.050103500,92608,948309000,6.000000,584.000000
function/signature_optional,10240,2,4608,0.050009500,92142,943539128,6.000000,584.000000
function/signature_optional,10240,3,4640,0.050320958,92208,944210959,6.000000,584.000000
function/signature_optional,10240,4,4640,0.050050875,92706,949306081,6.000000,584.000000
function/signature_optional,10240,5,4672,0.050288167,92905,951342689,6.000000,584.000000
function/signature_optional,10240,6,4672,0.050283000,92914,951440447,6.000000,584.000000
function/signature_variadic,10240,0,3136,0.050179292,62496,639958013,6.000000,584.000000
function/signature_variadic,10240,1,3136,0.050213334,62454,639524155,6.000000,584.000000
function/signature_variadic,10240,2,3136,0.050276833,62375,638716444,6.000000,584.000000
function/signature_variadic,10240,3,3136,0.050094542,62602,641040695,6.000000,584.000000
function/signature_variadic,10240,4,3136,0.050150500,62532,640325420,6.000000,584.000000
function/signature_variadic,10240,5,3136,0.050086333,62612,641145759,6.000000,584.000000
function/signature_variadic,10240,6,3136,0.050209834,62458,639568735,6.000000,584.000000
function/closure,10240,0,3136,0.050087459,62610,641131346,7.000000,744.000000
function/closure,10240,1,3136,0.050130417,62557,640581944,7.000000,744.000000
function/closure,10240,2,3136,0.050216083,62450,639489145,7.000000,744.000000
function/closure,10240,3,3136,0.050306958,62337,638333966,7.000000,744.000000
function/closure,10240,4,3136,0.050222167,62443,639411677,7.000000,744.000000
function/closure,10240,5,3136,0.050362250,62269,637633148,7.000000,744.000000
function/closure,10240,6,3136,0.050193291,62478,639779528,7.000000,744.000000
function/partial,10240,0,3136,0.050297000,62350,638460346,9.000000,856.000000
function/partial,10240,1,3136,0.050385334,62240,637341017,9.000000,856.000000
function/partial,10240,2,3136,0.050480917,62122,636134245,9.000000,856.000000
function/partial,10240,3,3136,0.050303083,62342,638383138,9.000000,856.000000
function/partial,10240,4,3136,0.050307000,62337,638333433,9.000000,856.000000
function/partial,10240,5,3136,0.050363666,62267,637615220,9.000000,856.000000
function/partial,10240,6,3136,0.050342750,62293,637880132,9.000000,856.000000
function/callback,10240,0,4576,0.050029459,91466,936612966,8.000000,728.000000
function/callback,10240,1,4576,0.050021666,91480,936758884,8.000000,728.000000
function/callback,10240,2,4576,0.050013333,91496,936914962,8.000000,728.000000
function/callback,10240,3,4576,0.050274167,91021,932054031,8.000000,728.000000
function/callback,10240,4,4608,0.050305750,91600,937982636,8.000000,728.000000
function/callback,10240,5,4608,0.050252416,91697,938978138,8.000000,728.000000
function/callback,10240,6,4608,0.050280084,91647,938461439,8.000000,728.000000
function/signed_callback,10240,0,4544,0.050156083,90597,927715189,8.000000,728.000000
function/signed_callback,10240,1,4512,0.050033917,90179,923431200,8.000000,728.000000
function/signed_callback,10240,2,4544,0.050267250,90397,925663528,8.000000,728.000000
function/signed_callback,10240,3,4544,0.050202375,90514,926859735,8.000000,728.000000
function/signed_callback,10240,4,4480,0.050079500,89458,916047484,8.000000,728.000000
function/signed_callback,10240,5,4480,0.050329250,89014,911501761,8.000000,728.000000
function/signed_callback,10240,6,4448,0.050040292,88888,910216911,8.000000,728.000000
function/partial_callback,10240,0,3040,0.050457833,60248,616942864,10.000000,840.000000
function/partial_callback,10240,1,3040,0.050240500,60509,619611668,10.000000,840.000000
function/partial_callback,10240,2,3040,0.050099667,60679,621353431,10.000000,840.000000
function/partial_callback,10240,3,3072,0.050277000,61101,625679336,10.000000,840.000000
function/partial_callback,10240,4,3072,0.050506792,60824,622832668,10.000000,840.000000
function/partial_callback,10240,5,3072,0.050509333,60820,622801335,10.000000,840.000000
function/partial_callback,10240,6,3072,0.050434500,60911,623725426,10.000000,840.000000
function/mixed,10240,0,2272,0.050154459,45300,463872614,12.000000,1312.000000
function/mixed,10240,1,2304,0.050349708,45760,468581863,12.000000,1312.000000
function/mixed,10240,2,2304,0.050190833,45905,470065121,12.000000,1312.000000
function/mixed,10240,3,2016,0.050007084,40314,412818312,12.000000,1312.000000
function/mixed,10240,4,2336,0.050692167,46082,471880399,12.000000,1312.000000
function/mixed,10240,5,2304,0.050000791,46079,471851735,12.000000,1312.000000
function/mixed,10240,6,2304,0.050172792,45921,470234146,12.000000,1312.000000
rust/function_scalar,10240,0,9376,0.050148667,186964,1914512304,0.000000,0.000000
rust/function_scalar,10240,1,9344,0.050070000,186619,1910975834,0.000000,0.000000
rust/function_scalar,10240,2,9376,0.050164666,186904,1913901709,0.000000,0.000000
rust/function_scalar,10240,3,9376,0.050107709,187117,1916077225,0.000000,0.000000
rust/function_scalar,10240,4,9344,0.050017875,186813,1912967314,0.000000,0.000000
rust/function_scalar,10240,5,9344,0.050119209,186436,1909099563,0.000000,0.000000
rust/function_scalar,10240,6,9312,0.050178833,185576,1900300870,0.000000,0.000000
function/builtin,1048576,0,64,0.067862167,943,988899515,0.000000,0.000000
function/builtin,1048576,1,64,0.068833709,930,974941856,0.000000,0.000000
function/builtin,1048576,2,64,0.068082875,940,985693745,0.000000,0.000000
function/builtin,1048576,3,64,0.068000208,941,986892040,0.000000,0.000000
function/builtin,1048576,4,64,0.067820208,944,989511327,0.000000,0.000000
function/builtin,1048576,5,64,0.067598792,947,992752415,0.000000,0.000000
function/builtin,1048576,6,64,0.067768792,944,990262066,0.000000,0.000000
function/direct,1048576,0,64,0.067704125,945,991207906,6.000000,584.000000
function/direct,1048576,1,64,0.067699000,945,991282944,6.000000,584.000000
function/direct,1048576,2,64,0.067778584,944,990119003,6.000000,584.000000
function/direct,1048576,3,64,0.067840666,943,989212930,6.000000,584.000000
function/direct,1048576,4,64,0.067875000,943,988712545,6.000000,584.000000
function/direct,1048576,5,64,0.067955250,942,987544951,6.000000,584.000000
function/direct,1048576,6,64,0.067835750,943,989284618,6.000000,584.000000
function/signed,1048576,0,64,0.068084458,940,985670827,6.000000,584.000000
function/signed,1048576,1,64,0.067930583,942,987903549,6.000000,584.000000
function/signed,1048576,2,64,0.067866042,943,988843051,6.000000,584.000000
function/signed,1048576,3,64,0.067940958,942,987752690,6.000000,584.000000
function/signed,1048576,4,64,0.067799125,944,989819028,6.000000,584.000000
function/signed,1048576,5,64,0.067887333,943,988532927,6.000000,584.000000
function/signed,1048576,6,64,0.067835250,943,989291909,6.000000,584.000000
function/named,1048576,0,64,0.067669792,946,991710806,7.000000,744.000000
function/named,1048576,1,64,0.067978542,941,987206581,7.000000,744.000000
function/named,1048576,2,64,0.067754500,945,990470950,7.000000,744.000000
function/named,1048576,3,64,0.067755875,945,990450850,7.000000,744.000000
function/named,1048576,4,64,0.067816500,944,989565430,7.000000,744.000000
function/named,1048576,5,64,0.067701417,945,991247554,7.000000,744.000000
function/named,1048576,6,64,0.067740875,945,990670168,7.000000,744.000000
function/signed_named,1048576,0,64,0.067710292,945,991117628,7.000000,744.000000
function/signed_named,1048576,1,64,0.067699500,945,991275622,7.000000,744.000000
function/signed_named,1048576,2,64,0.067926583,942,987961723,7.000000,744.000000
function/signed_named,1048576,3,64,0.067650125,946,991999113,7.000000,744.000000
function/signed_named,1048576,4,64,0.067669250,946,991718750,7.000000,744.000000
function/signed_named,1048576,5,64,0.067706708,945,991170092,7.000000,744.000000
function/signed_named,1048576,6,64,0.067869500,943,988792668,7.000000,744.000000
function/signature_context,1048576,0,64,0.067726000,945,990887754,7.000000,744.000000
function/signature_context,1048576,1,64,0.067764167,944,990329653,7.000000,744.000000
function/signature_context,1048576,2,64,0.067675292,946,991630210,7.000000,744.000000
function/signature_context,1048576,3,64,0.067773959,944,990186570,7.000000,744.000000
function/signature_context,1048576,4,64,0.067734875,945,990757922,7.000000,744.000000
function/signature_context,1048576,5,64,0.067699417,945,991276838,7.000000,744.000000
function/signature_context,1048576,6,64,0.067739125,945,990695761,7.000000,744.000000
function/signature_array,1048576,0,64,0.067685667,946,991478211,6.000000,584.000000
function/signature_array,1048576,1,64,0.067689333,945,991424513,6.000000,584.000000
function/signature_array,1048576,2,64,0.067750292,945,990532469,6.000000,584.000000
function/signature_array,1048576,3,64,0.067671416,946,991687007,6.000000,584.000000
function/signature_array,1048576,4,64,0.067704834,945,991197527,6.000000,584.000000
function/signature_array,1048576,5,64,0.067852500,943,989040404,6.000000,584.000000
function/signature_array,1048576,6,64,0.067662500,946,991817683,6.000000,584.000000
function/signature_promote,1048576,0,64,0.067699292,945,991278668,8.000000,656.000000
function/signature_promote,1048576,1,64,0.067961000,942,987461397,8.000000,656.000000
function/signature_promote,1048576,2,64,0.067678792,946,991578928,8.000000,656.000000
function/signature_promote,1048576,3,64,0.067702459,945,991232298,8.000000,656.000000
function/signature_promote,1048576,4,64,0.067800042,944,989805641,8.000000,656.000000
function/signature_promote,1048576,5,64,0.067675166,946,991632056,8.000000,656.000000
function/signature_promote,1048576,6,64,0.067787750,944,989985123,8.000000,656.000000
function/signature_optional,1048576,0,64,0.067496416,948,994258184,6.000000,584.000000
function/signature_optional,1048576,1,64,0.067764458,944,990325400,6.000000,584.000000
function/signature_optional,1048576,2,64,0.067938291,942,987791465,6.000000,584.000000
function/signature_optional,1048576,3,64,0.067675375,946,991628994,6.000000,584.000000
function/signature_optional,1048576,4,64,0.067706750,945,991169477,6.000000,584.000000
function/signature_optional,1048576,5,64,0.067846125,943,989133337,6.000000,584.000000
function/signature_optional,1048576,6,64,0.067668292,946,991732790,6.000000,584.000000
function/signature_variadic,1048576,0,32,0.050456667,634,665014833,6.000000,584.000000
function/signature_variadic,1048576,1,32,0.050748625,631,661188988,6.000000,584.000000
function/signature_variadic,1048576,2,32,0.050390792,635,665884196,6.000000,584.000000
function/signature_variadic,1048576,3,32,0.050540709,633,663909008,6.000000,584.000000
function/signature_variadic,1048576,4,32,0.050448209,634,665126328,6.000000,584.000000
function/signature_variadic,1048576,5,32,0.050794584,630,660590743,6.000000,584.000000
function/signature_variadic,1048576,6,32,0.050297333,636,667121495,6.000000,584.000000
function/closure,1048576,0,32,0.050647500,632,662509147,7.000000,744.000000
function/closure,1048576,1,32,0.050476708,634,664750800,7.000000,744.000000
function/closure,1048576,2,32,0.050555625,633,663713128,7.000000,744.000000
function/closure,1048576,3,32,0.050450083,634,665101621,7.000000,744.000000
function/closure,1048576,4,32,0.050521333,633,664163632,7.000000,744.000000
function/closure,1048576,5,32,0.050468458,634,664859465,7.000000,744.000000
function/closure,1048576,6,32,0.050504125,634,664389929,7.000000,744.000000
function/partial,1048576,0,32,0.051815458,618,647575710,9.000000,856.000000
function/partial,1048576,1,32,0.050695125,631,661886759,9.000000,856.000000
function/partial,1048576,2,32,0.050486833,634,664617486,9.000000,856.000000
function/partial,1048576,3,32,0.050614791,632,662937283,9.000000,856.000000
function/partial,1048576,4,32,0.050524583,633,664120909,9.000000,856.000000
function/partial,1048576,5,32,0.050490250,634,664572507,9.000000,856.000000
function/partial,1048576,6,32,0.050496084,634,664495726,9.000000,856.000000
function/callback,1048576,0,64,0.067772208,944,990212153,8.000000,728.000000
function/callback,1048576,1,64,0.067672000,946,991678449,8.000000,728.000000
function/callback,1048576,2,64,0.068026958,941,986503968,8.000000,728.000000
function/callback,1048576,3,64,0.067696667,945,991317106,8.000000,728.000000
function/callback,1048576,4,64,0.067711958,945,991093242,8.000000,728.000000
function/callback,1048576,5,64,0.067739417,945,990691491,8.000000,728.000000
function/callback,1048576,6,64,0.067734292,945,990766450,8.000000,728.000000
function/signed_callback,1048576,0,64,0.067721959,945,990946880,8.000000,728.000000
function/signed_callback,1048576,1,64,0.067763875,944,990333921,8.000000,728.000000
function/signed_callback,1048576,2,64,0.067741875,945,990655544,8.000000,728.000000
function/signed_callback,1048576,3,64,0.067521542,948,993888202,8.000000,728.000000
function/signed_callback,1048576,4,64,0.067763584,944,990338173,8.000000,728.000000
function/signed_callback,1048576,5,64,0.067724209,945,990913958,8.000000,728.000000
function/signed_callback,1048576,6,64,0.067915583,942,988121739,8.000000,728.000000
function/partial_callback,1048576,0,32,0.050542417,633,663886573,10.000000,840.000000
function/partial_callback,1048576,1,32,0.050570708,633,663515172,10.000000,840.000000
function/partial_callback,1048576,2,32,0.050481000,634,664694281,10.000000,840.000000
function/partial_callback,1048576,3,32,0.050566541,633,663569849,10.000000,840.000000
function/partial_callback,1048576,4,32,0.050470417,634,664833659,10.000000,840.000000
function/partial_callback,1048576,5,32,0.050633458,632,662692878,10.000000,840.000000
function/partial_callback,1048576,6,32,0.050584583,633,663333174,10.000000,840.000000
function/mixed,1048576,0,32,0.067569083,474,496594456,12.000000,1312.000000
function/mixed,1048576,1,32,0.067360291,475,498133715,12.000000,1312.000000
function/mixed,1048576,2,32,0.067396708,475,497864554,12.000000,1312.000000
function/mixed,1048576,3,32,0.067584458,473,496481484,12.000000,1312.000000
function/mixed,1048576,4,32,0.067443792,474,497516984,12.000000,1312.000000
function/mixed,1048576,5,32,0.067918917,471,494036617,12.000000,1312.000000
function/mixed,1048576,6,32,0.070621958,453,475127467,12.000000,1312.000000
rust/function_scalar,1048576,0,96,0.051837417,1852,1941904165,0.000000,0.000000
rust/function_scalar,1048576,1,96,0.051709792,1857,1946696981,0.000000,0.000000
rust/function_scalar,1048576,2,96,0.056914750,1687,1768667981,0.000000,0.000000
rust/function_scalar,1048576,3,64,0.057212667,1119,1172972132,0.000000,0.000000
rust/function_scalar,1048576,4,96,0.053345458,1800,1887007812,0.000000,0.000000
rust/function_scalar,1048576,5,96,0.052100291,1843,1932106214,0.000000,0.000000
rust/function_scalar,1048576,6,96,0.052798042,1818,1906572520,0.000000,0.000000
function/tail,34,0,32768,0.050030041,654966,22268860,7.000000,744.000000
function/tail,34,1,34176,0.050020708,683237,23230059,7.000000,744.000000
function/tail,34,2,34368,0.050040541,686803,23351306,7.000000,744.000000
function/tail,34,3,34496,0.050046167,689284,23435641,7.000000,744.000000
function/tail,34,4,34592,0.050035875,691344,23505695,7.000000,744.000000
function/tail,34,5,34560,0.050044417,690587,23479942,7.000000,744.000000
function/tail,34,6,34592,0.050024625,691499,23510981,7.000000,744.000000
function/signed_tail,34,0,27072,0.050016292,541264,18402964,7.000000,744.000000
function/signed_tail,34,1,27104,0.050013541,541933,18425730,7.000000,744.000000
function/signed_tail,34,2,26944,0.050029333,538564,18311178,7.000000,744.000000
function/signed_tail,34,3,27008,0.050056708,539548,18344634,7.000000,744.000000
function/signed_tail,34,4,26976,0.050039083,539099,18329353,7.000000,744.000000
function/signed_tail,34,5,26720,0.050021083,534175,18161942,7.000000,744.000000
function/signed_tail,34,6,26816,0.050052500,535757,18215753,7.000000,744.000000
function/tail_block,34,0,27232,0.050015875,544467,18511882,8.000000,904.000000
function/tail_block,34,1,27136,0.050012166,542588,18447991,8.000000,904.000000
function/tail_block,34,2,27296,0.050005417,545861,18559269,8.000000,904.000000
function/tail_block,34,3,27296,0.050016167,545744,18555280,8.000000,904.000000
function/tail_block,34,4,27296,0.050009250,545819,18557847,8.000000,904.000000
function/tail_block,34,5,26976,0.050049166,538990,18325660,8.000000,904.000000
function/tail_block,34,6,27232,0.050004292,544593,18516171,8.000000,904.000000
function/tail_borrow,34,0,35776,0.050041875,714921,24307323,7.000000,744.000000
function/tail_borrow,34,1,35904,0.050017417,717830,24406218,7.000000,744.000000
function/tail_borrow,34,2,35680,0.050008958,713472,24258054,7.000000,744.000000
function/tail_borrow,34,3,35936,0.050030959,718275,24421359,7.000000,744.000000
function/tail_borrow,34,4,35872,0.050031000,716995,24377846,7.000000,744.000000
function/tail_borrow,34,5,35904,0.050030333,717645,24399918,7.000000,744.000000
function/tail_borrow,34,6,35552,0.050007708,710930,24171634,7.000000,744.000000
function/tail_escape_once,34,0,29024,0.050011333,580348,19731848,10.000000,1032.000000
function/tail_escape_once,34,1,29184,0.050011750,583543,19840457,10.000000,1032.000000
function/tail_escape_once,34,2,29344,0.050043500,586370,19936575,10.000000,1032.000000
function/tail_escape_once,34,3,29280,0.050044292,585082,19892778,10.000000,1032.000000
function/tail_escape_once,34,4,28928,0.050026208,578257,19660735,10.000000,1032.000000
function/tail_escape_once,34,5,28864,0.050006875,577201,19624822,10.000000,1032.000000
function/tail_escape_once,34,6,29024,0.050018542,580265,19729004,10.000000,1032.000000
function/recursion,34,0,27200,0.050047083,543488,18478599,17.000000,3176.000000
function/recursion,34,1,27392,0.050034083,547467,18613872,17.000000,3176.000000
function/recursion,34,2,27104,0.050008334,541990,18427648,17.000000,3176.000000
function/recursion,34,3,27456,0.050021667,548882,18661993,17.000000,3176.000000
function/recursion,34,4,27392,0.050011833,547710,18622153,17.000000,3176.000000
function/recursion,34,5,27328,0.050049250,546022,18564754,17.000000,3176.000000
function/recursion,34,6,27136,0.050021917,542482,18444395,17.000000,3176.000000
rust/function_tail,34,0,1031584,0.050000792,20631353,701466009,0.000000,0.000000
rust/function_tail,34,1,1038656,0.050000625,20772860,706277252,0.000000,0.000000
rust/function_tail,34,2,1042016,0.050001041,20839886,708556128,0.000000,0.000000
rust/function_tail,34,3,1014336,0.050000292,20286602,689744452,0.000000,0.000000
rust/function_tail,34,4,1032256,0.050001375,20644552,701914777,0.000000,0.000000
rust/function_tail,34,5,1030464,0.050001375,20608713,700696251,0.000000,0.000000
rust/function_tail,34,6,1027776,0.050000666,20555246,698878371,0.000000,0.000000
function/tail,35,0,11232,0.050096166,224209,7847307,7.000000,744.000000
function/tail,35,1,11136,0.050142625,222086,7773027,7.000000,744.000000
function/tail,35,2,11136,0.050114250,222212,7777429,7.000000,744.000000
function/tail,35,3,11168,0.050125250,222802,7798066,7.000000,744.000000
function/tail,35,4,11200,0.050117875,223473,7821561,7.000000,744.000000
function/tail,35,5,11200,0.050056666,223746,7831125,7.000000,744.000000
function/tail,35,6,11200,0.050101166,223548,7824169,7.000000,744.000000
function/signed_tail,35,0,8448,0.050043375,168814,5908474,7.000000,744.000000
function/signed_tail,35,1,8384,0.050012000,167640,5867392,7.000000,744.000000
function/signed_tail,35,2,8416,0.050081541,168046,5881608,7.000000,744.000000
function/signed_tail,35,3,8480,0.050067416,169372,5928007,7.000000,744.000000
function/signed_tail,35,4,8544,0.050131750,170431,5965082,7.000000,744.000000
function/signed_tail,35,5,8512,0.050034958,170121,5954237,7.000000,744.000000
function/signed_tail,35,6,8480,0.050132166,169153,5920351,7.000000,744.000000
function/tail_block,35,0,8640,0.050111792,172415,6034508,8.000000,904.000000
function/tail_block,35,1,8608,0.050145667,171660,6008096,8.000000,904.000000
function/tail_block,35,2,8736,0.050114250,174322,6101259,8.000000,904.000000
function/tail_block,35,3,8672,0.050034917,173319,6066164,8.000000,904.000000
function/tail_block,35,4,8672,0.050156917,172897,6051409,8.000000,904.000000
function/tail_block,35,5,8704,0.050110583,173696,6079355,8.000000,904.000000
function/tail_block,35,6,8640,0.050069083,172562,6039655,8.000000,904.000000
function/tail_borrow,35,0,12352,0.050073416,246678,8633723,7.000000,744.000000
function/tail_borrow,35,1,12288,0.050036417,245581,8595340,7.000000,744.000000
function/tail_borrow,35,2,12352,0.050080833,246641,8632444,7.000000,744.000000
function/tail_borrow,35,3,12320,0.050069333,246059,8612058,7.000000,744.000000
function/tail_borrow,35,4,12352,0.050110833,246494,8627276,7.000000,744.000000
function/tail_borrow,35,5,12224,0.050113791,243925,8537370,7.000000,744.000000
function/tail_borrow,35,6,12256,0.050048500,244882,8570886,7.000000,744.000000
function/tail_escape_once,35,0,9504,0.050051542,189884,6645949,10.000000,1032.000000
function/tail_escape_once,35,1,9568,0.050156666,190762,6676680,10.000000,1032.000000
function/tail_escape_once,35,2,9568,0.050012833,191311,6695881,10.000000,1032.000000
function/tail_escape_once,35,3,9600,0.050023917,191908,6716787,10.000000,1032.000000
function/tail_escape_once,35,4,9600,0.050134542,191485,6701966,10.000000,1032.000000
function/tail_escape_once,35,5,9632,0.050078959,192336,6731769,10.000000,1032.000000
function/tail_escape_once,35,6,9600,0.050141125,191460,6701086,10.000000,1032.000000
function/recursion,35,0,8320,0.050024459,166319,5821152,43.000000,11624.000000
function/recursion,35,1,8320,0.050095042,166084,5812951,43.000000,11624.000000
function/recursion,35,2,8352,0.050084833,166757,5836497,43.000000,11624.000000
function/recursion,35,3,8416,0.050167625,167758,5871516,43.000000,11624.000000
function/recursion,35,4,8160,0.050010167,163167,5710839,43.000000,11624.000000
function/recursion,35,5,8096,0.050064750,161711,5659870,43.000000,11624.000000
function/recursion,35,6,8064,0.050051958,161113,5638940,43.000000,11624.000000
rust/function_tail,35,0,812288,0.050001250,16245354,568587385,0.000000,0.000000
rust/function_tail,35,1,805792,0.050000500,16115679,564048760,0.000000,0.000000
rust/function_tail,35,2,800160,0.050001834,16002613,560091456,0.000000,0.000000
rust/function_tail,35,3,808256,0.050001125,16164756,565766470,0.000000,0.000000
rust/function_tail,35,4,802656,0.050000250,16053040,561856391,0.000000,0.000000
rust/function_tail,35,5,800384,0.050001750,16007120,560249191,0.000000,0.000000
rust/function_tail,35,6,795328,0.050001875,15905964,556708723,0.000000,0.000000
function/tail,35,0,5856,0.050178917,116702,4084584,7.000000,744.000000
function/tail,35,1,5856,0.050094875,116898,4091436,7.000000,744.000000
function/tail,35,2,5888,0.050246791,117182,4101356,7.000000,744.000000
function/tail,35,3,5856,0.050208333,116634,4082191,7.000000,744.000000
function/tail,35,4,5888,0.050041042,117663,4118220,7.000000,744.000000
function/tail,35,5,5888,0.050169750,117362,4107655,7.000000,744.000000
function/tail,35,6,5888,0.050246917,117181,4101346,7.000000,744.000000
function/signed_tail,35,0,4416,0.050160291,88038,3081322,7.000000,744.000000
function/signed_tail,35,1,4448,0.050152875,88689,3104109,7.000000,744.000000
function/signed_tail,35,2,4448,0.050222458,88566,3099808,7.000000,744.000000
function/signed_tail,35,3,4416,0.050146500,88062,3082169,7.000000,744.000000
function/signed_tail,35,4,4416,0.050133542,88085,3082966,7.000000,744.000000
function/signed_tail,35,5,4448,0.050143875,88705,3104666,7.000000,744.000000
function/signed_tail,35,6,4448,0.050104750,88774,3107091,7.000000,744.000000
function/tail_block,35,0,4576,0.050246417,91071,3187491,8.000000,904.000000
function/tail_block,35,1,4576,0.050076209,91381,3198325,8.000000,904.000000
function/tail_block,35,2,4672,0.050265625,92946,3253118,8.000000,904.000000
function/tail_block,35,3,4608,0.050342709,91533,3203642,8.000000,904.000000
function/tail_block,35,4,4576,0.050038750,91449,3200719,8.000000,904.000000
function/tail_block,35,5,4608,0.050250000,91701,3209552,8.000000,904.000000
function/tail_block,35,6,4544,0.050332375,90280,3159795,8.000000,904.000000
function/tail_borrow,35,0,6528,0.050213042,130006,4550212,7.000000,744.000000
function/tail_borrow,35,1,6528,0.050045458,130441,4565449,7.000000,744.000000
function/tail_borrow,35,2,6528,0.050056750,130412,4564419,7.000000,744.000000
function/tail_borrow,35,3,6464,0.050165833,128853,4509842,7.000000,744.000000
function/tail_borrow,35,4,6528,0.050004375,130549,4569200,7.000000,744.000000
function/tail_borrow,35,5,6528,0.050176542,130101,4553522,7.000000,744.000000
function/tail_borrow,35,6,6528,0.050211750,130009,4550329,7.000000,744.000000
function/tail_escape_once,35,0,5088,0.050259042,101236,3543243,10.000000,1032.000000
function/tail_escape_once,35,1,5056,0.050125750,100866,3530321,10.000000,1032.000000
function/tail_escape_once,35,2,5088,0.050231292,101291,3545200,10.000000,1032.000000
function/tail_escape_once,35,3,5056,0.050101917,100914,3532001,10.000000,1032.000000
function/tail_escape_once,35,4,5056,0.050132000,100854,3529881,10.000000,1032.000000
function/tail_escape_once,35,5,5088,0.050300791,101151,3540302,10.000000,1032.000000
function/tail_escape_once,35,6,5088,0.050073625,101610,3556363,10.000000,1032.000000
rust/function_tail,35,0,630560,0.050000666,12611032,441386121,0.000000,0.000000
rust/function_tail,35,1,632608,0.050002000,12651654,442807888,0.000000,0.000000
rust/function_tail,35,2,635360,0.050001583,12706798,444737920,0.000000,0.000000
rust/function_tail,35,3,636640,0.050002417,12732185,445626458,0.000000,0.000000
rust/function_tail,35,4,644096,0.050001042,12881652,450857804,0.000000,0.000000
rust/function_tail,35,5,642944,0.050001000,12858623,450051799,0.000000,0.000000
rust/function_tail,35,6,640192,0.050001542,12803445,448120580,0.000000,0.000000
function/tail,37,0,416,0.053583083,7764,287255,7.000000,744.000000
function/tail,37,1,416,0.053694666,7748,286658,7.000000,744.000000
function/tail,37,2,416,0.053234667,7814,289135,7.000000,744.000000
function/tail,37,3,416,0.053701417,7747,286622,7.000000,744.000000
function/tail,37,4,416,0.054045791,7697,284796,7.000000,744.000000
function/tail,37,5,416,0.052999375,7849,290419,7.000000,744.000000
function/tail,37,6,416,0.053947750,7711,285313,7.000000,744.000000
function/signed_tail,37,0,320,0.055475667,5768,213427,7.000000,744.000000
function/signed_tail,37,1,320,0.055253291,5792,214286,7.000000,744.000000
function/signed_tail,37,2,320,0.055202917,5797,214481,7.000000,744.000000
function/signed_tail,37,3,320,0.055149708,5802,214688,7.000000,744.000000
function/signed_tail,37,4,320,0.055507083,5765,213306,7.000000,744.000000
function/signed_tail,37,5,320,0.055037583,5814,215126,7.000000,744.000000
function/signed_tail,37,6,320,0.054915750,5827,215603,7.000000,744.000000
function/tail_block,37,0,320,0.053693792,5960,220510,8.000000,904.000000
function/tail_block,37,1,320,0.053650500,5965,220688,8.000000,904.000000
function/tail_block,37,2,320,0.053311167,6002,222092,8.000000,904.000000
function/tail_block,37,3,320,0.053232542,6011,222420,8.000000,904.000000
function/tail_block,37,4,320,0.053275875,6006,222239,8.000000,904.000000
function/tail_block,37,5,320,0.053796750,5948,220088,8.000000,904.000000
function/tail_block,37,6,320,0.052745666,6067,224473,8.000000,904.000000
function/tail_borrow,37,0,448,0.051025750,8780,324856,7.000000,744.000000
function/tail_borrow,37,1,448,0.051514334,8697,321775,7.000000,744.000000
function/tail_borrow,37,2,448,0.050815917,8816,326197,7.000000,744.000000
function/tail_borrow,37,3,448,0.050853709,8810,325955,7.000000,744.000000
function/tail_borrow,37,4,448,0.051205583,8749,323715,7.000000,744.000000
function/tail_borrow,37,5,448,0.051073792,8772,324550,7.000000,744.000000
function/tail_borrow,37,6,448,0.051099250,8767,324388,7.000000,744.000000
function/tail_escape_once,37,0,352,0.052844667,6661,246458,10.000000,1032.000000
function/tail_escape_once,37,1,352,0.052959667,6647,245923,10.000000,1032.000000
function/tail_escape_once,37,2,352,0.053026125,6638,245615,10.000000,1032.000000
function/tail_escape_once,37,3,352,0.052632958,6688,247450,10.000000,1032.000000
function/tail_escape_once,37,4,352,0.052084292,6758,250056,10.000000,1032.000000
function/tail_escape_once,37,5,352,0.052411416,6716,248495,10.000000,1032.000000
function/tail_escape_once,37,6,352,0.052313083,6729,248963,10.000000,1032.000000
rust/function_tail,37,0,84896,0.050011417,1697532,62808698,0.000000,0.000000
rust/function_tail,37,1,85120,0.050009459,1702078,62976886,0.000000,0.000000
rust/function_tail,37,2,84608,0.050004750,1691999,62603973,0.000000,0.000000
rust/function_tail,37,3,75744,0.050013708,1514465,56035197,0.000000,0.000000
rust/function_tail,37,4,84704,0.050009000,1693775,62669679,0.000000,0.000000
rust/function_tail,37,5,85152,0.050015750,1702504,62992637,0.000000,0.000000
rust/function_tail,37,6,84992,0.050005667,1699647,62886952,0.000000,0.000000
function/tail,39,0,32,0.401390166,80,3109,7.000000,744.000000
function/tail,39,1,32,0.401870791,80,3105,7.000000,744.000000
function/tail,39,2,32,0.403324709,79,3094,7.000000,744.000000
function/tail,39,3,32,0.402143583,80,3103,7.000000,744.000000
function/tail,39,4,32,0.401156084,80,3111,7.000000,744.000000
function/tail,39,5,32,0.401232709,80,3110,7.000000,744.000000
function/tail,39,6,32,0.403195083,79,3095,7.000000,744.000000
function/signed_tail,39,0,32,0.536697875,60,2325,7.000000,744.000000
function/signed_tail,39,1,32,0.535468000,60,2331,7.000000,744.000000
function/signed_tail,39,2,32,0.537142833,60,2323,7.000000,744.000000
function/signed_tail,39,3,32,0.535380542,60,2331,7.000000,744.000000
function/signed_tail,39,4,32,0.535784959,60,2329,7.000000,744.000000
function/signed_tail,39,5,32,0.537144708,60,2323,7.000000,744.000000
function/signed_tail,39,6,32,0.535144417,60,2332,7.000000,744.000000
function/tail_block,39,0,32,0.520305375,62,2399,8.000000,904.000000
function/tail_block,39,1,32,0.517200292,62,2413,8.000000,904.000000
function/tail_block,39,2,32,0.520060709,62,2400,8.000000,904.000000
function/tail_block,39,3,32,0.530642917,60,2352,8.000000,904.000000
function/tail_block,39,4,32,0.529982500,60,2355,8.000000,904.000000
function/tail_block,39,5,32,0.547392750,58,2280,8.000000,904.000000
function/tail_block,39,6,32,0.527870875,61,2364,8.000000,904.000000
function/tail_borrow,39,0,32,0.364012959,88,3428,7.000000,744.000000
function/tail_borrow,39,1,32,0.361931708,88,3448,7.000000,744.000000
function/tail_borrow,39,2,32,0.371172708,86,3362,7.000000,744.000000
function/tail_borrow,39,3,32,0.361824583,88,3449,7.000000,744.000000
function/tail_borrow,39,4,32,0.358516292,89,3481,7.000000,744.000000
function/tail_borrow,39,5,32,0.356854542,90,3497,7.000000,744.000000
function/tail_borrow,39,6,32,0.358306959,89,3483,7.000000,744.000000
function/tail_escape_once,39,0,32,0.463634458,69,2692,10.000000,1032.000000
function/tail_escape_once,39,1,32,0.463360458,69,2693,10.000000,1032.000000
function/tail_escape_once,39,2,32,0.464306417,69,2688,10.000000,1032.000000
function/tail_escape_once,39,3,32,0.463556083,69,2692,10.000000,1032.000000
function/tail_escape_once,39,4,32,0.465729666,69,2680,10.000000,1032.000000
function/tail_escape_once,39,5,32,0.465293459,69,2682,10.000000,1032.000000
function/tail_escape_once,39,6,32,0.464933917,69,2684,10.000000,1032.000000
rust/function_tail,39,0,960,0.050976208,18832,734460,0.000000,0.000000
rust/function_tail,39,1,960,0.050869791,18872,735997,0.000000,0.000000
rust/function_tail,39,2,960,0.050953375,18841,734789,0.000000,0.000000
rust/function_tail,39,3,960,0.050949458,18842,734846,0.000000,0.000000
rust/function_tail,39,4,960,0.051022625,18815,733792,0.000000,0.000000
rust/function_tail,39,5,960,0.051033875,18811,733630,0.000000,0.000000
rust/function_tail,39,6,960,0.050968250,18835,734575,0.000000,0.000000
function/tail_capture_each,7,0,28128,0.050029916,562224,3935565,26.000000,3752.000000
function/tail_capture_each,7,1,28224,0.050018541,564271,3949895,26.000000,3752.000000
function/tail_capture_each,7,2,28512,0.050050959,569659,3987616,26.000000,3752.000000
function/tail_capture_each,7,3,28576,0.050018666,571307,3999147,26.000000,3752.000000
function/tail_capture_each,7,4,28736,0.050044084,574214,4019496,26.000000,3752.000000
function/tail_capture_each,7,5,28544,0.050034916,570482,3993371,26.000000,3752.000000
function/tail_capture_each,7,6,28672,0.050037458,573011,4011075,26.000000,3752.000000
function/tail_capture_each,9,0,2560,0.050185833,51010,459094,270.000000,53672.000000
function/tail_capture_each,9,1,2560,0.050166459,51030,459271,270.000000,53672.000000
function/tail_capture_each,9,2,2560,0.050141917,51055,459496,270.000000,53672.000000
function/tail_capture_each,9,3,2592,0.050570917,51255,461293,270.000000,53672.000000
function/tail_capture_each,9,4,2560,0.050122209,51075,459676,270.000000,53672.000000
function/tail_capture_each,9,5,2560,0.050132667,51065,459581,270.000000,53672.000000
function/tail_capture_each,9,6,2560,0.050378500,50815,457338,270.000000,53672.000000
function/tail_capture_each,10,0,352,0.053391166,6593,65929,2065.000000,426408.000000
function/tail_capture_each,10,1,352,0.053253750,6610,66099,2065.000000,426408.000000
function/tail_capture_each,10,2,352,0.053279292,6607,66067,2065.000000,426408.000000
function/tail_capture_each,10,3,352,0.053228917,6613,66129,2065.000000,426408.000000
function/tail_capture_each,10,4,352,0.053265875,6608,66084,2065.000000,426408.000000
function/tail_capture_each,10,5,352,0.053162709,6621,66212,2065.000000,426408.000000
function/tail_capture_each,10,6,352,0.053208417,6615,66155,2065.000000,426408.000000
compile/conversion,0,0,13120,0.050091833,261919,0,105.000000,7353.000000
compile/conversion,0,1,13184,0.050108709,263108,0,105.000000,7353.000000
compile/conversion,0,2,13088,0.050075625,261365,0,105.000000,7353.000000
compile/conversion,0,3,12960,0.050102375,258670,0,105.000000,7353.000000
compile/conversion,0,4,13024,0.050040291,260270,0,105.000000,7353.000000
compile/conversion,0,5,13056,0.050110375,260545,0,105.000000,7353.000000
compile/conversion,0,6,13088,0.050066708,261411,0,105.000000,7353.000000
compile/composition,0,0,35072,0.050009667,701304,0,36.000000,2825.000000
compile/composition,0,1,34784,0.050020792,695391,0,36.000000,2825.000000
compile/composition,0,2,34624,0.050021167,692187,0,36.000000,2825.000000
compile/composition,0,3,35072,0.050020209,701157,0,36.000000,2825.000000
compile/composition,0,4,35200,0.050018750,703736,0,36.000000,2825.000000
compile/composition,0,5,35168,0.050012959,703178,0,36.000000,2825.000000
compile/composition,0,6,35008,0.050017791,699911,0,36.000000,2825.000000
conversion/string_identity,100,0,383328,0.050003166,7666075,766607458,0.000000,0.000000
conversion/string_identity,100,1,386592,0.050004042,7731215,773121501,0.000000,0.000000
conversion/string_identity,100,2,388608,0.050004125,7771519,777151885,0.000000,0.000000
conversion/string_identity,100,3,385440,0.050000958,7708652,770865230,0.000000,0.000000
conversion/string_identity,100,4,380928,0.050003333,7618052,761805218,0.000000,0.000000
conversion/string_identity,100,5,383168,0.050001125,7663188,766318758,0.000000,0.000000
conversion/string_identity,100,6,386048,0.050001959,7720658,772065750,0.000000,0.000000
conversion/number_text,100,0,326528,0.050000750,6530462,653046204,0.000000,0.000000
conversion/number_text,100,1,329856,0.050000708,6597027,659702659,0.000000,0.000000
conversion/number_text,100,2,319808,0.050000750,6396064,639606406,0.000000,0.000000
conversion/number_text,100,3,323584,0.050000916,6471561,647156144,0.000000,0.000000
conversion/number_text,100,4,324896,0.050003125,6497514,649751391,0.000000,0.000000
conversion/number_text,100,5,319648,0.050002334,6392662,639266159,0.000000,0.000000
conversion/number_text,100,6,325792,0.050002292,6515541,651554133,0.000000,0.000000
conversion/number_value,100,0,328416,0.050003750,6567827,656782741,0.000000,0.000000
conversion/number_value,100,1,335456,0.050000708,6709025,670902500,0.000000,0.000000
conversion/number_value,100,2,338304,0.050003209,6765646,676564578,0.000000,0.000000
conversion/number_value,100,3,338048,0.050001250,6760791,676079098,0.000000,0.000000
conversion/number_value,100,4,338752,0.050004209,6774470,677446973,0.000000,0.000000
conversion/number_value,100,5,338656,0.050000750,6773018,677301840,0.000000,0.000000
conversion/number_value,100,6,331904,0.050000917,6637958,663795826,0.000000,0.000000
conversion/string_number,100,0,119264,0.050006833,2384954,238495407,8.000000,108.000000
conversion/string_number,100,1,120032,0.050007125,2400298,240029796,8.000000,108.000000
conversion/string_number,100,2,120096,0.050008625,2401506,240150574,8.000000,108.000000
conversion/string_number,100,3,119232,0.050001667,2384560,238456050,8.000000,108.000000
conversion/string_number,100,4,119232,0.050013167,2384012,238401219,8.000000,108.000000
conversion/string_number,100,5,120000,0.050002750,2399868,239986801,8.000000,108.000000
conversion/string_number,100,6,120224,0.050002834,2404344,240434372,8.000000,108.000000
conversion/string_object,100,0,96160,0.050001834,1923129,192312946,12.000000,423.000000
conversion/string_object,100,1,97632,0.050004958,1952446,195244640,12.000000,423.000000
conversion/string_object,100,2,98016,0.050012750,1959820,195982025,12.000000,423.000000
conversion/string_object,100,3,98144,0.050001458,1962823,196282276,12.000000,423.000000
conversion/string_object,100,4,98400,0.050013250,1967479,196747862,12.000000,423.000000
conversion/string_object,100,5,98400,0.050010167,1967600,196759991,12.000000,423.000000
conversion/string_object,100,6,96992,0.050000875,1939806,193980605,12.000000,423.000000
conversion/string_pretty,100,0,72864,0.050012209,1456924,145692425,12.000000,453.000000
conversion/string_pretty,100,1,72672,0.050015083,1453002,145300169,12.000000,453.000000
conversion/string_pretty,100,2,72352,0.050017750,1446526,144652648,12.000000,453.000000
conversion/string_pretty,100,3,72864,0.050007042,1457075,145707479,12.000000,453.000000
conversion/string_pretty,100,4,72896,0.050015125,1457479,145747911,12.000000,453.000000
conversion/string_pretty,100,5,73184,0.050014250,1463263,146326297,12.000000,453.000000
conversion/string_pretty,100,6,72960,0.050020500,1458602,145860197,12.000000,453.000000
conversion/concat,100,0,60928,0.050003375,1218478,121847775,14.000000,254.000000
conversion/concat,100,1,61440,0.050013250,1228474,122847445,14.000000,254.000000
conversion/concat,100,2,60992,0.050014375,1219489,121948940,14.000000,254.000000
conversion/concat,100,3,61568,0.050020584,1230853,123085328,14.000000,254.000000
conversion/concat,100,4,61472,0.050004375,1229332,122933243,14.000000,254.000000
conversion/concat,100,5,60896,0.050010875,1217655,121765516,14.000000,254.000000
conversion/concat,100,6,61408,0.050003958,1228063,122806279,14.000000,254.000000
conversion/folded,100,0,499264,0.050000792,9985122,998512184,0.000000,0.000000
conversion/folded,100,1,508064,0.050000750,10161128,1016112758,0.000000,0.000000
conversion/folded,100,2,507296,0.050002375,10145438,1014543809,0.000000,0.000000
conversion/folded,100,3,510496,0.050001708,10209571,1020957124,0.000000,0.000000
conversion/folded,100,4,508992,0.050002292,10179373,1017937338,0.000000,0.000000
conversion/folded,100,5,509280,0.050000750,10185447,1018544722,0.000000,0.000000
conversion/folded,100,6,508096,0.050001583,10161598,1016159828,0.000000,0.000000
conversion/constructor,100,0,48320,0.050030500,965811,96581086,13.000000,564.000000
conversion/constructor,100,1,48512,0.050016792,969914,96991426,13.000000,564.000000
conversion/constructor,100,2,48832,0.050005000,976542,97654235,13.000000,564.000000
conversion/constructor,100,3,48512,0.050009000,970065,97006539,13.000000,564.000000
conversion/constructor,100,4,49024,0.050012083,980243,98024311,13.000000,564.000000
conversion/constructor,100,5,48864,0.050003416,977213,97721324,13.000000,564.000000
conversion/constructor,100,6,48928,0.050014041,978285,97828528,13.000000,564.000000
conversion/chain_direct,100,0,84256,0.050000583,1685100,168510035,12.000000,214.000000
conversion/chain_direct,100,1,84512,0.050015916,1689702,168970213,12.000000,214.000000
conversion/chain_direct,100,2,84288,0.050002125,1685688,168568836,12.000000,214.000000
conversion/chain_direct,100,3,84480,0.050000750,1689575,168957466,12.000000,214.000000
conversion/chain_direct,100,4,84224,0.050003667,1684356,168435647,12.000000,214.000000
conversion/chain_direct,100,5,83744,0.050007500,1674629,167462881,12.000000,214.000000
conversion/chain_direct,100,6,84064,0.050019000,1680641,168064136,12.000000,214.000000
conversion/chain_values,100,0,51264,0.050007709,1025122,102512195,27.000000,1120.000000
conversion/chain_values,100,1,50976,0.050005875,1019400,101940022,27.000000,1120.000000
conversion/chain_values,100,2,51872,0.050013542,1037159,103715910,27.000000,1120.000000
conversion/chain_values,100,3,52160,0.050010958,1042971,104297142,27.000000,1120.000000
conversion/chain_values,100,4,52000,0.050006459,1039866,103986567,27.000000,1120.000000
conversion/chain_values,100,5,52096,0.050007250,1041769,104176894,27.000000,1120.000000
conversion/chain_values,100,6,52192,0.050020750,1043407,104340699,27.000000,1120.000000
conversion/partial,100,0,53632,0.050011167,1072400,107240049,24.000000,1150.000000
conversion/partial,100,1,53856,0.050028625,1076504,107650370,24.000000,1150.000000
conversion/partial,100,2,53536,0.050002833,1070659,107065934,24.000000,1150.000000
conversion/partial,100,3,52928,0.050019292,1058152,105815172,24.000000,1150.000000
conversion/partial,100,4,53248,0.050008500,1064779,106477899,24.000000,1150.000000
conversion/partial,100,5,53632,0.050026583,1072070,107207002,24.000000,1150.000000
conversion/partial,100,6,53728,0.050004375,1074466,107446598,24.000000,1150.000000
conversion/partial_reused,100,0,36576,0.050000459,731513,73151328,31.000000,2132.000000
conversion/partial_reused,100,1,36768,0.050038334,734797,73479665,31.000000,2132.000000
conversion/partial_reused,100,2,37056,0.050000667,741110,74111011,31.000000,2132.000000
conversion/partial_reused,100,3,37312,0.050026459,745845,74584531,31.000000,2132.000000
conversion/partial_reused,100,4,37248,0.050012417,744775,74477504,31.000000,2132.000000
conversion/partial_reused,100,5,37280,0.050024416,745236,74523609,31.000000,2132.000000
conversion/partial_reused,100,6,36928,0.050034917,738045,73804459,31.000000,2132.000000
conversion/sum_direct,100,0,188224,0.050004500,3764141,376414123,0.000000,0.000000
conversion/sum_direct,100,1,190976,0.050001208,3819428,381942772,0.000000,0.000000
conversion/sum_direct,100,2,188352,0.050006250,3766569,376656918,0.000000,0.000000
conversion/sum_direct,100,3,191328,0.050001375,3826455,382645477,0.000000,0.000000
conversion/sum_direct,100,4,190880,0.050003333,3817346,381734554,0.000000,0.000000
conversion/sum_direct,100,5,191424,0.050005125,3828088,382808762,0.000000,0.000000
conversion/sum_direct,100,6,191200,0.050006625,3823493,382349339,0.000000,0.000000
conversion/sum_chain,100,0,191616,0.050005083,3831930,383193045,0.000000,0.000000
conversion/sum_chain,100,1,191712,0.050006541,3833738,383373847,0.000000,0.000000
conversion/sum_chain,100,2,188576,0.050003250,3771275,377127487,0.000000,0.000000
conversion/sum_chain,100,3,189472,0.050007208,3788894,378889379,0.000000,0.000000
conversion/sum_chain,100,4,189280,0.050005834,3785158,378515835,0.000000,0.000000
conversion/sum_chain,100,5,191808,0.050002250,3835987,383598738,0.000000,0.000000
conversion/sum_chain,100,6,189888,0.050002209,3797592,379759222,0.000000,0.000000
conversion/sum_function,100,0,151072,0.050009500,3020866,302086604,4.000000,232.000000
conversion/sum_function,100,1,150432,0.050006958,3008221,300822138,4.000000,232.000000
conversion/sum_function,100,2,150720,0.050006208,3014026,301402578,4.000000,232.000000
conversion/sum_function,100,3,150912,0.050006542,3017845,301784515,4.000000,232.000000
conversion/sum_function,100,4,151616,0.050008958,3031777,303177683,4.000000,232.000000
conversion/sum_function,100,5,151680,0.050006667,3033196,303319555,4.000000,232.000000
conversion/sum_function,100,6,149280,0.050006208,2985229,298522935,4.000000,232.000000
conversion/sum_partial,100,0,128576,0.050007667,2571126,257112574,6.000000,320.000000
conversion/sum_partial,100,1,128864,0.050008333,2576851,257685054,6.000000,320.000000
conversion/sum_partial,100,2,129952,0.050006375,2598709,259870866,6.000000,320.000000
conversion/sum_partial,100,3,130496,0.050009291,2609435,260943511,6.000000,320.000000
conversion/sum_partial,100,4,129760,0.050009000,2594733,259473295,6.000000,320.000000
conversion/sum_partial,100,5,129664,0.050007583,2592887,259288676,6.000000,320.000000
conversion/sum_partial,100,6,129696,0.050009042,2593451,259345100,6.000000,320.000000
rust/number_text,100,0,396608,0.050003166,7931658,793165777,0.000000,0.000000
rust/number_text,100,1,403744,0.050000833,8074745,807474547,0.000000,0.000000
rust/number_text,100,2,400576,0.050000625,8011420,801141986,0.000000,0.000000
rust/number_text,100,3,396928,0.050001167,7938375,793837472,0.000000,0.000000
rust/number_text,100,4,399008,0.050002000,7979841,797984081,0.000000,0.000000
rust/number_text,100,5,398720,0.050000750,7974280,797428039,0.000000,0.000000
rust/number_text,100,6,399424,0.050001292,7988274,798827358,0.000000,0.000000
conversion/string_identity,500,0,141376,0.050000291,2827504,1413751772,0.000000,0.000000
conversion/string_identity,500,1,141920,0.050006583,2838026,1419013173,0.000000,0.000000
conversion/string_identity,500,2,142464,0.050010541,2848679,1424339721,0.000000,0.000000
conversion/string_identity,500,3,143200,0.050005542,2863683,1431841295,0.000000,0.000000
conversion/string_identity,500,4,144352,0.050000500,2887011,1443505565,0.000000,0.000000
conversion/string_identity,500,5,144832,0.050005667,2896312,1448155866,0.000000,0.000000
conversion/string_identity,500,6,144960,0.050008292,2898719,1449359638,0.000000,0.000000
conversion/number_text,500,0,134816,0.050007667,2695907,1347953305,0.000000,0.000000
conversion/number_text,500,1,135680,0.050010833,2713012,1356506099,0.000000,0.000000
conversion/number_text,500,2,134528,0.050004583,2690313,1345156703,0.000000,0.000000
conversion/number_text,500,3,134816,0.050008625,2695855,1347927483,0.000000,0.000000
conversion/number_text,500,4,134880,0.050002541,2697463,1348731457,0.000000,0.000000
conversion/number_text,500,5,134560,0.050011417,2690586,1345292816,0.000000,0.000000
conversion/number_text,500,6,135616,0.050011542,2711694,1355847016,0.000000,0.000000
conversion/number_value,500,0,136384,0.050008500,2727216,1363608187,0.000000,0.000000
conversion/number_value,500,1,136256,0.050006333,2724775,1362387440,0.000000,0.000000
conversion/number_value,500,2,137088,0.050005875,2741438,1370718941,0.000000,0.000000
conversion/number_value,500,3,137600,0.050011250,2751381,1375690470,0.000000,0.000000
conversion/number_value,500,4,137664,0.050005375,2752984,1376492027,0.000000,0.000000
conversion/number_value,500,5,137440,0.050006250,2748456,1374228221,0.000000,0.000000
conversion/number_value,500,6,138752,0.050007458,2774626,1387313068,0.000000,0.000000
conversion/string_number,500,0,79232,0.050012417,1584247,792123284,8.000000,108.000000
conversion/string_number,500,1,79744,0.050018291,1594297,797148387,8.000000,108.000000
conversion/string_number,500,2,79808,0.050015333,1595671,797835336,8.000000,108.000000
conversion/string_number,500,3,79712,0.050006458,1594034,797017057,8.000000,108.000000
conversion/string_number,500,4,78976,0.050013750,1579086,789542876,8.000000,108.000000
conversion/string_number,500,5,79488,0.050000792,1589735,794867409,8.000000,108.000000
conversion/string_number,500,6,78464,0.050006667,1569071,784535390,8.000000,108.000000
conversion/string_object,500,0,68160,0.050018458,1362697,681348473,12.000000,423.000000
conversion/string_object,500,1,67968,0.050008000,1359143,679571269,12.000000,423.000000
conversion/string_object,500,2,68256,0.050002000,1365065,682532699,12.000000,423.000000
conversion/string_object,500,3,68608,0.050021250,1371577,685788540,12.000000,423.000000
conversion/string_object,500,4,68768,0.050019250,1374831,687415345,12.000000,423.000000
conversion/string_object,500,5,68960,0.050019042,1378675,689337473,12.000000,423.000000
conversion/string_object,500,6,69152,0.050022291,1382424,691211844,12.000000,423.000000
conversion/string_pretty,500,0,44608,0.050009875,891984,445991917,12.000000,453.000000
conversion/string_pretty,500,1,44768,0.050006458,895244,447622185,12.000000,453.000000
conversion/string_pretty,500,2,44800,0.050014042,895748,447874219,12.000000,453.000000
conversion/string_pretty,500,3,44960,0.050017625,898883,449441572,12.000000,453.000000
conversion/string_pretty,500,4,45024,0.050023917,900049,450024735,12.000000,453.000000
conversion/string_pretty,500,5,44672,0.050006917,893316,446658209,12.000000,453.000000
conversion/string_pretty,500,6,44608,0.050000541,892150,446075173,12.000000,453.000000
conversion/concat,500,0,34624,0.050015208,692269,346134720,14.000000,254.000000
conversion/concat,500,1,34528,0.050016500,690332,345166095,14.000000,254.000000
conversion/concat,500,2,34624,0.050030833,692053,346026619,14.000000,254.000000
conversion/concat,500,3,34656,0.050008500,693002,346501095,14.000000,254.000000
conversion/concat,500,4,34080,0.050041708,681032,340515955,14.000000,254.000000
conversion/concat,500,5,34208,0.050032333,683718,341858934,14.000000,254.000000
conversion/concat,500,6,34304,0.050038792,685548,342774062,14.000000,254.000000
conversion/folded,500,0,156832,0.050002125,3136507,1568253349,0.000000,0.000000
conversion/folded,500,1,157792,0.050009875,3155217,1577608422,0.000000,0.000000
conversion/folded,500,2,158240,0.050008625,3164254,1582127083,0.000000,0.000000
conversion/folded,500,3,158208,0.050005375,3163820,1581909945,0.000000,0.000000
conversion/folded,500,4,157920,0.050009000,3157832,1578915795,0.000000,0.000000
conversion/folded,500,5,157984,0.050003958,3159430,1579714950,0.000000,0.000000
conversion/folded,500,6,157728,0.050004250,3154292,1577145943,0.000000,0.000000
conversion/constructor,500,0,26688,0.050033208,533406,266702867,13.000000,564.000000
conversion/constructor,500,1,26656,0.050023125,532874,266436773,13.000000,564.000000
conversion/constructor,500,2,26720,0.050003167,534366,267183077,13.000000,564.000000
conversion/constructor,500,3,26656,0.050019084,532917,266458298,13.000000,564.000000
conversion/constructor,500,4,26720,0.050040792,533964,266982185,13.000000,564.000000
conversion/constructor,500,5,26624,0.050055292,531892,265945906,13.000000,564.000000
conversion/constructor,500,6,26752,0.050046958,534538,267268992,13.000000,564.000000
conversion/chain_direct,500,0,49152,0.050007042,982902,491450784,12.000000,214.000000
conversion/chain_direct,500,1,49312,0.050028458,985679,492839495,12.000000,214.000000
conversion/chain_direct,500,2,49248,0.050031625,984337,492168703,12.000000,214.000000
conversion/chain_direct,500,3,49184,0.050014916,983387,491693318,12.000000,214.000000
conversion/chain_direct,500,4,49280,0.050027250,985063,492531570,12.000000,214.000000
conversion/chain_direct,500,5,48960,0.050022875,978752,489376110,12.000000,214.000000
conversion/chain_direct,500,6,48832,0.050032334,976009,488004417,12.000000,214.000000
conversion/chain_values,500,0,35616,0.050006875,712222,356111035,27.000000,1120.000000
conversion/chain_values,500,1,35456,0.050006875,709023,354511255,27.000000,1120.000000
conversion/chain_values,500,2,35840,0.050025458,716435,358217610,27.000000,1120.000000
conversion/chain_values,500,3,35904,0.050028583,717670,358834868,27.000000,1120.000000
conversion/chain_values,500,4,35808,0.050011209,715999,357999744,27.000000,1120.000000
conversion/chain_values,500,5,35808,0.050043916,715532,357765767,27.000000,1120.000000
conversion/chain_values,500,6,35584,0.050038875,711127,355563549,27.000000,1120.000000
conversion/partial,500,0,36416,0.050028416,727906,363953158,24.000000,1150.000000
conversion/partial,500,1,36544,0.050004250,730818,365408940,24.000000,1150.000000
conversion/partial,500,2,36576,0.050011541,731351,365675595,24.000000,1150.000000
conversion/partial,500,3,36512,0.050011334,730075,365037253,24.000000,1150.000000
conversion/partial,500,4,36416,0.050013500,728123,364061703,24.000000,1150.000000
conversion/partial,500,5,36224,0.050025292,724114,362056857,24.000000,1150.000000
conversion/partial,500,6,36640,0.050038333,732239,366119311,24.000000,1150.000000
conversion/partial_reused,500,0,24864,0.050035417,496928,248464003,31.000000,2132.000000
conversion/partial_reused,500,1,24768,0.050003625,495324,247662045,31.000000,2132.000000
conversion/partial_reused,500,2,24832,0.050028125,496361,248180399,31.000000,2132.000000
conversion/partial_reused,500,3,24800,0.050054750,495457,247728737,31.000000,2132.000000
conversion/partial_reused,500,4,25024,0.050043958,500040,250020192,31.000000,2132.000000
conversion/partial_reused,500,5,25024,0.050063459,499846,249922803,31.000000,2132.000000
conversion/partial_reused,500,6,24992,0.050045625,499384,249692156,31.000000,2132.000000
conversion/sum_direct,500,0,72416,0.050006042,1448145,724072503,0.000000,0.000000
conversion/sum_direct,500,1,72480,0.050006875,1449401,724700354,0.000000,0.000000
conversion/sum_direct,500,2,72256,0.050015208,1444681,722340293,0.000000,0.000000
conversion/sum_direct,500,3,72480,0.050020417,1449008,724504156,0.000000,0.000000
conversion/sum_direct,500,4,72544,0.050002875,1450797,725398290,0.000000,0.000000
conversion/sum_direct,500,5,72512,0.050003750,1450131,725065620,0.000000,0.000000
conversion/sum_direct,500,6,72640,0.050016167,1452330,726165202,0.000000,0.000000
conversion/sum_chain,500,0,72320,0.050000042,1446399,723199393,0.000000,0.000000
conversion/sum_chain,500,1,72480,0.050019708,1449029,724514425,0.000000,0.000000
conversion/sum_chain,500,2,72544,0.050013167,1450498,725249013,0.000000,0.000000
conversion/sum_chain,500,3,72576,0.050006250,1451339,725669291,0.000000,0.000000
conversion/sum_chain,500,4,72448,0.050006709,1448766,724382802,0.000000,0.000000
conversion/sum_chain,500,5,72768,0.050019167,1454802,727401158,0.000000,0.000000
conversion/sum_chain,500,6,72096,0.050021541,1441299,720649530,0.000000,0.000000
conversion/sum_function,500,0,65536,0.050021000,1310170,655084864,4.000000,232.000000
conversion/sum_function,500,1,65920,0.050003375,1318311,659155507,4.000000,232.000000
conversion/sum_function,500,2,65856,0.050008542,1316895,658447511,4.000000,232.000000
conversion/sum_function,500,3,65920,0.050000042,1318399,659199446,4.000000,232.000000
conversion/sum_function,500,4,66080,0.050019167,1321094,660546786,4.000000,232.000000
conversion/sum_function,500,5,66048,0.050020416,1320421,660210423,4.000000,232.000000
conversion/sum_function,500,6,66112,0.050003750,1322141,661070420,4.000000,232.000000
conversion/sum_partial,500,0,61984,0.050020375,1239175,619587518,6.000000,320.000000
conversion/sum_partial,500,1,61664,0.050018417,1232826,616412950,6.000000,320.000000
conversion/sum_partial,500,2,61696,0.050009583,1233684,616841776,6.000000,320.000000
conversion/sum_partial,500,3,61408,0.050005917,1228015,614007338,6.000000,320.000000
conversion/sum_partial,500,4,61568,0.050020208,1230863,615431267,6.000000,320.000000
conversion/sum_partial,500,5,61344,0.050012416,1226575,613287708,6.000000,320.000000
conversion/sum_partial,500,6,61504,0.050002958,1230007,615003616,6.000000,320.000000
rust/number_text,500,0,145440,0.050005375,2908487,1454243669,0.000000,0.000000
rust/number_text,500,1,147072,0.050006417,2941063,1470531272,0.000000,0.000000
rust/number_text,500,2,147392,0.050008209,2947356,1473678052,0.000000,0.000000
rust/number_text,500,3,148448,0.050004875,2968671,1484335277,0.000000,0.000000
rust/number_text,500,4,147840,0.050006291,2956428,1478214011,0.000000,0.000000
rust/number_text,500,5,146528,0.050010625,2929937,1464968694,0.000000,0.000000
rust/number_text,500,6,145728,0.050001417,2914477,1457238702,0.000000,0.000000
conversion/string_identity,1024,0,80384,0.050003000,1607584,1646165550,0.000000,0.000000
conversion/string_identity,1024,1,80608,0.050006375,1611954,1650641383,0.000000,0.000000
conversion/string_identity,1024,2,81024,0.050016792,1619936,1658814424,0.000000,0.000000
conversion/string_identity,1024,3,80672,0.050014916,1612959,1651669834,0.000000,0.000000
conversion/string_identity,1024,4,81024,0.050002500,1620399,1659288556,0.000000,0.000000
conversion/string_identity,1024,5,80992,0.050006000,1619646,1658517138,0.000000,0.000000
conversion/string_identity,1024,6,81024,0.050002667,1620394,1659283014,0.000000,0.000000
conversion/number_text,1024,0,77952,0.050013833,1558609,1596015406,0.000000,0.000000
conversion/number_text,1024,1,78080,0.050004792,1561450,1598925159,0.000000,0.000000
conversion/number_text,1024,2,78144,0.050011541,1562519,1600019803,0.000000,0.000000
conversion/number_text,1024,3,77952,0.050008083,1558788,1596198918,0.000000,0.000000
conversion/number_text,1024,4,77856,0.050002041,1557056,1594425796,0.000000,0.000000
conversion/number_text,1024,5,78016,0.050003916,1560198,1597642553,0.000000,0.000000
conversion/number_text,1024,6,78016,0.050001250,1560281,1597727737,0.000000,0.000000
conversion/number_value,1024,0,78176,0.050003375,1563414,1600936417,0.000000,0.000000
conversion/number_value,1024,1,78368,0.050017209,1566821,1604424429,0.000000,0.000000
conversion/number_value,1024,2,78624,0.050005583,1572304,1610039743,0.000000,0.000000
conversion/number_value,1024,3,78688,0.050001792,1573704,1611472485,0.000000,0.000000
conversion/number_value,1024,4,78720,0.050001709,1574346,1612130497,0.000000,0.000000
conversion/number_value,1024,5,78560,0.050003125,1571102,1608808249,0.000000,0.000000
conversion/number_value,1024,6,78528,0.050008958,1570279,1607965357,0.000000,0.000000
conversion/string_number,1024,0,55168,0.050017875,1102966,1129436866,8.000000,108.000000
conversion/string_number,1024,1,55392,0.050026917,1107244,1133817781,8.000000,108.000000
conversion/string_number,1024,2,55584,0.050019542,1111246,1137915577,8.000000,108.000000
conversion/string_number,1024,3,55648,0.050022375,1112462,1139161265,8.000000,108.000000
conversion/string_number,1024,4,55552,0.050012250,1110768,1137426291,8.000000,108.000000
conversion/string_number,1024,5,55520,0.050007541,1110233,1136878136,8.000000,108.000000
conversion/string_number,1024,6,55584,0.050025167,1111121,1137787626,8.000000,108.000000
conversion/string_object,1024,0,50048,0.050009209,1000776,1024794293,12.000000,423.000000
conversion/string_object,1024,1,49856,0.050021750,996686,1020606916,12.000000,423.000000
conversion/string_object,1024,2,50144,0.050019250,1002494,1026553897,12.000000,423.000000
conversion/string_object,1024,3,49856,0.050013500,996851,1020775271,12.000000,423.000000
conversion/string_object,1024,4,50272,0.050026375,1004910,1029027748,12.000000,423.000000
conversion/string_object,1024,5,50368,0.050030208,1006752,1030913803,12.000000,423.000000
conversion/string_object,1024,6,50208,0.050014750,1003864,1027956593,12.000000,423.000000
conversion/string_pretty,1024,0,30528,0.050022625,610284,624930659,12.000000,453.000000
conversion/string_pretty,1024,1,30528,0.050041500,610054,624694943,12.000000,453.000000
conversion/string_pretty,1024,2,30560,0.050014125,611027,625692042,12.000000,453.000000
conversion/string_pretty,1024,3,30368,0.050003709,607315,621890508,12.000000,453.000000
conversion/string_pretty,1024,4,30336,0.050049708,606117,620664240,12.000000,453.000000
conversion/string_pretty,1024,5,30176,0.050014666,603343,617823260,12.000000,453.000000
conversion/string_pretty,1024,6,30304,0.050014500,605904,620445991,12.000000,453.000000
conversion/concat,1024,0,22272,0.050046750,445024,455704476,14.000000,254.000000
conversion/concat,1024,1,22272,0.050070167,444816,455491351,14.000000,254.000000
conversion/concat,1024,2,22240,0.050011167,444701,455373497,14.000000,254.000000
conversion/concat,1024,3,22240,0.050032458,444511,455179716,14.000000,254.000000
conversion/concat,1024,4,22272,0.050068833,444828,455503487,14.000000,254.000000
conversion/concat,1024,5,22336,0.050026750,446481,457196680,14.000000,254.000000
conversion/concat,1024,6,22240,0.050067166,444203,454864172,14.000000,254.000000
conversion/folded,1024,0,84736,0.050011208,1694340,1735004361,0.000000,0.000000
conversion/folded,1024,1,84928,0.050000291,1698550,1739315317,0.000000,0.000000
conversion/folded,1024,2,84736,0.050005291,1694541,1735209660,0.000000,0.000000
conversion/folded,1024,3,85184,0.050010084,1703336,1744216546,0.000000,0.000000
conversion/folded,1024,4,84640,0.050009750,1692470,1733089248,0.000000,0.000000
conversion/folded,1024,5,84928,0.050013792,1698092,1738845797,0.000000,0.000000
conversion/folded,1024,6,85120,0.050003625,1702277,1743131223,0.000000,0.000000
conversion/constructor,1024,0,17088,0.050076583,341237,349427037,13.000000,564.000000
conversion/constructor,1024,1,17120,0.050092084,341771,349973062,13.000000,564.000000
conversion/constructor,1024,2,17088,0.050039584,341490,349685401,13.000000,564.000000
conversion/constructor,1024,3,17120,0.050080542,341849,350053719,13.000000,564.000000
conversion/constructor,1024,4,17056,0.050034416,340885,349066610,13.000000,564.000000
conversion/constructor,1024,5,16992,0.050059834,339434,347580218,13.000000,564.000000
conversion/constructor,1024,6,17024,0.050028291,340287,348454358,13.000000,564.000000
conversion/chain_direct,1024,0,32096,0.050010083,641791,657193550,12.000000,214.000000
conversion/chain_direct,1024,1,32096,0.050035750,641461,656856428,12.000000,214.000000
conversion/chain_direct,1024,2,32256,0.050046000,644527,659995684,12.000000,214.000000
conversion/chain_direct,1024,3,32288,0.050039917,645245,660730752,12.000000,214.000000
conversion/chain_direct,1024,4,32288,0.050009375,645639,661134277,12.000000,214.000000
conversion/chain_direct,1024,5,32288,0.050045666,645171,660654851,12.000000,214.000000
conversion/chain_direct,1024,6,32000,0.050024125,639691,655043941,12.000000,214.000000
conversion/chain_values,1024,0,25504,0.050006416,510015,522254904,27.000000,1120.000000
conversion/chain_values,1024,1,25504,0.050007666,510002,522241850,27.000000,1120.000000
conversion/chain_values,1024,2,25984,0.050030292,519365,531830116,27.000000,1120.000000
conversion/chain_values,1024,3,25664,0.050008916,513188,525505012,27.000000,1120.000000
conversion/chain_values,1024,4,25920,0.050001042,518389,530830537,27.000000,1120.000000
conversion/chain_values,1024,5,25920,0.050017417,518219,530656751,27.000000,1120.000000
conversion/chain_values,1024,6,25952,0.050020208,518830,531282237,27.000000,1120.000000
conversion/partial,1024,0,26464,0.050051750,528733,541422348,24.000000,1150.000000
conversion/partial,1024,1,26496,0.050014333,529768,542482572,24.000000,1150.000000
conversion/partial,1024,2,26432,0.050052084,528090,540764057,24.000000,1150.000000
conversion/partial,1024,3,26400,0.050002000,527979,540650374,24.000000,1150.000000
conversion/partial,1024,4,26464,0.050015792,529113,541811594,24.000000,1150.000000
conversion/partial,1024,5,26592,0.050047458,531336,544087734,24.000000,1150.000000
conversion/partial,1024,6,26592,0.050032459,531495,544250843,24.000000,1150.000000
conversion/partial_reused,1024,0,18112,0.050053834,361850,370534813,31.000000,2132.000000
conversion/partial_reused,1024,1,18112,0.050034333,361991,370679229,31.000000,2132.000000
conversion/partial_reused,1024,2,18080,0.050026750,361407,370080407,31.000000,2132.000000
conversion/partial_reused,1024,3,18048,0.050030125,360743,369400476,31.000000,2132.000000
conversion/partial_reused,1024,4,18080,0.050081583,361011,369675216,31.000000,2132.000000
conversion/partial_reused,1024,5,18080,0.050081042,361015,369679209,31.000000,2132.000000
conversion/partial_reused,1024,6,18016,0.050000834,360314,368961526,31.000000,2132.000000
conversion/sum_direct,1024,0,41024,0.050017583,820192,839876169,0.000000,0.000000
conversion/sum_direct,1024,1,40864,0.050027875,816825,836428411,0.000000,0.000000
conversion/sum_direct,1024,2,40896,0.050018917,817611,837233321,0.000000,0.000000
conversion/sum_direct,1024,3,40800,0.050033292,815457,835028005,0.000000,0.000000
conversion/sum_direct,1024,4,40896,0.050001000,817904,837533329,0.000000,0.000000
conversion/sum_direct,1024,5,40960,0.050012542,818995,838650433,0.000000,0.000000
conversion/sum_direct,1024,6,40960,0.050022209,818836,838488360,0.000000,0.000000
conversion/sum_chain,1024,0,40960,0.050016000,818938,838592450,0.000000,0.000000
conversion/sum_chain,1024,1,40928,0.050032917,818021,837653979,0.000000,0.000000
conversion/sum_chain,1024,2,40992,0.050009125,819690,839362976,0.000000,0.000000
conversion/sum_chain,1024,3,40992,0.050003541,819782,839456710,0.000000,0.000000
conversion/sum_chain,1024,4,40960,0.050023042,818823,838474397,0.000000,0.000000
conversion/sum_chain,1024,5,40896,0.050000917,817905,837534720,0.000000,0.000000
conversion/sum_chain,1024,6,40864,0.050018750,816974,836581002,0.000000,0.000000
conversion/sum_function,1024,0,38688,0.050009958,773606,792172471,4.000000,232.000000
conversion/sum_function,1024,1,38752,0.050025875,774639,793230463,4.000000,232.000000
conversion/sum_function,1024,2,38752,0.050035000,774498,793085800,4.000000,232.000000
conversion/sum_function,1024,3,38720,0.050015250,774164,792743813,4.000000,232.000000
conversion/sum_function,1024,4,38560,0.050040041,770583,789076891,4.000000,232.000000
conversion/sum_function,1024,5,37408,0.050010125,748009,765960733,4.000000,232.000000
conversion/sum_function,1024,6,38144,0.050019375,762584,780886526,4.000000,232.000000
conversion/sum_partial,1024,0,36736,0.050038834,734150,751769396,6.000000,320.000000
conversion/sum_partial,1024,1,36480,0.050023917,729251,746753198,6.000000,320.000000
conversion/sum_partial,1024,2,36480,0.050035333,729085,746582820,6.000000,320.000000
conversion/sum_partial,1024,3,36448,0.050016709,728716,746205673,6.000000,320.000000
conversion/sum_partial,1024,4,35072,0.050041625,700857,717677094,6.000000,320.000000
conversion/sum_partial,1024,5,34720,0.050028834,694000,710655779,6.000000,320.000000
conversion/sum_partial,1024,6,34752,0.050016542,694810,711485572,6.000000,320.000000
rust/number_text,1024,0,76352,0.050012167,1526669,1563308544,0.000000,0.000000
rust/number_text,1024,1,76512,0.050010834,1529908,1566626303,0.000000,0.000000
rust/number_text,1024,2,79424,0.050018959,1587878,1625986978,0.000000,0.000000
rust/number_text,1024,3,79808,0.050018209,1595579,1633872816,0.000000,0.000000
rust/number_text,1024,4,79424,0.050011958,1588100,1626214595,0.000000,0.000000
rust/number_text,1024,5,79392,0.050003709,1587722,1625827556,0.000000,0.000000
rust/number_text,1024,6,79616,0.050010500,1591986,1630193339,0.000000,0.000000
conversion/string_identity,10240,0,9088,0.050099791,181398,1857515134,0.000000,0.000000
conversion/string_identity,10240,1,8192,0.050188416,163225,1671423143,0.000000,0.000000
conversion/string_identity,10240,2,5920,0.050216000,117891,1207200892,0.000000,0.000000
conversion/string_identity,10240,3,5984,0.050283292,119006,1218618701,0.000000,0.000000
conversion/string_identity,10240,4,6080,0.050087584,121387,1243006650,0.000000,0.000000
conversion/string_identity,10240,5,6048,0.050062333,120809,1237088172,0.000000,0.000000
conversion/string_identity,10240,6,5984,0.050004958,119668,1225401689,0.000000,0.000000
conversion/number_text,10240,0,6080,0.050095542,121368,1242809190,0.000000,0.000000
conversion/number_text,10240,1,6144,0.050046334,122766,1257126246,0.000000,0.000000
conversion/number_text,10240,2,5984,0.050064791,119525,1223937198,0.000000,0.000000
conversion/number_text,10240,3,6176,0.050219417,122980,1259318482,0.000000,0.000000
conversion/number_text,10240,4,5984,0.050178125,119255,1221172772,0.000000,0.000000
conversion/number_text,10240,5,6112,0.050205833,121739,1246605748,0.000000,0.000000
conversion/number_text,10240,6,6048,0.050109917,120695,1235913442,0.000000,0.000000
conversion/number_value,10240,0,6112,0.050050542,122117,1250473571,0.000000,0.000000
conversion/number_value,10240,1,6112,0.050027083,122174,1251059951,0.000000,0.000000
conversion/number_value,10240,2,6016,0.050098833,120083,1229646208,0.000000,0.000000
conversion/number_value,10240,3,6112,0.050198250,121757,1246794062,0.000000,0.000000
conversion/number_value,10240,4,5984,0.050095250,119452,1223193017,0.000000,0.000000
conversion/number_value,10240,5,6080,0.050013625,121567,1244844780,0.000000,0.000000
conversion/number_value,10240,6,6016,0.050308000,119583,1224533673,0.000000,0.000000
conversion/string_number,10240,0,5792,0.050120042,115563,1183360541,8.000000,108.000000
conversion/string_number,10240,1,5760,0.050038333,115112,1178744304,8.000000,108.000000
conversion/string_number,10240,2,5728,0.050100166,114331,1170749015,8.000000,108.000000
conversion/string_number,10240,3,5216,0.050116459,104078,1065754466,8.000000,108.000000
conversion/string_number,10240,4,5408,0.050844417,106364,1089164224,8.000000,108.000000
conversion/string_number,10240,5,3104,0.050018916,62057,635458793,8.000000,108.000000
conversion/string_number,10240,6,3872,0.054690958,70798,724969564,8.000000,108.000000
conversion/string_object,10240,0,2208,0.050528500,43698,447468656,12.000000,423.000000
conversion/string_object,10240,1,4096,0.050123375,81718,836796006,12.000000,423.000000
conversion/string_object,10240,2,5056,0.050040917,101037,1034622127,12.000000,423.000000
conversion/string_object,10240,3,5184,0.050038958,103599,1060856623,12.000000,423.000000
conversion/string_object,10240,4,5792,0.050157292,115477,1182481702,12.000000,423.000000
conversion/string_object,10240,5,5632,0.050165625,112268,1149625466,12.000000,423.000000
conversion/string_object,10240,6,5696,0.050118667,113650,1163778757,12.000000,423.000000
conversion/string_pretty,10240,0,2912,0.050127625,58092,594859222,12.000000,453.000000
conversion/string_pretty,10240,1,2944,0.050128125,58730,601390138,12.000000,453.000000
conversion/string_pretty,10240,2,2912,0.050010166,58228,596256369,12.000000,453.000000
conversion/string_pretty,10240,3,3040,0.050290083,60449,619000768,12.000000,453.000000
conversion/string_pretty,10240,4,3008,0.050118458,60018,614582356,12.000000,453.000000
conversion/string_pretty,10240,5,2976,0.050541500,58882,602954800,12.000000,453.000000
conversion/string_pretty,10240,6,3008,0.050411042,59669,611015341,12.000000,453.000000
conversion/concat,10240,0,2016,0.050629125,39819,407746332,14.000000,254.000000
conversion/concat,10240,1,1984,0.050100958,39600,405504422,14.000000,254.000000
conversion/concat,10240,2,1920,0.050136417,38296,392146092,14.000000,254.000000
conversion/concat,10240,3,1952,0.050640042,38547,394716892,14.000000,254.000000
conversion/concat,10240,4,2080,0.050540666,41155,421426975,14.000000,254.000000
conversion/concat,10240,5,2048,0.050749208,40355,413238370,14.000000,254.000000
conversion/concat,10240,6,1984,0.050296750,39446,403925900,14.000000,254.000000
conversion/folded,10240,0,5952,0.050203000,118559,1214040595,0.000000,0.000000
conversion/folded,10240,1,5632,0.050283250,112005,1146936206,0.000000,0.000000
conversion/folded,10240,2,6016,0.050134750,119997,1228765278,0.000000,0.000000
conversion/folded,10240,3,4768,0.050128125,95116,973990549,0.000000,0.000000
conversion/folded,10240,4,4384,0.050237958,87265,893590460,0.000000,0.000000
conversion/folded,10240,5,5088,0.050016042,101727,1041688185,0.000000,0.000000
conversion/folded,10240,6,7264,0.050079875,145048,1485294442,0.000000,0.000000
conversion/constructor,10240,0,2176,0.050110416,43424,444662842,13.000000,564.000000
conversion/constructor,10240,1,2176,0.051186959,42511,435310877,13.000000,564.000000
conversion/constructor,10240,2,2112,0.050047333,42200,432128521,13.000000,564.000000
conversion/constructor,10240,3,2208,0.050619500,43620,446664230,13.000000,564.000000
conversion/constructor,10240,4,2208,0.050557459,43673,447212349,13.000000,564.000000
conversion/constructor,10240,5,2304,0.050573834,45557,466505268,13.000000,564.000000
conversion/constructor,10240,6,2240,0.050191541,44629,457001310,13.000000,564.000000
conversion/chain_direct,10240,0,4512,0.050027375,90191,923551955,12.000000,214.000000
conversion/chain_direct,10240,1,3744,0.050317875,74407,761927248,12.000000,214.000000
conversion/chain_direct,10240,2,2880,0.050003125,57596,589787138,12.000000,214.000000
conversion/chain_direct,10240,3,2976,0.050039250,59473,609006730,12.000000,214.000000
conversion/chain_direct,10240,4,2976,0.050008791,59510,609377659,12.000000,214.000000
conversion/chain_direct,10240,5,3040,0.050576250,60107,615498381,12.000000,214.000000
conversion/chain_direct,10240,6,2976,0.050284042,59184,606041973,12.000000,214.000000
conversion/chain_values,10240,0,2784,0.050302334,55345,566736327,27.000000,1120.000000
conversion/chain_values,10240,1,2848,0.050036875,56918,582840555,27.000000,1120.000000
conversion/chain_values,10240,2,2880,0.050453125,57083,584526727,27.000000,1120.000000
conversion/chain_values,10240,3,2912,0.050215583,57990,593817262,27.000000,1120.000000
conversion/chain_values,10240,4,2880,0.050162125,57414,587917677,27.000000,1120.000000
conversion/chain_values,10240,5,2816,0.050107667,56199,575477601,27.000000,1120.000000
conversion/chain_values,10240,6,2848,0.050135583,56806,581693046,27.000000,1120.000000
conversion/partial,10240,0,2880,0.050023959,57572,589541504,24.000000,1150.000000
conversion/partial,10240,1,2816,0.050068875,56243,575923465,24.000000,1150.000000
conversion/partial,10240,2,2912,0.050007750,58231,596285176,24.000000,1150.000000
conversion/partial,10240,3,2880,0.050175833,57398,587757058,24.000000,1150.000000
conversion/partial,10240,4,2912,0.050029875,58205,596021477,24.000000,1150.000000
conversion/partial,10240,5,2912,0.050386084,57794,591807849,24.000000,1150.000000
conversion/partial,10240,6,2912,0.050075875,58152,595473968,24.000000,1150.000000
conversion/partial_reused,10240,0,1920,0.050573959,37964,388753429,31.000000,2132.000000
conversion/partial_reused,10240,1,1952,0.050628917,38555,394803626,31.000000,2132.000000
conversion/partial_reused,10240,2,1952,0.050733916,38475,393986539,31.000000,2132.000000
conversion/partial_reused,10240,3,1696,0.050612875,33509,343134825,31.000000,2132.000000
conversion/partial_reused,10240,4,1856,0.050908583,36458,373324867,31.000000,2132.000000
conversion/partial_reused,10240,5,1504,0.050097500,30021,307419732,31.000000,2132.000000
conversion/partial_reused,10240,6,1952,0.050314459,38796,397271091,31.000000,2132.000000
conversion/sum_direct,10240,0,2304,0.050048375,46035,471403117,0.000000,0.000000
conversion/sum_direct,10240,1,2784,0.050319167,55327,566546740,0.000000,0.000000
conversion/sum_direct,10240,2,1632,0.056022750,29131,298301672,0.000000,0.000000
conversion/sum_direct,10240,3,1600,0.062385750,25647,262624077,0.000000,0.000000
conversion/sum_direct,10240,4,1312,0.053568500,24492,250798137,0.000000,0.000000
conversion/sum_direct,10240,5,896,0.058743958,15253,156186956,0.000000,0.000000
conversion/sum_direct,10240,6,832,0.061072084,13623,139502035,0.000000,0.000000
conversion/sum_chain,10240,0,320,0.083208125,3846,39380770,0.000000,0.000000
conversion/sum_chain,10240,1,896,0.076768875,11671,119515103,0.000000,0.000000
conversion/sum_chain,10240,2,256,0.063393458,4038,41351901,0.000000,0.000000
conversion/sum_chain,10240,3,928,0.051220375,18118,185526170,0.000000,0.000000
conversion/sum_chain,10240,4,1728,0.050490834,34224,350454104,0.000000,0.000000
conversion/sum_chain,10240,5,2464,0.050205709,49078,502559579,0.000000,0.000000
conversion/sum_chain,10240,6,2880,0.050591625,56926,582926522,0.000000,0.000000
conversion/sum_function,10240,0,2496,0.050106583,49814,510093454,4.000000,232.000000
conversion/sum_function,10240,1,2432,0.050194375,48452,496144837,4.000000,232.000000
conversion/sum_function,10240,2,2624,0.050266041,52202,534550951,4.000000,232.000000
conversion/sum_function,10240,3,2560,0.050546375,50647,518620772,4.000000,232.000000
conversion/sum_function,10240,4,2496,0.050508083,49418,506038608,4.000000,232.000000
conversion/sum_function,10240,5,2528,0.050032958,50527,517393355,4.000000,232.000000
conversion/sum_function,10240,6,2048,0.050186458,40808,417872088,4.000000,232.000000
conversion/sum_partial,10240,0,2336,0.050496625,46261,473707698,6.000000,320.000000
conversion/sum_partial,10240,1,2464,0.050122542,49160,503393463,6.000000,320.000000
conversion/sum_partial,10240,2,3424,0.050006875,68471,701138793,6.000000,320.000000
conversion/sum_partial,10240,3,2528,0.050551083,50009,512090315,6.000000,320.000000
conversion/sum_partial,10240,4,2432,0.050370042,48283,494414517,6.000000,320.000000
conversion/sum_partial,10240,5,2592,0.050629042,51196,524246143,6.000000,320.000000
conversion/sum_partial,10240,6,2176,0.050381292,43191,442272104,6.000000,320.000000
rust/number_text,10240,0,4352,0.050038584,86973,890602340,0.000000,0.000000
rust/number_text,10240,1,5408,0.050158792,107818,1104052107,0.000000,0.000000
rust/number_text,10240,2,5472,0.050007500,109424,1120497525,0.000000,0.000000
rust/number_text,10240,3,5440,0.050069583,108649,1112563690,0.000000,0.000000
rust/number_text,10240,4,5568,0.050190417,110938,1136000125,0.000000,0.000000
rust/number_text,10240,5,5376,0.050256584,106971,1095383642,0.000000,0.000000
rust/number_text,10240,6,5184,0.050089167,103495,1059793228,0.000000,0.000000
conversion/string_identity,1048576,0,64,0.081379000,786,824645965,0.000000,0.000000
conversion/string_identity,1048576,1,32,0.052884333,605,634487193,0.000000,0.000000
conversion/string_identity,1048576,2,32,0.051818083,618,647542905,0.000000,0.000000
conversion/string_identity,1048576,3,64,0.068055750,940,986086613,0.000000,0.000000
conversion/string_identity,1048576,4,96,0.064708292,1484,1555647551,0.000000,0.000000
conversion/string_identity,1048576,5,64,0.063706166,1005,1053412381,0.000000,0.000000
conversion/string_identity,1048576,6,32,0.116272833,275,288583594,0.000000,0.000000
conversion/number_text,1048576,0,96,0.060328792,1591,1668578015,0.000000,0.000000
conversion/number_text,1048576,1,96,0.052857042,1816,1904444369,0.000000,0.000000
conversion/number_text,1048576,2,96,0.054212041,1771,1856843870,0.000000,0.000000
conversion/number_text,1048576,3,96,0.059130375,1624,1702395698,0.000000,0.000000
conversion/number_text,1048576,4,96,0.057634958,1666,1746566658,0.000000,0.000000
conversion/number_text,1048576,5,96,0.052217917,1838,1927753955,0.000000,0.000000
conversion/number_text,1048576,6,96,0.052539542,1827,1915953055,0.000000,0.000000
conversion/number_value,1048576,0,96,0.052667542,1823,1911296639,0.000000,0.000000
conversion/number_value,1048576,1,96,0.052542417,1827,1915848218,0.000000,0.000000
conversion/number_value,1048576,2,96,0.052669125,1823,1911239194,0.000000,0.000000
conversion/number_value,1048576,3,96,0.052577375,1826,1914574396,0.000000,0.000000
conversion/number_value,1048576,4,96,0.052613542,1825,1913258301,0.000000,0.000000
conversion/number_value,1048576,5,96,0.051810750,1853,1942903664,0.000000,0.000000
conversion/number_value,1048576,6,96,0.051713750,1856,1946547988,0.000000,0.000000
conversion/string_number,1048576,0,96,0.051813625,1853,1942795857,8.000000,108.000000
conversion/string_number,1048576,1,96,0.051620959,1860,1950046995,8.000000,108.000000
conversion/string_number,1048576,2,96,0.051764833,1855,1944627079,8.000000,108.000000
conversion/string_number,1048576,3,96,0.051612083,1860,1950382355,8.000000,108.000000
conversion/string_number,1048576,4,96,0.051705959,1857,1946841292,8.000000,108.000000
conversion/string_number,1048576,5,96,0.052119083,1842,1931409576,8.000000,108.000000
conversion/string_number,1048576,6,96,0.052688084,1822,1910551464,8.000000,108.000000
conversion/string_object,1048576,0,96,0.052629292,1824,1912685734,12.000000,423.000000
conversion/string_object,1048576,1,96,0.052627167,1824,1912762965,12.000000,423.000000
conversion/string_object,1048576,2,96,0.052673125,1823,1911094054,12.000000,423.000000
conversion/string_object,1048576,3,96,0.052537125,1827,1916041199,12.000000,423.000000
conversion/string_object,1048576,4,96,0.052839917,1817,1905061584,12.000000,423.000000
conversion/string_object,1048576,5,96,0.053493417,1795,1881788482,12.000000,423.000000
conversion/string_object,1048576,6,96,0.053173833,1805,1893098359,12.000000,423.000000
conversion/string_pretty,1048576,0,64,0.068962209,928,973125208,12.000000,453.000000
conversion/string_pretty,1048576,1,64,0.068789583,930,975567245,12.000000,453.000000
conversion/string_pretty,1048576,2,64,0.068712625,931,976659879,12.000000,453.000000
conversion/string_pretty,1048576,3,64,0.068669208,932,977277385,12.000000,453.000000
conversion/string_pretty,1048576,4,64,0.068887459,929,974181150,12.000000,453.000000
conversion/string_pretty,1048576,5,64,0.068751666,931,976105277,12.000000,453.000000
conversion/string_pretty,1048576,6,64,0.068721750,931,976530196,12.000000,453.000000
conversion/concat,1048576,0,32,0.051258041,624,654617916,14.000000,254.000000
conversion/concat,1048576,1,32,0.051188000,625,655513636,14.000000,254.000000
conversion/concat,1048576,2,32,0.051201583,625,655339738,14.000000,254.000000
conversion/concat,1048576,3,32,0.051241916,624,654823914,14.000000,254.000000
conversion/concat,1048576,4,32,0.051298042,624,654107461,14.000000,254.000000
conversion/concat,1048576,5,32,0.051250125,624,654719028,14.000000,254.000000
conversion/concat,1048576,6,32,0.051202125,625,655332801,14.000000,254.000000
conversion/folded,1048576,0,96,0.052376166,1833,1921929452,0.000000,0.000000
conversion/folded,1048576,1,96,0.052331292,1834,1923577503,0.000000,0.000000
conversion/folded,1048576,2,96,0.052369000,1833,1922192442,0.000000,0.000000
conversion/folded,1048576,3,96,0.052370583,1833,1922134340,0.000000,0.000000
conversion/folded,1048576,4,96,0.052322792,1835,1923889994,0.000000,0.000000
conversion/folded,1048576,5,96,0.052348292,1834,1922952825,0.000000,0.000000
conversion/folded,1048576,6,96,0.052322125,1835,1923914520,0.000000,0.000000
conversion/constructor,1048576,0,32,0.068098458,470,492734094,13.000000,564.000000
conversion/constructor,1048576,1,32,0.068150916,470,492354820,13.000000,564.000000
conversion/constructor,1048576,2,32,0.068064042,470,492983241,13.000000,564.000000
conversion/constructor,1048576,3,32,0.068144583,470,492400577,13.000000,564.000000
conversion/constructor,1048576,4,32,0.068115792,470,492608704,13.000000,564.000000
conversion/constructor,1048576,5,32,0.068075000,470,492903885,13.000000,564.000000
conversion/constructor,1048576,6,32,0.068261125,469,491559903,13.000000,564.000000
conversion/chain_direct,1048576,0,64,0.067899750,943,988352152,12.000000,214.000000
conversion/chain_direct,1048576,1,64,0.070575459,907,950881014,12.000000,214.000000
conversion/chain_direct,1048576,2,64,0.070382792,909,953483971,12.000000,214.000000
conversion/chain_direct,1048576,3,64,0.070696292,905,949255783,12.000000,214.000000
conversion/chain_direct,1048576,4,64,0.070331792,910,954175375,12.000000,214.000000
conversion/chain_direct,1048576,5,64,0.070507375,908,951799212,12.000000,214.000000
conversion/chain_direct,1048576,6,64,0.070483208,908,952125562,12.000000,214.000000
conversion/chain_values,1048576,0,64,0.067963791,942,987420846,27.000000,1120.000000
conversion/chain_values,1048576,1,64,0.067865834,943,988846081,27.000000,1120.000000
conversion/chain_values,1048576,2,64,0.067786791,944,989999128,27.000000,1120.000000
conversion/chain_values,1048576,3,64,0.067753791,945,990481315,27.000000,1120.000000
conversion/chain_values,1048576,4,64,0.067807708,944,989693738,27.000000,1120.000000
conversion/chain_values,1048576,5,64,0.067910417,942,988196907,27.000000,1120.000000
conversion/chain_values,1048576,6,64,0.067893125,943,988448595,27.000000,1120.000000
conversion/partial,1048576,0,64,0.067943875,942,987710283,24.000000,1150.000000
conversion/partial,1048576,1,64,0.067883000,943,988596026,24.000000,1150.000000
conversion/partial,1048576,2,64,0.067971041,942,987315525,24.000000,1150.000000
conversion/partial,1048576,3,64,0.067931167,942,987895056,24.000000,1150.000000
conversion/partial,1048576,4,64,0.067906250,942,988257546,24.000000,1150.000000
conversion/partial,1048576,5,64,0.068118042,940,985184865,24.000000,1150.000000
conversion/partial,1048576,6,64,0.067836459,943,989274278,24.000000,1150.000000
conversion/partial_reused,1048576,0,32,0.051805542,618,647699661,31.000000,2132.000000
conversion/partial_reused,1048576,1,32,0.051418250,622,652578258,31.000000,2132.000000
conversion/partial_reused,1048576,2,32,0.051350875,623,653434474,31.000000,2132.000000
conversion/partial_reused,1048576,3,32,0.051418500,622,652575085,31.000000,2132.000000
conversion/partial_reused,1048576,4,32,0.051351333,623,653428646,31.000000,2132.000000
conversion/partial_reused,1048576,5,32,0.053365041,600,628771783,31.000000,2132.000000
conversion/partial_reused,1048576,6,32,0.052555959,609,638451522,31.000000,2132.000000
conversion/sum_direct,1048576,0,64,0.070440541,909,952702280,0.000000,0.000000
conversion/sum_direct,1048576,1,64,0.070590083,907,950684022,0.000000,0.000000
conversion/sum_direct,1048576,2,64,0.070392125,909,953357552,0.000000,0.000000
conversion/sum_direct,1048576,3,64,0.070507625,908,951795838,0.000000,0.000000
conversion/sum_direct,1048576,4,64,0.070382000,909,953494700,0.000000,0.000000
conversion/sum_direct,1048576,5,64,0.070559875,907,951091027,0.000000,0.000000
conversion/sum_direct,1048576,6,64,0.068945708,928,973358110,0.000000,0.000000
conversion/sum_chain,1048576,0,64,0.067678792,946,991578928,0.000000,0.000000
conversion/sum_chain,1048576,1,64,0.067757042,945,990433791,0.000000,0.000000
conversion/sum_chain,1048576,2,64,0.067729667,945,990834105,0.000000,0.000000
conversion/sum_chain,1048576,3,64,0.067838167,943,989249370,0.000000,0.000000
conversion/sum_chain,1048576,4,64,0.068738917,931,976286315,0.000000,0.000000
conversion/sum_chain,1048576,5,64,0.070283625,911,954829293,0.000000,0.000000
conversion/sum_chain,1048576,6,64,0.068767667,931,975878155,0.000000,0.000000
conversion/sum_function,1048576,0,64,0.076403042,838,878353299,4.000000,232.000000
conversion/sum_function,1048576,1,64,0.080952083,791,828994901,4.000000,232.000000
conversion/sum_function,1048576,2,64,0.070529625,907,951498948,4.000000,232.000000
conversion/sum_function,1048576,3,64,0.075647292,846,887128438,4.000000,232.000000
conversion/sum_function,1048576,4,64,0.070357083,910,953832381,4.000000,232.000000
conversion/sum_function,1048576,5,64,0.070618709,906,950298652,4.000000,232.000000
conversion/sum_function,1048576,6,64,0.070518458,908,951649623,4.000000,232.000000
conversion/sum_partial,1048576,0,64,0.070780125,904,948131471,6.000000,320.000000
conversion/sum_partial,1048576,1,64,0.070589917,907,950686257,6.000000,320.000000
conversion/sum_partial,1048576,2,64,0.067745750,945,990598879,6.000000,320.000000
conversion/sum_partial,1048576,3,64,0.067754542,945,990470336,6.000000,320.000000
conversion/sum_partial,1048576,4,64,0.067780042,944,990097705,6.000000,320.000000
conversion/sum_partial,1048576,5,64,0.067857583,943,988966318,6.000000,320.000000
conversion/sum_partial,1048576,6,64,0.067758416,945,990413707,6.000000,320.000000
rust/number_text,1048576,0,96,0.052433083,1831,1919843165,0.000000,0.000000
rust/number_text,1048576,1,96,0.053264416,1802,1889878902,0.000000,0.000000
rust/number_text,1048576,2,96,0.052735958,1820,1908817054,0.000000,0.000000
rust/number_text,1048576,3,96,0.052358208,1834,1922588642,0.000000,0.000000
rust/number_text,1048576,4,96,0.052458959,1830,1918896179,0.000000,0.000000
rust/number_text,1048576,5,96,0.052386917,1833,1921535028,0.000000,0.000000
rust/number_text,1048576,6,96,0.052952084,1813,1901026143,0.000000,0.000000
composition/numeric_pipeline,234,0,14848,0.050043917,296699,69427659,14.000000,1256.000000
composition/numeric_pipeline,234,1,14752,0.050043750,294782,68979003,14.000000,1256.000000
composition/numeric_pipeline,234,2,14976,0.050097125,298939,69951799,14.000000,1256.000000
composition/numeric_pipeline,234,3,14912,0.050099625,297647,69649384,14.000000,1256.000000
composition/numeric_pipeline,234,4,14912,0.050041292,297994,69730574,14.000000,1256.000000
composition/numeric_pipeline,234,5,14912,0.050027875,298074,69749275,14.000000,1256.000000
composition/numeric_pipeline,234,6,15072,0.050106792,300798,70386625,14.000000,1256.000000
composition/labels,234,0,9184,0.050113208,183265,42884024,44.000000,2225.000000
composition/labels,234,1,9184,0.050065417,183440,42924960,44.000000,2225.000000
composition/labels,234,2,9184,0.050062834,183449,42927174,44.000000,2225.000000
composition/labels,234,3,9216,0.050027667,184218,43107027,44.000000,2225.000000
composition/labels,234,4,9184,0.050034000,183555,42951913,44.000000,2225.000000
composition/labels,234,5,9568,0.050090542,191014,44697300,44.000000,2225.000000
composition/labels,234,6,9664,0.050011375,193236,45217233,44.000000,2225.000000
composition/grouping,234,0,13920,0.050047791,278134,65083392,38.000000,1328.000000
composition/grouping,234,1,13856,0.050034417,276929,64801475,38.000000,1328.000000
composition/grouping,234,2,13824,0.050076958,276055,64596895,38.000000,1328.000000
composition/grouping,234,3,13920,0.050090250,277898,65028224,38.000000,1328.000000
composition/grouping,234,4,13952,0.050109458,278430,65152730,38.000000,1328.000000
composition/grouping,234,5,13664,0.050048833,273013,63885126,38.000000,1328.000000
composition/grouping,234,6,13504,0.050088459,269603,63087108,38.000000,1328.000000
composition/static_lookup,234,0,13536,0.050017458,270626,63326369,45.000000,2000.000000
composition/static_lookup,234,1,13472,0.050083750,268989,62943530,45.000000,2000.000000
composition/static_lookup,234,2,13824,0.050108125,275883,64556716,45.000000,2000.000000
composition/static_lookup,234,3,13856,0.050052917,276827,64777523,45.000000,2000.000000
composition/static_lookup,234,4,13760,0.050015042,275117,64377433,45.000000,2000.000000
composition/static_lookup,234,5,13568,0.050031334,271190,63458472,45.000000,2000.000000
composition/static_lookup,234,6,13280,0.050100250,265069,62026038,45.000000,2000.000000
composition/direct_fold,74,0,81056,0.050003458,1621008,119954584,0.000000,0.000000
composition/direct_fold,74,1,81504,0.050001000,1630047,120623508,0.000000,0.000000
composition/direct_fold,74,2,83008,0.050015959,1659630,122812641,0.000000,0.000000
composition/direct_fold,74,3,81952,0.050012083,1638644,121259656,0.000000,0.000000
composition/direct_fold,74,4,81760,0.050004041,1635068,120995021,0.000000,0.000000
composition/direct_fold,74,5,81856,0.050003792,1636996,121137693,0.000000,0.000000
composition/direct_fold,74,6,82784,0.050006084,1655479,122505414,0.000000,0.000000
composition/chained_fold,74,0,81600,0.050002709,1631912,120761457,0.000000,0.000000
composition/chained_fold,74,1,82080,0.050014167,1641135,121443990,0.000000,0.000000
composition/chained_fold,74,2,81728,0.050021584,1633855,120905248,0.000000,0.000000
composition/chained_fold,74,3,82880,0.050012625,1657182,122631436,0.000000,0.000000
composition/chained_fold,74,4,85312,0.050005000,1706069,126249135,0.000000,0.000000
composition/chained_fold,74,5,85408,0.050011792,1707757,126374036,0.000000,0.000000
composition/chained_fold,74,6,85472,0.050009167,1709127,126475372,0.000000,0.000000
composition/numeric_pipeline,3886,0,1120,0.050737833,22074,85780565,82.000000,12776.000000
composition/numeric_pipeline,3886,1,1120,0.050323250,22256,86487260,82.000000,12776.000000
composition/numeric_pipeline,3886,2,1120,0.050189000,22316,86718604,82.000000,12776.000000
composition/numeric_pipeline,3886,3,1120,0.050147042,22334,86791161,82.000000,12776.000000
composition/numeric_pipeline,3886,4,1120,0.050907500,22001,85494672,82.000000,12776.000000
composition/numeric_pipeline,3886,5,1120,0.051437584,21774,84613616,82.000000,12776.000000
composition/numeric_pipeline,3886,6,1088,0.051108708,21288,82725003,82.000000,12776.000000
composition/labels,3886,0,480,0.050121750,9577,37214982,416.000000,28837.000000
composition/labels,3886,1,512,0.053061917,9649,37496421,416.000000,28837.000000
composition/labels,3886,2,512,0.053177125,9628,37415186,416.000000,28837.000000
composition/labels,3886,3,512,0.053262667,9613,37355095,416.000000,28837.000000
composition/labels,3886,4,512,0.053227083,9619,37380068,416.000000,28837.000000
composition/labels,3886,5,480,0.050088167,9583,37239933,416.000000,28837.000000
composition/labels,3886,6,512,0.052949042,9670,37576355,416.000000,28837.000000
composition/grouping,3886,0,1024,0.051386500,19927,77437926,466.000000,14648.000000
composition/grouping,3886,1,1024,0.051433500,19909,77367163,466.000000,14648.000000
composition/grouping,3886,2,1024,0.051205083,19998,77712285,466.000000,14648.000000
composition/grouping,3886,3,1024,0.051172791,20011,77761324,466.000000,14648.000000
composition/grouping,3886,4,1024,0.051213792,19995,77699070,466.000000,14648.000000
composition/grouping,3886,5,1024,0.051566708,19858,77167307,466.000000,14648.000000
composition/grouping,3886,6,1024,0.051532917,19871,77217907,466.000000,14648.000000
composition/static_lookup,3886,0,960,0.051340667,18699,72662866,589.000000,23960.000000
composition/static_lookup,3886,1,960,0.050513083,19005,73853342,589.000000,23960.000000
composition/static_lookup,3886,2,960,0.050455208,19027,73938056,589.000000,23960.000000
composition/static_lookup,3886,3,960,0.050010542,19196,74595472,589.000000,23960.000000
composition/static_lookup,3886,4,992,0.051614584,19219,74686488,589.000000,23960.000000
composition/static_lookup,3886,5,960,0.050986542,18828,73167543,589.000000,23960.000000
composition/static_lookup,3886,6,960,0.050746084,18918,73514244,589.000000,23960.000000
composition/direct_fold,1180,0,5664,0.050259708,112695,132979682,0.000000,0.000000
composition/direct_fold,1180,1,5696,0.050107834,113675,134136311,0.000000,0.000000
composition/direct_fold,1180,2,5664,0.050082042,113094,133451428,0.000000,0.000000
composition/direct_fold,1180,3,5696,0.050157833,113562,134002599,0.000000,0.000000
composition/direct_fold,1180,4,5696,0.050037791,113834,134324075,0.000000,0.000000
composition/direct_fold,1180,5,5696,0.050264792,113320,133717454,0.000000,0.000000
composition/direct_fold,1180,6,5696,0.050108917,113672,134133412,0.000000,0.000000
composition/chained_fold,1180,0,5664,0.050143417,112956,133288084,0.000000,0.000000
composition/chained_fold,1180,1,5632,0.050005792,112627,132899805,0.000000,0.000000
composition/chained_fold,1180,2,5632,0.050040708,112548,132807074,0.000000,0.000000
composition/chained_fold,1180,3,5632,0.050084292,112450,132691503,0.000000,0.000000
composition/chained_fold,1180,4,5600,0.050023459,111947,132098022,0.000000,0.000000
composition/chained_fold,1180,5,5312,0.050258667,105693,124717991,0.000000,0.000000
composition/chained_fold,1180,6,5248,0.050140708,104665,123505237,0.000000,0.000000
composition/numeric_pipeline,32606,0,160,0.060497542,2645,86234247,536.000000,98792.000000
composition/numeric_pipeline,32606,1,160,0.057362875,2789,90946627,536.000000,98792.000000
composition/numeric_pipeline,32606,2,160,0.057104208,2802,91358591,536.000000,98792.000000
composition/numeric_pipeline,32606,3,160,0.058748083,2723,88802217,536.000000,98792.000000
composition/numeric_pipeline,32606,4,160,0.059707792,2680,87374861,536.000000,98792.000000
composition/numeric_pipeline,32606,5,160,0.057185959,2798,91227988,536.000000,98792.000000
composition/numeric_pipeline,32606,6,160,0.057392583,2788,90899551,536.000000,98792.000000
composition/labels,32606,0,64,0.063049916,1015,33097332,3114.000000,247977.000000
composition/labels,32606,1,64,0.063038917,1015,33103107,3114.000000,247977.000000
composition/labels,32606,2,64,0.062907833,1017,33172085,3114.000000,247977.000000
composition/labels,32606,3,64,0.062421542,1025,33430510,3114.000000,247977.000000
composition/labels,32606,4,64,0.062826167,1019,33215205,3114.000000,247977.000000
composition/labels,32606,5,64,0.062595667,1022,33337515,3114.000000,247977.000000
composition/labels,32606,6,64,0.062876167,1018,33188792,3114.000000,247977.000000
composition/grouping,32606,0,160,0.061221750,2613,85214160,3608.000000,114104.000000
composition/grouping,32606,1,160,0.061234375,2613,85196591,3608.000000,114104.000000
composition/grouping,32606,2,160,0.061565125,2599,84738884,3608.000000,114104.000000
composition/grouping,32606,3,160,0.061468916,2603,84871515,3608.000000,114104.000000
composition/grouping,32606,4,160,0.061513167,2601,84810460,3608.000000,114104.000000
composition/grouping,32606,5,160,0.062109833,2576,83995718,3608.000000,114104.000000
composition/grouping,32606,6,160,0.062190000,2573,83887442,3608.000000,114104.000000
composition/static_lookup,32606,0,128,0.054409709,2353,76706310,4624.000000,187928.000000
composition/static_lookup,32606,1,128,0.054193125,2362,77012868,4624.000000,187928.000000
composition/static_lookup,32606,2,128,0.054041584,2369,77228824,4624.000000,187928.000000
composition/static_lookup,32606,3,128,0.054091542,2366,77157497,4624.000000,187928.000000
composition/static_lookup,32606,4,128,0.055372708,2312,75372294,4624.000000,187928.000000
composition/static_lookup,32606,5,128,0.055741750,2296,74873286,4624.000000,187928.000000
composition/static_lookup,32606,6,128,0.055781416,2295,74820044,4624.000000,187928.000000
composition/direct_fold,10164,0,704,0.051111417,13774,139997214,0.000000,0.000000
composition/direct_fold,10164,1,704,0.050769709,13867,140939472,0.000000,0.000000
composition/direct_fold,10164,2,704,0.051061792,13787,140133272,0.000000,0.000000
composition/direct_fold,10164,3,704,0.050710792,13883,141103219,0.000000,0.000000
composition/direct_fold,10164,4,704,0.050239834,14013,142425948,0.000000,0.000000
composition/direct_fold,10164,5,704,0.050319667,13991,142199987,0.000000,0.000000
composition/direct_fold,10164,6,736,0.052241167,14089,143195576,0.000000,0.000000
composition/chained_fold,10164,0,704,0.050510834,13938,141661807,0.000000,0.000000
composition/chained_fold,10164,1,704,0.050448083,13955,141838016,0.000000,0.000000
composition/chained_fold,10164,2,736,0.051819833,14203,144359863,0.000000,0.000000
composition/chained_fold,10164,3,736,0.051224209,14368,146038448,0.000000,0.000000
composition/chained_fold,10164,4,736,0.051261833,14358,145931262,0.000000,0.000000
composition/chained_fold,10164,5,736,0.051319083,14342,145768466,0.000000,0.000000
composition/chained_fold,10164,6,736,0.051017083,14427,146631355,0.000000,0.000000
compile/regex,0,0,9408,0.050084708,187842,0,86.000000,7496.000000
compile/regex,0,1,9216,0.050046917,184147,0,86.000000,7496.000000
compile/regex,0,2,9184,0.050012625,183634,0,86.000000,7496.000000
compile/regex,0,3,9120,0.050162292,181810,0,86.000000,7496.000000
compile/regex,0,4,8992,0.050057500,179633,0,86.000000,7496.000000
compile/regex,0,5,9056,0.050133000,180639,0,86.000000,7496.000000
compile/regex,0,6,9152,0.050051334,182852,0,86.000000,7496.000000
compile/regex_callback,0,0,15712,0.050010292,314175,0,81.000000,6445.000000
compile/regex_callback,0,1,15776,0.050090541,314950,0,81.000000,6445.000000
compile/regex_callback,0,2,15840,0.050045500,316512,0,81.000000,6445.000000
compile/regex_callback,0,3,15392,0.050037875,307607,0,81.000000,6445.000000
compile/regex_callback,0,4,15136,0.050077208,302253,0,81.000000,6445.000000
compile/regex_callback,0,5,15232,0.050028625,304466,0,81.000000,6445.000000
compile/regex_callback,0,6,15136,0.050001625,302710,0,81.000000,6445.000000
matcher/contains,100,0,183136,0.050007333,3662183,366218290,3.000000,136.000000
matcher/contains,100,1,184064,0.050006750,3680783,368078309,3.000000,136.000000
matcher/contains,100,2,183296,0.050000333,3665896,366589559,3.000000,136.000000
matcher/contains,100,3,183488,0.050008167,3669161,366916068,3.000000,136.000000
matcher/contains,100,4,183872,0.050003208,3677204,367720407,3.000000,136.000000
matcher/contains,100,5,183808,0.050005666,3675743,367574346,3.000000,136.000000
matcher/contains,100,6,183040,0.050006417,3660330,366033023,3.000000,136.000000
matcher/no_match,100,0,156128,0.050001375,3122474,312247413,3.000000,136.000000
matcher/no_match,100,1,161216,0.050002000,3224191,322419103,3.000000,136.000000
matcher/no_match,100,2,162624,0.050004000,3252220,325221982,3.000000,136.000000
matcher/no_match,100,3,163520,0.050009375,3269787,326978691,3.000000,136.000000
matcher/no_match,100,4,162080,0.050000750,3241551,324155138,3.000000,136.000000
matcher/no_match,100,5,162048,0.050001833,3240841,324084119,3.000000,136.000000
matcher/no_match,100,6,162080,0.050005958,3241214,324121378,3.000000,136.000000
matcher/literal_contains,100,0,112544,0.050009959,2250432,225043176,5.000000,158.000000
matcher/literal_contains,100,1,111648,0.050011000,2232469,223246886,5.000000,158.000000
matcher/literal_contains,100,2,111776,0.050013709,2234907,223490723,5.000000,158.000000
matcher/literal_contains,100,3,109408,0.050010417,2187704,218770421,5.000000,158.000000
matcher/literal_contains,100,4,109888,0.050008916,2197368,219736817,5.000000,158.000000
matcher/literal_contains,100,5,112288,0.050006209,2245481,224548116,5.000000,158.000000
matcher/literal_contains,100,6,112608,0.050003667,2251995,225199484,5.000000,158.000000
matcher/captures,100,0,52896,0.050011792,1057671,105767056,30.000000,1360.000000
matcher/captures,100,1,52096,0.050005000,1041816,104181582,30.000000,1360.000000
matcher/captures,100,2,51520,0.050022125,1029944,102994425,30.000000,1360.000000
matcher/captures,100,3,51584,0.050016042,1031349,103134910,30.000000,1360.000000
matcher/captures,100,4,51168,0.050022542,1022899,102289884,30.000000,1360.000000
matcher/captures,100,5,51168,0.050026791,1022812,102281196,30.000000,1360.000000
matcher/captures,100,6,51136,0.050013750,1022439,102243883,30.000000,1360.000000
matcher/replace,100,0,83488,0.050012833,1669332,166933155,12.000000,431.000000
matcher/replace,100,1,81600,0.050006958,1631773,163177292,12.000000,431.000000
matcher/replace,100,2,82944,0.050017917,1658286,165828577,12.000000,431.000000
matcher/replace,100,3,82784,0.050017750,1655092,165509244,12.000000,431.000000
matcher/replace,100,4,82240,0.050005958,1644604,164460403,12.000000,431.000000
matcher/replace,100,5,82144,0.050014250,1642412,164241191,12.000000,431.000000
matcher/replace,100,6,82144,0.050008208,1642610,164261035,12.000000,431.000000
matcher/replace_captures,100,0,66720,0.050004958,1334268,133426769,16.000000,773.000000
matcher/replace_captures,100,1,67488,0.050000125,1349757,134975663,16.000000,773.000000
matcher/replace_captures,100,2,67328,0.050006500,1346385,134638497,16.000000,773.000000
matcher/replace_captures,100,3,67872,0.050007167,1357245,135724545,16.000000,773.000000
matcher/replace_captures,100,4,68064,0.050014084,1360897,136089666,16.000000,773.000000
matcher/replace_captures,100,5,67712,0.050007333,1354041,135404142,16.000000,773.000000
matcher/replace_captures,100,6,67008,0.050017750,1339684,133968441,16.000000,773.000000
matcher/replace_callback,100,0,22656,0.050041875,452741,45274083,57.000000,2769.000000
matcher/replace_callback,100,1,22528,0.050020209,450378,45037797,57.000000,2769.000000
matcher/replace_callback,100,2,22112,0.050041292,441875,44187508,57.000000,2769.000000
matcher/replace_callback,100,3,22400,0.050040625,447636,44763630,57.000000,2769.000000
matcher/replace_callback,100,4,22976,0.050003417,459489,45948860,57.000000,2769.000000
matcher/replace_callback,100,5,23008,0.050059291,459615,45961498,57.000000,2769.000000
matcher/replace_callback,100,6,23104,0.050016583,461927,46192680,57.000000,2769.000000
matcher/split,100,0,48128,0.050008584,962395,96239478,30.000000,1048.000000
matcher/split,100,1,43136,0.050025666,862277,86227738,30.000000,1048.000000
matcher/split,100,2,43840,0.050014042,876554,87655383,30.000000,1048.000000
matcher/split,100,3,46624,0.050034625,931835,93183470,30.000000,1048.000000
matcher/split,100,4,47456,0.050014542,948844,94884404,30.000000,1048.000000
matcher/split,100,5,47488,0.050022416,949334,94933439,30.000000,1048.000000
matcher/split,100,6,48064,0.050006750,961150,96115024,30.000000,1048.000000
matcher/closure,100,0,88832,0.050014584,1776122,177612194,10.000000,880.000000
matcher/closure,100,1,88224,0.050007000,1764233,176423301,10.000000,880.000000
matcher/closure,100,2,89024,0.050005875,1780271,178027082,10.000000,880.000000
matcher/closure,100,3,89216,0.050017125,1783709,178370908,10.000000,880.000000
matcher/closure,100,4,89632,0.050012916,1792177,179217704,10.000000,880.000000
matcher/closure,100,5,89216,0.050017500,1783696,178369571,10.000000,880.000000
matcher/closure,100,6,88960,0.050006417,1778972,177897169,10.000000,880.000000
matcher/next,100,0,41024,0.050003625,820421,82042052,30.000000,2064.000000
matcher/next,100,1,39360,0.050036916,786619,78661922,30.000000,2064.000000
matcher/next,100,2,39776,0.050010542,795352,79535231,30.000000,2064.000000
matcher/next,100,3,40512,0.050027000,809803,80980271,30.000000,2064.000000
matcher/next,100,4,40128,0.050035459,801991,80199124,30.000000,2064.000000
matcher/next,100,5,39808,0.050000042,796159,79615933,30.000000,2064.000000
matcher/next,100,6,40320,0.050018000,806110,80610980,30.000000,2064.000000
matcher/lookaround,100,0,73056,0.050005500,1460959,146095929,23.000000,936.000000
matcher/lookaround,100,1,73216,0.050006333,1464135,146413455,23.000000,936.000000
matcher/lookaround,100,2,72224,0.050011166,1444157,144415749,23.000000,936.000000
matcher/lookaround,100,3,74400,0.050004625,1487862,148786237,23.000000,936.000000
matcher/lookaround,100,4,76000,0.050020042,1519391,151939097,23.000000,936.000000
matcher/lookaround,100,5,76256,0.050000125,1525116,152511619,23.000000,936.000000
matcher/lookaround,100,6,76224,0.050006125,1524293,152429327,23.000000,936.000000
matcher/literal_replace,100,0,142880,0.050008666,2857105,285710481,5.000000,191.000000
matcher/literal_replace,100,1,144288,0.050005250,2885457,288545703,5.000000,191.000000
matcher/literal_replace,100,2,144608,0.050009667,2891601,289160094,5.000000,191.000000
matcher/literal_replace,100,3,144928,0.050002333,2898425,289842476,5.000000,191.000000
matcher/literal_replace,100,4,142336,0.050000625,2846684,284668442,5.000000,191.000000
matcher/literal_replace,100,5,139776,0.050005958,2795187,279518693,5.000000,191.000000
matcher/literal_replace,100,6,138304,0.050005625,2765769,276576885,5.000000,191.000000
rust/matcher_contains,100,0,462304,0.050002000,9245710,924571017,1.000000,40.000000
rust/matcher_contains,100,1,462784,0.050000125,9255657,925565686,1.000000,40.000000
rust/matcher_contains,100,2,462528,0.050000708,9250429,925042901,1.000000,40.000000
rust/matcher_contains,100,3,469440,0.050003042,9388229,938822882,1.000000,40.000000
rust/matcher_contains,100,4,463328,0.050001667,9266251,926625106,1.000000,40.000000
rust/matcher_contains,100,5,448800,0.050002000,8975641,897564097,1.000000,40.000000
rust/matcher_contains,100,6,458592,0.050001208,9171618,917161841,1.000000,40.000000
matcher/contains,500,0,69856,0.050002834,1397041,698520408,3.000000,136.000000
matcher/contains,500,1,70048,0.050002958,1400877,700438562,3.000000,136.000000
matcher/contains,500,2,70208,0.050003917,1404050,702025003,3.000000,136.000000
matcher/contains,500,3,70080,0.050010792,1401298,700648772,3.000000,136.000000
matcher/contains,500,4,69408,0.050012375,1387817,693908258,3.000000,136.000000
matcher/contains,500,5,70656,0.050002875,1413039,706519375,3.000000,136.000000
matcher/contains,500,6,69952,0.050004334,1398919,699459371,3.000000,136.000000
matcher/no_match,500,0,65440,0.050002167,1308743,654371640,3.000000,136.000000
matcher/no_match,500,1,65440,0.050015208,1308402,654201018,3.000000,136.000000
matcher/no_match,500,2,66304,0.050004417,1325963,662981432,3.000000,136.000000
matcher/no_match,500,3,68512,0.050018167,1369742,684871159,3.000000,136.000000
matcher/no_match,500,4,68544,0.050010958,1370580,685289812,3.000000,136.000000
matcher/no_match,500,5,68512,0.050011167,1369934,684967019,3.000000,136.000000
matcher/no_match,500,6,68480,0.050009958,1369327,684663642,3.000000,136.000000
matcher/literal_contains,500,0,57792,0.050014208,1155512,577755825,5.000000,158.000000
matcher/literal_contains,500,1,57888,0.050012958,1157460,578730016,5.000000,158.000000
matcher/literal_contains,500,2,58176,0.050000958,1163498,581748854,5.000000,158.000000
matcher/literal_contains,500,3,57408,0.050004958,1148046,574023080,5.000000,158.000000
matcher/literal_contains,500,4,56288,0.050020917,1125289,562644623,5.000000,158.000000
matcher/literal_contains,500,5,55904,0.050004083,1117989,558994353,5.000000,158.000000
matcher/literal_contains,500,6,56992,0.050003375,1139763,569881533,5.000000,158.000000
matcher/captures,500,0,36800,0.050009000,735868,367933772,30.000000,1360.000000
matcher/captures,500,1,36800,0.050000250,735996,367998160,30.000000,1360.000000
matcher/captures,500,2,36896,0.050003459,737869,368934477,30.000000,1360.000000
matcher/captures,500,3,35264,0.050027667,704890,352444978,30.000000,1360.000000
matcher/captures,500,4,35200,0.050030458,703571,351785706,30.000000,1360.000000
matcher/captures,500,5,35456,0.050015292,708903,354451595,30.000000,1360.000000
matcher/captures,500,6,35488,0.050018000,709505,354752289,30.000000,1360.000000
matcher/replace,500,0,47968,0.050011042,959148,479574091,12.000000,431.000000
matcher/replace,500,1,48288,0.050018041,965412,482705830,12.000000,431.000000
matcher/replace,500,2,47872,0.050030792,956851,478425367,12.000000,431.000000
matcher/replace,500,3,48288,0.050008250,965601,482800338,12.000000,431.000000
matcher/replace,500,4,47840,0.050018750,956441,478220667,12.000000,431.000000
matcher/replace,500,5,48160,0.050027375,962673,481336468,12.000000,431.000000
matcher/replace,500,6,47872,0.050008416,957279,478639435,12.000000,431.000000
matcher/replace_captures,500,0,42144,0.050016458,842603,421301324,16.000000,773.000000
matcher/replace_captures,500,1,41696,0.050036292,833315,416657573,16.000000,773.000000
matcher/replace_captures,500,2,43168,0.050031583,862815,431407497,16.000000,773.000000
matcher/replace_captures,500,3,43584,0.050017750,871371,435685332,16.000000,773.000000
matcher/replace_captures,500,4,43296,0.050019375,865585,432792293,16.000000,773.000000
matcher/replace_captures,500,5,43424,0.050002917,868429,434214668,16.000000,773.000000
matcher/replace_captures,500,6,43392,0.050035584,867223,433611407,16.000000,773.000000
matcher/replace_callback,500,0,19520,0.050076292,389805,194902610,57.000000,2769.000000
matcher/replace_callback,500,1,19584,0.050067500,391152,195575972,57.000000,2769.000000
matcher/replace_callback,500,2,19648,0.050073875,392380,196190129,57.000000,2769.000000
matcher/replace_callback,500,3,19744,0.050068417,394340,197170204,57.000000,2769.000000
matcher/replace_callback,500,4,19072,0.050060125,380982,190490935,57.000000,2769.000000
matcher/replace_callback,500,5,19040,0.050054625,380384,190192215,57.000000,2769.000000
matcher/replace_callback,500,6,19040,0.050042042,380480,190240039,57.000000,2769.000000
matcher/split,500,0,34880,0.050027583,697215,348607687,30.000000,1048.000000
matcher/split,500,1,34592,0.050041958,691260,345629961,30.000000,1048.000000
matcher/split,500,2,34560,0.050020167,690921,345460662,30.000000,1048.000000
matcher/split,500,3,34624,0.050039708,691930,345965248,30.000000,1048.000000
matcher/split,500,4,33664,0.050043083,672700,336350181,30.000000,1048.000000
matcher/split,500,5,33568,0.050013875,671174,335586875,30.000000,1048.000000
matcher/split,500,6,33952,0.050015125,678835,339417326,30.000000,1048.000000
matcher/closure,500,0,48800,0.050028250,975449,487724436,10.000000,880.000000
matcher/closure,500,1,48992,0.050012708,979591,489795514,10.000000,880.000000
matcher/closure,500,2,48576,0.050020250,971127,485563347,10.000000,880.000000
matcher/closure,500,3,48864,0.050006334,977156,488578107,10.000000,880.000000
matcher/closure,500,4,48640,0.050032292,972172,486086066,10.000000,880.000000
matcher/closure,500,5,49536,0.050020500,990314,495156986,10.000000,880.000000
matcher/closure,500,6,49184,0.050005959,983563,491781389,10.000000,880.000000
matcher/next,500,0,29920,0.050034042,597993,298996431,30.000000,2064.000000
matcher/next,500,1,29248,0.050024125,584678,292338946,30.000000,2064.000000
matcher/next,500,2,30432,0.050019000,608409,304204402,30.000000,2064.000000
matcher/next,500,3,30592,0.050029208,611483,305741398,30.000000,2064.000000
matcher/next,500,4,30624,0.050050208,611866,305932795,30.000000,2064.000000
matcher/next,500,5,30912,0.050003333,618199,309099395,30.000000,2064.000000
matcher/next,500,6,31200,0.050019500,623757,311878367,30.000000,2064.000000
matcher/lookaround,500,0,46496,0.050020292,929543,464771377,23.000000,936.000000
matcher/lookaround,500,1,46560,0.050030792,930627,465313441,23.000000,936.000000
matcher/lookaround,500,2,46560,0.050025083,930733,465366544,23.000000,936.000000
matcher/lookaround,500,3,46592,0.050032208,931240,465620066,23.000000,936.000000
matcher/lookaround,500,4,46432,0.050033417,928020,464009884,23.000000,936.000000
matcher/lookaround,500,5,46432,0.050022208,928228,464113859,23.000000,936.000000
matcher/lookaround,500,6,46336,0.050000625,926708,463354208,23.000000,936.000000
matcher/literal_replace,500,0,64480,0.050015333,1289205,644602326,5.000000,191.000000
matcher/literal_replace,500,1,63488,0.050001166,1269730,634865195,5.000000,191.000000
matcher/literal_replace,500,2,62560,0.050015834,1250804,625401948,5.000000,191.000000
matcher/literal_replace,500,3,63232,0.050010333,1264379,632189352,5.000000,191.000000
matcher/literal_replace,500,4,63712,0.050009959,1273986,636993124,5.000000,191.000000
matcher/literal_replace,500,5,63552,0.050003209,1270958,635479215,5.000000,191.000000
matcher/literal_replace,500,6,63744,0.050001750,1274835,637417690,5.000000,191.000000
rust/matcher_contains,500,0,150432,0.050003458,3008432,1504215968,1.000000,40.000000
rust/matcher_contains,500,1,149120,0.050004625,2982124,1491062077,1.000000,40.000000
rust/matcher_contains,500,2,149376,0.050006292,2987144,1493572049,1.000000,40.000000
rust/matcher_contains,500,3,150112,0.050003250,3002045,1501022434,1.000000,40.000000
rust/matcher_contains,500,4,149120,0.050002083,2982276,1491137879,1.000000,40.000000
rust/matcher_contains,500,5,150016,0.050004625,3000042,1500021248,1.000000,40.000000
rust/matcher_contains,500,6,148352,0.050003792,2966815,1483407498,1.000000,40.000000
matcher/contains,1024,0,39648,0.050039000,792342,811358181,3.000000,136.000000
matcher/contains,1024,1,39584,0.050008708,791542,810539157,3.000000,136.000000
matcher/contains,1024,2,39360,0.050008459,787067,805956448,3.000000,136.000000
matcher/contains,1024,3,39488,0.050024250,789377,808322204,3.000000,136.000000
matcher/contains,1024,4,39200,0.050019917,783688,802496334,3.000000,136.000000
matcher/contains,1024,5,40000,0.050001625,799974,819173377,3.000000,136.000000
matcher/contains,1024,6,41088,0.050021375,821409,841122660,3.000000,136.000000
matcher/no_match,1024,0,39584,0.050000459,791673,810672878,3.000000,136.000000
matcher/no_match,1024,1,39584,0.050026166,791266,810256297,3.000000,136.000000
matcher/no_match,1024,2,39520,0.050004500,790329,809296763,3.000000,136.000000
matcher/no_match,1024,3,39616,0.050031959,791814,810817422,3.000000,136.000000
matcher/no_match,1024,4,39552,0.050011500,790858,809838697,3.000000,136.000000
matcher/no_match,1024,5,39424,0.050014250,788255,807173476,3.000000,136.000000
matcher/no_match,1024,6,39040,0.050008083,780674,799409967,3.000000,136.000000
matcher/literal_contains,1024,0,34912,0.050043625,697631,714374468,5.000000,158.000000
matcher/literal_contains,1024,1,34464,0.050027125,688906,705440019,5.000000,158.000000
matcher/literal_contains,1024,2,35392,0.050036542,707323,724298813,5.000000,158.000000
matcher/literal_contains,1024,3,35360,0.050017917,706947,723913393,5.000000,158.000000
matcher/literal_contains,1024,4,35424,0.050029875,708057,725050302,5.000000,158.000000
matcher/literal_contains,1024,5,35360,0.050021084,706902,723867560,5.000000,158.000000
matcher/literal_contains,1024,6,34560,0.050043959,690593,707167073,5.000000,158.000000
matcher/captures,1024,0,25344,0.050023250,506644,518803876,30.000000,1360.000000
matcher/captures,1024,1,25504,0.050019333,509883,522120037,30.000000,1360.000000
matcher/captures,1024,2,25440,0.050060083,508189,520385873,30.000000,1360.000000
matcher/captures,1024,3,25568,0.050019958,511156,523423710,30.000000,1360.000000
matcher/captures,1024,4,25568,0.050058250,510765,523023318,30.000000,1360.000000
matcher/captures,1024,5,25632,0.050044417,512185,524477446,30.000000,1360.000000
matcher/captures,1024,6,25824,0.050051291,515951,528333545,30.000000,1360.000000
matcher/replace,1024,0,31744,0.050042959,634335,649559032,12.000000,431.000000
matcher/replace,1024,1,31552,0.050039000,630548,645681329,12.000000,431.000000
matcher/replace,1024,2,31520,0.050038583,629914,645031855,12.000000,431.000000
matcher/replace,1024,3,31552,0.050026791,630702,645838907,12.000000,431.000000
matcher/replace,1024,4,31392,0.050008000,627740,642805311,12.000000,431.000000
matcher/replace,1024,5,32352,0.050037250,646558,662075714,12.000000,431.000000
matcher/replace,1024,6,32704,0.050000042,654079,669777357,12.000000,431.000000
matcher/replace_captures,1024,0,29824,0.050039416,596010,610314397,16.000000,773.000000
matcher/replace_captures,1024,1,29664,0.050026708,592963,607194381,16.000000,773.000000
matcher/replace_captures,1024,2,29760,0.050014250,595030,609311146,16.000000,773.000000
matcher/replace_captures,1024,3,29792,0.050016417,595644,609939892,16.000000,773.000000
matcher/replace_captures,1024,4,29408,0.050035500,587743,601848528,16.000000,773.000000
matcher/replace_captures,1024,5,29536,0.050039250,590257,604422808,16.000000,773.000000
matcher/replace_captures,1024,6,29440,0.050043625,588287,602405601,16.000000,773.000000
matcher/replace_callback,1024,0,15872,0.050007875,317390,325007371,57.000000,2769.000000
matcher/replace_callback,1024,1,16288,0.050044042,325473,333284670,57.000000,2769.000000
matcher/replace_callback,1024,2,16000,0.050009500,319939,327617753,57.000000,2769.000000
matcher/replace_callback,1024,3,15808,0.050014917,316066,323651282,57.000000,2769.000000
matcher/replace_callback,1024,4,15808,0.050098667,315537,323110234,57.000000,2769.000000
matcher/replace_callback,1024,5,15904,0.050081167,317564,325186033,57.000000,2769.000000
matcher/replace_callback,1024,6,16064,0.050091417,320694,328390311,57.000000,2769.000000
matcher/split,1024,0,25184,0.050055500,503122,515196452,30.000000,1048.000000
matcher/split,1024,1,25344,0.050020667,506671,518830667,30.000000,1048.000000
matcher/split,1024,2,24064,0.050015459,481131,492678394,30.000000,1048.000000
matcher/split,1024,3,24704,0.050036542,493719,505568430,30.000000,1048.000000
matcher/split,1024,4,24320,0.050051791,485897,497558219,30.000000,1048.000000
matcher/split,1024,5,24288,0.050001667,485744,497401657,30.000000,1048.000000
matcher/split,1024,6,24288,0.050021792,485548,497201540,30.000000,1048.000000
matcher/closure,1024,0,31680,0.050013291,633432,648633980,10.000000,880.000000
matcher/closure,1024,1,31584,0.050041416,631157,646304973,10.000000,880.000000
matcher/closure,1024,2,31744,0.050031125,634485,649712674,10.000000,880.000000
matcher/closure,1024,3,31744,0.050035541,634429,649655332,10.000000,880.000000
matcher/closure,1024,4,31776,0.050023916,635216,650461351,10.000000,880.000000
matcher/closure,1024,5,31648,0.050008917,632847,648035469,10.000000,880.000000
matcher/closure,1024,6,31936,0.050020792,638455,653777413,10.000000,880.000000
matcher/next,1024,0,23232,0.050044917,464223,475364321,30.000000,2064.000000
matcher/next,1024,1,23360,0.050003375,467168,478380509,30.000000,2064.000000
matcher/next,1024,2,23360,0.050063625,466606,477804793,30.000000,2064.000000
matcher/next,1024,3,23488,0.050027625,469501,480768615,30.000000,2064.000000
matcher/next,1024,4,23488,0.050054375,469250,480511684,30.000000,2064.000000
matcher/next,1024,5,23488,0.050011709,469650,480921618,30.000000,2064.000000
matcher/next,1024,6,23488,0.050052667,469266,480528081,30.000000,2064.000000
matcher/lookaround,1024,0,30720,0.050030667,614023,628759956,23.000000,936.000000
matcher/lookaround,1024,1,30208,0.050013292,603999,618495419,23.000000,936.000000
matcher/lookaround,1024,2,29824,0.050023375,596201,610510107,23.000000,936.000000
matcher/lookaround,1024,3,30144,0.050000417,602875,617343971,23.000000,936.000000
matcher/lookaround,1024,4,30368,0.050050834,606743,621304972,23.000000,936.000000
matcher/lookaround,1024,5,30272,0.050006500,605361,619889974,23.000000,936.000000
matcher/lookaround,1024,6,30304,0.050004417,606026,620571099,23.000000,936.000000
matcher/literal_replace,1024,0,37312,0.050013875,746033,763937767,5.000000,191.000000
matcher/literal_replace,1024,1,36608,0.050022125,731836,749400230,5.000000,191.000000
matcher/literal_replace,1024,2,36704,0.050026209,733695,751304101,5.000000,191.000000
matcher/literal_replace,1024,3,36640,0.050017125,732549,750130280,5.000000,191.000000
matcher/literal_replace,1024,4,36544,0.050018417,730611,748145548,5.000000,191.000000
matcher/literal_replace,1024,5,36768,0.050013958,735155,752798489,5.000000,191.000000
matcher/literal_replace,1024,6,36352,0.050027250,726644,744083435,5.000000,191.000000
rust/matcher_contains,1024,0,80544,0.050018500,1610284,1648931016,1.000000,40.000000
rust/matcher_contains,1024,1,80672,0.050003667,1613322,1652041399,1.000000,40.000000
rust/matcher_contains,1024,2,81440,0.050007250,1628564,1667649391,1.000000,40.000000
rust/matcher_contains,1024,3,81184,0.050011500,1623307,1662265999,1.000000,40.000000
rust/matcher_contains,1024,4,81088,0.050007958,1621502,1660417968,1.000000,40.000000
rust/matcher_contains,1024,5,81216,0.050017708,1623745,1662714813,1.000000,40.000000
rust/matcher_contains,1024,6,83904,0.050016167,1677538,1717798487,1.000000,40.000000
matcher/contains,10240,0,4768,0.050154875,95066,973471073,3.000000,136.000000
matcher/contains,10240,1,4768,0.050152500,95070,973517173,3.000000,136.000000
matcher/contains,10240,2,4768,0.050169125,95039,973194569,3.000000,136.000000
matcher/contains,10240,3,4768,0.050227708,94928,972059486,3.000000,136.000000
matcher/contains,10240,4,4768,0.050254917,94876,971533193,3.000000,136.000000
matcher/contains,10240,5,4736,0.050091833,94546,968154629,3.000000,136.000000
matcher/contains,10240,6,4768,0.050333583,94728,970014791,3.000000,136.000000
matcher/no_match,10240,0,4672,0.050120416,93216,954526794,3.000000,136.000000
matcher/no_match,10240,1,4608,0.050243333,91714,939147887,3.000000,136.000000
matcher/no_match,10240,2,4608,0.050123083,91934,941400991,3.000000,136.000000
matcher/no_match,10240,3,4640,0.050057167,92694,949186757,3.000000,136.000000
matcher/no_match,10240,4,4672,0.050320875,92844,950724327,3.000000,136.000000
matcher/no_match,10240,5,4640,0.050046708,92713,949385122,3.000000,136.000000
matcher/no_match,10240,6,4672,0.050311000,92862,950910934,3.000000,136.000000
matcher/literal_contains,10240,0,4480,0.050114334,89396,915410749,5.000000,158.000000
matcher/literal_contains,10240,1,4544,0.050341375,90264,924300538,5.000000,158.000000
matcher/literal_contains,10240,2,4480,0.050215625,89215,913564254,5.000000,158.000000
matcher/literal_contains,10240,3,4480,0.050107750,89407,915531031,5.000000,158.000000
matcher/literal_contains,10240,4,4480,0.050213875,89218,913596093,5.000000,158.000000
matcher/literal_contains,10240,5,4512,0.050177042,89922,920797204,5.000000,158.000000
matcher/literal_contains,10240,6,4512,0.050238333,89812,919673828,5.000000,158.000000
matcher/captures,10240,0,4320,0.050103416,86222,882909860,30.000000,1360.000000
matcher/captures,10240,1,4320,0.050160375,86124,881907282,30.000000,1360.000000
matcher/captures,10240,2,4320,0.050183667,86084,881497958,30.000000,1360.000000
matcher/captures,10240,3,4320,0.050278500,85921,879835317,30.000000,1360.000000
matcher/captures,10240,4,4288,0.050023416,85720,877771322,30.000000,1360.000000
matcher/captures,10240,5,4288,0.050148833,85505,875576108,30.000000,1360.000000
matcher/captures,10240,6,4448,0.050036375,88895,910288165,30.000000,1360.000000
matcher/replace,10240,0,4640,0.050332000,92188,944003815,12.000000,431.000000
matcher/replace,10240,1,4608,0.050068333,92034,942430418,12.000000,431.000000
matcher/replace,10240,2,4640,0.050273625,92295,945099941,12.000000,431.000000
matcher/replace,10240,3,4608,0.050031125,92103,943131301,12.000000,431.000000
matcher/replace,10240,4,4608,0.050010125,92141,943527336,12.000000,431.000000
matcher/replace,10240,5,4640,0.050325917,92199,944117918,12.000000,431.000000
matcher/replace,10240,6,4576,0.050222416,91115,933014453,12.000000,431.000000
matcher/replace_captures,10240,0,4448,0.050246667,88523,906478434,16.000000,773.000000
matcher/replace_captures,10240,1,4384,0.050020500,87644,897475235,16.000000,773.000000
matcher/replace_captures,10240,2,4480,0.050171875,89293,914360884,16.000000,773.000000
matcher/replace_captures,10240,3,4480,0.050207958,89229,913703760,16.000000,773.000000
matcher/replace_captures,10240,4,4480,0.050020417,89563,917129499,16.000000,773.000000
matcher/replace_captures,10240,5,4480,0.050152250,89328,914718682,16.000000,773.000000
matcher/replace_captures,10240,6,4448,0.050214792,88579,907053842,16.000000,773.000000
matcher/replace_callback,10240,0,3872,0.050279750,77009,788573531,57.000000,2769.000000
matcher/replace_callback,10240,1,3872,0.050048583,77365,792215836,57.000000,2769.000000
matcher/replace_callback,10240,2,3872,0.050019250,77410,792680418,57.000000,2769.000000
matcher/replace_callback,10240,3,3872,0.050388875,76842,786865752,57.000000,2769.000000
matcher/replace_callback,10240,4,3872,0.050262292,77036,788847433,57.000000,2769.000000
matcher/replace_callback,10240,5,3840,0.050294375,76350,781828982,57.000000,2769.000000
matcher/replace_callback,10240,6,3872,0.050259958,77039,788884066,57.000000,2769.000000
matcher/split,10240,0,4288,0.050319916,85215,872599231,30.000000,1048.000000
matcher/split,10240,1,4288,0.050254875,85325,873728569,30.000000,1048.000000
matcher/split,10240,2,4256,0.050115959,84923,869612013,30.000000,1048.000000
matcher/split,10240,3,4256,0.050145041,84874,869107675,30.000000,1048.000000
matcher/split,10240,4,4352,0.050291667,86535,886120558,30.000000,1048.000000
matcher/split,10240,5,4480,0.050333958,89006,911416503,30.000000,1048.000000
matcher/split,10240,6,4448,0.050015875,88932,910661265,30.000000,1048.000000
matcher/closure,10240,0,4640,0.050156375,92511,947309290,10.000000,880.000000
matcher/closure,10240,1,4640,0.050184750,92458,946773671,10.000000,880.000000
matcher/closure,10240,2,4640,0.050164458,92496,947156650,10.000000,880.000000
matcher/closure,10240,3,4608,0.050050042,92068,942774833,10.000000,880.000000
matcher/closure,10240,4,4640,0.050193875,92442,946601552,10.000000,880.000000
matcher/closure,10240,5,4640,0.050247125,92344,945598380,10.000000,880.000000
matcher/closure,10240,6,4640,0.050171083,92484,947031580,10.000000,880.000000
matcher/next,10240,0,4384,0.050291250,87172,892643551,30.000000,2064.000000
matcher/next,10240,1,4384,0.050330333,87105,891950387,30.000000,2064.000000
matcher/next,10240,2,4352,0.050175375,86736,888174329,30.000000,2064.000000
matcher/next,10240,3,4352,0.050135666,86804,888877790,30.000000,2064.000000
matcher/next,10240,4,4352,0.050052792,86948,890349533,30.000000,2064.000000
matcher/next,10240,5,4384,0.050348458,87073,891629293,30.000000,2064.000000
matcher/next,10240,6,4352,0.050282416,86551,886283587,30.000000,2064.000000
matcher/lookaround,10240,0,4576,0.050106417,91326,935174431,23.000000,936.000000
matcher/lookaround,10240,1,4576,0.050269583,91029,932139023,23.000000,936.000000
matcher/lookaround,10240,2,4576,0.050216250,91126,933129017,23.000000,936.000000
matcher/lookaround,10240,3,4512,0.050153958,89963,921221013,23.000000,936.000000
matcher/lookaround,10240,4,4480,0.050257167,89142,912809112,23.000000,936.000000
matcher/lookaround,10240,5,4480,0.050029708,89547,916959180,23.000000,936.000000
matcher/lookaround,10240,6,4512,0.050115750,90032,921923347,23.000000,936.000000
matcher/literal_replace,10240,0,4640,0.050115625,92586,948079566,5.000000,191.000000
matcher/literal_replace,10240,1,4640,0.050087917,92637,948604032,5.000000,191.000000
matcher/literal_replace,10240,2,4640,0.050305959,92236,944492481,5.000000,191.000000
matcher/literal_replace,10240,3,4512,0.050290375,89719,918722121,5.000000,191.000000
matcher/literal_replace,10240,4,4512,0.050037625,90172,923362770,5.000000,191.000000
matcher/literal_replace,10240,5,4576,0.050335208,90911,930923738,5.000000,191.000000
matcher/literal_replace,10240,6,4544,0.050259833,90410,925800131,5.000000,191.000000
rust/matcher_contains,10240,0,9024,0.050105209,180101,1844234598,1.000000,40.000000
rust/matcher_contains,10240,1,8992,0.050100750,179478,1837858315,1.000000,40.000000
rust/matcher_contains,10240,2,9024,0.050174292,179853,1841695345,1.000000,40.000000
rust/matcher_contains,10240,3,9088,0.050145625,181232,1855817332,1.000000,40.000000
rust/matcher_contains,10240,4,9088,0.050095417,181414,1857677320,1.000000,40.000000
rust/matcher_contains,10240,5,9056,0.050069250,180869,1852103636,1.000000,40.000000
rust/matcher_contains,10240,6,9024,0.050165375,179885,1842022710,1.000000,40.000000
matcher/contains,1048576,0,64,0.067716875,945,991021278,3.000000,136.000000
matcher/contains,1048576,1,64,0.067711917,945,991093842,3.000000,136.000000
matcher/contains,1048576,2,64,0.067733042,945,990784734,3.000000,136.000000
matcher/contains,1048576,3,64,0.067981000,941,987170886,3.000000,136.000000
matcher/contains,1048576,4,64,0.067690292,945,991410467,3.000000,136.000000
matcher/contains,1048576,5,64,0.068699291,932,976849441,3.000000,136.000000
matcher/contains,1048576,6,64,0.070918125,902,946286496,3.000000,136.000000
matcher/no_match,1048576,0,64,0.068748708,931,976147275,3.000000,136.000000
matcher/no_match,1048576,1,64,0.068759041,931,976000582,3.000000,136.000000
matcher/no_match,1048576,2,64,0.068960709,928,973146375,3.000000,136.000000
matcher/no_match,1048576,3,64,0.067705958,945,991181072,3.000000,136.000000
matcher/no_match,1048576,4,64,0.067852875,943,989034938,3.000000,136.000000
matcher/no_match,1048576,5,64,0.067756542,945,990441100,3.000000,136.000000
matcher/no_match,1048576,6,64,0.067712584,945,991084080,3.000000,136.000000
matcher/literal_contains,1048576,0,64,0.072656833,881,923641469,5.000000,158.000000
matcher/literal_contains,1048576,1,64,0.068949458,928,973305171,5.000000,158.000000
matcher/literal_contains,1048576,2,64,0.074738209,856,897919082,5.000000,158.000000
matcher/literal_contains,1048576,3,64,0.071284291,898,941425706,5.000000,158.000000
matcher/literal_contains,1048576,4,64,0.069817417,917,961205196,5.000000,158.000000
matcher/literal_contains,1048576,5,64,0.068817750,930,975167947,5.000000,158.000000
matcher/literal_contains,1048576,6,64,0.068706625,931,976745168,5.000000,158.000000
matcher/captures,1048576,0,64,0.068782958,930,975661210,30.000000,1360.000000
matcher/captures,1048576,1,64,0.068914750,929,973795363,30.000000,1360.000000
matcher/captures,1048576,2,64,0.068843709,930,974800239,30.000000,1360.000000
matcher/captures,1048576,3,64,0.068898666,929,974022690,30.000000,1360.000000
matcher/captures,1048576,4,64,0.068839792,930,974855706,30.000000,1360.000000
matcher/captures,1048576,5,64,0.068837750,930,974884624,30.000000,1360.000000
matcher/captures,1048576,6,64,0.068787500,930,975596787,30.000000,1360.000000
matcher/replace,1048576,0,64,0.068810708,930,975267745,12.000000,431.000000
matcher/replace,1048576,1,64,0.068772625,931,975807801,12.000000,431.000000
matcher/replace,1048576,2,64,0.068809083,930,975290777,12.000000,431.000000
matcher/replace,1048576,3,64,0.068838791,930,974869881,12.000000,431.000000
matcher/replace,1048576,4,64,0.068712541,931,976661073,12.000000,431.000000
matcher/replace,1048576,5,64,0.068786167,930,975615693,12.000000,431.000000
matcher/replace,1048576,6,64,0.068805667,930,975339197,12.000000,431.000000
matcher/replace_captures,1048576,0,64,0.068688791,932,976998765,16.000000,773.000000
matcher/replace_captures,1048576,1,64,0.068821333,930,975117178,16.000000,773.000000
matcher/replace_captures,1048576,2,64,0.068962583,928,973119931,16.000000,773.000000
matcher/replace_captures,1048576,3,64,0.068722250,931,976523091,16.000000,773.000000
matcher/replace_captures,1048576,4,64,0.068866209,929,974481752,16.000000,773.000000
matcher/replace_captures,1048576,5,64,0.068861750,929,974544853,16.000000,773.000000
matcher/replace_captures,1048576,6,64,0.068713416,931,976648636,16.000000,773.000000
matcher/replace_callback,1048576,0,64,0.068958166,928,973182262,57.000000,2769.000000
matcher/replace_callback,1048576,1,64,0.068843292,930,974806144,57.000000,2769.000000
matcher/replace_callback,1048576,2,64,0.069788209,917,961607483,57.000000,2769.000000
matcher/replace_callback,1048576,3,64,0.068403459,936,981074130,57.000000,2769.000000
matcher/replace_callback,1048576,4,64,0.067951042,942,987606106,57.000000,2769.000000
matcher/replace_callback,1048576,5,64,0.067999334,941,986904725,57.000000,2769.000000
matcher/replace_callback,1048576,6,64,0.068027625,941,986494296,57.000000,2769.000000
matcher/split,1048576,0,64,0.068065750,940,985941740,30.000000,1048.000000
matcher/split,1048576,1,64,0.068963042,928,973113454,30.000000,1048.000000
matcher/split,1048576,2,64,0.069148333,926,970505883,30.000000,1048.000000
matcher/split,1048576,3,64,0.068587000,933,978448744,30.000000,1048.000000
matcher/split,1048576,4,64,0.067990583,941,987031748,30.000000,1048.000000
matcher/split,1048576,5,64,0.067992333,941,987006344,30.000000,1048.000000
matcher/split,1048576,6,64,0.067890834,943,988481950,30.000000,1048.000000
matcher/closure,1048576,0,64,0.068493125,934,979789782,10.000000,880.000000
matcher/closure,1048576,1,64,0.068893625,929,974093960,10.000000,880.000000
matcher/closure,1048576,2,64,0.068975875,928,972932406,10.000000,880.000000
matcher/closure,1048576,3,64,0.069016917,927,972353836,10.000000,880.000000
matcher/closure,1048576,4,64,0.068903416,929,973955544,10.000000,880.000000
matcher/closure,1048576,5,64,0.068757875,931,976017133,10.000000,880.000000
matcher/closure,1048576,6,64,0.068768334,931,975868690,10.000000,880.000000
matcher/next,1048576,0,64,0.068879125,929,974299020,30.000000,2064.000000
matcher/next,1048576,1,64,0.068848958,930,974725921,30.000000,2064.000000
matcher/next,1048576,2,64,0.069053500,927,971838705,30.000000,2064.000000
matcher/next,1048576,3,64,0.068864125,929,974511242,30.000000,2064.000000
matcher/next,1048576,4,64,0.068998583,928,972612206,30.000000,2064.000000
matcher/next,1048576,5,64,0.068876208,929,974340283,30.000000,2064.000000
matcher/next,1048576,6,64,0.068874834,929,974359720,30.000000,2064.000000
matcher/lookaround,1048576,0,64,0.068808416,930,975300231,23.000000,936.000000
matcher/lookaround,1048576,1,64,0.068878292,929,974310803,23.000000,936.000000
matcher/lookaround,1048576,2,64,0.068903333,929,973956717,23.000000,936.000000
matcher/lookaround,1048576,3,64,0.068889333,929,974154649,23.000000,936.000000
matcher/lookaround,1048576,4,64,0.068893958,929,974089252,23.000000,936.000000
matcher/lookaround,1048576,5,64,0.068859500,929,974576696,23.000000,936.000000
matcher/lookaround,1048576,6,64,0.068841959,930,974825019,23.000000,936.000000
matcher/literal_replace,1048576,0,64,0.068652292,932,977518187,5.000000,191.000000
matcher/literal_replace,1048576,1,64,0.068788333,930,975584973,5.000000,191.000000
matcher/literal_replace,1048576,2,64,0.068871917,929,974400988,5.000000,191.000000
matcher/literal_replace,1048576,3,64,0.068651541,932,977528880,5.000000,191.000000
matcher/literal_replace,1048576,4,64,0.068733166,931,976368003,5.000000,191.000000
matcher/literal_replace,1048576,5,64,0.068695458,932,976903946,5.000000,191.000000
matcher/literal_replace,1048576,6,64,0.068675625,932,977186069,5.000000,191.000000
rust/matcher_contains,1048576,0,96,0.052372917,1833,1922048680,1.000000,40.000000
rust/matcher_contains,1048576,1,96,0.052410000,1832,1920688724,1.000000,40.000000
rust/matcher_contains,1048576,2,96,0.052353875,1834,1922747762,1.000000,40.000000
rust/matcher_contains,1048576,3,96,0.052491125,1829,1917720300,1.000000,40.000000
rust/matcher_contains,1048576,4,96,0.052395834,1832,1921208011,1.000000,40.000000
rust/matcher_contains,1048576,5,96,0.052511667,1828,1916970109,1.000000,40.000000
rust/matcher_contains,1048576,6,96,0.052519791,1828,1916673583,1.000000,40.000000
matcher/long_contains,149,0,70784,0.050015500,1415241,210870950,4.000000,296.000000
matcher/long_contains,149,1,70880,0.050000334,1417591,211220989,4.000000,296.000000
matcher/long_contains,149,2,71200,0.050020750,1423409,212087983,4.000000,296.000000
matcher/long_contains,149,3,71296,0.050020625,1425332,212374476,4.000000,296.000000
matcher/long_contains,149,4,71296,0.050002666,1425844,212450752,4.000000,296.000000
matcher/long_contains,149,5,71424,0.050012875,1428112,212788727,4.000000,296.000000
matcher/long_contains,149,6,70336,0.050002292,1406656,209591672,4.000000,296.000000
matcher/long_no_match,149,0,76288,0.050011875,1525398,227284260,3.000000,136.000000
matcher/long_no_match,149,1,76864,0.050000833,1537254,229050904,3.000000,136.000000
matcher/long_no_match,149,2,77024,0.050018917,1539897,229444712,3.000000,136.000000
matcher/long_no_match,149,3,76960,0.050015625,1538719,229269153,3.000000,136.000000
matcher/long_no_match,149,4,77056,0.050001500,1541074,229619991,3.000000,136.000000
matcher/long_no_match,149,5,76864,0.050000417,1537267,229052810,3.000000,136.000000
matcher/long_no_match,149,6,76928,0.050018583,1537988,229160270,3.000000,136.000000
matcher/long_replace,149,0,46112,0.050010625,922044,137384566,12.000000,1431.000000
matcher/long_replace,149,1,46400,0.050017500,927675,138223622,12.000000,1431.000000
matcher/long_replace,149,2,46144,0.050034333,922247,137414763,12.000000,1431.000000
matcher/long_replace,149,3,46080,0.050020292,921226,137262693,12.000000,1431.000000
matcher/long_replace,149,4,45728,0.050033917,913940,136177066,12.000000,1431.000000
matcher/long_replace,149,5,46080,0.050017667,921274,137269897,12.000000,1431.000000
matcher/long_replace,149,6,46496,0.050016166,929619,138513296,12.000000,1431.000000
matcher/repeated_replace,171,0,11808,0.050049250,235928,40343622,142.000000,9202.000000
matcher/repeated_replace,171,1,11200,0.050040459,223819,38273030,142.000000,9202.000000
matcher/repeated_replace,171,2,11328,0.050123000,226004,38646689,142.000000,9202.000000
matcher/repeated_replace,171,3,11456,0.050070042,228799,39124713,142.000000,9202.000000
matcher/repeated_replace,171,4,11488,0.050013875,229696,39278060,142.000000,9202.000000
matcher/repeated_replace,171,5,11424,0.050079750,228116,39007862,142.000000,9202.000000
matcher/repeated_replace,171,6,11456,0.050104292,228643,39097968,142.000000,9202.000000
matcher/limited_captures,171,0,31520,0.050010917,630262,107774868,60.000000,2720.000000
matcher/limited_captures,171,1,31488,0.050048416,629151,107584784,60.000000,2720.000000
matcher/limited_captures,171,2,31296,0.050025417,625602,106977939,60.000000,2720.000000
matcher/limited_captures,171,3,31872,0.050025834,637111,108945950,60.000000,2720.000000
matcher/limited_captures,171,4,31264,0.050037500,624811,106842748,60.000000,2720.000000
matcher/limited_captures,171,5,31424,0.050045167,627913,107373086,60.000000,2720.000000
matcher/limited_captures,171,6,31840,0.050003000,636762,108886267,60.000000,2720.000000
matcher/long_contains,4117,0,3584,0.050348541,71184,293063666,4.000000,296.000000
matcher/long_contains,4117,1,3552,0.050010500,71025,292410274,4.000000,296.000000
matcher/long_contains,4117,2,3584,0.050413792,71092,292684351,4.000000,296.000000
matcher/long_contains,4117,3,3552,0.050037291,70987,292253711,4.000000,296.000000
matcher/long_contains,4117,4,3584,0.050307709,71242,293301530,4.000000,296.000000
matcher/long_contains,4117,5,3552,0.050131541,70854,291704259,4.000000,296.000000
matcher/long_contains,4117,6,3584,0.050394833,71118,292794462,4.000000,296.000000
matcher/long_no_match,4117,0,3584,0.050217458,71370,293828652,3.000000,136.000000
matcher/long_no_match,4117,1,3584,0.050243916,71332,293673925,3.000000,136.000000
matcher/long_no_match,4117,2,3584,0.050200875,71393,293925713,3.000000,136.000000
matcher/long_no_match,4117,3,3584,0.050241375,71336,293688777,3.000000,136.000000
matcher/long_no_match,4117,4,3584,0.050316792,71229,293248584,3.000000,136.000000
matcher/long_no_match,4117,5,3584,0.050257375,71313,293595278,3.000000,136.000000
matcher/long_no_match,4117,6,3584,0.050354792,71175,293027285,3.000000,136.000000
matcher/long_replace,4117,0,2560,0.050497916,50695,208711979,12.000000,33175.000000
matcher/long_replace,4117,1,2528,0.050138917,50420,207578796,12.000000,33175.000000
matcher/long_replace,4117,2,2560,0.050489834,50703,208745388,12.000000,33175.000000
matcher/long_replace,4117,3,2560,0.050484042,50709,208769337,12.000000,33175.000000
matcher/long_replace,4117,4,2560,0.050437625,50756,208961465,12.000000,33175.000000
matcher/long_replace,4117,5,2560,0.050479916,50713,208786401,12.000000,33175.000000
matcher/long_replace,4117,6,2560,0.050477958,50715,208794500,12.000000,33175.000000
matcher/repeated_replace,5131,0,448,0.052504875,8533,43780468,4115.000000,288946.000000
matcher/repeated_replace,5131,1,448,0.052983708,8455,43384808,4115.000000,288946.000000
matcher/repeated_replace,5131,2,416,0.050471750,8242,42290905,4115.000000,288946.000000
matcher/repeated_replace,5131,3,448,0.053301459,8405,43126174,4115.000000,288946.000000
matcher/repeated_replace,5131,4,416,0.050103750,8303,42601522,4115.000000,288946.000000
matcher/repeated_replace,5131,5,448,0.053566792,8363,42912557,4115.000000,288946.000000
matcher/repeated_replace,5131,6,416,0.050113416,8301,42593305,4115.000000,288946.000000
matcher/limited_captures,5131,0,7072,0.050022542,141376,725401600,60.000000,2720.000000
matcher/limited_captures,5131,1,7136,0.050096209,142446,730889956,60.000000,2720.000000
matcher/limited_captures,5131,2,7104,0.050064791,141896,728069034,60.000000,2720.000000
matcher/limited_captures,5131,3,7072,0.050048334,141303,725027770,60.000000,2720.000000
matcher/limited_captures,5131,4,7040,0.050080583,140573,721282338,60.000000,2720.000000
matcher/limited_captures,5131,5,7072,0.050197250,140884,722876891,60.000000,2720.000000
matcher/limited_captures,5131,6,7136,0.050060125,142549,731416791,60.000000,2720.000000
matcher/long_contains,65557,0,256,0.056418458,4538,297466336,4.000000,296.000000
matcher/long_contains,65557,1,256,0.056546292,4527,296793855,4.000000,296.000000
matcher/long_contains,65557,2,256,0.056490250,4532,297088294,4.000000,296.000000
matcher/long_contains,65557,3,256,0.056332500,4544,297920241,4.000000,296.000000
matcher/long_contains,65557,4,256,0.056468625,4533,297202066,4.000000,296.000000
matcher/long_contains,65557,5,256,0.056260416,4550,298301954,4.000000,296.000000
matcher/long_contains,65557,6,256,0.056428750,4537,297412082,4.000000,296.000000
matcher/long_no_match,65557,0,256,0.056315416,4546,298010619,3.000000,136.000000
matcher/long_no_match,65557,1,256,0.056446541,4535,297318342,3.000000,136.000000
matcher/long_no_match,65557,2,256,0.056517792,4530,296943518,3.000000,136.000000
matcher/long_no_match,65557,3,256,0.056346834,4543,297844454,3.000000,136.000000
matcher/long_no_match,65557,4,256,0.056584292,4524,296594539,3.000000,136.000000
matcher/long_no_match,65557,5,256,0.056325083,4545,297959472,3.000000,136.000000
matcher/long_no_match,65557,6,256,0.056404792,4539,297538408,3.000000,136.000000
matcher/long_replace,65557,0,160,0.051512083,3106,203624458,12.000000,524695.000000
matcher/long_replace,65557,1,192,0.059365417,3234,212024856,12.000000,524695.000000
matcher/long_replace,65557,2,192,0.058757084,3268,214220025,12.000000,524695.000000
matcher/long_replace,65557,3,192,0.058647542,3274,214620146,12.000000,524695.000000
matcher/long_replace,65557,4,192,0.058749333,3268,214248288,12.000000,524695.000000
matcher/long_replace,65557,5,192,0.058849250,3263,213884527,12.000000,524695.000000
matcher/long_replace,65557,6,192,0.058807375,3265,214036828,12.000000,524695.000000
matcher/repeated_replace,81931,0,32,0.057892709,553,45287084,65559.000000,4620466.000000
matcher/repeated_replace,81931,1,32,0.057654208,555,45474426,65559.000000,4620466.000000
matcher/repeated_replace,81931,2,32,0.057218708,559,45820538,65559.000000,4620466.000000
matcher/repeated_replace,81931,3,32,0.058305375,549,44966558,65559.000000,4620466.000000
matcher/repeated_replace,81931,4,32,0.057171500,560,45858373,65559.000000,4620466.000000
matcher/repeated_replace,81931,5,32,0.059743208,536,43884353,65559.000000,4620466.000000
matcher/repeated_replace,81931,6,32,0.062890792,509,41688011,65559.000000,4620466.000000
matcher/limited_captures,81931,0,544,0.052171792,10427,854301957,60.000000,2720.000000
matcher/limited_captures,81931,1,544,0.051662500,10530,862723716,60.000000,2720.000000
matcher/limited_captures,81931,2,576,0.052461958,10979,899551938,60.000000,2720.000000
matcher/limited_captures,81931,3,576,0.052171166,11041,904565867,60.000000,2720.000000
matcher/limited_captures,81931,4,576,0.052051166,11066,906651275,60.000000,2720.000000
matcher/limited_captures,81931,5,576,0.052072292,11062,906283441,60.000000,2720.000000
matcher/limited_captures,81931,6,576,0.052041417,11068,906821119,60.000000,2720.000000
matcher/unicode_contains,139,0,79808,0.050009792,1595847,221822798,7.000000,620.000000
matcher/unicode_contains,139,1,80160,0.050010667,1602858,222797268,7.000000,620.000000
matcher/unicode_contains,139,2,79584,0.050013459,1591252,221183982,7.000000,620.000000
matcher/unicode_contains,139,3,79744,0.050013667,1594444,221627740,7.000000,620.000000
matcher/unicode_contains,139,4,79680,0.050003542,1593487,221494709,7.000000,620.000000
matcher/unicode_contains,139,5,79552,0.050015083,1590560,221087867,7.000000,620.000000
matcher/unicode_contains,139,6,77632,0.050009042,1552359,215777939,7.000000,620.000000
matcher/unicode_replace,139,0,47744,0.050024500,954412,132663315,17.000000,1322.000000
matcher/unicode_replace,139,1,48160,0.050009542,963016,133859254,17.000000,1322.000000
matcher/unicode_replace,139,2,48352,0.050010167,966843,134391233,17.000000,1322.000000
matcher/unicode_replace,139,3,44896,0.050020292,897556,124760247,17.000000,1322.000000
matcher/unicode_replace,139,4,45504,0.050016500,909780,126459388,17.000000,1322.000000
matcher/unicode_replace,139,5,46624,0.050006125,932366,129598844,17.000000,1322.000000
matcher/unicode_replace,139,6,47968,0.050027917,958825,133276626,17.000000,1322.000000
matcher/unicode_captures,139,0,34176,0.050044833,682908,94924165,42.000000,2194.000000
matcher/unicode_captures,139,1,34304,0.050015625,685866,95335328,42.000000,2194.000000
matcher/unicode_captures,139,2,34560,0.050040750,690637,95998561,42.000000,2194.000000
matcher/unicode_captures,139,3,34656,0.050042792,692527,96261296,42.000000,2194.000000
matcher/unicode_captures,139,4,33952,0.050024875,678702,94339626,42.000000,2194.000000
matcher/unicode_captures,139,5,34016,0.050001166,680304,94562275,42.000000,2194.000000
matcher/unicode_captures,139,6,33984,0.050029166,679284,94420443,42.000000,2194.000000
matcher/unicode_zero_limit,139,0,146144,0.050008541,2922381,406210931,2.000000,96.000000
matcher/unicode_zero_limit,139,1,145216,0.050009375,2903776,403624800,2.000000,96.000000
matcher/unicode_zero_limit,139,2,145952,0.050000084,2919035,405745878,2.000000,96.000000
matcher/unicode_zero_limit,139,3,144928,0.050005333,2898251,402856871,2.000000,96.000000
matcher/unicode_zero_limit,139,4,146496,0.050003292,2929727,407232068,2.000000,96.000000
matcher/unicode_zero_limit,139,5,145888,0.050001666,2917663,405555127,2.000000,96.000000
matcher/unicode_zero_limit,139,6,146176,0.050002750,2923359,406346931,2.000000,96.000000
matcher/unicode_contains,2059,0,8896,0.050047041,177753,365992947,7.000000,7500.000000
matcher/unicode_contains,2059,1,8896,0.050067625,177680,365842478,7.000000,7500.000000
matcher/unicode_contains,2059,2,8896,0.050177334,177291,365042591,7.000000,7500.000000
matcher/unicode_contains,2059,3,8896,0.050023292,177837,366166705,7.000000,7500.000000
matcher/unicode_contains,2059,4,8832,0.050075834,176372,363150976,7.000000,7500.000000
matcher/unicode_contains,2059,5,8736,0.050062375,174502,359300253,7.000000,7500.000000
matcher/unicode_contains,2059,6,8832,0.050042209,176491,363394989,7.000000,7500.000000
matcher/unicode_replace,2059,0,6432,0.050123958,128322,264214729,17.000000,16122.000000
matcher/unicode_replace,2059,1,6432,0.050202708,128121,263800271,17.000000,16122.000000
matcher/unicode_replace,2059,2,6432,0.050142916,128273,264114835,17.000000,16122.000000
matcher/unicode_replace,2059,3,6400,0.050041542,127894,263333212,17.000000,16122.000000
matcher/unicode_replace,2059,4,6432,0.050102000,128378,264330526,17.000000,16122.000000
matcher/unicode_replace,2059,5,6400,0.050181084,127538,262600943,17.000000,16122.000000
matcher/unicode_replace,2059,6,6400,0.050002750,127993,263537505,17.000000,16122.000000
matcher/unicode_captures,2059,0,7648,0.050179500,152413,313818033,42.000000,9074.000000
matcher/unicode_captures,2059,1,7680,0.050127084,153211,315460600,42.000000,9074.000000
matcher/unicode_captures,2059,2,7648,0.050080292,152715,314439700,42.000000,9074.000000
matcher/unicode_captures,2059,3,7680,0.050095333,153308,315660543,42.000000,9074.000000
matcher/unicode_captures,2059,4,7680,0.050110625,153261,315564214,42.000000,9074.000000
matcher/unicode_captures,2059,5,7680,0.050028042,153514,316085127,42.000000,9074.000000
matcher/unicode_captures,2059,6,7680,0.050128667,153206,315450638,42.000000,9074.000000
matcher/unicode_zero_limit,2059,0,15840,0.050087333,316248,651153856,2.000000,96.000000
matcher/unicode_zero_limit,2059,1,15808,0.050015292,316063,650774407,2.000000,96.000000
matcher/unicode_zero_limit,2059,2,15840,0.050034959,316579,651835450,2.000000,96.000000
matcher/unicode_zero_limit,2059,3,15840,0.050056292,316444,651557650,2.000000,96.000000
matcher/unicode_zero_limit,2059,4,15840,0.050037167,316565,651806686,2.000000,96.000000
matcher/unicode_zero_limit,2059,5,15776,0.050024416,315366,649338595,2.000000,96.000000
matcher/unicode_zero_limit,2059,6,15808,0.050055125,315812,650256532,2.000000,96.000000
matcher/unicode_contains,32779,0,608,0.051293292,11853,388542658,7.000000,117580.000000
matcher/unicode_contains,32779,1,608,0.051079792,11903,390166663,7.000000,117580.000000
matcher/unicode_contains,32779,2,608,0.051164667,11883,389519431,7.000000,117580.000000
matcher/unicode_contains,32779,3,608,0.051117500,11894,389878848,7.000000,117580.000000
matcher/unicode_contains,32779,4,608,0.051167667,11883,389496594,7.000000,117580.000000
matcher/unicode_contains,32779,5,608,0.051319958,11847,388340770,7.000000,117580.000000
matcher/unicode_contains,32779,6,608,0.052543584,11571,379297156,7.000000,117580.000000
matcher/unicode_replace,32779,0,448,0.050756375,8826,289323105,17.000000,252922.000000
matcher/unicode_replace,32779,1,448,0.050256667,8914,292199879,17.000000,252922.000000
matcher/unicode_replace,32779,2,448,0.050650084,8845,289930260,17.000000,252922.000000
matcher/unicode_replace,32779,3,448,0.051043250,8777,287697041,17.000000,252922.000000
matcher/unicode_replace,32779,4,448,0.051011417,8782,287876575,17.000000,252922.000000
matcher/unicode_replace,32779,5,448,0.050194167,8925,292563716,17.000000,252922.000000
matcher/unicode_replace,32779,6,448,0.050188917,8926,292594319,17.000000,252922.000000
matcher/unicode_captures,32779,0,608,0.051772291,11744,384947848,42.000000,119154.000000
matcher/unicode_captures,32779,1,608,0.051793583,11739,384789598,42.000000,119154.000000
matcher/unicode_captures,32779,2,608,0.051738666,11751,385198026,42.000000,119154.000000
matcher/unicode_captures,32779,3,608,0.051691666,11762,385548262,42.000000,119154.000000
matcher/unicode_captures,32779,4,608,0.051719333,11756,385342015,42.000000,119154.000000
matcher/unicode_captures,32779,5,608,0.051842500,11728,384426523,42.000000,119154.000000
matcher/unicode_captures,32779,6,608,0.051746791,11750,385137544,42.000000,119154.000000
matcher/unicode_zero_limit,32779,0,1056,0.050814417,20782,681196913,2.000000,96.000000
matcher/unicode_zero_limit,32779,1,1056,0.050796916,20789,681431605,2.000000,96.000000
matcher/unicode_zero_limit,32779,2,1056,0.050844708,20769,680791086,2.000000,96.000000
matcher/unicode_zero_limit,32779,3,1056,0.050766000,20801,681846590,2.000000,96.000000
matcher/unicode_zero_limit,32779,4,1056,0.050970083,20718,679116493,2.000000,96.000000
matcher/unicode_zero_limit,32779,5,1056,0.050858000,20764,680613158,2.000000,96.000000
matcher/unicode_zero_limit,32779,6,1056,0.050874500,20757,680392417,2.000000,96.000000
matcher/filtered_sum,206,0,16960,0.050025250,339029,69839931,63.000000,3560.000000
matcher/filtered_sum,206,1,16736,0.050070000,334252,68855922,63.000000,3560.000000
matcher/filtered_sum,206,2,16704,0.050022458,333930,68789582,63.000000,3560.000000
matcher/filtered_sum,206,3,16832,0.050081959,336089,69234352,63.000000,3560.000000
matcher/filtered_sum,206,4,17056,0.050079208,340580,70159576,63.000000,3560.000000
matcher/filtered_sum,206,5,17088,0.050042167,341472,70343237,63.000000,3560.000000
matcher/filtered_sum,206,6,17152,0.050024375,342873,70631807,63.000000,3560.000000
matcher/mixed,206,0,7136,0.050111625,142402,29334830,130.000000,6628.000000
matcher/mixed,206,1,7200,0.050046666,143866,29636340,130.000000,6628.000000
matcher/mixed,206,2,7008,0.050083167,139927,28825014,130.000000,6628.000000
matcher/mixed,206,3,7136,0.050039333,142608,29377210,130.000000,6628.000000
matcher/mixed,206,4,7072,0.050076167,141225,29092323,130.000000,6628.000000
matcher/mixed,206,5,6944,0.050200167,138326,28495204,130.000000,6628.000000
matcher/mixed,206,6,7072,0.050141250,141042,29054561,130.000000,6628.000000
matcher/grouped,206,0,14080,0.050015250,281514,57991912,54.000000,2396.000000
matcher/grouped,206,1,14080,0.050077333,281165,57920017,54.000000,2396.000000
matcher/grouped,206,2,14144,0.050047459,282612,58218021,54.000000,2396.000000
matcher/grouped,206,3,14176,0.050011208,283456,58392031,54.000000,2396.000000
matcher/grouped,206,4,14240,0.050069416,284405,58587462,54.000000,2396.000000
matcher/grouped,206,5,14240,0.050030833,284624,58632644,54.000000,2396.000000
matcher/grouped,206,6,14176,0.050005291,283490,58398940,54.000000,2396.000000
matcher/filtered_sum,3292,0,1152,0.050121708,22984,75663503,915.000000,58040.000000
matcher/filtered_sum,3292,1,1152,0.050054042,23015,75765789,915.000000,58040.000000
matcher/filtered_sum,3292,2,1152,0.050362416,22874,75301868,915.000000,58040.000000
matcher/filtered_sum,3292,3,1152,0.050555791,22787,75013840,915.000000,58040.000000
matcher/filtered_sum,3292,4,1152,0.050696292,22724,74805944,915.000000,58040.000000
matcher/filtered_sum,3292,5,1152,0.050362708,22874,75301431,915.000000,58040.000000
matcher/filtered_sum,3292,6,1184,0.051052500,23192,76347446,915.000000,58040.000000
matcher/mixed,3292,0,512,0.051003417,10039,33046884,1882.000000,95728.000000
matcher/mixed,3292,1,512,0.051661500,9911,32625921,1882.000000,95728.000000
matcher/mixed,3292,2,512,0.051553000,9932,32694586,1882.000000,95728.000000
matcher/mixed,3292,3,512,0.051652417,9912,32631658,1882.000000,95728.000000
matcher/mixed,3292,4,480,0.051961625,9238,30410134,1882.000000,95728.000000
matcher/mixed,3292,5,480,0.050848416,9440,31075894,1882.000000,95728.000000
matcher/mixed,3292,6,512,0.052469833,9758,32123296,1882.000000,95728.000000
matcher/grouped,3292,0,992,0.050105375,19798,65175922,722.000000,31736.000000
matcher/grouped,3292,1,992,0.051020542,19443,64006846,722.000000,31736.000000
matcher/grouped,3292,2,1024,0.050779750,20166,66384888,722.000000,31736.000000
matcher/grouped,3292,3,1024,0.051590417,19849,65341747,722.000000,31736.000000
matcher/grouped,3292,4,1024,0.051239417,19985,65789351,722.000000,31736.000000
matcher/grouped,3292,5,1024,0.051299209,19961,65712670,722.000000,31736.000000
matcher/grouped,3292,6,992,0.050517708,19637,64643946,722.000000,31736.000000
matcher/filtered_sum,27060,0,160,0.054284959,2947,79756899,7196.000000,464824.000000
matcher/filtered_sum,27060,1,160,0.056901416,2812,76089495,7196.000000,464824.000000
matcher/filtered_sum,27060,2,160,0.055193042,2899,78444671,7196.000000,464824.000000
matcher/filtered_sum,27060,3,160,0.058887458,2717,73523296,7196.000000,464824.000000
matcher/filtered_sum,27060,4,160,0.058465209,2737,74054298,7196.000000,464824.000000
matcher/filtered_sum,27060,5,160,0.054293875,2947,79743802,7196.000000,464824.000000
matcher/filtered_sum,27060,6,160,0.053419875,2995,81048486,7196.000000,464824.000000
matcher/mixed,27060,0,64,0.051134416,1252,33868383,14883.000000,761008.000000
matcher/mixed,27060,1,96,0.074446167,1290,34894476,14883.000000,761008.000000
matcher/mixed,27060,2,96,0.074604375,1287,34820478,14883.000000,761008.000000
matcher/mixed,27060,3,96,0.074591417,1287,34826527,14883.000000,761008.000000
matcher/mixed,27060,4,64,0.050458833,1268,34321840,14883.000000,761008.000000
matcher/mixed,27060,5,64,0.050010708,1280,34629384,14883.000000,761008.000000
matcher/mixed,27060,6,96,0.074853583,1283,34704551,14883.000000,761008.000000
matcher/grouped,27060,0,128,0.051714583,2475,66976853,5656.000000,250808.000000
matcher/grouped,27060,1,128,0.050928167,2513,68011087,5656.000000,250808.000000
matcher/grouped,27060,2,128,0.050179667,2551,69025568,5656.000000,250808.000000
matcher/grouped,27060,3,128,0.050063916,2557,69185159,5656.000000,250808.000000
matcher/grouped,27060,4,160,0.062301042,2568,69494825,5656.000000,250808.000000
matcher/grouped,27060,5,128,0.050310334,2544,68846293,5656.000000,250808.000000
matcher/grouped,27060,6,128,0.050184084,2551,69019492,5656.000000,250808.000000
compile/parent,0,0,24256,0.050045167,484682,0,58.000000,5189.000000
compile/parent,0,1,24768,0.050018250,495179,0,58.000000,5189.000000
compile/parent,0,2,24896,0.050019250,497728,0,58.000000,5189.000000
compile/parent,0,3,24256,0.050001000,485110,0,58.000000,5189.000000
compile/parent,0,4,22656,0.050039583,452762,0,58.000000,5189.000000
compile/parent,0,5,22624,0.050018250,452315,0,58.000000,5189.000000
compile/parent,0,6,22624,0.050000958,452471,0,58.000000,5189.000000
compile/transform,0,0,24096,0.050046333,481474,0,62.000000,4501.000000
compile/transform,0,1,24672,0.050010750,493334,0,62.000000,4501.000000
compile/transform,0,2,25024,0.050045375,500026,0,62.000000,4501.000000
compile/transform,0,3,24800,0.050060584,495400,0,62.000000,4501.000000
compile/transform,0,4,22784,0.050073291,455013,0,62.000000,4501.000000
compile/transform,0,5,22656,0.050002125,453101,0,62.000000,4501.000000
compile/transform,0,6,22688,0.050059708,453219,0,62.000000,4501.000000
parent/filter,150,0,35456,0.050007791,709010,106351428,9.000000,800.000000
parent/filter,150,1,36640,0.050019291,732517,109877607,9.000000,800.000000
parent/filter,150,2,36576,0.050040084,730934,109640104,9.000000,800.000000
parent/filter,150,3,36736,0.050035917,734193,110128890,9.000000,800.000000
parent/filter,150,4,36704,0.050012250,733900,110085029,9.000000,800.000000
parent/filter,150,5,36768,0.050022375,735031,110254661,9.000000,800.000000
parent/filter,150,6,36704,0.050037584,733529,110029293,9.000000,800.000000
parent/nested,150,0,31296,0.050039000,625432,93814824,16.000000,1664.000000
parent/nested,150,1,30912,0.050001625,618220,92732986,16.000000,1664.000000
parent/nested,150,2,31904,0.050010208,637950,95692463,16.000000,1664.000000
parent/nested,150,3,31328,0.050032333,626155,93923264,16.000000,1664.000000
parent/nested,150,4,31424,0.050046625,627894,94184173,16.000000,1664.000000
parent/nested,150,5,31584,0.050029542,631307,94696050,16.000000,1664.000000
parent/nested,150,6,31648,0.050014375,632778,94916711,16.000000,1664.000000
parent/sort,150,0,41120,0.050006666,822290,123343556,14.000000,1104.000000
parent/sort,150,1,41472,0.050008500,829299,124394853,14.000000,1104.000000
parent/sort,150,2,41536,0.050033458,830164,124524673,14.000000,1104.000000
parent/sort,150,3,41696,0.050030000,833420,125012992,14.000000,1104.000000
parent/sort,150,4,41504,0.050031458,829558,124433711,14.000000,1104.000000
parent/sort,150,5,40992,0.050030625,819338,122900723,14.000000,1104.000000
parent/sort,150,6,40544,0.050007750,810754,121613150,14.000000,1104.000000
parent/constructor,150,0,33408,0.050028083,667785,100167740,15.000000,1392.000000
parent/constructor,150,1,33280,0.050032292,665170,99775561,15.000000,1392.000000
parent/constructor,150,2,33440,0.050007333,668702,100305289,15.000000,1392.000000
parent/constructor,150,3,33568,0.050044500,670763,100614453,15.000000,1392.000000
parent/constructor,150,4,33632,0.050008208,672530,100879440,15.000000,1392.000000
parent/constructor,150,5,33568,0.050014583,671164,100674637,15.000000,1392.000000
parent/constructor,150,6,33632,0.050001167,672624,100893645,15.000000,1392.000000
parent/closure,150,0,31648,0.050025375,632639,94895840,16.000000,1824.000000
parent/closure,150,1,32064,0.050028167,640919,96137842,16.000000,1824.000000
parent/closure,150,2,32064,0.050048250,640662,96099264,16.000000,1824.000000
parent/closure,150,3,32160,0.050036917,642725,96408818,16.000000,1824.000000
parent/closure,150,4,31648,0.050047416,632360,94854048,16.000000,1824.000000
parent/closure,150,5,31840,0.050000750,636790,95518567,16.000000,1824.000000
parent/closure,150,6,31680,0.050047458,632999,94949877,16.000000,1824.000000
parent/group,150,0,34432,0.050030458,688221,103233115,20.000000,1976.000000
parent/group,150,1,34368,0.050009875,687224,103083641,20.000000,1976.000000
parent/group,150,2,34592,0.050017166,691603,103740384,20.000000,1976.000000
parent/group,150,3,34656,0.050031792,692680,103901935,20.000000,1976.000000
parent/group,150,4,34592,0.050020750,691553,103732951,20.000000,1976.000000
parent/group,150,5,34592,0.050013916,691648,103747125,20.000000,1976.000000
parent/group,150,6,34656,0.050031208,692688,103903148,20.000000,1976.000000
parent/tuple,150,0,29120,0.050046417,581860,87278975,17.000000,1584.000000
parent/tuple,150,1,29664,0.050042583,592775,88916274,17.000000,1584.000000
parent/tuple,150,2,29728,0.050009542,594447,89166983,17.000000,1584.000000
parent/tuple,150,3,29888,0.050035292,597338,89600756,17.000000,1584.000000
parent/tuple,150,4,29824,0.050005584,596413,89462009,17.000000,1584.000000
parent/tuple,150,5,29664,0.050043666,592762,88914349,17.000000,1584.000000
parent/tuple,150,6,29248,0.050016167,584771,87715638,17.000000,1584.000000
parent/focus_control,150,0,29120,0.050007208,582316,87347408,10.000000,1176.000000
parent/focus_control,150,1,29952,0.050032625,598649,89797407,10.000000,1176.000000
parent/focus_control,150,2,29984,0.050042334,599173,89875904,10.000000,1176.000000
parent/focus_control,150,3,29792,0.050005500,595774,89366170,10.000000,1176.000000
parent/focus_control,150,4,30080,0.050009709,601483,90222481,10.000000,1176.000000
parent/focus_control,150,5,29888,0.050044708,597226,89583898,10.000000,1176.000000
parent/focus_control,150,6,29888,0.050008500,597658,89648760,10.000000,1176.000000
transform/clone,150,0,46912,0.050022916,937810,140671527,10.000000,1136.000000
transform/clone,150,1,46944,0.050026709,938379,140756811,10.000000,1136.000000
transform/clone,150,2,44576,0.050011875,891308,133696247,10.000000,1136.000000
transform/clone,150,3,44800,0.050034625,895380,134306992,10.000000,1136.000000
transform/clone,150,4,45888,0.050006459,917641,137646219,10.000000,1136.000000
transform/clone,150,5,46880,0.050031834,937003,140550514,10.000000,1136.000000
transform/clone,150,6,46720,0.050023000,933970,140095556,10.000000,1136.000000
transform/update,150,0,13504,0.050108583,269495,40424212,57.000000,5428.000000
transform/update,150,1,12544,0.050084708,250456,37568353,57.000000,5428.000000
transform/update,150,2,13568,0.050003041,271343,40701525,57.000000,5428.000000
transform/update,150,3,13568,0.050028750,271204,40680609,57.000000,5428.000000
transform/update,150,4,13632,0.050053833,272347,40852016,57.000000,5428.000000
transform/update,150,5,13536,0.050048584,270457,40568580,57.000000,5428.000000
transform/update,150,6,12896,0.050028292,257774,38666121,57.000000,5428.000000
transform/no_match,150,0,24160,0.050011750,483086,72462971,21.000000,1672.000000
transform/no_match,150,1,24256,0.050021792,484909,72736299,21.000000,1672.000000
transform/no_match,150,2,25696,0.050036125,513549,77032344,21.000000,1672.000000
transform/no_match,150,3,26400,0.050053667,527434,79115083,21.000000,1672.000000
transform/no_match,150,4,25216,0.050034417,503973,75595964,21.000000,1672.000000
transform/no_match,150,5,25952,0.050032875,518699,77804843,21.000000,1672.000000
transform/no_match,150,6,25984,0.050019292,519480,77921935,21.000000,1672.000000
transform/update_write,150,0,11616,0.050114750,231788,34768207,59.000000,5696.000000
transform/update_write,150,1,11904,0.050094250,237632,35644810,59.000000,5696.000000
transform/update_write,150,2,12096,0.050001041,241915,36287244,59.000000,5696.000000
transform/update_write,150,3,11840,0.050048708,236570,35485432,59.000000,5696.000000
transform/update_write,150,4,11168,0.050053166,223123,33468412,59.000000,5696.000000
transform/update_write,150,5,11264,0.050010375,225233,33784990,59.000000,5696.000000
transform/update_write,150,6,11744,0.050106625,234380,35157028,59.000000,5696.000000
parent/filter,500,0,28160,0.050026083,562906,281453177,9.000000,800.000000
parent/filter,500,1,27680,0.050024250,553332,276665817,9.000000,800.000000
parent/filter,500,2,27552,0.050033750,550668,275334149,9.000000,800.000000
parent/filter,500,3,28128,0.050044250,562063,281031287,9.000000,800.000000
parent/filter,500,4,28672,0.050014542,573273,286636635,9.000000,800.000000
parent/filter,500,5,28800,0.050046209,575468,287734082,9.000000,800.000000
parent/filter,500,6,28736,0.050006458,574646,287322889,9.000000,800.000000
parent/nested,500,0,25824,0.050059417,515867,257933487,16.000000,1664.000000
parent/nested,500,1,26336,0.050041375,526284,263142250,16.000000,1664.000000
parent/nested,500,2,25376,0.050059958,506912,253456066,16.000000,1664.000000
parent/nested,500,3,25312,0.050003042,506209,253104601,16.000000,1664.000000
parent/nested,500,4,25440,0.050049000,508302,254150932,16.000000,1664.000000
parent/nested,500,5,25152,0.050025125,502787,251393675,16.000000,1664.000000
parent/nested,500,6,24064,0.050018708,481100,240549996,16.000000,1664.000000
parent/sort,500,0,30016,0.050007917,600225,300112480,14.000000,1104.000000
parent/sort,500,1,31744,0.050014791,634692,317346123,14.000000,1104.000000
parent/sort,500,2,31744,0.050014542,634695,317347703,14.000000,1104.000000
parent/sort,500,3,31712,0.050045125,633668,316834057,14.000000,1104.000000
parent/sort,500,4,30656,0.050021042,612862,306431042,14.000000,1104.000000
parent/sort,500,5,31488,0.050033000,629345,314672316,14.000000,1104.000000
parent/sort,500,6,31456,0.050037125,628653,314326612,14.000000,1104.000000
parent/constructor,500,0,26624,0.050014625,532324,266162148,15.000000,1392.000000
parent/constructor,500,1,26560,0.050039125,530785,265392331,15.000000,1392.000000
parent/constructor,500,2,25568,0.050033875,511014,255506894,15.000000,1392.000000
parent/constructor,500,3,25568,0.050030208,511051,255525622,15.000000,1392.000000
parent/constructor,500,4,26688,0.050007750,533677,266838640,15.000000,1392.000000
parent/constructor,500,5,26656,0.050038041,532715,266357350,15.000000,1392.000000
parent/constructor,500,6,26784,0.050031958,535338,267668917,15.000000,1392.000000
parent/closure,500,0,25696,0.050048458,513422,256711206,16.000000,1824.000000
parent/closure,500,1,25664,0.050059125,512674,256336882,16.000000,1824.000000
parent/closure,500,2,25440,0.050055291,508238,254118990,16.000000,1824.000000
parent/closure,500,3,25024,0.050028375,500196,250098069,16.000000,1824.000000
parent/closure,500,4,25536,0.050010500,510613,255306386,16.000000,1824.000000
parent/closure,500,5,25568,0.050042791,510923,255461371,16.000000,1824.000000
parent/closure,500,6,25440,0.050051000,508282,254140776,16.000000,1824.000000
parent/group,500,0,26976,0.050008583,539427,269713701,20.000000,1976.000000
parent/group,500,1,27232,0.050035959,544249,272124294,20.000000,1976.000000
parent/group,500,2,27392,0.050044666,547351,273675520,20.000000,1976.000000
parent/group,500,3,27360,0.050030917,546862,273430927,20.000000,1976.000000
parent/group,500,4,27392,0.050029000,547522,273761218,20.000000,1976.000000
parent/group,500,5,27360,0.050016208,547023,273511339,20.000000,1976.000000
parent/group,500,6,27392,0.050004208,547794,273896949,20.000000,1976.000000
parent/tuple,500,0,24224,0.050034042,484150,242075186,17.000000,1584.000000
parent/tuple,500,1,24320,0.050045500,485958,242978889,17.000000,1584.000000
parent/tuple,500,2,24128,0.050016291,482403,241201412,17.000000,1584.000000
parent/tuple,500,3,24224,0.050012291,484361,242180467,17.000000,1584.000000
parent/tuple,500,4,24224,0.050053250,483965,241982289,17.000000,1584.000000
parent/tuple,500,5,24096,0.050052000,481419,240709662,17.000000,1584.000000
parent/tuple,500,6,23936,0.050025791,478473,239236597,17.000000,1584.000000
parent/focus_control,500,0,24576,0.050011333,491409,245704309,10.000000,1176.000000
parent/focus_control,500,1,24512,0.050054875,489703,244851276,10.000000,1176.000000
parent/focus_control,500,2,24576,0.050059375,490937,245468506,10.000000,1176.000000
parent/focus_control,500,3,24512,0.050063541,489618,244808892,10.000000,1176.000000
parent/focus_control,500,4,24416,0.050045500,487876,243938016,10.000000,1176.000000
parent/focus_control,500,5,24224,0.050027333,484215,242107649,10.000000,1176.000000
parent/focus_control,500,6,24480,0.050007875,489523,244761450,10.000000,1176.000000
transform/clone,500,0,35296,0.050044083,705298,352649083,10.000000,1136.000000
transform/clone,500,1,35520,0.050032208,709943,354971342,10.000000,1136.000000
transform/clone,500,2,35456,0.050018875,708852,354426204,10.000000,1136.000000
transform/clone,500,3,35424,0.050020292,708193,354096294,10.000000,1136.000000
transform/clone,500,4,35424,0.050018208,708222,354111047,10.000000,1136.000000
transform/clone,500,5,35552,0.050036834,710517,355258288,10.000000,1136.000000
transform/clone,500,6,35392,0.050005750,707759,353879304,10.000000,1136.000000
transform/update,500,0,11392,0.050075667,227496,113747861,57.000000,5428.000000
transform/update,500,1,11200,0.050127917,223428,111714197,57.000000,5428.000000
transform/update,500,2,11168,0.050105042,222892,111445870,57.000000,5428.000000
transform/update,500,3,11168,0.050068333,223055,111527580,57.000000,5428.000000
transform/update,500,4,11264,0.050098750,224836,112417975,57.000000,5428.000000
transform/update,500,5,11008,0.050053208,219926,109962982,57.000000,5428.000000
transform/update,500,6,10752,0.050088459,214660,107330114,57.000000,5428.000000
transform/no_match,500,0,19744,0.050017708,394740,197370099,21.000000,1672.000000
transform/no_match,500,1,20352,0.050025750,406830,203415241,21.000000,1672.000000
transform/no_match,500,2,20384,0.050068083,407126,203562817,21.000000,1672.000000
transform/no_match,500,3,20416,0.050036041,408026,204012943,21.000000,1672.000000
transform/no_match,500,4,20352,0.050025542,406832,203416087,21.000000,1672.000000
transform/no_match,500,5,20384,0.050054875,407233,203616531,21.000000,1672.000000
transform/no_match,500,6,20384,0.050067750,407128,203564171,21.000000,1672.000000
transform/update_write,500,0,9600,0.050027375,191895,95947469,59.000000,5696.000000
transform/update_write,500,1,9664,0.050110541,192854,96426818,59.000000,5696.000000
transform/update_write,500,2,9728,0.050074875,194269,97134541,59.000000,5696.000000
transform/update_write,500,3,9632,0.050134458,192123,96061675,59.000000,5696.000000
transform/update_write,500,4,9600,0.050118458,191546,95773098,59.000000,5696.000000
transform/update_write,500,5,9632,0.050075750,192349,96174296,59.000000,5696.000000
transform/update_write,500,6,9696,0.050160416,193300,96649916,59.000000,5696.000000
parent/filter,1024,0,21760,0.050026334,434971,445410211,9.000000,800.000000
parent/filter,1024,1,22080,0.050045875,441195,451783888,9.000000,800.000000
parent/filter,1024,2,21952,0.050053458,438571,449096804,9.000000,800.000000
parent/filter,1024,3,22080,0.050024917,441380,451973164,9.000000,800.000000
parent/filter,1024,4,21952,0.050001250,439029,449565721,9.000000,800.000000
parent/filter,1024,5,21952,0.050034209,438740,449269579,9.000000,800.000000
parent/filter,1024,6,21984,0.050031625,439402,449947728,9.000000,800.000000
parent/nested,1024,0,19968,0.050016208,399231,408812119,16.000000,1664.000000
parent/nested,1024,1,20448,0.050013000,408854,418666187,16.000000,1664.000000
parent/nested,1024,2,19584,0.050074500,391097,400483599,16.000000,1664.000000
parent/nested,1024,3,19776,0.050077375,394909,404386692,16.000000,1664.000000
parent/nested,1024,4,19744,0.050047458,394506,403973684,16.000000,1664.000000
parent/nested,1024,5,19552,0.050052875,390627,400001958,16.000000,1664.000000
parent/nested,1024,6,19872,0.050076500,396833,406356834,16.000000,1664.000000
parent/sort,1024,0,23712,0.050018041,474069,485446601,14.000000,1104.000000
parent/sort,1024,1,23776,0.050060458,474946,486344412,14.000000,1104.000000
parent/sort,1024,2,23584,0.050007000,471614,482932709,14.000000,1104.000000
parent/sort,1024,3,23648,0.050016375,472805,484152480,14.000000,1104.000000
parent/sort,1024,4,23616,0.050001416,472307,483641983,14.000000,1104.000000
parent/sort,1024,5,23680,0.050053584,473093,484447228,14.000000,1104.000000
parent/sort,1024,6,23584,0.050057459,471139,482445903,14.000000,1104.000000
parent/constructor,1024,0,20800,0.050052708,415562,425535418,15.000000,1392.000000
parent/constructor,1024,1,20704,0.050035292,413788,423718842,15.000000,1392.000000
parent/constructor,1024,2,20704,0.050069083,413509,423432880,15.000000,1392.000000
parent/constructor,1024,3,20224,0.050041291,404146,413845758,15.000000,1392.000000
parent/constructor,1024,4,20128,0.050056875,402103,411753071,15.000000,1392.000000
parent/constructor,1024,5,20288,0.050017042,405622,415356670,15.000000,1392.000000
parent/constructor,1024,6,20768,0.050013417,415249,425214538,15.000000,1392.000000
parent/closure,1024,0,20096,0.050002750,401898,411543445,16.000000,1824.000000
parent/closure,1024,1,20096,0.050053625,401489,411125148,16.000000,1824.000000
parent/closure,1024,2,20064,0.050001250,401270,410900447,16.000000,1824.000000
parent/closure,1024,3,20064,0.050023416,401092,410718372,16.000000,1824.000000
parent/closure,1024,4,20000,0.050036667,399707,409299844,16.000000,1824.000000
parent/closure,1024,5,19968,0.050050625,398956,408531002,16.000000,1824.000000
parent/closure,1024,6,20032,0.050013875,400529,410141546,16.000000,1824.000000
parent/group,1024,0,21216,0.050015292,424190,434370832,20.000000,1976.000000
parent/group,1024,1,21216,0.050049875,423897,434070694,20.000000,1976.000000
parent/group,1024,2,21376,0.050070292,426920,437165895,20.000000,1976.000000
parent/group,1024,3,21344,0.050041250,426528,436764789,20.000000,1976.000000
parent/group,1024,4,21408,0.050068875,427571,437832725,20.000000,1976.000000
parent/group,1024,5,21376,0.050044917,427136,437387557,20.000000,1976.000000
parent/group,1024,6,21408,0.050060583,427642,437905248,20.000000,1976.000000
parent/tuple,1024,0,19296,0.050059542,385461,394712041,17.000000,1584.000000
parent/tuple,1024,1,19264,0.050031208,385040,394280626,17.000000,1584.000000
parent/tuple,1024,2,19328,0.050057250,386118,395384724,17.000000,1584.000000
parent/tuple,1024,3,19328,0.050003292,386535,395811380,17.000000,1584.000000
parent/tuple,1024,4,19264,0.050048167,384909,394147022,17.000000,1584.000000
parent/tuple,1024,5,19296,0.050041542,385600,394854019,17.000000,1584.000000
parent/tuple,1024,6,19296,0.050007458,385862,395123143,17.000000,1584.000000
parent/focus_control,1024,0,19488,0.050080791,389131,398470384,10.000000,1176.000000
parent/focus_control,1024,1,19392,0.050009792,387764,397070398,10.000000,1176.000000
parent/focus_control,1024,2,19456,0.050057250,388675,398003166,10.000000,1176.000000
parent/focus_control,1024,3,19424,0.050060792,388008,397320442,10.000000,1176.000000
parent/focus_control,1024,4,19360,0.050072625,386638,395917729,10.000000,1176.000000
parent/focus_control,1024,5,19328,0.050008959,386491,395766527,10.000000,1176.000000
parent/focus_control,1024,6,19392,0.050039834,387531,396832012,10.000000,1176.000000
transform/clone,1024,0,25184,0.050039375,503284,515362472,10.000000,1136.000000
transform/clone,1024,1,25376,0.050005334,507466,519645044,10.000000,1136.000000
transform/clone,1024,2,25344,0.050009917,506779,518942193,10.000000,1136.000000
transform/clone,1024,3,25376,0.050000958,507510,519690523,10.000000,1136.000000
transform/clone,1024,4,25376,0.050022667,507290,519464986,10.000000,1136.000000
transform/clone,1024,5,25408,0.050030333,507852,520040352,10.000000,1136.000000
transform/clone,1024,6,25408,0.050007917,508080,520273460,10.000000,1136.000000
transform/update,1024,0,9088,0.050029208,181654,186013578,57.000000,5428.000000
transform/update,1024,1,9088,0.050122333,181316,185667974,57.000000,5428.000000
transform/update,1024,2,9088,0.050068208,181512,185868685,57.000000,5428.000000
transform/update,1024,3,9024,0.050066833,180239,184564820,57.000000,5428.000000
transform/update,1024,4,9088,0.050076625,181482,185837444,57.000000,5428.000000
transform/update,1024,5,9088,0.050078250,181476,185831414,57.000000,5428.000000
transform/update,1024,6,9088,0.050108541,181366,185719077,57.000000,5428.000000
transform/no_match,1024,0,15328,0.050069000,306138,313484831,21.000000,1672.000000
transform/no_match,1024,1,15296,0.050060458,305551,312883753,21.000000,1672.000000
transform/no_match,1024,2,15296,0.050031291,305729,313066157,21.000000,1672.000000
transform/no_match,1024,3,15264,0.050035375,305064,312385707,21.000000,1672.000000
transform/no_match,1024,4,14784,0.050005584,295647,302742510,21.000000,1672.000000
transform/no_match,1024,5,14848,0.050017667,296855,303979632,21.000000,1672.000000
transform/no_match,1024,6,15008,0.050080334,299679,306870797,21.000000,1672.000000
transform/update_write,1024,0,7488,0.050083666,149510,153098058,59.000000,5696.000000
transform/update_write,1024,1,7520,0.050152125,149944,153542447,59.000000,5696.000000
transform/update_write,1024,2,7520,0.050115833,150052,153653637,59.000000,5696.000000
transform/update_write,1024,3,7520,0.050200875,149798,153393342,59.000000,5696.000000
transform/update_write,1024,4,7520,0.050072541,150182,153786483,59.000000,5696.000000
transform/update_write,1024,5,7520,0.050015459,150354,153961998,59.000000,5696.000000
transform/update_write,1024,6,7552,0.050070209,150828,154448087,59.000000,5696.000000
parent/filter,10240,0,4256,0.050007333,85108,871500986,9.000000,800.000000
parent/filter,10240,1,4288,0.050345334,85172,872158679,9.000000,800.000000
parent/filter,10240,2,4256,0.050012333,85099,871413857,9.000000,800.000000
parent/filter,10240,3,4288,0.050345084,85172,872163010,9.000000,800.000000
parent/filter,10240,4,4256,0.050112000,84930,869680715,9.000000,800.000000
parent/filter,10240,5,4256,0.050015708,85093,871355055,9.000000,800.000000
parent/filter,10240,6,4256,0.050022125,85082,871243275,9.000000,800.000000
parent/nested,10240,0,4192,0.050243083,83434,854367953,16.000000,1664.000000
parent/nested,10240,1,4192,0.050083708,83700,857086700,16.000000,1664.000000
parent/nested,10240,2,4192,0.050024250,83799,858105419,16.000000,1664.000000
parent/nested,10240,3,4192,0.050183916,83533,855375256,16.000000,1664.000000
parent/nested,10240,4,4192,0.050147459,83593,855997110,16.000000,1664.000000
parent/nested,10240,5,4192,0.050314875,83315,853148895,16.000000,1664.000000
parent/nested,10240,6,4192,0.050243500,83434,854360863,16.000000,1664.000000
parent/sort,10240,0,4320,0.050106167,86217,882861385,14.000000,1104.000000
parent/sort,10240,1,4320,0.050216375,86028,880923802,14.000000,1104.000000
parent/sort,10240,2,4320,0.050032208,86344,884166455,14.000000,1104.000000
parent/sort,10240,3,4352,0.050368208,86404,884773983,14.000000,1104.000000
parent/sort,10240,4,4320,0.050094709,86237,883063319,14.000000,1104.000000
parent/sort,10240,5,4320,0.050094333,86237,883069947,14.000000,1104.000000
parent/sort,10240,6,4320,0.050166000,86114,881808396,14.000000,1104.000000
parent/constructor,10240,0,4224,0.050076917,84350,863746464,15.000000,1392.000000
parent/constructor,10240,1,4224,0.050125667,84268,862906423,15.000000,1392.000000
parent/constructor,10240,2,4224,0.050087500,84332,863563963,15.000000,1392.000000
parent/constructor,10240,3,4224,0.050100209,84311,863344901,15.000000,1392.000000
parent/constructor,10240,4,4224,0.050154292,84220,862413929,15.000000,1392.000000
parent/constructor,10240,5,4224,0.050286458,83999,860147279,15.000000,1392.000000
parent/constructor,10240,6,4224,0.050160459,84210,862307899,15.000000,1392.000000
parent/closure,10240,0,4192,0.050110667,83655,856625596,16.000000,1824.000000
parent/closure,10240,1,4192,0.050162500,83568,855740444,16.000000,1824.000000
parent/closure,10240,2,4192,0.050127208,83627,856342927,16.000000,1824.000000
parent/closure,10240,3,4192,0.050230375,83455,854584104,16.000000,1824.000000
parent/closure,10240,4,4192,0.050113625,83650,856575033,16.000000,1824.000000
parent/closure,10240,5,4192,0.050114875,83648,856553668,16.000000,1824.000000
parent/closure,10240,6,4192,0.050145084,83597,856037653,16.000000,1824.000000
parent/group,10240,0,4224,0.050042959,84407,864332583,20.000000,1976.000000
parent/group,10240,1,4256,0.050204625,84773,868076198,20.000000,1976.000000
parent/group,10240,2,4224,0.050103625,84305,863286040,20.000000,1976.000000
parent/group,10240,3,4256,0.050290917,84628,866586704,20.000000,1976.000000
parent/group,10240,4,4256,0.050360417,84511,865390769,20.000000,1976.000000
parent/group,10240,5,4224,0.050040209,84412,864380083,20.000000,1976.000000
parent/group,10240,6,4224,0.050019208,84448,864743000,20.000000,1976.000000
parent/tuple,10240,0,4160,0.050113084,83012,850045469,17.000000,1584.000000
parent/tuple,10240,1,4160,0.050087625,83054,850477538,17.000000,1584.000000
parent/tuple,10240,2,4160,0.050105500,83025,850174133,17.000000,1584.000000
parent/tuple,10240,3,4160,0.050099000,83036,850284437,17.000000,1584.000000
parent/tuple,10240,4,4160,0.050078125,83070,850638877,17.000000,1584.000000
parent/tuple,10240,5,4160,0.050242834,82798,847850263,17.000000,1584.000000
parent/tuple,10240,6,4160,0.050101041,83032,850249798,17.000000,1584.000000
parent/focus_control,10240,0,4160,0.050082583,83063,850563159,10.000000,1176.000000
parent/focus_control,10240,1,4160,0.050102500,83030,850225039,10.000000,1176.000000
parent/focus_control,10240,2,4160,0.050066708,83089,850832853,10.000000,1176.000000
parent/focus_control,10240,3,4160,0.050176958,82907,848963383,10.000000,1176.000000
parent/focus_control,10240,4,4160,0.050346916,82627,846097505,10.000000,1176.000000
parent/focus_control,10240,5,4160,0.050158666,82937,849272985,10.000000,1176.000000
parent/focus_control,10240,6,4160,0.050303000,82699,846836173,10.000000,1176.000000
transform/clone,10240,0,4384,0.050233583,87272,893668286,10.000000,1136.000000
transform/clone,10240,1,4384,0.050294042,87167,892593998,10.000000,1136.000000
transform/clone,10240,2,4384,0.050162042,87397,894942833,10.000000,1136.000000
transform/clone,10240,3,4384,0.050144292,87428,895259624,10.000000,1136.000000
transform/clone,10240,4,4352,0.050158125,86766,888479783,10.000000,1136.000000
transform/clone,10240,5,4352,0.050343458,86446,885208958,10.000000,1136.000000
transform/clone,10240,6,4320,0.050156834,86130,881969544,10.000000,1136.000000
transform/update,10240,0,2048,0.050721458,40377,413464455,57.000000,5428.000000
transform/update,10240,1,2080,0.050727459,41003,419875161,57.000000,5428.000000
transform/update,10240,2,2080,0.050613667,41096,420819144,57.000000,5428.000000
transform/update,10240,3,2080,0.050360916,41302,422931148,57.000000,5428.000000
transform/update,10240,4,2080,0.050392500,41276,422666071,57.000000,5428.000000
transform/update,10240,5,2080,0.050407959,41263,422536449,57.000000,5428.000000
transform/update,10240,6,2080,0.050392959,41276,422662222,57.000000,5428.000000
transform/no_match,10240,0,2880,0.050010542,57588,589699668,21.000000,1672.000000
transform/no_match,10240,1,2880,0.050040208,57554,589350068,21.000000,1672.000000
transform/no_match,10240,2,2880,0.050056375,57535,589159722,21.000000,1672.000000
transform/no_match,10240,3,2912,0.050549083,57607,589899524,21.000000,1672.000000
transform/no_match,10240,4,2880,0.050016541,57581,589628939,21.000000,1672.000000
transform/no_match,10240,5,2880,0.050121500,57460,588394202,21.000000,1672.000000
transform/no_match,10240,6,2880,0.050011000,57587,589694267,21.000000,1672.000000
transform/update_write,10240,0,1568,0.050175375,31250,320003986,59.000000,5696.000000
transform/update_write,10240,1,1600,0.050937084,31411,321651707,59.000000,5696.000000
transform/update_write,10240,2,1568,0.050013333,31352,321040791,59.000000,5696.000000
transform/update_write,10240,3,1600,0.050928625,31417,321705131,59.000000,5696.000000
transform/update_write,10240,4,1600,0.050962208,31396,321493135,59.000000,5696.000000
transform/update_write,10240,5,1600,0.050948958,31404,321576744,59.000000,5696.000000
transform/update_write,10240,6,1568,0.050003792,31358,321102048,59.000000,5696.000000
parent/filter,65536,0,736,0.050303125,14631,958876730,9.000000,800.000000
parent/filter,65536,1,736,0.050360666,14615,957781138,9.000000,800.000000
parent/filter,65536,2,736,0.050301250,14632,958912472,9.000000,800.000000
parent/filter,65536,3,736,0.050440208,14592,956270759,9.000000,800.000000
parent/filter,65536,4,736,0.050322625,14626,958505165,9.000000,800.000000
parent/filter,65536,5,736,0.050467417,14584,955755195,9.000000,800.000000
parent/filter,65536,6,736,0.050393042,14605,957165793,9.000000,800.000000
parent/nested,65536,0,736,0.050606708,14544,953124554,16.000000,1664.000000
parent/nested,65536,1,736,0.050545167,14561,954285026,16.000000,1664.000000
parent/nested,65536,2,736,0.050618250,14540,952907222,16.000000,1664.000000
parent/nested,65536,3,736,0.050567458,14555,953864361,16.000000,1664.000000
parent/nested,65536,4,736,0.050735166,14507,950711307,16.000000,1664.000000
parent/nested,65536,5,736,0.050655625,14529,952204143,16.000000,1664.000000
parent/nested,65536,6,736,0.051146250,14390,943070039,16.000000,1664.000000
parent/sort,65536,0,736,0.051609542,14261,934604225,14.000000,1104.000000
parent/sort,65536,1,736,0.050269833,14641,959511761,14.000000,1104.000000
parent/sort,65536,2,736,0.050198000,14662,960884816,14.000000,1104.000000
parent/sort,65536,3,736,0.050233166,14652,960212144,14.000000,1104.000000
parent/sort,65536,4,736,0.050185166,14666,961130546,14.000000,1104.000000
parent/sort,65536,5,736,0.050257709,14645,959743231,14.000000,1104.000000
parent/sort,65536,6,736,0.050247250,14648,959943002,14.000000,1104.000000
parent/constructor,65536,0,736,0.050508000,14572,954987250,15.000000,1392.000000
parent/constructor,65536,1,736,0.050452666,14588,956034633,15.000000,1392.000000
parent/constructor,65536,2,736,0.050569084,14554,953833690,15.000000,1392.000000
parent/constructor,65536,3,736,0.050600416,14545,953243072,15.000000,1392.000000
parent/constructor,65536,4,736,0.050484584,14579,955430196,15.000000,1392.000000
parent/constructor,65536,5,736,0.050478417,14580,955546922,15.000000,1392.000000
parent/constructor,65536,6,736,0.050379375,14609,957425454,15.000000,1392.000000
parent/closure,65536,0,736,0.050509792,14571,954953368,16.000000,1824.000000
parent/closure,65536,1,736,0.050440333,14591,956268389,16.000000,1824.000000
parent/closure,65536,2,736,0.050545459,14561,954279513,16.000000,1824.000000
parent/closure,65536,3,736,0.050483833,14579,955444409,16.000000,1824.000000
parent/closure,65536,4,736,0.050623708,14539,952804484,16.000000,1824.000000
parent/closure,65536,5,736,0.050484792,14579,955426260,16.000000,1824.000000
parent/closure,65536,6,736,0.050589041,14549,953457410,16.000000,1824.000000
parent/group,65536,0,736,0.050362125,14614,957753391,20.000000,1976.000000
parent/group,65536,1,736,0.050695208,14518,951460659,20.000000,1976.000000
parent/group,65536,2,736,0.050442833,14591,956220996,20.000000,1976.000000
parent/group,65536,3,736,0.050504500,14573,955053431,20.000000,1976.000000
parent/group,65536,4,736,0.050344292,14619,958092647,20.000000,1976.000000
parent/group,65536,5,736,0.050418375,14598,956684859,20.000000,1976.000000
parent/group,65536,6,736,0.050371583,14611,957573559,20.000000,1976.000000
parent/tuple,65536,0,736,0.050624625,14538,952787226,17.000000,1584.000000
parent/tuple,65536,1,736,0.050603208,14545,953190478,17.000000,1584.000000
parent/tuple,65536,2,736,0.050706833,14515,951242528,17.000000,1584.000000
parent/tuple,65536,3,736,0.050572417,14553,953770827,17.000000,1584.000000
parent/tuple,65536,4,736,0.050811375,14485,949285391,17.000000,1584.000000
parent/tuple,65536,5,736,0.050513417,14570,954884838,17.000000,1584.000000
parent/tuple,65536,6,736,0.050583750,14550,953557140,17.000000,1584.000000
parent/focus_control,65536,0,736,0.050499458,14574,955148786,10.000000,1176.000000
parent/focus_control,65536,1,736,0.050585041,14550,953532804,10.000000,1176.000000
parent/focus_control,65536,2,736,0.050588166,14549,953473901,10.000000,1176.000000
parent/focus_control,65536,3,736,0.050555208,14558,954095491,10.000000,1176.000000
parent/focus_control,65536,4,736,0.050571875,14554,953781049,10.000000,1176.000000
parent/focus_control,65536,5,736,0.050591000,14548,953420490,10.000000,1176.000000
parent/focus_control,65536,6,736,0.050613708,14542,952992735,10.000000,1176.000000
transform/clone,65536,0,736,0.050291375,14635,959100760,10.000000,1136.000000
transform/clone,65536,1,736,0.050157250,14674,961665482,10.000000,1136.000000
transform/clone,65536,2,736,0.050146208,14677,961877237,10.000000,1136.000000
transform/clone,65536,3,736,0.050178833,14668,961251849,10.000000,1136.000000
transform/clone,65536,4,736,0.050189083,14665,961055535,10.000000,1136.000000
transform/clone,65536,5,736,0.050124875,14683,962286609,10.000000,1136.000000
transform/clone,65536,6,736,0.050175125,14669,961322887,10.000000,1136.000000
transform/update,65536,0,384,0.052550209,7307,478891035,57.000000,5428.000000
transform/update,65536,1,384,0.052611083,7299,478336931,57.000000,5428.000000
transform/update,65536,2,384,0.052571958,7304,478692918,57.000000,5428.000000
transform/update,65536,3,384,0.052558291,7306,478817395,57.000000,5428.000000
transform/update,65536,4,384,0.052751542,7279,477063287,57.000000,5428.000000
transform/update,65536,5,384,0.052549125,7307,478900914,57.000000,5428.000000
transform/update,65536,6,384,0.052576916,7304,478647778,57.000000,5428.000000
transform/no_match,65536,0,512,0.052108792,9826,643930337,21.000000,1672.000000
transform/no_match,65536,1,512,0.052245208,9800,642248989,21.000000,1672.000000
transform/no_match,65536,2,512,0.052176792,9813,643091128,21.000000,1672.000000
transform/no_match,65536,3,512,0.052147917,9818,643447216,21.000000,1672.000000
transform/no_match,65536,4,512,0.052136375,9820,643589663,21.000000,1672.000000
transform/no_match,65536,5,512,0.052138875,9820,643558803,21.000000,1672.000000
transform/no_match,65536,6,512,0.052166333,9815,643220063,21.000000,1672.000000
transform/update_write,65536,0,288,0.052945875,5440,356484202,59.000000,5696.000000
transform/update_write,65536,1,288,0.053124208,5421,355287518,59.000000,5696.000000
transform/update_write,65536,2,288,0.052813917,5453,357374894,59.000000,5696.000000
transform/update_write,65536,3,288,0.053052667,5429,355766620,59.000000,5696.000000
transform/update_write,65536,4,288,0.052937333,5440,356541725,59.000000,5696.000000
transform/update_write,65536,5,288,0.052969416,5437,356325771,59.000000,5696.000000
transform/update_write,65536,6,288,0.052886792,5446,356882452,59.000000,5696.000000
parent/filter,1048576,0,64,0.068782000,930,975674799,9.000000,800.000000
parent/filter,1048576,1,64,0.068912125,929,973832457,9.000000,800.000000
parent/filter,1048576,2,64,0.069017416,927,972346806,9.000000,800.000000
parent/filter,1048576,3,64,0.068748292,931,976153182,9.000000,800.000000
parent/filter,1048576,4,64,0.068716458,931,976605401,9.000000,800.000000
parent/filter,1048576,5,64,0.068722459,931,976520121,9.000000,800.000000
parent/filter,1048576,6,64,0.068818625,930,975155548,9.000000,800.000000
parent/nested,1048576,0,64,0.069034417,927,972107348,16.000000,1664.000000
parent/nested,1048576,1,64,0.069010709,927,972441306,16.000000,1664.000000
parent/nested,1048576,2,64,0.068917000,929,973763571,16.000000,1664.000000
parent/nested,1048576,3,64,0.068970250,928,973011755,16.000000,1664.000000
parent/nested,1048576,4,64,0.068938667,928,973457523,16.000000,1664.000000
parent/nested,1048576,5,64,0.068853333,930,974663986,16.000000,1664.000000
parent/nested,1048576,6,64,0.068834791,930,974926531,16.000000,1664.000000
parent/sort,1048576,0,64,0.068921666,929,973697647,14.000000,1104.000000
parent/sort,1048576,1,64,0.069008875,927,972467150,14.000000,1104.000000
parent/sort,1048576,2,64,0.068764958,931,975916600,14.000000,1104.000000
parent/sort,1048576,3,64,0.068799291,930,975429587,14.000000,1104.000000
parent/sort,1048576,4,64,0.068839708,930,974856895,14.000000,1104.000000
parent/sort,1048576,5,64,0.068888792,929,974162299,14.000000,1104.000000
parent/sort,1048576,6,64,0.069026958,927,972212393,14.000000,1104.000000
parent/constructor,1048576,0,64,0.068807542,930,975312619,15.000000,1392.000000
parent/constructor,1048576,1,64,0.068985375,928,972798423,15.000000,1392.000000
parent/constructor,1048576,2,64,0.068806916,930,975321492,15.000000,1392.000000
parent/constructor,1048576,3,64,0.068758083,931,976014180,15.000000,1392.000000
parent/constructor,1048576,4,64,0.068903041,929,973960844,15.000000,1392.000000
parent/constructor,1048576,5,64,0.068980417,928,972868343,15.000000,1392.000000
parent/constructor,1048576,6,64,0.068758416,931,976009453,15.000000,1392.000000
parent/closure,1048576,0,64,0.068785792,930,975621012,16.000000,1824.000000
parent/closure,1048576,1,64,0.069053667,927,971836354,16.000000,1824.000000
parent/closure,1048576,2,64,0.068767209,931,975884655,16.000000,1824.000000
parent/closure,1048576,3,64,0.068817292,930,975174437,16.000000,1824.000000
parent/closure,1048576,4,64,0.068793833,930,975506976,16.000000,1824.000000
parent/closure,1048576,5,64,0.068886666,929,974192364,16.000000,1824.000000
parent/closure,1048576,6,64,0.069044959,927,971958923,16.000000,1824.000000
parent/group,1048576,0,64,0.068903291,929,973957311,20.000000,1976.000000
parent/group,1048576,1,64,0.068949041,928,973311057,20.000000,1976.000000
parent/group,1048576,2,64,0.068793250,930,975515243,20.000000,1976.000000
parent/group,1048576,3,64,0.068917375,929,973758272,20.000000,1976.000000
parent/group,1048576,4,64,0.068786667,930,975608602,20.000000,1976.000000
parent/group,1048576,5,64,0.068780333,930,975698446,20.000000,1976.000000
parent/group,1048576,6,64,0.068739041,931,976284554,20.000000,1976.000000
parent/tuple,1048576,0,64,0.068951042,928,973282811,17.000000,1584.000000
parent/tuple,1048576,1,64,0.068907791,929,973893707,17.000000,1584.000000
parent/tuple,1048576,2,64,0.068864791,929,974501818,17.000000,1584.000000
parent/tuple,1048576,3,64,0.068824792,930,975068170,17.000000,1584.000000
parent/tuple,1048576,4,64,0.068847833,930,974741848,17.000000,1584.000000
parent/tuple,1048576,5,64,0.068775875,931,975761690,17.000000,1584.000000
parent/tuple,1048576,6,64,0.068777583,931,975737458,17.000000,1584.000000
parent/focus_control,1048576,0,64,0.069059791,927,971750175,10.000000,1176.000000
parent/focus_control,1048576,1,64,0.069080792,926,971454757,10.000000,1176.000000
parent/focus_control,1048576,2,64,0.068935041,928,973508727,10.000000,1176.000000
parent/focus_control,1048576,3,64,0.068845083,930,974780784,10.000000,1176.000000
parent/focus_control,1048576,4,64,0.068949292,928,973307514,10.000000,1176.000000
parent/focus_control,1048576,5,64,0.068934166,928,973521084,10.000000,1176.000000
parent/focus_control,1048576,6,64,0.068878084,929,974313745,10.000000,1176.000000
transform/clone,1048576,0,64,0.068872541,929,974392160,10.000000,1136.000000
transform/clone,1048576,1,64,0.068831167,930,974977861,10.000000,1136.000000
transform/clone,1048576,2,64,0.069139167,926,970634546,10.000000,1136.000000
transform/clone,1048576,3,64,0.068924792,929,973653486,10.000000,1136.000000
transform/clone,1048576,4,64,0.068928083,929,973606998,10.000000,1136.000000
transform/clone,1048576,5,64,0.068882375,929,974253051,10.000000,1136.000000
transform/clone,1048576,6,64,0.068943375,928,973391047,10.000000,1136.000000
transform/update,1048576,0,32,0.068374083,468,490747817,57.000000,5428.000000
transform/update,1048576,1,32,0.068374750,468,490743030,57.000000,5428.000000
transform/update,1048576,2,32,0.068401542,468,490550812,57.000000,5428.000000
transform/update,1048576,3,32,0.068339583,468,490995563,57.000000,5428.000000
transform/update,1048576,4,32,0.068431250,468,490337850,57.000000,5428.000000
transform/update,1048576,5,32,0.068255875,469,491597712,57.000000,5428.000000
transform/update,1048576,6,32,0.068213000,469,491906704,57.000000,5428.000000
transform/no_match,1048576,0,32,0.051503333,621,651500205,21.000000,1672.000000
transform/no_match,1048576,1,32,0.051257458,624,654625362,21.000000,1672.000000
transform/no_match,1048576,2,32,0.051279583,624,654342919,21.000000,1672.000000
transform/no_match,1048576,3,32,0.051251625,624,654699866,21.000000,1672.000000
transform/no_match,1048576,4,32,0.051294541,624,654152106,21.000000,1672.000000
transform/no_match,1048576,5,32,0.051246167,624,654769595,21.000000,1672.000000
transform/no_match,1048576,6,32,0.051247708,624,654749906,21.000000,1672.000000
transform/update_write,1048576,0,32,0.092427292,346,363035974,59.000000,5696.000000
transform/update_write,1048576,1,32,0.092245541,347,363751263,59.000000,5696.000000
transform/update_write,1048576,2,32,0.092223834,347,363836880,59.000000,5696.000000
transform/update_write,1048576,3,32,0.092274792,347,363635954,59.000000,5696.000000
transform/update_write,1048576,4,32,0.092280584,347,363613130,59.000000,5696.000000
transform/update_write,1048576,5,32,0.092367792,346,363269829,59.000000,5696.000000
transform/update_write,1048576,6,32,0.092289708,347,363577182,59.000000,5696.000000
parent/wide_filter_sum,73,0,38688,0.050017750,773485,56464435,9.000000,800.000000
parent/wide_filter_sum,73,1,38208,0.050009125,764021,55773501,9.000000,800.000000
parent/wide_filter_sum,73,2,38176,0.050005458,763437,55730876,9.000000,800.000000
parent/wide_filter_sum,73,3,38432,0.050010833,768474,56098566,9.000000,800.000000
parent/wide_filter_sum,73,4,38592,0.050026042,771438,56314989,9.000000,800.000000
parent/wide_filter_sum,73,5,38208,0.050010208,764004,55772294,9.000000,800.000000
parent/wide_filter_sum,73,6,38528,0.050016208,770310,56232652,9.000000,800.000000
parent/wide_sort,73,0,35008,0.050041458,699580,51069335,18.000000,1440.000000
parent/wide_sort,73,1,35296,0.050004584,705855,51527436,18.000000,1440.000000
parent/wide_sort,73,2,34656,0.050003333,693074,50594387,18.000000,1440.000000
parent/wide_sort,73,3,34784,0.050036667,695170,50747425,18.000000,1440.000000
parent/wide_sort,73,4,34752,0.050002750,695002,50735130,18.000000,1440.000000
parent/wide_sort,73,5,34976,0.050034292,699041,51029962,18.000000,1440.000000
parent/wide_sort,73,6,34976,0.050019125,699253,51045435,18.000000,1440.000000
transform/wide_update,73,0,20224,0.050059584,403999,29491895,46.000000,4884.000000
transform/wide_update,73,1,20352,0.050052625,406612,29682679,46.000000,4884.000000
transform/wide_update,73,2,20192,0.050040958,403509,29456191,46.000000,4884.000000
transform/wide_update,73,3,20352,0.050034042,406763,29693703,46.000000,4884.000000
transform/wide_update,73,4,20096,0.050051458,401507,29309995,46.000000,4884.000000
transform/wide_update,73,5,19968,0.050034959,399081,29132911,46.000000,4884.000000
transform/wide_update,73,6,20128,0.050053292,402131,29355592,46.000000,4884.000000
transform/wide_write,73,0,16320,0.050059416,326013,23798919,54.000000,5784.000000
transform/wide_write,73,1,15904,0.050054583,317733,23194519,54.000000,5784.000000
transform/wide_write,73,2,16128,0.050005167,322527,23544447,54.000000,5784.000000
transform/wide_write,73,3,16288,0.050072833,325286,23745890,54.000000,5784.000000
transform/wide_write,73,4,16192,0.050050875,323511,23616290,54.000000,5784.000000
transform/wide_write,73,5,16192,0.050019334,323715,23631182,54.000000,5784.000000
transform/wide_write,73,6,16224,0.050067833,324040,23654948,54.000000,5784.000000
parent/wide_filter_sum,2048,0,1760,0.050738000,34688,71041034,133.000000,13200.000000
parent/wide_filter_sum,2048,1,1760,0.050086333,35139,71965340,133.000000,13200.000000
parent/wide_filter_sum,2048,2,1760,0.050131584,35108,71900381,133.000000,13200.000000
parent/wide_filter_sum,2048,3,1760,0.050136708,35104,71893033,133.000000,13200.000000
parent/wide_filter_sum,2048,4,1760,0.050209834,35053,71788327,133.000000,13200.000000
parent/wide_filter_sum,2048,5,1792,0.050868083,35228,72147716,133.000000,13200.000000
parent/wide_filter_sum,2048,6,1760,0.050062583,35156,71999481,133.000000,13200.000000
parent/wide_sort,2048,0,512,0.050630000,10113,20710567,332.000000,33552.000000
parent/wide_sort,2048,1,512,0.050895042,10060,20602714,332.000000,33552.000000
parent/wide_sort,2048,2,512,0.050644666,10110,20704569,332.000000,33552.000000
parent/wide_sort,2048,3,512,0.050794875,10080,20643342,332.000000,33552.000000
parent/wide_sort,2048,4,512,0.050606458,10117,20720201,332.000000,33552.000000
parent/wide_sort,2048,5,512,0.050485208,10142,20769965,332.000000,33552.000000
parent/wide_sort,2048,6,512,0.050403375,10158,20803686,332.000000,33552.000000
transform/wide_update,2048,0,832,0.050842125,16364,33514256,804.000000,90544.000000
transform/wide_update,2048,1,832,0.050923125,16338,33460947,804.000000,90544.000000
transform/wide_update,2048,2,832,0.051367750,16197,33171319,804.000000,90544.000000
transform/wide_update,2048,3,800,0.050061250,15980,32727908,804.000000,90544.000000
transform/wide_update,2048,4,832,0.050987125,16318,33418946,804.000000,90544.000000
transform/wide_update,2048,5,800,0.050020750,15993,32754407,804.000000,90544.000000
transform/wide_update,2048,6,832,0.051407167,16185,33145884,804.000000,90544.000000
transform/wide_write,2048,0,672,0.052472250,12807,26228264,1060.000000,119344.000000
transform/wide_write,2048,1,672,0.052398959,12825,26264949,1060.000000,119344.000000
transform/wide_write,2048,2,672,0.052451084,12812,26238848,1060.000000,119344.000000
transform/wide_write,2048,3,640,0.050060250,12785,26182850,1060.000000,119344.000000
transform/wide_write,2048,4,608,0.050247167,12100,24781178,1060.000000,119344.000000
transform/wide_write,2048,5,608,0.050689083,11995,24565132,1060.000000,119344.000000
transform/wide_write,2048,6,640,0.051257750,12486,25571158,1060.000000,119344.000000
parent/wide_filter_sum,33180,0,128,0.056732792,2256,74860409,2053.000000,205200.000000
parent/wide_filter_sum,33180,1,128,0.056676334,2258,74934981,2053.000000,205200.000000
parent/wide_filter_sum,33180,2,128,0.058344667,2194,72792257,2053.000000,205200.000000
parent/wide_filter_sum,33180,3,128,0.057469167,2227,73901193,2053.000000,205200.000000
parent/wide_filter_sum,33180,4,128,0.056915458,2249,74620150,2053.000000,205200.000000
parent/wide_filter_sum,33180,5,128,0.056542250,2264,75112681,2053.000000,205200.000000
parent/wide_filter_sum,33180,6,128,0.056248333,2276,75505171,2053.000000,205200.000000
parent/wide_sort,33180,0,32,0.078596125,407,13509063,5136.000000,532752.000000
parent/wide_sort,33180,1,32,0.079772834,401,13309794,5136.000000,532752.000000
parent/wide_sort,33180,2,32,0.075679500,423,14029691,5136.000000,532752.000000
parent/wide_sort,33180,3,32,0.075613542,423,14041929,5136.000000,532752.000000
parent/wide_sort,33180,4,32,0.076257000,420,13923443,5136.000000,532752.000000
parent/wide_sort,33180,5,32,0.076778542,417,13828864,5136.000000,532752.000000
parent/wide_sort,33180,6,32,0.075388041,424,14083931,5136.000000,532752.000000
transform/wide_update,33180,0,64,0.063205500,1013,33597076,12490.000000,1434360.000000
transform/wide_update,33180,1,64,0.063616250,1006,33380151,12490.000000,1434360.000000
transform/wide_update,33180,2,64,0.063053792,1015,33677911,12490.000000,1434360.000000
transform/wide_update,33180,3,64,0.063957250,1001,33202178,12490.000000,1434360.000000
transform/wide_update,33180,4,64,0.064364250,994,32992228,12490.000000,1434360.000000
transform/wide_update,33180,5,64,0.062800500,1019,33813744,12490.000000,1434360.000000
transform/wide_update,33180,6,64,0.063802708,1003,33282600,12490.000000,1434360.000000
transform/wide_write,33180,0,64,0.080405625,796,26410093,16586.000000,1895160.000000
transform/wide_write,33180,1,64,0.080845500,792,26266397,16586.000000,1895160.000000
transform/wide_write,33180,2,64,0.079955584,800,26558745,16586.000000,1895160.000000
transform/wide_write,33180,3,64,0.080118834,799,26504629,16586.000000,1895160.000000
transform/wide_write,33180,4,64,0.084998292,753,24983090,16586.000000,1895160.000000
transform/wide_write,33180,5,64,0.080315375,797,26439769,16586.000000,1895160.000000
transform/wide_write,33180,6,64,0.080432500,796,26401268,16586.000000,1895160.000000
