$ just all
cargo fmt --all -- --check
just clippy
cargo clippy --workspace --all-targets --all-features --locked -- -D warnings
    Checking jx v0.1.0 (/Users/josh/Documents/Workspace/jo-cube/jx/crates/jx)
    Checking jx-cli v0.1.0 (/Users/josh/Documents/Workspace/jo-cube/jx/crates/jx-cli)
    Finished `dev` profile [unoptimized + debuginfo] target(s) in 7.44s
just test
cargo test --workspace --all-features --locked
   Compiling jx v0.1.0 (/Users/josh/Documents/Workspace/jo-cube/jx/crates/jx)
   Compiling jx-cli v0.1.0 (/Users/josh/Documents/Workspace/jo-cube/jx/crates/jx-cli)
    Finished `test` profile [unoptimized + debuginfo] target(s) in 8.58s
     Running unittests src/lib.rs (target/debug/deps/jx-5c96f2e0bb1691e3)

running 19 tests
test json::string::tests::size_hints_bound_remaining_units ... ok
test json::string::tests::equal_strings_have_equal_fingerprints ... ok
test constant::tests::fingerprint_collisions_require_exact_key_equality ... ok
test function::acquire::tests::effects_in_arguments_and_dynamic_targets_stay_on_the_tree ... ok
test plan::tests::dynamic_effects_and_retained_results_do_not_lower_as_callbacks ... ok
test plan::tests::shared_computations_keep_wide_constructors_in_one_region ... ok
test runtime::tests::an_older_frame_write_keeps_its_new_capture_alive ... ok
test plan::tests::nested_demands_preserve_replacement_and_array_fallback ... ok
test runtime::tests::closure_focus_is_an_escape_root_even_with_an_older_frame ... ok
test value::tests::concatenation_preserves_encoding_and_shared_identity ... ok
test plan::tests::whole_regions_lower ... ok
test runtime::tests::temporary_captures_release_their_frames_before_record_completion ... ok
test plan::tests::pure_callback_folds_match_staged_tree_errors ... ok
test function::acquire::tests::captured_calls_match_original_calls_and_exact_errors ... ok
test plan::tests::parameter_regions_lower_and_match_original_calls ... ok
test plan::tests::plan_and_tree_agree_on_values_and_exact_errors ... ok
test plan::tests::native_regions_match_interpreter_and_error_fallback ... ok
test plan::tests::fixed_objects_lookup_and_capture_match_the_tree ... ok
test plan::tests::branches_and_folds_match_the_tree ... ok

test result: ok. 19 passed; 0 failed; 0 ignored; 0 measured; 0 filtered out; finished in 2.12s

     Running tests/acquisition.rs (target/debug/deps/acquisition-fddd630ef24f00c6)

running 2 tests
test captured_arguments_borrow_input_and_validation_precedes_effects ... ok
test acquisition_lookup_and_string_results ... ok

test result: ok. 2 passed; 0 failed; 0 ignored; 0 measured; 0 filtered out; finished in 0.01s

     Running tests/aggregates.rs (target/debug/deps/aggregates-e8734b6346d56d17)

running 5 tests
test aggregate_calls_keep_syntax_and_depth_limits_explicit ... ok
test validation_cancellation_and_mapped_aggregate_errors ... ok
test aggregate_arguments_finish_before_type_or_arity_checks ... ok
test aggregates_preserve_ieee_values_and_signed_zero ... ok
test aggregate_semantics ... ok

test result: ok. 5 passed; 0 failed; 0 ignored; 0 measured; 0 filtered out; finished in 0.01s

     Running tests/builtins.rs (target/debug/deps/builtins-66305aca1dd372f4)

running 5 tests
test missing_matchers_and_host_exceptions_are_explicit ... ok
test computed_strings_preserve_json_encoding_and_surrogate_units ... ok
test validation_and_argument_errors_precede_callback_execution ... ok
test builtin_retention_keeps_input_borrowing_and_evaluates_arguments_once ... ok
test builtin_semantics ... ok

test result: ok. 5 passed; 0 failed; 0 ignored; 0 measured; 0 filtered out; finished in 0.01s

     Running tests/compiler.rs (target/debug/deps/compiler-6689f7cc0f07a3db)

running 4 tests
test constant_errors_remain_runtime_errors_after_validation ... ok
test static_lookup_still_validates_and_normalizes_its_key ... ok
test lookup_shapes_keys_and_calls ... ok
test constant_construction_keeps_identity_and_shape ... ok

test result: ok. 4 passed; 0 failed; 0 ignored; 0 measured; 0 filtered out; finished in 0.00s

     Running tests/composition.rs (target/debug/deps/composition-d091b762db445c15)

running 7 tests
test concatenation_preserves_escape_and_surrogate_boundaries ... ok
test jsonata_stringification_is_distinct_from_output_serialization ... ok
test string_identity_and_partial_arguments_keep_borrowing ... ok
test validation_and_error_order_are_preserved ... ok
test composed_calls_keep_resource_limits_and_record_isolation ... ok
test direct_path_conversion_matches_dynamic_calls ... ok
test conversion_and_composition_semantics ... ok

test result: ok. 7 passed; 0 failed; 0 ignored; 0 measured; 0 filtered out; finished in 0.01s

     Running tests/conformance.rs (target/debug/deps/conformance-0fc7605ce1f87cd0)

running 1 test
test pinned_upstream_groups_have_explicit_expected_outcomes ... ok

test result: ok. 1 passed; 0 failed; 0 ignored; 0 measured; 0 filtered out; finished in 2.26s

     Running tests/consolidation.rs (target/debug/deps/consolidation-3c313049375ebe4e)

running 5 tests
test traversal_cancellation_still_follows_complete_validation ... ok
test nested_lookup_preserves_array_boundaries_and_decoded_duplicate_keys ... ok
test immediate_calls_preserve_rebinding_and_escaping_captures ... ok
test ordering_and_grouping_preserve_upstream_outcomes ... ok
test wide_groups_compare_encoded_keys_without_losing_member_order ... ok

test result: ok. 5 passed; 0 failed; 0 ignored; 0 measured; 0 filtered out; finished in 0.01s

     Running tests/constructors.rs (target/debug/deps/constructors-d3cfc7bb58f9822a)

running 9 tests
test null_collapse_reports_a_type_error_instead_of_a_host_exception ... ok
test object_construction_does_not_mutate_empty_input_arrays ... ok
test implicit_string_iteration_after_constructor_collapse_is_explicitly_deferred ... ok
test serialization_keeps_unicode_units_and_arbitrary_json_keys ... ok
test construction_preserves_internal_numbers_and_undefined ... ok
test containers_own_structure_and_retain_borrowed_members ... ok
test construction_validates_before_output_and_cancels_between_containers ... ok
test constructor_syntax_and_depth_are_bounded ... ok
test constructor_semantics ... ok

test result: ok. 9 passed; 0 failed; 0 ignored; 0 measured; 0 filtered out; finished in 0.01s

     Running tests/effects.rs (target/debug/deps/effects-28541024366eac56)

running 8 tests
test dynamic_randomness_shares_the_injected_source ... ok
test eval_errors_keep_the_nested_diagnostic ... ok
test skipped_effects_and_trivial_shuffles_do_not_draw ... ok
test dynamic_results_borrow_input_and_validation_precedes_effects ... ok
test dynamic_errors_preserve_effects_and_shuffle_uses_one_shared_stream ... ok
test compatibility_boundaries_are_explicit ... ok
test injected_randomness_is_shared_and_not_replayed ... ok
test dynamic_evaluation_semantics ... ok

test result: ok. 8 passed; 0 failed; 0 ignored; 0 measured; 0 filtered out; finished in 0.20s

     Running tests/execution.rs (target/debug/deps/execution-f9df5c73de892a85)

running 7 tests
test planned_regions_do_not_round_borrowed_output ... ok
test numeric_regions_keep_validation_and_error_precedence ... ok
test numeric_regions_accept_constructed_and_retained_contexts ... ok
test numeric_regions_compose_with_contexts_and_retention ... ok
test branches_fixed_objects_and_streamed_folds_compose ... ok
test numeric_regions_preserve_missing_shape_and_record_isolation ... ok
test numeric_regions_preserve_ordering_and_stream_cancellation ... ok

test result: ok. 7 passed; 0 failed; 0 ignored; 0 measured; 0 filtered out; finished in 0.01s

     Running tests/filters.rs (target/debug/deps/filters-7e7c9fecc2848747)

running 5 tests
test undefined_sequence_items_remain_distinct_from_null ... ok
test filtered_values_borrow_input_and_cancellation_stops_predicates ... ok
test upstream_stage_errors_take_precedence_over_later_stage_errors ... ok
test filter_semantics ... ok
test filters_have_bounded_depth_and_keep_deferred_syntax_explicit ... ok

test result: ok. 5 passed; 0 failed; 0 ignored; 0 measured; 0 filtered out; finished in 0.01s

     Running tests/formatting.rs (target/debug/deps/formatting-be5c2b0c414926a5)

running 2 tests
test pictures_do_not_change_validation_or_argument_order ... ok
test numeric_and_date_picture_semantics ... ok

test result: ok. 2 passed; 0 failed; 0 ignored; 0 measured; 0 filtered out; finished in 0.02s

     Running tests/functions.rs (target/debug/deps/functions-436d6e2d218cf6d0)

running 5 tests
test ambiguous_signature_matching_is_bounded ... ok
test frame_recycling_preserves_escaped_callback_bindings ... ok
test function_runtime_semantics ... ok
test tail_borrowing_validation_and_reuse ... ok
test infinite_tail_calls_use_execution_budget_and_release_the_record ... ok

test result: ok. 5 passed; 0 failed; 0 ignored; 0 measured; 0 filtered out; finished in 0.64s

     Running tests/helpers.rs (target/debug/deps/helpers-1f5b97d8843311ce)

running 4 tests
test user_messages_and_comment_errors_are_explicit ... ok
test predicates_after_grouping_require_a_path_or_boundary ... ok
test helpers_preserve_borrowing_and_validation ... ok
test everyday_helper_semantics ... ok

test result: ok. 4 passed; 0 failed; 0 ignored; 0 measured; 0 filtered out; finished in 0.01s

     Running tests/json_validation.rs (target/debug/deps/json_validation-766a849e309a34a0)

running 6 tests
test valid_json_syntax_and_utf8 ... ok
test invalid_json_syntax ... ok
test rejects_invalid_utf8_anywhere_even_in_unselected_fields ... ok
test deterministic_mutations_agree_with_serde_on_common_json_domain ... ok
test depth_limit_and_large_shallow_records ... ok
test planned_capture_preserves_complete_validation_and_exact_diagnostics ... ok

test result: ok. 6 passed; 0 failed; 0 ignored; 0 measured; 0 filtered out; finished in 0.05s

     Running tests/lexical.rs (target/debug/deps/lexical-a04beed457ddb015)

running 8 tests
test function_results_are_opaque_and_not_json ... ok
test retained_bindings_preserve_input_borrowing ... ok
test retained_output_obeys_consumer_cancellation ... ok
test recursion_accounts_for_large_function_bodies ... ok
test deferred_features_and_constructor_binding_races_are_explicit ... ok
test recursion_is_bounded_and_an_error_does_not_poison_reuse ... ok
test evaluations_isolate_scope_and_validate_before_execution ... ok
test lexical_semantics ... ok

test result: ok. 8 passed; 0 failed; 0 ignored; 0 measured; 0 filtered out; finished in 0.01s

     Running tests/matchers.rs (target/debug/deps/matchers-57a7c32c31cf3792)

running 5 tests
test complete_validation_precedes_matcher_execution ... ok
test legacy_case_folding_and_native_coercion_are_explicitly_deferred ... ok
test independent_evaluations_and_cloned_expressions_have_fresh_cursors ... ok
test borrowing_and_continuation_retention ... ok
test matcher_semantics ... ok

test result: ok. 5 passed; 0 failed; 0 ignored; 0 measured; 0 filtered out; finished in 0.01s

     Running tests/navigation.rs (target/debug/deps/navigation-da534b6191b152fd)

running 4 tests
test range_limits_and_deferred_tuple_navigation_are_explicit ... ok
test nested_fallbacks_compile_without_expanding_the_left_tree ... ok
test validation_borrowing_and_cancellation ... ok
test navigation_semantics ... ok

test result: ok. 4 passed; 0 failed; 0 ignored; 0 measured; 0 filtered out; finished in 0.01s

     Running tests/regions.rs (target/debug/deps/regions-7e8c7f0e540367a4)

running 3 tests
test validation_precedes_planned_calls_and_fold_output ... ok
test effectful_callbacks_keep_random_draw_order ... ok
test pure_region_results_and_fallbacks_match_readable_cases ... ok

test result: ok. 3 passed; 0 failed; 0 ignored; 0 measured; 0 filtered out; finished in 0.01s

     Running tests/runtime.rs (target/debug/deps/runtime-23b8d62cb90e0b41)

running 4 tests
test temporary_callback_captures_do_not_replay_effects ... ok
test transient_and_escaped_callbacks_preserve_borrowed_input ... ok
test dynamic_plan_guards_preserve_errors_and_record_reuse ... ok
test runtime_boundary_semantics ... ok

test result: ok. 4 passed; 0 failed; 0 ignored; 0 measured; 0 filtered out; finished in 0.01s

     Running tests/scalars.rs (target/debug/deps/scalars-75004ee9111bc0f8)

running 7 tests
test computed_scalars_and_literal_strings_need_no_owned_output ... ok
test operator_errors_have_expression_offsets_after_complete_validation ... ok
test expression_whitespace_matches_the_language_tokenizer ... ok
test duplicate_keys_unicode_and_binary64_boundaries ... ok
test compile_errors_and_expression_depth_are_bounded ... ok
test scalar_operators_and_sequence_operands ... ok
test structural_equality_and_boolean_casting_respect_input_depth_limits ... ok

test result: ok. 7 passed; 0 failed; 0 ignored; 0 measured; 0 filtered out; finished in 0.01s

     Running tests/semantics.rs (target/debug/deps/semantics-e81111d0cf4583a3)

running 8 tests
test serialization_propagates_consumer_failure ... ok
test compact_serialization_preserves_string_and_number_bytes ... ok
test unsupported_semantics_fail_explicitly ... ok
test results_borrow_input_not_the_expression ... ok
test validate_before_returning_a_selected_value_or_semantic_error ... ok
test field_names_compare_decoded_escapes ... ok
test object_paths_missing_and_raw_values ... ok
test compile_once_reuse_across_records_and_threads ... ok

test result: ok. 8 passed; 0 failed; 0 ignored; 0 measured; 0 filtered out; finished in 0.00s

     Running tests/sequences.rs (target/debug/deps/sequences-45a914b4804066a3)

running 6 tests
test streamed_values_borrow_their_original_ranges ... ok
test fully_validate_before_emitting_any_sequence_item ... ok
test cancellation_preserves_the_consumer_error_and_stops_emission ... ok
test duplicate_keys_and_escaped_names_inside_arrays ... ok
test array_navigation_and_sequence_boundaries ... ok
test traversal_is_bounded_by_validated_input_depth_not_array_width ... ok

test result: ok. 6 passed; 0 failed; 0 ignored; 0 measured; 0 filtered out; finished in 0.03s

     Running tests/structure.rs (target/debug/deps/structure-c96a5c1de275f2ae)

running 8 tests
test undeducible_parents_fail_without_recursive_analysis ... ok
test transform_alias_boundaries_are_explicit ... ok
test validation_cancellation_and_record_isolation ... ok
test unsupported_non_json_transform_edges_are_explicit ... ok
test clone_conversion_preserves_utf16_and_checks_all_numeric_leaves ... ok
test clones_and_updates_keep_unrelated_leaves_borrowed ... ok
test resolved_parent_paths_count_toward_the_function_stack_budget ... ok
test parent_and_transform_semantics ... ok

test result: ok. 8 passed; 0 failed; 0 ignored; 0 measured; 0 filtered out; finished in 0.02s

     Running tests/tuples.rs (target/debug/deps/tuples-fea223487823e4bd)

running 5 tests
test invalid_bindings_and_parent_navigation_remain_explicit ... ok
test an_empty_scoped_group_constructs_an_empty_object ... ok
test scoped_paths_validate_before_output_and_borrow_selected_values ... ok
test cancellation_stops_scoped_stages_before_later_errors ... ok
test scoped_path_semantics ... ok

test result: ok. 5 passed; 0 failed; 0 ignored; 0 measured; 0 filtered out; finished in 0.01s

     Running unittests src/main.rs (target/debug/deps/jx-d804563ca08791e9)

running 3 tests
test stream::tests::oversized_unterminated_record_stays_bounded ... ok
test stream::tests::output_failure_stops_before_consuming_the_next_record ... ok
test stream::tests::framing_is_independent_of_buffer_boundaries ... ok

test result: ok. 3 passed; 0 failed; 0 ignored; 0 measured; 0 filtered out; finished in 0.00s

     Running tests/cli.rs (target/debug/deps/cli-315b7d1277d580b2)

running 23 tests
test formatting_is_compiled_once_and_streams_records ... ok
test errors_have_distinct_exit_codes_and_record_context ... ok
test everyday_helpers_and_user_errors_stream_records ... ok
test filters_frame_values_and_report_streamed_errors ... ok
test aggregates_distinguish_missing_empty_and_failed_records ... ok
test invalid_record_never_emits_a_partial_sequence ... ok
test builtins_frame_sequences_and_escape_computed_strings ... ok
test conversion_and_chaining_preserve_ndjson_boundaries ... ok
test ndjson_missing_null_arrays_and_final_unterminated_record ... ok
test lexical_runtime_is_fresh_for_each_record ... ok
test matcher_results_keep_ndjson_framing_and_record_isolation ... ok
test dynamic_eval_streams_records_and_wraps_errors ... ok
test kept_sequences_and_reductions_preserve_record_framing ... ok
test exact_record_limit_including_cr_but_excluding_lf ... ok
test constructors_frame_complete_outputs_and_mapped_failures ... ok
test streams_multiple_files_and_stdin_in_order ... ok
test scoped_paths_reset_bindings_and_preserve_sequence_framing ... ok
test parent_navigation_and_transforms_preserve_record_boundaries ... ok
test help_empty_input_options_and_invalid_utf8 ... ok
test signed_tail_functions_stream_and_report_record_errors ... ok
test sequences_are_separate_lines_and_raw_arrays_stay_values ... ok
test scalar_results_and_runtime_errors_are_framed_per_record ... ok
test native_plans_preserve_record_framing_and_failure_output ... ok

test result: ok. 23 passed; 0 failed; 0 ignored; 0 measured; 0 filtered out; finished in 0.78s

     Running unittests src/lib.rs (target/debug/deps/jx_native-5c789b6c39b7f09b)

running 2 tests
test tests::invalid_programs_fail_without_invocation ... ok
test tests::guards_and_shared_code_lifetime ... ok

test result: ok. 2 passed; 0 failed; 0 ignored; 0 measured; 0 filtered out; finished in 0.01s

   Doc-tests jx

running 1 test
test crates/jx/src/lib.rs - (line 4) ... ok

test result: ok. 1 passed; 0 failed; 0 ignored; 0 measured; 0 filtered out; finished in 0.01s

all doctests ran in 4.25s; merged doctests compilation took 3.73s
   Doc-tests jx_native

running 0 tests

test result: ok. 0 passed; 0 failed; 0 ignored; 0 measured; 0 filtered out; finished in 0.00s

cargo bench -p jx --bench throughput --all-features --locked -- --smoke
   Compiling jx v0.1.0 (/Users/josh/Documents/Workspace/jo-cube/jx/crates/jx)
    Finished `bench` profile [optimized] target(s) in 23.71s
     Running benches/throughput.rs (target/release/deps/throughput-c4f4d8c7339efca9)
workload,input_bytes,sample,records,seconds,records_per_second,input_bytes_per_second,allocations_per_record,allocated_bytes_per_record
compile,0,0,32,0.000028125,1137778,0,8.000000,578.000000
ascii/validate,100,0,32,0.000007583,4219966,421996571,0.000000,0.000000
ascii/identity,100,0,32,0.000007916,4042446,404244568,0.000000,0.000000
ascii/shallow,100,0,32,0.000008208,3898635,389863548,0.000000,0.000000
ascii/nested,100,0,32,0.000008666,3692592,369259174,0.000000,0.000000
ascii/missing,100,0,32,0.000008250,3878788,387878788,0.000000,0.000000
ascii/array_value,100,0,32,0.000008250,3878788,387878788,0.000000,0.000000
ascii/identity_write,100,0,32,0.000013542,2363019,236301876,0.000000,0.000000
ascii/validate,500,0,32,0.000022750,1406593,703296703,0.000000,0.000000
ascii/identity,500,0,32,0.000023458,1364140,682070083,0.000000,0.000000
ascii/shallow,500,0,32,0.000023000,1391304,695652174,0.000000,0.000000
ascii/nested,500,0,32,0.000024167,1324120,662059834,0.000000,0.000000
ascii/missing,500,0,32,0.000023542,1359273,679636395,0.000000,0.000000
ascii/array_value,500,0,32,0.000023500,1361702,680851064,0.000000,0.000000
ascii/identity_write,500,0,32,0.000048416,660939,330469266,0.000000,0.000000
ascii/validate,1024,0,32,0.000042417,754415,772520452,0.000000,0.000000
ascii/identity,1024,0,32,0.000042708,749274,767256720,0.000000,0.000000
ascii/shallow,1024,0,32,0.000041000,780488,799219512,0.000000,0.000000
ascii/nested,1024,0,32,0.000043833,730044,747564620,0.000000,0.000000
ascii/missing,1024,0,32,0.000041042,779689,798401637,0.000000,0.000000
ascii/array_value,1024,0,32,0.000043083,742752,760578418,0.000000,0.000000
ascii/identity_write,1024,0,32,0.000093750,341333,349525333,0.000000,0.000000
ascii/validate,10240,0,32,0.000385208,83072,850657307,0.000000,0.000000
ascii/identity,10240,0,32,0.000380541,84091,861089869,0.000000,0.000000
ascii/shallow,10240,0,32,0.000342792,93351,955914957,0.000000,0.000000
ascii/nested,10240,0,32,0.000333625,95916,982180592,0.000000,0.000000
ascii/missing,10240,0,32,0.000335583,95356,976449939,0.000000,0.000000
ascii/array_value,10240,0,32,0.000335042,95510,978026635,0.000000,0.000000
ascii/identity_write,10240,0,32,0.000685833,46659,477783950,0.000000,0.000000
ascii/validate,65536,0,32,0.002428042,13179,863721468,0.000000,0.000000
ascii/identity,65536,0,32,0.002081125,15376,1007701123,0.000000,0.000000
ascii/shallow,65536,0,32,0.001857000,17232,1129322563,0.000000,0.000000
ascii/nested,65536,0,32,0.001664416,19226,1259992694,0.000000,0.000000
ascii/missing,65536,0,32,0.001515375,21117,1383916192,0.000000,0.000000
ascii/array_value,65536,0,32,0.001463042,21872,1433418863,0.000000,0.000000
ascii/identity_write,65536,0,32,0.003090042,10356,678680743,0.000000,0.000000
ascii/validate,1048576,0,32,0.017159417,1865,1955452915,0.000000,0.000000
ascii/identity,1048576,0,32,0.017253834,1855,1944752221,0.000000,0.000000
ascii/shallow,1048576,0,32,0.017222625,1858,1948276294,0.000000,0.000000
ascii/nested,1048576,0,32,0.017205583,1860,1950206046,0.000000,0.000000
ascii/missing,1048576,0,32,0.017282708,1852,1941503149,0.000000,0.000000
ascii/array_value,1048576,0,32,0.017240333,1856,1946275168,0.000000,0.000000
ascii/identity_write,1048576,0,32,0.040696458,786,824504973,0.000000,0.000000
structured/validate,485,0,32,0.000016458,1944343,943006441,0.000000,0.000000
structured/identity,485,0,32,0.000016791,1905783,924304687,0.000000,0.000000
structured/shallow,485,0,32,0.000017042,1877714,910691233,0.000000,0.000000
structured/nested,485,0,32,0.000017000,1882353,912941176,0.000000,0.000000
structured/missing,485,0,32,0.000016833,1901028,921998455,0.000000,0.000000
structured/array_value,485,0,32,0.000016917,1891588,917420346,0.000000,0.000000
structured/identity_write,485,0,32,0.000026084,1226806,595000767,0.000000,0.000000
unicode_escaped_keys/validate,960,0,32,0.000030875,1036437,994979757,0.000000,0.000000
unicode_escaped_keys/identity,960,0,32,0.000037542,852379,818283522,0.000000,0.000000
unicode_escaped_keys/shallow,960,0,32,0.000028833,1109839,1065445843,0.000000,0.000000
unicode_escaped_keys/nested,960,0,32,0.000028667,1116266,1071615446,0.000000,0.000000
unicode_escaped_keys/missing,960,0,32,0.000028250,1132743,1087433628,0.000000,0.000000
unicode_escaped_keys/array_value,960,0,32,0.000028541,1121194,1076346309,0.000000,0.000000
unicode_escaped_keys/identity_write,960,0,32,0.000050625,632099,606814815,0.000000,0.000000
array/shallow,78,0,32,0.000007584,4219409,329113924,0.000000,0.000000
array/nested,78,0,32,0.000008417,3801830,296542711,0.000000,0.000000
array/flatten,78,0,32,0.000007417,4314413,336524201,0.000000,0.000000
array/missing,78,0,32,0.000007334,4363240,340332697,0.000000,0.000000
array/root,67,0,32,0.000006958,4599023,308134521,0.000000,0.000000
array/cancel_first,78,0,32,0.000007500,4266667,332800000,0.000000,0.000000
array/shallow,540,0,32,0.000052667,607591,328099189,0.000000,0.000000
array/nested,540,0,32,0.000059125,541226,292262156,0.000000,0.000000
array/flatten,540,0,32,0.000058208,549753,296866410,0.000000,0.000000
array/missing,540,0,32,0.000050917,628474,339375847,0.000000,0.000000
array/root,529,0,32,0.000053041,603307,319149337,0.000000,0.000000
array/cancel_first,540,0,32,0.000027000,1185185,640000000,0.000000,0.000000
array/shallow,1074,0,32,0.000105708,302721,325122034,0.000000,0.000000
array/nested,1074,0,32,0.000119708,267317,287098607,0.000000,0.000000
array/flatten,1074,0,32,0.000116375,274973,295321160,0.000000,0.000000
array/missing,1074,0,32,0.000103000,310680,333669903,0.000000,0.000000
array/root,1063,0,32,0.000104125,307323,326684274,0.000000,0.000000
array/cancel_first,1074,0,32,0.000041959,762649,819085298,0.000000,0.000000
array/shallow,8606,0,32,0.000807958,39606,340849401,0.000000,0.000000
array/nested,8606,0,32,0.000913833,35017,301359220,0.000000,0.000000
array/flatten,8606,0,32,0.000880708,36334,312693878,0.000000,0.000000
array/missing,8606,0,32,0.000779792,41037,353160843,0.000000,0.000000
array/root,8595,0,32,0.000794125,40296,346343460,0.000000,0.000000
array/cancel_first,8606,0,32,0.000251458,127258,1095180905,0.000000,0.000000
array/shallow,69558,0,32,0.006380250,5015,348866580,0.000000,0.000000
array/nested,69558,0,32,0.007245167,4417,307219420,0.000000,0.000000
array/flatten,69558,0,32,0.006978333,4586,318966722,0.000000,0.000000
array/missing,69558,0,32,0.006108541,5239,364384229,0.000000,0.000000
array/root,69547,0,32,0.006313083,5069,352522531,0.000000,0.000000
array/cancel_first,69558,0,32,0.001970958,16236,1129326957,0.000000,0.000000
array/shallow,1135782,0,32,0.102681709,312,353958113,0.000000,0.000000
array/nested,1135782,0,32,0.116391750,275,312264606,0.000000,0.000000
array/flatten,1135782,0,32,0.112576250,284,322848061,0.000000,0.000000
array/missing,1135782,0,32,0.099830125,321,364068702,0.000000,0.000000
array/root,1135771,0,32,0.101560667,315,357861691,0.000000,0.000000
array/cancel_first,1135782,0,32,0.031204750,1025,1164727293,0.000000,0.000000
array/nested_contexts,972,0,32,0.000184500,173442,168585366,0.000000,0.000000
array/sparse,785,0,32,0.000110417,289810,227501200,0.000000,0.000000
array/deep,136,0,32,0.000021375,1497076,203602339,0.000000,0.000000
array/empty,2,0,32,0.000000541,59149723,118299445,0.000000,0.000000
array/singleton,12,0,32,0.000002417,13239553,158874638,0.000000,0.000000
array/nested_values,31,0,32,0.000007208,4439512,137624861,0.000000,0.000000
compile/scalar,0,0,32,0.000067917,471163,0,72.000000,3934.000000
scalar/literal,100,0,32,0.000002875,11130435,1113043478,0.000000,0.000000
scalar/arithmetic,100,0,32,0.000010167,3147438,314743779,0.000000,0.000000
scalar/nested,100,0,32,0.000010166,3147747,314774739,0.000000,0.000000
scalar/comparison,100,0,32,0.000009875,3240506,324050633,0.000000,0.000000
scalar/strings,100,0,32,0.000007042,4544164,454416359,0.000000,0.000000
scalar/boolean,100,0,32,0.000010917,2931208,293120821,0.000000,0.000000
scalar/missing,100,0,32,0.000009834,3254017,325401668,0.000000,0.000000
scalar/short_circuit,100,0,32,0.000003166,10107391,1010739103,0.000000,0.000000
scalar/mixed,100,0,32,0.000007750,4129032,412903226,0.000000,0.000000
scalar/write,100,0,32,0.000011083,2887305,288730488,0.000000,0.000000
scalar/literal,500,0,32,0.000009792,3267974,1633986928,0.000000,0.000000
scalar/arithmetic,500,0,32,0.000030292,1056385,528192262,0.000000,0.000000
scalar/nested,500,0,32,0.000030833,1037849,518924529,0.000000,0.000000
scalar/comparison,500,0,32,0.000030000,1066667,533333333,0.000000,0.000000
scalar/strings,500,0,32,0.000020542,1557784,778892026,0.000000,0.000000
scalar/boolean,500,0,32,0.000030584,1046299,523149359,0.000000,0.000000
scalar/missing,500,0,32,0.000030125,1062241,531120332,0.000000,0.000000
scalar/short_circuit,500,0,32,0.000010000,3200000,1600000000,0.000000,0.000000
scalar/mixed,500,0,32,0.000014625,2188034,1094017094,0.000000,0.000000
scalar/write,500,0,32,0.000031250,1024000,512000000,0.000000,0.000000
scalar/literal,1024,0,32,0.000018416,1737619,1779322328,0.000000,0.000000
scalar/arithmetic,1024,0,32,0.000055667,574847,588643182,0.000000,0.000000
scalar/nested,1024,0,32,0.000055666,574857,588653756,0.000000,0.000000
scalar/comparison,1024,0,32,0.000055209,579616,593526418,0.000000,0.000000
scalar/strings,1024,0,32,0.000037375,856187,876735786,0.000000,0.000000
scalar/boolean,1024,0,32,0.000055625,575281,589087640,0.000000,0.000000
scalar/missing,1024,0,32,0.000055166,580067,593989051,0.000000,0.000000
scalar/short_circuit,1024,0,32,0.000018500,1729730,1771243243,0.000000,0.000000
scalar/mixed,1024,0,32,0.000023250,1376344,1409376344,0.000000,0.000000
scalar/write,1024,0,32,0.000056625,565121,578684327,0.000000,0.000000
scalar/literal,10240,0,32,0.000169750,188513,1930368189,0.000000,0.000000
scalar/arithmetic,10240,0,32,0.000500542,63931,654650359,0.000000,0.000000
scalar/nested,10240,0,32,0.000514208,62232,637251851,0.000000,0.000000
scalar/comparison,10240,0,32,0.000501125,63856,653888750,0.000000,0.000000
scalar/strings,10240,0,32,0.000334333,95713,980100678,0.000000,0.000000
scalar/boolean,10240,0,32,0.000501458,63814,653454527,0.000000,0.000000
scalar/missing,10240,0,32,0.000498459,64198,657386064,0.000000,0.000000
scalar/short_circuit,10240,0,32,0.000181625,176187,1804156917,0.000000,0.000000
scalar/mixed,10240,0,32,0.000180209,177572,1818333158,0.000000,0.000000
scalar/write,10240,0,32,0.000504208,63466,649890521,0.000000,0.000000
scalar/literal,65536,0,32,0.001094625,29234,1915863424,0.000000,0.000000
scalar/arithmetic,65536,0,32,0.003184334,10049,658584181,0.000000,0.000000
scalar/nested,65536,0,32,0.003162250,10119,663183493,0.000000,0.000000
scalar/comparison,65536,0,32,0.003161166,10123,663410906,0.000000,0.000000
scalar/strings,65536,0,32,0.002117292,15114,990487850,0.000000,0.000000
scalar/boolean,65536,0,32,0.003181000,10060,659274442,0.000000,0.000000
scalar/missing,65536,0,32,0.003195625,10014,656257227,0.000000,0.000000
scalar/short_circuit,65536,0,32,0.001077583,29696,1946162848,0.000000,0.000000
scalar/mixed,65536,0,32,0.001082000,29575,1938218115,0.000000,0.000000
scalar/write,65536,0,32,0.003156875,10137,664312651,0.000000,0.000000
scalar/literal,1048576,0,32,0.017263167,1854,1943700828,0.000000,0.000000
scalar/arithmetic,1048576,0,32,0.050659791,632,662348410,0.000000,0.000000
scalar/nested,1048576,0,32,0.050567458,633,663557816,0.000000,0.000000
scalar/comparison,1048576,0,32,0.050723875,631,661511606,0.000000,0.000000
scalar/strings,1048576,0,32,0.033993166,941,987093465,0.000000,0.000000
scalar/boolean,1048576,0,32,0.050621250,632,662852695,0.000000,0.000000
scalar/missing,1048576,0,32,0.050681500,631,662064698,0.000000,0.000000
scalar/short_circuit,1048576,0,32,0.017215708,1859,1949059080,0.000000,0.000000
scalar/mixed,1048576,0,32,0.017298833,1850,1939693389,0.000000,0.000000
scalar/write,1048576,0,32,0.050546416,633,663834049,0.000000,0.000000
scalar/sequence_boolean,330,0,32,0.000057125,560175,184857768,0.000000,0.000000
scalar/sequence_array_equality,330,0,32,0.000081083,394657,130236918,0.000000,0.000000
scalar/sequence_equality,330,0,32,0.000104333,306710,101214381,3.000000,672.000000
scalar/array_equality,330,0,32,0.000122250,261759,86380368,16.000000,3264.000000
scalar/singleton,15,0,32,0.000003875,8258065,123870968,0.000000,0.000000
scalar/sequence_type_error,330,0,32,0.000035500,901408,297464789,0.000000,0.000000
scalar/object_equality,125,0,32,0.000045750,699454,87431694,3.000000,1396.000000
scalar/object_equality,2389,0,32,0.000741667,43146,103075909,7.000000,24948.000000
scalar/escaped_strings,26,0,32,0.000002792,11461318,297994269,0.000000,0.000000
compile/filter,0,0,32,0.000044584,717746,0,34.000000,1997.000000
filter/predicate,100,0,32,0.000015458,2070126,207012550,0.000000,0.000000
filter/none,100,0,32,0.000013542,2363019,236301876,0.000000,0.000000
filter/first,100,0,32,0.000010625,3011765,301176471,0.000000,0.000000
filter/last,100,0,32,0.000012583,2543114,254311372,0.000000,0.000000
filter/computed_last,100,0,32,0.000014625,2188034,218803419,0.000000,0.000000
filter/chained,100,0,32,0.000020167,1586751,158675063,0.000000,0.000000
filter/predicate,500,0,32,0.000028542,1121155,560577395,0.000000,0.000000
filter/none,500,0,32,0.000026750,1196262,598130841,0.000000,0.000000
filter/first,500,0,32,0.000023916,1338016,669008195,0.000000,0.000000
filter/last,500,0,32,0.000025750,1242718,621359223,0.000000,0.000000
filter/computed_last,500,0,32,0.000027875,1147982,573991031,0.000000,0.000000
filter/chained,500,0,32,0.000033708,949330,474664768,0.000000,0.000000
filter/predicate,1024,0,32,0.000045375,705234,722159780,0.000000,0.000000
filter/none,1024,0,32,0.000043625,733524,751128940,0.000000,0.000000
filter/first,1024,0,32,0.000040791,784487,803314457,0.000000,0.000000
filter/last,1024,0,32,0.000042625,750733,768750733,0.000000,0.000000
filter/computed_last,1024,0,32,0.000044625,717087,734296919,0.000000,0.000000
filter/chained,1024,0,32,0.000050417,634707,649939505,0.000000,0.000000
filter/predicate,10240,0,32,0.000342708,93374,956149258,0.000000,0.000000
filter/none,10240,0,32,0.000344542,92877,951059668,0.000000,0.000000
filter/first,10240,0,32,0.000338291,94593,968633514,0.000000,0.000000
filter/last,10240,0,32,0.000340167,94071,963291560,0.000000,0.000000
filter/computed_last,10240,0,32,0.000350792,91222,934114803,0.000000,0.000000
filter/chained,10240,0,32,0.000353000,90652,928271955,0.000000,0.000000
filter/predicate,65536,0,32,0.002168583,14756,967060979,0.000000,0.000000
filter/none,65536,0,32,0.002159333,14819,971203608,0.000000,0.000000
filter/first,65536,0,32,0.002121291,15085,988620609,0.000000,0.000000
filter/last,65536,0,32,0.002148250,14896,976214128,0.000000,0.000000
filter/computed_last,65536,0,32,0.002124459,15063,987146375,0.000000,0.000000
filter/chained,65536,0,32,0.002131000,15016,984116377,0.000000,0.000000
filter/predicate,1048576,0,32,0.033927375,943,989007608,0.000000,0.000000
filter/none,1048576,0,32,0.033938000,943,988697979,0.000000,0.000000
filter/first,1048576,0,32,0.033886542,944,990199354,0.000000,0.000000
filter/last,1048576,0,32,0.033866167,945,990795091,0.000000,0.000000
filter/computed_last,1048576,0,32,0.033923125,943,989131514,0.000000,0.000000
filter/chained,1048576,0,32,0.033909250,944,989536247,0.000000,0.000000
filter/wide_predicate,164,0,32,0.000048916,654183,107285960,0.000000,0.000000
filter/wide_last,164,0,32,0.000027542,1161862,190545349,0.000000,0.000000
filter/sequence_last,164,0,32,0.000055875,572707,93923937,0.000000,0.000000
filter/wide_predicate,2736,0,32,0.000789834,40515,110848609,0.000000,0.000000
filter/wide_last,2736,0,32,0.000377459,84777,231951020,0.000000,0.000000
filter/sequence_last,2736,0,32,0.000720167,44434,121571802,0.000000,0.000000
filter/wide_predicate,23392,0,32,0.006334750,5052,118164726,0.000000,0.000000
filter/wide_last,23392,0,32,0.003011666,10625,248548146,0.000000,0.000000
filter/sequence_last,23392,0,32,0.005604250,5710,133567203,0.000000,0.000000
filter/nested,892,0,32,0.000419500,76281,68042908,0.000000,0.000000
filter/per_group,892,0,32,0.000291959,109604,97767152,0.000000,0.000000
filter/global,892,0,32,0.000195084,164032,146316459,0.000000,0.000000
filter/deep,136,0,32,0.000024375,1312821,178543590,0.000000,0.000000
filter/negative_chain,20,0,32,0.000313958,101924,2038489,0.000000,0.000000
compile/aggregate,0,0,32,0.000058041,551334,0,50.000000,3270.000000
aggregate/count,100,0,32,0.000008625,3710145,371014493,0.000000,0.000000
aggregate/sum,100,0,32,0.000008875,3605634,360563380,0.000000,0.000000
aggregate/min,100,0,32,0.000008958,3572226,357222594,0.000000,0.000000
aggregate/max,100,0,32,0.000008875,3605634,360563380,0.000000,0.000000
aggregate/filtered_count,100,0,32,0.000006291,5086632,508663170,0.000000,0.000000
aggregate/filtered_sum,100,0,32,0.000006333,5052898,505289752,0.000000,0.000000
aggregate/empty_sum,100,0,32,0.000006083,5260562,526056222,0.000000,0.000000
aggregate/count,500,0,32,0.000022125,1446328,723163842,0.000000,0.000000
aggregate/sum,500,0,32,0.000022542,1419572,709786177,0.000000,0.000000
aggregate/min,500,0,32,0.000022542,1419572,709786177,0.000000,0.000000
aggregate/max,500,0,32,0.000022458,1424882,712441001,0.000000,0.000000
aggregate/filtered_count,500,0,32,0.000012791,2501759,1250879525,0.000000,0.000000
aggregate/filtered_sum,500,0,32,0.000012917,2477355,1238677712,0.000000,0.000000
aggregate/empty_sum,500,0,32,0.000012750,2509804,1254901961,0.000000,0.000000
aggregate/count,1024,0,32,0.000039166,817035,836644028,0.000000,0.000000
aggregate/sum,1024,0,32,0.000039500,810127,829569620,0.000000,0.000000
aggregate/min,1024,0,32,0.000042166,758905,777119006,0.000000,0.000000
aggregate/max,1024,0,32,0.000039542,809266,828688483,0.000000,0.000000
aggregate/filtered_count,1024,0,32,0.000021459,1491216,1527004986,0.000000,0.000000
aggregate/filtered_sum,1024,0,32,0.000021541,1485539,1521192145,0.000000,0.000000
aggregate/empty_sum,1024,0,32,0.000021500,1488372,1524093023,0.000000,0.000000
aggregate/count,10240,0,32,0.000336250,95167,974513011,0.000000,0.000000
aggregate/sum,10240,0,32,0.000336584,95073,973545980,0.000000,0.000000
aggregate/min,10240,0,32,0.000336625,95061,973427404,0.000000,0.000000
aggregate/max,10240,0,32,0.000336666,95050,973308858,0.000000,0.000000
aggregate/filtered_count,10240,0,32,0.000172792,185194,1896384092,0.000000,0.000000
aggregate/filtered_sum,10240,0,32,0.000172833,185150,1895934226,0.000000,0.000000
aggregate/empty_sum,10240,0,32,0.000184291,173638,1778057529,0.000000,0.000000
aggregate/count,65536,0,32,0.002119041,15101,989670327,0.000000,0.000000
aggregate/sum,65536,0,32,0.002136709,14976,981486950,0.000000,0.000000
aggregate/min,65536,0,32,0.002119916,15095,989261839,0.000000,0.000000
aggregate/max,65536,0,32,0.002119209,15100,989591871,0.000000,0.000000
aggregate/filtered_count,65536,0,32,0.001077458,29700,1946388630,0.000000,0.000000
aggregate/filtered_sum,65536,0,32,0.001070708,29887,1958659130,0.000000,0.000000
aggregate/empty_sum,65536,0,32,0.001099166,29113,1907948390,0.000000,0.000000
aggregate/count,1048576,0,32,0.033883750,944,990280946,0.000000,0.000000
aggregate/sum,1048576,0,32,0.033909000,944,989543543,0.000000,0.000000
aggregate/min,1048576,0,32,0.033891875,944,990043543,0.000000,0.000000
aggregate/max,1048576,0,32,0.033874459,945,990552558,0.000000,0.000000
aggregate/filtered_count,1048576,0,32,0.017274708,1852,1942402268,0.000000,0.000000
aggregate/filtered_sum,1048576,0,32,0.017283458,1851,1941418899,0.000000,0.000000
aggregate/empty_sum,1048576,0,32,0.017258250,1854,1944254603,0.000000,0.000000
aggregate/array_count,23,0,32,0.000005833,5486028,126178639,0.000000,0.000000
aggregate/array_sum,23,0,32,0.000007209,4438896,102094604,0.000000,0.000000
aggregate/array_min,23,0,32,0.000007250,4413793,101517241,0.000000,0.000000
aggregate/array_max,23,0,32,0.000007166,4465532,102707229,0.000000,0.000000
aggregate/sequence_sum,23,0,32,0.000013791,2320354,53368139,0.000000,0.000000
aggregate/computed_sum,23,0,32,0.000011667,2742779,63083912,0.000000,0.000000
aggregate/wide_filtered_sum,23,0,32,0.000023500,1361702,31319149,0.000000,0.000000
aggregate/array_count,409,0,32,0.000071000,450704,184338028,0.000000,0.000000
aggregate/array_sum,409,0,32,0.000094875,337286,137949934,0.000000,0.000000
aggregate/array_min,409,0,32,0.000098500,324873,132873096,0.000000,0.000000
aggregate/array_max,409,0,32,0.000098333,325425,133098756,0.000000,0.000000
aggregate/sequence_sum,409,0,32,0.000183250,174625,71421555,0.000000,0.000000
aggregate/computed_sum,409,0,32,0.000164584,194430,79521703,0.000000,0.000000
aggregate/wide_filtered_sum,409,0,32,0.000360875,88673,36267406,0.000000,0.000000
aggregate/array_count,4017,0,32,0.000544958,58720,235878728,0.000000,0.000000
aggregate/array_sum,4017,0,32,0.000759500,42133,169248190,0.000000,0.000000
aggregate/array_min,4017,0,32,0.000815458,39242,157634115,0.000000,0.000000
aggregate/array_max,4017,0,32,0.000793208,40343,162055854,0.000000,0.000000
aggregate/sequence_sum,4017,0,32,0.001369792,23361,93841985,0.000000,0.000000
aggregate/computed_sum,4017,0,32,0.001289458,24817,99688396,0.000000,0.000000
aggregate/wide_filtered_sum,4017,0,32,0.003004792,10650,42779667,0.000000,0.000000
aggregate/array_count,87201,0,32,0.009165667,3491,304443965,0.000000,0.000000
aggregate/array_sum,87201,0,32,0.012759625,2508,218692321,0.000000,0.000000
aggregate/array_min,87201,0,32,0.013062375,2450,213623633,0.000000,0.000000
aggregate/array_max,87201,0,32,0.013185375,2427,211630841,0.000000,0.000000
aggregate/sequence_sum,87201,0,32,0.023047167,1388,121074838,0.000000,0.000000
aggregate/computed_sum,87201,0,32,0.020847833,1535,133847580,0.000000,0.000000
aggregate/wide_filtered_sum,87201,0,32,0.049071708,652,56864375,0.000000,0.000000
aggregate/nested_sum,1036,0,32,0.000247083,129511,134173537,0.000000,0.000000
aggregate/nested_filtered_sum,1036,0,32,0.000429500,74505,77187427,0.000000,0.000000
aggregate/nested_filtered_count,1036,0,32,0.000430375,74354,77030497,0.000000,0.000000
aggregate/nested_sum,16396,0,32,0.003666000,8729,143118385,0.000000,0.000000
aggregate/nested_filtered_sum,16396,0,32,0.006696417,4779,78351154,0.000000,0.000000
aggregate/nested_filtered_count,16396,0,32,0.006617625,4836,79284033,0.000000,0.000000
aggregate/nested_sum,1048588,0,32,0.233049584,137,143981446,0.000000,0.000000
aggregate/nested_filtered_sum,1048588,0,32,0.427883959,75,78420364,0.000000,0.000000
aggregate/nested_filtered_count,1048588,0,32,0.421409125,76,79625272,0.000000,0.000000
aggregate/deep_sum,136,0,32,0.000022292,1435493,195226987,0.000000,0.000000
aggregate/deep_filtered_sum,136,0,32,0.000025708,1244749,169285825,0.000000,0.000000
compile/constructor,0,0,32,0.000108625,294591,0,86.000000,6246.000000
construct/raw_member,100,0,32,0.000006375,5019608,501960784,3.000000,168.000000
construct/raw_member_write,100,0,32,0.000008666,3692592,369259174,3.000000,168.000000
construct/scalars,100,0,32,0.000017958,1781936,178193563,3.000000,552.000000
construct/filtered_summary,100,0,32,0.000031458,1017229,101722932,5.000000,368.000000
construct/nested,100,0,32,0.000051750,618357,61835749,15.000000,1352.000000
construct/navigate,100,0,32,0.000017333,1846189,184618935,3.000000,168.000000
construct/raw_member,500,0,32,0.000013416,2385212,1192605844,3.000000,168.000000
construct/raw_member_write,500,0,32,0.000025042,1277853,638926603,3.000000,168.000000
construct/scalars,500,0,32,0.000037792,846740,423370025,3.000000,552.000000
construct/filtered_summary,500,0,32,0.000050917,628474,314236895,5.000000,368.000000
construct/nested,500,0,32,0.000079125,404423,202211690,15.000000,1352.000000
construct/navigate,500,0,32,0.000031458,1017229,508614661,3.000000,168.000000
construct/raw_member,1024,0,32,0.000021875,1462857,1497965714,3.000000,168.000000
construct/raw_member_write,1024,0,32,0.000045209,707824,724811431,3.000000,168.000000
construct/scalars,1024,0,32,0.000063292,505593,517727359,3.000000,552.000000
construct/filtered_summary,1024,0,32,0.000077041,415363,425331966,5.000000,368.000000
construct/nested,1024,0,32,0.000113125,282873,289661878,15.000000,1352.000000
construct/navigate,1024,0,32,0.000047958,667251,683264523,3.000000,168.000000
construct/raw_member,10240,0,32,0.000173167,184793,1892277397,3.000000,168.000000
construct/raw_member_write,10240,0,32,0.000407042,78616,805027491,3.000000,168.000000
construct/scalars,10240,0,32,0.000506584,63168,646842380,3.000000,552.000000
construct/filtered_summary,10240,0,32,0.000520292,61504,629800189,5.000000,368.000000
construct/nested,10240,0,32,0.000702416,45557,466504180,15.000000,1352.000000
construct/navigate,10240,0,32,0.000345375,92653,948765834,3.000000,168.000000
construct/raw_member,65536,0,32,0.001099708,29099,1907008042,3.000000,168.000000
construct/raw_member_write,65536,0,32,0.002561834,12491,818613540,3.000000,168.000000
construct/scalars,65536,0,32,0.003167083,10104,662171468,3.000000,552.000000
construct/filtered_summary,65536,0,32,0.003182250,10056,659015476,5.000000,368.000000
construct/nested,65536,0,32,0.004247250,7534,493767026,15.000000,1352.000000
construct/navigate,65536,0,32,0.002139625,14956,980149325,3.000000,168.000000
construct/raw_member,1048576,0,32,0.017258958,1854,1944174845,3.000000,168.000000
construct/raw_member_write,1048576,0,32,0.040916500,782,820070925,3.000000,168.000000
construct/scalars,1048576,0,32,0.050931375,628,658816535,3.000000,552.000000
construct/filtered_summary,1048576,0,32,0.050672125,632,662187189,5.000000,368.000000
construct/nested,1048576,0,32,0.067472958,474,497301926,15.000000,1352.000000
construct/navigate,1048576,0,32,0.033978875,942,987508621,3.000000,168.000000
construct/mapped_objects,262,0,32,0.000076792,416710,109178039,12.000000,1184.000000
construct/collected_objects,262,0,32,0.000079667,401672,105238053,15.000000,1352.000000
construct/collected_write,262,0,32,0.000085750,373178,97772595,15.000000,1352.000000
construct/filtered_aggregate,262,0,32,0.000087250,366762,96091691,3.000000,296.000000
construct/mapped_objects,4334,0,32,0.001164500,27480,119096608,192.000000,18944.000000
construct/collected_objects,4334,0,32,0.001160166,27582,119541514,199.000000,21992.000000
construct/collected_write,4334,0,32,0.001259459,25408,110117122,199.000000,21992.000000
construct/filtered_aggregate,4334,0,32,0.001184500,27016,117085690,3.000000,296.000000
construct/mapped_objects,36190,0,32,0.008846208,3617,130912590,1536.000000,151552.000000
construct/collected_objects,36190,0,32,0.008839292,3620,131015018,1546.000000,176104.000000
construct/collected_write,36190,0,32,0.009682667,3305,119603411,1546.000000,176104.000000
construct/filtered_aggregate,36190,0,32,0.009576041,3342,120935155,3.000000,296.000000
construct/mapped_objects,624958,0,32,0.143460708,223,139401626,24576.000000,2424832.000000
construct/collected_objects,624958,0,32,0.145062167,221,137862659,24590.000000,2818024.000000
construct/collected_write,624958,0,32,0.158113417,202,126482979,24590.000000,2818024.000000
construct/filtered_aggregate,624958,0,32,0.156379834,205,127885134,3.000000,296.000000
construct/nested_summary,1036,0,32,0.000828041,38645,40036665,3.000000,296.000000
construct/nested_summary,16396,0,32,0.012814750,2497,40942820,3.000000,296.000000
construct/nested_summary,1048588,0,32,0.811240416,39,41362357,3.000000,296.000000
compile/lexical,0,0,32,0.000061959,516471,0,42.000000,2809.000000
lexical/lookup,100,0,32,0.000013209,2422591,242259066,5.000000,576.000000
lexical/repeated_binding,100,0,32,0.000015208,2104156,210415571,5.000000,576.000000
lexical/retained_sequence,100,0,32,0.000021041,1520840,152084026,7.000000,720.000000
lexical/closure_call,100,0,32,0.000023417,1366529,136652859,7.000000,800.000000
lexical/escaped_closure,100,0,32,0.000027666,1156654,115665438,9.000000,1024.000000
lexical/mixed,100,0,32,0.000046583,686946,68694588,13.000000,1512.000000
lexical/lookup,500,0,32,0.000031583,1013203,506601653,5.000000,576.000000
lexical/repeated_binding,500,0,32,0.000027833,1149714,574857184,5.000000,576.000000
lexical/retained_sequence,500,0,32,0.000038958,821397,410698701,7.000000,720.000000
lexical/closure_call,500,0,32,0.000047375,675462,337730871,7.000000,800.000000
lexical/escaped_closure,500,0,32,0.000046833,683279,341639442,9.000000,1024.000000
lexical/mixed,500,0,32,0.000069708,459058,229528892,13.000000,1512.000000
lexical/lookup,1024,0,32,0.000044417,720445,737735552,5.000000,576.000000
lexical/repeated_binding,1024,0,32,0.000046042,695018,711698015,5.000000,576.000000
lexical/retained_sequence,1024,0,32,0.000051542,620853,635753366,7.000000,720.000000
lexical/closure_call,1024,0,32,0.000068166,469442,480708858,7.000000,800.000000
lexical/escaped_closure,1024,0,32,0.000072000,444444,455111111,9.000000,1024.000000
lexical/mixed,1024,0,32,0.000092500,345946,354248649,13.000000,1512.000000
lexical/lookup,10240,0,32,0.000345417,92642,948650472,5.000000,576.000000
lexical/repeated_binding,10240,0,32,0.000353875,90427,925976687,5.000000,576.000000
lexical/retained_sequence,10240,0,32,0.000361500,88520,906445367,7.000000,720.000000
lexical/closure_call,10240,0,32,0.000517958,61781,632638168,7.000000,800.000000
lexical/escaped_closure,10240,0,32,0.000528000,60606,620606061,9.000000,1024.000000
lexical/mixed,10240,0,32,0.000549875,58195,595917254,13.000000,1512.000000
lexical/lookup,65536,0,32,0.002182500,14662,960894387,5.000000,576.000000
lexical/repeated_binding,65536,0,32,0.002238208,14297,936978154,5.000000,576.000000
lexical/retained_sequence,65536,0,32,0.002262375,14144,926969225,7.000000,720.000000
lexical/closure_call,65536,0,32,0.003343792,9570,627177767,7.000000,800.000000
lexical/escaped_closure,65536,0,32,0.003244625,9862,646346496,9.000000,1024.000000
lexical/mixed,65536,0,32,0.003272667,9778,640808246,13.000000,1512.000000
lexical/lookup,1048576,0,32,0.034008041,941,986661713,5.000000,576.000000
lexical/repeated_binding,1048576,0,32,0.034007667,941,986672564,5.000000,576.000000
lexical/retained_sequence,1048576,0,32,0.034032042,940,985965873,7.000000,720.000000
lexical/closure_call,1048576,0,32,0.050599666,632,663135444,7.000000,800.000000
lexical/escaped_closure,1048576,0,32,0.050714666,631,661631726,9.000000,1024.000000
lexical/mixed,1048576,0,32,0.050854417,629,659813522,13.000000,1512.000000
lexical/mapped_calls,106,0,32,0.000063458,504271,53452677,9.000000,976.000000
lexical/repeated_projection,106,0,32,0.000036209,883758,93678367,8.000000,912.000000
lexical/mapped_calls,1692,0,32,0.000712750,44897,75964925,13.000000,6736.000000
lexical/repeated_projection,1692,0,32,0.000368625,86809,146880977,12.000000,6672.000000
lexical/mapped_calls,14260,0,32,0.005603750,5710,81431184,16.000000,49744.000000
lexical/repeated_projection,14260,0,32,0.002908917,11001,156869378,15.000000,49680.000000
lexical/mapped_calls,251044,0,32,0.090323625,354,88940274,20.000000,787024.000000
lexical/repeated_projection,251044,0,32,0.043990083,727,182618614,19.000000,786960.000000
lexical/nested_retention,1036,0,32,0.000466542,68590,71058983,10.000000,2064.000000
lexical/nested_retention,16396,0,32,0.007005667,4568,74892512,14.000000,25104.000000
lexical/nested_retention,1048588,0,32,0.441930208,72,75927862,20.000000,1573392.000000
compile/nested_fallback,0,0,32,0.000145292,220246,0,113.000000,7201.000000
compile/navigation,0,0,32,0.000074833,427619,0,55.000000,4199.000000
navigation/keep,100,0,32,0.000017125,1868613,186861314,2.000000,144.000000
navigation/wildcard,100,0,32,0.000032000,1000000,100000000,8.000000,1072.000000
navigation/descendants,100,0,32,0.000043458,736343,73634314,8.000000,1072.000000
navigation/ordering,100,0,32,0.000021666,1476969,147696852,6.000000,320.000000
navigation/grouping,100,0,32,0.000028083,1139479,113947940,11.000000,824.000000
navigation/membership,100,0,32,0.000019792,1616815,161681487,2.000000,32.000000
navigation/fallback,100,0,32,0.000010250,3121951,312195122,0.000000,0.000000
navigation/mixed,100,0,32,0.000031333,1021287,102128746,11.000000,1040.000000
navigation/keep,500,0,32,0.000030500,1049180,524590164,2.000000,144.000000
navigation/wildcard,500,0,32,0.000046250,691892,345945946,8.000000,1072.000000
navigation/descendants,500,0,32,0.000070167,456055,228027420,8.000000,1072.000000
navigation/ordering,500,0,32,0.000034708,921978,460988821,6.000000,320.000000
navigation/grouping,500,0,32,0.000041958,762667,381333715,11.000000,824.000000
navigation/membership,500,0,32,0.000033125,966038,483018868,2.000000,32.000000
navigation/fallback,500,0,32,0.000030333,1054957,527478324,0.000000,0.000000
navigation/mixed,500,0,32,0.000045250,707182,353591160,11.000000,1040.000000
navigation/keep,1024,0,32,0.000047334,676047,692271940,2.000000,144.000000
navigation/wildcard,1024,0,32,0.000063334,505258,517384028,8.000000,1072.000000
navigation/descendants,1024,0,32,0.000105875,302243,309497048,8.000000,1072.000000
navigation/ordering,1024,0,32,0.000051792,617856,632684584,6.000000,320.000000
navigation/grouping,1024,0,32,0.000058500,547009,560136752,11.000000,824.000000
navigation/membership,1024,0,32,0.000049959,640525,655897836,2.000000,32.000000
navigation/fallback,1024,0,32,0.000055459,577003,590850899,0.000000,0.000000
navigation/mixed,1024,0,32,0.000061542,519970,532449384,11.000000,1040.000000
navigation/keep,10240,0,32,0.000345250,92686,949109341,2.000000,144.000000
navigation/wildcard,10240,0,32,0.000361666,88479,906029320,8.000000,1072.000000
navigation/descendants,10240,0,32,0.000692959,46179,472870689,8.000000,1072.000000
navigation/ordering,10240,0,32,0.000352667,90737,929148460,6.000000,320.000000
navigation/grouping,10240,0,32,0.000355833,89930,920881425,11.000000,824.000000
navigation/membership,10240,0,32,0.000349792,91483,936785290,2.000000,32.000000
navigation/fallback,10240,0,32,0.000498750,64160,657002506,0.000000,0.000000
navigation/mixed,10240,0,32,0.000358917,89157,912968737,11.000000,1040.000000
navigation/keep,65536,0,32,0.002129250,15029,984925208,2.000000,144.000000
navigation/wildcard,65536,0,32,0.002174417,14717,964466337,8.000000,1072.000000
navigation/descendants,65536,0,32,0.004280417,7476,489941050,8.000000,1072.000000
navigation/ordering,65536,0,32,0.002159625,14817,971072293,6.000000,320.000000
navigation/grouping,65536,0,32,0.002136375,14979,981640396,11.000000,824.000000
navigation/membership,65536,0,32,0.002143542,14929,978358250,2.000000,32.000000
navigation/fallback,65536,0,32,0.003157208,10136,664242584,0.000000,0.000000
navigation/mixed,65536,0,32,0.002139834,14954,980053593,11.000000,1040.000000
navigation/keep,1048576,0,32,0.033881167,944,990356442,2.000000,144.000000
navigation/wildcard,1048576,0,32,0.034047250,940,985525468,8.000000,1072.000000
navigation/descendants,1048576,0,32,0.067434958,475,497582159,8.000000,1072.000000
navigation/ordering,1048576,0,32,0.033976917,942,987565529,6.000000,320.000000
navigation/grouping,1048576,0,32,0.033993459,941,987084957,11.000000,824.000000
navigation/membership,1048576,0,32,0.033938666,943,988678577,2.000000,32.000000
navigation/fallback,1048576,0,32,0.050860375,629,659736229,0.000000,0.000000
navigation/mixed,1048576,0,32,0.034054750,940,985308422,11.000000,1040.000000
navigation/wide_sort,250,0,32,0.000065041,491997,122999339,9.000000,968.000000
navigation/wide_group,250,0,32,0.000068000,470588,117647059,10.000000,1016.000000
navigation/wide_descendants,250,0,32,0.000127625,250735,62683643,20.000000,2680.000000
navigation/range,250,0,32,0.000031708,1009209,252302258,4.000000,360.000000
navigation/wide_sort,4144,0,32,0.000943667,33910,140524147,13.000000,14408.000000
navigation/wide_group,4144,0,32,0.000932334,34322,142232290,18.000000,9656.000000
navigation/wide_descendants,4144,0,32,0.001871708,17097,70848658,260.000000,34840.000000
navigation/range,4144,0,32,0.000414083,77279,320244975,8.000000,6120.000000
navigation/wide_sort,34657,0,32,0.008132792,3935,136364486,16.000000,114760.000000
navigation/wide_group,34657,0,32,0.007195292,4447,154131896,24.000000,74168.000000
navigation/wide_descendants,34657,0,32,0.014217375,2251,78004836,2052.000000,274968.000000
navigation/range,34657,0,32,0.003361250,9520,329943920,11.000000,49128.000000
navigation/wide_sort,600386,0,32,0.142396125,225,134921874,20.000000,1835080.000000
navigation/wide_group,600386,0,32,0.115092333,278,166929903,32.000000,1180088.000000
navigation/wide_descendants,600386,0,32,0.226085167,142,84978383,32772.000000,4391448.000000
navigation/range,600386,0,32,0.052854167,605,363497395,15.000000,786408.000000
navigation/distinct_groups,194,0,32,0.000060625,527835,102400000,5.000000,1464.000000
navigation/distinct_groups,3246,0,32,0.001078875,29661,96278067,13.000000,51472.000000
navigation/distinct_groups,27486,0,32,0.008438458,3792,104231365,19.000000,427816.000000
navigation/deep_descendants,24,0,32,0.000012875,2485437,59650485,4.000000,536.000000
navigation/deep_descendants,72,0,32,0.000017125,1868613,134540146,4.000000,536.000000
navigation/deep_descendants,136,0,32,0.000032125,996109,135470817,4.000000,536.000000
compiler/lookup_8_hit,501,0,32,0.000010750,2976744,1491348837,0.000000,0.000000
rust/lookup_8_hit,501,0,32,0.000009750,3282051,1644307692,0.000000,0.000000
compiler/lookup_8_miss,501,0,32,0.000010334,3096574,1551383782,0.000000,0.000000
rust/lookup_8_miss,501,0,32,0.000009583,3339247,1672962538,0.000000,0.000000
compiler/varying_lookup_8,501,0,32,0.000010750,2976744,1491348837,0.000000,0.000000
rust/varying_lookup_8,501,0,32,0.000009792,3267974,1637254902,0.000000,0.000000
compiler/bound_lookup_8,16,0,32,0.000009625,3324675,53194805,6.000000,592.000000
compile/lookup_8,0,0,32,0.000116291,275172,0,60.000000,5577.000000
compiler/lookup_128_hit,501,0,32,0.000010708,2988420,1497198356,0.000000,0.000000
rust/lookup_128_hit,501,0,32,0.000009708,3296251,1651421508,0.000000,0.000000
compiler/lookup_128_miss,501,0,32,0.000010375,3084337,1545253012,0.000000,0.000000
rust/lookup_128_miss,501,0,32,0.000009583,3339247,1672962538,0.000000,0.000000
compiler/varying_lookup_128,501,0,32,0.000010792,2965159,1485544848,0.000000,0.000000
rust/varying_lookup_128,501,0,32,0.000009875,3240506,1623493671,0.000000,0.000000
compiler/bound_lookup_128,16,0,32,0.000010292,3109211,49747377,6.000000,592.000000
compile/lookup_128,0,0,32,0.001862792,17179,0,672.000000,111385.000000
compiler/lookup_1024_hit,501,0,32,0.000010833,2953937,1479922459,0.000000,0.000000
rust/lookup_1024_hit,501,0,32,0.000009708,3296251,1651421508,0.000000,0.000000
compiler/lookup_1024_miss,501,0,32,0.000010416,3072197,1539170507,0.000000,0.000000
rust/lookup_1024_miss,501,0,32,0.000009583,3339247,1672962538,0.000000,0.000000
compiler/varying_lookup_1024,501,0,32,0.000011208,2855103,1430406852,0.000000,0.000000
rust/varying_lookup_1024,501,0,32,0.000010167,3147438,1576866332,0.000000,0.000000
compiler/bound_lookup_1024,16,0,32,0.000010792,2965159,47442550,6.000000,592.000000
compile/lookup_1024,0,0,32,0.013152167,2433,0,5161.000000,904369.000000
compiler/lookup_4096_hit,501,0,32,0.000010958,2920241,1463040701,0.000000,0.000000
rust/lookup_4096_hit,501,0,32,0.000009667,3310231,1658425572,0.000000,0.000000
compiler/lookup_4096_miss,501,0,32,0.000010666,3000188,1503093943,0.000000,0.000000
rust/lookup_4096_miss,501,0,32,0.000009625,3324675,1665662338,0.000000,0.000000
compiler/varying_lookup_4096,501,0,32,0.000011458,2792809,1399197068,0.000000,0.000000
rust/varying_lookup_4096,501,0,32,0.000010125,3160494,1583407407,0.000000,0.000000
compiler/bound_lookup_4096,16,0,32,0.000011291,2834116,45345851,6.000000,592.000000
compile/lookup_4096,0,0,32,0.049484167,647,0,20527.000000,3623105.000000
compiler/constant_scalar,100,0,32,0.000003041,10522854,1052285432,0.000000,0.000000
compiler/repeated_fields,100,0,32,0.000006042,5296260,529625952,0.000000,0.000000
compiler/dynamic_leaves,100,0,32,0.000006334,5052100,505209978,3.000000,152.000000
compiler/filtered_sum,100,0,32,0.000006792,4711425,471142521,0.000000,0.000000
compiler/invariant_aggregate,100,0,32,0.000006625,4830189,483018868,0.000000,0.000000
compiler/builtin_reference,100,0,32,0.000003042,10519395,1051939513,0.000000,0.000000
compiler/static_array,100,0,32,0.000003541,9036995,903699520,1.000000,16.000000
compiler/constant_membership,100,0,32,0.000010666,3000188,300018751,1.000000,16.000000
compiler/lookup_record,100,0,32,0.000003875,8258065,825806452,0.000000,0.000000
rust/repeated_fields,100,0,32,0.000003958,8084891,808489136,0.000000,0.000000
compiler/constant_scalar,500,0,32,0.000010000,3200000,1600000000,0.000000,0.000000
compiler/repeated_fields,500,0,32,0.000012750,2509804,1254901961,0.000000,0.000000
compiler/dynamic_leaves,500,0,32,0.000013333,2400060,1200030001,3.000000,152.000000
compiler/filtered_sum,500,0,32,0.000013584,2355713,1177856302,0.000000,0.000000
compiler/invariant_aggregate,500,0,32,0.000020292,1576976,788488074,0.000000,0.000000
compiler/builtin_reference,500,0,32,0.000010084,3173344,1586671956,0.000000,0.000000
compiler/static_array,500,0,32,0.000010417,3071902,1535950850,1.000000,16.000000
compiler/constant_membership,500,0,32,0.000024208,1321877,660938533,1.000000,16.000000
compiler/lookup_record,500,0,32,0.000010792,2965159,1482579689,0.000000,0.000000
rust/repeated_fields,500,0,32,0.000010875,2942529,1471264368,0.000000,0.000000
compiler/constant_scalar,1024,0,32,0.000018625,1718121,1759355705,0.000000,0.000000
compiler/repeated_fields,1024,0,32,0.000021500,1488372,1524093023,0.000000,0.000000
compiler/dynamic_leaves,1024,0,32,0.000022083,1449078,1483856360,3.000000,152.000000
compiler/filtered_sum,1024,0,32,0.000022167,1443587,1478233410,0.000000,0.000000
compiler/invariant_aggregate,1024,0,32,0.000037250,859060,879677852,0.000000,0.000000
compiler/builtin_reference,1024,0,32,0.000018666,1714347,1755491268,0.000000,0.000000
compiler/static_array,1024,0,32,0.000019041,1680584,1720918019,1.000000,16.000000
compiler/constant_membership,1024,0,32,0.000041125,778116,796790274,1.000000,16.000000
compiler/lookup_record,1024,0,32,0.000019250,1662338,1702233766,0.000000,0.000000
rust/repeated_fields,1024,0,32,0.000019458,1644568,1684037414,0.000000,0.000000
compiler/constant_scalar,10240,0,32,0.000170084,188142,1926577456,0.000000,0.000000
compiler/repeated_fields,10240,0,32,0.000172792,185194,1896384092,0.000000,0.000000
compiler/dynamic_leaves,10240,0,32,0.000173167,184793,1892277397,3.000000,152.000000
compiler/filtered_sum,10240,0,32,0.000173583,184350,1887742463,0.000000,0.000000
compiler/invariant_aggregate,10240,0,32,0.000334208,95749,980467254,0.000000,0.000000
compiler/builtin_reference,10240,0,32,0.000169916,188328,1928482309,0.000000,0.000000
compiler/static_array,10240,0,32,0.000170417,187775,1922812865,1.000000,16.000000
compiler/constant_membership,10240,0,32,0.000340792,93899,961524918,1.000000,16.000000
compiler/lookup_record,10240,0,32,0.000170542,187637,1921403525,0.000000,0.000000
rust/repeated_fields,10240,0,32,0.000170708,187455,1919535113,0.000000,0.000000
compiler/constant_scalar,1048576,0,32,0.017266458,1853,1943330358,0.000000,0.000000
compiler/repeated_fields,1048576,0,32,0.017258250,1854,1944254603,0.000000,0.000000
compiler/dynamic_leaves,1048576,0,32,0.017253500,1855,1944789869,3.000000,152.000000
compiler/filtered_sum,1048576,0,32,0.017227542,1857,1947720226,0.000000,0.000000
compiler/invariant_aggregate,1048576,0,32,0.033946334,943,988455248,0.000000,0.000000
compiler/builtin_reference,1048576,0,32,0.017225208,1858,1947984140,0.000000,0.000000
compiler/static_array,1048576,0,32,0.017259166,1854,1944151415,1.000000,16.000000
compiler/constant_membership,1048576,0,32,0.033916667,943,989319853,1.000000,16.000000
compiler/lookup_record,1048576,0,32,0.017334500,1846,1935702328,0.000000,0.000000
rust/repeated_fields,1048576,0,32,0.017210792,1859,1949615799,0.000000,0.000000
compile/execution,0,0,32,0.000131750,242884,0,148.000000,7464.000000
execution/arithmetic,100,0,32,0.000005375,5953488,595348837,0.000000,0.000000
execution/comparison,100,0,32,0.000005375,5953488,595348837,0.000000,0.000000
execution/conditional,100,0,32,0.000005417,5907329,590732878,0.000000,0.000000
execution/constructor,100,0,32,0.000007125,4491228,449122807,3.000000,152.000000
rust/execution_arithmetic,100,0,32,0.000003459,9251229,925122868,0.000000,0.000000
rust/execution_constructor,100,0,32,0.000003375,9481481,948148148,0.000000,0.000000
execution/arithmetic,500,0,32,0.000011916,2685465,1342732461,0.000000,0.000000
execution/comparison,500,0,32,0.000012083,2648349,1324174460,0.000000,0.000000
execution/conditional,500,0,32,0.000012208,2621232,1310615990,0.000000,0.000000
execution/constructor,500,0,32,0.000013834,2313142,1156570768,3.000000,152.000000
rust/execution_arithmetic,500,0,32,0.000010292,3109211,1554605519,0.000000,0.000000
rust/execution_constructor,500,0,32,0.000010250,3121951,1560975610,0.000000,0.000000
execution/arithmetic,1024,0,32,0.000020542,1557784,1595170869,0.000000,0.000000
execution/comparison,1024,0,32,0.000020750,1542169,1579180723,0.000000,0.000000
execution/conditional,1024,0,32,0.000020583,1554681,1591993393,0.000000,0.000000
execution/constructor,1024,0,32,0.000022584,1416932,1450938718,3.000000,152.000000
rust/execution_arithmetic,1024,0,32,0.000018875,1695364,1736052980,0.000000,0.000000
rust/execution_constructor,1024,0,32,0.000018833,1699145,1739924600,0.000000,0.000000
execution/arithmetic,10240,0,32,0.000174583,183294,1876929598,0.000000,0.000000
execution/comparison,10240,0,32,0.000172083,185957,1904197393,0.000000,0.000000
execution/conditional,10240,0,32,0.000172000,186047,1905116279,0.000000,0.000000
execution/constructor,10240,0,32,0.000174041,183865,1882774748,3.000000,152.000000
rust/execution_arithmetic,10240,0,32,0.000170250,187959,1924698972,0.000000,0.000000
rust/execution_constructor,10240,0,32,0.000170250,187959,1924698972,0.000000,0.000000
execution/arithmetic,1048576,0,32,0.017277583,1852,1942079051,0.000000,0.000000
execution/comparison,1048576,0,32,0.017268542,1853,1943095833,0.000000,0.000000
execution/conditional,1048576,0,32,0.017310833,1849,1938348778,0.000000,0.000000
execution/constructor,1048576,0,32,0.017269917,1853,1942941127,3.000000,152.000000
rust/execution_arithmetic,1048576,0,32,0.017266750,1853,1943297494,0.000000,0.000000
rust/execution_constructor,1048576,0,32,0.017220666,1858,1948497927,0.000000,0.000000
execution/filtered_sum,74,0,32,0.000019417,1648040,121954988,0.000000,0.000000
execution/mapped_sum,74,0,32,0.000018792,1702852,126011069,0.000000,0.000000
rust/execution_filtered_sum,74,0,32,0.000007583,4219966,312277463,0.000000,0.000000
execution/filtered_sum,1082,0,32,0.000273208,117127,126731282,0.000000,0.000000
execution/mapped_sum,1082,0,32,0.000289375,110583,119650972,0.000000,0.000000
rust/execution_filtered_sum,1082,0,32,0.000114083,280498,303498330,0.000000,0.000000
execution/filtered_sum,8586,0,32,0.002176875,14700,126213953,0.000000,0.000000
execution/mapped_sum,8586,0,32,0.002236500,14308,122849095,0.000000,0.000000
rust/execution_filtered_sum,8586,0,32,0.000809542,39529,339391903,0.000000,0.000000
execution/filtered_sum,137226,0,32,0.034605167,925,126895270,0.000000,0.000000
execution/mapped_sum,137226,0,32,0.034862084,918,125960112,0.000000,0.000000
rust/execution_filtered_sum,137226,0,32,0.012953750,2470,338993110,0.000000,0.000000
execution/lookup_8192,501,0,32,0.000011166,2865843,1435787211,0.000000,0.000000
rust/execution_lookup_8192,501,0,32,0.000009791,3268308,1637422122,0.000000,0.000000
execution/type_fallback,16,0,32,0.000004708,6796941,108751062,0.000000,0.000000
native_metadata,arithmetic,5625,1257583,1,716,0
jit/compile_arithmetic,0,0,32,0.000127708,250572,0,148.000000,7464.000000
native_region,jit/arithmetic,100,338583,1,716
jit/arithmetic,100,0,32,0.000005250,6095238,609523810,0.000000,0.000000
jit/rust_arithmetic,100,0,32,0.000003833,8348552,834855205,0.000000,0.000000
native_region,jit/arithmetic,500,289709,1,716
jit/arithmetic,500,0,32,0.000011916,2685465,1342732461,0.000000,0.000000
jit/rust_arithmetic,500,0,32,0.000010542,3035477,1517738570,0.000000,0.000000
native_region,jit/arithmetic,1024,268459,1,716
jit/arithmetic,1024,0,32,0.000020500,1560976,1598439024,0.000000,0.000000
jit/rust_arithmetic,1024,0,32,0.000019250,1662338,1702233766,0.000000,0.000000
native_region,jit/arithmetic,10240,268417,1,716
jit/arithmetic,10240,0,32,0.000171959,186091,1905570514,0.000000,0.000000
jit/rust_arithmetic,10240,0,32,0.000173167,184793,1892277397,0.000000,0.000000
native_region,jit/arithmetic,1048576,263417,1,716
jit/arithmetic,1048576,0,32,0.017254125,1855,1944719422,0.000000,0.000000
jit/rust_arithmetic,1048576,0,32,0.017203250,1860,1950470522,0.000000,0.000000
native_metadata,dense,9292,497125,1,1144,0
jit/compile_dense,0,0,32,0.000197708,161855,0,238.000000,11885.000000
native_region,jit/dense,100,431458,1,1144
jit/dense,100,0,32,0.000006084,5259698,525969757,0.000000,0.000000
jit/rust_dense,100,0,32,0.000003750,8533333,853333333,0.000000,0.000000
native_region,jit/dense,500,408209,1,1144
jit/dense,500,0,32,0.000012583,2543114,1271556862,0.000000,0.000000
jit/rust_dense,500,0,32,0.000010583,3023717,1511858641,0.000000,0.000000
native_region,jit/dense,1024,400625,1,1144
jit/dense,1024,0,32,0.000021417,1494140,1529999533,0.000000,0.000000
jit/rust_dense,1024,0,32,0.000019291,1658805,1698615935,0.000000,0.000000
native_region,jit/dense,10240,397667,1,1144
jit/dense,10240,0,32,0.000172708,185284,1897306436,0.000000,0.000000
jit/rust_dense,10240,0,32,0.000170583,187592,1920941712,0.000000,0.000000
native_region,jit/dense,1048576,397625,1,1144
jit/dense,1048576,0,32,0.017302750,1849,1939254280,0.000000,0.000000
jit/rust_dense,1048576,0,32,0.017249500,1855,1945240848,0.000000,0.000000
native_metadata,branch,13708,600292,1,1056,0
jit/compile_branch,0,0,32,0.000184084,173834,0,219.000000,10602.000000
native_region,jit/branch,100,441375,1,1056
jit/branch,100,0,32,0.000005125,6243902,624390244,0.000000,0.000000
jit/rust_branch,100,0,32,0.000003708,8629989,862998921,0.000000,0.000000
native_region,jit/branch,500,411458,1,1056
jit/branch,500,0,32,0.000011875,2694737,1347368421,0.000000,0.000000
jit/rust_branch,500,0,32,0.000010583,3023717,1511858641,0.000000,0.000000
native_region,jit/branch,1024,376041,1,1056
jit/branch,1024,0,32,0.000020583,1554681,1591993393,0.000000,0.000000
jit/rust_branch,1024,0,32,0.000019208,1665973,1705955852,0.000000,0.000000
native_region,jit/branch,10240,368250,1,1056
jit/branch,10240,0,32,0.000171792,186272,1907422930,0.000000,0.000000
jit/rust_branch,10240,0,32,0.000170542,187637,1921403525,0.000000,0.000000
native_region,jit/branch,1048576,364708,1,1056
jit/branch,1048576,0,32,0.017323250,1847,1936959404,0.000000,0.000000
jit/rust_branch,1048576,0,32,0.017225833,1858,1947913462,0.000000,0.000000
jit/varying_branch,500,0,32,0.000012000,2666667,1333333333,0.000000,0.000000
native_region,jit/tiny,13,335334,1,716
jit/tiny,13,0,32,0.000003583,8931063,116103824,0.000000,0.000000
native_region,jit/fold,122,470000,1,1144
jit/fold,122,0,32,0.000036625,873720,106593857,0.000000,0.000000
native_region,jit/filter_map_fold,122,574917,1,1368
jit/filter_map_fold,122,0,32,0.000032125,996109,121525292,0.000000,0.000000
jit/rust_fold,122,0,32,0.000022834,1401419,170973110,0.000000,0.000000
native_region,jit/numeric_fold,26,250291,1,504
jit/numeric_fold,26,0,32,0.000016000,2000000,52000000,0.000000,0.000000
native_region,jit/fold,472,441292,1,1144
jit/fold,472,0,32,0.000144542,221389,104495579,0.000000,0.000000
native_region,jit/filter_map_fold,472,517667,1,1368
jit/filter_map_fold,472,0,32,0.000136084,235149,110990271,0.000000,0.000000
jit/rust_fold,472,0,32,0.000088000,363636,171636364,0.000000,0.000000
native_region,jit/numeric_fold,88,236542,1,504
jit/numeric_fold,88,0,32,0.000061959,516471,45449410,0.000000,0.000000
native_region,jit/fold,1858,432334,1,1144
jit/fold,1858,0,32,0.000582000,54983,102158076,0.000000,0.000000
native_region,jit/filter_map_fold,1858,502459,1,1368
jit/filter_map_fold,1858,0,32,0.000539042,59365,110299383,0.000000,0.000000
jit/rust_fold,1858,0,32,0.000354250,90332,167836274,0.000000,0.000000
native_region,jit/numeric_fold,322,228042,1,504
jit/numeric_fold,322,0,32,0.000242708,131846,42454307,0.000000,0.000000
native_region,jit/fold,14794,422958,1,1144
jit/fold,14794,0,32,0.004592584,6968,103080967,0.000000,0.000000
native_region,jit/filter_map_fold,14794,545042,1,1368
jit/filter_map_fold,14794,0,32,0.004320125,7407,109582014,0.000000,0.000000
jit/rust_fold,14794,0,32,0.002810750,11385,168427644,0.000000,0.000000
native_region,jit/numeric_fold,2506,234042,1,504
jit/numeric_fold,2506,0,32,0.001931416,16568,41519797,0.000000,0.000000
native_region,jit/fold,236554,421041,1,1144
jit/fold,236554,0,32,0.071407708,448,106007155,0.000000,0.000000
native_region,jit/filter_map_fold,236554,690583,1,1368
jit/filter_map_fold,236554,0,32,0.067477125,474,112182136,0.000000,0.000000
jit/rust_fold,236554,0,32,0.044169958,724,171377297,0.000000,0.000000
native_region,jit/numeric_fold,39946,400250,1,504
jit/numeric_fold,39946,0,32,0.030343625,1055,42126542,0.000000,0.000000
plan/branch,100,0,32,0.000004875,6564103,656410256,0.000000,0.000000
plan/boolean,100,0,32,0.000006333,5052898,505289752,0.000000,0.000000
plan/object,100,0,32,0.000007000,4571429,457142857,3.000000,248.000000
plan/branch,500,0,32,0.000011584,2762431,1381215470,0.000000,0.000000
plan/boolean,500,0,32,0.000012875,2485437,1242718447,0.000000,0.000000
plan/object,500,0,32,0.000013875,2306306,1153153153,3.000000,248.000000
plan/branch,1024,0,32,0.000020209,1583453,1621455787,0.000000,0.000000
plan/boolean,1024,0,32,0.000021417,1494140,1529999533,0.000000,0.000000
plan/object,1024,0,32,0.000022375,1430168,1464491620,3.000000,248.000000
plan/branch,10240,0,32,0.000178000,179775,1840898876,0.000000,0.000000
plan/boolean,10240,0,32,0.000179791,177984,1822560640,0.000000,0.000000
plan/object,10240,0,32,0.000173666,184262,1886840257,3.000000,248.000000
plan/branch,1048576,0,32,0.017235084,1857,1946867912,0.000000,0.000000
plan/boolean,1048576,0,32,0.017240000,1856,1946312761,0.000000,0.000000
plan/object,1048576,0,32,0.017293000,1850,1940347655,3.000000,248.000000
plan/lookup_branch,490,0,32,0.000014500,2206897,1081379310,0.000000,0.000000
plan/lookup_quote,490,0,32,0.000014625,2188034,1072136752,0.000000,0.000000
plan/invoice_sum,58,0,32,0.000005791,5525816,320497323,0.000000,0.000000
rust/plan_invoice,58,0,32,0.000005250,6095238,353523810,0.000000,0.000000
plan/invoice_object,58,0,32,0.000011542,2772483,160804020,3.000000,296.000000
plan/mapped_objects,58,0,32,0.000014292,2239015,129862860,2.000000,136.000000
plan/invoice_sum,300,0,32,0.000036416,878735,263620387,0.000000,0.000000
rust/plan_invoice,300,0,32,0.000031791,1006574,301972256,0.000000,0.000000
plan/invoice_object,300,0,32,0.000049500,646465,193939394,3.000000,296.000000
plan/mapped_objects,300,0,32,0.000080875,395672,118701700,16.000000,1088.000000
plan/invoice_sum,4488,0,32,0.000564583,56679,254375353,0.000000,0.000000
rust/plan_invoice,4488,0,32,0.000486667,65753,295101168,0.000000,0.000000
plan/invoice_object,4488,0,32,0.000688417,46483,208617742,3.000000,296.000000
plan/mapped_objects,4488,0,32,0.001171125,27324,122630804,256.000000,17408.000000
plan/invoice_sum,35736,0,32,0.004350833,7355,262835186,0.000000,0.000000
rust/plan_invoice,35736,0,32,0.003822792,8371,299140523,0.000000,0.000000
plan/invoice_object,35736,0,32,0.005417375,5907,211089688,3.000000,296.000000
plan/mapped_objects,35736,0,32,0.008678000,3687,131775985,2048.000000,139264.000000
plan/invoice_sum,571416,0,32,0.069988375,457,261262131,0.000000,0.000000
rust/plan_invoice,571416,0,32,0.061227792,523,298643988,0.000000,0.000000
plan/invoice_object,571416,0,32,0.087044583,368,210068351,3.000000,296.000000
plan/mapped_objects,571416,0,32,0.142438334,225,128373532,32768.000000,2228224.000000
plan/wide_fields,7583,0,32,0.000294708,108582,823377716,0.000000,0.000000
plan/untaken_branch,496,0,32,0.000010916,2931477,1454012459,0.000000,0.000000
compile/plan_branch,0,0,32,0.000069250,462094,0,96.000000,3826.000000
demand/nested,100,0,32,0.000005083,6295495,629549479,0.000000,0.000000
demand/branch,100,0,32,0.000005458,5862953,586295346,0.000000,0.000000
demand/repeated,100,0,32,0.000004292,7455732,745573159,0.000000,0.000000
demand/untaken_nested,101,0,32,0.000004500,7111111,718222222,0.000000,0.000000
demand/nested,500,0,32,0.000011667,2742779,1371389389,0.000000,0.000000
demand/branch,500,0,32,0.000012084,2648130,1324064879,0.000000,0.000000
demand/repeated,500,0,32,0.000011042,2898026,1449012860,0.000000,0.000000
demand/untaken_nested,501,0,32,0.000011125,2876404,1441078652,0.000000,0.000000
demand/nested,1024,0,32,0.000020250,1580247,1618172840,0.000000,0.000000
demand/branch,1024,0,32,0.000020583,1554681,1591993393,0.000000,0.000000
demand/repeated,1024,0,32,0.000019708,1623706,1662675056,0.000000,0.000000
demand/untaken_nested,1025,0,32,0.000019792,1616815,1657235247,0.000000,0.000000
demand/nested,10240,0,32,0.000171417,186679,1911595699,0.000000,0.000000
demand/branch,10240,0,32,0.000171875,186182,1906501818,0.000000,0.000000
demand/repeated,10240,0,32,0.000170834,187316,1918119344,0.000000,0.000000
demand/untaken_nested,10241,0,32,0.000171000,187135,1916444444,0.000000,0.000000
demand/nested,1048576,0,32,0.017252792,1855,1944869677,0.000000,0.000000
demand/branch,1048576,0,32,0.017253750,1855,1944761689,0.000000,0.000000
demand/repeated,1048576,0,32,0.017293375,1850,1940305579,0.000000,0.000000
demand/untaken_nested,1048577,0,32,0.017229125,1857,1947543128,0.000000,0.000000
demand/nested_fold,546,0,32,0.000115625,276757,151109189,0.000000,0.000000
demand/nested_fold_plan,546,0,32,0.000054291,589416,321821296,0.000000,0.000000
demand/nested_fold,8454,0,32,0.001813000,17650,149215665,0.000000,0.000000
demand/nested_fold_plan,8454,0,32,0.000859667,37224,314689292,0.000000,0.000000
demand/nested_fold,67478,0,32,0.014495417,2208,148964048,0.000000,0.000000
demand/nested_fold_plan,67478,0,32,0.006795125,4709,317771343,0.000000,0.000000
demand/wide_nested,1137,0,32,0.000039708,805883,916288909,0.000000,0.000000
demand/wide_nested,38497,0,32,0.001118584,28608,1101306652,0.000000,0.000000
demand/wide_nested,323265,0,32,0.009109291,3513,1135596612,0.000000,0.000000
demand/repeated_lookup,100,0,32,0.000008417,3801830,380182963,0.000000,0.000000
demand/repeated_lookup,500,0,32,0.000014750,2169492,1084745763,0.000000,0.000000
demand/repeated_lookup,10240,0,32,0.000181750,176066,1802916094,0.000000,0.000000
demand/repeated_lookup,1048576,0,32,0.017243792,1856,1945884757,0.000000,0.000000
compile/scoped_path,0,0,32,0.000070083,456601,0,41.000000,3773.000000
tuple/index,100,0,32,0.000020625,1551515,155151515,9.000000,856.000000
tuple/filter_sum,100,0,32,0.000029125,1098712,109871245,10.000000,1304.000000
tuple/plan_leaves,100,0,32,0.000045042,710448,71044803,15.000000,1448.000000
tuple/kept,100,0,32,0.000033042,968464,96846438,11.000000,1000.000000
tuple/ordered,100,0,32,0.000046917,682056,68205554,19.000000,1648.000000
tuple/index,500,0,32,0.000038083,840270,420134968,9.000000,856.000000
tuple/filter_sum,500,0,32,0.000041750,766467,383233533,10.000000,1304.000000
tuple/plan_leaves,500,0,32,0.000050291,636297,318148376,15.000000,1448.000000
tuple/kept,500,0,32,0.000038834,824020,412010094,11.000000,1000.000000
tuple/ordered,500,0,32,0.000053042,603296,301647751,19.000000,1648.000000
tuple/index,1024,0,32,0.000050292,636284,651554919,9.000000,856.000000
tuple/filter_sum,1024,0,32,0.000058833,543912,556966328,10.000000,1304.000000
tuple/plan_leaves,1024,0,32,0.000068292,468576,479821941,15.000000,1448.000000
tuple/kept,1024,0,32,0.000056333,568051,581683915,11.000000,1000.000000
tuple/ordered,1024,0,32,0.000070583,453367,464247765,19.000000,1648.000000
tuple/index,10240,0,32,0.000346916,92241,944551419,9.000000,856.000000
tuple/filter_sum,10240,0,32,0.000355750,89951,921096275,10.000000,1304.000000
tuple/plan_leaves,10240,0,32,0.000377292,84815,868505031,15.000000,1448.000000
tuple/kept,10240,0,32,0.000353250,90587,927615004,11.000000,1000.000000
tuple/ordered,10240,0,32,0.000368084,86937,890231578,19.000000,1648.000000
tuple/index,1048576,0,32,0.034073541,939,984765041,9.000000,856.000000
tuple/filter_sum,1048576,0,32,0.033980250,942,987468662,10.000000,1304.000000
tuple/plan_leaves,1048576,0,32,0.033994708,941,987048690,15.000000,1448.000000
tuple/kept,1048576,0,32,0.034016667,941,986411514,11.000000,1000.000000
tuple/ordered,1048576,0,32,0.033956458,942,988160544,19.000000,1648.000000
tuple/wide_sum,440,0,32,0.000102291,312833,137646518,22.000000,2504.000000
tuple/nested_sum,440,0,32,0.000198667,161074,70872364,70.000000,6344.000000
tuple/join_sum,440,0,32,0.000425958,75125,33054902,46.000000,4808.000000
tuple/join_bound,440,0,32,0.000333875,95844,42171471,55.000000,5736.000000
tuple/group,440,0,32,0.000160709,199118,87611770,57.000000,5416.000000
tuple/negative_index,440,0,32,0.000070292,455244,200307290,23.000000,2440.000000
tuple/wide_sum,6666,0,32,0.001501916,21306,142026585,262.000000,26504.000000
tuple/nested_sum,6666,0,32,0.002912667,10986,73235972,1030.000000,87944.000000
tuple/join_sum,6666,0,32,0.030066458,1064,7094683,646.000000,63368.000000
tuple/join_bound,6666,0,32,0.004741958,6748,44983950,775.000000,75816.000000
tuple/group,6666,0,32,0.002007459,15941,106259704,337.000000,65896.000000
tuple/negative_index,6666,0,32,0.000881542,36300,241975992,267.000000,34120.000000
tuple/wide_sum,56043,0,32,0.011869416,2696,151092185,2054.000000,205704.000000
tuple/nested_sum,56043,0,32,0.022764500,1406,78779503,8198.000000,697224.000000
tuple/join_sum,56043,0,32,1.648317166,19,1088004,5126.000000,500616.000000
tuple/join_bound,56043,0,32,0.038269292,836,46862011,6151.000000,599080.000000
tuple/group,56043,0,32,0.015291709,2093,117277670,2159.000000,517480.000000
tuple/negative_index,56043,0,32,0.006938458,4612,258468957,2062.000000,270664.000000
compile/builtins,0,0,32,0.000067334,475243,0,55.000000,3865.000000
builtin/length,100,0,32,0.000008625,3710145,371014493,0.000000,0.000000
builtin/normalize,100,0,32,0.000024250,1319588,131958763,19.000000,363.000000
builtin/split_join,100,0,32,0.000036083,886844,88684422,32.000000,749.000000
builtin/numeric,100,0,32,0.000008958,3572226,357222594,0.000000,0.000000
builtin/average,100,0,32,0.000008292,3859141,385914134,0.000000,0.000000
builtin/type,100,0,32,0.000007666,4174276,417427602,0.000000,0.000000
builtin/keys,100,0,32,0.000016041,1994888,199488810,8.000000,468.000000
builtin/map_builtin,100,0,32,0.000015709,2037049,203704883,3.000000,208.000000
builtin/map_closure,100,0,32,0.000029667,1078640,107863957,9.000000,944.000000
builtin/reduce,100,0,32,0.000019250,1662338,166233766,4.000000,256.000000
builtin/sift,100,0,32,0.000024417,1310562,131056231,12.000000,812.000000
builtin/length,500,0,32,0.000021875,1462857,731428571,0.000000,0.000000
builtin/normalize,500,0,32,0.000037417,855226,427613117,19.000000,363.000000
builtin/split_join,500,0,32,0.000048500,659794,329896907,32.000000,749.000000
builtin/numeric,500,0,32,0.000022292,1435493,717746277,0.000000,0.000000
builtin/average,500,0,32,0.000021791,1468496,734248084,0.000000,0.000000
builtin/type,500,0,32,0.000021166,1511859,755929321,0.000000,0.000000
builtin/keys,500,0,32,0.000032041,998720,499360195,8.000000,468.000000
builtin/map_builtin,500,0,32,0.000029125,1098712,549356223,3.000000,208.000000
builtin/map_closure,500,0,32,0.000052417,610489,305244482,9.000000,944.000000
builtin/reduce,500,0,32,0.000032500,984615,492307692,4.000000,256.000000
builtin/sift,500,0,32,0.000037375,856187,428093645,12.000000,812.000000
builtin/length,1024,0,32,0.000038959,821376,841089350,0.000000,0.000000
builtin/normalize,1024,0,32,0.000054167,590766,604943970,19.000000,363.000000
builtin/split_join,1024,0,32,0.000065209,490730,502507323,32.000000,749.000000
builtin/numeric,1024,0,32,0.000042000,761905,780190476,0.000000,0.000000
builtin/average,1024,0,32,0.000038875,823151,842906752,0.000000,0.000000
builtin/type,1024,0,32,0.000038333,834790,854824825,0.000000,0.000000
builtin/keys,1024,0,32,0.000046792,683878,700290648,8.000000,468.000000
builtin/map_builtin,1024,0,32,0.000046208,692521,709141274,3.000000,208.000000
builtin/map_closure,1024,0,32,0.000074875,427379,437636060,9.000000,944.000000
builtin/reduce,1024,0,32,0.000049416,647564,663105067,4.000000,256.000000
builtin/sift,1024,0,32,0.000054125,591224,605413395,12.000000,812.000000
builtin/length,10240,0,32,0.000336042,95226,975116206,0.000000,0.000000
builtin/normalize,10240,0,32,0.000351000,91168,933561254,19.000000,363.000000
builtin/split_join,10240,0,32,0.000362417,88296,904151847,32.000000,749.000000
builtin/numeric,10240,0,32,0.000336292,95155,974391303,0.000000,0.000000
builtin/average,10240,0,32,0.000336083,95215,974997248,0.000000,0.000000
builtin/type,10240,0,32,0.000335125,95487,977784409,0.000000,0.000000
builtin/keys,10240,0,32,0.000348375,91855,940595623,8.000000,468.000000
builtin/map_builtin,10240,0,32,0.000343208,93238,954756299,3.000000,208.000000
builtin/map_closure,10240,0,32,0.000518083,61766,632485528,9.000000,944.000000
builtin/reduce,10240,0,32,0.000346334,92396,946138698,4.000000,256.000000
builtin/sift,10240,0,32,0.000351833,90952,931350953,12.000000,812.000000
builtin/length,1048576,0,32,0.033910708,944,989493702,0.000000,0.000000
builtin/normalize,1048576,0,32,0.033931250,943,988894662,19.000000,363.000000
builtin/split_join,1048576,0,32,0.033959709,942,988065946,32.000000,749.000000
builtin/numeric,1048576,0,32,0.034080000,939,984578404,0.000000,0.000000
builtin/average,1048576,0,32,0.033900375,944,989795305,0.000000,0.000000
builtin/type,1048576,0,32,0.033932625,943,988854591,0.000000,0.000000
builtin/keys,1048576,0,32,0.033959375,942,988075664,8.000000,468.000000
builtin/map_builtin,1048576,0,32,0.034031791,940,985973145,3.000000,208.000000
builtin/map_closure,1048576,0,32,0.050643958,632,662555482,9.000000,944.000000
builtin/reduce,1048576,0,32,0.033936917,943,988729530,4.000000,256.000000
builtin/sift,1048576,0,32,0.033970417,942,987754492,12.000000,812.000000
builtin/filter_reduce,285,0,32,0.000075708,422677,120462831,7.000000,464.000000
builtin/planned_average,285,0,32,0.000028417,1126086,320934652,0.000000,0.000000
builtin/grouped_average,285,0,32,0.000065250,490421,139770115,10.000000,1016.000000
builtin/ordered_labels,285,0,32,0.000190667,167832,47832084,113.000000,3697.000000
builtin/merged_objects,285,0,32,0.000210416,152080,43342712,116.000000,7192.000000
builtin/each_group,285,0,32,0.000091958,347985,99175711,30.000000,2716.000000
builtin/distinct,285,0,32,0.000050250,636816,181492537,5.000000,480.000000
builtin/filter_reduce,4537,0,32,0.001068666,29944,135855356,11.000000,3344.000000
builtin/planned_average,4537,0,32,0.000436208,73359,332832043,0.000000,0.000000
builtin/grouped_average,4537,0,32,0.000902709,35449,160831453,18.000000,9656.000000
builtin/ordered_labels,4537,0,32,0.002835583,11285,51200758,1564.000000,53481.000000
builtin/merged_objects,4537,0,32,0.005338208,5995,27197142,1921.000000,117594.000000
builtin/each_group,4537,0,32,0.000932875,34303,155630712,38.000000,11356.000000
builtin/distinct,4537,0,32,0.000713541,44847,203469738,9.000000,6240.000000
builtin/filter_reduce,37737,0,32,0.008446000,3789,142977031,14.000000,24848.000000
builtin/planned_average,37737,0,32,0.003422542,9350,352832485,0.000000,0.000000
builtin/grouped_average,37737,0,32,0.007264958,4405,166220369,24.000000,74168.000000
builtin/ordered_labels,37737,0,32,0.025183584,1271,47951237,12397.000000,429281.000000
builtin/merged_objects,37737,0,32,0.159379792,201,7576770,15391.000000,940530.000000
builtin/each_group,37737,0,32,0.007208250,4439,167528041,44.000000,75868.000000
builtin/distinct,37737,0,32,0.005548625,5767,217636622,12.000000,49248.000000
compile/helpers,0,0,32,0.000094625,338177,0,72.000000,6457.000000
helper/round,100,0,32,0.000008166,3918687,391868724,0.000000,0.000000
helper/static_round,100,0,32,0.000003291,9723488,972348830,0.000000,0.000000
helper/decimal_round,100,0,32,0.000012459,2568424,256842443,0.000000,0.000000
helper/pad,100,0,32,0.000019209,1665886,166588578,5.000000,83.000000
helper/pad_unchanged,100,0,32,0.000008084,3958436,395843642,0.000000,0.000000
helper/uri_unchanged,100,0,32,0.000007833,4085280,408528022,0.000000,0.000000
helper/base64,100,0,32,0.000010667,2999906,299990625,5.000000,48.000000
helper/sort,100,0,32,0.000014833,2157352,215735185,5.000000,264.000000
helper/zip,100,0,32,0.000019000,1684211,168421053,11.000000,816.000000
helper/single,100,0,32,0.000017250,1855072,185507246,4.000000,256.000000
helper/assert,100,0,32,0.000008333,3840154,384015361,0.000000,0.000000
helper/static_sort,100,0,32,0.000003708,8629989,862998921,1.000000,16.000000
helper/round,500,0,32,0.000021584,1482580,741289844,0.000000,0.000000
helper/static_round,500,0,32,0.000010416,3072197,1536098310,0.000000,0.000000
helper/decimal_round,500,0,32,0.000025958,1232761,616380307,0.000000,0.000000
helper/pad,500,0,32,0.000026208,1221001,610500611,5.000000,83.000000
helper/pad_unchanged,500,0,32,0.000021750,1471264,735632184,0.000000,0.000000
helper/uri_unchanged,500,0,32,0.000021333,1500023,750011719,0.000000,0.000000
helper/base64,500,0,32,0.000024042,1331004,665502038,5.000000,48.000000
helper/sort,500,0,32,0.000027958,1144574,572287002,5.000000,264.000000
helper/zip,500,0,32,0.000039041,819651,409825568,11.000000,816.000000
helper/single,500,0,32,0.000030625,1044898,522448980,4.000000,256.000000
helper/assert,500,0,32,0.000021792,1468429,734214391,0.000000,0.000000
helper/static_sort,500,0,32,0.000010583,3023717,1511858641,1.000000,16.000000
helper/round,1024,0,32,0.000038667,827579,847440970,0.000000,0.000000
helper/static_round,1024,0,32,0.000019041,1680584,1720918019,0.000000,0.000000
helper/decimal_round,1024,0,32,0.000043375,737752,755458213,0.000000,0.000000
helper/pad,1024,0,32,0.000043334,738450,756172982,5.000000,83.000000
helper/pad_unchanged,1024,0,32,0.000038833,824041,843818402,0.000000,0.000000
helper/uri_unchanged,1024,0,32,0.000038375,833876,853889251,0.000000,0.000000
helper/base64,1024,0,32,0.000041250,775758,794375758,5.000000,48.000000
helper/sort,1024,0,32,0.000045209,707824,724811431,5.000000,264.000000
helper/zip,1024,0,32,0.000064584,495479,507370247,11.000000,816.000000
helper/single,1024,0,32,0.000048458,660366,676214454,4.000000,256.000000
helper/assert,1024,0,32,0.000038833,824041,843818402,0.000000,0.000000
helper/static_sort,1024,0,32,0.000019333,1655201,1694925775,1.000000,16.000000
helper/round,10240,0,32,0.000338500,94535,968035451,0.000000,0.000000
helper/static_round,10240,0,32,0.000170292,187913,1924224274,0.000000,0.000000
helper/decimal_round,10240,0,32,0.000340250,94048,963056576,0.000000,0.000000
helper/pad,10240,0,32,0.000340375,94014,962702901,5.000000,83.000000
helper/pad_unchanged,10240,0,32,0.000335667,95333,976205585,0.000000,0.000000
helper/uri_unchanged,10240,0,32,0.000335375,95416,977055535,0.000000,0.000000
helper/base64,10240,0,32,0.000338209,94616,968868362,5.000000,48.000000
helper/sort,10240,0,32,0.000350584,91276,934669009,5.000000,264.000000
helper/zip,10240,0,32,0.000507667,63033,645462478,11.000000,816.000000
helper/single,10240,0,32,0.000347292,92141,943528788,4.000000,256.000000
helper/assert,10240,0,32,0.000335834,95285,975720147,0.000000,0.000000
helper/static_sort,10240,0,32,0.000170584,187591,1920930451,1.000000,16.000000
helper/round,1048576,0,32,0.033899041,944,989834255,0.000000,0.000000
helper/static_round,1048576,0,32,0.017197334,1861,1951141497,0.000000,0.000000
helper/decimal_round,1048576,0,32,0.033915000,944,989368480,0.000000,0.000000
helper/pad,1048576,0,32,0.033907125,944,989598263,5.000000,83.000000
helper/pad_unchanged,1048576,0,32,0.033934917,943,988787802,0.000000,0.000000
helper/uri_unchanged,1048576,0,32,0.033901000,944,989777057,0.000000,0.000000
helper/base64,1048576,0,32,0.033940167,943,988634853,5.000000,48.000000
helper/sort,1048576,0,32,0.033970792,942,987743589,5.000000,264.000000
helper/zip,1048576,0,32,0.050689084,631,661965641,11.000000,816.000000
helper/single,1048576,0,32,0.033965750,942,987890213,4.000000,256.000000
helper/assert,1048576,0,32,0.033956500,942,988159321,0.000000,0.000000
helper/static_sort,1048576,0,32,0.017245625,1856,1945677933,1.000000,16.000000
helper/sort_sequence,162,0,32,0.000044208,723851,117263844,9.000000,992.000000
helper/zip_sequence,162,0,32,0.000070166,456061,73881937,28.000000,2160.000000
helper/sort_callback,162,0,32,0.000093166,343473,55642616,15.000000,1536.000000
helper/single_sequence,162,0,32,0.000049625,644836,104463476,7.000000,592.000000
helper/group_round,162,0,32,0.000064000,500000,81000000,10.000000,1016.000000
helper/filtered_sorted,162,0,32,0.000140542,227690,36885771,53.000000,2444.000000
helper/sort_sequence,2588,0,32,0.000657084,48700,126035636,17.000000,17312.000000
helper/zip_sequence,2588,0,32,0.000885125,36153,93564186,280.000000,30960.000000
helper/sort_callback,2588,0,32,0.002166042,14773,38233792,27.000000,23616.000000
helper/single_sequence,2588,0,32,0.000629500,50834,131558380,11.000000,6352.000000
helper/group_round,2588,0,32,0.000691708,46262,119726821,18.000000,9656.000000
helper/filtered_sorted,2588,0,32,0.002538333,12607,32626137,787.000000,39945.000000
helper/sort_sequence,21428,0,32,0.005774666,5541,118742106,23.000000,139168.000000
helper/zip_sequence,21428,0,32,0.006776541,4722,101186726,2081.000000,246000.000000
helper/sort_callback,21428,0,32,0.022232083,1439,30842634,36.000000,188480.000000
helper/single_sequence,21428,0,32,0.004757750,6726,144121906,14.000000,49360.000000
helper/group_round,21428,0,32,0.005226542,6123,131194966,24.000000,74168.000000
helper/filtered_sorted,21428,0,32,0.021881250,1462,31337149,6127.000000,318533.000000
helper/uri_roundtrip,136,0,32,0.000150834,212154,28852911,24.000000,5422.000000
helper/base64_roundtrip,136,0,32,0.000055708,574424,78121634,19.000000,2097.000000
helper/uri_roundtrip,1031,0,32,0.001006500,31793,32778937,30.000000,43363.000000
helper/base64_roundtrip,1031,0,32,0.000297083,107714,111053140,22.000000,16434.000000
helper/uri_roundtrip,10251,0,32,0.009827750,3256,33378138,36.000000,409675.000000
helper/base64_roundtrip,10251,0,32,0.002735250,11699,119927612,25.000000,156066.000000
helper/uri_roundtrip,1048586,0,32,1.035014792,31,32419587,50.000000,44459678.000000
helper/base64_roundtrip,1048586,0,32,0.275593917,116,121754327,32.000000,16812233.000000
compile/formatting,0,0,32,0.000226875,141047,0,172.000000,15749.000000
format/number_static,200,0,32,0.000020042,1596647,319329408,2.000000,54.000000
format/number_context,200,0,32,0.000021375,1497076,299415205,2.000000,54.000000
format/number_dynamic,200,0,32,0.000042333,755911,151182293,20.000000,569.000000
format/integer_static,200,0,32,0.000013708,2334403,466880654,2.000000,32.000000
format/integer_dynamic,200,0,32,0.000023375,1368984,273796791,5.000000,120.000000
format/integer_parse_static,200,0,32,0.000011417,2802838,560567575,1.000000,8.000000
format/words_static,200,0,32,0.000018084,1769520,353904004,5.000000,184.000000
format/date_static,200,0,32,0.000016334,1959104,391820742,2.000000,51.000000
format/date_context,200,0,32,0.000018000,1777778,355555556,2.000000,51.000000
format/date_dynamic,200,0,32,0.000035166,909970,181993971,15.000000,2005.000000
format/date_iso,200,0,32,0.000019334,1655115,331023068,2.000000,101.000000
format/date_parse_iso,200,0,32,0.000010500,3047619,609523810,0.000000,0.000000
format/date_parse_constant,200,0,32,0.000004583,6982326,1396465197,0.000000,0.000000
format/date_parse_static,200,0,32,0.000020167,1586751,317350126,6.000000,1360.000000
format/date_parse_dynamic,200,0,32,0.000150625,212448,42489627,89.000000,10601.000000
format/mixed,200,0,32,0.000057042,560990,112198030,13.000000,1889.000000
format/number_static,500,0,32,0.000030084,1063688,531844170,2.000000,54.000000
format/number_context,500,0,32,0.000031958,1001314,500657112,2.000000,54.000000
format/number_dynamic,500,0,32,0.000058000,551724,275862069,20.000000,569.000000
format/integer_static,500,0,32,0.000023875,1340314,670157068,2.000000,32.000000
format/integer_dynamic,500,0,32,0.000039000,820513,410256410,5.000000,120.000000
format/integer_parse_static,500,0,32,0.000021583,1482648,741324190,1.000000,8.000000
format/words_static,500,0,32,0.000028375,1127753,563876652,5.000000,184.000000
format/date_static,500,0,32,0.000026292,1217100,608550129,2.000000,51.000000
format/date_context,500,0,32,0.000028250,1132743,566371681,2.000000,51.000000
format/date_dynamic,500,0,32,0.000051084,626419,313209616,15.000000,2005.000000
format/date_iso,500,0,32,0.000029584,1081666,540832883,2.000000,101.000000
format/date_parse_iso,500,0,32,0.000020542,1557784,778892026,0.000000,0.000000
format/date_parse_constant,500,0,32,0.000009750,3282051,1641025641,0.000000,0.000000
format/date_parse_static,500,0,32,0.000031000,1032258,516129032,6.000000,1360.000000
format/date_parse_dynamic,500,0,32,0.000166292,192433,96216294,89.000000,10601.000000
format/mixed,500,0,32,0.000077208,414465,207232411,13.000000,1889.000000
format/number_static,1024,0,32,0.000047167,678440,694723005,2.000000,54.000000
format/number_context,1024,0,32,0.000048625,658098,673892031,2.000000,54.000000
format/number_dynamic,1024,0,32,0.000083584,382848,392036753,20.000000,569.000000
format/integer_static,1024,0,32,0.000040959,781269,800019532,2.000000,32.000000
format/integer_dynamic,1024,0,32,0.000063750,501961,514007843,5.000000,120.000000
format/integer_parse_static,1024,0,32,0.000038625,828479,848362460,1.000000,8.000000
format/words_static,1024,0,32,0.000045083,709802,726837167,5.000000,184.000000
format/date_static,1024,0,32,0.000043417,737038,754727411,2.000000,51.000000
format/date_context,1024,0,32,0.000044875,713092,730206128,2.000000,51.000000
format/date_dynamic,1024,0,32,0.000075500,423841,434013245,15.000000,2005.000000
format/date_iso,1024,0,32,0.000046541,687566,704067381,2.000000,101.000000
format/date_parse_iso,1024,0,32,0.000037750,847682,868026490,0.000000,0.000000
format/date_parse_constant,1024,0,32,0.000018375,1741497,1783292517,0.000000,0.000000
format/date_parse_static,1024,0,32,0.000047375,675462,691672823,6.000000,1360.000000
format/date_parse_dynamic,1024,0,32,0.000191875,166775,170777850,89.000000,10601.000000
format/mixed,1024,0,32,0.000110708,289049,295985837,13.000000,1889.000000
format/number_static,10240,0,32,0.000339166,94349,966134577,2.000000,54.000000
format/number_context,10240,0,32,0.000327500,97710,1000549618,2.000000,54.000000
format/number_dynamic,10240,0,32,0.000536083,59692,611248631,20.000000,569.000000
format/integer_static,10240,0,32,0.000338000,94675,969467456,2.000000,32.000000
format/integer_dynamic,10240,0,32,0.000507083,63106,646205848,5.000000,120.000000
format/integer_parse_static,10240,0,32,0.000336042,95226,975116206,1.000000,8.000000
format/words_static,10240,0,32,0.000342375,93465,957079226,5.000000,184.000000
format/date_static,10240,0,32,0.000340625,93945,961996330,2.000000,51.000000
format/date_context,10240,0,32,0.000343791,93080,953137226,2.000000,51.000000
format/date_dynamic,10240,0,32,0.000518166,61756,632384217,15.000000,2005.000000
format/date_iso,10240,0,32,0.000343833,93068,953020798,2.000000,101.000000
format/date_parse_iso,10240,0,32,0.000335125,95487,977784409,0.000000,0.000000
format/date_parse_constant,10240,0,32,0.000169458,188837,1933694485,0.000000,0.000000
format/date_parse_static,10240,0,32,0.000344875,92787,950141356,6.000000,1360.000000
format/date_parse_dynamic,10240,0,32,0.000638208,50140,513437625,89.000000,10601.000000
format/mixed,10240,0,32,0.000711250,44991,460710018,13.000000,1889.000000
format/number_static,1048576,0,32,0.033975500,942,987606717,2.000000,54.000000
format/number_context,1048576,0,32,0.034009584,941,986616949,2.000000,54.000000
format/number_dynamic,1048576,0,32,0.050668416,632,662235662,20.000000,569.000000
format/integer_static,1048576,0,32,0.033949042,943,988376402,2.000000,32.000000
format/integer_dynamic,1048576,0,32,0.050625625,632,662795412,5.000000,120.000000
format/integer_parse_static,1048576,0,32,0.034032000,940,985967090,1.000000,8.000000
format/words_static,1048576,0,32,0.033987375,942,987261652,5.000000,184.000000
format/date_static,1048576,0,32,0.033933666,943,988824255,2.000000,51.000000
format/date_context,1048576,0,32,0.033938875,943,988672488,2.000000,51.000000
format/date_dynamic,1048576,0,32,0.050887125,629,659389423,15.000000,2005.000000
format/date_iso,1048576,0,32,0.034171208,936,981950419,2.000000,101.000000
format/date_parse_iso,1048576,0,32,0.033998792,941,986930124,0.000000,0.000000
format/date_parse_constant,1048576,0,32,0.017209042,1859,1949814057,0.000000,0.000000
format/date_parse_static,1048576,0,32,0.033985167,942,987325794,6.000000,1360.000000
format/date_parse_dynamic,1048576,0,32,0.050879000,629,659494723,89.000000,10601.000000
format/mixed,1048576,0,32,0.068430583,468,490342629,13.000000,1889.000000
format/filtered_rows,218,0,32,0.000150875,212096,46236951,28.000000,1604.000000
format/filtered_date_sum,234,0,32,0.000099667,321069,75130184,24.000000,5440.000000
format/filtered_rows,3484,0,32,0.002477666,12915,44997187,448.000000,25664.000000
format/filtered_date_sum,3740,0,32,0.001559250,20523,76754850,384.000000,87040.000000
format/filtered_rows,28596,0,32,0.020231000,1582,45231180,3584.000000,205312.000000
format/filtered_date_sum,30644,0,32,0.012235583,2615,80143954,3072.000000,696320.000000
compile/function_signature,0,0,32,0.000055084,580931,0,49.000000,3284.000000
compile/function_tail,0,0,32,0.000070666,452834,0,54.000000,3431.000000
function/builtin,100,0,32,0.000007584,4219409,421940928,0.000000,0.000000
function/direct,100,0,32,0.000006708,4770423,477042338,3.000000,192.000000
function/signed,100,0,32,0.000008084,3958436,395843642,3.000000,192.000000
function/named,100,0,32,0.000014458,2213308,221330751,6.000000,640.000000
function/signed_named,100,0,32,0.000015875,2015748,201574803,6.000000,640.000000
function/signature_context,100,0,32,0.000018875,1695364,169536424,6.000000,640.000000
function/signature_array,100,0,32,0.000010250,3121951,312195122,5.000000,576.000000
function/signature_promote,100,0,32,0.000010125,3160494,316049383,7.000000,648.000000
function/signature_optional,100,0,32,0.000008291,3859607,385960680,3.000000,192.000000
function/signature_variadic,100,0,32,0.000010250,3121951,312195122,3.000000,192.000000
function/closure,100,0,32,0.000026625,1201878,120187793,7.000000,800.000000
function/partial,100,0,32,0.000022292,1435493,143549255,8.000000,752.000000
function/callback,100,0,32,0.000018833,1699145,169914512,6.000000,400.000000
function/signed_callback,100,0,32,0.000023125,1383784,138378378,6.000000,400.000000
function/partial_callback,100,0,32,0.000028125,1137778,113777778,8.000000,512.000000
function/mixed,100,0,32,0.000042417,754415,75441450,11.000000,1208.000000
rust/function_scalar,100,0,32,0.000003625,8827586,882758621,0.000000,0.000000
function/builtin,500,0,32,0.000021250,1505882,752941176,0.000000,0.000000
function/direct,500,0,32,0.000013542,2363019,1181509378,3.000000,192.000000
function/signed,500,0,32,0.000014708,2175687,1087843351,3.000000,192.000000
function/named,500,0,32,0.000028417,1126086,563043249,6.000000,640.000000
function/signed_named,500,0,32,0.000029583,1081702,540851165,6.000000,640.000000
function/signature_context,500,0,32,0.000032625,980843,490421456,6.000000,640.000000
function/signature_array,500,0,32,0.000024375,1312821,656410256,5.000000,576.000000
function/signature_promote,500,0,32,0.000017166,1864150,932075032,7.000000,648.000000
function/signature_optional,500,0,32,0.000015250,2098361,1049180328,3.000000,192.000000
function/signature_variadic,500,0,32,0.000017209,1859492,929746063,3.000000,192.000000
function/closure,500,0,32,0.000041750,766467,383233533,7.000000,800.000000
function/partial,500,0,32,0.000043667,732819,366409417,8.000000,752.000000
function/callback,500,0,32,0.000032417,987136,493568190,6.000000,400.000000
function/signed_callback,500,0,32,0.000036500,876712,438356164,6.000000,400.000000
function/partial_callback,500,0,32,0.000048250,663212,331606218,8.000000,512.000000
function/mixed,500,0,32,0.000069541,460160,230080097,11.000000,1208.000000
rust/function_scalar,500,0,32,0.000010500,3047619,1523809524,0.000000,0.000000
function/builtin,1024,0,32,0.000038084,840248,860413822,0.000000,0.000000
function/direct,1024,0,32,0.000022209,1440857,1475437886,3.000000,192.000000
function/signed,1024,0,32,0.000023417,1366529,1399325277,3.000000,192.000000
function/named,1024,0,32,0.000045625,701370,718202740,6.000000,640.000000
function/signed_named,1024,0,32,0.000046792,683878,700290648,6.000000,640.000000
function/signature_context,1024,0,32,0.000049416,647564,663105067,6.000000,640.000000
function/signature_array,1024,0,32,0.000025750,1242718,1272543689,5.000000,576.000000
function/signature_promote,1024,0,32,0.000025958,1232761,1262346868,7.000000,648.000000
function/signature_optional,1024,0,32,0.000023917,1337960,1370071497,3.000000,192.000000
function/signature_variadic,1024,0,32,0.000025792,1240695,1270471464,3.000000,192.000000
function/closure,1024,0,32,0.000066625,480300,491827392,7.000000,800.000000
function/partial,1024,0,32,0.000068167,469435,480701806,8.000000,752.000000
function/callback,1024,0,32,0.000049583,645382,660871670,6.000000,400.000000
function/signed_callback,1024,0,32,0.000053708,595814,610113950,6.000000,400.000000
function/partial_callback,1024,0,32,0.000073125,437607,448109402,8.000000,512.000000
function/mixed,1024,0,32,0.000103084,310426,317876683,11.000000,1208.000000
rust/function_scalar,1024,0,32,0.000019333,1655201,1694925775,0.000000,0.000000
function/builtin,10240,0,32,0.000335083,95499,977906966,0.000000,0.000000
function/direct,10240,0,32,0.000173750,184173,1885928058,3.000000,192.000000
function/signed,10240,0,32,0.000177791,179987,1843062922,3.000000,192.000000
function/named,10240,0,32,0.000342208,93510,957546288,6.000000,640.000000
function/signed_named,10240,0,32,0.000353666,90481,926523895,6.000000,640.000000
function/signature_context,10240,0,32,0.000346875,92252,944663063,6.000000,640.000000
function/signature_array,10240,0,32,0.000177000,180791,1851299435,5.000000,576.000000
function/signature_promote,10240,0,32,0.000177375,180409,1847385483,7.000000,648.000000
function/signature_optional,10240,0,32,0.000175209,182639,1870223562,3.000000,192.000000
function/signature_variadic,10240,0,32,0.000177166,180622,1849564815,3.000000,192.000000
function/closure,10240,0,32,0.000510208,62720,642247868,7.000000,800.000000
function/partial,10240,0,32,0.000511166,62602,641044201,8.000000,752.000000
function/callback,10240,0,32,0.000346583,92330,945458952,6.000000,400.000000
function/signed_callback,10240,0,32,0.000350042,91418,936116237,6.000000,400.000000
function/partial_callback,10240,0,32,0.000519250,61627,631064035,8.000000,512.000000
function/mixed,10240,0,32,0.000692167,46232,473411763,11.000000,1208.000000
rust/function_scalar,10240,0,32,0.000177959,179817,1841323001,0.000000,0.000000
function/builtin,1048576,0,32,0.033903083,944,989716245,0.000000,0.000000
function/direct,1048576,0,32,0.017277875,1852,1942046230,3.000000,192.000000
function/signed,1048576,0,32,0.017225375,1858,1947965255,3.000000,192.000000
function/named,1048576,0,32,0.033957458,942,988131444,6.000000,640.000000
function/signed_named,1048576,0,32,0.033971000,942,987737541,6.000000,640.000000
function/signature_context,1048576,0,32,0.033919875,943,989226287,6.000000,640.000000
function/signature_array,1048576,0,32,0.017266542,1853,1943320904,5.000000,576.000000
function/signature_promote,1048576,0,32,0.017260500,1854,1944001159,7.000000,648.000000
function/signature_optional,1048576,0,32,0.017281959,1852,1941587293,3.000000,192.000000
function/signature_variadic,1048576,0,32,0.017257208,1854,1944371998,3.000000,192.000000
function/closure,1048576,0,32,0.050595375,632,663191685,7.000000,800.000000
function/partial,1048576,0,32,0.050716042,631,661613775,8.000000,752.000000
function/callback,1048576,0,32,0.033995875,941,987014807,6.000000,400.000000
function/signed_callback,1048576,0,32,0.033942084,943,988579016,6.000000,400.000000
function/partial_callback,1048576,0,32,0.050412292,635,665600207,8.000000,512.000000
function/mixed,1048576,0,32,0.067356459,475,498162055,11.000000,1208.000000
rust/function_scalar,1048576,0,32,0.017560959,1822,1910740296,0.000000,0.000000
function/tail_8,34,0,32,0.000047250,677249,23026455,7.000000,800.000000
function/signed_tail_8,34,0,32,0.000058833,543912,18493023,7.000000,800.000000
function/tail_block_8,34,0,32,0.000061709,518563,17631140,8.000000,960.000000
function/tail_borrow_8,34,0,32,0.000046250,691892,23524324,7.000000,800.000000
function/tail_escape_once_8,34,0,32,0.000057291,558552,18990766,10.000000,1088.000000
function/recursion_8,34,0,32,0.000059458,538195,18298631,17.000000,3424.000000
rust/function_tail_8,34,0,32,0.000001583,20214782,687302590,0.000000,0.000000
function/tail_32,35,0,32,0.000139250,229803,8043088,7.000000,800.000000
function/signed_tail_32,35,0,32,0.000185750,172275,6029610,7.000000,800.000000
function/tail_block_32,35,0,32,0.000189583,168792,5907703,8.000000,960.000000
function/tail_borrow_32,35,0,32,0.000132084,242270,8479452,7.000000,800.000000
function/tail_escape_once_32,35,0,32,0.000168917,189442,6630475,10.000000,1088.000000
function/recursion_32,35,0,32,0.000205500,155718,5450122,43.000000,12640.000000
rust/function_tail_32,35,0,32,0.000001750,18285714,640000000,0.000000,0.000000
function/tail_64,35,0,32,0.000273708,116913,4091952,7.000000,800.000000
function/signed_tail_64,35,0,32,0.000355250,90077,3152709,7.000000,800.000000
function/tail_block_64,35,0,32,0.000358500,89261,3124128,8.000000,960.000000
function/tail_borrow_64,35,0,32,0.000247208,129446,4530598,7.000000,800.000000
function/tail_escape_once_64,35,0,32,0.000318208,100563,3519710,10.000000,1088.000000
rust/function_tail_64,35,0,32,0.000002375,13473684,471578947,0.000000,0.000000
function/tail_1024,37,0,32,0.004157375,7697,284795,7.000000,800.000000
function/signed_tail_1024,37,0,32,0.005397209,5929,219373,7.000000,800.000000
function/tail_block_1024,37,0,32,0.005516833,5800,214616,8.000000,960.000000
function/tail_borrow_1024,37,0,32,0.003712375,8620,318933,7.000000,800.000000
function/tail_escape_once_1024,37,0,32,0.004822667,6635,245507,10.000000,1088.000000
rust/function_tail_1024,37,0,32,0.000021000,1523810,56380952,0.000000,0.000000
function/tail_100000,39,0,32,0.399933875,80,3121,7.000000,800.000000
function/signed_tail_100000,39,0,32,0.522023292,61,2391,7.000000,800.000000
function/tail_block_100000,39,0,32,0.534192917,60,2336,8.000000,960.000000
function/tail_borrow_100000,39,0,32,0.358528583,89,3481,7.000000,800.000000
function/tail_escape_once_100000,39,0,32,0.465751125,69,2680,10.000000,1088.000000
rust/function_tail_100000,39,0,32,0.001998875,16009,624351,0.000000,0.000000
function/tail_capture_each_8,7,0,32,0.000059250,540084,3780591,26.000000,4000.000000
function/tail_capture_each_128,9,0,32,0.000664250,48175,433572,270.000000,57760.000000
function/tail_capture_each_1024,10,0,32,0.004984208,6420,64203,2065.000000,459168.000000
compile/eval_static,0,0,32,0.000023500,1361702,0,25.000000,1166.000000
compile/eval_dynamic,0,0,32,0.000011917,2685240,0,9.000000,648.000000
compile/eval_nested,0,0,32,0.000039334,813546,0,37.000000,1843.000000
eval/static_scalar,100,0,32,0.000012709,2517901,251790070,0.000000,0.000000
eval/dynamic_scalar,100,0,32,0.000035500,901408,90140845,21.000000,908.000000
eval/static_literal,100,0,32,0.000005000,6400000,640000000,1.000000,16.000000
eval/context,100,0,32,0.000011459,2792565,279256480,0.000000,0.000000
eval/nested,100,0,32,0.000013625,2348624,234862385,0.000000,0.000000
eval/inherited,100,0,32,0.000018000,1777778,177777778,5.000000,576.000000
eval/static_closure,100,0,32,0.000022958,1393850,139384964,6.000000,640.000000
eval/folded_literal,100,0,32,0.000006000,5333333,533333333,1.000000,16.000000
eval/mixed,100,0,32,0.000026958,1187032,118703168,9.000000,776.000000
effect/random,100,0,32,0.000005834,5485087,548508742,4.000000,224.000000
effect/random_injected,100,0,32,0.000005459,5861879,586187947,3.000000,192.000000
effect/shuffle,100,0,32,0.000012875,2485437,248543689,6.000000,368.000000
effect/shuffle_empty,100,0,32,0.000006375,5019608,501960784,4.000000,208.000000
effect/shuffle_single,100,0,32,0.000006417,4986754,498675393,4.000000,208.000000
eval/static_scalar,500,0,32,0.000032583,982107,491053617,0.000000,0.000000
eval/dynamic_scalar,500,0,32,0.000061166,523166,261583233,21.000000,908.000000
eval/static_literal,500,0,32,0.000011459,2792565,1396282398,1.000000,16.000000
eval/context,500,0,32,0.000024459,1308312,654155934,0.000000,0.000000
eval/nested,500,0,32,0.000033084,967235,483617459,0.000000,0.000000
eval/inherited,500,0,32,0.000037958,843037,421518520,5.000000,576.000000
eval/static_closure,500,0,32,0.000040833,783680,391839933,6.000000,640.000000
eval/folded_literal,500,0,32,0.000011417,2802838,1401418937,1.000000,16.000000
eval/mixed,500,0,32,0.000047375,675462,337730871,9.000000,776.000000
effect/random,500,0,32,0.000012583,2543114,1271556862,4.000000,224.000000
effect/random_injected,500,0,32,0.000012083,2648349,1324174460,3.000000,192.000000
effect/shuffle,500,0,32,0.000025792,1240695,620347395,6.000000,368.000000
effect/shuffle_empty,500,0,32,0.000012834,2493377,1246688484,4.000000,208.000000
effect/shuffle_single,500,0,32,0.000012958,2469517,1234758450,4.000000,208.000000
eval/static_scalar,1024,0,32,0.000057417,557326,570702057,0.000000,0.000000
eval/dynamic_scalar,1024,0,32,0.000095000,336842,344926316,21.000000,908.000000
eval/static_literal,1024,0,32,0.000020125,1590062,1628223602,1.000000,16.000000
eval/context,1024,0,32,0.000041541,770323,788811054,0.000000,0.000000
eval/nested,1024,0,32,0.000058416,547795,560942208,0.000000,0.000000
eval/inherited,1024,0,32,0.000062958,508275,520473967,5.000000,576.000000
eval/static_closure,1024,0,32,0.000065625,487619,499321905,6.000000,640.000000
eval/folded_literal,1024,0,32,0.000020084,1593308,1631547500,1.000000,16.000000
eval/mixed,1024,0,32,0.000072125,443674,454322357,9.000000,776.000000
effect/random,1024,0,32,0.000021125,1514793,1551147929,4.000000,224.000000
effect/random_injected,1024,0,32,0.000020667,1548362,1585522814,3.000000,192.000000
effect/shuffle,1024,0,32,0.000042834,747070,764999767,6.000000,368.000000
effect/shuffle_empty,1024,0,32,0.000024083,1328738,1360627829,4.000000,208.000000
effect/shuffle_single,1024,0,32,0.000026208,1221001,1250305250,4.000000,208.000000
eval/static_scalar,10240,0,32,0.000500667,63915,654486914,0.000000,0.000000
eval/dynamic_scalar,10240,0,32,0.000683959,46786,479093045,21.000000,908.000000
eval/static_literal,10240,0,32,0.000171541,186544,1910213885,1.000000,16.000000
eval/context,10240,0,32,0.000339000,94395,966607670,0.000000,0.000000
eval/nested,10240,0,32,0.000501834,63766,652964925,0.000000,0.000000
eval/inherited,10240,0,32,0.000506084,63231,647481446,5.000000,576.000000
eval/static_closure,10240,0,32,0.000522083,61293,627639666,6.000000,640.000000
eval/folded_literal,10240,0,32,0.000171667,186407,1908811828,1.000000,16.000000
eval/mixed,10240,0,32,0.000515708,62051,635398326,9.000000,776.000000
effect/random,10240,0,32,0.000174708,183163,1875586693,4.000000,224.000000
effect/random_injected,10240,0,32,0.000172000,186047,1905116279,3.000000,192.000000
effect/shuffle,10240,0,32,0.000342041,93556,958013805,6.000000,368.000000
effect/shuffle_empty,10240,0,32,0.000172542,185462,1899131806,4.000000,208.000000
effect/shuffle_single,10240,0,32,0.000172833,185150,1895934226,4.000000,208.000000
eval/static_scalar,1048576,0,32,0.050627292,632,662773589,0.000000,0.000000
eval/dynamic_scalar,1048576,0,32,0.067437958,475,497560024,21.000000,908.000000
eval/static_literal,1048576,0,32,0.017245250,1856,1945720242,1.000000,16.000000
eval/context,1048576,0,32,0.033906125,944,989627449,0.000000,0.000000
eval/nested,1048576,0,32,0.050597667,632,663161643,0.000000,0.000000
eval/inherited,1048576,0,32,0.050505083,634,664377326,5.000000,576.000000
eval/static_closure,1048576,0,32,0.050548709,633,663803936,6.000000,640.000000
eval/folded_literal,1048576,0,32,0.017228041,1857,1947663812,1.000000,16.000000
eval/mixed,1048576,0,32,0.050731375,631,661413810,9.000000,776.000000
effect/random,1048576,0,32,0.017248667,1855,1945334790,4.000000,224.000000
effect/random_injected,1048576,0,32,0.017239875,1856,1946326873,3.000000,192.000000
effect/shuffle,1048576,0,32,0.033832083,946,991793263,6.000000,368.000000
effect/shuffle_empty,1048576,0,32,0.017287250,1851,1940993044,4.000000,208.000000
effect/shuffle_single,1048576,0,32,0.017244708,1856,1945781396,4.000000,208.000000
eval/dynamic_closure_map,61,0,32,0.000082791,386515,23577442,46.000000,3307.000000
eval/static_map,61,0,32,0.000029708,1077151,65706207,3.000000,336.000000
effect/shuffle_sum,61,0,32,0.000017333,1846189,112617550,7.000000,560.000000
eval/dynamic_closure_map,447,0,32,0.000419417,76296,34104483,50.000000,9067.000000
eval/static_map,447,0,32,0.000352334,90823,40597842,7.000000,6096.000000
effect/shuffle_sum,447,0,32,0.000133083,240451,107481797,11.000000,6320.000000
eval/dynamic_closure_map,4055,0,32,0.002903833,11020,44685765,53.000000,52075.000000
eval/static_map,4055,0,32,0.002757458,11605,47057834,10.000000,49104.000000
effect/shuffle_sum,4055,0,32,0.000913916,35014,141982414,14.000000,49328.000000
compile/conversion,0,0,32,0.000125250,255489,0,105.000000,6865.000000
compile/composition,0,0,32,0.000047333,676061,0,36.000000,2529.000000
conversion/string_identity,100,0,32,0.000005083,6295495,629549479,0.000000,0.000000
conversion/number_text,100,0,32,0.000005875,5446809,544680851,0.000000,0.000000
conversion/number_value,100,0,32,0.000005709,5605185,560518480,0.000000,0.000000
conversion/string_number,100,0,32,0.000014167,2258770,225877038,8.000000,108.000000
conversion/string_object,100,0,32,0.000017459,1832866,183286557,12.000000,423.000000
conversion/string_pretty,100,0,32,0.000022500,1422222,142222222,12.000000,453.000000
conversion/concat,100,0,32,0.000026209,1220955,122095463,14.000000,254.000000
conversion/folded,100,0,32,0.000003250,9846154,984615385,0.000000,0.000000
conversion/constructor,100,0,32,0.000033708,949330,94932954,13.000000,564.000000
conversion/chain_direct,100,0,32,0.000020125,1590062,159006211,12.000000,214.000000
conversion/chain_values,100,0,32,0.000033333,960010,96000960,27.000000,1176.000000
conversion/partial,100,0,32,0.000033375,958801,95880150,24.000000,1206.000000
conversion/partial_reused,100,0,32,0.000048125,664935,66493506,31.000000,2188.000000
conversion/sum_direct,100,0,32,0.000008458,3783400,378340033,0.000000,0.000000
conversion/sum_chain,100,0,32,0.000008458,3783400,378340033,0.000000,0.000000
conversion/sum_function,100,0,32,0.000011208,2855103,285510350,4.000000,256.000000
conversion/sum_partial,100,0,32,0.000013083,2445922,244592219,6.000000,344.000000
rust/number_text,100,0,32,0.000004125,7757576,775757576,0.000000,0.000000
conversion/string_identity,500,0,32,0.000011833,2704302,1352150765,0.000000,0.000000
conversion/number_text,500,0,32,0.000012667,2526249,1263124655,0.000000,0.000000
conversion/number_value,500,0,32,0.000012500,2560000,1280000000,0.000000,0.000000
conversion/string_number,500,0,32,0.000021084,1517739,758869285,8.000000,108.000000
conversion/string_object,500,0,32,0.000024375,1312821,656410256,12.000000,423.000000
conversion/string_pretty,500,0,32,0.000036125,885813,442906574,12.000000,453.000000
conversion/concat,500,0,32,0.000046667,685709,342854694,14.000000,254.000000
conversion/folded,500,0,32,0.000010209,3134489,1567244588,0.000000,0.000000
conversion/constructor,500,0,32,0.000061084,523869,261934385,13.000000,564.000000
conversion/chain_direct,500,0,32,0.000033792,946970,473484848,12.000000,214.000000
conversion/chain_values,500,0,32,0.000046792,683878,341938793,27.000000,1176.000000
conversion/partial,500,0,32,0.000047250,677249,338624339,24.000000,1206.000000
conversion/partial_reused,500,0,32,0.000067583,473492,236745927,31.000000,2188.000000
conversion/sum_direct,500,0,32,0.000022167,1443587,721793657,0.000000,0.000000
conversion/sum_chain,500,0,32,0.000022042,1451774,725886943,0.000000,0.000000
conversion/sum_function,500,0,32,0.000024875,1286432,643216080,4.000000,256.000000
conversion/sum_partial,500,0,32,0.000026542,1205636,602818175,6.000000,344.000000
rust/number_text,500,0,32,0.000010916,2931477,1465738366,0.000000,0.000000
conversion/string_identity,1024,0,32,0.000020584,1554606,1591916051,0.000000,0.000000
conversion/number_text,1024,0,32,0.000021292,1502912,1538981777,0.000000,0.000000
conversion/number_value,1024,0,32,0.000021125,1514793,1551147929,0.000000,0.000000
conversion/string_number,1024,0,32,0.000029667,1078640,1104526915,8.000000,108.000000
conversion/string_object,1024,0,32,0.000033000,969697,992969697,12.000000,423.000000
conversion/string_pretty,1024,0,32,0.000053125,602353,616809412,12.000000,453.000000
conversion/concat,1024,0,32,0.000071541,447296,458031059,14.000000,254.000000
conversion/folded,1024,0,32,0.000018916,1691690,1732290125,0.000000,0.000000
conversion/constructor,1024,0,32,0.000094375,339073,347210596,13.000000,564.000000
conversion/chain_direct,1024,0,32,0.000050083,638939,654273905,12.000000,214.000000
conversion/chain_values,1024,0,32,0.000063667,502615,514677934,27.000000,1176.000000
conversion/partial,1024,0,32,0.000064042,499672,511664220,24.000000,1206.000000
conversion/partial_reused,1024,0,32,0.000093208,343318,351557806,31.000000,2188.000000
conversion/sum_direct,1024,0,32,0.000039167,817014,836622667,0.000000,0.000000
conversion/sum_chain,1024,0,32,0.000039125,817891,837520767,0.000000,0.000000
conversion/sum_function,1024,0,32,0.000041875,764179,782519403,4.000000,256.000000
conversion/sum_partial,1024,0,32,0.000043750,731429,748982857,6.000000,344.000000
rust/number_text,1024,0,32,0.000019542,1637499,1676798690,0.000000,0.000000
conversion/string_identity,10240,0,32,0.000171708,186363,1908356046,0.000000,0.000000
conversion/number_text,10240,0,32,0.000172583,185418,1898680635,0.000000,0.000000
conversion/number_value,10240,0,32,0.000172459,185551,1900045808,0.000000,0.000000
conversion/string_number,10240,0,32,0.000183542,174347,1785313443,8.000000,108.000000
conversion/string_object,10240,0,32,0.000186958,171161,1752693118,12.000000,423.000000
conversion/string_pretty,10240,0,32,0.000350375,91331,935226543,12.000000,453.000000
conversion/concat,10240,0,32,0.000514750,62166,636580864,14.000000,254.000000
conversion/folded,10240,0,32,0.000172709,185283,1897295451,0.000000,0.000000
conversion/constructor,10240,0,32,0.000683500,46818,479414777,13.000000,564.000000
conversion/chain_direct,10240,0,32,0.000347250,92153,943642909,12.000000,214.000000
conversion/chain_values,10240,0,32,0.000361125,88612,907386639,27.000000,1176.000000
conversion/partial,10240,0,32,0.000376125,85078,871199734,24.000000,1206.000000
conversion/partial_reused,10240,0,32,0.000555875,57567,589485046,31.000000,2188.000000
conversion/sum_direct,10240,0,32,0.000350750,91233,934226657,0.000000,0.000000
conversion/sum_chain,10240,0,32,0.000336084,95214,974994347,0.000000,0.000000
conversion/sum_function,10240,0,32,0.000338750,94465,967321033,4.000000,256.000000
conversion/sum_partial,10240,0,32,0.000340583,93957,962114962,6.000000,344.000000
rust/number_text,10240,0,32,0.000170958,187180,1916728085,0.000000,0.000000
conversion/string_identity,1048576,0,32,0.017223167,1858,1948214983,0.000000,0.000000
conversion/number_text,1048576,0,32,0.017302417,1849,1939291603,0.000000,0.000000
conversion/number_value,1048576,0,32,0.017194750,1861,1951434711,0.000000,0.000000
conversion/string_number,1048576,0,32,0.017275667,1852,1942294442,8.000000,108.000000
conversion/string_object,1048576,0,32,0.017293000,1850,1940347655,12.000000,423.000000
conversion/string_pretty,1048576,0,32,0.033916292,943,989330791,12.000000,453.000000
conversion/concat,1048576,0,32,0.050635958,632,662660159,14.000000,254.000000
conversion/folded,1048576,0,32,0.017233834,1857,1947009122,0.000000,0.000000
conversion/constructor,1048576,0,32,0.067369959,475,498062230,13.000000,564.000000
conversion/chain_direct,1048576,0,32,0.033920959,943,989194675,12.000000,214.000000
conversion/chain_values,1048576,0,32,0.033998167,941,986948267,27.000000,1176.000000
conversion/partial,1048576,0,32,0.034021084,941,986283447,24.000000,1206.000000
conversion/partial_reused,1048576,0,32,0.050771208,630,660894891,31.000000,2188.000000
conversion/sum_direct,1048576,0,32,0.033971084,942,987735098,0.000000,0.000000
conversion/sum_chain,1048576,0,32,0.033989667,941,987195079,0.000000,0.000000
conversion/sum_function,1048576,0,32,0.033955750,942,988181148,4.000000,256.000000
conversion/sum_partial,1048576,0,32,0.033939500,943,988654282,6.000000,344.000000
rust/number_text,1048576,0,32,0.017272125,1853,1942692749,0.000000,0.000000
composition/numeric_pipeline,234,0,32,0.000102208,313087,73262367,14.000000,1312.000000
composition/labels,234,0,32,0.000159334,200836,46995619,46.000000,2401.000000
composition/grouping,234,0,32,0.000116458,274777,64297858,38.000000,1328.000000
composition/static_lookup,234,0,32,0.000119167,268531,62836188,45.000000,2056.000000
composition/direct_fold,74,0,32,0.000017625,1815603,134354610,0.000000,0.000000
composition/chained_fold,74,0,32,0.000017542,1824193,134990309,0.000000,0.000000
composition/numeric_pipeline,3886,0,32,0.001460792,21906,85126425,82.000000,12832.000000
composition/labels,3886,0,32,0.002277500,14050,54600220,418.000000,30453.000000
composition/grouping,3886,0,32,0.001596666,20042,77882287,466.000000,14648.000000
composition/static_lookup,3886,0,32,0.001799167,17786,69116430,589.000000,24016.000000
composition/direct_fold,1180,0,32,0.000257500,124272,146640777,0.000000,0.000000
composition/chained_fold,1180,0,32,0.000258208,123931,146238691,0.000000,0.000000
composition/numeric_pipeline,32606,0,32,0.011161208,2867,93483788,536.000000,98848.000000
composition/labels,32606,0,32,0.018204333,1758,57315585,3116.000000,260345.000000
composition/grouping,32606,0,32,0.012338916,2593,84561075,3608.000000,114104.000000
composition/static_lookup,32606,0,32,0.013920834,2299,74951831,4624.000000,187984.000000
composition/direct_fold,10164,0,32,0.002063292,15509,157635468,0.000000,0.000000
composition/chained_fold,10164,0,32,0.002056500,15560,158156090,0.000000,0.000000
compile/regex,0,0,32,0.000171250,186861,0,86.000000,7488.000000
compile/regex_callback,0,0,32,0.000106375,300823,0,83.000000,6062.000000
matcher/contains,100,0,32,0.000008542,3746195,374619527,3.000000,144.000000
matcher/no_match,100,0,32,0.000010000,3200000,320000000,3.000000,144.000000
matcher/literal_contains,100,0,32,0.000012667,2526249,252624931,5.000000,158.000000
matcher/captures,100,0,32,0.000031958,1001314,100131422,30.000000,1368.000000
matcher/replace,100,0,32,0.000019000,1684211,168421053,12.000000,439.000000
matcher/replace_captures,100,0,32,0.000024834,1288556,128855601,16.000000,781.000000
matcher/replace_callback,100,0,32,0.000072709,440111,44011058,57.000000,2833.000000
matcher/split,100,0,32,0.000033125,966038,96603774,30.000000,1056.000000
matcher/closure,100,0,32,0.000017459,1832866,183286557,10.000000,944.000000
matcher/next,100,0,32,0.000039958,800841,80084088,30.000000,2128.000000
matcher/lookaround,100,0,32,0.000022625,1414365,141436464,23.000000,944.000000
matcher/literal_replace,100,0,32,0.000011625,2752688,275268817,5.000000,191.000000
rust/matcher_contains,100,0,32,0.000003625,8827586,882758621,1.000000,40.000000
matcher/contains,500,0,32,0.000022916,1396404,698202130,3.000000,144.000000
matcher/no_match,500,0,32,0.000025542,1252838,626419231,3.000000,144.000000
matcher/literal_contains,500,0,32,0.000025917,1234711,617355404,5.000000,158.000000
matcher/captures,500,0,32,0.000045167,708482,354240928,30.000000,1368.000000
matcher/replace,500,0,32,0.000032209,993511,496755565,12.000000,439.000000
matcher/replace_captures,500,0,32,0.000038583,829381,414690408,16.000000,781.000000
matcher/replace_callback,500,0,32,0.000090750,352617,176308540,57.000000,2833.000000
matcher/split,500,0,32,0.000047041,680258,340128824,30.000000,1056.000000
matcher/closure,500,0,32,0.000034833,918669,459334539,10.000000,944.000000
matcher/next,500,0,32,0.000053791,594895,297447528,30.000000,2128.000000
matcher/lookaround,500,0,32,0.000037000,864865,432432432,23.000000,944.000000
matcher/literal_replace,500,0,32,0.000025375,1261084,630541872,5.000000,191.000000
rust/matcher_contains,500,0,32,0.000010709,2988141,1494070408,1.000000,40.000000
matcher/contains,1024,0,32,0.000039542,809266,828688483,3.000000,144.000000
matcher/no_match,1024,0,32,0.000046125,693767,710417344,3.000000,144.000000
matcher/literal_contains,1024,0,32,0.000043042,743460,761302913,5.000000,158.000000
matcher/captures,1024,0,32,0.000062958,508275,520473967,30.000000,1368.000000
matcher/replace,1024,0,32,0.000049292,649193,664773188,12.000000,439.000000
matcher/replace_captures,1024,0,32,0.000054959,582252,596226278,16.000000,781.000000
matcher/replace_callback,1024,0,32,0.000103417,309427,316853129,57.000000,2833.000000
matcher/split,1024,0,32,0.000063084,507260,519434405,30.000000,1056.000000
matcher/closure,1024,0,32,0.000048333,662074,677963296,10.000000,944.000000
matcher/next,1024,0,32,0.000070000,457143,468114286,30.000000,2128.000000
matcher/lookaround,1024,0,32,0.000053125,602353,616809412,23.000000,944.000000
matcher/literal_replace,1024,0,32,0.000041708,767239,785652633,5.000000,191.000000
rust/matcher_contains,1024,0,32,0.000019083,1676885,1717130430,1.000000,40.000000
matcher/contains,10240,0,32,0.000335750,95309,975964259,3.000000,144.000000
matcher/no_match,10240,0,32,0.000316750,101026,1034506709,3.000000,144.000000
matcher/literal_contains,10240,0,32,0.000337875,94710,969826119,5.000000,158.000000
matcher/captures,10240,0,32,0.000352791,90705,928821880,30.000000,1368.000000
matcher/replace,10240,0,32,0.000345500,92619,948422576,12.000000,439.000000
matcher/replace_captures,10240,0,32,0.000351333,91082,932676407,16.000000,781.000000
matcher/replace_callback,10240,0,32,0.000399708,80058,819798453,57.000000,2833.000000
matcher/split,10240,0,32,0.000366959,87203,892960794,30.000000,1056.000000
matcher/closure,10240,0,32,0.000360583,88745,908750551,10.000000,944.000000
matcher/next,10240,0,32,0.000359209,89085,912226587,30.000000,2128.000000
matcher/lookaround,10240,0,32,0.000348042,91943,941495567,23.000000,944.000000
matcher/literal_replace,10240,0,32,0.000338750,94465,967321033,5.000000,191.000000
rust/matcher_contains,10240,0,32,0.000170375,187821,1923286867,1.000000,40.000000
matcher/contains,1048576,0,32,0.034052333,940,985378359,3.000000,144.000000
matcher/no_match,1048576,0,32,0.033948584,943,988389737,3.000000,144.000000
matcher/literal_contains,1048576,0,32,0.033986375,942,987290701,5.000000,158.000000
matcher/captures,1048576,0,32,0.033973458,942,987666077,30.000000,1368.000000
matcher/replace,1048576,0,32,0.033939500,943,988654282,12.000000,439.000000
matcher/replace_captures,1048576,0,32,0.033957000,942,988144771,16.000000,781.000000
matcher/replace_callback,1048576,0,32,0.034028167,940,986078151,57.000000,2833.000000
matcher/split,1048576,0,32,0.033985250,942,987323383,30.000000,1056.000000
matcher/closure,1048576,0,32,0.033927333,943,989008832,10.000000,944.000000
matcher/next,1048576,0,32,0.034060042,940,985155332,30.000000,2128.000000
matcher/lookaround,1048576,0,32,0.033947083,943,988433439,23.000000,944.000000
matcher/literal_replace,1048576,0,32,0.033931084,943,988899500,5.000000,191.000000
rust/matcher_contains,1048576,0,32,0.017282834,1852,1941488994,1.000000,40.000000
matcher/long_contains,149,0,32,0.000021708,1474111,219642528,4.000000,304.000000
matcher/long_no_match,149,0,32,0.000020500,1560976,232585366,3.000000,144.000000
matcher/long_replace,149,0,32,0.000034500,927536,138202899,12.000000,1439.000000
matcher/repeated_replace,171,0,32,0.000137500,232727,39796364,142.000000,9210.000000
matcher/limited_captures,171,0,32,0.000051750,618357,105739130,60.000000,2728.000000
matcher/long_contains,4117,0,32,0.000443958,72079,296748792,4.000000,304.000000
matcher/long_no_match,4117,0,32,0.000442584,72303,297670047,3.000000,144.000000
matcher/long_replace,4117,0,32,0.000618833,51710,212891038,12.000000,33183.000000
matcher/repeated_replace,5131,0,32,0.003757375,8517,43698593,4115.000000,288954.000000
matcher/limited_captures,5131,0,32,0.000222166,144036,739050980,60.000000,2728.000000
matcher/long_contains,65557,0,32,0.006918042,4626,303239558,4.000000,304.000000
matcher/long_no_match,65557,0,32,0.006950708,4604,301814434,3.000000,144.000000
matcher/long_replace,65557,0,32,0.009607667,3331,218348950,12.000000,524703.000000
matcher/repeated_replace,81931,0,32,0.061715250,519,42482077,65559.000000,4620474.000000
matcher/limited_captures,81931,0,32,0.002850750,11225,919684995,60.000000,2728.000000
matcher/unicode_contains,139,0,32,0.000021125,1514793,210556213,7.000000,628.000000
matcher/unicode_replace,139,0,32,0.000035208,908884,126334924,17.000000,1330.000000
matcher/unicode_captures,139,0,32,0.000048667,657530,91396634,42.000000,2202.000000
matcher/unicode_zero_limit,139,0,32,0.000010916,2931477,407475266,2.000000,104.000000
matcher/unicode_contains,2059,0,32,0.000186875,171237,352577926,7.000000,7508.000000
matcher/unicode_replace,2059,0,32,0.000255000,125490,258384314,17.000000,16130.000000
matcher/unicode_captures,2059,0,32,0.000215375,148578,305922229,42.000000,9082.000000
matcher/unicode_zero_limit,2059,0,32,0.000099667,321069,661081401,2.000000,104.000000
matcher/unicode_contains,32779,0,32,0.002876666,11124,364633225,7.000000,117588.000000
matcher/unicode_replace,32779,0,32,0.003834875,8344,273523387,17.000000,252930.000000
matcher/unicode_captures,32779,0,32,0.002898583,11040,361876131,42.000000,119162.000000
matcher/unicode_zero_limit,32779,0,32,0.001512875,21152,693334215,2.000000,104.000000
matcher/filtered_sum,206,0,32,0.000095958,333479,68696721,63.000000,3648.000000
matcher/mixed,206,0,32,0.000224250,142698,29395764,130.000000,6844.000000
matcher/grouped,206,0,32,0.000111125,287964,59320585,54.000000,2460.000000
matcher/filtered_sum,3292,0,32,0.001447166,22112,72793308,915.000000,59088.000000
matcher/mixed,3292,0,32,0.003164250,10113,33291933,1882.000000,98344.000000
matcher/grouped,3292,0,32,0.001540334,20775,68390362,722.000000,32760.000000
matcher/filtered_sum,27060,0,32,0.010589333,3022,81772856,7196.000000,473040.000000
matcher/mixed,27060,0,32,0.024773958,1292,34952832,14883.000000,781544.000000
matcher/grouped,27060,0,32,0.012192292,2625,71021921,5656.000000,259000.000000
compile/parent,0,0,32,0.000070584,453361,0,58.000000,4829.000000
compile/transform,0,0,32,0.000067375,474954,0,62.000000,4205.000000
parent/filter,150,0,32,0.000041917,763413,114512012,9.000000,856.000000
parent/nested,150,0,32,0.000051458,621866,93279956,16.000000,1784.000000
parent/sort,150,0,32,0.000038208,837521,125628141,14.000000,1160.000000
parent/constructor,150,0,32,0.000046500,688172,103225806,15.000000,1448.000000
parent/closure,150,0,32,0.000049584,645369,96805421,16.000000,1944.000000
parent/group,150,0,32,0.000045791,698827,104824092,20.000000,2096.000000
parent/tuple,150,0,32,0.000051500,621359,93203883,17.000000,1640.000000
parent/focus_control,150,0,32,0.000051583,620359,93053913,10.000000,1296.000000
transform/clone,150,0,32,0.000033958,942341,141351081,10.000000,1136.000000
transform/update,150,0,32,0.000120084,266480,39972020,57.000000,5452.000000
transform/no_match,150,0,32,0.000060417,529652,79447838,21.000000,1696.000000
transform/update_write,150,0,32,0.000134375,238140,35720930,59.000000,5720.000000
parent/filter,500,0,32,0.000053292,600465,300232680,9.000000,856.000000
parent/nested,500,0,32,0.000062416,512689,256344527,16.000000,1784.000000
parent/sort,500,0,32,0.000050209,637336,318667968,14.000000,1160.000000
parent/constructor,500,0,32,0.000058292,548960,274480203,15.000000,1448.000000
parent/closure,500,0,32,0.000061583,519624,259811961,16.000000,1944.000000
parent/group,500,0,32,0.000058000,551724,275862069,20.000000,2096.000000
parent/tuple,500,0,32,0.000063167,506594,253296816,17.000000,1640.000000
parent/focus_control,500,0,32,0.000063125,506931,253465347,10.000000,1296.000000
transform/clone,500,0,32,0.000045542,702648,351324053,10.000000,1136.000000
transform/update,500,0,32,0.000143125,223581,111790393,57.000000,5452.000000
transform/no_match,500,0,32,0.000078125,409600,204800000,21.000000,1696.000000
transform/update_write,500,0,32,0.000167125,191473,95736724,59.000000,5720.000000
parent/filter,1024,0,32,0.000069667,459328,470351816,9.000000,856.000000
parent/nested,1024,0,32,0.000078250,408946,418760383,16.000000,1784.000000
parent/sort,1024,0,32,0.000066750,479401,490906367,14.000000,1160.000000
parent/constructor,1024,0,32,0.000074541,429294,439597000,15.000000,1448.000000
parent/closure,1024,0,32,0.000078250,408946,418760383,16.000000,1944.000000
parent/group,1024,0,32,0.000074458,429772,440087029,20.000000,2096.000000
parent/tuple,1024,0,32,0.000080792,396079,405584711,17.000000,1640.000000
parent/focus_control,1024,0,32,0.000080375,398134,407688958,10.000000,1296.000000
transform/clone,1024,0,32,0.000062500,512000,524288000,10.000000,1136.000000
transform/update,1024,0,32,0.000176916,180877,185217843,57.000000,5452.000000
transform/no_match,1024,0,32,0.000102625,311815,319298417,21.000000,1696.000000
transform/update_write,1024,0,32,0.000217333,147239,150773237,59.000000,5720.000000
parent/filter,10240,0,32,0.000367000,87193,892861035,9.000000,856.000000
parent/nested,10240,0,32,0.000375583,85201,872456954,16.000000,1784.000000
parent/sort,10240,0,32,0.000364667,87751,898573219,14.000000,1160.000000
parent/constructor,10240,0,32,0.000372167,85983,880464953,15.000000,1448.000000
parent/closure,10240,0,32,0.000375500,85220,872649800,16.000000,1944.000000
parent/group,10240,0,32,0.000371625,86108,881749075,20.000000,2096.000000
parent/tuple,10240,0,32,0.000394667,81081,830269569,17.000000,1640.000000
parent/focus_control,10240,0,32,0.000377125,84853,868889625,10.000000,1296.000000
transform/clone,10240,0,32,0.000359500,89013,911488178,10.000000,1136.000000
transform/update,10240,0,32,0.000765000,41830,428339869,57.000000,5452.000000
transform/no_match,10240,0,32,0.000545708,58639,600467649,21.000000,1696.000000
transform/update_write,10240,0,32,0.001020667,31352,321044964,59.000000,5720.000000
parent/filter,65536,0,32,0.002149125,14890,975816670,9.000000,856.000000
parent/nested,65536,0,32,0.002160000,14815,970903704,16.000000,1784.000000
parent/sort,65536,0,32,0.002145750,14913,977351509,14.000000,1160.000000
parent/constructor,65536,0,32,0.002189458,14615,957840708,15.000000,1448.000000
parent/closure,65536,0,32,0.002169708,14749,966559555,16.000000,1944.000000
parent/group,65536,0,32,0.002152959,14863,974078930,20.000000,2096.000000
parent/tuple,65536,0,32,0.002175625,14708,963930824,17.000000,1640.000000
parent/focus_control,65536,0,32,0.002166208,14772,968121252,10.000000,1296.000000
transform/clone,65536,0,32,0.002159291,14820,971222498,10.000000,1136.000000
transform/update,65536,0,32,0.004325125,7399,484876622,57.000000,5452.000000
transform/no_match,65536,0,32,0.003262750,9808,642755957,21.000000,1696.000000
transform/update_write,65536,0,32,0.005802125,5515,361445505,59.000000,5720.000000
parent/filter,1048576,0,32,0.034164584,937,982140804,9.000000,856.000000
parent/nested,1048576,0,32,0.034000250,941,986887802,16.000000,1784.000000
parent/sort,1048576,0,32,0.033959125,942,988082938,14.000000,1160.000000
parent/constructor,1048576,0,32,0.034023875,941,986202542,15.000000,1448.000000
parent/closure,1048576,0,32,0.034018000,941,986372861,16.000000,1944.000000
parent/group,1048576,0,32,0.034055125,940,985297573,20.000000,2096.000000
parent/tuple,1048576,0,32,0.034042458,940,985664196,17.000000,1640.000000
parent/focus_control,1048576,0,32,0.034036208,940,985845192,10.000000,1296.000000
transform/clone,1048576,0,32,0.033917250,943,989302847,10.000000,1136.000000
transform/update,1048576,0,32,0.067564875,474,496625384,57.000000,5452.000000
transform/no_match,1048576,0,32,0.050738750,631,661317671,21.000000,1696.000000
transform/update_write,1048576,0,32,0.091011000,352,368685456,59.000000,5720.000000
parent/wide_filter_sum,73,0,32,0.000038583,829381,60544800,9.000000,856.000000
parent/wide_sort,73,0,32,0.000045333,705888,51529791,18.000000,1496.000000
transform/wide_update,73,0,32,0.000078084,409815,29916500,46.000000,4908.000000
transform/wide_write,73,0,32,0.000097750,327366,23897698,54.000000,5808.000000
parent/wide_filter_sum,2048,0,32,0.000862500,37101,75983768,133.000000,13256.000000
parent/wide_sort,2048,0,32,0.001354708,23621,48376477,334.000000,35168.000000
transform/wide_update,2048,0,32,0.001949916,16411,33609653,804.000000,90568.000000
transform/wide_write,2048,0,32,0.002501208,12794,26201739,1060.000000,119368.000000
parent/wide_filter_sum,33180,0,32,0.013464375,2377,78856984,2053.000000,205256.000000
parent/wide_sort,33180,0,32,0.023898333,1339,44428203,5138.000000,557408.000000
transform/wide_update,33180,0,32,0.031292041,1023,33930673,12490.000000,1434384.000000
transform/wide_write,33180,0,32,0.039540791,809,26852270,16586.000000,1895184.000000
consolidation/unplanned_prefix,100,0,32,0.000015917,2010429,201042910,4.000000,192.000000
consolidation/callback_prefix,100,0,32,0.000016375,1954198,195419847,8.000000,472.000000
consolidation/unplanned_prefix,500,0,32,0.000042500,752941,376470588,4.000000,192.000000
consolidation/callback_prefix,500,0,32,0.000036500,876712,438356164,8.000000,472.000000
consolidation/unplanned_prefix,1024,0,32,0.000075958,421285,431396298,4.000000,192.000000
consolidation/callback_prefix,1024,0,32,0.000064917,492937,504767626,8.000000,472.000000
consolidation/unplanned_prefix,10240,0,32,0.000664958,48123,492783003,4.000000,192.000000
consolidation/callback_prefix,10240,0,32,0.000504916,63377,648979236,8.000000,472.000000
consolidation/unplanned_prefix,1048576,0,32,0.067314000,475,498476275,4.000000,192.000000
consolidation/callback_prefix,1048576,0,32,0.050657417,632,662379450,8.000000,472.000000
consolidation/nested_path,43,0,32,0.000005541,5775131,248330626,0.000000,0.000000
consolidation/nested_sum,43,0,32,0.000006500,4923077,211692308,0.000000,0.000000
consolidation/nested_path,871,0,32,0.000128167,249674,217466274,0.000000,0.000000
consolidation/nested_sum,871,0,32,0.000125667,254641,221792515,0.000000,0.000000
consolidation/nested_path,91,0,32,0.000009250,3459459,314810811,0.000000,0.000000
consolidation/nested_sum,91,0,32,0.000010042,3186616,289982075,0.000000,0.000000
consolidation/nested_path,919,0,32,0.000121417,263555,242206610,0.000000,0.000000
consolidation/nested_sum,919,0,32,0.000127125,251721,231331367,0.000000,0.000000
consolidation/nested_path,155,0,32,0.000023458,1364140,211441726,0.000000,0.000000
consolidation/nested_sum,155,0,32,0.000024333,1315087,203838409,0.000000,0.000000
consolidation/nested_path,983,0,32,0.000135334,236452,232432353,0.000000,0.000000
consolidation/nested_sum,983,0,32,0.000141833,225617,221781955,0.000000,0.000000
consolidation/sort_path,426,0,32,0.000113291,282458,120327299,9.000000,968.000000
consolidation/sort_scalar,426,0,32,0.000134958,237111,101009203,9.000000,968.000000
consolidation/sort_tuple,426,0,32,0.000124208,257632,109751385,28.000000,2824.000000
consolidation/callback_projection,426,0,32,0.000090333,354245,150908306,7.000000,592.000000
consolidation/transient_capture,426,0,32,0.000133208,240226,102336196,17.000000,1744.000000
consolidation/distinct_groups,426,0,32,0.000103416,309430,131817127,5.000000,1464.000000
consolidation/sort_path,7254,0,32,0.001812459,17656,128073518,13.000000,14408.000000
consolidation/sort_scalar,7254,0,32,0.002321292,13785,99999483,13.000000,14408.000000
consolidation/sort_tuple,7254,0,32,0.002094625,15277,110820791,272.000000,39304.000000
consolidation/callback_projection,7254,0,32,0.001337834,23919,173510316,11.000000,6352.000000
consolidation/transient_capture,7254,0,32,0.002026166,15793,114565144,141.000000,19024.000000
consolidation/distinct_groups,7254,0,32,0.001854583,17255,125164525,13.000000,51472.000000
consolidation/sort_path,61112,0,32,0.014907917,2147,131177548,16.000000,114760.000000
consolidation/sort_scalar,61112,0,32,0.019646291,1629,99539603,16.000000,114760.000000
consolidation/sort_tuple,61112,0,32,0.018281958,1750,106967974,2067.000000,311688.000000
consolidation/callback_projection,61112,0,32,0.010556500,3031,185249278,14.000000,49360.000000
consolidation/transient_capture,61112,0,32,0.015730458,2034,124318313,1040.000000,148048.000000
consolidation/distinct_groups,61112,0,32,0.014328167,2233,136485288,19.000000,427816.000000
regions/map,47,0,32,0.000015500,2064516,97032258,6.000000,400.000000
regions/nested_map,47,0,32,0.000015458,2070126,97295899,6.000000,400.000000
regions/indexed,47,0,32,0.000016083,1989679,93514892,6.000000,400.000000
regions/reduce,47,0,32,0.000015125,2115702,99438017,4.000000,256.000000
regions/filtered_sum,47,0,32,0.000005875,5446809,256000000,0.000000,0.000000
regions/object,47,0,32,0.000017042,1877714,88252553,8.000000,584.000000
regions/sort,47,0,32,0.000010750,2976744,139906977,2.000000,192.000000
regions/groups,47,0,32,0.000023250,1376344,64688172,6.000000,203.000000
regions/map,306,0,32,0.000076792,416710,127513283,7.000000,592.000000
regions/nested_map,306,0,32,0.000077208,414465,126826236,7.000000,592.000000
regions/indexed,306,0,32,0.000081417,393038,120269723,7.000000,592.000000
regions/reduce,306,0,32,0.000077667,412015,126076712,4.000000,256.000000
regions/filtered_sum,306,0,32,0.000041959,762649,233370671,0.000000,0.000000
regions/object,306,0,32,0.000091417,350044,107113557,23.000000,2064.000000
regions/sort,306,0,32,0.000110834,288720,88348341,9.000000,968.000000
regions/groups,306,0,32,0.000188834,169461,51855068,38.000000,1936.000000
regions/map,5042,0,32,0.001099583,29102,146731988,11.000000,6352.000000
regions/nested_map,5042,0,32,0.001108542,28867,145546132,11.000000,6352.000000
regions/indexed,5042,0,32,0.001163250,27509,138701053,11.000000,6352.000000
regions/reduce,5042,0,32,0.001138459,28108,141721397,4.000000,256.000000
regions/filtered_sum,5042,0,32,0.000681375,46964,236791781,0.000000,0.000000
regions/object,5042,0,32,0.001328042,24096,121490134,267.000000,29904.000000
regions/sort,5042,0,32,0.001710333,18710,94334846,13.000000,14408.000000
regions/groups,5042,0,32,0.002500417,12798,64526837,540.000000,20256.000000
regions/map,41828,0,32,0.008678333,3687,154234229,14.000000,49360.000000
regions/nested_map,41828,0,32,0.008970459,3567,149211540,14.000000,49360.000000
regions/indexed,41828,0,32,0.009093916,3519,147185877,14.000000,49360.000000
regions/reduce,41828,0,32,0.008871041,3607,150883758,4.000000,256.000000
regions/filtered_sum,41828,0,32,0.005458875,5862,245196309,0.000000,0.000000
regions/object,41828,0,32,0.010582958,3024,126476548,2062.000000,237776.000000
regions/sort,41828,0,32,0.014013750,2283,95513050,16.000000,114760.000000
regions/groups,41828,0,32,0.019374333,1652,69086043,4017.000000,154528.000000
regions/sparse_callback,100,0,32,0.000009583,3339247,333924658,3.000000,192.000000
regions/wide_members,100,0,32,0.000007917,4041935,404193508,2.000000,424.000000
regions/reusable_members,100,0,32,0.000006000,5333333,533333333,2.000000,136.000000
regions/sparse_callback,500,0,32,0.000023167,1381275,690637545,3.000000,192.000000
regions/wide_members,500,0,32,0.000014875,2151261,1075630252,2.000000,424.000000
regions/reusable_members,500,0,32,0.000012750,2509804,1254901961,2.000000,136.000000
regions/sparse_callback,1024,0,32,0.000040208,795862,814962197,3.000000,192.000000
regions/wide_members,1024,0,32,0.000023417,1366529,1399325277,2.000000,424.000000
regions/reusable_members,1024,0,32,0.000021334,1499953,1535952001,2.000000,136.000000
regions/sparse_callback,10240,0,32,0.000339833,94164,964238317,3.000000,192.000000
regions/wide_members,10240,0,32,0.000174708,183163,1875586693,2.000000,424.000000
regions/reusable_members,10240,0,32,0.000175458,182380,1867569447,2.000000,136.000000
regions/sparse_callback,1048576,0,32,0.033903083,944,989716245,3.000000,192.000000
regions/wide_members,1048576,0,32,0.017246375,1855,1945593320,2.000000,424.000000
regions/reusable_members,1048576,0,32,0.017280042,1852,1941802688,2.000000,136.000000
acquisition/call_one,100,0,32,0.000006667,4799760,479976001,3.000000,192.000000
acquisition/call_three,100,0,32,0.000008833,3622778,362277822,3.000000,192.000000
acquisition/call_six,100,0,32,0.000013500,2370370,237037037,4.000000,336.000000
acquisition/call_nested,100,0,32,0.000008417,3801830,380182963,3.000000,192.000000
acquisition/call_repeated,100,0,32,0.000008000,4000000,400000000,3.000000,192.000000
acquisition/call_one,500,0,32,0.000013500,2370370,1185185185,3.000000,192.000000
acquisition/call_three,500,0,32,0.000015583,2053520,1026759931,3.000000,192.000000
acquisition/call_six,500,0,32,0.000019875,1610063,805031447,4.000000,336.000000
acquisition/call_nested,500,0,32,0.000015333,2087002,1043500946,3.000000,192.000000
acquisition/call_repeated,500,0,32,0.000014750,2169492,1084745763,3.000000,192.000000
acquisition/call_one,1024,0,32,0.000022208,1440922,1475504323,3.000000,192.000000
acquisition/call_three,1024,0,32,0.000024250,1319588,1351257732,3.000000,192.000000
acquisition/call_six,1024,0,32,0.000028583,1119547,1146415702,4.000000,336.000000
acquisition/call_nested,1024,0,32,0.000023875,1340314,1372481675,3.000000,192.000000
acquisition/call_repeated,1024,0,32,0.000023542,1359273,1391895336,3.000000,192.000000
acquisition/call_one,10240,0,32,0.000173500,184438,1888645533,3.000000,192.000000
acquisition/call_three,10240,0,32,0.000175875,181947,1863141436,3.000000,192.000000
acquisition/call_six,10240,0,32,0.000179917,177860,1821284259,4.000000,336.000000
acquisition/call_nested,10240,0,32,0.000175334,182509,1868890232,3.000000,192.000000
acquisition/call_repeated,10240,0,32,0.000174917,182944,1873345644,3.000000,192.000000
acquisition/call_one,1048576,0,32,0.017236166,1857,1946745697,3.000000,192.000000
acquisition/call_three,1048576,0,32,0.017276458,1852,1942205515,3.000000,192.000000
acquisition/call_six,1048576,0,32,0.017270125,1853,1942917726,4.000000,336.000000
acquisition/call_nested,1048576,0,32,0.017241083,1856,1946190503,3.000000,192.000000
acquisition/call_repeated,1048576,0,32,0.017278291,1852,1941999472,3.000000,192.000000
acquisition/lookup_1_short_raw,500,0,32,0.000009833,3254348,1627173803,0.000000,0.000000
acquisition/lookup_1_short_escaped,500,0,32,0.000010375,3084337,1542168675,0.000000,0.000000
acquisition/lookup_1_short_varying,500,0,32,0.000009833,3254348,1627173803,0.000000,0.000000
acquisition/lookup_1_ascii_raw,500,0,32,0.000009792,3267974,1633986928,0.000000,0.000000
acquisition/lookup_1_ascii_escaped,500,0,32,0.000012333,2594665,1297332360,0.000000,0.000000
acquisition/lookup_1_ascii_varying,500,0,32,0.000009917,3226782,1613391147,0.000000,0.000000
acquisition/lookup_1_unicode_raw,500,0,32,0.000010250,3121951,1560975610,0.000000,0.000000
acquisition/lookup_1_unicode_escaped,500,0,32,0.000011041,2898288,1449144099,0.000000,0.000000
acquisition/lookup_1_unicode_varying,500,0,32,0.000010542,3035477,1517738570,0.000000,0.000000
acquisition/lookup_4_short_raw,500,0,32,0.000010625,3011765,1505882353,0.000000,0.000000
acquisition/lookup_4_short_escaped,500,0,32,0.000011542,2772483,1386241553,0.000000,0.000000
acquisition/lookup_4_short_varying,500,0,32,0.000010667,2999906,1499953126,0.000000,0.000000
acquisition/lookup_4_ascii_raw,500,0,32,0.000012625,2534653,1267326733,0.000000,0.000000
acquisition/lookup_4_ascii_escaped,500,0,32,0.000016416,1949318,974658869,0.000000,0.000000
acquisition/lookup_4_ascii_varying,500,0,32,0.000016042,1994764,997381873,0.000000,0.000000
acquisition/lookup_4_unicode_raw,500,0,32,0.000011750,2723404,1361702128,0.000000,0.000000
acquisition/lookup_4_unicode_escaped,500,0,32,0.000012916,2477547,1238773614,0.000000,0.000000
acquisition/lookup_4_unicode_varying,500,0,32,0.000012000,2666667,1333333333,0.000000,0.000000
acquisition/lookup_32_short_raw,500,0,32,0.000010709,2988141,1494070408,0.000000,0.000000
acquisition/lookup_32_short_escaped,500,0,32,0.000011542,2772483,1386241553,0.000000,0.000000
acquisition/lookup_32_short_varying,500,0,32,0.000010834,2953664,1476832195,0.000000,0.000000
acquisition/lookup_32_ascii_raw,500,0,32,0.000012708,2518099,1259049418,0.000000,0.000000
acquisition/lookup_32_ascii_escaped,500,0,32,0.000016417,1949199,974599501,0.000000,0.000000
acquisition/lookup_32_ascii_varying,500,0,32,0.000012917,2477355,1238677712,0.000000,0.000000
acquisition/lookup_32_unicode_raw,500,0,32,0.000011875,2694737,1347368421,0.000000,0.000000
acquisition/lookup_32_unicode_escaped,500,0,32,0.000012875,2485437,1242718447,0.000000,0.000000
acquisition/lookup_32_unicode_varying,500,0,32,0.000012000,2666667,1333333333,0.000000,0.000000
acquisition/lookup_128_short_raw,500,0,32,0.000010667,2999906,1499953126,0.000000,0.000000
acquisition/lookup_128_short_escaped,500,0,32,0.000011625,2752688,1376344086,0.000000,0.000000
acquisition/lookup_128_short_varying,500,0,32,0.000010833,2953937,1476968522,0.000000,0.000000
acquisition/lookup_128_ascii_raw,500,0,32,0.000012709,2517901,1258950350,0.000000,0.000000
acquisition/lookup_128_ascii_escaped,500,0,32,0.000016375,1954198,977099237,0.000000,0.000000
acquisition/lookup_128_ascii_varying,500,0,32,0.000013000,2461538,1230769231,0.000000,0.000000
acquisition/lookup_128_unicode_raw,500,0,32,0.000012041,2657587,1328793290,0.000000,0.000000
acquisition/lookup_128_unicode_escaped,500,0,32,0.000013000,2461538,1230769231,0.000000,0.000000
acquisition/lookup_128_unicode_varying,500,0,32,0.000012208,2621232,1310615990,0.000000,0.000000
acquisition/lookup_4096_short_raw,500,0,32,0.000011083,2887305,1443652441,0.000000,0.000000
acquisition/lookup_4096_short_escaped,500,0,32,0.000010875,2942529,1471264368,0.000000,0.000000
acquisition/lookup_4096_short_varying,500,0,32,0.000011292,2833865,1416932341,0.000000,0.000000
acquisition/lookup_4096_ascii_raw,500,0,32,0.000011541,2772723,1386361667,0.000000,0.000000
acquisition/lookup_4096_ascii_escaped,500,0,32,0.000016375,1954198,977099237,0.000000,0.000000
acquisition/lookup_4096_ascii_varying,500,0,32,0.000013041,2453800,1226899778,0.000000,0.000000
acquisition/lookup_repeated,500,0,32,0.000021792,1468429,734214391,0.000000,0.000000
acquisition/lookup_mixed,500,0,32,0.000021500,1488372,744186047,2.000000,136.000000
acquisition/lookup_4096_unicode_raw,500,0,32,0.000012167,2630065,1315032465,0.000000,0.000000
acquisition/lookup_4096_unicode_escaped,500,0,32,0.000013375,2392523,1196261682,0.000000,0.000000
acquisition/lookup_4096_unicode_varying,500,0,32,0.000012292,2603319,1301659616,0.000000,0.000000
acquisition/lookup_8192_short_raw,500,0,32,0.000011042,2898026,1449012860,0.000000,0.000000
acquisition/lookup_8192_short_escaped,500,0,32,0.000012000,2666667,1333333333,0.000000,0.000000
acquisition/lookup_8192_short_varying,500,0,32,0.000011541,2772723,1386361667,0.000000,0.000000
acquisition/lookup_8192_ascii_raw,500,0,32,0.000013208,2422774,1211387038,0.000000,0.000000
acquisition/lookup_8192_ascii_escaped,500,0,32,0.000016792,1905669,952834683,0.000000,0.000000
acquisition/lookup_8192_ascii_varying,500,0,32,0.000017125,1868613,934306569,0.000000,0.000000
acquisition/lookup_8192_unicode_raw,500,0,32,0.000012416,2577320,1288659794,0.000000,0.000000
acquisition/lookup_8192_unicode_escaped,500,0,32,0.000013334,2399880,1199940003,0.000000,0.000000
acquisition/lookup_8192_unicode_varying,500,0,32,0.000012750,2509804,1254901961,0.000000,0.000000
acquisition/lookup_32768_short_raw,500,0,32,0.000011459,2792565,1396282398,0.000000,0.000000
acquisition/lookup_32768_short_escaped,500,0,32,0.000012667,2526249,1263124655,0.000000,0.000000
acquisition/lookup_32768_short_varying,500,0,32,0.000011791,2713934,1356967178,0.000000,0.000000
acquisition/lookup_32768_ascii_raw,500,0,32,0.000013291,2407644,1203822135,0.000000,0.000000
acquisition/lookup_32768_ascii_escaped,500,0,32,0.000017083,1873207,936603641,0.000000,0.000000
acquisition/lookup_32768_ascii_varying,500,0,32,0.000014042,2278878,1139438826,0.000000,0.000000
acquisition/lookup_32768_unicode_raw,500,0,32,0.000012625,2534653,1267326733,0.000000,0.000000
acquisition/lookup_32768_unicode_escaped,500,0,32,0.000014125,2265487,1132743363,0.000000,0.000000
acquisition/lookup_32768_unicode_varying,500,0,32,0.000015958,2005264,1002631909,0.000000,0.000000
acquisition/string_borrowed,100,0,32,0.000003000,10666667,1066666667,0.000000,0.000000
acquisition/string_compare,100,0,32,0.000007792,4106776,410677618,0.000000,0.000000
acquisition/string_unicode_compare,100,0,32,0.000008875,3605634,360563380,0.000000,0.000000
acquisition/string_concat,100,0,32,0.000009917,3226782,322678229,2.000000,45.000000
acquisition/string_owned_compare,100,0,32,0.000012000,2666667,266666667,2.000000,45.000000
acquisition/string_construct,100,0,32,0.000023000,1391304,139130435,9.000000,417.000000
acquisition/string_callback,100,0,32,0.000023958,1335671,133567076,14.000000,953.000000
acquisition/string_borrowed,500,0,32,0.000009833,3254348,1627173803,0.000000,0.000000
acquisition/string_compare,500,0,32,0.000019708,1623706,811853055,0.000000,0.000000
acquisition/string_unicode_compare,500,0,32,0.000035208,908884,454442172,0.000000,0.000000
acquisition/string_concat,500,0,32,0.000029958,1068162,534081047,2.000000,45.000000
acquisition/string_owned_compare,500,0,32,0.000032083,997413,498706480,2.000000,45.000000
acquisition/string_construct,500,0,32,0.000056209,569304,284651924,9.000000,417.000000
acquisition/string_callback,500,0,32,0.000044209,723835,361917257,14.000000,953.000000
acquisition/string_borrowed,10240,0,32,0.000169750,188513,1930368189,0.000000,0.000000
acquisition/string_compare,10240,0,32,0.000336292,95155,974391303,0.000000,0.000000
acquisition/string_unicode_compare,10240,0,32,0.000497709,64295,658376682,0.000000,0.000000
acquisition/string_concat,10240,0,32,0.000498458,64198,657387383,2.000000,45.000000
acquisition/string_owned_compare,10240,0,32,0.000503083,63608,651343814,2.000000,45.000000
acquisition/string_construct,10240,0,32,0.000833917,38373,392940784,9.000000,417.000000
acquisition/string_callback,10240,0,32,0.000536792,59613,610441288,14.000000,953.000000
string storage control: shared 16 B, inline 24 B, current Value 24 B
rust/string_shared,12,0,32,0.000001166,27444254,329331046,2.000000,46.000000
rust/string_stack,12,0,32,0.000000875,36571429,438857143,1.000000,32.000000
rust/string_inline,12,0,32,0.000000292,109589041,1315068493,0.000000,0.000000
rust/string_shared,22,0,32,0.000001084,29520295,649446494,2.000000,64.000000
rust/string_stack,22,0,32,0.000000833,38415366,845138055,1.000000,40.000000
rust/string_inline,22,0,32,0.000001084,29520295,649446494,2.000000,64.000000
rust/string_shared,62,0,32,0.000001292,24767802,1535603715,2.000000,144.000000
rust/string_stack,62,0,32,0.000001041,30739673,1905859750,1.000000,80.000000
rust/string_inline,62,0,32,0.000001333,24006002,1488372093,2.000000,144.000000
rust/string_shared,63,0,32,0.000000958,33402923,2104384134,2.000000,153.000000
rust/string_stack,63,0,32,0.000001000,32000000,2016000000,2.000000,153.000000
rust/string_inline,63,0,32,0.000001000,32000000,2016000000,2.000000,153.000000
rust/string_shared,128,0,32,0.000000875,36571429,4681142857,2.000000,282.000000
rust/string_stack,128,0,32,0.000000917,34896401,4466739368,2.000000,282.000000
rust/string_inline,128,0,32,0.000001083,29547553,3782086796,2.000000,282.000000
runtime/transient,455,0,32,0.000181292,176511,80312424,41.000000,4304.000000
runtime/tail_transient,455,0,32,0.000178208,179565,81702280,41.000000,4304.000000
runtime/recursive_local,455,0,32,0.000256167,124919,56837922,49.000000,5584.000000
runtime/escaping,455,0,32,0.000191333,167248,76097694,48.000000,6208.000000
runtime/mixed_escape,455,0,32,0.000362292,88327,40188577,84.000000,9936.000000
runtime/filter,455,0,32,0.000190291,168163,76514391,39.000000,3968.000000
runtime/reduce,455,0,32,0.000183000,174863,79562842,38.000000,3968.000000
runtime/sort,455,0,32,0.000293541,109014,49601248,45.000000,5056.000000
runtime/strings,455,0,32,0.000244042,131125,59661861,65.000000,3880.000000
runtime/dynamic_scalar,455,0,32,0.000182958,174904,79581106,87.000000,6252.000000
runtime/dynamic_object,455,0,32,0.000328709,97351,44294498,195.000000,15719.000000
runtime/planned,455,0,32,0.000084125,380386,173075780,7.000000,592.000000
runtime/dynamic_reduce,97,0,32,0.000080625,396899,38499225,49.000000,3096.000000
runtime/dynamic_sort,97,0,32,0.000097542,328064,31822189,55.000000,3752.000000
runtime/transient,6149,0,32,0.002816834,11360,69854312,525.000000,59984.000000
runtime/tail_transient,6149,0,32,0.002752208,11627,71494596,525.000000,59984.000000
runtime/recursive_local,6149,0,32,0.004006375,7987,49113725,653.000000,80464.000000
runtime/escaping,6149,0,32,0.002765833,11570,71142401,540.000000,94528.000000
runtime/mixed_escape,6149,0,32,0.005349375,5982,36783363,1060.000000,153936.000000
runtime/filter,6149,0,32,0.002935458,10901,67031448,482.000000,66752.000000
runtime/reduce,6149,0,32,0.002893083,11061,68013258,518.000000,53888.000000
runtime/sort,6149,0,32,0.008879208,3604,22160535,1083.000000,142048.000000
runtime/strings,6149,0,32,0.003761625,8507,52309308,909.000000,53200.000000
runtime/dynamic_scalar,6149,0,32,0.001472708,21729,133609650,91.000000,12012.000000
runtime/dynamic_object,6149,0,32,0.003689042,8674,53338509,1879.000000,164519.000000
runtime/planned,6149,0,32,0.001144708,27955,171893618,11.000000,6352.000000
runtime/dynamic_reduce,483,0,32,0.000430041,74412,35940759,49.000000,3096.000000
runtime/dynamic_sort,483,0,32,0.001294209,24726,11942430,59.000000,14312.000000
runtime/transient,50102,0,32,0.021722458,1473,73806749,4112.000000,475728.000000
runtime/tail_transient,50102,0,32,0.021584000,1483,74280208,4112.000000,475728.000000
runtime/recursive_local,50102,0,32,0.031322167,1022,51186241,5136.000000,639568.000000
runtime/escaping,50102,0,32,0.021896208,1461,73221080,4133.000000,753984.000000
runtime/mixed_escape,50102,0,32,0.043234250,740,37083192,8240.000000,1229136.000000
runtime/filter,50102,0,32,0.023600375,1356,67933836,3691.000000,531648.000000
runtime/reduce,50102,0,32,0.022996833,1391,69716730,4102.000000,426624.000000
runtime/sort,50102,0,32,0.095312625,336,16821108,11620.000000,1486048.000000
runtime/strings,50102,0,32,0.029802666,1074,53795993,7184.000000,421456.000000
runtime/dynamic_scalar,50102,0,32,0.010718167,2986,149583786,94.000000,55020.000000
runtime/dynamic_object,50102,0,32,0.027580333,1160,58130698,14426.000000,1275559.000000
runtime/planned,50102,0,32,0.008974916,3565,178638329,14.000000,49360.000000
runtime/dynamic_reduce,4091,0,32,0.003205042,9984,40845643,49.000000,3096.000000
runtime/dynamic_sort,4091,0,32,0.013660250,2343,9583426,62.000000,93160.000000
runtime/transient,846231,0,32,0.351459750,91,77048345,65556.000000,7602768.000000
runtime/tail_transient,846231,0,32,0.347095958,92,78017019,65556.000000,7602768.000000
runtime/recursive_local,846231,0,32,0.500828791,64,54069160,81940.000000,10224208.000000
runtime/escaping,846231,0,32,0.344029709,93,78712365,65585.000000,12058944.000000
runtime/mixed_escape,846231,0,32,0.673537583,48,40204723,131136.000000,19661136.000000
runtime/filter,846231,0,32,0.369140291,87,73357996,58560.000000,8501280.000000
runtime/reduce,846231,0,32,0.363708583,88,74453541,65542.000000,6816384.000000
runtime/sort,846231,0,32,1.987021875,16,13628130,251062.000000,31128448.000000
runtime/strings,846231,0,32,0.473360042,68,57206755,114708.000000,6734416.000000
runtime/dynamic_scalar,846231,0,32,0.170799958,187,158544489,98.000000,792300.000000
runtime/dynamic_object,846231,0,32,0.441715792,72,61305012,229470.000000,20321959.000000
runtime/planned,846231,0,32,0.144267333,222,187702867,18.000000,786640.000000
runtime/dynamic_reduce,87275,0,32,0.050131875,638,55709067,49.000000,3096.000000
runtime/dynamic_sort,87275,0,32,0.299750041,107,9317096,66.000000,1444840.000000
JX_BENCH_NATIVE_ONLY=1 JX_BENCH_NATIVE=1 cargo bench -p jx --features jit --bench throughput --locked -- --smoke
    Finished `bench` profile [optimized] target(s) in 0.02s
     Running benches/throughput.rs (target/release/deps/throughput-c4f4d8c7339efca9)
workload,input_bytes,sample,records,seconds,records_per_second,input_bytes_per_second,allocations_per_record,allocated_bytes_per_record
native_metadata,arithmetic,38333,602291,1,716,0
jit/compile_arithmetic,0,0,32,0.008408167,3806,0,1284.000000,649170.000000
native_region,jit/arithmetic,100,255375,1,716
jit/arithmetic,100,0,32,0.000004125,7757576,775757576,0.000000,0.000000
jit/rust_arithmetic,100,0,32,0.000003792,8438819,843881857,0.000000,0.000000
native_region,jit/arithmetic,500,255959,1,716
jit/arithmetic,500,0,32,0.000010959,2919974,1459987225,0.000000,0.000000
jit/rust_arithmetic,500,0,32,0.000010834,2953664,1476832195,0.000000,0.000000
native_region,jit/arithmetic,1024,253792,1,716
jit/arithmetic,1024,0,32,0.000019792,1616815,1655618432,0.000000,0.000000
jit/rust_arithmetic,1024,0,32,0.000019208,1665973,1705955852,0.000000,0.000000
native_region,jit/arithmetic,10240,260292,1,716
jit/arithmetic,10240,0,32,0.000170875,187271,1917659108,0.000000,0.000000
jit/rust_arithmetic,10240,0,32,0.000170541,187638,1921414792,0.000000,0.000000
native_region,jit/arithmetic,1048576,261000,1,716
jit/arithmetic,1048576,0,32,0.017320250,1848,1937294900,0.000000,0.000000
jit/rust_arithmetic,1048576,0,32,0.017226167,1858,1947875694,0.000000,0.000000
native_metadata,dense,12750,527333,1,1144,0
jit/compile_dense,0,0,32,0.012899875,2481,0,1705.000000,1024824.000000
native_region,jit/dense,100,498292,1,1144
jit/dense,100,0,32,0.000004250,7529412,752941176,0.000000,0.000000
jit/rust_dense,100,0,32,0.000003750,8533333,853333333,0.000000,0.000000
native_region,jit/dense,500,421875,1,1144
jit/dense,500,0,32,0.000011042,2898026,1449012860,0.000000,0.000000
jit/rust_dense,500,0,32,0.000010625,3011765,1505882353,0.000000,0.000000
native_region,jit/dense,1024,402666,1,1144
jit/dense,1024,0,32,0.000020125,1590062,1628223602,0.000000,0.000000
jit/rust_dense,1024,0,32,0.000019500,1641026,1680410256,0.000000,0.000000
native_region,jit/dense,10240,391750,1,1144
jit/dense,10240,0,32,0.000171000,187135,1916257310,0.000000,0.000000
jit/rust_dense,10240,0,32,0.000170583,187592,1920941712,0.000000,0.000000
native_region,jit/dense,1048576,391959,1,1144
jit/dense,1048576,0,32,0.017242334,1856,1946049299,0.000000,0.000000
jit/rust_dense,1048576,0,32,0.017300542,1850,1939501780,0.000000,0.000000
native_metadata,branch,11167,478292,1,1056,0
jit/compile_branch,0,0,32,0.011538334,2773,0,1644.000000,918234.000000
native_region,jit/branch,100,362792,1,1056
jit/branch,100,0,32,0.000004166,7681229,768122900,0.000000,0.000000
jit/rust_branch,100,0,32,0.000003875,8258065,825806452,0.000000,0.000000
native_region,jit/branch,500,353000,1,1056
jit/branch,500,0,32,0.000010958,2920241,1460120460,0.000000,0.000000
jit/rust_branch,500,0,32,0.000010667,2999906,1499953126,0.000000,0.000000
native_region,jit/branch,1024,349583,1,1056
jit/branch,1024,0,32,0.000019750,1620253,1659139241,0.000000,0.000000
jit/rust_branch,1024,0,32,0.000019208,1665973,1705955852,0.000000,0.000000
native_region,jit/branch,10240,350042,1,1056
jit/branch,10240,0,32,0.000171000,187135,1916257310,0.000000,0.000000
jit/rust_branch,10240,0,32,0.000170584,187591,1920930451,0.000000,0.000000
native_region,jit/branch,1048576,351792,1,1056
jit/branch,1048576,0,32,0.017217000,1859,1948912819,0.000000,0.000000
jit/rust_branch,1048576,0,32,0.017280083,1852,1941798080,0.000000,0.000000
jit/varying_branch,500,0,32,0.000011584,2762431,1381215470,0.000000,0.000000
native_region,jit/tiny,13,290375,1,716
jit/tiny,13,0,32,0.000002625,12190476,158476190,0.000000,0.000000
native_region,jit/fold,122,430750,1,1144
jit/fold,122,0,32,0.000024875,1286432,156944724,0.000000,0.000000
native_region,jit/filter_map_fold,122,498458,1,1368
jit/filter_map_fold,122,0,32,0.000026167,1222914,149195552,0.000000,0.000000
jit/rust_fold,122,0,32,0.000023625,1354497,165248677,0.000000,0.000000
native_region,jit/numeric_fold,26,223917,1,504
jit/numeric_fold,26,0,32,0.000010833,2953937,76802363,0.000000,0.000000
native_region,jit/fold,472,404458,1,1144
jit/fold,472,0,32,0.000094292,339371,160183261,0.000000,0.000000
native_region,jit/filter_map_fold,472,477625,1,1368
jit/filter_map_fold,472,0,32,0.000100708,317750,149978155,0.000000,0.000000
jit/rust_fold,472,0,32,0.000089625,357043,168524407,0.000000,0.000000
native_region,jit/numeric_fold,88,212875,1,504
jit/numeric_fold,88,0,32,0.000039333,813566,71593827,0.000000,0.000000
native_region,jit/fold,1858,401333,1,1144
jit/fold,1858,0,32,0.000381667,83843,155779777,0.000000,0.000000
native_region,jit/filter_map_fold,1858,474917,1,1368
jit/filter_map_fold,1858,0,32,0.000407917,78447,145755141,0.000000,0.000000
jit/rust_fold,1858,0,32,0.000358125,89354,166020244,0.000000,0.000000
native_region,jit/numeric_fold,322,217250,1,504
jit/numeric_fold,322,0,32,0.000153417,208582,67163352,0.000000,0.000000
native_region,jit/fold,14794,401833,1,1144
jit/fold,14794,0,32,0.003017875,10603,156867995,0.000000,0.000000
native_region,jit/filter_map_fold,14794,469875,1,1368
jit/filter_map_fold,14794,0,32,0.003188125,10037,148491041,0.000000,0.000000
jit/rust_fold,14794,0,32,0.002864125,11173,165288875,0.000000,0.000000
native_region,jit/numeric_fold,2506,214000,1,504
jit/numeric_fold,2506,0,32,0.001220167,26226,65722151,0.000000,0.000000
native_region,jit/fold,236554,396500,1,1144
jit/fold,236554,0,32,0.047273292,677,160126949,0.000000,0.000000
native_region,jit/filter_map_fold,236554,485833,1,1368
jit/filter_map_fold,236554,0,32,0.050205333,637,150775377,0.000000,0.000000
jit/rust_fold,236554,0,32,0.044104667,726,171630998,0.000000,0.000000
native_region,jit/numeric_fold,39946,266583,1,504
jit/numeric_fold,39946,0,32,0.018535208,1726,68964535,0.000000,0.000000
$ just build
cargo build --workspace --release --locked
   Compiling jx v0.1.0 (/Users/josh/Documents/Workspace/jo-cube/jx/crates/jx)
   Compiling jx-cli v0.1.0 (/Users/josh/Documents/Workspace/jo-cube/jx/crates/jx-cli)
    Finished `release` profile [optimized] target(s) in 12.09s
$ cargo build -p jx-cli --release --features jit --locked
   Compiling jx-cli v0.1.0 (/Users/josh/Documents/Workspace/jo-cube/jx/crates/jx-cli)
    Finished `release` profile [optimized] target(s) in 12.68s
$ cargo bench -p jx --bench throughput --bench runtime_memory --no-run --locked
   Compiling jx v0.1.0 (/Users/josh/Documents/Workspace/jo-cube/jx/crates/jx)
    Finished `bench` profile [optimized] target(s) in 10.80s
  Executable benches/runtime_memory.rs (target/release/deps/runtime_memory-25389f89bd0685ad)
  Executable benches/throughput.rs (target/release/deps/throughput-1b5b3923bf796647)
$ isolated M26: cargo bench -p jx --bench throughput --bench runtime_memory --no-run --locked
   Compiling jx v0.1.0 (/private/tmp/jx-m26-baseline/crates/jx)
    Finished `bench` profile [optimized] target(s) in 10.82s
  Executable benches/runtime_memory.rs (target/release/deps/runtime_memory-25389f89bd0685ad)
  Executable benches/throughput.rs (target/release/deps/throughput-1b5b3923bf796647)
