workload,input_bytes,sample,records,seconds,records_per_second,input_bytes_per_second,allocations_per_record,allocated_bytes_per_record
compile,0,0,106208,0.025003541,4247718,0,8.000000,578.000000
compile,0,1,108864,0.025003375,4353972,0,8.000000,578.000000
compile,0,2,108928,0.025000792,4356982,0,8.000000,578.000000
compile,0,3,108448,0.025005000,4337053,0,8.000000,578.000000
compile,0,4,108000,0.025003084,4319467,0,8.000000,578.000000
compile,0,5,108128,0.025004166,4324399,0,8.000000,578.000000
compile,0,6,108192,0.025006416,4326570,0,8.000000,578.000000
ascii/validate,100,0,301568,0.025002458,12061534,1206153411,0.000000,0.000000
ascii/validate,100,1,301472,0.025001458,12058177,1205817677,0.000000,0.000000
ascii/validate,100,2,301888,0.025001500,12074796,1207479551,0.000000,0.000000
ascii/validate,100,3,303072,0.025002041,12121890,1212189037,0.000000,0.000000
ascii/validate,100,4,300192,0.025000416,12007480,1200748020,0.000000,0.000000
ascii/validate,100,5,299328,0.025001042,11972621,1197262098,0.000000,0.000000
ascii/validate,100,6,303712,0.025001416,12147792,1214779195,0.000000,0.000000
ascii/identity,100,0,283552,0.025001292,11341494,1134149387,0.000000,0.000000
ascii/identity,100,1,283648,0.025000667,11345617,1134561730,0.000000,0.000000
ascii/identity,100,2,280544,0.025001875,11220918,1122091843,0.000000,0.000000
ascii/identity,100,3,282304,0.025002500,11291031,1129103090,0.000000,0.000000
ascii/identity,100,4,282720,0.025001000,11308348,1130834767,0.000000,0.000000
ascii/identity,100,5,281632,0.025000000,11265280,1126528000,0.000000,0.000000
ascii/identity,100,6,279584,0.025001083,11182876,1118287556,0.000000,0.000000
ascii/shallow,100,0,248832,0.025000500,9953081,995308094,0.000000,0.000000
ascii/shallow,100,1,249472,0.025002250,9977982,997798198,0.000000,0.000000
ascii/shallow,100,2,237312,0.025000583,9492259,949225864,0.000000,0.000000
ascii/shallow,100,3,231008,0.025003000,9239211,923921129,0.000000,0.000000
ascii/shallow,100,4,238304,0.025003167,9530953,953095262,0.000000,0.000000
ascii/shallow,100,5,242592,0.025000417,9703518,970351815,0.000000,0.000000
ascii/shallow,100,6,243264,0.025002833,9729457,972945746,0.000000,0.000000
ascii/nested,100,0,228896,0.025000042,9155825,915582462,0.000000,0.000000
ascii/nested,100,1,230560,0.025002416,9221509,922150883,0.000000,0.000000
ascii/nested,100,2,230848,0.025000916,9233582,923358168,0.000000,0.000000
ascii/nested,100,3,231776,0.025000542,9270839,927083901,0.000000,0.000000
ascii/nested,100,4,233408,0.025002792,9335277,933527744,0.000000,0.000000
ascii/nested,100,5,237824,0.025003208,9511739,951173945,0.000000,0.000000
ascii/nested,100,6,236032,0.025000958,9440918,944091822,0.000000,0.000000
ascii/missing,100,0,258592,0.025002417,10342680,1034268007,0.000000,0.000000
ascii/missing,100,1,256864,0.025001000,10274149,1027414903,0.000000,0.000000
ascii/missing,100,2,259136,0.025000458,10365250,1036525011,0.000000,0.000000
ascii/missing,100,3,258464,0.025001708,10337854,1033785372,0.000000,0.000000
ascii/missing,100,4,261184,0.025000833,10447012,1044701191,0.000000,0.000000
ascii/missing,100,5,259168,0.025002458,10365701,1036570084,0.000000,0.000000
ascii/missing,100,6,261152,0.025000584,10445836,1044583599,0.000000,0.000000
ascii/array_value,100,0,244736,0.025002167,9788592,978859152,0.000000,0.000000
ascii/array_value,100,1,248384,0.025002500,9934367,993436656,0.000000,0.000000
ascii/array_value,100,2,244128,0.025002208,9764258,976425762,0.000000,0.000000
ascii/array_value,100,3,247904,0.025002375,9915218,991521805,0.000000,0.000000
ascii/array_value,100,4,247584,0.025001833,9902634,990263394,0.000000,0.000000
ascii/array_value,100,5,246144,0.025000125,9845711,984571077,0.000000,0.000000
ascii/array_value,100,6,244896,0.025001083,9795416,979541566,0.000000,0.000000
ascii/identity_write,100,0,160640,0.025001750,6425150,642515024,0.000000,0.000000
ascii/identity_write,100,1,158848,0.025000875,6353698,635369762,0.000000,0.000000
ascii/identity_write,100,2,158624,0.025002750,6344262,634426213,0.000000,0.000000
ascii/identity_write,100,3,157696,0.025000250,6307777,630777692,0.000000,0.000000
ascii/identity_write,100,4,160864,0.025000833,6434346,643434561,0.000000,0.000000
ascii/identity_write,100,5,159104,0.025004958,6362898,636289811,0.000000,0.000000
ascii/identity_write,100,6,159104,0.025003958,6363153,636315259,0.000000,0.000000
ascii/validate,500,0,86336,0.025008042,3452329,1726164727,0.000000,0.000000
ascii/validate,500,1,86272,0.025005416,3450133,1725066282,0.000000,0.000000
ascii/validate,500,2,86560,0.025004791,3461737,1730868296,0.000000,0.000000
ascii/validate,500,3,84352,0.025003875,3373557,1686778549,0.000000,0.000000
ascii/validate,500,4,86336,0.025002666,3453072,1726535882,0.000000,0.000000
ascii/validate,500,5,85888,0.025000875,3435400,1717699881,0.000000,0.000000
ascii/validate,500,6,84512,0.025001125,3380328,1690163943,0.000000,0.000000
ascii/identity,500,0,83936,0.025007666,3356411,1678205395,0.000000,0.000000
ascii/identity,500,1,84768,0.025006916,3389782,1694891125,0.000000,0.000000
ascii/identity,500,2,87264,0.025006000,3489722,1744861233,0.000000,0.000000
ascii/identity,500,3,84704,0.025001708,3387929,1693964268,0.000000,0.000000
ascii/identity,500,4,83680,0.025005542,3346458,1673229079,0.000000,0.000000
ascii/identity,500,5,82528,0.025005583,3300383,1650191479,0.000000,0.000000
ascii/identity,500,6,82112,0.025004666,3283867,1641933550,0.000000,0.000000
ascii/shallow,500,0,80224,0.025006542,3208120,1604060250,0.000000,0.000000
ascii/shallow,500,1,79872,0.025005041,3194236,1597117957,0.000000,0.000000
ascii/shallow,500,2,79520,0.025006250,3180005,1590002499,0.000000,0.000000
ascii/shallow,500,3,79968,0.025003792,3198235,1599117446,0.000000,0.000000
ascii/shallow,500,4,79712,0.025008083,3187449,1593724717,0.000000,0.000000
ascii/shallow,500,5,79392,0.025002459,3175368,1587683835,0.000000,0.000000
ascii/shallow,500,6,79328,0.025009833,3171872,1585936220,0.000000,0.000000
ascii/nested,500,0,78720,0.025007208,3147892,1573946200,0.000000,0.000000
ascii/nested,500,1,81536,0.025001875,3261195,1630597705,0.000000,0.000000
ascii/nested,500,2,80704,0.025000292,3228122,1614061148,0.000000,0.000000
ascii/nested,500,3,80544,0.025004875,3221132,1610565940,0.000000,0.000000
ascii/nested,500,4,80704,0.025000375,3228112,1614055789,0.000000,0.000000
ascii/nested,500,5,80256,0.025009291,3209047,1604523695,0.000000,0.000000
ascii/nested,500,6,80320,0.025007000,3211901,1605950334,0.000000,0.000000
ascii/missing,500,0,81696,0.025007209,3266898,1633448979,0.000000,0.000000
ascii/missing,500,1,84416,0.025005917,3375841,1687920503,0.000000,0.000000
ascii/missing,500,2,82752,0.025004583,3309473,1654736654,0.000000,0.000000
ascii/missing,500,3,82432,0.025002250,3296983,1648491636,0.000000,0.000000
ascii/missing,500,4,81920,0.025001250,3276636,1638318084,0.000000,0.000000
ascii/missing,500,5,83552,0.025008458,3340950,1670474845,0.000000,0.000000
ascii/missing,500,6,82688,0.025003292,3307085,1653542262,0.000000,0.000000
ascii/array_value,500,0,80864,0.025008791,3233423,1616711500,0.000000,0.000000
ascii/array_value,500,1,80864,0.025007750,3233558,1616778799,0.000000,0.000000
ascii/array_value,500,2,80992,0.025002792,3239318,1619659116,0.000000,0.000000
ascii/array_value,500,3,81216,0.025005167,3247969,1623984355,0.000000,0.000000
ascii/array_value,500,4,81248,0.025005042,3249265,1624632344,0.000000,0.000000
ascii/array_value,500,5,81120,0.025008542,3243692,1621845848,0.000000,0.000000
ascii/array_value,500,6,81408,0.025007250,3255376,1627687970,0.000000,0.000000
ascii/identity_write,500,0,39136,0.025011750,1564705,782352294,0.000000,0.000000
ascii/identity_write,500,1,38336,0.025009291,1532870,766435162,0.000000,0.000000
ascii/identity_write,500,2,37856,0.025005833,1513887,756943390,0.000000,0.000000
ascii/identity_write,500,3,37792,0.025000958,1511622,755811037,0.000000,0.000000
ascii/identity_write,500,4,37888,0.025004916,1515222,757611023,0.000000,0.000000
ascii/identity_write,500,5,37824,0.025005000,1512657,756328734,0.000000,0.000000
ascii/identity_write,500,6,37760,0.025011250,1509721,754860313,0.000000,0.000000
ascii/validate,1024,0,43968,0.025014667,1757689,1799873330,0.000000,0.000000
ascii/validate,1024,1,44064,0.025004958,1762211,1804503571,0.000000,0.000000
ascii/validate,1024,2,43904,0.025001292,1756069,1798214908,0.000000,0.000000
ascii/validate,1024,3,43680,0.025012042,1746359,1788271425,0.000000,0.000000
ascii/validate,1024,4,44000,0.025017791,1758748,1800958366,0.000000,0.000000
ascii/validate,1024,5,43904,0.025014500,1755142,1797265426,0.000000,0.000000
ascii/validate,1024,6,43904,0.025013250,1755230,1797355242,0.000000,0.000000
ascii/identity,1024,0,43104,0.025008959,1723542,1764907368,0.000000,0.000000
ascii/identity,1024,1,43104,0.025014209,1723181,1764536948,0.000000,0.000000
ascii/identity,1024,2,44416,0.025009583,1775959,1818582261,0.000000,0.000000
ascii/identity,1024,3,44256,0.025013500,1769285,1811747416,0.000000,0.000000
ascii/identity,1024,4,43424,0.025018125,1735702,1777358455,0.000000,0.000000
ascii/identity,1024,5,42976,0.025011625,1718241,1759478802,0.000000,0.000000
ascii/identity,1024,6,43008,0.025004875,1719985,1761264233,0.000000,0.000000
ascii/shallow,1024,0,41760,0.025012875,1669540,1709609151,0.000000,0.000000
ascii/shallow,1024,1,41920,0.025002917,1676604,1716842879,0.000000,0.000000
ascii/shallow,1024,2,41952,0.025002916,1677884,1718153515,0.000000,0.000000
ascii/shallow,1024,3,41888,0.025001917,1675392,1715600928,0.000000,0.000000
ascii/shallow,1024,4,41664,0.025008875,1665969,1705951827,0.000000,0.000000
ascii/shallow,1024,5,41824,0.025013292,1672071,1712200697,0.000000,0.000000
ascii/shallow,1024,6,43136,0.025000291,1725420,1766829994,0.000000,0.000000
ascii/nested,1024,0,41856,0.025011833,1673448,1713610674,0.000000,0.000000
ascii/nested,1024,1,41792,0.025011208,1670931,1711033230,0.000000,0.000000
ascii/nested,1024,2,42240,0.025006959,1689130,1729668929,0.000000,0.000000
ascii/nested,1024,3,43008,0.025018708,1719034,1760290419,0.000000,0.000000
ascii/nested,1024,4,42400,0.025013625,1695076,1735758012,0.000000,0.000000
ascii/nested,1024,5,42176,0.025005167,1686691,1727171988,0.000000,0.000000
ascii/nested,1024,6,41696,0.025008458,1667276,1707290549,0.000000,0.000000
ascii/missing,1024,0,42464,0.025010125,1697872,1738621298,0.000000,0.000000
ascii/missing,1024,1,42368,0.025015375,1693678,1734326669,0.000000,0.000000
ascii/missing,1024,2,42208,0.025011167,1687566,1728067787,0.000000,0.000000
ascii/missing,1024,3,42496,0.025002333,1699681,1740473739,0.000000,0.000000
ascii/missing,1024,4,42432,0.025009709,1696621,1737340007,0.000000,0.000000
ascii/missing,1024,5,43808,0.025009125,1751681,1793720972,0.000000,0.000000
ascii/missing,1024,6,42784,0.025004292,1711066,1752131834,0.000000,0.000000
ascii/array_value,1024,0,41856,0.025009209,1673624,1713790468,0.000000,0.000000
ascii/array_value,1024,1,42016,0.025009625,1679993,1720313039,0.000000,0.000000
ascii/array_value,1024,2,42016,0.025000917,1680578,1720912237,0.000000,0.000000
ascii/array_value,1024,3,41856,0.025009250,1673621,1713787659,0.000000,0.000000
ascii/array_value,1024,4,41824,0.025009125,1672350,1712485983,0.000000,0.000000
ascii/array_value,1024,5,42016,0.025001792,1680520,1720852009,0.000000,0.000000
ascii/array_value,1024,6,42048,0.025000375,1681895,1722260246,0.000000,0.000000
ascii/identity_write,1024,0,19136,0.025001458,765395,783764851,0.000000,0.000000
ascii/identity_write,1024,1,20000,0.025022959,799266,818448370,0.000000,0.000000
ascii/identity_write,1024,2,19712,0.025015875,787980,806891144,0.000000,0.000000
ascii/identity_write,1024,3,19328,0.025011625,772761,791306922,0.000000,0.000000
ascii/identity_write,1024,4,19232,0.025023709,768551,786996364,0.000000,0.000000
ascii/identity_write,1024,5,20192,0.025014625,807208,826580770,0.000000,0.000000
ascii/identity_write,1024,6,19680,0.025036583,786050,804914952,0.000000,0.000000
ascii/validate,10240,0,4768,0.025064709,190228,1947930854,0.000000,0.000000
ascii/validate,10240,1,4768,0.025154417,189549,1940983963,0.000000,0.000000
ascii/validate,10240,2,4768,0.025054958,190302,1948688958,0.000000,0.000000
ascii/validate,10240,3,4736,0.025069667,188914,1934474838,0.000000,0.000000
ascii/validate,10240,4,4736,0.025090791,188755,1932846198,0.000000,0.000000
ascii/validate,10240,5,4736,0.025097083,188707,1932361621,0.000000,0.000000
ascii/validate,10240,6,4768,0.025160583,189503,1940508294,0.000000,0.000000
ascii/identity,10240,0,4736,0.025062958,188964,1934992669,0.000000,0.000000
ascii/identity,10240,1,4736,0.025015875,189320,1938634567,0.000000,0.000000
ascii/identity,10240,2,4736,0.025143125,188362,1928823088,0.000000,0.000000
ascii/identity,10240,3,4800,0.025081125,191379,1959720706,0.000000,0.000000
ascii/identity,10240,4,4896,0.025094000,195106,1997889535,0.000000,0.000000
ascii/identity,10240,5,4768,0.025164417,189474,1940212642,0.000000,0.000000
ascii/identity,10240,6,4736,0.025019208,189295,1938376307,0.000000,0.000000
ascii/shallow,10240,0,4736,0.025100292,188683,1932114575,0.000000,0.000000
ascii/shallow,10240,1,4736,0.025035791,189169,1937092381,0.000000,0.000000
ascii/shallow,10240,2,4736,0.025063958,188957,1934915467,0.000000,0.000000
ascii/shallow,10240,3,4736,0.025033500,189186,1937269659,0.000000,0.000000
ascii/shallow,10240,4,4704,0.025043958,187830,1923376489,0.000000,0.000000
ascii/shallow,10240,5,4800,0.025005292,191959,1965663908,0.000000,0.000000
ascii/shallow,10240,6,4864,0.025010292,194480,1991474550,0.000000,0.000000
ascii/nested,10240,0,4864,0.025156042,193353,1979936271,0.000000,0.000000
ascii/nested,10240,1,4672,0.025182042,185529,1899817338,0.000000,0.000000
ascii/nested,10240,2,4704,0.025010167,188084,1925975144,0.000000,0.000000
ascii/nested,10240,3,4704,0.025104792,187375,1918715758,0.000000,0.000000
ascii/nested,10240,4,4672,0.025001709,186867,1913520392,0.000000,0.000000
ascii/nested,10240,5,4928,0.025004750,197083,2018125356,0.000000,0.000000
ascii/nested,10240,6,4768,0.025005792,190676,1952520440,0.000000,0.000000
ascii/missing,10240,0,4768,0.025100958,189953,1945117792,0.000000,0.000000
ascii/missing,10240,1,4704,0.025049166,187791,1922976597,0.000000,0.000000
ascii/missing,10240,2,4704,0.025051750,187771,1922778249,0.000000,0.000000
ascii/missing,10240,3,4704,0.025044875,187823,1923306066,0.000000,0.000000
ascii/missing,10240,4,4704,0.025026125,187964,1924747039,0.000000,0.000000
ascii/missing,10240,5,4704,0.025123000,187239,1917325160,0.000000,0.000000
ascii/missing,10240,6,4704,0.025140541,187108,1915987409,0.000000,0.000000
ascii/array_value,10240,0,4704,0.025160458,186960,1914470714,0.000000,0.000000
ascii/array_value,10240,1,4704,0.025082750,187539,1920401870,0.000000,0.000000
ascii/array_value,10240,2,4768,0.025144375,189625,1941759141,0.000000,0.000000
ascii/array_value,10240,3,4832,0.025036833,192996,1976275514,0.000000,0.000000
ascii/array_value,10240,4,4768,0.025158833,189516,1940643272,0.000000,0.000000
ascii/array_value,10240,5,4736,0.025032125,189197,1937376072,0.000000,0.000000
ascii/array_value,10240,6,4928,0.025081459,196480,2011953132,0.000000,0.000000
ascii/identity_write,10240,0,2080,0.025148166,82710,846948441,0.000000,0.000000
ascii/identity_write,10240,1,2016,0.025141750,80185,821097974,0.000000,0.000000
ascii/identity_write,10240,2,2016,0.025105791,80300,822274032,0.000000,0.000000
ascii/identity_write,10240,3,2016,0.025117417,80263,821893430,0.000000,0.000000
ascii/identity_write,10240,4,2016,0.025148958,80162,820862638,0.000000,0.000000
ascii/identity_write,10240,5,2016,0.025139000,80194,821187796,0.000000,0.000000
ascii/identity_write,10240,6,2016,0.025151083,80156,820793284,0.000000,0.000000
ascii/validate,65536,0,768,0.025942875,29604,1940095228,0.000000,0.000000
ascii/validate,65536,1,800,0.025903584,30884,2023997915,0.000000,0.000000
ascii/validate,65536,2,768,0.025941917,29605,1940166874,0.000000,0.000000
ascii/validate,65536,3,768,0.025927333,29621,1941258208,0.000000,0.000000
ascii/validate,65536,4,768,0.025912917,29638,1942338178,0.000000,0.000000
ascii/validate,65536,5,768,0.025997875,29541,1935990845,0.000000,0.000000
ascii/validate,65536,6,768,0.025942583,29604,1940117065,0.000000,0.000000
ascii/identity,65536,0,768,0.026009167,29528,1935150326,0.000000,0.000000
ascii/identity,65536,1,768,0.025985666,29555,1936900443,0.000000,0.000000
ascii/identity,65536,2,768,0.025971917,29570,1937925799,0.000000,0.000000
ascii/identity,65536,3,768,0.025997750,29541,1936000154,0.000000,0.000000
ascii/identity,65536,4,800,0.025626042,31218,2045918757,0.000000,0.000000
ascii/identity,65536,5,768,0.025165375,30518,2000035684,0.000000,0.000000
ascii/identity,65536,6,768,0.025243083,30424,1993878798,0.000000,0.000000
ascii/shallow,65536,0,768,0.025590375,30011,1966819478,0.000000,0.000000
ascii/shallow,65536,1,768,0.025922542,29627,1941616991,0.000000,0.000000
ascii/shallow,65536,2,768,0.025912000,29639,1942406916,0.000000,0.000000
ascii/shallow,65536,3,768,0.025784208,29786,1952033896,0.000000,0.000000
ascii/shallow,65536,4,768,0.025812625,29753,1949884911,0.000000,0.000000
ascii/shallow,65536,5,768,0.025829042,29734,1948645560,0.000000,0.000000
ascii/shallow,65536,6,768,0.025854125,29705,1946755034,0.000000,0.000000
ascii/nested,65536,0,768,0.025881583,29674,1944689705,0.000000,0.000000
ascii/nested,65536,1,800,0.025746791,31072,2036323672,0.000000,0.000000
ascii/nested,65536,2,768,0.025227500,30443,1995110415,0.000000,0.000000
ascii/nested,65536,3,768,0.025741292,29835,1955288336,0.000000,0.000000
ascii/nested,65536,4,768,0.025673833,29914,1960425933,0.000000,0.000000
ascii/nested,65536,5,768,0.025694042,29890,1958884009,0.000000,0.000000
ascii/nested,65536,6,768,0.025704208,29878,1958109271,0.000000,0.000000
ascii/missing,65536,0,768,0.025699917,29883,1958436208,0.000000,0.000000
ascii/missing,65536,1,768,0.025727500,29851,1956336527,0.000000,0.000000
ascii/missing,65536,2,768,0.025666625,29922,1960976482,0.000000,0.000000
ascii/missing,65536,3,768,0.025109541,30586,2004482997,0.000000,0.000000
ascii/missing,65536,4,768,0.025268084,30394,1991905995,0.000000,0.000000
ascii/missing,65536,5,768,0.025592833,30008,1966630580,0.000000,0.000000
ascii/missing,65536,6,768,0.025744959,29831,1955009833,0.000000,0.000000
ascii/array_value,65536,0,800,0.025922250,30862,2022540482,0.000000,0.000000
ascii/array_value,65536,1,768,0.025539416,30071,1970743889,0.000000,0.000000
ascii/array_value,65536,2,768,0.025781167,29789,1952264147,0.000000,0.000000
ascii/array_value,65536,3,768,0.025756833,29817,1954108566,0.000000,0.000000
ascii/array_value,65536,4,768,0.025797750,29770,1951009216,0.000000,0.000000
ascii/array_value,65536,5,768,0.025775500,29796,1952693372,0.000000,0.000000
ascii/array_value,65536,6,768,0.025783834,29786,1952062211,0.000000,0.000000
ascii/identity_write,65536,0,320,0.025402000,12597,825585387,0.000000,0.000000
ascii/identity_write,65536,1,320,0.025399917,12598,825653092,0.000000,0.000000
ascii/identity_write,65536,2,320,0.025347459,12625,827361827,0.000000,0.000000
ascii/identity_write,65536,3,320,0.025376041,12610,826429938,0.000000,0.000000
ascii/identity_write,65536,4,320,0.025347875,12624,827348249,0.000000,0.000000
ascii/identity_write,65536,5,320,0.025375042,12611,826462474,0.000000,0.000000
ascii/identity_write,65536,6,320,0.025351209,12623,827239443,0.000000,0.000000
ascii/validate,1048576,0,64,0.032746417,1954,2049349827,0.000000,0.000000
ascii/validate,1048576,1,64,0.033998458,1882,1973879639,0.000000,0.000000
ascii/validate,1048576,2,64,0.034042208,1880,1971342869,0.000000,0.000000
ascii/validate,1048576,3,64,0.033121459,1932,2026144561,0.000000,0.000000
ascii/validate,1048576,4,64,0.034184250,1872,1963151568,0.000000,0.000000
ascii/validate,1048576,5,64,0.034169125,1873,1964020559,0.000000,0.000000
ascii/validate,1048576,6,64,0.033351000,1919,2012199454,0.000000,0.000000
ascii/identity,1048576,0,64,0.034508000,1855,1944733511,0.000000,0.000000
ascii/identity,1048576,1,64,0.034506542,1855,1944815682,0.000000,0.000000
ascii/identity,1048576,2,64,0.034462667,1857,1947291659,0.000000,0.000000
ascii/identity,1048576,3,64,0.034542834,1853,1942772385,0.000000,0.000000
ascii/identity,1048576,4,64,0.034521959,1854,1943947155,0.000000,0.000000
ascii/identity,1048576,5,64,0.034528792,1854,1943562462,0.000000,0.000000
ascii/identity,1048576,6,64,0.034553708,1852,1942160998,0.000000,0.000000
ascii/shallow,1048576,0,64,0.033787375,1894,1986211240,0.000000,0.000000
ascii/shallow,1048576,1,64,0.034210875,1871,1961623723,0.000000,0.000000
ascii/shallow,1048576,2,64,0.033241250,1925,2018842974,0.000000,0.000000
ascii/shallow,1048576,3,64,0.033917625,1887,1978583819,0.000000,0.000000
ascii/shallow,1048576,4,64,0.034452167,1858,1947885136,0.000000,0.000000
ascii/shallow,1048576,5,64,0.033084084,1934,2028433491,0.000000,0.000000
ascii/shallow,1048576,6,64,0.034040875,1880,1971420065,0.000000,0.000000
ascii/nested,1048576,0,64,0.033521708,1909,2001952406,0.000000,0.000000
ascii/nested,1048576,1,64,0.033721041,1898,1990118395,0.000000,0.000000
ascii/nested,1048576,2,64,0.034291708,1866,1956999750,0.000000,0.000000
ascii/nested,1048576,3,64,0.034415917,1860,1949936827,0.000000,0.000000
ascii/nested,1048576,4,64,0.034312125,1865,1955835262,0.000000,0.000000
ascii/nested,1048576,5,64,0.034292125,1866,1956975953,0.000000,0.000000
ascii/nested,1048576,6,64,0.034430500,1859,1949110934,0.000000,0.000000
ascii/missing,1048576,0,64,0.033971875,1884,1975424200,0.000000,0.000000
ascii/missing,1048576,1,64,0.034520250,1854,1944043395,0.000000,0.000000
ascii/missing,1048576,2,64,0.034444458,1858,1948321091,0.000000,0.000000
ascii/missing,1048576,3,64,0.033865083,1890,1981653611,0.000000,0.000000
ascii/missing,1048576,4,64,0.033701417,1899,1991277221,0.000000,0.000000
ascii/missing,1048576,5,64,0.034297375,1866,1956676393,0.000000,0.000000
ascii/missing,1048576,6,64,0.034281042,1867,1957608640,0.000000,0.000000
ascii/array_value,1048576,0,64,0.034370500,1862,1952513464,0.000000,0.000000
ascii/array_value,1048576,1,64,0.034417334,1860,1949856546,0.000000,0.000000
ascii/array_value,1048576,2,64,0.034381500,1861,1951888777,0.000000,0.000000
ascii/array_value,1048576,3,64,0.034170458,1873,1963943942,0.000000,0.000000
ascii/array_value,1048576,4,64,0.033540583,1908,2000825806,0.000000,0.000000
ascii/array_value,1048576,5,64,0.034442375,1858,1948438922,0.000000,0.000000
ascii/array_value,1048576,6,64,0.034491291,1856,1945675620,0.000000,0.000000
ascii/identity_write,1048576,0,32,0.040700125,786,824430687,0.000000,0.000000
ascii/identity_write,1048576,1,32,0.039569000,809,847997978,0.000000,0.000000
ascii/identity_write,1048576,2,32,0.040968583,781,819028376,0.000000,0.000000
ascii/identity_write,1048576,3,32,0.041052667,779,817350843,0.000000,0.000000
ascii/identity_write,1048576,4,32,0.041017708,780,818047464,0.000000,0.000000
ascii/identity_write,1048576,5,32,0.040996584,781,818468973,0.000000,0.000000
ascii/identity_write,1048576,6,32,0.041064458,779,817116154,0.000000,0.000000
structured/validate,485,0,50400,0.025014125,2014862,977207878,0.000000,0.000000
structured/validate,485,1,49216,0.025004500,1968286,954618569,0.000000,0.000000
structured/validate,485,2,49952,0.025012500,1997081,968584508,0.000000,0.000000
structured/validate,485,3,50528,0.025001750,2020979,980174588,0.000000,0.000000
structured/validate,485,4,49984,0.025004709,1998983,969506984,0.000000,0.000000
structured/validate,485,5,49792,0.025005458,1991245,965753957,0.000000,0.000000
structured/validate,485,6,49600,0.025000375,1983970,962225567,0.000000,0.000000
structured/identity,485,0,50080,0.025005333,2002773,971344793,0.000000,0.000000
structured/identity,485,1,50112,0.025010875,2003608,971750089,0.000000,0.000000
structured/identity,485,2,49888,0.025001958,1995364,967751406,0.000000,0.000000
structured/identity,485,3,50080,0.025007875,2002569,971246057,0.000000,0.000000
structured/identity,485,4,49984,0.025004375,1999010,969519934,0.000000,0.000000
structured/identity,485,5,50176,0.025004917,2006645,973222987,0.000000,0.000000
structured/identity,485,6,50368,0.025013667,2013619,976605309,0.000000,0.000000
structured/shallow,485,0,49120,0.025013875,1963710,952399418,0.000000,0.000000
structured/shallow,485,1,49088,0.025008125,1962882,951997801,0.000000,0.000000
structured/shallow,485,2,49280,0.025015250,1969998,955449176,0.000000,0.000000
structured/shallow,485,3,49344,0.025009583,1973004,956906798,0.000000,0.000000
structured/shallow,485,4,48992,0.025003792,1959383,950300658,0.000000,0.000000
structured/shallow,485,5,49088,0.025013666,1962447,951786915,0.000000,0.000000
structured/shallow,485,6,49216,0.025008167,1967997,954478591,0.000000,0.000000
structured/nested,485,0,48608,0.025008625,1943649,942669979,0.000000,0.000000
structured/nested,485,1,48736,0.025004458,1949092,945309832,0.000000,0.000000
structured/nested,485,2,48736,0.025011583,1948537,945040544,0.000000,0.000000
structured/nested,485,3,48864,0.025001000,1954482,947923683,0.000000,0.000000
structured/nested,485,4,48768,0.025010833,1949875,945689414,0.000000,0.000000
structured/nested,485,5,48480,0.025013125,1938182,940018490,0.000000,0.000000
structured/nested,485,6,48608,0.025002625,1944116,942896196,0.000000,0.000000
structured/missing,485,0,48896,0.025002125,1955674,948501777,0.000000,0.000000
structured/missing,485,1,49024,0.025004875,1960578,950880178,0.000000,0.000000
structured/missing,485,2,49184,0.025013708,1966282,953646696,0.000000,0.000000
structured/missing,485,3,49216,0.025015583,1967414,954195631,0.000000,0.000000
structured/missing,485,4,49312,0.025008375,1971819,956332429,0.000000,0.000000
structured/missing,485,5,50080,0.025013625,2002109,971022793,0.000000,0.000000
structured/missing,485,6,49504,0.025009417,1979414,960015981,0.000000,0.000000
structured/array_value,485,0,49056,0.025003958,1961929,951535753,0.000000,0.000000
structured/array_value,485,1,49184,0.025009667,1966600,953800784,0.000000,0.000000
structured/array_value,485,2,48992,0.025009042,1958971,950101167,0.000000,0.000000
structured/array_value,485,3,49120,0.025006833,1964263,952667617,0.000000,0.000000
structured/array_value,485,4,49088,0.025014292,1962398,951763096,0.000000,0.000000
structured/array_value,485,5,48992,0.025012750,1958681,949960320,0.000000,0.000000
structured/array_value,485,6,48960,0.025003250,1958145,949700539,0.000000,0.000000
structured/identity_write,485,0,31360,0.025000667,1254367,608367769,0.000000,0.000000
structured/identity_write,485,1,31968,0.025018417,1277779,619722663,0.000000,0.000000
structured/identity_write,485,2,31904,0.025014000,1275446,618591189,0.000000,0.000000
structured/identity_write,485,3,31680,0.025015208,1266430,614218359,0.000000,0.000000
structured/identity_write,485,4,31456,0.025001125,1258183,610218940,0.000000,0.000000
structured/identity_write,485,5,31392,0.025002000,1255580,608956084,0.000000,0.000000
structured/identity_write,485,6,31360,0.025013750,1253710,608049573,0.000000,0.000000
unicode_escaped_keys/validate,960,0,29056,0.025011583,1161702,1115233690,0.000000,0.000000
unicode_escaped_keys/validate,960,1,28800,0.025015584,1151282,1105231043,0.000000,0.000000
unicode_escaped_keys/validate,960,2,28736,0.025002250,1149337,1103363097,0.000000,0.000000
unicode_escaped_keys/validate,960,3,28736,0.025032708,1147938,1102020604,0.000000,0.000000
unicode_escaped_keys/validate,960,4,28704,0.025021042,1147194,1101306652,0.000000,0.000000
unicode_escaped_keys/validate,960,5,28736,0.025026042,1148244,1102314141,0.000000,0.000000
unicode_escaped_keys/validate,960,6,28800,0.025011917,1151451,1105393081,0.000000,0.000000
unicode_escaped_keys/identity,960,0,28992,0.025006584,1159375,1112999680,0.000000,0.000000
unicode_escaped_keys/identity,960,1,28576,0.025003250,1142891,1097175767,0.000000,0.000000
unicode_escaped_keys/identity,960,2,28512,0.025007291,1140147,1094541588,0.000000,0.000000
unicode_escaped_keys/identity,960,3,28512,0.025021917,1139481,1093901798,0.000000,0.000000
unicode_escaped_keys/identity,960,4,28608,0.025026625,1143103,1097378492,0.000000,0.000000
unicode_escaped_keys/identity,960,5,28608,0.025019708,1143419,1097681875,0.000000,0.000000
unicode_escaped_keys/identity,960,6,28576,0.025022209,1142025,1096344451,0.000000,0.000000
unicode_escaped_keys/shallow,960,0,28032,0.025022875,1120255,1075444768,0.000000,0.000000
unicode_escaped_keys/shallow,960,1,28032,0.025006959,1120968,1076129249,0.000000,0.000000
unicode_escaped_keys/shallow,960,2,28736,0.025017000,1148659,1102712555,0.000000,0.000000
unicode_escaped_keys/shallow,960,3,27776,0.025015250,1110363,1065948172,0.000000,0.000000
unicode_escaped_keys/shallow,960,4,27840,0.025009750,1113166,1068639231,0.000000,0.000000
unicode_escaped_keys/shallow,960,5,27552,0.025025458,1100959,1056920517,0.000000,0.000000
unicode_escaped_keys/shallow,960,6,27648,0.025023833,1104867,1060672040,0.000000,0.000000
unicode_escaped_keys/nested,960,0,27776,0.025010750,1110562,1066139960,0.000000,0.000000
unicode_escaped_keys/nested,960,1,27872,0.025007625,1114540,1069958463,0.000000,0.000000
unicode_escaped_keys/nested,960,2,27712,0.025000167,1108473,1064133692,0.000000,0.000000
unicode_escaped_keys/nested,960,3,27648,0.025000166,1105913,1061676150,0.000000,0.000000
unicode_escaped_keys/nested,960,4,27872,0.025011375,1114373,1069798042,0.000000,0.000000
unicode_escaped_keys/nested,960,5,27904,0.025005708,1115905,1071269008,0.000000,0.000000
unicode_escaped_keys/nested,960,6,27968,0.025027667,1117483,1072783971,0.000000,0.000000
unicode_escaped_keys/missing,960,0,28192,0.025003292,1127532,1082430266,0.000000,0.000000
unicode_escaped_keys/missing,960,1,28128,0.025000541,1125096,1080091827,0.000000,0.000000
unicode_escaped_keys/missing,960,2,28128,0.025020042,1124219,1079249987,0.000000,0.000000
unicode_escaped_keys/missing,960,3,28096,0.025010417,1123372,1078437037,0.000000,0.000000
unicode_escaped_keys/missing,960,4,28608,0.025026958,1143087,1097363891,0.000000,0.000000
unicode_escaped_keys/missing,960,5,28576,0.025025625,1141870,1096194800,0.000000,0.000000
unicode_escaped_keys/missing,960,6,28224,0.025018542,1128123,1082998362,0.000000,0.000000
unicode_escaped_keys/array_value,960,0,28000,0.025020625,1119077,1074313691,0.000000,0.000000
unicode_escaped_keys/array_value,960,1,28000,0.025024333,1118911,1074154504,0.000000,0.000000
unicode_escaped_keys/array_value,960,2,27968,0.025022750,1117703,1072994775,0.000000,0.000000
unicode_escaped_keys/array_value,960,3,28064,0.025010292,1122098,1077214132,0.000000,0.000000
unicode_escaped_keys/array_value,960,4,28032,0.025022458,1120274,1075462690,0.000000,0.000000
unicode_escaped_keys/array_value,960,5,27040,0.025024708,1080532,1037310805,0.000000,0.000000
unicode_escaped_keys/array_value,960,6,28320,0.025020125,1131889,1086613276,0.000000,0.000000
unicode_escaped_keys/identity_write,960,0,16032,0.025010875,641001,615361118,0.000000,0.000000
unicode_escaped_keys/identity_write,960,1,16064,0.025048834,641307,615655004,0.000000,0.000000
unicode_escaped_keys/identity_write,960,2,16096,0.025001208,643809,618056536,0.000000,0.000000
unicode_escaped_keys/identity_write,960,3,16064,0.025013250,642220,616530839,0.000000,0.000000
unicode_escaped_keys/identity_write,960,4,16032,0.025045375,640118,614513458,0.000000,0.000000
unicode_escaped_keys/identity_write,960,5,16032,0.025009958,641025,615383680,0.000000,0.000000
unicode_escaped_keys/identity_write,960,6,16064,0.025046959,641355,615701092,0.000000,0.000000
array/shallow,78,0,106144,0.025004167,4245052,331114090,0.000000,0.000000
array/shallow,78,1,105888,0.025004959,4234680,330305041,0.000000,0.000000
array/shallow,78,2,106656,0.025001250,4266027,332750082,0.000000,0.000000
array/shallow,78,3,107104,0.025006500,4283046,334077620,0.000000,0.000000
array/shallow,78,4,107328,0.025001292,4292898,334846055,0.000000,0.000000
array/shallow,78,5,107520,0.025003583,4300184,335414328,0.000000,0.000000
array/shallow,78,6,108224,0.025003208,4328405,337615557,0.000000,0.000000
array/nested,78,0,96160,0.025006167,3845451,299945210,0.000000,0.000000
array/nested,78,1,96096,0.025007000,3842764,299735594,0.000000,0.000000
array/nested,78,2,96608,0.025003625,3863760,301373261,0.000000,0.000000
array/nested,78,3,97344,0.025005708,3892871,303643952,0.000000,0.000000
array/nested,78,4,95008,0.025000750,3800206,296416068,0.000000,0.000000
array/nested,78,5,95328,0.025006916,3812065,297341104,0.000000,0.000000
array/nested,78,6,95744,0.025005459,3828924,298656065,0.000000,0.000000
array/flatten,78,0,105824,0.025006708,4231825,330082312,0.000000,0.000000
array/flatten,78,1,107328,0.025005917,4292104,334784123,0.000000,0.000000
array/flatten,78,2,107040,0.025003667,4280972,333915821,0.000000,0.000000
array/flatten,78,3,107232,0.025000166,4289252,334561619,0.000000,0.000000
array/flatten,78,4,106976,0.025002917,4278541,333726181,0.000000,0.000000
array/flatten,78,5,106816,0.025002125,4272277,333237595,0.000000,0.000000
array/flatten,78,6,106624,0.025000791,4264825,332656355,0.000000,0.000000
array/missing,78,0,109312,0.025002209,4372094,341023307,0.000000,0.000000
array/missing,78,1,109408,0.025001458,4376065,341333053,0.000000,0.000000
array/missing,78,2,109472,0.025000959,4378712,341539539,0.000000,0.000000
array/missing,78,3,109344,0.025005792,4372747,341074260,0.000000,0.000000
array/missing,78,4,109248,0.025001916,4369585,340827639,0.000000,0.000000
array/missing,78,5,108832,0.025001083,4353091,339541131,0.000000,0.000000
array/missing,78,6,109056,0.025002875,4361738,340215595,0.000000,0.000000
array/root,67,0,111488,0.025000459,4459438,298782354,0.000000,0.000000
array/root,67,1,115168,0.025005917,4605630,308577206,0.000000,0.000000
array/root,67,2,116608,0.025005083,4663372,312445913,0.000000,0.000000
array/root,67,3,116704,0.025002625,4667670,312733883,0.000000,0.000000
array/root,67,4,117312,0.025000125,4692457,314394588,0.000000,0.000000
array/root,67,5,117312,0.025000666,4692355,314387785,0.000000,0.000000
array/root,67,6,117344,0.025004375,4692939,314426895,0.000000,0.000000
array/cancel_first,78,0,105408,0.025005125,4215456,328805555,0.000000,0.000000
array/cancel_first,78,1,105856,0.025000292,4234191,330266862,0.000000,0.000000
array/cancel_first,78,2,107264,0.025002667,4290102,334627982,0.000000,0.000000
array/cancel_first,78,3,108032,0.025002042,4320927,337032311,0.000000,0.000000
array/cancel_first,78,4,107840,0.025002666,4313140,336424924,0.000000,0.000000
array/cancel_first,78,5,107808,0.025003209,4311767,336317790,0.000000,0.000000
array/cancel_first,78,6,108160,0.025000958,4326234,337446269,0.000000,0.000000
array/shallow,540,0,15008,0.025002208,600267,324144172,0.000000,0.000000
array/shallow,540,1,15136,0.025047458,604293,326318144,0.000000,0.000000
array/shallow,540,2,15168,0.025014375,606371,327440522,0.000000,0.000000
array/shallow,540,3,15168,0.025002042,606670,327602041,0.000000,0.000000
array/shallow,540,4,15232,0.025009209,609056,328890050,0.000000,0.000000
array/shallow,540,5,15232,0.025034250,608446,328561071,0.000000,0.000000
array/shallow,540,6,15232,0.025027792,608603,328645851,0.000000,0.000000
array/nested,540,0,13568,0.025052667,541579,292452696,0.000000,0.000000
array/nested,540,1,13568,0.025055167,541525,292423515,0.000000,0.000000
array/nested,540,2,13600,0.025027375,543405,293438685,0.000000,0.000000
array/nested,540,3,13728,0.025056917,547873,295851241,0.000000,0.000000
array/nested,540,4,13440,0.025039250,536757,289848937,0.000000,0.000000
array/nested,540,5,13504,0.025004083,540072,291638770,0.000000,0.000000
array/nested,540,6,13600,0.025038959,543154,293302928,0.000000,0.000000
array/flatten,540,0,13760,0.025019500,549971,296984352,0.000000,0.000000
array/flatten,540,1,13664,0.025029250,545921,294797487,0.000000,0.000000
array/flatten,540,2,13760,0.025051958,549258,296599571,0.000000,0.000000
array/flatten,540,3,13632,0.025030083,544625,294097307,0.000000,0.000000
array/flatten,540,4,13664,0.025025792,545997,294838221,0.000000,0.000000
array/flatten,540,5,13664,0.025019833,546127,294908443,0.000000,0.000000
array/flatten,540,6,13664,0.025012875,546279,294990480,0.000000,0.000000
array/missing,540,0,15808,0.025037917,631362,340935710,0.000000,0.000000
array/missing,540,1,15872,0.025011917,634578,342671855,0.000000,0.000000
array/missing,540,2,15936,0.025007542,637248,344113788,0.000000,0.000000
array/missing,540,3,15904,0.025006916,635984,343431393,0.000000,0.000000
array/missing,540,4,15936,0.025029958,636677,343805611,0.000000,0.000000
array/missing,540,5,15936,0.025046625,636253,343576829,0.000000,0.000000
array/missing,540,6,15936,0.025030125,636673,343803317,0.000000,0.000000
array/root,529,0,15488,0.025017542,619086,327496282,0.000000,0.000000
array/root,529,1,15392,0.025035750,614801,325229642,0.000000,0.000000
array/root,529,2,15392,0.025022792,615119,325398061,0.000000,0.000000
array/root,529,3,15488,0.025013667,619182,327547017,0.000000,0.000000
array/root,529,4,15552,0.025029375,621350,328694104,0.000000,0.000000
array/root,529,5,15296,0.025031709,611065,323253358,0.000000,0.000000
array/root,529,6,15488,0.025012208,619218,327566123,0.000000,0.000000
array/cancel_first,540,0,30784,0.025012708,1230734,664596572,0.000000,0.000000
array/cancel_first,540,1,30528,0.025001209,1221061,659372913,0.000000,0.000000
array/cancel_first,540,2,30688,0.025001666,1227438,662816630,0.000000,0.000000
array/cancel_first,540,3,31264,0.025024833,1249319,674632274,0.000000,0.000000
array/cancel_first,540,4,31488,0.025006000,1259218,679977605,0.000000,0.000000
array/cancel_first,540,5,31488,0.025003375,1259350,680048993,0.000000,0.000000
array/cancel_first,540,6,31456,0.025003292,1258074,679360142,0.000000,0.000000
array/shallow,1074,0,7488,0.025078875,298578,320672757,0.000000,0.000000
array/shallow,1074,1,7488,0.025037417,299072,321203741,0.000000,0.000000
array/shallow,1074,2,7488,0.025044125,298992,321117707,0.000000,0.000000
array/shallow,1074,3,7488,0.025017875,299306,321454640,0.000000,0.000000
array/shallow,1074,4,7488,0.025015584,299333,321484080,0.000000,0.000000
array/shallow,1074,5,7520,0.025064875,300021,322223031,0.000000,0.000000
array/shallow,1074,6,7520,0.025040875,300309,322531860,0.000000,0.000000
array/nested,1074,0,6720,0.025094584,267787,287603094,0.000000,0.000000
array/nested,1074,1,6720,0.025063333,268121,287961701,0.000000,0.000000
array/nested,1074,2,6752,0.025111333,268883,288779891,0.000000,0.000000
array/nested,1074,3,6688,0.025079083,266676,286410472,0.000000,0.000000
array/nested,1074,4,6752,0.025049000,269552,289498503,0.000000,0.000000
array/nested,1074,5,6784,0.025086333,270426,290437666,0.000000,0.000000
array/nested,1074,6,6816,0.025065708,271925,292047765,0.000000,0.000000
array/flatten,1074,0,6784,0.025104833,270227,290223639,0.000000,0.000000
array/flatten,1074,1,6784,0.025093083,270353,290359539,0.000000,0.000000
array/flatten,1074,2,6688,0.025003334,267484,287278169,0.000000,0.000000
array/flatten,1074,3,6720,0.025081875,267923,287748823,0.000000,0.000000
array/flatten,1074,4,6720,0.025028125,268498,288366787,0.000000,0.000000
array/flatten,1074,5,6720,0.025023041,268552,288425376,0.000000,0.000000
array/flatten,1074,6,6720,0.025056334,268196,288042137,0.000000,0.000000
array/missing,1074,0,7712,0.025044000,307938,330725443,0.000000,0.000000
array/missing,1074,1,7680,0.025005208,307136,329864083,0.000000,0.000000
array/missing,1074,2,7680,0.025001042,307187,329919049,0.000000,0.000000
array/missing,1074,3,7680,0.025028542,306850,329556552,0.000000,0.000000
array/missing,1074,4,7776,0.025074625,310114,333062768,0.000000,0.000000
array/missing,1074,5,7712,0.025070583,307612,330374766,0.000000,0.000000
array/missing,1074,6,7712,0.025088834,307388,330134434,0.000000,0.000000
array/root,1063,0,7424,0.025050083,296366,315037359,0.000000,0.000000
array/root,1063,1,7520,0.025022000,300536,319469267,0.000000,0.000000
array/root,1063,2,7552,0.025081750,301095,320064429,0.000000,0.000000
array/root,1063,3,7520,0.025019209,300569,319504905,0.000000,0.000000
array/root,1063,4,7552,0.025079083,301127,320098466,0.000000,0.000000
array/root,1063,5,7584,0.025091125,302258,321300540,0.000000,0.000000
array/root,1063,6,7552,0.025016583,301880,320898182,0.000000,0.000000
array/cancel_first,1074,0,18656,0.025002458,746167,801382968,0.000000,0.000000
array/cancel_first,1074,1,18624,0.025034375,743937,798988431,0.000000,0.000000
array/cancel_first,1074,2,18816,0.025040833,751413,807017243,0.000000,0.000000
array/cancel_first,1074,3,18720,0.025029167,747927,803274036,0.000000,0.000000
array/cancel_first,1074,4,18720,0.025041292,747565,802885091,0.000000,0.000000
array/cancel_first,1074,5,18720,0.025004750,748658,804058429,0.000000,0.000000
array/cancel_first,1074,6,18816,0.025037125,751524,807136762,0.000000,0.000000
array/shallow,8606,0,992,0.025304583,39202,337375724,0.000000,0.000000
array/shallow,8606,1,992,0.025327458,39167,337071016,0.000000,0.000000
array/shallow,8606,2,992,0.025345875,39139,336826091,0.000000,0.000000
array/shallow,8606,3,992,0.025266000,39262,337890921,0.000000,0.000000
array/shallow,8606,4,992,0.025253166,39282,338062641,0.000000,0.000000
array/shallow,8606,5,992,0.025285708,39232,337627564,0.000000,0.000000
array/shallow,8606,6,992,0.025285583,39232,337629233,0.000000,0.000000
array/nested,8606,0,896,0.025470250,35178,302744418,0.000000,0.000000
array/nested,8606,1,896,0.025435542,35226,303157527,0.000000,0.000000
array/nested,8606,2,896,0.025445834,35212,303034909,0.000000,0.000000
array/nested,8606,3,896,0.025395958,35281,303630050,0.000000,0.000000
array/nested,8606,4,896,0.025427375,35238,303254898,0.000000,0.000000
array/nested,8606,5,896,0.025523417,35105,302113780,0.000000,0.000000
array/nested,8606,6,896,0.025447291,35210,303017559,0.000000,0.000000
array/flatten,8606,0,896,0.025296125,35420,304828348,0.000000,0.000000
array/flatten,8606,1,896,0.025241125,35498,305492564,0.000000,0.000000
array/flatten,8606,2,896,0.025362041,35328,304036099,0.000000,0.000000
array/flatten,8606,3,896,0.025296750,35420,304820817,0.000000,0.000000
array/flatten,8606,4,896,0.025498833,35139,302405055,0.000000,0.000000
array/flatten,8606,5,896,0.025416667,35252,303382658,0.000000,0.000000
array/flatten,8606,6,896,0.025387792,35293,303727713,0.000000,0.000000
array/missing,8606,0,1024,0.025430250,40267,346537844,0.000000,0.000000
array/missing,8606,1,1024,0.025443250,40246,346360783,0.000000,0.000000
array/missing,8606,2,1024,0.025360792,40377,347486940,0.000000,0.000000
array/missing,8606,3,1024,0.025452500,40232,346234908,0.000000,0.000000
array/missing,8606,4,1024,0.025166833,40688,350164997,0.000000,0.000000
array/missing,8606,5,1024,0.025092625,40809,351200562,0.000000,0.000000
array/missing,8606,6,1024,0.025080041,40829,351376778,0.000000,0.000000
array/root,8595,0,992,0.025683417,38624,331974519,0.000000,0.000000
array/root,8595,1,992,0.025312125,39191,336844101,0.000000,0.000000
array/root,8595,2,992,0.025223000,39329,338034334,0.000000,0.000000
array/root,8595,3,992,0.025273958,39250,337352780,0.000000,0.000000
array/root,8595,4,992,0.025252708,39283,337636661,0.000000,0.000000
array/root,8595,5,992,0.025115167,39498,339485698,0.000000,0.000000
array/root,8595,6,992,0.025026834,39637,340683924,0.000000,0.000000
array/cancel_first,8606,0,3104,0.025195458,123197,1060231729,0.000000,0.000000
array/cancel_first,8606,1,3104,0.025004083,124140,1068346478,0.000000,0.000000
array/cancel_first,8606,2,3136,0.025220750,124342,1070087765,0.000000,0.000000
array/cancel_first,8606,3,3136,0.025234792,124273,1069492310,0.000000,0.000000
array/cancel_first,8606,4,3136,0.025176958,124558,1071949042,0.000000,0.000000
array/cancel_first,8606,5,3136,0.025035166,125264,1078020254,0.000000,0.000000
array/cancel_first,8606,6,3136,0.025224625,124323,1069923378,0.000000,0.000000
array/shallow,69558,0,128,0.026168458,4891,340234950,0.000000,0.000000
array/shallow,69558,1,128,0.025960334,4931,342962614,0.000000,0.000000
array/shallow,69558,2,128,0.025968458,4929,342855321,0.000000,0.000000
array/shallow,69558,3,128,0.025966958,4929,342875126,0.000000,0.000000
array/shallow,69558,4,128,0.025868208,4948,344184027,0.000000,0.000000
array/shallow,69558,5,128,0.025826250,4956,344743197,0.000000,0.000000
array/shallow,69558,6,128,0.025812000,4959,344933519,0.000000,0.000000
array/nested,69558,0,128,0.029451417,4346,302308850,0.000000,0.000000
array/nested,69558,1,128,0.029351875,4361,303334080,0.000000,0.000000
array/nested,69558,2,128,0.029168375,4388,305242373,0.000000,0.000000
array/nested,69558,3,128,0.028739250,4454,309800151,0.000000,0.000000
array/nested,69558,4,128,0.028583875,4478,311484150,0.000000,0.000000
array/nested,69558,5,128,0.028667084,4465,310580037,0.000000,0.000000
array/nested,69558,6,128,0.028614875,4473,311146703,0.000000,0.000000
array/flatten,69558,0,128,0.028720792,4457,309999251,0.000000,0.000000
array/flatten,69558,1,128,0.028724375,4456,309960582,0.000000,0.000000
array/flatten,69558,2,128,0.029135417,4393,305587663,0.000000,0.000000
array/flatten,69558,3,128,0.028966083,4419,307374111,0.000000,0.000000
array/flatten,69558,4,128,0.028841209,4438,308704951,0.000000,0.000000
array/flatten,69558,5,128,0.028706750,4459,310150888,0.000000,0.000000
array/flatten,69558,6,128,0.028499083,4491,312410894,0.000000,0.000000
array/missing,69558,0,128,0.025270583,5065,352323648,0.000000,0.000000
array/missing,69558,1,160,0.031191875,5130,356800609,0.000000,0.000000
array/missing,69558,2,160,0.031031708,5156,358642199,0.000000,0.000000
array/missing,69558,3,160,0.031073833,5149,358156009,0.000000,0.000000
array/missing,69558,4,160,0.031185333,5131,356875458,0.000000,0.000000
array/missing,69558,5,160,0.031133917,5139,357464819,0.000000,0.000000
array/missing,69558,6,160,0.031154625,5136,357227217,0.000000,0.000000
array/root,69547,0,128,0.025710292,4979,346243287,0.000000,0.000000
array/root,69547,1,128,0.025570458,5006,348136744,0.000000,0.000000
array/root,69547,2,128,0.025605041,4999,347666540,0.000000,0.000000
array/root,69547,3,128,0.025600292,5000,347731034,0.000000,0.000000
array/root,69547,4,128,0.025633167,4994,347285062,0.000000,0.000000
array/root,69547,5,128,0.025569292,5006,348152620,0.000000,0.000000
array/root,69547,6,128,0.025606750,4999,347643336,0.000000,0.000000
array/cancel_first,69558,0,416,0.025608875,16244,1129925778,0.000000,0.000000
array/cancel_first,69558,1,416,0.025488916,16321,1135243570,0.000000,0.000000
array/cancel_first,69558,2,416,0.025386416,16387,1139827221,0.000000,0.000000
array/cancel_first,69558,3,416,0.025407916,16373,1138862707,0.000000,0.000000
array/cancel_first,69558,4,416,0.025433667,16356,1137709635,0.000000,0.000000
array/cancel_first,69558,5,416,0.025394333,16382,1139471866,0.000000,0.000000
array/cancel_first,69558,6,416,0.025314958,16433,1143044677,0.000000,0.000000
array/shallow,1135782,0,32,0.104834209,305,346690497,0.000000,0.000000
array/shallow,1135782,1,32,0.103489375,309,351195705,0.000000,0.000000
array/shallow,1135782,2,32,0.103167292,310,352292120,0.000000,0.000000
array/shallow,1135782,3,32,0.103650500,309,350649770,0.000000,0.000000
array/shallow,1135782,4,32,0.103236792,310,352054953,0.000000,0.000000
array/shallow,1135782,5,32,0.103534583,309,351042357,0.000000,0.000000
array/shallow,1135782,6,32,0.103401125,309,351495441,0.000000,0.000000
array/nested,1135782,0,32,0.115190791,278,315520222,0.000000,0.000000
array/nested,1135782,1,32,0.116971375,274,310717250,0.000000,0.000000
array/nested,1135782,2,32,0.115035959,278,315944895,0.000000,0.000000
array/nested,1135782,3,32,0.114800917,279,316591757,0.000000,0.000000
array/nested,1135782,4,32,0.116374417,275,312311116,0.000000,0.000000
array/nested,1135782,5,32,0.115845000,276,313738392,0.000000,0.000000
array/nested,1135782,6,32,0.116251708,275,312640774,0.000000,0.000000
array/flatten,1135782,0,32,0.115163542,278,315594878,0.000000,0.000000
array/flatten,1135782,1,32,0.115353917,277,315074034,0.000000,0.000000
array/flatten,1135782,2,32,0.114954875,278,316167748,0.000000,0.000000
array/flatten,1135782,3,32,0.114772500,279,316670143,0.000000,0.000000
array/flatten,1135782,4,32,0.115390833,277,314973235,0.000000,0.000000
array/flatten,1135782,5,32,0.115274125,278,315292126,0.000000,0.000000
array/flatten,1135782,6,32,0.115484833,277,314716860,0.000000,0.000000
array/missing,1135782,0,32,0.099506875,322,365251386,0.000000,0.000000
array/missing,1135782,1,32,0.099901584,320,363808286,0.000000,0.000000
array/missing,1135782,2,32,0.100046750,320,363280406,0.000000,0.000000
array/missing,1135782,3,32,0.099815542,321,364121892,0.000000,0.000000
array/missing,1135782,4,32,0.099750292,321,364360076,0.000000,0.000000
array/missing,1135782,5,32,0.101140084,316,359353310,0.000000,0.000000
array/missing,1135782,6,32,0.100558292,318,361432392,0.000000,0.000000
array/root,1135771,0,32,0.102775500,311,353631673,0.000000,0.000000
array/root,1135771,1,32,0.102478583,312,354656270,0.000000,0.000000
array/root,1135771,2,32,0.102842833,311,353400144,0.000000,0.000000
array/root,1135771,3,32,0.103980791,308,349532559,0.000000,0.000000
array/root,1135771,4,32,0.102413458,312,354881797,0.000000,0.000000
array/root,1135771,5,32,0.103891458,308,349833111,0.000000,0.000000
array/root,1135771,6,32,0.103536417,309,351032739,0.000000,0.000000
array/cancel_first,1135782,0,32,0.031442625,1018,1155915704,0.000000,0.000000
array/cancel_first,1135782,1,32,0.031494416,1016,1154014858,0.000000,0.000000
array/cancel_first,1135782,2,32,0.031344750,1021,1159525088,0.000000,0.000000
array/cancel_first,1135782,3,32,0.031252250,1024,1162957035,0.000000,0.000000
array/cancel_first,1135782,4,32,0.031310625,1022,1160788838,0.000000,0.000000
array/cancel_first,1135782,5,32,0.031234542,1025,1163616358,0.000000,0.000000
array/cancel_first,1135782,6,32,0.031390375,1019,1157839752,0.000000,0.000000
array/nested_contexts,972,0,4128,0.025024125,164961,160341910,0.000000,0.000000
array/nested_contexts,972,1,4160,0.025117500,165622,160984174,0.000000,0.000000
array/nested_contexts,972,2,4160,0.025149166,165413,160781475,0.000000,0.000000
array/nested_contexts,972,3,4160,0.025073708,165911,161265338,0.000000,0.000000
array/nested_contexts,972,4,4160,0.025070958,165929,161283027,0.000000,0.000000
array/nested_contexts,972,5,4160,0.025037833,166149,161496404,0.000000,0.000000
array/nested_contexts,972,6,4160,0.025003375,166378,161718968,0.000000,0.000000
array/sparse,785,0,6880,0.025062000,274519,215497566,0.000000,0.000000
array/sparse,785,1,6976,0.025042917,278562,218671012,0.000000,0.000000
array/sparse,785,2,7072,0.025062417,282175,221507766,0.000000,0.000000
array/sparse,785,3,7104,0.025049458,283599,222625176,0.000000,0.000000
array/sparse,785,4,7104,0.025082542,283225,222331532,0.000000,0.000000
array/sparse,785,5,7104,0.025064125,283433,222494901,0.000000,0.000000
array/sparse,785,6,7040,0.025094417,280540,220224283,0.000000,0.000000
array/deep,136,0,38176,0.025007083,1526607,207618617,0.000000,0.000000
array/deep,136,1,37888,0.025000875,1515467,206103506,0.000000,0.000000
array/deep,136,2,37728,0.025001625,1509022,205226980,0.000000,0.000000
array/deep,136,3,37792,0.025019958,1510474,205424486,0.000000,0.000000
array/deep,136,4,37664,0.025003875,1506327,204860407,0.000000,0.000000
array/deep,136,5,39008,0.025007250,1559868,212141999,0.000000,0.000000
array/deep,136,6,39008,0.025018250,1559182,212048724,0.000000,0.000000
array/empty,2,0,1543616,0.025000417,61743610,123487220,0.000000,0.000000
array/empty,2,1,1550560,0.025000167,62021986,124043971,0.000000,0.000000
array/empty,2,2,1546656,0.025000417,61865208,123730416,0.000000,0.000000
array/empty,2,3,1548992,0.025000292,61958956,123917913,0.000000,0.000000
array/empty,2,4,1550592,0.025000333,62022854,124045708,0.000000,0.000000
array/empty,2,5,1551168,0.025000416,62045688,124091375,0.000000,0.000000
array/empty,2,6,1545248,0.025000041,61809819,123619637,0.000000,0.000000
array/singleton,12,0,330496,0.025000708,13219466,158633587,0.000000,0.000000
array/singleton,12,1,332832,0.025001375,13312548,159750574,0.000000,0.000000
array/singleton,12,2,329568,0.025002458,13181424,158177088,0.000000,0.000000
array/singleton,12,3,329120,0.025000833,13164361,157972336,0.000000,0.000000
array/singleton,12,4,331104,0.025001000,13243630,158923563,0.000000,0.000000
array/singleton,12,5,330656,0.025001417,13225490,158705885,0.000000,0.000000
array/singleton,12,6,332000,0.025001000,13279469,159353626,0.000000,0.000000
array/nested_values,31,0,112288,0.025001166,4491311,139230626,0.000000,0.000000
array/nested_values,31,1,113056,0.025002833,4521728,140173556,0.000000,0.000000
array/nested_values,31,2,113184,0.025000083,4527345,140347694,0.000000,0.000000
array/nested_values,31,3,113728,0.025003709,4548445,141001801,0.000000,0.000000
array/nested_values,31,4,113536,0.025006667,4540229,140747106,0.000000,0.000000
array/nested_values,31,5,113696,0.025002208,4547438,140970589,0.000000,0.000000
array/nested_values,31,6,113664,0.025001042,4546371,140937486,0.000000,0.000000
compile/scalar,0,0,13376,0.025023042,534547,0,72.000000,3902.000000
compile/scalar,0,1,14048,0.025049083,560819,0,72.000000,3902.000000
compile/scalar,0,2,14464,0.025039791,577641,0,72.000000,3902.000000
compile/scalar,0,3,14720,0.025050083,587623,0,72.000000,3902.000000
compile/scalar,0,4,14720,0.025053333,587547,0,72.000000,3902.000000
compile/scalar,0,5,14688,0.025026083,586908,0,72.000000,3902.000000
compile/scalar,0,6,14752,0.025042834,589071,0,72.000000,3902.000000
scalar/literal,100,0,282112,0.025002291,11283446,1128344599,0.000000,0.000000
scalar/literal,100,1,283296,0.025001500,11331160,1133116013,0.000000,0.000000
scalar/literal,100,2,284096,0.025001833,11363007,1136300686,0.000000,0.000000
scalar/literal,100,3,286208,0.025001792,11447499,1144749944,0.000000,0.000000
scalar/literal,100,4,284960,0.025001958,11397507,1139750735,0.000000,0.000000
scalar/literal,100,5,281184,0.025000583,11247098,1124709772,0.000000,0.000000
scalar/literal,100,6,278976,0.025000875,11158649,1115864945,0.000000,0.000000
scalar/arithmetic,100,0,77600,0.025002708,3103664,310366381,0.000000,0.000000
scalar/arithmetic,100,1,79136,0.025005750,3164712,316471212,0.000000,0.000000
scalar/arithmetic,100,2,79168,0.025001709,3166504,316650354,0.000000,0.000000
scalar/arithmetic,100,3,78880,0.025003708,3154732,315473209,0.000000,0.000000
scalar/arithmetic,100,4,78816,0.025008208,3151605,315160526,0.000000,0.000000
scalar/arithmetic,100,5,79264,0.025008625,3169467,316946653,0.000000,0.000000
scalar/arithmetic,100,6,79072,0.025009542,3161673,316167325,0.000000,0.000000
scalar/nested,100,0,76512,0.025007959,3059506,305950598,0.000000,0.000000
scalar/nested,100,1,77248,0.025002458,3089616,308961623,0.000000,0.000000
scalar/nested,100,2,78816,0.025001916,3152398,315239840,0.000000,0.000000
scalar/nested,100,3,78816,0.025000542,3152572,315257165,0.000000,0.000000
scalar/nested,100,4,79104,0.025003500,3163717,316371708,0.000000,0.000000
scalar/nested,100,5,79904,0.025002792,3195803,319580309,0.000000,0.000000
scalar/nested,100,6,80480,0.025007666,3218213,321821317,0.000000,0.000000
scalar/comparison,100,0,81184,0.025004625,3246759,324675935,0.000000,0.000000
scalar/comparison,100,1,81120,0.025000291,3244762,324476223,0.000000,0.000000
scalar/comparison,100,2,81440,0.025000625,3257519,325751856,0.000000,0.000000
scalar/comparison,100,3,81344,0.025001750,3253532,325353225,0.000000,0.000000
scalar/comparison,100,4,81408,0.025004708,3255707,325570689,0.000000,0.000000
scalar/comparison,100,5,81152,0.025002375,3245772,324577165,0.000000,0.000000
scalar/comparison,100,6,81344,0.025009208,3252562,325256202,0.000000,0.000000
scalar/strings,100,0,115680,0.025003584,4626537,462653674,0.000000,0.000000
scalar/strings,100,1,116576,0.025003834,4662325,466232499,0.000000,0.000000
scalar/strings,100,2,116800,0.025000500,4671907,467190656,0.000000,0.000000
scalar/strings,100,3,116864,0.025000500,4674467,467446651,0.000000,0.000000
scalar/strings,100,4,117120,0.025006375,4683606,468360568,0.000000,0.000000
scalar/strings,100,5,117632,0.025004583,4704418,470441759,0.000000,0.000000
scalar/strings,100,6,118176,0.025004375,4726213,472621291,0.000000,0.000000
scalar/boolean,100,0,77600,0.025007541,3103064,310306399,0.000000,0.000000
scalar/boolean,100,1,77088,0.025003916,3083037,308303707,0.000000,0.000000
scalar/boolean,100,2,78144,0.025004292,3125223,312522346,0.000000,0.000000
scalar/boolean,100,3,75136,0.025002375,3005155,300515451,0.000000,0.000000
scalar/boolean,100,4,76800,0.025007667,3071058,307105817,0.000000,0.000000
scalar/boolean,100,5,78272,0.025007583,3129931,312993063,0.000000,0.000000
scalar/boolean,100,6,78208,0.025008375,3127272,312727236,0.000000,0.000000
scalar/missing,100,0,82720,0.025004500,3308205,330820452,0.000000,0.000000
scalar/missing,100,1,83488,0.025004375,3338936,333893569,0.000000,0.000000
scalar/missing,100,2,83456,0.025000667,3338151,333815094,0.000000,0.000000
scalar/missing,100,3,83488,0.025006958,3338591,333859080,0.000000,0.000000
scalar/missing,100,4,80480,0.025010125,3217897,321789675,0.000000,0.000000
scalar/missing,100,5,80544,0.025009167,3220579,322057908,0.000000,0.000000
scalar/missing,100,6,83552,0.025009417,3340822,334082158,0.000000,0.000000
scalar/short_circuit,100,0,263808,0.025003250,10550948,1055094838,0.000000,0.000000
scalar/short_circuit,100,1,264928,0.025002833,10595919,1059591927,0.000000,0.000000
scalar/short_circuit,100,2,264000,0.025003541,10558504,1055850449,0.000000,0.000000
scalar/short_circuit,100,3,264896,0.025000708,10595540,1059553993,0.000000,0.000000
scalar/short_circuit,100,4,265536,0.025002667,10620307,1062030703,0.000000,0.000000
scalar/short_circuit,100,5,265856,0.025002917,10632999,1063299934,0.000000,0.000000
scalar/short_circuit,100,6,265280,0.025002459,10610156,1061015639,0.000000,0.000000
scalar/mixed,100,0,99680,0.025005666,3986297,398629655,0.000000,0.000000
scalar/mixed,100,1,101888,0.025002791,4075065,407506506,0.000000,0.000000
scalar/mixed,100,2,105856,0.025001708,4233951,423395074,0.000000,0.000000
scalar/mixed,100,3,104640,0.025005750,4184638,418463753,0.000000,0.000000
scalar/mixed,100,4,105984,0.025006834,4238201,423820145,0.000000,0.000000
scalar/mixed,100,5,107392,0.025001750,4295379,429537932,0.000000,0.000000
scalar/mixed,100,6,108256,0.025004084,4329533,432953273,0.000000,0.000000
scalar/write,100,0,72640,0.025000417,2905552,290555154,0.000000,0.000000
scalar/write,100,1,72512,0.025005000,2899900,289990002,0.000000,0.000000
scalar/write,100,2,72096,0.025005292,2883230,288322968,0.000000,0.000000
scalar/write,100,3,72352,0.025000875,2893979,289397871,0.000000,0.000000
scalar/write,100,4,72768,0.025006584,2909954,290995363,0.000000,0.000000
scalar/write,100,5,73216,0.025005834,2927957,292795673,0.000000,0.000000
scalar/write,100,6,73312,0.025005625,2931820,293182034,0.000000,0.000000
scalar/literal,500,0,82336,0.025003958,3292919,1646459333,0.000000,0.000000
scalar/literal,500,1,82560,0.025009625,3301129,1650564533,0.000000,0.000000
scalar/literal,500,2,82624,0.025004458,3304371,1652185382,0.000000,0.000000
scalar/literal,500,3,82592,0.025002500,3303350,1651674833,0.000000,0.000000
scalar/literal,500,4,82496,0.025001334,3299664,1649831965,0.000000,0.000000
scalar/literal,500,5,82528,0.025000375,3301070,1650535242,0.000000,0.000000
scalar/literal,500,6,84032,0.025007667,3360249,1680124739,0.000000,0.000000
scalar/arithmetic,500,0,26464,0.025011000,1058094,529047219,0.000000,0.000000
scalar/arithmetic,500,1,26272,0.025010750,1050428,525214158,0.000000,0.000000
scalar/arithmetic,500,2,26656,0.025025333,1065161,532580326,0.000000,0.000000
scalar/arithmetic,500,3,26368,0.025004917,1054513,527256299,0.000000,0.000000
scalar/arithmetic,500,4,26336,0.025004125,1053266,526633106,0.000000,0.000000
scalar/arithmetic,500,5,26304,0.025021875,1051240,525620082,0.000000,0.000000
scalar/arithmetic,500,6,26336,0.025009833,1053026,526512912,0.000000,0.000000
scalar/nested,500,0,26016,0.025019541,1039827,519913615,0.000000,0.000000
scalar/nested,500,1,26080,0.025001667,1043130,521565222,0.000000,0.000000
scalar/nested,500,2,26112,0.025011333,1044007,522003365,0.000000,0.000000
scalar/nested,500,3,26048,0.025008375,1041571,520785537,0.000000,0.000000
scalar/nested,500,4,26176,0.025009125,1046658,523328985,0.000000,0.000000
scalar/nested,500,5,26144,0.025009500,1045363,522681381,0.000000,0.000000
scalar/nested,500,6,26176,0.025023916,1046039,523019658,0.000000,0.000000
scalar/comparison,500,0,26560,0.025015916,1061724,530862032,0.000000,0.000000
scalar/comparison,500,1,26688,0.025003958,1067351,533675508,0.000000,0.000000
scalar/comparison,500,2,26624,0.025007917,1064623,532311428,0.000000,0.000000
scalar/comparison,500,3,26304,0.025006042,1051906,525952888,0.000000,0.000000
scalar/comparison,500,4,26592,0.025022084,1062741,531370608,0.000000,0.000000
scalar/comparison,500,5,26592,0.025002875,1063558,531778845,0.000000,0.000000
scalar/comparison,500,6,26464,0.025003959,1058392,529196196,0.000000,0.000000
scalar/strings,500,0,39232,0.025008042,1568775,784387678,0.000000,0.000000
scalar/strings,500,1,39168,0.025002708,1566550,783275156,0.000000,0.000000
scalar/strings,500,2,39200,0.025000333,1567979,783989557,0.000000,0.000000
scalar/strings,500,3,39232,0.025006750,1568856,784428204,0.000000,0.000000
scalar/strings,500,4,39648,0.025011375,1585199,792599367,0.000000,0.000000
scalar/strings,500,5,39520,0.025000458,1580771,790385520,0.000000,0.000000
scalar/strings,500,6,39232,0.025012083,1568522,784260951,0.000000,0.000000
scalar/boolean,500,0,26208,0.025000542,1048297,524148636,0.000000,0.000000
scalar/boolean,500,1,26240,0.025028500,1048405,524202409,0.000000,0.000000
scalar/boolean,500,2,26240,0.025019875,1048766,524383115,0.000000,0.000000
scalar/boolean,500,3,26208,0.025016041,1047648,523823894,0.000000,0.000000
scalar/boolean,500,4,25952,0.025011625,1037598,518798759,0.000000,0.000000
scalar/boolean,500,5,25984,0.025019666,1038543,519271520,0.000000,0.000000
scalar/boolean,500,6,25920,0.025001625,1036733,518366306,0.000000,0.000000
scalar/missing,500,0,26720,0.025012750,1068255,534127595,0.000000,0.000000
scalar/missing,500,1,26944,0.025018792,1076950,538475239,0.000000,0.000000
scalar/missing,500,2,26560,0.025004000,1062230,531115022,0.000000,0.000000
scalar/missing,500,3,26688,0.025026959,1066370,533185035,0.000000,0.000000
scalar/missing,500,4,26624,0.025004167,1064783,532391261,0.000000,0.000000
scalar/missing,500,5,26656,0.025009041,1065855,532927272,0.000000,0.000000
scalar/missing,500,6,26592,0.025004209,1063501,531750474,0.000000,0.000000
scalar/short_circuit,500,0,80512,0.025008209,3219423,1609711435,0.000000,0.000000
scalar/short_circuit,500,1,80480,0.025008916,3218052,1609026157,0.000000,0.000000
scalar/short_circuit,500,2,80384,0.025006459,3214529,1607264747,0.000000,0.000000
scalar/short_circuit,500,3,79904,0.025002542,3195835,1597917524,0.000000,0.000000
scalar/short_circuit,500,4,80448,0.025002708,3217571,1608785736,0.000000,0.000000
scalar/short_circuit,500,5,80704,0.025007375,3227208,1613603987,0.000000,0.000000
scalar/short_circuit,500,6,80640,0.025008000,3224568,1612284069,0.000000,0.000000
scalar/mixed,500,0,55744,0.025003417,2229455,1114727639,0.000000,0.000000
scalar/mixed,500,1,55744,0.025002750,2229515,1114757377,0.000000,0.000000
scalar/mixed,500,2,56256,0.025011500,2249205,1124602683,0.000000,0.000000
scalar/mixed,500,3,56480,0.025008292,2258451,1129225458,0.000000,0.000000
scalar/mixed,500,4,56416,0.025002792,2256388,1128194003,0.000000,0.000000
scalar/mixed,500,5,56576,0.025008708,2262252,1131126006,0.000000,0.000000
scalar/mixed,500,6,56704,0.025013708,2266917,1133458502,0.000000,0.000000
scalar/write,500,0,25344,0.025023375,1012813,506406510,0.000000,0.000000
scalar/write,500,1,25312,0.025022292,1011578,505788998,0.000000,0.000000
scalar/write,500,2,25280,0.025008959,1010838,505418878,0.000000,0.000000
scalar/write,500,3,25312,0.025029500,1011287,505643341,0.000000,0.000000
scalar/write,500,4,25376,0.025030750,1013793,506896517,0.000000,0.000000
scalar/write,500,5,25568,0.025017208,1022017,511008263,0.000000,0.000000
scalar/write,500,6,25568,0.025028875,1021540,510770061,0.000000,0.000000
scalar/literal,1024,0,43584,0.025012500,1742489,1784308486,0.000000,0.000000
scalar/literal,1024,1,43648,0.025000458,1745888,1787789328,0.000000,0.000000
scalar/literal,1024,2,43616,0.025002542,1744463,1786329726,0.000000,0.000000
scalar/literal,1024,3,43616,0.025009208,1743998,1785853594,0.000000,0.000000
scalar/literal,1024,4,43712,0.025015166,1747420,1789358024,0.000000,0.000000
scalar/literal,1024,5,43616,0.025016583,1743484,1785327117,0.000000,0.000000
scalar/literal,1024,6,44000,0.025003625,1759745,1801978713,0.000000,0.000000
scalar/arithmetic,1024,0,14400,0.025032833,575245,589050388,0.000000,0.000000
scalar/arithmetic,1024,1,14336,0.025046834,572368,586104575,0.000000,0.000000
scalar/arithmetic,1024,2,14336,0.025047542,572352,586088008,0.000000,0.000000
scalar/arithmetic,1024,3,14336,0.025054875,572184,585916473,0.000000,0.000000
scalar/arithmetic,1024,4,14272,0.025024042,570332,584019480,0.000000,0.000000
scalar/arithmetic,1024,5,14304,0.025044958,571133,584840110,0.000000,0.000000
scalar/arithmetic,1024,6,14304,0.025038834,571273,584983151,0.000000,0.000000
scalar/nested,1024,0,14176,0.025000458,567030,580638323,0.000000,0.000000
scalar/nested,1024,1,14240,0.025053916,568374,582015203,0.000000,0.000000
scalar/nested,1024,2,14400,0.025036667,575156,588960184,0.000000,0.000000
scalar/nested,1024,3,14240,0.025000042,569599,583269420,0.000000,0.000000
scalar/nested,1024,4,14240,0.025055083,568348,581988094,0.000000,0.000000
scalar/nested,1024,5,14208,0.025039333,567427,581045509,0.000000,0.000000
scalar/nested,1024,6,14528,0.025053667,579875,593792198,0.000000,0.000000
scalar/comparison,1024,0,14592,0.025002208,583628,597635537,0.000000,0.000000
scalar/comparison,1024,1,14592,0.025012125,583397,597398582,0.000000,0.000000
scalar/comparison,1024,2,14592,0.025007000,583517,597521014,0.000000,0.000000
scalar/comparison,1024,3,14592,0.025014917,583332,597331904,0.000000,0.000000
scalar/comparison,1024,4,14592,0.025023625,583129,597124038,0.000000,0.000000
scalar/comparison,1024,5,14528,0.025009500,580899,594840840,0.000000,0.000000
scalar/comparison,1024,6,14592,0.025039875,582751,596736525,0.000000,0.000000
scalar/strings,1024,0,21504,0.025030208,859122,879740832,0.000000,0.000000
scalar/strings,1024,1,21472,0.025017084,858293,878892520,0.000000,0.000000
scalar/strings,1024,2,21568,0.025029250,861712,882392880,0.000000,0.000000
scalar/strings,1024,3,21504,0.025018708,859517,880145210,0.000000,0.000000
scalar/strings,1024,4,21248,0.025012916,849481,869868671,0.000000,0.000000
scalar/strings,1024,5,21344,0.025028041,852803,873270745,0.000000,0.000000
scalar/strings,1024,6,21280,0.025009500,850877,871297707,0.000000,0.000000
scalar/boolean,1024,0,14304,0.025027916,571522,585238339,0.000000,0.000000
scalar/boolean,1024,1,14400,0.025036458,575161,588965100,0.000000,0.000000
scalar/boolean,1024,2,14336,0.025030083,572751,586496817,0.000000,0.000000
scalar/boolean,1024,3,14368,0.025034584,573926,587700279,0.000000,0.000000
scalar/boolean,1024,4,14336,0.025040458,572513,586253814,0.000000,0.000000
scalar/boolean,1024,5,14368,0.025018583,574293,588076151,0.000000,0.000000
scalar/boolean,1024,6,14336,0.025028166,572795,586541739,0.000000,0.000000
scalar/missing,1024,0,14464,0.025036042,577727,591592553,0.000000,0.000000
scalar/missing,1024,1,14432,0.025013791,576962,590808806,0.000000,0.000000
scalar/missing,1024,2,14464,0.025042792,577571,591433096,0.000000,0.000000
scalar/missing,1024,3,14528,0.025042375,580137,594059948,0.000000,0.000000
scalar/missing,1024,4,14400,0.025000791,575982,589805339,0.000000,0.000000
scalar/missing,1024,5,14432,0.025051708,576088,589914588,0.000000,0.000000
scalar/missing,1024,6,14432,0.025006042,577141,590991889,0.000000,0.000000
scalar/short_circuit,1024,0,42912,0.025008875,1715871,1757051767,0.000000,0.000000
scalar/short_circuit,1024,1,44352,0.025017833,1772815,1815362985,0.000000,0.000000
scalar/short_circuit,1024,2,42912,0.025006041,1716065,1757250898,0.000000,0.000000
scalar/short_circuit,1024,3,43200,0.025001208,1727917,1769386503,0.000000,0.000000
scalar/short_circuit,1024,4,43296,0.025003208,1731618,1773176626,0.000000,0.000000
scalar/short_circuit,1024,5,43232,0.025001500,1729176,1770676479,0.000000,0.000000
scalar/short_circuit,1024,6,42848,0.025009000,1713303,1754422488,0.000000,0.000000
scalar/mixed,1024,0,35040,0.025021041,1400421,1434031462,0.000000,0.000000
scalar/mixed,1024,1,35296,0.025017333,1410862,1444722505,0.000000,0.000000
scalar/mixed,1024,2,35264,0.025001750,1410461,1444312338,0.000000,0.000000
scalar/mixed,1024,3,35616,0.025022958,1423333,1457492915,0.000000,0.000000
scalar/mixed,1024,4,34944,0.025002417,1397625,1431167875,0.000000,0.000000
scalar/mixed,1024,5,34848,0.025003208,1393741,1427190943,0.000000,0.000000
scalar/mixed,1024,6,34784,0.025008542,1390885,1424265997,0.000000,0.000000
scalar/write,1024,0,14048,0.025008458,561730,575211474,0.000000,0.000000
scalar/write,1024,1,14048,0.025046875,560868,574329213,0.000000,0.000000
scalar/write,1024,2,14496,0.025012334,579554,593463369,0.000000,0.000000
scalar/write,1024,3,14464,0.025003250,578485,592368432,0.000000,0.000000
scalar/write,1024,4,14304,0.025050459,571008,584711681,0.000000,0.000000
scalar/write,1024,5,14176,0.025051250,565880,579461065,0.000000,0.000000
scalar/write,1024,6,14112,0.025009416,564267,577809894,0.000000,0.000000
scalar/literal,10240,0,4768,0.025091708,190023,1945834855,0.000000,0.000000
scalar/literal,10240,1,4704,0.025073542,187608,1921107118,0.000000,0.000000
scalar/literal,10240,2,4704,0.025090916,187478,1919776863,0.000000,0.000000
scalar/literal,10240,3,4704,0.025096750,187435,1919330591,0.000000,0.000000
scalar/literal,10240,4,4704,0.025030500,187931,1924410619,0.000000,0.000000
scalar/literal,10240,5,4704,0.025069709,187637,1921400843,0.000000,0.000000
scalar/literal,10240,6,4704,0.025127041,187209,1917016811,0.000000,0.000000
scalar/arithmetic,10240,0,1600,0.025143875,63634,651609985,0.000000,0.000000
scalar/arithmetic,10240,1,1600,0.025093833,63761,652909422,0.000000,0.000000
scalar/arithmetic,10240,2,1600,0.025059708,63848,653798520,0.000000,0.000000
scalar/arithmetic,10240,3,1600,0.025122167,63689,652173039,0.000000,0.000000
scalar/arithmetic,10240,4,1600,0.025121333,63691,652194690,0.000000,0.000000
scalar/arithmetic,10240,5,1632,0.025136375,64926,664840495,0.000000,0.000000
scalar/arithmetic,10240,6,1600,0.025099750,63746,652755506,0.000000,0.000000
scalar/nested,10240,0,1600,0.025156833,63601,651274348,0.000000,0.000000
scalar/nested,10240,1,1600,0.025150750,63616,651431866,0.000000,0.000000
scalar/nested,10240,2,1600,0.025154583,63607,651332602,0.000000,0.000000
scalar/nested,10240,3,1600,0.025123292,63686,652143835,0.000000,0.000000
scalar/nested,10240,4,1600,0.025139875,63644,651713662,0.000000,0.000000
scalar/nested,10240,5,1600,0.025170667,63566,650916402,0.000000,0.000000
scalar/nested,10240,6,1600,0.025247333,63373,648939831,0.000000,0.000000
scalar/comparison,10240,0,1600,0.025023834,63939,654735801,0.000000,0.000000
scalar/comparison,10240,1,1600,0.025094750,63758,652885564,0.000000,0.000000
scalar/comparison,10240,2,1600,0.025133875,63659,651869240,0.000000,0.000000
scalar/comparison,10240,3,1600,0.025098208,63750,652795610,0.000000,0.000000
scalar/comparison,10240,4,1632,0.025431958,64171,657113385,0.000000,0.000000
scalar/comparison,10240,5,1600,0.025066125,63831,653631146,0.000000,0.000000
scalar/comparison,10240,6,1600,0.025065833,63832,653638760,0.000000,0.000000
scalar/strings,10240,0,2400,0.025281042,94933,972111830,0.000000,0.000000
scalar/strings,10240,1,2400,0.025258209,95019,972990603,0.000000,0.000000
scalar/strings,10240,2,2400,0.025214292,95184,974685309,0.000000,0.000000
scalar/strings,10240,3,2400,0.025241708,95081,973626666,0.000000,0.000000
scalar/strings,10240,4,2400,0.025253041,95038,973189724,0.000000,0.000000
scalar/strings,10240,5,2400,0.025255209,95030,973106182,0.000000,0.000000
scalar/strings,10240,6,2400,0.025212959,95189,974736841,0.000000,0.000000
scalar/boolean,10240,0,1600,0.025099959,63745,652750070,0.000000,0.000000
scalar/boolean,10240,1,1600,0.025124833,63682,652103837,0.000000,0.000000
scalar/boolean,10240,2,1600,0.025121708,63690,652184955,0.000000,0.000000
scalar/boolean,10240,3,1632,0.025160083,64865,664214025,0.000000,0.000000
scalar/boolean,10240,4,1632,0.025481875,64046,655826151,0.000000,0.000000
scalar/boolean,10240,5,1600,0.025084209,63785,653159922,0.000000,0.000000
scalar/boolean,10240,6,1632,0.025111584,64990,665496848,0.000000,0.000000
scalar/missing,10240,0,1600,0.025011583,63970,655056499,0.000000,0.000000
scalar/missing,10240,1,1632,0.025428084,64181,657213497,0.000000,0.000000
scalar/missing,10240,2,1664,0.025368042,65594,671686053,0.000000,0.000000
scalar/missing,10240,3,1600,0.025105208,63732,652613593,0.000000,0.000000
scalar/missing,10240,4,1600,0.025038958,63900,654340328,0.000000,0.000000
scalar/missing,10240,5,1600,0.025076208,63806,653368324,0.000000,0.000000
scalar/missing,10240,6,1600,0.025113709,63710,652392683,0.000000,0.000000
scalar/short_circuit,10240,0,4704,0.025126917,187210,1917026271,0.000000,0.000000
scalar/short_circuit,10240,1,4704,0.025125709,187219,1917118438,0.000000,0.000000
scalar/short_circuit,10240,2,4704,0.025102459,187392,1918894081,0.000000,0.000000
scalar/short_circuit,10240,3,4704,0.025098459,187422,1919199900,0.000000,0.000000
scalar/short_circuit,10240,4,4704,0.025167500,186908,1913935035,0.000000,0.000000
scalar/short_circuit,10240,5,4736,0.025033167,189189,1937295429,0.000000,0.000000
scalar/short_circuit,10240,6,4704,0.025138375,187124,1916152496,0.000000,0.000000
scalar/mixed,10240,0,4576,0.025129750,182095,1864652056,0.000000,0.000000
scalar/mixed,10240,1,4576,0.025140333,182018,1863867117,0.000000,0.000000
scalar/mixed,10240,2,4576,0.025137000,182042,1864114254,0.000000,0.000000
scalar/mixed,10240,3,4608,0.025015542,184205,1886264147,0.000000,0.000000
scalar/mixed,10240,4,4672,0.025150709,185760,1902184149,0.000000,0.000000
scalar/mixed,10240,5,4576,0.025107625,182255,1866295199,0.000000,0.000000
scalar/mixed,10240,6,4576,0.025089750,182385,1867624827,0.000000,0.000000
scalar/write,10240,0,1600,0.025210333,63466,649892249,0.000000,0.000000
scalar/write,10240,1,1632,0.025117500,64975,665340102,0.000000,0.000000
scalar/write,10240,2,1600,0.025168375,63572,650975679,0.000000,0.000000
scalar/write,10240,3,1600,0.025153291,63610,651366058,0.000000,0.000000
scalar/write,10240,4,1600,0.025216750,63450,649726868,0.000000,0.000000
scalar/write,10240,5,1600,0.025203291,63484,650073834,0.000000,0.000000
scalar/write,10240,6,1600,0.025182125,63537,650620232,0.000000,0.000000
scalar/literal,65536,0,768,0.025965958,29577,1938370539,0.000000,0.000000
scalar/literal,65536,1,768,0.025948416,29597,1939680942,0.000000,0.000000
scalar/literal,65536,2,768,0.025981791,29559,1937189318,0.000000,0.000000
scalar/literal,65536,3,768,0.025940708,29606,1940257298,0.000000,0.000000
scalar/literal,65536,4,768,0.025964125,29579,1938507383,0.000000,0.000000
scalar/literal,65536,5,768,0.025997083,29542,1936049825,0.000000,0.000000
scalar/literal,65536,6,768,0.025957250,29587,1939020813,0.000000,0.000000
scalar/arithmetic,65536,0,256,0.025379791,10087,661046263,0.000000,0.000000
scalar/arithmetic,65536,1,288,0.028000291,10286,674077566,0.000000,0.000000
scalar/arithmetic,65536,2,256,0.025201791,10158,665715226,0.000000,0.000000
scalar/arithmetic,65536,3,256,0.025349791,10099,661828573,0.000000,0.000000
scalar/arithmetic,65536,4,256,0.025352875,10097,661748066,0.000000,0.000000
scalar/arithmetic,65536,5,256,0.025421917,10070,659950861,0.000000,0.000000
scalar/arithmetic,65536,6,256,0.025392125,10082,660725166,0.000000,0.000000
scalar/nested,65536,0,256,0.025347584,10100,661886198,0.000000,0.000000
scalar/nested,65536,1,256,0.025067625,10212,669278242,0.000000,0.000000
scalar/nested,65536,2,256,0.025267458,10132,663985115,0.000000,0.000000
scalar/nested,65536,3,256,0.025396750,10080,660604841,0.000000,0.000000
scalar/nested,65536,4,256,0.025356834,10096,661644746,0.000000,0.000000
scalar/nested,65536,5,256,0.025394375,10081,660666624,0.000000,0.000000
scalar/nested,65536,6,256,0.025422500,10070,659935726,0.000000,0.000000
scalar/comparison,65536,0,256,0.025181250,10166,666258268,0.000000,0.000000
scalar/comparison,65536,1,256,0.025322416,10110,662544048,0.000000,0.000000
scalar/comparison,65536,2,288,0.027747292,10379,680223785,0.000000,0.000000
scalar/comparison,65536,3,256,0.025139083,10183,667375815,0.000000,0.000000
scalar/comparison,65536,4,256,0.025336000,10104,662188822,0.000000,0.000000
scalar/comparison,65536,5,256,0.025401917,10078,660470468,0.000000,0.000000
scalar/comparison,65536,6,256,0.025381042,10086,661013681,0.000000,0.000000
scalar/strings,65536,0,384,0.025545417,15032,985140466,0.000000,0.000000
scalar/strings,65536,1,384,0.025566750,15020,984318461,0.000000,0.000000
scalar/strings,65536,2,384,0.025523541,15045,985984821,0.000000,0.000000
scalar/strings,65536,3,384,0.025525083,15044,985925256,0.000000,0.000000
scalar/strings,65536,4,384,0.025566167,15020,984340906,0.000000,0.000000
scalar/strings,65536,5,384,0.025574417,15015,984023370,0.000000,0.000000
scalar/strings,65536,6,384,0.025524667,15044,985941325,0.000000,0.000000
scalar/boolean,65536,0,256,0.025460500,10055,658950767,0.000000,0.000000
scalar/boolean,65536,1,288,0.027863417,10336,677388850,0.000000,0.000000
scalar/boolean,65536,2,256,0.025357167,10096,661636057,0.000000,0.000000
scalar/boolean,65536,3,256,0.025395708,10080,660631946,0.000000,0.000000
scalar/boolean,65536,4,256,0.025393750,10081,660682885,0.000000,0.000000
scalar/boolean,65536,5,256,0.025381000,10086,661014775,0.000000,0.000000
scalar/boolean,65536,6,256,0.025408792,10075,660291760,0.000000,0.000000
scalar/missing,65536,0,256,0.025431333,10066,659706512,0.000000,0.000000
scalar/missing,65536,1,256,0.025368583,10091,661338318,0.000000,0.000000
scalar/missing,65536,2,256,0.025371584,10090,661260093,0.000000,0.000000
scalar/missing,65536,3,256,0.025366000,10092,661405661,0.000000,0.000000
scalar/missing,65536,4,256,0.025455625,10057,659076962,0.000000,0.000000
scalar/missing,65536,5,256,0.025374541,10089,661183034,0.000000,0.000000
scalar/missing,65536,6,256,0.025389959,10083,660781532,0.000000,0.000000
scalar/short_circuit,65536,0,768,0.025201417,30474,1997175318,0.000000,0.000000
scalar/short_circuit,65536,1,768,0.025792250,29776,1951425254,0.000000,0.000000
scalar/short_circuit,65536,2,768,0.025967583,29575,1938249239,0.000000,0.000000
scalar/short_circuit,65536,3,768,0.025968084,29575,1938211845,0.000000,0.000000
scalar/short_circuit,65536,4,768,0.025936167,29611,1940597005,0.000000,0.000000
scalar/short_circuit,65536,5,768,0.025995334,29544,1936180085,0.000000,0.000000
scalar/short_circuit,65536,6,768,0.025985375,29555,1936922134,0.000000,0.000000
scalar/mixed,65536,0,768,0.026055500,29476,1931709159,0.000000,0.000000
scalar/mixed,65536,1,736,0.025157500,29256,1917300845,0.000000,0.000000
scalar/mixed,65536,2,768,0.026044542,29488,1932521908,0.000000,0.000000
scalar/mixed,65536,3,768,0.026005791,29532,1935401542,0.000000,0.000000
scalar/mixed,65536,4,768,0.025540625,30070,1970650601,0.000000,0.000000
scalar/mixed,65536,5,768,0.026001416,29537,1935727193,0.000000,0.000000
scalar/mixed,65536,6,768,0.026033833,29500,1933316850,0.000000,0.000000
scalar/write,65536,0,256,0.025389834,10083,660784785,0.000000,0.000000
scalar/write,65536,1,256,0.025397667,10080,660580990,0.000000,0.000000
scalar/write,65536,2,256,0.025370041,10091,661300311,0.000000,0.000000
scalar/write,65536,3,256,0.025443625,10061,659387803,0.000000,0.000000
scalar/write,65536,4,256,0.025400708,10078,660501904,0.000000,0.000000
scalar/write,65536,5,256,0.025377833,10088,661097265,0.000000,0.000000
scalar/write,65536,6,256,0.025391167,10082,660750095,0.000000,0.000000
scalar/literal,1048576,0,64,0.034514542,1854,1944364900,0.000000,0.000000
scalar/literal,1048576,1,64,0.034516959,1854,1944228749,0.000000,0.000000
scalar/literal,1048576,2,64,0.034555709,1852,1942048534,0.000000,0.000000
scalar/literal,1048576,3,64,0.034516333,1854,1944264010,0.000000,0.000000
scalar/literal,1048576,4,64,0.033670625,1901,1993098257,0.000000,0.000000
scalar/literal,1048576,5,64,0.034429583,1859,1949162846,0.000000,0.000000
scalar/literal,1048576,6,64,0.034473000,1857,1946707974,0.000000,0.000000
scalar/arithmetic,1048576,0,32,0.050690084,631,661952582,0.000000,0.000000
scalar/arithmetic,1048576,1,32,0.050606541,632,663045356,0.000000,0.000000
scalar/arithmetic,1048576,2,32,0.050095458,639,669809866,0.000000,0.000000
scalar/arithmetic,1048576,3,32,0.050555208,633,663718602,0.000000,0.000000
scalar/arithmetic,1048576,4,32,0.050670291,632,662211156,0.000000,0.000000
scalar/arithmetic,1048576,5,32,0.050605000,632,663065547,0.000000,0.000000
scalar/arithmetic,1048576,6,32,0.050138833,638,669230415,0.000000,0.000000
scalar/nested,1048576,0,32,0.050596209,632,663180753,0.000000,0.000000
scalar/nested,1048576,1,32,0.050670334,632,662210594,0.000000,0.000000
scalar/nested,1048576,2,32,0.050586333,633,663310226,0.000000,0.000000
scalar/nested,1048576,3,32,0.050648334,632,662498237,0.000000,0.000000
scalar/nested,1048576,4,32,0.050621042,632,662855419,0.000000,0.000000
scalar/nested,1048576,5,32,0.050677041,631,662122952,0.000000,0.000000
scalar/nested,1048576,6,32,0.050030208,640,670683440,0.000000,0.000000
scalar/comparison,1048576,0,32,0.050577416,633,663427171,0.000000,0.000000
scalar/comparison,1048576,1,32,0.050604792,632,663068272,0.000000,0.000000
scalar/comparison,1048576,2,32,0.050753875,630,661120594,0.000000,0.000000
scalar/comparison,1048576,3,32,0.050546250,633,663836229,0.000000,0.000000
scalar/comparison,1048576,4,32,0.050697375,631,661857384,0.000000,0.000000
scalar/comparison,1048576,5,32,0.050551792,633,663763453,0.000000,0.000000
scalar/comparison,1048576,6,32,0.050429542,635,665372531,0.000000,0.000000
scalar/strings,1048576,0,32,0.034057541,940,985227677,0.000000,0.000000
scalar/strings,1048576,1,32,0.034370583,931,976254374,0.000000,0.000000
scalar/strings,1048576,2,32,0.034137417,937,982922404,0.000000,0.000000
scalar/strings,1048576,3,32,0.033957541,942,988129029,0.000000,0.000000
scalar/strings,1048576,4,32,0.033976208,942,987586137,0.000000,0.000000
scalar/strings,1048576,5,32,0.033931791,943,988878895,0.000000,0.000000
scalar/strings,1048576,6,32,0.033910625,944,989496124,0.000000,0.000000
scalar/boolean,1048576,0,32,0.050671084,632,662200793,0.000000,0.000000
scalar/boolean,1048576,1,32,0.050648500,632,662496066,0.000000,0.000000
scalar/boolean,1048576,2,32,0.050639333,632,662615995,0.000000,0.000000
scalar/boolean,1048576,3,32,0.050628458,632,662758325,0.000000,0.000000
scalar/boolean,1048576,4,32,0.050642084,632,662580000,0.000000,0.000000
scalar/boolean,1048576,5,32,0.050080292,639,670012707,0.000000,0.000000
scalar/boolean,1048576,6,32,0.050457333,634,665006056,0.000000,0.000000
scalar/missing,1048576,0,32,0.050379000,635,666040056,0.000000,0.000000
scalar/missing,1048576,1,32,0.050694042,631,661900900,0.000000,0.000000
scalar/missing,1048576,2,32,0.050634375,632,662680876,0.000000,0.000000
scalar/missing,1048576,3,32,0.050686292,631,662002105,0.000000,0.000000
scalar/missing,1048576,4,32,0.050592958,632,663223368,0.000000,0.000000
scalar/missing,1048576,5,32,0.050612250,632,662970565,0.000000,0.000000
scalar/missing,1048576,6,32,0.049897833,641,672462710,0.000000,0.000000
scalar/short_circuit,1048576,0,64,0.034193292,1872,1962632437,0.000000,0.000000
scalar/short_circuit,1048576,1,64,0.034468917,1857,1946938571,0.000000,0.000000
scalar/short_circuit,1048576,2,64,0.034476334,1856,1946519720,0.000000,0.000000
scalar/short_circuit,1048576,3,64,0.034577292,1851,1940836315,0.000000,0.000000
scalar/short_circuit,1048576,4,64,0.034481083,1856,1946251630,0.000000,0.000000
scalar/short_circuit,1048576,5,64,0.034495750,1855,1945424117,0.000000,0.000000
scalar/short_circuit,1048576,6,64,0.034133750,1875,1966056000,0.000000,0.000000
scalar/mixed,1048576,0,64,0.034566709,1851,1941430525,0.000000,0.000000
scalar/mixed,1048576,1,64,0.034506875,1855,1944796914,0.000000,0.000000
scalar/mixed,1048576,2,64,0.034509250,1855,1944663069,0.000000,0.000000
scalar/mixed,1048576,3,64,0.034562875,1852,1941645884,0.000000,0.000000
scalar/mixed,1048576,4,64,0.034510542,1855,1944590265,0.000000,0.000000
scalar/mixed,1048576,5,64,0.034510375,1855,1944599675,0.000000,0.000000
scalar/mixed,1048576,6,64,0.034301667,1866,1956431564,0.000000,0.000000
scalar/write,1048576,0,32,0.050587417,633,663296013,0.000000,0.000000
scalar/write,1048576,1,32,0.050686583,631,661998304,0.000000,0.000000
scalar/write,1048576,2,32,0.050571334,633,663506958,0.000000,0.000000
scalar/write,1048576,3,32,0.050612667,632,662965103,0.000000,0.000000
scalar/write,1048576,4,32,0.050611458,632,662980940,0.000000,0.000000
scalar/write,1048576,5,32,0.050612625,632,662965653,0.000000,0.000000
scalar/write,1048576,6,32,0.049730625,643,674723714,0.000000,0.000000
scalar/sequence_boolean,330,0,13568,0.025007625,542555,179042992,0.000000,0.000000
scalar/sequence_boolean,330,1,13536,0.025001708,541403,178662994,0.000000,0.000000
scalar/sequence_boolean,330,2,13568,0.025015292,542388,178988117,0.000000,0.000000
scalar/sequence_boolean,330,3,13600,0.025037625,543183,179250228,0.000000,0.000000
scalar/sequence_boolean,330,4,13536,0.025036792,540644,178412634,0.000000,0.000000
scalar/sequence_boolean,330,5,13568,0.025033375,541996,178858823,0.000000,0.000000
scalar/sequence_boolean,330,6,13600,0.025017584,543618,179393822,0.000000,0.000000
scalar/sequence_array_equality,330,0,9600,0.025057500,383119,126429213,0.000000,0.000000
scalar/sequence_array_equality,330,1,9632,0.025066834,384253,126803409,0.000000,0.000000
scalar/sequence_array_equality,330,2,9568,0.025000584,382711,126294650,0.000000,0.000000
scalar/sequence_array_equality,330,3,9632,0.025044042,384602,126918810,0.000000,0.000000
scalar/sequence_array_equality,330,4,9632,0.025013125,385078,127075685,0.000000,0.000000
scalar/sequence_array_equality,330,5,9632,0.025037125,384709,126953873,0.000000,0.000000
scalar/sequence_array_equality,330,6,9632,0.025009750,385130,127092834,0.000000,0.000000
scalar/sequence_equality,330,0,7552,0.025101167,300863,99284627,3.000000,672.000000
scalar/sequence_equality,330,1,7456,0.025002042,298216,98411162,3.000000,672.000000
scalar/sequence_equality,330,2,7488,0.025097459,298357,98457776,3.000000,672.000000
scalar/sequence_equality,330,3,7488,0.025104167,298277,98431468,3.000000,672.000000
scalar/sequence_equality,330,4,7552,0.025096000,300924,99305069,3.000000,672.000000
scalar/sequence_equality,330,5,7552,0.025056959,301393,99459795,3.000000,672.000000
scalar/sequence_equality,330,6,7520,0.025037584,300348,99114994,3.000000,672.000000
scalar/array_equality,330,0,6688,0.025100250,266452,87929005,16.000000,3264.000000
scalar/array_equality,330,1,6720,0.025043958,268328,88548304,16.000000,3264.000000
scalar/array_equality,330,2,6752,0.025103584,268966,88758641,16.000000,3264.000000
scalar/array_equality,330,3,6752,0.025082167,269195,88834430,16.000000,3264.000000
scalar/array_equality,330,4,6752,0.025110542,268891,88734046,16.000000,3264.000000
scalar/array_equality,330,5,6752,0.025117667,268815,88708876,16.000000,3264.000000
scalar/array_equality,330,6,6752,0.025089500,269117,88808466,16.000000,3264.000000
scalar/singleton,15,0,200800,0.025003375,8030916,120463737,0.000000,0.000000
scalar/singleton,15,1,206496,0.025001166,8259455,123891822,0.000000,0.000000
scalar/singleton,15,2,206880,0.025000792,8274938,124124068,0.000000,0.000000
scalar/singleton,15,3,205696,0.025001584,8227319,123409781,0.000000,0.000000
scalar/singleton,15,4,207008,0.025001875,8279699,124195485,0.000000,0.000000
scalar/singleton,15,5,206752,0.025000666,8269860,124047895,0.000000,0.000000
scalar/singleton,15,6,208032,0.025001750,8320698,124810463,0.000000,0.000000
scalar/sequence_type_error,330,0,21664,0.025015750,866014,285784756,0.000000,0.000000
scalar/sequence_type_error,330,1,21568,0.025008542,862425,284600358,0.000000,0.000000
scalar/sequence_type_error,330,2,21632,0.025008458,864987,285445828,0.000000,0.000000
scalar/sequence_type_error,330,3,21632,0.025000667,865257,285534782,0.000000,0.000000
scalar/sequence_type_error,330,4,21856,0.025026708,873307,288191319,0.000000,0.000000
scalar/sequence_type_error,330,5,21728,0.025026208,868210,286509247,0.000000,0.000000
scalar/sequence_type_error,330,6,21824,0.025035542,871721,287667828,0.000000,0.000000
scalar/object_equality,125,0,17344,0.025034917,692792,86599049,3.000000,1396.000000
scalar/object_equality,125,1,17760,0.025021334,709794,88724286,3.000000,1396.000000
scalar/object_equality,125,2,17920,0.025038875,715687,89460888,3.000000,1396.000000
scalar/object_equality,125,3,17888,0.025000500,715506,89438211,3.000000,1396.000000
scalar/object_equality,125,4,17952,0.025044458,716805,89600661,3.000000,1396.000000
scalar/object_equality,125,5,17920,0.025035667,715779,89472352,3.000000,1396.000000
scalar/object_equality,125,6,18016,0.025047416,719276,89909474,3.000000,1396.000000
scalar/object_equality,2389,0,1088,0.025143041,43272,103377790,7.000000,24948.000000
scalar/object_equality,2389,1,1120,0.025424417,44052,105240565,7.000000,24948.000000
scalar/object_equality,2389,2,1120,0.025479667,43957,105012361,7.000000,24948.000000
scalar/object_equality,2389,3,1088,0.025159000,43245,103312214,7.000000,24948.000000
scalar/object_equality,2389,4,1088,0.025089083,43365,103600120,7.000000,24948.000000
scalar/object_equality,2389,5,1120,0.025510792,43903,104884239,7.000000,24948.000000
scalar/object_equality,2389,6,1120,0.025499125,43923,104932228,7.000000,24948.000000
scalar/escaped_strings,26,0,292928,0.025000250,11717003,304642074,0.000000,0.000000
scalar/escaped_strings,26,1,298048,0.025001709,11921105,309948732,0.000000,0.000000
scalar/escaped_strings,26,2,301248,0.025001250,12049318,313282256,0.000000,0.000000
scalar/escaped_strings,26,3,302144,0.025002583,12084511,314197297,0.000000,0.000000
scalar/escaped_strings,26,4,298464,0.025001375,11937903,310385489,0.000000,0.000000
scalar/escaped_strings,26,5,294496,0.025001333,11779212,306259510,0.000000,0.000000
scalar/escaped_strings,26,6,293888,0.025000917,11755089,305632309,0.000000,0.000000
compile/filter,0,0,23904,0.025004708,955980,0,34.000000,1997.000000
compile/filter,0,1,24032,0.025028958,960168,0,34.000000,1997.000000
compile/filter,0,2,23968,0.025021125,957911,0,34.000000,1997.000000
compile/filter,0,3,24096,0.025026875,962805,0,34.000000,1997.000000
compile/filter,0,4,24160,0.025025334,965422,0,34.000000,1997.000000
compile/filter,0,5,23808,0.025012458,951846,0,34.000000,1997.000000
compile/filter,0,6,23936,0.025021083,956633,0,34.000000,1997.000000
filter/predicate,100,0,51904,0.025003666,2075856,207585560,0.000000,0.000000
filter/predicate,100,1,51776,0.025012208,2070029,207002916,0.000000,0.000000
filter/predicate,100,2,51904,0.025007292,2075555,207555460,0.000000,0.000000
filter/predicate,100,3,52256,0.025004333,2089878,208987778,0.000000,0.000000
filter/predicate,100,4,52704,0.025006875,2107580,210758042,0.000000,0.000000
filter/predicate,100,5,52768,0.025008500,2110003,211000260,0.000000,0.000000
filter/predicate,100,6,52672,0.025000667,2106824,210682379,0.000000,0.000000
filter/none,100,0,60032,0.025003541,2400940,240093993,0.000000,0.000000
filter/none,100,1,60128,0.025003458,2404787,240478737,0.000000,0.000000
filter/none,100,2,60096,0.025012500,2402639,240263868,0.000000,0.000000
filter/none,100,3,60032,0.025012334,2400096,240009589,0.000000,0.000000
filter/none,100,4,60064,0.025012250,2401383,240138332,0.000000,0.000000
filter/none,100,5,60064,0.025011958,2401411,240141136,0.000000,0.000000
filter/none,100,6,59456,0.025012209,2377079,237707913,0.000000,0.000000
filter/first,100,0,74688,0.025002584,2987211,298721124,0.000000,0.000000
filter/first,100,1,74912,0.025005750,2995791,299579097,0.000000,0.000000
filter/first,100,2,74816,0.025000375,2992595,299259511,0.000000,0.000000
filter/first,100,3,75584,0.025001333,3023199,302319880,0.000000,0.000000
filter/first,100,4,75232,0.025003500,3008859,300885876,0.000000,0.000000
filter/first,100,5,75712,0.025000667,3028399,302839920,0.000000,0.000000
filter/first,100,6,76064,0.025002334,3042276,304227597,0.000000,0.000000
filter/last,100,0,64736,0.025005208,2588901,258890068,0.000000,0.000000
filter/last,100,1,63264,0.025002875,2530269,253026902,0.000000,0.000000
filter/last,100,2,63616,0.025000708,2544568,254456794,0.000000,0.000000
filter/last,100,3,63776,0.025010042,2550016,255001571,0.000000,0.000000
filter/last,100,4,63840,0.025011625,2552413,255241313,0.000000,0.000000
filter/last,100,5,63840,0.025012125,2552362,255236210,0.000000,0.000000
filter/last,100,6,63904,0.025009250,2555215,255521457,0.000000,0.000000
filter/computed_last,100,0,55552,0.025001791,2221921,222192082,0.000000,0.000000
filter/computed_last,100,1,56320,0.025012250,2251697,225169667,0.000000,0.000000
filter/computed_last,100,2,56448,0.025007625,2257232,225723154,0.000000,0.000000
filter/computed_last,100,3,56160,0.025002000,2246220,224622030,0.000000,0.000000
filter/computed_last,100,4,56128,0.025000542,2245071,224507133,0.000000,0.000000
filter/computed_last,100,5,56160,0.025001166,2246295,224629523,0.000000,0.000000
filter/computed_last,100,6,56064,0.025011208,2241555,224155507,0.000000,0.000000
filter/chained,100,0,39456,0.025004084,1577982,157798222,0.000000,0.000000
filter/chained,100,1,39744,0.025000792,1589710,158970964,0.000000,0.000000
filter/chained,100,2,39712,0.025014459,1587562,158756182,0.000000,0.000000
filter/chained,100,3,39744,0.025016666,1588701,158870091,0.000000,0.000000
filter/chained,100,4,39744,0.025006291,1589360,158936005,0.000000,0.000000
filter/chained,100,5,39904,0.025008042,1595647,159564671,0.000000,0.000000
filter/chained,100,6,39872,0.025001583,1594779,159477902,0.000000,0.000000
filter/predicate,500,0,27776,0.025015541,1110350,555174881,0.000000,0.000000
filter/predicate,500,1,27712,0.025016541,1107747,553873535,0.000000,0.000000
filter/predicate,500,2,27712,0.025019458,1107618,553808959,0.000000,0.000000
filter/predicate,500,3,27776,0.025016917,1110289,555144345,0.000000,0.000000
filter/predicate,500,4,27776,0.025005875,1110779,555389483,0.000000,0.000000
filter/predicate,500,5,27712,0.025000458,1108460,554229847,0.000000,0.000000
filter/predicate,500,6,27648,0.025003417,1105769,552884432,0.000000,0.000000
filter/none,500,0,29856,0.025008750,1193822,596911081,0.000000,0.000000
filter/none,500,1,29824,0.025020708,1191973,595986333,0.000000,0.000000
filter/none,500,2,29984,0.025019583,1198421,599210626,0.000000,0.000000
filter/none,500,3,29984,0.025021958,1198308,599153751,0.000000,0.000000
filter/none,500,4,29792,0.025009875,1191209,595604736,0.000000,0.000000
filter/none,500,5,29792,0.025031209,1190194,595097105,0.000000,0.000000
filter/none,500,6,29824,0.025011083,1192431,596215686,0.000000,0.000000
filter/first,500,0,33184,0.025022417,1326171,663085425,0.000000,0.000000
filter/first,500,1,33152,0.025012458,1325420,662709758,0.000000,0.000000
filter/first,500,2,33184,0.025021000,1326246,663122977,0.000000,0.000000
filter/first,500,3,33120,0.025013583,1324081,662040300,0.000000,0.000000
filter/first,500,4,33152,0.025009083,1325598,662799192,0.000000,0.000000
filter/first,500,5,33248,0.025000375,1329900,664950026,0.000000,0.000000
filter/first,500,6,33120,0.025019708,1323756,661878228,0.000000,0.000000
filter/last,500,0,30432,0.025017500,1216429,608214250,0.000000,0.000000
filter/last,500,1,30848,0.025004666,1233690,616844872,0.000000,0.000000
filter/last,500,2,30752,0.025014084,1229387,614693706,0.000000,0.000000
filter/last,500,3,31232,0.025014250,1248568,624284158,0.000000,0.000000
filter/last,500,4,31232,0.025011084,1248726,624363182,0.000000,0.000000
filter/last,500,5,30720,0.025007250,1228444,614221876,0.000000,0.000000
filter/last,500,6,30848,0.025025417,1232667,616333386,0.000000,0.000000
filter/computed_last,500,0,28736,0.025014917,1148755,574377281,0.000000,0.000000
filter/computed_last,500,1,28832,0.025002042,1153186,576592904,0.000000,0.000000
filter/computed_last,500,2,28864,0.025009125,1154139,577069370,0.000000,0.000000
filter/computed_last,500,3,28928,0.025001958,1157029,578514691,0.000000,0.000000
filter/computed_last,500,4,28864,0.025018750,1153695,576847364,0.000000,0.000000
filter/computed_last,500,5,28896,0.025023750,1154743,577371497,0.000000,0.000000
filter/computed_last,500,6,28864,0.025015875,1153827,576913660,0.000000,0.000000
filter/chained,500,0,23712,0.025013125,947982,473991155,0.000000,0.000000
filter/chained,500,1,23680,0.025029125,946098,473048898,0.000000,0.000000
filter/chained,500,2,23648,0.025005375,945717,472858335,0.000000,0.000000
filter/chained,500,3,23776,0.025033542,949766,474882859,0.000000,0.000000
filter/chained,500,4,23456,0.025009667,937877,468938671,0.000000,0.000000
filter/chained,500,5,23520,0.025020084,940045,470022403,0.000000,0.000000
filter/chained,500,6,23584,0.025028791,942275,471137419,0.000000,0.000000
filter/predicate,1024,0,17504,0.025017041,699683,716475462,0.000000,0.000000
filter/predicate,1024,1,17504,0.025024333,699479,716266683,0.000000,0.000000
filter/predicate,1024,2,17600,0.025020584,703421,720302931,0.000000,0.000000
filter/predicate,1024,3,17440,0.025023458,696946,713672747,0.000000,0.000000
filter/predicate,1024,4,17440,0.025012209,697259,713993714,0.000000,0.000000
filter/predicate,1024,5,17440,0.025037125,696566,713283174,0.000000,0.000000
filter/predicate,1024,6,17440,0.025000750,697579,714320970,0.000000,0.000000
filter/none,1024,0,18272,0.025002542,730806,748345028,0.000000,0.000000
filter/none,1024,1,18336,0.025006917,733237,750834819,0.000000,0.000000
filter/none,1024,2,18304,0.025037250,731071,748616402,0.000000,0.000000
filter/none,1024,3,18304,0.025034917,731139,748686165,0.000000,0.000000
filter/none,1024,4,18304,0.025042292,730924,748465676,0.000000,0.000000
filter/none,1024,5,18336,0.025024667,732717,750302252,0.000000,0.000000
filter/none,1024,6,18624,0.025000959,744931,762809779,0.000000,0.000000
filter/first,1024,0,19680,0.025016833,786670,805550407,0.000000,0.000000
filter/first,1024,1,19488,0.025035208,778424,797105900,0.000000,0.000000
filter/first,1024,2,19456,0.025036333,777111,795761264,0.000000,0.000000
filter/first,1024,3,19456,0.025022167,777551,796211775,0.000000,0.000000
filter/first,1024,4,19456,0.025034375,777171,795823503,0.000000,0.000000
filter/first,1024,5,19488,0.025017333,778980,797675436,0.000000,0.000000
filter/first,1024,6,19488,0.025026625,778691,797379271,0.000000,0.000000
filter/last,1024,0,18496,0.025030167,738948,756683086,0.000000,0.000000
filter/last,1024,1,18656,0.025013333,745842,763742441,0.000000,0.000000
filter/last,1024,2,18912,0.025015250,756019,774163280,0.000000,0.000000
filter/last,1024,3,18560,0.025014250,741977,759784523,0.000000,0.000000
filter/last,1024,4,18496,0.025032917,738867,756599960,0.000000,0.000000
filter/last,1024,5,18528,0.025021333,740488,758259842,0.000000,0.000000
filter/last,1024,6,18400,0.025043083,734734,752367430,0.000000,0.000000
filter/computed_last,1024,0,17856,0.025038833,713132,730247452,0.000000,0.000000
filter/computed_last,1024,1,17824,0.025008042,712731,729836266,0.000000,0.000000
filter/computed_last,1024,2,17856,0.025038750,713135,730249873,0.000000,0.000000
filter/computed_last,1024,3,17696,0.025010000,707557,724538345,0.000000,0.000000
filter/computed_last,1024,4,17856,0.025003208,714148,731287921,0.000000,0.000000
filter/computed_last,1024,5,17792,0.025023042,711025,728089255,0.000000,0.000000
filter/computed_last,1024,6,17856,0.025017625,713737,730866499,0.000000,0.000000
filter/chained,1024,0,15808,0.025038375,631351,646503297,0.000000,0.000000
filter/chained,1024,1,15776,0.025015500,630649,645784574,0.000000,0.000000
filter/chained,1024,2,15808,0.025001917,632272,647446034,0.000000,0.000000
filter/chained,1024,3,15776,0.025010250,630781,645920133,0.000000,0.000000
filter/chained,1024,4,15712,0.025042500,627413,642471319,0.000000,0.000000
filter/chained,1024,5,15712,0.025015792,628083,643157250,0.000000,0.000000
filter/chained,1024,6,16032,0.025032083,640458,655829081,0.000000,0.000000
filter/predicate,10240,0,2336,0.025233916,92574,947955918,0.000000,0.000000
filter/predicate,10240,1,2336,0.025214833,92644,948673346,0.000000,0.000000
filter/predicate,10240,2,2336,0.025168833,92813,950407196,0.000000,0.000000
filter/predicate,10240,3,2336,0.025187750,92743,949693403,0.000000,0.000000
filter/predicate,10240,4,2400,0.025330500,94747,970213774,0.000000,0.000000
filter/predicate,10240,5,2336,0.025217375,92635,948577717,0.000000,0.000000
filter/predicate,10240,6,2336,0.025168959,92813,950402438,0.000000,0.000000
filter/none,10240,0,2336,0.025024166,93350,955901587,0.000000,0.000000
filter/none,10240,1,2368,0.025255750,93761,960110866,0.000000,0.000000
filter/none,10240,2,2336,0.025075583,93158,953941529,0.000000,0.000000
filter/none,10240,3,2336,0.025026750,93340,955802891,0.000000,0.000000
filter/none,10240,4,2336,0.025039791,93292,955305098,0.000000,0.000000
filter/none,10240,5,2368,0.025247917,93790,960408734,0.000000,0.000000
filter/none,10240,6,2336,0.025046375,93267,955053975,0.000000,0.000000
filter/first,10240,0,2368,0.025165125,94098,963568431,0.000000,0.000000
filter/first,10240,1,2368,0.025207667,93940,961942254,0.000000,0.000000
filter/first,10240,2,2368,0.025215416,93911,961646637,0.000000,0.000000
filter/first,10240,3,2368,0.025185916,94021,962773004,0.000000,0.000000
filter/first,10240,4,2368,0.025181042,94039,962959356,0.000000,0.000000
filter/first,10240,5,2368,0.025180625,94041,962975303,0.000000,0.000000
filter/first,10240,6,2368,0.025189958,94006,962618516,0.000000,0.000000
filter/last,10240,0,2336,0.025157417,92855,950838474,0.000000,0.000000
filter/last,10240,1,2368,0.025326542,93499,957427192,0.000000,0.000000
filter/last,10240,2,2368,0.025307500,93569,958147585,0.000000,0.000000
filter/last,10240,3,2368,0.025055125,94512,967798804,0.000000,0.000000
filter/last,10240,4,2368,0.025308459,93566,958111278,0.000000,0.000000
filter/last,10240,5,2336,0.025017750,93374,956146736,0.000000,0.000000
filter/last,10240,6,2368,0.025279917,93671,959193023,0.000000,0.000000
filter/computed_last,10240,0,2336,0.025129292,92959,951902664,0.000000,0.000000
filter/computed_last,10240,1,2336,0.025140166,92919,951490933,0.000000,0.000000
filter/computed_last,10240,2,2336,0.025142542,92910,951401016,0.000000,0.000000
filter/computed_last,10240,3,2336,0.025081625,93136,953711731,0.000000,0.000000
filter/computed_last,10240,4,2336,0.025196541,92711,949362057,0.000000,0.000000
filter/computed_last,10240,5,2336,0.025152458,92874,951025939,0.000000,0.000000
filter/computed_last,10240,6,2336,0.025136875,92931,951615505,0.000000,0.000000
filter/chained,10240,0,2336,0.025242291,92543,947641401,0.000000,0.000000
filter/chained,10240,1,2304,0.025248958,91251,934413214,0.000000,0.000000
filter/chained,10240,2,2304,0.025196417,91442,936361706,0.000000,0.000000
filter/chained,10240,3,2304,0.025179166,91504,937003235,0.000000,0.000000
filter/chained,10240,4,2304,0.025219250,91359,935513943,0.000000,0.000000
filter/chained,10240,5,2304,0.025178292,91507,937035761,0.000000,0.000000
filter/chained,10240,6,2304,0.025222666,91346,935387243,0.000000,0.000000
filter/predicate,65536,0,384,0.025638500,14977,981563820,0.000000,0.000000
filter/predicate,65536,1,384,0.025703375,14940,979086365,0.000000,0.000000
filter/predicate,65536,2,384,0.025793083,14888,975681116,0.000000,0.000000
filter/predicate,65536,3,384,0.025185083,15247,999235301,0.000000,0.000000
filter/predicate,65536,4,384,0.025481167,15070,987624468,0.000000,0.000000
filter/predicate,65536,5,384,0.025658000,14966,980817835,0.000000,0.000000
filter/predicate,65536,6,384,0.025656209,14967,980886303,0.000000,0.000000
filter/none,65536,0,384,0.025595875,15002,983198426,0.000000,0.000000
filter/none,65536,1,384,0.025639792,14977,981514359,0.000000,0.000000
filter/none,65536,2,384,0.025638959,14977,981546248,0.000000,0.000000
filter/none,65536,3,384,0.025644667,14974,981327775,0.000000,0.000000
filter/none,65536,4,384,0.025617625,14990,982363666,0.000000,0.000000
filter/none,65536,5,384,0.025574959,15015,984002516,0.000000,0.000000
filter/none,65536,6,384,0.025669334,14959,980384766,0.000000,0.000000
filter/first,65536,0,384,0.025549875,15029,984968576,0.000000,0.000000
filter/first,65536,1,384,0.025598459,15001,983099178,0.000000,0.000000
filter/first,65536,2,384,0.025616542,14990,982405197,0.000000,0.000000
filter/first,65536,3,384,0.025599625,15000,983054400,0.000000,0.000000
filter/first,65536,4,384,0.025619417,14989,982294952,0.000000,0.000000
filter/first,65536,5,384,0.025528083,15042,985809393,0.000000,0.000000
filter/first,65536,6,384,0.025380542,15130,991540055,0.000000,0.000000
filter/last,65536,0,384,0.025183167,15248,999311326,0.000000,0.000000
filter/last,65536,1,384,0.025517416,15049,986221489,0.000000,0.000000
filter/last,65536,2,384,0.025562666,15022,984475719,0.000000,0.000000
filter/last,65536,3,384,0.025562875,15022,984467670,0.000000,0.000000
filter/last,65536,4,384,0.025615208,14991,982456360,0.000000,0.000000
filter/last,65536,5,384,0.025581125,15011,983765335,0.000000,0.000000
filter/last,65536,6,384,0.025627459,14984,981986704,0.000000,0.000000
filter/computed_last,65536,0,384,0.025653458,14969,980991491,0.000000,0.000000
filter/computed_last,65536,1,384,0.025665875,14962,980516893,0.000000,0.000000
filter/computed_last,65536,2,384,0.025600375,15000,983025600,0.000000,0.000000
filter/computed_last,65536,3,384,0.025614125,14992,982497899,0.000000,0.000000
filter/computed_last,65536,4,384,0.025684875,14950,979791570,0.000000,0.000000
filter/computed_last,65536,5,384,0.025630958,14982,981852649,0.000000,0.000000
filter/computed_last,65536,6,384,0.025053292,15327,1004491705,0.000000,0.000000
filter/chained,65536,0,384,0.025597916,15001,983120032,0.000000,0.000000
filter/chained,65536,1,384,0.025745292,14915,977492273,0.000000,0.000000
filter/chained,65536,2,384,0.025744708,14916,977514447,0.000000,0.000000
filter/chained,65536,3,384,0.025735958,14921,977846793,0.000000,0.000000
filter/chained,65536,4,384,0.025697792,14943,979299078,0.000000,0.000000
filter/chained,65536,5,384,0.025736000,14921,977845197,0.000000,0.000000
filter/chained,65536,6,384,0.025718125,14931,978524834,0.000000,0.000000
filter/predicate,1048576,0,32,0.033742000,948,994441112,0.000000,0.000000
filter/predicate,1048576,1,32,0.033936625,943,988738037,0.000000,0.000000
filter/predicate,1048576,2,32,0.033956584,942,988156877,0.000000,0.000000
filter/predicate,1048576,3,32,0.033975833,942,987597037,0.000000,0.000000
filter/predicate,1048576,4,32,0.034004875,941,986753576,0.000000,0.000000
filter/predicate,1048576,5,32,0.033976916,942,987565558,0.000000,0.000000
filter/predicate,1048576,6,32,0.033941250,943,988603307,0.000000,0.000000
filter/none,1048576,0,32,0.033936250,943,988748963,0.000000,0.000000
filter/none,1048576,1,32,0.034007458,941,986678628,0.000000,0.000000
filter/none,1048576,2,32,0.033930625,943,988912877,0.000000,0.000000
filter/none,1048576,3,32,0.033910792,944,989491251,0.000000,0.000000
filter/none,1048576,4,32,0.033340083,960,1006429168,0.000000,0.000000
filter/none,1048576,5,32,0.033913083,944,989424406,0.000000,0.000000
filter/none,1048576,6,32,0.033952167,943,988285431,0.000000,0.000000
filter/first,1048576,0,32,0.033924375,943,989095068,0.000000,0.000000
filter/first,1048576,1,32,0.033669834,950,996572540,0.000000,0.000000
filter/first,1048576,2,32,0.033889833,944,990103197,0.000000,0.000000
filter/first,1048576,3,32,0.033936417,943,988744098,0.000000,0.000000
filter/first,1048576,4,32,0.033964958,942,987913249,0.000000,0.000000
filter/first,1048576,5,32,0.033984875,942,987334277,0.000000,0.000000
filter/first,1048576,6,32,0.033950667,943,988329095,0.000000,0.000000
filter/last,1048576,0,32,0.033936833,943,988731977,0.000000,0.000000
filter/last,1048576,1,32,0.033937667,943,988707680,0.000000,0.000000
filter/last,1048576,2,32,0.033528667,954,1000768447,0.000000,0.000000
filter/last,1048576,3,32,0.033957709,942,988124140,0.000000,0.000000
filter/last,1048576,4,32,0.033560208,954,999827891,0.000000,0.000000
filter/last,1048576,5,32,0.033944792,943,988500150,0.000000,0.000000
filter/last,1048576,6,32,0.033931666,943,988882538,0.000000,0.000000
filter/computed_last,1048576,0,32,0.033928541,943,988973620,0.000000,0.000000
filter/computed_last,1048576,1,32,0.033938333,943,988688278,0.000000,0.000000
filter/computed_last,1048576,2,32,0.033988500,941,987228975,0.000000,0.000000
filter/computed_last,1048576,3,32,0.033913333,944,989417112,0.000000,0.000000
filter/computed_last,1048576,4,32,0.033942083,943,988579045,0.000000,0.000000
filter/computed_last,1048576,5,32,0.033937208,943,988721052,0.000000,0.000000
filter/computed_last,1048576,6,32,0.033927459,943,989005160,0.000000,0.000000
filter/chained,1048576,0,32,0.033839625,946,991572217,0.000000,0.000000
filter/chained,1048576,1,32,0.033725542,949,994926397,0.000000,0.000000
filter/chained,1048576,2,32,0.033804958,947,992589075,0.000000,0.000000
filter/chained,1048576,3,32,0.033919958,943,989223866,0.000000,0.000000
filter/chained,1048576,4,32,0.033083208,967,1014243601,0.000000,0.000000
filter/chained,1048576,5,32,0.033956792,942,988150824,0.000000,0.000000
filter/chained,1048576,6,32,0.033931958,943,988874028,0.000000,0.000000
filter/wide_predicate,164,0,16192,0.025032833,646831,106080203,0.000000,0.000000
filter/wide_predicate,164,1,16352,0.025019042,653582,107187477,0.000000,0.000000
filter/wide_predicate,164,2,16352,0.025026750,653381,107154465,0.000000,0.000000
filter/wide_predicate,164,3,16384,0.025039542,654325,107309311,0.000000,0.000000
filter/wide_predicate,164,4,16384,0.025025167,654701,107370952,0.000000,0.000000
filter/wide_predicate,164,5,16384,0.025043875,654212,107290745,0.000000,0.000000
filter/wide_predicate,164,6,16480,0.025043125,658065,107922633,0.000000,0.000000
filter/wide_last,164,0,27776,0.025009042,1110638,182144682,0.000000,0.000000
filter/wide_last,164,1,27968,0.025010291,1118260,183394587,0.000000,0.000000
filter/wide_last,164,2,27968,0.025027333,1117498,183269708,0.000000,0.000000
filter/wide_last,164,3,28160,0.025016458,1125659,184608069,0.000000,0.000000
filter/wide_last,164,4,28000,0.025010750,1119519,183601052,0.000000,0.000000
filter/wide_last,164,5,28096,0.025014917,1123170,184199852,0.000000,0.000000
filter/wide_last,164,6,27872,0.025004291,1114689,182808943,0.000000,0.000000
filter/sequence_last,164,0,14880,0.025051792,593969,97410996,0.000000,0.000000
filter/sequence_last,164,1,14944,0.025016083,597376,97969614,0.000000,0.000000
filter/sequence_last,164,2,14720,0.025019542,588340,96487777,0.000000,0.000000
filter/sequence_last,164,3,14720,0.025011834,588521,96517512,0.000000,0.000000
filter/sequence_last,164,4,14816,0.025005750,592504,97170611,0.000000,0.000000
filter/sequence_last,164,5,14880,0.025018417,594762,97540944,0.000000,0.000000
filter/sequence_last,164,6,15008,0.025010709,600063,98410325,0.000000,0.000000
filter/wide_predicate,2736,0,1056,0.025577000,41287,112961489,0.000000,0.000000
filter/wide_predicate,2736,1,1056,0.025726667,41047,112304326,0.000000,0.000000
filter/wide_predicate,2736,2,1056,0.025685708,41112,112483409,0.000000,0.000000
filter/wide_predicate,2736,3,1056,0.025525875,41370,113187736,0.000000,0.000000
filter/wide_predicate,2736,4,1056,0.025569250,41300,112995727,0.000000,0.000000
filter/wide_predicate,2736,5,1056,0.025433000,41521,113601069,0.000000,0.000000
filter/wide_predicate,2736,6,1056,0.025349792,41657,113973953,0.000000,0.000000
filter/wide_last,2736,0,2048,0.025161625,81394,222693407,0.000000,0.000000
filter/wide_last,2736,1,2048,0.025139125,81467,222892722,0.000000,0.000000
filter/wide_last,2736,2,2080,0.025370958,81984,224306863,0.000000,0.000000
filter/wide_last,2736,3,2048,0.025115208,81544,223104981,0.000000,0.000000
filter/wide_last,2736,4,2048,0.025146625,81442,222826244,0.000000,0.000000
filter/wide_last,2736,5,2048,0.025070333,81690,223504331,0.000000,0.000000
filter/wide_last,2736,6,2112,0.025311875,83439,228289370,0.000000,0.000000
filter/sequence_last,2736,0,1120,0.025180833,44478,121692559,0.000000,0.000000
filter/sequence_last,2736,1,1120,0.025274333,44314,121242369,0.000000,0.000000
filter/sequence_last,2736,2,1120,0.025209667,44427,121553371,0.000000,0.000000
filter/sequence_last,2736,3,1120,0.025250959,44355,121354599,0.000000,0.000000
filter/sequence_last,2736,4,1120,0.025209708,44427,121553173,0.000000,0.000000
filter/sequence_last,2736,5,1120,0.025290833,44285,121163269,0.000000,0.000000
filter/sequence_last,2736,6,1120,0.025201875,44441,121590953,0.000000,0.000000
filter/wide_predicate,23392,0,128,0.025618500,4996,116875539,0.000000,0.000000
filter/wide_predicate,23392,1,128,0.025683167,4984,116581261,0.000000,0.000000
filter/wide_predicate,23392,2,128,0.025781625,4965,116136047,0.000000,0.000000
filter/wide_predicate,23392,3,128,0.025514625,5017,117351362,0.000000,0.000000
filter/wide_predicate,23392,4,128,0.025463333,5027,117587749,0.000000,0.000000
filter/wide_predicate,23392,5,128,0.025214625,5076,118747592,0.000000,0.000000
filter/wide_predicate,23392,6,128,0.025176291,5084,118928400,0.000000,0.000000
filter/wide_last,23392,0,288,0.027605792,10433,244039222,0.000000,0.000000
filter/wide_last,23392,1,256,0.025033792,10226,239210744,0.000000,0.000000
filter/wide_last,23392,2,256,0.025273667,10129,236940370,0.000000,0.000000
filter/wide_last,23392,3,256,0.025253125,10137,237133107,0.000000,0.000000
filter/wide_last,23392,4,256,0.025252292,10138,237140930,0.000000,0.000000
filter/wide_last,23392,5,256,0.025304792,10117,236648932,0.000000,0.000000
filter/wide_last,23392,6,256,0.025289625,10123,236790858,0.000000,0.000000
filter/sequence_last,23392,0,160,0.028830958,5550,129816012,0.000000,0.000000
filter/sequence_last,23392,1,160,0.028583417,5598,130940258,0.000000,0.000000
filter/sequence_last,23392,2,160,0.028504666,5613,131302012,0.000000,0.000000
filter/sequence_last,23392,3,160,0.028501917,5614,131314676,0.000000,0.000000
filter/sequence_last,23392,4,160,0.028441750,5626,131592465,0.000000,0.000000
filter/sequence_last,23392,5,160,0.028585250,5597,130931862,0.000000,0.000000
filter/sequence_last,23392,6,160,0.028473458,5619,131445924,0.000000,0.000000
filter/nested,892,0,1952,0.025244958,77322,68971555,0.000000,0.000000
filter/nested,892,1,1952,0.025314166,77111,68782989,0.000000,0.000000
filter/nested,892,2,1952,0.025186667,77501,69131180,0.000000,0.000000
filter/nested,892,3,1952,0.025169167,77555,69179246,0.000000,0.000000
filter/nested,892,4,1952,0.025209833,77430,69067653,0.000000,0.000000
filter/nested,892,5,1952,0.025153542,77603,69222219,0.000000,0.000000
filter/nested,892,6,1952,0.025125458,77690,69299592,0.000000,0.000000
filter/per_group,892,0,2752,0.025281542,108854,97097875,0.000000,0.000000
filter/per_group,892,1,2752,0.025224250,109101,97318414,0.000000,0.000000
filter/per_group,892,2,2752,0.025181375,109287,97484113,0.000000,0.000000
filter/per_group,892,3,2752,0.025254417,108971,97202165,0.000000,0.000000
filter/per_group,892,4,2720,0.025032209,108660,96924726,0.000000,0.000000
filter/per_group,892,5,2688,0.025010458,107475,95867737,0.000000,0.000000
filter/per_group,892,6,2720,0.025169292,108068,96396832,0.000000,0.000000
filter/global,892,0,4000,0.025086000,159451,142230726,0.000000,0.000000
filter/global,892,1,4000,0.025176291,158880,141720637,0.000000,0.000000
filter/global,892,2,4032,0.025111166,160566,143224890,0.000000,0.000000
filter/global,892,3,4064,0.025169917,161463,144024631,0.000000,0.000000
filter/global,892,4,4096,0.025169834,162734,145159162,0.000000,0.000000
filter/global,892,5,4096,0.025088708,163261,145628543,0.000000,0.000000
filter/global,892,6,4096,0.025070083,163382,145736733,0.000000,0.000000
filter/deep,136,0,32096,0.025022166,1282703,174447568,0.000000,0.000000
filter/deep,136,1,32064,0.025011917,1281949,174345053,0.000000,0.000000
filter/deep,136,2,32160,0.025021000,1285320,174803565,0.000000,0.000000
filter/deep,136,3,32128,0.025022292,1283975,174620614,0.000000,0.000000
filter/deep,136,4,33248,0.025010417,1329366,180793787,0.000000,0.000000
filter/deep,136,5,32768,0.025021333,1309602,178105939,0.000000,0.000000
filter/deep,136,6,32640,0.025024250,1304335,177389532,0.000000,0.000000
filter/negative_chain,20,0,2624,0.025193333,104155,2083091,0.000000,0.000000
filter/negative_chain,20,1,2624,0.025239750,103963,2079260,0.000000,0.000000
filter/negative_chain,20,2,2624,0.025249292,103924,2078474,0.000000,0.000000
filter/negative_chain,20,3,2624,0.025248416,103927,2078546,0.000000,0.000000
filter/negative_chain,20,4,2592,0.025003250,103667,2073330,0.000000,0.000000
filter/negative_chain,20,5,2624,0.025269708,103840,2076795,0.000000,0.000000
filter/negative_chain,20,6,2624,0.025248292,103928,2078556,0.000000,0.000000
compile/aggregate,0,0,19264,0.025021167,769908,0,50.000000,3238.000000
compile/aggregate,0,1,19680,0.025037292,786027,0,50.000000,3238.000000
compile/aggregate,0,2,19648,0.025024958,785136,0,50.000000,3238.000000
compile/aggregate,0,3,19616,0.025014417,784188,0,50.000000,3238.000000
compile/aggregate,0,4,19616,0.025012292,784254,0,50.000000,3238.000000
compile/aggregate,0,5,19584,0.025040125,782105,0,50.000000,3238.000000
compile/aggregate,0,6,19648,0.025033000,784884,0,50.000000,3238.000000
aggregate/count,100,0,91744,0.025007708,3668629,366862889,0.000000,0.000000
aggregate/count,100,1,92320,0.025006250,3691877,369187703,0.000000,0.000000
aggregate/count,100,2,92608,0.025012750,3702432,370243176,0.000000,0.000000
aggregate/count,100,3,92992,0.025001167,3719506,371950637,0.000000,0.000000
aggregate/count,100,4,92864,0.025007250,3713483,371348309,0.000000,0.000000
aggregate/count,100,5,93056,0.025008458,3720981,372098112,0.000000,0.000000
aggregate/count,100,6,92960,0.025002042,3718096,371809631,0.000000,0.000000
aggregate/sum,100,0,89184,0.025008708,3566118,356611785,0.000000,0.000000
aggregate/sum,100,1,89376,0.025007083,3574027,357402741,0.000000,0.000000
aggregate/sum,100,2,89312,0.025003708,3571950,357195021,0.000000,0.000000
aggregate/sum,100,3,89536,0.025008167,3580270,358027040,0.000000,0.000000
aggregate/sum,100,4,89568,0.025008292,3581532,358153208,0.000000,0.000000
aggregate/sum,100,5,88992,0.025000625,3559591,355959101,0.000000,0.000000
aggregate/sum,100,6,88352,0.025006209,3533202,353320249,0.000000,0.000000
aggregate/min,100,0,88320,0.025006416,3531894,353189357,0.000000,0.000000
aggregate/min,100,1,88416,0.025004167,3536051,353605061,0.000000,0.000000
aggregate/min,100,2,88160,0.025004125,3525818,352581824,0.000000,0.000000
aggregate/min,100,3,88768,0.025003292,3550253,355025250,0.000000,0.000000
aggregate/min,100,4,88992,0.025008375,3558488,355848791,0.000000,0.000000
aggregate/min,100,5,88928,0.025001167,3556954,355695396,0.000000,0.000000
aggregate/min,100,6,88896,0.025000167,3555816,355581625,0.000000,0.000000
aggregate/max,100,0,88896,0.025000125,3555822,355582222,0.000000,0.000000
aggregate/max,100,1,89376,0.025002250,3574718,357471828,0.000000,0.000000
aggregate/max,100,2,89696,0.025008208,3586662,358666243,0.000000,0.000000
aggregate/max,100,3,89472,0.025000166,3578856,357885624,0.000000,0.000000
aggregate/max,100,4,89056,0.025002041,3561949,356194920,0.000000,0.000000
aggregate/max,100,5,89600,0.025000458,3583934,358393434,0.000000,0.000000
aggregate/max,100,6,89504,0.025004792,3579474,357947389,0.000000,0.000000
aggregate/filtered_count,100,0,126432,0.025005792,5056109,505610860,0.000000,0.000000
aggregate/filtered_count,100,1,126912,0.025000292,5076421,507642071,0.000000,0.000000
aggregate/filtered_count,100,2,127328,0.025000625,5092993,509299268,0.000000,0.000000
aggregate/filtered_count,100,3,129088,0.025004333,5162625,516262521,0.000000,0.000000
aggregate/filtered_count,100,4,129312,0.025004958,5171454,517145440,0.000000,0.000000
aggregate/filtered_count,100,5,129728,0.025000250,5189068,518906811,0.000000,0.000000
aggregate/filtered_count,100,6,128544,0.025000750,5141606,514160575,0.000000,0.000000
aggregate/filtered_sum,100,0,127456,0.025002083,5097815,509781525,0.000000,0.000000
aggregate/filtered_sum,100,1,127008,0.025006167,5079067,507906710,0.000000,0.000000
aggregate/filtered_sum,100,2,128672,0.025000250,5146829,514682853,0.000000,0.000000
aggregate/filtered_sum,100,3,128704,0.025002708,5147602,514760241,0.000000,0.000000
aggregate/filtered_sum,100,4,128608,0.025004459,5143403,514340262,0.000000,0.000000
aggregate/filtered_sum,100,5,127680,0.025003292,5106528,510652757,0.000000,0.000000
aggregate/filtered_sum,100,6,128224,0.025005875,5127755,512775498,0.000000,0.000000
aggregate/empty_sum,100,0,132832,0.025003833,5312465,531246549,0.000000,0.000000
aggregate/empty_sum,100,1,132704,0.025001417,5307859,530785915,0.000000,0.000000
aggregate/empty_sum,100,2,132928,0.025005166,5316021,531602150,0.000000,0.000000
aggregate/empty_sum,100,3,132800,0.025005209,5310893,531089342,0.000000,0.000000
aggregate/empty_sum,100,4,132960,0.025001500,5318081,531808092,0.000000,0.000000
aggregate/empty_sum,100,5,132864,0.025002209,5314090,531409045,0.000000,0.000000
aggregate/empty_sum,100,6,133312,0.025001917,5332071,533207114,0.000000,0.000000
aggregate/count,500,0,36256,0.025017250,1449240,724620012,0.000000,0.000000
aggregate/count,500,1,36608,0.025020750,1463106,731552811,0.000000,0.000000
aggregate/count,500,2,36256,0.025009292,1449701,724850588,0.000000,0.000000
aggregate/count,500,3,36192,0.025003167,1447497,723748316,0.000000,0.000000
aggregate/count,500,4,36352,0.025017792,1453046,726522948,0.000000,0.000000
aggregate/count,500,5,36256,0.025001291,1450165,725082557,0.000000,0.000000
aggregate/count,500,6,36256,0.025013250,1449472,724735890,0.000000,0.000000
aggregate/sum,500,0,35520,0.025002167,1420677,710338428,0.000000,0.000000
aggregate/sum,500,1,35616,0.025000666,1424602,712301024,0.000000,0.000000
aggregate/sum,500,2,35712,0.025012083,1427790,713894960,0.000000,0.000000
aggregate/sum,500,3,35616,0.025001708,1424543,712271338,0.000000,0.000000
aggregate/sum,500,4,36128,0.025012375,1444405,722202510,0.000000,0.000000
aggregate/sum,500,5,36160,0.025001084,1446337,723168643,0.000000,0.000000
aggregate/sum,500,6,35552,0.025008041,1421623,710811375,0.000000,0.000000
aggregate/min,500,0,35520,0.025008458,1420319,710159739,0.000000,0.000000
aggregate/min,500,1,35392,0.025007291,1415267,707633626,0.000000,0.000000
aggregate/min,500,2,35520,0.025011500,1420147,710073366,0.000000,0.000000
aggregate/min,500,3,35584,0.025006500,1422990,711495011,0.000000,0.000000
aggregate/min,500,4,35648,0.025005208,1425623,712811507,0.000000,0.000000
aggregate/min,500,5,35520,0.025002125,1420679,710339621,0.000000,0.000000
aggregate/min,500,6,35584,0.025004125,1423125,711562592,0.000000,0.000000
aggregate/max,500,0,35552,0.025016792,1421125,710562729,0.000000,0.000000
aggregate/max,500,1,36128,0.025020417,1443941,721970381,0.000000,0.000000
aggregate/max,500,2,35424,0.025010750,1416351,708175485,0.000000,0.000000
aggregate/max,500,3,35488,0.025017833,1418508,709254075,0.000000,0.000000
aggregate/max,500,4,35584,0.025022000,1422109,711054272,0.000000,0.000000
aggregate/max,500,5,35552,0.025018625,1421021,710510670,0.000000,0.000000
aggregate/max,500,6,35456,0.025016375,1417312,708655830,0.000000,0.000000
aggregate/filtered_count,500,0,62144,0.025000125,2485748,1242873786,0.000000,0.000000
aggregate/filtered_count,500,1,62176,0.025010542,2485992,1242995854,0.000000,0.000000
aggregate/filtered_count,500,2,62304,0.025009167,2491247,1245623255,0.000000,0.000000
aggregate/filtered_count,500,3,62048,0.025002666,2481655,1240827678,0.000000,0.000000
aggregate/filtered_count,500,4,62368,0.025012000,2493523,1246761554,0.000000,0.000000
aggregate/filtered_count,500,5,62400,0.025001125,2495888,1247943843,0.000000,0.000000
aggregate/filtered_count,500,6,62144,0.025009833,2484783,1242391343,0.000000,0.000000
aggregate/filtered_sum,500,0,61472,0.025007167,2458175,1229087645,0.000000,0.000000
aggregate/filtered_sum,500,1,61632,0.025000209,2465259,1232629695,0.000000,0.000000
aggregate/filtered_sum,500,2,61376,0.025006875,2454365,1227182525,0.000000,0.000000
aggregate/filtered_sum,500,3,61216,0.025000541,2448587,1224293506,0.000000,0.000000
aggregate/filtered_sum,500,4,61856,0.025010125,2473238,1236619169,0.000000,0.000000
aggregate/filtered_sum,500,5,61600,0.025011250,2462892,1231445849,0.000000,0.000000
aggregate/filtered_sum,500,6,61248,0.025002375,2449687,1224843640,0.000000,0.000000
aggregate/empty_sum,500,0,62624,0.025011083,2503850,1251924997,0.000000,0.000000
aggregate/empty_sum,500,1,62496,0.025006791,2499161,1249580564,0.000000,0.000000
aggregate/empty_sum,500,2,62720,0.025008625,2507935,1253967381,0.000000,0.000000
aggregate/empty_sum,500,3,62560,0.025011250,2501274,1250637213,0.000000,0.000000
aggregate/empty_sum,500,4,62496,0.025004417,2499398,1249699203,0.000000,0.000000
aggregate/empty_sum,500,5,62528,0.025002291,2500891,1250445409,0.000000,0.000000
aggregate/empty_sum,500,6,63072,0.025009750,2521896,1260948230,0.000000,0.000000
aggregate/count,1024,0,20384,0.025009542,815049,834610086,0.000000,0.000000
aggregate/count,1024,1,20384,0.025043041,813959,833493664,0.000000,0.000000
aggregate/count,1024,2,20384,0.025013291,814927,834484994,0.000000,0.000000
aggregate/count,1024,3,20416,0.025009250,816338,835930066,0.000000,0.000000
aggregate/count,1024,4,20416,0.025028125,815722,835299648,0.000000,0.000000
aggregate/count,1024,5,20832,0.025007875,833018,853010022,0.000000,0.000000
aggregate/count,1024,6,20704,0.025027375,827254,847108256,0.000000,0.000000
aggregate/sum,1024,0,20256,0.025023667,809474,828901056,0.000000,0.000000
aggregate/sum,1024,1,20224,0.025019167,808340,827740428,0.000000,0.000000
aggregate/sum,1024,2,20160,0.025033208,805330,824658190,0.000000,0.000000
aggregate/sum,1024,3,20160,0.025014084,805946,825288665,0.000000,0.000000
aggregate/sum,1024,4,20192,0.025018834,807072,826441712,0.000000,0.000000
aggregate/sum,1024,5,20160,0.025021750,805699,825035819,0.000000,0.000000
aggregate/sum,1024,6,20160,0.025037250,805200,824525058,0.000000,0.000000
aggregate/min,1024,0,20160,0.025027958,805499,824831175,0.000000,0.000000
aggregate/min,1024,1,20192,0.025043750,806269,825619486,0.000000,0.000000
aggregate/min,1024,2,20160,0.025002709,806313,825664131,0.000000,0.000000
aggregate/min,1024,3,20224,0.025025958,808121,827515814,0.000000,0.000000
aggregate/min,1024,4,20416,0.025003708,816519,836115347,0.000000,0.000000
aggregate/min,1024,5,20320,0.025023167,812047,831536632,0.000000,0.000000
aggregate/min,1024,6,20256,0.025026125,809394,828819643,0.000000,0.000000
aggregate/max,1024,0,20256,0.025022208,809521,828949388,0.000000,0.000000
aggregate/max,1024,1,20448,0.025033125,816838,836441795,0.000000,0.000000
aggregate/max,1024,2,20768,0.025012625,830301,850227915,0.000000,0.000000
aggregate/max,1024,3,20384,0.025029417,814402,833947351,0.000000,0.000000
aggregate/max,1024,4,20192,0.025016291,807154,826525723,0.000000,0.000000
aggregate/max,1024,5,20544,0.025017375,821189,840897816,0.000000,0.000000
aggregate/max,1024,6,20192,0.025011333,807314,826689565,0.000000,0.000000
aggregate/filtered_count,1024,0,37312,0.025017542,1491433,1527227895,0.000000,0.000000
aggregate/filtered_count,1024,1,37248,0.025014708,1489044,1524781021,0.000000,0.000000
aggregate/filtered_count,1024,2,37344,0.025018583,1492650,1528474095,0.000000,0.000000
aggregate/filtered_count,1024,3,37344,0.025004083,1493516,1529360465,0.000000,0.000000
aggregate/filtered_count,1024,4,37440,0.025017208,1496570,1532487558,0.000000,0.000000
aggregate/filtered_count,1024,5,37504,0.025016917,1499146,1535125052,0.000000,0.000000
aggregate/filtered_count,1024,6,37344,0.025015667,1492824,1528652264,0.000000,0.000000
aggregate/filtered_sum,1024,0,37184,0.025014625,1486490,1522166173,0.000000,0.000000
aggregate/filtered_sum,1024,1,37088,0.025013000,1482749,1518334946,0.000000,0.000000
aggregate/filtered_sum,1024,2,37152,0.025016625,1485092,1520734631,0.000000,0.000000
aggregate/filtered_sum,1024,3,37056,0.025015708,1481309,1516860686,0.000000,0.000000
aggregate/filtered_sum,1024,4,37184,0.025008542,1486852,1522536420,0.000000,0.000000
aggregate/filtered_sum,1024,5,36992,0.025005583,1479350,1514854023,0.000000,0.000000
aggregate/filtered_sum,1024,6,36896,0.025001875,1475729,1511146824,0.000000,0.000000
aggregate/empty_sum,1024,0,37632,0.025004167,1505029,1541149841,0.000000,0.000000
aggregate/empty_sum,1024,1,37408,0.025001750,1496215,1532124431,0.000000,0.000000
aggregate/empty_sum,1024,2,37280,0.025014500,1490336,1526103660,0.000000,0.000000
aggregate/empty_sum,1024,3,37344,0.025010166,1493153,1528988492,0.000000,0.000000
aggregate/empty_sum,1024,4,37376,0.025015625,1494106,1529964732,0.000000,0.000000
aggregate/empty_sum,1024,5,38144,0.025001625,1525661,1562276692,0.000000,0.000000
aggregate/empty_sum,1024,6,37696,0.025018583,1506720,1542881305,0.000000,0.000000
aggregate/count,10240,0,2368,0.025042042,94561,968304422,0.000000,0.000000
aggregate/count,10240,1,2368,0.025072125,94448,967142594,0.000000,0.000000
aggregate/count,10240,2,2368,0.025009417,94684,969567583,0.000000,0.000000
aggregate/count,10240,3,2400,0.025331166,94745,970188265,0.000000,0.000000
aggregate/count,10240,4,2368,0.025036542,94582,968517138,0.000000,0.000000
aggregate/count,10240,5,2368,0.025049750,94532,968006467,0.000000,0.000000
aggregate/count,10240,6,2368,0.025025500,94623,968944477,0.000000,0.000000
aggregate/sum,10240,0,2368,0.025046334,94545,968138491,0.000000,0.000000
aggregate/sum,10240,1,2400,0.025175333,95331,976193642,0.000000,0.000000
aggregate/sum,10240,2,2400,0.025256459,95025,973058021,0.000000,0.000000
aggregate/sum,10240,3,2368,0.025077292,94428,966943321,0.000000,0.000000
aggregate/sum,10240,4,2368,0.025049000,94535,968035451,0.000000,0.000000
aggregate/sum,10240,5,2400,0.025331375,94744,970180261,0.000000,0.000000
aggregate/sum,10240,6,2368,0.025066333,94469,967366068,0.000000,0.000000
aggregate/min,10240,0,2368,0.025060333,94492,967597677,0.000000,0.000000
aggregate/min,10240,1,2368,0.025052917,94520,967884099,0.000000,0.000000
aggregate/min,10240,2,2368,0.025038000,94576,968460740,0.000000,0.000000
aggregate/min,10240,3,2368,0.025083041,94406,966721699,0.000000,0.000000
aggregate/min,10240,4,2368,0.025054250,94515,967832603,0.000000,0.000000
aggregate/min,10240,5,2368,0.025058709,94498,967660385,0.000000,0.000000
aggregate/min,10240,6,2400,0.025095500,95635,979299078,0.000000,0.000000
aggregate/max,10240,0,2400,0.025142292,95457,977476516,0.000000,0.000000
aggregate/max,10240,1,2368,0.025126958,94241,965032058,0.000000,0.000000
aggregate/max,10240,2,2368,0.025067500,94465,967321033,0.000000,0.000000
aggregate/max,10240,3,2368,0.025030709,94604,968742835,0.000000,0.000000
aggregate/max,10240,4,2368,0.025096084,94357,966219272,0.000000,0.000000
aggregate/max,10240,5,2368,0.025098416,94349,966129496,0.000000,0.000000
aggregate/max,10240,6,2368,0.025090791,94377,966423099,0.000000,0.000000
aggregate/filtered_count,10240,0,4608,0.025015000,184209,1886305017,0.000000,0.000000
aggregate/filtered_count,10240,1,4608,0.025024250,184141,1885607760,0.000000,0.000000
aggregate/filtered_count,10240,2,4608,0.025029792,184101,1885190256,0.000000,0.000000
aggregate/filtered_count,10240,3,4640,0.025144208,184536,1889643929,0.000000,0.000000
aggregate/filtered_count,10240,4,4640,0.025168917,184354,1887788815,0.000000,0.000000
aggregate/filtered_count,10240,5,4640,0.025169041,184353,1887779515,0.000000,0.000000
aggregate/filtered_count,10240,6,4608,0.025040417,184022,1884390344,0.000000,0.000000
aggregate/filtered_sum,10240,0,4608,0.025041917,184011,1884277470,0.000000,0.000000
aggregate/filtered_sum,10240,1,4608,0.025043375,184001,1884167769,0.000000,0.000000
aggregate/filtered_sum,10240,2,4608,0.025035458,184059,1884763602,0.000000,0.000000
aggregate/filtered_sum,10240,3,4672,0.025099792,186137,1906042887,0.000000,0.000000
aggregate/filtered_sum,10240,4,4608,0.025059708,183881,1882939737,0.000000,0.000000
aggregate/filtered_sum,10240,5,4608,0.025079792,183734,1881431872,0.000000,0.000000
aggregate/filtered_sum,10240,6,4608,0.025054333,183920,1883343691,0.000000,0.000000
aggregate/empty_sum,10240,0,4608,0.025006417,184273,1886952457,0.000000,0.000000
aggregate/empty_sum,10240,1,4640,0.025154292,184462,1888886398,0.000000,0.000000
aggregate/empty_sum,10240,2,4608,0.025063666,183852,1882642388,0.000000,0.000000
aggregate/empty_sum,10240,3,4672,0.025086625,186235,1907043295,0.000000,0.000000
aggregate/empty_sum,10240,4,4640,0.025169334,184351,1887757539,0.000000,0.000000
aggregate/empty_sum,10240,5,4640,0.025145625,184525,1889537444,0.000000,0.000000
aggregate/empty_sum,10240,6,4608,0.025029958,184099,1885177754,0.000000,0.000000
aggregate/count,65536,0,384,0.025570667,15017,984167679,0.000000,0.000000
aggregate/count,65536,1,384,0.025544459,15033,985177412,0.000000,0.000000
aggregate/count,65536,2,384,0.025568209,15019,984262292,0.000000,0.000000
aggregate/count,65536,3,384,0.025602917,14998,982928000,0.000000,0.000000
aggregate/count,65536,4,384,0.025589000,15006,983462582,0.000000,0.000000
aggregate/count,65536,5,384,0.025195917,15241,998805640,0.000000,0.000000
aggregate/count,65536,6,384,0.025521959,15046,986045938,0.000000,0.000000
aggregate/sum,65536,0,384,0.025591083,15005,983382532,0.000000,0.000000
aggregate/sum,65536,1,384,0.025534625,15038,985556827,0.000000,0.000000
aggregate/sum,65536,2,384,0.025559917,15024,984581601,0.000000,0.000000
aggregate/sum,65536,3,384,0.025594875,15003,983236839,0.000000,0.000000
aggregate/sum,65536,4,384,0.025609042,14995,982692910,0.000000,0.000000
aggregate/sum,65536,5,384,0.025553833,15027,984816016,0.000000,0.000000
aggregate/sum,65536,6,384,0.025557250,15025,984684346,0.000000,0.000000
aggregate/min,65536,0,384,0.025204291,15236,998473792,0.000000,0.000000
aggregate/min,65536,1,384,0.025480500,15070,987650321,0.000000,0.000000
aggregate/min,65536,2,384,0.025576000,15014,983962465,0.000000,0.000000
aggregate/min,65536,3,384,0.025550958,15029,984926827,0.000000,0.000000
aggregate/min,65536,4,384,0.025585708,15008,983589119,0.000000,0.000000
aggregate/min,65536,5,384,0.025575500,15014,983981701,0.000000,0.000000
aggregate/min,65536,6,384,0.025569959,15018,984194930,0.000000,0.000000
aggregate/max,65536,0,384,0.025568750,15018,984241467,0.000000,0.000000
aggregate/max,65536,1,384,0.025578375,15013,983871102,0.000000,0.000000
aggregate/max,65536,2,416,0.026986958,15415,1010227829,0.000000,0.000000
aggregate/max,65536,3,384,0.025547375,15031,985064963,0.000000,0.000000
aggregate/max,65536,4,384,0.025597750,15001,983126408,0.000000,0.000000
aggregate/max,65536,5,384,0.025523084,15045,986002475,0.000000,0.000000
aggregate/max,65536,6,384,0.025528917,15042,985777187,0.000000,0.000000
aggregate/filtered_count,65536,0,768,0.025966000,29577,1938367404,0.000000,0.000000
aggregate/filtered_count,65536,1,768,0.026026708,29508,1933846109,0.000000,0.000000
aggregate/filtered_count,65536,2,768,0.026078500,29450,1930005483,0.000000,0.000000
aggregate/filtered_count,65536,3,768,0.026042416,29490,1932679672,0.000000,0.000000
aggregate/filtered_count,65536,4,768,0.026038250,29495,1932988891,0.000000,0.000000
aggregate/filtered_count,65536,5,768,0.025700875,29882,1958363207,0.000000,0.000000
aggregate/filtered_count,65536,6,768,0.025917709,29632,1941979054,0.000000,0.000000
aggregate/filtered_sum,65536,0,768,0.026037959,29495,1933010494,0.000000,0.000000
aggregate/filtered_sum,65536,1,768,0.026027166,29508,1933812079,0.000000,0.000000
aggregate/filtered_sum,65536,2,768,0.026045709,29487,1932435320,0.000000,0.000000
aggregate/filtered_sum,65536,3,768,0.026028416,29506,1933719209,0.000000,0.000000
aggregate/filtered_sum,65536,4,768,0.026052166,29479,1931956368,0.000000,0.000000
aggregate/filtered_sum,65536,5,768,0.026022584,29513,1934152581,0.000000,0.000000
aggregate/filtered_sum,65536,6,768,0.025521875,30092,1972098367,0.000000,0.000000
aggregate/empty_sum,65536,0,736,0.025001792,29438,1929241552,0.000000,0.000000
aggregate/empty_sum,65536,1,768,0.026015583,29521,1934673077,0.000000,0.000000
aggregate/empty_sum,65536,2,768,0.026027125,29508,1933815126,0.000000,0.000000
aggregate/empty_sum,65536,3,768,0.026043875,29489,1932571401,0.000000,0.000000
aggregate/empty_sum,65536,4,768,0.026051750,29480,1931987218,0.000000,0.000000
aggregate/empty_sum,65536,5,736,0.025003500,29436,1929109765,0.000000,0.000000
aggregate/empty_sum,65536,6,768,0.026049875,29482,1932126277,0.000000,0.000000
aggregate/count,1048576,0,32,0.033915500,944,989353894,0.000000,0.000000
aggregate/count,1048576,1,32,0.033998042,941,986951896,0.000000,0.000000
aggregate/count,1048576,2,32,0.033917000,943,989310139,0.000000,0.000000
aggregate/count,1048576,3,32,0.033882375,944,990321133,0.000000,0.000000
aggregate/count,1048576,4,32,0.033520083,955,1001024729,0.000000,0.000000
aggregate/count,1048576,5,32,0.033915416,944,989356345,0.000000,0.000000
aggregate/count,1048576,6,32,0.033916958,943,989311365,0.000000,0.000000
aggregate/sum,1048576,0,32,0.033911083,944,989482760,0.000000,0.000000
aggregate/sum,1048576,1,32,0.033977125,942,987559483,0.000000,0.000000
aggregate/sum,1048576,2,32,0.033938875,943,988672488,0.000000,0.000000
aggregate/sum,1048576,3,32,0.033935833,943,988761113,0.000000,0.000000
aggregate/sum,1048576,4,32,0.034001250,941,986858777,0.000000,0.000000
aggregate/sum,1048576,5,32,0.033590167,953,998936147,0.000000,0.000000
aggregate/sum,1048576,6,32,0.033959750,942,988064753,0.000000,0.000000
aggregate/min,1048576,0,32,0.034027334,940,986102291,0.000000,0.000000
aggregate/min,1048576,1,32,0.033985291,942,987322192,0.000000,0.000000
aggregate/min,1048576,2,32,0.033904416,944,989677333,0.000000,0.000000
aggregate/min,1048576,3,32,0.033924500,943,989091424,0.000000,0.000000
aggregate/min,1048576,4,32,0.033701667,950,995631225,0.000000,0.000000
aggregate/min,1048576,5,32,0.033405667,958,1004453286,0.000000,0.000000
aggregate/min,1048576,6,32,0.033914833,944,989373352,0.000000,0.000000
aggregate/max,1048576,0,32,0.033926500,943,989033116,0.000000,0.000000
aggregate/max,1048576,1,32,0.033911875,944,989459651,0.000000,0.000000
aggregate/max,1048576,2,32,0.033931667,943,988882509,0.000000,0.000000
aggregate/max,1048576,3,32,0.033645000,951,997308129,0.000000,0.000000
aggregate/max,1048576,4,32,0.033599583,952,998656204,0.000000,0.000000
aggregate/max,1048576,5,32,0.033929917,943,988933513,0.000000,0.000000
aggregate/max,1048576,6,32,0.033865916,945,990802434,0.000000,0.000000
aggregate/filtered_count,1048576,0,64,0.034491250,1856,1945677933,0.000000,0.000000
aggregate/filtered_count,1048576,1,64,0.034554208,1852,1942132894,0.000000,0.000000
aggregate/filtered_count,1048576,2,64,0.034494541,1855,1945492303,0.000000,0.000000
aggregate/filtered_count,1048576,3,64,0.034510000,1855,1944620806,0.000000,0.000000
aggregate/filtered_count,1048576,4,64,0.034545583,1853,1942617787,0.000000,0.000000
aggregate/filtered_count,1048576,5,64,0.034582834,1851,1940525291,0.000000,0.000000
aggregate/filtered_count,1048576,6,64,0.034493125,1855,1945572168,0.000000,0.000000
aggregate/filtered_sum,1048576,0,64,0.034508750,1855,1944691245,0.000000,0.000000
aggregate/filtered_sum,1048576,1,64,0.034513917,1854,1944400110,0.000000,0.000000
aggregate/filtered_sum,1048576,2,64,0.034570042,1851,1941243346,0.000000,0.000000
aggregate/filtered_sum,1048576,3,64,0.034028583,1881,1972132193,0.000000,0.000000
aggregate/filtered_sum,1048576,4,64,0.034454084,1858,1947776757,0.000000,0.000000
aggregate/filtered_sum,1048576,5,64,0.034545750,1853,1942608396,0.000000,0.000000
aggregate/filtered_sum,1048576,6,64,0.034491375,1856,1945670881,0.000000,0.000000
aggregate/empty_sum,1048576,0,64,0.034510791,1854,1944576234,0.000000,0.000000
aggregate/empty_sum,1048576,1,64,0.034499209,1855,1945229063,0.000000,0.000000
aggregate/empty_sum,1048576,2,64,0.034505083,1855,1944897915,0.000000,0.000000
aggregate/empty_sum,1048576,3,64,0.034264250,1868,1958568012,0.000000,0.000000
aggregate/empty_sum,1048576,4,64,0.034497792,1855,1945308964,0.000000,0.000000
aggregate/empty_sum,1048576,5,64,0.034542958,1853,1942765411,0.000000,0.000000
aggregate/empty_sum,1048576,6,64,0.034523500,1854,1943860385,0.000000,0.000000
aggregate/array_count,23,0,131488,0.025000500,5259415,120966541,0.000000,0.000000
aggregate/array_count,23,1,131104,0.025002625,5243609,120603017,0.000000,0.000000
aggregate/array_count,23,2,132352,0.025001958,5293665,121754304,0.000000,0.000000
aggregate/array_count,23,3,133248,0.025005916,5328659,122559158,0.000000,0.000000
aggregate/array_count,23,4,133120,0.025004500,5323842,122448359,0.000000,0.000000
aggregate/array_count,23,5,133600,0.025005625,5342798,122884351,0.000000,0.000000
aggregate/array_count,23,6,133024,0.025001584,5320623,122374326,0.000000,0.000000
aggregate/array_sum,23,0,109248,0.025006625,4368762,100481532,0.000000,0.000000
aggregate/array_sum,23,1,109440,0.025005458,4376644,100662823,0.000000,0.000000
aggregate/array_sum,23,2,106656,0.025002542,4265806,98113544,0.000000,0.000000
aggregate/array_sum,23,3,108064,0.025000917,4322401,99415233,0.000000,0.000000
aggregate/array_sum,23,4,108288,0.025001083,4331332,99620644,0.000000,0.000000
aggregate/array_sum,23,5,109312,0.025005834,4371460,100543577,0.000000,0.000000
aggregate/array_sum,23,6,109568,0.025000917,4382559,100798863,0.000000,0.000000
aggregate/array_min,23,0,107744,0.025006500,4308640,99098714,0.000000,0.000000
aggregate/array_min,23,1,107712,0.025007083,4307260,99066972,0.000000,0.000000
aggregate/array_min,23,2,108064,0.025002417,4322142,99409269,0.000000,0.000000
aggregate/array_min,23,3,106688,0.025003000,4267008,98141183,0.000000,0.000000
aggregate/array_min,23,4,108224,0.025003291,4328390,99552975,0.000000,0.000000
aggregate/array_min,23,5,108384,0.025000250,4335317,99712283,0.000000,0.000000
aggregate/array_min,23,6,108096,0.025001291,4323617,99443185,0.000000,0.000000
aggregate/array_max,23,0,108192,0.025002000,4327334,99528678,0.000000,0.000000
aggregate/array_max,23,1,107840,0.025005458,4312658,99191145,0.000000,0.000000
aggregate/array_max,23,2,108192,0.025006875,4326490,99509275,0.000000,0.000000
aggregate/array_max,23,3,108288,0.025004834,4330683,99605700,0.000000,0.000000
aggregate/array_max,23,4,108128,0.025004917,4324270,99458199,0.000000,0.000000
aggregate/array_max,23,5,108480,0.025004708,4338383,99782809,0.000000,0.000000
aggregate/array_max,23,6,108576,0.025002125,4342671,99881430,0.000000,0.000000
aggregate/sequence_sum,23,0,57376,0.025005750,2294512,52773782,0.000000,0.000000
aggregate/sequence_sum,23,1,56608,0.025000125,2264309,52079100,0.000000,0.000000
aggregate/sequence_sum,23,2,56672,0.025009292,2266038,52118868,0.000000,0.000000
aggregate/sequence_sum,23,3,57088,0.025005375,2283029,52509670,0.000000,0.000000
aggregate/sequence_sum,23,4,57760,0.025001125,2310296,53136809,0.000000,0.000000
aggregate/sequence_sum,23,5,57408,0.025001875,2296148,52811399,0.000000,0.000000
aggregate/sequence_sum,23,6,57120,0.025005625,2284286,52538579,0.000000,0.000000
aggregate/computed_sum,23,0,71168,0.025009917,2845591,65448598,0.000000,0.000000
aggregate/computed_sum,23,1,71104,0.025004042,2843700,65405105,0.000000,0.000000
aggregate/computed_sum,23,2,71136,0.025008417,2844482,65423093,0.000000,0.000000
aggregate/computed_sum,23,3,70944,0.025004416,2837259,65256953,0.000000,0.000000
aggregate/computed_sum,23,4,71072,0.025000625,2842809,65384605,0.000000,0.000000
aggregate/computed_sum,23,5,71008,0.025003042,2839974,65319412,0.000000,0.000000
aggregate/computed_sum,23,6,70976,0.025003042,2838695,65289976,0.000000,0.000000
aggregate/wide_filtered_sum,23,0,34496,0.025015709,1378974,31716391,0.000000,0.000000
aggregate/wide_filtered_sum,23,1,34688,0.025008084,1387071,31902644,0.000000,0.000000
aggregate/wide_filtered_sum,23,2,34496,0.025008250,1379385,31725850,0.000000,0.000000
aggregate/wide_filtered_sum,23,3,34528,0.025007958,1380681,31755652,0.000000,0.000000
aggregate/wide_filtered_sum,23,4,34528,0.025016542,1380207,31744755,0.000000,0.000000
aggregate/wide_filtered_sum,23,5,34656,0.025015209,1385397,31864135,0.000000,0.000000
aggregate/wide_filtered_sum,23,6,34464,0.025002375,1378429,31703868,0.000000,0.000000
aggregate/array_count,409,0,10816,0.025029750,432126,176739440,0.000000,0.000000
aggregate/array_count,409,1,10688,0.025016250,427242,174742098,0.000000,0.000000
aggregate/array_count,409,2,10752,0.025002000,430046,175888649,0.000000,0.000000
aggregate/array_count,409,3,10784,0.025067417,430200,175951754,0.000000,0.000000
aggregate/array_count,409,4,10752,0.025017292,429783,175781136,0.000000,0.000000
aggregate/array_count,409,5,10816,0.025072708,431385,176436626,0.000000,0.000000
aggregate/array_count,409,6,10816,0.025003083,432587,176927941,0.000000,0.000000
aggregate/array_sum,409,0,8384,0.025045667,334749,136912145,0.000000,0.000000
aggregate/array_sum,409,1,8384,0.025033959,334905,136976177,0.000000,0.000000
aggregate/array_sum,409,2,8384,0.025079542,334296,136727218,0.000000,0.000000
aggregate/array_sum,409,3,8384,0.025036958,334865,136959770,0.000000,0.000000
aggregate/array_sum,409,4,8384,0.025085250,334220,136696106,0.000000,0.000000
aggregate/array_sum,409,5,8416,0.025092708,335396,137177064,0.000000,0.000000
aggregate/array_sum,409,6,8384,0.025044292,334767,136919662,0.000000,0.000000
aggregate/array_min,409,0,8320,0.025030500,332394,135949342,0.000000,0.000000
aggregate/array_min,409,1,8352,0.025092541,332848,136134798,0.000000,0.000000
aggregate/array_min,409,2,8352,0.025079250,333024,136206944,0.000000,0.000000
aggregate/array_min,409,3,8320,0.025050417,332130,135841252,0.000000,0.000000
aggregate/array_min,409,4,8320,0.025032333,332370,135939387,0.000000,0.000000
aggregate/array_min,409,5,8320,0.025005750,332723,136083901,0.000000,0.000000
aggregate/array_min,409,6,8256,0.025036375,329760,134871921,0.000000,0.000000
aggregate/array_max,409,0,8096,0.025021083,323567,132338956,0.000000,0.000000
aggregate/array_max,409,1,8096,0.025001709,323818,132441506,0.000000,0.000000
aggregate/array_max,409,2,8096,0.025006958,323750,132413707,0.000000,0.000000
aggregate/array_max,409,3,8128,0.025083292,324040,132532524,0.000000,0.000000
aggregate/array_max,409,4,8064,0.025049084,321928,131668527,0.000000,0.000000
aggregate/array_max,409,5,8128,0.025079750,324086,132551242,0.000000,0.000000
aggregate/array_max,409,6,8128,0.025097584,323856,132457052,0.000000,0.000000
aggregate/sequence_sum,409,0,4544,0.025002334,181743,74332900,0.000000,0.000000
aggregate/sequence_sum,409,1,4544,0.025166167,180560,73848989,0.000000,0.000000
aggregate/sequence_sum,409,2,4512,0.025124458,179586,73450659,0.000000,0.000000
aggregate/sequence_sum,409,3,4544,0.025110208,180962,74013565,0.000000,0.000000
aggregate/sequence_sum,409,4,4576,0.025080000,182456,74624561,0.000000,0.000000
aggregate/sequence_sum,409,5,4512,0.025093208,179810,73542131,0.000000,0.000000
aggregate/sequence_sum,409,6,4544,0.025158458,180615,73871618,0.000000,0.000000
aggregate/computed_sum,409,0,4896,0.025013083,195738,80056665,0.000000,0.000000
aggregate/computed_sum,409,1,5024,0.025065917,200432,81976494,0.000000,0.000000
aggregate/computed_sum,409,2,5024,0.025029041,200727,82097273,0.000000,0.000000
aggregate/computed_sum,409,3,5056,0.025152584,201013,82214376,0.000000,0.000000
aggregate/computed_sum,409,4,5024,0.025021125,200790,82123246,0.000000,0.000000
aggregate/computed_sum,409,5,5024,0.025083167,200294,81920118,0.000000,0.000000
aggregate/computed_sum,409,6,5024,0.025019959,200800,82127073,0.000000,0.000000
aggregate/wide_filtered_sum,409,0,2336,0.025220708,92622,37882521,0.000000,0.000000
aggregate/wide_filtered_sum,409,1,2368,0.025328333,93492,38238284,0.000000,0.000000
aggregate/wide_filtered_sum,409,2,2368,0.025172542,94071,38474938,0.000000,0.000000
aggregate/wide_filtered_sum,409,3,2368,0.025113000,94294,38566161,0.000000,0.000000
aggregate/wide_filtered_sum,409,4,2368,0.025162417,94109,38490420,0.000000,0.000000
aggregate/wide_filtered_sum,409,5,2368,0.025019208,94647,38710738,0.000000,0.000000
aggregate/wide_filtered_sum,409,6,2368,0.025022000,94637,38706418,0.000000,0.000000
aggregate/array_count,4017,0,1408,0.025216083,55837,224298754,0.000000,0.000000
aggregate/array_count,4017,1,1408,0.025211792,55847,224336929,0.000000,0.000000
aggregate/array_count,4017,2,1408,0.025199583,55874,224445619,0.000000,0.000000
aggregate/array_count,4017,3,1408,0.025205084,55862,224396634,0.000000,0.000000
aggregate/array_count,4017,4,1408,0.025230833,55805,224167629,0.000000,0.000000
aggregate/array_count,4017,5,1408,0.025259458,55741,223913593,0.000000,0.000000
aggregate/array_count,4017,6,1408,0.025164292,55952,224760387,0.000000,0.000000
aggregate/array_sum,4017,0,1056,0.025208291,41891,168276064,0.000000,0.000000
aggregate/array_sum,4017,1,1056,0.025251292,41820,167989503,0.000000,0.000000
aggregate/array_sum,4017,2,1056,0.025224292,41864,168169319,0.000000,0.000000
aggregate/array_sum,4017,3,1056,0.025213583,41882,168240745,0.000000,0.000000
aggregate/array_sum,4017,4,1056,0.025220625,41870,168193770,0.000000,0.000000
aggregate/array_sum,4017,5,1056,0.025283625,41766,167774676,0.000000,0.000000
aggregate/array_sum,4017,6,1056,0.025304792,41731,167634336,0.000000,0.000000
aggregate/array_min,4017,0,1056,0.025035208,42181,169439455,0.000000,0.000000
aggregate/array_min,4017,1,1056,0.025231541,41852,168121004,0.000000,0.000000
aggregate/array_min,4017,2,1056,0.025620042,41218,165571626,0.000000,0.000000
aggregate/array_min,4017,3,1056,0.025589166,41267,165771405,0.000000,0.000000
aggregate/array_min,4017,4,1056,0.025585292,41274,165796505,0.000000,0.000000
aggregate/array_min,4017,5,1056,0.025606917,41239,165656490,0.000000,0.000000
aggregate/array_min,4017,6,1056,0.025631792,41199,165495725,0.000000,0.000000
aggregate/array_max,4017,0,1056,0.025579166,41284,165836212,0.000000,0.000000
aggregate/array_max,4017,1,1056,0.025591750,41263,165754667,0.000000,0.000000
aggregate/array_max,4017,2,1056,0.025608334,41237,165647324,0.000000,0.000000
aggregate/array_max,4017,3,1056,0.025579167,41284,165836206,0.000000,0.000000
aggregate/array_max,4017,4,1056,0.025000750,42239,169672990,0.000000,0.000000
aggregate/array_max,4017,5,1088,0.025608417,42486,170666387,0.000000,0.000000
aggregate/array_max,4017,6,1088,0.025576375,42539,170880197,0.000000,0.000000
aggregate/sequence_sum,4017,0,608,0.025971250,23411,94039987,0.000000,0.000000
aggregate/sequence_sum,4017,1,608,0.026028417,23359,93833444,0.000000,0.000000
aggregate/sequence_sum,4017,2,608,0.025996084,23388,93950150,0.000000,0.000000
aggregate/sequence_sum,4017,3,608,0.026100167,23295,93575493,0.000000,0.000000
aggregate/sequence_sum,4017,4,608,0.026124792,23273,93487290,0.000000,0.000000
aggregate/sequence_sum,4017,5,608,0.026116250,23281,93517867,0.000000,0.000000
aggregate/sequence_sum,4017,6,608,0.026083958,23309,93633643,0.000000,0.000000
aggregate/computed_sum,4017,0,640,0.025405333,25192,101194501,0.000000,0.000000
aggregate/computed_sum,4017,1,640,0.025311250,25285,101570645,0.000000,0.000000
aggregate/computed_sum,4017,2,640,0.025142666,25455,102251686,0.000000,0.000000
aggregate/computed_sum,4017,3,640,0.025083167,25515,102494234,0.000000,0.000000
aggregate/computed_sum,4017,4,640,0.025249000,25348,101821062,0.000000,0.000000
aggregate/computed_sum,4017,5,640,0.025179667,25417,102101430,0.000000,0.000000
aggregate/computed_sum,4017,6,640,0.025108875,25489,102389295,0.000000,0.000000
aggregate/wide_filtered_sum,4017,0,288,0.025501292,11294,45366172,0.000000,0.000000
aggregate/wide_filtered_sum,4017,1,288,0.026102792,11033,44320776,0.000000,0.000000
aggregate/wide_filtered_sum,4017,2,288,0.025469666,11308,45422504,0.000000,0.000000
aggregate/wide_filtered_sum,4017,3,288,0.025517042,11287,45338170,0.000000,0.000000
aggregate/wide_filtered_sum,4017,4,288,0.025683375,11213,45044547,0.000000,0.000000
aggregate/wide_filtered_sum,4017,5,288,0.025533750,11279,45308503,0.000000,0.000000
aggregate/wide_filtered_sum,4017,6,288,0.025482959,11302,45398809,0.000000,0.000000
aggregate/array_count,87201,0,96,0.032573291,2947,256998779,0.000000,0.000000
aggregate/array_count,87201,1,96,0.032336125,2969,258883710,0.000000,0.000000
aggregate/array_count,87201,2,96,0.032200792,2981,259971742,0.000000,0.000000
aggregate/array_count,87201,3,96,0.032249417,2977,259579762,0.000000,0.000000
aggregate/array_count,87201,4,96,0.032521375,2952,257409043,0.000000,0.000000
aggregate/array_count,87201,5,96,0.032653041,2940,256371099,0.000000,0.000000
aggregate/array_count,87201,6,96,0.031617500,3036,264767803,0.000000,0.000000
aggregate/array_sum,87201,0,64,0.025529292,2507,218606297,0.000000,0.000000
aggregate/array_sum,87201,1,64,0.025599333,2500,218008180,0.000000,0.000000
aggregate/array_sum,87201,2,64,0.025577958,2502,218190365,0.000000,0.000000
aggregate/array_sum,87201,3,64,0.025615625,2498,217869523,0.000000,0.000000
aggregate/array_sum,87201,4,64,0.025580083,2502,218172240,0.000000,0.000000
aggregate/array_sum,87201,5,64,0.025588792,2501,218097986,0.000000,0.000000
aggregate/array_sum,87201,6,64,0.025719167,2488,216992409,0.000000,0.000000
aggregate/array_min,87201,0,64,0.025267583,2533,220870512,0.000000,0.000000
aggregate/array_min,87201,1,64,0.025262334,2533,220916405,0.000000,0.000000
aggregate/array_min,87201,2,64,0.025341292,2526,220228077,0.000000,0.000000
aggregate/array_min,87201,3,64,0.025314084,2528,220464782,0.000000,0.000000
aggregate/array_min,87201,4,64,0.025268000,2533,220866867,0.000000,0.000000
aggregate/array_min,87201,5,64,0.025283750,2531,220729283,0.000000,0.000000
aggregate/array_min,87201,6,64,0.025302000,2529,220570074,0.000000,0.000000
aggregate/array_max,87201,0,64,0.025281500,2531,220748927,0.000000,0.000000
aggregate/array_max,87201,1,64,0.025309167,2529,220507613,0.000000,0.000000
aggregate/array_max,87201,2,64,0.027486250,2328,203042030,0.000000,0.000000
aggregate/array_max,87201,3,64,0.026608584,2405,209739233,0.000000,0.000000
aggregate/array_max,87201,4,64,0.025298875,2530,220597319,0.000000,0.000000
aggregate/array_max,87201,5,64,0.025342666,2525,220216137,0.000000,0.000000
aggregate/array_max,87201,6,64,0.025285042,2531,220718004,0.000000,0.000000
aggregate/sequence_sum,87201,0,64,0.045509125,1406,122631758,0.000000,0.000000
aggregate/sequence_sum,87201,1,64,0.045899750,1394,121588113,0.000000,0.000000
aggregate/sequence_sum,87201,2,64,0.046331875,1381,120454093,0.000000,0.000000
aggregate/sequence_sum,87201,3,64,0.046309584,1382,120512074,0.000000,0.000000
aggregate/sequence_sum,87201,4,64,0.046288375,1383,120567291,0.000000,0.000000
aggregate/sequence_sum,87201,5,64,0.046289166,1383,120565231,0.000000,0.000000
aggregate/sequence_sum,87201,6,64,0.046475417,1377,120082064,0.000000,0.000000
aggregate/computed_sum,87201,0,64,0.040193459,1592,138850055,0.000000,0.000000
aggregate/computed_sum,87201,1,64,0.040477042,1581,137877269,0.000000,0.000000
aggregate/computed_sum,87201,2,64,0.040329417,1587,138381966,0.000000,0.000000
aggregate/computed_sum,87201,3,64,0.040231500,1591,138718765,0.000000,0.000000
aggregate/computed_sum,87201,4,64,0.040344916,1586,138328805,0.000000,0.000000
aggregate/computed_sum,87201,5,64,0.039921917,1603,139794489,0.000000,0.000000
aggregate/computed_sum,87201,6,64,0.040126333,1595,139082333,0.000000,0.000000
aggregate/wide_filtered_sum,87201,0,32,0.049166792,651,56754404,0.000000,0.000000
aggregate/wide_filtered_sum,87201,1,32,0.049147083,651,56777164,0.000000,0.000000
aggregate/wide_filtered_sum,87201,2,32,0.048732500,657,57260186,0.000000,0.000000
aggregate/wide_filtered_sum,87201,3,32,0.048478333,660,57560395,0.000000,0.000000
aggregate/wide_filtered_sum,87201,4,32,0.048631500,658,57379106,0.000000,0.000000
aggregate/wide_filtered_sum,87201,5,32,0.048569042,659,57452894,0.000000,0.000000
aggregate/wide_filtered_sum,87201,6,32,0.048567084,659,57455210,0.000000,0.000000
aggregate/nested_sum,1036,0,3328,0.025001083,133114,137906346,0.000000,0.000000
aggregate/nested_sum,1036,1,3328,0.025034042,132939,137724783,0.000000,0.000000
aggregate/nested_sum,1036,2,3328,0.025200375,132062,136815742,0.000000,0.000000
aggregate/nested_sum,1036,3,3328,0.025138417,132387,137152948,0.000000,0.000000
aggregate/nested_sum,1036,4,3328,0.025084459,132672,137447971,0.000000,0.000000
aggregate/nested_sum,1036,5,3328,0.025049792,132855,137638189,0.000000,0.000000
aggregate/nested_sum,1036,6,3328,0.025000709,133116,137908409,0.000000,0.000000
aggregate/nested_filtered_sum,1036,0,1824,0.025029167,72875,75498477,0.000000,0.000000
aggregate/nested_filtered_sum,1036,1,1824,0.025136584,72564,75175847,0.000000,0.000000
aggregate/nested_filtered_sum,1036,2,1824,0.025086792,72708,75325056,0.000000,0.000000
aggregate/nested_filtered_sum,1036,3,1824,0.025043917,72832,75454011,0.000000,0.000000
aggregate/nested_filtered_sum,1036,4,1856,0.025312125,73325,75964227,0.000000,0.000000
aggregate/nested_filtered_sum,1036,5,1856,0.025367625,73164,75798030,0.000000,0.000000
aggregate/nested_filtered_sum,1036,6,1856,0.025368667,73161,75794917,0.000000,0.000000
aggregate/nested_filtered_count,1036,0,1856,0.025058292,74067,76733722,0.000000,0.000000
aggregate/nested_filtered_count,1036,1,1856,0.025156542,73778,76434035,0.000000,0.000000
aggregate/nested_filtered_count,1036,2,1856,0.025369209,73160,75793297,0.000000,0.000000
aggregate/nested_filtered_count,1036,3,1856,0.025055542,74075,76742144,0.000000,0.000000
aggregate/nested_filtered_count,1036,4,1856,0.025162083,73762,76417203,0.000000,0.000000
aggregate/nested_filtered_count,1036,5,1856,0.025061417,74058,76724153,0.000000,0.000000
aggregate/nested_filtered_count,1036,6,1856,0.025013667,74199,76870616,0.000000,0.000000
aggregate/nested_sum,16396,0,224,0.026477833,8460,138708632,0.000000,0.000000
aggregate/nested_sum,16396,1,224,0.026836042,8347,136857142,0.000000,0.000000
aggregate/nested_sum,16396,2,224,0.026377458,8492,139236465,0.000000,0.000000
aggregate/nested_sum,16396,3,224,0.026332667,8507,139473301,0.000000,0.000000
aggregate/nested_sum,16396,4,224,0.026237542,8537,139978966,0.000000,0.000000
aggregate/nested_sum,16396,5,224,0.026209000,8547,140131405,0.000000,0.000000
aggregate/nested_sum,16396,6,224,0.026317833,8511,139551915,0.000000,0.000000
aggregate/nested_filtered_sum,16396,0,128,0.027348167,4680,76739622,0.000000,0.000000
aggregate/nested_filtered_sum,16396,1,128,0.027276000,4693,76942660,0.000000,0.000000
aggregate/nested_filtered_sum,16396,2,128,0.027120792,4720,77382991,0.000000,0.000000
aggregate/nested_filtered_sum,16396,3,128,0.027093416,4724,77461181,0.000000,0.000000
aggregate/nested_filtered_sum,16396,4,128,0.027127292,4718,77364449,0.000000,0.000000
aggregate/nested_filtered_sum,16396,5,128,0.027107333,4722,77421412,0.000000,0.000000
aggregate/nested_filtered_sum,16396,6,128,0.027073334,4728,77518639,0.000000,0.000000
aggregate/nested_filtered_count,16396,0,128,0.026886792,4761,78056467,0.000000,0.000000
aggregate/nested_filtered_count,16396,1,128,0.026895250,4759,78031920,0.000000,0.000000
aggregate/nested_filtered_count,16396,2,128,0.026800458,4776,78307915,0.000000,0.000000
aggregate/nested_filtered_count,16396,3,128,0.026815417,4773,78264231,0.000000,0.000000
aggregate/nested_filtered_count,16396,4,128,0.026856709,4766,78143901,0.000000,0.000000
aggregate/nested_filtered_count,16396,5,128,0.026747500,4785,78462959,0.000000,0.000000
aggregate/nested_filtered_count,16396,6,128,0.026756208,4784,78437423,0.000000,0.000000
aggregate/nested_sum,1048588,0,32,0.237487958,135,141290600,0.000000,0.000000
aggregate/nested_sum,1048588,1,32,0.237625250,135,141208967,0.000000,0.000000
aggregate/nested_sum,1048588,2,32,0.237246042,135,141434671,0.000000,0.000000
aggregate/nested_sum,1048588,3,32,0.236525958,135,141865258,0.000000,0.000000
aggregate/nested_sum,1048588,4,32,0.236594791,135,141823985,0.000000,0.000000
aggregate/nested_sum,1048588,5,32,0.236710083,135,141754908,0.000000,0.000000
aggregate/nested_sum,1048588,6,32,0.237809750,135,141099412,0.000000,0.000000
aggregate/nested_filtered_sum,1048588,0,32,0.437234000,73,76743382,0.000000,0.000000
aggregate/nested_filtered_sum,1048588,1,32,0.434502875,74,77225763,0.000000,0.000000
aggregate/nested_filtered_sum,1048588,2,32,0.436521125,73,76868711,0.000000,0.000000
aggregate/nested_filtered_sum,1048588,3,32,0.437409625,73,76712569,0.000000,0.000000
aggregate/nested_filtered_sum,1048588,4,32,0.437018125,73,76781291,0.000000,0.000000
aggregate/nested_filtered_sum,1048588,5,32,0.436265833,73,76913692,0.000000,0.000000
aggregate/nested_filtered_sum,1048588,6,32,0.437329042,73,76726704,0.000000,0.000000
aggregate/nested_filtered_count,1048588,0,32,0.430155042,74,78006330,0.000000,0.000000
aggregate/nested_filtered_count,1048588,1,32,0.430502416,74,77943386,0.000000,0.000000
aggregate/nested_filtered_count,1048588,2,32,0.429422625,75,78139376,0.000000,0.000000
aggregate/nested_filtered_count,1048588,3,32,0.429275833,75,78166096,0.000000,0.000000
aggregate/nested_filtered_count,1048588,4,32,0.430195791,74,77998941,0.000000,0.000000
aggregate/nested_filtered_count,1048588,5,32,0.429659209,74,78096350,0.000000,0.000000
aggregate/nested_filtered_count,1048588,6,32,0.428494833,75,78308566,0.000000,0.000000
aggregate/deep_sum,136,0,35168,0.025007208,1406315,191258776,0.000000,0.000000
aggregate/deep_sum,136,1,35488,0.025019917,1418390,192901040,0.000000,0.000000
aggregate/deep_sum,136,2,35520,0.025007708,1420362,193169242,0.000000,0.000000
aggregate/deep_sum,136,3,35616,0.025007458,1424215,193693257,0.000000,0.000000
aggregate/deep_sum,136,4,35584,0.025019458,1422253,193426412,0.000000,0.000000
aggregate/deep_sum,136,5,36256,0.025009458,1449692,197158051,0.000000,0.000000
aggregate/deep_sum,136,6,35744,0.025004541,1429500,194412047,0.000000,0.000000
aggregate/deep_filtered_sum,136,0,31328,0.025002125,1253013,170409835,0.000000,0.000000
aggregate/deep_filtered_sum,136,1,31328,0.025009959,1252621,170356457,0.000000,0.000000
aggregate/deep_filtered_sum,136,2,31232,0.025004292,1249066,169872916,0.000000,0.000000
aggregate/deep_filtered_sum,136,3,31040,0.025014916,1240860,168756913,0.000000,0.000000
aggregate/deep_filtered_sum,136,4,31072,0.025003125,1242725,169010554,0.000000,0.000000
aggregate/deep_filtered_sum,136,5,31072,0.025018167,1241977,168908937,0.000000,0.000000
aggregate/deep_filtered_sum,136,6,31136,0.025021875,1244351,169231762,0.000000,0.000000
compile/constructor,0,0,9248,0.025039167,369341,0,86.000000,6214.000000
compile/constructor,0,1,9280,0.025011458,371030,0,86.000000,6214.000000
compile/constructor,0,2,9280,0.025072667,370124,0,86.000000,6214.000000
compile/constructor,0,3,9280,0.025026458,370808,0,86.000000,6214.000000
compile/constructor,0,4,9408,0.025002959,376275,0,86.000000,6214.000000
compile/constructor,0,5,9408,0.025060334,375414,0,86.000000,6214.000000
compile/constructor,0,6,9408,0.025016792,376067,0,86.000000,6214.000000
construct/raw_member,100,0,146048,0.025002209,5841404,584140385,3.000000,168.000000
construct/raw_member,100,1,150560,0.025003791,6021487,602148690,3.000000,168.000000
construct/raw_member,100,2,151008,0.025002292,6039766,603976627,3.000000,168.000000
construct/raw_member,100,3,150656,0.025004375,6025186,602518559,3.000000,168.000000
construct/raw_member,100,4,150880,0.025001334,6034878,603487798,3.000000,168.000000
construct/raw_member,100,5,147200,0.025001459,5887656,588765640,3.000000,168.000000
construct/raw_member,100,6,148096,0.025003792,5922942,592294161,3.000000,168.000000
construct/raw_member_write,100,0,102176,0.025006875,4085916,408591637,3.000000,168.000000
construct/raw_member_write,100,1,102432,0.025005583,4096365,409636520,3.000000,168.000000
construct/raw_member_write,100,2,102624,0.025004458,4104228,410422813,3.000000,168.000000
construct/raw_member_write,100,3,102784,0.025003000,4110867,411086670,3.000000,168.000000
construct/raw_member_write,100,4,102784,0.025001000,4111196,411119555,3.000000,168.000000
construct/raw_member_write,100,5,102720,0.025000583,4108704,410870419,3.000000,168.000000
construct/raw_member_write,100,6,102496,0.025000125,4099820,409981950,3.000000,168.000000
construct/scalars,100,0,49568,0.025000083,1982713,198271342,3.000000,552.000000
construct/scalars,100,1,48128,0.025010584,1924305,192430533,3.000000,552.000000
construct/scalars,100,2,48384,0.025010166,1934573,193457333,3.000000,552.000000
construct/scalars,100,3,48288,0.025000167,1931507,193150710,3.000000,552.000000
construct/scalars,100,4,49088,0.025012292,1962555,196255505,3.000000,552.000000
construct/scalars,100,5,48928,0.025003417,1956853,195685254,3.000000,552.000000
construct/scalars,100,6,49120,0.025015083,1963615,196361531,3.000000,552.000000
construct/filtered_summary,100,0,26720,0.025000875,1068763,106876259,5.000000,368.000000
construct/filtered_summary,100,1,27424,0.025014500,1096324,109632413,5.000000,368.000000
construct/filtered_summary,100,2,27392,0.025017542,1094912,109491172,5.000000,368.000000
construct/filtered_summary,100,3,27360,0.025003417,1094250,109425044,5.000000,368.000000
construct/filtered_summary,100,4,27392,0.025007000,1095373,109537330,5.000000,368.000000
construct/filtered_summary,100,5,27552,0.025016667,1101346,110134575,5.000000,368.000000
construct/filtered_summary,100,6,27456,0.025012625,1097686,109768567,5.000000,368.000000
construct/nested,100,0,16576,0.025036541,662072,66207229,15.000000,1352.000000
construct/nested,100,1,16672,0.025001250,666847,66684666,15.000000,1352.000000
construct/nested,100,2,17120,0.025015917,684364,68436428,15.000000,1352.000000
construct/nested,100,3,17184,0.025014417,686964,68696384,15.000000,1352.000000
construct/nested,100,4,17088,0.025014666,683119,68311925,15.000000,1352.000000
construct/nested,100,5,17120,0.025009167,684549,68454899,15.000000,1352.000000
construct/nested,100,6,17152,0.025033750,685155,68515504,15.000000,1352.000000
construct/navigate,100,0,47712,0.025001416,1908372,190837191,3.000000,168.000000
construct/navigate,100,1,47712,0.025006875,1907955,190795531,3.000000,168.000000
construct/navigate,100,2,47392,0.025013125,1894685,189468529,3.000000,168.000000
construct/navigate,100,3,47648,0.025002709,1905713,190571350,3.000000,168.000000
construct/navigate,100,4,47648,0.025015250,1904758,190475810,3.000000,168.000000
construct/navigate,100,5,47712,0.025006500,1907984,190798392,3.000000,168.000000
construct/navigate,100,6,47808,0.025012542,1911361,191136111,3.000000,168.000000
construct/raw_member,500,0,65344,0.025000958,2613660,1306829922,3.000000,168.000000
construct/raw_member,500,1,65216,0.025010459,2607549,1303774553,3.000000,168.000000
construct/raw_member,500,2,65312,0.025011667,2611261,1305630688,3.000000,168.000000
construct/raw_member,500,3,65408,0.025007041,2615583,1307791674,3.000000,168.000000
construct/raw_member,500,4,65344,0.025006291,2613102,1306551219,3.000000,168.000000
construct/raw_member,500,5,65440,0.025000791,2617517,1308758591,3.000000,168.000000
construct/raw_member,500,6,65152,0.025008666,2605177,1302588471,3.000000,168.000000
construct/raw_member_write,500,0,33376,0.025006084,1334715,667357592,3.000000,168.000000
construct/raw_member_write,500,1,33152,0.025013208,1325380,662689888,3.000000,168.000000
construct/raw_member_write,500,2,33184,0.025003250,1327187,663593733,3.000000,168.000000
construct/raw_member_write,500,3,33216,0.025018625,1327651,663825450,3.000000,168.000000
construct/raw_member_write,500,4,33376,0.025019042,1334024,667011950,3.000000,168.000000
construct/raw_member_write,500,5,33408,0.025016250,1335452,667725978,3.000000,168.000000
construct/raw_member_write,500,6,33408,0.025011250,1335719,667859463,3.000000,168.000000
construct/scalars,500,0,21952,0.025014417,877574,438786960,3.000000,552.000000
construct/scalars,500,1,21984,0.025001500,879307,439653621,3.000000,552.000000
construct/scalars,500,2,21984,0.025030250,878297,439148630,3.000000,552.000000
construct/scalars,500,3,21984,0.025000334,879348,439674126,3.000000,552.000000
construct/scalars,500,4,21984,0.025007416,879099,439549612,3.000000,552.000000
construct/scalars,500,5,21920,0.025013083,876341,438170697,3.000000,552.000000
construct/scalars,500,6,21984,0.025018834,878698,439349012,3.000000,552.000000
construct/filtered_summary,500,0,16320,0.025012750,652467,326233621,5.000000,368.000000
construct/filtered_summary,500,1,16288,0.025001292,651486,325743166,5.000000,368.000000
construct/filtered_summary,500,2,16288,0.025025666,650852,325425905,5.000000,368.000000
construct/filtered_summary,500,3,16320,0.025027458,652084,326041902,5.000000,368.000000
construct/filtered_summary,500,4,16352,0.025005000,653949,326974605,5.000000,368.000000
construct/filtered_summary,500,5,16352,0.025005875,653926,326963164,5.000000,368.000000
construct/filtered_summary,500,6,16352,0.025039667,653044,326521914,5.000000,368.000000
construct/nested,500,0,10944,0.025042542,437016,218508169,15.000000,1352.000000
construct/nested,500,1,10944,0.025000667,437748,218874160,15.000000,1352.000000
construct/nested,500,2,10752,0.025048000,429256,214627914,15.000000,1352.000000
construct/nested,500,3,10784,0.025028500,430869,215434405,15.000000,1352.000000
construct/nested,500,4,10848,0.025038167,433259,216629276,15.000000,1352.000000
construct/nested,500,5,10784,0.025022709,430969,215484263,15.000000,1352.000000
construct/nested,500,6,10784,0.025030000,430843,215421494,15.000000,1352.000000
construct/navigate,500,0,26272,0.025021708,1049968,524984146,3.000000,168.000000
construct/navigate,500,1,26336,0.025026375,1052330,526164896,3.000000,168.000000
construct/navigate,500,2,26336,0.025031167,1052128,526064166,3.000000,168.000000
construct/navigate,500,3,26368,0.025030208,1053447,526723549,3.000000,168.000000
construct/navigate,500,4,26240,0.025002500,1049495,524747525,3.000000,168.000000
construct/navigate,500,5,26336,0.025020375,1052582,526291073,3.000000,168.000000
construct/navigate,500,6,26368,0.025029542,1053475,526737565,3.000000,168.000000
construct/raw_member,1024,0,38176,0.025008250,1526536,1563173113,3.000000,168.000000
construct/raw_member,1024,1,38240,0.025013583,1528769,1565459854,3.000000,168.000000
construct/raw_member,1024,2,38240,0.025018000,1528499,1565183468,3.000000,168.000000
construct/raw_member,1024,3,38304,0.025004416,1531889,1568654753,3.000000,168.000000
construct/raw_member,1024,4,38336,0.025019875,1532222,1568995209,3.000000,168.000000
construct/raw_member,1024,5,38624,0.025014375,1544072,1581129890,3.000000,168.000000
construct/raw_member,1024,6,38080,0.025009333,1522632,1559174729,3.000000,168.000000
construct/raw_member_write,1024,0,18048,0.025025375,721188,738496506,3.000000,168.000000
construct/raw_member_write,1024,1,18016,0.025020584,720047,737328273,3.000000,168.000000
construct/raw_member_write,1024,2,18048,0.025031875,721001,738304741,3.000000,168.000000
construct/raw_member_write,1024,3,17984,0.025001959,719304,736566923,3.000000,168.000000
construct/raw_member_write,1024,4,18048,0.025034291,720931,738233489,3.000000,168.000000
construct/raw_member_write,1024,5,18048,0.025039333,720786,738084836,3.000000,168.000000
construct/raw_member_write,1024,6,18048,0.025031500,721012,738315802,3.000000,168.000000
construct/scalars,1024,0,12896,0.025000584,515828,528207821,3.000000,552.000000
construct/scalars,1024,1,12960,0.025051666,517331,529746804,3.000000,552.000000
construct/scalars,1024,2,12960,0.025012084,518150,530585136,3.000000,552.000000
construct/scalars,1024,3,12960,0.025028708,517805,530232723,3.000000,552.000000
construct/scalars,1024,4,12960,0.025037833,517617,530039481,3.000000,552.000000
construct/scalars,1024,5,12992,0.025052875,518583,531029193,3.000000,552.000000
construct/scalars,1024,6,12960,0.025002250,518353,530793829,3.000000,552.000000
construct/filtered_summary,1024,0,10688,0.025005792,427421,437679079,5.000000,368.000000
construct/filtered_summary,1024,1,10784,0.025036875,430725,441062073,5.000000,368.000000
construct/filtered_summary,1024,2,10720,0.025046208,428009,438281116,5.000000,368.000000
construct/filtered_summary,1024,3,10688,0.025046833,426721,436961911,5.000000,368.000000
construct/filtered_summary,1024,4,10688,0.025050708,426655,436894319,5.000000,368.000000
construct/filtered_summary,1024,5,10688,0.025025250,427089,437338768,5.000000,368.000000
construct/filtered_summary,1024,6,10688,0.025035667,426911,437156797,5.000000,368.000000
construct/nested,1024,0,7456,0.025083000,297253,304387195,15.000000,1352.000000
construct/nested,1024,1,7360,0.025014333,294231,301292863,15.000000,1352.000000
construct/nested,1024,2,7424,0.025043166,296448,303562896,15.000000,1352.000000
construct/nested,1024,3,7424,0.025013333,296802,303924951,15.000000,1352.000000
construct/nested,1024,4,7520,0.025073750,299915,307113216,15.000000,1352.000000
construct/nested,1024,5,7456,0.025008000,298145,305300064,15.000000,1352.000000
construct/nested,1024,6,7456,0.025015625,298054,305207006,15.000000,1352.000000
construct/navigate,1024,0,16896,0.025034125,674919,691116786,3.000000,168.000000
construct/navigate,1024,1,16896,0.025000334,675831,692050914,3.000000,168.000000
construct/navigate,1024,2,16928,0.025013709,676749,692990872,3.000000,168.000000
construct/navigate,1024,3,16928,0.025023917,676473,692708180,3.000000,168.000000
construct/navigate,1024,4,16896,0.025021000,675273,691479317,3.000000,168.000000
construct/navigate,1024,5,16928,0.025034041,676199,692428042,3.000000,168.000000
construct/navigate,1024,6,16928,0.025020667,676561,692798158,3.000000,168.000000
construct/raw_member,10240,0,4640,0.025131250,184631,1890618254,3.000000,168.000000
construct/raw_member,10240,1,4640,0.025106083,184816,1892513460,3.000000,168.000000
construct/raw_member,10240,2,4640,0.025120292,184711,1891442982,3.000000,168.000000
construct/raw_member,10240,3,4640,0.025127458,184659,1890903569,3.000000,168.000000
construct/raw_member,10240,4,4640,0.025098209,184874,1893107193,3.000000,168.000000
construct/raw_member,10240,5,4608,0.025046750,183976,1883913881,3.000000,168.000000
construct/raw_member,10240,6,4640,0.025152375,184476,1889030360,3.000000,168.000000
construct/raw_member_write,10240,0,2016,0.025221041,79933,818516571,3.000000,168.000000
construct/raw_member_write,10240,1,2016,0.025266750,79789,817035828,3.000000,168.000000
construct/raw_member_write,10240,2,2016,0.025216542,79948,818662606,3.000000,168.000000
construct/raw_member_write,10240,3,2016,0.025153125,80149,820726649,3.000000,168.000000
construct/raw_member_write,10240,4,2016,0.025313750,79641,815518839,3.000000,168.000000
construct/raw_member_write,10240,5,2016,0.025260833,79807,817227207,3.000000,168.000000
construct/raw_member_write,10240,6,2016,0.025306042,79665,815767239,3.000000,168.000000
construct/scalars,10240,0,1600,0.025418625,62946,644566730,3.000000,552.000000
construct/scalars,10240,1,1600,0.025377125,63049,645620810,3.000000,552.000000
construct/scalars,10240,2,1600,0.025378959,63044,645574155,3.000000,552.000000
construct/scalars,10240,3,1600,0.025359959,63092,646057827,3.000000,552.000000
construct/scalars,10240,4,1600,0.025431583,62914,644238308,3.000000,552.000000
construct/scalars,10240,5,1600,0.025377250,63049,645617630,3.000000,552.000000
construct/scalars,10240,6,1600,0.025352083,63111,646258534,3.000000,552.000000
construct/filtered_summary,10240,0,1568,0.025517083,61449,629238068,5.000000,368.000000
construct/filtered_summary,10240,1,1536,0.025022084,61386,628590328,5.000000,368.000000
construct/filtered_summary,10240,2,1536,0.025020750,61389,628623842,5.000000,368.000000
construct/filtered_summary,10240,3,1568,0.025508417,61470,629451839,5.000000,368.000000
construct/filtered_summary,10240,4,1568,0.025503542,61482,629572159,5.000000,368.000000
construct/filtered_summary,10240,5,1536,0.025035208,61354,628260808,5.000000,368.000000
construct/filtered_summary,10240,6,1536,0.025063083,61285,627562060,5.000000,368.000000
construct/nested,10240,0,1152,0.025200833,45713,468098812,15.000000,1352.000000
construct/nested,10240,1,1152,0.025231750,45657,467525241,15.000000,1352.000000
construct/nested,10240,2,1152,0.025220416,45677,467735346,15.000000,1352.000000
construct/nested,10240,3,1152,0.025162125,45783,468818909,15.000000,1352.000000
construct/nested,10240,4,1152,0.025177958,45754,468524096,15.000000,1352.000000
construct/nested,10240,5,1152,0.025307500,45520,466125852,15.000000,1352.000000
construct/nested,10240,6,1152,0.025227417,45665,467605542,15.000000,1352.000000
construct/navigate,10240,0,2336,0.025270459,92440,946585102,3.000000,168.000000
construct/navigate,10240,1,2336,0.025308583,92301,945159198,3.000000,168.000000
construct/navigate,10240,2,2336,0.025342250,92178,943903560,3.000000,168.000000
construct/navigate,10240,3,2336,0.025315667,92275,944894717,3.000000,168.000000
construct/navigate,10240,4,2304,0.025031417,92044,942533936,3.000000,168.000000
construct/navigate,10240,5,2336,0.025305209,92313,945285218,3.000000,168.000000
construct/navigate,10240,6,2336,0.025296083,92346,945626246,3.000000,168.000000
construct/raw_member,65536,0,768,0.026023250,29512,1934103081,3.000000,168.000000
construct/raw_member,65536,1,768,0.026014500,29522,1934753618,3.000000,168.000000
construct/raw_member,65536,2,768,0.026063792,29466,1931094601,3.000000,168.000000
construct/raw_member,65536,3,768,0.026040250,29493,1932840430,3.000000,168.000000
construct/raw_member,65536,4,768,0.026007042,29530,1935308445,3.000000,168.000000
construct/raw_member,65536,5,768,0.026056875,29474,1931607225,3.000000,168.000000
construct/raw_member,65536,6,768,0.026035125,29499,1933220908,3.000000,168.000000
construct/raw_member_write,65536,0,320,0.025447250,12575,824117341,3.000000,168.000000
construct/raw_member_write,65536,1,320,0.025369584,12614,826640279,3.000000,168.000000
construct/raw_member_write,65536,2,320,0.025396084,12600,825777707,3.000000,168.000000
construct/raw_member_write,65536,3,320,0.025364041,12616,826820931,3.000000,168.000000
construct/raw_member_write,65536,4,320,0.025332583,12632,827847677,3.000000,168.000000
construct/raw_member_write,65536,5,320,0.025222125,12687,831473161,3.000000,168.000000
construct/raw_member_write,65536,6,320,0.025477958,12560,823124051,3.000000,168.000000
construct/scalars,65536,0,256,0.025484000,10046,658343117,3.000000,552.000000
construct/scalars,65536,1,256,0.025466542,10052,658794429,3.000000,552.000000
construct/scalars,65536,2,256,0.025498375,10040,657971969,3.000000,552.000000
construct/scalars,65536,3,256,0.025478000,10048,658498155,3.000000,552.000000
construct/scalars,65536,4,256,0.025507208,10036,657744117,3.000000,552.000000
construct/scalars,65536,5,256,0.025457792,10056,659020861,3.000000,552.000000
construct/scalars,65536,6,256,0.025318459,10111,662647596,3.000000,552.000000
construct/filtered_summary,65536,0,256,0.025571458,10011,656091491,5.000000,368.000000
construct/filtered_summary,65536,1,256,0.025612625,9995,655036959,5.000000,368.000000
construct/filtered_summary,65536,2,256,0.025546625,10021,656729255,5.000000,368.000000
construct/filtered_summary,65536,3,256,0.025540459,10023,656887803,5.000000,368.000000
construct/filtered_summary,65536,4,256,0.025565959,10013,656232610,5.000000,368.000000
construct/filtered_summary,65536,5,256,0.025565166,10014,656252965,5.000000,368.000000
construct/filtered_summary,65536,6,256,0.025536042,10025,657001426,5.000000,368.000000
construct/nested,65536,0,192,0.025493834,7531,493566876,15.000000,1352.000000
construct/nested,65536,1,192,0.025572292,7508,492052570,15.000000,1352.000000
construct/nested,65536,2,192,0.025551125,7514,492460195,15.000000,1352.000000
construct/nested,65536,3,192,0.025524458,7522,492974699,15.000000,1352.000000
construct/nested,65536,4,192,0.025272416,7597,497891139,15.000000,1352.000000
construct/nested,65536,5,192,0.025322709,7582,496902286,15.000000,1352.000000
construct/nested,65536,6,192,0.025444792,7546,494518171,15.000000,1352.000000
construct/navigate,65536,0,384,0.025633083,14981,981771252,3.000000,168.000000
construct/navigate,65536,1,384,0.025677250,14955,980082524,3.000000,168.000000
construct/navigate,65536,2,384,0.025680750,14953,979948950,3.000000,168.000000
construct/navigate,65536,3,384,0.025680250,14953,979968030,3.000000,168.000000
construct/navigate,65536,4,384,0.025696333,14944,979354681,3.000000,168.000000
construct/navigate,65536,5,384,0.025653959,14968,980972333,3.000000,168.000000
construct/navigate,65536,6,384,0.025670833,14959,980327518,3.000000,168.000000
construct/raw_member,1048576,0,64,0.034497250,1855,1945339527,3.000000,168.000000
construct/raw_member,1048576,1,64,0.034542291,1853,1942802925,3.000000,168.000000
construct/raw_member,1048576,2,64,0.034534166,1853,1943260017,3.000000,168.000000
construct/raw_member,1048576,3,64,0.034514709,1854,1944355492,3.000000,168.000000
construct/raw_member,1048576,4,64,0.034539667,1853,1942950521,3.000000,168.000000
construct/raw_member,1048576,5,64,0.034514500,1854,1944367266,3.000000,168.000000
construct/raw_member,1048576,6,64,0.034485083,1856,1946025880,3.000000,168.000000
construct/raw_member_write,1048576,0,32,0.040787708,785,822660396,3.000000,168.000000
construct/raw_member_write,1048576,1,32,0.040807959,784,822252149,3.000000,168.000000
construct/raw_member_write,1048576,2,32,0.041065625,779,817092934,3.000000,168.000000
construct/raw_member_write,1048576,3,32,0.040982375,781,818752744,3.000000,168.000000
construct/raw_member_write,1048576,4,32,0.040820583,784,821997863,3.000000,168.000000
construct/raw_member_write,1048576,5,32,0.040667125,787,825099684,3.000000,168.000000
construct/raw_member_write,1048576,6,32,0.040743208,785,823558911,3.000000,168.000000
construct/scalars,1048576,0,32,0.050729417,631,661439338,3.000000,552.000000
construct/scalars,1048576,1,32,0.050681500,631,662064698,3.000000,552.000000
construct/scalars,1048576,2,32,0.050774000,630,660858550,3.000000,552.000000
construct/scalars,1048576,3,32,0.050494459,634,664517111,3.000000,552.000000
construct/scalars,1048576,4,32,0.050672041,632,662188286,3.000000,552.000000
construct/scalars,1048576,5,32,0.050651625,632,662455193,3.000000,552.000000
construct/scalars,1048576,6,32,0.050695417,631,661882947,3.000000,552.000000
construct/filtered_summary,1048576,0,32,0.050600292,632,663127240,5.000000,368.000000
construct/filtered_summary,1048576,1,32,0.050575875,633,663447385,5.000000,368.000000
construct/filtered_summary,1048576,2,32,0.050534042,633,663996599,5.000000,368.000000
construct/filtered_summary,1048576,3,32,0.050425709,635,665423108,5.000000,368.000000
construct/filtered_summary,1048576,4,32,0.050693000,631,661914505,5.000000,368.000000
construct/filtered_summary,1048576,5,32,0.050761791,630,661017496,5.000000,368.000000
construct/filtered_summary,1048576,6,32,0.050722625,631,661527908,5.000000,368.000000
construct/nested,1048576,0,32,0.067146625,477,499718817,15.000000,1352.000000
construct/nested,1048576,1,32,0.067356000,475,498165449,15.000000,1352.000000
construct/nested,1048576,2,32,0.067494292,474,497144736,15.000000,1352.000000
construct/nested,1048576,3,32,0.067301666,475,498567628,15.000000,1352.000000
construct/nested,1048576,4,32,0.067141208,477,499759135,15.000000,1352.000000
construct/nested,1048576,5,32,0.067380167,475,497986774,15.000000,1352.000000
construct/nested,1048576,6,32,0.067325500,475,498391130,15.000000,1352.000000
construct/navigate,1048576,0,32,0.033909709,944,989522853,3.000000,168.000000
construct/navigate,1048576,1,32,0.033987834,942,987248320,3.000000,168.000000
construct/navigate,1048576,2,32,0.033932000,943,988872804,3.000000,168.000000
construct/navigate,1048576,3,32,0.033922458,943,989150963,3.000000,168.000000
construct/navigate,1048576,4,32,0.033988083,942,987241087,3.000000,168.000000
construct/navigate,1048576,5,32,0.033909042,944,989542317,3.000000,168.000000
construct/navigate,1048576,6,32,0.033948709,943,988386097,3.000000,168.000000
construct/mapped_objects,262,0,10848,0.025072167,432671,113359807,12.000000,1184.000000
construct/mapped_objects,262,1,10944,0.025011250,437563,114641531,12.000000,1184.000000
construct/mapped_objects,262,2,10976,0.025039042,438355,114849122,12.000000,1184.000000
construct/mapped_objects,262,3,10976,0.025062000,437954,114743915,12.000000,1184.000000
construct/mapped_objects,262,4,10912,0.025009500,436314,114314321,12.000000,1184.000000
construct/mapped_objects,262,5,10912,0.025051000,435591,114124945,12.000000,1184.000000
construct/mapped_objects,262,6,10944,0.025013166,437530,114632750,12.000000,1184.000000
construct/collected_objects,262,0,10592,0.025038500,423029,110833476,15.000000,1352.000000
construct/collected_objects,262,1,10592,0.025044334,422930,110807658,15.000000,1352.000000
construct/collected_objects,262,2,10528,0.025008791,420972,110294656,15.000000,1352.000000
construct/collected_objects,262,3,10656,0.025048208,425420,111459950,15.000000,1352.000000
construct/collected_objects,262,4,10656,0.025063792,425155,111390647,15.000000,1352.000000
construct/collected_objects,262,5,10624,0.025013792,424726,111278130,15.000000,1352.000000
construct/collected_objects,262,6,10592,0.025002542,423637,110992874,15.000000,1352.000000
construct/collected_write,262,0,9888,0.025064625,394500,103359057,15.000000,1352.000000
construct/collected_write,262,1,9824,0.025045917,392240,102766770,15.000000,1352.000000
construct/collected_write,262,2,9792,0.025005375,391596,102598101,15.000000,1352.000000
construct/collected_write,262,3,9760,0.025004042,390337,102268265,15.000000,1352.000000
construct/collected_write,262,4,9824,0.025021875,392616,102865513,15.000000,1352.000000
construct/collected_write,262,5,9824,0.025046792,392226,102763180,15.000000,1352.000000
construct/collected_write,262,6,9760,0.025032208,389898,102153194,15.000000,1352.000000
construct/filtered_aggregate,262,0,8992,0.025079584,358539,93937124,3.000000,296.000000
construct/filtered_aggregate,262,1,9024,0.025066917,359996,94319058,3.000000,296.000000
construct/filtered_aggregate,262,2,8992,0.025004917,359609,94217629,3.000000,296.000000
construct/filtered_aggregate,262,3,9056,0.025085000,361013,94585290,3.000000,296.000000
construct/filtered_aggregate,262,4,8992,0.025019583,359398,94162401,3.000000,296.000000
construct/filtered_aggregate,262,5,8992,0.025027834,359280,94131358,3.000000,296.000000
construct/filtered_aggregate,262,6,9024,0.025062208,360064,94336780,3.000000,296.000000
construct/mapped_objects,4334,0,736,0.025895250,28422,123181819,192.000000,18944.000000
construct/mapped_objects,4334,1,736,0.025796792,28531,123651964,192.000000,18944.000000
construct/mapped_objects,4334,2,736,0.025659208,28684,124314983,192.000000,18944.000000
construct/mapped_objects,4334,3,736,0.025704458,28633,124096139,192.000000,18944.000000
construct/mapped_objects,4334,4,736,0.025648250,28696,124368095,192.000000,18944.000000
construct/mapped_objects,4334,5,736,0.025589959,28761,124651392,192.000000,18944.000000
construct/mapped_objects,4334,6,736,0.025621917,28725,124495915,192.000000,18944.000000
construct/collected_objects,4334,0,736,0.025814042,28512,123569335,199.000000,21992.000000
construct/collected_objects,4334,1,736,0.025818875,28506,123546204,199.000000,21992.000000
construct/collected_objects,4334,2,736,0.025761041,28570,123823568,199.000000,21992.000000
construct/collected_objects,4334,3,736,0.025744584,28589,123902721,199.000000,21992.000000
construct/collected_objects,4334,4,736,0.026024875,28281,122568274,199.000000,21992.000000
construct/collected_objects,4334,5,736,0.026008708,28298,122644462,199.000000,21992.000000
construct/collected_objects,4334,6,736,0.025934667,28379,122994600,199.000000,21992.000000
construct/collected_write,4334,0,672,0.025917291,25929,112374708,199.000000,21992.000000
construct/collected_write,4334,1,672,0.026145708,25702,111392967,199.000000,21992.000000
construct/collected_write,4334,2,672,0.026071916,25775,111708246,199.000000,21992.000000
construct/collected_write,4334,3,672,0.025949375,25897,112235767,199.000000,21992.000000
construct/collected_write,4334,4,672,0.025990000,25856,112060331,199.000000,21992.000000
construct/collected_write,4334,5,672,0.026025459,25821,111907652,199.000000,21992.000000
construct/collected_write,4334,6,672,0.025988542,25858,112066618,199.000000,21992.000000
construct/filtered_aggregate,4334,0,672,0.026203125,25646,111148880,3.000000,296.000000
construct/filtered_aggregate,4334,1,672,0.025972208,25874,112137097,3.000000,296.000000
construct/filtered_aggregate,4334,2,672,0.025971625,25874,112139614,3.000000,296.000000
construct/filtered_aggregate,4334,3,672,0.025833458,26013,112739379,3.000000,296.000000
construct/filtered_aggregate,4334,4,672,0.025733875,26113,113175649,3.000000,296.000000
construct/filtered_aggregate,4334,5,672,0.025437917,26417,114492393,3.000000,296.000000
construct/filtered_aggregate,4334,6,672,0.025486583,26367,114273773,3.000000,296.000000
construct/mapped_objects,36190,0,96,0.026988708,3557,128729393,1536.000000,151552.000000
construct/mapped_objects,36190,1,96,0.026863708,3574,129328386,1536.000000,151552.000000
construct/mapped_objects,36190,2,96,0.027000125,3556,128674960,1536.000000,151552.000000
construct/mapped_objects,36190,3,96,0.027074583,3546,128321090,1536.000000,151552.000000
construct/mapped_objects,36190,4,96,0.027031708,3551,128524620,1536.000000,151552.000000
construct/mapped_objects,36190,5,96,0.027051166,3549,128432172,1536.000000,151552.000000
construct/mapped_objects,36190,6,96,0.027031042,3551,128527787,1536.000000,151552.000000
construct/collected_objects,36190,0,96,0.026854458,3575,129372933,1546.000000,176104.000000
construct/collected_objects,36190,1,96,0.026736208,3591,129945129,1546.000000,176104.000000
construct/collected_objects,36190,2,96,0.026794750,3583,129661221,1546.000000,176104.000000
construct/collected_objects,36190,3,96,0.027014000,3554,128608869,1546.000000,176104.000000
construct/collected_objects,36190,4,96,0.026971000,3559,128813911,1546.000000,176104.000000
construct/collected_objects,36190,5,96,0.026841583,3577,129434989,1546.000000,176104.000000
construct/collected_objects,36190,6,96,0.026808166,3581,129596333,1546.000000,176104.000000
construct/collected_write,36190,0,96,0.029404958,3265,118151504,1546.000000,176104.000000
construct/collected_write,36190,1,96,0.029402542,3265,118161212,1546.000000,176104.000000
construct/collected_write,36190,2,96,0.029374333,3268,118274686,1546.000000,176104.000000
construct/collected_write,36190,3,96,0.029336417,3272,118427550,1546.000000,176104.000000
construct/collected_write,36190,4,96,0.029305833,3276,118551143,1546.000000,176104.000000
construct/collected_write,36190,5,96,0.029463125,3258,117918245,1546.000000,176104.000000
construct/collected_write,36190,6,96,0.029369375,3269,118294652,1546.000000,176104.000000
construct/filtered_aggregate,36190,0,96,0.029378708,3268,118257072,3.000000,296.000000
construct/filtered_aggregate,36190,1,96,0.030118834,3187,115351079,3.000000,296.000000
construct/filtered_aggregate,36190,2,96,0.029730334,3229,116858425,3.000000,296.000000
construct/filtered_aggregate,36190,3,96,0.029606416,3243,117347537,3.000000,296.000000
construct/filtered_aggregate,36190,4,96,0.029570209,3247,117491222,3.000000,296.000000
construct/filtered_aggregate,36190,5,96,0.029565750,3247,117508942,3.000000,296.000000
construct/filtered_aggregate,36190,6,96,0.029356208,3270,118347710,3.000000,296.000000
construct/mapped_objects,624958,0,32,0.145157542,220,137772077,24576.000000,2424832.000000
construct/mapped_objects,624958,1,32,0.146355792,219,136644104,24576.000000,2424832.000000
construct/mapped_objects,624958,2,32,0.144756208,221,138154047,24576.000000,2424832.000000
construct/mapped_objects,624958,3,32,0.144897292,221,138019529,24576.000000,2424832.000000
construct/mapped_objects,624958,4,32,0.144893917,221,138022744,24576.000000,2424832.000000
construct/mapped_objects,624958,5,32,0.146900833,218,136137118,24576.000000,2424832.000000
construct/mapped_objects,624958,6,32,0.145903917,219,137067300,24576.000000,2424832.000000
construct/collected_objects,624958,0,32,0.144907500,221,138009806,24590.000000,2818024.000000
construct/collected_objects,624958,1,32,0.145505875,220,137442258,24590.000000,2818024.000000
construct/collected_objects,624958,2,32,0.145559667,220,137391466,24590.000000,2818024.000000
construct/collected_objects,624958,3,32,0.145728125,220,137232645,24590.000000,2818024.000000
construct/collected_objects,624958,4,32,0.145716500,220,137243593,24590.000000,2818024.000000
construct/collected_objects,624958,5,32,0.146252208,219,136740883,24590.000000,2818024.000000
construct/collected_objects,624958,6,32,0.145407166,220,137535560,24590.000000,2818024.000000
construct/collected_write,624958,0,32,0.159582875,201,125318309,24590.000000,2818024.000000
construct/collected_write,624958,1,32,0.160564875,199,124551874,24590.000000,2818024.000000
construct/collected_write,624958,2,32,0.160859667,199,124323619,24590.000000,2818024.000000
construct/collected_write,624958,3,32,0.160157917,200,124868357,24590.000000,2818024.000000
construct/collected_write,624958,4,32,0.159918667,200,125055169,24590.000000,2818024.000000
construct/collected_write,624958,5,32,0.159615666,200,125292564,24590.000000,2818024.000000
construct/collected_write,624958,6,32,0.160964125,199,124242939,24590.000000,2818024.000000
construct/filtered_aggregate,624958,0,32,0.160207667,200,124829581,3.000000,296.000000
construct/filtered_aggregate,624958,1,32,0.159647500,200,125267580,3.000000,296.000000
construct/filtered_aggregate,624958,2,32,0.159759625,200,125179663,3.000000,296.000000
construct/filtered_aggregate,624958,3,32,0.160223959,200,124816888,3.000000,296.000000
construct/filtered_aggregate,624958,4,32,0.159903958,200,125066673,3.000000,296.000000
construct/filtered_aggregate,624958,5,32,0.158518375,202,126159860,3.000000,296.000000
construct/filtered_aggregate,624958,6,32,0.158149459,202,126454154,3.000000,296.000000
construct/nested_summary,1036,0,960,0.025245583,38026,39395406,3.000000,296.000000
construct/nested_summary,1036,1,960,0.025163084,38151,39524567,3.000000,296.000000
construct/nested_summary,1036,2,960,0.025139917,38186,39560990,3.000000,296.000000
construct/nested_summary,1036,3,960,0.025097000,38252,39628641,3.000000,296.000000
construct/nested_summary,1036,4,960,0.025064959,38300,39679299,3.000000,296.000000
construct/nested_summary,1036,5,960,0.025008083,38388,39769542,3.000000,296.000000
construct/nested_summary,1036,6,992,0.025825500,38412,39794467,3.000000,296.000000
construct/nested_summary,16396,0,64,0.025792292,2481,40684403,3.000000,296.000000
construct/nested_summary,16396,1,64,0.025756958,2485,40740215,3.000000,296.000000
construct/nested_summary,16396,2,64,0.025839333,2477,40610336,3.000000,296.000000
construct/nested_summary,16396,3,64,0.025742083,2486,40763756,3.000000,296.000000
construct/nested_summary,16396,4,64,0.025665625,2494,40885192,3.000000,296.000000
construct/nested_summary,16396,5,64,0.025764875,2484,40727696,3.000000,296.000000
construct/nested_summary,16396,6,64,0.025752584,2485,40747134,3.000000,296.000000
construct/nested_summary,1048588,0,32,0.822822291,39,40780149,3.000000,296.000000
construct/nested_summary,1048588,1,32,0.822515792,39,40795346,3.000000,296.000000
construct/nested_summary,1048588,2,32,0.823208250,39,40761030,3.000000,296.000000
construct/nested_summary,1048588,3,32,0.822390458,39,40801563,3.000000,296.000000
construct/nested_summary,1048588,4,32,0.822906750,39,40775964,3.000000,296.000000
construct/nested_summary,1048588,5,32,0.824156333,39,40714140,3.000000,296.000000
construct/nested_summary,1048588,6,32,0.821751875,39,40833270,3.000000,296.000000
compile/lexical,0,0,16288,0.025036209,650578,0,42.000000,2809.000000
compile/lexical,0,1,16480,0.025021666,658629,0,42.000000,2809.000000
compile/lexical,0,2,16416,0.025021708,656070,0,42.000000,2809.000000
compile/lexical,0,3,16608,0.025007917,664110,0,42.000000,2809.000000
compile/lexical,0,4,16672,0.025011375,666577,0,42.000000,2809.000000
compile/lexical,0,5,16800,0.025046291,670758,0,42.000000,2809.000000
compile/lexical,0,6,16800,0.025046208,670760,0,42.000000,2809.000000
lexical/lookup,100,0,72640,0.025003250,2905222,290522232,5.000000,568.000000
lexical/lookup,100,1,74304,0.025000583,2972091,297209069,5.000000,568.000000
lexical/lookup,100,2,74496,0.025008667,2978807,297880731,5.000000,568.000000
lexical/lookup,100,3,74336,0.025010125,2972236,297223624,5.000000,568.000000
lexical/lookup,100,4,74112,0.025009292,2963379,296337857,5.000000,568.000000
lexical/lookup,100,5,74208,0.025002167,2968063,296806273,5.000000,568.000000
lexical/lookup,100,6,73792,0.025001833,2951464,295146360,5.000000,568.000000
lexical/repeated_binding,100,0,63872,0.025006375,2554229,255422867,5.000000,568.000000
lexical/repeated_binding,100,1,64288,0.025011792,2570308,257030764,5.000000,568.000000
lexical/repeated_binding,100,2,64512,0.025006667,2579792,257979202,5.000000,568.000000
lexical/repeated_binding,100,3,64384,0.025009709,2574360,257436022,5.000000,568.000000
lexical/repeated_binding,100,4,64576,0.025007541,2582261,258226109,5.000000,568.000000
lexical/repeated_binding,100,5,64256,0.025002333,2570000,257000017,5.000000,568.000000
lexical/repeated_binding,100,6,64224,0.025003042,2568647,256864745,5.000000,568.000000
lexical/retained_sequence,100,0,44608,0.025013209,1783378,178337773,7.000000,712.000000
lexical/retained_sequence,100,1,45216,0.025017041,1807408,180740800,7.000000,712.000000
lexical/retained_sequence,100,2,45024,0.025001084,1800882,180088191,7.000000,712.000000
lexical/retained_sequence,100,3,45568,0.025004083,1822422,182242236,7.000000,712.000000
lexical/retained_sequence,100,4,45536,0.025006458,1820970,182096961,7.000000,712.000000
lexical/retained_sequence,100,5,45632,0.025002041,1825131,182513100,7.000000,712.000000
lexical/retained_sequence,100,6,45728,0.025015875,1827959,182795925,7.000000,712.000000
lexical/closure_call,100,0,40032,0.025006875,1600840,160083977,7.000000,792.000000
lexical/closure_call,100,1,40288,0.025006500,1611101,161110111,7.000000,792.000000
lexical/closure_call,100,2,40352,0.025019000,1612854,161285423,7.000000,792.000000
lexical/closure_call,100,3,40544,0.025003583,1621528,162152760,7.000000,792.000000
lexical/closure_call,100,4,40544,0.025014875,1620796,162079563,7.000000,792.000000
lexical/closure_call,100,5,40576,0.025007959,1622523,162252345,7.000000,792.000000
lexical/closure_call,100,6,40672,0.025005250,1626538,162653843,7.000000,792.000000
lexical/escaped_closure,100,0,35136,0.025000125,1405433,140543297,9.000000,1016.000000
lexical/escaped_closure,100,1,35232,0.025015042,1408433,140843257,9.000000,1016.000000
lexical/escaped_closure,100,2,35232,0.025000750,1409238,140923772,9.000000,1016.000000
lexical/escaped_closure,100,3,35072,0.025002334,1402749,140274904,9.000000,1016.000000
lexical/escaped_closure,100,4,35200,0.025017666,1407006,140700575,9.000000,1016.000000
lexical/escaped_closure,100,5,35232,0.025000417,1409256,140925649,9.000000,1016.000000
lexical/escaped_closure,100,6,35360,0.025002375,1414266,141426564,9.000000,1016.000000
lexical/mixed,100,0,19616,0.025007666,784399,78439947,13.000000,1504.000000
lexical/mixed,100,1,19616,0.025016375,784126,78412640,13.000000,1504.000000
lexical/mixed,100,2,19776,0.025033667,789976,78997615,13.000000,1504.000000
lexical/mixed,100,3,19712,0.025013708,788048,78804790,13.000000,1504.000000
lexical/mixed,100,4,19584,0.025005125,783199,78319944,13.000000,1504.000000
lexical/mixed,100,5,19584,0.025035084,782262,78226220,13.000000,1504.000000
lexical/mixed,100,6,19680,0.025024042,786444,78644369,13.000000,1504.000000
lexical/lookup,500,0,32736,0.025021625,1308308,654154157,5.000000,568.000000
lexical/lookup,500,1,32544,0.025019000,1300771,650385707,5.000000,568.000000
lexical/lookup,500,2,32640,0.025021709,1304467,652233626,5.000000,568.000000
lexical/lookup,500,3,32608,0.025003042,1304161,652080655,5.000000,568.000000
lexical/lookup,500,4,32800,0.025004041,1311788,655893981,5.000000,568.000000
lexical/lookup,500,5,32768,0.025015375,1309914,654957201,5.000000,568.000000
lexical/lookup,500,6,32832,0.025021125,1312171,656085608,5.000000,568.000000
lexical/repeated_binding,500,0,30144,0.025007459,1205400,602700178,5.000000,568.000000
lexical/repeated_binding,500,1,30272,0.025019042,1209958,604979199,5.000000,568.000000
lexical/repeated_binding,500,2,30208,0.025007208,1207972,603985859,5.000000,568.000000
lexical/repeated_binding,500,3,30240,0.025006458,1209288,604643808,5.000000,568.000000
lexical/repeated_binding,500,4,30272,0.025022667,1209783,604891557,5.000000,568.000000
lexical/repeated_binding,500,5,30240,0.025007000,1209261,604630703,5.000000,568.000000
lexical/repeated_binding,500,6,30336,0.025009000,1213003,606501659,5.000000,568.000000
lexical/retained_sequence,500,0,25600,0.025012583,1023485,511742430,7.000000,712.000000
lexical/retained_sequence,500,1,25632,0.025028625,1024107,512053699,7.000000,712.000000
lexical/retained_sequence,500,2,25632,0.025023167,1024331,512165387,7.000000,712.000000
lexical/retained_sequence,500,3,25568,0.025005125,1022510,511255193,7.000000,712.000000
lexical/retained_sequence,500,4,25632,0.025012000,1024788,512394051,7.000000,712.000000
lexical/retained_sequence,500,5,25632,0.025012708,1024759,512379547,7.000000,712.000000
lexical/retained_sequence,500,6,25568,0.025001959,1022640,511319933,7.000000,712.000000
lexical/closure_call,500,0,20032,0.025009167,800986,400493147,7.000000,792.000000
lexical/closure_call,500,1,20096,0.025010375,803507,401753272,7.000000,792.000000
lexical/closure_call,500,2,20128,0.025030375,804143,402071483,7.000000,792.000000
lexical/closure_call,500,3,20032,0.025009625,800972,400485813,7.000000,792.000000
lexical/closure_call,500,4,20128,0.025027834,804225,402112304,7.000000,792.000000
lexical/closure_call,500,5,20192,0.025029917,806715,403357310,7.000000,792.000000
lexical/closure_call,500,6,20160,0.025024958,805596,402797879,7.000000,792.000000
lexical/escaped_closure,500,0,18560,0.025016000,741925,370962584,9.000000,1016.000000
lexical/escaped_closure,500,1,18560,0.025040542,741198,370599007,9.000000,1016.000000
lexical/escaped_closure,500,2,18432,0.025036875,736194,368097057,9.000000,1016.000000
lexical/escaped_closure,500,3,18464,0.025010334,738255,369127417,9.000000,1016.000000
lexical/escaped_closure,500,4,18432,0.025000750,737258,368628941,9.000000,1016.000000
lexical/escaped_closure,500,5,18400,0.025041625,734777,367388298,9.000000,1016.000000
lexical/escaped_closure,500,6,18432,0.025022375,736621,368310362,9.000000,1016.000000
lexical/mixed,500,0,12992,0.025021375,519236,259618027,13.000000,1504.000000
lexical/mixed,500,1,12992,0.025033083,518993,259496603,13.000000,1504.000000
lexical/mixed,500,2,12992,0.025011958,519432,259715773,13.000000,1504.000000
lexical/mixed,500,3,13056,0.025029334,521628,260813971,13.000000,1504.000000
lexical/mixed,500,4,13152,0.025061167,524796,262397996,13.000000,1504.000000
lexical/mixed,500,5,13088,0.025056458,522340,261170194,13.000000,1504.000000
lexical/mixed,500,6,13056,0.025024459,521730,260864780,13.000000,1504.000000
lexical/lookup,1024,0,19360,0.025015750,773912,792486334,5.000000,568.000000
lexical/lookup,1024,1,19360,0.025053292,772753,791298804,5.000000,568.000000
lexical/lookup,1024,2,19392,0.025027209,774837,793432780,5.000000,568.000000
lexical/lookup,1024,3,19296,0.025004500,771701,790221920,5.000000,568.000000
lexical/lookup,1024,4,19360,0.025021708,773728,792297632,5.000000,568.000000
lexical/lookup,1024,5,19264,0.025013542,770143,788626257,5.000000,568.000000
lexical/lookup,1024,6,19328,0.025018083,772561,791102660,5.000000,568.000000
lexical/repeated_binding,1024,0,18368,0.025021625,734085,751703057,5.000000,568.000000
lexical/repeated_binding,1024,1,18400,0.025038041,734882,752518937,5.000000,568.000000
lexical/repeated_binding,1024,2,18432,0.025012042,736925,754611239,5.000000,568.000000
lexical/repeated_binding,1024,3,18432,0.025003291,737183,754875348,5.000000,568.000000
lexical/repeated_binding,1024,4,18432,0.025032958,736309,753980732,5.000000,568.000000
lexical/repeated_binding,1024,5,18432,0.025006292,737094,754784756,5.000000,568.000000
lexical/repeated_binding,1024,6,18432,0.025010833,736961,754647716,5.000000,568.000000
lexical/retained_sequence,1024,0,16480,0.025035667,658261,674059133,7.000000,712.000000
lexical/retained_sequence,1024,1,16480,0.025016292,658771,674581189,7.000000,712.000000
lexical/retained_sequence,1024,2,16544,0.025013458,661404,677277648,7.000000,712.000000
lexical/retained_sequence,1024,3,16480,0.025005000,659068,674885823,7.000000,712.000000
lexical/retained_sequence,1024,4,16512,0.025037167,659500,675327524,7.000000,712.000000
lexical/retained_sequence,1024,5,16512,0.025015417,660073,675914697,7.000000,712.000000
lexical/retained_sequence,1024,6,16608,0.025044958,663127,679042544,7.000000,712.000000
lexical/closure_call,1024,0,12288,0.025048459,490569,502342759,7.000000,792.000000
lexical/closure_call,1024,1,12288,0.025018833,491150,502937607,7.000000,792.000000
lexical/closure_call,1024,2,12288,0.025051917,490501,502273419,7.000000,792.000000
lexical/closure_call,1024,3,12288,0.025047166,490594,502368691,7.000000,792.000000
lexical/closure_call,1024,4,12320,0.025049708,491822,503625831,7.000000,792.000000
lexical/closure_call,1024,5,12320,0.025040375,492005,503813541,7.000000,792.000000
lexical/closure_call,1024,6,12288,0.025027625,490977,502760929,7.000000,792.000000
lexical/escaped_closure,1024,0,11744,0.025005459,469657,480929224,9.000000,1016.000000
lexical/escaped_closure,1024,1,11776,0.025057792,469954,481232504,9.000000,1016.000000
lexical/escaped_closure,1024,2,11744,0.025060750,468621,479868160,9.000000,1016.000000
lexical/escaped_closure,1024,3,11776,0.025059917,469914,481191697,9.000000,1016.000000
lexical/escaped_closure,1024,4,11776,0.025052125,470060,481341363,9.000000,1016.000000
lexical/escaped_closure,1024,5,11776,0.025056667,469975,481254111,9.000000,1016.000000
lexical/escaped_closure,1024,6,11744,0.025043916,468936,480190718,9.000000,1016.000000
lexical/mixed,1024,0,9344,0.025056167,372922,381872295,13.000000,1504.000000
lexical/mixed,1024,1,9312,0.025016834,372229,381162860,13.000000,1504.000000
lexical/mixed,1024,2,9344,0.025061000,372850,381798651,13.000000,1504.000000
lexical/mixed,1024,3,9312,0.025074333,371376,380288800,13.000000,1504.000000
lexical/mixed,1024,4,9280,0.025011416,371031,379935306,13.000000,1504.000000
lexical/mixed,1024,5,9312,0.025044583,371817,380740538,13.000000,1504.000000
lexical/mixed,1024,6,9312,0.025013875,372273,381207950,13.000000,1504.000000
lexical/lookup,10240,0,2368,0.025199834,93969,962241259,5.000000,568.000000
lexical/lookup,10240,1,2368,0.025173292,94068,963255819,5.000000,568.000000
lexical/lookup,10240,2,2368,0.025299708,93598,958442682,5.000000,568.000000
lexical/lookup,10240,3,2368,0.025159084,94121,963799795,5.000000,568.000000
lexical/lookup,10240,4,2368,0.025184042,94028,962844646,5.000000,568.000000
lexical/lookup,10240,5,2368,0.025107084,94316,965795948,5.000000,568.000000
lexical/lookup,10240,6,2368,0.025166666,94093,963509429,5.000000,568.000000
lexical/repeated_binding,10240,0,2336,0.025022333,93357,955971611,5.000000,568.000000
lexical/repeated_binding,10240,1,2336,0.025073500,93166,954020779,5.000000,568.000000
lexical/repeated_binding,10240,2,2336,0.025016625,93378,956189734,5.000000,568.000000
lexical/repeated_binding,10240,3,2336,0.025020334,93364,956047989,5.000000,568.000000
lexical/repeated_binding,10240,4,2336,0.025041166,93286,955252643,5.000000,568.000000
lexical/repeated_binding,10240,5,2336,0.025094667,93088,953216076,5.000000,568.000000
lexical/repeated_binding,10240,6,2336,0.025033000,93317,955564255,5.000000,568.000000
lexical/retained_sequence,10240,0,2336,0.025328208,92229,944426862,7.000000,712.000000
lexical/retained_sequence,10240,1,2304,0.025038292,92019,942275136,7.000000,712.000000
lexical/retained_sequence,10240,2,2336,0.025247291,92525,947453729,7.000000,712.000000
lexical/retained_sequence,10240,3,2336,0.025299167,92335,945510973,7.000000,712.000000
lexical/retained_sequence,10240,4,2304,0.025011167,92119,943297048,7.000000,712.000000
lexical/retained_sequence,10240,5,2304,0.025059500,91941,941477683,7.000000,712.000000
lexical/retained_sequence,10240,6,2304,0.025171541,91532,937287074,7.000000,712.000000
lexical/closure_call,10240,0,1568,0.025067958,62550,640511684,7.000000,792.000000
lexical/closure_call,10240,1,1568,0.025035000,62632,641354903,7.000000,792.000000
lexical/closure_call,10240,2,1568,0.025046125,62604,641070026,7.000000,792.000000
lexical/closure_call,10240,3,1568,0.025049500,62596,640983652,7.000000,792.000000
lexical/closure_call,10240,4,1568,0.025023792,62660,641642162,7.000000,792.000000
lexical/closure_call,10240,5,1568,0.025083625,62511,640111627,7.000000,792.000000
lexical/closure_call,10240,6,1600,0.025502375,62739,642449968,7.000000,792.000000
lexical/escaped_closure,10240,0,1568,0.025210375,62197,636893343,9.000000,1016.000000
lexical/escaped_closure,10240,1,1568,0.025242625,62117,636079647,9.000000,1016.000000
lexical/escaped_closure,10240,2,1568,0.025143167,62363,638595766,9.000000,1016.000000
lexical/escaped_closure,10240,3,1568,0.025216542,62181,636737583,9.000000,1016.000000
lexical/escaped_closure,10240,4,1568,0.025208292,62202,636945970,9.000000,1016.000000
lexical/escaped_closure,10240,5,1568,0.025229834,62149,636402126,9.000000,1016.000000
lexical/escaped_closure,10240,6,1568,0.025190000,62247,637408495,9.000000,1016.000000
lexical/mixed,10240,0,1504,0.025025375,60099,615413755,13.000000,1504.000000
lexical/mixed,10240,1,1504,0.025016042,60121,615643354,13.000000,1504.000000
lexical/mixed,10240,2,1504,0.025063250,60008,614483756,13.000000,1504.000000
lexical/mixed,10240,3,1504,0.025043833,60055,614960178,13.000000,1504.000000
lexical/mixed,10240,4,1504,0.025048375,60044,614848668,13.000000,1504.000000
lexical/mixed,10240,5,1504,0.025006917,60143,615868002,13.000000,1504.000000
lexical/mixed,10240,6,1536,0.025378458,60524,619763423,13.000000,1504.000000
lexical/lookup,65536,0,384,0.025603416,14998,982908843,5.000000,568.000000
lexical/lookup,65536,1,384,0.025589792,15006,983432144,5.000000,568.000000
lexical/lookup,65536,2,384,0.025608541,14995,982712135,5.000000,568.000000
lexical/lookup,65536,3,384,0.025475000,15074,987863553,5.000000,568.000000
lexical/lookup,65536,4,384,0.025518667,15048,986173141,5.000000,568.000000
lexical/lookup,65536,5,384,0.025568417,15019,984254285,5.000000,568.000000
lexical/lookup,65536,6,384,0.025519667,15047,986134498,5.000000,568.000000
lexical/repeated_binding,65536,0,384,0.025551250,15029,984915572,5.000000,568.000000
lexical/repeated_binding,65536,1,384,0.025583875,15009,983659590,5.000000,568.000000
lexical/repeated_binding,65536,2,384,0.025641125,14976,981463333,5.000000,568.000000
lexical/repeated_binding,65536,3,384,0.025600834,15000,983007975,5.000000,568.000000
lexical/repeated_binding,65536,4,384,0.025604625,14997,982862432,5.000000,568.000000
lexical/repeated_binding,65536,5,384,0.025595292,15003,983220820,5.000000,568.000000
lexical/repeated_binding,65536,6,384,0.025654500,14968,980951646,5.000000,568.000000
lexical/retained_sequence,65536,0,384,0.025691000,14947,979557978,7.000000,712.000000
lexical/retained_sequence,65536,1,384,0.025661958,14964,980666557,7.000000,712.000000
lexical/retained_sequence,65536,2,384,0.025643584,14975,981369219,7.000000,712.000000
lexical/retained_sequence,65536,3,384,0.025699125,14942,979248282,7.000000,712.000000
lexical/retained_sequence,65536,4,384,0.025735583,14921,977861042,7.000000,712.000000
lexical/retained_sequence,65536,5,384,0.025648584,14972,981177908,7.000000,712.000000
lexical/retained_sequence,65536,6,384,0.025646042,14973,981275161,7.000000,712.000000
lexical/closure_call,65536,0,256,0.025325916,10108,662452485,7.000000,792.000000
lexical/closure_call,65536,1,256,0.025493875,10042,658088109,7.000000,792.000000
lexical/closure_call,65536,2,256,0.025480417,10047,658435692,7.000000,792.000000
lexical/closure_call,65536,3,256,0.025460958,10055,658938913,7.000000,792.000000
lexical/closure_call,65536,4,256,0.025514708,10033,657550774,7.000000,792.000000
lexical/closure_call,65536,5,256,0.025486875,10044,658268854,7.000000,792.000000
lexical/closure_call,65536,6,256,0.025465334,10053,658825680,7.000000,792.000000
lexical/escaped_closure,65536,0,256,0.025499667,10039,657938631,9.000000,1016.000000
lexical/escaped_closure,65536,1,256,0.025490208,10043,658182781,9.000000,1016.000000
lexical/escaped_closure,65536,2,256,0.025433583,10065,659648151,9.000000,1016.000000
lexical/escaped_closure,65536,3,256,0.025511042,10035,657645266,9.000000,1016.000000
lexical/escaped_closure,65536,4,256,0.025540042,10023,656898528,9.000000,1016.000000
lexical/escaped_closure,65536,5,256,0.025519500,10032,657427301,9.000000,1016.000000
lexical/escaped_closure,65536,6,256,0.025481916,10046,658396959,9.000000,1016.000000
lexical/mixed,65536,0,256,0.025661917,9976,653778749,13.000000,1504.000000
lexical/mixed,65536,1,256,0.025622084,9991,654795137,13.000000,1504.000000
lexical/mixed,65536,2,256,0.025686792,9966,653145632,13.000000,1504.000000
lexical/mixed,65536,3,256,0.025629875,9988,654596091,13.000000,1504.000000
lexical/mixed,65536,4,256,0.025608959,9997,655130730,13.000000,1504.000000
lexical/mixed,65536,5,256,0.025554542,10018,656525795,13.000000,1504.000000
lexical/mixed,65536,6,256,0.025670917,9972,653549540,13.000000,1504.000000
lexical/lookup,1048576,0,32,0.034014625,941,986470731,5.000000,568.000000
lexical/lookup,1048576,1,32,0.033966000,942,987882942,5.000000,568.000000
lexical/lookup,1048576,2,32,0.033915083,944,989366059,5.000000,568.000000
lexical/lookup,1048576,3,32,0.033973833,942,987655176,5.000000,568.000000
lexical/lookup,1048576,4,32,0.033900125,944,989802604,5.000000,568.000000
lexical/lookup,1048576,5,32,0.034011125,941,986572247,5.000000,568.000000
lexical/lookup,1048576,6,32,0.033916250,944,989332016,5.000000,568.000000
lexical/repeated_binding,1048576,0,32,0.033966916,942,987856301,5.000000,568.000000
lexical/repeated_binding,1048576,1,32,0.033921500,943,989178898,5.000000,568.000000
lexical/repeated_binding,1048576,2,32,0.033900917,944,989779480,5.000000,568.000000
lexical/repeated_binding,1048576,3,32,0.033827583,946,991925199,5.000000,568.000000
lexical/repeated_binding,1048576,4,32,0.033882333,944,990322361,5.000000,568.000000
lexical/repeated_binding,1048576,5,32,0.034038916,940,985766762,5.000000,568.000000
lexical/repeated_binding,1048576,6,32,0.033981125,942,987443235,5.000000,568.000000
lexical/retained_sequence,1048576,0,32,0.033955666,942,988183592,7.000000,712.000000
lexical/retained_sequence,1048576,1,32,0.033790959,947,993000287,7.000000,712.000000
lexical/retained_sequence,1048576,2,32,0.033987667,942,987253170,7.000000,712.000000
lexical/retained_sequence,1048576,3,32,0.033906709,944,989610404,7.000000,712.000000
lexical/retained_sequence,1048576,4,32,0.033949583,943,988360652,7.000000,712.000000
lexical/retained_sequence,1048576,5,32,0.033975666,942,987601891,7.000000,712.000000
lexical/retained_sequence,1048576,6,32,0.033699458,950,995696489,7.000000,712.000000
lexical/closure_call,1048576,0,32,0.050660541,632,662338604,7.000000,792.000000
lexical/closure_call,1048576,1,32,0.050601917,632,663105945,7.000000,792.000000
lexical/closure_call,1048576,2,32,0.050647833,632,662504791,7.000000,792.000000
lexical/closure_call,1048576,3,32,0.050575125,633,663457223,7.000000,792.000000
lexical/closure_call,1048576,4,32,0.050662542,632,662312444,7.000000,792.000000
lexical/closure_call,1048576,5,32,0.050598666,632,663148550,7.000000,792.000000
lexical/closure_call,1048576,6,32,0.050402875,635,665724564,7.000000,792.000000
lexical/escaped_closure,1048576,0,32,0.050612417,632,662968378,9.000000,1016.000000
lexical/escaped_closure,1048576,1,32,0.050298084,636,667111535,9.000000,1016.000000
lexical/escaped_closure,1048576,2,32,0.050595792,632,663186219,9.000000,1016.000000
lexical/escaped_closure,1048576,3,32,0.050662958,632,662307005,9.000000,1016.000000
lexical/escaped_closure,1048576,4,32,0.050401708,635,665739978,9.000000,1016.000000
lexical/escaped_closure,1048576,5,32,0.050717667,631,661592577,9.000000,1016.000000
lexical/escaped_closure,1048576,6,32,0.050607500,632,663032792,9.000000,1016.000000
lexical/mixed,1048576,0,32,0.050510042,634,664312099,13.000000,1504.000000
lexical/mixed,1048576,1,32,0.050594750,632,663199877,13.000000,1504.000000
lexical/mixed,1048576,2,32,0.050682959,631,662045639,13.000000,1504.000000
lexical/mixed,1048576,3,32,0.050676084,631,662135456,13.000000,1504.000000
lexical/mixed,1048576,4,32,0.050624541,632,662809605,13.000000,1504.000000
lexical/mixed,1048576,5,32,0.050634125,632,662684148,13.000000,1504.000000
lexical/mixed,1048576,6,32,0.050698333,631,661844878,13.000000,1504.000000
lexical/mapped_calls,106,0,14656,0.025046000,585163,62027310,9.000000,968.000000
lexical/mapped_calls,106,1,14656,0.025046625,585149,62025762,9.000000,968.000000
lexical/mapped_calls,106,2,14592,0.025045458,582621,61757785,9.000000,968.000000
lexical/mapped_calls,106,3,14592,0.025007500,583505,61851525,9.000000,968.000000
lexical/mapped_calls,106,4,14656,0.025045583,585173,62028342,9.000000,968.000000
lexical/mapped_calls,106,5,14464,0.025027250,577930,61260586,9.000000,968.000000
lexical/mapped_calls,106,6,14368,0.025036917,573873,60830493,9.000000,968.000000
lexical/repeated_projection,106,0,23776,0.025005375,950836,100788570,8.000000,904.000000
lexical/repeated_projection,106,1,23968,0.025028917,957612,101506909,8.000000,904.000000
lexical/repeated_projection,106,2,24096,0.025014167,963294,102109177,8.000000,904.000000
lexical/repeated_projection,106,3,24128,0.025018375,964411,102227583,8.000000,904.000000
lexical/repeated_projection,106,4,24096,0.025030459,962667,102042715,8.000000,904.000000
lexical/repeated_projection,106,5,24160,0.025017167,965737,102368106,8.000000,904.000000
lexical/repeated_projection,106,6,24064,0.025007541,962270,102000593,8.000000,904.000000
lexical/mapped_calls,1692,0,1152,0.025431167,45299,76645480,13.000000,6728.000000
lexical/mapped_calls,1692,1,1152,0.025354791,45435,76876358,13.000000,6728.000000
lexical/mapped_calls,1692,2,1152,0.025384333,45382,76786891,13.000000,6728.000000
lexical/mapped_calls,1692,3,1152,0.025349125,45445,76893542,13.000000,6728.000000
lexical/mapped_calls,1692,4,1152,0.025397250,45359,76747837,13.000000,6728.000000
lexical/mapped_calls,1692,5,1152,0.025324459,45490,76968436,13.000000,6728.000000
lexical/mapped_calls,1692,6,1152,0.025283417,45563,77093377,13.000000,6728.000000
lexical/repeated_projection,1692,0,2176,0.025214750,86299,146017391,12.000000,6664.000000
lexical/repeated_projection,1692,1,2176,0.025168458,86457,146285958,12.000000,6664.000000
lexical/repeated_projection,1692,2,2176,0.025149875,86521,146394048,12.000000,6664.000000
lexical/repeated_projection,1692,3,2176,0.025209125,86318,146049972,12.000000,6664.000000
lexical/repeated_projection,1692,4,2176,0.025170500,86450,146274091,12.000000,6664.000000
lexical/repeated_projection,1692,5,2176,0.025173250,86441,146258111,12.000000,6664.000000
lexical/repeated_projection,1692,6,2176,0.025052084,86859,146965498,12.000000,6664.000000
lexical/mapped_calls,14260,0,160,0.027735000,5769,82264287,16.000000,49736.000000
lexical/mapped_calls,14260,1,160,0.027843959,5746,81942370,16.000000,49736.000000
lexical/mapped_calls,14260,2,160,0.027938667,5727,81664598,16.000000,49736.000000
lexical/mapped_calls,14260,3,160,0.027667542,5783,82464861,16.000000,49736.000000
lexical/mapped_calls,14260,4,160,0.027693417,5778,82387811,16.000000,49736.000000
lexical/mapped_calls,14260,5,160,0.027732500,5769,82271703,16.000000,49736.000000
lexical/mapped_calls,14260,6,160,0.027659833,5785,82487844,16.000000,49736.000000
lexical/repeated_projection,14260,0,288,0.026012334,11072,157882026,15.000000,49672.000000
lexical/repeated_projection,14260,1,288,0.025813458,11157,159098405,15.000000,49672.000000
lexical/repeated_projection,14260,2,288,0.025678250,11216,159936133,15.000000,49672.000000
lexical/repeated_projection,14260,3,288,0.025663375,11222,160028835,15.000000,49672.000000
lexical/repeated_projection,14260,4,288,0.025625292,11239,160266662,15.000000,49672.000000
lexical/repeated_projection,14260,5,288,0.025669708,11219,159989354,15.000000,49672.000000
lexical/repeated_projection,14260,6,288,0.025683750,11213,159901883,15.000000,49672.000000
lexical/mapped_calls,251044,0,32,0.089240375,359,90019882,20.000000,787016.000000
lexical/mapped_calls,251044,1,32,0.089095833,359,90165923,20.000000,787016.000000
lexical/mapped_calls,251044,2,32,0.089236500,359,90023791,20.000000,787016.000000
lexical/mapped_calls,251044,3,32,0.089427542,358,89831475,20.000000,787016.000000
lexical/mapped_calls,251044,4,32,0.088536000,361,90736062,20.000000,787016.000000
lexical/mapped_calls,251044,5,32,0.088310042,362,90968228,20.000000,787016.000000
lexical/mapped_calls,251044,6,32,0.089598333,357,89660240,20.000000,787016.000000
lexical/repeated_projection,251044,0,32,0.046406291,690,173110322,19.000000,786952.000000
lexical/repeated_projection,251044,1,32,0.046474041,689,172857962,19.000000,786952.000000
lexical/repeated_projection,251044,2,32,0.046375167,690,173226503,19.000000,786952.000000
lexical/repeated_projection,251044,3,32,0.046638791,686,172247347,19.000000,786952.000000
lexical/repeated_projection,251044,4,32,0.045940875,697,174864062,19.000000,786952.000000
lexical/repeated_projection,251044,5,32,0.045965583,696,174770067,19.000000,786952.000000
lexical/repeated_projection,251044,6,32,0.046144791,693,174091329,19.000000,786952.000000
lexical/nested_retention,1036,0,1728,0.025154792,68695,71167673,10.000000,2056.000000
lexical/nested_retention,1036,1,1728,0.025208666,68548,71015579,10.000000,2056.000000
lexical/nested_retention,1036,2,1728,0.025116250,68800,71276882,10.000000,2056.000000
lexical/nested_retention,1036,3,1728,0.025099459,68846,71324565,10.000000,2056.000000
lexical/nested_retention,1036,4,1728,0.025081458,68896,71375755,10.000000,2056.000000
lexical/nested_retention,1036,5,1728,0.025130292,68762,71237055,10.000000,2056.000000
lexical/nested_retention,1036,6,1728,0.025066250,68937,71419059,10.000000,2056.000000
lexical/nested_retention,16396,0,128,0.028115750,4553,74644568,14.000000,25096.000000
lexical/nested_retention,16396,1,128,0.028346792,4516,74036173,14.000000,25096.000000
lexical/nested_retention,16396,2,128,0.028230291,4534,74341706,14.000000,25096.000000
lexical/nested_retention,16396,3,128,0.028123417,4551,74624218,14.000000,25096.000000
lexical/nested_retention,16396,4,128,0.028158875,4546,74530250,14.000000,25096.000000
lexical/nested_retention,16396,5,128,0.028168125,4544,74505776,14.000000,25096.000000
lexical/nested_retention,16396,6,128,0.028141625,4548,74575935,14.000000,25096.000000
lexical/nested_retention,1048588,0,32,0.446012042,72,75232982,20.000000,1573384.000000
lexical/nested_retention,1048588,1,32,0.444649084,72,75463590,20.000000,1573384.000000
lexical/nested_retention,1048588,2,32,0.445094916,72,75388001,20.000000,1573384.000000
lexical/nested_retention,1048588,3,32,0.445593166,72,75303704,20.000000,1573384.000000
lexical/nested_retention,1048588,4,32,0.444851083,72,75429323,20.000000,1573384.000000
lexical/nested_retention,1048588,5,32,0.445736875,72,75279426,20.000000,1573384.000000
lexical/nested_retention,1048588,6,32,0.444993791,72,75405133,20.000000,1573384.000000
compile/nested_fallback,0,0,6400,0.025051708,255472,0,113.000000,7201.000000
compile/nested_fallback,0,1,6400,0.025045750,255532,0,113.000000,7201.000000
compile/nested_fallback,0,2,6432,0.025050292,256763,0,113.000000,7201.000000
compile/nested_fallback,0,3,6464,0.025028708,258263,0,113.000000,7201.000000
compile/nested_fallback,0,4,6432,0.025003708,257242,0,113.000000,7201.000000
compile/nested_fallback,0,5,6464,0.025104750,257481,0,113.000000,7201.000000
compile/nested_fallback,0,6,6464,0.025030708,258243,0,113.000000,7201.000000
compile/navigation,0,0,12192,0.025042958,486843,0,55.000000,4199.000000
compile/navigation,0,1,12160,0.025026917,485877,0,55.000000,4199.000000
compile/navigation,0,2,12224,0.025065375,487685,0,55.000000,4199.000000
compile/navigation,0,3,12224,0.025047541,488032,0,55.000000,4199.000000
compile/navigation,0,4,12320,0.025063000,491561,0,55.000000,4199.000000
compile/navigation,0,5,12288,0.025024833,491032,0,55.000000,4199.000000
compile/navigation,0,6,12320,0.025030833,492193,0,55.000000,4199.000000
navigation/keep,100,0,48288,0.025000750,1931462,193146206,2.000000,144.000000
navigation/keep,100,1,48384,0.025000125,1935350,193535032,2.000000,144.000000
navigation/keep,100,2,48384,0.025005083,1934967,193496658,2.000000,144.000000
navigation/keep,100,3,47648,0.025000916,1905850,190585017,2.000000,144.000000
navigation/keep,100,4,48096,0.025007958,1923228,192322780,2.000000,144.000000
navigation/keep,100,5,48192,0.025000917,1927609,192760930,2.000000,144.000000
navigation/keep,100,6,48032,0.025013125,1920272,192027186,2.000000,144.000000
navigation/wildcard,100,0,27328,0.025014542,1092485,109248452,8.000000,1072.000000
navigation/wildcard,100,1,27296,0.025005583,1091596,109159622,8.000000,1072.000000
navigation/wildcard,100,2,27552,0.025003500,1101926,110192573,8.000000,1072.000000
navigation/wildcard,100,3,27520,0.025014334,1100169,110016921,8.000000,1072.000000
navigation/wildcard,100,4,27776,0.025025000,1109930,110993007,8.000000,1072.000000
navigation/wildcard,100,5,27680,0.025004583,1106997,110699707,8.000000,1072.000000
navigation/wildcard,100,6,27808,0.025018458,1111499,111149936,8.000000,1072.000000
navigation/descendants,100,0,19584,0.025013334,782942,78294241,8.000000,1072.000000
navigation/descendants,100,1,19648,0.025022750,785205,78520546,8.000000,1072.000000
navigation/descendants,100,2,19552,0.025014042,781641,78164097,8.000000,1072.000000
navigation/descendants,100,3,19584,0.025022292,782662,78266212,8.000000,1072.000000
navigation/descendants,100,4,19616,0.025001042,784607,78460730,8.000000,1072.000000
navigation/descendants,100,5,19872,0.025029375,793947,79394711,8.000000,1072.000000
navigation/descendants,100,6,19904,0.025017708,795596,79559646,8.000000,1072.000000
navigation/ordering,100,0,39936,0.025016584,1596381,159638102,6.000000,320.000000
navigation/ordering,100,1,40224,0.025004459,1608673,160867308,6.000000,320.000000
navigation/ordering,100,2,40320,0.025009500,1612187,161218737,6.000000,320.000000
navigation/ordering,100,3,40384,0.025004917,1615042,161504235,6.000000,320.000000
navigation/ordering,100,4,40384,0.025002250,1615215,161521463,6.000000,320.000000
navigation/ordering,100,5,39968,0.025009709,1598099,159809936,6.000000,320.000000
navigation/ordering,100,6,39936,0.025016542,1596384,159638370,6.000000,320.000000
navigation/grouping,100,0,31392,0.025007500,1255303,125530341,11.000000,824.000000
navigation/grouping,100,1,31744,0.025004500,1269531,126953148,11.000000,824.000000
navigation/grouping,100,2,31776,0.025019542,1270047,127004723,11.000000,824.000000
navigation/grouping,100,3,31840,0.025011833,1272997,127299746,11.000000,824.000000
navigation/grouping,100,4,31808,0.025018709,1271369,127136856,11.000000,824.000000
navigation/grouping,100,5,31936,0.025022167,1276308,127630832,11.000000,824.000000
navigation/grouping,100,6,31744,0.025015833,1268956,126895634,11.000000,824.000000
navigation/membership,100,0,40480,0.025004333,1618919,161891941,2.000000,32.000000
navigation/membership,100,1,40928,0.025010375,1636441,163644088,2.000000,32.000000
navigation/membership,100,2,41184,0.025014958,1646375,164637494,2.000000,32.000000
navigation/membership,100,3,41184,0.025003375,1647138,164713764,2.000000,32.000000
navigation/membership,100,4,41056,0.025012459,1641422,164142198,2.000000,32.000000
navigation/membership,100,5,40896,0.025006625,1635407,163540662,2.000000,32.000000
navigation/membership,100,6,40992,0.025003333,1639461,163946143,2.000000,32.000000
navigation/fallback,100,0,78400,0.025001333,3135833,313583280,0.000000,0.000000
navigation/fallback,100,1,78688,0.025001083,3147384,314738366,0.000000,0.000000
navigation/fallback,100,2,79296,0.025009417,3170646,317064568,0.000000,0.000000
navigation/fallback,100,3,79360,0.025005750,3173670,317367006,0.000000,0.000000
navigation/fallback,100,4,79360,0.025005666,3173681,317368072,0.000000,0.000000
navigation/fallback,100,5,78912,0.025009959,3155223,315522309,0.000000,0.000000
navigation/fallback,100,6,78880,0.025001917,3154958,315495808,0.000000,0.000000
navigation/mixed,100,0,28640,0.025009125,1145182,114518201,11.000000,1032.000000
navigation/mixed,100,1,28768,0.025026042,1149523,114952257,11.000000,1032.000000
navigation/mixed,100,2,28672,0.025027125,1145637,114563698,11.000000,1032.000000
navigation/mixed,100,3,28416,0.025016041,1135911,113591115,11.000000,1032.000000
navigation/mixed,100,4,28512,0.025021000,1139523,113952280,11.000000,1032.000000
navigation/mixed,100,5,28512,0.025026167,1139288,113928753,11.000000,1032.000000
navigation/mixed,100,6,28512,0.025016375,1139733,113973347,11.000000,1032.000000
navigation/keep,500,0,26688,0.025028833,1066290,533145113,2.000000,144.000000
navigation/keep,500,1,26560,0.025002000,1062315,531157507,2.000000,144.000000
navigation/keep,500,2,26368,0.025009083,1054337,527168469,2.000000,144.000000
navigation/keep,500,3,26400,0.025019792,1055165,527582324,2.000000,144.000000
navigation/keep,500,4,26400,0.025031417,1054675,527337306,2.000000,144.000000
navigation/keep,500,5,26464,0.025016084,1057879,528939701,2.000000,144.000000
navigation/keep,500,6,26432,0.025003834,1057118,528558940,2.000000,144.000000
navigation/wildcard,500,0,18688,0.025042500,746251,373125686,8.000000,1072.000000
navigation/wildcard,500,1,18912,0.025034209,755446,377723139,8.000000,1072.000000
navigation/wildcard,500,2,18880,0.025038542,754038,377018758,8.000000,1072.000000
navigation/wildcard,500,3,18912,0.025029917,755576,377787909,8.000000,1072.000000
navigation/wildcard,500,4,18976,0.025036042,757947,378973641,8.000000,1072.000000
navigation/wildcard,500,5,19008,0.025040334,759095,379547653,8.000000,1072.000000
navigation/wildcard,500,6,19104,0.025016000,763671,381835625,8.000000,1072.000000
navigation/descendants,500,0,11904,0.025003167,476100,238049844,8.000000,1072.000000
navigation/descendants,500,1,11936,0.025028458,476897,238448569,8.000000,1072.000000
navigation/descendants,500,2,11968,0.025017208,478391,239195357,8.000000,1072.000000
navigation/descendants,500,3,11936,0.025030334,476861,238430698,8.000000,1072.000000
navigation/descendants,500,4,12000,0.025060375,478844,239421796,8.000000,1072.000000
navigation/descendants,500,5,11840,0.025019000,473240,236620169,8.000000,1072.000000
navigation/descendants,500,6,11936,0.025058375,476328,238163887,8.000000,1072.000000
navigation/ordering,500,0,23968,0.025010250,958327,479163543,6.000000,320.000000
navigation/ordering,500,1,23840,0.025034958,952268,476134212,6.000000,320.000000
navigation/ordering,500,2,23840,0.025032625,952357,476178587,6.000000,320.000000
navigation/ordering,500,3,23840,0.025019167,952869,476434727,6.000000,320.000000
navigation/ordering,500,4,23840,0.025009042,953255,476627613,6.000000,320.000000
navigation/ordering,500,5,23808,0.025014000,951787,475893500,6.000000,320.000000
navigation/ordering,500,6,23808,0.025009500,951958,475979128,6.000000,320.000000
navigation/grouping,500,0,20672,0.025019250,826244,413121896,11.000000,824.000000
navigation/grouping,500,1,20768,0.025000917,830690,415344765,11.000000,824.000000
navigation/grouping,500,2,20704,0.025032541,827083,413541718,11.000000,824.000000
navigation/grouping,500,3,20736,0.025007459,829193,414596301,11.000000,824.000000
navigation/grouping,500,4,20608,0.025006959,824091,412045303,11.000000,824.000000
navigation/grouping,500,5,20608,0.025021417,823614,411807213,11.000000,824.000000
navigation/grouping,500,6,20704,0.025035666,826980,413490098,11.000000,824.000000
navigation/membership,500,0,24032,0.025016792,960635,480317380,2.000000,32.000000
navigation/membership,500,1,24032,0.025022000,960435,480217409,2.000000,32.000000
navigation/membership,500,2,24224,0.025030500,967779,483889655,2.000000,32.000000
navigation/membership,500,3,24224,0.025015041,968377,484188693,2.000000,32.000000
navigation/membership,500,4,24256,0.025012583,969752,484875952,2.000000,32.000000
navigation/membership,500,5,24256,0.025013792,969705,484852517,2.000000,32.000000
navigation/membership,500,6,24416,0.025014542,976072,488036119,2.000000,32.000000
navigation/fallback,500,0,26144,0.025031042,1044463,522231556,0.000000,0.000000
navigation/fallback,500,1,26272,0.025026666,1049760,524880142,0.000000,0.000000
navigation/fallback,500,2,26336,0.025027708,1052274,526136872,0.000000,0.000000
navigation/fallback,500,3,26272,0.025010333,1050446,525222915,0.000000,0.000000
navigation/fallback,500,4,26208,0.025018791,1047533,523766316,0.000000,0.000000
navigation/fallback,500,5,26112,0.025023291,1043508,521753913,0.000000,0.000000
navigation/fallback,500,6,26080,0.025001000,1043158,521579137,0.000000,0.000000
navigation/mixed,500,0,19168,0.025003458,766614,383306981,11.000000,1032.000000
navigation/mixed,500,1,19136,0.025031334,764482,382240915,11.000000,1032.000000
navigation/mixed,500,2,19136,0.025008459,765181,382590547,11.000000,1032.000000
navigation/mixed,500,3,19232,0.025026375,768469,384234632,11.000000,1032.000000
navigation/mixed,500,4,19200,0.025010792,767669,383834306,11.000000,1032.000000
navigation/mixed,500,5,19168,0.025040708,765474,382736782,11.000000,1032.000000
navigation/mixed,500,6,19200,0.025014625,767551,383775491,11.000000,1032.000000
navigation/keep,1024,0,16960,0.025035042,677450,693709242,2.000000,144.000000
navigation/keep,1024,1,16992,0.025010083,679406,695711726,2.000000,144.000000
navigation/keep,1024,2,16960,0.025030541,677572,693833985,2.000000,144.000000
navigation/keep,1024,3,16992,0.025042084,678538,694822683,2.000000,144.000000
navigation/keep,1024,4,16960,0.025019708,677866,694134400,2.000000,144.000000
navigation/keep,1024,5,16864,0.025031792,673703,689872143,2.000000,144.000000
navigation/keep,1024,6,16928,0.025028083,676360,692592877,2.000000,144.000000
navigation/wildcard,1024,0,13504,0.025054041,538995,551930764,8.000000,1072.000000
navigation/wildcard,1024,1,13504,0.025036584,539371,552315603,8.000000,1072.000000
navigation/wildcard,1024,2,13472,0.025022042,538405,551327026,8.000000,1072.000000
navigation/wildcard,1024,3,13504,0.025033375,539440,552386404,8.000000,1072.000000
navigation/wildcard,1024,4,13536,0.025016458,541084,554069805,8.000000,1072.000000
navigation/wildcard,1024,5,13504,0.025018167,539768,552722188,8.000000,1072.000000
navigation/wildcard,1024,6,13440,0.025035209,536844,549728185,8.000000,1072.000000
navigation/descendants,1024,0,7904,0.025049458,315536,323108628,8.000000,1072.000000
navigation/descendants,1024,1,7936,0.025070792,316544,324140697,8.000000,1072.000000
navigation/descendants,1024,2,7936,0.025084000,316377,323970021,8.000000,1072.000000
navigation/descendants,1024,3,7904,0.025053167,315489,323060793,8.000000,1072.000000
navigation/descendants,1024,4,7904,0.025067500,315309,322876075,8.000000,1072.000000
navigation/descendants,1024,5,7936,0.025066333,316600,324198358,8.000000,1072.000000
navigation/descendants,1024,6,7936,0.025070916,316542,324139094,8.000000,1072.000000
navigation/ordering,1024,0,15872,0.025048917,633640,648847533,6.000000,320.000000
navigation/ordering,1024,1,15872,0.025033542,634029,649246040,6.000000,320.000000
navigation/ordering,1024,2,15872,0.025031208,634088,649306578,6.000000,320.000000
navigation/ordering,1024,3,15776,0.025010667,630771,645909363,6.000000,320.000000
navigation/ordering,1024,4,15904,0.025034458,635284,650531200,6.000000,320.000000
navigation/ordering,1024,5,15840,0.025024250,632986,648177668,6.000000,320.000000
navigation/ordering,1024,6,15840,0.025022541,633029,648221937,6.000000,320.000000
navigation/grouping,1024,0,14400,0.025009292,575786,589604856,11.000000,824.000000
navigation/grouping,1024,1,14432,0.025022916,576751,590593359,11.000000,824.000000
navigation/grouping,1024,2,14336,0.025027417,572812,586559292,11.000000,824.000000
navigation/grouping,1024,3,14400,0.025024833,575428,589238697,11.000000,824.000000
navigation/grouping,1024,4,14432,0.025016292,576904,590749740,11.000000,824.000000
navigation/grouping,1024,5,14432,0.025045166,576239,590068678,11.000000,824.000000
navigation/grouping,1024,6,14400,0.025005625,575870,589691319,11.000000,824.000000
navigation/membership,1024,0,16000,0.025033250,639150,654489529,2.000000,32.000000
navigation/membership,1024,1,16000,0.025000708,639982,655341441,2.000000,32.000000
navigation/membership,1024,2,16032,0.025009958,641025,656409259,2.000000,32.000000
navigation/membership,1024,3,16064,0.025039208,641554,656951130,2.000000,32.000000
navigation/membership,1024,4,16064,0.025029334,641807,657210296,2.000000,32.000000
navigation/membership,1024,5,16096,0.025025625,643181,658617077,2.000000,32.000000
navigation/membership,1024,6,16096,0.025037042,642887,658316745,2.000000,32.000000
navigation/fallback,1024,0,14336,0.025034875,572641,586384554,0.000000,0.000000
navigation/fallback,1024,1,14272,0.025036875,570039,583720133,0.000000,0.000000
navigation/fallback,1024,2,14368,0.025032750,573968,587743336,0.000000,0.000000
navigation/fallback,1024,3,14368,0.025048000,573619,587385500,0.000000,0.000000
navigation/fallback,1024,4,14336,0.025014292,573112,586867060,0.000000,0.000000
navigation/fallback,1024,5,14368,0.025053500,573493,587256551,0.000000,0.000000
navigation/fallback,1024,6,14400,0.025053542,574769,588563485,0.000000,0.000000
navigation/mixed,1024,0,13632,0.025009958,545063,558144400,11.000000,1032.000000
navigation/mixed,1024,1,13632,0.025027625,544678,557750406,11.000000,1032.000000
navigation/mixed,1024,2,13696,0.025026625,547257,560391343,11.000000,1032.000000
navigation/mixed,1024,3,13600,0.025043083,543064,556097666,11.000000,1032.000000
navigation/mixed,1024,4,13632,0.025027458,544682,557754127,11.000000,1032.000000
navigation/mixed,1024,5,13632,0.025006875,545130,558213211,11.000000,1032.000000
navigation/mixed,1024,6,13664,0.025003917,546474,559589763,11.000000,1032.000000
navigation/keep,10240,0,2336,0.025326375,92236,944495215,2.000000,144.000000
navigation/keep,10240,1,2336,0.025299208,92335,945509440,2.000000,144.000000
navigation/keep,10240,2,2336,0.025180791,92769,949955861,2.000000,144.000000
navigation/keep,10240,3,2336,0.025298416,92338,945539041,2.000000,144.000000
navigation/keep,10240,4,2336,0.025271583,92436,946543000,2.000000,144.000000
navigation/keep,10240,5,2336,0.025288208,92375,945920723,2.000000,144.000000
navigation/keep,10240,6,2336,0.025289458,92371,945873969,2.000000,144.000000
navigation/wildcard,10240,0,2240,0.025122542,89163,913028626,8.000000,1072.000000
navigation/wildcard,10240,1,2240,0.025099917,89243,913851627,8.000000,1072.000000
navigation/wildcard,10240,2,2240,0.025097750,89251,913930532,8.000000,1072.000000
navigation/wildcard,10240,3,2240,0.025108667,89212,913533164,8.000000,1072.000000
navigation/wildcard,10240,4,2240,0.025197083,88899,910327596,8.000000,1072.000000
navigation/wildcard,10240,5,2240,0.025118041,89179,913192235,8.000000,1072.000000
navigation/wildcard,10240,6,2240,0.025117125,89182,913225538,8.000000,1072.000000
navigation/descendants,10240,0,1152,0.025034500,46016,471208932,8.000000,1072.000000
navigation/descendants,10240,1,1184,0.025654125,46152,472600800,8.000000,1072.000000
navigation/descendants,10240,2,1184,0.025598917,46252,473620036,8.000000,1072.000000
navigation/descendants,10240,3,1152,0.025024708,46035,471393313,8.000000,1072.000000
navigation/descendants,10240,4,1152,0.025187333,45737,468349706,8.000000,1072.000000
navigation/descendants,10240,5,1152,0.025075291,45942,470442397,8.000000,1072.000000
navigation/descendants,10240,6,1184,0.025683500,46100,472060272,8.000000,1072.000000
navigation/ordering,10240,0,2304,0.025209500,91394,935875761,6.000000,320.000000
navigation/ordering,10240,1,2304,0.025240083,91283,934741776,6.000000,320.000000
navigation/ordering,10240,2,2304,0.025186584,91477,936727267,6.000000,320.000000
navigation/ordering,10240,3,2304,0.025232708,91310,935014981,6.000000,320.000000
navigation/ordering,10240,4,2304,0.025177250,91511,937074542,6.000000,320.000000
navigation/ordering,10240,5,2304,0.025168833,91542,937387919,6.000000,320.000000
navigation/ordering,10240,6,2304,0.025191500,91459,936544469,6.000000,320.000000
navigation/grouping,10240,0,2272,0.025174250,90251,924169737,11.000000,824.000000
navigation/grouping,10240,1,2272,0.025243084,90005,921649668,11.000000,824.000000
navigation/grouping,10240,2,2272,0.025305166,89784,919388555,11.000000,824.000000
navigation/grouping,10240,3,2272,0.025226417,90064,922258599,11.000000,824.000000
navigation/grouping,10240,4,2272,0.025233708,90038,921992123,11.000000,824.000000
navigation/grouping,10240,5,2272,0.025204000,90144,923078876,11.000000,824.000000
navigation/grouping,10240,6,2272,0.025235875,90031,921912951,11.000000,824.000000
navigation/membership,10240,0,2304,0.025097500,91802,940052196,2.000000,32.000000
navigation/membership,10240,1,2304,0.025199375,91431,936251792,2.000000,32.000000
navigation/membership,10240,2,2304,0.025225584,91336,935279041,2.000000,32.000000
navigation/membership,10240,3,2304,0.025258625,91216,934055595,2.000000,32.000000
navigation/membership,10240,4,2304,0.025118750,91724,939256930,2.000000,32.000000
navigation/membership,10240,5,2304,0.025180875,91498,936939642,2.000000,32.000000
navigation/membership,10240,6,2304,0.025181667,91495,936910174,2.000000,32.000000
navigation/fallback,10240,0,1632,0.025358208,64358,659024486,0.000000,0.000000
navigation/fallback,10240,1,1600,0.025104708,63733,652626591,0.000000,0.000000
navigation/fallback,10240,2,1600,0.025109167,63722,652510695,0.000000,0.000000
navigation/fallback,10240,3,1600,0.025131791,63664,651923295,0.000000,0.000000
navigation/fallback,10240,4,1600,0.025142083,63638,651656428,0.000000,0.000000
navigation/fallback,10240,5,1600,0.025118292,63699,652273650,0.000000,0.000000
navigation/fallback,10240,6,1632,0.025469000,64078,656157682,0.000000,0.000000
navigation/mixed,10240,0,2240,0.025142167,89093,912315951,11.000000,1032.000000
navigation/mixed,10240,1,2240,0.025090750,89276,914185507,11.000000,1032.000000
navigation/mixed,10240,2,2240,0.025037958,89464,916113047,11.000000,1032.000000
navigation/mixed,10240,3,2240,0.025034541,89476,916238089,11.000000,1032.000000
navigation/mixed,10240,4,2240,0.025064125,89371,915156623,11.000000,1032.000000
navigation/mixed,10240,5,2240,0.025026750,89504,916523320,11.000000,1032.000000
navigation/mixed,10240,6,2272,0.025298292,89808,919638369,11.000000,1032.000000
navigation/keep,65536,0,384,0.025491667,15064,987217666,2.000000,144.000000
navigation/keep,65536,1,384,0.025635958,14979,981661150,2.000000,144.000000
navigation/keep,65536,2,384,0.025567708,15019,984281579,2.000000,144.000000
navigation/keep,65536,3,384,0.025594709,15003,983243216,2.000000,144.000000
navigation/keep,65536,4,384,0.025680000,14953,979977570,2.000000,144.000000
navigation/keep,65536,5,384,0.025776750,14897,976299340,2.000000,144.000000
navigation/keep,65536,6,384,0.025677625,14955,980068211,2.000000,144.000000
navigation/wildcard,65536,0,384,0.025783833,14893,976031143,8.000000,1072.000000
navigation/wildcard,65536,1,384,0.025814708,14875,974863787,8.000000,1072.000000
navigation/wildcard,65536,2,384,0.025808250,14879,975107727,8.000000,1072.000000
navigation/wildcard,65536,3,384,0.025809667,14878,975054192,8.000000,1072.000000
navigation/wildcard,65536,4,384,0.025861834,14848,973087369,8.000000,1072.000000
navigation/wildcard,65536,5,384,0.025818750,14873,974711169,8.000000,1072.000000
navigation/wildcard,65536,6,384,0.025837833,14862,973991279,8.000000,1072.000000
navigation/descendants,65536,0,192,0.025521375,7523,493034251,8.000000,1072.000000
navigation/descendants,65536,1,192,0.025447917,7545,494457444,8.000000,1072.000000
navigation/descendants,65536,2,192,0.025481375,7535,493808203,8.000000,1072.000000
navigation/descendants,65536,3,192,0.025520916,7523,493043118,8.000000,1072.000000
navigation/descendants,65536,4,192,0.025474375,7537,493943895,8.000000,1072.000000
navigation/descendants,65536,5,192,0.025454917,7543,494321470,8.000000,1072.000000
navigation/descendants,65536,6,192,0.025454417,7543,494331180,8.000000,1072.000000
navigation/ordering,65536,0,384,0.025744458,14916,977523939,6.000000,320.000000
navigation/ordering,65536,1,384,0.025715292,14933,978632636,6.000000,320.000000
navigation/ordering,65536,2,384,0.025721416,14929,978399634,6.000000,320.000000
navigation/ordering,65536,3,384,0.025835500,14863,974079232,6.000000,320.000000
navigation/ordering,65536,4,384,0.025694416,14945,979427748,6.000000,320.000000
navigation/ordering,65536,5,384,0.025705791,14938,978994344,6.000000,320.000000
navigation/ordering,65536,6,384,0.025717125,14932,978562884,6.000000,320.000000
navigation/grouping,65536,0,384,0.025784667,14893,975999574,11.000000,824.000000
navigation/grouping,65536,1,384,0.025629792,14983,981897317,11.000000,824.000000
navigation/grouping,65536,2,384,0.025746708,14915,977438514,11.000000,824.000000
navigation/grouping,65536,3,384,0.025825625,14869,974451693,11.000000,824.000000
navigation/grouping,65536,4,384,0.025773708,14899,976414569,11.000000,824.000000
navigation/grouping,65536,5,384,0.025790750,14889,975769375,11.000000,824.000000
navigation/grouping,65536,6,384,0.025755125,14910,977119078,11.000000,824.000000
navigation/membership,65536,0,384,0.025719917,14930,978456657,2.000000,32.000000
navigation/membership,65536,1,384,0.025718875,14931,978496299,2.000000,32.000000
navigation/membership,65536,2,384,0.025720875,14930,978420213,2.000000,32.000000
navigation/membership,65536,3,384,0.025571792,15017,984124382,2.000000,32.000000
navigation/membership,65536,4,384,0.025710792,14935,978803920,2.000000,32.000000
navigation/membership,65536,5,384,0.025673875,14957,980211363,2.000000,32.000000
navigation/membership,65536,6,384,0.025748333,14914,977376827,2.000000,32.000000
navigation/fallback,65536,0,256,0.025381750,10086,660995243,0.000000,0.000000
navigation/fallback,65536,1,256,0.025437500,10064,659546575,0.000000,0.000000
navigation/fallback,65536,2,256,0.025371875,10090,661252509,0.000000,0.000000
navigation/fallback,65536,3,256,0.025400250,10079,660513814,0.000000,0.000000
navigation/fallback,65536,4,256,0.025490500,10043,658175242,0.000000,0.000000
navigation/fallback,65536,5,256,0.025509125,10036,657694688,0.000000,0.000000
navigation/fallback,65536,6,256,0.025408750,10075,660292852,0.000000,0.000000
navigation/mixed,65536,0,384,0.025794833,14887,975614923,11.000000,1032.000000
navigation/mixed,65536,1,384,0.025816000,14874,974814998,11.000000,1032.000000
navigation/mixed,65536,2,384,0.025838958,14861,973948872,11.000000,1032.000000
navigation/mixed,65536,3,384,0.025793958,14887,975648018,11.000000,1032.000000
navigation/mixed,65536,4,384,0.025836292,14863,974049372,11.000000,1032.000000
navigation/mixed,65536,5,384,0.025839916,14861,973912763,11.000000,1032.000000
navigation/mixed,65536,6,384,0.026024417,14755,967008175,11.000000,1032.000000
navigation/keep,1048576,0,32,0.034012125,941,986543240,2.000000,144.000000
navigation/keep,1048576,1,32,0.033972166,942,987703640,2.000000,144.000000
navigation/keep,1048576,2,32,0.033918000,943,989280972,2.000000,144.000000
navigation/keep,1048576,3,32,0.033991167,941,987151515,2.000000,144.000000
navigation/keep,1048576,4,32,0.034026958,940,986113187,2.000000,144.000000
navigation/keep,1048576,5,32,0.033801417,947,992693058,2.000000,144.000000
navigation/keep,1048576,6,32,0.033984500,942,987345172,2.000000,144.000000
navigation/wildcard,1048576,0,32,0.034101500,938,983957656,8.000000,1072.000000
navigation/wildcard,1048576,1,32,0.033971125,942,987733906,8.000000,1072.000000
navigation/wildcard,1048576,2,32,0.033917625,943,989291909,8.000000,1072.000000
navigation/wildcard,1048576,3,32,0.033951625,943,988301208,8.000000,1072.000000
navigation/wildcard,1048576,4,32,0.033782792,947,993240346,8.000000,1072.000000
navigation/wildcard,1048576,5,32,0.034073958,939,984752989,8.000000,1072.000000
navigation/wildcard,1048576,6,32,0.033968417,942,987812650,8.000000,1072.000000
navigation/descendants,1048576,0,32,0.067421917,475,497678403,8.000000,1072.000000
navigation/descendants,1048576,1,32,0.067294500,476,498620719,8.000000,1072.000000
navigation/descendants,1048576,2,32,0.067287208,476,498674756,8.000000,1072.000000
navigation/descendants,1048576,3,32,0.067374208,475,498030819,8.000000,1072.000000
navigation/descendants,1048576,4,32,0.067400250,475,497838391,8.000000,1072.000000
navigation/descendants,1048576,5,32,0.067257875,476,498892241,8.000000,1072.000000
navigation/descendants,1048576,6,32,0.067410375,475,497763616,8.000000,1072.000000
navigation/ordering,1048576,0,32,0.033972333,942,987698784,6.000000,320.000000
navigation/ordering,1048576,1,32,0.034000250,941,986887802,6.000000,320.000000
navigation/ordering,1048576,2,32,0.033904584,944,989672429,6.000000,320.000000
navigation/ordering,1048576,3,32,0.034022167,941,986252051,6.000000,320.000000
navigation/ordering,1048576,4,32,0.033915750,944,989346602,6.000000,320.000000
navigation/ordering,1048576,5,32,0.033986125,942,987297964,6.000000,320.000000
navigation/ordering,1048576,6,32,0.033981625,942,987428706,6.000000,320.000000
navigation/grouping,1048576,0,32,0.034018042,941,986371644,11.000000,824.000000
navigation/grouping,1048576,1,32,0.034000000,941,986895059,11.000000,824.000000
navigation/grouping,1048576,2,32,0.033986500,942,987287070,11.000000,824.000000
navigation/grouping,1048576,3,32,0.033962791,942,987976283,11.000000,824.000000
navigation/grouping,1048576,4,32,0.033935792,943,988762307,11.000000,824.000000
navigation/grouping,1048576,5,32,0.034001417,941,986853930,11.000000,824.000000
navigation/grouping,1048576,6,32,0.033992917,941,987100695,11.000000,824.000000
navigation/membership,1048576,0,32,0.033932625,943,988854591,2.000000,32.000000
navigation/membership,1048576,1,32,0.034003833,941,986783813,2.000000,32.000000
navigation/membership,1048576,2,32,0.033967958,942,987825998,2.000000,32.000000
navigation/membership,1048576,3,32,0.033923166,943,989130319,2.000000,32.000000
navigation/membership,1048576,4,32,0.033991875,941,987130954,2.000000,32.000000
navigation/membership,1048576,5,32,0.033923625,943,989116935,2.000000,32.000000
navigation/membership,1048576,6,32,0.034002375,941,986826126,2.000000,32.000000
navigation/fallback,1048576,0,32,0.050562500,633,663622883,0.000000,0.000000
navigation/fallback,1048576,1,32,0.050609083,632,663012053,0.000000,0.000000
navigation/fallback,1048576,2,32,0.050693042,631,661913957,0.000000,0.000000
navigation/fallback,1048576,3,32,0.050689625,631,661958576,0.000000,0.000000
navigation/fallback,1048576,4,32,0.050758458,630,661060901,0.000000,0.000000
navigation/fallback,1048576,5,32,0.050590958,633,663249587,0.000000,0.000000
navigation/fallback,1048576,6,32,0.050597917,632,663158367,0.000000,0.000000
navigation/mixed,1048576,0,32,0.034027875,940,986086613,11.000000,1032.000000
navigation/mixed,1048576,1,32,0.033937417,943,988714963,11.000000,1032.000000
navigation/mixed,1048576,2,32,0.033917375,943,989299201,11.000000,1032.000000
navigation/mixed,1048576,3,32,0.034044667,940,985600241,11.000000,1032.000000
navigation/mixed,1048576,4,32,0.033953792,942,988238133,11.000000,1032.000000
navigation/mixed,1048576,5,32,0.033949459,943,988364262,11.000000,1032.000000
navigation/mixed,1048576,6,32,0.034021542,941,986270170,11.000000,1032.000000
navigation/wide_sort,250,0,12640,0.025018625,505224,126305902,9.000000,968.000000
navigation/wide_sort,250,1,12736,0.025003417,509370,127342595,9.000000,968.000000
navigation/wide_sort,250,2,12768,0.025000166,510717,127679152,9.000000,968.000000
navigation/wide_sort,250,3,12832,0.025025541,512756,128189037,9.000000,968.000000
navigation/wide_sort,250,4,12864,0.025043625,513664,128415914,9.000000,968.000000
navigation/wide_sort,250,5,12896,0.025031041,515200,128800077,9.000000,968.000000
navigation/wide_sort,250,6,12832,0.025040042,512459,128114801,9.000000,968.000000
navigation/wide_group,250,0,11936,0.025061292,476272,119068083,10.000000,1016.000000
navigation/wide_group,250,1,11904,0.025000666,476147,119036829,10.000000,1016.000000
navigation/wide_group,250,2,11968,0.025031959,478109,119527201,10.000000,1016.000000
navigation/wide_group,250,3,12000,0.025024750,479525,119881317,10.000000,1016.000000
navigation/wide_group,250,4,12064,0.025039542,481798,120449487,10.000000,1016.000000
navigation/wide_group,250,5,12000,0.025001709,479967,119991797,10.000000,1016.000000
navigation/wide_group,250,6,11840,0.025042458,472797,118199260,10.000000,1016.000000
navigation/wide_descendants,250,0,6752,0.025107875,268920,67229903,20.000000,2680.000000
navigation/wide_descendants,250,1,6816,0.025115584,271385,67846322,20.000000,2680.000000
navigation/wide_descendants,250,2,6816,0.025099750,271556,67889122,20.000000,2680.000000
navigation/wide_descendants,250,3,6816,0.025088042,271683,67920805,20.000000,2680.000000
navigation/wide_descendants,250,4,6816,0.025091375,271647,67911782,20.000000,2680.000000
navigation/wide_descendants,250,5,6784,0.025110792,270163,67540681,20.000000,2680.000000
navigation/wide_descendants,250,6,6816,0.025106708,271481,67870308,20.000000,2680.000000
navigation/range,250,0,25856,0.025023167,1033282,258320619,4.000000,360.000000
navigation/range,250,1,25792,0.025009125,1031304,257825894,4.000000,360.000000
navigation/range,250,2,25440,0.025004625,1017412,254352945,4.000000,360.000000
navigation/range,250,3,25504,0.025009625,1019767,254941847,4.000000,360.000000
navigation/range,250,4,25536,0.025011042,1020989,255247262,4.000000,360.000000
navigation/range,250,5,25536,0.025020625,1020598,255149502,4.000000,360.000000
navigation/range,250,6,25632,0.025016375,1024609,256152220,4.000000,360.000000
navigation/wide_sort,4144,0,832,0.025005292,33273,137883133,13.000000,14408.000000
navigation/wide_sort,4144,1,864,0.025878500,33387,138354851,13.000000,14408.000000
navigation/wide_sort,4144,2,864,0.025745458,33559,139069812,13.000000,14408.000000
navigation/wide_sort,4144,3,864,0.025687417,33635,139384042,13.000000,14408.000000
navigation/wide_sort,4144,4,864,0.025577542,33780,139982802,13.000000,14408.000000
navigation/wide_sort,4144,5,864,0.025588500,33765,139922856,13.000000,14408.000000
navigation/wide_sort,4144,6,864,0.025632291,33707,139683807,13.000000,14408.000000
navigation/wide_group,4144,0,864,0.025190792,34298,142131935,18.000000,9656.000000
navigation/wide_group,4144,1,896,0.025709209,34851,144423891,18.000000,9656.000000
navigation/wide_group,4144,2,896,0.025858125,34651,143592159,18.000000,9656.000000
navigation/wide_group,4144,3,864,0.025229833,34245,141911998,18.000000,9656.000000
navigation/wide_group,4144,4,896,0.025870292,34634,143524627,18.000000,9656.000000
navigation/wide_group,4144,5,864,0.025127875,34384,142487815,18.000000,9656.000000
navigation/wide_group,4144,6,864,0.025161792,34338,142295747,18.000000,9656.000000
navigation/wide_descendants,4144,0,480,0.026707875,17972,74476910,260.000000,34840.000000
navigation/wide_descendants,4144,1,480,0.026541667,18085,74943296,260.000000,34840.000000
navigation/wide_descendants,4144,2,480,0.026601625,18044,74774379,260.000000,34840.000000
navigation/wide_descendants,4144,3,480,0.026506375,18109,75043079,260.000000,34840.000000
navigation/wide_descendants,4144,4,480,0.026387250,18191,75381861,260.000000,34840.000000
navigation/wide_descendants,4144,5,480,0.026457416,18142,75181945,260.000000,34840.000000
navigation/wide_descendants,4144,6,480,0.026370833,18202,75428789,260.000000,34840.000000
navigation/range,4144,0,1888,0.025090208,75248,311829699,8.000000,6120.000000
navigation/range,4144,1,1920,0.025255833,76022,315035343,8.000000,6120.000000
navigation/range,4144,2,1920,0.025181791,76246,315961641,8.000000,6120.000000
navigation/range,4144,3,1920,0.025039000,76680,317763489,8.000000,6120.000000
navigation/range,4144,4,1920,0.025048625,76651,317641388,8.000000,6120.000000
navigation/range,4144,5,1920,0.025090542,76523,317110726,8.000000,6120.000000
navigation/range,4144,6,1920,0.025405666,75574,313177383,8.000000,6120.000000
navigation/wide_sort,34657,0,128,0.032218208,3973,137689098,16.000000,114760.000000
navigation/wide_sort,34657,1,128,0.031800292,4025,139498593,16.000000,114760.000000
navigation/wide_sort,34657,2,128,0.032128167,3984,138074980,16.000000,114760.000000
navigation/wide_sort,34657,3,128,0.032098584,3988,138202233,16.000000,114760.000000
navigation/wide_sort,34657,4,128,0.031970625,4004,138755373,16.000000,114760.000000
navigation/wide_sort,34657,5,128,0.032026583,3997,138512935,16.000000,114760.000000
navigation/wide_sort,34657,6,128,0.032407334,3950,136885558,16.000000,114760.000000
navigation/wide_group,34657,0,128,0.028824916,4441,153897968,24.000000,74168.000000
navigation/wide_group,34657,1,128,0.028628083,4471,154956097,24.000000,74168.000000
navigation/wide_group,34657,2,128,0.028692542,4461,154607981,24.000000,74168.000000
navigation/wide_group,34657,3,128,0.028741833,4453,154342835,24.000000,74168.000000
navigation/wide_group,34657,4,128,0.028303542,4522,156732892,24.000000,74168.000000
navigation/wide_group,34657,5,128,0.028288584,4525,156815767,24.000000,74168.000000
navigation/wide_group,34657,6,128,0.028563916,4481,155304196,24.000000,74168.000000
navigation/wide_descendants,34657,0,64,0.027656500,2314,80199881,2052.000000,274968.000000
navigation/wide_descendants,34657,1,64,0.027504791,2327,80642242,2052.000000,274968.000000
navigation/wide_descendants,34657,2,64,0.027228625,2350,81460155,2052.000000,274968.000000
navigation/wide_descendants,34657,3,64,0.027251917,2348,81390531,2052.000000,274968.000000
navigation/wide_descendants,34657,4,64,0.027965333,2289,79314199,2052.000000,274968.000000
navigation/wide_descendants,34657,5,64,0.028578417,2239,77612696,2052.000000,274968.000000
navigation/wide_descendants,34657,6,64,0.027919958,2292,79443099,2052.000000,274968.000000
navigation/range,34657,0,256,0.026468500,9672,335198141,11.000000,49128.000000
navigation/range,34657,1,256,0.026454375,9677,335377116,11.000000,49128.000000
navigation/range,34657,2,256,0.026503667,9659,334753376,11.000000,49128.000000
navigation/range,34657,3,256,0.026461000,9675,335293148,11.000000,49128.000000
navigation/range,34657,4,256,0.026410917,9693,335928965,11.000000,49128.000000
navigation/range,34657,5,256,0.026925042,9508,329514509,11.000000,49128.000000
navigation/range,34657,6,256,0.026994458,9483,328667166,11.000000,49128.000000
navigation/wide_sort,600386,0,32,0.144797292,221,132684470,20.000000,1835080.000000
navigation/wide_sort,600386,1,32,0.145241667,220,132278515,20.000000,1835080.000000
navigation/wide_sort,600386,2,32,0.144928250,221,132564576,20.000000,1835080.000000
navigation/wide_sort,600386,3,32,0.144392208,222,133056709,20.000000,1835080.000000
navigation/wide_sort,600386,4,32,0.144688375,221,132784351,20.000000,1835080.000000
navigation/wide_sort,600386,5,32,0.144211125,222,133223786,20.000000,1835080.000000
navigation/wide_sort,600386,6,32,0.145774625,220,131794899,20.000000,1835080.000000
navigation/wide_group,600386,0,32,0.119495833,268,160778426,32.000000,1180088.000000
navigation/wide_group,600386,1,32,0.120047708,267,160039307,32.000000,1180088.000000
navigation/wide_group,600386,2,32,0.117289000,273,163803528,32.000000,1180088.000000
navigation/wide_group,600386,3,32,0.117696958,272,163235757,32.000000,1180088.000000
navigation/wide_group,600386,4,32,0.117672959,272,163269048,32.000000,1180088.000000
navigation/wide_group,600386,5,32,0.117017041,273,164184223,32.000000,1180088.000000
navigation/wide_group,600386,6,32,0.116707291,274,164619981,32.000000,1180088.000000
navigation/wide_descendants,600386,0,32,0.228769292,140,83981341,32772.000000,4391448.000000
navigation/wide_descendants,600386,1,32,0.228750459,140,83988256,32772.000000,4391448.000000
navigation/wide_descendants,600386,2,32,0.226668458,141,84759707,32772.000000,4391448.000000
navigation/wide_descendants,600386,3,32,0.225096500,142,85351625,32772.000000,4391448.000000
navigation/wide_descendants,600386,4,32,0.227967750,140,84276622,32772.000000,4391448.000000
navigation/wide_descendants,600386,5,32,0.227094334,141,84600755,32772.000000,4391448.000000
navigation/wide_descendants,600386,6,32,0.227559208,141,84427926,32772.000000,4391448.000000
navigation/range,600386,0,32,0.054623125,586,351725611,15.000000,786408.000000
navigation/range,600386,1,32,0.054668084,585,351436352,15.000000,786408.000000
navigation/range,600386,2,32,0.054643459,586,351594726,15.000000,786408.000000
navigation/range,600386,3,32,0.054521042,587,352384168,15.000000,786408.000000
navigation/range,600386,4,32,0.054913000,583,349868920,15.000000,786408.000000
navigation/range,600386,5,32,0.054510208,587,352454205,15.000000,786408.000000
navigation/range,600386,6,32,0.054430917,588,352967634,15.000000,786408.000000
navigation/distinct_groups,194,0,13568,0.025037959,541897,105128058,5.000000,1464.000000
navigation/distinct_groups,194,1,13728,0.025012333,548849,106476753,5.000000,1464.000000
navigation/distinct_groups,194,2,13440,0.025034625,536856,104150152,5.000000,1464.000000
navigation/distinct_groups,194,3,13664,0.025043667,545607,105847758,5.000000,1464.000000
navigation/distinct_groups,194,4,13696,0.025005500,547720,106257583,5.000000,1464.000000
navigation/distinct_groups,194,5,13664,0.025011958,546299,105981947,5.000000,1464.000000
navigation/distinct_groups,194,6,13760,0.025046667,549374,106578652,5.000000,1464.000000
navigation/distinct_groups,3246,0,736,0.025492000,28872,93717872,13.000000,51472.000000
navigation/distinct_groups,3246,1,736,0.025352125,29031,94234941,13.000000,51472.000000
navigation/distinct_groups,3246,2,736,0.025521708,28838,93608782,13.000000,51472.000000
navigation/distinct_groups,3246,3,736,0.025392958,28984,94083407,13.000000,51472.000000
navigation/distinct_groups,3246,4,736,0.025540958,28816,93538230,13.000000,51472.000000
navigation/distinct_groups,3246,5,736,0.025393166,28984,94082636,13.000000,51472.000000
navigation/distinct_groups,3246,6,736,0.025333625,29052,94303756,13.000000,51472.000000
navigation/distinct_groups,27486,0,96,0.025827791,3717,102163441,19.000000,427816.000000
navigation/distinct_groups,27486,1,96,0.025609000,3749,103036276,19.000000,427816.000000
navigation/distinct_groups,27486,2,96,0.025881875,3709,101949955,19.000000,427816.000000
navigation/distinct_groups,27486,3,96,0.025651500,3742,102865563,19.000000,427816.000000
navigation/distinct_groups,27486,4,96,0.025387500,3781,103935244,19.000000,427816.000000
navigation/distinct_groups,27486,5,96,0.025430333,3775,103760183,19.000000,427816.000000
navigation/distinct_groups,27486,6,96,0.025589500,3752,103114793,19.000000,427816.000000
navigation/deep_descendants,24,0,63456,0.025015334,2536684,60880418,4.000000,536.000000
navigation/deep_descendants,24,1,63680,0.025012417,2545935,61102452,4.000000,536.000000
navigation/deep_descendants,24,2,64224,0.025004333,2568515,61644356,4.000000,536.000000
navigation/deep_descendants,24,3,64448,0.025011042,2576782,61842765,4.000000,536.000000
navigation/deep_descendants,24,4,64640,0.025003084,2585281,62046746,4.000000,536.000000
navigation/deep_descendants,24,5,64320,0.025005000,2572286,61734853,4.000000,536.000000
navigation/deep_descendants,24,6,64640,0.025011458,2584416,62025972,4.000000,536.000000
navigation/deep_descendants,72,0,46880,0.025010042,1874447,134960189,4.000000,536.000000
navigation/deep_descendants,72,1,47072,0.025015417,1881720,135483810,4.000000,536.000000
navigation/deep_descendants,72,2,47104,0.025007458,1883598,135619062,4.000000,536.000000
navigation/deep_descendants,72,3,47072,0.025002500,1882692,135553805,4.000000,536.000000
navigation/deep_descendants,72,4,47136,0.025004375,1885110,135727928,4.000000,536.000000
navigation/deep_descendants,72,5,46944,0.025003167,1877522,135181595,4.000000,536.000000
navigation/deep_descendants,72,6,47520,0.025009750,1900059,136804246,4.000000,536.000000
navigation/deep_descendants,136,0,24800,0.025008125,991678,134868168,4.000000,536.000000
navigation/deep_descendants,136,1,24896,0.025026584,994782,135290378,4.000000,536.000000
navigation/deep_descendants,136,2,24992,0.025016375,999026,135867487,4.000000,536.000000
navigation/deep_descendants,136,3,24992,0.025010292,999269,135900532,4.000000,536.000000
navigation/deep_descendants,136,4,24896,0.025025958,994807,135293762,4.000000,536.000000
navigation/deep_descendants,136,5,25056,0.025020250,1001429,136194323,4.000000,536.000000
navigation/deep_descendants,136,6,25088,0.025020958,1002679,136364403,4.000000,536.000000
compiler/lookup_8_hit,501,0,76224,0.025003625,3048518,1527307500,0.000000,0.000000
compiler/lookup_8_hit,501,1,76000,0.025001333,3039838,1522958796,0.000000,0.000000
compiler/lookup_8_hit,501,2,76352,0.025006250,3053317,1529711652,0.000000,0.000000
compiler/lookup_8_hit,501,3,76800,0.025004750,3071416,1538779632,0.000000,0.000000
compiler/lookup_8_hit,501,4,76608,0.025003167,3063932,1535029862,0.000000,0.000000
compiler/lookup_8_hit,501,5,76704,0.025009583,3066984,1536559166,0.000000,0.000000
compiler/lookup_8_hit,501,6,76864,0.025009583,3073382,1539764338,0.000000,0.000000
rust/lookup_8_hit,501,0,82624,0.025002250,3304663,1655635953,0.000000,0.000000
rust/lookup_8_hit,501,1,82592,0.025007333,3302711,1654658336,0.000000,0.000000
rust/lookup_8_hit,501,2,82496,0.025000083,3299829,1653214351,0.000000,0.000000
rust/lookup_8_hit,501,3,82240,0.025003417,3289150,1647864370,0.000000,0.000000
rust/lookup_8_hit,501,4,82656,0.025002791,3305871,1656241337,0.000000,0.000000
rust/lookup_8_hit,501,5,82752,0.025003000,3309683,1658151102,0.000000,0.000000
rust/lookup_8_hit,501,6,82464,0.025005959,3297774,1652184745,0.000000,0.000000
compiler/lookup_8_miss,501,0,77888,0.025012667,3113942,1560085056,0.000000,0.000000
compiler/lookup_8_miss,501,1,78176,0.025004208,3126514,1566383386,0.000000,0.000000
compiler/lookup_8_miss,501,2,78048,0.025005708,3121207,1563724890,0.000000,0.000000
compiler/lookup_8_miss,501,3,77792,0.025003000,3111307,1558764628,0.000000,0.000000
compiler/lookup_8_miss,501,4,78592,0.025004833,3143072,1574679263,0.000000,0.000000
compiler/lookup_8_miss,501,5,78592,0.025007167,3142779,1574532293,0.000000,0.000000
compiler/lookup_8_miss,501,6,78528,0.025004750,3140523,1573402174,0.000000,0.000000
rust/lookup_8_miss,501,0,83744,0.025006541,3348884,1677790783,0.000000,0.000000
rust/lookup_8_miss,501,1,83424,0.025001750,3336726,1671699941,0.000000,0.000000
rust/lookup_8_miss,501,2,83616,0.025001042,3344501,1675594801,0.000000,0.000000
rust/lookup_8_miss,501,3,83808,0.025000083,3352309,1679506744,0.000000,0.000000
rust/lookup_8_miss,501,4,83808,0.025009292,3351074,1678888311,0.000000,0.000000
rust/lookup_8_miss,501,5,83552,0.025006667,3341189,1673935675,0.000000,0.000000
rust/lookup_8_miss,501,6,83712,0.025004750,3347844,1677269799,0.000000,0.000000
compiler/varying_lookup_8,501,0,75840,0.025009333,3032468,1519266427,0.000000,0.000000
compiler/varying_lookup_8,501,1,75968,0.025002709,3038391,1522233771,0.000000,0.000000
compiler/varying_lookup_8,501,2,75936,0.025000916,3037329,1521701685,0.000000,0.000000
compiler/varying_lookup_8,501,3,76000,0.025003084,3039625,1522852141,0.000000,0.000000
compiler/varying_lookup_8,501,4,76032,0.025006125,3040535,1523308070,0.000000,0.000000
compiler/varying_lookup_8,501,5,76128,0.025002708,3044790,1525439884,0.000000,0.000000
compiler/varying_lookup_8,501,6,76000,0.025001125,3039863,1522971466,0.000000,0.000000
rust/varying_lookup_8,501,0,81728,0.025006125,3268319,1637427950,0.000000,0.000000
rust/varying_lookup_8,501,1,81728,0.025008750,3267976,1637256080,0.000000,0.000000
rust/varying_lookup_8,501,2,82048,0.025008500,3280805,1643683068,0.000000,0.000000
rust/varying_lookup_8,501,3,81696,0.025008125,3266778,1636655927,0.000000,0.000000
rust/varying_lookup_8,501,4,81824,0.025001375,3272780,1639662779,0.000000,0.000000
rust/varying_lookup_8,501,5,81920,0.025007750,3275785,1641168038,0.000000,0.000000
rust/varying_lookup_8,501,6,81856,0.025000042,3274234,1640391484,0.000000,0.000000
compiler/bound_lookup_8,16,0,99072,0.025003917,3962259,63396147,6.000000,584.000000
compiler/bound_lookup_8,16,1,99744,0.025000333,3989707,63835310,6.000000,584.000000
compiler/bound_lookup_8,16,2,99456,0.025005541,3977358,63637735,6.000000,584.000000
compiler/bound_lookup_8,16,3,99520,0.025004833,3980031,63680489,6.000000,584.000000
compiler/bound_lookup_8,16,4,100128,0.025005125,4004299,64068786,6.000000,584.000000
compiler/bound_lookup_8,16,5,100032,0.025000792,4001153,64018452,6.000000,584.000000
compiler/bound_lookup_8,16,6,100256,0.025006584,4009184,64146946,6.000000,584.000000
compile/lookup_8,0,0,7296,0.025092042,290769,0,60.000000,5577.000000
compile/lookup_8,0,1,7296,0.025023458,291566,0,60.000000,5577.000000
compile/lookup_8,0,2,7296,0.025009541,291729,0,60.000000,5577.000000
compile/lookup_8,0,3,7328,0.025036459,292693,0,60.000000,5577.000000
compile/lookup_8,0,4,7328,0.025056500,292459,0,60.000000,5577.000000
compile/lookup_8,0,5,7328,0.025040625,292644,0,60.000000,5577.000000
compile/lookup_8,0,6,7264,0.025012333,290417,0,60.000000,5577.000000
compiler/lookup_128_hit,501,0,75840,0.025010375,3032342,1519203131,0.000000,0.000000
compiler/lookup_128_hit,501,1,74816,0.025006959,2991807,1498895407,0.000000,0.000000
compiler/lookup_128_hit,501,2,75136,0.025005792,3004744,1505376674,0.000000,0.000000
compiler/lookup_128_hit,501,3,75904,0.025010084,3034936,1520502850,0.000000,0.000000
compiler/lookup_128_hit,501,4,76160,0.025001791,3046182,1526137068,0.000000,0.000000
compiler/lookup_128_hit,501,5,76064,0.025002000,3042317,1524200624,0.000000,0.000000
compiler/lookup_128_hit,501,6,76128,0.025004042,3044628,1525358500,0.000000,0.000000
rust/lookup_128_hit,501,0,82528,0.025002042,3300850,1653726044,0.000000,0.000000
rust/lookup_128_hit,501,1,82784,0.025005459,3310637,1658629182,0.000000,0.000000
rust/lookup_128_hit,501,2,82464,0.025005959,3297774,1652184745,0.000000,0.000000
rust/lookup_128_hit,501,3,82592,0.025002500,3303350,1654978182,0.000000,0.000000
rust/lookup_128_hit,501,4,82592,0.025002375,3303366,1654986456,0.000000,0.000000
rust/lookup_128_hit,501,5,82784,0.025003875,3310847,1658734256,0.000000,0.000000
rust/lookup_128_hit,501,6,82496,0.025007542,3298845,1652721247,0.000000,0.000000
compiler/lookup_128_miss,501,0,77856,0.025009667,3113036,1559631162,0.000000,0.000000
compiler/lookup_128_miss,501,1,77696,0.025003417,3107415,1556815055,0.000000,0.000000
compiler/lookup_128_miss,501,2,77664,0.025005333,3105897,1556054622,0.000000,0.000000
compiler/lookup_128_miss,501,3,77536,0.025009458,3100267,1553233821,0.000000,0.000000
compiler/lookup_128_miss,501,4,77440,0.025003209,3097202,1551698424,0.000000,0.000000
compiler/lookup_128_miss,501,5,77504,0.025001167,3100015,1553107661,0.000000,0.000000
compiler/lookup_128_miss,501,6,78080,0.025002208,3122924,1564585016,0.000000,0.000000
rust/lookup_128_miss,501,0,83552,0.025005625,3341328,1674005429,0.000000,0.000000
rust/lookup_128_miss,501,1,83776,0.025002166,3350750,1678725595,0.000000,0.000000
rust/lookup_128_miss,501,2,83744,0.025006459,3348895,1677796285,0.000000,0.000000
rust/lookup_128_miss,501,3,83584,0.025006375,3342508,1674596338,0.000000,0.000000
rust/lookup_128_miss,501,4,83584,0.025000625,3343276,1674981485,0.000000,0.000000
rust/lookup_128_miss,501,5,83392,0.025006041,3334874,1670771955,0.000000,0.000000
rust/lookup_128_miss,501,6,83712,0.025002250,3348179,1677437511,0.000000,0.000000
compiler/varying_lookup_128,501,0,74560,0.025000291,2982365,1494165008,0.000000,0.000000
compiler/varying_lookup_128,501,1,74656,0.025003000,2985882,1495926729,0.000000,0.000000
compiler/varying_lookup_128,501,2,74624,0.025006333,2984204,1495086225,0.000000,0.000000
compiler/varying_lookup_128,501,3,74624,0.025010417,2983717,1494842089,0.000000,0.000000
compiler/varying_lookup_128,501,4,74752,0.025007500,2989183,1497580806,0.000000,0.000000
compiler/varying_lookup_128,501,5,74752,0.025010000,2988884,1497431108,0.000000,0.000000
compiler/varying_lookup_128,501,6,74784,0.025006000,2990642,1498311765,0.000000,0.000000
rust/varying_lookup_128,501,0,81024,0.025001541,3240760,1623620880,0.000000,0.000000
rust/varying_lookup_128,501,1,81312,0.025005250,3251797,1629150358,0.000000,0.000000
rust/varying_lookup_128,501,2,81280,0.025001625,3250989,1628745332,0.000000,0.000000
rust/varying_lookup_128,501,3,81376,0.025005708,3254297,1630402786,0.000000,0.000000
rust/varying_lookup_128,501,4,81280,0.025001750,3250972,1628737188,0.000000,0.000000
rust/varying_lookup_128,501,5,81536,0.025002250,3261146,1633834395,0.000000,0.000000
rust/varying_lookup_128,501,6,81184,0.025002500,3247035,1626764684,0.000000,0.000000
compiler/bound_lookup_128,16,0,98976,0.025004750,3958288,63332607,6.000000,584.000000
compiler/bound_lookup_128,16,1,98752,0.025005417,3949224,63187589,6.000000,584.000000
compiler/bound_lookup_128,16,2,99520,0.025006375,3979785,63676562,6.000000,584.000000
compiler/bound_lookup_128,16,3,97600,0.025007709,3902797,62444745,6.000000,584.000000
compiler/bound_lookup_128,16,4,99200,0.025003125,3967504,63480065,6.000000,584.000000
compiler/bound_lookup_128,16,5,99712,0.025006250,3987483,63799730,6.000000,584.000000
compiler/bound_lookup_128,16,6,99264,0.025006541,3969521,63512343,6.000000,584.000000
compile/lookup_128,0,0,448,0.025313958,17698,0,672.000000,111385.000000
compile/lookup_128,0,1,448,0.025413459,17628,0,672.000000,111385.000000
compile/lookup_128,0,2,448,0.025184958,17788,0,672.000000,111385.000000
compile/lookup_128,0,3,448,0.025144041,17817,0,672.000000,111385.000000
compile/lookup_128,0,4,448,0.025109541,17842,0,672.000000,111385.000000
compile/lookup_128,0,5,448,0.025123334,17832,0,672.000000,111385.000000
compile/lookup_128,0,6,448,0.025113209,17839,0,672.000000,111385.000000
compiler/lookup_1024_hit,501,0,74432,0.025005708,2976600,1491276792,0.000000,0.000000
compiler/lookup_1024_hit,501,1,74336,0.025006292,2972692,1489318608,0.000000,0.000000
compiler/lookup_1024_hit,501,2,74848,0.025010167,2992703,1499344167,0.000000,0.000000
compiler/lookup_1024_hit,501,3,74816,0.025001167,2992500,1499242655,0.000000,0.000000
compiler/lookup_1024_hit,501,4,74784,0.025009375,2990239,1498109569,0.000000,0.000000
compiler/lookup_1024_hit,501,5,74656,0.025007458,2985349,1495660055,0.000000,0.000000
compiler/lookup_1024_hit,501,6,74528,0.025008958,2980052,1493006146,0.000000,0.000000
rust/lookup_1024_hit,501,0,82432,0.025005125,3296604,1651598702,0.000000,0.000000
rust/lookup_1024_hit,501,1,82720,0.025006500,3307940,1657277908,0.000000,0.000000
rust/lookup_1024_hit,501,2,83040,0.025008500,3320471,1663555991,0.000000,0.000000
rust/lookup_1024_hit,501,3,83072,0.025006084,3322072,1664357842,0.000000,0.000000
rust/lookup_1024_hit,501,4,82912,0.025006125,3315668,1661149498,0.000000,0.000000
rust/lookup_1024_hit,501,5,82880,0.025003959,3314675,1660652219,0.000000,0.000000
rust/lookup_1024_hit,501,6,83008,0.025001375,3320137,1663388834,0.000000,0.000000
compiler/lookup_1024_miss,501,0,76768,0.025005292,3070070,1538105134,0.000000,0.000000
compiler/lookup_1024_miss,501,1,77184,0.025007041,3086491,1546331851,0.000000,0.000000
compiler/lookup_1024_miss,501,2,77184,0.025002958,3086995,1546584368,0.000000,0.000000
compiler/lookup_1024_miss,501,3,77216,0.025005583,3087950,1547063150,0.000000,0.000000
compiler/lookup_1024_miss,501,4,77088,0.025004208,3083001,1544583536,0.000000,0.000000
compiler/lookup_1024_miss,501,5,77152,0.025005667,3085381,1545775684,0.000000,0.000000
compiler/lookup_1024_miss,501,6,77216,0.025007625,3087698,1546936824,0.000000,0.000000
rust/lookup_1024_miss,501,0,84096,0.025001875,3363588,1685157453,0.000000,0.000000
rust/lookup_1024_miss,501,1,84064,0.025001125,3362409,1684566754,0.000000,0.000000
rust/lookup_1024_miss,501,2,84096,0.025001375,3363655,1685191154,0.000000,0.000000
rust/lookup_1024_miss,501,3,84032,0.025009334,3360026,1683372776,0.000000,0.000000
rust/lookup_1024_miss,501,4,83968,0.025003792,3358211,1682463524,0.000000,0.000000
rust/lookup_1024_miss,501,5,84000,0.025003125,3359580,1683149606,0.000000,0.000000
rust/lookup_1024_miss,501,6,84000,0.025004625,3359379,1683048636,0.000000,0.000000
compiler/varying_lookup_1024,501,0,73088,0.025006875,2922716,1464280843,0.000000,0.000000
compiler/varying_lookup_1024,501,1,72608,0.025000792,2904228,1455018225,0.000000,0.000000
compiler/varying_lookup_1024,501,2,72992,0.025007334,2918824,1462330691,0.000000,0.000000
compiler/varying_lookup_1024,501,3,73152,0.025006459,2925324,1465587431,0.000000,0.000000
compiler/varying_lookup_1024,501,4,72800,0.025001292,2911850,1458836607,0.000000,0.000000
compiler/varying_lookup_1024,501,5,73216,0.025009208,2927562,1466708422,0.000000,0.000000
compiler/varying_lookup_1024,501,6,72768,0.025009625,2909600,1457709502,0.000000,0.000000
rust/varying_lookup_1024,501,0,80640,0.025000209,3225573,1616012090,0.000000,0.000000
rust/varying_lookup_1024,501,1,80800,0.025007500,3231031,1618746376,0.000000,0.000000
rust/varying_lookup_1024,501,2,80864,0.025007042,3233649,1620058222,0.000000,0.000000
rust/varying_lookup_1024,501,3,80768,0.025006083,3229934,1618196980,0.000000,0.000000
rust/varying_lookup_1024,501,4,80992,0.025008208,3238617,1622546965,0.000000,0.000000
rust/varying_lookup_1024,501,5,80864,0.025001416,3234377,1620422779,0.000000,0.000000
rust/varying_lookup_1024,501,6,81088,0.025005500,3242807,1624646098,0.000000,0.000000
compiler/bound_lookup_1024,16,0,92128,0.025006542,3684156,58946495,6.000000,584.000000
compiler/bound_lookup_1024,16,1,92736,0.025005083,3708686,59338975,6.000000,584.000000
compiler/bound_lookup_1024,16,2,92704,0.025001958,3707870,59325914,6.000000,584.000000
compiler/bound_lookup_1024,16,3,92704,0.025003208,3707684,59322948,6.000000,584.000000
compiler/bound_lookup_1024,16,4,92480,0.025001291,3699009,59184144,6.000000,584.000000
compiler/bound_lookup_1024,16,5,92512,0.025004125,3699870,59197912,6.000000,584.000000
compiler/bound_lookup_1024,16,6,92768,0.025008458,3709465,59351440,6.000000,584.000000
compile/lookup_1024,0,0,96,0.037440083,2564,0,5161.000000,904369.000000
compile/lookup_1024,0,1,96,0.037368458,2569,0,5161.000000,904369.000000
compile/lookup_1024,0,2,96,0.037466625,2562,0,5161.000000,904369.000000
compile/lookup_1024,0,3,96,0.037210958,2580,0,5161.000000,904369.000000
compile/lookup_1024,0,4,96,0.037222167,2579,0,5161.000000,904369.000000
compile/lookup_1024,0,5,96,0.037175542,2582,0,5161.000000,904369.000000
compile/lookup_1024,0,6,96,0.037148875,2584,0,5161.000000,904369.000000
compiler/lookup_4096_hit,501,0,73536,0.025005250,2940822,1473352036,0.000000,0.000000
compiler/lookup_4096_hit,501,1,73728,0.025005500,2948471,1477184139,0.000000,0.000000
compiler/lookup_4096_hit,501,2,73728,0.025000417,2949071,1477484476,0.000000,0.000000
compiler/lookup_4096_hit,501,3,73408,0.025009042,2935258,1470564446,0.000000,0.000000
compiler/lookup_4096_hit,501,4,73664,0.025006917,2945745,1475818231,0.000000,0.000000
compiler/lookup_4096_hit,501,5,73760,0.025006916,2949584,1477741598,0.000000,0.000000
compiler/lookup_4096_hit,501,6,73696,0.025005375,2947206,1476550382,0.000000,0.000000
rust/lookup_4096_hit,501,0,82848,0.025006875,3313009,1659817470,0.000000,0.000000
rust/lookup_4096_hit,501,1,83072,0.025007042,3321944,1664294082,0.000000,0.000000
rust/lookup_4096_hit,501,2,82688,0.025008333,3306418,1656515370,0.000000,0.000000
rust/lookup_4096_hit,501,3,82976,0.025008500,3317912,1662273867,0.000000,0.000000
rust/lookup_4096_hit,501,4,82752,0.025001833,3309837,1658228499,0.000000,0.000000
rust/lookup_4096_hit,501,5,82496,0.025005875,3299065,1652831425,0.000000,0.000000
rust/lookup_4096_hit,501,6,82752,0.025004083,3309539,1658079282,0.000000,0.000000
compiler/lookup_4096_miss,501,0,75520,0.025007417,3019904,1512971931,0.000000,0.000000
compiler/lookup_4096_miss,501,1,74976,0.025001417,2998870,1502433882,0.000000,0.000000
compiler/lookup_4096_miss,501,2,75840,0.025001500,3033418,1519742415,0.000000,0.000000
compiler/lookup_4096_miss,501,3,75968,0.025001000,3038598,1522337826,0.000000,0.000000
compiler/lookup_4096_miss,501,4,76000,0.025006959,3039154,1522616165,0.000000,0.000000
compiler/lookup_4096_miss,501,5,75968,0.025000959,3038603,1522340323,0.000000,0.000000
compiler/lookup_4096_miss,501,6,75936,0.025004833,3036853,1521463311,0.000000,0.000000
rust/lookup_4096_miss,501,0,84064,0.025006875,3361636,1684179411,0.000000,0.000000
rust/lookup_4096_miss,501,1,84096,0.025008209,3362736,1684730642,0.000000,0.000000
rust/lookup_4096_miss,501,2,84000,0.025009000,3358791,1682754208,0.000000,0.000000
rust/lookup_4096_miss,501,3,84128,0.025007458,3364116,1685422325,0.000000,0.000000
rust/lookup_4096_miss,501,4,84032,0.025004916,3360619,1683670203,0.000000,0.000000
rust/lookup_4096_miss,501,5,83968,0.025005833,3357937,1682326200,0.000000,0.000000
rust/lookup_4096_miss,501,6,84032,0.025004375,3360692,1683706631,0.000000,0.000000
compiler/varying_lookup_4096,501,0,71232,0.025008292,2848335,1427015967,0.000000,0.000000
compiler/varying_lookup_4096,501,1,71232,0.025000291,2849247,1427472664,0.000000,0.000000
compiler/varying_lookup_4096,501,2,71296,0.025002166,2851593,1428648062,0.000000,0.000000
compiler/varying_lookup_4096,501,3,71424,0.025007750,2856075,1430893383,0.000000,0.000000
compiler/varying_lookup_4096,501,4,71232,0.025001084,2849156,1427427387,0.000000,0.000000
compiler/varying_lookup_4096,501,5,71200,0.025007416,2847155,1426424865,0.000000,0.000000
compiler/varying_lookup_4096,501,6,71392,0.025009709,2854571,1430140271,0.000000,0.000000
rust/varying_lookup_4096,501,0,80640,0.025009583,3224364,1615406382,0.000000,0.000000
rust/varying_lookup_4096,501,1,80960,0.025003125,3237995,1622235621,0.000000,0.000000
rust/varying_lookup_4096,501,2,80992,0.025006000,3238903,1622690234,0.000000,0.000000
rust/varying_lookup_4096,501,3,81088,0.025002750,3243163,1624824789,0.000000,0.000000
rust/varying_lookup_4096,501,4,81088,0.025002500,3243196,1624841036,0.000000,0.000000
rust/varying_lookup_4096,501,5,81024,0.025005042,3240306,1623393554,0.000000,0.000000
rust/varying_lookup_4096,501,6,80736,0.025000958,3229316,1617887443,0.000000,0.000000
compiler/bound_lookup_4096,16,0,90880,0.025001084,3635042,58160678,6.000000,584.000000
compiler/bound_lookup_4096,16,1,89952,0.025004875,3597379,57558056,6.000000,584.000000
compiler/bound_lookup_4096,16,2,89952,0.025002292,3597750,57564003,6.000000,584.000000
compiler/bound_lookup_4096,16,3,89984,0.025001541,3599138,57586210,6.000000,584.000000
compiler/bound_lookup_4096,16,4,89952,0.025008583,3596845,57549522,6.000000,584.000000
compiler/bound_lookup_4096,16,5,89952,0.025006375,3597163,57554604,6.000000,584.000000
compiler/bound_lookup_4096,16,6,90048,0.025007084,3600900,57614394,6.000000,584.000000
compile/lookup_4096,0,0,32,0.049410000,648,0,20527.000000,3623105.000000
compile/lookup_4096,0,1,32,0.049554125,646,0,20527.000000,3623105.000000
compile/lookup_4096,0,2,32,0.049347083,648,0,20527.000000,3623105.000000
compile/lookup_4096,0,3,32,0.049369250,648,0,20527.000000,3623105.000000
compile/lookup_4096,0,4,32,0.049291875,649,0,20527.000000,3623105.000000
compile/lookup_4096,0,5,32,0.049242583,650,0,20527.000000,3623105.000000
compile/lookup_4096,0,6,32,0.049239875,650,0,20527.000000,3623105.000000
compiler/constant_scalar,100,0,257728,0.025002666,10308021,1030802075,0.000000,0.000000
compiler/constant_scalar,100,1,259200,0.025000167,10367931,1036793074,0.000000,0.000000
compiler/constant_scalar,100,2,258144,0.025000500,10325553,1032555349,0.000000,0.000000
compiler/constant_scalar,100,3,260704,0.025001125,10427691,1042769075,0.000000,0.000000
compiler/constant_scalar,100,4,260448,0.025001125,10417451,1041745121,0.000000,0.000000
compiler/constant_scalar,100,5,258528,0.025000500,10340913,1034091318,0.000000,0.000000
compiler/constant_scalar,100,6,255840,0.025000333,10233464,1023346369,0.000000,0.000000
compiler/repeated_fields,100,0,130496,0.025004625,5218875,521887451,0.000000,0.000000
compiler/repeated_fields,100,1,131104,0.025004083,5243304,524330366,0.000000,0.000000
compiler/repeated_fields,100,2,131680,0.025003958,5266366,526636623,0.000000,0.000000
compiler/repeated_fields,100,3,132352,0.025005125,5292995,529299494,0.000000,0.000000
compiler/repeated_fields,100,4,132448,0.025002958,5297293,529729322,0.000000,0.000000
compiler/repeated_fields,100,5,133120,0.025004417,5323859,532385938,0.000000,0.000000
compiler/repeated_fields,100,6,133248,0.025003875,5329094,532909399,0.000000,0.000000
compiler/dynamic_leaves,100,0,145408,0.025002625,5815709,581570935,3.000000,152.000000
compiler/dynamic_leaves,100,1,144960,0.025001917,5797955,579795541,3.000000,152.000000
compiler/dynamic_leaves,100,2,140832,0.025004875,5632182,563218172,3.000000,152.000000
compiler/dynamic_leaves,100,3,141184,0.025004541,5646334,564633440,3.000000,152.000000
compiler/dynamic_leaves,100,4,144576,0.025005209,5781835,578183530,3.000000,152.000000
compiler/dynamic_leaves,100,5,145184,0.025004250,5806373,580637292,3.000000,152.000000
compiler/dynamic_leaves,100,6,145472,0.025003250,5818124,581812364,3.000000,152.000000
compiler/filtered_sum,100,0,119200,0.025001041,4767801,476780147,0.000000,0.000000
compiler/filtered_sum,100,1,119136,0.025005000,4764487,476448710,0.000000,0.000000
compiler/filtered_sum,100,2,119872,0.025002167,4794464,479446442,0.000000,0.000000
compiler/filtered_sum,100,3,120416,0.025000167,4816608,481660783,0.000000,0.000000
compiler/filtered_sum,100,4,120128,0.025003791,4804391,480439146,0.000000,0.000000
compiler/filtered_sum,100,5,121696,0.025001041,4867637,486763731,0.000000,0.000000
compiler/filtered_sum,100,6,121056,0.025096417,4823637,482363678,0.000000,0.000000
compiler/invariant_aggregate,100,0,117760,0.025002625,4709905,470990546,0.000000,0.000000
compiler/invariant_aggregate,100,1,119168,0.025000209,4766680,476668015,0.000000,0.000000
compiler/invariant_aggregate,100,2,119328,0.025006583,4771863,477186347,0.000000,0.000000
compiler/invariant_aggregate,100,3,119424,0.025000000,4776960,477696000,0.000000,0.000000
compiler/invariant_aggregate,100,4,119104,0.025001041,4763962,476396163,0.000000,0.000000
compiler/invariant_aggregate,100,5,115392,0.025003292,4615072,461507229,0.000000,0.000000
compiler/invariant_aggregate,100,6,117952,0.025006083,4716932,471693228,0.000000,0.000000
compiler/builtin_reference,100,0,258016,0.025000417,10320468,1032046785,0.000000,0.000000
compiler/builtin_reference,100,1,256672,0.025002125,10266007,1026600739,0.000000,0.000000
compiler/builtin_reference,100,2,258720,0.025000958,10348403,1034840345,0.000000,0.000000
compiler/builtin_reference,100,3,256448,0.025002750,10256792,1025679175,0.000000,0.000000
compiler/builtin_reference,100,4,256544,0.025000875,10261401,1026140085,0.000000,0.000000
compiler/builtin_reference,100,5,256832,0.025001708,10272578,1027257818,0.000000,0.000000
compiler/builtin_reference,100,6,256800,0.025001459,10271401,1027140056,0.000000,0.000000
compiler/static_array,100,0,231488,0.025001625,9258918,925891817,1.000000,16.000000
compiler/static_array,100,1,231488,0.025000791,9259227,925922704,1.000000,16.000000
compiler/static_array,100,2,234816,0.025003042,9391497,939149724,1.000000,16.000000
compiler/static_array,100,3,233248,0.025002125,9329127,932912702,1.000000,16.000000
compiler/static_array,100,4,233824,0.025000583,9352742,935274189,1.000000,16.000000
compiler/static_array,100,5,233248,0.025002000,9329174,932917367,1.000000,16.000000
compiler/static_array,100,6,235904,0.025002875,9435075,943507497,1.000000,16.000000
compiler/constant_membership,100,0,72416,0.025008292,2895680,289567956,1.000000,16.000000
compiler/constant_membership,100,1,74560,0.025003709,2981958,298195760,1.000000,16.000000
compiler/constant_membership,100,2,74560,0.025001459,2982226,298222596,1.000000,16.000000
compiler/constant_membership,100,3,75104,0.025002416,3003870,300386971,1.000000,16.000000
compiler/constant_membership,100,4,74720,0.025006292,2988048,298804797,1.000000,16.000000
compiler/constant_membership,100,5,74912,0.025000459,2996425,299642499,1.000000,16.000000
compiler/constant_membership,100,6,75104,0.025007208,3003294,300329409,1.000000,16.000000
compiler/lookup_record,100,0,218464,0.025001083,8738181,873818146,0.000000,0.000000
compiler/lookup_record,100,1,217568,0.025002458,8701864,870186443,0.000000,0.000000
compiler/lookup_record,100,2,217824,0.025002500,8712089,871208879,0.000000,0.000000
compiler/lookup_record,100,3,218400,0.025003084,8734922,873492246,0.000000,0.000000
compiler/lookup_record,100,4,219360,0.025002458,8773537,877353739,0.000000,0.000000
compiler/lookup_record,100,5,219232,0.025002875,8768272,876827165,0.000000,0.000000
compiler/lookup_record,100,6,219072,0.025000167,8762821,876282146,0.000000,0.000000
rust/repeated_fields,100,0,203136,0.025001666,8124899,812489856,0.000000,0.000000
rust/repeated_fields,100,1,204448,0.025000625,8177716,817771556,0.000000,0.000000
rust/repeated_fields,100,2,202944,0.025003667,8116569,811656946,0.000000,0.000000
rust/repeated_fields,100,3,204928,0.025001375,8196669,819666918,0.000000,0.000000
rust/repeated_fields,100,4,205856,0.025004833,8232648,823264846,0.000000,0.000000
rust/repeated_fields,100,5,200128,0.025003500,8003999,800399944,0.000000,0.000000
rust/repeated_fields,100,6,200864,0.025003417,8033462,803346199,0.000000,0.000000
compiler/constant_scalar,500,0,80384,0.025005917,3214599,1607299584,0.000000,0.000000
compiler/constant_scalar,500,1,80352,0.025008375,3213004,1606501822,0.000000,0.000000
compiler/constant_scalar,500,2,80416,0.025009916,3215365,1607682329,0.000000,0.000000
compiler/constant_scalar,500,3,80320,0.025003750,3212318,1606159076,0.000000,0.000000
compiler/constant_scalar,500,4,80448,0.025003166,3217513,1608756267,0.000000,0.000000
compiler/constant_scalar,500,5,80352,0.025001875,3213839,1606919481,0.000000,0.000000
compiler/constant_scalar,500,6,80416,0.025009750,3215386,1607693000,0.000000,0.000000
compiler/repeated_fields,500,0,62656,0.025001250,2506115,1253057347,0.000000,0.000000
compiler/repeated_fields,500,1,62656,0.025009542,2505284,1252641892,0.000000,0.000000
compiler/repeated_fields,500,2,62560,0.025004958,2501904,1250951911,0.000000,0.000000
compiler/repeated_fields,500,3,62784,0.025002417,2511117,1255558613,0.000000,0.000000
compiler/repeated_fields,500,4,62912,0.025002583,2516220,1258110012,0.000000,0.000000
compiler/repeated_fields,500,5,62496,0.025008833,2498957,1249478534,0.000000,0.000000
compiler/repeated_fields,500,6,62272,0.025001750,2490706,1245352825,0.000000,0.000000
compiler/dynamic_leaves,500,0,63648,0.025006500,2545258,1272629116,3.000000,152.000000
compiler/dynamic_leaves,500,1,63744,0.025003333,2549420,1274710056,3.000000,152.000000
compiler/dynamic_leaves,500,2,63776,0.025002750,2550759,1275379708,3.000000,152.000000
compiler/dynamic_leaves,500,3,64064,0.025001959,2562359,1281179607,3.000000,152.000000
compiler/dynamic_leaves,500,4,64352,0.025004291,2573638,1286819130,3.000000,152.000000
compiler/dynamic_leaves,500,5,64224,0.025004250,2568523,1284261676,3.000000,152.000000
compiler/dynamic_leaves,500,6,64224,0.025000750,2568883,1284441467,3.000000,152.000000
compiler/filtered_sum,500,0,59584,0.025010458,2382363,1191181705,0.000000,0.000000
compiler/filtered_sum,500,1,59584,0.025001375,2383229,1191614461,0.000000,0.000000
compiler/filtered_sum,500,2,59680,0.025008792,2386361,1193180382,0.000000,0.000000
compiler/filtered_sum,500,3,59488,0.025003209,2379215,1189607302,0.000000,0.000000
compiler/filtered_sum,500,4,58912,0.025004500,2356056,1178027955,0.000000,0.000000
compiler/filtered_sum,500,5,60128,0.025011125,2404050,1202025099,0.000000,0.000000
compiler/filtered_sum,500,6,59712,0.025002166,2388273,1194136540,0.000000,0.000000
compiler/invariant_aggregate,500,0,39360,0.025018917,1573210,786604792,0.000000,0.000000
compiler/invariant_aggregate,500,1,39296,0.025014209,1570947,785473568,0.000000,0.000000
compiler/invariant_aggregate,500,2,39328,0.025005375,1572782,786390926,0.000000,0.000000
compiler/invariant_aggregate,500,3,39328,0.025019667,1571883,785941715,0.000000,0.000000
compiler/invariant_aggregate,500,4,39040,0.025014708,1560682,780340910,0.000000,0.000000
compiler/invariant_aggregate,500,5,39296,0.025016375,1570811,785405559,0.000000,0.000000
compiler/invariant_aggregate,500,6,39392,0.025002042,1575551,787775654,0.000000,0.000000
compiler/builtin_reference,500,0,79744,0.025000792,3189659,1594829476,0.000000,0.000000
compiler/builtin_reference,500,1,79776,0.025003208,3190631,1595315289,0.000000,0.000000
compiler/builtin_reference,500,2,79936,0.025007458,3196486,1598243212,0.000000,0.000000
compiler/builtin_reference,500,3,80352,0.025000292,3214042,1607021230,0.000000,0.000000
compiler/builtin_reference,500,4,80352,0.025004125,3213550,1606774882,0.000000,0.000000
compiler/builtin_reference,500,5,80416,0.025003584,3216179,1608089464,0.000000,0.000000
compiler/builtin_reference,500,6,80352,0.025006834,3213202,1606600820,0.000000,0.000000
compiler/static_array,500,0,77376,0.025008834,3093947,1546973361,1.000000,16.000000
compiler/static_array,500,1,77280,0.025007042,3090330,1545164758,1.000000,16.000000
compiler/static_array,500,2,77824,0.025008250,3111933,1555966531,1.000000,16.000000
compiler/static_array,500,3,77664,0.025004208,3106037,1553018596,1.000000,16.000000
compiler/static_array,500,4,77696,0.025007917,3106856,1553428060,1.000000,16.000000
compiler/static_array,500,5,77696,0.025004917,3107229,1553614435,1.000000,16.000000
compiler/static_array,500,6,77664,0.025007542,3105623,1552811548,1.000000,16.000000
compiler/constant_membership,500,0,32672,0.025020834,1305792,652895903,1.000000,16.000000
compiler/constant_membership,500,1,32736,0.025016042,1308600,654300149,1.000000,16.000000
compiler/constant_membership,500,2,32864,0.025007750,1314153,657076306,1.000000,16.000000
compiler/constant_membership,500,3,33056,0.025016709,1321357,660678429,1.000000,16.000000
compiler/constant_membership,500,4,33408,0.025018792,1335316,667658135,1.000000,16.000000
compiler/constant_membership,500,5,33184,0.025013750,1326630,663315177,1.000000,16.000000
compiler/constant_membership,500,6,33152,0.025012166,1325435,662717495,1.000000,16.000000
compiler/lookup_record,500,0,76288,0.025002958,3051159,1525579493,0.000000,0.000000
compiler/lookup_record,500,1,76288,0.025001125,3051383,1525691344,0.000000,0.000000
compiler/lookup_record,500,2,76512,0.025010042,3059251,1529625580,0.000000,0.000000
compiler/lookup_record,500,3,76288,0.025000333,3051479,1525739677,0.000000,0.000000
compiler/lookup_record,500,4,76448,0.025005458,3057253,1528626270,0.000000,0.000000
compiler/lookup_record,500,5,76480,0.025002959,3058838,1529418978,0.000000,0.000000
compiler/lookup_record,500,6,76416,0.025003250,3056243,1528121344,0.000000,0.000000
rust/repeated_fields,500,0,73536,0.025004375,2940925,1470462669,0.000000,0.000000
rust/repeated_fields,500,1,73760,0.025006916,2949584,1474792014,0.000000,0.000000
rust/repeated_fields,500,2,73792,0.025002750,2951355,1475677675,0.000000,0.000000
rust/repeated_fields,500,3,73760,0.025009834,2949240,1474619943,0.000000,0.000000
rust/repeated_fields,500,4,74304,0.025003000,2971803,1485901692,0.000000,0.000000
rust/repeated_fields,500,5,73600,0.025003833,2943549,1471774348,0.000000,0.000000
rust/repeated_fields,500,6,73408,0.025005167,2935713,1467856623,0.000000,0.000000
compiler/constant_scalar,1024,0,42944,0.025014167,1716787,1757990022,0.000000,0.000000
compiler/constant_scalar,1024,1,42944,0.025003791,1717500,1758719548,0.000000,0.000000
compiler/constant_scalar,1024,2,43040,0.025001500,1721497,1762812631,0.000000,0.000000
compiler/constant_scalar,1024,3,42976,0.025010125,1718344,1759584328,0.000000,0.000000
compiler/constant_scalar,1024,4,43104,0.025006292,1723726,1765095601,0.000000,0.000000
compiler/constant_scalar,1024,5,42912,0.025017959,1715248,1756413783,0.000000,0.000000
compiler/constant_scalar,1024,6,43072,0.025000292,1722860,1764208514,0.000000,0.000000
compiler/repeated_fields,1024,0,37184,0.025005375,1487040,1522729253,0.000000,0.000000
compiler/repeated_fields,1024,1,37920,0.025014500,1515921,1552302864,0.000000,0.000000
compiler/repeated_fields,1024,2,37248,0.025009875,1489332,1525075675,0.000000,0.000000
compiler/repeated_fields,1024,3,37248,0.025006875,1489510,1525258634,0.000000,0.000000
compiler/repeated_fields,1024,4,37248,0.025007709,1489461,1525207767,0.000000,0.000000
compiler/repeated_fields,1024,5,37280,0.025003958,1490964,1526747085,0.000000,0.000000
compiler/repeated_fields,1024,6,37216,0.025002042,1488518,1524242860,0.000000,0.000000
compiler/dynamic_leaves,1024,0,37952,0.025014709,1517187,1553599844,3.000000,152.000000
compiler/dynamic_leaves,1024,1,37920,0.025019834,1515598,1551971928,3.000000,152.000000
compiler/dynamic_leaves,1024,2,37984,0.025010791,1518704,1555153374,3.000000,152.000000
compiler/dynamic_leaves,1024,3,37984,0.025009417,1518788,1555238813,3.000000,152.000000
compiler/dynamic_leaves,1024,4,37984,0.025012208,1518618,1555065271,3.000000,152.000000
compiler/dynamic_leaves,1024,5,38496,0.025002500,1539686,1576638496,3.000000,152.000000
compiler/dynamic_leaves,1024,6,37984,0.025014209,1518497,1554940874,3.000000,152.000000
compiler/filtered_sum,1024,0,36128,0.025017500,1444109,1478767743,0.000000,0.000000
compiler/filtered_sum,1024,1,36064,0.025008041,1442096,1476706472,0.000000,0.000000
compiler/filtered_sum,1024,2,35968,0.025006083,1438370,1472890896,0.000000,0.000000
compiler/filtered_sum,1024,3,36096,0.025015583,1442941,1477571160,0.000000,0.000000
compiler/filtered_sum,1024,4,35936,0.025013459,1436667,1471146554,0.000000,0.000000
compiler/filtered_sum,1024,5,35904,0.025000667,1436122,1470588605,0.000000,0.000000
compiler/filtered_sum,1024,6,35968,0.025012334,1438011,1472522796,0.000000,0.000000
compiler/invariant_aggregate,1024,0,21440,0.025001125,857561,878142884,0.000000,0.000000
compiler/invariant_aggregate,1024,1,21408,0.025006542,856096,876642280,0.000000,0.000000
compiler/invariant_aggregate,1024,2,21440,0.025013792,857127,877698191,0.000000,0.000000
compiler/invariant_aggregate,1024,3,21632,0.025011125,864895,885652605,0.000000,0.000000
compiler/invariant_aggregate,1024,4,21536,0.025012500,861009,881673723,0.000000,0.000000
compiler/invariant_aggregate,1024,5,21472,0.025027500,857936,878526741,0.000000,0.000000
compiler/invariant_aggregate,1024,6,21472,0.025005584,858688,879296720,0.000000,0.000000
compiler/builtin_reference,1024,0,42912,0.025006916,1716005,1757189411,0.000000,0.000000
compiler/builtin_reference,1024,1,42976,0.025013167,1718135,1759370335,0.000000,0.000000
compiler/builtin_reference,1024,2,42912,0.025012500,1715622,1756797121,0.000000,0.000000
compiler/builtin_reference,1024,3,42944,0.025001458,1717660,1758883662,0.000000,0.000000
compiler/builtin_reference,1024,4,42880,0.025000291,1715180,1756344356,0.000000,0.000000
compiler/builtin_reference,1024,5,42944,0.025010125,1717065,1758274139,0.000000,0.000000
compiler/builtin_reference,1024,6,42880,0.025000166,1715189,1756353138,0.000000,0.000000
compiler/static_array,1024,0,42240,0.025002375,1689440,1729986051,1.000000,16.000000
compiler/static_array,1024,1,42144,0.025004875,1685431,1725881693,1.000000,16.000000
compiler/static_array,1024,2,42400,0.025005458,1695630,1736324926,1.000000,16.000000
compiler/static_array,1024,3,42112,0.025000667,1684435,1724861501,1.000000,16.000000
compiler/static_array,1024,4,42368,0.025010375,1694017,1734673391,1.000000,16.000000
compiler/static_array,1024,5,42368,0.025001917,1694590,1735260220,1.000000,16.000000
compiler/static_array,1024,6,42080,0.025006542,1682760,1723145887,1.000000,16.000000
compiler/constant_membership,1024,0,19360,0.025037541,773239,791796607,1.000000,16.000000
compiler/constant_membership,1024,1,19328,0.025018958,772534,791074992,1.000000,16.000000
compiler/constant_membership,1024,2,19328,0.025039333,771906,790431279,1.000000,16.000000
compiler/constant_membership,1024,3,19328,0.025017083,772592,791134282,1.000000,16.000000
compiler/constant_membership,1024,4,19360,0.025015334,773925,792499512,1.000000,16.000000
compiler/constant_membership,1024,5,19392,0.025002625,775599,794212928,1.000000,16.000000
compiler/constant_membership,1024,6,19424,0.025037750,775789,794407485,1.000000,16.000000
compiler/lookup_record,1024,0,41632,0.025010042,1664611,1704562032,0.000000,0.000000
compiler/lookup_record,1024,1,41632,0.025003792,1665027,1704988107,0.000000,0.000000
compiler/lookup_record,1024,2,41920,0.025012416,1675968,1716190871,0.000000,0.000000
compiler/lookup_record,1024,3,41824,0.025015583,1671918,1712043889,0.000000,0.000000
compiler/lookup_record,1024,4,41952,0.025012958,1677211,1717463724,0.000000,0.000000
compiler/lookup_record,1024,5,41888,0.025006333,1675096,1715297961,0.000000,0.000000
compiler/lookup_record,1024,6,41920,0.025003000,1676599,1716837180,0.000000,0.000000
rust/repeated_fields,1024,0,40896,0.025014959,1634862,1674098446,0.000000,0.000000
rust/repeated_fields,1024,1,40928,0.025015625,1636097,1675363778,0.000000,0.000000
rust/repeated_fields,1024,2,40800,0.025002083,1631864,1671028770,0.000000,0.000000
rust/repeated_fields,1024,3,40800,0.025005833,1631619,1670778174,0.000000,0.000000
rust/repeated_fields,1024,4,40768,0.025012750,1629889,1669006087,0.000000,0.000000
rust/repeated_fields,1024,5,40928,0.025001083,1637049,1676338261,0.000000,0.000000
rust/repeated_fields,1024,6,40800,0.025007709,1631497,1670652837,0.000000,0.000000
compiler/constant_scalar,10240,0,4704,0.025017459,188029,1925413768,0.000000,0.000000
compiler/constant_scalar,10240,1,4704,0.025036416,187886,1923955889,0.000000,0.000000
compiler/constant_scalar,10240,2,4704,0.025030458,187931,1924413848,0.000000,0.000000
compiler/constant_scalar,10240,3,4704,0.025024375,187977,1924881640,0.000000,0.000000
compiler/constant_scalar,10240,4,4704,0.025036000,187889,1923987857,0.000000,0.000000
compiler/constant_scalar,10240,5,4704,0.025058292,187722,1922276267,0.000000,0.000000
compiler/constant_scalar,10240,6,4704,0.025084708,187525,1920251972,0.000000,0.000000
compiler/repeated_fields,10240,0,4640,0.025130292,184638,1890690327,0.000000,0.000000
compiler/repeated_fields,10240,1,4640,0.025145000,184530,1889584410,0.000000,0.000000
compiler/repeated_fields,10240,2,4640,0.025160667,184415,1888407807,0.000000,0.000000
compiler/repeated_fields,10240,3,4640,0.025126875,184663,1890947442,0.000000,0.000000
compiler/repeated_fields,10240,4,4640,0.025117166,184734,1891678384,0.000000,0.000000
compiler/repeated_fields,10240,5,4608,0.025036750,184049,1884666340,0.000000,0.000000
compiler/repeated_fields,10240,6,4608,0.025005916,184276,1886990263,0.000000,0.000000
compiler/dynamic_leaves,10240,0,4640,0.025048167,185243,1896889301,3.000000,152.000000
compiler/dynamic_leaves,10240,1,4640,0.025140167,184565,1889947668,3.000000,152.000000
compiler/dynamic_leaves,10240,2,4640,0.025067208,185102,1895448428,3.000000,152.000000
compiler/dynamic_leaves,10240,3,4640,0.025030750,185372,1898209203,3.000000,152.000000
compiler/dynamic_leaves,10240,4,4640,0.025075708,185040,1894805921,3.000000,152.000000
compiler/dynamic_leaves,10240,5,4640,0.025023792,185424,1898737010,3.000000,152.000000
compiler/dynamic_leaves,10240,6,4640,0.025063375,185131,1895738303,3.000000,152.000000
compiler/filtered_sum,10240,0,4608,0.025067375,183825,1882363829,0.000000,0.000000
compiler/filtered_sum,10240,1,4608,0.025065792,183836,1882482708,0.000000,0.000000
compiler/filtered_sum,10240,2,4608,0.025056750,183903,1883162022,0.000000,0.000000
compiler/filtered_sum,10240,3,4608,0.025029125,184106,1885240495,0.000000,0.000000
compiler/filtered_sum,10240,4,4608,0.025080208,183731,1881400665,0.000000,0.000000
compiler/filtered_sum,10240,5,4608,0.025056375,183905,1883190206,0.000000,0.000000
compiler/filtered_sum,10240,6,4608,0.025044750,183991,1884064325,0.000000,0.000000
compiler/invariant_aggregate,10240,0,2400,0.025177166,95324,976122571,0.000000,0.000000
compiler/invariant_aggregate,10240,1,2400,0.025180708,95311,975985266,0.000000,0.000000
compiler/invariant_aggregate,10240,2,2400,0.025141958,95458,977489502,0.000000,0.000000
compiler/invariant_aggregate,10240,3,2400,0.025098709,95622,979173869,0.000000,0.000000
compiler/invariant_aggregate,10240,4,2400,0.025141708,95459,977499222,0.000000,0.000000
compiler/invariant_aggregate,10240,5,2400,0.025133583,95490,977815220,0.000000,0.000000
compiler/invariant_aggregate,10240,6,2400,0.025135708,95482,977732555,0.000000,0.000000
compiler/builtin_reference,10240,0,4704,0.025091541,187474,1919729043,0.000000,0.000000
compiler/builtin_reference,10240,1,4704,0.025121250,187252,1917458725,0.000000,0.000000
compiler/builtin_reference,10240,2,4704,0.025061166,187701,1922055821,0.000000,0.000000
compiler/builtin_reference,10240,3,4704,0.025032584,187915,1924250409,0.000000,0.000000
compiler/builtin_reference,10240,4,4704,0.025100583,187406,1919037498,0.000000,0.000000
compiler/builtin_reference,10240,5,4704,0.025030375,187932,1924420229,0.000000,0.000000
compiler/builtin_reference,10240,6,4704,0.025059875,187710,1922154839,0.000000,0.000000
compiler/static_array,10240,0,4704,0.025081833,187546,1920472080,1.000000,16.000000
compiler/static_array,10240,1,4736,0.025122833,188514,1930381020,1.000000,16.000000
compiler/static_array,10240,2,4704,0.025102083,187395,1918922824,1.000000,16.000000
compiler/static_array,10240,3,4704,0.025097375,187430,1919282794,1.000000,16.000000
compiler/static_array,10240,4,4704,0.025061625,187697,1922020619,1.000000,16.000000
compiler/static_array,10240,5,4704,0.025065625,187667,1921713901,1.000000,16.000000
compiler/static_array,10240,6,4704,0.025074166,187603,1921059309,1.000000,16.000000
compiler/constant_membership,10240,0,2368,0.025122750,94257,965193699,1.000000,16.000000
compiler/constant_membership,10240,1,2368,0.025141292,94188,964481857,1.000000,16.000000
compiler/constant_membership,10240,2,2368,0.025093459,94367,966320347,1.000000,16.000000
compiler/constant_membership,10240,3,2368,0.025224083,93879,961316215,1.000000,16.000000
compiler/constant_membership,10240,4,2368,0.025090416,94379,966437543,1.000000,16.000000
compiler/constant_membership,10240,5,2368,0.025087917,94388,966533810,1.000000,16.000000
compiler/constant_membership,10240,6,2368,0.025026875,94618,968891242,1.000000,16.000000
compiler/lookup_record,10240,0,4704,0.025162458,186945,1914318546,0.000000,0.000000
compiler/lookup_record,10240,1,4704,0.025143083,187089,1915793700,0.000000,0.000000
compiler/lookup_record,10240,2,4704,0.025124375,187229,1917220229,0.000000,0.000000
compiler/lookup_record,10240,3,4704,0.025149208,187044,1915327115,0.000000,0.000000
compiler/lookup_record,10240,4,4704,0.025132292,187170,1916616280,0.000000,0.000000
compiler/lookup_record,10240,5,4704,0.025140458,187109,1915993734,0.000000,0.000000
compiler/lookup_record,10240,6,4704,0.025132334,187169,1916613077,0.000000,0.000000
rust/repeated_fields,10240,0,4672,0.025030459,186653,1911322521,0.000000,0.000000
rust/repeated_fields,10240,1,4672,0.025042916,186560,1910371779,0.000000,0.000000
rust/repeated_fields,10240,2,4672,0.025038458,186593,1910711914,0.000000,0.000000
rust/repeated_fields,10240,3,4672,0.025058000,186447,1909221805,0.000000,0.000000
rust/repeated_fields,10240,4,4640,0.025118541,184724,1891574833,0.000000,0.000000
rust/repeated_fields,10240,5,4608,0.025170916,183068,1874620693,0.000000,0.000000
rust/repeated_fields,10240,6,4640,0.025040667,185299,1897457444,0.000000,0.000000
compiler/constant_scalar,1048576,0,64,0.034715459,1844,1933111816,0.000000,0.000000
compiler/constant_scalar,1048576,1,64,0.034506583,1855,1944813371,0.000000,0.000000
compiler/constant_scalar,1048576,2,64,0.034610166,1849,1938992838,0.000000,0.000000
compiler/constant_scalar,1048576,3,64,0.034514958,1854,1944341465,0.000000,0.000000
compiler/constant_scalar,1048576,4,64,0.034489458,1856,1945779026,0.000000,0.000000
compiler/constant_scalar,1048576,5,64,0.034271667,1867,1958144143,0.000000,0.000000
compiler/constant_scalar,1048576,6,64,0.034454959,1857,1947727292,0.000000,0.000000
compiler/repeated_fields,1048576,0,64,0.034551208,1852,1942301525,0.000000,0.000000
compiler/repeated_fields,1048576,1,64,0.034490792,1856,1945703769,0.000000,0.000000
compiler/repeated_fields,1048576,2,64,0.034815167,1838,1927575531,0.000000,0.000000
compiler/repeated_fields,1048576,3,64,0.034565167,1852,1941517135,0.000000,0.000000
compiler/repeated_fields,1048576,4,64,0.034518833,1854,1944123198,0.000000,0.000000
compiler/repeated_fields,1048576,5,64,0.034489250,1856,1945790761,0.000000,0.000000
compiler/repeated_fields,1048576,6,64,0.034572083,1851,1941128743,0.000000,0.000000
compiler/dynamic_leaves,1048576,0,64,0.034470875,1857,1946827982,3.000000,152.000000
compiler/dynamic_leaves,1048576,1,64,0.034209209,1871,1961719255,3.000000,152.000000
compiler/dynamic_leaves,1048576,2,64,0.034422375,1859,1949570999,3.000000,152.000000
compiler/dynamic_leaves,1048576,3,64,0.034415042,1860,1949986404,3.000000,152.000000
compiler/dynamic_leaves,1048576,4,64,0.034503625,1855,1944980100,3.000000,152.000000
compiler/dynamic_leaves,1048576,5,64,0.034473500,1856,1946679740,3.000000,152.000000
compiler/dynamic_leaves,1048576,6,64,0.034482917,1856,1946148117,3.000000,152.000000
compiler/filtered_sum,1048576,0,64,0.034537333,1853,1943081824,0.000000,0.000000
compiler/filtered_sum,1048576,1,64,0.034468167,1857,1946980935,0.000000,0.000000
compiler/filtered_sum,1048576,2,64,0.034588500,1850,1940207410,0.000000,0.000000
compiler/filtered_sum,1048576,3,64,0.034226375,1870,1960735369,0.000000,0.000000
compiler/filtered_sum,1048576,4,64,0.034499208,1855,1945229119,0.000000,0.000000
compiler/filtered_sum,1048576,5,64,0.034577208,1851,1940841030,0.000000,0.000000
compiler/filtered_sum,1048576,6,64,0.034492125,1855,1945628575,0.000000,0.000000
compiler/invariant_aggregate,1048576,0,32,0.033844125,946,991440376,0.000000,0.000000
compiler/invariant_aggregate,1048576,1,32,0.033836875,946,991652805,0.000000,0.000000
compiler/invariant_aggregate,1048576,2,32,0.033842708,946,991481887,0.000000,0.000000
compiler/invariant_aggregate,1048576,3,32,0.033855584,945,991104806,0.000000,0.000000
compiler/invariant_aggregate,1048576,4,32,0.033997833,941,986957963,0.000000,0.000000
compiler/invariant_aggregate,1048576,5,32,0.033927708,943,988997901,0.000000,0.000000
compiler/invariant_aggregate,1048576,6,32,0.033924708,943,989085359,0.000000,0.000000
compiler/builtin_reference,1048576,0,64,0.034513458,1854,1944425969,0.000000,0.000000
compiler/builtin_reference,1048576,1,64,0.034313375,1865,1955764013,0.000000,0.000000
compiler/builtin_reference,1048576,2,64,0.035589542,1798,1885634381,0.000000,0.000000
compiler/builtin_reference,1048576,3,64,0.034965667,1830,1919278817,0.000000,0.000000
compiler/builtin_reference,1048576,4,64,0.034477250,1856,1946468004,0.000000,0.000000
compiler/builtin_reference,1048576,5,64,0.034542167,1853,1942809900,0.000000,0.000000
compiler/builtin_reference,1048576,6,64,0.034490750,1856,1945706139,0.000000,0.000000
compiler/static_array,1048576,0,64,0.034560958,1852,1941753582,1.000000,16.000000
compiler/static_array,1048576,1,64,0.034476083,1856,1946533891,1.000000,16.000000
compiler/static_array,1048576,2,64,0.034481375,1856,1946235149,1.000000,16.000000
compiler/static_array,1048576,3,64,0.034534875,1853,1943220122,1.000000,16.000000
compiler/static_array,1048576,4,64,0.034467875,1857,1946997429,1.000000,16.000000
compiler/static_array,1048576,5,64,0.034495584,1855,1945433479,1.000000,16.000000
compiler/static_array,1048576,6,64,0.034559833,1852,1941816791,1.000000,16.000000
compiler/constant_membership,1048576,0,32,0.034032584,940,985950171,1.000000,16.000000
compiler/constant_membership,1048576,1,32,0.033919791,943,989228737,1.000000,16.000000
compiler/constant_membership,1048576,2,32,0.033885250,944,990237109,1.000000,16.000000
compiler/constant_membership,1048576,3,32,0.034001583,941,986849112,1.000000,16.000000
compiler/constant_membership,1048576,4,32,0.033951708,943,988298792,1.000000,16.000000
compiler/constant_membership,1048576,5,32,0.033956500,942,988159321,1.000000,16.000000
compiler/constant_membership,1048576,6,32,0.033994708,941,987048690,1.000000,16.000000
compiler/lookup_record,1048576,0,64,0.034499500,1855,1945212655,0.000000,0.000000
compiler/lookup_record,1048576,1,64,0.034564083,1852,1941578025,0.000000,0.000000
compiler/lookup_record,1048576,2,64,0.034479875,1856,1946319817,0.000000,0.000000
compiler/lookup_record,1048576,3,64,0.034482792,1856,1946155172,0.000000,0.000000
compiler/lookup_record,1048576,4,64,0.034237708,1869,1960086347,0.000000,0.000000
compiler/lookup_record,1048576,5,64,0.034372208,1862,1952416441,0.000000,0.000000
compiler/lookup_record,1048576,6,64,0.034511834,1854,1944517466,0.000000,0.000000
rust/repeated_fields,1048576,0,64,0.034499458,1855,1945215023,0.000000,0.000000
rust/repeated_fields,1048576,1,64,0.034234417,1869,1960274773,0.000000,0.000000
rust/repeated_fields,1048576,2,64,0.034471041,1857,1946818606,0.000000,0.000000
rust/repeated_fields,1048576,3,64,0.034482416,1856,1946176393,0.000000,0.000000
rust/repeated_fields,1048576,4,64,0.034602292,1850,1939434070,0.000000,0.000000
rust/repeated_fields,1048576,5,64,0.034469041,1857,1946931567,0.000000,0.000000
rust/repeated_fields,1048576,6,64,0.034471500,1857,1946792684,0.000000,0.000000
compile/execution,0,0,7072,0.025107458,281669,0,148.000000,7432.000000
compile/execution,0,1,7136,0.025105416,284241,0,148.000000,7432.000000
compile/execution,0,2,7136,0.025100625,284296,0,148.000000,7432.000000
compile/execution,0,3,7136,0.025086167,284460,0,148.000000,7432.000000
compile/execution,0,4,7136,0.025070709,284635,0,148.000000,7432.000000
compile/execution,0,5,7168,0.025102750,285546,0,148.000000,7432.000000
compile/execution,0,6,7168,0.025023458,286451,0,148.000000,7432.000000
execution/arithmetic,100,0,157408,0.025003292,6295491,629549101,0.000000,0.000000
execution/arithmetic,100,1,157600,0.025002916,6303265,630326479,0.000000,0.000000
execution/arithmetic,100,2,157888,0.025000208,6315467,631546746,0.000000,0.000000
execution/arithmetic,100,3,157728,0.025003417,6308258,630825779,0.000000,0.000000
execution/arithmetic,100,4,158496,0.025002416,6339227,633922738,0.000000,0.000000
execution/arithmetic,100,5,158176,0.025003083,6326260,632625985,0.000000,0.000000
execution/arithmetic,100,6,158816,0.025002208,6352079,635207898,0.000000,0.000000
execution/comparison,100,0,153408,0.025000709,6136146,613614598,0.000000,0.000000
execution/comparison,100,1,151904,0.025000834,6075957,607595731,0.000000,0.000000
execution/comparison,100,2,152320,0.025000083,6092780,609277977,0.000000,0.000000
execution/comparison,100,3,153184,0.025002541,6126737,612673728,0.000000,0.000000
execution/comparison,100,4,153504,0.025003125,6139393,613939258,0.000000,0.000000
execution/comparison,100,5,153280,0.025002417,6130607,613060729,0.000000,0.000000
execution/comparison,100,6,152928,0.025000708,6116947,611694677,0.000000,0.000000
execution/conditional,100,0,152736,0.025004833,6108259,610825915,0.000000,0.000000
execution/conditional,100,1,151840,0.025002542,6072982,607298250,0.000000,0.000000
execution/conditional,100,2,152384,0.025004500,6094263,609426303,0.000000,0.000000
execution/conditional,100,3,152480,0.025002459,6098600,609860014,0.000000,0.000000
execution/conditional,100,4,152736,0.025004750,6108279,610827943,0.000000,0.000000
execution/conditional,100,5,153568,0.025003375,6141891,614189084,0.000000,0.000000
execution/conditional,100,6,153440,0.025003708,6136690,613668981,0.000000,0.000000
execution/constructor,100,0,122336,0.025003292,4892796,489279572,3.000000,152.000000
execution/constructor,100,1,122464,0.025002708,4898029,489802945,3.000000,152.000000
execution/constructor,100,2,123616,0.025004708,4943709,494370900,3.000000,152.000000
execution/constructor,100,3,123648,0.025001375,4945648,494564799,3.000000,152.000000
execution/constructor,100,4,123520,0.025001583,4940487,494048717,3.000000,152.000000
execution/constructor,100,5,123264,0.025000041,4930552,493055191,3.000000,152.000000
execution/constructor,100,6,121536,0.025004625,4860541,486054080,3.000000,152.000000
rust/execution_arithmetic,100,0,239552,0.025001042,9581681,958168064,0.000000,0.000000
rust/execution_arithmetic,100,1,240864,0.025002375,9633645,963364480,0.000000,0.000000
rust/execution_arithmetic,100,2,241728,0.025003000,9667960,966795984,0.000000,0.000000
rust/execution_arithmetic,100,3,242848,0.025002208,9713062,971306214,0.000000,0.000000
rust/execution_arithmetic,100,4,242592,0.025002584,9702677,970267713,0.000000,0.000000
rust/execution_arithmetic,100,5,242432,0.025002583,9696278,969627818,0.000000,0.000000
rust/execution_arithmetic,100,6,242752,0.025000583,9709854,970985357,0.000000,0.000000
rust/execution_constructor,100,0,242368,0.025002167,9693880,969387973,0.000000,0.000000
rust/execution_constructor,100,1,242016,0.025001750,9679962,967996240,0.000000,0.000000
rust/execution_constructor,100,2,240896,0.025002875,9634732,963473201,0.000000,0.000000
rust/execution_constructor,100,3,242144,0.025002959,9684614,968461373,0.000000,0.000000
rust/execution_constructor,100,4,241248,0.025001458,9649357,964935725,0.000000,0.000000
rust/execution_constructor,100,5,241248,0.025001125,9649486,964948577,0.000000,0.000000
rust/execution_constructor,100,6,241664,0.025001958,9665803,966580297,0.000000,0.000000
execution/arithmetic,500,0,66848,0.025000875,2673826,1336913208,0.000000,0.000000
execution/arithmetic,500,1,67552,0.025010708,2700923,1350461570,0.000000,0.000000
execution/arithmetic,500,2,67296,0.025011125,2690643,1345321332,0.000000,0.000000
execution/arithmetic,500,3,67168,0.025004250,2686263,1343131668,0.000000,0.000000
execution/arithmetic,500,4,67520,0.025010250,2699693,1349846563,0.000000,0.000000
execution/arithmetic,500,5,67488,0.025004625,2699021,1349510341,0.000000,0.000000
execution/arithmetic,500,6,67328,0.025005209,2692559,1346279489,0.000000,0.000000
execution/comparison,500,0,66144,0.025007792,2644936,1322467813,0.000000,0.000000
execution/comparison,500,1,66336,0.025003375,2653082,1326540917,0.000000,0.000000
execution/comparison,500,2,66336,0.025002083,2653219,1326609467,0.000000,0.000000
execution/comparison,500,3,65792,0.025005167,2631136,1315568098,0.000000,0.000000
execution/comparison,500,4,66368,0.025010291,2653628,1326813830,0.000000,0.000000
execution/comparison,500,5,66464,0.025011625,2657324,1328662172,0.000000,0.000000
execution/comparison,500,6,66528,0.025001833,2660925,1330462450,0.000000,0.000000
execution/conditional,500,0,66464,0.025000375,2658520,1329260061,0.000000,0.000000
execution/conditional,500,1,66368,0.025007375,2653937,1326968544,0.000000,0.000000
execution/conditional,500,2,66560,0.025006375,2661721,1330860631,0.000000,0.000000
execution/conditional,500,3,66624,0.025008125,2664094,1332047085,0.000000,0.000000
execution/conditional,500,4,66592,0.025004959,2663152,1331575869,0.000000,0.000000
execution/conditional,500,5,66336,0.025002334,2653192,1326596149,0.000000,0.000000
execution/conditional,500,6,65888,0.025006250,2634861,1317430642,0.000000,0.000000
execution/constructor,500,0,59776,0.025007958,2390279,1195139563,3.000000,152.000000
execution/constructor,500,1,59840,0.025005375,2393085,1196542743,3.000000,152.000000
execution/constructor,500,2,59776,0.025009334,2390148,1195073807,3.000000,152.000000
execution/constructor,500,3,59968,0.025001583,2398568,1199284061,3.000000,152.000000
execution/constructor,500,4,60288,0.025002625,2411267,1205633408,3.000000,152.000000
execution/constructor,500,5,60288,0.025010000,2410556,1205277889,3.000000,152.000000
execution/constructor,500,6,60224,0.025011250,2407876,1203938228,3.000000,152.000000
rust/execution_arithmetic,500,0,77440,0.025002333,3097311,1548655479,0.000000,0.000000
rust/execution_arithmetic,500,1,77568,0.025008792,3101629,1550814610,0.000000,0.000000
rust/execution_arithmetic,500,2,77792,0.025005083,3111047,1555523731,0.000000,0.000000
rust/execution_arithmetic,500,3,77632,0.025007208,3104385,1552192472,0.000000,0.000000
rust/execution_arithmetic,500,4,77696,0.025005458,3107162,1553580822,0.000000,0.000000
rust/execution_arithmetic,500,5,78080,0.025000958,3123080,1561540162,0.000000,0.000000
rust/execution_arithmetic,500,6,78080,0.025005583,3122503,1561251341,0.000000,0.000000
rust/execution_constructor,500,0,77824,0.025010083,3111705,1555852494,0.000000,0.000000
rust/execution_constructor,500,1,77856,0.025009208,3113093,1556546693,0.000000,0.000000
rust/execution_constructor,500,2,78048,0.025000667,3121837,1560918355,0.000000,0.000000
rust/execution_constructor,500,3,77952,0.025008750,3116989,1558494527,0.000000,0.000000
rust/execution_constructor,500,4,76896,0.025007167,3074958,1537479235,0.000000,0.000000
rust/execution_constructor,500,5,77792,0.025002583,3111359,1555679267,0.000000,0.000000
rust/execution_constructor,500,6,77984,0.025003791,3118887,1559443526,0.000000,0.000000
execution/arithmetic,1024,0,38560,0.025009000,1541845,1578849214,0.000000,0.000000
execution/arithmetic,1024,1,38560,0.025017583,1541316,1578307545,0.000000,0.000000
execution/arithmetic,1024,2,38720,0.025013375,1547972,1585123159,0.000000,0.000000
execution/arithmetic,1024,3,38688,0.025019167,1546334,1583446483,0.000000,0.000000
execution/arithmetic,1024,4,38688,0.025019166,1546335,1583446547,0.000000,0.000000
execution/arithmetic,1024,5,39584,0.025003166,1583160,1621155337,0.000000,0.000000
execution/arithmetic,1024,6,38880,0.025010250,1554563,1591872132,0.000000,0.000000
execution/comparison,1024,0,38080,0.025004208,1522944,1559494306,0.000000,0.000000
execution/comparison,1024,1,38176,0.025004750,1526750,1563391916,0.000000,0.000000
execution/comparison,1024,2,38240,0.025015709,1528639,1565326811,0.000000,0.000000
execution/comparison,1024,3,38240,0.025015875,1528629,1565316424,0.000000,0.000000
execution/comparison,1024,4,38208,0.025005416,1527989,1564660712,0.000000,0.000000
execution/comparison,1024,5,38240,0.025008083,1529106,1565804144,0.000000,0.000000
execution/comparison,1024,6,38144,0.025015875,1524792,1561386759,0.000000,0.000000
execution/conditional,1024,0,38272,0.025019083,1529712,1566425436,0.000000,0.000000
execution/conditional,1024,1,38240,0.025013333,1528785,1565475501,0.000000,0.000000
execution/conditional,1024,2,38240,0.025003250,1529401,1566106806,0.000000,0.000000
execution/conditional,1024,3,38080,0.025000500,1523170,1559725605,0.000000,0.000000
execution/conditional,1024,4,38272,0.025016833,1529850,1566566320,0.000000,0.000000
execution/conditional,1024,5,38272,0.025002291,1530740,1567477476,0.000000,0.000000
execution/conditional,1024,6,38368,0.025001083,1534654,1571485203,0.000000,0.000000
execution/constructor,1024,0,36096,0.025001208,1443770,1478420723,3.000000,152.000000
execution/constructor,1024,1,36448,0.025002125,1457796,1492783193,3.000000,152.000000
execution/constructor,1024,2,36064,0.025015167,1441685,1476285807,3.000000,152.000000
execution/constructor,1024,3,36224,0.025004417,1448704,1483472940,3.000000,152.000000
execution/constructor,1024,4,36128,0.025011250,1444470,1479137268,3.000000,152.000000
execution/constructor,1024,5,36096,0.025006209,1443481,1478125053,3.000000,152.000000
execution/constructor,1024,6,36256,0.025018625,1449160,1483940225,3.000000,152.000000
rust/execution_arithmetic,1024,0,42048,0.025012167,1681102,1721448286,0.000000,0.000000
rust/execution_arithmetic,1024,1,41824,0.025014458,1671993,1712120886,0.000000,0.000000
rust/execution_arithmetic,1024,2,42080,0.025017458,1682025,1722394018,0.000000,0.000000
rust/execution_arithmetic,1024,3,42016,0.025004709,1680323,1720651258,0.000000,0.000000
rust/execution_arithmetic,1024,4,41952,0.025006375,1677652,1717915851,0.000000,0.000000
rust/execution_arithmetic,1024,5,42240,0.025004667,1689285,1729827476,0.000000,0.000000
rust/execution_arithmetic,1024,6,42016,0.025005292,1680284,1720611141,0.000000,0.000000
rust/execution_constructor,1024,0,42080,0.025014416,1682230,1722603478,0.000000,0.000000
rust/execution_constructor,1024,1,41952,0.025016167,1676996,1717243413,0.000000,0.000000
rust/execution_constructor,1024,2,42048,0.025010500,1681214,1721563024,0.000000,0.000000
rust/execution_constructor,1024,3,42080,0.025005667,1682819,1723206184,0.000000,0.000000
rust/execution_constructor,1024,4,42016,0.025011709,1679853,1720169701,0.000000,0.000000
rust/execution_constructor,1024,5,41888,0.025011250,1674766,1714960748,0.000000,0.000000
rust/execution_constructor,1024,6,41952,0.025012292,1677255,1717509455,0.000000,0.000000
execution/arithmetic,10240,0,4640,0.025046750,185254,1896996616,0.000000,0.000000
execution/arithmetic,10240,1,4640,0.025109166,184793,1892281090,0.000000,0.000000
execution/arithmetic,10240,2,4640,0.025092542,184916,1893534740,0.000000,0.000000
execution/arithmetic,10240,3,4640,0.025092834,184913,1893512706,0.000000,0.000000
execution/arithmetic,10240,4,4640,0.025047458,185248,1896942995,0.000000,0.000000
execution/arithmetic,10240,5,4640,0.025078125,185022,1894623302,0.000000,0.000000
execution/arithmetic,10240,6,4672,0.025063583,186406,1908796520,0.000000,0.000000
execution/comparison,10240,0,4608,0.025016833,184196,1886166806,0.000000,0.000000
execution/comparison,10240,1,4640,0.025044375,185271,1897176512,0.000000,0.000000
execution/comparison,10240,2,4640,0.025103292,184836,1892723871,0.000000,0.000000
execution/comparison,10240,3,4640,0.025151542,184482,1889092923,0.000000,0.000000
execution/comparison,10240,4,4640,0.025126375,184667,1890985070,0.000000,0.000000
execution/comparison,10240,5,4640,0.025106417,184813,1892488283,0.000000,0.000000
execution/comparison,10240,6,4640,0.025054541,185196,1896406723,0.000000,0.000000
execution/conditional,10240,0,4640,0.025063834,185127,1895703586,0.000000,0.000000
execution/conditional,10240,1,4640,0.025097750,184877,1893141816,0.000000,0.000000
execution/conditional,10240,2,4640,0.025095958,184890,1893276997,0.000000,0.000000
execution/conditional,10240,3,4640,0.025074709,185047,1894881412,0.000000,0.000000
execution/conditional,10240,4,4640,0.025070291,185080,1895215337,0.000000,0.000000
execution/conditional,10240,5,4640,0.025138875,184575,1890044801,0.000000,0.000000
execution/conditional,10240,6,4672,0.025133542,185887,1903483401,0.000000,0.000000
execution/constructor,10240,0,4608,0.025076375,183759,1881688242,3.000000,152.000000
execution/constructor,10240,1,4608,0.025102458,183568,1879733052,3.000000,152.000000
execution/constructor,10240,2,4608,0.025157500,183166,1875620392,3.000000,152.000000
execution/constructor,10240,3,4576,0.025046750,182698,1870831146,3.000000,152.000000
execution/constructor,10240,4,4576,0.025135541,182053,1864222457,3.000000,152.000000
execution/constructor,10240,5,4608,0.025073000,183783,1881941531,3.000000,152.000000
execution/constructor,10240,6,4608,0.025165333,183109,1875036583,3.000000,152.000000
rust/execution_arithmetic,10240,0,4672,0.025105458,186095,1905612716,0.000000,0.000000
rust/execution_arithmetic,10240,1,4672,0.025072125,186342,1908146198,0.000000,0.000000
rust/execution_arithmetic,10240,2,4672,0.025075500,186317,1907889374,0.000000,0.000000
rust/execution_arithmetic,10240,3,4672,0.025086292,186237,1907068609,0.000000,0.000000
rust/execution_arithmetic,10240,4,4672,0.025075833,186315,1907864038,0.000000,0.000000
rust/execution_arithmetic,10240,5,4672,0.025121208,185978,1904417972,0.000000,0.000000
rust/execution_arithmetic,10240,6,4704,0.025106709,187360,1918569256,0.000000,0.000000
rust/execution_constructor,10240,0,4672,0.025062583,186413,1908872681,0.000000,0.000000
rust/execution_constructor,10240,1,4672,0.025053167,186483,1909590113,0.000000,0.000000
rust/execution_constructor,10240,2,4672,0.025071166,186350,1908219187,0.000000,0.000000
rust/execution_constructor,10240,3,4672,0.025046000,186537,1910136549,0.000000,0.000000
rust/execution_constructor,10240,4,4672,0.025166083,185647,1901022102,0.000000,0.000000
rust/execution_constructor,10240,5,4672,0.025096417,186162,1906299214,0.000000,0.000000
rust/execution_constructor,10240,6,4672,0.025059417,186437,1909113847,0.000000,0.000000
execution/arithmetic,1048576,0,64,0.034478542,1856,1946395065,0.000000,0.000000
execution/arithmetic,1048576,1,64,0.034484708,1856,1946047042,0.000000,0.000000
execution/arithmetic,1048576,2,64,0.034584209,1851,1940448139,0.000000,0.000000
execution/arithmetic,1048576,3,64,0.034307875,1865,1956077548,0.000000,0.000000
execution/arithmetic,1048576,4,64,0.034483334,1856,1946124583,0.000000,0.000000
execution/arithmetic,1048576,5,64,0.034546334,1853,1942575557,0.000000,0.000000
execution/arithmetic,1048576,6,64,0.034517125,1854,1944219398,0.000000,0.000000
execution/comparison,1048576,0,64,0.034378333,1862,1952068589,0.000000,0.000000
execution/comparison,1048576,1,64,0.034477458,1856,1946456261,0.000000,0.000000
execution/comparison,1048576,2,64,0.034441500,1858,1948488422,0.000000,0.000000
execution/comparison,1048576,3,64,0.034567541,1851,1941383797,0.000000,0.000000
execution/comparison,1048576,4,64,0.034489375,1856,1945783709,0.000000,0.000000
execution/comparison,1048576,5,64,0.034494875,1855,1945473465,0.000000,0.000000
execution/comparison,1048576,6,64,0.034574167,1851,1941011739,0.000000,0.000000
execution/conditional,1048576,0,64,0.034517375,1854,1944205317,0.000000,0.000000
execution/conditional,1048576,1,64,0.034535709,1853,1943173195,0.000000,0.000000
execution/conditional,1048576,2,64,0.034487125,1856,1945910655,0.000000,0.000000
execution/conditional,1048576,3,64,0.034561084,1852,1941746503,0.000000,0.000000
execution/conditional,1048576,4,64,0.034279333,1867,1957706237,0.000000,0.000000
execution/conditional,1048576,5,64,0.034477209,1856,1946470319,0.000000,0.000000
execution/conditional,1048576,6,64,0.034531084,1853,1943433458,0.000000,0.000000
execution/constructor,1048576,0,64,0.034487250,1856,1945903602,3.000000,152.000000
execution/constructor,1048576,1,64,0.034692542,1845,1934388780,3.000000,152.000000
execution/constructor,1048576,2,64,0.034514000,1854,1944395434,3.000000,152.000000
execution/constructor,1048576,3,64,0.034480084,1856,1946308019,3.000000,152.000000
execution/constructor,1048576,4,64,0.034519500,1854,1944085633,3.000000,152.000000
execution/constructor,1048576,5,64,0.034454542,1858,1947750865,3.000000,152.000000
execution/constructor,1048576,6,64,0.034495625,1855,1945431167,3.000000,152.000000
rust/execution_arithmetic,1048576,0,64,0.034537375,1853,1943079461,0.000000,0.000000
rust/execution_arithmetic,1048576,1,64,0.034502416,1855,1945048254,0.000000,0.000000
rust/execution_arithmetic,1048576,2,64,0.034528125,1854,1943600007,0.000000,0.000000
rust/execution_arithmetic,1048576,3,64,0.034533500,1853,1943297494,0.000000,0.000000
rust/execution_arithmetic,1048576,4,64,0.034482959,1856,1946145747,0.000000,0.000000
rust/execution_arithmetic,1048576,5,64,0.034505208,1855,1944890870,0.000000,0.000000
rust/execution_arithmetic,1048576,6,64,0.034496125,1855,1945402969,0.000000,0.000000
rust/execution_constructor,1048576,0,64,0.034385250,1861,1951675908,0.000000,0.000000
rust/execution_constructor,1048576,1,64,0.034482084,1856,1946195131,0.000000,0.000000
rust/execution_constructor,1048576,2,64,0.034518417,1854,1944146628,0.000000,0.000000
rust/execution_constructor,1048576,3,64,0.034544500,1853,1942678690,0.000000,0.000000
rust/execution_constructor,1048576,4,64,0.034480833,1856,1946265741,0.000000,0.000000
rust/execution_constructor,1048576,5,64,0.034505375,1855,1944881457,0.000000,0.000000
rust/execution_constructor,1048576,6,64,0.034474667,1856,1946613843,0.000000,0.000000
execution/filtered_sum,74,0,41408,0.025008708,1655743,122525002,0.000000,0.000000
execution/filtered_sum,74,1,42048,0.025010917,1681186,124407754,0.000000,0.000000
execution/filtered_sum,74,2,41856,0.025013417,1673342,123827304,0.000000,0.000000
execution/filtered_sum,74,3,41824,0.025009709,1672311,123750980,0.000000,0.000000
execution/filtered_sum,74,4,42176,0.025013834,1686107,124771916,0.000000,0.000000
execution/filtered_sum,74,5,42176,0.025011042,1686295,124785845,0.000000,0.000000
execution/filtered_sum,74,6,42112,0.025011250,1683722,124595452,0.000000,0.000000
execution/mapped_sum,74,0,42048,0.025015917,1680850,124382888,0.000000,0.000000
execution/mapped_sum,74,1,41984,0.025009958,1678691,124223159,0.000000,0.000000
execution/mapped_sum,74,2,42144,0.025003667,1685513,124727945,0.000000,0.000000
execution/mapped_sum,74,3,42048,0.025008000,1681382,124422265,0.000000,0.000000
execution/mapped_sum,74,4,42144,0.025005333,1685400,124719635,0.000000,0.000000
execution/mapped_sum,74,5,42240,0.025006042,1689192,125000190,0.000000,0.000000
execution/mapped_sum,74,6,42208,0.025016292,1687220,124854315,0.000000,0.000000
rust/execution_filtered_sum,74,0,104704,0.025005333,4187267,309857741,0.000000,0.000000
rust/execution_filtered_sum,74,1,105312,0.025005791,4211504,311651329,0.000000,0.000000
rust/execution_filtered_sum,74,2,105824,0.025003417,4232382,313196232,0.000000,0.000000
rust/execution_filtered_sum,74,3,105728,0.025002833,4228641,312919420,0.000000,0.000000
rust/execution_filtered_sum,74,4,97920,0.025005875,3915880,289775103,0.000000,0.000000
rust/execution_filtered_sum,74,5,105440,0.025004083,4216911,312051436,0.000000,0.000000
rust/execution_filtered_sum,74,6,104416,0.025003000,4176139,309034276,0.000000,0.000000
execution/filtered_sum,1082,0,2752,0.025280375,108859,117785595,0.000000,0.000000
execution/filtered_sum,1082,1,2784,0.025136875,110754,119835421,0.000000,0.000000
execution/filtered_sum,1082,2,2784,0.025023250,111257,120379567,0.000000,0.000000
execution/filtered_sum,1082,3,2784,0.025055791,111112,120223225,0.000000,0.000000
execution/filtered_sum,1082,4,2816,0.025160958,111919,121096820,0.000000,0.000000
execution/filtered_sum,1082,5,2816,0.025214333,111683,120840476,0.000000,0.000000
execution/filtered_sum,1082,6,2816,0.025183792,111818,120987022,0.000000,0.000000
execution/mapped_sum,1082,0,2688,0.025048083,107314,116113317,0.000000,0.000000
execution/mapped_sum,1082,1,2688,0.025122375,106996,115769946,0.000000,0.000000
execution/mapped_sum,1082,2,2688,0.025029750,107392,116198364,0.000000,0.000000
execution/mapped_sum,1082,3,2688,0.025114500,107030,115806247,0.000000,0.000000
execution/mapped_sum,1082,4,2656,0.025015541,106174,114880266,0.000000,0.000000
execution/mapped_sum,1082,5,2688,0.025237542,106508,115241651,0.000000,0.000000
execution/mapped_sum,1082,6,2688,0.025202208,106657,115403222,0.000000,0.000000
rust/execution_filtered_sum,1082,0,6784,0.025056208,270751,292952868,0.000000,0.000000
rust/execution_filtered_sum,1082,1,7264,0.025003625,290518,314340341,0.000000,0.000000
rust/execution_filtered_sum,1082,2,7392,0.025093792,294575,318729987,0.000000,0.000000
rust/execution_filtered_sum,1082,3,7456,0.025083250,297250,321624670,0.000000,0.000000
rust/execution_filtered_sum,1082,4,7520,0.025009083,300691,325347395,0.000000,0.000000
rust/execution_filtered_sum,1082,5,7584,0.025046250,302800,327629406,0.000000,0.000000
rust/execution_filtered_sum,1082,6,7584,0.025031209,302982,327826275,0.000000,0.000000
execution/filtered_sum,8586,0,352,0.025180417,13979,120024700,0.000000,0.000000
execution/filtered_sum,8586,1,384,0.026996584,14224,122127451,0.000000,0.000000
execution/filtered_sum,8586,2,384,0.027098875,14170,121666453,0.000000,0.000000
execution/filtered_sum,8586,3,384,0.027138333,14150,121489555,0.000000,0.000000
execution/filtered_sum,8586,4,384,0.027162959,14137,121379412,0.000000,0.000000
execution/filtered_sum,8586,5,384,0.026914709,14267,122498965,0.000000,0.000000
execution/filtered_sum,8586,6,384,0.026914042,14268,122502001,0.000000,0.000000
execution/mapped_sum,8586,0,352,0.025970458,13554,116373458,0.000000,0.000000
execution/mapped_sum,8586,1,352,0.025854000,13615,116897656,0.000000,0.000000
execution/mapped_sum,8586,2,352,0.025803542,13642,117126246,0.000000,0.000000
execution/mapped_sum,8586,3,352,0.025854125,13615,116897091,0.000000,0.000000
execution/mapped_sum,8586,4,352,0.025751000,13669,117365229,0.000000,0.000000
execution/mapped_sum,8586,5,352,0.025810792,13638,117093346,0.000000,0.000000
execution/mapped_sum,8586,6,352,0.025815291,13635,117072939,0.000000,0.000000
rust/execution_filtered_sum,8586,0,992,0.025570625,38795,333089707,0.000000,0.000000
rust/execution_filtered_sum,8586,1,960,0.025114833,38224,328194896,0.000000,0.000000
rust/execution_filtered_sum,8586,2,960,0.025396000,37801,324561348,0.000000,0.000000
rust/execution_filtered_sum,8586,3,992,0.025423917,39018,335011792,0.000000,0.000000
rust/execution_filtered_sum,8586,4,992,0.025419000,39026,335076596,0.000000,0.000000
rust/execution_filtered_sum,8586,5,992,0.025563833,38805,333178205,0.000000,0.000000
rust/execution_filtered_sum,8586,6,992,0.025570958,38794,333085370,0.000000,0.000000
execution/filtered_sum,137226,0,32,0.036114458,886,121592078,0.000000,0.000000
execution/filtered_sum,137226,1,32,0.035972125,890,122073189,0.000000,0.000000
execution/filtered_sum,137226,2,32,0.036174792,885,121389281,0.000000,0.000000
execution/filtered_sum,137226,3,32,0.036252500,883,121129081,0.000000,0.000000
execution/filtered_sum,137226,4,32,0.036135958,886,121519734,0.000000,0.000000
execution/filtered_sum,137226,5,32,0.035996083,889,121991940,0.000000,0.000000
execution/filtered_sum,137226,6,32,0.036033584,888,121864980,0.000000,0.000000
execution/mapped_sum,137226,0,32,0.037638750,850,116667849,0.000000,0.000000
execution/mapped_sum,137226,1,32,0.037465375,854,117207742,0.000000,0.000000
execution/mapped_sum,137226,2,32,0.037324250,857,117650911,0.000000,0.000000
execution/mapped_sum,137226,3,32,0.037269416,859,117824009,0.000000,0.000000
execution/mapped_sum,137226,4,32,0.037270584,859,117820316,0.000000,0.000000
execution/mapped_sum,137226,5,32,0.037369875,856,117507270,0.000000,0.000000
execution/mapped_sum,137226,6,32,0.037495958,853,117112143,0.000000,0.000000
rust/execution_filtered_sum,137226,0,64,0.025835916,2477,339932364,0.000000,0.000000
rust/execution_filtered_sum,137226,1,64,0.025841625,2477,339857265,0.000000,0.000000
rust/execution_filtered_sum,137226,2,64,0.026559292,2410,330673875,0.000000,0.000000
rust/execution_filtered_sum,137226,3,64,0.026175166,2445,335526583,0.000000,0.000000
rust/execution_filtered_sum,137226,4,64,0.026139584,2448,335983312,0.000000,0.000000
rust/execution_filtered_sum,137226,5,64,0.026313625,2432,333761084,0.000000,0.000000
rust/execution_filtered_sum,137226,6,64,0.026604083,2406,330117148,0.000000,0.000000
execution/lookup_8192,501,0,73376,0.025010750,2933778,1469823016,0.000000,0.000000
execution/lookup_8192,501,1,73504,0.025007125,2939322,1472600469,0.000000,0.000000
execution/lookup_8192,501,2,73152,0.025005166,2925475,1465663215,0.000000,0.000000
execution/lookup_8192,501,3,72992,0.025002708,2919364,1462601251,0.000000,0.000000
execution/lookup_8192,501,4,73056,0.025007000,2921422,1463632423,0.000000,0.000000
execution/lookup_8192,501,5,73248,0.025001375,2929759,1467809190,0.000000,0.000000
execution/lookup_8192,501,6,73408,0.025010291,2935112,1470491007,0.000000,0.000000
rust/execution_lookup_8192,501,0,82656,0.025005208,3305551,1656081245,0.000000,0.000000
rust/execution_lookup_8192,501,1,82816,0.025008625,3311498,1659060264,0.000000,0.000000
rust/execution_lookup_8192,501,2,82848,0.025008042,3312854,1659740015,0.000000,0.000000
rust/execution_lookup_8192,501,3,82656,0.025002625,3305893,1656252334,0.000000,0.000000
rust/execution_lookup_8192,501,4,82528,0.025004709,3300498,1653549657,0.000000,0.000000
rust/execution_lookup_8192,501,5,82912,0.025008000,3315419,1661024952,0.000000,0.000000
rust/execution_lookup_8192,501,6,82784,0.025003750,3310863,1658742549,0.000000,0.000000
execution/type_fallback,16,0,175712,0.025003375,7027531,112440501,0.000000,0.000000
execution/type_fallback,16,1,176864,0.025003334,7073617,113177867,0.000000,0.000000
execution/type_fallback,16,2,177056,0.025003542,7081237,113299788,0.000000,0.000000
execution/type_fallback,16,3,177344,0.025000875,7093512,113496188,0.000000,0.000000
execution/type_fallback,16,4,172224,0.025000042,6888948,110223175,0.000000,0.000000
execution/type_fallback,16,5,174976,0.025002625,6998305,111972883,0.000000,0.000000
execution/type_fallback,16,6,175776,0.025002750,7030267,112484267,0.000000,0.000000
plan/branch,100,0,163456,0.025000750,6538044,653804386,0.000000,0.000000
plan/branch,100,1,163072,0.025003167,6522054,652205379,0.000000,0.000000
plan/branch,100,2,164928,0.025004750,6595867,659586679,0.000000,0.000000
plan/branch,100,3,166656,0.025003083,6665418,666541802,0.000000,0.000000
plan/branch,100,4,166144,0.025001542,6645350,664535011,0.000000,0.000000
plan/branch,100,5,169536,0.025000667,6781259,678125908,0.000000,0.000000
plan/branch,100,6,169696,0.025002250,6787229,678722915,0.000000,0.000000
plan/boolean,100,0,131456,0.025001500,5257925,525792452,0.000000,0.000000
plan/boolean,100,1,131936,0.025002542,5276903,527690344,0.000000,0.000000
plan/boolean,100,2,132448,0.025005834,5296684,529668397,0.000000,0.000000
plan/boolean,100,3,132288,0.025003458,5290788,529078818,0.000000,0.000000
plan/boolean,100,4,132704,0.025003209,5307479,530747873,0.000000,0.000000
plan/boolean,100,5,131904,0.025001458,5275852,527585231,0.000000,0.000000
plan/boolean,100,6,132256,0.025001625,5289896,528989616,0.000000,0.000000
plan/object,100,0,127008,0.025004709,5079363,507936325,3.000000,248.000000
plan/object,100,1,130560,0.025004916,5221373,522137327,3.000000,248.000000
plan/object,100,2,131232,0.025001625,5248939,524893882,3.000000,248.000000
plan/object,100,3,131072,0.025003167,5242216,524221592,3.000000,248.000000
plan/object,100,4,131456,0.025002458,5257723,525772306,3.000000,248.000000
plan/object,100,5,132448,0.025004666,5296931,529693138,3.000000,248.000000
plan/object,100,6,132864,0.025002000,5314135,531413487,3.000000,248.000000
plan/branch,500,0,69632,0.025003833,2784853,1392426513,0.000000,0.000000
plan/branch,500,1,69376,0.025005792,2774397,1387198614,0.000000,0.000000
plan/branch,500,2,70176,0.025003125,2806689,1403344582,0.000000,0.000000
plan/branch,500,3,70208,0.025003375,2807941,1403970464,0.000000,0.000000
plan/branch,500,4,67712,0.025007834,2707632,1353815768,0.000000,0.000000
plan/branch,500,5,68000,0.025011042,2718799,1359399580,0.000000,0.000000
plan/branch,500,6,68352,0.025004541,2733583,1366791736,0.000000,0.000000
plan/boolean,500,0,61792,0.025007500,2470939,1235469359,0.000000,0.000000
plan/boolean,500,1,62176,0.025003959,2486646,1243323107,0.000000,0.000000
plan/boolean,500,2,62240,0.025006875,2488916,1244457774,0.000000,0.000000
plan/boolean,500,3,62560,0.025007583,2501641,1250820601,0.000000,0.000000
plan/boolean,500,4,62688,0.025009958,2506522,1253260801,0.000000,0.000000
plan/boolean,500,5,62464,0.025001125,2498448,1249223785,0.000000,0.000000
plan/boolean,500,6,62464,0.025003125,2498248,1249123860,0.000000,0.000000
plan/object,500,0,60768,0.025011667,2429586,1214793080,3.000000,248.000000
plan/object,500,1,61312,0.025020292,2450491,1225245493,3.000000,248.000000
plan/object,500,2,61376,0.025001500,2454893,1227446353,3.000000,248.000000
plan/object,500,3,61632,0.025009000,2464393,1232196409,3.000000,248.000000
plan/object,500,4,61824,0.025003125,2472651,1236325459,3.000000,248.000000
plan/object,500,5,62144,0.025011250,2484642,1242320956,3.000000,248.000000
plan/object,500,6,61120,0.025001417,2444661,1222330718,3.000000,248.000000
plan/branch,1024,0,39232,0.025002417,1569128,1606787376,0.000000,0.000000
plan/branch,1024,1,39392,0.025011708,1574942,1612741041,0.000000,0.000000
plan/branch,1024,2,39392,0.025014625,1574759,1612552977,0.000000,0.000000
plan/branch,1024,3,39200,0.025002417,1567848,1605476783,0.000000,0.000000
plan/branch,1024,4,39328,0.025000041,1573117,1610872238,0.000000,0.000000
plan/branch,1024,5,39424,0.025013584,1576104,1613930095,0.000000,0.000000
plan/branch,1024,6,39424,0.025005667,1576603,1614441078,0.000000,0.000000
plan/boolean,1024,0,37088,0.025019084,1482388,1517965726,0.000000,0.000000
plan/boolean,1024,1,37088,0.025009041,1482984,1518575302,0.000000,0.000000
plan/boolean,1024,2,37120,0.025000875,1484748,1520381987,0.000000,0.000000
plan/boolean,1024,3,37152,0.025018833,1484961,1520600421,0.000000,0.000000
plan/boolean,1024,4,37152,0.025007000,1485664,1521319950,0.000000,0.000000
plan/boolean,1024,5,37088,0.025010041,1482924,1518514584,0.000000,0.000000
plan/boolean,1024,6,37696,0.025006541,1507446,1543624286,0.000000,0.000000
plan/object,1024,0,36736,0.025008041,1468968,1504222742,3.000000,248.000000
plan/object,1024,1,36864,0.025010208,1473958,1509333149,3.000000,248.000000
plan/object,1024,2,36768,0.025011541,1470041,1505322363,3.000000,248.000000
plan/object,1024,3,36800,0.025004584,1471730,1507051667,3.000000,248.000000
plan/object,1024,4,36896,0.025017583,1474803,1510198008,3.000000,248.000000
plan/object,1024,5,36864,0.025020708,1473340,1508699754,3.000000,248.000000
plan/object,1024,6,36960,0.025018833,1477287,1512742021,3.000000,248.000000
plan/branch,10240,0,4640,0.025096875,184884,1893207820,0.000000,0.000000
plan/branch,10240,1,4672,0.025058916,186441,1909152016,0.000000,0.000000
plan/branch,10240,2,4672,0.025169792,185619,1900741969,0.000000,0.000000
plan/branch,10240,3,4672,0.025115041,186024,1904885602,0.000000,0.000000
plan/branch,10240,4,4672,0.025114708,186026,1904910859,0.000000,0.000000
plan/branch,10240,5,4672,0.025083875,186255,1907252368,0.000000,0.000000
plan/branch,10240,6,4640,0.025090458,184931,1893692016,0.000000,0.000000
plan/boolean,10240,0,4608,0.025062750,183859,1882711195,0.000000,0.000000
plan/boolean,10240,1,4608,0.025032542,184080,1884983155,0.000000,0.000000
plan/boolean,10240,2,4608,0.025026959,184121,1885403656,0.000000,0.000000
plan/boolean,10240,3,4608,0.025012875,184225,1886465270,0.000000,0.000000
plan/boolean,10240,4,4608,0.025045208,183987,1884029871,0.000000,0.000000
plan/boolean,10240,5,4608,0.025021125,184164,1885843262,0.000000,0.000000
plan/boolean,10240,6,4608,0.025013208,184223,1886440156,0.000000,0.000000
plan/object,10240,0,4608,0.025074875,183770,1881800807,3.000000,248.000000
plan/object,10240,1,4672,0.025157667,185709,1901658051,3.000000,248.000000
plan/object,10240,2,4608,0.025038291,184038,1884550347,3.000000,248.000000
plan/object,10240,3,4608,0.025017041,184194,1886151124,3.000000,248.000000
plan/object,10240,4,4608,0.025076917,183755,1881647573,3.000000,248.000000
plan/object,10240,5,4608,0.025119208,183445,1878479608,3.000000,248.000000
plan/object,10240,6,4608,0.025066375,183832,1882438925,3.000000,248.000000
plan/branch,1048576,0,64,0.034626500,1848,1938078177,0.000000,0.000000
plan/branch,1048576,1,64,0.034473042,1857,1946705603,0.000000,0.000000
plan/branch,1048576,2,64,0.034545000,1853,1942650572,0.000000,0.000000
plan/branch,1048576,3,64,0.034522916,1854,1943893268,0.000000,0.000000
plan/branch,1048576,4,64,0.034489167,1856,1945795444,0.000000,0.000000
plan/branch,1048576,5,64,0.034457083,1857,1947607231,0.000000,0.000000
plan/branch,1048576,6,64,0.034509458,1855,1944651347,0.000000,0.000000
plan/boolean,1048576,0,64,0.034424292,1859,1949462432,0.000000,0.000000
plan/boolean,1048576,1,64,0.034443083,1858,1948398870,0.000000,0.000000
plan/boolean,1048576,2,64,0.034498167,1855,1945287818,0.000000,0.000000
plan/boolean,1048576,3,64,0.034521375,1854,1943980041,0.000000,0.000000
plan/boolean,1048576,4,64,0.034519291,1854,1944097403,0.000000,0.000000
plan/boolean,1048576,5,64,0.034504000,1855,1944958961,0.000000,0.000000
plan/boolean,1048576,6,64,0.034550875,1852,1942320245,0.000000,0.000000
plan/object,1048576,0,64,0.034480125,1856,1946305705,3.000000,248.000000
plan/object,1048576,1,64,0.034630541,1848,1937852025,3.000000,248.000000
plan/object,1048576,2,64,0.034546208,1853,1942582642,3.000000,248.000000
plan/object,1048576,3,64,0.034476500,1856,1946510348,3.000000,248.000000
plan/object,1048576,4,64,0.034567458,1851,1941388458,3.000000,248.000000
plan/object,1048576,5,64,0.034503792,1855,1944970686,3.000000,248.000000
plan/object,1048576,6,64,0.034503333,1855,1944996560,3.000000,248.000000
plan/lookup_branch,490,0,56576,0.025009583,2262173,1108464703,0.000000,0.000000
plan/lookup_branch,490,1,56608,0.025012250,2263211,1108973403,0.000000,0.000000
plan/lookup_branch,490,2,56448,0.025003125,2257638,1106242520,0.000000,0.000000
plan/lookup_branch,490,3,56736,0.025010625,2268476,1111553190,0.000000,0.000000
plan/lookup_branch,490,4,56928,0.025013209,2275917,1115199573,0.000000,0.000000
plan/lookup_branch,490,5,56992,0.025011083,2278670,1116548212,0.000000,0.000000
plan/lookup_branch,490,6,56704,0.025002541,2267929,1111285449,0.000000,0.000000
plan/lookup_quote,490,0,55680,0.025005583,2226703,1091084339,0.000000,0.000000
plan/lookup_quote,490,1,55712,0.025013791,2227251,1091353166,0.000000,0.000000
plan/lookup_quote,490,2,55456,0.025008709,2217468,1086559086,0.000000,0.000000
plan/lookup_quote,490,3,55552,0.025005584,2221584,1088576056,0.000000,0.000000
plan/lookup_quote,490,4,55232,0.025006583,2208698,1082262219,0.000000,0.000000
plan/lookup_quote,490,5,55456,0.025002459,2218022,1086830699,0.000000,0.000000
plan/lookup_quote,490,6,55968,0.025009708,2237851,1096546989,0.000000,0.000000
plan/invoice_sum,58,0,139776,0.025003208,5590323,324238714,0.000000,0.000000
plan/invoice_sum,58,1,138336,0.025003792,5532601,320890847,0.000000,0.000000
plan/invoice_sum,58,2,140096,0.025000875,5603644,325011345,0.000000,0.000000
plan/invoice_sum,58,3,139552,0.025002875,5581438,323723412,0.000000,0.000000
plan/invoice_sum,58,4,141120,0.025002667,5644198,327363477,0.000000,0.000000
plan/invoice_sum,58,5,140192,0.025001833,5607269,325221595,0.000000,0.000000
plan/invoice_sum,58,6,140480,0.025004209,5618254,325858738,0.000000,0.000000
rust/plan_invoice,58,0,152992,0.025003375,6118854,354893529,0.000000,0.000000
rust/plan_invoice,58,1,153024,0.025003375,6120134,354967759,0.000000,0.000000
rust/plan_invoice,58,2,154144,0.025000333,6165678,357609317,0.000000,0.000000
rust/plan_invoice,58,3,154592,0.025001000,6183433,358639094,0.000000,0.000000
rust/plan_invoice,58,4,155488,0.025005083,6218256,360658831,0.000000,0.000000
rust/plan_invoice,58,5,156544,0.025004458,6260644,363117329,0.000000,0.000000
rust/plan_invoice,58,6,156544,0.025004541,6260623,363116124,0.000000,0.000000
plan/invoice_object,58,0,69952,0.025005292,2797488,162254294,3.000000,296.000000
plan/invoice_object,58,1,71040,0.025009333,2840540,164751295,3.000000,296.000000
plan/invoice_object,58,2,71328,0.025008917,2852103,165421957,3.000000,296.000000
plan/invoice_object,58,3,71328,0.025006084,2852426,165440698,3.000000,296.000000
plan/invoice_object,58,4,71360,0.025005416,2853782,165519342,3.000000,296.000000
plan/invoice_object,58,5,71936,0.025005792,2876774,166852864,3.000000,296.000000
plan/invoice_object,58,6,71872,0.025010750,2873644,166671371,3.000000,296.000000
plan/mapped_objects,58,0,59744,0.025006042,2389183,138572590,2.000000,136.000000
plan/mapped_objects,58,1,59264,0.025001917,2370378,137481938,2.000000,136.000000
plan/mapped_objects,58,2,60160,0.025009250,2405510,139519578,2.000000,136.000000
plan/mapped_objects,58,3,59776,0.025007625,2390311,138638035,2.000000,136.000000
plan/mapped_objects,58,4,59264,0.025011542,2369466,137429032,2.000000,136.000000
plan/mapped_objects,58,5,59168,0.025006375,2366117,137234765,2.000000,136.000000
plan/mapped_objects,58,6,59360,0.025003917,2374028,137693626,2.000000,136.000000
plan/invoice_sum,300,0,22016,0.025018292,879996,263998837,0.000000,0.000000
plan/invoice_sum,300,1,22016,0.025017125,880037,264011152,0.000000,0.000000
plan/invoice_sum,300,2,22048,0.025009583,881582,264474622,0.000000,0.000000
plan/invoice_sum,300,3,22112,0.025030083,883417,265025090,0.000000,0.000000
plan/invoice_sum,300,4,22176,0.025014042,886542,265962614,0.000000,0.000000
plan/invoice_sum,300,5,22112,0.025027084,883523,265056848,0.000000,0.000000
plan/invoice_sum,300,6,22208,0.025006417,888092,266427613,0.000000,0.000000
rust/plan_invoice,300,0,24928,0.025024250,996154,298846119,0.000000,0.000000
rust/plan_invoice,300,1,25088,0.025022084,1002634,300790294,0.000000,0.000000
rust/plan_invoice,300,2,25024,0.025015625,1000335,300100437,0.000000,0.000000
rust/plan_invoice,300,3,25056,0.025019042,1001477,300443158,0.000000,0.000000
rust/plan_invoice,300,4,25088,0.025002458,1003421,301026403,0.000000,0.000000
rust/plan_invoice,300,5,25120,0.025028583,1003653,301095751,0.000000,0.000000
rust/plan_invoice,300,6,25120,0.025021625,1003932,301179480,0.000000,0.000000
plan/invoice_object,300,0,16352,0.025045083,652903,195870782,3.000000,296.000000
plan/invoice_object,300,1,16480,0.025002375,659137,197741215,3.000000,296.000000
plan/invoice_object,300,2,16512,0.025027916,659743,197922991,3.000000,296.000000
plan/invoice_object,300,3,16576,0.025021750,662464,198739097,3.000000,296.000000
plan/invoice_object,300,4,16544,0.025038333,660747,198224059,3.000000,296.000000
plan/invoice_object,300,5,16576,0.025046541,661808,198542386,3.000000,296.000000
plan/invoice_object,300,6,16544,0.025004000,661654,198496241,3.000000,296.000000
plan/mapped_objects,300,0,10848,0.025039917,433228,129968482,16.000000,1088.000000
plan/mapped_objects,300,1,10752,0.025003500,430020,129005939,16.000000,1088.000000
plan/mapped_objects,300,2,10656,0.025045917,425459,127637571,16.000000,1088.000000
plan/mapped_objects,300,3,10752,0.025009500,429917,128974990,16.000000,1088.000000
plan/mapped_objects,300,4,10816,0.025069667,431438,129431316,16.000000,1088.000000
plan/mapped_objects,300,5,10848,0.025053917,432986,129895856,16.000000,1088.000000
plan/mapped_objects,300,6,10816,0.025042667,431903,129570864,16.000000,1088.000000
plan/invoice_sum,4488,0,1440,0.025014750,57566,258356370,0.000000,0.000000
plan/invoice_sum,4488,1,1472,0.025281125,58225,261314953,0.000000,0.000000
plan/invoice_sum,4488,2,1472,0.025159583,58507,262577325,0.000000,0.000000
plan/invoice_sum,4488,3,1472,0.025414000,57921,259948690,0.000000,0.000000
plan/invoice_sum,4488,4,1472,0.025437000,57868,259713645,0.000000,0.000000
plan/invoice_sum,4488,5,1472,0.025346000,58076,260646098,0.000000,0.000000
plan/invoice_sum,4488,6,1472,0.025182708,58453,262336203,0.000000,0.000000
rust/plan_invoice,4488,0,1664,0.025429167,65437,293679773,0.000000,0.000000
rust/plan_invoice,4488,1,1664,0.025334000,65682,294782979,0.000000,0.000000
rust/plan_invoice,4488,2,1632,0.025109583,64995,291698034,0.000000,0.000000
rust/plan_invoice,4488,3,1632,0.025009541,65255,292864871,0.000000,0.000000
rust/plan_invoice,4488,4,1664,0.025350750,65639,294588207,0.000000,0.000000
rust/plan_invoice,4488,5,1664,0.025486792,65289,293015771,0.000000,0.000000
rust/plan_invoice,4488,6,1664,0.025324042,65708,294898895,0.000000,0.000000
plan/invoice_object,4488,0,1184,0.025627042,46201,207350969,3.000000,296.000000
plan/invoice_object,4488,1,1184,0.025396041,46621,209237022,3.000000,296.000000
plan/invoice_object,4488,2,1184,0.025356667,46694,209561927,3.000000,296.000000
plan/invoice_object,4488,3,1184,0.025326042,46750,209815336,3.000000,296.000000
plan/invoice_object,4488,4,1184,0.025326375,46750,209812577,3.000000,296.000000
plan/invoice_object,4488,5,1184,0.025407958,46600,209138885,3.000000,296.000000
plan/invoice_object,4488,6,1184,0.025295750,46806,210066592,3.000000,296.000000
plan/mapped_objects,4488,0,736,0.025421292,28952,129937062,256.000000,17408.000000
plan/mapped_objects,4488,1,736,0.025315083,29074,130482211,256.000000,17408.000000
plan/mapped_objects,4488,2,736,0.025057333,29373,131824404,256.000000,17408.000000
plan/mapped_objects,4488,3,736,0.025096917,29326,131616485,256.000000,17408.000000
plan/mapped_objects,4488,4,736,0.025271541,29124,130707027,256.000000,17408.000000
plan/mapped_objects,4488,5,736,0.025195375,29212,131102157,256.000000,17408.000000
plan/mapped_objects,4488,6,736,0.025106708,29315,131565158,256.000000,17408.000000
plan/invoice_sum,35736,0,192,0.026803709,7163,255983677,0.000000,0.000000
plan/invoice_sum,35736,1,192,0.027382875,7012,250569453,0.000000,0.000000
plan/invoice_sum,35736,2,192,0.026865250,7147,255397288,0.000000,0.000000
plan/invoice_sum,35736,3,192,0.026759250,7175,256408980,0.000000,0.000000
plan/invoice_sum,35736,4,192,0.026577666,7224,258160818,0.000000,0.000000
plan/invoice_sum,35736,5,192,0.026603083,7217,257914167,0.000000,0.000000
plan/invoice_sum,35736,6,192,0.026614583,7214,257802724,0.000000,0.000000
rust/plan_invoice,35736,0,224,0.027085834,8270,295536922,0.000000,0.000000
rust/plan_invoice,35736,1,224,0.026832125,8348,298331347,0.000000,0.000000
rust/plan_invoice,35736,2,224,0.026694041,8391,299874568,0.000000,0.000000
rust/plan_invoice,35736,3,224,0.026733250,8379,299434749,0.000000,0.000000
rust/plan_invoice,35736,4,224,0.026749500,8374,299252846,0.000000,0.000000
rust/plan_invoice,35736,5,224,0.026874625,8335,297859561,0.000000,0.000000
rust/plan_invoice,35736,6,224,0.026739000,8377,299370358,0.000000,0.000000
plan/invoice_object,35736,0,160,0.027019041,5922,211619650,3.000000,296.000000
plan/invoice_object,35736,1,160,0.027156208,5892,210550751,3.000000,296.000000
plan/invoice_object,35736,2,160,0.026907125,5946,212499849,3.000000,296.000000
plan/invoice_object,35736,3,160,0.026760042,5979,213667826,3.000000,296.000000
plan/invoice_object,35736,4,160,0.026788500,5973,213440842,3.000000,296.000000
plan/invoice_object,35736,5,160,0.026991875,5928,211832635,3.000000,296.000000
plan/invoice_object,35736,6,160,0.027050250,5915,211375496,3.000000,296.000000
plan/mapped_objects,35736,0,96,0.026223792,3661,130822270,2048.000000,139264.000000
plan/mapped_objects,35736,1,96,0.026313083,3648,130378337,2048.000000,139264.000000
plan/mapped_objects,35736,2,96,0.026062875,3683,131629991,2048.000000,139264.000000
plan/mapped_objects,35736,3,96,0.026108250,3677,131401224,2048.000000,139264.000000
plan/mapped_objects,35736,4,96,0.025927375,3703,132317907,2048.000000,139264.000000
plan/mapped_objects,35736,5,96,0.025878125,3710,132569728,2048.000000,139264.000000
plan/mapped_objects,35736,6,96,0.025979459,3695,132052634,2048.000000,139264.000000
plan/invoice_sum,571416,0,32,0.070610583,453,258959935,0.000000,0.000000
plan/invoice_sum,571416,1,32,0.070206417,456,260450722,0.000000,0.000000
plan/invoice_sum,571416,2,32,0.070707166,453,258606207,0.000000,0.000000
plan/invoice_sum,571416,3,32,0.070053208,457,261020338,0.000000,0.000000
plan/invoice_sum,571416,4,32,0.070156333,456,260636656,0.000000,0.000000
plan/invoice_sum,571416,5,32,0.070869041,452,258015513,0.000000,0.000000
plan/invoice_sum,571416,6,32,0.071147500,450,257005685,0.000000,0.000000
rust/plan_invoice,571416,0,32,0.061787250,518,295939891,0.000000,0.000000
rust/plan_invoice,571416,1,32,0.061626625,519,296711235,0.000000,0.000000
rust/plan_invoice,571416,2,32,0.061189500,523,298830878,0.000000,0.000000
rust/plan_invoice,571416,3,32,0.061370917,521,297947512,0.000000,0.000000
rust/plan_invoice,571416,4,32,0.061233166,523,298617778,0.000000,0.000000
rust/plan_invoice,571416,5,32,0.061097541,524,299280654,0.000000,0.000000
rust/plan_invoice,571416,6,32,0.061383666,521,297885630,0.000000,0.000000
plan/invoice_object,571416,0,32,0.087613333,365,208704673,3.000000,296.000000
plan/invoice_object,571416,1,32,0.088544042,361,206510925,3.000000,296.000000
plan/invoice_object,571416,2,32,0.087868917,364,208097614,3.000000,296.000000
plan/invoice_object,571416,3,32,0.086931917,368,210340605,3.000000,296.000000
plan/invoice_object,571416,4,32,0.085633417,374,213530099,3.000000,296.000000
plan/invoice_object,571416,5,32,0.087158625,367,209793489,3.000000,296.000000
plan/invoice_object,571416,6,32,0.086446041,370,211522839,3.000000,296.000000
plan/mapped_objects,571416,0,32,0.138658333,231,131873156,32768.000000,2228224.000000
plan/mapped_objects,571416,1,32,0.139926333,229,130678133,32768.000000,2228224.000000
plan/mapped_objects,571416,2,32,0.140474959,228,130167769,32768.000000,2228224.000000
plan/mapped_objects,571416,3,32,0.140393000,228,130243759,32768.000000,2228224.000000
plan/mapped_objects,571416,4,32,0.139088458,230,131465344,32768.000000,2228224.000000
plan/mapped_objects,571416,5,32,0.140125416,228,130492473,32768.000000,2228224.000000
plan/mapped_objects,571416,6,32,0.140947625,227,129731253,32768.000000,2228224.000000
plan/wide_fields,7583,0,2720,0.025159250,108111,819808222,0.000000,0.000000
plan/wide_fields,7583,1,2784,0.025195167,110497,837901650,0.000000,0.000000
plan/wide_fields,7583,2,2752,0.025263000,108934,826046629,0.000000,0.000000
plan/wide_fields,7583,3,2816,0.025158541,111930,848766548,0.000000,0.000000
plan/wide_fields,7583,4,2816,0.025173709,111863,848255138,0.000000,0.000000
plan/wide_fields,7583,5,2784,0.025122208,110818,840335053,0.000000,0.000000
plan/wide_fields,7583,6,2720,0.025157917,108117,819851659,0.000000,0.000000
plan/untaken_branch,496,0,73216,0.025000000,2928640,1452605440,0.000000,0.000000
plan/untaken_branch,496,1,73504,0.025002000,2939925,1458202704,0.000000,0.000000
plan/untaken_branch,496,2,72672,0.025005958,2906187,1441468949,0.000000,0.000000
plan/untaken_branch,496,3,73280,0.025003542,2930785,1453669244,0.000000,0.000000
plan/untaken_branch,496,4,73248,0.025002916,2929578,1453070834,0.000000,0.000000
plan/untaken_branch,496,5,73248,0.025009375,2928822,1452695559,0.000000,0.000000
plan/untaken_branch,496,6,73952,0.025002250,2957814,1467075643,0.000000,0.000000
compile/plan_branch,0,0,12832,0.025052167,512211,0,96.000000,3794.000000
compile/plan_branch,0,1,12800,0.025049958,510979,0,96.000000,3794.000000
compile/plan_branch,0,2,12800,0.025037042,511243,0,96.000000,3794.000000
compile/plan_branch,0,3,12960,0.025045500,517458,0,96.000000,3794.000000
compile/plan_branch,0,4,12960,0.025052458,517315,0,96.000000,3794.000000
compile/plan_branch,0,5,12992,0.025016333,519341,0,96.000000,3794.000000
compile/plan_branch,0,6,12928,0.025014333,516824,0,96.000000,3794.000000
demand/nested,100,0,165856,0.025001000,6633975,663397464,0.000000,0.000000
demand/nested,100,1,168128,0.025002333,6724492,672449247,0.000000,0.000000
demand/nested,100,2,168256,0.025003542,6729287,672928659,0.000000,0.000000
demand/nested,100,3,168448,0.025002250,6737314,673731364,0.000000,0.000000
demand/nested,100,4,167680,0.025002125,6706630,670662994,0.000000,0.000000
demand/nested,100,5,164544,0.025003542,6580828,658082763,0.000000,0.000000
demand/nested,100,6,164928,0.025003667,6596152,659615248,0.000000,0.000000
demand/branch,100,0,152576,0.025004959,6101830,610182964,0.000000,0.000000
demand/branch,100,1,154112,0.025004250,6163432,616343222,0.000000,0.000000
demand/branch,100,2,153568,0.025003000,6141983,614198296,0.000000,0.000000
demand/branch,100,3,153536,0.025003458,6140591,614059063,0.000000,0.000000
demand/branch,100,4,153824,0.025003375,6152129,615212946,0.000000,0.000000
demand/branch,100,5,154400,0.025004875,6174796,617479591,0.000000,0.000000
demand/branch,100,6,154688,0.025004792,6186334,618633420,0.000000,0.000000
demand/repeated,100,0,189696,0.025003750,7586702,758670199,0.000000,0.000000
demand/repeated,100,1,191680,0.025000333,7667098,766709787,0.000000,0.000000
demand/repeated,100,2,194112,0.025001417,7764040,776403993,0.000000,0.000000
demand/repeated,100,3,193632,0.025001958,7744673,774467344,0.000000,0.000000
demand/repeated,100,4,193408,0.025003292,7735301,773530142,0.000000,0.000000
demand/repeated,100,5,193600,0.025000750,7743768,774376769,0.000000,0.000000
demand/repeated,100,6,194528,0.025002875,7780225,778022527,0.000000,0.000000
demand/untaken_nested,101,0,181152,0.025000333,7245983,731844332,0.000000,0.000000
demand/untaken_nested,101,1,180192,0.025002750,7206887,727895611,0.000000,0.000000
demand/untaken_nested,101,2,178720,0.025002209,7148168,721965007,0.000000,0.000000
demand/untaken_nested,101,3,179040,0.025002125,7160991,723260123,0.000000,0.000000
demand/untaken_nested,101,4,180704,0.025002708,7227377,729965090,0.000000,0.000000
demand/untaken_nested,101,5,181472,0.025001375,7258481,733106559,0.000000,0.000000
demand/untaken_nested,101,6,181888,0.025002959,7274659,734740556,0.000000,0.000000
demand/nested,500,0,70112,0.025001500,2804312,1402155871,0.000000,0.000000
demand/nested,500,1,70112,0.025002125,2804242,1402120820,0.000000,0.000000
demand/nested,500,2,70016,0.025003417,2800257,1400128630,0.000000,0.000000
demand/nested,500,3,70240,0.025001833,2809394,1404697008,0.000000,0.000000
demand/nested,500,4,70208,0.025001334,2808170,1404085078,0.000000,0.000000
demand/nested,500,5,70208,0.025006541,2807585,1403792712,0.000000,0.000000
demand/nested,500,6,70240,0.025000208,2809577,1404788312,0.000000,0.000000
demand/branch,500,0,67456,0.025009458,2697220,1348609794,0.000000,0.000000
demand/branch,500,1,67360,0.025006917,2693655,1346827360,0.000000,0.000000
demand/branch,500,2,67232,0.025010959,2688102,1344050822,0.000000,0.000000
demand/branch,500,3,66912,0.025004292,2676021,1338010290,0.000000,0.000000
demand/branch,500,4,66464,0.025009666,2657532,1328766246,0.000000,0.000000
demand/branch,500,5,66976,0.025011000,2677862,1338930870,0.000000,0.000000
demand/branch,500,6,66528,0.025003250,2660774,1330387050,0.000000,0.000000
demand/repeated,500,0,73856,0.025007417,2953364,1476681898,0.000000,0.000000
demand/repeated,500,1,73888,0.025010333,2954299,1477149465,0.000000,0.000000
demand/repeated,500,2,74016,0.025003542,2960221,1480110298,0.000000,0.000000
demand/repeated,500,3,74048,0.025008542,2960908,1480454158,0.000000,0.000000
demand/repeated,500,4,73824,0.025005625,2952296,1476147867,0.000000,0.000000
demand/repeated,500,5,73824,0.025010209,2951755,1475877311,0.000000,0.000000
demand/repeated,500,6,73984,0.025004917,2958778,1479389034,0.000000,0.000000
demand/untaken_nested,501,0,71328,0.025003791,2852687,1429196397,0.000000,0.000000
demand/untaken_nested,501,1,71392,0.025007334,2854843,1430276094,0.000000,0.000000
demand/untaken_nested,501,2,72288,0.025004084,2891048,1448414907,0.000000,0.000000
demand/untaken_nested,501,3,72160,0.025009958,2885251,1445510624,0.000000,0.000000
demand/untaken_nested,501,4,72160,0.025004208,2885914,1445843036,0.000000,0.000000
demand/untaken_nested,501,5,72352,0.025009750,2892952,1449368826,0.000000,0.000000
demand/untaken_nested,501,6,72224,0.025009959,2887810,1446792616,0.000000,0.000000
demand/nested,1024,0,39584,0.025002875,1583178,1621174205,0.000000,0.000000
demand/nested,1024,1,39840,0.025005875,1593226,1631463006,0.000000,0.000000
demand/nested,1024,2,39968,0.025013541,1597855,1636203047,0.000000,0.000000
demand/nested,1024,3,39648,0.025001417,1585830,1623890038,0.000000,0.000000
demand/nested,1024,4,39776,0.025015083,1590081,1628242609,0.000000,0.000000
demand/nested,1024,5,39712,0.025016500,1587432,1625530670,0.000000,0.000000
demand/nested,1024,6,39712,0.025008875,1587916,1626026281,0.000000,0.000000
demand/branch,1024,0,38912,0.025013958,1555611,1592946146,0.000000,0.000000
demand/branch,1024,1,38848,0.025016958,1552867,1590135459,0.000000,0.000000
demand/branch,1024,2,38944,0.025019791,1556528,1593884457,0.000000,0.000000
demand/branch,1024,3,38880,0.025003625,1554975,1592293917,0.000000,0.000000
demand/branch,1024,4,38912,0.025016375,1555461,1592792241,0.000000,0.000000
demand/branch,1024,5,39296,0.025004042,1571586,1609303968,0.000000,0.000000
demand/branch,1024,6,38848,0.025015083,1552983,1590254648,0.000000,0.000000
demand/repeated,1024,0,40928,0.025014125,1636196,1675464243,0.000000,0.000000
demand/repeated,1024,1,40928,0.025005750,1636744,1676025394,0.000000,0.000000
demand/repeated,1024,2,40928,0.025017833,1635953,1675215915,0.000000,0.000000
demand/repeated,1024,3,40960,0.025013416,1637521,1676821750,0.000000,0.000000
demand/repeated,1024,4,40992,0.025015041,1638694,1678022754,0.000000,0.000000
demand/repeated,1024,5,40928,0.025000833,1637065,1676355024,0.000000,0.000000
demand/repeated,1024,6,40928,0.025002583,1636951,1676237691,0.000000,0.000000
demand/untaken_nested,1025,0,40480,0.025004000,1618941,1659414494,0.000000,0.000000
demand/untaken_nested,1025,1,40576,0.025002416,1622883,1663455244,0.000000,0.000000
demand/untaken_nested,1025,2,40512,0.025007667,1619983,1660482763,0.000000,0.000000
demand/untaken_nested,1025,3,40224,0.025007333,1608488,1648700403,0.000000,0.000000
demand/untaken_nested,1025,4,40224,0.025004208,1608689,1648906456,0.000000,0.000000
demand/untaken_nested,1025,5,40224,0.025005708,1608593,1648807544,0.000000,0.000000
demand/untaken_nested,1025,6,40288,0.025018750,1610312,1650570072,0.000000,0.000000
demand/nested,10240,0,4640,0.025075333,185042,1894834258,0.000000,0.000000
demand/nested,10240,1,4640,0.025093791,184906,1893440493,0.000000,0.000000
demand/nested,10240,2,4640,0.025053333,185205,1896498163,0.000000,0.000000
demand/nested,10240,3,4672,0.025168542,185629,1900836369,0.000000,0.000000
demand/nested,10240,4,4640,0.025064167,185125,1895678400,0.000000,0.000000
demand/nested,10240,5,4640,0.025041500,185292,1897394325,0.000000,0.000000
demand/nested,10240,6,4640,0.025117791,184730,1891631314,0.000000,0.000000
demand/branch,10240,0,4640,0.025029875,185378,1898275561,0.000000,0.000000
demand/branch,10240,1,4640,0.025035709,185335,1897833211,0.000000,0.000000
demand/branch,10240,2,4640,0.025075375,185042,1894831084,0.000000,0.000000
demand/branch,10240,3,4640,0.025110875,184780,1892152305,0.000000,0.000000
demand/branch,10240,4,4640,0.025067000,185104,1895464156,0.000000,0.000000
demand/branch,10240,5,4640,0.025035042,185340,1897883774,0.000000,0.000000
demand/branch,10240,6,4640,0.025086000,184964,1894028542,0.000000,0.000000
demand/repeated,10240,0,4672,0.025163709,185664,1901201448,0.000000,0.000000
demand/repeated,10240,1,4672,0.025106250,186089,1905552601,0.000000,0.000000
demand/repeated,10240,2,4672,0.025074000,186328,1908003510,0.000000,0.000000
demand/repeated,10240,3,4640,0.025082125,184992,1894321155,0.000000,0.000000
demand/repeated,10240,4,4672,0.025084333,186252,1907217545,0.000000,0.000000
demand/repeated,10240,5,4672,0.025063125,186409,1908831401,0.000000,0.000000
demand/repeated,10240,6,4672,0.025120375,185984,1904481123,0.000000,0.000000
demand/untaken_nested,10241,0,4672,0.025125166,185949,1904303916,0.000000,0.000000
demand/untaken_nested,10241,1,4672,0.025169958,185618,1900915051,0.000000,0.000000
demand/untaken_nested,10241,2,4672,0.025105125,186097,1905824090,0.000000,0.000000
demand/untaken_nested,10241,3,4672,0.025139042,185846,1903252797,0.000000,0.000000
demand/untaken_nested,10241,4,4672,0.025082583,186265,1907536875,0.000000,0.000000
demand/untaken_nested,10241,5,4640,0.025031208,185369,1898359839,0.000000,0.000000
demand/untaken_nested,10241,6,4672,0.025139042,185846,1903252797,0.000000,0.000000
demand/nested,1048576,0,64,0.034374583,1862,1952281545,0.000000,0.000000
demand/nested,1048576,1,64,0.034497583,1855,1945320749,0.000000,0.000000
demand/nested,1048576,2,64,0.034478000,1856,1946425663,0.000000,0.000000
demand/nested,1048576,3,64,0.034543167,1853,1942753657,0.000000,0.000000
demand/nested,1048576,4,64,0.034569917,1851,1941250365,0.000000,0.000000
demand/nested,1048576,5,64,0.034517834,1854,1944179464,0.000000,0.000000
demand/nested,1048576,6,64,0.034712125,1844,1933297486,0.000000,0.000000
demand/branch,1048576,0,64,0.034515292,1854,1944322650,0.000000,0.000000
demand/branch,1048576,1,64,0.034511917,1854,1944512790,0.000000,0.000000
demand/branch,1048576,2,64,0.034559750,1852,1941821454,0.000000,0.000000
demand/branch,1048576,3,64,0.034559084,1852,1941858876,0.000000,0.000000
demand/branch,1048576,4,64,0.034502500,1855,1945043519,0.000000,0.000000
demand/branch,1048576,5,64,0.034529667,1853,1943513211,0.000000,0.000000
demand/branch,1048576,6,64,0.034556209,1852,1942020434,0.000000,0.000000
demand/repeated,1048576,0,64,0.034355458,1863,1953368341,0.000000,0.000000
demand/repeated,1048576,1,64,0.034583333,1851,1940497291,0.000000,0.000000
demand/repeated,1048576,2,64,0.034487416,1856,1945894236,0.000000,0.000000
demand/repeated,1048576,3,64,0.034439333,1858,1948611026,0.000000,0.000000
demand/repeated,1048576,4,64,0.034572083,1851,1941128743,0.000000,0.000000
demand/repeated,1048576,5,64,0.034453792,1858,1947793265,0.000000,0.000000
demand/repeated,1048576,6,64,0.034508792,1855,1944688878,0.000000,0.000000
demand/untaken_nested,1048577,0,64,0.034489125,1856,1945799669,0.000000,0.000000
demand/untaken_nested,1048577,1,64,0.034483750,1856,1946102962,0.000000,0.000000
demand/untaken_nested,1048577,2,64,0.034528750,1854,1943566680,0.000000,0.000000
demand/untaken_nested,1048577,3,64,0.034545833,1853,1942605581,0.000000,0.000000
demand/untaken_nested,1048577,4,64,0.034500083,1855,1945181639,0.000000,0.000000
demand/untaken_nested,1048577,5,64,0.034392542,1861,1951263969,0.000000,0.000000
demand/untaken_nested,1048577,6,64,0.034489958,1856,1945752674,0.000000,0.000000
demand/nested_fold,546,0,6752,0.025023208,269830,147326913,0.000000,0.000000
demand/nested_fold,546,1,6816,0.025081417,271755,148378220,0.000000,0.000000
demand/nested_fold,546,2,6816,0.025069334,271886,148449735,0.000000,0.000000
demand/nested_fold,546,3,6784,0.025081000,270484,147684064,0.000000,0.000000
demand/nested_fold,546,4,6816,0.025006792,272566,148821008,0.000000,0.000000
demand/nested_fold,546,5,6848,0.025039542,273487,149324137,0.000000,0.000000
demand/nested_fold,546,6,6880,0.025088792,274226,149727416,0.000000,0.000000
demand/nested_fold_plan,546,0,14688,0.025042584,586521,320240435,0.000000,0.000000
demand/nested_fold_plan,546,1,14560,0.025042875,581403,317445980,0.000000,0.000000
demand/nested_fold_plan,546,2,14400,0.025016791,575613,314284914,0.000000,0.000000
demand/nested_fold_plan,546,3,14304,0.025009917,571933,312275487,0.000000,0.000000
demand/nested_fold_plan,546,4,14688,0.025034958,586700,320337985,0.000000,0.000000
demand/nested_fold_plan,546,5,14688,0.025014792,587173,320596230,0.000000,0.000000
demand/nested_fold_plan,546,6,14848,0.025009000,593706,324163621,0.000000,0.000000
demand/nested_fold,8454,0,448,0.025547916,17536,148246612,0.000000,0.000000
demand/nested_fold,8454,1,448,0.025416458,17626,149013368,0.000000,0.000000
demand/nested_fold,8454,2,448,0.025241458,17749,150046483,0.000000,0.000000
demand/nested_fold,8454,3,448,0.025310208,17700,149638912,0.000000,0.000000
demand/nested_fold,8454,4,448,0.025277500,17723,149832539,0.000000,0.000000
demand/nested_fold,8454,5,448,0.025226125,17759,150137685,0.000000,0.000000
demand/nested_fold,8454,6,448,0.025273334,17726,149857237,0.000000,0.000000
demand/nested_fold_plan,8454,0,960,0.025635750,37448,316582897,0.000000,0.000000
demand/nested_fold_plan,8454,1,960,0.025420875,37764,319258877,0.000000,0.000000
demand/nested_fold_plan,8454,2,960,0.025605417,37492,316957931,0.000000,0.000000
demand/nested_fold_plan,8454,3,960,0.025310500,37929,320651113,0.000000,0.000000
demand/nested_fold_plan,8454,4,960,0.025200209,38095,322054472,0.000000,0.000000
demand/nested_fold_plan,8454,5,960,0.025352542,37866,320119379,0.000000,0.000000
demand/nested_fold_plan,8454,6,960,0.025134625,38194,322894811,0.000000,0.000000
demand/nested_fold,67478,0,64,0.030137166,2124,143297880,0.000000,0.000000
demand/nested_fold,67478,1,64,0.029097958,2199,148415638,0.000000,0.000000
demand/nested_fold,67478,2,64,0.029074375,2201,148536022,0.000000,0.000000
demand/nested_fold,67478,3,64,0.029067833,2202,148569451,0.000000,0.000000
demand/nested_fold,67478,4,64,0.029112166,2198,148343205,0.000000,0.000000
demand/nested_fold,67478,5,64,0.029142041,2196,148191130,0.000000,0.000000
demand/nested_fold,67478,6,64,0.029121083,2198,148297781,0.000000,0.000000
demand/nested_fold_plan,67478,0,128,0.026480250,4834,326174564,0.000000,0.000000
demand/nested_fold_plan,67478,1,128,0.027158333,4713,318030713,0.000000,0.000000
demand/nested_fold_plan,67478,2,128,0.027181583,4709,317758682,0.000000,0.000000
demand/nested_fold_plan,67478,3,128,0.026931750,4753,320706378,0.000000,0.000000
demand/nested_fold_plan,67478,4,128,0.026865458,4764,321497739,0.000000,0.000000
demand/nested_fold_plan,67478,5,128,0.026111167,4902,330785062,0.000000,0.000000
demand/nested_fold_plan,67478,6,128,0.026587916,4814,324853742,0.000000,0.000000
demand/wide_nested,1137,0,20448,0.025008708,817635,929651224,0.000000,0.000000
demand/wide_nested,1137,1,20800,0.025029875,831007,944854898,0.000000,0.000000
demand/wide_nested,1137,2,20832,0.025026959,832382,946418780,0.000000,0.000000
demand/wide_nested,1137,3,20992,0.025021417,838961,953898974,0.000000,0.000000
demand/wide_nested,1137,4,20928,0.025025000,836284,950854585,0.000000,0.000000
demand/wide_nested,1137,5,20896,0.025009000,835539,950008077,0.000000,0.000000
demand/wide_nested,1137,6,20896,0.025008250,835564,950036568,0.000000,0.000000
demand/wide_nested,38497,0,736,0.025916375,28399,1093277590,0.000000,0.000000
demand/wide_nested,38497,1,736,0.025641292,28704,1105006409,0.000000,0.000000
demand/wide_nested,38497,2,736,0.025569291,28785,1108118015,0.000000,0.000000
demand/wide_nested,38497,3,736,0.025543958,28813,1109216982,0.000000,0.000000
demand/wide_nested,38497,4,736,0.025603875,28746,1106621244,0.000000,0.000000
demand/wide_nested,38497,5,736,0.025569625,28784,1108103541,0.000000,0.000000
demand/wide_nested,38497,6,736,0.025516625,28844,1110405157,0.000000,0.000000
demand/wide_nested,323265,0,96,0.027404750,3503,1132410987,0.000000,0.000000
demand/wide_nested,323265,1,96,0.027534625,3487,1127069644,0.000000,0.000000
demand/wide_nested,323265,2,96,0.027471167,3495,1129673159,0.000000,0.000000
demand/wide_nested,323265,3,96,0.027464750,3495,1129937101,0.000000,0.000000
demand/wide_nested,323265,4,96,0.027460916,3496,1130094859,0.000000,0.000000
demand/wide_nested,323265,5,96,0.027561542,3483,1125968932,0.000000,0.000000
demand/wide_nested,323265,6,96,0.027507000,3490,1128201549,0.000000,0.000000
demand/repeated_lookup,100,0,105248,0.025001958,4209590,420959030,0.000000,0.000000
demand/repeated_lookup,100,1,106976,0.025006417,4277942,427794194,0.000000,0.000000
demand/repeated_lookup,100,2,107328,0.025005000,4292262,429226155,0.000000,0.000000
demand/repeated_lookup,100,3,107584,0.025004958,4302507,430250673,0.000000,0.000000
demand/repeated_lookup,100,4,107616,0.025005292,4303729,430372899,0.000000,0.000000
demand/repeated_lookup,100,5,106208,0.025001333,4248093,424809349,0.000000,0.000000
demand/repeated_lookup,100,6,106624,0.025002083,4264605,426460467,0.000000,0.000000
demand/repeated_lookup,500,0,56576,0.025011125,2262033,1131016698,0.000000,0.000000
demand/repeated_lookup,500,1,56352,0.025007375,2253415,1126707621,0.000000,0.000000
demand/repeated_lookup,500,2,56800,0.025000541,2271951,1135975417,0.000000,0.000000
demand/repeated_lookup,500,3,56384,0.025011834,2254293,1127146454,0.000000,0.000000
demand/repeated_lookup,500,4,56480,0.025004208,2258820,1129409898,0.000000,0.000000
demand/repeated_lookup,500,5,56256,0.025002166,2250045,1125022528,0.000000,0.000000
demand/repeated_lookup,500,6,56544,0.025013084,2260577,1130288452,0.000000,0.000000
demand/repeated_lookup,10240,0,4608,0.025138250,183306,1877056677,0.000000,0.000000
demand/repeated_lookup,10240,1,4576,0.025016416,182920,1873099648,0.000000,0.000000
demand/repeated_lookup,10240,2,4576,0.025067791,182545,1869260838,0.000000,0.000000
demand/repeated_lookup,10240,3,4576,0.025023000,182872,1872606802,0.000000,0.000000
demand/repeated_lookup,10240,4,4576,0.025008833,182975,1873667596,0.000000,0.000000
demand/repeated_lookup,10240,5,4608,0.025145458,183254,1876518614,0.000000,0.000000
demand/repeated_lookup,10240,6,4576,0.025060458,182598,1869807806,0.000000,0.000000
demand/repeated_lookup,1048576,0,64,0.034465708,1857,1947119844,0.000000,0.000000
demand/repeated_lookup,1048576,1,64,0.034179500,1872,1963424392,0.000000,0.000000
demand/repeated_lookup,1048576,2,64,0.034543875,1853,1942713839,0.000000,0.000000
demand/repeated_lookup,1048576,3,64,0.034472708,1857,1946724464,0.000000,0.000000
demand/repeated_lookup,1048576,4,64,0.034612708,1849,1938850436,0.000000,0.000000
demand/repeated_lookup,1048576,5,64,0.034544625,1853,1942671660,0.000000,0.000000
demand/repeated_lookup,1048576,6,64,0.034513500,1854,1944423602,0.000000,0.000000
compile/scoped_path,0,0,14784,0.025039667,590423,0,41.000000,3773.000000
compile/scoped_path,0,1,14912,0.025039292,595544,0,41.000000,3773.000000
compile/scoped_path,0,2,15104,0.025003000,604088,0,41.000000,3773.000000
compile/scoped_path,0,3,15168,0.025003875,606626,0,41.000000,3773.000000
compile/scoped_path,0,4,14976,0.025039291,598100,0,41.000000,3773.000000
compile/scoped_path,0,5,14944,0.025033500,596960,0,41.000000,3773.000000
compile/scoped_path,0,6,15008,0.025044041,599264,0,41.000000,3773.000000
tuple/index,100,0,45312,0.025003666,1812214,181221426,9.000000,848.000000
tuple/index,100,1,45728,0.025004833,1828766,182876646,9.000000,848.000000
tuple/index,100,2,45568,0.025001625,1822602,182260153,9.000000,848.000000
tuple/index,100,3,45760,0.025002916,1830187,183018653,9.000000,848.000000
tuple/index,100,4,45760,0.025012875,1829458,182945783,9.000000,848.000000
tuple/index,100,5,45856,0.025012667,1833311,183331110,9.000000,848.000000
tuple/index,100,6,45696,0.025001333,1827743,182774254,9.000000,848.000000
tuple/filter_sum,100,0,30656,0.025021541,1225184,122518433,10.000000,1296.000000
tuple/filter_sum,100,1,30624,0.025021167,1223924,122392373,10.000000,1296.000000
tuple/filter_sum,100,2,30336,0.025023375,1212306,121230649,10.000000,1296.000000
tuple/filter_sum,100,3,30336,0.025007417,1213080,121308010,10.000000,1296.000000
tuple/filter_sum,100,4,30432,0.025020500,1216283,121628265,10.000000,1296.000000
tuple/filter_sum,100,5,30432,0.025004750,1217049,121704876,10.000000,1296.000000
tuple/filter_sum,100,6,30336,0.025003958,1213248,121324792,10.000000,1296.000000
tuple/plan_leaves,100,0,23104,0.025009625,923804,92380434,15.000000,1440.000000
tuple/plan_leaves,100,1,23232,0.025013708,928771,92877074,15.000000,1440.000000
tuple/plan_leaves,100,2,23200,0.025029542,926905,92690470,15.000000,1440.000000
tuple/plan_leaves,100,3,23264,0.025023000,929705,92970467,15.000000,1440.000000
tuple/plan_leaves,100,4,23200,0.025023458,927130,92713006,15.000000,1440.000000
tuple/plan_leaves,100,5,23200,0.025000417,927985,92798452,15.000000,1440.000000
tuple/plan_leaves,100,6,23264,0.025017333,929915,92991527,15.000000,1440.000000
tuple/kept,100,0,36128,0.025013125,1444362,144436171,11.000000,992.000000
tuple/kept,100,1,36224,0.025009708,1448398,144839756,11.000000,992.000000
tuple/kept,100,2,36224,0.025009292,1448422,144842165,11.000000,992.000000
tuple/kept,100,3,36256,0.025002583,1450090,145009018,11.000000,992.000000
tuple/kept,100,4,36320,0.025016709,1451830,145182966,11.000000,992.000000
tuple/kept,100,5,36320,0.025005250,1452495,145249498,11.000000,992.000000
tuple/kept,100,6,36544,0.025009584,1461200,146119983,11.000000,992.000000
tuple/ordered,100,0,22176,0.025011958,886616,88661591,19.000000,1640.000000
tuple/ordered,100,1,22336,0.025009792,893090,89309019,19.000000,1640.000000
tuple/ordered,100,2,21856,0.025011291,873845,87384534,19.000000,1640.000000
tuple/ordered,100,3,22208,0.025031875,887189,88718883,19.000000,1640.000000
tuple/ordered,100,4,22240,0.025005583,889401,88940138,19.000000,1640.000000
tuple/ordered,100,5,22368,0.025026333,893779,89377857,19.000000,1640.000000
tuple/ordered,100,6,22368,0.025012542,894271,89427136,19.000000,1640.000000
tuple/index,500,0,26016,0.025019542,1039827,519913594,9.000000,848.000000
tuple/index,500,1,26016,0.025028667,1039448,519724043,9.000000,848.000000
tuple/index,500,2,25984,0.025005167,1039145,519572615,9.000000,848.000000
tuple/index,500,3,26016,0.025005500,1040411,520205555,9.000000,848.000000
tuple/index,500,4,26080,0.025023875,1042205,521102347,9.000000,848.000000
tuple/index,500,5,26016,0.025020083,1039805,519902352,9.000000,848.000000
tuple/index,500,6,25984,0.025022792,1038413,519206650,9.000000,848.000000
tuple/filter_sum,500,0,20512,0.025031791,819438,409718985,10.000000,1296.000000
tuple/filter_sum,500,1,20480,0.025023500,818431,409215338,10.000000,1296.000000
tuple/filter_sum,500,2,20512,0.025037833,819240,409620114,10.000000,1296.000000
tuple/filter_sum,500,3,20544,0.025036666,820557,410278269,10.000000,1296.000000
tuple/filter_sum,500,4,20480,0.025008416,818924,409462159,10.000000,1296.000000
tuple/filter_sum,500,5,20512,0.025000584,820461,410230417,10.000000,1296.000000
tuple/filter_sum,500,6,20544,0.025025167,820934,410466791,10.000000,1296.000000
tuple/plan_leaves,500,0,16800,0.025024667,671338,335668802,15.000000,1440.000000
tuple/plan_leaves,500,1,16736,0.025005875,669283,334641359,15.000000,1440.000000
tuple/plan_leaves,500,2,16800,0.025015500,671584,335791809,15.000000,1440.000000
tuple/plan_leaves,500,3,16768,0.025035416,669771,334885588,15.000000,1440.000000
tuple/plan_leaves,500,4,16672,0.025030584,666065,333032581,15.000000,1440.000000
tuple/plan_leaves,500,5,16736,0.025011792,669124,334562194,15.000000,1440.000000
tuple/plan_leaves,500,6,16768,0.025032250,669856,334927943,15.000000,1440.000000
tuple/kept,500,0,22400,0.025012791,895542,447770902,11.000000,992.000000
tuple/kept,500,1,22496,0.025026750,898878,449439100,11.000000,992.000000
tuple/kept,500,2,22496,0.025005250,899651,449825537,11.000000,992.000000
tuple/kept,500,3,22592,0.025008667,903367,451683410,11.000000,992.000000
tuple/kept,500,4,22560,0.025033292,901200,450599945,11.000000,992.000000
tuple/kept,500,5,22560,0.025027167,901420,450710222,11.000000,992.000000
tuple/kept,500,6,22592,0.025030250,902588,451293934,11.000000,992.000000
tuple/ordered,500,0,16160,0.025011000,646116,323057855,19.000000,1640.000000
tuple/ordered,500,1,16128,0.025024417,644491,322245269,19.000000,1640.000000
tuple/ordered,500,2,16192,0.025041334,646611,323305460,19.000000,1640.000000
tuple/ordered,500,3,16160,0.025016000,645987,322993284,19.000000,1640.000000
tuple/ordered,500,4,16224,0.025009125,648723,324361608,19.000000,1640.000000
tuple/ordered,500,5,16192,0.025006416,647514,323756911,19.000000,1640.000000
tuple/ordered,500,6,16224,0.025003458,648870,324435124,19.000000,1640.000000
tuple/index,1024,0,16672,0.025030083,666078,682064378,9.000000,848.000000
tuple/index,1024,1,16672,0.025009625,666623,682622310,9.000000,848.000000
tuple/index,1024,2,16704,0.025043375,667003,683010816,9.000000,848.000000
tuple/index,1024,3,16576,0.025018042,662562,678463327,9.000000,848.000000
tuple/index,1024,4,16640,0.025021250,665035,680995554,9.000000,848.000000
tuple/index,1024,5,16672,0.025033334,665992,681975801,9.000000,848.000000
tuple/index,1024,6,16672,0.025039500,665828,681807864,9.000000,848.000000
tuple/filter_sum,1024,0,14240,0.025010792,569354,583018722,10.000000,1296.000000
tuple/filter_sum,1024,1,14208,0.025015292,567973,581603925,10.000000,1296.000000
tuple/filter_sum,1024,2,14208,0.025019208,567884,581512892,10.000000,1296.000000
tuple/filter_sum,1024,3,14240,0.025024709,569038,582694488,10.000000,1296.000000
tuple/filter_sum,1024,4,14240,0.025014709,569265,582927429,10.000000,1296.000000
tuple/filter_sum,1024,5,14208,0.025002542,568262,581900512,10.000000,1296.000000
tuple/filter_sum,1024,6,14272,0.025005000,570766,584464227,10.000000,1296.000000
tuple/plan_leaves,1024,0,12352,0.025038459,493321,505160801,15.000000,1440.000000
tuple/plan_leaves,1024,1,12352,0.025049292,493108,504942335,15.000000,1440.000000
tuple/plan_leaves,1024,2,12288,0.025005083,491420,503214166,15.000000,1440.000000
tuple/plan_leaves,1024,3,12352,0.025019333,493698,505546970,15.000000,1440.000000
tuple/plan_leaves,1024,4,12256,0.025006250,490117,501880290,15.000000,1440.000000
tuple/plan_leaves,1024,5,12288,0.025048792,490563,502336081,15.000000,1440.000000
tuple/plan_leaves,1024,6,12192,0.025010292,487479,499178818,15.000000,1440.000000
tuple/kept,1024,0,15264,0.025008459,610353,625001964,11.000000,992.000000
tuple/kept,1024,1,15264,0.025000917,610538,625190508,11.000000,992.000000
tuple/kept,1024,2,15296,0.025046625,610701,625357868,11.000000,992.000000
tuple/kept,1024,3,15232,0.025019208,608812,623423731,11.000000,992.000000
tuple/kept,1024,4,15296,0.025039750,610869,625529568,11.000000,992.000000
tuple/kept,1024,5,15264,0.025004917,610440,625090497,11.000000,992.000000
tuple/kept,1024,6,15232,0.025000542,609267,623889194,11.000000,992.000000
tuple/ordered,1024,0,11968,0.025035875,478034,489506838,19.000000,1640.000000
tuple/ordered,1024,1,12064,0.025008000,482406,493983365,19.000000,1640.000000
tuple/ordered,1024,2,12064,0.025025541,482068,493637121,19.000000,1640.000000
tuple/ordered,1024,3,12032,0.025040958,480493,492024626,19.000000,1640.000000
tuple/ordered,1024,4,12032,0.025041875,480475,492006609,19.000000,1640.000000
tuple/ordered,1024,5,12032,0.025025875,480782,492321168,19.000000,1640.000000
tuple/ordered,1024,6,12032,0.025026500,480770,492308873,19.000000,1640.000000
tuple/index,10240,0,2304,0.025016584,92099,943092790,9.000000,848.000000
tuple/index,10240,1,2336,0.025313625,92282,944970940,9.000000,848.000000
tuple/index,10240,2,2336,0.025232875,92578,947995026,9.000000,848.000000
tuple/index,10240,3,2336,0.025326584,92235,944487421,9.000000,848.000000
tuple/index,10240,4,2336,0.025288958,92372,945892670,9.000000,848.000000
tuple/index,10240,5,2336,0.025277541,92414,946319897,9.000000,848.000000
tuple/index,10240,6,2336,0.025295917,92347,945632451,9.000000,848.000000
tuple/filter_sum,10240,0,2272,0.025182125,90223,923880729,10.000000,1296.000000
tuple/filter_sum,10240,1,2272,0.025251875,89974,921328812,10.000000,1296.000000
tuple/filter_sum,10240,2,2272,0.025270167,89908,920661901,10.000000,1296.000000
tuple/filter_sum,10240,3,2272,0.025207791,90131,922940055,10.000000,1296.000000
tuple/filter_sum,10240,4,2272,0.025198459,90164,923281856,10.000000,1296.000000
tuple/filter_sum,10240,5,2240,0.025091000,89275,914176398,10.000000,1296.000000
tuple/filter_sum,10240,6,2272,0.025231125,90048,922086510,10.000000,1296.000000
tuple/plan_leaves,10240,0,2208,0.025132875,87853,899615344,15.000000,1440.000000
tuple/plan_leaves,10240,1,2208,0.025201666,87613,897159735,15.000000,1440.000000
tuple/plan_leaves,10240,2,2208,0.025155292,87775,898813657,15.000000,1440.000000
tuple/plan_leaves,10240,3,2208,0.025092291,87995,901070373,15.000000,1440.000000
tuple/plan_leaves,10240,4,2208,0.025105708,87948,900588822,15.000000,1440.000000
tuple/plan_leaves,10240,5,2208,0.025121458,87893,900024194,15.000000,1440.000000
tuple/plan_leaves,10240,6,2208,0.025128209,87869,899782392,15.000000,1440.000000
tuple/kept,10240,0,2304,0.025329708,90960,931434346,11.000000,992.000000
tuple/kept,10240,1,2304,0.025297542,91076,932618671,11.000000,992.000000
tuple/kept,10240,2,2272,0.025011459,90838,930184840,11.000000,992.000000
tuple/kept,10240,3,2304,0.025319209,90998,931820579,11.000000,992.000000
tuple/kept,10240,4,2304,0.025268708,91180,933682878,11.000000,992.000000
tuple/kept,10240,5,2272,0.025014041,90829,930088825,11.000000,992.000000
tuple/kept,10240,6,2272,0.025073208,90615,927894029,11.000000,992.000000
tuple/ordered,10240,0,2208,0.025219375,87552,896529751,19.000000,1640.000000
tuple/ordered,10240,1,2208,0.025182833,87679,897830677,19.000000,1640.000000
tuple/ordered,10240,2,2208,0.025216291,87562,896639399,19.000000,1640.000000
tuple/ordered,10240,3,2208,0.025228791,87519,896195145,19.000000,1640.000000
tuple/ordered,10240,4,2208,0.025346916,87111,892018579,19.000000,1640.000000
tuple/ordered,10240,5,2208,0.025201500,87614,897165645,19.000000,1640.000000
tuple/ordered,10240,6,2208,0.025203000,87609,897112249,19.000000,1640.000000
tuple/index,1048576,0,32,0.033947042,943,988434633,9.000000,848.000000
tuple/index,1048576,1,32,0.033991458,941,987143064,9.000000,848.000000
tuple/index,1048576,2,32,0.033983583,942,987371814,9.000000,848.000000
tuple/index,1048576,3,32,0.033947459,943,988422491,9.000000,848.000000
tuple/index,1048576,4,32,0.033984667,942,987340320,9.000000,848.000000
tuple/index,1048576,5,32,0.034025875,940,986144574,9.000000,848.000000
tuple/index,1048576,6,32,0.033951042,943,988318179,9.000000,848.000000
tuple/filter_sum,1048576,0,32,0.033994750,941,987047471,10.000000,1296.000000
tuple/filter_sum,1048576,1,32,0.034059292,940,985177026,10.000000,1296.000000
tuple/filter_sum,1048576,2,32,0.033991459,941,987143035,10.000000,1296.000000
tuple/filter_sum,1048576,3,32,0.034008583,941,986645989,10.000000,1296.000000
tuple/filter_sum,1048576,4,32,0.033990750,941,987163625,10.000000,1296.000000
tuple/filter_sum,1048576,5,32,0.034029167,940,986049174,10.000000,1296.000000
tuple/filter_sum,1048576,6,32,0.033975667,942,987601862,10.000000,1296.000000
tuple/plan_leaves,1048576,0,32,0.033871375,945,990642748,15.000000,1440.000000
tuple/plan_leaves,1048576,1,32,0.033920750,943,989200769,15.000000,1440.000000
tuple/plan_leaves,1048576,2,32,0.033831666,946,991805488,15.000000,1440.000000
tuple/plan_leaves,1048576,3,32,0.033954417,942,988219942,15.000000,1440.000000
tuple/plan_leaves,1048576,4,32,0.033960542,942,988041710,15.000000,1440.000000
tuple/plan_leaves,1048576,5,32,0.033991792,941,987133364,15.000000,1440.000000
tuple/plan_leaves,1048576,6,32,0.034022209,941,986250834,15.000000,1440.000000
tuple/kept,1048576,0,32,0.033995167,941,987035363,11.000000,992.000000
tuple/kept,1048576,1,32,0.033573250,953,999439494,11.000000,992.000000
tuple/kept,1048576,2,32,0.033926750,943,989025828,11.000000,992.000000
tuple/kept,1048576,3,32,0.033941416,943,988598472,11.000000,992.000000
tuple/kept,1048576,4,32,0.033932792,943,988849724,11.000000,992.000000
tuple/kept,1048576,5,32,0.033968584,942,987807793,11.000000,992.000000
tuple/kept,1048576,6,32,0.033919708,943,989231157,11.000000,992.000000
tuple/ordered,1048576,0,32,0.034023708,941,986207382,19.000000,1640.000000
tuple/ordered,1048576,1,32,0.033966000,942,987882942,19.000000,1640.000000
tuple/ordered,1048576,2,32,0.033945458,943,988480756,19.000000,1640.000000
tuple/ordered,1048576,3,32,0.034038250,940,985786050,19.000000,1640.000000
tuple/ordered,1048576,4,32,0.033954375,942,988221164,19.000000,1640.000000
tuple/ordered,1048576,5,32,0.033961000,942,988028386,19.000000,1640.000000
tuple/ordered,1048576,6,32,0.033947375,943,988424937,19.000000,1640.000000
tuple/wide_sum,440,0,7936,0.025078375,316448,139237092,22.000000,2496.000000
tuple/wide_sum,440,1,7936,0.025020791,317176,139557538,22.000000,2496.000000
tuple/wide_sum,440,2,7904,0.025025708,315835,138967497,22.000000,2496.000000
tuple/wide_sum,440,3,7904,0.025051125,315515,138826500,22.000000,2496.000000
tuple/wide_sum,440,4,7936,0.025069875,316555,139284300,22.000000,2496.000000
tuple/wide_sum,440,5,7936,0.025026292,317107,139526862,22.000000,2496.000000
tuple/wide_sum,440,6,7936,0.025021125,317172,139555675,22.000000,2496.000000
tuple/nested_sum,440,0,4416,0.025095958,175965,77424420,70.000000,6336.000000
tuple/nested_sum,440,1,4416,0.025083792,176050,77461972,70.000000,6336.000000
tuple/nested_sum,440,2,4416,0.025075250,176110,77488360,70.000000,6336.000000
tuple/nested_sum,440,3,4448,0.025165208,176752,77770865,70.000000,6336.000000
tuple/nested_sum,440,4,4448,0.025182208,176633,77718364,70.000000,6336.000000
tuple/nested_sum,440,5,4416,0.025060291,176215,77534614,70.000000,6336.000000
tuple/nested_sum,440,6,4448,0.025151542,176848,77813122,70.000000,6336.000000
tuple/join_sum,440,0,1920,0.025079875,76555,33684378,46.000000,4800.000000
tuple/join_sum,440,1,1920,0.025127791,76409,33620146,46.000000,4800.000000
tuple/join_sum,440,2,1920,0.025126334,76414,33622095,46.000000,4800.000000
tuple/join_sum,440,3,1952,0.025362708,76963,33863892,46.000000,4800.000000
tuple/join_sum,440,4,1952,0.025335375,77046,33900426,46.000000,4800.000000
tuple/join_sum,440,5,1952,0.025197708,77467,34085640,46.000000,4800.000000
tuple/join_sum,440,6,1920,0.025158542,76316,33579052,46.000000,4800.000000
tuple/join_bound,440,0,2496,0.025169375,99168,43633980,55.000000,5728.000000
tuple/join_bound,440,1,2496,0.025070750,99558,43805630,55.000000,5728.000000
tuple/join_bound,440,2,2496,0.025126959,99336,43707637,55.000000,5728.000000
tuple/join_bound,440,3,2496,0.025039292,99683,43860665,55.000000,5728.000000
tuple/join_bound,440,4,2528,0.025308625,99887,43950234,55.000000,5728.000000
tuple/join_bound,440,5,2528,0.025312208,99873,43944013,55.000000,5728.000000
tuple/join_bound,440,6,2496,0.025128375,99330,43705174,55.000000,5728.000000
tuple/group,440,0,5184,0.025072083,206764,90976087,57.000000,5408.000000
tuple/group,440,1,5184,0.025019875,207195,91165923,57.000000,5408.000000
tuple/group,440,2,5248,0.025093875,209135,92019268,57.000000,5408.000000
tuple/group,440,3,5248,0.025087083,209191,92044181,57.000000,5408.000000
tuple/group,440,4,5248,0.025122625,208895,91913962,57.000000,5408.000000
tuple/group,440,5,5280,0.025127000,210133,92458312,57.000000,5408.000000
tuple/group,440,6,5248,0.025118334,208931,91929664,57.000000,5408.000000
tuple/negative_index,440,0,11648,0.025031125,465341,204749886,23.000000,2432.000000
tuple/negative_index,440,1,11680,0.025019667,466833,205406411,23.000000,2432.000000
tuple/negative_index,440,2,11744,0.025047042,468878,206306198,23.000000,2432.000000
tuple/negative_index,440,3,11712,0.025058292,467390,205651686,23.000000,2432.000000
tuple/negative_index,440,4,11680,0.025026917,466698,205346907,23.000000,2432.000000
tuple/negative_index,440,5,11712,0.025039416,467743,205806717,23.000000,2432.000000
tuple/negative_index,440,6,11712,0.025034500,467834,205847131,23.000000,2432.000000
tuple/wide_sum,6666,0,544,0.025230458,21561,143727236,262.000000,26496.000000
tuple/wide_sum,6666,1,544,0.025236417,21556,143693298,262.000000,26496.000000
tuple/wide_sum,6666,2,544,0.025101166,21672,144467552,262.000000,26496.000000
tuple/wide_sum,6666,3,544,0.025119167,21657,144364023,262.000000,26496.000000
tuple/wide_sum,6666,4,544,0.025208875,21580,143850291,262.000000,26496.000000
tuple/wide_sum,6666,5,544,0.025124542,21652,144333138,262.000000,26496.000000
tuple/wide_sum,6666,6,576,0.026301708,21900,145983523,262.000000,26496.000000
tuple/nested_sum,6666,0,320,0.027549583,11615,77428395,1030.000000,87936.000000
tuple/nested_sum,6666,1,320,0.027376459,11689,77918039,1030.000000,87936.000000
tuple/nested_sum,6666,2,320,0.027178667,11774,78485085,1030.000000,87936.000000
tuple/nested_sum,6666,3,320,0.027136917,11792,78605834,1030.000000,87936.000000
tuple/nested_sum,6666,4,320,0.026933042,11881,79200857,1030.000000,87936.000000
tuple/nested_sum,6666,5,320,0.027186709,11770,78461869,1030.000000,87936.000000
tuple/nested_sum,6666,6,320,0.027032375,11838,78909826,1030.000000,87936.000000
tuple/join_sum,6666,0,32,0.031465000,1017,6779342,646.000000,63360.000000
tuple/join_sum,6666,1,32,0.030977750,1033,6885975,646.000000,63360.000000
tuple/join_sum,6666,2,32,0.030924125,1035,6897915,646.000000,63360.000000
tuple/join_sum,6666,3,32,0.030508916,1049,6991792,646.000000,63360.000000
tuple/join_sum,6666,4,32,0.030526333,1048,6987803,646.000000,63360.000000
tuple/join_sum,6666,5,32,0.030475292,1050,6999506,646.000000,63360.000000
tuple/join_sum,6666,6,32,0.030664792,1044,6956251,646.000000,63360.000000
tuple/join_bound,6666,0,192,0.028809666,6664,44425090,775.000000,75808.000000
tuple/join_bound,6666,1,192,0.028752167,6678,44513932,775.000000,75808.000000
tuple/join_bound,6666,2,192,0.028792708,6668,44451255,775.000000,75808.000000
tuple/join_bound,6666,3,192,0.028549375,6725,44830123,775.000000,75808.000000
tuple/join_bound,6666,4,192,0.028478208,6742,44942154,775.000000,75808.000000
tuple/join_bound,6666,5,192,0.028498667,6737,44909890,775.000000,75808.000000
tuple/join_bound,6666,6,192,0.028573208,6720,44792730,775.000000,75808.000000
tuple/group,6666,0,416,0.026035791,15978,106509382,337.000000,65888.000000
tuple/group,6666,1,416,0.025977542,16014,106748206,337.000000,65888.000000
tuple/group,6666,2,416,0.026432458,15738,104911015,337.000000,65888.000000
tuple/group,6666,3,416,0.026613333,15631,104197997,337.000000,65888.000000
tuple/group,6666,4,416,0.026564792,15660,104388395,337.000000,65888.000000
tuple/group,6666,5,416,0.026242917,15852,105668741,337.000000,65888.000000
tuple/group,6666,6,416,0.026205958,15874,105817769,337.000000,65888.000000
tuple/negative_index,6666,0,896,0.025334167,35367,235758136,267.000000,34112.000000
tuple/negative_index,6666,1,896,0.025173750,35593,237260480,267.000000,34112.000000
tuple/negative_index,6666,2,896,0.025063834,35749,238300972,267.000000,34112.000000
tuple/negative_index,6666,3,896,0.025072666,35736,238217029,267.000000,34112.000000
tuple/negative_index,6666,4,896,0.025090583,35711,238046920,267.000000,34112.000000
tuple/negative_index,6666,5,896,0.025084250,35720,238107019,267.000000,34112.000000
tuple/negative_index,6666,6,896,0.025279125,35444,236271469,267.000000,34112.000000
tuple/wide_sum,56043,0,96,0.035097417,2735,153291281,2054.000000,205696.000000
tuple/wide_sum,56043,1,96,0.034971916,2745,153841385,2054.000000,205696.000000
tuple/wide_sum,56043,2,96,0.035015292,2742,153650811,2054.000000,205696.000000
tuple/wide_sum,56043,3,96,0.035038583,2740,153548675,2054.000000,205696.000000
tuple/wide_sum,56043,4,96,0.034998042,2743,153726543,2054.000000,205696.000000
tuple/wide_sum,56043,5,96,0.035000208,2743,153717029,2054.000000,205696.000000
tuple/wide_sum,56043,6,96,0.035272500,2722,152530385,2054.000000,205696.000000
tuple/nested_sum,56043,0,64,0.043180041,1482,83065044,8198.000000,697216.000000
tuple/nested_sum,56043,1,64,0.043204333,1481,83018340,8198.000000,697216.000000
tuple/nested_sum,56043,2,64,0.043048208,1487,83319426,8198.000000,697216.000000
tuple/nested_sum,56043,3,64,0.043102333,1485,83214800,8198.000000,697216.000000
tuple/nested_sum,56043,4,64,0.044508250,1438,80586228,8198.000000,697216.000000
tuple/nested_sum,56043,5,64,0.044191000,1448,81164762,8198.000000,697216.000000
tuple/nested_sum,56043,6,64,0.044029041,1454,81463323,8198.000000,697216.000000
tuple/join_sum,56043,0,32,1.678354125,19,1068533,5126.000000,500608.000000
tuple/join_sum,56043,1,32,1.690899166,19,1060605,5126.000000,500608.000000
tuple/join_sum,56043,2,32,1.687676541,19,1062630,5126.000000,500608.000000
tuple/join_sum,56043,3,32,1.678674708,19,1068328,5126.000000,500608.000000
tuple/join_sum,56043,4,32,1.680955917,19,1066879,5126.000000,500608.000000
tuple/join_sum,56043,5,32,1.681965166,19,1066238,5126.000000,500608.000000
tuple/join_sum,56043,6,32,1.687745958,19,1062586,5126.000000,500608.000000
tuple/join_bound,56043,0,32,0.038081042,840,47093669,6151.000000,599072.000000
tuple/join_bound,56043,1,32,0.037848083,845,47383536,6151.000000,599072.000000
tuple/join_bound,56043,2,32,0.037815792,846,47423997,6151.000000,599072.000000
tuple/join_bound,56043,3,32,0.037902125,844,47315975,6151.000000,599072.000000
tuple/join_bound,56043,4,32,0.038004708,842,47188259,6151.000000,599072.000000
tuple/join_bound,56043,5,32,0.038402167,833,46699865,6151.000000,599072.000000
tuple/join_bound,56043,6,32,0.038470917,832,46616409,6151.000000,599072.000000
tuple/group,56043,0,64,0.030941834,2068,115919179,2159.000000,517472.000000
tuple/group,56043,1,64,0.030504375,2098,117581560,2159.000000,517472.000000
tuple/group,56043,2,64,0.030481583,2100,117669479,2159.000000,517472.000000
tuple/group,56043,3,64,0.030761500,2081,116598735,2159.000000,517472.000000
tuple/group,56043,4,64,0.030550125,2095,117405477,2159.000000,517472.000000
tuple/group,56043,5,64,0.030542334,2095,117435426,2159.000000,517472.000000
tuple/group,56043,6,64,0.030541834,2095,117437348,2159.000000,517472.000000
tuple/negative_index,56043,0,128,0.028568000,4481,251102772,2062.000000,270656.000000
tuple/negative_index,56043,1,128,0.028527083,4487,251462934,2062.000000,270656.000000
tuple/negative_index,56043,2,128,0.028638625,4469,250483534,2062.000000,270656.000000
tuple/negative_index,56043,3,128,0.028611208,4474,250723563,2062.000000,270656.000000
tuple/negative_index,56043,4,128,0.028604875,4475,250779072,2062.000000,270656.000000
tuple/negative_index,56043,5,128,0.028754000,4452,249478473,2062.000000,270656.000000
tuple/negative_index,56043,6,128,0.028624375,4472,250608232,2062.000000,270656.000000
compile/builtins,0,0,12608,0.025064917,503014,0,55.000000,3865.000000
compile/builtins,0,1,12608,0.025019042,503936,0,55.000000,3865.000000
compile/builtins,0,2,12608,0.025005750,504204,0,55.000000,3865.000000
compile/builtins,0,3,12672,0.025009875,506680,0,55.000000,3865.000000
compile/builtins,0,4,12640,0.025017625,505244,0,55.000000,3865.000000
compile/builtins,0,5,12704,0.025059708,506949,0,55.000000,3865.000000
compile/builtins,0,6,12640,0.025002917,505541,0,55.000000,3865.000000
builtin/length,100,0,91360,0.025005042,3653663,365366313,0.000000,0.000000
builtin/length,100,1,93024,0.025008417,3719708,371970765,0.000000,0.000000
builtin/length,100,2,93504,0.025003792,3739593,373959278,0.000000,0.000000
builtin/length,100,3,93536,0.025002958,3740997,374099737,0.000000,0.000000
builtin/length,100,4,94208,0.025004792,3767598,376759783,0.000000,0.000000
builtin/length,100,5,92256,0.025008458,3688992,368899194,0.000000,0.000000
builtin/length,100,6,93152,0.025000208,3726049,372604900,0.000000,0.000000
builtin/normalize,100,0,34848,0.025003625,1393718,139371791,19.000000,363.000000
builtin/normalize,100,1,35200,0.025008166,1407540,140754024,19.000000,363.000000
builtin/normalize,100,2,35136,0.025013041,1404707,140470725,19.000000,363.000000
builtin/normalize,100,3,35456,0.025010792,1417628,141762804,19.000000,363.000000
builtin/normalize,100,4,35264,0.025012500,1409855,140985507,19.000000,363.000000
builtin/normalize,100,5,35392,0.025003209,1415498,141549831,19.000000,363.000000
builtin/normalize,100,6,34944,0.025012000,1397089,139708940,19.000000,363.000000
builtin/split_join,100,0,23872,0.025000625,954856,95485613,32.000000,749.000000
builtin/split_join,100,1,24224,0.025000875,968926,96892609,32.000000,749.000000
builtin/split_join,100,2,24416,0.025011166,976204,97620399,32.000000,749.000000
builtin/split_join,100,3,24608,0.025014625,983745,98374451,32.000000,749.000000
builtin/split_join,100,4,24576,0.025011458,982590,98258966,32.000000,749.000000
builtin/split_join,100,5,24576,0.025024500,982078,98207756,32.000000,749.000000
builtin/split_join,100,6,24544,0.025001833,981688,98168802,32.000000,749.000000
builtin/numeric,100,0,89984,0.025003458,3598862,359886221,0.000000,0.000000
builtin/numeric,100,1,89792,0.025002458,3591327,359132690,0.000000,0.000000
builtin/numeric,100,2,88704,0.025006584,3547226,354722580,0.000000,0.000000
builtin/numeric,100,3,88512,0.025006209,3539601,353960090,0.000000,0.000000
builtin/numeric,100,4,89184,0.025006333,3566457,356645655,0.000000,0.000000
builtin/numeric,100,5,89376,0.025005959,3574188,357418806,0.000000,0.000000
builtin/numeric,100,6,88064,0.025003542,3522061,352206099,0.000000,0.000000
builtin/average,100,0,94464,0.025002709,3778151,377815060,0.000000,0.000000
builtin/average,100,1,94624,0.025000083,3784947,378494743,0.000000,0.000000
builtin/average,100,2,95616,0.025007375,3823512,382351206,0.000000,0.000000
builtin/average,100,3,95584,0.025002875,3822920,382292036,0.000000,0.000000
builtin/average,100,4,94272,0.025007875,3769693,376969255,0.000000,0.000000
builtin/average,100,5,92896,0.025006083,3714936,371493608,0.000000,0.000000
builtin/average,100,6,94528,0.025001542,3780887,378088679,0.000000,0.000000
builtin/type,100,0,101888,0.025002042,4075187,407518714,0.000000,0.000000
builtin/type,100,1,102208,0.025005958,4087346,408734590,0.000000,0.000000
builtin/type,100,2,102112,0.025002917,4084003,408400348,0.000000,0.000000
builtin/type,100,3,102272,0.025001208,4090682,409068234,0.000000,0.000000
builtin/type,100,4,98176,0.025002041,3926719,392671942,0.000000,0.000000
builtin/type,100,5,97728,0.025005583,3908247,390824721,0.000000,0.000000
builtin/type,100,6,96032,0.025006209,3840326,384032622,0.000000,0.000000
builtin/keys,100,0,46848,0.025003917,1873626,187362644,8.000000,468.000000
builtin/keys,100,1,49120,0.025011875,1963867,196386716,8.000000,468.000000
builtin/keys,100,2,49920,0.025008125,1996151,199615125,8.000000,468.000000
builtin/keys,100,3,50048,0.025005167,2001506,200150633,8.000000,468.000000
builtin/keys,100,4,50080,0.025013708,2002102,200210221,8.000000,468.000000
builtin/keys,100,5,50208,0.025006416,2007805,200780472,8.000000,468.000000
builtin/keys,100,6,50080,0.025009625,2002429,200242906,8.000000,468.000000
builtin/map_builtin,100,0,52160,0.025011542,2085437,208543720,3.000000,208.000000
builtin/map_builtin,100,1,52448,0.025006625,2097364,209736420,3.000000,208.000000
builtin/map_builtin,100,2,52416,0.025006291,2096113,209611253,3.000000,208.000000
builtin/map_builtin,100,3,52544,0.025000833,2101690,210168997,3.000000,208.000000
builtin/map_builtin,100,4,51616,0.025003334,2064365,206436470,3.000000,208.000000
builtin/map_builtin,100,5,51872,0.025004375,2074517,207451696,3.000000,208.000000
builtin/map_builtin,100,6,52192,0.025005375,2087231,208723125,3.000000,208.000000
builtin/map_closure,100,0,28896,0.025009708,1155391,115539134,9.000000,936.000000
builtin/map_closure,100,1,29184,0.025017625,1166538,116653759,9.000000,936.000000
builtin/map_closure,100,2,29312,0.025011458,1171943,117194288,9.000000,936.000000
builtin/map_closure,100,3,29152,0.025013625,1165445,116544483,9.000000,936.000000
builtin/map_closure,100,4,29216,0.025022375,1167595,116759500,9.000000,936.000000
builtin/map_closure,100,5,29344,0.025005417,1173506,117350572,9.000000,936.000000
builtin/map_closure,100,6,29536,0.025003500,1181275,118127462,9.000000,936.000000
builtin/reduce,100,0,42784,0.025002625,1711180,171118033,4.000000,248.000000
builtin/reduce,100,1,42048,0.025008500,1681348,168134834,4.000000,248.000000
builtin/reduce,100,2,42528,0.025016917,1699970,169996966,4.000000,248.000000
builtin/reduce,100,3,42624,0.025018084,1703728,170372759,4.000000,248.000000
builtin/reduce,100,4,42624,0.025012584,1704102,170410222,4.000000,248.000000
builtin/reduce,100,5,42528,0.025006208,1700698,170069768,4.000000,248.000000
builtin/reduce,100,6,42656,0.025011416,1705461,170546122,4.000000,248.000000
builtin/sift,100,0,36736,0.025004458,1469178,146917802,12.000000,804.000000
builtin/sift,100,1,37088,0.025020500,1482305,148230451,12.000000,804.000000
builtin/sift,100,2,36992,0.025017042,1478672,147867202,12.000000,804.000000
builtin/sift,100,3,37024,0.025013667,1480151,148015083,12.000000,804.000000
builtin/sift,100,4,37184,0.025007333,1486924,148692386,12.000000,804.000000
builtin/sift,100,5,37024,0.025020083,1479771,147977127,12.000000,804.000000
builtin/sift,100,6,37120,0.025005500,1484473,148447342,12.000000,804.000000
builtin/length,500,0,36224,0.025002292,1448827,724413586,0.000000,0.000000
builtin/length,500,1,36160,0.025007125,1445988,722993947,0.000000,0.000000
builtin/length,500,2,36448,0.025010916,1457284,728641846,0.000000,0.000000
builtin/length,500,3,36320,0.025005625,1452473,726236597,0.000000,0.000000
builtin/length,500,4,36480,0.025015500,1458296,729147928,0.000000,0.000000
builtin/length,500,5,36544,0.025000792,1461714,730856846,0.000000,0.000000
builtin/length,500,6,36480,0.025001250,1459127,729563522,0.000000,0.000000
builtin/normalize,500,0,21760,0.025032459,869271,434635686,19.000000,363.000000
builtin/normalize,500,1,21824,0.025017417,872352,436176125,19.000000,363.000000
builtin/normalize,500,2,21856,0.025019791,873548,436774232,19.000000,363.000000
builtin/normalize,500,3,21728,0.025005208,868939,434469491,19.000000,363.000000
builtin/normalize,500,4,21792,0.025000125,871676,435837821,19.000000,363.000000
builtin/normalize,500,5,21792,0.025013042,871225,435612750,19.000000,363.000000
builtin/normalize,500,6,21856,0.025007584,873975,436987435,19.000000,363.000000
builtin/split_join,500,0,17248,0.025027875,689152,344575798,32.000000,749.000000
builtin/split_join,500,1,17280,0.025044208,689980,344989947,32.000000,749.000000
builtin/split_join,500,2,17280,0.025021541,690605,345302474,32.000000,749.000000
builtin/split_join,500,3,17280,0.025005708,691042,345521111,32.000000,749.000000
builtin/split_join,500,4,17280,0.025022875,690568,345284065,32.000000,749.000000
builtin/split_join,500,5,17344,0.025035833,692767,346383522,32.000000,749.000000
builtin/split_join,500,6,17312,0.025027000,691733,345866464,32.000000,749.000000
builtin/numeric,500,0,35360,0.025005250,1414103,707051519,0.000000,0.000000
builtin/numeric,500,1,35552,0.025013916,1421289,710644427,0.000000,0.000000
builtin/numeric,500,2,35552,0.025017250,1421099,710549721,0.000000,0.000000
builtin/numeric,500,3,35584,0.025004959,1423078,711538859,0.000000,0.000000
builtin/numeric,500,4,35584,0.025000583,1423327,711663404,0.000000,0.000000
builtin/numeric,500,5,35520,0.025018125,1419771,709885333,0.000000,0.000000
builtin/numeric,500,6,35584,0.025005292,1423059,711529383,0.000000,0.000000
builtin/average,500,0,36512,0.025015666,1459565,729782689,0.000000,0.000000
builtin/average,500,1,36608,0.025021333,1463072,731535766,0.000000,0.000000
builtin/average,500,2,36384,0.025010375,1454756,727378138,0.000000,0.000000
builtin/average,500,3,36448,0.025016292,1456971,728485261,0.000000,0.000000
builtin/average,500,4,36544,0.025006625,1461373,730686368,0.000000,0.000000
builtin/average,500,5,36576,0.025007958,1462574,731287217,0.000000,0.000000
builtin/average,500,6,36480,0.025001625,1459105,729552579,0.000000,0.000000
builtin/type,500,0,37344,0.025015291,1492847,746423458,0.000000,0.000000
builtin/type,500,1,37344,0.025000209,1493748,746873756,0.000000,0.000000
builtin/type,500,2,37504,0.025004833,1499870,749935023,0.000000,0.000000
builtin/type,500,3,37472,0.025015125,1497974,748986863,0.000000,0.000000
builtin/type,500,4,37504,0.025017208,1499128,749564060,0.000000,0.000000
builtin/type,500,5,37568,0.025004583,1502445,751222286,0.000000,0.000000
builtin/type,500,6,37600,0.025016750,1502993,751496497,0.000000,0.000000
builtin/keys,500,0,26752,0.025024791,1069020,534509959,8.000000,468.000000
builtin/keys,500,1,26752,0.025027416,1068908,534453896,8.000000,468.000000
builtin/keys,500,2,26752,0.025015042,1069437,534718271,8.000000,468.000000
builtin/keys,500,3,26656,0.025015792,1065567,532783451,8.000000,468.000000
builtin/keys,500,4,26752,0.025012542,1069543,534771716,8.000000,468.000000
builtin/keys,500,5,26784,0.025011834,1070853,535426550,8.000000,468.000000
builtin/keys,500,6,26912,0.025016875,1075754,537876933,8.000000,468.000000
builtin/map_builtin,500,0,27584,0.025007083,1103047,551523742,3.000000,208.000000
builtin/map_builtin,500,1,27648,0.025012458,1105369,552684586,3.000000,208.000000
builtin/map_builtin,500,2,27712,0.025002958,1108349,554174430,3.000000,208.000000
builtin/map_builtin,500,3,27712,0.025002958,1108349,554174430,3.000000,208.000000
builtin/map_builtin,500,4,27648,0.025001625,1105848,552924060,3.000000,208.000000
builtin/map_builtin,500,5,27648,0.025028875,1104644,552322068,3.000000,208.000000
builtin/map_builtin,500,6,27776,0.025026625,1109858,554929001,3.000000,208.000000
builtin/map_closure,500,0,16704,0.025009125,667916,333958105,9.000000,936.000000
builtin/map_closure,500,1,16800,0.025030875,671171,335585552,9.000000,936.000000
builtin/map_closure,500,2,16800,0.025046083,670764,335381784,9.000000,936.000000
builtin/map_closure,500,3,16800,0.025040125,670923,335461584,9.000000,936.000000
builtin/map_closure,500,4,16768,0.025040292,669641,334820377,9.000000,936.000000
builtin/map_closure,500,5,16800,0.025031208,671162,335581087,9.000000,936.000000
builtin/map_closure,500,6,16832,0.025030208,672467,336233722,9.000000,936.000000
builtin/reduce,500,0,24768,0.025004125,990557,495278279,4.000000,248.000000
builtin/reduce,500,1,24768,0.025025500,989710,494855248,4.000000,248.000000
builtin/reduce,500,2,24896,0.025023250,994915,497457365,4.000000,248.000000
builtin/reduce,500,3,24864,0.025001666,994494,497246863,4.000000,248.000000
builtin/reduce,500,4,24768,0.025012667,990218,495109138,4.000000,248.000000
builtin/reduce,500,5,24800,0.025031417,990755,495377469,4.000000,248.000000
builtin/reduce,500,6,24832,0.025003250,993151,496575445,4.000000,248.000000
builtin/sift,500,0,22848,0.025030667,912800,456400143,12.000000,804.000000
builtin/sift,500,1,22752,0.025014125,909566,454783048,12.000000,804.000000
builtin/sift,500,2,22656,0.025001167,906198,453098849,12.000000,804.000000
builtin/sift,500,3,22752,0.025030125,908985,454492337,12.000000,804.000000
builtin/sift,500,4,22752,0.025007125,909821,454910351,12.000000,804.000000
builtin/sift,500,5,22752,0.025008375,909775,454887613,12.000000,804.000000
builtin/sift,500,6,22848,0.025014917,913375,456687504,12.000000,804.000000
builtin/length,1024,0,20448,0.025017208,817357,836973974,0.000000,0.000000
builtin/length,1024,1,20416,0.025033875,815535,835107789,0.000000,0.000000
builtin/length,1024,2,20448,0.025000583,817901,837530549,0.000000,0.000000
builtin/length,1024,3,20480,0.025025083,818379,838019998,0.000000,0.000000
builtin/length,1024,4,20512,0.025034875,819337,839001113,0.000000,0.000000
builtin/length,1024,5,20480,0.025033375,818108,837742414,0.000000,0.000000
builtin/length,1024,6,20448,0.025000000,817920,837550080,0.000000,0.000000
builtin/normalize,1024,0,14976,0.025022750,598495,612859258,19.000000,363.000000
builtin/normalize,1024,1,15040,0.025020167,601115,615541855,19.000000,363.000000
builtin/normalize,1024,2,15040,0.025024375,601014,615438348,19.000000,363.000000
builtin/normalize,1024,3,15040,0.025010875,601338,615770540,19.000000,363.000000
builtin/normalize,1024,4,15008,0.025023917,599746,614140144,19.000000,363.000000
builtin/normalize,1024,5,15008,0.025025125,599717,614110499,19.000000,363.000000
builtin/normalize,1024,6,15008,0.025038459,599398,613783460,19.000000,363.000000
builtin/split_join,1024,0,12608,0.025015041,504017,516113166,32.000000,749.000000
builtin/split_join,1024,1,12672,0.025020250,506470,518625034,32.000000,749.000000
builtin/split_join,1024,2,12704,0.025026167,507629,519811763,32.000000,749.000000
builtin/split_join,1024,3,12704,0.025056666,507011,519179048,32.000000,749.000000
builtin/split_join,1024,4,12704,0.025015459,507846,520034272,32.000000,749.000000
builtin/split_join,1024,5,12704,0.025017541,507804,519990994,32.000000,749.000000
builtin/split_join,1024,6,12704,0.025010167,507953,520144308,32.000000,749.000000
builtin/numeric,1024,0,20160,0.025035375,805261,824586810,0.000000,0.000000
builtin/numeric,1024,1,20224,0.025019375,808334,827733547,0.000000,0.000000
builtin/numeric,1024,2,20256,0.025030709,809246,828667858,0.000000,0.000000
builtin/numeric,1024,3,20224,0.025006417,808752,828162467,0.000000,0.000000
builtin/numeric,1024,4,20192,0.025030750,806688,826048281,0.000000,0.000000
builtin/numeric,1024,5,20192,0.025018417,807085,826455487,0.000000,0.000000
builtin/numeric,1024,6,20192,0.025023333,806927,826293124,0.000000,0.000000
builtin/average,1024,0,20448,0.025013709,817472,837091053,0.000000,0.000000
builtin/average,1024,1,20416,0.025017625,816065,835650227,0.000000,0.000000
builtin/average,1024,2,20480,0.025016625,818656,838303328,0.000000,0.000000
builtin/average,1024,3,20416,0.025000083,816637,836236584,0.000000,0.000000
builtin/average,1024,4,20416,0.025001500,816591,836189189,0.000000,0.000000
builtin/average,1024,5,20480,0.025017000,818643,838290762,0.000000,0.000000
builtin/average,1024,6,20448,0.025000417,817906,837536110,0.000000,0.000000
builtin/type,1024,0,20768,0.025010959,830356,850284549,0.000000,0.000000
builtin/type,1024,1,20768,0.025031333,829680,849592469,0.000000,0.000000
builtin/type,1024,2,20672,0.025001292,826837,846681364,0.000000,0.000000
builtin/type,1024,3,20704,0.025033083,827066,846915100,0.000000,0.000000
builtin/type,1024,4,20800,0.025037000,830770,850708951,0.000000,0.000000
builtin/type,1024,5,20736,0.025009166,829136,849035270,0.000000,0.000000
builtin/type,1024,6,20832,0.025038125,832011,851979451,0.000000,0.000000
builtin/keys,1024,0,17024,0.025041959,679819,696134675,8.000000,468.000000
builtin/keys,1024,1,17056,0.025011750,681919,698285566,8.000000,468.000000
builtin/keys,1024,2,17120,0.025037000,683788,700198906,8.000000,468.000000
builtin/keys,1024,3,17088,0.025012916,683167,699563058,8.000000,468.000000
builtin/keys,1024,4,17088,0.025000750,683499,699903483,8.000000,468.000000
builtin/keys,1024,5,17120,0.025027958,684035,700451871,8.000000,468.000000
builtin/keys,1024,6,17152,0.025040250,684977,701416639,8.000000,468.000000
builtin/map_builtin,1024,0,17408,0.025039667,695217,711902119,3.000000,208.000000
builtin/map_builtin,1024,1,17312,0.025028041,691704,708305057,3.000000,208.000000
builtin/map_builtin,1024,2,17312,0.025022416,691860,708464283,3.000000,208.000000
builtin/map_builtin,1024,3,17344,0.025015791,693322,709961800,3.000000,208.000000
builtin/map_builtin,1024,4,17280,0.025028167,690422,706992246,3.000000,208.000000
builtin/map_builtin,1024,5,17312,0.025003709,692377,708994334,3.000000,208.000000
builtin/map_builtin,1024,6,17376,0.025025166,694341,711005234,3.000000,208.000000
builtin/map_closure,1024,0,10912,0.025002583,436435,446909345,9.000000,936.000000
builtin/map_closure,1024,1,10912,0.025005417,436385,446858695,9.000000,936.000000
builtin/map_closure,1024,2,10944,0.025048250,436917,447402753,9.000000,936.000000
builtin/map_closure,1024,3,10944,0.025058500,436738,447219746,9.000000,936.000000
builtin/map_closure,1024,4,10976,0.025068584,437839,448346983,9.000000,936.000000
builtin/map_closure,1024,5,10912,0.025039916,435784,446243031,9.000000,936.000000
builtin/map_closure,1024,6,10944,0.025057417,436757,447239075,9.000000,936.000000
builtin/reduce,1024,0,16192,0.025033958,646801,662324671,4.000000,248.000000
builtin/reduce,1024,1,16224,0.025042375,647862,663410559,4.000000,248.000000
builtin/reduce,1024,2,16192,0.025018250,647208,662740519,4.000000,248.000000
builtin/reduce,1024,3,16160,0.025003250,646316,661827562,4.000000,248.000000
builtin/reduce,1024,4,16224,0.025026541,648272,663830291,4.000000,248.000000
builtin/reduce,1024,5,16224,0.025026167,648281,663840212,4.000000,248.000000
builtin/reduce,1024,6,16224,0.025040666,647906,663455836,4.000000,248.000000
builtin/sift,1024,0,15328,0.025049000,611921,626606731,12.000000,804.000000
builtin/sift,1024,1,15360,0.025034042,613565,628290070,12.000000,804.000000
builtin/sift,1024,2,15328,0.025027875,612437,627135624,12.000000,804.000000
builtin/sift,1024,3,15328,0.025041917,612094,626783964,12.000000,804.000000
builtin/sift,1024,4,15328,0.025017041,612702,627407214,12.000000,804.000000
builtin/sift,1024,5,15296,0.025044791,610746,625403662,12.000000,804.000000
builtin/sift,1024,6,15232,0.025024625,608680,623288781,12.000000,804.000000
builtin/length,10240,0,2368,0.025035459,94586,968559035,0.000000,0.000000
builtin/length,10240,1,2368,0.025046292,94545,968140114,0.000000,0.000000
builtin/length,10240,2,2400,0.025327583,94758,970325514,0.000000,0.000000
builtin/length,10240,3,2368,0.025029792,94607,968778326,0.000000,0.000000
builtin/length,10240,4,2368,0.025014625,94665,969365721,0.000000,0.000000
builtin/length,10240,5,2368,0.025040291,94568,968372133,0.000000,0.000000
builtin/length,10240,6,2400,0.025326791,94761,970355858,0.000000,0.000000
builtin/normalize,10240,0,2304,0.025350916,90884,930655129,19.000000,363.000000
builtin/normalize,10240,1,2304,0.025270292,91174,933624352,19.000000,363.000000
builtin/normalize,10240,2,2272,0.025060625,90660,928359927,19.000000,363.000000
builtin/normalize,10240,3,2272,0.025011375,90839,930187964,19.000000,363.000000
builtin/normalize,10240,4,2272,0.025003542,90867,930479370,19.000000,363.000000
builtin/normalize,10240,5,2304,0.025344583,90907,930887677,19.000000,363.000000
builtin/normalize,10240,6,2272,0.025028459,90777,929553034,19.000000,363.000000
builtin/split_join,10240,0,2240,0.025336041,88412,905334815,32.000000,749.000000
builtin/split_join,10240,1,2240,0.025322667,88458,905812962,32.000000,749.000000
builtin/split_join,10240,2,2240,0.025294167,88558,906833579,32.000000,749.000000
builtin/split_join,10240,3,2240,0.025325875,88447,905698224,32.000000,749.000000
builtin/split_join,10240,4,2240,0.025346958,88374,904944885,32.000000,749.000000
builtin/split_join,10240,5,2240,0.025326334,88445,905681809,32.000000,749.000000
builtin/split_join,10240,6,2240,0.025330667,88430,905526886,32.000000,749.000000
builtin/numeric,10240,0,2368,0.025056208,94508,967756973,0.000000,0.000000
builtin/numeric,10240,1,2368,0.025053500,94518,967861576,0.000000,0.000000
builtin/numeric,10240,2,2400,0.025332209,94741,970148320,0.000000,0.000000
builtin/numeric,10240,3,2368,0.025058209,94500,967679693,0.000000,0.000000
builtin/numeric,10240,4,2368,0.025048542,94536,968053151,0.000000,0.000000
builtin/numeric,10240,5,2368,0.025078250,94424,966906383,0.000000,0.000000
builtin/numeric,10240,6,2368,0.025058959,94497,967650731,0.000000,0.000000
builtin/average,10240,0,2368,0.025012833,94671,969435170,0.000000,0.000000
builtin/average,10240,1,2400,0.025334917,94731,970044623,0.000000,0.000000
builtin/average,10240,2,2400,0.025314042,94809,970844561,0.000000,0.000000
builtin/average,10240,3,2368,0.025059959,94493,967612118,0.000000,0.000000
builtin/average,10240,4,2368,0.025050541,94529,967975901,0.000000,0.000000
builtin/average,10240,5,2400,0.025325750,94765,970395743,0.000000,0.000000
builtin/average,10240,6,2368,0.025015708,94661,969323754,0.000000,0.000000
builtin/type,10240,0,2400,0.025213417,95187,974719135,0.000000,0.000000
builtin/type,10240,1,2400,0.025239708,95088,973703816,0.000000,0.000000
builtin/type,10240,2,2400,0.025219042,95166,974501728,0.000000,0.000000
builtin/type,10240,3,2400,0.025238459,95093,973752003,0.000000,0.000000
builtin/type,10240,4,2400,0.025242125,95079,973610582,0.000000,0.000000
builtin/type,10240,5,2368,0.025024334,94628,968989624,0.000000,0.000000
builtin/type,10240,6,2368,0.025012083,94674,969464239,0.000000,0.000000
builtin/keys,10240,0,2336,0.025261250,92474,946930180,8.000000,468.000000
builtin/keys,10240,1,2336,0.025274208,92426,946444692,8.000000,468.000000
builtin/keys,10240,2,2336,0.025304167,92317,945324144,8.000000,468.000000
builtin/keys,10240,3,2336,0.025289458,92371,945873969,8.000000,468.000000
builtin/keys,10240,4,2336,0.025271500,92436,946546109,8.000000,468.000000
builtin/keys,10240,5,2336,0.025275750,92421,946386952,8.000000,468.000000
builtin/keys,10240,6,2336,0.025308500,92301,945162297,8.000000,468.000000
builtin/map_builtin,10240,0,2336,0.025193958,92721,949459390,3.000000,208.000000
builtin/map_builtin,10240,1,2336,0.025163667,92832,950602311,3.000000,208.000000
builtin/map_builtin,10240,2,2336,0.025205291,92679,949032487,3.000000,208.000000
builtin/map_builtin,10240,3,2336,0.025057958,93224,954612503,3.000000,208.000000
builtin/map_builtin,10240,4,2336,0.025206167,92676,948999505,3.000000,208.000000
builtin/map_builtin,10240,5,2336,0.025129334,92959,951901073,3.000000,208.000000
builtin/map_builtin,10240,6,2336,0.025167292,92819,950465390,3.000000,208.000000
builtin/map_closure,10240,0,1568,0.025424000,61674,631541850,9.000000,936.000000
builtin/map_closure,10240,1,1568,0.025448084,61616,630944161,9.000000,936.000000
builtin/map_closure,10240,2,1568,0.025450667,61609,630880126,9.000000,936.000000
builtin/map_closure,10240,3,1568,0.025451708,61607,630854322,9.000000,936.000000
builtin/map_closure,10240,4,1568,0.025359958,61830,633136695,9.000000,936.000000
builtin/map_closure,10240,5,1536,0.025002583,61434,629080603,9.000000,936.000000
builtin/map_closure,10240,6,1568,0.025405417,61719,632003797,9.000000,936.000000
builtin/reduce,10240,0,2304,0.025065416,91919,941255473,4.000000,248.000000
builtin/reduce,10240,1,2304,0.025109084,91760,939618506,4.000000,248.000000
builtin/reduce,10240,2,2304,0.025134375,91667,938673032,4.000000,248.000000
builtin/reduce,10240,3,2304,0.025059625,91941,941472987,4.000000,248.000000
builtin/reduce,10240,4,2304,0.025088500,91835,940389421,4.000000,248.000000
builtin/reduce,10240,5,2304,0.025155125,91592,937898738,4.000000,248.000000
builtin/reduce,10240,6,2304,0.025070500,91901,941064598,4.000000,248.000000
builtin/sift,10240,0,2272,0.025018833,90812,929910680,12.000000,804.000000
builtin/sift,10240,1,2272,0.025033709,90758,929358091,12.000000,804.000000
builtin/sift,10240,2,2304,0.025276542,91152,933393500,12.000000,804.000000
builtin/sift,10240,3,2304,0.025312750,91021,932058350,12.000000,804.000000
builtin/sift,10240,4,2304,0.025342458,90915,930965733,12.000000,804.000000
builtin/sift,10240,5,2272,0.025009833,90844,930245316,12.000000,804.000000
builtin/sift,10240,6,2304,0.025340083,90923,931052988,12.000000,804.000000
builtin/length,1048576,0,32,0.033983208,942,987382710,0.000000,0.000000
builtin/length,1048576,1,32,0.033924042,943,989104777,0.000000,0.000000
builtin/length,1048576,2,32,0.034012708,941,986526330,0.000000,0.000000
builtin/length,1048576,3,32,0.033951917,943,988292708,0.000000,0.000000
builtin/length,1048576,4,32,0.033940292,943,988631212,0.000000,0.000000
builtin/length,1048576,5,32,0.033953625,942,988242993,0.000000,0.000000
builtin/length,1048576,6,32,0.033956625,942,988155684,0.000000,0.000000
builtin/normalize,1048576,0,32,0.033956542,942,988158099,19.000000,363.000000
builtin/normalize,1048576,1,32,0.033933209,943,988837572,19.000000,363.000000
builtin/normalize,1048576,2,32,0.033934334,943,988804790,19.000000,363.000000
builtin/normalize,1048576,3,32,0.033973583,942,987662443,19.000000,363.000000
builtin/normalize,1048576,4,32,0.033981458,942,987433559,19.000000,363.000000
builtin/normalize,1048576,5,32,0.033964000,942,987941114,19.000000,363.000000
builtin/normalize,1048576,6,32,0.033997167,941,986977297,19.000000,363.000000
builtin/split_join,1048576,0,32,0.033889041,944,990126336,32.000000,749.000000
builtin/split_join,1048576,1,32,0.033950041,943,988347319,32.000000,749.000000
builtin/split_join,1048576,2,32,0.034009750,941,986612133,32.000000,749.000000
builtin/split_join,1048576,3,32,0.033998583,941,986936191,32.000000,749.000000
builtin/split_join,1048576,4,32,0.033925458,943,989063493,32.000000,749.000000
builtin/split_join,1048576,5,32,0.034005792,941,986726967,32.000000,749.000000
builtin/split_join,1048576,6,32,0.033979291,942,987496531,32.000000,749.000000
builtin/numeric,1048576,0,32,0.033839417,946,991578312,0.000000,0.000000
builtin/numeric,1048576,1,32,0.033912708,944,989435347,0.000000,0.000000
builtin/numeric,1048576,2,32,0.033960125,942,988053843,0.000000,0.000000
builtin/numeric,1048576,3,32,0.033935083,943,988782965,0.000000,0.000000
builtin/numeric,1048576,4,32,0.033960250,942,988050206,0.000000,0.000000
builtin/numeric,1048576,5,32,0.035830750,893,936470266,0.000000,0.000000
builtin/numeric,1048576,6,32,0.033978000,942,987534051,0.000000,0.000000
builtin/average,1048576,0,32,0.033882958,944,990304093,0.000000,0.000000
builtin/average,1048576,1,32,0.033891083,944,990066679,0.000000,0.000000
builtin/average,1048576,2,32,0.033924250,943,989098713,0.000000,0.000000
builtin/average,1048576,3,32,0.033919791,943,989228737,0.000000,0.000000
builtin/average,1048576,4,32,0.033963000,942,987970203,0.000000,0.000000
builtin/average,1048576,5,32,0.033991500,941,987141844,0.000000,0.000000
builtin/average,1048576,6,32,0.033872375,945,990613501,0.000000,0.000000
builtin/type,1048576,0,32,0.033910834,944,989490026,0.000000,0.000000
builtin/type,1048576,1,32,0.033969834,942,987771445,0.000000,0.000000
builtin/type,1048576,2,32,0.033937083,943,988724694,0.000000,0.000000
builtin/type,1048576,3,32,0.033832167,946,991790801,0.000000,0.000000
builtin/type,1048576,4,32,0.033941000,943,988610589,0.000000,0.000000
builtin/type,1048576,5,32,0.033967583,942,987836903,0.000000,0.000000
builtin/type,1048576,6,32,0.033937291,943,988718634,0.000000,0.000000
builtin/keys,1048576,0,32,0.033934292,943,988806014,8.000000,468.000000
builtin/keys,1048576,1,32,0.033988708,941,987222933,8.000000,468.000000
builtin/keys,1048576,2,32,0.033978709,942,987513446,8.000000,468.000000
builtin/keys,1048576,3,32,0.033946750,943,988443135,8.000000,468.000000
builtin/keys,1048576,4,32,0.034003667,941,986788631,8.000000,468.000000
builtin/keys,1048576,5,32,0.033978000,942,987534051,8.000000,468.000000
builtin/keys,1048576,6,32,0.033937291,943,988718634,8.000000,468.000000
builtin/map_builtin,1048576,0,32,0.033914375,944,989386713,3.000000,208.000000
builtin/map_builtin,1048576,1,32,0.033946042,943,988463751,3.000000,208.000000
builtin/map_builtin,1048576,2,32,0.033948250,943,988399461,3.000000,208.000000
builtin/map_builtin,1048576,3,32,0.033864000,945,990858493,3.000000,208.000000
builtin/map_builtin,1048576,4,32,0.033954166,942,988227247,3.000000,208.000000
builtin/map_builtin,1048576,5,32,0.033940625,943,988621512,3.000000,208.000000
builtin/map_builtin,1048576,6,32,0.033973542,942,987663635,3.000000,208.000000
builtin/map_closure,1048576,0,32,0.050489542,634,664581826,9.000000,936.000000
builtin/map_closure,1048576,1,32,0.050660000,632,662345677,9.000000,936.000000
builtin/map_closure,1048576,2,32,0.050645000,632,662541850,9.000000,936.000000
builtin/map_closure,1048576,3,32,0.050648333,632,662498250,9.000000,936.000000
builtin/map_closure,1048576,4,32,0.050497166,634,664481488,9.000000,936.000000
builtin/map_closure,1048576,5,32,0.050647458,632,662509696,9.000000,936.000000
builtin/map_closure,1048576,6,32,0.050678459,631,662104426,9.000000,936.000000
builtin/reduce,1048576,0,32,0.033957250,942,988137496,4.000000,248.000000
builtin/reduce,1048576,1,32,0.033925959,943,989048887,4.000000,248.000000
builtin/reduce,1048576,2,32,0.033847334,945,991346379,4.000000,248.000000
builtin/reduce,1048576,3,32,0.033945208,943,988488036,4.000000,248.000000
builtin/reduce,1048576,4,32,0.033936459,943,988742874,4.000000,248.000000
builtin/reduce,1048576,5,32,0.034095459,939,984131992,4.000000,248.000000
builtin/reduce,1048576,6,32,0.033944333,943,988513517,4.000000,248.000000
builtin/sift,1048576,0,32,0.033936458,943,988742903,12.000000,804.000000
builtin/sift,1048576,1,32,0.033931125,943,988898305,12.000000,804.000000
builtin/sift,1048576,2,32,0.033938292,943,988689472,12.000000,804.000000
builtin/sift,1048576,3,32,0.033952083,943,988287876,12.000000,804.000000
builtin/sift,1048576,4,32,0.033705875,949,995506926,12.000000,804.000000
builtin/sift,1048576,5,32,0.033991584,941,987139405,12.000000,804.000000
builtin/sift,1048576,6,32,0.033977209,942,987557042,12.000000,804.000000
builtin/filter_reduce,285,0,10624,0.025022500,424578,121004696,7.000000,456.000000
builtin/filter_reduce,285,1,10656,0.025064209,425148,121167199,7.000000,456.000000
builtin/filter_reduce,285,2,10656,0.025072750,425003,121125924,7.000000,456.000000
builtin/filter_reduce,285,3,10528,0.025003834,421055,120000797,7.000000,456.000000
builtin/filter_reduce,285,4,10656,0.025024250,425827,121360680,7.000000,456.000000
builtin/filter_reduce,285,5,10624,0.025034375,424376,120947297,7.000000,456.000000
builtin/filter_reduce,285,6,10656,0.025052500,425347,121223830,7.000000,456.000000
builtin/planned_average,285,0,27456,0.025026084,1097095,312672170,0.000000,0.000000
builtin/planned_average,285,1,27552,0.025019166,1101236,313852188,0.000000,0.000000
builtin/planned_average,285,2,27424,0.025002250,1096861,312605466,0.000000,0.000000
builtin/planned_average,285,3,27488,0.025027541,1098310,313018366,0.000000,0.000000
builtin/planned_average,285,4,27584,0.025022875,1102351,314170134,0.000000,0.000000
builtin/planned_average,285,5,27552,0.025020000,1101199,313841727,0.000000,0.000000
builtin/planned_average,285,6,27808,0.025006208,1112044,316932499,0.000000,0.000000
builtin/grouped_average,285,0,11616,0.025055625,463608,132128414,10.000000,1016.000000
builtin/grouped_average,285,1,11648,0.025042584,465128,132561400,10.000000,1016.000000
builtin/grouped_average,285,2,11648,0.025003000,465864,132771267,10.000000,1016.000000
builtin/grouped_average,285,3,11648,0.025020625,465536,132677741,10.000000,1016.000000
builtin/grouped_average,285,4,11680,0.025055083,466173,132859269,10.000000,1016.000000
builtin/grouped_average,285,5,11808,0.025061625,471159,134280199,10.000000,1016.000000
builtin/grouped_average,285,6,11648,0.025054875,464900,132496370,10.000000,1016.000000
builtin/ordered_labels,285,0,4544,0.025118750,180901,51556706,113.000000,3689.000000
builtin/ordered_labels,285,1,4544,0.025013375,181663,51773901,113.000000,3689.000000
builtin/ordered_labels,285,2,4608,0.025172916,183054,52170356,113.000000,3689.000000
builtin/ordered_labels,285,3,4608,0.025123500,183414,52272972,113.000000,3689.000000
builtin/ordered_labels,285,4,4608,0.025132583,183348,52254080,113.000000,3689.000000
builtin/ordered_labels,285,5,4608,0.025169500,183079,52177437,113.000000,3689.000000
builtin/ordered_labels,285,6,4608,0.025144000,183264,52230353,113.000000,3689.000000
builtin/merged_objects,285,0,3936,0.025005000,157409,44861428,116.000000,7184.000000
builtin/merged_objects,285,1,3936,0.025023375,157293,44828485,116.000000,7184.000000
builtin/merged_objects,285,2,3936,0.025005958,157402,44859709,116.000000,7184.000000
builtin/merged_objects,285,3,3968,0.025105500,158053,45045110,116.000000,7184.000000
builtin/merged_objects,285,4,3968,0.025063250,158319,45121044,116.000000,7184.000000
builtin/merged_objects,285,5,3936,0.025019125,157320,44836100,116.000000,7184.000000
builtin/merged_objects,285,6,3968,0.025180958,157579,44910126,116.000000,7184.000000
builtin/each_group,285,0,8704,0.025027583,347776,99116243,30.000000,2708.000000
builtin/each_group,285,1,8768,0.025023208,350395,99862496,30.000000,2708.000000
builtin/each_group,285,2,8768,0.025017459,350475,99885444,30.000000,2708.000000
builtin/each_group,285,3,8832,0.025056959,352477,100455925,30.000000,2708.000000
builtin/each_group,285,4,8896,0.025069834,354849,101131902,30.000000,2708.000000
builtin/each_group,285,5,8864,0.025084875,353360,100707697,30.000000,2708.000000
builtin/each_group,285,6,8864,0.025087000,353330,100699167,30.000000,2708.000000
builtin/distinct,285,0,15488,0.025026041,618875,176379476,5.000000,480.000000
builtin/distinct,285,1,15648,0.025019166,625441,178250546,5.000000,480.000000
builtin/distinct,285,2,15680,0.025021958,626650,178595136,5.000000,480.000000
builtin/distinct,285,3,15552,0.025004458,621969,177261191,5.000000,480.000000
builtin/distinct,285,4,15552,0.025050583,620824,176934804,5.000000,480.000000
builtin/distinct,285,5,15712,0.025031125,627699,178894077,5.000000,480.000000
builtin/distinct,285,6,15744,0.025005083,629632,179445115,5.000000,480.000000
builtin/filter_reduce,4537,0,768,0.025655125,29936,135817541,11.000000,3336.000000
builtin/filter_reduce,4537,1,768,0.025754334,29820,135294355,11.000000,3336.000000
builtin/filter_reduce,4537,2,768,0.025540625,30070,136426419,11.000000,3336.000000
builtin/filter_reduce,4537,3,768,0.025354584,30290,137427457,11.000000,3336.000000
builtin/filter_reduce,4537,4,768,0.025284750,30374,137807018,11.000000,3336.000000
builtin/filter_reduce,4537,5,768,0.025306167,30348,137690390,11.000000,3336.000000
builtin/filter_reduce,4537,6,768,0.025339708,30308,137508135,11.000000,3336.000000
builtin/planned_average,4537,0,1792,0.025034042,71583,324769927,0.000000,0.000000
builtin/planned_average,4537,1,1824,0.025128625,72587,329325142,0.000000,0.000000
builtin/planned_average,4537,2,1824,0.025278500,72156,327372589,0.000000,0.000000
builtin/planned_average,4537,3,1824,0.025135916,72565,329229617,0.000000,0.000000
builtin/planned_average,4537,4,1856,0.025243833,73523,333573432,0.000000,0.000000
builtin/planned_average,4537,5,1856,0.025413417,73032,331347493,0.000000,0.000000
builtin/planned_average,4537,6,1888,0.025360875,74445,337758693,0.000000,0.000000
builtin/grouped_average,4537,0,896,0.025539416,35083,159171690,18.000000,9656.000000
builtin/grouped_average,4537,1,896,0.025527667,35099,159244948,18.000000,9656.000000
builtin/grouped_average,4537,2,896,0.025673000,34900,158343474,18.000000,9656.000000
builtin/grouped_average,4537,3,896,0.025927666,34558,156788197,18.000000,9656.000000
builtin/grouped_average,4537,4,896,0.025508458,35126,159364866,18.000000,9656.000000
builtin/grouped_average,4537,5,896,0.025873458,34630,157116687,18.000000,9656.000000
builtin/grouped_average,4537,6,864,0.025294917,34157,154970582,18.000000,9656.000000
builtin/ordered_labels,4537,0,320,0.026578417,12040,54624773,1564.000000,53473.000000
builtin/ordered_labels,4537,1,320,0.026528250,12063,54728073,1564.000000,53473.000000
builtin/ordered_labels,4537,2,320,0.026557334,12049,54668138,1564.000000,53473.000000
builtin/ordered_labels,4537,3,320,0.026587083,12036,54606968,1564.000000,53473.000000
builtin/ordered_labels,4537,4,320,0.026568875,12044,54644391,1564.000000,53473.000000
builtin/ordered_labels,4537,5,320,0.026585292,12037,54610647,1564.000000,53473.000000
builtin/ordered_labels,4537,6,320,0.026637958,12013,54502676,1564.000000,53473.000000
builtin/merged_objects,4537,0,160,0.026060750,6140,27854916,1921.000000,117586.000000
builtin/merged_objects,4537,1,160,0.026136083,6122,27774629,1921.000000,117586.000000
builtin/merged_objects,4537,2,160,0.026081792,6135,27832443,1921.000000,117586.000000
builtin/merged_objects,4537,3,160,0.026063833,6139,27851621,1921.000000,117586.000000
builtin/merged_objects,4537,4,160,0.026022209,6149,27896171,1921.000000,117586.000000
builtin/merged_objects,4537,5,160,0.026077166,6136,27837381,1921.000000,117586.000000
builtin/merged_objects,4537,6,160,0.026072792,6137,27842051,1921.000000,117586.000000
builtin/each_group,4537,0,864,0.025702791,33615,152511375,38.000000,11348.000000
builtin/each_group,4537,1,864,0.025570542,33789,153300153,38.000000,11348.000000
builtin/each_group,4537,2,864,0.025527083,33846,153561141,38.000000,11348.000000
builtin/each_group,4537,3,864,0.025554875,33810,153394137,38.000000,11348.000000
builtin/each_group,4537,4,864,0.025542333,33826,153469458,38.000000,11348.000000
builtin/each_group,4537,5,864,0.025523625,33851,153581946,38.000000,11348.000000
builtin/each_group,4537,6,864,0.025569583,33790,153305903,38.000000,11348.000000
builtin/distinct,4537,0,1120,0.025592750,43762,198549980,9.000000,6240.000000
builtin/distinct,4537,1,1120,0.025628834,43701,198270432,9.000000,6240.000000
builtin/distinct,4537,2,1120,0.025635333,43690,198220167,9.000000,6240.000000
builtin/distinct,4537,3,1120,0.025618708,43718,198348800,9.000000,6240.000000
builtin/distinct,4537,4,1120,0.025728167,43532,197504937,9.000000,6240.000000
builtin/distinct,4537,5,1120,0.025603250,43744,198468554,9.000000,6240.000000
builtin/distinct,4537,6,1120,0.025600166,43750,198492463,9.000000,6240.000000
builtin/filter_reduce,37737,0,96,0.025257542,3801,143432484,14.000000,24840.000000
builtin/filter_reduce,37737,1,96,0.025247333,3802,143490483,14.000000,24840.000000
builtin/filter_reduce,37737,2,96,0.025315458,3792,143104344,14.000000,24840.000000
builtin/filter_reduce,37737,3,96,0.025052666,3832,144605448,14.000000,24840.000000
builtin/filter_reduce,37737,4,96,0.025103708,3824,144311430,14.000000,24840.000000
builtin/filter_reduce,37737,5,128,0.033336958,3840,144894324,14.000000,24840.000000
builtin/filter_reduce,37737,6,128,0.033300333,3844,145053685,14.000000,24840.000000
builtin/planned_average,37737,0,256,0.028039792,9130,344534367,0.000000,0.000000
builtin/planned_average,37737,1,256,0.027750625,9225,348124484,0.000000,0.000000
builtin/planned_average,37737,2,256,0.027196000,9413,355224004,0.000000,0.000000
builtin/planned_average,37737,3,256,0.027542125,9295,350759863,0.000000,0.000000
builtin/planned_average,37737,4,256,0.027777375,9216,347789235,0.000000,0.000000
builtin/planned_average,37737,5,256,0.027145084,9431,355890297,0.000000,0.000000
builtin/planned_average,37737,6,256,0.027369542,9353,352971635,0.000000,0.000000
builtin/grouped_average,37737,0,128,0.028547042,4484,169206183,24.000000,74168.000000
builtin/grouped_average,37737,1,128,0.028676625,4464,168441579,24.000000,74168.000000
builtin/grouped_average,37737,2,128,0.028482041,4494,169592341,24.000000,74168.000000
builtin/grouped_average,37737,3,128,0.028997833,4414,166575758,24.000000,74168.000000
builtin/grouped_average,37737,4,128,0.028194209,4540,171323693,24.000000,74168.000000
builtin/grouped_average,37737,5,128,0.028218375,4536,171176972,24.000000,74168.000000
builtin/grouped_average,37737,6,128,0.028510041,4490,169425782,24.000000,74168.000000
builtin/ordered_labels,37737,0,64,0.044784042,1429,53929210,12397.000000,429273.000000
builtin/ordered_labels,37737,1,64,0.044671958,1433,54064521,12397.000000,429273.000000
builtin/ordered_labels,37737,2,64,0.044568709,1436,54189768,12397.000000,429273.000000
builtin/ordered_labels,37737,3,64,0.044514250,1438,54256064,12397.000000,429273.000000
builtin/ordered_labels,37737,4,64,0.044523166,1437,54245199,12397.000000,429273.000000
builtin/ordered_labels,37737,5,64,0.044474000,1439,54305167,12397.000000,429273.000000
builtin/ordered_labels,37737,6,64,0.044192625,1448,54650929,12397.000000,429273.000000
builtin/merged_objects,37737,0,32,0.158946750,201,7597412,15391.000000,940522.000000
builtin/merged_objects,37737,1,32,0.158948667,201,7597321,15391.000000,940522.000000
builtin/merged_objects,37737,2,32,0.158988917,201,7595397,15391.000000,940522.000000
builtin/merged_objects,37737,3,32,0.159187709,201,7585912,15391.000000,940522.000000
builtin/merged_objects,37737,4,32,0.159110792,201,7589579,15391.000000,940522.000000
builtin/merged_objects,37737,5,32,0.159033375,201,7593274,15391.000000,940522.000000
builtin/merged_objects,37737,6,32,0.159269750,201,7582005,15391.000000,940522.000000
builtin/each_group,37737,0,128,0.029323208,4365,164727406,44.000000,75860.000000
builtin/each_group,37737,1,128,0.028678083,4463,168433016,44.000000,75860.000000
builtin/each_group,37737,2,128,0.028675958,4464,168445497,44.000000,75860.000000
builtin/each_group,37737,3,128,0.028702875,4459,168287532,44.000000,75860.000000
builtin/each_group,37737,4,128,0.028490125,4493,169544219,44.000000,75860.000000
builtin/each_group,37737,5,128,0.028542000,4485,169236073,44.000000,75860.000000
builtin/each_group,37737,6,128,0.028599917,4476,168893357,44.000000,75860.000000
builtin/distinct,37737,0,160,0.028705083,5574,210343234,12.000000,49248.000000
builtin/distinct,37737,1,160,0.028821625,5551,209492699,12.000000,49248.000000
builtin/distinct,37737,2,160,0.028803375,5555,209625435,12.000000,49248.000000
builtin/distinct,37737,3,160,0.028682917,5578,210505786,12.000000,49248.000000
builtin/distinct,37737,4,160,0.028937250,5529,208655626,12.000000,49248.000000
builtin/distinct,37737,5,160,0.029299959,5461,206072643,12.000000,49248.000000
builtin/distinct,37737,6,160,0.029171959,5485,206976844,12.000000,49248.000000
compile/helpers,0,0,8864,0.025026209,354189,0,72.000000,6457.000000
compile/helpers,0,1,8992,0.025055041,358890,0,72.000000,6457.000000
compile/helpers,0,2,9024,0.025085250,359733,0,72.000000,6457.000000
compile/helpers,0,3,8960,0.025062541,357506,0,72.000000,6457.000000
compile/helpers,0,4,9024,0.025069375,359961,0,72.000000,6457.000000
compile/helpers,0,5,9024,0.025032375,360493,0,72.000000,6457.000000
compile/helpers,0,6,8960,0.025002458,358365,0,72.000000,6457.000000
helper/round,100,0,96832,0.025007667,3872093,387209251,0.000000,0.000000
helper/round,100,1,97568,0.025004833,3901966,390196567,0.000000,0.000000
helper/round,100,2,97280,0.025005583,3890331,389033121,0.000000,0.000000
helper/round,100,3,97280,0.025005583,3890331,389033121,0.000000,0.000000
helper/round,100,4,97344,0.025000333,3893708,389370814,0.000000,0.000000
helper/round,100,5,97792,0.025000916,3911537,391153668,0.000000,0.000000
helper/round,100,6,97760,0.025008083,3909136,390913610,0.000000,0.000000
helper/static_round,100,0,243328,0.025001833,9732406,973240642,0.000000,0.000000
helper/static_round,100,1,241248,0.025003125,9648714,964871391,0.000000,0.000000
helper/static_round,100,2,241792,0.025001000,9671293,967129315,0.000000,0.000000
helper/static_round,100,3,241824,0.025001000,9672573,967257310,0.000000,0.000000
helper/static_round,100,4,240544,0.025000500,9621568,962156757,0.000000,0.000000
helper/static_round,100,5,234496,0.025000417,9379684,937968355,0.000000,0.000000
helper/static_round,100,6,238880,0.025002708,9554165,955416509,0.000000,0.000000
helper/decimal_round,100,0,61824,0.025001625,2472799,247279927,0.000000,0.000000
helper/decimal_round,100,1,61952,0.025008750,2477213,247721298,0.000000,0.000000
helper/decimal_round,100,2,62400,0.025005292,2495472,249547176,0.000000,0.000000
helper/decimal_round,100,3,61632,0.025005333,2464754,246475422,0.000000,0.000000
helper/decimal_round,100,4,62048,0.025003500,2481573,248157258,0.000000,0.000000
helper/decimal_round,100,5,61760,0.025010750,2469338,246933818,0.000000,0.000000
helper/decimal_round,100,6,61888,0.025002208,2475301,247530138,0.000000,0.000000
helper/pad,100,0,61888,0.025003208,2475202,247520238,5.000000,83.000000
helper/pad,100,1,62240,0.025005375,2489065,248906485,5.000000,83.000000
helper/pad,100,2,62080,0.025002959,2482906,248290612,5.000000,83.000000
helper/pad,100,3,62016,0.025008542,2479793,247979270,5.000000,83.000000
helper/pad,100,4,62272,0.025000875,2490793,249079282,5.000000,83.000000
helper/pad,100,5,62240,0.025003167,2489285,248928466,5.000000,83.000000
helper/pad,100,6,62304,0.025004958,2491666,249166585,5.000000,83.000000
helper/pad_unchanged,100,0,97408,0.025002250,3895969,389596936,0.000000,0.000000
helper/pad_unchanged,100,1,96928,0.025007875,3875899,387589909,0.000000,0.000000
helper/pad_unchanged,100,2,95424,0.025005750,3816082,381608230,0.000000,0.000000
helper/pad_unchanged,100,3,96064,0.025000750,3842445,384244473,0.000000,0.000000
helper/pad_unchanged,100,4,96960,0.025004042,3877773,387777304,0.000000,0.000000
helper/pad_unchanged,100,5,97248,0.025005083,3889129,388912926,0.000000,0.000000
helper/pad_unchanged,100,6,97856,0.025008000,3912988,391298784,0.000000,0.000000
helper/uri_unchanged,100,0,101504,0.025005042,4059341,405934131,0.000000,0.000000
helper/uri_unchanged,100,1,102720,0.025007083,4107636,410763622,0.000000,0.000000
helper/uri_unchanged,100,2,102624,0.025000917,4104809,410480944,0.000000,0.000000
helper/uri_unchanged,100,3,103072,0.025004709,4122104,412210356,0.000000,0.000000
helper/uri_unchanged,100,4,102624,0.025002292,4104584,410458369,0.000000,0.000000
helper/uri_unchanged,100,5,101536,0.025005542,4060540,406053986,0.000000,0.000000
helper/uri_unchanged,100,6,102592,0.025003292,4103140,410313970,0.000000,0.000000
helper/base64,100,0,75424,0.025003209,3016573,301657279,5.000000,48.000000
helper/base64,100,1,75456,0.025000334,3018200,301819968,5.000000,48.000000
helper/base64,100,2,76096,0.025000375,3043794,304379434,5.000000,48.000000
helper/base64,100,3,76128,0.025005166,3044491,304449089,5.000000,48.000000
helper/base64,100,4,76352,0.025009083,3052971,305297079,5.000000,48.000000
helper/base64,100,5,76064,0.025009417,3041414,304141436,5.000000,48.000000
helper/base64,100,6,75808,0.025004584,3031764,303176410,5.000000,48.000000
helper/sort,100,0,57664,0.025003541,2306233,230623335,5.000000,264.000000
helper/sort,100,1,57600,0.025002958,2303727,230372742,5.000000,264.000000
helper/sort,100,2,57664,0.025005083,2306091,230609113,5.000000,264.000000
helper/sort,100,3,57600,0.025011208,2302968,230296753,5.000000,264.000000
helper/sort,100,4,57024,0.025002875,2280698,228069772,5.000000,264.000000
helper/sort,100,5,56544,0.025005875,2261229,226122861,5.000000,264.000000
helper/sort,100,6,56960,0.025001417,2278271,227827087,5.000000,264.000000
helper/zip,100,0,41568,0.025016459,1661626,166162605,11.000000,816.000000
helper/zip,100,1,41824,0.025014125,1672015,167201531,11.000000,816.000000
helper/zip,100,2,41728,0.025002541,1668950,166895037,11.000000,816.000000
helper/zip,100,3,41504,0.025014000,1659231,165923083,11.000000,816.000000
helper/zip,100,4,41312,0.025004666,1652172,165217164,11.000000,816.000000
helper/zip,100,5,40896,0.025005250,1635497,163549655,11.000000,816.000000
helper/zip,100,6,41056,0.025017875,1641067,164106664,11.000000,816.000000
helper/single,100,0,45856,0.025014416,1833183,183318291,4.000000,248.000000
helper/single,100,1,46368,0.025012500,1853793,185379310,4.000000,248.000000
helper/single,100,2,45696,0.025015875,1826680,182668006,4.000000,248.000000
helper/single,100,3,46016,0.025008792,1839993,183999291,4.000000,248.000000
helper/single,100,4,46336,0.025009791,1852714,185271440,4.000000,248.000000
helper/single,100,5,46208,0.025012625,1847387,184738707,4.000000,248.000000
helper/single,100,6,45920,0.025005167,1836420,183642045,4.000000,248.000000
helper/assert,100,0,93664,0.025004375,3745904,374590447,0.000000,0.000000
helper/assert,100,1,94624,0.025006708,3783945,378394469,0.000000,0.000000
helper/assert,100,2,94720,0.025002125,3788478,378847798,0.000000,0.000000
helper/assert,100,3,94624,0.025005167,3784178,378417789,0.000000,0.000000
helper/assert,100,4,95232,0.025002833,3808848,380884838,0.000000,0.000000
helper/assert,100,5,95616,0.025001167,3824461,382446147,0.000000,0.000000
helper/assert,100,6,93952,0.025003916,3757491,375749143,0.000000,0.000000
helper/static_sort,100,0,220032,0.025001208,8800855,880085474,1.000000,16.000000
helper/static_sort,100,1,220480,0.025003375,8818010,881800957,1.000000,16.000000
helper/static_sort,100,2,220896,0.025001875,8835177,883517736,1.000000,16.000000
helper/static_sort,100,3,222720,0.025001916,8908117,890811728,1.000000,16.000000
helper/static_sort,100,4,222848,0.025001292,8913459,891345935,1.000000,16.000000
helper/static_sort,100,5,223744,0.025001834,8949103,894910349,1.000000,16.000000
helper/static_sort,100,6,223232,0.025002708,8928313,892831289,1.000000,16.000000
helper/round,500,0,36800,0.025005250,1471691,735845472,0.000000,0.000000
helper/round,500,1,36768,0.025015958,1469782,734890904,0.000000,0.000000
helper/round,500,2,36960,0.025004750,1478119,739059579,0.000000,0.000000
helper/round,500,3,36896,0.025013500,1475043,737521738,0.000000,0.000000
helper/round,500,4,37056,0.025002791,1482075,741037271,0.000000,0.000000
helper/round,500,5,37056,0.025021750,1480952,740475786,0.000000,0.000000
helper/round,500,6,37056,0.025006375,1481862,740931063,0.000000,0.000000
helper/static_round,500,0,78080,0.025005875,3122466,1561233110,0.000000,0.000000
helper/static_round,500,1,78336,0.025002834,3133085,1566542417,0.000000,0.000000
helper/static_round,500,2,78496,0.025001584,3139641,1569820536,0.000000,0.000000
helper/static_round,500,3,78464,0.025007917,3137566,1568783198,0.000000,0.000000
helper/static_round,500,4,77856,0.025007667,3113285,1556642609,0.000000,0.000000
helper/static_round,500,5,77888,0.025004083,3115011,1557505628,0.000000,0.000000
helper/static_round,500,6,77984,0.025008625,3118284,1559142096,0.000000,0.000000
helper/decimal_round,500,0,30304,0.025019208,1211229,605614694,0.000000,0.000000
helper/decimal_round,500,1,30240,0.025007750,1209225,604612570,0.000000,0.000000
helper/decimal_round,500,2,30336,0.025012125,1212852,606425883,0.000000,0.000000
helper/decimal_round,500,3,30368,0.025005625,1214447,607223375,0.000000,0.000000
helper/decimal_round,500,4,30368,0.025011500,1214161,607080743,0.000000,0.000000
helper/decimal_round,500,5,30240,0.025030667,1208118,604059013,0.000000,0.000000
helper/decimal_round,500,6,30240,0.025022958,1208490,604245110,0.000000,0.000000
helper/pad,500,0,30272,0.025013458,1210229,605114255,5.000000,83.000000
helper/pad,500,1,30304,0.025021083,1211139,605569311,5.000000,83.000000
helper/pad,500,2,30304,0.025007042,1211819,605909327,5.000000,83.000000
helper/pad,500,3,30272,0.025003292,1210721,605360286,5.000000,83.000000
helper/pad,500,4,30368,0.025023416,1213583,606791655,5.000000,83.000000
helper/pad,500,5,30400,0.025013667,1215336,607667800,5.000000,83.000000
helper/pad,500,6,30400,0.025006875,1215666,607832846,5.000000,83.000000
helper/pad_unchanged,500,0,36800,0.025012500,1471264,735632184,0.000000,0.000000
helper/pad_unchanged,500,1,36992,0.025007500,1479236,739618115,0.000000,0.000000
helper/pad_unchanged,500,2,37056,0.025007500,1481795,740897731,0.000000,0.000000
helper/pad_unchanged,500,3,36960,0.025005083,1478099,739049736,0.000000,0.000000
helper/pad_unchanged,500,4,36992,0.025017000,1478675,739337251,0.000000,0.000000
helper/pad_unchanged,500,5,36928,0.025018625,1476020,738010182,0.000000,0.000000
helper/pad_unchanged,500,6,36960,0.025001959,1478284,739142081,0.000000,0.000000
helper/uri_unchanged,500,0,37472,0.025007583,1498425,749212749,0.000000,0.000000
helper/uri_unchanged,500,1,37472,0.025008584,1498366,749182761,0.000000,0.000000
helper/uri_unchanged,500,2,37024,0.025019750,1479791,739895483,0.000000,0.000000
helper/uri_unchanged,500,3,37152,0.025002000,1485961,742980562,0.000000,0.000000
helper/uri_unchanged,500,4,37280,0.025010125,1490596,745298154,0.000000,0.000000
helper/uri_unchanged,500,5,37280,0.025009584,1490629,745314276,0.000000,0.000000
helper/uri_unchanged,500,6,37376,0.025017500,1493994,746997102,0.000000,0.000000
helper/base64,500,0,33056,0.025017666,1321306,660653156,5.000000,48.000000
helper/base64,500,1,32704,0.025019583,1307136,653568047,5.000000,48.000000
helper/base64,500,2,33376,0.025017375,1334113,667056396,5.000000,48.000000
helper/base64,500,3,33152,0.025009292,1325587,662793653,5.000000,48.000000
helper/base64,500,4,33120,0.025003625,1324608,662303966,5.000000,48.000000
helper/base64,500,5,33120,0.025021666,1323653,661826435,5.000000,48.000000
helper/base64,500,6,33120,0.025002875,1324648,662323833,5.000000,48.000000
helper/sort,500,0,29088,0.025016000,1162776,581387912,5.000000,264.000000
helper/sort,500,1,29088,0.025002583,1163400,581699899,5.000000,264.000000
helper/sort,500,2,29152,0.025020125,1165142,582571030,5.000000,264.000000
helper/sort,500,3,29216,0.025005291,1168393,584196361,5.000000,264.000000
helper/sort,500,4,29184,0.025019875,1166433,583216343,5.000000,264.000000
helper/sort,500,5,29184,0.025024583,1166213,583106620,5.000000,264.000000
helper/sort,500,6,28896,0.025005666,1155578,577789050,5.000000,264.000000
helper/zip,500,0,20256,0.025023958,809464,404732137,11.000000,816.000000
helper/zip,500,1,20288,0.025012208,811124,405561956,11.000000,816.000000
helper/zip,500,2,20288,0.025029625,810559,405279744,11.000000,816.000000
helper/zip,500,3,20128,0.025003292,805014,402506998,11.000000,816.000000
helper/zip,500,4,20224,0.025015125,808471,404235438,11.000000,816.000000
helper/zip,500,5,20224,0.025038666,807711,403855381,11.000000,816.000000
helper/zip,500,6,20320,0.025029083,811856,405927776,11.000000,816.000000
helper/single,500,0,25888,0.025018000,1034775,517387481,4.000000,248.000000
helper/single,500,1,25792,0.025013750,1031113,515556444,4.000000,248.000000
helper/single,500,2,25984,0.025023167,1038398,519198869,4.000000,248.000000
helper/single,500,3,26016,0.025026084,1039555,519777685,4.000000,248.000000
helper/single,500,4,25920,0.025018750,1036023,518011491,4.000000,248.000000
helper/single,500,5,25824,0.025020500,1032114,516056833,4.000000,248.000000
helper/single,500,6,26016,0.025025625,1039574,519787218,4.000000,248.000000
helper/assert,500,0,36544,0.025002166,1461633,730816682,0.000000,0.000000
helper/assert,500,1,36480,0.025020292,1458017,729008279,0.000000,0.000000
helper/assert,500,2,36576,0.025013041,1462277,731138609,0.000000,0.000000
helper/assert,500,3,36640,0.025010708,1464973,732486261,0.000000,0.000000
helper/assert,500,4,36704,0.025006375,1467786,733892857,0.000000,0.000000
helper/assert,500,5,36640,0.025007250,1465175,732587550,0.000000,0.000000
helper/assert,500,6,36736,0.025002292,1469305,734652647,0.000000,0.000000
helper/static_sort,500,0,75968,0.025009458,3037571,1518785413,1.000000,16.000000
helper/static_sort,500,1,76288,0.025002417,3051225,1525612504,1.000000,16.000000
helper/static_sort,500,2,76064,0.025001750,3042347,1521173518,1.000000,16.000000
helper/static_sort,500,3,76064,0.025004334,3042033,1521016317,1.000000,16.000000
helper/static_sort,500,4,75776,0.025007875,3030086,1515042762,1.000000,16.000000
helper/static_sort,500,5,76256,0.025008625,3049188,1524594015,1.000000,16.000000
helper/static_sort,500,6,76160,0.025004625,3045837,1522918260,1.000000,16.000000
helper/round,1024,0,20448,0.025001875,817859,837487268,0.000000,0.000000
helper/round,1024,1,20480,0.025012584,818788,838438763,0.000000,0.000000
helper/round,1024,2,20512,0.025006750,820259,839944735,0.000000,0.000000
helper/round,1024,3,20352,0.025003750,813958,833492896,0.000000,0.000000
helper/round,1024,4,20480,0.025038791,817931,837561207,0.000000,0.000000
helper/round,1024,5,20448,0.025019667,817277,836891714,0.000000,0.000000
helper/round,1024,6,20512,0.025020917,819794,839469153,0.000000,0.000000
helper/static_round,1024,0,42144,0.025006042,1685353,1725801148,0.000000,0.000000
helper/static_round,1024,1,42144,0.025013292,1684864,1725300932,0.000000,0.000000
helper/static_round,1024,2,42208,0.025013791,1687389,1727886509,0.000000,0.000000
helper/static_round,1024,3,42272,0.025006166,1690463,1731034178,0.000000,0.000000
helper/static_round,1024,4,42336,0.025018208,1692208,1732820512,0.000000,0.000000
helper/static_round,1024,5,42304,0.025012416,1691320,1731911703,0.000000,0.000000
helper/static_round,1024,6,42368,0.025001208,1694638,1735309430,0.000000,0.000000
helper/decimal_round,1024,0,18528,0.025005083,740969,758752610,0.000000,0.000000
helper/decimal_round,1024,1,18400,0.025025292,735256,752902304,0.000000,0.000000
helper/decimal_round,1024,2,18432,0.025038041,736160,753827666,0.000000,0.000000
helper/decimal_round,1024,3,18368,0.025001458,734677,752309405,0.000000,0.000000
helper/decimal_round,1024,4,18368,0.025003583,734615,752245468,0.000000,0.000000
helper/decimal_round,1024,5,18368,0.025003375,734621,752251726,0.000000,0.000000
helper/decimal_round,1024,6,18432,0.025019209,736714,754395073,0.000000,0.000000
helper/pad,1024,0,18272,0.025005708,730713,748250279,5.000000,83.000000
helper/pad,1024,1,18336,0.025003958,733324,750923674,5.000000,83.000000
helper/pad,1024,2,18272,0.025025500,730135,747658508,5.000000,83.000000
helper/pad,1024,3,18400,0.025027125,735202,752847161,5.000000,83.000000
helper/pad,1024,4,18304,0.025022000,731516,749072656,5.000000,83.000000
helper/pad,1024,5,18368,0.025007583,734497,752125145,5.000000,83.000000
helper/pad,1024,6,18336,0.025012291,733080,750673499,5.000000,83.000000
helper/pad_unchanged,1024,0,20544,0.025019417,821122,840829185,0.000000,0.000000
helper/pad_unchanged,1024,1,20512,0.025037708,819244,838906181,0.000000,0.000000
helper/pad_unchanged,1024,2,20576,0.025023709,822260,841994446,0.000000,0.000000
helper/pad_unchanged,1024,3,20512,0.025032250,819423,839089095,0.000000,0.000000
helper/pad_unchanged,1024,4,20576,0.025027625,822132,841862702,0.000000,0.000000
helper/pad_unchanged,1024,5,20576,0.025007334,822799,842545791,0.000000,0.000000
helper/pad_unchanged,1024,6,20576,0.025006208,822836,842583730,0.000000,0.000000
helper/uri_unchanged,1024,0,20704,0.025006708,827938,847808356,0.000000,0.000000
helper/uri_unchanged,1024,1,20736,0.025005667,829252,849154074,0.000000,0.000000
helper/uri_unchanged,1024,2,20832,0.025036834,832054,852023383,0.000000,0.000000
helper/uri_unchanged,1024,3,20928,0.025033541,835998,856062353,0.000000,0.000000
helper/uri_unchanged,1024,4,20672,0.025021000,826186,846014468,0.000000,0.000000
helper/uri_unchanged,1024,5,20736,0.025000416,829426,849332427,0.000000,0.000000
helper/uri_unchanged,1024,6,20736,0.025000667,829418,849323900,0.000000,0.000000
helper/base64,1024,0,19392,0.025027542,774826,793422223,5.000000,48.000000
helper/base64,1024,1,19360,0.025003792,774283,792865338,5.000000,48.000000
helper/base64,1024,2,19424,0.025023250,776238,794867813,5.000000,48.000000
helper/base64,1024,3,19456,0.025006292,778044,796717242,5.000000,48.000000
helper/base64,1024,4,19424,0.025008250,776704,795344576,5.000000,48.000000
helper/base64,1024,5,19328,0.025017375,772583,791125048,5.000000,48.000000
helper/base64,1024,6,19456,0.025002333,778167,796843399,5.000000,48.000000
helper/sort,1024,0,17856,0.025040667,713080,730193968,5.000000,264.000000
helper/sort,1024,1,17856,0.025010333,713945,731079590,5.000000,264.000000
helper/sort,1024,2,17888,0.025027916,714722,731875239,5.000000,264.000000
helper/sort,1024,3,17920,0.025035792,715775,732953845,5.000000,264.000000
helper/sort,1024,4,18048,0.025020334,721333,738645295,5.000000,264.000000
helper/sort,1024,5,17888,0.025024583,714817,731972717,5.000000,264.000000
helper/sort,1024,6,17760,0.025017166,709913,726950447,5.000000,264.000000
helper/zip,1024,0,12320,0.025025125,492305,504120559,11.000000,816.000000
helper/zip,1024,1,12384,0.025032625,494714,506587543,11.000000,816.000000
helper/zip,1024,2,12416,0.025031958,496006,507910088,11.000000,816.000000
helper/zip,1024,3,12416,0.025057500,495500,507392358,11.000000,816.000000
helper/zip,1024,4,12416,0.025028583,496073,507978578,11.000000,816.000000
helper/zip,1024,5,12384,0.025038084,494607,506477093,11.000000,816.000000
helper/zip,1024,6,12448,0.025057167,496784,508706830,11.000000,816.000000
helper/single,1024,0,16672,0.025022584,666278,682268786,4.000000,248.000000
helper/single,1024,1,16608,0.025009833,664059,679996224,4.000000,248.000000
helper/single,1024,2,16672,0.025038375,665858,681838498,4.000000,248.000000
helper/single,1024,3,16768,0.025012417,670387,686476321,4.000000,248.000000
helper/single,1024,4,16768,0.025010916,670427,686517519,4.000000,248.000000
helper/single,1024,5,16672,0.025035833,665926,681907728,4.000000,248.000000
helper/single,1024,6,16672,0.025047000,665629,681603705,4.000000,248.000000
helper/assert,1024,0,20512,0.025011167,820114,839796400,0.000000,0.000000
helper/assert,1024,1,20448,0.025010292,817583,837205419,0.000000,0.000000
helper/assert,1024,2,20448,0.025012667,817506,837125925,0.000000,0.000000
helper/assert,1024,3,20480,0.025026042,818348,837987885,0.000000,0.000000
helper/assert,1024,4,20512,0.025021875,819763,839437013,0.000000,0.000000
helper/assert,1024,5,20256,0.025001541,810190,829634621,0.000000,0.000000
helper/assert,1024,6,20512,0.025014000,820021,839701287,0.000000,0.000000
helper/static_sort,1024,0,41376,0.025000875,1654982,1694701645,1.000000,16.000000
helper/static_sort,1024,1,41312,0.025017125,1651349,1690981198,1.000000,16.000000
helper/static_sort,1024,2,41344,0.025002083,1653622,1693309153,1.000000,16.000000
helper/static_sort,1024,3,41696,0.025000208,1667826,1707853951,1.000000,16.000000
helper/static_sort,1024,4,41568,0.025015667,1661679,1701558947,1.000000,16.000000
helper/static_sort,1024,5,41632,0.025012459,1664451,1704397317,1.000000,16.000000
helper/static_sort,1024,6,41696,0.025003417,1667612,1707634760,1.000000,16.000000
helper/round,10240,0,2368,0.025064417,94477,967440017,0.000000,0.000000
helper/round,10240,1,2368,0.025034542,94589,968594512,0.000000,0.000000
helper/round,10240,2,2400,0.025330667,94747,970207377,0.000000,0.000000
helper/round,10240,3,2368,0.025012666,94672,969441642,0.000000,0.000000
helper/round,10240,4,2368,0.025042958,94558,968269004,0.000000,0.000000
helper/round,10240,5,2368,0.025008625,94687,969598289,0.000000,0.000000
helper/round,10240,6,2368,0.025052541,94521,967898626,0.000000,0.000000
helper/static_round,10240,0,4640,0.025047125,185251,1896968215,0.000000,0.000000
helper/static_round,10240,1,4672,0.025022416,186713,1911936881,0.000000,0.000000
helper/static_round,10240,2,4704,0.025149000,187045,1915342956,0.000000,0.000000
helper/static_round,10240,3,4704,0.025149208,187044,1915327115,0.000000,0.000000
helper/static_round,10240,4,4672,0.025027292,186676,1911564383,0.000000,0.000000
helper/static_round,10240,5,4704,0.025035125,187896,1924055103,0.000000,0.000000
helper/static_round,10240,6,4704,0.025152875,187016,1915047882,0.000000,0.000000
helper/decimal_round,10240,0,2336,0.025001333,93435,956774585,0.000000,0.000000
helper/decimal_round,10240,1,2336,0.025026791,93340,955801325,0.000000,0.000000
helper/decimal_round,10240,2,2336,0.025050542,93251,954895108,0.000000,0.000000
helper/decimal_round,10240,3,2336,0.025090083,93105,953390230,0.000000,0.000000
helper/decimal_round,10240,4,2368,0.025340500,93447,956899824,0.000000,0.000000
helper/decimal_round,10240,5,2336,0.025076166,93156,953919351,0.000000,0.000000
helper/decimal_round,10240,6,2336,0.025039000,93294,955335277,0.000000,0.000000
helper/pad,10240,0,2336,0.025027458,93337,955775852,5.000000,83.000000
helper/pad,10240,1,2336,0.025000834,93437,956793681,5.000000,83.000000
helper/pad,10240,2,2336,0.025054916,93235,954728405,5.000000,83.000000
helper/pad,10240,3,2336,0.025052792,93243,954809348,5.000000,83.000000
helper/pad,10240,4,2336,0.025075500,93159,953944687,5.000000,83.000000
helper/pad,10240,5,2336,0.025010625,93400,956419122,5.000000,83.000000
helper/pad,10240,6,2336,0.025034042,93313,955524481,5.000000,83.000000
helper/pad_unchanged,10240,0,2368,0.025036792,94581,968507467,0.000000,0.000000
helper/pad_unchanged,10240,1,2368,0.025004417,94703,969761463,0.000000,0.000000
helper/pad_unchanged,10240,2,2368,0.025001542,94714,969872978,0.000000,0.000000
helper/pad_unchanged,10240,3,2400,0.025254292,95033,973141516,0.000000,0.000000
helper/pad_unchanged,10240,4,2368,0.025041500,94563,968325380,0.000000,0.000000
helper/pad_unchanged,10240,5,2400,0.025327542,94759,970327085,0.000000,0.000000
helper/pad_unchanged,10240,6,2368,0.025063916,94478,967459355,0.000000,0.000000
helper/uri_unchanged,10240,0,2368,0.025051791,94524,967927602,0.000000,0.000000
helper/uri_unchanged,10240,1,2368,0.025033417,94594,968638041,0.000000,0.000000
helper/uri_unchanged,10240,2,2400,0.025276000,94952,972305745,0.000000,0.000000
helper/uri_unchanged,10240,3,2400,0.025293625,94886,971628226,0.000000,0.000000
helper/uri_unchanged,10240,4,2400,0.025317166,94797,970724764,0.000000,0.000000
helper/uri_unchanged,10240,5,2400,0.025290416,94898,971751513,0.000000,0.000000
helper/uri_unchanged,10240,6,2400,0.025314250,94808,970836584,0.000000,0.000000
helper/base64,10240,0,2368,0.025154833,94137,963962671,5.000000,48.000000
helper/base64,10240,1,2368,0.025185166,94024,962801675,5.000000,48.000000
helper/base64,10240,2,2368,0.025201000,93965,962196738,5.000000,48.000000
helper/base64,10240,3,2368,0.025063667,94479,967468966,5.000000,48.000000
helper/base64,10240,4,2368,0.025221459,93888,961416229,5.000000,48.000000
helper/base64,10240,5,2368,0.025212500,93922,961757858,5.000000,48.000000
helper/base64,10240,6,2368,0.025233958,93842,960940016,5.000000,48.000000
helper/sort,10240,0,2336,0.025136917,92931,951613915,5.000000,264.000000
helper/sort,10240,1,2336,0.025116792,93006,952376402,5.000000,264.000000
helper/sort,10240,2,2336,0.025171209,92804,950317484,5.000000,264.000000
helper/sort,10240,3,2336,0.025082000,93135,953697472,5.000000,264.000000
helper/sort,10240,4,2336,0.025126584,92969,952005255,5.000000,264.000000
helper/sort,10240,5,2336,0.025124250,92978,952093694,5.000000,264.000000
helper/sort,10240,6,2336,0.025213625,92648,948718798,5.000000,264.000000
helper/zip,10240,0,1568,0.025025292,62657,641603702,11.000000,816.000000
helper/zip,10240,1,1568,0.025033750,62635,641386928,11.000000,816.000000
helper/zip,10240,2,1568,0.025061125,62567,640686322,11.000000,816.000000
helper/zip,10240,3,1568,0.025130792,62394,638910226,11.000000,816.000000
helper/zip,10240,4,1568,0.025031583,62641,641442453,11.000000,816.000000
helper/zip,10240,5,1568,0.025066750,62553,640542551,11.000000,816.000000
helper/zip,10240,6,1568,0.025072000,62540,640408424,11.000000,816.000000
helper/single,10240,0,2304,0.025001666,92154,943655515,4.000000,248.000000
helper/single,10240,1,2336,0.025294042,92354,945702549,4.000000,248.000000
helper/single,10240,2,2336,0.025301334,92327,945429992,4.000000,248.000000
helper/single,10240,3,2336,0.025338625,92191,944038597,4.000000,248.000000
helper/single,10240,4,2304,0.025024708,92069,942786625,4.000000,248.000000
helper/single,10240,5,2336,0.025315750,92275,944891619,4.000000,248.000000
helper/single,10240,6,2336,0.025308584,92301,945159160,4.000000,248.000000
helper/assert,10240,0,2400,0.025287833,94907,971850771,0.000000,0.000000
helper/assert,10240,1,2368,0.025026000,94622,968925118,0.000000,0.000000
helper/assert,10240,2,2368,0.025034750,94589,968586465,0.000000,0.000000
helper/assert,10240,3,2368,0.025013375,94669,969414163,0.000000,0.000000
helper/assert,10240,4,2400,0.025279959,94937,972153475,0.000000,0.000000
helper/assert,10240,5,2400,0.025312542,94815,970902093,0.000000,0.000000
helper/assert,10240,6,2368,0.025035250,94587,968567120,0.000000,0.000000
helper/static_sort,10240,0,4672,0.025048500,186518,1909945905,1.000000,16.000000
helper/static_sort,10240,1,4672,0.025067709,186375,1908482343,1.000000,16.000000
helper/static_sort,10240,2,4672,0.025099792,186137,1906042887,1.000000,16.000000
helper/static_sort,10240,3,4672,0.025089208,186216,1906846960,1.000000,16.000000
helper/static_sort,10240,4,4672,0.025055208,186468,1909434557,1.000000,16.000000
helper/static_sort,10240,5,4672,0.025058416,186444,1909190110,1.000000,16.000000
helper/static_sort,10240,6,4704,0.025090625,187480,1919799128,1.000000,16.000000
helper/round,1048576,0,32,0.033976208,942,987586137,0.000000,0.000000
helper/round,1048576,1,32,0.033938709,943,988677324,0.000000,0.000000
helper/round,1048576,2,32,0.033894041,944,989980274,0.000000,0.000000
helper/round,1048576,3,32,0.033955708,942,988182370,0.000000,0.000000
helper/round,1048576,4,32,0.033990042,941,987184188,0.000000,0.000000
helper/round,1048576,5,32,0.033913375,944,989415887,0.000000,0.000000
helper/round,1048576,6,32,0.034129833,938,983140820,0.000000,0.000000
helper/static_round,1048576,0,64,0.034495958,1855,1945412387,0.000000,0.000000
helper/static_round,1048576,1,64,0.034486958,1856,1945920078,0.000000,0.000000
helper/static_round,1048576,2,64,0.034499750,1855,1945198559,0.000000,0.000000
helper/static_round,1048576,3,64,0.034371541,1862,1952454328,0.000000,0.000000
helper/static_round,1048576,4,64,0.034484584,1856,1946054040,0.000000,0.000000
helper/static_round,1048576,5,64,0.034492125,1855,1945628575,0.000000,0.000000
helper/static_round,1048576,6,64,0.034528417,1854,1943583571,0.000000,0.000000
helper/decimal_round,1048576,0,32,0.033918000,943,989280972,0.000000,0.000000
helper/decimal_round,1048576,1,32,0.033922166,943,989159478,0.000000,0.000000
helper/decimal_round,1048576,2,32,0.033923417,943,989123000,0.000000,0.000000
helper/decimal_round,1048576,3,32,0.033955084,942,988200530,0.000000,0.000000
helper/decimal_round,1048576,4,32,0.034004792,941,986755984,0.000000,0.000000
helper/decimal_round,1048576,5,32,0.033923708,943,989114515,0.000000,0.000000
helper/decimal_round,1048576,6,32,0.033968250,942,987817506,0.000000,0.000000
helper/pad,1048576,0,32,0.033991292,941,987147885,5.000000,83.000000
helper/pad,1048576,1,32,0.033925000,943,989076846,5.000000,83.000000
helper/pad,1048576,2,32,0.033954458,942,988218749,5.000000,83.000000
helper/pad,1048576,3,32,0.033960667,942,988038074,5.000000,83.000000
helper/pad,1048576,4,32,0.033920584,943,989205610,5.000000,83.000000
helper/pad,1048576,5,32,0.033940250,943,988632435,5.000000,83.000000
helper/pad,1048576,6,32,0.033979375,942,987494090,5.000000,83.000000
helper/pad_unchanged,1048576,0,32,0.033926209,943,989041599,0.000000,0.000000
helper/pad_unchanged,1048576,1,32,0.033738084,948,994556537,0.000000,0.000000
helper/pad_unchanged,1048576,2,32,0.033901417,944,989764882,0.000000,0.000000
helper/pad_unchanged,1048576,3,32,0.033933333,943,988833959,0.000000,0.000000
helper/pad_unchanged,1048576,4,32,0.033945042,943,988492870,0.000000,0.000000
helper/pad_unchanged,1048576,5,32,0.033923292,943,989126645,0.000000,0.000000
helper/pad_unchanged,1048576,6,32,0.033972750,942,987686661,0.000000,0.000000
helper/uri_unchanged,1048576,0,32,0.033919209,943,989245710,0.000000,0.000000
helper/uri_unchanged,1048576,1,32,0.033938417,943,988685831,0.000000,0.000000
helper/uri_unchanged,1048576,2,32,0.033965042,942,987910805,0.000000,0.000000
helper/uri_unchanged,1048576,3,32,0.033915166,944,989363637,0.000000,0.000000
helper/uri_unchanged,1048576,4,32,0.033932625,943,988854591,0.000000,0.000000
helper/uri_unchanged,1048576,5,32,0.033958791,942,988092656,0.000000,0.000000
helper/uri_unchanged,1048576,6,32,0.033915208,944,989362412,0.000000,0.000000
helper/base64,1048576,0,32,0.034051042,940,985415718,5.000000,48.000000
helper/base64,1048576,1,32,0.033923583,943,989118160,5.000000,48.000000
helper/base64,1048576,2,32,0.033806958,947,992530354,5.000000,48.000000
helper/base64,1048576,3,32,0.033953917,942,988234494,5.000000,48.000000
helper/base64,1048576,4,32,0.033899417,944,989823276,5.000000,48.000000
helper/base64,1048576,5,32,0.033971125,942,987733906,5.000000,48.000000
helper/base64,1048576,6,32,0.033930041,943,988929898,5.000000,48.000000
helper/sort,1048576,0,32,0.033919833,943,989227512,5.000000,264.000000
helper/sort,1048576,1,32,0.033804834,947,992592716,5.000000,264.000000
helper/sort,1048576,2,32,0.033961834,942,988004123,5.000000,264.000000
helper/sort,1048576,3,32,0.034001500,941,986851521,5.000000,264.000000
helper/sort,1048576,4,32,0.033959584,942,988069583,5.000000,264.000000
helper/sort,1048576,5,32,0.033951750,943,988297569,5.000000,264.000000
helper/sort,1048576,6,32,0.034023459,941,986214600,5.000000,264.000000
helper/zip,1048576,0,32,0.050544542,633,663858662,11.000000,816.000000
helper/zip,1048576,1,32,0.050683041,631,662044568,11.000000,816.000000
helper/zip,1048576,2,32,0.050612417,632,662968378,11.000000,816.000000
helper/zip,1048576,3,32,0.050691667,631,661931911,11.000000,816.000000
helper/zip,1048576,4,32,0.050614000,632,662947643,11.000000,816.000000
helper/zip,1048576,5,32,0.050580334,633,663388897,11.000000,816.000000
helper/zip,1048576,6,32,0.050461500,634,664951141,11.000000,816.000000
helper/single,1048576,0,32,0.033645708,951,997287143,4.000000,248.000000
helper/single,1048576,1,32,0.033977417,942,987550996,4.000000,248.000000
helper/single,1048576,2,32,0.033938375,943,988687054,4.000000,248.000000
helper/single,1048576,3,32,0.033935208,943,988779323,4.000000,248.000000
helper/single,1048576,4,32,0.033969667,942,987776301,4.000000,248.000000
helper/single,1048576,5,32,0.033944500,943,988508654,4.000000,248.000000
helper/single,1048576,6,32,0.033921208,943,989187413,4.000000,248.000000
helper/assert,1048576,0,32,0.033870083,945,990680537,0.000000,0.000000
helper/assert,1048576,1,32,0.033998709,941,986932533,0.000000,0.000000
helper/assert,1048576,2,32,0.033941584,943,988593579,0.000000,0.000000
helper/assert,1048576,3,32,0.033935666,943,988765979,0.000000,0.000000
helper/assert,1048576,4,32,0.033944667,943,988503791,0.000000,0.000000
helper/assert,1048576,5,32,0.033912250,944,989448710,0.000000,0.000000
helper/assert,1048576,6,32,0.033972417,942,987696342,0.000000,0.000000
helper/static_sort,1048576,0,64,0.034512916,1854,1944456504,1.000000,16.000000
helper/static_sort,1048576,1,64,0.034562125,1852,1941688018,1.000000,16.000000
helper/static_sort,1048576,2,64,0.034504125,1855,1944951915,1.000000,16.000000
helper/static_sort,1048576,3,64,0.034489417,1856,1945781339,1.000000,16.000000
helper/static_sort,1048576,4,64,0.034541125,1853,1942868508,1.000000,16.000000
helper/static_sort,1048576,5,64,0.034503542,1855,1944984779,1.000000,16.000000
helper/static_sort,1048576,6,64,0.034475791,1856,1946550378,1.000000,16.000000
helper/sort_sequence,162,0,18656,0.025010458,745928,120840330,9.000000,992.000000
helper/sort_sequence,162,1,18688,0.025041041,746295,120899766,9.000000,992.000000
helper/sort_sequence,162,2,18752,0.025027125,749267,121381261,9.000000,992.000000
helper/sort_sequence,162,3,18432,0.025026708,736493,119311897,9.000000,992.000000
helper/sort_sequence,162,4,18368,0.025022500,734059,118917614,9.000000,992.000000
helper/sort_sequence,162,5,18688,0.025006708,747319,121065756,9.000000,992.000000
helper/sort_sequence,162,6,18720,0.025024292,748073,121187844,9.000000,992.000000
helper/zip_sequence,162,0,11936,0.025026208,476940,77264282,28.000000,2160.000000
helper/zip_sequence,162,1,11904,0.025046792,475270,76993812,28.000000,2160.000000
helper/zip_sequence,162,2,11936,0.025037833,476719,77228409,28.000000,2160.000000
helper/zip_sequence,162,3,11936,0.025031916,476831,77246664,28.000000,2160.000000
helper/zip_sequence,162,4,11936,0.025053958,476412,77178704,28.000000,2160.000000
helper/zip_sequence,162,5,11840,0.025034375,472950,76617850,28.000000,2160.000000
helper/zip_sequence,162,6,11936,0.025055458,476383,77174083,28.000000,2160.000000
helper/sort_callback,162,0,8800,0.025013333,351812,56993604,15.000000,1528.000000
helper/sort_callback,162,1,8832,0.025031583,352834,57159150,15.000000,1528.000000
helper/sort_callback,162,2,8800,0.025053583,351247,56902041,15.000000,1528.000000
helper/sort_callback,162,3,8576,0.025030459,342623,55504855,15.000000,1528.000000
helper/sort_callback,162,4,8736,0.025070833,348453,56449341,15.000000,1528.000000
helper/sort_callback,162,5,8768,0.025046083,350075,56712101,15.000000,1528.000000
helper/sort_callback,162,6,8736,0.025019666,349165,56564784,15.000000,1528.000000
helper/single_sequence,162,0,16512,0.025018125,660001,106920243,7.000000,584.000000
helper/single_sequence,162,1,16512,0.025011375,660180,106949098,7.000000,584.000000
helper/single_sequence,162,2,16544,0.025021209,661199,107114249,7.000000,584.000000
helper/single_sequence,162,3,16544,0.025045750,660551,107009293,7.000000,584.000000
helper/single_sequence,162,4,16608,0.025029459,663538,107493174,7.000000,584.000000
helper/single_sequence,162,5,16288,0.025036042,650582,105394295,7.000000,584.000000
helper/single_sequence,162,6,16352,0.025018459,653597,105882780,7.000000,584.000000
helper/group_round,162,0,12512,0.025023042,500019,81003101,10.000000,1016.000000
helper/group_round,162,1,12672,0.025062166,505623,81910877,10.000000,1016.000000
helper/group_round,162,2,12768,0.025015500,510404,82685375,10.000000,1016.000000
helper/group_round,162,3,12736,0.025036458,508698,82409101,10.000000,1016.000000
helper/group_round,162,4,12672,0.025037250,506126,81992391,10.000000,1016.000000
helper/group_round,162,5,12672,0.025065792,505550,81899028,10.000000,1016.000000
helper/group_round,162,6,12768,0.025054875,509601,82555431,10.000000,1016.000000
helper/filtered_sorted,162,0,6048,0.025041333,241521,39126352,53.000000,2436.000000
helper/filtered_sorted,162,1,6080,0.025011542,243088,39380219,53.000000,2436.000000
helper/filtered_sorted,162,2,6080,0.025069542,242525,39289110,53.000000,2436.000000
helper/filtered_sorted,162,3,6080,0.025121833,242021,39207330,53.000000,2436.000000
helper/filtered_sorted,162,4,6080,0.025086667,242360,39262290,53.000000,2436.000000
helper/filtered_sorted,162,5,6080,0.025002750,243173,39394067,53.000000,2436.000000
helper/filtered_sorted,162,6,6048,0.025008416,241839,39177851,53.000000,2436.000000
helper/sort_sequence,2588,0,1184,0.025137416,47101,121897652,17.000000,17312.000000
helper/sort_sequence,2588,1,1216,0.025611000,47480,122877201,17.000000,17312.000000
helper/sort_sequence,2588,2,1184,0.025178000,47025,121701168,17.000000,17312.000000
helper/sort_sequence,2588,3,1216,0.025466250,47749,123575634,17.000000,17312.000000
helper/sort_sequence,2588,4,1216,0.025576417,47544,123043349,17.000000,17312.000000
helper/sort_sequence,2588,5,1216,0.025291875,48079,124427627,17.000000,17312.000000
helper/sort_sequence,2588,6,1216,0.025350667,47967,124139061,17.000000,17312.000000
helper/zip_sequence,2588,0,928,0.025298083,36683,94934624,280.000000,30960.000000
helper/zip_sequence,2588,1,928,0.025176459,36860,95393240,280.000000,30960.000000
helper/zip_sequence,2588,2,928,0.025293209,36690,94952918,280.000000,30960.000000
helper/zip_sequence,2588,3,928,0.025168708,36871,95422618,280.000000,30960.000000
helper/zip_sequence,2588,4,928,0.025263500,36733,95064579,280.000000,30960.000000
helper/zip_sequence,2588,5,928,0.025178208,36857,95386614,280.000000,30960.000000
helper/zip_sequence,2588,6,928,0.025354709,36601,94722602,280.000000,30960.000000
helper/sort_callback,2588,0,384,0.025079625,15311,39625473,27.000000,23608.000000
helper/sort_callback,2588,1,416,0.026961625,15429,39931124,27.000000,23608.000000
helper/sort_callback,2588,2,384,0.025004083,15357,39745189,27.000000,23608.000000
helper/sort_callback,2588,3,416,0.026993125,15411,39884526,27.000000,23608.000000
helper/sort_callback,2588,4,416,0.026951000,15435,39946867,27.000000,23608.000000
helper/sort_callback,2588,5,416,0.026900084,15465,40022477,27.000000,23608.000000
helper/sort_callback,2588,6,416,0.026888292,15471,40040029,27.000000,23608.000000
helper/single_sequence,2588,0,1312,0.025175792,52114,134869878,11.000000,6344.000000
helper/single_sequence,2588,1,1312,0.025291000,51876,134255506,11.000000,6344.000000
helper/single_sequence,2588,2,1312,0.025097042,52277,135293076,11.000000,6344.000000
helper/single_sequence,2588,3,1312,0.025047375,52381,135561351,11.000000,6344.000000
helper/single_sequence,2588,4,1312,0.025023375,52431,135691369,11.000000,6344.000000
helper/single_sequence,2588,5,1312,0.025198708,52066,134747226,11.000000,6344.000000
helper/single_sequence,2588,6,1312,0.025465875,51520,133333569,11.000000,6344.000000
helper/group_round,2588,0,1152,0.025424667,45310,117263129,18.000000,9656.000000
helper/group_round,2588,1,1152,0.025203833,45707,118290579,18.000000,9656.000000
helper/group_round,2588,2,1152,0.025056416,45976,118986530,18.000000,9656.000000
helper/group_round,2588,3,1152,0.025127375,45846,118650516,18.000000,9656.000000
helper/group_round,2588,4,1152,0.025128917,45844,118643235,18.000000,9656.000000
helper/group_round,2588,5,1152,0.025131709,45839,118630054,18.000000,9656.000000
helper/group_round,2588,6,1152,0.025194584,45724,118334004,18.000000,9656.000000
helper/filtered_sorted,2588,0,352,0.026474125,13296,34410051,787.000000,39937.000000
helper/filtered_sorted,2588,1,352,0.026484917,13291,34396030,787.000000,39937.000000
helper/filtered_sorted,2588,2,352,0.026394208,13336,34514239,787.000000,39937.000000
helper/filtered_sorted,2588,3,352,0.026437875,13314,34457232,787.000000,39937.000000
helper/filtered_sorted,2588,4,352,0.026407458,13330,34496921,787.000000,39937.000000
helper/filtered_sorted,2588,5,352,0.026354792,13356,34565858,787.000000,39937.000000
helper/filtered_sorted,2588,6,352,0.026390291,13338,34519362,787.000000,39937.000000
helper/sort_sequence,21428,0,160,0.029579750,5409,115906321,23.000000,139168.000000
helper/sort_sequence,21428,1,160,0.029449417,5433,116419283,23.000000,139168.000000
helper/sort_sequence,21428,2,160,0.029994541,5334,114303466,23.000000,139168.000000
helper/sort_sequence,21428,3,160,0.029797500,5370,115059317,23.000000,139168.000000
helper/sort_sequence,21428,4,160,0.029293417,5462,117039265,23.000000,139168.000000
helper/sort_sequence,21428,5,160,0.029368250,5448,116741038,23.000000,139168.000000
helper/sort_sequence,21428,6,160,0.029350583,5451,116811308,23.000000,139168.000000
helper/zip_sequence,21428,0,128,0.027755792,4612,98818438,2081.000000,246000.000000
helper/zip_sequence,21428,1,128,0.027809709,4603,98626850,2081.000000,246000.000000
helper/zip_sequence,21428,2,128,0.027779375,4608,98734547,2081.000000,246000.000000
helper/zip_sequence,21428,3,128,0.027773333,4609,98756026,2081.000000,246000.000000
helper/zip_sequence,21428,4,128,0.028269375,4528,97023157,2081.000000,246000.000000
helper/zip_sequence,21428,5,128,0.027907792,4587,98280222,2081.000000,246000.000000
helper/zip_sequence,21428,6,128,0.027783584,4607,98719589,2081.000000,246000.000000
helper/sort_callback,21428,0,64,0.042576875,1503,32209785,36.000000,188472.000000
helper/sort_callback,21428,1,64,0.042594250,1503,32196646,36.000000,188472.000000
helper/sort_callback,21428,2,64,0.042896750,1492,31969601,36.000000,188472.000000
helper/sort_callback,21428,3,64,0.042957291,1490,31924546,36.000000,188472.000000
helper/sort_callback,21428,4,64,0.042942125,1490,31935821,36.000000,188472.000000
helper/sort_callback,21428,5,64,0.042628750,1501,32170589,36.000000,188472.000000
helper/sort_callback,21428,6,64,0.042674208,1500,32136320,36.000000,188472.000000
helper/single_sequence,21428,0,192,0.028646000,6703,143621308,14.000000,49352.000000
helper/single_sequence,21428,1,192,0.028638000,6704,143661429,14.000000,49352.000000
helper/single_sequence,21428,2,192,0.028593667,6715,143884168,14.000000,49352.000000
helper/single_sequence,21428,3,192,0.028624875,6707,143727300,14.000000,49352.000000
helper/single_sequence,21428,4,192,0.028621333,6708,143745087,14.000000,49352.000000
helper/single_sequence,21428,5,192,0.028906375,6642,142327635,14.000000,49352.000000
helper/single_sequence,21428,6,192,0.029064042,6606,141555534,14.000000,49352.000000
helper/group_round,21428,0,160,0.026290375,6086,130408182,24.000000,74168.000000
helper/group_round,21428,1,160,0.026054959,6141,131586467,24.000000,74168.000000
helper/group_round,21428,2,160,0.025988375,6157,131923600,24.000000,74168.000000
helper/group_round,21428,3,160,0.026326958,6077,130226971,24.000000,74168.000000
helper/group_round,21428,4,160,0.026030083,6147,131712219,24.000000,74168.000000
helper/group_round,21428,5,160,0.025839666,6192,132682830,24.000000,74168.000000
helper/group_round,21428,6,160,0.026395084,6062,129890854,24.000000,74168.000000
helper/filtered_sorted,21428,0,64,0.042937750,1491,31939075,6127.000000,318525.000000
helper/filtered_sorted,21428,1,64,0.043183458,1482,31757346,6127.000000,318525.000000
helper/filtered_sorted,21428,2,64,0.043277667,1479,31688215,6127.000000,318525.000000
helper/filtered_sorted,21428,3,64,0.043208708,1481,31738787,6127.000000,318525.000000
helper/filtered_sorted,21428,4,64,0.043051708,1487,31854532,6127.000000,318525.000000
helper/filtered_sorted,21428,5,64,0.043234542,1480,31719823,6127.000000,318525.000000
helper/filtered_sorted,21428,6,64,0.042915417,1491,31955696,6127.000000,318525.000000
helper/uri_roundtrip,136,0,5600,0.025001083,223990,30462680,24.000000,5422.000000
helper/uri_roundtrip,136,1,5600,0.025014166,223873,30446748,24.000000,5422.000000
helper/uri_roundtrip,136,2,5664,0.025052000,226090,30748204,24.000000,5422.000000
helper/uri_roundtrip,136,3,5632,0.025031959,224992,30598964,24.000000,5422.000000
helper/uri_roundtrip,136,4,5664,0.025075667,225876,30719183,24.000000,5422.000000
helper/uri_roundtrip,136,5,5696,0.025050000,227385,30924391,24.000000,5422.000000
helper/uri_roundtrip,136,6,5728,0.025109083,228125,31024948,24.000000,5422.000000
helper/base64_roundtrip,136,0,14816,0.025015541,592272,80548968,19.000000,2097.000000
helper/base64_roundtrip,136,1,14816,0.025032250,591876,80495201,19.000000,2097.000000
helper/base64_roundtrip,136,2,14880,0.025017750,594778,80889768,19.000000,2097.000000
helper/base64_roundtrip,136,3,14944,0.025052083,596517,81126348,19.000000,2097.000000
helper/base64_roundtrip,136,4,15008,0.025060209,598878,81447365,19.000000,2097.000000
helper/base64_roundtrip,136,5,15008,0.025000541,600307,81641753,19.000000,2097.000000
helper/base64_roundtrip,136,6,15040,0.025019375,601134,81754240,19.000000,2097.000000
helper/uri_roundtrip,1031,0,864,0.025828833,33451,34487969,30.000000,43363.000000
helper/uri_roundtrip,1031,1,864,0.025772541,33524,34563297,30.000000,43363.000000
helper/uri_roundtrip,1031,2,864,0.025770458,33527,34566091,30.000000,43363.000000
helper/uri_roundtrip,1031,3,832,0.025432833,32714,33727741,30.000000,43363.000000
helper/uri_roundtrip,1031,4,832,0.025366750,32799,33815605,30.000000,43363.000000
helper/uri_roundtrip,1031,5,832,0.025016334,33258,34289277,30.000000,43363.000000
helper/uri_roundtrip,1031,6,864,0.025844167,33431,34467507,30.000000,43363.000000
helper/base64_roundtrip,1031,0,2656,0.025290708,105019,108274391,22.000000,16434.000000
helper/base64_roundtrip,1031,1,2656,0.025253709,105173,108433023,22.000000,16434.000000
helper/base64_roundtrip,1031,2,2656,0.025274791,105085,108342577,22.000000,16434.000000
helper/base64_roundtrip,1031,3,2656,0.025264917,105126,108384920,22.000000,16434.000000
helper/base64_roundtrip,1031,4,2656,0.025243542,105215,108476695,22.000000,16434.000000
helper/base64_roundtrip,1031,5,2656,0.025079084,105905,109188039,22.000000,16434.000000
helper/base64_roundtrip,1031,6,2688,0.025237166,106510,109811379,22.000000,16434.000000
helper/uri_roundtrip,10251,0,96,0.028076209,3419,35050886,36.000000,409675.000000
helper/uri_roundtrip,10251,1,96,0.028732250,3341,34250572,36.000000,409675.000000
helper/uri_roundtrip,10251,2,96,0.028890666,3323,34062766,36.000000,409675.000000
helper/uri_roundtrip,10251,3,96,0.028339541,3387,34725192,36.000000,409675.000000
helper/uri_roundtrip,10251,4,96,0.028628750,3353,34374396,36.000000,409675.000000
helper/uri_roundtrip,10251,5,96,0.028539292,3364,34482145,36.000000,409675.000000
helper/uri_roundtrip,10251,6,96,0.028611041,3355,34395673,36.000000,409675.000000
helper/base64_roundtrip,10251,0,288,0.025037292,11503,117915628,25.000000,156066.000000
helper/base64_roundtrip,10251,1,320,0.027582583,11602,118927223,25.000000,156066.000000
helper/base64_roundtrip,10251,2,320,0.027601667,11594,118844996,25.000000,156066.000000
helper/base64_roundtrip,10251,3,320,0.027606334,11592,118824904,25.000000,156066.000000
helper/base64_roundtrip,10251,4,320,0.027465292,11651,119435104,25.000000,156066.000000
helper/base64_roundtrip,10251,5,320,0.027491666,11640,119320524,25.000000,156066.000000
helper/base64_roundtrip,10251,6,320,0.027429792,11666,119589678,25.000000,156066.000000
helper/uri_roundtrip,1048586,0,32,0.980815458,33,34211076,50.000000,44459678.000000
helper/uri_roundtrip,1048586,1,32,0.986227291,32,34023346,50.000000,44459678.000000
helper/uri_roundtrip,1048586,2,32,0.984859916,32,34070583,50.000000,44459678.000000
helper/uri_roundtrip,1048586,3,32,0.985849833,32,34036372,50.000000,44459678.000000
helper/uri_roundtrip,1048586,4,32,0.982521583,33,34151669,50.000000,44459678.000000
helper/uri_roundtrip,1048586,5,32,0.984534417,33,34081848,50.000000,44459678.000000
helper/uri_roundtrip,1048586,6,32,0.983041709,33,34133600,50.000000,44459678.000000
helper/base64_roundtrip,1048586,0,32,0.280017125,114,119831071,32.000000,16812233.000000
helper/base64_roundtrip,1048586,1,32,0.279799417,114,119924310,32.000000,16812233.000000
helper/base64_roundtrip,1048586,2,32,0.279461625,115,120069265,32.000000,16812233.000000
helper/base64_roundtrip,1048586,3,32,0.279694750,114,119969188,32.000000,16812233.000000
helper/base64_roundtrip,1048586,4,32,0.280014417,114,119832230,32.000000,16812233.000000
helper/base64_roundtrip,1048586,5,32,0.279916375,114,119874202,32.000000,16812233.000000
helper/base64_roundtrip,1048586,6,32,0.280263959,114,119725533,32.000000,16812233.000000
compile/formatting,0,0,3872,0.025116958,154159,0,172.000000,15749.000000
compile/formatting,0,1,3936,0.025173000,156358,0,172.000000,15749.000000
compile/formatting,0,2,3904,0.025056125,155810,0,172.000000,15749.000000
compile/formatting,0,3,3904,0.025189958,154982,0,172.000000,15749.000000
compile/formatting,0,4,3904,0.025155208,155196,0,172.000000,15749.000000
compile/formatting,0,5,3904,0.025167666,155120,0,172.000000,15749.000000
compile/formatting,0,6,3936,0.025092291,156861,0,172.000000,15749.000000
format/number_static,200,0,41024,0.025015208,1639962,327992476,2.000000,54.000000
format/number_static,200,1,40800,0.025005792,1631622,326324397,2.000000,54.000000
format/number_static,200,2,40992,0.025010458,1638994,327798875,2.000000,54.000000
format/number_static,200,3,41024,0.025015250,1639960,327991925,2.000000,54.000000
format/number_static,200,4,40864,0.025005959,1634170,326834096,2.000000,54.000000
format/number_static,200,5,40992,0.025008584,1639117,327823439,2.000000,54.000000
format/number_static,200,6,41120,0.025011833,1644022,328804370,2.000000,54.000000
format/number_context,200,0,37632,0.025006750,1504874,300974737,2.000000,54.000000
format/number_context,200,1,37568,0.025018375,1501616,300323262,2.000000,54.000000
format/number_context,200,2,37600,0.025017583,1502943,300588590,2.000000,54.000000
format/number_context,200,3,37504,0.025015125,1499253,299850590,2.000000,54.000000
format/number_context,200,4,37504,0.025016709,1499158,299831605,2.000000,54.000000
format/number_context,200,5,37248,0.025008333,1489424,297884709,2.000000,54.000000
format/number_context,200,6,37408,0.025017041,1495301,299060149,2.000000,54.000000
format/number_dynamic,200,0,20064,0.025007417,802322,160464393,20.000000,569.000000
format/number_dynamic,200,1,20096,0.025020750,803173,160634673,20.000000,569.000000
format/number_dynamic,200,2,20384,0.025013250,814928,162985618,20.000000,569.000000
format/number_dynamic,200,3,20512,0.025034500,819349,163869860,20.000000,569.000000
format/number_dynamic,200,4,20256,0.025026875,809370,161873985,20.000000,569.000000
format/number_dynamic,200,5,20224,0.025014125,808503,161700639,20.000000,569.000000
format/number_dynamic,200,6,20288,0.025032875,810454,162090851,20.000000,569.000000
format/integer_static,200,0,58688,0.025002250,2347309,469461748,2.000000,32.000000
format/integer_static,200,1,58656,0.025003083,2345951,469190139,2.000000,32.000000
format/integer_static,200,2,58720,0.025004625,2348366,469673110,2.000000,32.000000
format/integer_static,200,3,58272,0.025000792,2330806,466161232,2.000000,32.000000
format/integer_static,200,4,58752,0.025002750,2349822,469964304,2.000000,32.000000
format/integer_static,200,5,58912,0.025002833,2356213,471242599,2.000000,32.000000
format/integer_static,200,6,59200,0.025010334,2367022,473404314,2.000000,32.000000
format/integer_dynamic,200,0,34272,0.025000375,1370859,274171887,5.000000,120.000000
format/integer_dynamic,200,1,34752,0.025013125,1389351,277870118,5.000000,120.000000
format/integer_dynamic,200,2,34752,0.025008333,1389617,277923363,5.000000,120.000000
format/integer_dynamic,200,3,34592,0.025011458,1383046,276609224,5.000000,120.000000
format/integer_dynamic,200,4,34816,0.025008250,1392181,278436116,5.000000,120.000000
format/integer_dynamic,200,5,34944,0.025011250,1397131,279426258,5.000000,120.000000
format/integer_dynamic,200,6,35104,0.025011375,1403521,280704280,5.000000,120.000000
format/integer_parse_static,200,0,70464,0.025004209,2818086,563617109,1.000000,8.000000
format/integer_parse_static,200,1,70208,0.025007625,2807464,561492745,1.000000,8.000000
format/integer_parse_static,200,2,70496,0.025004709,2819309,563861791,1.000000,8.000000
format/integer_parse_static,200,3,70656,0.025006625,2825491,565098249,1.000000,8.000000
format/integer_parse_static,200,4,70976,0.025009083,2838009,567601779,1.000000,8.000000
format/integer_parse_static,200,5,70880,0.025003958,2834751,566950240,1.000000,8.000000
format/integer_parse_static,200,6,70656,0.025005917,2825571,565114249,1.000000,8.000000
format/words_static,200,0,47392,0.025011959,1894774,378954723,5.000000,184.000000
format/words_static,200,1,47680,0.025008583,1906545,381309089,5.000000,184.000000
format/words_static,200,2,47616,0.025012041,1903723,380744618,5.000000,184.000000
format/words_static,200,3,47712,0.025015709,1907282,381456308,5.000000,184.000000
format/words_static,200,4,47968,0.025001458,1918608,383721621,5.000000,184.000000
format/words_static,200,5,48000,0.025006083,1919533,383906588,5.000000,184.000000
format/words_static,200,6,47872,0.025002916,1914657,382931335,5.000000,184.000000
format/date_static,200,0,49920,0.025002375,1996610,399322064,2.000000,51.000000
format/date_static,200,1,50080,0.025012166,2002226,400445127,2.000000,51.000000
format/date_static,200,2,49952,0.025014583,1996915,399383032,2.000000,51.000000
format/date_static,200,3,49504,0.025000042,1980157,396031335,2.000000,51.000000
format/date_static,200,4,49760,0.025003833,1990095,398018976,2.000000,51.000000
format/date_static,200,5,50240,0.025001791,2009456,401891209,2.000000,51.000000
format/date_static,200,6,50304,0.025013416,2011081,402216155,2.000000,51.000000
format/date_context,200,0,45120,0.025008042,1804220,360843924,2.000000,51.000000
format/date_context,200,1,45376,0.025016708,1813828,362765557,2.000000,51.000000
format/date_context,200,2,45440,0.025008917,1816952,363390386,2.000000,51.000000
format/date_context,200,3,45440,0.025013084,1816649,363329848,2.000000,51.000000
format/date_context,200,4,45312,0.025008208,1811885,362377024,2.000000,51.000000
format/date_context,200,5,45344,0.025009167,1813095,362619035,2.000000,51.000000
format/date_context,200,6,45376,0.025016334,1813855,362770980,2.000000,51.000000
format/date_dynamic,200,0,23488,0.025029000,938431,187686284,15.000000,2005.000000
format/date_dynamic,200,1,23392,0.025027292,934660,186931930,15.000000,2005.000000
format/date_dynamic,200,2,23072,0.025007209,922614,184522791,15.000000,2005.000000
format/date_dynamic,200,3,23488,0.025021083,938728,187745670,15.000000,2005.000000
format/date_dynamic,200,4,23520,0.025030583,939651,187930101,15.000000,2005.000000
format/date_dynamic,200,5,23552,0.025011584,941644,188328736,15.000000,2005.000000
format/date_dynamic,200,6,23584,0.025007917,943061,188612270,15.000000,2005.000000
format/date_iso,200,0,42688,0.025001083,1707446,341489207,2.000000,101.000000
format/date_iso,200,1,41824,0.025018041,1671754,334350719,2.000000,101.000000
format/date_iso,200,2,42208,0.025011416,1687549,337509879,2.000000,101.000000
format/date_iso,200,3,42400,0.025000041,1695997,339199444,2.000000,101.000000
format/date_iso,200,4,42496,0.025015000,1698821,339764142,2.000000,101.000000
format/date_iso,200,5,42272,0.025001292,1690793,338158524,2.000000,101.000000
format/date_iso,200,6,42464,0.025002709,1698376,339675193,2.000000,101.000000
format/date_parse_iso,200,0,76448,0.025002459,3057619,611523851,0.000000,0.000000
format/date_parse_iso,200,1,76256,0.025000667,3050159,610031724,0.000000,0.000000
format/date_parse_iso,200,2,76128,0.025007083,3044258,608851500,0.000000,0.000000
format/date_parse_iso,200,3,76000,0.025003042,3039630,607926028,0.000000,0.000000
format/date_parse_iso,200,4,76224,0.025002000,3048716,609743221,0.000000,0.000000
format/date_parse_iso,200,5,76480,0.025004709,3058624,611724776,0.000000,0.000000
format/date_parse_iso,200,6,76224,0.025002750,3048625,609724930,0.000000,0.000000
format/date_parse_constant,200,0,179296,0.025002125,7171230,1434246089,0.000000,0.000000
format/date_parse_constant,200,1,181184,0.025003167,7246442,1449288404,0.000000,0.000000
format/date_parse_constant,200,2,180256,0.025004167,7209038,1441807679,0.000000,0.000000
format/date_parse_constant,200,3,182432,0.025002875,7296441,1459288182,0.000000,0.000000
format/date_parse_constant,200,4,180224,0.025002791,7208155,1441631056,0.000000,0.000000
format/date_parse_constant,200,5,181504,0.025003917,7259023,1451804531,0.000000,0.000000
format/date_parse_constant,200,6,180704,0.025001583,7227702,1445540468,0.000000,0.000000
format/date_parse_static,200,0,41408,0.025009750,1655674,331134857,6.000000,1360.000000
format/date_parse_static,200,1,41152,0.025003042,1645880,329175946,6.000000,1360.000000
format/date_parse_static,200,2,41376,0.025006625,1654602,330920306,6.000000,1360.000000
format/date_parse_static,200,3,41568,0.025012625,1661881,332376150,6.000000,1360.000000
format/date_parse_static,200,4,41536,0.025014291,1660491,332098159,6.000000,1360.000000
format/date_parse_static,200,5,41952,0.025000292,1678060,335612080,6.000000,1360.000000
format/date_parse_static,200,6,42080,0.025003459,1682967,336593429,6.000000,1360.000000
format/date_parse_dynamic,200,0,5888,0.025052792,235024,47004741,89.000000,10593.000000
format/date_parse_dynamic,200,1,5824,0.025097084,232059,46411766,89.000000,10593.000000
format/date_parse_dynamic,200,2,5824,0.025035333,232631,46526244,89.000000,10593.000000
format/date_parse_dynamic,200,3,5856,0.025107708,233235,46647030,89.000000,10593.000000
format/date_parse_dynamic,200,4,5888,0.025094333,234635,46926930,89.000000,10593.000000
format/date_parse_dynamic,200,5,5888,0.025067667,234884,46976849,89.000000,10593.000000
format/date_parse_dynamic,200,6,5856,0.025012208,234126,46825134,89.000000,10593.000000
format/mixed,200,0,14688,0.025002791,587454,117490883,13.000000,1889.000000
format/mixed,200,1,14720,0.025028709,588125,117624924,13.000000,1889.000000
format/mixed,200,2,14752,0.025051250,588873,117774562,13.000000,1889.000000
format/mixed,200,3,14784,0.025051792,590137,118027485,13.000000,1889.000000
format/mixed,200,4,14688,0.025051625,586309,117261854,13.000000,1889.000000
format/mixed,200,5,14848,0.025051708,592694,118538824,13.000000,1889.000000
format/mixed,200,6,14880,0.025029084,594508,118901675,13.000000,1889.000000
format/number_static,500,0,26848,0.025028375,1072702,536351241,2.000000,54.000000
format/number_static,500,1,26848,0.025009167,1073526,536763180,2.000000,54.000000
format/number_static,500,2,26848,0.025018625,1073121,536560263,2.000000,54.000000
format/number_static,500,3,26720,0.025001375,1068741,534370610,2.000000,54.000000
format/number_static,500,4,26592,0.025010084,1063251,531625564,2.000000,54.000000
format/number_static,500,5,26752,0.025004042,1069907,534953509,2.000000,54.000000
format/number_static,500,6,26784,0.025007916,1071021,535510436,2.000000,54.000000
format/number_context,500,0,25248,0.025022250,1009022,504510985,2.000000,54.000000
format/number_context,500,1,25280,0.025023625,1010245,505122659,2.000000,54.000000
format/number_context,500,2,25344,0.025016834,1013078,506538917,2.000000,54.000000
format/number_context,500,3,25312,0.025008750,1012126,506062878,2.000000,54.000000
format/number_context,500,4,24992,0.025007667,999374,499686756,2.000000,54.000000
format/number_context,500,5,25184,0.025030042,1006151,503075464,2.000000,54.000000
format/number_context,500,6,25152,0.025012458,1005579,502789450,2.000000,54.000000
format/number_dynamic,500,0,14368,0.025032667,573970,286985002,20.000000,569.000000
format/number_dynamic,500,1,14272,0.025030209,570191,285095502,20.000000,569.000000
format/number_dynamic,500,2,14368,0.025026916,574102,287050949,20.000000,569.000000
format/number_dynamic,500,3,14400,0.025044375,574979,287489706,20.000000,569.000000
format/number_dynamic,500,4,14432,0.025004375,577179,288589497,20.000000,569.000000
format/number_dynamic,500,5,14432,0.025031125,576562,288281090,20.000000,569.000000
format/number_dynamic,500,6,14464,0.025050000,577405,288702595,20.000000,569.000000
format/integer_static,500,0,33568,0.025000333,1342702,671351058,2.000000,32.000000
format/integer_static,500,1,33472,0.025015333,1338059,669029671,2.000000,32.000000
format/integer_static,500,2,33408,0.025023417,1335069,667534734,2.000000,32.000000
format/integer_static,500,3,33440,0.025003125,1337433,668716410,2.000000,32.000000
format/integer_static,500,4,33440,0.025021208,1336466,668233124,2.000000,32.000000
format/integer_static,500,5,33600,0.025001458,1343922,671960811,2.000000,32.000000
format/integer_static,500,6,33568,0.025006875,1342351,671175427,2.000000,32.000000
format/integer_dynamic,500,0,20896,0.025030084,834835,417417696,5.000000,120.000000
format/integer_dynamic,500,1,20800,0.025021000,831302,415650853,5.000000,120.000000
format/integer_dynamic,500,2,20928,0.025014792,836625,418312493,5.000000,120.000000
format/integer_dynamic,500,3,20896,0.025005667,835651,417825287,5.000000,120.000000
format/integer_dynamic,500,4,20896,0.025015042,835337,417668697,5.000000,120.000000
format/integer_dynamic,500,5,20896,0.025020625,835151,417575500,5.000000,120.000000
format/integer_dynamic,500,6,20896,0.025008500,835556,417777955,5.000000,120.000000
format/integer_parse_static,500,0,36800,0.025006458,1471620,735809926,1.000000,8.000000
format/integer_parse_static,500,1,37056,0.025005625,1481907,740953286,1.000000,8.000000
format/integer_parse_static,500,2,37024,0.025000875,1480908,740454084,1.000000,8.000000
format/integer_parse_static,500,3,37120,0.025017458,1483764,741881929,1.000000,8.000000
format/integer_parse_static,500,4,37248,0.025014875,1489034,744517012,1.000000,8.000000
format/integer_parse_static,500,5,37184,0.025011541,1486674,743336846,1.000000,8.000000
format/integer_parse_static,500,6,37056,0.025019542,1481082,740541134,1.000000,8.000000
format/words_static,500,0,29408,0.025002000,1176226,588112951,5.000000,184.000000
format/words_static,500,1,29600,0.025018958,1183103,591551415,5.000000,184.000000
format/words_static,500,2,29568,0.025015667,1181979,590989639,5.000000,184.000000
format/words_static,500,3,29600,0.025024375,1182847,591423362,5.000000,184.000000
format/words_static,500,4,29600,0.025008417,1183602,591800753,5.000000,184.000000
format/words_static,500,5,29600,0.025015833,1183251,591625312,5.000000,184.000000
format/words_static,500,6,29504,0.025001875,1180071,590035747,5.000000,184.000000
format/date_static,500,0,30304,0.025013667,1211498,605748849,2.000000,51.000000
format/date_static,500,1,30272,0.025012750,1210263,605131383,2.000000,51.000000
format/date_static,500,2,30176,0.025012833,1206421,603210360,2.000000,51.000000
format/date_static,500,3,30272,0.025002333,1210767,605383506,2.000000,51.000000
format/date_static,500,4,30240,0.025014708,1208889,604444393,2.000000,51.000000
format/date_static,500,5,30368,0.025008792,1214293,607146479,2.000000,51.000000
format/date_static,500,6,30080,0.025020416,1202218,601109110,2.000000,51.000000
format/date_context,500,0,28320,0.025005833,1132536,566267878,2.000000,51.000000
format/date_context,500,1,28416,0.025003917,1136462,568230970,2.000000,51.000000
format/date_context,500,2,28544,0.025002292,1141655,570827667,2.000000,51.000000
format/date_context,500,3,28384,0.025018667,1134513,567256441,2.000000,51.000000
format/date_context,500,4,28352,0.025023917,1132996,566498043,2.000000,51.000000
format/date_context,500,5,28512,0.025001625,1140406,570202937,2.000000,51.000000
format/date_context,500,6,28000,0.025008958,1119599,559799413,2.000000,51.000000
format/date_dynamic,500,0,15104,0.025002500,604100,302049795,15.000000,2005.000000
format/date_dynamic,500,1,15648,0.025047709,624728,312363897,15.000000,2005.000000
format/date_dynamic,500,2,15680,0.025003500,627112,313556102,15.000000,2005.000000
format/date_dynamic,500,3,15744,0.025022042,629205,314602621,15.000000,2005.000000
format/date_dynamic,500,4,15648,0.025011250,625638,312819231,15.000000,2005.000000
format/date_dynamic,500,5,15648,0.025029875,625173,312586459,15.000000,2005.000000
format/date_dynamic,500,6,15904,0.025031292,635365,317682363,15.000000,2005.000000
format/date_iso,500,0,27488,0.025000916,1099480,549739858,2.000000,101.000000
format/date_iso,500,1,27424,0.025003750,1096795,548397740,2.000000,101.000000
format/date_iso,500,2,27552,0.025022792,1101076,550538085,2.000000,101.000000
format/date_iso,500,3,27584,0.025019333,1102507,551253704,2.000000,101.000000
format/date_iso,500,4,27456,0.025001292,1098183,549091623,2.000000,101.000000
format/date_iso,500,5,27584,0.025011375,1102858,551429100,2.000000,101.000000
format/date_iso,500,6,27392,0.025020667,1094775,547387486,2.000000,101.000000
format/date_parse_iso,500,0,38528,0.025004834,1540822,770411033,0.000000,0.000000
format/date_parse_iso,500,1,38528,0.025008166,1540617,770308386,0.000000,0.000000
format/date_parse_iso,500,2,38432,0.025017042,1536233,768116390,0.000000,0.000000
format/date_parse_iso,500,3,38560,0.025006167,1542020,771009807,0.000000,0.000000
format/date_parse_iso,500,4,38368,0.025005667,1534372,767186094,0.000000,0.000000
format/date_parse_iso,500,5,38560,0.025005291,1542074,771036818,0.000000,0.000000
format/date_parse_iso,500,6,38432,0.025017291,1536217,768108745,0.000000,0.000000
format/date_parse_constant,500,0,82976,0.025008958,3317851,1658925574,0.000000,0.000000
format/date_parse_constant,500,1,82976,0.025007375,3318061,1659030586,0.000000,0.000000
format/date_parse_constant,500,2,83264,0.025006500,3329694,1664847140,0.000000,0.000000
format/date_parse_constant,500,3,83168,0.025007791,3325684,1662841792,0.000000,0.000000
format/date_parse_constant,500,4,83104,0.025008166,3323075,1661537275,0.000000,0.000000
format/date_parse_constant,500,5,83136,0.025002083,3325163,1662581474,0.000000,0.000000
format/date_parse_constant,500,6,83200,0.025007708,3326974,1663487114,0.000000,0.000000
format/date_parse_static,500,0,27328,0.025014875,1092470,546234990,6.000000,1360.000000
format/date_parse_static,500,1,27296,0.025020750,1090935,545467262,6.000000,1360.000000
format/date_parse_static,500,2,27168,0.025033375,1085271,542635581,6.000000,1360.000000
format/date_parse_static,500,3,27168,0.025027458,1085528,542763872,6.000000,1360.000000
format/date_parse_static,500,4,27104,0.025028583,1082922,541460937,6.000000,1360.000000
format/date_parse_static,500,5,27072,0.025005292,1082651,541325412,6.000000,1360.000000
format/date_parse_static,500,6,27136,0.025004417,1085248,542624129,6.000000,1360.000000
format/date_parse_dynamic,500,0,5184,0.025129791,206289,103144511,89.000000,10593.000000
format/date_parse_dynamic,500,1,5152,0.025009875,205999,102999315,89.000000,10593.000000
format/date_parse_dynamic,500,2,5152,0.025120959,205088,102543856,89.000000,10593.000000
format/date_parse_dynamic,500,3,5184,0.025042208,207011,103505250,89.000000,10593.000000
format/date_parse_dynamic,500,4,5216,0.025119041,207651,103825620,89.000000,10593.000000
format/date_parse_dynamic,500,5,5184,0.025073167,206755,103377447,89.000000,10593.000000
format/date_parse_dynamic,500,6,5216,0.025075958,208008,104004003,89.000000,10593.000000
format/mixed,500,0,10656,0.025022291,425860,212930143,13.000000,1889.000000
format/mixed,500,1,10656,0.025008667,426092,213046141,13.000000,1889.000000
format/mixed,500,2,10688,0.025047250,426714,213356756,13.000000,1889.000000
format/mixed,500,3,10720,0.025004417,428724,214362126,13.000000,1889.000000
format/mixed,500,4,10752,0.025029542,429572,214786191,13.000000,1889.000000
format/mixed,500,5,10752,0.025047000,429273,214636483,13.000000,1889.000000
format/mixed,500,6,10720,0.025004084,428730,214364981,13.000000,1889.000000
format/number_static,1024,0,17120,0.025020625,684236,700657158,2.000000,54.000000
format/number_static,1024,1,17120,0.025015958,684363,700787873,2.000000,54.000000
format/number_static,1024,2,17152,0.025032125,685200,701644307,2.000000,54.000000
format/number_static,1024,3,17152,0.025008000,685861,702321177,2.000000,54.000000
format/number_static,1024,4,17152,0.025034334,685139,701582395,2.000000,54.000000
format/number_static,1024,5,17152,0.025036708,685074,701515870,2.000000,54.000000
format/number_static,1024,6,17120,0.025008375,684571,701000365,2.000000,54.000000
format/number_context,1024,0,16384,0.025033875,654473,670180545,2.000000,54.000000
format/number_context,1024,1,16416,0.025021500,656076,671821593,2.000000,54.000000
format/number_context,1024,2,16448,0.025008167,657705,673490064,2.000000,54.000000
format/number_context,1024,3,16416,0.025001083,656612,672370233,2.000000,54.000000
format/number_context,1024,4,16480,0.025038625,658183,673979502,2.000000,54.000000
format/number_context,1024,5,16384,0.025022666,654766,670480755,2.000000,54.000000
format/number_context,1024,6,16512,0.025029750,659695,675527642,2.000000,54.000000
format/number_dynamic,1024,0,9984,0.025045583,398633,408200360,20.000000,569.000000
format/number_dynamic,1024,1,9952,0.025022167,397727,407272799,20.000000,569.000000
format/number_dynamic,1024,2,9920,0.025057292,395893,405394166,20.000000,569.000000
format/number_dynamic,1024,3,9952,0.025044958,397365,406902180,20.000000,569.000000
format/number_dynamic,1024,4,10016,0.025064417,399610,409200980,20.000000,569.000000
format/number_dynamic,1024,5,10048,0.025057375,401000,410623699,20.000000,569.000000
format/number_dynamic,1024,6,9952,0.025040292,397439,406978002,20.000000,569.000000
format/integer_static,1024,0,19520,0.025031875,779806,798521086,2.000000,32.000000
format/integer_static,1024,1,19584,0.025028875,782456,801235213,2.000000,32.000000
format/integer_static,1024,2,19552,0.025032292,781071,799816813,2.000000,32.000000
format/integer_static,1024,3,19488,0.025022000,778835,797526657,2.000000,32.000000
format/integer_static,1024,4,19552,0.025012583,781687,800447039,2.000000,32.000000
format/integer_static,1024,5,19552,0.025013667,781653,800412351,2.000000,32.000000
format/integer_static,1024,6,19552,0.025002834,781991,800759146,2.000000,32.000000
format/integer_dynamic,1024,0,12512,0.025005500,500370,512378797,5.000000,120.000000
format/integer_dynamic,1024,1,12544,0.025024791,501263,513293238,5.000000,120.000000
format/integer_dynamic,1024,2,12576,0.025045333,502129,514180586,5.000000,120.000000
format/integer_dynamic,1024,3,12544,0.025034542,501068,513093309,5.000000,120.000000
format/integer_dynamic,1024,4,12544,0.025002875,501702,513743160,5.000000,120.000000
format/integer_dynamic,1024,5,12512,0.025007333,500333,512341240,5.000000,120.000000
format/integer_dynamic,1024,6,12544,0.025018667,501386,513418880,5.000000,120.000000
format/integer_parse_static,1024,0,20608,0.025034416,823187,842943251,1.000000,8.000000
format/integer_parse_static,1024,1,20640,0.025015333,825094,844896208,1.000000,8.000000
format/integer_parse_static,1024,2,20672,0.025030833,825861,845682123,1.000000,8.000000
format/integer_parse_static,1024,3,20736,0.025029750,828454,848337039,1.000000,8.000000
format/integer_parse_static,1024,4,20704,0.025000334,828149,848024510,1.000000,8.000000
format/integer_parse_static,1024,5,20704,0.025021625,827444,847302923,1.000000,8.000000
format/integer_parse_static,1024,6,20704,0.025018625,827543,847404524,1.000000,8.000000
format/words_static,1024,0,18144,0.025039375,724619,742009575,5.000000,184.000000
format/words_static,1024,1,18112,0.025021500,723857,741230062,5.000000,184.000000
format/words_static,1024,2,18144,0.025008667,725508,742920684,5.000000,184.000000
format/words_static,1024,3,18112,0.025039292,723343,740703371,5.000000,184.000000
format/words_static,1024,4,18080,0.025020625,722604,739946344,5.000000,184.000000
format/words_static,1024,5,18048,0.025005333,721766,739088418,5.000000,184.000000
format/words_static,1024,6,18176,0.025007750,726815,744258240,5.000000,184.000000
format/date_static,1024,0,18464,0.025016667,738068,755781576,2.000000,51.000000
format/date_static,1024,1,18496,0.025039959,738659,756387181,2.000000,51.000000
format/date_static,1024,2,18560,0.025037125,741299,759090351,2.000000,51.000000
format/date_static,1024,3,18400,0.025023542,735308,752954957,2.000000,51.000000
format/date_static,1024,4,18432,0.025013208,736891,754576062,2.000000,51.000000
format/date_static,1024,5,18496,0.025038458,738704,756432525,2.000000,51.000000
format/date_static,1024,6,18272,0.025034500,729873,747389722,2.000000,51.000000
format/date_context,1024,0,17664,0.025003417,706463,723418563,2.000000,51.000000
format/date_context,1024,1,17728,0.025004500,708992,726008199,2.000000,51.000000
format/date_context,1024,2,17728,0.025034500,708143,725138189,2.000000,51.000000
format/date_context,1024,3,17696,0.025021625,707228,724201726,2.000000,51.000000
format/date_context,1024,4,17728,0.025042208,707925,724914992,2.000000,51.000000
format/date_context,1024,5,17856,0.025023666,713565,730690060,2.000000,51.000000
format/date_context,1024,6,17728,0.025032458,708201,725197342,2.000000,51.000000
format/date_dynamic,1024,0,10688,0.025013958,427281,437536195,15.000000,2005.000000
format/date_dynamic,1024,1,10688,0.025062083,426461,436696024,15.000000,2005.000000
format/date_dynamic,1024,2,10688,0.025030625,426997,437244855,15.000000,2005.000000
format/date_dynamic,1024,3,10656,0.025043958,425492,435703654,15.000000,2005.000000
format/date_dynamic,1024,4,10624,0.025035625,424355,434539821,15.000000,2005.000000
format/date_dynamic,1024,5,10624,0.025051959,424079,434256499,15.000000,2005.000000
format/date_dynamic,1024,6,10656,0.025061958,425186,435390722,15.000000,2005.000000
format/date_iso,1024,0,17312,0.025033000,691567,708164743,2.000000,101.000000
format/date_iso,1024,1,17312,0.025009000,692231,708844336,2.000000,101.000000
format/date_iso,1024,2,17312,0.025002500,692411,709028617,2.000000,101.000000
format/date_iso,1024,3,17376,0.025029458,694222,710883312,2.000000,101.000000
format/date_iso,1024,4,17376,0.025029083,694232,710893963,2.000000,101.000000
format/date_iso,1024,5,17216,0.025002167,688580,705106241,2.000000,101.000000
format/date_iso,1024,6,17312,0.025045208,691230,707819556,2.000000,101.000000
format/date_parse_iso,1024,0,21024,0.025016250,840414,860583661,0.000000,0.000000
format/date_parse_iso,1024,1,21056,0.025022208,841492,861688305,0.000000,0.000000
format/date_parse_iso,1024,2,21056,0.025022500,841483,861678250,0.000000,0.000000
format/date_parse_iso,1024,3,21056,0.025036167,841023,861207868,0.000000,0.000000
format/date_parse_iso,1024,4,21120,0.025020042,844123,864382242,0.000000,0.000000
format/date_parse_iso,1024,5,21120,0.025027583,843869,864121797,0.000000,0.000000
format/date_parse_iso,1024,6,21088,0.025017500,842930,863160268,0.000000,0.000000
format/date_parse_constant,1024,0,43616,0.025001875,1744509,1786377382,0.000000,0.000000
format/date_parse_constant,1024,1,43744,0.025017417,1748542,1790506830,0.000000,0.000000
format/date_parse_constant,1024,2,43712,0.025010333,1747758,1789703800,0.000000,0.000000
format/date_parse_constant,1024,3,43552,0.025003083,1741865,1783669958,0.000000,0.000000
format/date_parse_constant,1024,4,43648,0.025015750,1744821,1786696461,0.000000,0.000000
format/date_parse_constant,1024,5,43584,0.025003792,1743096,1784929902,0.000000,0.000000
format/date_parse_constant,1024,6,43712,0.025012000,1747641,1789584519,0.000000,0.000000
format/date_parse_static,1024,0,17248,0.025038625,688856,705388255,6.000000,1360.000000
format/date_parse_static,1024,1,17248,0.025019333,689387,705932169,6.000000,1360.000000
format/date_parse_static,1024,2,17280,0.025024917,690512,707084063,6.000000,1360.000000
format/date_parse_static,1024,3,17280,0.025004416,691078,707663798,6.000000,1360.000000
format/date_parse_static,1024,4,17312,0.025019959,691928,708533855,6.000000,1360.000000
format/date_parse_static,1024,5,17216,0.025007292,688439,704961737,6.000000,1360.000000
format/date_parse_static,1024,6,17248,0.025026500,689189,705730006,6.000000,1360.000000
format/date_parse_dynamic,1024,0,4448,0.025148416,176870,181114866,89.000000,10593.000000
format/date_parse_dynamic,1024,1,4448,0.025163416,176765,181006903,89.000000,10593.000000
format/date_parse_dynamic,1024,2,4448,0.025166666,176742,180983528,89.000000,10593.000000
format/date_parse_dynamic,1024,3,4448,0.025143708,176903,181148779,89.000000,10593.000000
format/date_parse_dynamic,1024,4,4448,0.025096750,177234,181487723,89.000000,10593.000000
format/date_parse_dynamic,1024,5,4448,0.025100833,177205,181458201,89.000000,10593.000000
format/date_parse_dynamic,1024,6,4480,0.025152500,178114,182388232,89.000000,10593.000000
format/mixed,1024,0,7328,0.025093667,292026,299034493,13.000000,1889.000000
format/mixed,1024,1,7296,0.025062500,291112,298098913,13.000000,1889.000000
format/mixed,1024,2,7296,0.025023583,291565,298562520,13.000000,1889.000000
format/mixed,1024,3,7296,0.025082375,290882,297862702,13.000000,1889.000000
format/mixed,1024,4,7296,0.025012333,291696,298696807,13.000000,1889.000000
format/mixed,1024,5,7296,0.025101708,290658,297633293,13.000000,1889.000000
format/mixed,1024,6,7264,0.025004625,290506,297478406,13.000000,1889.000000
format/number_static,10240,0,2336,0.025323583,92246,944599348,2.000000,54.000000
format/number_static,10240,1,2336,0.025246125,92529,947497487,2.000000,54.000000
format/number_static,10240,2,2336,0.025255541,92495,947144233,2.000000,54.000000
format/number_static,10240,3,2336,0.025316625,92271,944858961,2.000000,54.000000
format/number_static,10240,4,2336,0.025286708,92381,945976835,2.000000,54.000000
format/number_static,10240,5,2336,0.025264958,92460,946791204,2.000000,54.000000
format/number_static,10240,6,2336,0.025260709,92476,946950460,2.000000,54.000000
format/number_context,10240,0,2304,0.025302666,91058,932429808,2.000000,54.000000
format/number_context,10240,1,2304,0.025086833,91841,940451910,2.000000,54.000000
format/number_context,10240,2,2304,0.025045000,91994,942022759,2.000000,54.000000
format/number_context,10240,3,2304,0.025091542,91824,940275412,2.000000,54.000000
format/number_context,10240,4,2304,0.025105041,91774,939769826,2.000000,54.000000
format/number_context,10240,5,2304,0.025115916,91735,939362912,2.000000,54.000000
format/number_context,10240,6,2304,0.025067042,91914,941194418,2.000000,54.000000
format/number_dynamic,10240,0,1536,0.025395125,60484,619356668,20.000000,569.000000
format/number_dynamic,10240,1,1536,0.025380250,60519,619719664,20.000000,569.000000
format/number_dynamic,10240,2,1536,0.025337625,60621,620762206,20.000000,569.000000
format/number_dynamic,10240,3,1536,0.025317667,60669,621251555,20.000000,569.000000
format/number_dynamic,10240,4,1536,0.025249500,60833,622928771,20.000000,569.000000
format/number_dynamic,10240,5,1536,0.025338917,60618,620730555,20.000000,569.000000
format/number_dynamic,10240,6,1536,0.025320042,60663,621193282,20.000000,569.000000
format/integer_static,10240,0,2368,0.025185000,94024,962808021,2.000000,32.000000
format/integer_static,10240,1,2368,0.025187875,94013,962698124,2.000000,32.000000
format/integer_static,10240,2,2368,0.025209042,93935,961889785,2.000000,32.000000
format/integer_static,10240,3,2368,0.025198250,93975,962301747,2.000000,32.000000
format/integer_static,10240,4,2368,0.025172750,94070,963276559,2.000000,32.000000
format/integer_static,10240,5,2368,0.025196083,93983,962384510,2.000000,32.000000
format/integer_static,10240,6,2368,0.025211042,93927,961813478,2.000000,32.000000
format/integer_dynamic,10240,0,1600,0.025485459,62781,642876395,5.000000,120.000000
format/integer_dynamic,10240,1,1568,0.025013459,62686,641907223,5.000000,120.000000
format/integer_dynamic,10240,2,1568,0.025046916,62603,641049780,5.000000,120.000000
format/integer_dynamic,10240,3,1568,0.025050750,62593,640951668,5.000000,120.000000
format/integer_dynamic,10240,4,1568,0.025020583,62668,641724455,5.000000,120.000000
format/integer_dynamic,10240,5,1568,0.025001250,62717,642220689,5.000000,120.000000
format/integer_dynamic,10240,6,1600,0.025478625,62798,643048830,5.000000,120.000000
format/integer_parse_static,10240,0,2400,0.025264083,94997,972764379,1.000000,8.000000
format/integer_parse_static,10240,1,2400,0.025233000,95114,973962668,1.000000,8.000000
format/integer_parse_static,10240,2,2400,0.025257625,95021,973013100,1.000000,8.000000
format/integer_parse_static,10240,3,2368,0.025010500,94680,969525599,1.000000,8.000000
format/integer_parse_static,10240,4,2368,0.025057833,94501,967694214,1.000000,8.000000
format/integer_parse_static,10240,5,2400,0.025334292,94733,970068554,1.000000,8.000000
format/integer_parse_static,10240,6,2368,0.025006875,94694,969666142,1.000000,8.000000
format/words_static,10240,0,2336,0.025146583,92895,951248128,5.000000,184.000000
format/words_static,10240,1,2336,0.025110584,93029,952611855,5.000000,184.000000
format/words_static,10240,2,2336,0.025101167,93063,952969238,5.000000,184.000000
format/words_static,10240,3,2336,0.025082083,93134,953694316,5.000000,184.000000
format/words_static,10240,4,2336,0.025127083,92967,951986349,5.000000,184.000000
format/words_static,10240,5,2336,0.025148750,92887,951166161,5.000000,184.000000
format/words_static,10240,6,2336,0.025085417,93122,953567565,5.000000,184.000000
format/date_static,10240,0,2336,0.025004208,93424,956664574,2.000000,51.000000
format/date_static,10240,1,2336,0.025135625,92936,951662829,2.000000,51.000000
format/date_static,10240,2,2336,0.025022666,93355,955958889,2.000000,51.000000
format/date_static,10240,3,2336,0.025083833,93128,953627781,2.000000,51.000000
format/date_static,10240,4,2336,0.025024667,93348,955882450,2.000000,51.000000
format/date_static,10240,5,2336,0.025037959,93298,955374997,2.000000,51.000000
format/date_static,10240,6,2336,0.025047625,93262,955006313,2.000000,51.000000
format/date_context,10240,0,2336,0.025183041,92761,949870987,2.000000,51.000000
format/date_context,10240,1,2336,0.025180417,92771,949969971,2.000000,51.000000
format/date_context,10240,2,2336,0.025178917,92776,950026564,2.000000,51.000000
format/date_context,10240,3,2336,0.025158291,92852,950805442,2.000000,51.000000
format/date_context,10240,4,2336,0.025201542,92693,949173666,2.000000,51.000000
format/date_context,10240,5,2336,0.025121458,92988,952199510,2.000000,51.000000
format/date_context,10240,6,2336,0.025201375,92693,949179955,2.000000,51.000000
format/date_dynamic,10240,0,1536,0.025077167,61251,627209605,15.000000,2005.000000
format/date_dynamic,10240,1,1536,0.025028292,61371,628434413,15.000000,2005.000000
format/date_dynamic,10240,2,1568,0.025514250,61456,629307936,15.000000,2005.000000
format/date_dynamic,10240,3,1536,0.025004583,61429,629030286,15.000000,2005.000000
format/date_dynamic,10240,4,1536,0.025089167,61222,626909614,15.000000,2005.000000
format/date_dynamic,10240,5,1536,0.025065041,61281,627513037,15.000000,2005.000000
format/date_dynamic,10240,6,1568,0.025509500,61467,629425116,15.000000,2005.000000
format/date_iso,10240,0,2336,0.025344333,92171,943825983,2.000000,101.000000
format/date_iso,10240,1,2336,0.025072917,93168,954042962,2.000000,101.000000
format/date_iso,10240,2,2336,0.025223875,92611,948333276,2.000000,101.000000
format/date_iso,10240,3,2336,0.025220834,92622,948447621,2.000000,101.000000
format/date_iso,10240,4,2336,0.025197334,92708,949332179,2.000000,101.000000
format/date_iso,10240,5,2336,0.025268416,92447,946661635,2.000000,101.000000
format/date_iso,10240,6,2336,0.025223958,92610,948330155,2.000000,101.000000
format/date_parse_iso,10240,0,2400,0.025296208,94876,971529013,0.000000,0.000000
format/date_parse_iso,10240,1,2400,0.025289708,94900,971778717,0.000000,0.000000
format/date_parse_iso,10240,2,2368,0.025012375,94673,969452921,0.000000,0.000000
format/date_parse_iso,10240,3,2400,0.025243000,95076,973576833,0.000000,0.000000
format/date_parse_iso,10240,4,2400,0.025300084,94861,971380174,0.000000,0.000000
format/date_parse_iso,10240,5,2400,0.025301375,94857,971330610,0.000000,0.000000
format/date_parse_iso,10240,6,2400,0.025308375,94830,971061951,0.000000,0.000000
format/date_parse_constant,10240,0,4704,0.025105417,187370,1918667991,0.000000,0.000000
format/date_parse_constant,10240,1,4704,0.025028125,187949,1924593233,0.000000,0.000000
format/date_parse_constant,10240,2,4704,0.025058959,187717,1922225101,0.000000,0.000000
format/date_parse_constant,10240,3,4704,0.025039167,187866,1923744508,0.000000,0.000000
format/date_parse_constant,10240,4,4704,0.025062167,187693,1921979053,0.000000,0.000000
format/date_parse_constant,10240,5,4704,0.025099500,187414,1919120301,0.000000,0.000000
format/date_parse_constant,10240,6,4704,0.025047625,187802,1923094904,0.000000,0.000000
format/date_parse_static,10240,0,2304,0.025033542,92037,942453928,6.000000,1360.000000
format/date_parse_static,10240,1,2336,0.025190583,92733,949586597,6.000000,1360.000000
format/date_parse_static,10240,2,2336,0.025212417,92653,948764254,6.000000,1360.000000
format/date_parse_static,10240,3,2336,0.025160417,92844,950725101,6.000000,1360.000000
format/date_parse_static,10240,4,2336,0.025198958,92702,949270998,6.000000,1360.000000
format/date_parse_static,10240,5,2336,0.025188333,92741,949671421,6.000000,1360.000000
format/date_parse_static,10240,6,2336,0.025209166,92665,948886607,6.000000,1360.000000
format/date_parse_dynamic,10240,0,1280,0.025051542,51095,523209310,89.000000,10593.000000
format/date_parse_dynamic,10240,1,1312,0.025552375,51346,525778132,89.000000,10593.000000
format/date_parse_dynamic,10240,2,1312,0.025591708,51267,524970041,89.000000,10593.000000
format/date_parse_dynamic,10240,3,1312,0.025560000,51330,525621283,89.000000,10593.000000
format/date_parse_dynamic,10240,4,1280,0.025042917,51112,523389508,89.000000,10593.000000
format/date_parse_dynamic,10240,5,1312,0.025592542,51265,524952934,89.000000,10593.000000
format/date_parse_dynamic,10240,6,1312,0.025582750,51285,525153863,89.000000,10593.000000
format/mixed,10240,0,1152,0.025252708,45619,467137227,13.000000,1889.000000
format/mixed,10240,1,1152,0.025348167,45447,465378029,13.000000,1889.000000
format/mixed,10240,2,1152,0.025310042,45516,466079037,13.000000,1889.000000
format/mixed,10240,3,1152,0.025256375,45612,467069403,13.000000,1889.000000
format/mixed,10240,4,1152,0.025216834,45684,467801787,13.000000,1889.000000
format/mixed,10240,5,1152,0.025276084,45577,466705206,13.000000,1889.000000
format/mixed,10240,6,1152,0.025299458,45535,466274021,13.000000,1889.000000
format/number_static,1048576,0,32,0.034027042,940,986110753,2.000000,54.000000
format/number_static,1048576,1,32,0.033935833,943,988761113,2.000000,54.000000
format/number_static,1048576,2,32,0.033987000,942,987272545,2.000000,54.000000
format/number_static,1048576,3,32,0.033962084,942,987996850,2.000000,54.000000
format/number_static,1048576,4,32,0.033955709,942,988182341,2.000000,54.000000
format/number_static,1048576,5,32,0.033902500,944,989733265,2.000000,54.000000
format/number_static,1048576,6,32,0.033956625,942,988155684,2.000000,54.000000
format/number_context,1048576,0,32,0.033941792,943,988587521,2.000000,54.000000
format/number_context,1048576,1,32,0.033974375,942,987639419,2.000000,54.000000
format/number_context,1048576,2,32,0.033958375,942,988104761,2.000000,54.000000
format/number_context,1048576,3,32,0.033887000,944,990185971,2.000000,54.000000
format/number_context,1048576,4,32,0.033946542,943,988449192,2.000000,54.000000
format/number_context,1048576,5,32,0.033749541,948,994218914,2.000000,54.000000
format/number_context,1048576,6,32,0.033919875,943,989226287,2.000000,54.000000
format/number_dynamic,1048576,0,32,0.050746959,631,661210694,20.000000,569.000000
format/number_dynamic,1048576,1,32,0.050668625,632,662232930,20.000000,569.000000
format/number_dynamic,1048576,2,32,0.050745958,631,661223737,20.000000,569.000000
format/number_dynamic,1048576,3,32,0.050669750,632,662218227,20.000000,569.000000
format/number_dynamic,1048576,4,32,0.050584125,633,663339180,20.000000,569.000000
format/number_dynamic,1048576,5,32,0.050669541,632,662220958,20.000000,569.000000
format/number_dynamic,1048576,6,32,0.050767042,630,660949125,20.000000,569.000000
format/integer_static,1048576,0,32,0.034042125,940,985673838,2.000000,32.000000
format/integer_static,1048576,1,32,0.033943208,943,988546280,2.000000,32.000000
format/integer_static,1048576,2,32,0.033919667,943,989232353,2.000000,32.000000
format/integer_static,1048576,3,32,0.033982375,942,987406913,2.000000,32.000000
format/integer_static,1048576,4,32,0.033970625,942,987748444,2.000000,32.000000
format/integer_static,1048576,5,32,0.033887833,944,990161631,2.000000,32.000000
format/integer_static,1048576,6,32,0.033972292,942,987699976,2.000000,32.000000
format/integer_dynamic,1048576,0,32,0.050614792,632,662937269,5.000000,120.000000
format/integer_dynamic,1048576,1,32,0.050663792,632,662296103,5.000000,120.000000
format/integer_dynamic,1048576,2,32,0.050586833,633,663303670,5.000000,120.000000
format/integer_dynamic,1048576,3,32,0.050698875,631,661837802,5.000000,120.000000
format/integer_dynamic,1048576,4,32,0.050563792,633,663605926,5.000000,120.000000
format/integer_dynamic,1048576,5,32,0.050604417,632,663073186,5.000000,120.000000
format/integer_dynamic,1048576,6,32,0.050638584,632,662625795,5.000000,120.000000
format/integer_parse_static,1048576,0,32,0.033940958,943,988611812,1.000000,8.000000
format/integer_parse_static,1048576,1,32,0.033999833,941,986899906,1.000000,8.000000
format/integer_parse_static,1048576,2,32,0.033917417,943,989297976,1.000000,8.000000
format/integer_parse_static,1048576,3,32,0.033916375,943,989328370,1.000000,8.000000
format/integer_parse_static,1048576,4,32,0.033679833,950,996276674,1.000000,8.000000
format/integer_parse_static,1048576,5,32,0.033962667,942,987979890,1.000000,8.000000
format/integer_parse_static,1048576,6,32,0.033940375,943,988628794,1.000000,8.000000
format/words_static,1048576,0,32,0.034089500,939,984304023,5.000000,184.000000
format/words_static,1048576,1,32,0.033827875,946,991916637,5.000000,184.000000
format/words_static,1048576,2,32,0.033960166,942,988052650,5.000000,184.000000
format/words_static,1048576,3,32,0.033933458,943,988830316,5.000000,184.000000
format/words_static,1048576,4,32,0.033929208,943,988954178,5.000000,184.000000
format/words_static,1048576,5,32,0.033935958,943,988757471,5.000000,184.000000
format/words_static,1048576,6,32,0.033931250,943,988894662,5.000000,184.000000
format/date_static,1048576,0,32,0.033938083,943,988695561,2.000000,51.000000
format/date_static,1048576,1,32,0.034011125,941,986572247,2.000000,51.000000
format/date_static,1048576,2,32,0.033922541,943,989148543,2.000000,51.000000
format/date_static,1048576,3,32,0.033939333,943,988659147,2.000000,51.000000
format/date_static,1048576,4,32,0.034011916,941,986549302,2.000000,51.000000
format/date_static,1048576,5,32,0.033931000,943,988901948,2.000000,51.000000
format/date_static,1048576,6,32,0.033794834,947,992886428,2.000000,51.000000
format/date_context,1048576,0,32,0.033991917,941,987129734,2.000000,51.000000
format/date_context,1048576,1,32,0.033941042,943,988609366,2.000000,51.000000
format/date_context,1048576,2,32,0.033951875,943,988293931,2.000000,51.000000
format/date_context,1048576,3,32,0.033933416,943,988831540,2.000000,51.000000
format/date_context,1048576,4,32,0.033958833,942,988091434,2.000000,51.000000
format/date_context,1048576,5,32,0.033887791,944,990162858,2.000000,51.000000
format/date_context,1048576,6,32,0.033982583,942,987400869,2.000000,51.000000
format/date_dynamic,1048576,0,32,0.050731166,631,661416534,15.000000,2005.000000
format/date_dynamic,1048576,1,32,0.050275166,636,667415638,15.000000,2005.000000
format/date_dynamic,1048576,2,32,0.050714458,631,661634440,15.000000,2005.000000
format/date_dynamic,1048576,3,32,0.050809166,630,660401157,15.000000,2005.000000
format/date_dynamic,1048576,4,32,0.050536625,633,663962661,15.000000,2005.000000
format/date_dynamic,1048576,5,32,0.050566625,633,663568747,15.000000,2005.000000
format/date_dynamic,1048576,6,32,0.050468792,634,664855065,15.000000,2005.000000
format/date_iso,1048576,0,32,0.033941833,943,988586326,2.000000,101.000000
format/date_iso,1048576,1,32,0.033931917,943,988875223,2.000000,101.000000
format/date_iso,1048576,2,32,0.034006917,941,986694325,2.000000,101.000000
format/date_iso,1048576,3,32,0.033949083,943,988375209,2.000000,101.000000
format/date_iso,1048576,4,32,0.033913250,944,989419534,2.000000,101.000000
format/date_iso,1048576,5,32,0.033980542,942,987460176,2.000000,101.000000
format/date_iso,1048576,6,32,0.033953375,942,988250270,2.000000,101.000000
format/date_parse_iso,1048576,0,32,0.033920000,943,989222642,0.000000,0.000000
format/date_parse_iso,1048576,1,32,0.033928125,943,988985746,0.000000,0.000000
format/date_parse_iso,1048576,2,32,0.033935958,943,988757471,0.000000,0.000000
format/date_parse_iso,1048576,3,32,0.034008292,941,986654431,0.000000,0.000000
format/date_parse_iso,1048576,4,32,0.034062750,939,985077012,0.000000,0.000000
format/date_parse_iso,1048576,5,32,0.033945834,943,988469808,0.000000,0.000000
format/date_parse_iso,1048576,6,32,0.033916500,943,989324724,0.000000,0.000000
format/date_parse_constant,1048576,0,64,0.034473875,1856,1946658564,0.000000,0.000000
format/date_parse_constant,1048576,1,64,0.034479584,1856,1946336243,0.000000,0.000000
format/date_parse_constant,1048576,2,64,0.034545333,1853,1942631846,0.000000,0.000000
format/date_parse_constant,1048576,3,64,0.034481458,1856,1946230464,0.000000,0.000000
format/date_parse_constant,1048576,4,64,0.034573667,1851,1941039809,0.000000,0.000000
format/date_parse_constant,1048576,5,64,0.034585458,1850,1940378063,0.000000,0.000000
format/date_parse_constant,1048576,6,64,0.034356750,1863,1953294884,0.000000,0.000000
format/date_parse_static,1048576,0,32,0.033966083,942,987880528,6.000000,1360.000000
format/date_parse_static,1048576,1,32,0.033962292,942,987990799,6.000000,1360.000000
format/date_parse_static,1048576,2,32,0.034030708,940,986004523,6.000000,1360.000000
format/date_parse_static,1048576,3,32,0.034013584,941,986500923,6.000000,1360.000000
format/date_parse_static,1048576,4,32,0.033974750,942,987628518,6.000000,1360.000000
format/date_parse_static,1048576,5,32,0.033928709,943,988968723,6.000000,1360.000000
format/date_parse_static,1048576,6,32,0.033977542,942,987547363,6.000000,1360.000000
format/date_parse_dynamic,1048576,0,32,0.050829167,630,660141292,89.000000,10593.000000
format/date_parse_dynamic,1048576,1,32,0.050868583,629,659629776,89.000000,10593.000000
format/date_parse_dynamic,1048576,2,32,0.050896833,629,659263652,89.000000,10593.000000
format/date_parse_dynamic,1048576,3,32,0.050829666,630,660134812,89.000000,10593.000000
format/date_parse_dynamic,1048576,4,32,0.050881542,629,659461775,89.000000,10593.000000
format/date_parse_dynamic,1048576,5,32,0.050825542,630,660188375,89.000000,10593.000000
format/date_parse_dynamic,1048576,6,32,0.050847750,629,659900035,89.000000,10593.000000
format/mixed,1048576,0,32,0.067450709,474,497465964,13.000000,1889.000000
format/mixed,1048576,1,32,0.067490500,474,497172669,13.000000,1889.000000
format/mixed,1048576,2,32,0.067427750,475,497635350,13.000000,1889.000000
format/mixed,1048576,3,32,0.067454292,474,497439540,13.000000,1889.000000
format/mixed,1048576,4,32,0.067376083,475,498016960,13.000000,1889.000000
format/mixed,1048576,5,32,0.067447833,474,497487176,13.000000,1889.000000
format/mixed,1048576,6,32,0.067317708,475,498448818,13.000000,1889.000000
format/filtered_rows,218,0,5504,0.025143500,218903,47720962,28.000000,1604.000000
format/filtered_rows,218,1,5472,0.025106333,217953,47513749,28.000000,1604.000000
format/filtered_rows,218,2,5472,0.025106041,217956,47514301,28.000000,1604.000000
format/filtered_rows,218,3,5504,0.025143375,218905,47721199,28.000000,1604.000000
format/filtered_rows,218,4,5504,0.025052500,219699,47894302,28.000000,1604.000000
format/filtered_rows,218,5,5504,0.025046500,219751,47905775,28.000000,1604.000000
format/filtered_rows,218,6,5536,0.025042875,221061,48191272,28.000000,1604.000000
format/filtered_date_sum,234,0,8544,0.025076125,340722,79729065,24.000000,5440.000000
format/filtered_date_sum,234,1,8512,0.025040250,339933,79544254,24.000000,5440.000000
format/filtered_date_sum,234,2,8576,0.025017542,342799,80215075,24.000000,5440.000000
format/filtered_date_sum,234,3,8448,0.025023000,337609,79000599,24.000000,5440.000000
format/filtered_date_sum,234,4,8320,0.025084834,331675,77611835,24.000000,5440.000000
format/filtered_date_sum,234,5,8416,0.025052167,335939,78609727,24.000000,5440.000000
format/filtered_date_sum,234,6,8384,0.025049750,334694,78318386,24.000000,5440.000000
format/filtered_rows,3484,0,352,0.026412000,13327,46432228,448.000000,25664.000000
format/filtered_rows,3484,1,352,0.026625708,13220,46059545,448.000000,25664.000000
format/filtered_rows,3484,2,352,0.026340833,13363,46557677,448.000000,25664.000000
format/filtered_rows,3484,3,352,0.026334750,13366,46568431,448.000000,25664.000000
format/filtered_rows,3484,4,352,0.026555542,13255,46181245,448.000000,25664.000000
format/filtered_rows,3484,5,352,0.026466250,13300,46337052,448.000000,25664.000000
format/filtered_rows,3484,6,352,0.026318042,13375,46597995,448.000000,25664.000000
format/filtered_date_sum,3740,0,544,0.025305958,21497,80398458,384.000000,87040.000000
format/filtered_date_sum,3740,1,544,0.025926084,20983,78475407,384.000000,87040.000000
format/filtered_date_sum,3740,2,544,0.025673334,21189,79247985,384.000000,87040.000000
format/filtered_date_sum,3740,3,544,0.025798916,21086,78862228,384.000000,87040.000000
format/filtered_date_sum,3740,4,544,0.025836250,21056,78748270,384.000000,87040.000000
format/filtered_date_sum,3740,5,544,0.025714000,21156,79122657,384.000000,87040.000000
format/filtered_date_sum,3740,6,544,0.025093250,21679,81079972,384.000000,87040.000000
format/filtered_rows,28596,0,64,0.039093125,1637,46814983,3584.000000,205312.000000
format/filtered_rows,28596,1,64,0.038850042,1647,47107903,3584.000000,205312.000000
format/filtered_rows,28596,2,64,0.038769000,1651,47206376,3584.000000,205312.000000
format/filtered_rows,28596,3,64,0.038728500,1653,47255742,3584.000000,205312.000000
format/filtered_rows,28596,4,64,0.038534334,1661,47493853,3584.000000,205312.000000
format/filtered_rows,28596,5,64,0.038984542,1642,46945376,3584.000000,205312.000000
format/filtered_rows,28596,6,64,0.038896083,1645,47052141,3584.000000,205312.000000
format/filtered_date_sum,30644,0,96,0.035634500,2694,82555501,3072.000000,696320.000000
format/filtered_date_sum,30644,1,96,0.036088667,2660,81516560,3072.000000,696320.000000
format/filtered_date_sum,30644,2,96,0.035852708,2678,82053049,3072.000000,696320.000000
format/filtered_date_sum,30644,3,96,0.035952458,2670,81825393,3072.000000,696320.000000
format/filtered_date_sum,30644,4,96,0.035837667,2679,82087486,3072.000000,696320.000000
format/filtered_date_sum,30644,5,96,0.035848584,2678,82062488,3072.000000,696320.000000
format/filtered_date_sum,30644,6,96,0.035666666,2692,82481048,3072.000000,696320.000000
compile/function_signature,0,0,15904,0.025005458,636021,0,49.000000,3252.000000
compile/function_signature,0,1,15776,0.025010584,630773,0,49.000000,3252.000000
compile/function_signature,0,2,15744,0.025011125,629480,0,49.000000,3252.000000
compile/function_signature,0,3,15712,0.025042958,627402,0,49.000000,3252.000000
compile/function_signature,0,4,15808,0.025019167,631836,0,49.000000,3252.000000
compile/function_signature,0,5,15744,0.025000083,629758,0,49.000000,3252.000000
compile/function_signature,0,6,15872,0.025011541,634587,0,49.000000,3252.000000
compile/function_tail,0,0,12128,0.025042375,484299,0,54.000000,3431.000000
compile/function_tail,0,1,12128,0.025024459,484646,0,54.000000,3431.000000
compile/function_tail,0,2,12032,0.025019792,480899,0,54.000000,3431.000000
compile/function_tail,0,3,12064,0.025042875,481734,0,54.000000,3431.000000
compile/function_tail,0,4,12064,0.025005541,482453,0,54.000000,3431.000000
compile/function_tail,0,5,12064,0.025033625,481912,0,54.000000,3431.000000
compile/function_tail,0,6,12096,0.025019541,483462,0,54.000000,3431.000000
function/builtin,100,0,105024,0.025007709,4199665,419966499,0.000000,0.000000
function/builtin,100,1,105664,0.025002291,4226173,422617271,0.000000,0.000000
function/builtin,100,2,104416,0.025007583,4175374,417537353,0.000000,0.000000
function/builtin,100,3,103392,0.025007500,4134440,413443967,0.000000,0.000000
function/builtin,100,4,104864,0.025003791,4193924,419392403,0.000000,0.000000
function/builtin,100,5,105408,0.025001417,4216081,421608103,0.000000,0.000000
function/builtin,100,6,105568,0.025004292,4221995,422199517,0.000000,0.000000
function/direct,100,0,119712,0.025006125,4787307,478730711,3.000000,184.000000
function/direct,100,1,121440,0.025006417,4856353,485635347,3.000000,184.000000
function/direct,100,2,122464,0.025001000,4898364,489836407,3.000000,184.000000
function/direct,100,3,122624,0.025003750,4904224,490422437,3.000000,184.000000
function/direct,100,4,121824,0.025003042,4872367,487236713,3.000000,184.000000
function/direct,100,5,120128,0.025002542,4804631,480463147,3.000000,184.000000
function/direct,100,6,121760,0.025006042,4869223,486922321,3.000000,184.000000
function/signed,100,0,102336,0.025003708,4092833,409283295,3.000000,184.000000
function/signed,100,1,102720,0.025003708,4108191,410819067,3.000000,184.000000
function/signed,100,2,102176,0.025006416,4085991,408599137,3.000000,184.000000
function/signed,100,3,103136,0.025005917,4124464,412446382,3.000000,184.000000
function/signed,100,4,102912,0.025002000,4116151,411615071,3.000000,184.000000
function/signed,100,5,103328,0.025001583,4132858,413285831,3.000000,184.000000
function/signed,100,6,102944,0.025006333,4116717,411671715,3.000000,184.000000
function/named,100,0,58272,0.025006708,2330255,233025475,6.000000,632.000000
function/named,100,1,58592,0.025008834,2342852,234285213,6.000000,632.000000
function/named,100,2,58528,0.025009834,2340199,234019946,6.000000,632.000000
function/named,100,3,58400,0.025002042,2335809,233580921,6.000000,632.000000
function/named,100,4,58304,0.025008625,2331356,233135568,6.000000,632.000000
function/named,100,5,58400,0.025011625,2334914,233491426,6.000000,632.000000
function/named,100,6,58272,0.025013625,2329610,232961036,6.000000,632.000000
function/signed_named,100,0,52864,0.025014292,2113352,211335184,6.000000,632.000000
function/signed_named,100,1,52928,0.025012833,2116034,211603380,6.000000,632.000000
function/signed_named,100,2,53120,0.025011625,2123812,212381243,6.000000,632.000000
function/signed_named,100,3,52960,0.025010458,2117514,211751420,6.000000,632.000000
function/signed_named,100,4,52640,0.025010833,2104688,210468800,6.000000,632.000000
function/signed_named,100,5,52928,0.025002542,2116905,211690475,6.000000,632.000000
function/signed_named,100,6,53216,0.025006125,2128119,212811861,6.000000,632.000000
function/signature_context,100,0,44736,0.025008417,1788838,178883773,6.000000,632.000000
function/signature_context,100,1,44832,0.025010959,1792494,179249424,6.000000,632.000000
function/signature_context,100,2,44960,0.025009125,1797744,179774382,6.000000,632.000000
function/signature_context,100,3,44896,0.025007333,1795313,179531340,6.000000,632.000000
function/signature_context,100,4,44928,0.025011041,1796327,179632667,6.000000,632.000000
function/signature_context,100,5,44128,0.025017334,1763897,176389698,6.000000,632.000000
function/signature_context,100,6,44768,0.025006125,1790281,179028138,6.000000,632.000000
function/signature_array,100,0,79328,0.025007375,3172184,317218421,5.000000,568.000000
function/signature_array,100,1,79808,0.025008541,3191230,319122975,5.000000,568.000000
function/signature_array,100,2,79680,0.025004209,3186663,318666349,5.000000,568.000000
function/signature_array,100,3,79104,0.025007000,3163274,316327428,5.000000,568.000000
function/signature_array,100,4,80544,0.025000708,3221669,322166876,5.000000,568.000000
function/signature_array,100,5,80864,0.025005792,3233811,323381079,5.000000,568.000000
function/signature_array,100,6,80768,0.025009167,3229536,322953579,5.000000,568.000000
function/signature_promote,100,0,82144,0.025000250,3285727,328572714,7.000000,640.000000
function/signature_promote,100,1,82624,0.025005000,3304299,330429914,7.000000,640.000000
function/signature_promote,100,2,81824,0.025005542,3272235,327223461,7.000000,640.000000
function/signature_promote,100,3,81216,0.025009792,3247368,324736807,7.000000,640.000000
function/signature_promote,100,4,81024,0.025007709,3239961,323996093,7.000000,640.000000
function/signature_promote,100,5,81696,0.025002375,3267530,326752958,7.000000,640.000000
function/signature_promote,100,6,82080,0.025007000,3282281,328228096,7.000000,640.000000
function/signature_optional,100,0,93888,0.025004042,3754913,375491291,3.000000,184.000000
function/signature_optional,100,1,94848,0.025001334,3793718,379371757,3.000000,184.000000
function/signature_optional,100,2,94976,0.025004417,3798369,379836890,3.000000,184.000000
function/signature_optional,100,3,95104,0.025004708,3803444,380344374,3.000000,184.000000
function/signature_optional,100,4,95328,0.025006750,3812091,381209074,3.000000,184.000000
function/signature_optional,100,5,95648,0.025004417,3825244,382524416,3.000000,184.000000
function/signature_optional,100,6,96416,0.025001083,3856473,385647294,3.000000,184.000000
function/signature_variadic,100,0,78656,0.025003083,3145852,314585205,3.000000,184.000000
function/signature_variadic,100,1,78208,0.025008875,3127210,312720984,3.000000,184.000000
function/signature_variadic,100,2,78304,0.025007958,3131163,313116329,3.000000,184.000000
function/signature_variadic,100,3,78208,0.025007375,3127397,312739742,3.000000,184.000000
function/signature_variadic,100,4,78752,0.025005875,3149340,314933991,3.000000,184.000000
function/signature_variadic,100,5,78848,0.025001125,3153778,315377808,3.000000,184.000000
function/signature_variadic,100,6,78976,0.025006958,3158161,315816102,3.000000,184.000000
function/closure,100,0,40128,0.025007000,1604671,160467069,7.000000,792.000000
function/closure,100,1,40032,0.025020084,1599995,159999463,7.000000,792.000000
function/closure,100,2,39136,0.025008791,1564890,156488972,7.000000,792.000000
function/closure,100,3,39328,0.025012958,1572305,157230504,7.000000,792.000000
function/closure,100,4,39328,0.025001333,1573036,157303613,7.000000,792.000000
function/closure,100,5,39328,0.025006750,1572695,157269537,7.000000,792.000000
function/closure,100,6,39552,0.025006916,1581642,158164245,7.000000,792.000000
function/partial,100,0,38720,0.025008166,1548294,154829427,8.000000,744.000000
function/partial,100,1,38688,0.025012417,1546752,154675176,8.000000,744.000000
function/partial,100,2,38912,0.025020083,1555231,155523065,8.000000,744.000000
function/partial,100,3,38848,0.025019042,1552737,155273731,8.000000,744.000000
function/partial,100,4,38848,0.025008125,1553415,155341514,8.000000,744.000000
function/partial,100,5,38752,0.025017041,1549024,154902412,8.000000,744.000000
function/partial,100,6,38752,0.025014250,1549197,154919696,8.000000,744.000000
function/callback,100,0,43360,0.025014792,1733374,173337440,6.000000,392.000000
function/callback,100,1,43520,0.025004000,1740522,174052152,6.000000,392.000000
function/callback,100,2,43520,0.025017584,1739576,173957645,6.000000,392.000000
function/callback,100,3,43456,0.025012250,1737389,173738868,6.000000,392.000000
function/callback,100,4,43264,0.025000209,1730546,173054553,6.000000,392.000000
function/callback,100,5,43296,0.025017291,1730643,173064302,6.000000,392.000000
function/callback,100,6,43168,0.025004167,1726432,172643224,6.000000,392.000000
function/signed_callback,100,0,35520,0.025012875,1420069,142006866,6.000000,392.000000
function/signed_callback,100,1,35328,0.025021792,1411889,141188928,6.000000,392.000000
function/signed_callback,100,2,35360,0.025015583,1413519,141351893,6.000000,392.000000
function/signed_callback,100,3,35776,0.025014583,1430206,143020573,6.000000,392.000000
function/signed_callback,100,4,35776,0.025003000,1430868,143086830,6.000000,392.000000
function/signed_callback,100,5,35616,0.025005875,1424305,142430529,6.000000,392.000000
function/signed_callback,100,6,35552,0.025000917,1422028,142202784,6.000000,392.000000
function/partial_callback,100,0,29504,0.025025667,1178950,117894960,8.000000,504.000000
function/partial_callback,100,1,29920,0.025021834,1195756,119575567,8.000000,504.000000
function/partial_callback,100,2,29856,0.025025000,1193047,119304695,8.000000,504.000000
function/partial_callback,100,3,29824,0.025014750,1192257,119225657,8.000000,504.000000
function/partial_callback,100,4,30016,0.025011625,1200082,120008196,8.000000,504.000000
function/partial_callback,100,5,29952,0.025015667,1197330,119732966,8.000000,504.000000
function/partial_callback,100,6,29920,0.025016375,1196017,119601661,8.000000,504.000000
function/mixed,100,0,19936,0.025033708,796366,79636624,11.000000,1200.000000
function/mixed,100,1,20000,0.025030083,799039,79903850,11.000000,1200.000000
function/mixed,100,2,20096,0.025011459,803472,80347172,11.000000,1200.000000
function/mixed,100,3,20032,0.025006417,801074,80107438,11.000000,1200.000000
function/mixed,100,4,20160,0.025036084,805238,80523775,11.000000,1200.000000
function/mixed,100,5,20128,0.025003375,805011,80501132,11.000000,1200.000000
function/mixed,100,6,20000,0.025016500,799472,79947235,11.000000,1200.000000
rust/function_scalar,100,0,214912,0.025003792,8595176,859517628,0.000000,0.000000
rust/function_scalar,100,1,217408,0.025002875,8695320,869532004,0.000000,0.000000
rust/function_scalar,100,2,219776,0.025002333,8790220,879021970,0.000000,0.000000
rust/function_scalar,100,3,224480,0.025003500,8977943,897794309,0.000000,0.000000
rust/function_scalar,100,4,224128,0.025002667,8964164,896416370,0.000000,0.000000
rust/function_scalar,100,5,223808,0.025000417,8952171,895217068,0.000000,0.000000
rust/function_scalar,100,6,222880,0.025003291,8914027,891402656,0.000000,0.000000
function/builtin,500,0,37792,0.025011375,1510992,755496249,0.000000,0.000000
function/builtin,500,1,37472,0.025006750,1498475,749237706,0.000000,0.000000
function/builtin,500,2,37888,0.025001375,1515437,757718325,0.000000,0.000000
function/builtin,500,3,37952,0.025006375,1517693,758846494,0.000000,0.000000
function/builtin,500,4,37792,0.025012208,1510942,755471088,0.000000,0.000000
function/builtin,500,5,37856,0.025008000,1513756,756877799,0.000000,0.000000
function/builtin,500,6,38048,0.025002125,1521791,760895324,0.000000,0.000000
function/direct,500,0,58752,0.025000666,2350017,1175008698,3.000000,184.000000
function/direct,500,1,59040,0.025013292,2360345,1180172526,3.000000,184.000000
function/direct,500,2,58944,0.025012042,2356625,1178312430,3.000000,184.000000
function/direct,500,3,58848,0.025000125,2353908,1176954115,3.000000,184.000000
function/direct,500,4,58336,0.025004875,2332985,1166492534,3.000000,184.000000
function/direct,500,5,58560,0.025007667,2341682,1170840927,3.000000,184.000000
function/direct,500,6,58976,0.025002458,2358808,1179404041,3.000000,184.000000
function/signed,500,0,54464,0.025010083,2177682,1088840849,3.000000,184.000000
function/signed,500,1,54112,0.025004333,2164105,1082052459,3.000000,184.000000
function/signed,500,2,54016,0.025014708,2159370,1079684800,3.000000,184.000000
function/signed,500,3,54336,0.025014042,2172220,1086109954,3.000000,184.000000
function/signed,500,4,54464,0.025011000,2177602,1088800928,3.000000,184.000000
function/signed,500,5,54336,0.025007125,2172821,1086410373,3.000000,184.000000
function/signed,500,6,54432,0.025003333,2176990,1088494882,3.000000,184.000000
function/named,500,0,29408,0.025012500,1175732,587866067,6.000000,632.000000
function/named,500,1,29440,0.025019208,1176696,588347960,6.000000,632.000000
function/named,500,2,29440,0.025016333,1176831,588415576,6.000000,632.000000
function/named,500,3,29280,0.025002000,1171106,585553156,6.000000,632.000000
function/named,500,4,29312,0.025017500,1171660,585829919,6.000000,632.000000
function/named,500,5,29472,0.025018083,1178028,589013954,6.000000,632.000000
function/named,500,6,29376,0.025023209,1173950,586975076,6.000000,632.000000
function/signed_named,500,0,27776,0.025013959,1110420,555209993,6.000000,632.000000
function/signed_named,500,1,27904,0.025021209,1115214,557606949,6.000000,632.000000
function/signed_named,500,2,28032,0.025030458,1119916,559957792,6.000000,632.000000
function/signed_named,500,3,28032,0.025022167,1120287,560143332,6.000000,632.000000
function/signed_named,500,4,28000,0.025006708,1119700,559849781,6.000000,632.000000
function/signed_named,500,5,27936,0.025008625,1117055,558527308,6.000000,632.000000
function/signed_named,500,6,28032,0.025008792,1120886,560442903,6.000000,632.000000
function/signature_context,500,0,25408,0.025003250,1016188,508093948,6.000000,632.000000
function/signature_context,500,1,25504,0.025000250,1020150,510074899,6.000000,632.000000
function/signature_context,500,2,25472,0.025009292,1018501,509250722,6.000000,632.000000
function/signature_context,500,3,25472,0.025023000,1017943,508971746,6.000000,632.000000
function/signature_context,500,4,25504,0.025023166,1019216,509607777,6.000000,632.000000
function/signature_context,500,5,25504,0.025023958,1019183,509591648,6.000000,632.000000
function/signature_context,500,6,25408,0.025013958,1015753,507876442,6.000000,632.000000
function/signature_array,500,0,46848,0.025015875,1872731,936365408,5.000000,568.000000
function/signature_array,500,1,46976,0.025011750,1878157,939078633,5.000000,568.000000
function/signature_array,500,2,46752,0.025014625,1868987,934493321,5.000000,568.000000
function/signature_array,500,3,46752,0.025002375,1869902,934951180,5.000000,568.000000
function/signature_array,500,4,46912,0.025015125,1875345,937672708,5.000000,568.000000
function/signature_array,500,5,47232,0.025001959,1889132,944565984,5.000000,568.000000
function/signature_array,500,6,47296,0.025009833,1891096,945548097,5.000000,568.000000
function/signature_promote,500,0,47520,0.025008625,1900144,950072225,7.000000,640.000000
function/signature_promote,500,1,47616,0.025002375,1904459,952229538,7.000000,640.000000
function/signature_promote,500,2,47776,0.025003042,1910807,955403746,7.000000,640.000000
function/signature_promote,500,3,47936,0.025006208,1916964,958481990,7.000000,640.000000
function/signature_promote,500,4,47872,0.025000875,1914813,957406491,7.000000,640.000000
function/signature_promote,500,5,47904,0.025009083,1915464,957732037,7.000000,640.000000
function/signature_promote,500,6,48128,0.025004417,1924780,962389965,7.000000,640.000000
function/signature_optional,500,0,52544,0.025004459,2101385,1050692598,3.000000,184.000000
function/signature_optional,500,1,52576,0.025006709,2102476,1051237890,3.000000,184.000000
function/signature_optional,500,2,52608,0.025013250,2103205,1051602651,3.000000,184.000000
function/signature_optional,500,3,52544,0.025006167,2101242,1050620833,3.000000,184.000000
function/signature_optional,500,4,52416,0.025000583,2096591,1048295554,3.000000,184.000000
function/signature_optional,500,5,52352,0.025004542,2093700,1046849808,3.000000,184.000000
function/signature_optional,500,6,52512,0.025014625,2099252,1049625969,3.000000,184.000000
function/signature_variadic,500,0,46784,0.025009166,1870674,935337068,3.000000,184.000000
function/signature_variadic,500,1,46816,0.025010125,1871882,935940944,3.000000,184.000000
function/signature_variadic,500,2,46528,0.025009125,1860441,930220470,3.000000,184.000000
function/signature_variadic,500,3,46816,0.025004959,1872269,936134308,3.000000,184.000000
function/signature_variadic,500,4,46944,0.025004083,1877453,938726687,3.000000,184.000000
function/signature_variadic,500,5,46912,0.025002333,1876305,938152452,3.000000,184.000000
function/signature_variadic,500,6,46816,0.025007417,1872085,936042295,3.000000,184.000000
function/closure,500,0,19712,0.025020292,787841,393920263,7.000000,792.000000
function/closure,500,1,19680,0.025015292,786719,393359390,7.000000,792.000000
function/closure,500,2,19648,0.025030958,784948,392473992,7.000000,792.000000
function/closure,500,3,17952,0.025012417,717724,358861761,7.000000,792.000000
function/closure,500,4,19808,0.025035625,791193,395596275,7.000000,792.000000
function/closure,500,5,19776,0.025003125,790941,395470566,7.000000,792.000000
function/closure,500,6,19808,0.025029208,791395,395697698,7.000000,792.000000
function/partial,500,0,19232,0.025009667,768983,384491325,8.000000,744.000000
function/partial,500,1,19456,0.025003833,778121,389060349,8.000000,744.000000
function/partial,500,2,19520,0.025014917,780334,390167195,8.000000,744.000000
function/partial,500,3,19488,0.025034667,778441,389220276,8.000000,744.000000
function/partial,500,4,19424,0.025007791,776718,388358972,8.000000,744.000000
function/partial,500,5,19296,0.025014250,771400,385700151,8.000000,744.000000
function/partial,500,6,19456,0.025014958,777775,388887321,8.000000,744.000000
function/callback,500,0,25184,0.025021875,1006479,503239665,6.000000,392.000000
function/callback,500,1,25280,0.025031542,1009926,504962898,6.000000,392.000000
function/callback,500,2,25248,0.025026083,1008867,504433714,6.000000,392.000000
function/callback,500,3,25280,0.025013750,1010644,505322073,6.000000,392.000000
function/callback,500,4,25184,0.025019959,1006556,503278203,6.000000,392.000000
function/callback,500,5,25312,0.025022916,1011553,505776385,6.000000,392.000000
function/callback,500,6,25312,0.025019500,1011691,505845441,6.000000,392.000000
function/signed_callback,500,0,22368,0.025016416,894133,447066438,6.000000,392.000000
function/signed_callback,500,1,22272,0.025032292,889731,444865376,6.000000,392.000000
function/signed_callback,500,2,22112,0.025027250,883517,441758483,6.000000,392.000000
function/signed_callback,500,3,22112,0.025009583,884141,442070546,6.000000,392.000000
function/signed_callback,500,4,22304,0.025033709,890959,445479333,6.000000,392.000000
function/signed_callback,500,5,22400,0.025015875,895431,447715701,6.000000,392.000000
function/signed_callback,500,6,22336,0.025018458,892781,446390421,6.000000,392.000000
function/partial_callback,500,0,16896,0.025000875,675816,337908173,8.000000,504.000000
function/partial_callback,500,1,16960,0.025025459,677710,338854924,8.000000,504.000000
function/partial_callback,500,2,16928,0.025031084,676279,338139571,8.000000,504.000000
function/partial_callback,500,3,16928,0.025019084,676604,338301754,8.000000,504.000000
function/partial_callback,500,4,16864,0.025019584,674032,337015995,8.000000,504.000000
function/partial_callback,500,5,16992,0.025009625,679418,339709212,8.000000,504.000000
function/partial_callback,500,6,17056,0.025003916,682133,341066575,8.000000,504.000000
function/mixed,500,0,12000,0.025060334,478844,239422188,11.000000,1200.000000
function/mixed,500,1,11968,0.025020541,478327,239163494,11.000000,1200.000000
function/mixed,500,2,12000,0.025020292,479611,239805355,11.000000,1200.000000
function/mixed,500,3,11968,0.025023416,478272,239136016,11.000000,1200.000000
function/mixed,500,4,11872,0.025002416,474834,237417056,11.000000,1200.000000
function/mixed,500,5,11904,0.025017500,475827,237913461,11.000000,1200.000000
function/mixed,500,6,11904,0.025006792,476031,238015336,11.000000,1200.000000
rust/function_scalar,500,0,74720,0.025006458,2988028,1494014066,0.000000,0.000000
rust/function_scalar,500,1,74880,0.025001833,2994980,1497490204,0.000000,0.000000
rust/function_scalar,500,2,74912,0.025005917,2995771,1497885480,0.000000,0.000000
rust/function_scalar,500,3,75104,0.025000458,3004105,1502052482,0.000000,0.000000
rust/function_scalar,500,4,75616,0.025009583,3023481,1511740520,0.000000,0.000000
rust/function_scalar,500,5,75680,0.025007500,3026292,1513146056,0.000000,0.000000
rust/function_scalar,500,6,75776,0.025000625,3030964,1515482113,0.000000,0.000000
function/builtin,1024,0,20928,0.025003250,837011,857099457,0.000000,0.000000
function/builtin,1024,1,20800,0.025008875,831705,851665659,0.000000,0.000000
function/builtin,1024,2,20928,0.025024667,836295,856365921,0.000000,0.000000
function/builtin,1024,3,20800,0.025037166,830765,850703310,0.000000,0.000000
function/builtin,1024,4,20992,0.025032708,838583,858708854,0.000000,0.000000
function/builtin,1024,5,20928,0.025021541,836399,856472909,0.000000,0.000000
function/builtin,1024,6,20928,0.025015583,836599,856676896,0.000000,0.000000
function/direct,1024,0,35776,0.025014250,1430225,1464550166,3.000000,184.000000
function/direct,1024,1,35808,0.025009000,1431805,1466167860,3.000000,184.000000
function/direct,1024,2,36032,0.025003125,1441100,1475686259,3.000000,184.000000
function/direct,1024,3,36064,0.025007541,1442125,1476735997,3.000000,184.000000
function/direct,1024,4,36096,0.025009666,1443282,1477920737,3.000000,184.000000
function/direct,1024,5,36160,0.025016000,1445475,1480166294,3.000000,184.000000
function/direct,1024,6,36288,0.025011167,1450872,1485692851,3.000000,184.000000
function/signed,1024,0,34240,0.025000208,1369589,1402458732,3.000000,184.000000
function/signed,1024,1,34304,0.025004667,1371904,1404829586,3.000000,184.000000
function/signed,1024,2,34080,0.025001333,1363127,1395842374,3.000000,184.000000
function/signed,1024,3,34272,0.025006167,1370542,1403434921,3.000000,184.000000
function/signed,1024,4,34240,0.025000042,1369598,1402468044,3.000000,184.000000
function/signed,1024,5,34240,0.025017834,1368624,1401470647,3.000000,184.000000
function/signed,1024,6,34240,0.025007584,1369185,1402045076,3.000000,184.000000
function/named,1024,0,18144,0.025009041,725498,742909574,6.000000,632.000000
function/named,1024,1,18112,0.025036083,723436,740798311,6.000000,632.000000
function/named,1024,2,18144,0.025016792,725273,742679397,6.000000,632.000000
function/named,1024,3,18176,0.025009709,726758,744199943,6.000000,632.000000
function/named,1024,4,18208,0.025016458,727841,745309028,6.000000,632.000000
function/named,1024,5,18208,0.025020708,727717,745182430,6.000000,632.000000
function/named,1024,6,18208,0.025025917,727566,745027325,6.000000,632.000000
function/signed_named,1024,0,17632,0.025001583,705235,722160993,6.000000,632.000000
function/signed_named,1024,1,17664,0.025034917,705575,722508327,6.000000,632.000000
function/signed_named,1024,2,17632,0.025000750,705259,722185054,6.000000,632.000000
function/signed_named,1024,3,17632,0.025023625,704614,721524879,6.000000,632.000000
function/signed_named,1024,4,17600,0.025033125,703068,719942077,6.000000,632.000000
function/signed_named,1024,5,17600,0.025015625,703560,720445721,6.000000,632.000000
function/signed_named,1024,6,17632,0.025042000,704097,720995448,6.000000,632.000000
function/signature_context,1024,0,16576,0.025002125,662984,678895254,6.000000,632.000000
function/signature_context,1024,1,16576,0.025022459,662445,678343563,6.000000,632.000000
function/signature_context,1024,2,16576,0.025022708,662438,678336813,6.000000,632.000000
function/signature_context,1024,3,16576,0.025012041,662721,678626107,6.000000,632.000000
function/signature_context,1024,4,16608,0.025032708,663452,679374840,6.000000,632.000000
function/signature_context,1024,5,16608,0.025026750,663610,679536576,6.000000,632.000000
function/signature_context,1024,6,16640,0.025043917,664433,680379191,6.000000,632.000000
function/signature_array,1024,0,31232,0.025013125,1248624,1278591459,5.000000,568.000000
function/signature_array,1024,1,31680,0.025011459,1266619,1297018299,5.000000,568.000000
function/signature_array,1024,2,31552,0.025002333,1261962,1292249327,5.000000,568.000000
function/signature_array,1024,3,31552,0.025021958,1260972,1291235802,5.000000,568.000000
function/signature_array,1024,4,31488,0.025019708,1258528,1288732546,5.000000,568.000000
function/signature_array,1024,5,31488,0.025007584,1259138,1289357341,5.000000,568.000000
function/signature_array,1024,6,31584,0.025000417,1263339,1293659062,5.000000,568.000000
function/signature_promote,1024,0,31616,0.025025125,1263370,1293691200,7.000000,640.000000
function/signature_promote,1024,1,31680,0.025006209,1266885,1297290605,7.000000,640.000000
function/signature_promote,1024,2,31712,0.025023875,1267270,1297684232,7.000000,640.000000
function/signature_promote,1024,3,31712,0.025017167,1267610,1298032187,7.000000,640.000000
function/signature_promote,1024,4,31648,0.025024834,1264664,1295015663,7.000000,640.000000
function/signature_promote,1024,5,31616,0.025007416,1264265,1294607328,7.000000,640.000000
function/signature_promote,1024,6,31712,0.025024834,1267221,1297634502,7.000000,640.000000
function/signature_optional,1024,0,33152,0.025023000,1324861,1356657795,3.000000,184.000000
function/signature_optional,1024,1,33376,0.025006541,1334691,1366723370,3.000000,184.000000
function/signature_optional,1024,2,33504,0.025006750,1339798,1371953413,3.000000,184.000000
function/signature_optional,1024,3,33664,0.025021791,1345387,1377676602,3.000000,184.000000
function/signature_optional,1024,4,33664,0.025020834,1345439,1377729296,3.000000,184.000000
function/signature_optional,1024,5,33600,0.025014459,1343223,1375460489,3.000000,184.000000
function/signature_optional,1024,6,33696,0.025022292,1346639,1378958570,3.000000,184.000000
function/signature_variadic,1024,0,31136,0.025021584,1244366,1274230440,3.000000,184.000000
function/signature_variadic,1024,1,31168,0.025023875,1245531,1275423251,3.000000,184.000000
function/signature_variadic,1024,2,31168,0.025020375,1245705,1275601665,3.000000,184.000000
function/signature_variadic,1024,3,31264,0.025018042,1249658,1279649942,3.000000,184.000000
function/signature_variadic,1024,4,31232,0.025017000,1248431,1278393412,3.000000,184.000000
function/signature_variadic,1024,5,31264,0.025022250,1249448,1279434743,3.000000,184.000000
function/signature_variadic,1024,6,31232,0.025004833,1249039,1279015461,3.000000,184.000000
function/closure,1024,0,12160,0.025050792,485414,497063726,7.000000,792.000000
function/closure,1024,1,12160,0.025039125,485640,497295333,7.000000,792.000000
function/closure,1024,2,12192,0.025043792,486827,498511088,7.000000,792.000000
function/closure,1024,3,12160,0.025037541,485671,497326794,7.000000,792.000000
function/closure,1024,4,12320,0.025042167,491970,503777489,7.000000,792.000000
function/closure,1024,5,12288,0.025063791,490269,502035466,7.000000,792.000000
function/closure,1024,6,12288,0.025054292,490455,502225806,7.000000,792.000000
function/partial,1024,0,12128,0.025044500,484258,495880213,8.000000,744.000000
function/partial,1024,1,12096,0.025044750,482975,494566885,8.000000,744.000000
function/partial,1024,2,12096,0.025059959,482682,494266730,8.000000,744.000000
function/partial,1024,3,12096,0.025009708,483652,495259841,8.000000,744.000000
function/partial,1024,4,12096,0.025061917,482645,494228115,8.000000,744.000000
function/partial,1024,5,12128,0.025042333,484300,495923123,8.000000,744.000000
function/partial,1024,6,12128,0.025035959,484423,496049382,8.000000,744.000000
function/callback,1024,0,16448,0.025028459,657172,672944027,6.000000,392.000000
function/callback,1024,1,16352,0.025026000,653400,669082075,6.000000,392.000000
function/callback,1024,2,16384,0.025033500,654483,670190585,6.000000,392.000000
function/callback,1024,3,16384,0.025047792,654110,669808181,6.000000,392.000000
function/callback,1024,4,16384,0.025044291,654201,669901815,6.000000,392.000000
function/callback,1024,5,16384,0.025029167,654596,670306607,6.000000,392.000000
function/callback,1024,6,16416,0.025043416,655502,671233669,6.000000,392.000000
function/signed_callback,1024,0,15168,0.025032458,605933,620475704,6.000000,392.000000
function/signed_callback,1024,1,15200,0.025039750,607035,621603650,6.000000,392.000000
function/signed_callback,1024,2,15168,0.025023375,606153,620700925,6.000000,392.000000
function/signed_callback,1024,3,15168,0.025012666,606413,620966673,6.000000,392.000000
function/signed_callback,1024,4,15168,0.025013417,606395,620948030,6.000000,392.000000
function/signed_callback,1024,5,15200,0.025022083,607463,622042537,6.000000,392.000000
function/signed_callback,1024,6,15200,0.025018583,607548,622129559,6.000000,392.000000
function/partial_callback,1024,0,11136,0.025048667,444575,455244345,8.000000,504.000000
function/partial_callback,1024,1,11104,0.025012625,443936,454590272,8.000000,504.000000
function/partial_callback,1024,2,11072,0.025005958,442774,453401065,8.000000,504.000000
function/partial_callback,1024,3,11072,0.025050042,441995,452603153,8.000000,504.000000
function/partial_callback,1024,4,11072,0.025028084,442383,453000238,8.000000,504.000000
function/partial_callback,1024,5,11072,0.025015084,442613,453235656,8.000000,504.000000
function/partial_callback,1024,6,11104,0.025068500,442946,453577039,8.000000,504.000000
function/mixed,1024,0,7968,0.025067750,317859,325487210,11.000000,1200.000000
function/mixed,1024,1,7968,0.025012625,318559,326204547,11.000000,1200.000000
function/mixed,1024,2,8000,0.025085958,318904,326557192,11.000000,1200.000000
function/mixed,1024,3,8000,0.025031916,319592,327262204,11.000000,1200.000000
function/mixed,1024,4,7968,0.025031250,318322,325961828,11.000000,1200.000000
function/mixed,1024,5,8000,0.025075084,319042,326698806,11.000000,1200.000000
function/mixed,1024,6,7968,0.025008417,318613,326259435,11.000000,1200.000000
rust/function_scalar,1024,0,41568,0.025011875,1661931,1701816917,0.000000,0.000000
rust/function_scalar,1024,1,41600,0.025011417,1663240,1703158202,0.000000,0.000000
rust/function_scalar,1024,2,40896,0.025015208,1634845,1674081783,0.000000,0.000000
rust/function_scalar,1024,3,41280,0.025004125,1650928,1690549859,0.000000,0.000000
rust/function_scalar,1024,4,41248,0.025004916,1649596,1689185918,0.000000,0.000000
rust/function_scalar,1024,5,41248,0.025001125,1649846,1689442055,0.000000,0.000000
rust/function_scalar,1024,6,41184,0.025010125,1646693,1686213723,0.000000,0.000000
function/builtin,10240,0,2400,0.025262917,95001,972809276,0.000000,0.000000
function/builtin,10240,1,2400,0.025217916,95170,974545240,0.000000,0.000000
function/builtin,10240,2,2400,0.025310458,94822,970982034,0.000000,0.000000
function/builtin,10240,3,2400,0.025214041,95185,974695012,0.000000,0.000000
function/builtin,10240,4,2400,0.025264834,94994,972735463,0.000000,0.000000
function/builtin,10240,5,2400,0.025232334,95116,973988375,0.000000,0.000000
function/builtin,10240,6,2400,0.025230166,95124,974072069,0.000000,0.000000
function/direct,10240,0,4608,0.025090542,183655,1880625775,3.000000,184.000000
function/direct,10240,1,4608,0.025077417,183751,1881610056,3.000000,184.000000
function/direct,10240,2,4608,0.025085333,183693,1881016289,3.000000,184.000000
function/direct,10240,3,4608,0.025083292,183708,1881169346,3.000000,184.000000
function/direct,10240,4,4608,0.025091291,183649,1880569637,3.000000,184.000000
function/direct,10240,5,4608,0.025107666,183530,1879343146,3.000000,184.000000
function/direct,10240,6,4608,0.025098416,183597,1880035776,3.000000,184.000000
function/signed,10240,0,4576,0.025070500,182525,1869058854,3.000000,184.000000
function/signed,10240,1,4576,0.025062500,182584,1869655461,3.000000,184.000000
function/signed,10240,2,4576,0.025103209,182287,1866623506,3.000000,184.000000
function/signed,10240,3,4576,0.025074417,182497,1868766879,3.000000,184.000000
function/signed,10240,4,4576,0.025077167,182477,1868561947,3.000000,184.000000
function/signed,10240,5,4576,0.025038709,182757,1871431950,3.000000,184.000000
function/signed,10240,6,4576,0.025078417,182468,1868468811,3.000000,184.000000
function/named,10240,0,2336,0.025012500,93393,956347426,6.000000,632.000000
function/named,10240,1,2336,0.025051291,93249,954866558,6.000000,632.000000
function/named,10240,2,2336,0.025081291,93137,953724431,6.000000,632.000000
function/named,10240,3,2336,0.025007375,93412,956543420,6.000000,632.000000
function/named,10240,4,2368,0.025319791,93524,957682471,6.000000,632.000000
function/named,10240,5,2336,0.025030292,93327,955667637,6.000000,632.000000
function/named,10240,6,2368,0.025328125,93493,957367353,6.000000,632.000000
function/signed_named,10240,0,2336,0.025094333,93089,953228763,6.000000,632.000000
function/signed_named,10240,1,2336,0.025053167,93242,954795056,6.000000,632.000000
function/signed_named,10240,2,2336,0.025055625,93233,954701389,6.000000,632.000000
function/signed_named,10240,3,2336,0.025038625,93296,955349585,6.000000,632.000000
function/signed_named,10240,4,2336,0.025078917,93146,953814712,6.000000,632.000000
function/signed_named,10240,5,2336,0.025069708,93180,954165082,6.000000,632.000000
function/signed_named,10240,6,2336,0.025070750,93176,954125425,6.000000,632.000000
function/signature_context,10240,0,2336,0.025258708,92483,947025477,6.000000,632.000000
function/signature_context,10240,1,2336,0.025276833,92417,946346403,6.000000,632.000000
function/signature_context,10240,2,2336,0.025319833,92260,944739248,6.000000,632.000000
function/signature_context,10240,3,2336,0.025273334,92429,946477422,6.000000,632.000000
function/signature_context,10240,4,2304,0.025038000,92020,942286125,6.000000,632.000000
function/signature_context,10240,5,2336,0.025305167,92313,945286787,6.000000,632.000000
function/signature_context,10240,6,2336,0.025243000,92541,947614784,6.000000,632.000000
function/signature_array,10240,0,4512,0.025076375,179930,1842486404,5.000000,568.000000
function/signature_array,10240,1,4544,0.025147625,180693,1850296400,5.000000,568.000000
function/signature_array,10240,2,4544,0.025152084,180661,1849968376,5.000000,568.000000
function/signature_array,10240,3,4544,0.025158541,180615,1849493578,5.000000,568.000000
function/signature_array,10240,4,4544,0.025137959,180762,1851007872,5.000000,568.000000
function/signature_array,10240,5,4544,0.025146833,180699,1850354675,5.000000,568.000000
function/signature_array,10240,6,4512,0.025005291,180442,1847724148,5.000000,568.000000
function/signature_promote,10240,0,4544,0.025153125,180653,1849891813,7.000000,640.000000
function/signature_promote,10240,1,4544,0.025134667,180786,1851250307,7.000000,640.000000
function/signature_promote,10240,2,4544,0.025144666,180714,1850514141,7.000000,640.000000
function/signature_promote,10240,3,4544,0.025125334,180853,1851937968,7.000000,640.000000
function/signature_promote,10240,4,4544,0.025120333,180889,1852306655,7.000000,640.000000
function/signature_promote,10240,5,4544,0.025121125,180884,1852248257,7.000000,640.000000
function/signature_promote,10240,6,4544,0.025130125,180819,1851584901,7.000000,640.000000
function/signature_optional,10240,0,4576,0.025163833,181848,1862126489,3.000000,184.000000
function/signature_optional,10240,1,4576,0.025116250,182193,1865654307,3.000000,184.000000
function/signature_optional,10240,2,4544,0.025084125,181150,1854980391,3.000000,184.000000
function/signature_optional,10240,3,4576,0.025139375,182025,1863938145,3.000000,184.000000
function/signature_optional,10240,4,4576,0.025158958,181884,1862487310,3.000000,184.000000
function/signature_optional,10240,5,4576,0.025120416,182163,1865344905,3.000000,184.000000
function/signature_optional,10240,6,4544,0.025021875,181601,1859595254,3.000000,184.000000
function/signature_variadic,10240,0,4512,0.025144917,179440,1837464009,3.000000,184.000000
function/signature_variadic,10240,1,4512,0.025080708,179899,1842168092,3.000000,184.000000
function/signature_variadic,10240,2,4512,0.025094209,179802,1841176982,3.000000,184.000000
function/signature_variadic,10240,3,4512,0.025054667,180086,1844082781,3.000000,184.000000
function/signature_variadic,10240,4,4512,0.025075041,179940,1842584425,3.000000,184.000000
function/signature_variadic,10240,5,4544,0.025168583,180543,1848755649,3.000000,184.000000
function/signature_variadic,10240,6,4512,0.025074166,179946,1842648725,3.000000,184.000000
function/closure,10240,0,1568,0.025001792,62716,642206767,7.000000,792.000000
function/closure,10240,1,1600,0.025517708,62702,642063935,7.000000,792.000000
function/closure,10240,2,1568,0.025010375,62694,641986376,7.000000,792.000000
function/closure,10240,3,1600,0.025495750,62756,642616907,7.000000,792.000000
function/closure,10240,4,1600,0.025502625,62739,642443670,7.000000,792.000000
function/closure,10240,5,1568,0.025001333,62717,642218557,7.000000,792.000000
function/closure,10240,6,1600,0.025505042,62733,642382788,7.000000,792.000000
function/partial,10240,0,1568,0.025011333,62692,641961786,8.000000,744.000000
function/partial,10240,1,1568,0.025047667,62601,641030560,8.000000,744.000000
function/partial,10240,2,1568,0.025108500,62449,639477468,8.000000,744.000000
function/partial,10240,3,1568,0.025108083,62450,639488088,8.000000,744.000000
function/partial,10240,4,1568,0.025099833,62471,639698280,8.000000,744.000000
function/partial,10240,5,1568,0.025071291,62542,640426534,8.000000,744.000000
function/partial,10240,6,1568,0.025063459,62561,640626659,8.000000,744.000000
function/callback,10240,0,2336,0.025308416,92301,945165434,6.000000,392.000000
function/callback,10240,1,2336,0.025305791,92311,945263477,6.000000,392.000000
function/callback,10240,2,2336,0.025321167,92255,944689477,6.000000,392.000000
function/callback,10240,3,2336,0.025307500,92305,945199644,6.000000,392.000000
function/callback,10240,4,2336,0.025345292,92167,943790271,6.000000,392.000000
function/callback,10240,5,2336,0.025304541,92315,945310172,6.000000,392.000000
function/callback,10240,6,2336,0.025288500,92374,945909801,6.000000,392.000000
function/signed_callback,10240,0,2304,0.025268083,91182,933705972,6.000000,392.000000
function/signed_callback,10240,1,2304,0.025243500,91271,934615247,6.000000,392.000000
function/signed_callback,10240,2,2304,0.025249625,91249,934388531,6.000000,392.000000
function/signed_callback,10240,3,2304,0.025251375,91243,934323774,6.000000,392.000000
function/signed_callback,10240,4,2304,0.025246208,91261,934514997,6.000000,392.000000
function/signed_callback,10240,5,2304,0.025306125,91045,932302358,6.000000,392.000000
function/signed_callback,10240,6,2304,0.025243875,91270,934601364,6.000000,392.000000
function/partial_callback,10240,0,1568,0.025321208,61924,634105608,8.000000,504.000000
function/partial_callback,10240,1,1568,0.025275666,62036,635248147,8.000000,504.000000
function/partial_callback,10240,2,1568,0.025321375,61924,634101426,8.000000,504.000000
function/partial_callback,10240,3,1568,0.025341584,61875,633595753,8.000000,504.000000
function/partial_callback,10240,4,1568,0.025336292,61888,633728092,8.000000,504.000000
function/partial_callback,10240,5,1568,0.025422541,61678,631578094,8.000000,504.000000
function/partial_callback,10240,6,1568,0.025349583,61855,633395824,8.000000,504.000000
function/mixed,10240,0,1184,0.025559917,46323,474342698,11.000000,1200.000000
function/mixed,10240,1,1184,0.025555542,46330,474423904,11.000000,1200.000000
function/mixed,10240,2,1184,0.025597708,46254,473642406,11.000000,1200.000000
function/mixed,10240,3,1184,0.025567583,46309,474200475,11.000000,1200.000000
function/mixed,10240,4,1184,0.025552041,46337,474488907,11.000000,1200.000000
function/mixed,10240,5,1184,0.025569459,46305,474165683,11.000000,1200.000000
function/mixed,10240,6,1184,0.025572666,46299,474106220,11.000000,1200.000000
rust/function_scalar,10240,0,4672,0.025012958,186783,1912659830,0.000000,0.000000
rust/function_scalar,10240,1,4704,0.025131584,187175,1916670274,0.000000,0.000000
rust/function_scalar,10240,2,4672,0.025014833,186769,1912516466,0.000000,0.000000
rust/function_scalar,10240,3,4704,0.025075958,187590,1920922024,0.000000,0.000000
rust/function_scalar,10240,4,4704,0.025084708,187525,1920251972,0.000000,0.000000
rust/function_scalar,10240,5,4704,0.025077000,187582,1920842206,0.000000,0.000000
rust/function_scalar,10240,6,4704,0.025147042,187060,1915492088,0.000000,0.000000
function/builtin,1048576,0,32,0.033867166,945,990765864,0.000000,0.000000
function/builtin,1048576,1,32,0.033793500,947,992925622,0.000000,0.000000
function/builtin,1048576,2,32,0.033676583,950,996372821,0.000000,0.000000
function/builtin,1048576,3,32,0.033920708,943,989201994,0.000000,0.000000
function/builtin,1048576,4,32,0.033845375,945,991403759,0.000000,0.000000
function/builtin,1048576,5,32,0.033858625,945,991015790,0.000000,0.000000
function/builtin,1048576,6,32,0.033794875,947,992885223,0.000000,0.000000
function/direct,1048576,0,64,0.034435917,1859,1948804325,3.000000,184.000000
function/direct,1048576,1,64,0.034373084,1862,1952366683,3.000000,184.000000
function/direct,1048576,2,64,0.034437959,1858,1948688771,3.000000,184.000000
function/direct,1048576,3,64,0.034392917,1861,1951240833,3.000000,184.000000
function/direct,1048576,4,64,0.034390833,1861,1951359073,3.000000,184.000000
function/direct,1048576,5,64,0.034397667,1861,1950971384,3.000000,184.000000
function/direct,1048576,6,64,0.034416416,1860,1949908555,3.000000,184.000000
function/signed,1048576,0,64,0.034380083,1862,1951969226,3.000000,184.000000
function/signed,1048576,1,64,0.034431542,1859,1949051948,3.000000,184.000000
function/signed,1048576,2,64,0.034421458,1859,1949622936,3.000000,184.000000
function/signed,1048576,3,64,0.034381000,1861,1951917164,3.000000,184.000000
function/signed,1048576,4,64,0.034388291,1861,1951503318,3.000000,184.000000
function/signed,1048576,5,64,0.034286458,1867,1957299410,3.000000,184.000000
function/signed,1048576,6,64,0.034393000,1861,1951236124,3.000000,184.000000
function/named,1048576,0,32,0.033940208,943,988633658,6.000000,632.000000
function/named,1048576,1,32,0.033809500,946,992455730,6.000000,632.000000
function/named,1048576,2,32,0.033837792,946,991625931,6.000000,632.000000
function/named,1048576,3,32,0.033807959,947,992500967,6.000000,632.000000
function/named,1048576,4,32,0.033807625,947,992510772,6.000000,632.000000
function/named,1048576,5,32,0.033806375,947,992547471,6.000000,632.000000
function/named,1048576,6,32,0.033740666,948,994480429,6.000000,632.000000
function/signed_named,1048576,0,32,0.033823958,946,992031506,6.000000,632.000000
function/signed_named,1048576,1,32,0.033888458,944,990143370,6.000000,632.000000
function/signed_named,1048576,2,32,0.033816292,946,992256395,6.000000,632.000000
function/signed_named,1048576,3,32,0.033808833,946,992475310,6.000000,632.000000
function/signed_named,1048576,4,32,0.033811083,946,992409264,6.000000,632.000000
function/signed_named,1048576,5,32,0.033820666,946,992128067,6.000000,632.000000
function/signed_named,1048576,6,32,0.033817666,946,992216080,6.000000,632.000000
function/signature_context,1048576,0,32,0.034487000,928,972958854,6.000000,632.000000
function/signature_context,1048576,1,32,0.034310875,933,977953258,6.000000,632.000000
function/signature_context,1048576,2,32,0.034407041,930,975219927,6.000000,632.000000
function/signature_context,1048576,3,32,0.034237500,935,980049127,6.000000,632.000000
function/signature_context,1048576,4,32,0.033994666,941,987049910,6.000000,632.000000
function/signature_context,1048576,5,32,0.033927917,943,988991809,6.000000,632.000000
function/signature_context,1048576,6,32,0.034007792,941,986668938,6.000000,632.000000
function/signature_array,1048576,0,64,0.034527416,1854,1943639918,5.000000,568.000000
function/signature_array,1048576,1,64,0.034555334,1852,1942069609,5.000000,568.000000
function/signature_array,1048576,2,64,0.034523834,1854,1943841579,5.000000,568.000000
function/signature_array,1048576,3,64,0.034515583,1854,1944306257,5.000000,568.000000
function/signature_array,1048576,4,64,0.034564042,1852,1941580328,5.000000,568.000000
function/signature_array,1048576,5,64,0.034588125,1850,1940228445,5.000000,568.000000
function/signature_array,1048576,6,64,0.034500167,1855,1945175048,5.000000,568.000000
function/signature_promote,1048576,0,64,0.034484000,1856,1946086997,7.000000,640.000000
function/signature_promote,1048576,1,64,0.034601042,1850,1939504134,7.000000,640.000000
function/signature_promote,1048576,2,64,0.034662792,1846,1936049006,7.000000,640.000000
function/signature_promote,1048576,3,64,0.034721750,1843,1932761569,7.000000,640.000000
function/signature_promote,1048576,4,64,0.034535375,1853,1943191988,7.000000,640.000000
function/signature_promote,1048576,5,64,0.034538625,1853,1943009138,7.000000,640.000000
function/signature_promote,1048576,6,64,0.034502667,1855,1945034104,7.000000,640.000000
function/signature_optional,1048576,0,64,0.034517541,1854,1944195967,3.000000,184.000000
function/signature_optional,1048576,1,64,0.034478834,1856,1946378581,3.000000,184.000000
function/signature_optional,1048576,2,64,0.034541167,1853,1942866146,3.000000,184.000000
function/signature_optional,1048576,3,64,0.034573625,1851,1941042167,3.000000,184.000000
function/signature_optional,1048576,4,64,0.034511416,1854,1944541018,3.000000,184.000000
function/signature_optional,1048576,5,64,0.034581709,1851,1940588419,3.000000,184.000000
function/signature_optional,1048576,6,64,0.034529875,1853,1943501504,3.000000,184.000000
function/signature_variadic,1048576,0,64,0.034419250,1859,1949748004,3.000000,184.000000
function/signature_variadic,1048576,1,64,0.034535500,1853,1943184955,3.000000,184.000000
function/signature_variadic,1048576,2,64,0.034488583,1856,1945828392,3.000000,184.000000
function/signature_variadic,1048576,3,64,0.034501625,1855,1945092847,3.000000,184.000000
function/signature_variadic,1048576,4,64,0.034339208,1864,1954292714,3.000000,184.000000
function/signature_variadic,1048576,5,64,0.034437125,1858,1948735964,3.000000,184.000000
function/signature_variadic,1048576,6,64,0.034564583,1852,1941549939,3.000000,184.000000
function/closure,1048576,0,32,0.050508375,634,664334024,7.000000,792.000000
function/closure,1048576,1,32,0.050610875,632,662988577,7.000000,792.000000
function/closure,1048576,2,32,0.050596541,632,663176402,7.000000,792.000000
function/closure,1048576,3,32,0.050554584,633,663726795,7.000000,792.000000
function/closure,1048576,4,32,0.050692708,631,661918318,7.000000,792.000000
function/closure,1048576,5,32,0.050724417,631,661504537,7.000000,792.000000
function/closure,1048576,6,32,0.050613042,632,662960191,7.000000,792.000000
function/partial,1048576,0,32,0.050618916,632,662883259,8.000000,744.000000
function/partial,1048576,1,32,0.050600834,632,663120138,8.000000,744.000000
function/partial,1048576,2,32,0.050625125,632,662801959,8.000000,744.000000
function/partial,1048576,3,32,0.050673708,631,662166503,8.000000,744.000000
function/partial,1048576,4,32,0.050485625,634,664633388,8.000000,744.000000
function/partial,1048576,5,32,0.050580708,633,663383992,8.000000,744.000000
function/partial,1048576,6,32,0.050531500,633,664030001,8.000000,744.000000
function/callback,1048576,0,32,0.033951291,943,988310931,6.000000,392.000000
function/callback,1048576,1,32,0.033967750,942,987832047,6.000000,392.000000
function/callback,1048576,2,32,0.033957291,942,988136303,6.000000,392.000000
function/callback,1048576,3,32,0.034029416,940,986041959,6.000000,392.000000
function/callback,1048576,4,32,0.033933291,943,988835183,6.000000,392.000000
function/callback,1048576,5,32,0.033951041,943,988318208,6.000000,392.000000
function/callback,1048576,6,32,0.033972500,942,987693929,6.000000,392.000000
function/signed_callback,1048576,0,32,0.033793250,947,992932967,6.000000,392.000000
function/signed_callback,1048576,1,32,0.033934334,943,988804790,6.000000,392.000000
function/signed_callback,1048576,2,32,0.033906500,944,989616504,6.000000,392.000000
function/signed_callback,1048576,3,32,0.033998583,941,986936191,6.000000,392.000000
function/signed_callback,1048576,4,32,0.033936000,943,988756247,6.000000,392.000000
function/signed_callback,1048576,5,32,0.033989208,941,987208410,6.000000,392.000000
function/signed_callback,1048576,6,32,0.033865917,945,990802405,6.000000,392.000000
function/partial_callback,1048576,0,32,0.050635458,632,662666703,8.000000,504.000000
function/partial_callback,1048576,1,32,0.050627917,632,662765407,8.000000,504.000000
function/partial_callback,1048576,2,32,0.050618792,632,662884883,8.000000,504.000000
function/partial_callback,1048576,3,32,0.050654791,632,662413788,8.000000,504.000000
function/partial_callback,1048576,4,32,0.050748125,631,661195502,8.000000,504.000000
function/partial_callback,1048576,5,32,0.050200541,637,668407777,8.000000,504.000000
function/partial_callback,1048576,6,32,0.050693583,631,661906893,8.000000,504.000000
function/mixed,1048576,0,32,0.067162208,476,499602872,11.000000,1200.000000
function/mixed,1048576,1,32,0.067291125,476,498645728,11.000000,1200.000000
function/mixed,1048576,2,32,0.067332541,475,498339013,11.000000,1200.000000
function/mixed,1048576,3,32,0.067228625,476,499109301,11.000000,1200.000000
function/mixed,1048576,4,32,0.067170917,476,499538096,11.000000,1200.000000
function/mixed,1048576,5,32,0.067393042,475,497891637,11.000000,1200.000000
function/mixed,1048576,6,32,0.067338250,475,498296763,11.000000,1200.000000
rust/function_scalar,1048576,0,64,0.034487875,1856,1945868338,0.000000,0.000000
rust/function_scalar,1048576,1,64,0.034506250,1855,1944832139,0.000000,0.000000
rust/function_scalar,1048576,2,64,0.034317291,1865,1955540838,0.000000,0.000000
rust/function_scalar,1048576,3,64,0.034473084,1857,1946703231,0.000000,0.000000
rust/function_scalar,1048576,4,64,0.034544042,1853,1942704447,0.000000,0.000000
rust/function_scalar,1048576,5,64,0.034522542,1854,1943914327,0.000000,0.000000
rust/function_scalar,1048576,6,64,0.034517667,1854,1944188870,0.000000,0.000000
function/tail_8,34,0,17088,0.025022625,682902,23218667,7.000000,792.000000
function/tail_8,34,1,17088,0.025009250,683267,23231084,7.000000,792.000000
function/tail_8,34,2,17152,0.025043583,684886,23286125,7.000000,792.000000
function/tail_8,34,3,17216,0.025035042,687676,23380987,7.000000,792.000000
function/tail_8,34,4,17056,0.025038792,681183,23160223,7.000000,792.000000
function/tail_8,34,5,17216,0.025043375,687447,23373207,7.000000,792.000000
function/tail_8,34,6,17216,0.025028875,687846,23386748,7.000000,792.000000
function/signed_tail_8,34,0,13856,0.025023542,553719,18826432,7.000000,792.000000
function/signed_tail_8,34,1,13824,0.025000541,552948,18800233,7.000000,792.000000
function/signed_tail_8,34,2,13888,0.025015541,555175,18875946,7.000000,792.000000
function/signed_tail_8,34,3,13888,0.025056583,554266,18845028,7.000000,792.000000
function/signed_tail_8,34,4,13760,0.025057417,549139,18670719,7.000000,792.000000
function/signed_tail_8,34,5,13792,0.025001417,551649,18756057,7.000000,792.000000
function/signed_tail_8,34,6,13824,0.025018250,552557,18786926,7.000000,792.000000
function/tail_block_8,34,0,13504,0.025004208,540069,18362349,8.000000,952.000000
function/tail_block_8,34,1,13472,0.025007292,538723,18316577,8.000000,952.000000
function/tail_block_8,34,2,13536,0.025003625,541362,18406291,8.000000,952.000000
function/tail_block_8,34,3,13632,0.025049875,544194,18502607,8.000000,952.000000
function/tail_block_8,34,4,13600,0.025048458,542948,18460218,8.000000,952.000000
function/tail_block_8,34,5,13568,0.025028583,542100,18431407,8.000000,952.000000
function/tail_block_8,34,6,13568,0.025031750,542032,18429075,8.000000,952.000000
function/tail_borrow_8,34,0,17760,0.025042625,709191,24112488,7.000000,792.000000
function/tail_borrow_8,34,1,17888,0.025039416,714394,24289384,7.000000,792.000000
function/tail_borrow_8,34,2,17728,0.025033625,708168,24077695,7.000000,792.000000
function/tail_borrow_8,34,3,17728,0.025023792,708446,24087157,7.000000,792.000000
function/tail_borrow_8,34,4,17760,0.025043417,709168,24111726,7.000000,792.000000
function/tail_borrow_8,34,5,17792,0.025010250,711388,24187203,7.000000,792.000000
function/tail_borrow_8,34,6,17728,0.025014792,708701,24095823,7.000000,792.000000
function/tail_escape_once_8,34,0,14400,0.025042583,575021,19550699,10.000000,1080.000000
function/tail_escape_once_8,34,1,14400,0.025052416,574795,19543025,10.000000,1080.000000
function/tail_escape_once_8,34,2,14560,0.025008125,582211,19795167,10.000000,1080.000000
function/tail_escape_once_8,34,3,14592,0.025052917,582447,19803203,10.000000,1080.000000
function/tail_escape_once_8,34,4,14528,0.025045000,580076,19722579,10.000000,1080.000000
function/tail_escape_once_8,34,5,14464,0.025035250,577745,19643343,10.000000,1080.000000
function/tail_escape_once_8,34,6,14464,0.025012583,578269,19661144,10.000000,1080.000000
function/recursion_8,34,0,13824,0.025003416,552884,18798071,17.000000,3416.000000
function/recursion_8,34,1,13696,0.025035541,547062,18600117,17.000000,3416.000000
function/recursion_8,34,2,13952,0.025021458,557601,18958448,17.000000,3416.000000
function/recursion_8,34,3,13952,0.025026083,557498,18954944,17.000000,3416.000000
function/recursion_8,34,4,13952,0.025040083,557187,18944346,17.000000,3416.000000
function/recursion_8,34,5,13888,0.025033792,554770,18862184,17.000000,3416.000000
function/recursion_8,34,6,13888,0.025030750,554838,18864477,17.000000,3416.000000
rust/function_tail_8,34,0,540352,0.025001208,21613036,734843212,0.000000,0.000000
rust/function_tail_8,34,1,553248,0.025000917,22129108,752389682,0.000000,0.000000
rust/function_tail_8,34,2,553536,0.025001208,22140370,752772586,0.000000,0.000000
rust/function_tail_8,34,3,552672,0.025000583,22106364,751616392,0.000000,0.000000
rust/function_tail_8,34,4,554752,0.025001416,22188823,754419990,0.000000,0.000000
rust/function_tail_8,34,5,550656,0.025000000,22026240,748892160,0.000000,0.000000
rust/function_tail_8,34,6,536704,0.025000791,21467481,729894346,0.000000,0.000000
function/tail_32,35,0,5504,0.025095959,219318,7676136,7.000000,792.000000
function/tail_32,35,1,5504,0.025085500,219410,7679337,7.000000,792.000000
function/tail_32,35,2,5472,0.025031208,218607,7651249,7.000000,792.000000
function/tail_32,35,3,5504,0.025095833,219319,7676175,7.000000,792.000000
function/tail_32,35,4,5536,0.025129917,220295,7710332,7.000000,792.000000
function/tail_32,35,5,5504,0.025028250,219912,7696903,7.000000,792.000000
function/tail_32,35,6,5504,0.025080291,219455,7680932,7.000000,792.000000
function/signed_tail_32,35,0,4320,0.025113916,172016,6020566,7.000000,792.000000
function/signed_tail_32,35,1,4320,0.025068666,172327,6031434,7.000000,792.000000
function/signed_tail_32,35,2,4320,0.025108417,172054,6021885,7.000000,792.000000
function/signed_tail_32,35,3,4288,0.025139750,170567,5969829,7.000000,792.000000
function/signed_tail_32,35,4,4288,0.025016166,171409,5999321,7.000000,792.000000
function/signed_tail_32,35,5,4320,0.025067125,172337,6031805,7.000000,792.000000
function/signed_tail_32,35,6,4320,0.025073500,172293,6030271,7.000000,792.000000
function/tail_block_32,35,0,4288,0.025086375,170929,5982530,8.000000,952.000000
function/tail_block_32,35,1,4288,0.025116042,170728,5975464,8.000000,952.000000
function/tail_block_32,35,2,4256,0.025021584,170093,5953260,8.000000,952.000000
function/tail_block_32,35,3,4256,0.025141542,169282,5924855,8.000000,952.000000
function/tail_block_32,35,4,4256,0.025059958,169833,5944144,8.000000,952.000000
function/tail_block_32,35,5,4320,0.025170500,171629,6007032,8.000000,952.000000
function/tail_block_32,35,6,4320,0.025151875,171757,6011480,8.000000,952.000000
function/tail_borrow_32,35,0,6080,0.025079208,242432,8485116,7.000000,792.000000
function/tail_borrow_32,35,1,5984,0.025025583,239115,8369036,7.000000,792.000000
function/tail_borrow_32,35,2,6048,0.025057000,241370,8447939,7.000000,792.000000
function/tail_borrow_32,35,3,6048,0.025042917,241505,8452689,7.000000,792.000000
function/tail_borrow_32,35,4,6048,0.025020167,241725,8460375,7.000000,792.000000
function/tail_borrow_32,35,5,6048,0.025011375,241810,8463349,7.000000,792.000000
function/tail_borrow_32,35,6,6080,0.025126084,241980,8469286,7.000000,792.000000
function/tail_escape_once_32,35,0,4736,0.025027709,189230,6623059,10.000000,1080.000000
function/tail_escape_once_32,35,1,4800,0.025117167,191104,6688652,10.000000,1080.000000
function/tail_escape_once_32,35,2,4768,0.025008041,190659,6673054,10.000000,1080.000000
function/tail_escape_once_32,35,3,4768,0.025048292,190352,6662331,10.000000,1080.000000
function/tail_escape_once_32,35,4,4768,0.025101417,189949,6648230,10.000000,1080.000000
function/tail_escape_once_32,35,5,4768,0.025062459,190245,6658565,10.000000,1080.000000
function/tail_escape_once_32,35,6,4800,0.025157334,190799,6677973,10.000000,1080.000000
function/recursion_32,35,0,4032,0.025072417,160814,5628496,43.000000,12632.000000
function/recursion_32,35,1,4128,0.025098750,164470,5756462,43.000000,12632.000000
function/recursion_32,35,2,4000,0.025151292,159038,5566314,43.000000,12632.000000
function/recursion_32,35,3,4000,0.025010167,159935,5597724,43.000000,12632.000000
function/recursion_32,35,4,4096,0.025112084,163109,5708805,43.000000,12632.000000
function/recursion_32,35,5,4064,0.025082625,162025,5670858,43.000000,12632.000000
function/recursion_32,35,6,4096,0.025189625,162607,5691232,43.000000,12632.000000
rust/function_tail_32,35,0,459904,0.025001583,18394995,643824833,0.000000,0.000000
rust/function_tail_32,35,1,452384,0.025001083,18094576,633310165,0.000000,0.000000
rust/function_tail_32,35,2,459552,0.025000583,18381651,643357797,0.000000,0.000000
rust/function_tail_32,35,3,467584,0.025001250,18702425,654584871,0.000000,0.000000
rust/function_tail_32,35,4,467808,0.025000791,18711728,654910479,0.000000,0.000000
rust/function_tail_32,35,5,467680,0.025000667,18706701,654734532,0.000000,0.000000
rust/function_tail_32,35,6,467776,0.025000375,18710759,654876577,0.000000,0.000000
function/tail_64,35,0,2912,0.025193875,115584,4045428,7.000000,792.000000
function/tail_64,35,1,2912,0.025231875,115410,4039335,7.000000,792.000000
function/tail_64,35,2,2912,0.025274417,115215,4032536,7.000000,792.000000
function/tail_64,35,3,2912,0.025167750,115704,4049627,7.000000,792.000000
function/tail_64,35,4,2912,0.025118292,115931,4057601,7.000000,792.000000
function/tail_64,35,5,2912,0.025216416,115480,4041811,7.000000,792.000000
function/tail_64,35,6,2912,0.025261917,115272,4034532,7.000000,792.000000
function/signed_tail_64,35,0,2272,0.025289167,89841,3144429,7.000000,792.000000
function/signed_tail_64,35,1,2240,0.025107167,89218,3122614,7.000000,792.000000
function/signed_tail_64,35,2,2240,0.025215083,88836,3109250,7.000000,792.000000
function/signed_tail_64,35,3,2272,0.025180459,90229,3158004,7.000000,792.000000
function/signed_tail_64,35,4,2272,0.025168625,90271,3159489,7.000000,792.000000
function/signed_tail_64,35,5,2240,0.025068833,89354,3127389,7.000000,792.000000
function/signed_tail_64,35,6,2272,0.025338791,89665,3138271,7.000000,792.000000
function/tail_block_64,35,0,2208,0.025321958,87197,3051897,8.000000,952.000000
function/tail_block_64,35,1,2240,0.025230250,88782,3107381,8.000000,952.000000
function/tail_block_64,35,2,2240,0.025088291,89285,3124964,8.000000,952.000000
function/tail_block_64,35,3,2240,0.025092458,89270,3124445,8.000000,952.000000
function/tail_block_64,35,4,2240,0.025119125,89175,3121128,8.000000,952.000000
function/tail_block_64,35,5,2240,0.025024167,89513,3132971,8.000000,952.000000
function/tail_block_64,35,6,2240,0.025077250,89324,3126340,8.000000,952.000000
function/tail_borrow_64,35,0,3232,0.025130167,128610,4501363,7.000000,792.000000
function/tail_borrow_64,35,1,3200,0.025220625,126880,4440810,7.000000,792.000000
function/tail_borrow_64,35,2,3168,0.025030292,126567,4429832,7.000000,792.000000
function/tail_borrow_64,35,3,3168,0.025032250,126557,4429486,7.000000,792.000000
function/tail_borrow_64,35,4,3168,0.025062791,126403,4424088,7.000000,792.000000
function/tail_borrow_64,35,5,3168,0.025092459,126253,4418857,7.000000,792.000000
function/tail_borrow_64,35,6,3168,0.025008875,126675,4433626,7.000000,792.000000
function/tail_escape_once_64,35,0,2496,0.025197833,99056,3466965,10.000000,1080.000000
function/tail_escape_once_64,35,1,2496,0.025083333,99508,3482791,10.000000,1080.000000
function/tail_escape_once_64,35,2,2496,0.025228208,98937,3462791,10.000000,1080.000000
function/tail_escape_once_64,35,3,2496,0.025209333,99011,3465383,10.000000,1080.000000
function/tail_escape_once_64,35,4,2528,0.025300334,99920,3497187,10.000000,1080.000000
function/tail_escape_once_64,35,5,2496,0.025078625,99527,3483445,10.000000,1080.000000
function/tail_escape_once_64,35,6,2496,0.025089209,99485,3481975,10.000000,1080.000000
rust/function_tail_64,35,0,339200,0.025000042,13567977,474879202,0.000000,0.000000
rust/function_tail_64,35,1,340992,0.025000542,13639384,477378450,0.000000,0.000000
rust/function_tail_64,35,2,339104,0.025000750,13563753,474731358,0.000000,0.000000
rust/function_tail_64,35,3,340096,0.025001291,13603138,476109814,0.000000,0.000000
rust/function_tail_64,35,4,341120,0.025000416,13644573,477560053,0.000000,0.000000
rust/function_tail_64,35,5,340384,0.025001125,13614747,476516157,0.000000,0.000000
rust/function_tail_64,35,6,340672,0.025002084,13625744,476901046,0.000000,0.000000
function/tail_1024,37,0,224,0.029206708,7669,283770,7.000000,792.000000
function/tail_1024,37,1,192,0.025321000,7583,280558,7.000000,792.000000
function/tail_1024,37,2,192,0.025386083,7563,279838,7.000000,792.000000
function/tail_1024,37,3,192,0.025383625,7564,279865,7.000000,792.000000
function/tail_1024,37,4,192,0.025331625,7579,280440,7.000000,792.000000
function/tail_1024,37,5,192,0.025286625,7593,280939,7.000000,792.000000
function/tail_1024,37,6,192,0.025373750,7567,279974,7.000000,792.000000
function/signed_tail_1024,37,0,160,0.027315917,5857,216723,7.000000,792.000000
function/signed_tail_1024,37,1,160,0.027089875,5906,218532,7.000000,792.000000
function/signed_tail_1024,37,2,160,0.027605500,5796,214450,7.000000,792.000000
function/signed_tail_1024,37,3,160,0.027094875,5905,218492,7.000000,792.000000
function/signed_tail_1024,37,4,160,0.027375667,5845,216250,7.000000,792.000000
function/signed_tail_1024,37,5,160,0.027423834,5834,215871,7.000000,792.000000
function/signed_tail_1024,37,6,160,0.027449459,5829,215669,7.000000,792.000000
function/tail_block_1024,37,0,160,0.027484500,5821,215394,8.000000,952.000000
function/tail_block_1024,37,1,160,0.027326958,5855,216636,8.000000,952.000000
function/tail_block_1024,37,2,160,0.027249500,5872,217252,8.000000,952.000000
function/tail_block_1024,37,3,160,0.027110250,5902,218368,8.000000,952.000000
function/tail_block_1024,37,4,160,0.027108250,5902,218384,8.000000,952.000000
function/tail_block_1024,37,5,160,0.027137167,5896,218151,8.000000,952.000000
function/tail_block_1024,37,6,160,0.027254708,5871,217210,8.000000,952.000000
function/tail_borrow_1024,37,0,224,0.026665416,8400,310815,7.000000,792.000000
function/tail_borrow_1024,37,1,224,0.026630459,8411,311223,7.000000,792.000000
function/tail_borrow_1024,37,2,224,0.026442167,8471,313439,7.000000,792.000000
function/tail_borrow_1024,37,3,224,0.026426042,8476,313630,7.000000,792.000000
function/tail_borrow_1024,37,4,224,0.026410625,8481,313813,7.000000,792.000000
function/tail_borrow_1024,37,5,224,0.026401416,8484,313923,7.000000,792.000000
function/tail_borrow_1024,37,6,224,0.026360958,8497,314404,7.000000,792.000000
function/tail_escape_once_1024,37,0,192,0.029070958,6605,244368,10.000000,1080.000000
function/tail_escape_once_1024,37,1,192,0.029156250,6585,243653,10.000000,1080.000000
function/tail_escape_once_1024,37,2,192,0.028985167,6624,245091,10.000000,1080.000000
function/tail_escape_once_1024,37,3,192,0.028999833,6621,244967,10.000000,1080.000000
function/tail_escape_once_1024,37,4,192,0.029093959,6599,244174,10.000000,1080.000000
function/tail_escape_once_1024,37,5,192,0.029191500,6577,243359,10.000000,1080.000000
function/tail_escape_once_1024,37,6,192,0.029157666,6585,243641,10.000000,1080.000000
rust/function_tail_1024,37,0,38656,0.025009833,1545632,57188387,0.000000,0.000000
rust/function_tail_1024,37,1,38976,0.025012125,1558284,57656517,0.000000,0.000000
rust/function_tail_1024,37,2,38784,0.025001875,1551244,57396015,0.000000,0.000000
rust/function_tail_1024,37,3,38720,0.025013584,1547959,57274479,0.000000,0.000000
rust/function_tail_1024,37,4,38656,0.025011875,1545506,57183718,0.000000,0.000000
rust/function_tail_1024,37,5,38848,0.025020375,1552655,57448220,0.000000,0.000000
rust/function_tail_1024,37,6,38784,0.025000417,1551334,57399363,0.000000,0.000000
function/tail_100000,39,0,32,0.406163417,79,3073,7.000000,792.000000
function/tail_100000,39,1,32,0.405857583,79,3075,7.000000,792.000000
function/tail_100000,39,2,32,0.407387250,79,3063,7.000000,792.000000
function/tail_100000,39,3,32,0.406106625,79,3073,7.000000,792.000000
function/tail_100000,39,4,32,0.406666875,79,3069,7.000000,792.000000
function/tail_100000,39,5,32,0.406734500,79,3068,7.000000,792.000000
function/tail_100000,39,6,32,0.405674292,79,3076,7.000000,792.000000
function/signed_tail_100000,39,0,32,0.533436375,60,2340,7.000000,792.000000
function/signed_tail_100000,39,1,32,0.530404958,60,2353,7.000000,792.000000
function/signed_tail_100000,39,2,32,0.532700417,60,2343,7.000000,792.000000
function/signed_tail_100000,39,3,32,0.529393625,60,2357,7.000000,792.000000
function/signed_tail_100000,39,4,32,0.527204292,61,2367,7.000000,792.000000
function/signed_tail_100000,39,5,32,0.527805084,61,2365,7.000000,792.000000
function/signed_tail_100000,39,6,32,0.529553667,60,2357,7.000000,792.000000
function/tail_block_100000,39,0,32,0.529072167,60,2359,8.000000,952.000000
function/tail_block_100000,39,1,32,0.528746000,61,2360,8.000000,952.000000
function/tail_block_100000,39,2,32,0.527686333,61,2365,8.000000,952.000000
function/tail_block_100000,39,3,32,0.529510917,60,2357,8.000000,952.000000
function/tail_block_100000,39,4,32,0.528740084,61,2360,8.000000,952.000000
function/tail_block_100000,39,5,32,0.530730709,60,2351,8.000000,952.000000
function/tail_block_100000,39,6,32,0.528588042,61,2361,8.000000,952.000000
function/tail_borrow_100000,39,0,32,0.364501542,88,3424,7.000000,792.000000
function/tail_borrow_100000,39,1,32,0.366629708,87,3404,7.000000,792.000000
function/tail_borrow_100000,39,2,32,0.365502916,88,3414,7.000000,792.000000
function/tail_borrow_100000,39,3,32,0.364654375,88,3422,7.000000,792.000000
function/tail_borrow_100000,39,4,32,0.364054625,88,3428,7.000000,792.000000
function/tail_borrow_100000,39,5,32,0.364450167,88,3424,7.000000,792.000000
function/tail_borrow_100000,39,6,32,0.366065666,87,3409,7.000000,792.000000
function/tail_escape_once_100000,39,0,32,0.470351666,68,2653,10.000000,1080.000000
function/tail_escape_once_100000,39,1,32,0.472233625,68,2643,10.000000,1080.000000
function/tail_escape_once_100000,39,2,32,0.471756792,68,2645,10.000000,1080.000000
function/tail_escape_once_100000,39,3,32,0.470954708,68,2650,10.000000,1080.000000
function/tail_escape_once_100000,39,4,32,0.471440583,68,2647,10.000000,1080.000000
function/tail_escape_once_100000,39,5,32,0.471764458,68,2645,10.000000,1080.000000
function/tail_escape_once_100000,39,6,32,0.470670625,68,2652,10.000000,1080.000000
rust/function_tail_100000,39,0,416,0.025955042,16028,625081,0.000000,0.000000
rust/function_tail_100000,39,1,416,0.025849416,16093,627635,0.000000,0.000000
rust/function_tail_100000,39,2,416,0.025842541,16097,627802,0.000000,0.000000
rust/function_tail_100000,39,3,416,0.025896542,16064,626493,0.000000,0.000000
rust/function_tail_100000,39,4,416,0.025896125,16064,626503,0.000000,0.000000
rust/function_tail_100000,39,5,416,0.025837750,16100,627918,0.000000,0.000000
rust/function_tail_100000,39,6,416,0.025160958,16534,644809,0.000000,0.000000
function/tail_capture_each_8,7,0,14464,0.025016625,578176,4047229,26.000000,3992.000000
function/tail_capture_each_8,7,1,14336,0.025001125,573414,4013899,26.000000,3992.000000
function/tail_capture_each_8,7,2,14400,0.025001000,575977,4031839,26.000000,3992.000000
function/tail_capture_each_8,7,3,14496,0.025035292,579023,4053158,26.000000,3992.000000
function/tail_capture_each_8,7,4,14496,0.025041875,578870,4052093,26.000000,3992.000000
function/tail_capture_each_8,7,5,14336,0.025037459,572582,4008074,26.000000,3992.000000
function/tail_capture_each_8,7,6,14368,0.025002667,574659,4022611,26.000000,3992.000000
function/tail_capture_each_128,9,0,1280,0.025390625,50412,453711,270.000000,57752.000000
function/tail_capture_each_128,9,1,1280,0.025364500,50464,454178,270.000000,57752.000000
function/tail_capture_each_128,9,2,1280,0.025352583,50488,454392,270.000000,57752.000000
function/tail_capture_each_128,9,3,1280,0.025345042,50503,454527,270.000000,57752.000000
function/tail_capture_each_128,9,4,1280,0.025298583,50596,455361,270.000000,57752.000000
function/tail_capture_each_128,9,5,1280,0.025445292,50304,452736,270.000000,57752.000000
function/tail_capture_each_128,9,6,1280,0.025544541,50109,450977,270.000000,57752.000000
function/tail_capture_each_1024,10,0,192,0.029647708,6476,64760,2065.000000,459160.000000
function/tail_capture_each_1024,10,1,192,0.029793458,6444,64444,2065.000000,459160.000000
function/tail_capture_each_1024,10,2,192,0.029841541,6434,64340,2065.000000,459160.000000
function/tail_capture_each_1024,10,3,192,0.029852958,6432,64315,2065.000000,459160.000000
function/tail_capture_each_1024,10,4,192,0.029863417,6429,64293,2065.000000,459160.000000
function/tail_capture_each_1024,10,5,192,0.029910000,6419,64193,2065.000000,459160.000000
function/tail_capture_each_1024,10,6,192,0.029861792,6430,64296,2065.000000,459160.000000
compile/eval_static,0,0,35552,0.025007167,1421672,0,25.000000,1166.000000
compile/eval_static,0,1,35616,0.025010125,1424063,0,25.000000,1166.000000
compile/eval_static,0,2,35712,0.025021833,1427234,0,25.000000,1166.000000
compile/eval_static,0,3,36032,0.025019542,1440154,0,25.000000,1166.000000
compile/eval_static,0,4,35840,0.025021375,1432375,0,25.000000,1166.000000
compile/eval_static,0,5,35936,0.025019375,1436327,0,25.000000,1166.000000
compile/eval_static,0,6,35584,0.025010542,1422760,0,25.000000,1166.000000
compile/eval_dynamic,0,0,91264,0.025003750,3650012,0,9.000000,648.000000
compile/eval_dynamic,0,1,91136,0.025005125,3644693,0,9.000000,648.000000
compile/eval_dynamic,0,2,91296,0.025000334,3651791,0,9.000000,648.000000
compile/eval_dynamic,0,3,90688,0.025006708,3626547,0,9.000000,648.000000
compile/eval_dynamic,0,4,91008,0.025007250,3639265,0,9.000000,648.000000
compile/eval_dynamic,0,5,91456,0.025007875,3657088,0,9.000000,648.000000
compile/eval_dynamic,0,6,90560,0.025004416,3621760,0,9.000000,648.000000
compile/eval_nested,0,0,21472,0.025013125,858429,0,37.000000,1843.000000
compile/eval_nested,0,1,21408,0.025017459,855722,0,37.000000,1843.000000
compile/eval_nested,0,2,21536,0.025032958,860306,0,37.000000,1843.000000
compile/eval_nested,0,3,21472,0.025032250,857773,0,37.000000,1843.000000
compile/eval_nested,0,4,21376,0.025010042,854697,0,37.000000,1843.000000
compile/eval_nested,0,5,21536,0.025002833,861342,0,37.000000,1843.000000
compile/eval_nested,0,6,21536,0.025016209,860882,0,37.000000,1843.000000
eval/static_scalar,100,0,64032,0.025006708,2560593,256059294,0.000000,0.000000
eval/static_scalar,100,1,63232,0.025002792,2528998,252899756,0.000000,0.000000
eval/static_scalar,100,2,64256,0.025001042,2570133,257013288,0.000000,0.000000
eval/static_scalar,100,3,64736,0.025009000,2588508,258850814,0.000000,0.000000
eval/static_scalar,100,4,63936,0.025001250,2557312,255731213,0.000000,0.000000
eval/static_scalar,100,5,64896,0.025006375,2595178,259517823,0.000000,0.000000
eval/static_scalar,100,6,65760,0.025010250,2629322,262932198,0.000000,0.000000
eval/dynamic_scalar,100,0,23648,0.025053833,943888,94388751,21.000000,892.000000
eval/dynamic_scalar,100,1,23392,0.025004333,935518,93551786,21.000000,892.000000
eval/dynamic_scalar,100,2,23456,0.025030959,937080,93707956,21.000000,892.000000
eval/dynamic_scalar,100,3,23616,0.025021000,943847,94384717,21.000000,892.000000
eval/dynamic_scalar,100,4,23712,0.025011667,948038,94803757,21.000000,892.000000
eval/dynamic_scalar,100,5,23680,0.025005208,947003,94700272,21.000000,892.000000
eval/dynamic_scalar,100,6,23392,0.025012500,935212,93521239,21.000000,892.000000
eval/static_literal,100,0,174816,0.025001042,6992349,699234856,1.000000,16.000000
eval/static_literal,100,1,175936,0.025002792,7036654,703665415,1.000000,16.000000
eval/static_literal,100,2,175040,0.025002083,7001017,700101668,1.000000,16.000000
eval/static_literal,100,3,174592,0.025003417,6982726,698272560,1.000000,16.000000
eval/static_literal,100,4,175616,0.025002875,7023832,702383226,1.000000,16.000000
eval/static_literal,100,5,176352,0.025000208,7054021,705402131,1.000000,16.000000
eval/static_literal,100,6,175840,0.025004167,7032428,703242783,1.000000,16.000000
eval/context,100,0,71968,0.025011125,2877440,287743954,0.000000,0.000000
eval/context,100,1,72128,0.025007875,2884211,288421147,0.000000,0.000000
eval/context,100,2,72608,0.025000750,2904233,290423287,0.000000,0.000000
eval/context,100,3,71936,0.025000125,2877426,287742561,0.000000,0.000000
eval/context,100,4,72288,0.025004000,2891057,289105743,0.000000,0.000000
eval/context,100,5,72192,0.025003042,2887329,288732867,0.000000,0.000000
eval/context,100,6,72160,0.025008500,2885419,288541896,0.000000,0.000000
eval/nested,100,0,59776,0.025007125,2390359,239035875,0.000000,0.000000
eval/nested,100,1,60384,0.025003375,2415034,241503397,0.000000,0.000000
eval/nested,100,2,60704,0.025002542,2427913,242791313,0.000000,0.000000
eval/nested,100,3,60864,0.025010167,2433570,243357032,0.000000,0.000000
eval/nested,100,4,61088,0.025000625,2443459,244345891,0.000000,0.000000
eval/nested,100,5,60352,0.025009542,2413159,241315895,0.000000,0.000000
eval/nested,100,6,61056,0.025012875,2440983,244098289,0.000000,0.000000
eval/inherited,100,0,47040,0.025010208,1880832,188083202,5.000000,568.000000
eval/inherited,100,1,46816,0.025001792,1872506,187250578,5.000000,568.000000
eval/inherited,100,2,47104,0.025012917,1883187,188318699,5.000000,568.000000
eval/inherited,100,3,47232,0.025013625,1888251,188825090,5.000000,568.000000
eval/inherited,100,4,47264,0.025003167,1890321,189032053,5.000000,568.000000
eval/inherited,100,5,47232,0.025006291,1888805,188880470,5.000000,568.000000
eval/inherited,100,6,46784,0.025000375,1871332,187133193,5.000000,568.000000
eval/static_closure,100,0,39904,0.025008625,1595610,159560951,6.000000,632.000000
eval/static_closure,100,1,39872,0.025007166,1594423,159442297,6.000000,632.000000
eval/static_closure,100,2,39936,0.025012250,1596658,159665764,6.000000,632.000000
eval/static_closure,100,3,39968,0.025008834,1598155,159815528,6.000000,632.000000
eval/static_closure,100,4,40192,0.025008292,1607147,160714694,6.000000,632.000000
eval/static_closure,100,5,40096,0.025017750,1602702,160270208,6.000000,632.000000
eval/static_closure,100,6,40416,0.025013417,1615773,161577285,6.000000,632.000000
eval/folded_literal,100,0,174624,0.025001916,6984425,698442471,1.000000,16.000000
eval/folded_literal,100,1,169408,0.025001959,6775789,677578905,1.000000,16.000000
eval/folded_literal,100,2,162400,0.025002584,6495329,649532864,1.000000,16.000000
eval/folded_literal,100,3,173024,0.025001334,6920591,692059072,1.000000,16.000000
eval/folded_literal,100,4,171392,0.025004333,6854492,685449198,1.000000,16.000000
eval/folded_literal,100,5,170848,0.025002958,6833112,683311151,1.000000,16.000000
eval/folded_literal,100,6,171808,0.025004083,6871198,687119780,1.000000,16.000000
eval/mixed,100,0,30624,0.025014750,1224238,122423770,9.000000,768.000000
eval/mixed,100,1,31744,0.025022375,1268625,126862458,9.000000,768.000000
eval/mixed,100,2,31872,0.025023375,1273689,127368910,9.000000,768.000000
eval/mixed,100,3,31936,0.025013208,1276765,127676546,9.000000,768.000000
eval/mixed,100,4,31840,0.025012000,1272989,127298897,9.000000,768.000000
eval/mixed,100,5,32032,0.025005417,1281002,128100243,9.000000,768.000000
eval/mixed,100,6,31904,0.025002209,1276047,127604725,9.000000,768.000000
effect/random,100,0,144736,0.025004417,5788417,578841730,4.000000,216.000000
effect/random,100,1,145056,0.025005042,5801070,580107004,4.000000,216.000000
effect/random,100,2,145312,0.025001708,5812083,581208292,4.000000,216.000000
effect/random,100,3,146176,0.025001000,5846806,584680613,4.000000,216.000000
effect/random,100,4,147360,0.025001459,5894056,589405602,4.000000,216.000000
effect/random,100,5,147552,0.025004875,5900929,590092932,4.000000,216.000000
effect/random,100,6,147616,0.025004333,5903617,590361679,4.000000,216.000000
effect/random_injected,100,0,159520,0.025001208,6380492,638049169,3.000000,184.000000
effect/random_injected,100,1,159520,0.025000041,6380790,638078954,3.000000,184.000000
effect/random_injected,100,2,157472,0.025000084,6298859,629885884,3.000000,184.000000
effect/random_injected,100,3,158272,0.025001750,6330437,633043687,3.000000,184.000000
effect/random_injected,100,4,158336,0.025002834,6332722,633272212,3.000000,184.000000
effect/random_injected,100,5,158720,0.025001875,6348324,634832388,3.000000,184.000000
effect/random_injected,100,6,158240,0.025002541,6328957,632895672,3.000000,184.000000
effect/shuffle,100,0,64608,0.025000833,2584234,258423389,6.000000,360.000000
effect/shuffle,100,1,63808,0.025010834,2551214,255121441,6.000000,360.000000
effect/shuffle,100,2,64256,0.025001208,2570116,257011581,6.000000,360.000000
effect/shuffle,100,3,64512,0.025005084,2579955,257995534,6.000000,360.000000
effect/shuffle,100,4,64960,0.025004750,2597906,259790640,6.000000,360.000000
effect/shuffle,100,5,64800,0.025010916,2590869,259086872,6.000000,360.000000
effect/shuffle,100,6,65184,0.025003208,2607025,260702547,6.000000,360.000000
effect/shuffle_empty,100,0,138624,0.025001917,5544535,554453485,4.000000,200.000000
effect/shuffle_empty,100,1,138464,0.025004084,5537655,553765537,4.000000,200.000000
effect/shuffle_empty,100,2,137664,0.025002667,5505973,550597262,4.000000,200.000000
effect/shuffle_empty,100,3,137440,0.025000792,5497426,549742584,4.000000,200.000000
effect/shuffle_empty,100,4,138592,0.025003375,5542932,554293170,4.000000,200.000000
effect/shuffle_empty,100,5,138368,0.025002667,5534130,553412962,4.000000,200.000000
effect/shuffle_empty,100,6,138656,0.025003291,5545510,554550999,4.000000,200.000000
effect/shuffle_single,100,0,137888,0.025004750,5514472,551447225,4.000000,200.000000
effect/shuffle_single,100,1,136960,0.025000708,5478245,547824486,4.000000,200.000000
effect/shuffle_single,100,2,136544,0.025002709,5461168,546116823,4.000000,200.000000
effect/shuffle_single,100,3,138624,0.025000334,5544886,554488592,4.000000,200.000000
effect/shuffle_single,100,4,137984,0.025004584,5518348,551834816,4.000000,200.000000
effect/shuffle_single,100,5,138112,0.025001209,5524213,552421285,4.000000,200.000000
effect/shuffle_single,100,6,138080,0.025001750,5522813,552281340,4.000000,200.000000
eval/static_scalar,500,0,24608,0.025011416,983871,491935363,0.000000,0.000000
eval/static_scalar,500,1,24608,0.025030167,983134,491566836,0.000000,0.000000
eval/static_scalar,500,2,24608,0.025016917,983654,491827190,0.000000,0.000000
eval/static_scalar,500,3,24640,0.025006416,985347,492673560,0.000000,0.000000
eval/static_scalar,500,4,24640,0.025003417,985465,492732653,0.000000,0.000000
eval/static_scalar,500,5,24704,0.025012916,987650,493824870,0.000000,0.000000
eval/static_scalar,500,6,24704,0.025025500,987153,493576552,0.000000,0.000000
eval/dynamic_scalar,500,0,13152,0.025045625,525122,262560826,21.000000,892.000000
eval/dynamic_scalar,500,1,13184,0.025013250,527081,263540324,21.000000,892.000000
eval/dynamic_scalar,500,2,13152,0.025027125,525510,262754911,21.000000,892.000000
eval/dynamic_scalar,500,3,13184,0.025047250,526365,263182585,21.000000,892.000000
eval/dynamic_scalar,500,4,13088,0.025009625,523319,261659261,21.000000,892.000000
eval/dynamic_scalar,500,5,13184,0.025057250,526155,263077552,21.000000,892.000000
eval/dynamic_scalar,500,6,13120,0.025045583,523845,261922432,21.000000,892.000000
eval/static_literal,500,0,69920,0.025004333,2796315,1398157671,1.000000,16.000000
eval/static_literal,500,1,70016,0.025007625,2799786,1399893033,1.000000,16.000000
eval/static_literal,500,2,69984,0.025009167,2798334,1399166953,1.000000,16.000000
eval/static_literal,500,3,69952,0.025000208,2798057,1399028360,1.000000,16.000000
eval/static_literal,500,4,69984,0.025007292,2798544,1399271860,1.000000,16.000000
eval/static_literal,500,5,69984,0.025010084,2798231,1399115653,1.000000,16.000000
eval/static_literal,500,6,70112,0.025004708,2803952,1401975980,1.000000,16.000000
eval/context,500,0,32288,0.025007209,1291148,645573842,0.000000,0.000000
eval/context,500,1,32288,0.025019667,1290505,645252393,0.000000,0.000000
eval/context,500,2,32160,0.025010708,1285849,642924623,0.000000,0.000000
eval/context,500,3,32320,0.025019958,1291769,645884378,0.000000,0.000000
eval/context,500,4,32096,0.025014500,1283096,641547902,0.000000,0.000000
eval/context,500,5,31936,0.025009625,1276948,638474187,0.000000,0.000000
eval/context,500,6,32096,0.025006375,1283513,641756352,0.000000,0.000000
eval/nested,500,0,23584,0.025007834,943064,471532241,0.000000,0.000000
eval/nested,500,1,23680,0.025021625,946381,473190690,0.000000,0.000000
eval/nested,500,2,23584,0.025002666,943259,471629705,0.000000,0.000000
eval/nested,500,3,23776,0.025008417,950720,475359956,0.000000,0.000000
eval/nested,500,4,23776,0.025028875,949943,474971408,0.000000,0.000000
eval/nested,500,5,23712,0.025029042,947379,473689724,0.000000,0.000000
eval/nested,500,6,23616,0.025029416,943530,471764903,0.000000,0.000000
eval/inherited,500,0,21056,0.025005958,842039,421019663,5.000000,568.000000
eval/inherited,500,1,21216,0.025028125,847686,423843176,5.000000,568.000000
eval/inherited,500,2,21248,0.025010250,849572,424785838,5.000000,568.000000
eval/inherited,500,3,21248,0.025014875,849415,424707299,5.000000,568.000000
eval/inherited,500,4,21280,0.025021334,850474,425237120,5.000000,568.000000
eval/inherited,500,5,21440,0.025020375,856902,428450813,5.000000,568.000000
eval/inherited,500,6,21344,0.025028167,852799,426399584,5.000000,568.000000
eval/static_closure,500,0,19968,0.025037125,797536,398767830,6.000000,632.000000
eval/static_closure,500,1,19904,0.025028459,795255,397627357,6.000000,632.000000
eval/static_closure,500,2,19968,0.025018208,798139,399069350,6.000000,632.000000
eval/static_closure,500,3,19968,0.025003875,798596,399298109,6.000000,632.000000
eval/static_closure,500,4,19872,0.025014333,794425,397212270,6.000000,632.000000
eval/static_closure,500,5,19872,0.025017834,794313,397156684,6.000000,632.000000
eval/static_closure,500,6,19872,0.025010375,794550,397275131,6.000000,632.000000
eval/folded_literal,500,0,69536,0.025007958,2780555,1390277447,1.000000,16.000000
eval/folded_literal,500,1,70048,0.025007417,2801089,1400544486,1.000000,16.000000
eval/folded_literal,500,2,69984,0.025004125,2798898,1399449091,1.000000,16.000000
eval/folded_literal,500,3,70208,0.025011166,2807066,1403533126,1.000000,16.000000
eval/folded_literal,500,4,70240,0.025005042,2809033,1404516737,1.000000,16.000000
eval/folded_literal,500,5,70304,0.025000125,2812146,1406072970,1.000000,16.000000
eval/folded_literal,500,6,70208,0.025008292,2807389,1403694423,1.000000,16.000000
eval/mixed,500,0,17504,0.025035833,699158,349578942,9.000000,768.000000
eval/mixed,500,1,17536,0.025020416,700868,350433822,9.000000,768.000000
eval/mixed,500,2,17632,0.025045375,704002,352001118,9.000000,768.000000
eval/mixed,500,3,17568,0.025042125,701538,350768954,9.000000,768.000000
eval/mixed,500,4,17536,0.025038250,700368,350184218,9.000000,768.000000
eval/mixed,500,5,17344,0.025019167,693229,346614258,9.000000,768.000000
eval/mixed,500,6,17408,0.025010583,696025,348012679,9.000000,768.000000
effect/random,500,0,63968,0.025006250,2558080,1279040240,4.000000,216.000000
effect/random,500,1,64128,0.025006750,2564428,1282213802,4.000000,216.000000
effect/random,500,2,64384,0.025010750,2574253,1287126536,4.000000,216.000000
effect/random,500,3,64448,0.025009542,2576936,1288468217,4.000000,216.000000
effect/random,500,4,63968,0.025001625,2558554,1279276847,4.000000,216.000000
effect/random,500,5,64480,0.025006167,2578564,1289281960,4.000000,216.000000
effect/random,500,6,64544,0.025010791,2580646,1290323045,4.000000,216.000000
effect/random_injected,500,0,67296,0.025007417,2691042,1345520811,3.000000,184.000000
effect/random_injected,500,1,66784,0.025003125,2671026,1335513061,3.000000,184.000000
effect/random_injected,500,2,66624,0.025007458,2664165,1332082613,3.000000,184.000000
effect/random_injected,500,3,66560,0.025008958,2661446,1330723175,3.000000,184.000000
effect/random_injected,500,4,66464,0.025009583,2657541,1328770656,3.000000,184.000000
effect/random_injected,500,5,66880,0.025001000,2675093,1337546498,3.000000,184.000000
effect/random_injected,500,6,67072,0.025010166,2681789,1340894739,3.000000,184.000000
effect/shuffle,500,0,30976,0.025015083,1238293,619146457,6.000000,360.000000
effect/shuffle,500,1,30880,0.025015459,1234437,617218337,6.000000,360.000000
effect/shuffle,500,2,31008,0.025020917,1239283,619641558,6.000000,360.000000
effect/shuffle,500,3,31104,0.025024250,1242954,621477167,6.000000,360.000000
effect/shuffle,500,4,31008,0.025010208,1239814,619906880,6.000000,360.000000
effect/shuffle,500,5,31008,0.025004000,1240122,620060790,6.000000,360.000000
effect/shuffle,500,6,31168,0.025004042,1246518,623259231,6.000000,360.000000
effect/shuffle_empty,500,0,62912,0.025000375,2516442,1258221127,4.000000,200.000000
effect/shuffle_empty,500,1,62176,0.025005500,2486493,1243246486,4.000000,200.000000
effect/shuffle_empty,500,2,62464,0.025006042,2497956,1248978147,4.000000,200.000000
effect/shuffle_empty,500,3,62624,0.025002792,2504680,1252340139,4.000000,200.000000
effect/shuffle_empty,500,4,63264,0.025004333,2530121,1265060740,4.000000,200.000000
effect/shuffle_empty,500,5,63168,0.025000875,2526632,1263315784,4.000000,200.000000
effect/shuffle_empty,500,6,63264,0.025010459,2529502,1264750879,4.000000,200.000000
effect/shuffle_single,500,0,62688,0.025004000,2507119,1253559430,4.000000,200.000000
effect/shuffle_single,500,1,62880,0.025004917,2514705,1257352704,4.000000,200.000000
effect/shuffle_single,500,2,62848,0.025012125,2512701,1256350670,4.000000,200.000000
effect/shuffle_single,500,3,62944,0.025001916,2517567,1258783527,4.000000,200.000000
effect/shuffle_single,500,4,62848,0.025001375,2513782,1256890871,4.000000,200.000000
effect/shuffle_single,500,5,63040,0.025012125,2520378,1260188808,4.000000,200.000000
effect/shuffle_single,500,6,63136,0.025004084,2525028,1262513756,4.000000,200.000000
eval/static_scalar,1024,0,13792,0.025036583,550874,564094869,0.000000,0.000000
eval/static_scalar,1024,1,13760,0.025002792,550339,563546663,0.000000,0.000000
eval/static_scalar,1024,2,13760,0.025014875,550073,563274452,0.000000,0.000000
eval/static_scalar,1024,3,13792,0.025023583,551160,564387922,0.000000,0.000000
eval/static_scalar,1024,4,13792,0.025021250,551211,564440546,0.000000,0.000000
eval/static_scalar,1024,5,13760,0.025020917,549940,563138433,0.000000,0.000000
eval/static_scalar,1024,6,13792,0.025031500,550986,564209416,0.000000,0.000000
eval/dynamic_scalar,1024,0,8480,0.025072084,338225,346342171,21.000000,892.000000
eval/dynamic_scalar,1024,1,8480,0.025067417,338288,346406652,21.000000,892.000000
eval/dynamic_scalar,1024,2,8448,0.025025792,337572,345673456,21.000000,892.000000
eval/dynamic_scalar,1024,3,8448,0.025044583,337318,345414096,21.000000,892.000000
eval/dynamic_scalar,1024,4,8480,0.025061292,338370,346491314,21.000000,892.000000
eval/dynamic_scalar,1024,5,8416,0.025005792,336562,344639514,21.000000,892.000000
eval/dynamic_scalar,1024,6,8480,0.025030333,338789,346919875,21.000000,892.000000
eval/static_literal,1024,0,39648,0.025000917,1585862,1623922515,1.000000,16.000000
eval/static_literal,1024,1,39712,0.025010750,1587797,1625904381,1.000000,16.000000
eval/static_literal,1024,2,39680,0.025003917,1586951,1625038189,1.000000,16.000000
eval/static_literal,1024,3,39648,0.025015875,1584914,1622951506,1.000000,16.000000
eval/static_literal,1024,4,39584,0.025008750,1582806,1620793362,1.000000,16.000000
eval/static_literal,1024,5,39616,0.025012625,1583840,1621852325,1.000000,16.000000
eval/static_literal,1024,6,39648,0.025000834,1585867,1623927906,1.000000,16.000000
eval/context,1024,0,18976,0.025038584,757870,776059221,0.000000,0.000000
eval/context,1024,1,19104,0.025032542,763167,781482600,0.000000,0.000000
eval/context,1024,2,19136,0.025024125,764702,783054912,0.000000,0.000000
eval/context,1024,3,19136,0.025001584,765392,783760901,0.000000,0.000000
eval/context,1024,4,19104,0.025024250,763419,781741551,0.000000,0.000000
eval/context,1024,5,19136,0.025039459,764234,782575374,0.000000,0.000000
eval/context,1024,6,19200,0.025013416,767588,786010195,0.000000,0.000000
eval/nested,1024,0,13632,0.025033750,544545,557613941,0.000000,0.000000
eval/nested,1024,1,13632,0.025058709,544002,557058546,0.000000,0.000000
eval/nested,1024,2,13568,0.025003625,542641,555664709,0.000000,0.000000
eval/nested,1024,3,13632,0.025053416,544117,557176235,0.000000,0.000000
eval/nested,1024,4,13600,0.025025000,543457,556499500,0.000000,0.000000
eval/nested,1024,5,13600,0.025054291,542821,555848896,0.000000,0.000000
eval/nested,1024,6,13568,0.025055042,541528,554524395,0.000000,0.000000
eval/inherited,1024,0,12800,0.025032875,511328,523599467,5.000000,568.000000
eval/inherited,1024,1,12768,0.025052792,509644,521875246,5.000000,568.000000
eval/inherited,1024,2,12800,0.025030250,511381,523654378,5.000000,568.000000
eval/inherited,1024,3,12800,0.025013625,511721,524002419,5.000000,568.000000
eval/inherited,1024,4,12832,0.025022000,512829,525136600,5.000000,568.000000
eval/inherited,1024,5,12768,0.025050125,509698,521930809,5.000000,568.000000
eval/inherited,1024,6,12800,0.025033709,511311,523582023,5.000000,568.000000
eval/static_closure,1024,0,12192,0.025030958,487077,498766687,6.000000,632.000000
eval/static_closure,1024,1,12224,0.025042416,488132,499846980,6.000000,632.000000
eval/static_closure,1024,2,12192,0.025046709,486771,498453030,6.000000,632.000000
eval/static_closure,1024,3,12224,0.025052583,487934,499644129,6.000000,632.000000
eval/static_closure,1024,4,12224,0.025007000,488823,500554885,6.000000,632.000000
eval/static_closure,1024,5,12224,0.025029042,488393,500114067,6.000000,632.000000
eval/static_closure,1024,6,12192,0.025046000,486784,498467140,6.000000,632.000000
eval/folded_literal,1024,0,39424,0.025011500,1576235,1614064570,1.000000,16.000000
eval/folded_literal,1024,1,39616,0.025017458,1583534,1621539007,1.000000,16.000000
eval/folded_literal,1024,2,39584,0.025007083,1582912,1620901406,1.000000,16.000000
eval/folded_literal,1024,3,39424,0.025009542,1576358,1614190936,1.000000,16.000000
eval/folded_literal,1024,4,39648,0.025008167,1585402,1623451731,1.000000,16.000000
eval/folded_literal,1024,5,39584,0.025004833,1583054,1621047259,1.000000,16.000000
eval/folded_literal,1024,6,39584,0.025000916,1583302,1621301236,1.000000,16.000000
eval/mixed,1024,0,11136,0.025020250,445079,455761393,9.000000,768.000000
eval/mixed,1024,1,11168,0.025029417,446195,456903651,9.000000,768.000000
eval/mixed,1024,2,11200,0.025027917,447500,458240292,9.000000,768.000000
eval/mixed,1024,3,11232,0.025066416,448090,458843737,9.000000,768.000000
eval/mixed,1024,4,11232,0.025049625,448390,459151305,9.000000,768.000000
eval/mixed,1024,5,11232,0.025057792,448244,459001655,9.000000,768.000000
eval/mixed,1024,6,11232,0.025009083,449117,459895631,9.000000,768.000000
effect/random,1024,0,37824,0.025006459,1512569,1548870874,4.000000,216.000000
effect/random,1024,1,37760,0.025016084,1509429,1545655187,4.000000,216.000000
effect/random,1024,2,37856,0.025013500,1513423,1549744898,4.000000,216.000000
effect/random,1024,3,37856,0.025016417,1513246,1549564192,4.000000,216.000000
effect/random,1024,4,37920,0.025006625,1516398,1552791710,4.000000,216.000000
effect/random,1024,5,37888,0.025015083,1514606,1550956757,4.000000,216.000000
effect/random,1024,6,37568,0.025016708,1501716,1537757566,4.000000,216.000000
effect/random_injected,1024,0,38432,0.025001125,1537211,1574103885,3.000000,184.000000
effect/random_injected,1024,1,38592,0.025018333,1542549,1579569990,3.000000,184.000000
effect/random_injected,1024,2,38528,0.025019959,1539891,1576847988,3.000000,184.000000
effect/random_injected,1024,3,38560,0.025014000,1541537,1578533621,3.000000,184.000000
effect/random_injected,1024,4,38496,0.025011792,1539114,1576052767,3.000000,184.000000
effect/random_injected,1024,5,38592,0.025003042,1543492,1580536000,3.000000,184.000000
effect/random_injected,1024,6,38272,0.025022834,1529483,1566190624,3.000000,184.000000
effect/shuffle,1024,0,18752,0.025033209,749085,767062984,6.000000,360.000000
effect/shuffle,1024,1,18624,0.025038208,743823,761674957,6.000000,360.000000
effect/shuffle,1024,2,18720,0.025042458,747530,765471185,6.000000,360.000000
effect/shuffle,1024,3,18688,0.025041000,746296,764207180,6.000000,360.000000
effect/shuffle,1024,4,18624,0.025006583,744764,762638222,6.000000,360.000000
effect/shuffle,1024,5,18592,0.025042667,742413,760230849,6.000000,360.000000
effect/shuffle,1024,6,18624,0.025000041,744959,762837789,6.000000,360.000000
effect/shuffle_empty,1024,0,37408,0.025009375,1495759,1531657309,4.000000,200.000000
effect/shuffle_empty,1024,1,37504,0.025004250,1499905,1535902737,4.000000,200.000000
effect/shuffle_empty,1024,2,37536,0.025004625,1501162,1537190180,4.000000,200.000000
effect/shuffle_empty,1024,3,37600,0.025008125,1503511,1539595631,4.000000,200.000000
effect/shuffle_empty,1024,4,37376,0.025021125,1493778,1529628424,4.000000,200.000000
effect/shuffle_empty,1024,5,37472,0.025018542,1497769,1533715594,4.000000,200.000000
effect/shuffle_empty,1024,6,37568,0.025015584,1501784,1537826660,4.000000,200.000000
effect/shuffle_single,1024,0,37440,0.025020916,1496348,1532260450,4.000000,200.000000
effect/shuffle_single,1024,1,37120,0.025007541,1484352,1519976714,4.000000,200.000000
effect/shuffle_single,1024,2,37024,0.025016083,1480008,1515528070,4.000000,200.000000
effect/shuffle_single,1024,3,37024,0.025012500,1480220,1515745167,4.000000,200.000000
effect/shuffle_single,1024,4,37184,0.025023000,1485993,1521656716,4.000000,200.000000
effect/shuffle_single,1024,5,37088,0.025019125,1482386,1517963238,4.000000,200.000000
effect/shuffle_single,1024,6,37344,0.025006208,1493389,1529230501,4.000000,200.000000
eval/static_scalar,10240,0,1600,0.025176875,63550,650755902,0.000000,0.000000
eval/static_scalar,10240,1,1600,0.025203042,63484,650080256,0.000000,0.000000
eval/static_scalar,10240,2,1600,0.025214125,63456,649794510,0.000000,0.000000
eval/static_scalar,10240,3,1600,0.025210417,63466,649890083,0.000000,0.000000
eval/static_scalar,10240,4,1600,0.025183875,63533,650575021,0.000000,0.000000
eval/static_scalar,10240,5,1600,0.025224500,63430,649527245,0.000000,0.000000
eval/static_scalar,10240,6,1600,0.025188417,63521,650457708,0.000000,0.000000
eval/dynamic_scalar,10240,0,1184,0.025431375,46557,476740247,21.000000,892.000000
eval/dynamic_scalar,10240,1,1184,0.025404166,46607,477250857,21.000000,892.000000
eval/dynamic_scalar,10240,2,1184,0.025479042,46470,475848346,21.000000,892.000000
eval/dynamic_scalar,10240,3,1184,0.025442792,46536,476526318,21.000000,892.000000
eval/dynamic_scalar,10240,4,1184,0.025458833,46506,476226071,21.000000,892.000000
eval/dynamic_scalar,10240,5,1184,0.025403916,46607,477255554,21.000000,892.000000
eval/dynamic_scalar,10240,6,1184,0.025450791,46521,476376550,21.000000,892.000000
eval/static_literal,10240,0,4640,0.025073417,185057,1894979053,1.000000,16.000000
eval/static_literal,10240,1,4640,0.025084792,184973,1894119752,1.000000,16.000000
eval/static_literal,10240,2,4672,0.025154958,185729,1901862845,1.000000,16.000000
eval/static_literal,10240,3,4640,0.025079708,185010,1894503716,1.000000,16.000000
eval/static_literal,10240,4,4640,0.025057917,185171,1896151224,1.000000,16.000000
eval/static_literal,10240,5,4640,0.025031083,185370,1898183950,1.000000,16.000000
eval/static_literal,10240,6,4672,0.025177375,185563,1900169497,1.000000,16.000000
eval/context,10240,0,2368,0.025237083,93830,960821027,0.000000,0.000000
eval/context,10240,1,2368,0.025305583,93576,958220168,0.000000,0.000000
eval/context,10240,2,2336,0.025001041,93436,956785759,0.000000,0.000000
eval/context,10240,3,2368,0.025249583,93784,960345365,0.000000,0.000000
eval/context,10240,4,2368,0.025280333,93670,959177239,0.000000,0.000000
eval/context,10240,5,2368,0.025309166,93563,958084514,0.000000,0.000000
eval/context,10240,6,2368,0.025280875,93668,959156675,0.000000,0.000000
eval/nested,10240,0,1600,0.025239167,63394,649149792,0.000000,0.000000
eval/nested,10240,1,1600,0.025235375,63403,649247336,0.000000,0.000000
eval/nested,10240,2,1600,0.025266667,63325,648443263,0.000000,0.000000
eval/nested,10240,3,1600,0.025296792,63249,647671056,0.000000,0.000000
eval/nested,10240,4,1600,0.025270917,63314,648334210,0.000000,0.000000
eval/nested,10240,5,1600,0.025228750,63420,649417827,0.000000,0.000000
eval/nested,10240,6,1600,0.025279666,63292,648109829,0.000000,0.000000
eval/inherited,10240,0,1600,0.025444041,62883,643922874,5.000000,568.000000
eval/inherited,10240,1,1600,0.025443583,62884,643934465,5.000000,568.000000
eval/inherited,10240,2,1600,0.025475083,62806,643138238,5.000000,568.000000
eval/inherited,10240,3,1600,0.025501458,62742,642473070,5.000000,568.000000
eval/inherited,10240,4,1600,0.025397791,62998,645095473,5.000000,568.000000
eval/inherited,10240,5,1600,0.025471000,62817,643241333,5.000000,568.000000
eval/inherited,10240,6,1568,0.025110000,62445,639439267,5.000000,568.000000
eval/static_closure,10240,0,1568,0.025219416,62174,636665020,6.000000,632.000000
eval/static_closure,10240,1,1568,0.025044708,62608,641106297,6.000000,632.000000
eval/static_closure,10240,2,1568,0.025055667,62581,640825886,6.000000,632.000000
eval/static_closure,10240,3,1568,0.025109333,62447,639456253,6.000000,632.000000
eval/static_closure,10240,4,1568,0.025143917,62361,638576718,6.000000,632.000000
eval/static_closure,10240,5,1568,0.025097833,62476,639749256,6.000000,632.000000
eval/static_closure,10240,6,1568,0.025104667,62459,639575104,6.000000,632.000000
eval/folded_literal,10240,0,4640,0.025055708,185187,1896318396,1.000000,16.000000
eval/folded_literal,10240,1,4640,0.025067959,185097,1895391643,1.000000,16.000000
eval/folded_literal,10240,2,4640,0.025011875,185512,1899641670,1.000000,16.000000
eval/folded_literal,10240,3,4640,0.025022000,185437,1898872992,1.000000,16.000000
eval/folded_literal,10240,4,4640,0.025042125,185288,1897346970,1.000000,16.000000
eval/folded_literal,10240,5,4640,0.025058666,185165,1896094549,1.000000,16.000000
eval/folded_literal,10240,6,4640,0.025018584,185462,1899132261,1.000000,16.000000
eval/mixed,10240,0,1568,0.025370708,61804,632868424,9.000000,768.000000
eval/mixed,10240,1,1568,0.025422292,61678,631584280,9.000000,768.000000
eval/mixed,10240,2,1568,0.025345083,61866,633508282,9.000000,768.000000
eval/mixed,10240,3,1568,0.025409334,61710,631906370,9.000000,768.000000
eval/mixed,10240,4,1568,0.025347000,61861,633460370,9.000000,768.000000
eval/mixed,10240,5,1568,0.025382416,61775,632576505,9.000000,768.000000
eval/mixed,10240,6,1568,0.025353208,61846,633305261,9.000000,768.000000
effect/random,10240,0,4608,0.025032125,184083,1885014556,4.000000,216.000000
effect/random,10240,1,4608,0.025013208,184223,1886440156,4.000000,216.000000
effect/random,10240,2,4608,0.025109208,183518,1879227732,4.000000,216.000000
effect/random,10240,3,4640,0.025037041,185325,1897732244,4.000000,216.000000
effect/random,10240,4,4640,0.025127792,184656,1890878435,4.000000,216.000000
effect/random,10240,5,4640,0.025137791,184583,1890126304,4.000000,216.000000
effect/random,10240,6,4608,0.025003042,184298,1887207165,4.000000,216.000000
effect/random_injected,10240,0,4640,0.025074875,185046,1894868868,3.000000,184.000000
effect/random_injected,10240,1,4640,0.025169083,184353,1887776364,3.000000,184.000000
effect/random_injected,10240,2,4640,0.025080542,185004,1894440718,3.000000,184.000000
effect/random_injected,10240,3,4640,0.025135542,184599,1890295423,3.000000,184.000000
effect/random_injected,10240,4,4640,0.025105000,184824,1892595101,3.000000,184.000000
effect/random_injected,10240,5,4640,0.025157667,184437,1888632996,3.000000,184.000000
effect/random_injected,10240,6,4640,0.025074208,185051,1894919273,3.000000,184.000000
effect/shuffle,10240,0,2368,0.025319625,93524,957688749,6.000000,360.000000
effect/shuffle,10240,1,2336,0.025078750,93147,953821064,6.000000,360.000000
effect/shuffle,10240,2,2368,0.025306250,93574,958194912,6.000000,360.000000
effect/shuffle,10240,3,2368,0.025317667,93532,957762814,6.000000,360.000000
effect/shuffle,10240,4,2368,0.025306750,93572,958175981,6.000000,360.000000
effect/shuffle,10240,5,2336,0.025044500,93274,955125477,6.000000,360.000000
effect/shuffle,10240,6,2368,0.025331708,93480,957231940,6.000000,360.000000
effect/shuffle_empty,10240,0,4608,0.025027208,184120,1885384898,4.000000,200.000000
effect/shuffle_empty,10240,1,4608,0.025148542,183231,1876288494,4.000000,200.000000
effect/shuffle_empty,10240,2,4640,0.025114083,184757,1891910606,4.000000,200.000000
effect/shuffle_empty,10240,3,4608,0.025034625,184065,1884826316,4.000000,200.000000
effect/shuffle_empty,10240,4,4608,0.025030583,184095,1885130682,4.000000,200.000000
effect/shuffle_empty,10240,5,4608,0.025072500,183787,1881979061,4.000000,200.000000
effect/shuffle_empty,10240,6,4608,0.025051500,183941,1883556673,4.000000,200.000000
effect/shuffle_single,10240,0,4608,0.025029792,184101,1885190256,4.000000,200.000000
effect/shuffle_single,10240,1,4608,0.025043667,183999,1884145800,4.000000,200.000000
effect/shuffle_single,10240,2,4608,0.025058459,183890,1883033590,4.000000,200.000000
effect/shuffle_single,10240,3,4608,0.025098833,183594,1880004540,4.000000,200.000000
effect/shuffle_single,10240,4,4608,0.025056792,183902,1883158866,4.000000,200.000000
effect/shuffle_single,10240,5,4608,0.025054292,183921,1883346773,4.000000,200.000000
effect/shuffle_single,10240,6,4608,0.025081292,183723,1881319351,4.000000,200.000000
eval/static_scalar,1048576,0,32,0.050595292,632,663192773,0.000000,0.000000
eval/static_scalar,1048576,1,32,0.050462875,634,664933023,0.000000,0.000000
eval/static_scalar,1048576,2,32,0.050493834,634,664525336,0.000000,0.000000
eval/static_scalar,1048576,3,32,0.050662458,632,662313542,0.000000,0.000000
eval/static_scalar,1048576,4,32,0.050604209,632,663075911,0.000000,0.000000
eval/static_scalar,1048576,5,32,0.050720291,631,661558349,0.000000,0.000000
eval/static_scalar,1048576,6,32,0.050580708,633,663383992,0.000000,0.000000
eval/dynamic_scalar,1048576,0,32,0.067422292,475,497675635,21.000000,892.000000
eval/dynamic_scalar,1048576,1,32,0.067398666,475,497850091,21.000000,892.000000
eval/dynamic_scalar,1048576,2,32,0.067234833,476,499063216,21.000000,892.000000
eval/dynamic_scalar,1048576,3,32,0.067373458,475,498036363,21.000000,892.000000
eval/dynamic_scalar,1048576,4,32,0.067373209,475,498038204,21.000000,892.000000
eval/dynamic_scalar,1048576,5,32,0.067392125,475,497898412,21.000000,892.000000
eval/dynamic_scalar,1048576,6,32,0.067353667,475,498182705,21.000000,892.000000
eval/static_literal,1048576,0,64,0.034603750,1850,1939352353,1.000000,16.000000
eval/static_literal,1048576,1,64,0.034460792,1857,1947397611,1.000000,16.000000
eval/static_literal,1048576,2,64,0.034571583,1851,1941156817,1.000000,16.000000
eval/static_literal,1048576,3,64,0.034466375,1857,1947082163,1.000000,16.000000
eval/static_literal,1048576,4,64,0.034520333,1854,1944038721,1.000000,16.000000
eval/static_literal,1048576,5,64,0.034688083,1845,1934637437,1.000000,16.000000
eval/static_literal,1048576,6,64,0.034507458,1855,1944764057,1.000000,16.000000
eval/context,1048576,0,32,0.033916125,944,989335663,0.000000,0.000000
eval/context,1048576,1,32,0.033907750,944,989580022,0.000000,0.000000
eval/context,1048576,2,32,0.033994584,941,987052290,0.000000,0.000000
eval/context,1048576,3,32,0.033974500,942,987635786,0.000000,0.000000
eval/context,1048576,4,32,0.033897084,944,989891402,0.000000,0.000000
eval/context,1048576,5,32,0.033926042,943,989046468,0.000000,0.000000
eval/context,1048576,6,32,0.033975791,942,987598258,0.000000,0.000000
eval/nested,1048576,0,32,0.050610250,632,662996764,0.000000,0.000000
eval/nested,1048576,1,32,0.050651000,632,662463367,0.000000,0.000000
eval/nested,1048576,2,32,0.050627375,632,662772502,0.000000,0.000000
eval/nested,1048576,3,32,0.050661625,632,662324432,0.000000,0.000000
eval/nested,1048576,4,32,0.050663250,632,662303188,0.000000,0.000000
eval/nested,1048576,5,32,0.050639041,632,662619815,0.000000,0.000000
eval/nested,1048576,6,32,0.050609459,632,663007127,0.000000,0.000000
eval/inherited,1048576,0,32,0.050511292,634,664295659,5.000000,568.000000
eval/inherited,1048576,1,32,0.050689167,631,661964557,5.000000,568.000000
eval/inherited,1048576,2,32,0.050610917,632,662988027,5.000000,568.000000
eval/inherited,1048576,3,32,0.050612541,632,662966754,5.000000,568.000000
eval/inherited,1048576,4,32,0.050639500,632,662613809,5.000000,568.000000
eval/inherited,1048576,5,32,0.050673500,631,662169221,5.000000,568.000000
eval/inherited,1048576,6,32,0.050667125,632,662252536,5.000000,568.000000
eval/static_closure,1048576,0,32,0.050584250,633,663337541,6.000000,632.000000
eval/static_closure,1048576,1,32,0.050605333,632,663061184,6.000000,632.000000
eval/static_closure,1048576,2,32,0.050472834,634,664801822,6.000000,632.000000
eval/static_closure,1048576,3,32,0.050491583,634,664554962,6.000000,632.000000
eval/static_closure,1048576,4,32,0.050662500,632,662312993,6.000000,632.000000
eval/static_closure,1048576,5,32,0.050634750,632,662675969,6.000000,632.000000
eval/static_closure,1048576,6,32,0.050713125,631,661651831,6.000000,632.000000
eval/folded_literal,1048576,0,64,0.034481875,1856,1946206928,1.000000,16.000000
eval/folded_literal,1048576,1,64,0.034519250,1854,1944099712,1.000000,16.000000
eval/folded_literal,1048576,2,64,0.034484250,1856,1946072888,1.000000,16.000000
eval/folded_literal,1048576,3,64,0.034482916,1856,1946148174,1.000000,16.000000
eval/folded_literal,1048576,4,64,0.034573459,1851,1941051487,1.000000,16.000000
eval/folded_literal,1048576,5,64,0.034472834,1857,1946717349,1.000000,16.000000
eval/folded_literal,1048576,6,64,0.034505625,1855,1944867366,1.000000,16.000000
eval/mixed,1048576,0,32,0.050652625,632,662442114,9.000000,768.000000
eval/mixed,1048576,1,32,0.050634041,632,662685248,9.000000,768.000000
eval/mixed,1048576,2,32,0.050670959,632,662202426,9.000000,768.000000
eval/mixed,1048576,3,32,0.050640917,632,662595269,9.000000,768.000000
eval/mixed,1048576,4,32,0.050692875,631,661916137,9.000000,768.000000
eval/mixed,1048576,5,32,0.050656708,632,662388721,9.000000,768.000000
eval/mixed,1048576,6,32,0.050654833,632,662413239,9.000000,768.000000
effect/random,1048576,0,64,0.034510250,1855,1944606718,4.000000,216.000000
effect/random,1048576,1,64,0.034426542,1859,1949335022,4.000000,216.000000
effect/random,1048576,2,64,0.034531458,1853,1943412410,4.000000,216.000000
effect/random,1048576,3,64,0.034499083,1855,1945236168,4.000000,216.000000
effect/random,1048576,4,64,0.034504125,1855,1944951915,4.000000,216.000000
effect/random,1048576,5,64,0.034572834,1851,1941086577,4.000000,216.000000
effect/random,1048576,6,64,0.034552583,1852,1942224233,4.000000,216.000000
effect/random_injected,1048576,0,64,0.034642208,1847,1937199384,3.000000,184.000000
effect/random_injected,1048576,1,64,0.034531375,1853,1943417081,3.000000,184.000000
effect/random_injected,1048576,2,64,0.034550833,1852,1942322606,3.000000,184.000000
effect/random_injected,1048576,3,64,0.034553208,1852,1942189102,3.000000,184.000000
effect/random_injected,1048576,4,64,0.034491500,1856,1945663830,3.000000,184.000000
effect/random_injected,1048576,5,64,0.034479542,1856,1946338614,3.000000,184.000000
effect/random_injected,1048576,6,64,0.034480000,1856,1946312761,3.000000,184.000000
effect/shuffle,1048576,0,32,0.034005792,941,986726967,6.000000,360.000000
effect/shuffle,1048576,1,32,0.033946500,943,988450415,6.000000,360.000000
effect/shuffle,1048576,2,32,0.033900709,944,989785553,6.000000,360.000000
effect/shuffle,1048576,3,32,0.033975708,942,987600670,6.000000,360.000000
effect/shuffle,1048576,4,32,0.033787166,947,993111763,6.000000,360.000000
effect/shuffle,1048576,5,32,0.033923708,943,989114515,6.000000,360.000000
effect/shuffle,1048576,6,32,0.033883375,944,990291906,6.000000,360.000000
effect/shuffle_empty,1048576,0,64,0.034527375,1854,1943642226,4.000000,200.000000
effect/shuffle_empty,1048576,1,64,0.034501250,1855,1945113989,4.000000,200.000000
effect/shuffle_empty,1048576,2,64,0.034527209,1854,1943651571,4.000000,200.000000
effect/shuffle_empty,1048576,3,64,0.034574250,1851,1941007079,4.000000,200.000000
effect/shuffle_empty,1048576,4,64,0.034480417,1856,1946289223,4.000000,200.000000
effect/shuffle_empty,1048576,5,64,0.034568542,1851,1941327580,4.000000,200.000000
effect/shuffle_empty,1048576,6,64,0.034533875,1853,1943276392,4.000000,200.000000
effect/shuffle_single,1048576,0,64,0.034527166,1854,1943653991,4.000000,200.000000
effect/shuffle_single,1048576,1,64,0.034575167,1851,1940955600,4.000000,200.000000
effect/shuffle_single,1048576,2,64,0.034528000,1854,1943607044,4.000000,200.000000
effect/shuffle_single,1048576,3,64,0.034479750,1856,1946326873,4.000000,200.000000
effect/shuffle_single,1048576,4,64,0.034514333,1854,1944376674,4.000000,200.000000
effect/shuffle_single,1048576,5,64,0.034493208,1855,1945567487,4.000000,200.000000
effect/shuffle_single,1048576,6,64,0.034518583,1854,1944137278,4.000000,200.000000
eval/dynamic_closure_map,61,0,6144,0.025126875,244519,14915663,102.000000,7899.000000
eval/dynamic_closure_map,61,1,6208,0.025093584,247394,15091029,102.000000,7899.000000
eval/dynamic_closure_map,61,2,6208,0.025046208,247862,15119574,102.000000,7899.000000
eval/dynamic_closure_map,61,3,6208,0.025003667,248284,15145298,102.000000,7899.000000
eval/dynamic_closure_map,61,4,6112,0.025002541,244455,14911764,102.000000,7899.000000
eval/dynamic_closure_map,61,5,6240,0.025116792,248439,15154802,102.000000,7899.000000
eval/dynamic_closure_map,61,6,6208,0.025101208,247319,15086445,102.000000,7899.000000
eval/static_map,61,0,27936,0.025025584,1116298,68094155,3.000000,336.000000
eval/static_map,61,1,27488,0.025023917,1098469,67006616,3.000000,336.000000
eval/static_map,61,2,27680,0.025028125,1105956,67463304,3.000000,336.000000
eval/static_map,61,3,27712,0.025009750,1108048,67590920,3.000000,336.000000
eval/static_map,61,4,27776,0.025025459,1109910,67704492,3.000000,336.000000
eval/static_map,61,5,27712,0.025017750,1107694,67569306,3.000000,336.000000
eval/static_map,61,6,27744,0.025020458,1108853,67640009,3.000000,336.000000
effect/shuffle_sum,61,0,49952,0.025013666,1996988,121816290,7.000000,552.000000
effect/shuffle_sum,61,1,50144,0.025001459,2005643,122344220,7.000000,552.000000
effect/shuffle_sum,61,2,49696,0.025005250,1987423,121232781,7.000000,552.000000
effect/shuffle_sum,61,3,49568,0.025014125,1981600,120877624,7.000000,552.000000
effect/shuffle_sum,61,4,49632,0.025010792,1984423,121049825,7.000000,552.000000
effect/shuffle_sum,61,5,49760,0.025007334,1989816,121378792,7.000000,552.000000
effect/shuffle_sum,61,6,49696,0.025006791,1987300,121225310,7.000000,552.000000
eval/dynamic_closure_map,447,0,640,0.025864458,24744,11060738,946.000000,83259.000000
eval/dynamic_closure_map,447,1,640,0.025673708,24928,11142917,946.000000,83259.000000
eval/dynamic_closure_map,447,2,640,0.025700833,24902,11131157,946.000000,83259.000000
eval/dynamic_closure_map,447,3,640,0.025791959,24814,11091829,946.000000,83259.000000
eval/dynamic_closure_map,447,4,640,0.025643208,24958,11156170,946.000000,83259.000000
eval/dynamic_closure_map,447,5,640,0.025640041,24961,11157548,946.000000,83259.000000
eval/dynamic_closure_map,447,6,640,0.025580709,25019,11183427,946.000000,83259.000000
eval/static_map,447,0,2272,0.025067833,90634,40513434,7.000000,6096.000000
eval/static_map,447,1,2272,0.025122041,90439,40426015,7.000000,6096.000000
eval/static_map,447,2,2272,0.025135875,90389,40403766,7.000000,6096.000000
eval/static_map,447,3,2272,0.025031375,90766,40572442,7.000000,6096.000000
eval/static_map,447,4,2272,0.025001625,90874,40620720,7.000000,6096.000000
eval/static_map,447,5,2272,0.025037166,90745,40563057,7.000000,6096.000000
eval/static_map,447,6,2272,0.025087750,90562,40481271,7.000000,6096.000000
effect/shuffle_sum,447,0,5696,0.025014250,227710,101786462,11.000000,6312.000000
effect/shuffle_sum,447,1,5696,0.025106666,226872,101411792,11.000000,6312.000000
effect/shuffle_sum,447,2,5696,0.025076375,227146,101534293,11.000000,6312.000000
effect/shuffle_sum,447,3,5696,0.025050500,227381,101639169,11.000000,6312.000000
effect/shuffle_sum,447,4,5728,0.025011792,229012,102368355,11.000000,6312.000000
effect/shuffle_sum,447,5,5696,0.025039875,227477,101682297,11.000000,6312.000000
effect/shuffle_sum,447,6,5824,0.025075500,232259,103819585,11.000000,6312.000000
eval/dynamic_closure_map,4055,0,96,0.029730458,3229,13093643,7221.000000,645947.000000
eval/dynamic_closure_map,4055,1,96,0.029557750,3248,13170150,7221.000000,645947.000000
eval/dynamic_closure_map,4055,2,96,0.029212333,3286,13325878,7221.000000,645947.000000
eval/dynamic_closure_map,4055,3,96,0.029083708,3301,13384813,7221.000000,645947.000000
eval/dynamic_closure_map,4055,4,96,0.029137375,3295,13360160,7221.000000,645947.000000
eval/dynamic_closure_map,4055,5,96,0.029072458,3302,13389993,7221.000000,645947.000000
eval/dynamic_closure_map,4055,6,96,0.029069208,3302,13391490,7221.000000,645947.000000
eval/static_map,4055,0,320,0.027025459,11841,48013986,10.000000,49104.000000
eval/static_map,4055,1,320,0.027041792,11834,47984986,10.000000,49104.000000
eval/static_map,4055,2,320,0.027077000,11818,47922591,10.000000,49104.000000
eval/static_map,4055,3,320,0.026945625,11876,48156241,10.000000,49104.000000
eval/static_map,4055,4,320,0.026922916,11886,48196860,10.000000,49104.000000
eval/static_map,4055,5,320,0.026950792,11873,48147008,10.000000,49104.000000
eval/static_map,4055,6,320,0.026954458,11872,48140460,10.000000,49104.000000
effect/shuffle_sum,4055,0,864,0.025541583,33827,137169258,14.000000,49320.000000
effect/shuffle_sum,4055,1,864,0.025548208,33818,137133689,14.000000,49320.000000
effect/shuffle_sum,4055,2,864,0.025568375,33792,137025525,14.000000,49320.000000
effect/shuffle_sum,4055,3,864,0.025532292,33840,137219173,14.000000,49320.000000
effect/shuffle_sum,4055,4,864,0.025544792,33823,137152027,14.000000,49320.000000
effect/shuffle_sum,4055,5,864,0.025596833,33754,136873183,14.000000,49320.000000
effect/shuffle_sum,4055,6,864,0.025538166,33832,137187612,14.000000,49320.000000
compile/conversion,0,0,6976,0.025062958,278339,0,105.000000,6865.000000
compile/conversion,0,1,6944,0.025055500,277145,0,105.000000,6865.000000
compile/conversion,0,2,6976,0.025037208,278625,0,105.000000,6865.000000
compile/conversion,0,3,7008,0.025074000,279493,0,105.000000,6865.000000
compile/conversion,0,4,7008,0.025002125,280296,0,105.000000,6865.000000
compile/conversion,0,5,7040,0.025035667,281199,0,105.000000,6865.000000
compile/conversion,0,6,7008,0.025105416,279143,0,105.000000,6865.000000
compile/composition,0,0,18368,0.025028875,733872,0,36.000000,2529.000000
compile/composition,0,1,18560,0.025026583,741611,0,36.000000,2529.000000
compile/composition,0,2,18656,0.025028375,745394,0,36.000000,2529.000000
compile/composition,0,3,18688,0.025018875,746956,0,36.000000,2529.000000
compile/composition,0,4,18496,0.025000834,739815,0,36.000000,2529.000000
compile/composition,0,5,18400,0.025039875,734828,0,36.000000,2529.000000
compile/composition,0,6,18560,0.025032125,741447,0,36.000000,2529.000000
conversion/string_identity,100,0,154848,0.025001667,6193507,619350702,0.000000,0.000000
conversion/string_identity,100,1,156384,0.025004791,6254161,625416145,0.000000,0.000000
conversion/string_identity,100,2,156736,0.025002042,6268928,626892795,0.000000,0.000000
conversion/string_identity,100,3,156544,0.025004042,6260748,626074776,0.000000,0.000000
conversion/string_identity,100,4,155744,0.025005042,6228504,622850384,0.000000,0.000000
conversion/string_identity,100,5,155872,0.025001791,6234433,623443337,0.000000,0.000000
conversion/string_identity,100,6,155232,0.025002584,6208638,620863828,0.000000,0.000000
conversion/number_text,100,0,135296,0.025005500,5410650,541064966,0.000000,0.000000
conversion/number_text,100,1,135744,0.025005709,5428520,542852034,0.000000,0.000000
conversion/number_text,100,2,135712,0.025003792,5427657,542765673,0.000000,0.000000
conversion/number_text,100,3,134240,0.025005959,5368320,536832041,0.000000,0.000000
conversion/number_text,100,4,136128,0.025001208,5444857,544485690,0.000000,0.000000
conversion/number_text,100,5,136288,0.025002250,5451029,545102941,0.000000,0.000000
conversion/number_text,100,6,136864,0.025003166,5473867,547386679,0.000000,0.000000
conversion/number_value,100,0,139744,0.025001625,5589397,558939669,0.000000,0.000000
conversion/number_value,100,1,139648,0.025000084,5585901,558590123,0.000000,0.000000
conversion/number_value,100,2,139072,0.025001375,5562574,556257406,0.000000,0.000000
conversion/number_value,100,3,139264,0.025002666,5569966,556996602,0.000000,0.000000
conversion/number_value,100,4,140384,0.025004791,5614284,561428408,0.000000,0.000000
conversion/number_value,100,5,139840,0.025001125,5593348,559334830,0.000000,0.000000
conversion/number_value,100,6,139456,0.025001500,5577905,557790533,0.000000,0.000000
conversion/string_number,100,0,56704,0.025009333,2267314,226731357,8.000000,108.000000
conversion/string_number,100,1,56832,0.025011459,2272238,227223850,8.000000,108.000000
conversion/string_number,100,2,57056,0.025012583,2281092,228109188,8.000000,108.000000
conversion/string_number,100,3,56640,0.025008417,2264837,226483747,8.000000,108.000000
conversion/string_number,100,4,56544,0.025008875,2260957,226095736,8.000000,108.000000
conversion/string_number,100,5,56000,0.025008208,2239265,223926480,8.000000,108.000000
conversion/string_number,100,6,56288,0.025002625,2251284,225128362,8.000000,108.000000
conversion/string_object,100,0,45440,0.025014625,1816537,181653733,12.000000,423.000000
conversion/string_object,100,1,45568,0.025004167,1822416,182241624,12.000000,423.000000
conversion/string_object,100,2,45696,0.025015584,1826701,182670131,12.000000,423.000000
conversion/string_object,100,3,45632,0.025013042,1824328,182432828,12.000000,423.000000
conversion/string_object,100,4,45504,0.025015750,1819014,181901402,12.000000,423.000000
conversion/string_object,100,5,45664,0.025006958,1826052,182605177,12.000000,423.000000
conversion/string_object,100,6,45888,0.025013458,1834532,183453243,12.000000,423.000000
conversion/string_pretty,100,0,36192,0.025001833,1447574,144757386,12.000000,453.000000
conversion/string_pretty,100,1,36096,0.025020166,1442676,144267628,12.000000,453.000000
conversion/string_pretty,100,2,36288,0.025013084,1450761,145076073,12.000000,453.000000
conversion/string_pretty,100,3,36320,0.025013625,1452009,145200866,12.000000,453.000000
conversion/string_pretty,100,4,36352,0.025015500,1453179,145317903,12.000000,453.000000
conversion/string_pretty,100,5,35936,0.025021916,1436181,143618099,12.000000,453.000000
conversion/string_pretty,100,6,35904,0.025013375,1435392,143539207,12.000000,453.000000
conversion/concat,100,0,30944,0.025005125,1237506,123750631,14.000000,254.000000
conversion/concat,100,1,31200,0.025022709,1246867,124686740,14.000000,254.000000
conversion/concat,100,2,31264,0.025006000,1250260,125025994,14.000000,254.000000
conversion/concat,100,3,31264,0.025011541,1249983,124998296,14.000000,254.000000
conversion/concat,100,4,31328,0.025013583,1252440,125243952,14.000000,254.000000
conversion/concat,100,5,31424,0.025002875,1256815,125681547,14.000000,254.000000
conversion/concat,100,6,31008,0.025019333,1239362,123936158,14.000000,254.000000
conversion/folded,100,0,247232,0.025000416,9889115,988911545,0.000000,0.000000
conversion/folded,100,1,250432,0.025001625,10016629,1001662892,0.000000,0.000000
conversion/folded,100,2,250848,0.025002542,10032900,1003289985,0.000000,0.000000
conversion/folded,100,3,250688,0.025002667,10026450,1002645038,0.000000,0.000000
conversion/folded,100,4,251328,0.025001083,10052685,1005268452,0.000000,0.000000
conversion/folded,100,5,250816,0.025001750,10031938,1003193776,0.000000,0.000000
conversion/folded,100,6,251968,0.025000042,10078703,1007870307,0.000000,0.000000
conversion/constructor,100,0,24352,0.025027708,973002,97300160,13.000000,564.000000
conversion/constructor,100,1,24384,0.025021041,974540,97453979,13.000000,564.000000
conversion/constructor,100,2,24608,0.025021708,983466,98346604,13.000000,564.000000
conversion/constructor,100,3,24672,0.025009375,986510,98651006,13.000000,564.000000
conversion/constructor,100,4,24736,0.025029583,988271,98827056,13.000000,564.000000
conversion/constructor,100,5,24768,0.025022750,989819,98981926,13.000000,564.000000
conversion/constructor,100,6,24736,0.025008458,989105,98910537,13.000000,564.000000
conversion/chain_direct,100,0,42080,0.025015958,1682126,168212627,12.000000,214.000000
conversion/chain_direct,100,1,42304,0.025002667,1691979,169197950,12.000000,214.000000
conversion/chain_direct,100,2,41472,0.025008750,1658300,165829960,12.000000,214.000000
conversion/chain_direct,100,3,41728,0.025005458,1668756,166875568,12.000000,214.000000
conversion/chain_direct,100,4,41952,0.025000458,1678049,167804926,12.000000,214.000000
conversion/chain_direct,100,5,41536,0.025006750,1660992,166099153,12.000000,214.000000
conversion/chain_direct,100,6,42176,0.025016334,1685938,168593848,12.000000,214.000000
conversion/chain_values,100,0,25632,0.025019333,1024488,102448774,27.000000,1168.000000
conversion/chain_values,100,1,25728,0.025013166,1028578,102857831,27.000000,1168.000000
conversion/chain_values,100,2,25696,0.025014916,1027227,102722712,27.000000,1168.000000
conversion/chain_values,100,3,25728,0.025018041,1028378,102837788,27.000000,1168.000000
conversion/chain_values,100,4,25728,0.025015000,1028503,102850290,27.000000,1168.000000
conversion/chain_values,100,5,25728,0.025029917,1027890,102788994,27.000000,1168.000000
conversion/chain_values,100,6,25696,0.025005583,1027611,102761051,27.000000,1168.000000
conversion/partial,100,0,27104,0.025002375,1084057,108405701,24.000000,1198.000000
conversion/partial,100,1,27232,0.025012500,1088736,108873563,24.000000,1198.000000
conversion/partial,100,2,27008,0.025029250,1079058,107905750,24.000000,1198.000000
conversion/partial,100,3,26880,0.025020291,1074328,107432803,24.000000,1198.000000
conversion/partial,100,4,26976,0.025009833,1078616,107861576,24.000000,1198.000000
conversion/partial,100,5,26560,0.025019333,1061579,106157906,24.000000,1198.000000
conversion/partial,100,6,26528,0.025013459,1060549,106054904,24.000000,1198.000000
conversion/partial_reused,100,0,18496,0.025016333,739357,73935696,31.000000,2180.000000
conversion/partial_reused,100,1,18592,0.025020625,743067,74306697,31.000000,2180.000000
conversion/partial_reused,100,2,18720,0.025014625,748362,74836221,31.000000,2180.000000
conversion/partial_reused,100,3,18784,0.025036041,750278,75027837,31.000000,2180.000000
conversion/partial_reused,100,4,18688,0.025012250,747154,74715389,31.000000,2180.000000
conversion/partial_reused,100,5,18816,0.025005584,752472,75247193,31.000000,2180.000000
conversion/partial_reused,100,6,18848,0.025041334,752676,75267556,31.000000,2180.000000
conversion/sum_direct,100,0,94944,0.025005667,3796899,379689932,0.000000,0.000000
conversion/sum_direct,100,1,94944,0.025001875,3797475,379747519,0.000000,0.000000
conversion/sum_direct,100,2,94592,0.025007417,3782558,378255779,0.000000,0.000000
conversion/sum_direct,100,3,92736,0.025002833,3709020,370901969,0.000000,0.000000
conversion/sum_direct,100,4,93440,0.025005833,3736728,373672815,0.000000,0.000000
conversion/sum_direct,100,5,93024,0.025003375,3720458,372045774,0.000000,0.000000
conversion/sum_direct,100,6,93440,0.025007125,3736535,373653509,0.000000,0.000000
conversion/sum_chain,100,0,94368,0.025005875,3773833,377383315,0.000000,0.000000
conversion/sum_chain,100,1,94080,0.025001792,3762930,376293027,0.000000,0.000000
conversion/sum_chain,100,2,94272,0.025007458,3769755,376975541,0.000000,0.000000
conversion/sum_chain,100,3,94368,0.025007292,3773619,377361931,0.000000,0.000000
conversion/sum_chain,100,4,94592,0.025005875,3782791,378279104,0.000000,0.000000
conversion/sum_chain,100,5,94784,0.025003167,3790880,379087977,0.000000,0.000000
conversion/sum_chain,100,6,94784,0.025000625,3791265,379126522,0.000000,0.000000
conversion/sum_function,100,0,74080,0.025007667,2962292,296229152,4.000000,248.000000
conversion/sum_function,100,1,74272,0.025000125,2970865,297086515,4.000000,248.000000
conversion/sum_function,100,2,74528,0.025004459,2980588,298058838,4.000000,248.000000
conversion/sum_function,100,3,74976,0.025009167,2997941,299794072,4.000000,248.000000
conversion/sum_function,100,4,74848,0.025005459,2993266,299326639,4.000000,248.000000
conversion/sum_function,100,5,73728,0.025006209,2948388,294838774,4.000000,248.000000
conversion/sum_function,100,6,73248,0.025003917,2929461,292946101,4.000000,248.000000
conversion/sum_partial,100,0,63680,0.025009083,2546275,254627489,6.000000,336.000000
conversion/sum_partial,100,1,64416,0.025003459,2576284,257628355,6.000000,336.000000
conversion/sum_partial,100,2,64416,0.025003750,2576254,257625356,6.000000,336.000000
conversion/sum_partial,100,3,64384,0.025011584,2574167,257416723,6.000000,336.000000
conversion/sum_partial,100,4,64640,0.025010250,2584540,258454034,6.000000,336.000000
conversion/sum_partial,100,5,64576,0.025007542,2582261,258226098,6.000000,336.000000
conversion/sum_partial,100,6,64576,0.025011208,2581882,258188249,6.000000,336.000000
rust/number_text,100,0,195968,0.025003542,7837610,783760957,0.000000,0.000000
rust/number_text,100,1,197376,0.025001958,7894422,789442171,0.000000,0.000000
rust/number_text,100,2,201568,0.025002250,8061994,806199442,0.000000,0.000000
rust/number_text,100,3,203008,0.025003500,8119183,811918331,0.000000,0.000000
rust/number_text,100,4,201568,0.025000709,8062491,806249135,0.000000,0.000000
rust/number_text,100,5,198944,0.025002333,7957017,795701745,0.000000,0.000000
rust/number_text,100,6,196384,0.025003708,7854195,785419507,0.000000,0.000000
conversion/string_identity,500,0,67232,0.025006500,2688581,1344290484,0.000000,0.000000
conversion/string_identity,500,1,67104,0.025004125,2683717,1341858593,0.000000,0.000000
conversion/string_identity,500,2,67008,0.025003875,2679905,1339952307,0.000000,0.000000
conversion/string_identity,500,3,67296,0.025001042,2691728,1345863904,0.000000,0.000000
conversion/string_identity,500,4,67232,0.025002042,2689060,1344530179,0.000000,0.000000
conversion/string_identity,500,5,67232,0.025001625,2689105,1344552604,0.000000,0.000000
conversion/string_identity,500,6,63904,0.025011458,2554989,1277494499,0.000000,0.000000
conversion/number_text,500,0,61728,0.025008042,2468326,1234162994,0.000000,0.000000
conversion/number_text,500,1,63840,0.025005458,2553043,1276521310,0.000000,0.000000
conversion/number_text,500,2,63776,0.025007125,2550313,1275156580,0.000000,0.000000
conversion/number_text,500,3,63200,0.025005542,2527440,1263719859,0.000000,0.000000
conversion/number_text,500,4,63424,0.025006042,2536347,1268173508,0.000000,0.000000
conversion/number_text,500,5,63360,0.025004125,2533982,1266990946,0.000000,0.000000
conversion/number_text,500,6,63584,0.025000167,2543343,1271671505,0.000000,0.000000
conversion/number_value,500,0,63904,0.025002625,2555892,1277945816,0.000000,0.000000
conversion/number_value,500,1,64384,0.025007416,2574596,1287298136,0.000000,0.000000
conversion/number_value,500,2,64256,0.025002625,2569970,1284985077,0.000000,0.000000
conversion/number_value,500,3,64448,0.025006750,2577224,1288612075,0.000000,0.000000
conversion/number_value,500,4,64480,0.025006667,2578512,1289256181,0.000000,0.000000
conversion/number_value,500,5,64416,0.025002417,2576391,1288195457,0.000000,0.000000
conversion/number_value,500,6,64640,0.025001042,2585492,1292746118,0.000000,0.000000
conversion/string_number,500,0,38240,0.025003000,1529416,764708235,8.000000,108.000000
conversion/string_number,500,1,38016,0.025005500,1520306,760152766,8.000000,108.000000
conversion/string_number,500,2,38400,0.025017084,1534951,767475538,8.000000,108.000000
conversion/string_number,500,3,38208,0.025007000,1527892,763946095,8.000000,108.000000
conversion/string_number,500,4,38304,0.025005959,1531795,765897441,8.000000,108.000000
conversion/string_number,500,5,38080,0.025006125,1522827,761413454,8.000000,108.000000
conversion/string_number,500,6,38080,0.025000375,1523177,761588576,8.000000,108.000000
conversion/string_object,500,0,33056,0.025023291,1321009,660504647,12.000000,423.000000
conversion/string_object,500,1,33312,0.025013334,1331770,665884844,12.000000,423.000000
conversion/string_object,500,2,33152,0.025014625,1325305,662652348,12.000000,423.000000
conversion/string_object,500,3,33344,0.025004333,1333529,666764436,12.000000,423.000000
conversion/string_object,500,4,33408,0.025009333,1335821,667910656,12.000000,423.000000
conversion/string_object,500,5,33408,0.025001375,1336247,668123253,12.000000,423.000000
conversion/string_object,500,6,33408,0.025019250,1335292,667645913,12.000000,423.000000
conversion/string_pretty,500,0,22176,0.025019208,886359,443179496,12.000000,453.000000
conversion/string_pretty,500,1,22144,0.025005917,885550,442775204,12.000000,453.000000
conversion/string_pretty,500,2,22208,0.025013417,887844,443921756,12.000000,453.000000
conversion/string_pretty,500,3,22272,0.025005792,890674,445336824,12.000000,453.000000
conversion/string_pretty,500,4,22400,0.025017292,895381,447690342,12.000000,453.000000
conversion/string_pretty,500,5,22432,0.025013917,896781,448390390,12.000000,453.000000
conversion/string_pretty,500,6,22304,0.025032500,891002,445500849,12.000000,453.000000
conversion/concat,500,0,17280,0.025000917,691175,345587324,14.000000,254.000000
conversion/concat,500,1,17344,0.025043625,692551,346275749,14.000000,254.000000
conversion/concat,500,2,17376,0.025008667,694799,347399564,14.000000,254.000000
conversion/concat,500,3,17344,0.025031375,692890,346445211,14.000000,254.000000
conversion/concat,500,4,17376,0.025008083,694815,347407676,14.000000,254.000000
conversion/concat,500,5,17408,0.025045375,695058,347529234,14.000000,254.000000
conversion/concat,500,6,17472,0.025005500,698726,349363140,14.000000,254.000000
conversion/folded,500,0,78464,0.025008292,3137519,1568759674,0.000000,0.000000
conversion/folded,500,1,78240,0.025006333,3128807,1564403705,0.000000,0.000000
conversion/folded,500,2,79072,0.025009209,3161715,1580857675,0.000000,0.000000
conversion/folded,500,3,79008,0.025001250,3160162,1580080996,0.000000,0.000000
conversion/folded,500,4,79200,0.025001167,3167852,1583926062,0.000000,0.000000
conversion/folded,500,5,78848,0.025007500,3152974,1576487054,0.000000,0.000000
conversion/folded,500,6,79136,0.025002167,3165166,1582582822,0.000000,0.000000
conversion/constructor,500,0,13376,0.025028417,534433,267216261,13.000000,564.000000
conversion/constructor,500,1,13344,0.025038166,532946,266473191,13.000000,564.000000
conversion/constructor,500,2,13312,0.025044958,531524,265762075,13.000000,564.000000
conversion/constructor,500,3,13344,0.025005208,533649,266824415,13.000000,564.000000
conversion/constructor,500,4,13344,0.025058167,532521,266260497,13.000000,564.000000
conversion/constructor,500,5,13344,0.025026958,533185,266592528,13.000000,564.000000
conversion/constructor,500,6,13312,0.025003375,532408,266204062,13.000000,564.000000
conversion/chain_direct,500,0,24544,0.025029625,980598,490298996,12.000000,214.000000
conversion/chain_direct,500,1,24480,0.025022875,978305,489152426,12.000000,214.000000
conversion/chain_direct,500,2,24544,0.025005958,981526,490763041,12.000000,214.000000
conversion/chain_direct,500,3,24448,0.025013917,977376,488687957,12.000000,214.000000
conversion/chain_direct,500,4,24640,0.025017541,984909,492454474,12.000000,214.000000
conversion/chain_direct,500,5,24608,0.025007291,984033,492016508,12.000000,214.000000
conversion/chain_direct,500,6,24544,0.025005250,981554,490776937,12.000000,214.000000
conversion/chain_values,500,0,17792,0.025003833,711571,355785451,27.000000,1168.000000
conversion/chain_values,500,1,17824,0.025020250,712383,356191485,27.000000,1168.000000
conversion/chain_values,500,2,17856,0.025029000,713412,356706221,27.000000,1168.000000
conversion/chain_values,500,3,17920,0.025018833,716260,358130213,27.000000,1168.000000
conversion/chain_values,500,4,17664,0.025033834,705605,352802531,27.000000,1168.000000
conversion/chain_values,500,5,17792,0.025015291,711245,355622487,27.000000,1168.000000
conversion/chain_values,500,6,17856,0.025020750,713648,356823836,27.000000,1168.000000
conversion/partial,500,0,18336,0.025010000,733147,366573371,24.000000,1198.000000
conversion/partial,500,1,18336,0.025028750,732598,366298756,24.000000,1198.000000
conversion/partial,500,2,18304,0.025001584,732114,366056807,24.000000,1198.000000
conversion/partial,500,3,18400,0.025003792,735888,367944190,24.000000,1198.000000
conversion/partial,500,4,18432,0.025034000,736279,368139331,24.000000,1198.000000
conversion/partial,500,5,18368,0.025019792,734139,367069398,24.000000,1198.000000
conversion/partial,500,6,18432,0.025011458,736942,368471122,24.000000,1198.000000
conversion/partial_reused,500,0,12736,0.025021667,508999,254499430,31.000000,2180.000000
conversion/partial_reused,500,1,12864,0.025016667,514217,257108591,31.000000,2180.000000
conversion/partial_reused,500,2,12832,0.025039542,512469,256234719,31.000000,2180.000000
conversion/partial_reused,500,3,12864,0.025007917,514397,257198550,31.000000,2180.000000
conversion/partial_reused,500,4,12864,0.025042459,513688,256843787,31.000000,2180.000000
conversion/partial_reused,500,5,12832,0.025001166,513256,256628031,31.000000,2180.000000
conversion/partial_reused,500,6,12832,0.025052958,512195,256097504,31.000000,2180.000000
conversion/sum_direct,500,0,36064,0.025000750,1442517,721258362,0.000000,0.000000
conversion/sum_direct,500,1,36160,0.025015666,1445494,722747098,0.000000,0.000000
conversion/sum_direct,500,2,36256,0.025020333,1449061,724530725,0.000000,0.000000
conversion/sum_direct,500,3,36032,0.025008959,1440764,720381844,0.000000,0.000000
conversion/sum_direct,500,4,36256,0.025007459,1449807,724903718,0.000000,0.000000
conversion/sum_direct,500,5,36128,0.025007875,1444665,722332465,0.000000,0.000000
conversion/sum_direct,500,6,36224,0.025000125,1448953,724476378,0.000000,0.000000
conversion/sum_chain,500,0,36192,0.025003667,1447468,723733843,0.000000,0.000000
conversion/sum_chain,500,1,36320,0.025004083,1452563,726281384,0.000000,0.000000
conversion/sum_chain,500,2,36544,0.025014375,1460920,730459986,0.000000,0.000000
conversion/sum_chain,500,3,36384,0.025021375,1454117,727058365,0.000000,0.000000
conversion/sum_chain,500,4,36480,0.025019792,1458046,729022847,0.000000,0.000000
conversion/sum_chain,500,5,36448,0.025001250,1457847,728923554,0.000000,0.000000
conversion/sum_chain,500,6,36512,0.025019750,1459327,729663566,0.000000,0.000000
conversion/sum_function,500,0,32928,0.025004042,1316907,658453541,4.000000,248.000000
conversion/sum_function,500,1,32928,0.025021000,1316015,658007274,4.000000,248.000000
conversion/sum_function,500,2,32896,0.025022542,1314655,657327301,4.000000,248.000000
conversion/sum_function,500,3,32896,0.025004375,1315610,657804884,4.000000,248.000000
conversion/sum_function,500,4,32928,0.025000459,1317096,658547909,4.000000,248.000000
conversion/sum_function,500,5,32832,0.025013208,1312587,656293267,4.000000,248.000000
conversion/sum_function,500,6,32864,0.025005375,1314277,657138715,4.000000,248.000000
conversion/sum_partial,500,0,30656,0.025015208,1225495,612747254,6.000000,336.000000
conversion/sum_partial,500,1,30688,0.025010125,1227023,613511528,6.000000,336.000000
conversion/sum_partial,500,2,30432,0.025002917,1217138,608568992,6.000000,336.000000
conversion/sum_partial,500,3,30592,0.025004667,1223452,611725803,6.000000,336.000000
conversion/sum_partial,500,4,30592,0.025004500,1223460,611729889,6.000000,336.000000
conversion/sum_partial,500,5,30432,0.025023583,1216133,608066399,6.000000,336.000000
conversion/sum_partial,500,6,30432,0.025012625,1216666,608332792,6.000000,336.000000
rust/number_text,500,0,72768,0.025002333,2910448,1455224198,0.000000,0.000000
rust/number_text,500,1,73184,0.025006959,2926545,1463272683,0.000000,0.000000
rust/number_text,500,2,73184,0.025008000,2926424,1463211772,0.000000,0.000000
rust/number_text,500,3,73056,0.025002500,2921948,1460973903,0.000000,0.000000
rust/number_text,500,4,73408,0.025002000,2936085,1468042557,0.000000,0.000000
rust/number_text,500,5,73664,0.025002666,2946246,1473122906,0.000000,0.000000
rust/number_text,500,6,73824,0.025003834,2952507,1476253602,0.000000,0.000000
conversion/string_identity,1024,0,38560,0.025006458,1542002,1579009710,0.000000,0.000000
conversion/string_identity,1024,1,38784,0.025020125,1550112,1587314852,0.000000,0.000000
conversion/string_identity,1024,2,38688,0.025007042,1547084,1584214239,0.000000,0.000000
conversion/string_identity,1024,3,38624,0.025015542,1544000,1581056129,0.000000,0.000000
conversion/string_identity,1024,4,38624,0.025004917,1544656,1581727946,0.000000,0.000000
conversion/string_identity,1024,5,38720,0.025000250,1548785,1585955340,0.000000,0.000000
conversion/string_identity,1024,6,38816,0.025013333,1551812,1589055885,0.000000,0.000000
conversion/number_text,1024,0,37504,0.025003417,1499955,1535953906,0.000000,0.000000
conversion/number_text,1024,1,37568,0.025007541,1502267,1538321261,0.000000,0.000000
conversion/number_text,1024,2,37568,0.025018542,1501606,1537644840,0.000000,0.000000
conversion/number_text,1024,3,37600,0.025006333,1503619,1539705962,0.000000,0.000000
conversion/number_text,1024,4,37568,0.025009917,1502124,1538175117,0.000000,0.000000
conversion/number_text,1024,5,37440,0.025020625,1496365,1532278270,0.000000,0.000000
conversion/number_text,1024,6,37536,0.025006333,1501060,1537085186,0.000000,0.000000
conversion/number_value,1024,0,37728,0.025010917,1508461,1544664356,0.000000,0.000000
conversion/number_value,1024,1,37664,0.025017166,1505526,1541658875,0.000000,0.000000
conversion/number_value,1024,2,37728,0.025018291,1508017,1544209075,0.000000,0.000000
conversion/number_value,1024,3,37856,0.025004708,1513955,1550289809,0.000000,0.000000
conversion/number_value,1024,4,37792,0.025017333,1510633,1546887832,0.000000,0.000000
conversion/number_value,1024,5,37632,0.025010042,1504676,1540787816,0.000000,0.000000
conversion/number_value,1024,6,37760,0.025004500,1510128,1546371253,0.000000,0.000000
conversion/string_number,1024,0,26944,0.025001916,1077677,1103541665,8.000000,108.000000
conversion/string_number,1024,1,26944,0.025001875,1077679,1103543474,8.000000,108.000000
conversion/string_number,1024,2,27008,0.025005250,1080093,1106015417,8.000000,108.000000
conversion/string_number,1024,3,26944,0.025011167,1077279,1103133492,8.000000,108.000000
conversion/string_number,1024,4,27008,0.025022750,1079338,1105241910,8.000000,108.000000
conversion/string_number,1024,5,27072,0.025016709,1082157,1108128491,8.000000,108.000000
conversion/string_number,1024,6,27072,0.025019250,1082047,1108015948,8.000000,108.000000
conversion/string_object,1024,0,24224,0.025002083,968879,992132376,12.000000,423.000000
conversion/string_object,1024,1,24384,0.025018208,974650,998041746,12.000000,423.000000
conversion/string_object,1024,2,24384,0.025029666,974204,997584866,12.000000,423.000000
conversion/string_object,1024,3,24352,0.025030042,972911,996260733,12.000000,423.000000
conversion/string_object,1024,4,24384,0.025023583,974441,997827369,12.000000,423.000000
conversion/string_object,1024,5,24480,0.025028167,978098,1001572348,12.000000,423.000000
conversion/string_object,1024,6,24512,0.025003500,980343,1003870978,12.000000,423.000000
conversion/string_pretty,1024,0,15104,0.025027959,603485,617968728,12.000000,453.000000
conversion/string_pretty,1024,1,15136,0.025039250,604491,618998732,12.000000,453.000000
conversion/string_pretty,1024,2,15104,0.025007542,603978,618473259,12.000000,453.000000
conversion/string_pretty,1024,3,15136,0.025016750,605035,619555458,12.000000,453.000000
conversion/string_pretty,1024,4,15136,0.025042208,604420,618925616,12.000000,453.000000
conversion/string_pretty,1024,5,15168,0.025029584,606003,620546950,12.000000,453.000000
conversion/string_pretty,1024,6,15168,0.025027875,606044,620589323,12.000000,453.000000
conversion/concat,1024,0,11232,0.025068958,448044,458797210,14.000000,254.000000
conversion/concat,1024,1,11232,0.025083250,447789,458535796,14.000000,254.000000
conversion/concat,1024,2,11200,0.025016458,447705,458450193,14.000000,254.000000
conversion/concat,1024,3,11296,0.025071834,450545,461358511,14.000000,254.000000
conversion/concat,1024,4,11232,0.025026292,448808,459579390,14.000000,254.000000
conversion/concat,1024,5,11168,0.025017000,446416,457130431,14.000000,254.000000
conversion/concat,1024,6,11232,0.025036125,448632,459398889,14.000000,254.000000
conversion/folded,1024,0,42400,0.025001875,1695873,1736573757,0.000000,0.000000
conversion/folded,1024,1,42336,0.025002417,1693276,1733914925,0.000000,0.000000
conversion/folded,1024,2,42464,0.025001041,1698489,1739253018,0.000000,0.000000
conversion/folded,1024,3,42368,0.025015000,1693704,1734352668,0.000000,0.000000
conversion/folded,1024,4,42368,0.025007625,1694203,1734864146,0.000000,0.000000
conversion/folded,1024,5,42336,0.025006917,1692972,1733602907,0.000000,0.000000
conversion/folded,1024,6,42272,0.025017000,1689731,1730284527,0.000000,0.000000
conversion/constructor,1024,0,8512,0.025066250,339580,347730035,13.000000,564.000000
conversion/constructor,1024,1,8544,0.025050917,341065,349250928,13.000000,564.000000
conversion/constructor,1024,2,8544,0.025013084,341581,349779180,13.000000,564.000000
conversion/constructor,1024,3,8576,0.025082291,341915,350120489,13.000000,564.000000
conversion/constructor,1024,4,8544,0.025050959,341065,349250342,13.000000,564.000000
conversion/constructor,1024,5,8544,0.025050167,341076,349261384,13.000000,564.000000
conversion/constructor,1024,6,8576,0.025089750,341813,350016401,13.000000,564.000000
conversion/chain_direct,1024,0,16128,0.025021750,644559,660028655,12.000000,214.000000
conversion/chain_direct,1024,1,16096,0.025035125,642937,658367154,12.000000,214.000000
conversion/chain_direct,1024,2,16032,0.025003833,641182,656570055,12.000000,214.000000
conversion/chain_direct,1024,3,16096,0.025032500,643004,658436193,12.000000,214.000000
conversion/chain_direct,1024,4,16096,0.025034917,642942,658372624,12.000000,214.000000
conversion/chain_direct,1024,5,15936,0.025040667,636405,651678488,12.000000,214.000000
conversion/chain_direct,1024,6,16000,0.025002792,639929,655286818,12.000000,214.000000
conversion/chain_values,1024,0,12992,0.025054708,518545,530990343,27.000000,1168.000000
conversion/chain_values,1024,1,13024,0.025058084,519752,532226486,27.000000,1168.000000
conversion/chain_values,1024,2,12992,0.025046958,518706,531154642,27.000000,1168.000000
conversion/chain_values,1024,3,12992,0.025059958,518437,530879102,27.000000,1168.000000
conversion/chain_values,1024,4,13024,0.025025042,520439,532929215,27.000000,1168.000000
conversion/chain_values,1024,5,13024,0.025017875,520588,533081886,27.000000,1168.000000
conversion/chain_values,1024,6,13024,0.025007875,520796,533295052,27.000000,1168.000000
conversion/partial,1024,0,13312,0.025058750,531232,543981164,24.000000,1198.000000
conversion/partial,1024,1,13280,0.025037584,530403,543132277,24.000000,1198.000000
conversion/partial,1024,2,13184,0.025041084,526495,539130654,24.000000,1198.000000
conversion/partial,1024,3,13184,0.025003583,527284,539939256,24.000000,1198.000000
conversion/partial,1024,4,13280,0.025042667,530295,543022035,24.000000,1198.000000
conversion/partial,1024,5,13280,0.025051834,530101,542823332,24.000000,1198.000000
conversion/partial,1024,6,13312,0.025036375,531706,544467320,24.000000,1198.000000
conversion/partial_reused,1024,0,9056,0.025001042,362225,370918300,31.000000,2180.000000
conversion/partial_reused,1024,1,9056,0.025019208,361962,370648983,31.000000,2180.000000
conversion/partial_reused,1024,2,9088,0.025052583,362757,371463174,31.000000,2180.000000
conversion/partial_reused,1024,3,9088,0.025090583,362208,370900588,31.000000,2180.000000
conversion/partial_reused,1024,4,9088,0.025060708,362639,371342741,31.000000,2180.000000
conversion/partial_reused,1024,5,9056,0.025067959,361258,369928162,31.000000,2180.000000
conversion/partial_reused,1024,6,9024,0.025040875,360371,369019693,31.000000,2180.000000
conversion/sum_direct,1024,0,20256,0.025024334,809452,828878962,0.000000,0.000000
conversion/sum_direct,1024,1,20320,0.025014625,812325,831820585,0.000000,0.000000
conversion/sum_direct,1024,2,20320,0.025024958,811989,831477120,0.000000,0.000000
conversion/sum_direct,1024,3,20320,0.025017833,812221,831713922,0.000000,0.000000
conversion/sum_direct,1024,4,20256,0.025021167,809555,828983876,0.000000,0.000000
conversion/sum_direct,1024,5,20352,0.025006250,813877,833409568,0.000000,0.000000
conversion/sum_direct,1024,6,20384,0.025017500,814790,834344599,0.000000,0.000000
conversion/sum_chain,1024,0,20320,0.025014375,812333,831828898,0.000000,0.000000
conversion/sum_chain,1024,1,20288,0.025001458,811473,830948019,0.000000,0.000000
conversion/sum_chain,1024,2,20224,0.025002541,808878,828290853,0.000000,0.000000
conversion/sum_chain,1024,3,20256,0.025010333,809905,829342976,0.000000,0.000000
conversion/sum_chain,1024,4,20384,0.025027250,814472,834019559,0.000000,0.000000
conversion/sum_chain,1024,5,20320,0.025022416,812072,831561589,0.000000,0.000000
conversion/sum_chain,1024,6,20288,0.025027541,810627,830082028,0.000000,0.000000
conversion/sum_function,1024,0,19200,0.025030709,767058,785467164,4.000000,248.000000
conversion/sum_function,1024,1,19168,0.025019417,766125,784511965,4.000000,248.000000
conversion/sum_function,1024,2,19328,0.025012875,772722,791267377,4.000000,248.000000
conversion/sum_function,1024,3,19296,0.025015208,771371,789883658,4.000000,248.000000
conversion/sum_function,1024,4,19328,0.025023833,772384,790920879,4.000000,248.000000
conversion/sum_function,1024,5,19296,0.025004166,771711,790232476,4.000000,248.000000
conversion/sum_function,1024,6,19296,0.025018166,771280,789790267,4.000000,248.000000
conversion/sum_partial,1024,0,18464,0.025004875,738416,756137993,6.000000,336.000000
conversion/sum_partial,1024,1,18528,0.025029709,740240,758006096,6.000000,336.000000
conversion/sum_partial,1024,2,18560,0.025034333,741382,759175010,6.000000,336.000000
conversion/sum_partial,1024,3,18496,0.025006667,739643,757394178,6.000000,336.000000
conversion/sum_partial,1024,4,18496,0.025005500,739677,757429526,6.000000,336.000000
conversion/sum_partial,1024,5,18528,0.025035750,740062,757823193,6.000000,336.000000
conversion/sum_partial,1024,6,18560,0.025015084,741952,759759192,6.000000,336.000000
rust/number_text,1024,0,40448,0.025000875,1617863,1656692096,0.000000,0.000000
rust/number_text,1024,1,40448,0.025013750,1617031,1655839368,0.000000,0.000000
rust/number_text,1024,2,40512,0.025011000,1619767,1658641718,0.000000,0.000000
rust/number_text,1024,3,40544,0.025000625,1621719,1660640724,0.000000,0.000000
rust/number_text,1024,4,40576,0.025019333,1621786,1660708701,0.000000,0.000000
rust/number_text,1024,5,40640,0.025008375,1625056,1664056941,0.000000,0.000000
rust/number_text,1024,6,40704,0.025017334,1627032,1666080646,0.000000,0.000000
conversion/string_identity,10240,0,4640,0.025056000,185185,1896296296,0.000000,0.000000
conversion/string_identity,10240,1,4640,0.025064750,185121,1895634307,0.000000,0.000000
conversion/string_identity,10240,2,4640,0.025056917,185178,1896226898,0.000000,0.000000
conversion/string_identity,10240,3,4640,0.025040292,185301,1897485860,0.000000,0.000000
conversion/string_identity,10240,4,4640,0.025073417,185057,1894979053,0.000000,0.000000
conversion/string_identity,10240,5,4640,0.025081209,184999,1894390338,0.000000,0.000000
conversion/string_identity,10240,6,4640,0.025086042,184963,1894025371,0.000000,0.000000
conversion/number_text,10240,0,4608,0.025000209,184318,1887421021,0.000000,0.000000
conversion/number_text,10240,1,4640,0.025138584,184577,1890066680,0.000000,0.000000
conversion/number_text,10240,2,4640,0.025151750,184480,1889077301,0.000000,0.000000
conversion/number_text,10240,3,4608,0.025003667,184293,1887159991,0.000000,0.000000
conversion/number_text,10240,4,4608,0.025009417,184251,1886726108,0.000000,0.000000
conversion/number_text,10240,5,4640,0.025159625,184422,1888486017,0.000000,0.000000
conversion/number_text,10240,6,4640,0.025134042,184610,1890408236,0.000000,0.000000
conversion/number_value,10240,0,4640,0.025168875,184355,1887791965,0.000000,0.000000
conversion/number_value,10240,1,4640,0.025177542,184291,1887142121,0.000000,0.000000
conversion/number_value,10240,2,4640,0.025132333,184623,1890536784,0.000000,0.000000
conversion/number_value,10240,3,4640,0.025127792,184656,1890878435,0.000000,0.000000
conversion/number_value,10240,4,4608,0.025080709,183727,1881363083,0.000000,0.000000
conversion/number_value,10240,5,4640,0.025152916,184472,1888989730,0.000000,0.000000
conversion/number_value,10240,6,4640,0.025143625,184540,1889687744,0.000000,0.000000
conversion/string_number,10240,0,4416,0.025135875,175685,1799015948,8.000000,108.000000
conversion/string_number,10240,1,4416,0.025115417,175828,1800481354,8.000000,108.000000
conversion/string_number,10240,2,4416,0.025058792,176226,1804549876,8.000000,108.000000
conversion/string_number,10240,3,4416,0.025065292,176180,1804081915,8.000000,108.000000
conversion/string_number,10240,4,4416,0.025173250,175424,1796344930,8.000000,108.000000
conversion/string_number,10240,5,4416,0.025087958,176021,1802451997,8.000000,108.000000
conversion/string_number,10240,6,4416,0.025144750,175623,1798380974,8.000000,108.000000
conversion/string_object,10240,0,4352,0.025129792,173181,1773372418,12.000000,423.000000
conversion/string_object,10240,1,4320,0.025028250,172605,1767474754,12.000000,423.000000
conversion/string_object,10240,2,4320,0.025014084,172703,1768475712,12.000000,423.000000
conversion/string_object,10240,3,4320,0.025034917,172559,1767004061,12.000000,423.000000
conversion/string_object,10240,4,4352,0.025155542,173004,1771557138,12.000000,423.000000
conversion/string_object,10240,5,4320,0.025015417,172694,1768381475,12.000000,423.000000
conversion/string_object,10240,6,4352,0.025166708,172927,1770771131,12.000000,423.000000
conversion/string_pretty,10240,0,2272,0.025016167,90821,930009781,12.000000,453.000000
conversion/string_pretty,10240,1,2304,0.025340667,90921,931031531,12.000000,453.000000
conversion/string_pretty,10240,2,2272,0.025004459,90864,930445246,12.000000,453.000000
conversion/string_pretty,10240,3,2304,0.025334500,90943,931258166,12.000000,453.000000
conversion/string_pretty,10240,4,2304,0.025365459,90832,930121548,12.000000,453.000000
conversion/string_pretty,10240,5,2304,0.025326375,90972,931556924,12.000000,453.000000
conversion/string_pretty,10240,6,2272,0.025128167,90416,925864589,12.000000,453.000000
conversion/concat,10240,0,1568,0.025379417,61782,632651254,14.000000,254.000000
conversion/concat,10240,1,1568,0.025334417,61892,633774995,14.000000,254.000000
conversion/concat,10240,2,1568,0.025356000,61839,633235526,14.000000,254.000000
conversion/concat,10240,3,1568,0.025362375,61824,633076358,14.000000,254.000000
conversion/concat,10240,4,1568,0.025370375,61804,632876731,14.000000,254.000000
conversion/concat,10240,5,1568,0.025319958,61927,634136913,14.000000,254.000000
conversion/concat,10240,6,1568,0.025394083,61747,632285875,14.000000,254.000000
conversion/folded,10240,0,4672,0.025054667,186472,1909475787,0.000000,0.000000
conversion/folded,10240,1,4704,0.025082458,187541,1920424226,0.000000,0.000000
conversion/folded,10240,2,4704,0.025027042,187957,1924676516,0.000000,0.000000
conversion/folded,10240,3,4704,0.025068292,187647,1921509451,0.000000,0.000000
conversion/folded,10240,4,4704,0.025114667,187301,1917961325,0.000000,0.000000
conversion/folded,10240,5,4672,0.025058041,186447,1909218682,0.000000,0.000000
conversion/folded,10240,6,4672,0.025047083,186529,1910053957,0.000000,0.000000
conversion/constructor,10240,0,1184,0.025405000,46605,477235190,13.000000,564.000000
conversion/constructor,10240,1,1184,0.025463792,46497,476133327,13.000000,564.000000
conversion/constructor,10240,2,1184,0.025466084,46493,476090474,13.000000,564.000000
conversion/constructor,10240,3,1184,0.025405500,46604,477225798,13.000000,564.000000
conversion/constructor,10240,4,1184,0.025421792,46574,476919959,13.000000,564.000000
conversion/constructor,10240,5,1184,0.025524875,46386,474993903,13.000000,564.000000
conversion/constructor,10240,6,1184,0.025466750,46492,476078023,13.000000,564.000000
conversion/chain_direct,10240,0,2304,0.025109125,91759,939616972,12.000000,214.000000
conversion/chain_direct,10240,1,2304,0.025098250,91799,940024105,12.000000,214.000000
conversion/chain_direct,10240,2,2304,0.025123709,91706,939071536,12.000000,214.000000
conversion/chain_direct,10240,3,2304,0.025133458,91671,938707280,12.000000,214.000000
conversion/chain_direct,10240,4,2304,0.025087625,91838,940422220,12.000000,214.000000
conversion/chain_direct,10240,5,2304,0.025089292,91832,940359736,12.000000,214.000000
conversion/chain_direct,10240,6,2304,0.025185625,91481,936762935,12.000000,214.000000
conversion/chain_values,10240,0,2240,0.025287750,88580,907063697,27.000000,1168.000000
conversion/chain_values,10240,1,2240,0.025323167,88457,905795077,27.000000,1168.000000
conversion/chain_values,10240,2,2240,0.025287708,88581,907065203,27.000000,1168.000000
conversion/chain_values,10240,3,2240,0.025313583,88490,906138021,27.000000,1168.000000
conversion/chain_values,10240,4,2240,0.025255917,88692,908206976,27.000000,1168.000000
conversion/chain_values,10240,5,2240,0.025300917,88534,906591646,27.000000,1168.000000
conversion/chain_values,10240,6,2240,0.025338416,88403,905249957,27.000000,1168.000000
conversion/partial,10240,0,2240,0.025142792,89091,912293273,24.000000,1198.000000
conversion/partial,10240,1,2240,0.025104333,89228,913690876,24.000000,1198.000000
conversion/partial,10240,2,2240,0.025156917,89041,911781042,24.000000,1198.000000
conversion/partial,10240,3,2240,0.025134167,89122,912606334,24.000000,1198.000000
conversion/partial,10240,4,2240,0.025309750,88503,906275250,24.000000,1198.000000
conversion/partial,10240,5,2240,0.025204125,88874,910073252,24.000000,1198.000000
conversion/partial,10240,6,2240,0.025182666,88950,910848756,24.000000,1198.000000
conversion/partial_reused,10240,0,1504,0.025126708,59857,612931865,31.000000,2180.000000
conversion/partial_reused,10240,1,1504,0.025120250,59872,613089440,31.000000,2180.000000
conversion/partial_reused,10240,2,1504,0.025081875,59964,614027460,31.000000,2180.000000
conversion/partial_reused,10240,3,1504,0.025084500,59957,613963204,31.000000,2180.000000
conversion/partial_reused,10240,4,1504,0.025154042,59792,612265814,31.000000,2180.000000
conversion/partial_reused,10240,5,1504,0.025126750,59857,612930841,31.000000,2180.000000
conversion/partial_reused,10240,6,1504,0.025081292,59965,614041733,31.000000,2180.000000
conversion/sum_direct,10240,0,2368,0.025028500,94612,968828336,0.000000,0.000000
conversion/sum_direct,10240,1,2368,0.025047042,94542,968111125,0.000000,0.000000
conversion/sum_direct,10240,2,2368,0.025058000,94501,967687764,0.000000,0.000000
conversion/sum_direct,10240,3,2368,0.025008500,94688,969603135,0.000000,0.000000
conversion/sum_direct,10240,4,2368,0.025001166,94716,969887564,0.000000,0.000000
conversion/sum_direct,10240,5,2368,0.025050667,94528,967971032,0.000000,0.000000
conversion/sum_direct,10240,6,2368,0.025013542,94669,969407691,0.000000,0.000000
conversion/sum_chain,10240,0,2368,0.025037750,94577,968470410,0.000000,0.000000
conversion/sum_chain,10240,1,2368,0.025006375,94696,969685530,0.000000,0.000000
conversion/sum_chain,10240,2,2368,0.025074542,94438,967049368,0.000000,0.000000
conversion/sum_chain,10240,3,2368,0.025035666,94585,968551026,0.000000,0.000000
conversion/sum_chain,10240,4,2368,0.025090708,94378,966426296,0.000000,0.000000
conversion/sum_chain,10240,5,2368,0.025011625,94676,969481991,0.000000,0.000000
conversion/sum_chain,10240,6,2368,0.025215375,93911,961648201,0.000000,0.000000
conversion/sum_function,10240,0,2368,0.025204166,93953,962075873,4.000000,248.000000
conversion/sum_function,10240,1,2368,0.025237667,93828,960798793,4.000000,248.000000
conversion/sum_function,10240,2,2368,0.025170708,94078,963354706,4.000000,248.000000
conversion/sum_function,10240,3,2368,0.025184625,94026,962822357,4.000000,248.000000
conversion/sum_function,10240,4,2368,0.025220083,93893,961468684,4.000000,248.000000
conversion/sum_function,10240,5,2368,0.025246958,93793,960445215,4.000000,248.000000
conversion/sum_function,10240,6,2368,0.025166292,94094,963523748,4.000000,248.000000
conversion/sum_partial,10240,0,2336,0.025008041,93410,956517946,6.000000,336.000000
conversion/sum_partial,10240,1,2336,0.025010542,93401,956422296,6.000000,336.000000
conversion/sum_partial,10240,2,2368,0.025330208,93485,957288626,6.000000,336.000000
conversion/sum_partial,10240,3,2368,0.025325375,93503,957471311,6.000000,336.000000
conversion/sum_partial,10240,4,2336,0.025020417,93364,956044817,6.000000,336.000000
conversion/sum_partial,10240,5,2336,0.025047709,93262,955003110,6.000000,336.000000
conversion/sum_partial,10240,6,2336,0.025008333,93409,956506777,6.000000,336.000000
rust/number_text,10240,0,4672,0.025108708,186071,1905366059,0.000000,0.000000
rust/number_text,10240,1,4672,0.025138125,185853,1903136372,0.000000,0.000000
rust/number_text,10240,2,4672,0.025162125,185676,1901321132,0.000000,0.000000
rust/number_text,10240,3,4672,0.025112500,186043,1905078347,0.000000,0.000000
rust/number_text,10240,4,4672,0.025094084,186179,1906476443,0.000000,0.000000
rust/number_text,10240,5,4672,0.025149333,185770,1902288224,0.000000,0.000000
rust/number_text,10240,6,4672,0.025035709,186613,1910921716,0.000000,0.000000
conversion/string_identity,1048576,0,64,0.034508458,1855,1944707700,0.000000,0.000000
conversion/string_identity,1048576,1,64,0.034507292,1855,1944773412,0.000000,0.000000
conversion/string_identity,1048576,2,64,0.034490208,1856,1945736715,0.000000,0.000000
conversion/string_identity,1048576,3,64,0.034536375,1853,1943135723,0.000000,0.000000
conversion/string_identity,1048576,4,64,0.034500250,1855,1945170368,0.000000,0.000000
conversion/string_identity,1048576,5,64,0.034436834,1858,1948752432,0.000000,0.000000
conversion/string_identity,1048576,6,64,0.034486375,1856,1945952974,0.000000,0.000000
conversion/number_text,1048576,0,64,0.034531875,1853,1943388941,0.000000,0.000000
conversion/number_text,1048576,1,64,0.034530041,1853,1943492161,0.000000,0.000000
conversion/number_text,1048576,2,64,0.034506791,1855,1944801648,0.000000,0.000000
conversion/number_text,1048576,3,64,0.034473750,1856,1946665622,0.000000,0.000000
conversion/number_text,1048576,4,64,0.034549750,1852,1942383490,0.000000,0.000000
conversion/number_text,1048576,5,64,0.034511667,1854,1944526876,0.000000,0.000000
conversion/number_text,1048576,6,64,0.034483708,1856,1946103476,0.000000,0.000000
conversion/number_value,1048576,0,64,0.034517250,1854,1944212358,0.000000,0.000000
conversion/number_value,1048576,1,64,0.034544917,1853,1942655239,0.000000,0.000000
conversion/number_value,1048576,2,64,0.034583292,1851,1940499592,0.000000,0.000000
conversion/number_value,1048576,3,64,0.034496709,1855,1945370035,0.000000,0.000000
conversion/number_value,1048576,4,64,0.034492417,1855,1945612104,0.000000,0.000000
conversion/number_value,1048576,5,64,0.034546084,1853,1942589614,0.000000,0.000000
conversion/number_value,1048576,6,64,0.034439500,1858,1948601577,0.000000,0.000000
conversion/string_number,1048576,0,64,0.034467916,1857,1946995113,8.000000,108.000000
conversion/string_number,1048576,1,64,0.034503167,1855,1945005918,8.000000,108.000000
conversion/string_number,1048576,2,64,0.034519541,1854,1944083324,8.000000,108.000000
conversion/string_number,1048576,3,64,0.034600250,1850,1939548529,8.000000,108.000000
conversion/string_number,1048576,4,64,0.034494500,1855,1945494615,8.000000,108.000000
conversion/string_number,1048576,5,64,0.034560000,1852,1941807407,8.000000,108.000000
conversion/string_number,1048576,6,64,0.034488917,1856,1945809548,8.000000,108.000000
conversion/string_object,1048576,0,64,0.034562792,1852,1941650547,12.000000,423.000000
conversion/string_object,1048576,1,64,0.034597917,1850,1939679317,12.000000,423.000000
conversion/string_object,1048576,2,64,0.034533209,1853,1943313869,12.000000,423.000000
conversion/string_object,1048576,3,64,0.034478625,1856,1946390380,12.000000,423.000000
conversion/string_object,1048576,4,64,0.034523041,1854,1943886229,12.000000,423.000000
conversion/string_object,1048576,5,64,0.034532042,1853,1943379543,12.000000,423.000000
conversion/string_object,1048576,6,64,0.034614958,1849,1938724409,12.000000,423.000000
conversion/string_pretty,1048576,0,32,0.034016792,941,986407889,12.000000,453.000000
conversion/string_pretty,1048576,1,32,0.033946250,943,988457694,12.000000,453.000000
conversion/string_pretty,1048576,2,32,0.033914917,944,989370901,12.000000,453.000000
conversion/string_pretty,1048576,3,32,0.034138792,937,982882816,12.000000,453.000000
conversion/string_pretty,1048576,4,32,0.033911042,944,989483956,12.000000,453.000000
conversion/string_pretty,1048576,5,32,0.033908000,944,989572726,12.000000,453.000000
conversion/string_pretty,1048576,6,32,0.033940125,943,988636076,12.000000,453.000000
conversion/concat,1048576,0,32,0.050463792,634,664920940,14.000000,254.000000
conversion/concat,1048576,1,32,0.050717167,631,661599099,14.000000,254.000000
conversion/concat,1048576,2,32,0.050591584,633,663241380,14.000000,254.000000
conversion/concat,1048576,3,32,0.050674667,631,662153971,14.000000,254.000000
conversion/concat,1048576,4,32,0.050817333,630,660295022,14.000000,254.000000
conversion/concat,1048576,5,32,0.050833708,630,660082322,14.000000,254.000000
conversion/concat,1048576,6,32,0.050472083,634,664811714,14.000000,254.000000
conversion/folded,1048576,0,64,0.034486084,1856,1945969394,0.000000,0.000000
conversion/folded,1048576,1,64,0.034500042,1855,1945182096,0.000000,0.000000
conversion/folded,1048576,2,64,0.034560458,1852,1941781674,0.000000,0.000000
conversion/folded,1048576,3,64,0.034550959,1852,1942315523,0.000000,0.000000
conversion/folded,1048576,4,64,0.034486792,1856,1945929445,0.000000,0.000000
conversion/folded,1048576,5,64,0.034533791,1853,1943281118,0.000000,0.000000
conversion/folded,1048576,6,64,0.034505542,1855,1944872044,0.000000,0.000000
conversion/constructor,1048576,0,32,0.067386875,475,497937202,13.000000,564.000000
conversion/constructor,1048576,1,32,0.067406000,475,497795923,13.000000,564.000000
conversion/constructor,1048576,2,32,0.067366917,475,498084720,13.000000,564.000000
conversion/constructor,1048576,3,32,0.067355792,475,498166988,13.000000,564.000000
conversion/constructor,1048576,4,32,0.067362958,475,498113993,13.000000,564.000000
conversion/constructor,1048576,5,32,0.067310833,475,498499729,13.000000,564.000000
conversion/constructor,1048576,6,32,0.067294167,476,498623187,13.000000,564.000000
conversion/chain_direct,1048576,0,32,0.033921042,943,989192254,12.000000,214.000000
conversion/chain_direct,1048576,1,32,0.033964375,942,987930206,12.000000,214.000000
conversion/chain_direct,1048576,2,32,0.033963166,942,987965374,12.000000,214.000000
conversion/chain_direct,1048576,3,32,0.033870792,945,990659799,12.000000,214.000000
conversion/chain_direct,1048576,4,32,0.034144667,937,982713699,12.000000,214.000000
conversion/chain_direct,1048576,5,32,0.034004875,941,986753576,12.000000,214.000000
conversion/chain_direct,1048576,6,32,0.033919917,943,989225062,12.000000,214.000000
conversion/chain_values,1048576,0,32,0.033946750,943,988443135,27.000000,1168.000000
conversion/chain_values,1048576,1,32,0.033928792,943,988966303,27.000000,1168.000000
conversion/chain_values,1048576,2,32,0.034025125,940,986166311,27.000000,1168.000000
conversion/chain_values,1048576,3,32,0.033945292,943,988485590,27.000000,1168.000000
conversion/chain_values,1048576,4,32,0.033971625,942,987719369,27.000000,1168.000000
conversion/chain_values,1048576,5,32,0.033924875,943,989080490,27.000000,1168.000000
conversion/chain_values,1048576,6,32,0.033934959,943,988786578,27.000000,1168.000000
conversion/partial,1048576,0,32,0.033948958,943,988378848,24.000000,1198.000000
conversion/partial,1048576,1,32,0.034060292,940,985148101,24.000000,1198.000000
conversion/partial,1048576,2,32,0.033806666,947,992538927,24.000000,1198.000000
conversion/partial,1048576,3,32,0.033977416,942,987551025,24.000000,1198.000000
conversion/partial,1048576,4,32,0.034022542,941,986241181,24.000000,1198.000000
conversion/partial,1048576,5,32,0.033934500,943,988799953,24.000000,1198.000000
conversion/partial,1048576,6,32,0.033948583,943,988389766,24.000000,1198.000000
conversion/partial_reused,1048576,0,32,0.050697209,631,661859551,31.000000,2180.000000
conversion/partial_reused,1048576,1,32,0.050637083,632,662645437,31.000000,2180.000000
conversion/partial_reused,1048576,2,32,0.050701625,631,661801905,31.000000,2180.000000
conversion/partial_reused,1048576,3,32,0.050673292,631,662171939,31.000000,2180.000000
conversion/partial_reused,1048576,4,32,0.050667792,632,662243818,31.000000,2180.000000
conversion/partial_reused,1048576,5,32,0.050735542,631,661359486,31.000000,2180.000000
conversion/partial_reused,1048576,6,32,0.050521125,633,664166366,31.000000,2180.000000
conversion/sum_direct,1048576,0,32,0.033983084,942,987386313,0.000000,0.000000
conversion/sum_direct,1048576,1,32,0.033929000,943,988960241,0.000000,0.000000
conversion/sum_direct,1048576,2,32,0.033974166,942,987645495,0.000000,0.000000
conversion/sum_direct,1048576,3,32,0.033993542,941,987082546,0.000000,0.000000
conversion/sum_direct,1048576,4,32,0.033904750,944,989667583,0.000000,0.000000
conversion/sum_direct,1048576,5,32,0.033978000,942,987534051,0.000000,0.000000
conversion/sum_direct,1048576,6,32,0.033956417,942,988161737,0.000000,0.000000
conversion/sum_chain,1048576,0,32,0.033987458,942,987259241,0.000000,0.000000
conversion/sum_chain,1048576,1,32,0.033926459,943,989034311,0.000000,0.000000
conversion/sum_chain,1048576,2,32,0.034089958,939,984290799,0.000000,0.000000
conversion/sum_chain,1048576,3,32,0.033935000,943,988785384,0.000000,0.000000
conversion/sum_chain,1048576,4,32,0.033898958,944,989836679,0.000000,0.000000
conversion/sum_chain,1048576,5,32,0.033965750,942,987890213,0.000000,0.000000
conversion/sum_chain,1048576,6,32,0.033898625,944,989846402,0.000000,0.000000
conversion/sum_function,1048576,0,32,0.033886750,944,990193276,4.000000,248.000000
conversion/sum_function,1048576,1,32,0.033967250,942,987846588,4.000000,248.000000
conversion/sum_function,1048576,2,32,0.033963417,942,987958073,4.000000,248.000000
conversion/sum_function,1048576,3,32,0.033938000,943,988697979,4.000000,248.000000
conversion/sum_function,1048576,4,32,0.033964666,942,987921742,4.000000,248.000000
conversion/sum_function,1048576,5,32,0.033956583,942,988156906,4.000000,248.000000
conversion/sum_function,1048576,6,32,0.033877458,945,990464869,4.000000,248.000000
conversion/sum_partial,1048576,0,32,0.033937125,943,988723470,6.000000,336.000000
conversion/sum_partial,1048576,1,32,0.033957958,942,988116894,6.000000,336.000000
conversion/sum_partial,1048576,2,32,0.033949958,943,988349735,6.000000,336.000000
conversion/sum_partial,1048576,3,32,0.033920041,943,989221446,6.000000,336.000000
conversion/sum_partial,1048576,4,32,0.033983417,942,987376637,6.000000,336.000000
conversion/sum_partial,1048576,5,32,0.033944375,943,988512294,6.000000,336.000000
conversion/sum_partial,1048576,6,32,0.033944041,943,988522021,6.000000,336.000000
rust/number_text,1048576,0,64,0.034490125,1856,1945741397,0.000000,0.000000
rust/number_text,1048576,1,64,0.034493417,1855,1945555698,0.000000,0.000000
rust/number_text,1048576,2,64,0.034326209,1864,1955032786,0.000000,0.000000
rust/number_text,1048576,3,64,0.034491875,1856,1945642677,0.000000,0.000000
rust/number_text,1048576,4,64,0.034532416,1853,1943358495,0.000000,0.000000
rust/number_text,1048576,5,64,0.034571459,1851,1941163779,0.000000,0.000000
rust/number_text,1048576,6,64,0.034579125,1851,1940733434,0.000000,0.000000
composition/numeric_pipeline,234,0,7968,0.025035625,318266,74474354,14.000000,1304.000000
composition/numeric_pipeline,234,1,7968,0.025020250,318462,74520119,14.000000,1304.000000
composition/numeric_pipeline,234,2,7968,0.025000833,318709,74577995,14.000000,1304.000000
composition/numeric_pipeline,234,3,8000,0.025077542,319011,74648464,14.000000,1304.000000
composition/numeric_pipeline,234,4,8064,0.025060708,321779,75296197,14.000000,1304.000000
composition/numeric_pipeline,234,5,8064,0.025045792,321970,75341039,14.000000,1304.000000
composition/numeric_pipeline,234,6,8032,0.025078750,320271,74943448,14.000000,1304.000000
composition/labels,234,0,5184,0.025021750,207180,48480062,46.000000,2393.000000
composition/labels,234,1,5216,0.025129750,207563,48569683,46.000000,2393.000000
composition/labels,234,2,5216,0.025132500,207540,48564369,46.000000,2393.000000
composition/labels,234,3,5152,0.025137625,204952,47958707,46.000000,2393.000000
composition/labels,234,4,5184,0.025148708,206134,48235321,46.000000,2393.000000
composition/labels,234,5,5184,0.025091000,206608,48346260,46.000000,2393.000000
composition/labels,234,6,5184,0.025044708,206990,48435622,46.000000,2393.000000
composition/grouping,234,0,7136,0.025108958,284201,66503118,38.000000,1328.000000
composition/grouping,234,1,7104,0.025008250,284066,66471504,38.000000,1328.000000
composition/grouping,234,2,7104,0.025022458,283905,66433761,38.000000,1328.000000
composition/grouping,234,3,7104,0.025038000,283729,66392523,38.000000,1328.000000
composition/grouping,234,4,7136,0.025110416,284185,66499257,38.000000,1328.000000
composition/grouping,234,5,7136,0.025011459,285309,66762359,38.000000,1328.000000
composition/grouping,234,6,7136,0.025022500,285183,66732900,38.000000,1328.000000
composition/static_lookup,234,0,7008,0.025028209,280004,65520949,45.000000,2048.000000
composition/static_lookup,234,1,7040,0.025089084,280600,65660428,45.000000,2048.000000
composition/static_lookup,234,2,7104,0.025048167,283614,66365575,45.000000,2048.000000
composition/static_lookup,234,3,7104,0.025037083,283739,66394955,45.000000,2048.000000
composition/static_lookup,234,4,7072,0.025022959,282620,66133186,45.000000,2048.000000
composition/static_lookup,234,5,7040,0.025094333,280541,65646694,45.000000,2048.000000
composition/static_lookup,234,6,7040,0.025087292,280620,65665118,45.000000,2048.000000
composition/direct_fold,74,0,44608,0.025011084,1783529,131981165,0.000000,0.000000
composition/direct_fold,74,1,45184,0.025012959,1806424,133675348,0.000000,0.000000
composition/direct_fold,74,2,45216,0.025012958,1807703,133770024,0.000000,0.000000
composition/direct_fold,74,3,45152,0.025003458,1805830,133631436,0.000000,0.000000
composition/direct_fold,74,4,45472,0.025002084,1818728,134585901,0.000000,0.000000
composition/direct_fold,74,5,45312,0.025008084,1811894,134080164,0.000000,0.000000
composition/direct_fold,74,6,45344,0.025000792,1813703,134213988,0.000000,0.000000
composition/chained_fold,74,0,45088,0.025014583,1802469,133382675,0.000000,0.000000
composition/chained_fold,74,1,45376,0.025013292,1814075,134241586,0.000000,0.000000
composition/chained_fold,74,2,44928,0.025001041,1797045,132981343,0.000000,0.000000
composition/chained_fold,74,3,44896,0.025006708,1795358,132856512,0.000000,0.000000
composition/chained_fold,74,4,45440,0.025009041,1816943,134453776,0.000000,0.000000
composition/chained_fold,74,5,45184,0.025016375,1806177,133657095,0.000000,0.000000
composition/chained_fold,74,6,45408,0.025012625,1815403,134339838,0.000000,0.000000
composition/numeric_pipeline,3886,0,576,0.025456375,22627,87928309,82.000000,12824.000000
composition/numeric_pipeline,3886,1,576,0.025384875,22691,88175971,82.000000,12824.000000
composition/numeric_pipeline,3886,2,576,0.025315208,22753,88418630,82.000000,12824.000000
composition/numeric_pipeline,3886,3,576,0.025665708,22442,87211153,82.000000,12824.000000
composition/numeric_pipeline,3886,4,576,0.025565583,22530,87552707,82.000000,12824.000000
composition/numeric_pipeline,3886,5,576,0.025553167,22541,87595248,82.000000,12824.000000
composition/numeric_pipeline,3886,6,576,0.025590458,22508,87467602,82.000000,12824.000000
composition/labels,3886,0,384,0.026983667,14231,55301009,418.000000,30445.000000
composition/labels,3886,1,384,0.027007833,14218,55251526,418.000000,30445.000000
composition/labels,3886,2,384,0.026921833,14264,55428024,418.000000,30445.000000
composition/labels,3886,3,384,0.026890500,14280,55492609,418.000000,30445.000000
composition/labels,3886,4,384,0.026984333,14230,55299644,418.000000,30445.000000
composition/labels,3886,5,384,0.027019084,14212,55228519,418.000000,30445.000000
composition/labels,3886,6,384,0.026896500,14277,55480230,418.000000,30445.000000
composition/grouping,3886,0,544,0.026439459,20575,79955645,466.000000,14648.000000
composition/grouping,3886,1,544,0.026484042,20541,79821048,466.000000,14648.000000
composition/grouping,3886,2,512,0.025004500,20476,79570957,466.000000,14648.000000
composition/grouping,3886,3,544,0.026373167,20627,80156623,466.000000,14648.000000
composition/grouping,3886,4,544,0.026339167,20654,80260093,466.000000,14648.000000
composition/grouping,3886,5,544,0.026335625,20656,80270888,466.000000,14648.000000
composition/grouping,3886,6,512,0.025003041,20478,79575600,466.000000,14648.000000
composition/static_lookup,3886,0,480,0.025165042,19074,74121871,589.000000,24008.000000
composition/static_lookup,3886,1,480,0.025259917,19002,73843473,589.000000,24008.000000
composition/static_lookup,3886,2,480,0.025105125,19120,74298774,589.000000,24008.000000
composition/static_lookup,3886,3,512,0.026556750,19279,74920011,589.000000,24008.000000
composition/static_lookup,3886,4,512,0.026529917,19299,74995787,589.000000,24008.000000
composition/static_lookup,3886,5,512,0.026530875,19298,74993079,589.000000,24008.000000
composition/static_lookup,3886,6,512,0.026512917,19311,75043874,589.000000,24008.000000
composition/direct_fold,1180,0,3104,0.025069792,123814,146100933,0.000000,0.000000
composition/direct_fold,1180,1,3136,0.025220042,124346,146727749,0.000000,0.000000
composition/direct_fold,1180,2,3136,0.025121250,124835,147304772,0.000000,0.000000
composition/direct_fold,1180,3,3104,0.025053334,123896,146196909,0.000000,0.000000
composition/direct_fold,1180,4,3136,0.025244875,124223,146583415,0.000000,0.000000
composition/direct_fold,1180,5,3104,0.025110083,123616,145866503,0.000000,0.000000
composition/direct_fold,1180,6,3104,0.025028166,124020,146343923,0.000000,0.000000
composition/chained_fold,1180,0,3136,0.025077542,125052,147561511,0.000000,0.000000
composition/chained_fold,1180,1,3104,0.025076000,123784,146064763,0.000000,0.000000
composition/chained_fold,1180,2,3104,0.025097292,123679,145940845,0.000000,0.000000
composition/chained_fold,1180,3,3136,0.025175125,124567,146989538,0.000000,0.000000
composition/chained_fold,1180,4,3104,0.025029000,124016,146339047,0.000000,0.000000
composition/chained_fold,1180,5,3136,0.025121125,124835,147305505,0.000000,0.000000
composition/chained_fold,1180,6,3104,0.025069083,123818,146105065,0.000000,0.000000
composition/numeric_pipeline,32606,0,96,0.033434084,2871,93622305,536.000000,98840.000000
composition/numeric_pipeline,32606,1,96,0.033373917,2876,93791088,536.000000,98840.000000
composition/numeric_pipeline,32606,2,96,0.033245375,2888,94153728,536.000000,98840.000000
composition/numeric_pipeline,32606,3,96,0.033172167,2894,94361517,536.000000,98840.000000
composition/numeric_pipeline,32606,4,96,0.033112958,2899,94530244,536.000000,98840.000000
composition/numeric_pipeline,32606,5,96,0.033142042,2897,94447288,536.000000,98840.000000
composition/numeric_pipeline,32606,6,96,0.033104417,2900,94554633,536.000000,98840.000000
composition/labels,32606,0,64,0.036403709,1758,57323390,3116.000000,260337.000000
composition/labels,32606,1,64,0.036152000,1770,57722505,3116.000000,260337.000000
composition/labels,32606,2,64,0.036192708,1768,57657581,3116.000000,260337.000000
composition/labels,32606,3,64,0.036377417,1759,57364821,3116.000000,260337.000000
composition/labels,32606,4,64,0.036233792,1766,57592206,3116.000000,260337.000000
composition/labels,32606,5,64,0.036129917,1771,57757786,3116.000000,260337.000000
composition/labels,32606,6,64,0.036145792,1771,57732419,3116.000000,260337.000000
composition/grouping,32606,0,96,0.036820208,2607,85012448,3608.000000,114104.000000
composition/grouping,32606,1,96,0.036541792,2627,85660167,3608.000000,114104.000000
composition/grouping,32606,2,96,0.036449458,2634,85877162,3608.000000,114104.000000
composition/grouping,32606,3,96,0.036299792,2645,86231238,3608.000000,114104.000000
composition/grouping,32606,4,96,0.036242750,2649,86366956,3608.000000,114104.000000
composition/grouping,32606,5,96,0.036232042,2650,86392481,3608.000000,114104.000000
composition/grouping,32606,6,96,0.036190416,2653,86491849,3608.000000,114104.000000
composition/static_lookup,32606,0,64,0.026306417,2433,79326044,4624.000000,187976.000000
composition/static_lookup,32606,1,64,0.026561917,2409,78563004,4624.000000,187976.000000
composition/static_lookup,32606,2,64,0.026278583,2435,79410066,4624.000000,187976.000000
composition/static_lookup,32606,3,64,0.026368208,2427,79140152,4624.000000,187976.000000
composition/static_lookup,32606,4,64,0.026325208,2431,79269421,4624.000000,187976.000000
composition/static_lookup,32606,5,64,0.026353917,2428,79183068,4624.000000,187976.000000
composition/static_lookup,32606,6,64,0.026098334,2452,79958514,4624.000000,187976.000000
composition/direct_fold,10164,0,416,0.026985083,15416,156687456,0.000000,0.000000
composition/direct_fold,10164,1,416,0.026337375,15795,160540828,0.000000,0.000000
composition/direct_fold,10164,2,416,0.026921667,15452,157056545,0.000000,0.000000
composition/direct_fold,10164,3,384,0.025459000,15083,153304372,0.000000,0.000000
composition/direct_fold,10164,4,416,0.026848458,15494,157484799,0.000000,0.000000
composition/direct_fold,10164,5,416,0.026787041,15530,157845878,0.000000,0.000000
composition/direct_fold,10164,6,416,0.026855375,15490,157444236,0.000000,0.000000
composition/chained_fold,10164,0,416,0.026848541,15494,157484312,0.000000,0.000000
composition/chained_fold,10164,1,416,0.026774625,15537,157919074,0.000000,0.000000
composition/chained_fold,10164,2,416,0.026840750,15499,157530024,0.000000,0.000000
composition/chained_fold,10164,3,416,0.026915000,15456,157095449,0.000000,0.000000
composition/chained_fold,10164,4,416,0.026835750,15502,157559375,0.000000,0.000000
composition/chained_fold,10164,5,416,0.026652500,15608,158642679,0.000000,0.000000
composition/chained_fold,10164,6,416,0.026447500,15729,159872351,0.000000,0.000000
compile/regex,0,0,4800,0.025000416,191997,0,86.000000,7488.000000
compile/regex,0,1,4896,0.025115250,194941,0,86.000000,7488.000000
compile/regex,0,2,4896,0.025162250,194577,0,86.000000,7488.000000
compile/regex,0,3,4864,0.025131459,193542,0,86.000000,7488.000000
compile/regex,0,4,4864,0.025030834,194320,0,86.000000,7488.000000
compile/regex,0,5,4896,0.025111208,194973,0,86.000000,7488.000000
compile/regex,0,6,4928,0.025152125,195928,0,86.000000,7488.000000
compile/regex_callback,0,0,8192,0.025050084,327025,0,83.000000,6062.000000
compile/regex_callback,0,1,8224,0.025074125,327988,0,83.000000,6062.000000
compile/regex_callback,0,2,8256,0.025081708,329164,0,83.000000,6062.000000
compile/regex_callback,0,3,8224,0.025054291,328247,0,83.000000,6062.000000
compile/regex_callback,0,4,8192,0.025018125,327443,0,83.000000,6062.000000
compile/regex_callback,0,5,8224,0.025042250,328405,0,83.000000,6062.000000
compile/regex_callback,0,6,8256,0.025066625,329362,0,83.000000,6062.000000
matcher/contains,100,0,95296,0.025003625,3811287,381128736,3.000000,144.000000
matcher/contains,100,1,95584,0.025005333,3822545,382254457,3.000000,144.000000
matcher/contains,100,2,96192,0.025005709,3846802,384680154,3.000000,144.000000
matcher/contains,100,3,96352,0.025007417,3852937,385293691,3.000000,144.000000
matcher/contains,100,4,96640,0.025004958,3864834,386483353,3.000000,144.000000
matcher/contains,100,5,95904,0.025004667,3835444,383544400,3.000000,144.000000
matcher/contains,100,6,96128,0.025005041,3844345,384434483,3.000000,144.000000
matcher/no_match,100,0,80640,0.025001875,3225358,322535810,3.000000,144.000000
matcher/no_match,100,1,80448,0.025002458,3217604,321760365,3.000000,144.000000
matcher/no_match,100,2,79968,0.025007167,3197803,319780325,3.000000,144.000000
matcher/no_match,100,3,80672,0.025007375,3225928,322592835,3.000000,144.000000
matcher/no_match,100,4,80864,0.025005833,3233805,323380549,3.000000,144.000000
matcher/no_match,100,5,81280,0.025009875,3249916,324991628,3.000000,144.000000
matcher/no_match,100,6,80896,0.025004208,3235295,323529544,3.000000,144.000000
matcher/literal_contains,100,0,64640,0.025000500,2585548,258554829,5.000000,158.000000
matcher/literal_contains,100,1,64928,0.025008333,2596255,259625462,5.000000,158.000000
matcher/literal_contains,100,2,65184,0.025010333,2606283,260628277,5.000000,158.000000
matcher/literal_contains,100,3,64896,0.025011833,2594612,259461192,5.000000,158.000000
matcher/literal_contains,100,4,65120,0.025007708,2603997,260399714,5.000000,158.000000
matcher/literal_contains,100,5,65120,0.025009708,2603789,260378890,5.000000,158.000000
matcher/literal_contains,100,6,64736,0.025003333,2589095,258909482,5.000000,158.000000
matcher/captures,100,0,27936,0.025004292,1117248,111724819,30.000000,1368.000000
matcher/captures,100,1,27936,0.025019500,1116569,111656908,30.000000,1368.000000
matcher/captures,100,2,28096,0.025015625,1123138,112313804,30.000000,1368.000000
matcher/captures,100,3,27968,0.025014625,1118066,111806593,30.000000,1368.000000
matcher/captures,100,4,27904,0.025019208,1115303,111530309,30.000000,1368.000000
matcher/captures,100,5,28032,0.025026333,1120100,112010018,30.000000,1368.000000
matcher/captures,100,6,27808,0.025019042,1111473,111147341,30.000000,1368.000000
matcher/replace,100,0,43808,0.025011750,1751497,175149680,12.000000,439.000000
matcher/replace,100,1,43520,0.025003916,1740527,174052736,12.000000,439.000000
matcher/replace,100,2,43840,0.025014250,1752601,175260102,12.000000,439.000000
matcher/replace,100,3,43776,0.025006041,1750617,175061698,12.000000,439.000000
matcher/replace,100,4,43936,0.025012458,1756565,175656467,12.000000,439.000000
matcher/replace,100,5,43936,0.025011625,1756623,175662317,12.000000,439.000000
matcher/replace,100,6,44000,0.025004166,1759707,175970676,12.000000,439.000000
matcher/replace_captures,100,0,34784,0.025013292,1390621,139062063,16.000000,781.000000
matcher/replace_captures,100,1,34720,0.025001959,1388691,138869118,16.000000,781.000000
matcher/replace_captures,100,2,34784,0.025020375,1390227,139022697,16.000000,781.000000
matcher/replace_captures,100,3,34816,0.025004875,1392368,139236849,16.000000,781.000000
matcher/replace_captures,100,4,34656,0.025018250,1385229,138522878,16.000000,781.000000
matcher/replace_captures,100,5,34976,0.025020167,1397912,139791233,16.000000,781.000000
matcher/replace_captures,100,6,35456,0.025001125,1418176,141817618,16.000000,781.000000
matcher/replace_callback,100,0,11904,0.025057708,475063,47506340,57.000000,2825.000000
matcher/replace_callback,100,1,12000,0.025032000,479386,47938639,57.000000,2825.000000
matcher/replace_callback,100,2,12000,0.025035584,479318,47931776,57.000000,2825.000000
matcher/replace_callback,100,3,11936,0.025012292,477205,47720537,57.000000,2825.000000
matcher/replace_callback,100,4,12032,0.025006084,481163,48116290,57.000000,2825.000000
matcher/replace_callback,100,5,12000,0.025013875,479734,47973375,57.000000,2825.000000
matcher/replace_callback,100,6,12032,0.025055708,480210,48020994,57.000000,2825.000000
matcher/split,100,0,25792,0.025017709,1030950,103094972,30.000000,1056.000000
matcher/split,100,1,26016,0.025019625,1039824,103982374,30.000000,1056.000000
matcher/split,100,2,26176,0.025013666,1046468,104646796,30.000000,1056.000000
matcher/split,100,3,26208,0.025026833,1047196,104719602,30.000000,1056.000000
matcher/split,100,4,26080,0.025023000,1042241,104224114,30.000000,1056.000000
matcher/split,100,5,26208,0.025011542,1047836,104783623,30.000000,1056.000000
matcher/split,100,6,25952,0.025006250,1037821,103782054,30.000000,1056.000000
matcher/closure,100,0,48928,0.025014333,1955999,195599859,10.000000,936.000000
matcher/closure,100,1,48832,0.025002334,1953098,195309766,10.000000,936.000000
matcher/closure,100,2,48960,0.025015042,1957222,195722238,10.000000,936.000000
matcher/closure,100,3,49248,0.025006041,1969444,196944410,10.000000,936.000000
matcher/closure,100,4,49216,0.025004834,1968259,196825942,10.000000,936.000000
matcher/closure,100,5,48384,0.025011875,1934441,193444114,10.000000,936.000000
matcher/closure,100,6,48480,0.025005583,1938767,193876703,10.000000,936.000000
matcher/next,100,0,21984,0.025007209,879107,87910650,30.000000,2120.000000
matcher/next,100,1,21920,0.025007000,876555,87655456,30.000000,2120.000000
matcher/next,100,2,21952,0.025002959,877976,87797608,30.000000,2120.000000
matcher/next,100,3,21920,0.025015917,876242,87624211,30.000000,2120.000000
matcher/next,100,4,22016,0.025029542,879601,87960059,30.000000,2120.000000
matcher/next,100,5,22016,0.025011625,880231,88023069,30.000000,2120.000000
matcher/next,100,6,22048,0.025030042,880861,88086149,30.000000,2120.000000
matcher/lookaround,100,0,38208,0.025009416,1527745,152774459,23.000000,944.000000
matcher/lookaround,100,1,38208,0.025017041,1527279,152727895,23.000000,944.000000
matcher/lookaround,100,2,38080,0.025009916,1522596,152259608,23.000000,944.000000
matcher/lookaround,100,3,38304,0.025000125,1532152,153215234,23.000000,944.000000
matcher/lookaround,100,4,38208,0.025016333,1527322,152732217,23.000000,944.000000
matcher/lookaround,100,5,38208,0.025002917,1528142,152814170,23.000000,944.000000
matcher/lookaround,100,6,38368,0.025007417,1534265,153426481,23.000000,944.000000
matcher/literal_replace,100,0,70016,0.025001750,2800444,280044397,5.000000,191.000000
matcher/literal_replace,100,1,70336,0.025002584,2813149,281314923,5.000000,191.000000
matcher/literal_replace,100,2,70848,0.025003500,2833523,283352331,5.000000,191.000000
matcher/literal_replace,100,3,70688,0.025005250,2826926,282692635,5.000000,191.000000
matcher/literal_replace,100,4,70720,0.025005750,2828150,282814953,5.000000,191.000000
matcher/literal_replace,100,5,71136,0.025007375,2844601,284460084,5.000000,191.000000
matcher/literal_replace,100,6,71040,0.025005291,2840999,284099873,5.000000,191.000000
rust/matcher_contains,100,0,237024,0.025001708,9480312,948031231,1.000000,40.000000
rust/matcher_contains,100,1,237408,0.025002916,9495212,949521248,1.000000,40.000000
rust/matcher_contains,100,2,239808,0.025002292,9591441,959144066,1.000000,40.000000
rust/matcher_contains,100,3,239808,0.025001750,9591649,959164858,1.000000,40.000000
rust/matcher_contains,100,4,239712,0.025002708,9587441,958744149,1.000000,40.000000
rust/matcher_contains,100,5,238656,0.025001416,9545699,954569933,1.000000,40.000000
rust/matcher_contains,100,6,238080,0.025002500,9522248,952224778,1.000000,40.000000
matcher/contains,500,0,36544,0.025009375,1461212,730606023,3.000000,144.000000
matcher/contains,500,1,36576,0.025014875,1462170,731085004,3.000000,144.000000
matcher/contains,500,2,36544,0.025001333,1461682,730841032,3.000000,144.000000
matcher/contains,500,3,36608,0.025001375,1464239,732119733,3.000000,144.000000
matcher/contains,500,4,36608,0.025016458,1463357,731678322,3.000000,144.000000
matcher/contains,500,5,36640,0.025005334,1465287,732643683,3.000000,144.000000
matcher/contains,500,6,36512,0.025012708,1459738,729868993,3.000000,144.000000
matcher/no_match,500,0,34240,0.025015792,1368735,684367699,3.000000,144.000000
matcher/no_match,500,1,34176,0.025013167,1366320,683160193,3.000000,144.000000
matcher/no_match,500,2,34336,0.025017417,1372484,686241909,3.000000,144.000000
matcher/no_match,500,3,34112,0.025017125,1363546,681772986,3.000000,144.000000
matcher/no_match,500,4,34176,0.025004459,1366796,683398109,3.000000,144.000000
matcher/no_match,500,5,34112,0.025001750,1364384,682192247,3.000000,144.000000
matcher/no_match,500,6,33984,0.025013000,1358654,679326750,3.000000,144.000000
matcher/literal_contains,500,0,31168,0.025010083,1246217,623108688,5.000000,158.000000
matcher/literal_contains,500,1,31136,0.025016875,1244600,622299948,5.000000,158.000000
matcher/literal_contains,500,2,31264,0.025009375,1250091,625045608,5.000000,158.000000
matcher/literal_contains,500,3,31296,0.025002791,1251700,625850130,5.000000,158.000000
matcher/literal_contains,500,4,31328,0.025020875,1252075,626037259,5.000000,158.000000
matcher/literal_contains,500,5,31296,0.025023875,1250646,625322817,5.000000,158.000000
matcher/literal_contains,500,6,31360,0.025017833,1253506,626752925,5.000000,158.000000
matcher/captures,500,0,18880,0.025022166,754531,377265501,30.000000,1368.000000
matcher/captures,500,1,18784,0.025028584,750502,375250953,30.000000,1368.000000
matcher/captures,500,2,18784,0.025004416,751227,375613652,30.000000,1368.000000
matcher/captures,500,3,18848,0.025025541,753151,376575276,30.000000,1368.000000
matcher/captures,500,4,18912,0.025022166,755810,377904934,30.000000,1368.000000
matcher/captures,500,5,18976,0.025009250,758759,379379630,30.000000,1368.000000
matcher/captures,500,6,18976,0.025022333,758363,379181270,30.000000,1368.000000
matcher/replace,500,0,25056,0.025020166,1001432,500716102,12.000000,439.000000
matcher/replace,500,1,25056,0.025020833,1001406,500702754,12.000000,439.000000
matcher/replace,500,2,25024,0.025015792,1000328,500164056,12.000000,439.000000
matcher/replace,500,3,24992,0.025009000,999320,499660122,12.000000,439.000000
matcher/replace,500,4,25024,0.025016167,1000313,500156559,12.000000,439.000000
matcher/replace,500,5,25024,0.025013834,1000406,500203208,12.000000,439.000000
matcher/replace,500,6,24896,0.025000375,995825,497912531,12.000000,439.000000
matcher/replace_captures,500,0,21952,0.025027250,877124,438561967,16.000000,781.000000
matcher/replace_captures,500,1,22080,0.025031166,882100,441050169,16.000000,781.000000
matcher/replace_captures,500,2,22048,0.025010084,881564,440782206,16.000000,781.000000
matcher/replace_captures,500,3,22016,0.025010500,880270,440135143,16.000000,781.000000
matcher/replace_captures,500,4,22112,0.025018416,883829,441914468,16.000000,781.000000
matcher/replace_captures,500,5,22048,0.025001375,881871,440935749,16.000000,781.000000
matcher/replace_captures,500,6,22144,0.025021959,884983,442491333,16.000000,781.000000
matcher/replace_callback,500,0,9952,0.025033625,397545,198772651,57.000000,2825.000000
matcher/replace_callback,500,1,9984,0.025078000,398118,199058936,57.000000,2825.000000
matcher/replace_callback,500,2,9984,0.025062833,398359,199179398,57.000000,2825.000000
matcher/replace_callback,500,3,9952,0.025000625,398070,199035024,57.000000,2825.000000
matcher/replace_callback,500,4,10048,0.025069791,400801,200400554,57.000000,2825.000000
matcher/replace_callback,500,5,10112,0.025034417,403924,201961963,57.000000,2825.000000
matcher/replace_callback,500,6,10016,0.025046542,399896,199947761,57.000000,2825.000000
matcher/split,500,0,18048,0.025014167,721511,360755567,30.000000,1056.000000
matcher/split,500,1,17888,0.025006291,715340,357669996,30.000000,1056.000000
matcher/split,500,2,17984,0.025028458,718542,359271035,30.000000,1056.000000
matcher/split,500,3,18016,0.025008583,720393,360196337,30.000000,1056.000000
matcher/split,500,4,17952,0.025008750,717829,358914380,30.000000,1056.000000
matcher/split,500,5,17952,0.025028208,717271,358635345,30.000000,1056.000000
matcher/split,500,6,18048,0.025026500,721156,360577788,30.000000,1056.000000
matcher/closure,500,0,27104,0.025018416,1083362,541680976,10.000000,936.000000
matcher/closure,500,1,26784,0.025010583,1070907,535453332,10.000000,936.000000
matcher/closure,500,2,26880,0.025023834,1074176,537087962,10.000000,936.000000
matcher/closure,500,3,26880,0.025019708,1074353,537176533,10.000000,936.000000
matcher/closure,500,4,26880,0.025017875,1074432,537215891,10.000000,936.000000
matcher/closure,500,5,26912,0.025015959,1075793,537896628,10.000000,936.000000
matcher/closure,500,6,26816,0.025027375,1071467,535733372,10.000000,936.000000
matcher/next,500,0,16160,0.025011500,646103,323051396,30.000000,2120.000000
matcher/next,500,1,16160,0.025015708,645994,322997054,30.000000,2120.000000
matcher/next,500,2,16192,0.025015875,647269,323634492,30.000000,2120.000000
matcher/next,500,3,16192,0.025039250,646665,323332368,30.000000,2120.000000
matcher/next,500,4,16192,0.025018125,647211,323605386,30.000000,2120.000000
matcher/next,500,5,16224,0.025014500,648584,324291911,30.000000,2120.000000
matcher/next,500,6,16320,0.025019375,652294,326147236,30.000000,2120.000000
matcher/lookaround,500,0,23232,0.025006875,929025,464512259,23.000000,944.000000
matcher/lookaround,500,1,23232,0.025006459,929040,464519987,23.000000,944.000000
matcher/lookaround,500,2,23136,0.025006833,925187,462593564,23.000000,944.000000
matcher/lookaround,500,3,23168,0.025009584,926365,463182434,23.000000,944.000000
matcher/lookaround,500,4,23168,0.025014042,926200,463099886,23.000000,944.000000
matcher/lookaround,500,5,23136,0.025000709,925414,462706878,23.000000,944.000000
matcher/lookaround,500,6,23072,0.025022833,922038,461018942,23.000000,944.000000
matcher/literal_replace,500,0,31968,0.025021375,1277628,638813814,5.000000,191.000000
matcher/literal_replace,500,1,31840,0.025020542,1272554,636277184,5.000000,191.000000
matcher/literal_replace,500,2,32032,0.025014625,1280531,640265445,5.000000,191.000000
matcher/literal_replace,500,3,32128,0.025010500,1284580,642290238,5.000000,191.000000
matcher/literal_replace,500,4,32096,0.025008583,1283399,641699692,5.000000,191.000000
matcher/literal_replace,500,5,31968,0.025019333,1277732,638865952,5.000000,191.000000
matcher/literal_replace,500,6,32000,0.025016000,1279181,639590662,5.000000,191.000000
rust/matcher_contains,500,0,77984,0.025008583,3118289,1559144714,1.000000,40.000000
rust/matcher_contains,500,1,77792,0.025009833,3110457,1555228298,1.000000,40.000000
rust/matcher_contains,500,2,78176,0.025005958,3126295,1563147471,1.000000,40.000000
rust/matcher_contains,500,3,78208,0.025000958,3128200,1564100064,1.000000,40.000000
rust/matcher_contains,500,4,78176,0.025007959,3126045,1563022396,1.000000,40.000000
rust/matcher_contains,500,5,77952,0.025003209,3117680,1558839907,1.000000,40.000000
rust/matcher_contains,500,6,78240,0.025007584,3128651,1564325446,1.000000,40.000000
matcher/contains,1024,0,20608,0.025024000,823529,843294118,3.000000,144.000000
matcher/contains,1024,1,20512,0.025021292,819782,839456572,3.000000,144.000000
matcher/contains,1024,2,20512,0.025028667,819540,839209216,3.000000,144.000000
matcher/contains,1024,3,20544,0.025013666,821311,841022503,3.000000,144.000000
matcher/contains,1024,4,20576,0.025002458,822959,842710105,3.000000,144.000000
matcher/contains,1024,5,20608,0.025018333,823716,843485135,3.000000,144.000000
matcher/contains,1024,6,20544,0.025025209,820932,840634578,3.000000,144.000000
matcher/no_match,1024,0,19712,0.025025375,787681,806584836,3.000000,144.000000
matcher/no_match,1024,1,19840,0.025037750,792403,811421154,3.000000,144.000000
matcher/no_match,1024,2,19840,0.025028250,792704,811729146,3.000000,144.000000
matcher/no_match,1024,3,19776,0.025026875,790191,809155118,3.000000,144.000000
matcher/no_match,1024,4,19776,0.025012500,790645,809620150,3.000000,144.000000
matcher/no_match,1024,5,19808,0.025000583,792302,811316760,3.000000,144.000000
matcher/no_match,1024,6,19776,0.025012541,790643,809618823,3.000000,144.000000
matcher/literal_contains,1024,0,18688,0.025007417,747298,765233451,5.000000,158.000000
matcher/literal_contains,1024,1,18688,0.025022625,746844,764768365,5.000000,158.000000
matcher/literal_contains,1024,2,18656,0.025036666,745147,763030669,5.000000,158.000000
matcher/literal_contains,1024,3,18656,0.025018250,745696,763592338,5.000000,158.000000
matcher/literal_contains,1024,4,18656,0.025036250,745160,763043347,5.000000,158.000000
matcher/literal_contains,1024,5,18656,0.025042292,744980,762859246,5.000000,158.000000
matcher/literal_contains,1024,6,18656,0.025002833,746155,764063176,5.000000,158.000000
matcher/captures,1024,0,13472,0.025013291,538594,551519910,30.000000,1368.000000
matcher/captures,1024,1,13440,0.025035875,536830,549713561,30.000000,1368.000000
matcher/captures,1024,2,13440,0.025050834,536509,549385302,30.000000,1368.000000
matcher/captures,1024,3,13472,0.025001209,538854,551786436,30.000000,1368.000000
matcher/captures,1024,4,13504,0.025036667,539369,552313772,30.000000,1368.000000
matcher/captures,1024,5,13536,0.025035250,540678,553653908,30.000000,1368.000000
matcher/captures,1024,6,13472,0.025013000,538600,551526326,30.000000,1368.000000
matcher/replace,1024,0,16384,0.025045458,654171,669870601,12.000000,439.000000
matcher/replace,1024,1,16320,0.025015750,652389,668046331,12.000000,439.000000
matcher/replace,1024,2,16352,0.025028875,653325,669005219,12.000000,439.000000
matcher/replace,1024,3,16384,0.025035208,654438,670144862,12.000000,439.000000
matcher/replace,1024,4,16352,0.025004375,653966,669660729,12.000000,439.000000
matcher/replace,1024,5,16352,0.025029583,653307,668986295,12.000000,439.000000
matcher/replace,1024,6,16384,0.025018375,654879,670595752,12.000000,439.000000
matcher/replace_captures,1024,0,15072,0.025026708,602237,616690297,16.000000,781.000000
matcher/replace_captures,1024,1,15104,0.025027042,603507,617991371,16.000000,781.000000
matcher/replace_captures,1024,2,15104,0.025049875,602957,617428071,16.000000,781.000000
matcher/replace_captures,1024,3,15136,0.025018625,604989,619509026,16.000000,781.000000
matcher/replace_captures,1024,4,15136,0.025036459,604558,619067736,16.000000,781.000000
matcher/replace_captures,1024,5,15136,0.025035167,604590,619099685,16.000000,781.000000
matcher/replace_captures,1024,6,15168,0.025022958,606163,620711268,16.000000,781.000000
matcher/replace_callback,1024,0,8352,0.025037208,333584,341589525,57.000000,2825.000000
matcher/replace_callback,1024,1,8192,0.025009375,327557,335418538,57.000000,2825.000000
matcher/replace_callback,1024,2,8256,0.025074500,329259,337161020,57.000000,2825.000000
matcher/replace_callback,1024,3,8288,0.025062333,330695,338632162,57.000000,2825.000000
matcher/replace_callback,1024,4,8288,0.025078500,330482,338413860,57.000000,2825.000000
matcher/replace_callback,1024,5,8288,0.025018166,331279,339229982,57.000000,2825.000000
matcher/replace_callback,1024,6,8256,0.025011584,330087,338009140,57.000000,2825.000000
matcher/split,1024,0,12992,0.025053125,518578,531023894,30.000000,1056.000000
matcher/split,1024,1,12960,0.025051875,517327,529742385,30.000000,1056.000000
matcher/split,1024,2,12960,0.025019042,518005,530437576,30.000000,1056.000000
matcher/split,1024,3,12928,0.025006084,516994,529402045,30.000000,1056.000000
matcher/split,1024,4,12992,0.025032667,519002,531457875,30.000000,1056.000000
matcher/split,1024,5,12960,0.025039667,517579,530000659,30.000000,1056.000000
matcher/split,1024,6,13024,0.025030583,520323,532811241,30.000000,1056.000000
matcher/closure,1024,0,16960,0.025040541,677302,693556900,10.000000,936.000000
matcher/closure,1024,1,17088,0.025025875,682813,699200807,10.000000,936.000000
matcher/closure,1024,2,16992,0.025022083,679080,695378079,10.000000,936.000000
matcher/closure,1024,3,17024,0.025022125,680358,696686472,10.000000,936.000000
matcher/closure,1024,4,17056,0.025039250,681171,697518656,10.000000,936.000000
matcher/closure,1024,5,17088,0.025006208,683350,699750718,10.000000,936.000000
matcher/closure,1024,6,17056,0.025031667,681377,697729959,10.000000,936.000000
matcher/next,1024,0,12032,0.025045959,480397,491926382,30.000000,2120.000000
matcher/next,1024,1,12032,0.025018042,480933,492475310,30.000000,2120.000000
matcher/next,1024,2,11968,0.025029750,478151,489626624,30.000000,2120.000000
matcher/next,1024,3,11904,0.025024834,475687,487103970,30.000000,2120.000000
matcher/next,1024,4,11904,0.025045000,475304,486711759,30.000000,2120.000000
matcher/next,1024,5,11968,0.025044583,477868,489336636,30.000000,2120.000000
matcher/next,1024,6,12000,0.025049375,479054,490551161,30.000000,2120.000000
matcher/lookaround,1024,0,15456,0.025045083,617127,631938173,23.000000,944.000000
matcher/lookaround,1024,1,15424,0.025006292,616805,631608077,23.000000,944.000000
matcher/lookaround,1024,2,15456,0.025021500,617709,632533781,23.000000,944.000000
matcher/lookaround,1024,3,15552,0.025044000,620987,635890752,23.000000,944.000000
matcher/lookaround,1024,4,15360,0.025007500,614216,628956913,23.000000,944.000000
matcher/lookaround,1024,5,15552,0.025009791,621836,636760539,23.000000,944.000000
matcher/lookaround,1024,6,15584,0.025025959,622713,637658521,23.000000,944.000000
matcher/literal_replace,1024,0,19040,0.025014833,761148,779415957,5.000000,191.000000
matcher/literal_replace,1024,1,19072,0.025004958,762729,781034225,5.000000,191.000000
matcher/literal_replace,1024,2,19040,0.025029417,760705,778961811,5.000000,191.000000
matcher/literal_replace,1024,3,19008,0.025035750,759234,777455918,5.000000,191.000000
matcher/literal_replace,1024,4,19040,0.025004083,761476,779751051,5.000000,191.000000
matcher/literal_replace,1024,5,19072,0.025040334,761651,779930811,5.000000,191.000000
matcher/literal_replace,1024,6,19104,0.025040542,762923,781232930,5.000000,191.000000
rust/matcher_contains,1024,0,41952,0.025013667,1677163,1717415044,1.000000,40.000000
rust/matcher_contains,1024,1,42176,0.025010792,1686312,1726783542,1.000000,40.000000
rust/matcher_contains,1024,2,42144,0.025000459,1685729,1726186547,1.000000,40.000000
rust/matcher_contains,1024,3,42240,0.025012458,1688758,1729288661,1.000000,40.000000
rust/matcher_contains,1024,4,42144,0.025017250,1684598,1725027971,1.000000,40.000000
rust/matcher_contains,1024,5,42336,0.025014208,1692478,1733097606,1.000000,40.000000
rust/matcher_contains,1024,6,42304,0.025003500,1691923,1732529286,1.000000,40.000000
matcher/contains,10240,0,2368,0.025029250,94609,968799305,3.000000,144.000000
matcher/contains,10240,1,2368,0.025009250,94685,969574058,3.000000,144.000000
matcher/contains,10240,2,2400,0.025315500,94804,970788647,3.000000,144.000000
matcher/contains,10240,3,2400,0.025353709,94661,969325632,3.000000,144.000000
matcher/contains,10240,4,2368,0.025013041,94671,969427108,3.000000,144.000000
matcher/contains,10240,5,2368,0.025122167,94259,965216098,3.000000,144.000000
matcher/contains,10240,6,2368,0.025025375,94624,968949316,3.000000,144.000000
matcher/no_match,10240,0,2368,0.025113584,94292,965545977,3.000000,144.000000
matcher/no_match,10240,1,2368,0.025115334,94285,965478699,3.000000,144.000000
matcher/no_match,10240,2,2368,0.025109291,94308,965711059,3.000000,144.000000
matcher/no_match,10240,3,2368,0.025128792,94235,964961626,3.000000,144.000000
matcher/no_match,10240,4,2368,0.025145916,94170,964304502,3.000000,144.000000
matcher/no_match,10240,5,2368,0.025131625,94224,964852850,3.000000,144.000000
matcher/no_match,10240,6,2368,0.025106791,94317,965807219,3.000000,144.000000
matcher/literal_contains,10240,0,2368,0.025279791,93672,959197803,5.000000,158.000000
matcher/literal_contains,10240,1,2368,0.025265791,93724,959729304,5.000000,158.000000
matcher/literal_contains,10240,2,2368,0.025330041,93486,957294937,5.000000,158.000000
matcher/literal_contains,10240,3,2368,0.025286083,93648,958959124,5.000000,158.000000
matcher/literal_contains,10240,4,2368,0.025293042,93623,958695281,5.000000,158.000000
matcher/literal_contains,10240,5,2368,0.025302208,93589,958347983,5.000000,158.000000
matcher/literal_contains,10240,6,2336,0.025016916,93377,956178611,5.000000,158.000000
matcher/captures,10240,0,2240,0.025088458,89284,914269024,30.000000,1368.000000
matcher/captures,10240,1,2240,0.025112542,89198,913392201,30.000000,1368.000000
matcher/captures,10240,2,2240,0.025121667,89166,913060427,30.000000,1368.000000
matcher/captures,10240,3,2240,0.025282125,88600,907265509,30.000000,1368.000000
matcher/captures,10240,4,2240,0.025070250,89349,914933038,30.000000,1368.000000
matcher/captures,10240,5,2240,0.025064875,89368,915129240,30.000000,1368.000000
matcher/captures,10240,6,2240,0.025120875,89169,913089214,30.000000,1368.000000
matcher/replace,10240,0,2304,0.025062083,91932,941380651,12.000000,439.000000
matcher/replace,10240,1,2304,0.025048125,91983,941905232,12.000000,439.000000
matcher/replace,10240,2,2304,0.025016459,92099,943097502,12.000000,439.000000
matcher/replace,10240,3,2304,0.025042500,92004,942116801,12.000000,439.000000
matcher/replace,10240,4,2304,0.025078583,91871,940761286,12.000000,439.000000
matcher/replace,10240,5,2304,0.025043542,92000,942077602,12.000000,439.000000
matcher/replace,10240,6,2304,0.025020375,92085,942949896,12.000000,439.000000
matcher/replace_captures,10240,0,2304,0.025346334,90901,930823369,16.000000,781.000000
matcher/replace_captures,10240,1,2272,0.025042792,90725,929021013,16.000000,781.000000
matcher/replace_captures,10240,2,2304,0.025305667,91047,932319231,16.000000,781.000000
matcher/replace_captures,10240,3,2304,0.025321833,90989,931724019,16.000000,781.000000
matcher/replace_captures,10240,4,2304,0.025306208,91045,932299300,16.000000,781.000000
matcher/replace_captures,10240,5,2304,0.025258958,91215,934043281,16.000000,781.000000
matcher/replace_captures,10240,6,2304,0.025251416,91242,934322257,16.000000,781.000000
matcher/replace_callback,10240,0,2048,0.025287334,80989,829329023,57.000000,2825.000000
matcher/replace_callback,10240,1,2048,0.025363417,80746,826841273,57.000000,2825.000000
matcher/replace_callback,10240,2,2048,0.025370625,80723,826606361,57.000000,2825.000000
matcher/replace_callback,10240,3,2048,0.025362875,80748,826858942,57.000000,2825.000000
matcher/replace_callback,10240,4,2048,0.025377042,80703,826397340,57.000000,2825.000000
matcher/replace_callback,10240,5,2048,0.025388208,80667,826033882,57.000000,2825.000000
matcher/replace_callback,10240,6,2016,0.025018625,80580,825138872,57.000000,2825.000000
matcher/split,10240,0,2240,0.025216084,88832,909641640,30.000000,1056.000000
matcher/split,10240,1,2240,0.025229875,88784,909144417,30.000000,1056.000000
matcher/split,10240,2,2240,0.025269500,88644,907718791,30.000000,1056.000000
matcher/split,10240,3,2240,0.025237417,88757,908872727,30.000000,1056.000000
matcher/split,10240,4,2240,0.025197667,88897,910306498,30.000000,1056.000000
matcher/split,10240,5,2240,0.025199291,88891,910247832,30.000000,1056.000000
matcher/split,10240,6,2240,0.025252167,88705,908341846,30.000000,1056.000000
matcher/closure,10240,0,2336,0.025208042,92669,948928917,10.000000,936.000000
matcher/closure,10240,1,2336,0.025198209,92705,949299214,10.000000,936.000000
matcher/closure,10240,2,2336,0.025261125,92474,946934865,10.000000,936.000000
matcher/closure,10240,3,2336,0.025232500,92579,948009115,10.000000,936.000000
matcher/closure,10240,4,2336,0.025209583,92663,948870912,10.000000,936.000000
matcher/closure,10240,5,2336,0.025217791,92633,948562069,10.000000,936.000000
matcher/closure,10240,6,2336,0.025269833,92442,946608551,10.000000,936.000000
matcher/next,10240,0,2208,0.025215375,87566,896671971,30.000000,2120.000000
matcher/next,10240,1,2208,0.025204750,87603,897049961,30.000000,2120.000000
matcher/next,10240,2,2208,0.025202209,87611,897140405,30.000000,2120.000000
matcher/next,10240,3,2208,0.025280750,87339,894353213,30.000000,2120.000000
matcher/next,10240,4,2208,0.025348542,87106,891961360,30.000000,2120.000000
matcher/next,10240,5,2208,0.025174666,87707,898121945,30.000000,2120.000000
matcher/next,10240,6,2208,0.025176167,87702,898068399,30.000000,2120.000000
matcher/lookaround,10240,0,2304,0.025233375,91308,934990266,23.000000,944.000000
matcher/lookaround,10240,1,2304,0.025235209,91301,934922314,23.000000,944.000000
matcher/lookaround,10240,2,2304,0.025222750,91346,935384127,23.000000,944.000000
matcher/lookaround,10240,3,2304,0.025227000,91331,935226543,23.000000,944.000000
matcher/lookaround,10240,4,2304,0.025297584,91076,932617123,23.000000,944.000000
matcher/lookaround,10240,5,2304,0.025255042,91229,934188112,23.000000,944.000000
matcher/lookaround,10240,6,2304,0.025261542,91206,933947738,23.000000,944.000000
matcher/literal_replace,10240,0,2368,0.025219833,93894,961478214,5.000000,191.000000
matcher/literal_replace,10240,1,2368,0.025290334,93633,958797934,5.000000,191.000000
matcher/literal_replace,10240,2,2368,0.025221417,93888,961417830,5.000000,191.000000
matcher/literal_replace,10240,3,2368,0.025196542,93981,962366979,5.000000,191.000000
matcher/literal_replace,10240,4,2368,0.025228625,93862,961143146,5.000000,191.000000
matcher/literal_replace,10240,5,2368,0.025255875,93760,960106114,5.000000,191.000000
matcher/literal_replace,10240,6,2368,0.025213209,93919,961730813,5.000000,191.000000
rust/matcher_contains,10240,0,4704,0.025169042,186896,1913817777,1.000000,40.000000
rust/matcher_contains,10240,1,4672,0.025051583,186495,1909710855,1.000000,40.000000
rust/matcher_contains,10240,2,4672,0.025049292,186512,1909885517,1.000000,40.000000
rust/matcher_contains,10240,3,4704,0.025131875,187173,1916648081,1.000000,40.000000
rust/matcher_contains,10240,4,4704,0.025095417,187445,1919432540,1.000000,40.000000
rust/matcher_contains,10240,5,4672,0.025018750,186740,1912217037,1.000000,40.000000
rust/matcher_contains,10240,6,4672,0.025121209,185978,1904417896,1.000000,40.000000
matcher/contains,1048576,0,32,0.033990084,941,987182968,3.000000,144.000000
matcher/contains,1048576,1,32,0.033942833,943,988557201,3.000000,144.000000
matcher/contains,1048576,2,32,0.033904959,944,989661483,3.000000,144.000000
matcher/contains,1048576,3,32,0.033949334,943,988367901,3.000000,144.000000
matcher/contains,1048576,4,32,0.033972417,942,987696342,3.000000,144.000000
matcher/contains,1048576,5,32,0.033945625,943,988475893,3.000000,144.000000
matcher/contains,1048576,6,32,0.033887167,944,990181091,3.000000,144.000000
matcher/no_match,1048576,0,32,0.033984584,942,987342732,3.000000,144.000000
matcher/no_match,1048576,1,32,0.033961250,942,988021112,3.000000,144.000000
matcher/no_match,1048576,2,32,0.033914875,944,989372127,3.000000,144.000000
matcher/no_match,1048576,3,32,0.034086250,939,984397873,3.000000,144.000000
matcher/no_match,1048576,4,32,0.033939667,943,988649417,3.000000,144.000000
matcher/no_match,1048576,5,32,0.033880417,944,990378365,3.000000,144.000000
matcher/no_match,1048576,6,32,0.033990417,941,987173297,3.000000,144.000000
matcher/literal_contains,1048576,0,32,0.033962959,942,987971396,5.000000,158.000000
matcher/literal_contains,1048576,1,32,0.033911125,944,989481534,5.000000,158.000000
matcher/literal_contains,1048576,2,32,0.033889916,944,990100772,5.000000,158.000000
matcher/literal_contains,1048576,3,32,0.033987208,942,987266503,5.000000,158.000000
matcher/literal_contains,1048576,4,32,0.033929959,943,988932288,5.000000,158.000000
matcher/literal_contains,1048576,5,32,0.033964042,942,987939892,5.000000,158.000000
matcher/literal_contains,1048576,6,32,0.033984208,942,987353656,5.000000,158.000000
matcher/captures,1048576,0,32,0.033916375,943,989328370,30.000000,1368.000000
matcher/captures,1048576,1,32,0.033943625,943,988534136,30.000000,1368.000000
matcher/captures,1048576,2,32,0.034085708,939,984413526,30.000000,1368.000000
matcher/captures,1048576,3,32,0.034015375,941,986448981,30.000000,1368.000000
matcher/captures,1048576,4,32,0.033944708,943,988502597,30.000000,1368.000000
matcher/captures,1048576,5,32,0.033956500,942,988159321,30.000000,1368.000000
matcher/captures,1048576,6,32,0.034023584,941,986210976,30.000000,1368.000000
matcher/replace,1048576,0,32,0.033975292,942,987612763,12.000000,439.000000
matcher/replace,1048576,1,32,0.033944292,943,988514711,12.000000,439.000000
matcher/replace,1048576,2,32,0.033903833,944,989694351,12.000000,439.000000
matcher/replace,1048576,3,32,0.034012542,941,986531145,12.000000,439.000000
matcher/replace,1048576,4,32,0.033921791,943,989170413,12.000000,439.000000
matcher/replace,1048576,5,32,0.033948000,943,988406740,12.000000,439.000000
matcher/replace,1048576,6,32,0.034000959,941,986867223,12.000000,439.000000
matcher/replace_captures,1048576,0,32,0.033998625,941,986934972,16.000000,781.000000
matcher/replace_captures,1048576,1,32,0.033908167,944,989567852,16.000000,781.000000
matcher/replace_captures,1048576,2,32,0.033955625,942,988184785,16.000000,781.000000
matcher/replace_captures,1048576,3,32,0.033985750,942,987308857,16.000000,781.000000
matcher/replace_captures,1048576,4,32,0.033934208,943,988808461,16.000000,781.000000
matcher/replace_captures,1048576,5,32,0.033937458,943,988713769,16.000000,781.000000
matcher/replace_captures,1048576,6,32,0.033923167,943,989130290,16.000000,781.000000
matcher/replace_callback,1048576,0,32,0.033970250,942,987759348,57.000000,2825.000000
matcher/replace_callback,1048576,1,32,0.033979500,942,987490457,57.000000,2825.000000
matcher/replace_callback,1048576,2,32,0.034035917,940,985853620,57.000000,2825.000000
matcher/replace_callback,1048576,3,32,0.033978584,942,987517078,57.000000,2825.000000
matcher/replace_callback,1048576,4,32,0.033965209,942,987905948,57.000000,2825.000000
matcher/replace_callback,1048576,5,32,0.034193750,936,981303074,57.000000,2825.000000
matcher/replace_callback,1048576,6,32,0.033936750,943,988734396,57.000000,2825.000000
matcher/split,1048576,0,32,0.033935958,943,988757471,30.000000,1056.000000
matcher/split,1048576,1,32,0.033926917,943,989020959,30.000000,1056.000000
matcher/split,1048576,2,32,0.034018250,941,986365613,30.000000,1056.000000
matcher/split,1048576,3,32,0.033931417,943,988889795,30.000000,1056.000000
matcher/split,1048576,4,32,0.033944792,943,988500150,30.000000,1056.000000
matcher/split,1048576,5,32,0.034021208,941,986279852,30.000000,1056.000000
matcher/split,1048576,6,32,0.033925417,943,989064689,30.000000,1056.000000
matcher/closure,1048576,0,32,0.033932000,943,988872804,10.000000,936.000000
matcher/closure,1048576,1,32,0.033942292,943,988572958,10.000000,936.000000
matcher/closure,1048576,2,32,0.034041792,940,985683480,10.000000,936.000000
matcher/closure,1048576,3,32,0.033941000,943,988610589,10.000000,936.000000
matcher/closure,1048576,4,32,0.034088542,939,984331685,10.000000,936.000000
matcher/closure,1048576,5,32,0.033991375,941,987145474,10.000000,936.000000
matcher/closure,1048576,6,32,0.033740875,948,994474269,10.000000,936.000000
matcher/next,1048576,0,32,0.033932292,943,988864295,30.000000,2120.000000
matcher/next,1048576,1,32,0.033966042,942,987881720,30.000000,2120.000000
matcher/next,1048576,2,32,0.033874167,945,990561096,30.000000,2120.000000
matcher/next,1048576,3,32,0.033953791,942,988238162,30.000000,2120.000000
matcher/next,1048576,4,32,0.033944458,943,988509877,30.000000,2120.000000
matcher/next,1048576,5,32,0.033955292,942,988194476,30.000000,2120.000000
matcher/next,1048576,6,32,0.033973875,942,987653955,30.000000,2120.000000
matcher/lookaround,1048576,0,32,0.033966958,942,987855080,23.000000,944.000000
matcher/lookaround,1048576,1,32,0.034114542,938,983581489,23.000000,944.000000
matcher/lookaround,1048576,2,32,0.033810917,946,992414137,23.000000,944.000000
matcher/lookaround,1048576,3,32,0.033920792,943,989199545,23.000000,944.000000
matcher/lookaround,1048576,4,32,0.033955834,942,988178703,23.000000,944.000000
matcher/lookaround,1048576,5,32,0.034017750,941,986380110,23.000000,944.000000
matcher/lookaround,1048576,6,32,0.033858250,945,991026766,23.000000,944.000000
matcher/literal_replace,1048576,0,32,0.033957709,942,988124140,5.000000,191.000000
matcher/literal_replace,1048576,1,32,0.033892000,944,990039891,5.000000,191.000000
matcher/literal_replace,1048576,2,32,0.033938875,943,988672488,5.000000,191.000000
matcher/literal_replace,1048576,3,32,0.033875958,945,990508726,5.000000,191.000000
matcher/literal_replace,1048576,4,32,0.034000125,941,986891431,5.000000,191.000000
matcher/literal_replace,1048576,5,32,0.033923750,943,989113291,5.000000,191.000000
matcher/literal_replace,1048576,6,32,0.033911583,944,989468171,5.000000,191.000000
rust/matcher_contains,1048576,0,64,0.034488250,1856,1945847180,1.000000,40.000000
rust/matcher_contains,1048576,1,64,0.034519167,1854,1944104387,1.000000,40.000000
rust/matcher_contains,1048576,2,64,0.034537042,1853,1943098196,1.000000,40.000000
rust/matcher_contains,1048576,3,64,0.034490333,1856,1945729663,1.000000,40.000000
rust/matcher_contains,1048576,4,64,0.034452166,1858,1947885192,1.000000,40.000000
rust/matcher_contains,1048576,5,64,0.034507458,1855,1944764057,1.000000,40.000000
rust/matcher_contains,1048576,6,64,0.034536792,1853,1943112261,1.000000,40.000000
matcher/long_contains,149,0,37376,0.025013416,1494238,222641482,4.000000,304.000000
matcher/long_contains,149,1,37216,0.025004125,1488394,221770768,4.000000,304.000000
matcher/long_contains,149,2,37312,0.025003166,1492291,222351361,4.000000,304.000000
matcher/long_contains,149,3,37408,0.025017083,1495298,222799437,4.000000,304.000000
matcher/long_contains,149,4,37184,0.025001625,1487263,221602236,4.000000,304.000000
matcher/long_contains,149,5,36992,0.025016834,1478684,220323963,4.000000,304.000000
matcher/long_contains,149,6,36928,0.025016292,1476158,219947545,4.000000,304.000000
matcher/long_no_match,149,0,38912,0.025010583,1555821,231817387,3.000000,144.000000
matcher/long_no_match,149,1,38880,0.025004708,1554907,231681170,3.000000,144.000000
matcher/long_no_match,149,2,38944,0.025019167,1556567,231928425,3.000000,144.000000
matcher/long_no_match,149,3,38976,0.025012209,1558279,232183571,3.000000,144.000000
matcher/long_no_match,149,4,38944,0.025005834,1557397,232052088,3.000000,144.000000
matcher/long_no_match,149,5,39008,0.025014000,1559447,232357560,3.000000,144.000000
matcher/long_no_match,149,6,38880,0.025005125,1554881,231677306,3.000000,144.000000
matcher/long_replace,149,0,23488,0.025019917,938772,139877043,12.000000,1439.000000
matcher/long_replace,149,1,23552,0.025021500,941271,140249306,12.000000,1439.000000
matcher/long_replace,149,2,23712,0.025022416,947630,141196917,12.000000,1439.000000
matcher/long_replace,149,3,23712,0.025011625,948039,141257835,12.000000,1439.000000
matcher/long_replace,149,4,23712,0.025021500,947665,141202086,12.000000,1439.000000
matcher/long_replace,149,5,23744,0.025015417,949175,141427025,12.000000,1439.000000
matcher/long_replace,149,6,23808,0.025015541,951728,141807527,12.000000,1439.000000
matcher/repeated_replace,171,0,5984,0.025101125,238396,40765663,142.000000,9210.000000
matcher/repeated_replace,171,1,6112,0.025076625,243733,41678336,142.000000,9210.000000
matcher/repeated_replace,171,2,6080,0.025130834,241934,41370692,142.000000,9210.000000
matcher/repeated_replace,171,3,5952,0.025083583,237287,40576021,142.000000,9210.000000
matcher/repeated_replace,171,4,6048,0.025053792,241401,41279500,142.000000,9210.000000
matcher/repeated_replace,171,5,6048,0.025015083,241774,41343377,142.000000,9210.000000
matcher/repeated_replace,171,6,6112,0.025069667,243801,41689904,142.000000,9210.000000
matcher/limited_captures,171,0,15904,0.025016625,635737,108711067,60.000000,2728.000000
matcher/limited_captures,171,1,15968,0.025042750,637630,109034671,60.000000,2728.000000
matcher/limited_captures,171,2,16064,0.025027042,641866,109759036,60.000000,2728.000000
matcher/limited_captures,171,3,16096,0.025019458,643339,110011016,60.000000,2728.000000
matcher/limited_captures,171,4,16160,0.025044917,645241,110336161,60.000000,2728.000000
matcher/limited_captures,171,5,16064,0.025023709,641951,109773655,60.000000,2728.000000
matcher/limited_captures,171,6,15872,0.025008375,634667,108528123,60.000000,2728.000000
matcher/long_contains,4117,0,1824,0.025290583,72122,296925065,4.000000,304.000000
matcher/long_contains,4117,1,1824,0.025456625,71651,294988358,4.000000,304.000000
matcher/long_contains,4117,2,1824,0.025354875,71939,296172156,4.000000,304.000000
matcher/long_contains,4117,3,1824,0.025288084,72129,296954407,4.000000,304.000000
matcher/long_contains,4117,4,1824,0.025261333,72205,297268873,4.000000,304.000000
matcher/long_contains,4117,5,1824,0.025284750,72138,296993563,4.000000,304.000000
matcher/long_contains,4117,6,1824,0.025402750,71803,295613979,4.000000,304.000000
matcher/long_no_match,4117,0,1824,0.025221208,72320,297741805,3.000000,144.000000
matcher/long_no_match,4117,1,1824,0.025228375,72300,297657221,3.000000,144.000000
matcher/long_no_match,4117,2,1824,0.025206042,72364,297920951,3.000000,144.000000
matcher/long_no_match,4117,3,1824,0.025232042,72289,297613962,3.000000,144.000000
matcher/long_no_match,4117,4,1824,0.025252791,72230,297369427,3.000000,144.000000
matcher/long_no_match,4117,5,1824,0.025222375,72317,297728029,3.000000,144.000000
matcher/long_no_match,4117,6,1824,0.025189417,72411,298117579,3.000000,144.000000
matcher/long_replace,4117,0,1312,0.025503083,51445,211798079,12.000000,33183.000000
matcher/long_replace,4117,1,1312,0.025506917,51437,211766244,12.000000,33183.000000
matcher/long_replace,4117,2,1312,0.025510917,51429,211733040,12.000000,33183.000000
matcher/long_replace,4117,3,1312,0.025513167,51424,211714367,12.000000,33183.000000
matcher/long_replace,4117,4,1312,0.025533458,51384,211546121,12.000000,33183.000000
matcher/long_replace,4117,5,1312,0.025537459,51376,211512978,12.000000,33183.000000
matcher/long_replace,4117,6,1312,0.025523833,51403,211625895,12.000000,33183.000000
matcher/repeated_replace,5131,0,224,0.025685084,8721,44747527,4115.000000,288954.000000
matcher/repeated_replace,5131,1,224,0.025766375,8694,44606352,4115.000000,288954.000000
matcher/repeated_replace,5131,2,224,0.025538041,8771,45005175,4115.000000,288954.000000
matcher/repeated_replace,5131,3,224,0.025428792,8809,45198529,4115.000000,288954.000000
matcher/repeated_replace,5131,4,224,0.025382917,8825,45280217,4115.000000,288954.000000
matcher/repeated_replace,5131,5,224,0.025187292,8893,45631900,4115.000000,288954.000000
matcher/repeated_replace,5131,6,224,0.025186583,8894,45633185,4115.000000,288954.000000
matcher/limited_captures,5131,0,3616,0.025065625,144261,740204802,60.000000,2728.000000
matcher/limited_captures,5131,1,3616,0.025049834,144352,740671415,60.000000,2728.000000
matcher/limited_captures,5131,2,3648,0.025198750,144769,742810179,60.000000,2728.000000
matcher/limited_captures,5131,3,3648,0.025199167,144767,742797887,60.000000,2728.000000
matcher/limited_captures,5131,4,3648,0.025177958,144889,743423593,60.000000,2728.000000
matcher/limited_captures,5131,5,3648,0.025192042,144808,743007971,60.000000,2728.000000
matcher/limited_captures,5131,6,3648,0.025195333,144789,742910919,60.000000,2728.000000
matcher/long_contains,65557,0,128,0.027806000,4603,301780047,4.000000,304.000000
matcher/long_contains,65557,1,128,0.027886792,4590,300905748,4.000000,304.000000
matcher/long_contains,65557,2,128,0.027880125,4591,300977704,4.000000,304.000000
matcher/long_contains,65557,3,128,0.027873917,4592,301044737,4.000000,304.000000
matcher/long_contains,65557,4,128,0.027892708,4589,300841926,4.000000,304.000000
matcher/long_contains,65557,5,128,0.028038958,4565,299272748,4.000000,304.000000
matcher/long_contains,65557,6,128,0.027858416,4595,301212244,4.000000,304.000000
matcher/long_no_match,65557,0,128,0.027852125,4596,301280279,3.000000,144.000000
matcher/long_no_match,65557,1,128,0.027899333,4588,300770488,3.000000,144.000000
matcher/long_no_match,65557,2,128,0.027830541,4599,301513938,3.000000,144.000000
matcher/long_no_match,65557,3,128,0.027855958,4595,301238823,3.000000,144.000000
matcher/long_no_match,65557,4,128,0.027861083,4594,301183411,3.000000,144.000000
matcher/long_no_match,65557,5,128,0.027878708,4591,300993002,3.000000,144.000000
matcher/long_no_match,65557,6,128,0.027838750,4598,301425028,3.000000,144.000000
matcher/long_replace,65557,0,96,0.029021167,3308,216857992,12.000000,524703.000000
matcher/long_replace,65557,1,96,0.028997959,3311,217031550,12.000000,524703.000000
matcher/long_replace,65557,2,96,0.028974500,3313,217207268,12.000000,524703.000000
matcher/long_replace,65557,3,96,0.029049458,3305,216646796,12.000000,524703.000000
matcher/long_replace,65557,4,96,0.029045458,3305,216676632,12.000000,524703.000000
matcher/long_replace,65557,5,96,0.029015292,3309,216901901,12.000000,524703.000000
matcher/long_replace,65557,6,96,0.028947458,3316,217410178,12.000000,524703.000000
matcher/repeated_replace,81931,0,32,0.056970542,562,46020134,65559.000000,4620474.000000
matcher/repeated_replace,81931,1,32,0.056475417,567,46423597,65559.000000,4620474.000000
matcher/repeated_replace,81931,2,32,0.056420542,567,46468749,65559.000000,4620474.000000
matcher/repeated_replace,81931,3,32,0.056121333,570,46716495,65559.000000,4620474.000000
matcher/repeated_replace,81931,4,32,0.056603542,565,46318515,65559.000000,4620474.000000
matcher/repeated_replace,81931,5,32,0.057592708,556,45522985,65559.000000,4620474.000000
matcher/repeated_replace,81931,6,32,0.057113083,560,45905279,65559.000000,4620474.000000
matcher/limited_captures,81931,0,288,0.025763958,11178,915858037,60.000000,2728.000000
matcher/limited_captures,81931,1,288,0.025709125,11202,917811400,60.000000,2728.000000
matcher/limited_captures,81931,2,288,0.025723084,11196,917313336,60.000000,2728.000000
matcher/limited_captures,81931,3,288,0.025756875,11181,916109893,60.000000,2728.000000
matcher/limited_captures,81931,4,288,0.025928459,11107,910047450,60.000000,2728.000000
matcher/limited_captures,81931,5,288,0.025725166,11195,917239096,60.000000,2728.000000
matcher/limited_captures,81931,6,288,0.025726541,11195,917190072,60.000000,2728.000000
matcher/unicode_contains,139,0,40320,0.025002375,1612647,224157905,7.000000,628.000000
matcher/unicode_contains,139,1,40384,0.025001208,1615282,224524191,7.000000,628.000000
matcher/unicode_contains,139,2,40416,0.025014958,1615673,224578590,7.000000,628.000000
matcher/unicode_contains,139,3,40320,0.025002666,1612628,224155296,7.000000,628.000000
matcher/unicode_contains,139,4,40384,0.025017500,1614230,224377975,7.000000,628.000000
matcher/unicode_contains,139,5,40352,0.025018916,1612860,224187491,7.000000,628.000000
matcher/unicode_contains,139,6,40448,0.025007459,1617437,224823802,7.000000,628.000000
matcher/unicode_replace,139,0,24224,0.025013750,968427,134611404,17.000000,1330.000000
matcher/unicode_replace,139,1,24352,0.025002667,973976,135382677,17.000000,1330.000000
matcher/unicode_replace,139,2,24384,0.025001125,975316,135568939,17.000000,1330.000000
matcher/unicode_replace,139,3,24416,0.025025333,975651,135615538,17.000000,1330.000000
matcher/unicode_replace,139,4,24352,0.025029250,972942,135238890,17.000000,1330.000000
matcher/unicode_replace,139,5,24416,0.025030208,975461,135589125,17.000000,1330.000000
matcher/unicode_replace,139,6,24448,0.025030709,976720,135764113,17.000000,1330.000000
matcher/unicode_captures,139,0,17632,0.025007625,705065,98004029,42.000000,2202.000000
matcher/unicode_captures,139,1,17632,0.025035834,704271,97893603,42.000000,2202.000000
matcher/unicode_captures,139,2,17632,0.025017417,704789,97965669,42.000000,2202.000000
matcher/unicode_captures,139,3,17824,0.025013166,712585,99049277,42.000000,2202.000000
matcher/unicode_captures,139,4,17824,0.025028708,712142,98987770,42.000000,2202.000000
matcher/unicode_captures,139,5,17824,0.025028209,712156,98989744,42.000000,2202.000000
matcher/unicode_captures,139,6,17632,0.025017500,704787,97965344,42.000000,2202.000000
matcher/unicode_zero_limit,139,0,73152,0.025010083,2924900,406561146,2.000000,104.000000
matcher/unicode_zero_limit,139,1,73472,0.025008458,2937886,408366162,2.000000,104.000000
matcher/unicode_zero_limit,139,2,73728,0.025005708,2948447,409834107,2.000000,104.000000
matcher/unicode_zero_limit,139,3,73664,0.025007709,2945652,409445583,2.000000,104.000000
matcher/unicode_zero_limit,139,4,73664,0.025001875,2946339,409541124,2.000000,104.000000
matcher/unicode_zero_limit,139,5,73920,0.025008625,2955780,410853456,2.000000,104.000000
matcher/unicode_zero_limit,139,6,74432,0.025001417,2977111,413818465,2.000000,104.000000
matcher/unicode_contains,2059,0,4544,0.025147833,180692,372043826,7.000000,7508.000000
matcher/unicode_contains,2059,1,4544,0.025160750,180599,371852826,7.000000,7508.000000
matcher/unicode_contains,2059,2,4480,0.025027375,179004,368569217,7.000000,7508.000000
matcher/unicode_contains,2059,3,4448,0.025090208,177280,365020170,7.000000,7508.000000
matcher/unicode_contains,2059,4,4480,0.025009958,179129,368825889,7.000000,7508.000000
matcher/unicode_contains,2059,5,4544,0.025118417,180903,372479524,7.000000,7508.000000
matcher/unicode_contains,2059,6,4544,0.025057125,181346,373390642,7.000000,7508.000000
matcher/unicode_replace,2059,0,3328,0.025139125,132383,272577188,17.000000,16130.000000
matcher/unicode_replace,2059,1,3360,0.025113666,133792,275477105,17.000000,16130.000000
matcher/unicode_replace,2059,2,3328,0.025001667,133111,274075805,17.000000,16130.000000
matcher/unicode_replace,2059,3,3232,0.025093209,128800,265198764,17.000000,16130.000000
matcher/unicode_replace,2059,4,3264,0.025051917,130289,268265937,17.000000,16130.000000
matcher/unicode_replace,2059,5,3264,0.025067041,130211,268104081,17.000000,16130.000000
matcher/unicode_replace,2059,6,3264,0.025121000,129931,267528203,17.000000,16130.000000
matcher/unicode_captures,2059,0,3936,0.025184667,156286,321791986,42.000000,9082.000000
matcher/unicode_captures,2059,1,3840,0.025056541,153253,315548742,42.000000,9082.000000
matcher/unicode_captures,2059,2,3904,0.025093083,155581,320340709,42.000000,9082.000000
matcher/unicode_captures,2059,3,3904,0.025104208,155512,320198749,42.000000,9082.000000
matcher/unicode_captures,2059,4,3936,0.025134958,156595,322428388,42.000000,9082.000000
matcher/unicode_captures,2059,5,3936,0.025190000,156252,321723859,42.000000,9082.000000
matcher/unicode_captures,2059,6,3904,0.025017250,156052,321311735,42.000000,9082.000000
matcher/unicode_zero_limit,2059,0,8032,0.025070583,320375,659653108,2.000000,104.000000
matcher/unicode_zero_limit,2059,1,8000,0.025029083,319628,658114402,2.000000,104.000000
matcher/unicode_zero_limit,2059,2,8032,0.025085708,320182,659255382,2.000000,104.000000
matcher/unicode_zero_limit,2059,3,8000,0.025006000,319923,658721907,2.000000,104.000000
matcher/unicode_zero_limit,2059,4,8000,0.025008042,319897,658668120,2.000000,104.000000
matcher/unicode_zero_limit,2059,5,8000,0.025012291,319843,658556227,2.000000,104.000000
matcher/unicode_zero_limit,2059,6,8032,0.025091667,320106,659098816,2.000000,104.000000
matcher/unicode_contains,32779,0,320,0.027242084,11747,385039559,7.000000,117588.000000
matcher/unicode_contains,32779,1,320,0.027410625,11674,382672048,7.000000,117588.000000
matcher/unicode_contains,32779,2,320,0.026924125,11885,389586663,7.000000,117588.000000
matcher/unicode_contains,32779,3,320,0.026771458,11953,391808321,7.000000,117588.000000
matcher/unicode_contains,32779,4,320,0.027484875,11643,381638265,7.000000,117588.000000
matcher/unicode_contains,32779,5,320,0.026880209,11905,390223156,7.000000,117588.000000
matcher/unicode_contains,32779,6,320,0.027093875,11811,387145803,7.000000,117588.000000
matcher/unicode_replace,32779,0,224,0.025504167,8783,287893974,17.000000,252930.000000
matcher/unicode_replace,32779,1,224,0.025332083,8843,289849674,17.000000,252930.000000
matcher/unicode_replace,32779,2,224,0.025027167,8950,293381029,17.000000,252930.000000
matcher/unicode_replace,32779,3,224,0.025088000,8929,292669643,17.000000,252930.000000
matcher/unicode_replace,32779,4,224,0.025275541,8862,290498075,17.000000,252930.000000
matcher/unicode_replace,32779,5,224,0.025233958,8877,290976786,17.000000,252930.000000
matcher/unicode_replace,32779,6,224,0.025041042,8945,293218469,17.000000,252930.000000
matcher/unicode_captures,32779,0,320,0.027020459,11843,388197699,42.000000,119162.000000
matcher/unicode_captures,32779,1,320,0.026856375,11915,390569464,42.000000,119162.000000
matcher/unicode_captures,32779,2,320,0.027052917,11829,387731940,42.000000,119162.000000
matcher/unicode_captures,32779,3,320,0.027098458,11809,387080328,42.000000,119162.000000
matcher/unicode_captures,32779,4,320,0.027507084,11633,381330133,42.000000,119162.000000
matcher/unicode_captures,32779,5,320,0.027246875,11744,384971855,42.000000,119162.000000
matcher/unicode_captures,32779,6,320,0.027071792,11820,387461606,42.000000,119162.000000
matcher/unicode_zero_limit,32779,0,544,0.025868208,21030,689331708,2.000000,104.000000
matcher/unicode_zero_limit,32779,1,544,0.025857792,21038,689609384,2.000000,104.000000
matcher/unicode_zero_limit,32779,2,544,0.025802041,21084,691099437,2.000000,104.000000
matcher/unicode_zero_limit,32779,3,544,0.025753167,21124,692410996,2.000000,104.000000
matcher/unicode_zero_limit,32779,4,544,0.025787958,21095,691476851,2.000000,104.000000
matcher/unicode_zero_limit,32779,5,544,0.025901000,21003,688458978,2.000000,104.000000
matcher/unicode_zero_limit,32779,6,544,0.025900542,21003,688471152,2.000000,104.000000
matcher/filtered_sum,206,0,8672,0.025090750,345625,71198828,63.000000,3640.000000
matcher/filtered_sum,206,1,8672,0.025081917,345747,71223902,63.000000,3640.000000
matcher/filtered_sum,206,2,8672,0.025076958,345815,71237987,63.000000,3640.000000
matcher/filtered_sum,206,3,8736,0.025018166,349186,71932371,63.000000,3640.000000
matcher/filtered_sum,206,4,8768,0.025027458,350335,72169055,63.000000,3640.000000
matcher/filtered_sum,206,5,8800,0.025090333,350733,72250934,63.000000,3640.000000
matcher/filtered_sum,206,6,8832,0.025064875,352366,72587316,63.000000,3640.000000
matcher/mixed,206,0,3680,0.025195000,146061,30088510,130.000000,6836.000000
matcher/mixed,206,1,3648,0.025055459,145597,29992985,130.000000,6836.000000
matcher/mixed,206,2,3648,0.025150500,145047,29879645,130.000000,6836.000000
matcher/mixed,206,3,3648,0.025051958,145617,29997176,130.000000,6836.000000
matcher/mixed,206,4,3648,0.025041292,145679,30009953,130.000000,6836.000000
matcher/mixed,206,5,3648,0.025077750,145468,29966325,130.000000,6836.000000
matcher/mixed,206,6,3648,0.025052917,145612,29996028,130.000000,6836.000000
matcher/grouped,206,0,7392,0.025106333,294428,60652107,54.000000,2460.000000
matcher/grouped,206,1,7456,0.025034916,297824,61351754,54.000000,2460.000000
matcher/grouped,206,2,7392,0.025045042,295148,60800537,54.000000,2460.000000
matcher/grouped,206,3,7360,0.025001542,294382,60642660,54.000000,2460.000000
matcher/grouped,206,4,7360,0.025091084,293331,60426245,54.000000,2460.000000
matcher/grouped,206,5,7360,0.025106000,293157,60390345,54.000000,2460.000000
matcher/grouped,206,6,7360,0.025021917,294142,60593279,54.000000,2460.000000
matcher/filtered_sum,3292,0,608,0.026009834,23376,76953048,915.000000,59080.000000
matcher/filtered_sum,3292,1,608,0.025922458,23455,77212431,915.000000,59080.000000
matcher/filtered_sum,3292,2,608,0.025772500,23591,77661694,915.000000,59080.000000
matcher/filtered_sum,3292,3,608,0.025580167,23768,78245619,915.000000,59080.000000
matcher/filtered_sum,3292,4,608,0.025515250,23829,78444695,915.000000,59080.000000
matcher/filtered_sum,3292,5,608,0.025525916,23819,78411917,915.000000,59080.000000
matcher/filtered_sum,3292,6,608,0.025508167,23836,78466477,915.000000,59080.000000
matcher/mixed,3292,0,256,0.025020417,10232,33682572,1882.000000,98336.000000
matcher/mixed,3292,1,288,0.028094167,10251,33747076,1882.000000,98336.000000
matcher/mixed,3292,2,256,0.025001541,10239,33708002,1882.000000,98336.000000
matcher/mixed,3292,3,288,0.027988875,10290,33874030,1882.000000,98336.000000
matcher/mixed,3292,4,256,0.025206417,10156,33434026,1882.000000,98336.000000
matcher/mixed,3292,5,256,0.025173750,10169,33477412,1882.000000,98336.000000
matcher/mixed,3292,6,256,0.025102833,10198,33571988,1882.000000,98336.000000
matcher/grouped,3292,0,544,0.026327708,20663,68021417,722.000000,32760.000000
matcher/grouped,3292,1,544,0.026328708,20662,68018833,722.000000,32760.000000
matcher/grouped,3292,2,544,0.026283792,20697,68135070,722.000000,32760.000000
matcher/grouped,3292,3,544,0.026177583,20781,68411511,722.000000,32760.000000
matcher/grouped,3292,4,544,0.026188167,20773,68383862,722.000000,32760.000000
matcher/grouped,3292,5,544,0.026155166,20799,68470145,722.000000,32760.000000
matcher/grouped,3292,6,544,0.026143875,20808,68499716,722.000000,32760.000000
matcher/filtered_sum,27060,0,96,0.032207708,2981,80656469,7196.000000,473032.000000
matcher/filtered_sum,27060,1,96,0.031751542,3023,81815239,7196.000000,473032.000000
matcher/filtered_sum,27060,2,96,0.031504750,3047,82456138,7196.000000,473032.000000
matcher/filtered_sum,27060,3,96,0.031423084,3055,82670434,7196.000000,473032.000000
matcher/filtered_sum,27060,4,96,0.031408959,3056,82707612,7196.000000,473032.000000
matcher/filtered_sum,27060,5,96,0.031292208,3068,83016194,7196.000000,473032.000000
matcher/filtered_sum,27060,6,96,0.031314917,3066,82955992,7196.000000,473032.000000
matcher/mixed,27060,0,64,0.049420250,1295,35043125,14883.000000,781536.000000
matcher/mixed,27060,1,64,0.049310375,1298,35121209,14883.000000,781536.000000
matcher/mixed,27060,2,64,0.048984375,1307,35354947,14883.000000,781536.000000
matcher/mixed,27060,3,64,0.048969334,1307,35365807,14883.000000,781536.000000
matcher/mixed,27060,4,64,0.049856667,1284,34736377,14883.000000,781536.000000
matcher/mixed,27060,5,64,0.049319750,1298,35114533,14883.000000,781536.000000
matcher/mixed,27060,6,64,0.049239833,1300,35171525,14883.000000,781536.000000
matcher/grouped,27060,0,96,0.036437125,2635,71294319,5656.000000,259000.000000
matcher/grouped,27060,1,96,0.036136500,2657,71887427,5656.000000,259000.000000
matcher/grouped,27060,2,96,0.036491792,2631,71187515,5656.000000,259000.000000
matcher/grouped,27060,3,96,0.036542625,2627,71088489,5656.000000,259000.000000
matcher/grouped,27060,4,96,0.036368334,2640,71429172,5656.000000,259000.000000
matcher/grouped,27060,5,96,0.036415709,2636,71336247,5656.000000,259000.000000
matcher/grouped,27060,6,96,0.036417542,2636,71332656,5656.000000,259000.000000
compile/parent,0,0,12096,0.025003958,483763,0,58.000000,4829.000000
compile/parent,0,1,12224,0.025015208,488663,0,58.000000,4829.000000
compile/parent,0,2,12256,0.025006000,490122,0,58.000000,4829.000000
compile/parent,0,3,12288,0.025010750,491309,0,58.000000,4829.000000
compile/parent,0,4,12320,0.025044375,491927,0,58.000000,4829.000000
compile/parent,0,5,12192,0.025048833,486729,0,58.000000,4829.000000
compile/parent,0,6,12032,0.025035917,480590,0,58.000000,4829.000000
compile/transform,0,0,12384,0.025012583,495111,0,62.000000,4173.000000
compile/transform,0,1,12544,0.025026125,501236,0,62.000000,4173.000000
compile/transform,0,2,12576,0.025020291,502632,0,62.000000,4173.000000
compile/transform,0,3,12608,0.025036291,503589,0,62.000000,4173.000000
compile/transform,0,4,12608,0.025010375,504111,0,62.000000,4173.000000
compile/transform,0,5,12672,0.025052042,505827,0,62.000000,4173.000000
compile/transform,0,6,12672,0.025042334,506023,0,62.000000,4173.000000
parent/filter,150,0,19328,0.025038500,771931,115789684,9.000000,848.000000
parent/filter,150,1,19328,0.025038917,771918,115787756,9.000000,848.000000
parent/filter,150,2,19328,0.025000000,773120,115968000,9.000000,848.000000
parent/filter,150,3,19584,0.025027541,782498,117374695,9.000000,848.000000
parent/filter,150,4,19520,0.025004333,780665,117099704,9.000000,848.000000
parent/filter,150,5,19616,0.025032125,783633,117544955,9.000000,848.000000
parent/filter,150,6,19648,0.025024375,785154,117773171,9.000000,848.000000
parent/nested,150,0,15968,0.025038458,637739,95660843,16.000000,1776.000000
parent/nested,150,1,15712,0.025033250,627645,94146785,16.000000,1776.000000
parent/nested,150,2,16544,0.025040417,660692,99103781,16.000000,1776.000000
parent/nested,150,3,16032,0.025031334,640477,96071588,16.000000,1776.000000
parent/nested,150,4,15680,0.025035834,626302,93945343,16.000000,1776.000000
parent/nested,150,5,16256,0.025036583,649290,97393482,16.000000,1776.000000
parent/nested,150,6,16992,0.025004958,679545,101931785,16.000000,1776.000000
parent/sort,150,0,21376,0.025021167,854317,128147500,14.000000,1152.000000
parent/sort,150,1,21408,0.025005542,856130,128419532,14.000000,1152.000000
parent/sort,150,2,21504,0.025022709,859379,128906906,14.000000,1152.000000
parent/sort,150,3,21440,0.025008750,857300,128594992,14.000000,1152.000000
parent/sort,150,4,21376,0.025025834,854157,128123602,14.000000,1152.000000
parent/sort,150,5,21408,0.025035208,855116,128267359,14.000000,1152.000000
parent/sort,150,6,21440,0.025018042,856982,128547230,14.000000,1152.000000
parent/constructor,150,0,17216,0.025008458,688407,103261065,15.000000,1440.000000
parent/constructor,150,1,17248,0.025046041,688652,103297763,15.000000,1440.000000
parent/constructor,150,2,17152,0.025005708,685923,102888508,15.000000,1440.000000
parent/constructor,150,3,17248,0.025024167,689254,103388057,15.000000,1440.000000
parent/constructor,150,4,17280,0.025040458,690083,103512484,15.000000,1440.000000
parent/constructor,150,5,17312,0.025029667,691659,103748883,15.000000,1440.000000
parent/constructor,150,6,17184,0.025044584,686136,102920456,15.000000,1440.000000
parent/closure,150,0,16288,0.025042834,650406,97560843,16.000000,1936.000000
parent/closure,150,1,16352,0.025001875,654031,98104642,16.000000,1936.000000
parent/closure,150,2,16320,0.025047958,651550,97732518,16.000000,1936.000000
parent/closure,150,3,16320,0.025028250,652063,97809475,16.000000,1936.000000
parent/closure,150,4,16352,0.025001625,654037,98105623,16.000000,1936.000000
parent/closure,150,5,16352,0.025030958,653271,97990656,16.000000,1936.000000
parent/closure,150,6,16384,0.025021000,654810,98221494,16.000000,1936.000000
parent/group,150,0,17504,0.025013875,699772,104965744,20.000000,2088.000000
parent/group,150,1,17536,0.025017708,700944,105141526,20.000000,2088.000000
parent/group,150,2,17600,0.025003000,703916,105587330,20.000000,2088.000000
parent/group,150,3,17696,0.025008250,707606,106140973,20.000000,2088.000000
parent/group,150,4,17696,0.025034416,706867,106030035,20.000000,2088.000000
parent/group,150,5,17632,0.025023833,704608,105691242,20.000000,2088.000000
parent/group,150,6,17664,0.025034875,705576,105836358,20.000000,2088.000000
parent/tuple,150,0,15456,0.025011292,617961,92694132,17.000000,1632.000000
parent/tuple,150,1,15520,0.025021541,620266,93039833,17.000000,1632.000000
parent/tuple,150,2,14400,0.025027917,575358,86303626,17.000000,1632.000000
parent/tuple,150,3,14176,0.025035959,566226,84933835,17.000000,1632.000000
parent/tuple,150,4,14496,0.025038833,578941,86841108,17.000000,1632.000000
parent/tuple,150,5,14560,0.025003458,582319,87347918,17.000000,1632.000000
parent/tuple,150,6,14528,0.025045375,580067,87010077,17.000000,1632.000000
parent/focus_control,150,0,15040,0.025031041,600854,90128093,10.000000,1288.000000
parent/focus_control,150,1,15104,0.025045750,603056,90458461,10.000000,1288.000000
parent/focus_control,150,2,15040,0.025029166,600899,90134845,10.000000,1288.000000
parent/focus_control,150,3,15072,0.025043625,601830,90274471,10.000000,1288.000000
parent/focus_control,150,4,15136,0.025023333,604875,90731319,10.000000,1288.000000
parent/focus_control,150,5,15168,0.025025584,606100,90914961,10.000000,1288.000000
parent/focus_control,150,6,15488,0.025004375,619412,92911740,10.000000,1288.000000
transform/clone,150,0,23392,0.025006125,935451,140317622,10.000000,1136.000000
transform/clone,150,1,23680,0.025015000,946632,141994803,10.000000,1136.000000
transform/clone,150,2,23712,0.025022375,947632,142144780,10.000000,1136.000000
transform/clone,150,3,23552,0.025033750,940810,141121486,10.000000,1136.000000
transform/clone,150,4,23648,0.025012875,945433,141814965,10.000000,1136.000000
transform/clone,150,5,24032,0.025030084,960125,144018694,10.000000,1136.000000
transform/clone,150,6,24032,0.025010334,960883,144132421,10.000000,1136.000000
transform/update,150,0,6976,0.025095375,277980,41696926,57.000000,5444.000000
transform/update,150,1,6944,0.025016791,277574,41636036,57.000000,5444.000000
transform/update,150,2,6976,0.025097209,277959,41693879,57.000000,5444.000000
transform/update,150,3,6976,0.025001166,279027,41854048,57.000000,5444.000000
transform/update,150,4,6848,0.025025417,273642,41046269,57.000000,5444.000000
transform/update,150,5,6816,0.025059334,271994,40799169,57.000000,5444.000000
transform/update,150,6,6880,0.025065625,274479,41171924,57.000000,5444.000000
transform/no_match,150,0,13472,0.025049291,537820,80672942,21.000000,1688.000000
transform/no_match,150,1,13440,0.025023292,537100,80564939,21.000000,1688.000000
transform/no_match,150,2,13504,0.025049333,539096,80864429,21.000000,1688.000000
transform/no_match,150,3,13440,0.025053875,536444,80466594,21.000000,1688.000000
transform/no_match,150,4,13184,0.025045667,526398,78959766,21.000000,1688.000000
transform/no_match,150,5,13248,0.025020583,529484,79422610,21.000000,1688.000000
transform/no_match,150,6,13280,0.025004167,531111,79666721,21.000000,1688.000000
transform/update_write,150,0,6016,0.025054333,240118,36017722,59.000000,5712.000000
transform/update_write,150,1,6048,0.025057667,241363,36204488,59.000000,5712.000000
transform/update_write,150,2,6016,0.025002500,240616,36092391,59.000000,5712.000000
transform/update_write,150,3,6048,0.025088958,241062,36159334,59.000000,5712.000000
transform/update_write,150,4,6048,0.025034584,241586,36237870,59.000000,5712.000000
transform/update_write,150,5,6048,0.025053166,241407,36210992,59.000000,5712.000000
transform/update_write,150,6,6048,0.025130875,240660,36099022,59.000000,5712.000000
parent/filter,500,0,14944,0.025045417,596676,298338015,9.000000,848.000000
parent/filter,500,1,14944,0.025040125,596802,298401066,9.000000,848.000000
parent/filter,500,2,15008,0.025031208,599572,299785771,9.000000,848.000000
parent/filter,500,3,14976,0.025027750,598376,299187901,9.000000,848.000000
parent/filter,500,4,14976,0.025005208,598915,299457617,9.000000,848.000000
parent/filter,500,5,14912,0.025007333,596305,298152546,9.000000,848.000000
parent/filter,500,6,14976,0.025035542,598190,299094783,9.000000,848.000000
parent/nested,500,0,12640,0.025024291,505109,252554608,16.000000,1776.000000
parent/nested,500,1,12640,0.025044166,504708,252354181,16.000000,1776.000000
parent/nested,500,2,12640,0.025043584,504720,252360046,16.000000,1776.000000
parent/nested,500,3,12704,0.025060292,506937,253468715,16.000000,1776.000000
parent/nested,500,4,12640,0.025018334,505229,252614742,16.000000,1776.000000
parent/nested,500,5,12640,0.025040417,504784,252391963,16.000000,1776.000000
parent/nested,500,6,12608,0.025025375,503809,251904317,16.000000,1776.000000
parent/sort,500,0,16160,0.025026625,645712,322856158,14.000000,1152.000000
parent/sort,500,1,15936,0.025011125,637156,318578233,14.000000,1152.000000
parent/sort,500,2,16064,0.025014041,642199,321099658,14.000000,1152.000000
parent/sort,500,3,16128,0.025043375,644003,322001328,14.000000,1152.000000
parent/sort,500,4,16032,0.025000250,641274,320636794,14.000000,1152.000000
parent/sort,500,5,16192,0.025028959,646931,323465311,14.000000,1152.000000
parent/sort,500,6,16224,0.025045500,647781,323890519,14.000000,1152.000000
parent/constructor,500,0,13696,0.025008291,547658,273829187,15.000000,1440.000000
parent/constructor,500,1,13792,0.025057458,550415,275207485,15.000000,1440.000000
parent/constructor,500,2,13760,0.025018625,549990,274995129,15.000000,1440.000000
parent/constructor,500,3,13760,0.025028208,549780,274889836,15.000000,1440.000000
parent/constructor,500,4,13792,0.025053958,550492,275245931,15.000000,1440.000000
parent/constructor,500,5,13824,0.025032708,552237,276118748,15.000000,1440.000000
parent/constructor,500,6,13856,0.025037167,553417,276708623,15.000000,1440.000000
parent/closure,500,0,13248,0.025048250,528899,264449612,16.000000,1936.000000
parent/closure,500,1,13248,0.025014750,529608,264803766,16.000000,1936.000000
parent/closure,500,2,13280,0.025041792,530313,265156743,16.000000,1936.000000
parent/closure,500,3,13248,0.025055292,528751,264375286,16.000000,1936.000000
parent/closure,500,4,13152,0.025051500,524999,262499252,16.000000,1936.000000
parent/closure,500,5,13120,0.025003250,524732,262365892,16.000000,1936.000000
parent/closure,500,6,13184,0.025057417,526152,263075799,16.000000,1936.000000
parent/group,500,0,13984,0.025037334,558526,279262960,20.000000,2088.000000
parent/group,500,1,13824,0.025034417,552200,276099899,20.000000,2088.000000
parent/group,500,2,13952,0.025056583,556820,278409869,20.000000,2088.000000
parent/group,500,3,13888,0.025016417,555155,277577720,20.000000,2088.000000
parent/group,500,4,13920,0.025007959,556623,278311397,20.000000,2088.000000
parent/group,500,5,13984,0.025019166,558932,279465750,20.000000,2088.000000
parent/group,500,6,13952,0.025017583,557688,278843884,20.000000,2088.000000
parent/tuple,500,0,12544,0.025033750,501084,250541769,17.000000,1632.000000
parent/tuple,500,1,12512,0.025030959,499861,249930496,17.000000,1632.000000
parent/tuple,500,2,12512,0.025035833,499764,249881839,17.000000,1632.000000
parent/tuple,500,3,12576,0.025038042,502276,251137849,17.000000,1632.000000
parent/tuple,500,4,12512,0.025037375,499733,249866450,17.000000,1632.000000
parent/tuple,500,5,12576,0.025050375,502028,251014206,17.000000,1632.000000
parent/tuple,500,6,12576,0.025023541,502567,251283382,17.000000,1632.000000
parent/focus_control,500,0,12640,0.025003166,505536,252767989,10.000000,1288.000000
parent/focus_control,500,1,12672,0.025016250,506551,253275371,10.000000,1288.000000
parent/focus_control,500,2,12640,0.025008834,505421,252710702,10.000000,1288.000000
parent/focus_control,500,3,12704,0.025050666,507132,253566113,10.000000,1288.000000
parent/focus_control,500,4,12736,0.025025375,508923,254461721,10.000000,1288.000000
parent/focus_control,500,5,12704,0.025027916,507593,253796601,10.000000,1288.000000
parent/focus_control,500,6,12704,0.025015167,507852,253925948,10.000000,1288.000000
transform/clone,500,0,17600,0.025014375,703595,351797716,10.000000,1136.000000
transform/clone,500,1,17568,0.025006209,702546,351272758,10.000000,1136.000000
transform/clone,500,2,17536,0.025026458,700698,350349218,10.000000,1136.000000
transform/clone,500,3,17376,0.025025125,694342,347171093,10.000000,1136.000000
transform/clone,500,4,17504,0.025023917,699491,349745406,10.000000,1136.000000
transform/clone,500,5,17376,0.025003625,694939,347469617,10.000000,1136.000000
transform/clone,500,6,17504,0.025021041,699571,349785606,10.000000,1136.000000
transform/update,500,0,5664,0.025108458,225581,112790678,57.000000,5444.000000
transform/update,500,1,5696,0.025117167,226777,113388584,57.000000,5444.000000
transform/update,500,2,5696,0.025045583,227425,113712665,57.000000,5444.000000
transform/update,500,3,5728,0.025087834,228318,114158919,57.000000,5444.000000
transform/update,500,4,5696,0.025021542,227644,113821922,57.000000,5444.000000
transform/update,500,5,5696,0.025000041,227840,113919813,57.000000,5444.000000
transform/update,500,6,5696,0.025047834,227405,113702446,57.000000,5444.000000
transform/no_match,500,0,10336,0.025072792,412240,206119845,21.000000,1688.000000
transform/no_match,500,1,10304,0.025021208,411811,205905326,21.000000,1688.000000
transform/no_match,500,2,10336,0.025021667,413082,206540995,21.000000,1688.000000
transform/no_match,500,3,10368,0.025011292,414533,207266382,21.000000,1688.000000
transform/no_match,500,4,10400,0.025059334,415015,207507510,21.000000,1688.000000
transform/no_match,500,5,10336,0.025038209,412809,206404540,21.000000,1688.000000
transform/no_match,500,6,10304,0.025014625,411919,205959514,21.000000,1688.000000
transform/update_write,500,0,4896,0.025161209,194585,97292622,59.000000,5712.000000
transform/update_write,500,1,4896,0.025095125,195098,97548827,59.000000,5712.000000
transform/update_write,500,2,4896,0.025057791,195388,97694166,59.000000,5712.000000
transform/update_write,500,3,4896,0.025042791,195505,97752683,59.000000,5712.000000
transform/update_write,500,4,4896,0.025027750,195623,97811429,59.000000,5712.000000
transform/update_write,500,5,4896,0.025042458,195508,97753982,59.000000,5712.000000
transform/update_write,500,6,4896,0.025094708,195101,97550448,59.000000,5712.000000
parent/filter,1024,0,11328,0.025068625,451880,462724701,9.000000,848.000000
parent/filter,1024,1,11360,0.025038166,453707,464596329,9.000000,848.000000
parent/filter,1024,2,11424,0.025037459,456276,467226966,9.000000,848.000000
parent/filter,1024,3,11392,0.025024583,455232,466157938,9.000000,848.000000
parent/filter,1024,4,11424,0.025013583,456712,467672944,9.000000,848.000000
parent/filter,1024,5,11424,0.025000500,456951,467917682,9.000000,848.000000
parent/filter,1024,6,11456,0.025056500,457207,468179674,9.000000,848.000000
parent/nested,1024,0,9984,0.025008083,399231,408812463,16.000000,1776.000000
parent/nested,1024,1,10016,0.025021750,400292,409898748,16.000000,1776.000000
parent/nested,1024,2,10400,0.025017834,415703,425680337,16.000000,1776.000000
parent/nested,1024,3,9952,0.025012500,397881,407430205,16.000000,1776.000000
parent/nested,1024,4,9952,0.025078542,396833,406357275,16.000000,1776.000000
parent/nested,1024,5,9952,0.025000958,398065,407618300,16.000000,1776.000000
parent/nested,1024,6,9984,0.025037375,398764,408334180,16.000000,1776.000000
parent/sort,1024,0,12064,0.025020625,482162,493734109,14.000000,1152.000000
parent/sort,1024,1,12032,0.025003792,481207,492755979,14.000000,1152.000000
parent/sort,1024,2,12064,0.025022500,482126,493697113,14.000000,1152.000000
parent/sort,1024,3,12000,0.025035583,479318,490821404,14.000000,1152.000000
parent/sort,1024,4,12064,0.025058125,481441,492995226,14.000000,1152.000000
parent/sort,1024,5,11904,0.025004042,476083,487509020,14.000000,1152.000000
parent/sort,1024,6,11968,0.025054625,477676,489140508,14.000000,1152.000000
parent/constructor,1024,0,10624,0.025052792,424065,434242060,15.000000,1440.000000
parent/constructor,1024,1,10624,0.025029667,424456,434643258,15.000000,1440.000000
parent/constructor,1024,2,10624,0.025069042,423790,433960580,15.000000,1440.000000
parent/constructor,1024,3,10624,0.025037125,424330,434513787,15.000000,1440.000000
parent/constructor,1024,4,10624,0.025022250,424582,434772093,15.000000,1440.000000
parent/constructor,1024,5,10624,0.025031917,424418,434604190,15.000000,1440.000000
parent/constructor,1024,6,10624,0.025057333,423988,434163364,15.000000,1440.000000
parent/closure,1024,0,10272,0.025054000,409994,419834278,16.000000,1936.000000
parent/closure,1024,1,10272,0.025045375,410136,419978858,16.000000,1936.000000
parent/closure,1024,2,10304,0.025062125,411138,421005641,16.000000,1936.000000
parent/closure,1024,3,10240,0.025017708,409310,419133519,16.000000,1936.000000
parent/closure,1024,4,10240,0.025004875,409520,419348627,16.000000,1936.000000
parent/closure,1024,5,10208,0.025002459,408280,418078558,16.000000,1936.000000
parent/closure,1024,6,10240,0.025066375,408515,418319761,16.000000,1936.000000
parent/group,1024,0,10624,0.025072083,423738,433907945,20.000000,2088.000000
parent/group,1024,1,10624,0.025013667,424728,434921277,20.000000,2088.000000
parent/group,1024,2,10656,0.025034875,425646,435861733,20.000000,2088.000000
parent/group,1024,3,10656,0.025024542,425822,436041707,20.000000,2088.000000
parent/group,1024,4,10624,0.025027292,424497,434684504,20.000000,2088.000000
parent/group,1024,5,10656,0.025042417,425518,435730465,20.000000,2088.000000
parent/group,1024,6,10656,0.025071667,425022,435222117,20.000000,2088.000000
parent/tuple,1024,0,9888,0.025032583,395005,404485306,17.000000,1632.000000
parent/tuple,1024,1,9920,0.025062708,395807,405306561,17.000000,1632.000000
parent/tuple,1024,2,9920,0.025048917,396025,405529708,17.000000,1632.000000
parent/tuple,1024,3,9920,0.025078125,395564,405057396,17.000000,1632.000000
parent/tuple,1024,4,9920,0.025042125,396133,405639697,17.000000,1632.000000
parent/tuple,1024,5,9952,0.025049750,397289,406824340,17.000000,1632.000000
parent/tuple,1024,6,9920,0.025033959,396262,405772016,17.000000,1632.000000
parent/focus_control,1024,0,10016,0.025049166,399854,409450119,10.000000,1288.000000
parent/focus_control,1024,1,10016,0.025039292,400011,409611582,10.000000,1288.000000
parent/focus_control,1024,2,10016,0.025064583,399608,409198270,10.000000,1288.000000
parent/focus_control,1024,3,10016,0.025018708,400340,409948587,10.000000,1288.000000
parent/focus_control,1024,4,10016,0.025000917,400625,410240312,10.000000,1288.000000
parent/focus_control,1024,5,10048,0.025075584,400709,410325518,10.000000,1288.000000
parent/focus_control,1024,6,9952,0.025060958,397112,406642396,10.000000,1288.000000
transform/clone,1024,0,12800,0.025028125,511425,523698839,10.000000,1136.000000
transform/clone,1024,1,12864,0.025024750,514051,526388316,10.000000,1136.000000
transform/clone,1024,2,12832,0.025022542,512818,525125225,10.000000,1136.000000
transform/clone,1024,3,12832,0.025047000,512317,524612449,10.000000,1136.000000
transform/clone,1024,4,12736,0.025050959,508404,520605379,10.000000,1136.000000
transform/clone,1024,5,12768,0.025003708,510644,522899724,10.000000,1136.000000
transform/clone,1024,6,12800,0.025060125,510772,523030113,10.000000,1136.000000
transform/update,1024,0,4576,0.025032375,182803,187190548,57.000000,5444.000000
transform/update,1024,1,4576,0.025048959,182682,187066616,57.000000,5444.000000
transform/update,1024,2,4608,0.025094250,183628,188034789,57.000000,5444.000000
transform/update,1024,3,4608,0.025050625,183948,188362246,57.000000,5444.000000
transform/update,1024,4,4608,0.025098667,183595,188001697,57.000000,5444.000000
transform/update,1024,5,4608,0.025100666,183581,187986725,57.000000,5444.000000
transform/update,1024,6,4608,0.025032375,184082,188499573,57.000000,5444.000000
transform/no_match,1024,0,7808,0.025096750,311116,318582765,21.000000,1688.000000
transform/no_match,1024,1,7776,0.025017250,310826,318285343,21.000000,1688.000000
transform/no_match,1024,2,7776,0.025003625,310995,318458783,21.000000,1688.000000
transform/no_match,1024,3,7808,0.025072833,311413,318886661,21.000000,1688.000000
transform/no_match,1024,4,7808,0.025045708,311750,319232022,21.000000,1688.000000
transform/no_match,1024,5,7808,0.025052584,311664,319144404,21.000000,1688.000000
transform/no_match,1024,6,7808,0.025040000,311821,319304792,21.000000,1688.000000
transform/update_write,1024,0,3840,0.025085750,153075,156748752,59.000000,5712.000000
transform/update_write,1024,1,3840,0.025136417,152766,156432796,59.000000,5712.000000
transform/update_write,1024,2,3840,0.025189416,152445,156103659,59.000000,5712.000000
transform/update_write,1024,3,3840,0.025027625,153430,157112790,59.000000,5712.000000
transform/update_write,1024,4,3840,0.025043500,153333,157013197,59.000000,5712.000000
transform/update_write,1024,5,3840,0.025001542,153591,157276699,59.000000,5712.000000
transform/update_write,1024,6,3808,0.025028333,152148,155799110,59.000000,5712.000000
parent/filter,10240,0,2176,0.025153709,86508,885843118,9.000000,848.000000
parent/filter,10240,1,2176,0.025109750,86660,887393941,9.000000,848.000000
parent/filter,10240,2,2176,0.025078458,86768,888501199,9.000000,848.000000
parent/filter,10240,3,2176,0.025122875,86614,886930337,9.000000,848.000000
parent/filter,10240,4,2176,0.025148791,86525,886016350,9.000000,848.000000
parent/filter,10240,5,2176,0.025094959,86711,887916972,9.000000,848.000000
parent/filter,10240,6,2176,0.025082708,86753,888350652,9.000000,848.000000
parent/nested,10240,0,2112,0.025007791,84454,864805692,16.000000,1776.000000
parent/nested,10240,1,2112,0.025007833,84454,864804240,16.000000,1776.000000
parent/nested,10240,2,2144,0.025357708,84550,865794338,16.000000,1776.000000
parent/nested,10240,3,2144,0.025330209,84642,866734262,16.000000,1776.000000
parent/nested,10240,4,2144,0.025346750,84587,866168641,16.000000,1776.000000
parent/nested,10240,5,2144,0.025320583,84674,867063764,16.000000,1776.000000
parent/nested,10240,6,2112,0.025024291,84398,864235474,16.000000,1776.000000
parent/sort,10240,0,2208,0.025238917,87484,895835586,14.000000,1152.000000
parent/sort,10240,1,2208,0.025311166,87234,893278484,14.000000,1152.000000
parent/sort,10240,2,2208,0.025231292,87510,896106311,14.000000,1152.000000
parent/sort,10240,3,2208,0.025277667,87350,894462294,14.000000,1152.000000
parent/sort,10240,4,2208,0.025266875,87387,894844337,14.000000,1152.000000
parent/sort,10240,5,2208,0.025312458,87230,893232890,14.000000,1152.000000
parent/sort,10240,6,2208,0.025233833,87502,896016075,14.000000,1152.000000
parent/constructor,10240,0,2144,0.025110375,85383,874322267,15.000000,1440.000000
parent/constructor,10240,1,2144,0.025103375,85407,874566069,15.000000,1440.000000
parent/constructor,10240,2,2144,0.025145417,85264,873103834,15.000000,1440.000000
parent/constructor,10240,3,2144,0.025098708,85423,874728691,15.000000,1440.000000
parent/constructor,10240,4,2176,0.025352208,85831,878907273,15.000000,1440.000000
parent/constructor,10240,5,2144,0.025136958,85293,873397648,15.000000,1440.000000
parent/constructor,10240,6,2144,0.025132292,85309,873559801,15.000000,1440.000000
parent/closure,10240,0,2144,0.025167417,85190,872340614,16.000000,1936.000000
parent/closure,10240,1,2144,0.025224084,84998,870380863,16.000000,1936.000000
parent/closure,10240,2,2144,0.025214166,85032,870723228,16.000000,1936.000000
parent/closure,10240,3,2144,0.025257792,84885,869219289,16.000000,1936.000000
parent/closure,10240,4,2144,0.025172166,85173,872176038,16.000000,1936.000000
parent/closure,10240,5,2144,0.025178333,85153,871962413,16.000000,1936.000000
parent/closure,10240,6,2144,0.025174166,85167,872106746,16.000000,1936.000000
parent/group,10240,0,2176,0.025334542,85891,879520143,20.000000,2088.000000
parent/group,10240,1,2144,0.025006458,85738,877955607,20.000000,2088.000000
parent/group,10240,2,2176,0.025291958,86035,881000989,20.000000,2088.000000
parent/group,10240,3,2176,0.025301125,86004,880681788,20.000000,2088.000000
parent/group,10240,4,2176,0.025326208,85919,879809563,20.000000,2088.000000
parent/group,10240,5,2144,0.025000167,85759,878176534,20.000000,2088.000000
parent/group,10240,6,2176,0.025369083,85774,878322642,20.000000,2088.000000
parent/tuple,10240,0,2112,0.025035375,84361,863852848,17.000000,1632.000000
parent/tuple,10240,1,2112,0.025065666,84259,862808912,17.000000,1632.000000
parent/tuple,10240,2,2112,0.025072583,84235,862570881,17.000000,1632.000000
parent/tuple,10240,3,2112,0.025031041,84375,864002420,17.000000,1632.000000
parent/tuple,10240,4,2112,0.025032417,84371,863954927,17.000000,1632.000000
parent/tuple,10240,5,2112,0.025041167,84341,863653040,17.000000,1632.000000
parent/tuple,10240,6,2112,0.025061917,84271,862937979,17.000000,1632.000000
parent/focus_control,10240,0,2144,0.025316208,84689,867213605,10.000000,1288.000000
parent/focus_control,10240,1,2144,0.025351000,84573,866023431,10.000000,1288.000000
parent/focus_control,10240,2,2144,0.025341250,84605,866356632,10.000000,1288.000000
parent/focus_control,10240,3,2112,0.025002333,84472,864994479,10.000000,1288.000000
parent/focus_control,10240,4,2144,0.025345958,84589,866195707,10.000000,1288.000000
parent/focus_control,10240,5,2144,0.025354375,84561,865908152,10.000000,1288.000000
parent/focus_control,10240,6,2112,0.025050417,84310,863334131,10.000000,1288.000000
transform/clone,10240,0,2240,0.025195500,88905,910384791,10.000000,1136.000000
transform/clone,10240,1,2240,0.025322750,88458,905809993,10.000000,1136.000000
transform/clone,10240,2,2240,0.025337500,88407,905282684,10.000000,1136.000000
transform/clone,10240,3,2208,0.025004709,88303,904226480,10.000000,1136.000000
transform/clone,10240,4,2240,0.025359375,88330,904501787,10.000000,1136.000000
transform/clone,10240,5,2240,0.025351417,88358,904785717,10.000000,1136.000000
transform/clone,10240,6,2208,0.025117958,87905,900149606,10.000000,1136.000000
transform/update,10240,0,1056,0.025318750,41708,427092175,57.000000,5444.000000
transform/update,10240,1,1056,0.025268500,41791,427941508,57.000000,5444.000000
transform/update,10240,2,1056,0.025281083,41770,427728511,57.000000,5444.000000
transform/update,10240,3,1056,0.025316583,41712,427128732,57.000000,5444.000000
transform/update,10240,4,1056,0.025347708,41661,426604252,57.000000,5444.000000
transform/update,10240,5,1056,0.025336875,41678,426786650,57.000000,5444.000000
transform/update,10240,6,1056,0.025312291,41719,427201157,57.000000,5444.000000
transform/no_match,10240,0,1472,0.025261375,58271,596692777,21.000000,1688.000000
transform/no_match,10240,1,1472,0.025265417,58261,596597317,21.000000,1688.000000
transform/no_match,10240,2,1472,0.025251667,58293,596922175,21.000000,1688.000000
transform/no_match,10240,3,1472,0.025270417,58250,596479275,21.000000,1688.000000
transform/no_match,10240,4,1472,0.025302083,58177,595732770,21.000000,1688.000000
transform/no_match,10240,5,1472,0.025237667,58326,597253304,21.000000,1688.000000
transform/no_match,10240,6,1472,0.025262000,58269,596678014,21.000000,1688.000000
transform/update_write,10240,0,800,0.025210708,31733,324941291,59.000000,5712.000000
transform/update_write,10240,1,800,0.025206583,31738,324994467,59.000000,5712.000000
transform/update_write,10240,2,800,0.025152125,31806,325698127,59.000000,5712.000000
transform/update_write,10240,3,800,0.025173166,31780,325425892,59.000000,5712.000000
transform/update_write,10240,4,800,0.025165333,31790,325527185,59.000000,5712.000000
transform/update_write,10240,5,800,0.025219542,31721,324827469,59.000000,5712.000000
transform/update_write,10240,6,800,0.025119542,31848,326120596,59.000000,5712.000000
parent/filter,65536,0,384,0.025886500,14834,972160161,9.000000,848.000000
parent/filter,65536,1,384,0.026007458,14765,967638744,9.000000,848.000000
parent/filter,65536,2,384,0.025894167,14830,971872314,9.000000,848.000000
parent/filter,65536,3,384,0.025915125,14818,971086344,9.000000,848.000000
parent/filter,65536,4,384,0.025876500,14840,972535853,9.000000,848.000000
parent/filter,65536,5,384,0.025937917,14805,970233038,9.000000,848.000000
parent/filter,65536,6,384,0.025941375,14803,970103705,9.000000,848.000000
parent/nested,65536,0,384,0.026142167,14689,962652561,16.000000,1776.000000
parent/nested,65536,1,384,0.026137208,14692,962835204,16.000000,1776.000000
parent/nested,65536,2,384,0.026095292,14715,964381774,16.000000,1776.000000
parent/nested,65536,3,384,0.026124166,14699,963315882,16.000000,1776.000000
parent/nested,65536,4,384,0.026132750,14694,962999455,16.000000,1776.000000
parent/nested,65536,5,384,0.026080792,14723,964917937,16.000000,1776.000000
parent/nested,65536,6,384,0.026168000,14674,961702232,16.000000,1776.000000
parent/sort,65536,0,384,0.025881625,14837,972343274,14.000000,1152.000000
parent/sort,65536,1,384,0.025948542,14799,969835762,14.000000,1152.000000
parent/sort,65536,2,384,0.025903291,14824,971529988,14.000000,1152.000000
parent/sort,65536,3,384,0.025947958,14799,969857590,14.000000,1152.000000
parent/sort,65536,4,384,0.025920083,14815,970900595,14.000000,1152.000000
parent/sort,65536,5,384,0.025931375,14808,970477809,14.000000,1152.000000
parent/sort,65536,6,384,0.025896542,14828,971783182,14.000000,1152.000000
parent/constructor,65536,0,384,0.026077834,14725,965027387,15.000000,1440.000000
parent/constructor,65536,1,384,0.026018417,14759,967231173,15.000000,1440.000000
parent/constructor,65536,2,384,0.026043208,14745,966310448,15.000000,1440.000000
parent/constructor,65536,3,384,0.026004458,14767,967750376,15.000000,1440.000000
parent/constructor,65536,4,384,0.025930167,14809,970523021,15.000000,1440.000000
parent/constructor,65536,5,384,0.026012834,14762,967438765,15.000000,1440.000000
parent/constructor,65536,6,384,0.026031416,14751,966748178,15.000000,1440.000000
parent/closure,65536,0,384,0.026133750,14694,962962606,16.000000,1936.000000
parent/closure,65536,1,384,0.026031125,14752,966758986,16.000000,1936.000000
parent/closure,65536,2,384,0.026042416,14745,966339836,16.000000,1936.000000
parent/closure,65536,3,384,0.026045417,14743,966228492,16.000000,1936.000000
parent/closure,65536,4,384,0.025997875,14770,967995423,16.000000,1936.000000
parent/closure,65536,5,384,0.026032042,14751,966724931,16.000000,1936.000000
parent/closure,65536,6,384,0.026052958,14739,965948819,16.000000,1936.000000
parent/group,65536,0,384,0.026046459,14743,966189838,20.000000,2088.000000
parent/group,65536,1,384,0.026024416,14755,967008213,20.000000,2088.000000
parent/group,65536,2,384,0.026045917,14743,966209944,20.000000,2088.000000
parent/group,65536,3,384,0.026039583,14747,966444970,20.000000,2088.000000
parent/group,65536,4,384,0.026055667,14738,965848389,20.000000,2088.000000
parent/group,65536,5,384,0.026214333,14648,960002454,20.000000,2088.000000
parent/group,65536,6,384,0.025996042,14771,968063677,20.000000,2088.000000
parent/tuple,65536,0,384,0.026090791,14718,964548143,17.000000,1632.000000
parent/tuple,65536,1,384,0.026109666,14707,963850859,17.000000,1632.000000
parent/tuple,65536,2,384,0.026075583,14726,965110694,17.000000,1632.000000
parent/tuple,65536,3,384,0.026097000,14714,964318657,17.000000,1632.000000
parent/tuple,65536,4,384,0.026061708,14734,965624509,17.000000,1632.000000
parent/tuple,65536,5,384,0.026116250,14703,963607869,17.000000,1632.000000
parent/tuple,65536,6,384,0.026098416,14714,964266337,17.000000,1632.000000
parent/focus_control,65536,0,384,0.026111167,14706,963795452,10.000000,1288.000000
parent/focus_control,65536,1,384,0.026154916,14682,962183323,10.000000,1288.000000
parent/focus_control,65536,2,384,0.026135875,14692,962884311,10.000000,1288.000000
parent/focus_control,65536,3,384,0.026138000,14691,962806030,10.000000,1288.000000
parent/focus_control,65536,4,384,0.026138416,14691,962790706,10.000000,1288.000000
parent/focus_control,65536,5,384,0.026076667,14726,965070574,10.000000,1288.000000
parent/focus_control,65536,6,384,0.026102125,14711,964129319,10.000000,1288.000000
transform/clone,65536,0,384,0.025817625,14874,974753642,10.000000,1136.000000
transform/clone,65536,1,384,0.025827125,14868,974395098,10.000000,1136.000000
transform/clone,65536,2,384,0.025845291,14858,973710221,10.000000,1136.000000
transform/clone,65536,3,384,0.025832083,14865,974208081,10.000000,1136.000000
transform/clone,65536,4,384,0.025876208,14840,972546828,10.000000,1136.000000
transform/clone,65536,5,384,0.025813125,14876,974923571,10.000000,1136.000000
transform/clone,65536,6,384,0.025868375,14844,972841317,10.000000,1136.000000
transform/update,65536,0,192,0.025935958,7403,485153161,57.000000,5444.000000
transform/update,65536,1,192,0.025948583,7399,484917115,57.000000,5444.000000
transform/update,65536,2,192,0.025994583,7386,484059006,57.000000,5444.000000
transform/update,65536,3,192,0.025997541,7385,484003929,57.000000,5444.000000
transform/update,65536,4,192,0.026014666,7380,483685318,57.000000,5444.000000
transform/update,65536,5,192,0.025984208,7389,484252281,57.000000,5444.000000
transform/update,65536,6,192,0.025985916,7389,484220452,57.000000,5444.000000
transform/no_match,65536,0,256,0.025770542,9934,651023017,21.000000,1688.000000
transform/no_match,65536,1,256,0.025787666,9927,650590713,21.000000,1688.000000
transform/no_match,65536,2,256,0.025836750,9908,649354737,21.000000,1688.000000
transform/no_match,65536,3,256,0.025777250,9931,650853602,21.000000,1688.000000
transform/no_match,65536,4,256,0.025769875,9934,651039867,21.000000,1688.000000
transform/no_match,65536,5,256,0.025779167,9930,650805203,21.000000,1688.000000
transform/no_match,65536,6,256,0.025874750,9894,648401086,21.000000,1688.000000
transform/update_write,65536,0,160,0.028945959,5528,362252983,59.000000,5712.000000
transform/update_write,65536,1,160,0.029008750,5516,361468867,59.000000,5712.000000
transform/update_write,65536,2,160,0.028931958,5530,362428288,59.000000,5712.000000
transform/update_write,65536,3,160,0.029120916,5494,360076586,59.000000,5712.000000
transform/update_write,65536,4,160,0.029013917,5515,361404494,59.000000,5712.000000
transform/update_write,65536,5,160,0.029008250,5516,361475098,59.000000,5712.000000
transform/update_write,65536,6,160,0.029038750,5510,361095433,59.000000,5712.000000
parent/filter,1048576,0,32,0.034148959,937,982590187,9.000000,848.000000
parent/filter,1048576,1,32,0.034057416,940,985231293,9.000000,848.000000
parent/filter,1048576,2,32,0.034099792,938,984006941,9.000000,848.000000
parent/filter,1048576,3,32,0.034227584,935,980333055,9.000000,848.000000
parent/filter,1048576,4,32,0.034082875,939,984495351,9.000000,848.000000
parent/filter,1048576,5,32,0.034134250,937,983013601,9.000000,848.000000
parent/filter,1048576,6,32,0.034135208,937,982986013,9.000000,848.000000
parent/nested,1048576,0,32,0.034131042,938,983105995,16.000000,1776.000000
parent/nested,1048576,1,32,0.033955458,942,988189645,16.000000,1776.000000
parent/nested,1048576,2,32,0.034110083,938,983710066,16.000000,1776.000000
parent/nested,1048576,3,32,0.034061958,939,985099917,16.000000,1776.000000
parent/nested,1048576,4,32,0.034038250,940,985786050,16.000000,1776.000000
parent/nested,1048576,5,32,0.034037791,940,985799343,16.000000,1776.000000
parent/nested,1048576,6,32,0.034056125,940,985268641,16.000000,1776.000000
parent/sort,1048576,0,32,0.033920917,943,989195899,14.000000,1152.000000
parent/sort,1048576,1,32,0.033967500,942,987839317,14.000000,1152.000000
parent/sort,1048576,2,32,0.033932458,943,988859457,14.000000,1152.000000
parent/sort,1048576,3,32,0.034031458,940,985982793,14.000000,1152.000000
parent/sort,1048576,4,32,0.033948584,943,988389737,14.000000,1152.000000
parent/sort,1048576,5,32,0.033931833,943,988877671,14.000000,1152.000000
parent/sort,1048576,6,32,0.033999042,941,986922867,14.000000,1152.000000
parent/constructor,1048576,0,32,0.034016042,941,986429638,15.000000,1440.000000
parent/constructor,1048576,1,32,0.034014542,941,986473138,15.000000,1440.000000
parent/constructor,1048576,2,32,0.033956042,942,988172650,15.000000,1440.000000
parent/constructor,1048576,3,32,0.033999166,941,986919267,15.000000,1440.000000
parent/constructor,1048576,4,32,0.034001667,941,986846674,15.000000,1440.000000
parent/constructor,1048576,5,32,0.034005083,941,986747540,15.000000,1440.000000
parent/constructor,1048576,6,32,0.033929833,943,988935961,15.000000,1440.000000
parent/closure,1048576,0,32,0.034018250,941,986365613,16.000000,1936.000000
parent/closure,1048576,1,32,0.033987041,942,987271354,16.000000,1936.000000
parent/closure,1048576,2,32,0.034048584,940,985486856,16.000000,1936.000000
parent/closure,1048576,3,32,0.034010292,941,986596410,16.000000,1936.000000
parent/closure,1048576,4,32,0.034095791,939,984122410,16.000000,1936.000000
parent/closure,1048576,5,32,0.034207667,935,980903842,16.000000,1936.000000
parent/closure,1048576,6,32,0.033903667,944,989699197,16.000000,1936.000000
parent/group,1048576,0,32,0.033997709,941,986961563,20.000000,2088.000000
parent/group,1048576,1,32,0.033993750,941,987076507,20.000000,2088.000000
parent/group,1048576,2,32,0.034032042,940,985965873,20.000000,2088.000000
parent/group,1048576,3,32,0.034044416,940,985607508,20.000000,2088.000000
parent/group,1048576,4,32,0.033992292,941,987118844,20.000000,2088.000000
parent/group,1048576,5,32,0.034044375,940,985608695,20.000000,2088.000000
parent/group,1048576,6,32,0.034005167,941,986745103,20.000000,2088.000000
parent/tuple,1048576,0,32,0.034035792,940,985857241,17.000000,1632.000000
parent/tuple,1048576,1,32,0.033966250,942,987875671,17.000000,1632.000000
parent/tuple,1048576,2,32,0.034018916,941,986346302,17.000000,1632.000000
parent/tuple,1048576,3,32,0.034013334,941,986508174,17.000000,1632.000000
parent/tuple,1048576,4,32,0.033958000,942,988115672,17.000000,1632.000000
parent/tuple,1048576,5,32,0.034051959,940,985389181,17.000000,1632.000000
parent/tuple,1048576,6,32,0.033998833,941,986928934,17.000000,1632.000000
parent/focus_control,1048576,0,32,0.034006292,941,986712459,10.000000,1288.000000
parent/focus_control,1048576,1,32,0.034020833,941,986290724,10.000000,1288.000000
parent/focus_control,1048576,2,32,0.034084959,939,984435158,10.000000,1288.000000
parent/focus_control,1048576,3,32,0.034050459,940,985432590,10.000000,1288.000000
parent/focus_control,1048576,4,32,0.034075750,939,984701202,10.000000,1288.000000
parent/focus_control,1048576,5,32,0.033996125,941,987007549,10.000000,1288.000000
parent/focus_control,1048576,6,32,0.034031292,940,985987602,10.000000,1288.000000
transform/clone,1048576,0,32,0.033958916,942,988089019,10.000000,1136.000000
transform/clone,1048576,1,32,0.033982083,942,987415398,10.000000,1136.000000
transform/clone,1048576,2,32,0.034107792,938,983776141,10.000000,1136.000000
transform/clone,1048576,3,32,0.033935666,943,988765979,10.000000,1136.000000
transform/clone,1048576,4,32,0.033992917,941,987100695,10.000000,1136.000000
transform/clone,1048576,5,32,0.033946208,943,988458917,10.000000,1136.000000
transform/clone,1048576,6,32,0.033945459,943,988480727,10.000000,1136.000000
transform/update,1048576,0,32,0.067487625,474,497193849,57.000000,5444.000000
transform/update,1048576,1,32,0.067486375,474,497203058,57.000000,5444.000000
transform/update,1048576,2,32,0.067307917,475,498521326,57.000000,5444.000000
transform/update,1048576,3,32,0.067297583,475,498597877,57.000000,5444.000000
transform/update,1048576,4,32,0.067626584,473,496172215,57.000000,5444.000000
transform/update,1048576,5,32,0.067438250,475,497557870,57.000000,5444.000000
transform/update,1048576,6,32,0.067542458,474,496790212,57.000000,5444.000000
transform/no_match,1048576,0,32,0.050738500,631,661320930,21.000000,1688.000000
transform/no_match,1048576,1,32,0.050690834,631,661942788,21.000000,1688.000000
transform/no_match,1048576,2,32,0.050684333,631,662027692,21.000000,1688.000000
transform/no_match,1048576,3,32,0.050686125,631,662004286,21.000000,1688.000000
transform/no_match,1048576,4,32,0.050690333,631,661949331,21.000000,1688.000000
transform/no_match,1048576,5,32,0.050668375,632,662236198,21.000000,1688.000000
transform/no_match,1048576,6,32,0.050739375,631,661309525,21.000000,1688.000000
transform/update_write,1048576,0,32,0.091050792,351,368524329,59.000000,5712.000000
transform/update_write,1048576,1,32,0.090969917,352,368851958,59.000000,5712.000000
transform/update_write,1048576,2,32,0.090901541,352,369129408,59.000000,5712.000000
transform/update_write,1048576,3,32,0.091069750,351,368447613,59.000000,5712.000000
transform/update_write,1048576,4,32,0.091037750,352,368577123,59.000000,5712.000000
transform/update_write,1048576,5,32,0.091138167,351,368171021,59.000000,5712.000000
transform/update_write,1048576,6,32,0.091264708,351,367660542,59.000000,5712.000000
parent/wide_filter_sum,73,0,21120,0.025016833,844232,61628904,9.000000,848.000000
parent/wide_filter_sum,73,1,21088,0.025027375,842597,61509607,9.000000,848.000000
parent/wide_filter_sum,73,2,21088,0.025000542,843502,61575625,9.000000,848.000000
parent/wide_filter_sum,73,3,21120,0.025017083,844223,61628288,9.000000,848.000000
parent/wide_filter_sum,73,4,21184,0.025005334,847179,61844085,9.000000,848.000000
parent/wide_filter_sum,73,5,21216,0.025015750,848106,61911716,9.000000,848.000000
parent/wide_filter_sum,73,6,21280,0.025003500,851081,62128902,9.000000,848.000000
parent/wide_sort,73,0,17792,0.025030042,710826,51890284,18.000000,1488.000000
parent/wide_sort,73,1,17824,0.025017750,712454,52009154,18.000000,1488.000000
parent/wide_sort,73,2,17952,0.025007750,717857,52403595,18.000000,1488.000000
parent/wide_sort,73,3,17984,0.025005209,719210,52502341,18.000000,1488.000000
parent/wide_sort,73,4,18016,0.025001250,720604,52604090,18.000000,1488.000000
parent/wide_sort,73,5,17888,0.025007958,715292,52216338,18.000000,1488.000000
parent/wide_sort,73,6,17920,0.025005042,716655,52315849,18.000000,1488.000000
transform/wide_update,73,0,10080,0.025000042,403199,29433551,46.000000,4900.000000
transform/wide_update,73,1,10112,0.025024125,404090,29498574,46.000000,4900.000000
transform/wide_update,73,2,10080,0.025005500,403111,29427126,46.000000,4900.000000
transform/wide_update,73,3,10080,0.025060500,402227,29362543,46.000000,4900.000000
transform/wide_update,73,4,10080,0.025001500,403176,29431834,46.000000,4900.000000
transform/wide_update,73,5,10144,0.025047875,404984,29563865,46.000000,4900.000000
transform/wide_update,73,6,10176,0.025010375,406871,29701594,46.000000,4900.000000
transform/wide_write,73,0,8320,0.025019792,332537,24275182,54.000000,5800.000000
transform/wide_write,73,1,8320,0.025005667,332725,24288894,54.000000,5800.000000
transform/wide_write,73,2,8384,0.025092708,334121,24390831,54.000000,5800.000000
transform/wide_write,73,3,8352,0.025030333,333675,24358286,54.000000,5800.000000
transform/wide_write,73,4,8320,0.025018625,332552,24276314,54.000000,5800.000000
transform/wide_write,73,5,8352,0.025053417,333368,24335842,54.000000,5800.000000
transform/wide_write,73,6,8288,0.025034833,331059,24167287,54.000000,5800.000000
parent/wide_filter_sum,2048,0,896,0.025045834,35774,73265997,133.000000,13248.000000
parent/wide_filter_sum,2048,1,928,0.025762500,36021,73771722,133.000000,13248.000000
parent/wide_filter_sum,2048,2,928,0.025828708,35929,73582620,133.000000,13248.000000
parent/wide_filter_sum,2048,3,928,0.025753458,36034,73797624,133.000000,13248.000000
parent/wide_filter_sum,2048,4,928,0.025704916,36102,73936985,133.000000,13248.000000
parent/wide_filter_sum,2048,5,928,0.025727625,36070,73871723,133.000000,13248.000000
parent/wide_filter_sum,2048,6,928,0.025696708,36114,73960602,133.000000,13248.000000
parent/wide_sort,2048,0,608,0.026038917,23350,47820115,334.000000,35160.000000
parent/wide_sort,2048,1,608,0.026081000,23312,47742955,334.000000,35160.000000
parent/wide_sort,2048,2,608,0.026116667,23280,47677753,334.000000,35160.000000
parent/wide_sort,2048,3,608,0.026030250,23357,47836037,334.000000,35160.000000
parent/wide_sort,2048,4,608,0.026063208,23328,47775546,334.000000,35160.000000
parent/wide_sort,2048,5,608,0.026094000,23300,47719169,334.000000,35160.000000
parent/wide_sort,2048,6,608,0.025986250,23397,47917033,334.000000,35160.000000
transform/wide_update,2048,0,416,0.025394125,16382,33549807,804.000000,90560.000000
transform/wide_update,2048,1,416,0.025206666,16504,33799313,804.000000,90560.000000
transform/wide_update,2048,2,416,0.025230458,16488,33767441,804.000000,90560.000000
transform/wide_update,2048,3,416,0.025105750,16570,33935174,804.000000,90560.000000
transform/wide_update,2048,4,416,0.025073666,16591,33978597,804.000000,90560.000000
transform/wide_update,2048,5,416,0.025067042,16595,33987576,804.000000,90560.000000
transform/wide_update,2048,6,416,0.025346084,16413,33613398,804.000000,90560.000000
transform/wide_write,2048,0,352,0.027145166,12967,26557067,1060.000000,119360.000000
transform/wide_write,2048,1,352,0.027033708,13021,26666560,1060.000000,119360.000000
transform/wide_write,2048,2,352,0.027055208,13010,26645369,1060.000000,119360.000000
transform/wide_write,2048,3,352,0.027077667,13000,26623269,1060.000000,119360.000000
transform/wide_write,2048,4,352,0.026888875,13091,26810196,1060.000000,119360.000000
transform/wide_write,2048,5,352,0.026904791,13083,26794336,1060.000000,119360.000000
transform/wide_write,2048,6,352,0.026835792,13117,26863228,1060.000000,119360.000000
parent/wide_filter_sum,33180,0,64,0.027680000,2312,76716763,2053.000000,205248.000000
parent/wide_filter_sum,33180,1,64,0.027739958,2307,76550945,2053.000000,205248.000000
parent/wide_filter_sum,33180,2,64,0.027575667,2321,77007022,2053.000000,205248.000000
parent/wide_filter_sum,33180,3,64,0.027525708,2325,77146789,2053.000000,205248.000000
parent/wide_filter_sum,33180,4,64,0.027391250,2337,77525487,2053.000000,205248.000000
parent/wide_filter_sum,33180,5,64,0.027878833,2296,76169616,2053.000000,205248.000000
parent/wide_filter_sum,33180,6,64,0.027928708,2292,76033592,2053.000000,205248.000000
parent/wide_sort,33180,0,64,0.048207625,1328,44049463,5138.000000,557400.000000
parent/wide_sort,33180,1,64,0.047976917,1334,44261285,5138.000000,557400.000000
parent/wide_sort,33180,2,64,0.048158917,1329,44094015,5138.000000,557400.000000
parent/wide_sort,33180,3,64,0.048005458,1333,44234970,5138.000000,557400.000000
parent/wide_sort,33180,4,64,0.047930833,1335,44303841,5138.000000,557400.000000
parent/wide_sort,33180,5,64,0.047909917,1336,44323183,5138.000000,557400.000000
parent/wide_sort,33180,6,64,0.048084959,1331,44161834,5138.000000,557400.000000
transform/wide_update,33180,0,32,0.031507375,1016,33698777,12490.000000,1434376.000000
transform/wide_update,33180,1,32,0.031592209,1013,33608286,12490.000000,1434376.000000
transform/wide_update,33180,2,32,0.031518000,1015,33687417,12490.000000,1434376.000000
transform/wide_update,33180,3,32,0.032146250,995,33029047,12490.000000,1434376.000000
transform/wide_update,33180,4,32,0.031976916,1001,33203953,12490.000000,1434376.000000
transform/wide_update,33180,5,32,0.031947125,1002,33234916,12490.000000,1434376.000000
transform/wide_update,33180,6,32,0.031771292,1007,33418849,12490.000000,1434376.000000
transform/wide_write,33180,0,32,0.039972208,801,26562456,16586.000000,1895176.000000
transform/wide_write,33180,1,32,0.039881084,802,26623148,16586.000000,1895176.000000
transform/wide_write,33180,2,32,0.039825708,804,26660166,16586.000000,1895176.000000
transform/wide_write,33180,3,32,0.040248042,795,26380414,16586.000000,1895176.000000
transform/wide_write,33180,4,32,0.040181500,796,26424101,16586.000000,1895176.000000
transform/wide_write,33180,5,32,0.039853709,803,26641435,16586.000000,1895176.000000
transform/wide_write,33180,6,32,0.039787542,804,26685740,16586.000000,1895176.000000
consolidation/unplanned_prefix,100,0,51584,0.025006000,2062865,206286491,4.000000,192.000000
consolidation/unplanned_prefix,100,1,52000,0.025027292,2077732,207773178,4.000000,192.000000
consolidation/unplanned_prefix,100,2,53088,0.025012375,2122469,212246938,4.000000,192.000000
consolidation/unplanned_prefix,100,3,53056,0.025013875,2121063,212106281,4.000000,192.000000
consolidation/unplanned_prefix,100,4,53152,0.025006292,2125545,212554504,4.000000,192.000000
consolidation/unplanned_prefix,100,5,52736,0.025010417,2108561,210856140,4.000000,192.000000
consolidation/unplanned_prefix,100,6,51968,0.025005042,2078301,207830085,4.000000,192.000000
consolidation/callback_prefix,100,0,49408,0.025000375,1976290,197629036,8.000000,464.000000
consolidation/callback_prefix,100,1,49760,0.025013583,1989319,198931916,8.000000,464.000000
consolidation/callback_prefix,100,2,49824,0.025002750,1992741,199274080,8.000000,464.000000
consolidation/callback_prefix,100,3,49952,0.025004541,1997717,199771713,8.000000,464.000000
consolidation/callback_prefix,100,4,49888,0.025005000,1995121,199512098,8.000000,464.000000
consolidation/callback_prefix,100,5,49632,0.025002667,1985068,198506823,8.000000,464.000000
consolidation/callback_prefix,100,6,49632,0.025002958,1985045,198504513,8.000000,464.000000
consolidation/unplanned_prefix,500,0,18976,0.025016167,758549,379274731,4.000000,192.000000
consolidation/unplanned_prefix,500,1,18976,0.025006208,758852,379425781,4.000000,192.000000
consolidation/unplanned_prefix,500,2,19008,0.025026250,759523,379761251,4.000000,192.000000
consolidation/unplanned_prefix,500,3,19040,0.025018709,761030,380515238,4.000000,192.000000
consolidation/unplanned_prefix,500,4,19072,0.025033416,761862,380930833,4.000000,192.000000
consolidation/unplanned_prefix,500,5,19104,0.025041458,762895,381447438,4.000000,192.000000
consolidation/unplanned_prefix,500,6,19072,0.025004791,762734,381366915,4.000000,192.000000
consolidation/callback_prefix,500,0,22016,0.025006625,880407,440203346,8.000000,464.000000
consolidation/callback_prefix,500,1,22016,0.025020083,879933,439966566,8.000000,464.000000
consolidation/callback_prefix,500,2,22080,0.025018542,882545,441272717,8.000000,464.000000
consolidation/callback_prefix,500,3,22016,0.025006750,880402,440201146,8.000000,464.000000
consolidation/callback_prefix,500,4,21984,0.025029959,878307,439153736,8.000000,464.000000
consolidation/callback_prefix,500,5,22016,0.025000042,880639,440319260,8.000000,464.000000
consolidation/callback_prefix,500,6,22080,0.025029292,882166,441083192,8.000000,464.000000
consolidation/unplanned_prefix,1024,0,10496,0.025017833,419541,429609711,4.000000,192.000000
consolidation/unplanned_prefix,1024,1,10528,0.025072333,419905,429982802,4.000000,192.000000
consolidation/unplanned_prefix,1024,2,10496,0.025071667,418640,428687251,4.000000,192.000000
consolidation/unplanned_prefix,1024,3,10528,0.025070167,419941,430019952,4.000000,192.000000
consolidation/unplanned_prefix,1024,4,10528,0.025058584,420135,430218723,4.000000,192.000000
consolidation/unplanned_prefix,1024,5,10496,0.025073000,418618,428664460,4.000000,192.000000
consolidation/unplanned_prefix,1024,6,10528,0.025043125,420395,430484295,4.000000,192.000000
consolidation/callback_prefix,1024,0,12960,0.025039791,517576,529998034,8.000000,464.000000
consolidation/callback_prefix,1024,1,12960,0.025036084,517653,530076509,8.000000,464.000000
consolidation/callback_prefix,1024,2,12928,0.025027041,516561,528958737,8.000000,464.000000
consolidation/callback_prefix,1024,3,12960,0.025021334,517958,530388987,8.000000,464.000000
consolidation/callback_prefix,1024,4,12960,0.025054500,517272,529686883,8.000000,464.000000
consolidation/callback_prefix,1024,5,12960,0.025038333,517606,530028896,8.000000,464.000000
consolidation/callback_prefix,1024,6,12960,0.025043042,517509,529929231,8.000000,464.000000
consolidation/unplanned_prefix,10240,0,1216,0.025316792,48031,491841146,4.000000,192.000000
consolidation/unplanned_prefix,10240,1,1216,0.025325083,48016,491680126,4.000000,192.000000
consolidation/unplanned_prefix,10240,2,1216,0.025263792,48132,492872962,4.000000,192.000000
consolidation/unplanned_prefix,10240,3,1216,0.025377083,47917,490672628,4.000000,192.000000
consolidation/unplanned_prefix,10240,4,1216,0.025371208,47928,490786249,4.000000,192.000000
consolidation/unplanned_prefix,10240,5,1216,0.025375541,47920,490702445,4.000000,192.000000
consolidation/unplanned_prefix,10240,6,1216,0.025380750,47910,490601736,4.000000,192.000000
consolidation/callback_prefix,10240,0,1600,0.025443000,62886,643949220,8.000000,464.000000
consolidation/callback_prefix,10240,1,1600,0.025493292,62762,642678866,8.000000,464.000000
consolidation/callback_prefix,10240,2,1600,0.025368167,63071,645848792,8.000000,464.000000
consolidation/callback_prefix,10240,3,1600,0.025373875,63057,645703504,8.000000,464.000000
consolidation/callback_prefix,10240,4,1600,0.025402083,62987,644986476,8.000000,464.000000
consolidation/callback_prefix,10240,5,1600,0.025383084,63034,645469242,8.000000,464.000000
consolidation/callback_prefix,10240,6,1600,0.025418125,62947,644579409,8.000000,464.000000
consolidation/unplanned_prefix,1048576,0,32,0.067254333,476,498918516,4.000000,192.000000
consolidation/unplanned_prefix,1048576,1,32,0.067299209,475,498585830,4.000000,192.000000
consolidation/unplanned_prefix,1048576,2,32,0.067473708,474,497296399,4.000000,192.000000
consolidation/unplanned_prefix,1048576,3,32,0.067254875,476,498914495,4.000000,192.000000
consolidation/unplanned_prefix,1048576,4,32,0.067340375,475,498281039,4.000000,192.000000
consolidation/unplanned_prefix,1048576,5,32,0.067326583,475,498383113,4.000000,192.000000
consolidation/unplanned_prefix,1048576,6,32,0.067272833,476,498781313,4.000000,192.000000
consolidation/callback_prefix,1048576,0,32,0.050750959,631,661158580,8.000000,464.000000
consolidation/callback_prefix,1048576,1,32,0.050565833,633,663579140,8.000000,464.000000
consolidation/callback_prefix,1048576,2,32,0.050720750,631,661552363,8.000000,464.000000
consolidation/callback_prefix,1048576,3,32,0.050523167,633,664139522,8.000000,464.000000
consolidation/callback_prefix,1048576,4,32,0.050702834,631,661786124,8.000000,464.000000
consolidation/callback_prefix,1048576,5,32,0.050615458,632,662928546,8.000000,464.000000
consolidation/callback_prefix,1048576,6,32,0.050644042,632,662554383,8.000000,464.000000
consolidation/nested_path,43,0,143168,0.025001541,5726367,246233782,0.000000,0.000000
consolidation/nested_path,43,1,144640,0.025004292,5784607,248738097,0.000000,0.000000
consolidation/nested_path,43,2,143808,0.025003458,5751524,247315551,0.000000,0.000000
consolidation/nested_path,43,3,145184,0.025004292,5806363,249673616,0.000000,0.000000
consolidation/nested_path,43,4,144544,0.025000542,5781635,248610290,0.000000,0.000000
consolidation/nested_path,43,5,141888,0.025004875,5674413,243999780,0.000000,0.000000
consolidation/nested_path,43,6,143328,0.025004500,5732088,246479794,0.000000,0.000000
consolidation/nested_sum,43,0,123520,0.025001792,4940446,212439172,0.000000,0.000000
consolidation/nested_sum,43,1,123360,0.025005291,4933356,212134304,0.000000,0.000000
consolidation/nested_sum,43,2,124032,0.025004250,4960437,213298779,0.000000,0.000000
consolidation/nested_sum,43,3,126400,0.025002666,5055461,217384818,0.000000,0.000000
consolidation/nested_sum,43,4,127936,0.025004000,5116621,220014718,0.000000,0.000000
consolidation/nested_sum,43,5,127520,0.025004750,5099831,219292734,0.000000,0.000000
consolidation/nested_sum,43,6,127040,0.025006084,5080364,218455637,0.000000,0.000000
consolidation/nested_path,871,0,6400,0.025033500,255657,222677612,0.000000,0.000000
consolidation/nested_path,871,1,6624,0.025020791,264740,230588393,0.000000,0.000000
consolidation/nested_path,871,2,6656,0.025018292,266045,231725491,0.000000,0.000000
consolidation/nested_path,871,3,6688,0.025095292,266504,232125133,0.000000,0.000000
consolidation/nested_path,871,4,6656,0.025008375,266151,231817381,0.000000,0.000000
consolidation/nested_path,871,5,6688,0.025037375,267121,232662090,0.000000,0.000000
consolidation/nested_path,871,6,6688,0.025035958,267136,232675259,0.000000,0.000000
consolidation/nested_sum,871,0,6336,0.025027750,253159,220501483,0.000000,0.000000
consolidation/nested_sum,871,1,6368,0.025113333,253570,220859891,0.000000,0.000000
consolidation/nested_sum,871,2,6400,0.025098875,254992,222097604,0.000000,0.000000
consolidation/nested_sum,871,3,6400,0.025104542,254934,222047469,0.000000,0.000000
consolidation/nested_sum,871,4,6368,0.025000917,254711,221852982,0.000000,0.000000
consolidation/nested_sum,871,5,6368,0.025006917,254650,221799752,0.000000,0.000000
consolidation/nested_sum,871,6,6272,0.025113000,249751,217533230,0.000000,0.000000
consolidation/nested_path,91,0,85184,0.025003708,3406855,310023777,0.000000,0.000000
consolidation/nested_path,91,1,86240,0.025002208,3449295,313885878,0.000000,0.000000
consolidation/nested_path,91,2,86464,0.025002834,3458168,314693286,0.000000,0.000000
consolidation/nested_path,91,3,86464,0.025006000,3457730,314653443,0.000000,0.000000
consolidation/nested_path,91,4,86272,0.025002208,3450575,314002347,0.000000,0.000000
consolidation/nested_path,91,5,86368,0.025004208,3454139,314326613,0.000000,0.000000
consolidation/nested_path,91,6,86368,0.025003291,3454265,314338141,0.000000,0.000000
consolidation/nested_sum,91,0,78368,0.025009333,3133550,285153067,0.000000,0.000000
consolidation/nested_sum,91,1,78592,0.025009833,3142444,285962405,0.000000,0.000000
consolidation/nested_sum,91,2,78560,0.025005792,3141672,285892165,0.000000,0.000000
consolidation/nested_sum,91,3,78368,0.025004416,3134166,285209141,0.000000,0.000000
consolidation/nested_sum,91,4,78944,0.025002375,3157460,287328864,0.000000,0.000000
consolidation/nested_sum,91,5,79104,0.025007625,3163195,287850766,0.000000,0.000000
consolidation/nested_sum,91,6,79232,0.025005333,3168604,288342971,0.000000,0.000000
consolidation/nested_path,919,0,6368,0.025001666,254703,234072081,0.000000,0.000000
consolidation/nested_path,919,1,6368,0.025068000,254029,233452689,0.000000,0.000000
consolidation/nested_path,919,2,6464,0.025068042,257858,236971679,0.000000,0.000000
consolidation/nested_path,919,3,6464,0.025011208,258444,237510159,0.000000,0.000000
consolidation/nested_path,919,4,6464,0.025070625,257832,236947264,0.000000,0.000000
consolidation/nested_path,919,5,6464,0.025072958,257808,236925216,0.000000,0.000000
consolidation/nested_path,919,6,6400,0.025033458,255658,234949562,0.000000,0.000000
consolidation/nested_sum,919,0,5984,0.025040250,238975,219618255,0.000000,0.000000
consolidation/nested_sum,919,1,5984,0.025049750,238885,219534965,0.000000,0.000000
consolidation/nested_sum,919,2,6080,0.025067791,242542,222896385,0.000000,0.000000
consolidation/nested_sum,919,3,6144,0.025124500,244542,224734263,0.000000,0.000000
consolidation/nested_sum,919,4,6144,0.025085000,244927,225088140,0.000000,0.000000
consolidation/nested_sum,919,5,6112,0.025005791,244423,224625088,0.000000,0.000000
consolidation/nested_sum,919,6,6144,0.025110292,244681,224861423,0.000000,0.000000
consolidation/nested_path,155,0,33088,0.025002291,1323399,205126802,0.000000,0.000000
consolidation/nested_path,155,1,33184,0.025015125,1326557,205616402,0.000000,0.000000
consolidation/nested_path,155,2,33472,0.025009958,1338347,207443771,0.000000,0.000000
consolidation/nested_path,155,3,33216,0.025009917,1328113,205857540,0.000000,0.000000
consolidation/nested_path,155,4,33248,0.025012000,1329282,206038701,0.000000,0.000000
consolidation/nested_path,155,5,33120,0.025006333,1324464,205291995,0.000000,0.000000
consolidation/nested_path,155,6,33280,0.025010542,1330639,206249029,0.000000,0.000000
consolidation/nested_sum,155,0,32256,0.025008500,1289801,199919227,0.000000,0.000000
consolidation/nested_sum,155,1,32256,0.025001791,1290148,199972874,0.000000,0.000000
consolidation/nested_sum,155,2,32160,0.025013375,1285712,199285382,0.000000,0.000000
consolidation/nested_sum,155,3,32224,0.025005875,1288657,199741861,0.000000,0.000000
consolidation/nested_sum,155,4,32928,0.025017083,1316221,204014193,0.000000,0.000000
consolidation/nested_sum,155,5,32256,0.025023208,1289043,199801720,0.000000,0.000000
consolidation/nested_sum,155,6,32160,0.025006333,1286074,199341503,0.000000,0.000000
consolidation/nested_path,983,0,5760,0.025034541,230082,226170713,0.000000,0.000000
consolidation/nested_path,983,1,5760,0.025097417,229506,225604093,0.000000,0.000000
consolidation/nested_path,983,2,5792,0.025125292,230525,226605764,0.000000,0.000000
consolidation/nested_path,983,3,5760,0.025006666,230339,226422827,0.000000,0.000000
consolidation/nested_path,983,4,5792,0.025089458,230854,226929414,0.000000,0.000000
consolidation/nested_path,983,5,5792,0.025017000,231523,227586681,0.000000,0.000000
consolidation/nested_path,983,6,5792,0.025033625,231369,227435539,0.000000,0.000000
consolidation/nested_sum,983,0,5536,0.025089250,220652,216901183,0.000000,0.000000
consolidation/nested_sum,983,1,5504,0.025035625,219847,216109324,0.000000,0.000000
consolidation/nested_sum,983,2,5568,0.025018500,222555,218771869,0.000000,0.000000
consolidation/nested_sum,983,3,5568,0.025016083,222577,218793006,0.000000,0.000000
consolidation/nested_sum,983,4,5504,0.025153209,218819,215099075,0.000000,0.000000
consolidation/nested_sum,983,5,5504,0.025037459,219831,216093494,0.000000,0.000000
consolidation/nested_sum,983,6,5568,0.025114917,221701,217931996,0.000000,0.000000
consolidation/sort_path,426,0,7040,0.025030584,281256,119815023,9.000000,968.000000
consolidation/sort_path,426,1,7104,0.025099083,283038,120574286,9.000000,968.000000
consolidation/sort_path,426,2,7136,0.025037792,285009,121413901,9.000000,968.000000
consolidation/sort_path,426,3,7136,0.025001750,285420,121588929,9.000000,968.000000
consolidation/sort_path,426,4,7200,0.025074333,287146,122324291,9.000000,968.000000
consolidation/sort_path,426,5,7232,0.025070750,288464,122885514,9.000000,968.000000
consolidation/sort_path,426,6,7200,0.025002334,287973,122676547,9.000000,968.000000
consolidation/sort_scalar,426,0,5888,0.025006750,235456,100304438,9.000000,968.000000
consolidation/sort_scalar,426,1,5888,0.025072458,234839,100041568,9.000000,968.000000
consolidation/sort_scalar,426,2,5888,0.025048792,235061,100136086,9.000000,968.000000
consolidation/sort_scalar,426,3,5920,0.025138917,235491,100319357,9.000000,968.000000
consolidation/sort_scalar,426,4,5952,0.025116000,236980,100953655,9.000000,968.000000
consolidation/sort_scalar,426,5,5984,0.025073958,238654,101666598,9.000000,968.000000
consolidation/sort_scalar,426,6,5984,0.025108292,238328,101527575,9.000000,968.000000
consolidation/sort_tuple,426,0,6528,0.025006458,261053,111208393,28.000000,2816.000000
consolidation/sort_tuple,426,1,6560,0.025111334,261237,111286800,28.000000,2816.000000
consolidation/sort_tuple,426,2,6624,0.025008250,264873,112835724,28.000000,2816.000000
consolidation/sort_tuple,426,3,6592,0.025017958,263491,112247051,28.000000,2816.000000
consolidation/sort_tuple,426,4,6656,0.025030000,265921,113282301,28.000000,2816.000000
consolidation/sort_tuple,426,5,6656,0.025110208,265071,112920451,28.000000,2816.000000
consolidation/sort_tuple,426,6,6624,0.025102958,263873,112410020,28.000000,2816.000000
consolidation/callback_projection,426,0,8896,0.025038333,355295,151355763,7.000000,584.000000
consolidation/callback_projection,426,1,8768,0.025026333,350351,149249513,7.000000,584.000000
consolidation/callback_projection,426,2,8768,0.025047833,350050,149121403,7.000000,584.000000
consolidation/callback_projection,426,3,8832,0.025085167,352081,149986325,7.000000,584.000000
consolidation/callback_projection,426,4,8864,0.025010291,354414,150980410,7.000000,584.000000
consolidation/callback_projection,426,5,8896,0.025047667,355163,151299361,7.000000,584.000000
consolidation/callback_projection,426,6,8928,0.025045500,356471,151856741,7.000000,584.000000
consolidation/transient_capture,426,0,6272,0.025057000,250309,106631760,17.000000,1736.000000
consolidation/transient_capture,426,1,6240,0.025023583,249365,106229392,17.000000,1736.000000
consolidation/transient_capture,426,2,6272,0.025094625,249934,106471884,17.000000,1736.000000
consolidation/transient_capture,426,3,6272,0.025034042,250539,106729549,17.000000,1736.000000
consolidation/transient_capture,426,4,6272,0.025061042,250269,106614561,17.000000,1736.000000
consolidation/transient_capture,426,5,6240,0.025056167,249040,106091247,17.000000,1736.000000
consolidation/transient_capture,426,6,6240,0.025071833,248885,106024956,17.000000,1736.000000
consolidation/distinct_groups,426,0,7744,0.025031208,309374,131793240,5.000000,1464.000000
consolidation/distinct_groups,426,1,7776,0.025039709,310547,132292911,5.000000,1464.000000
consolidation/distinct_groups,426,2,7776,0.025047417,310451,132252200,5.000000,1464.000000
consolidation/distinct_groups,426,3,7712,0.025067000,307655,131061236,5.000000,1464.000000
consolidation/distinct_groups,426,4,7776,0.025030083,310666,132343788,5.000000,1464.000000
consolidation/distinct_groups,426,5,7744,0.025004458,309705,131934233,5.000000,1464.000000
consolidation/distinct_groups,426,6,7744,0.025091542,308630,131476336,5.000000,1464.000000
consolidation/sort_path,7254,0,448,0.025312417,17699,128387265,13.000000,14408.000000
consolidation/sort_path,7254,1,448,0.025277625,17723,128563977,13.000000,14408.000000
consolidation/sort_path,7254,2,448,0.025268125,17730,128612313,13.000000,14408.000000
consolidation/sort_path,7254,3,448,0.025247875,17744,128715466,13.000000,14408.000000
consolidation/sort_path,7254,4,448,0.025260542,17735,128650921,13.000000,14408.000000
consolidation/sort_path,7254,5,448,0.025175834,17795,129083787,13.000000,14408.000000
consolidation/sort_path,7254,6,448,0.025204791,17774,128935487,13.000000,14408.000000
consolidation/sort_scalar,7254,0,352,0.025581042,13760,99816419,13.000000,14408.000000
consolidation/sort_scalar,7254,1,352,0.025504792,13801,100114833,13.000000,14408.000000
consolidation/sort_scalar,7254,2,352,0.025477542,13816,100221913,13.000000,14408.000000
consolidation/sort_scalar,7254,3,352,0.025452792,13830,100319368,13.000000,14408.000000
consolidation/sort_scalar,7254,4,352,0.025445584,13833,100347785,13.000000,14408.000000
consolidation/sort_scalar,7254,5,352,0.025452708,13830,100319699,13.000000,14408.000000
consolidation/sort_scalar,7254,6,352,0.025378375,13870,100613534,13.000000,14408.000000
consolidation/sort_tuple,7254,0,384,0.025107708,15294,110943460,272.000000,39296.000000
consolidation/sort_tuple,7254,1,384,0.025155375,15265,110733233,272.000000,39296.000000
consolidation/sort_tuple,7254,2,384,0.025120583,15286,110886598,272.000000,39296.000000
consolidation/sort_tuple,7254,3,384,0.025075833,15314,111084485,272.000000,39296.000000
consolidation/sort_tuple,7254,4,384,0.025354042,15146,109865559,272.000000,39296.000000
consolidation/sort_tuple,7254,5,384,0.025483000,15069,109309579,272.000000,39296.000000
consolidation/sort_tuple,7254,6,384,0.025545167,15032,109043562,272.000000,39296.000000
consolidation/callback_projection,7254,0,608,0.025760083,23602,171211871,11.000000,6344.000000
consolidation/callback_projection,7254,1,608,0.025585958,23763,172377052,11.000000,6344.000000
consolidation/callback_projection,7254,2,608,0.025734959,23625,171379018,11.000000,6344.000000
consolidation/callback_projection,7254,3,608,0.025403125,23934,173617695,11.000000,6344.000000
consolidation/callback_projection,7254,4,608,0.025394041,23943,173679801,11.000000,6344.000000
consolidation/callback_projection,7254,5,608,0.025474417,23867,173131813,11.000000,6344.000000
consolidation/callback_projection,7254,6,608,0.025505750,23838,172919126,11.000000,6344.000000
consolidation/transient_capture,7254,0,416,0.025313667,16434,119210859,141.000000,19016.000000
consolidation/transient_capture,7254,1,416,0.025375666,16394,118919598,141.000000,19016.000000
consolidation/transient_capture,7254,2,416,0.025368208,16398,118954559,141.000000,19016.000000
consolidation/transient_capture,7254,3,416,0.025361750,16403,118984849,141.000000,19016.000000
consolidation/transient_capture,7254,4,416,0.025406250,16374,118776443,141.000000,19016.000000
consolidation/transient_capture,7254,5,416,0.025309708,16436,119229507,141.000000,19016.000000
consolidation/transient_capture,7254,6,416,0.025321625,16429,119173394,141.000000,19016.000000
consolidation/distinct_groups,7254,0,448,0.026238042,17074,123858023,13.000000,51472.000000
consolidation/distinct_groups,7254,1,448,0.026156583,17128,124243752,13.000000,51472.000000
consolidation/distinct_groups,7254,2,448,0.026114709,17155,124442972,13.000000,51472.000000
consolidation/distinct_groups,7254,3,448,0.026364875,16992,123262181,13.000000,51472.000000
consolidation/distinct_groups,7254,4,448,0.026557125,16869,122369872,13.000000,51472.000000
consolidation/distinct_groups,7254,5,448,0.026424333,16954,122984826,13.000000,51472.000000
consolidation/distinct_groups,7254,6,448,0.026513584,16897,122570830,13.000000,51472.000000
consolidation/sort_path,61112,0,64,0.030316917,2111,129009424,16.000000,114760.000000
consolidation/sort_path,61112,1,64,0.030166125,2122,129654306,16.000000,114760.000000
consolidation/sort_path,61112,2,64,0.030074541,2128,130049134,16.000000,114760.000000
consolidation/sort_path,61112,3,64,0.030050875,2130,130151551,16.000000,114760.000000
consolidation/sort_path,61112,4,64,0.030184667,2120,129574661,16.000000,114760.000000
consolidation/sort_path,61112,5,64,0.030446334,2102,128461049,16.000000,114760.000000
consolidation/sort_path,61112,6,64,0.029805417,2147,131223395,16.000000,114760.000000
consolidation/sort_scalar,61112,0,64,0.039363333,1626,99360692,16.000000,114760.000000
consolidation/sort_scalar,61112,1,64,0.038740833,1652,100957251,16.000000,114760.000000
consolidation/sort_scalar,61112,2,64,0.038842542,1648,100692895,16.000000,114760.000000
consolidation/sort_scalar,61112,3,64,0.038733542,1652,100976255,16.000000,114760.000000
consolidation/sort_scalar,61112,4,64,0.038745709,1652,100944546,16.000000,114760.000000
consolidation/sort_scalar,61112,5,64,0.038608500,1658,101303288,16.000000,114760.000000
consolidation/sort_scalar,61112,6,64,0.038513583,1662,101552951,16.000000,114760.000000
consolidation/sort_tuple,61112,0,64,0.036491083,1754,107181472,2067.000000,311680.000000
consolidation/sort_tuple,61112,1,64,0.036527625,1752,107074249,2067.000000,311680.000000
consolidation/sort_tuple,61112,2,64,0.036540625,1751,107036155,2067.000000,311680.000000
consolidation/sort_tuple,61112,3,64,0.036733375,1742,106474507,2067.000000,311680.000000
consolidation/sort_tuple,61112,4,64,0.037460708,1708,104407210,2067.000000,311680.000000
consolidation/sort_tuple,61112,5,64,0.037242375,1718,105019296,2067.000000,311680.000000
consolidation/sort_tuple,61112,6,64,0.036953625,1732,105839901,2067.000000,311680.000000
consolidation/callback_projection,61112,0,96,0.031904041,3009,183887427,14.000000,49352.000000
consolidation/callback_projection,61112,1,96,0.031759625,3023,184723592,14.000000,49352.000000
consolidation/callback_projection,61112,2,96,0.031785583,3020,184572735,14.000000,49352.000000
consolidation/callback_projection,61112,3,96,0.031745250,3024,184807239,14.000000,49352.000000
consolidation/callback_projection,61112,4,96,0.031602333,3038,185643003,14.000000,49352.000000
consolidation/callback_projection,61112,5,96,0.032126417,2988,182614575,14.000000,49352.000000
consolidation/callback_projection,61112,6,96,0.032346084,2968,181374413,14.000000,49352.000000
consolidation/transient_capture,61112,0,64,0.030994208,2065,126190287,1040.000000,148040.000000
consolidation/transient_capture,61112,1,64,0.031036042,2062,126020193,1040.000000,148040.000000
consolidation/transient_capture,61112,2,64,0.031070666,2060,125879761,1040.000000,148040.000000
consolidation/transient_capture,61112,3,64,0.031148291,2055,125566054,1040.000000,148040.000000
consolidation/transient_capture,61112,4,64,0.031176750,2053,125451434,1040.000000,148040.000000
consolidation/transient_capture,61112,5,64,0.031083125,2059,125829304,1040.000000,148040.000000
consolidation/transient_capture,61112,6,64,0.031094416,2058,125783613,1040.000000,148040.000000
consolidation/distinct_groups,61112,0,64,0.029325125,2182,133372594,19.000000,427816.000000
consolidation/distinct_groups,61112,1,64,0.029377583,2179,133134438,19.000000,427816.000000
consolidation/distinct_groups,61112,2,64,0.029313708,2183,133424540,19.000000,427816.000000
consolidation/distinct_groups,61112,3,64,0.029295125,2185,133509176,19.000000,427816.000000
consolidation/distinct_groups,61112,4,64,0.029290750,2185,133529118,19.000000,427816.000000
consolidation/distinct_groups,61112,5,64,0.029244375,2188,133740865,19.000000,427816.000000
consolidation/distinct_groups,61112,6,64,0.029090708,2200,134447329,19.000000,427816.000000
regions/map,47,0,52864,0.025002792,2114324,99373222,6.000000,392.000000
regions/map,47,1,53248,0.025003667,2129608,100091559,6.000000,392.000000
regions/map,47,2,53280,0.025001459,2131076,100160555,6.000000,392.000000
regions/map,47,3,53472,0.025006917,2138288,100499554,6.000000,392.000000
regions/map,47,4,53344,0.025002666,2133532,100276027,6.000000,392.000000
regions/map,47,5,53248,0.025006792,2129342,100079051,6.000000,392.000000
regions/map,47,6,53248,0.025010667,2129012,100063545,6.000000,392.000000
regions/nested_map,47,0,53056,0.025005833,2121745,99722013,6.000000,392.000000
regions/nested_map,47,1,52032,0.025008125,2080604,97788379,6.000000,392.000000
regions/nested_map,47,2,52160,0.025015167,2085135,98001345,6.000000,392.000000
regions/nested_map,47,3,52256,0.025005000,2089822,98221636,6.000000,392.000000
regions/nested_map,47,4,52384,0.025003084,2095102,98469773,6.000000,392.000000
regions/nested_map,47,5,52032,0.025012292,2080257,97772087,6.000000,392.000000
regions/nested_map,47,6,51872,0.025010625,2073999,97477932,6.000000,392.000000
regions/indexed,47,0,50528,0.025003084,2020871,94980923,6.000000,392.000000
regions/indexed,47,1,50624,0.025013750,2023847,95120804,6.000000,392.000000
regions/indexed,47,2,50624,0.025001291,2024855,95168206,6.000000,392.000000
regions/indexed,47,3,50976,0.025006875,2038479,95808533,6.000000,392.000000
regions/indexed,47,4,51072,0.025007709,2042250,95985762,6.000000,392.000000
regions/indexed,47,5,51360,0.025010709,2053520,96515457,6.000000,392.000000
regions/indexed,47,6,51104,0.025006542,2043625,96050386,6.000000,392.000000
regions/reduce,47,0,53344,0.025006958,2133166,100258816,4.000000,248.000000
regions/reduce,47,1,54272,0.025009750,2170034,101991583,4.000000,248.000000
regions/reduce,47,2,54560,0.025001333,2182284,102567331,4.000000,248.000000
regions/reduce,47,3,54464,0.025007542,2177903,102361440,4.000000,248.000000
regions/reduce,47,4,54368,0.025000541,2174673,102209628,4.000000,248.000000
regions/reduce,47,5,54560,0.025001584,2182262,102566301,4.000000,248.000000
regions/reduce,47,6,54560,0.025005959,2181880,102548357,4.000000,248.000000
regions/filtered_sum,47,0,141568,0.025005042,5661578,266094174,0.000000,0.000000
regions/filtered_sum,47,1,143264,0.025002959,5729882,269304445,0.000000,0.000000
regions/filtered_sum,47,2,144416,0.025000916,5776428,271492133,0.000000,0.000000
regions/filtered_sum,47,3,145280,0.025005333,5809961,273068149,0.000000,0.000000
regions/filtered_sum,47,4,146336,0.025004542,5852377,275061707,0.000000,0.000000
regions/filtered_sum,47,5,146912,0.025002750,5875834,276164182,0.000000,0.000000
regions/filtered_sum,47,6,147712,0.025003959,5907544,277654591,0.000000,0.000000
regions/object,47,0,47168,0.025016541,1885472,88617207,8.000000,576.000000
regions/object,47,1,47424,0.025001084,1896878,89153254,8.000000,576.000000
regions/object,47,2,47552,0.025006416,1901592,89374823,8.000000,576.000000
regions/object,47,3,47968,0.025014417,1917614,90127865,8.000000,576.000000
regions/object,47,4,48192,0.025010083,1926903,90564434,8.000000,576.000000
regions/object,47,5,48128,0.025012833,1924132,90434218,8.000000,576.000000
regions/object,47,6,48096,0.025007875,1923234,90392007,8.000000,576.000000
regions/sort,47,0,76512,0.025005875,3059761,143808765,2.000000,192.000000
regions/sort,47,1,74752,0.025010000,2988884,140477569,2.000000,192.000000
regions/sort,47,2,76416,0.025007958,3055667,143616364,2.000000,192.000000
regions/sort,47,3,75648,0.025009250,3024801,142165639,2.000000,192.000000
regions/sort,47,4,76064,0.025006833,3041729,142961246,2.000000,192.000000
regions/sort,47,5,76896,0.025003000,3075471,144547134,2.000000,192.000000
regions/sort,47,6,76800,0.025007083,3071130,144343105,2.000000,192.000000
regions/groups,47,0,35200,0.025003750,1407789,66166075,6.000000,203.000000
regions/groups,47,1,35072,0.025003542,1402681,65926020,6.000000,203.000000
regions/groups,47,2,35232,0.025008166,1408820,66214532,6.000000,203.000000
regions/groups,47,3,35552,0.025022292,1420813,66778215,6.000000,203.000000
regions/groups,47,4,35616,0.025009833,1424080,66931754,6.000000,203.000000
regions/groups,47,5,35680,0.025018208,1426161,67029581,6.000000,203.000000
regions/groups,47,6,35744,0.025009875,1429195,67172187,6.000000,203.000000
regions/map,306,0,10400,0.025073042,414788,126925165,7.000000,584.000000
regions/map,306,1,10336,0.025000666,413429,126509270,7.000000,584.000000
regions/map,306,2,10368,0.025015292,414466,126826743,7.000000,584.000000
regions/map,306,3,10336,0.025044292,412709,126288896,7.000000,584.000000
regions/map,306,4,10304,0.025008167,412025,126079772,7.000000,584.000000
regions/map,306,5,10368,0.025031667,414195,126743776,7.000000,584.000000
regions/map,306,6,10432,0.025027125,416828,127549289,7.000000,584.000000
regions/nested_map,306,0,10368,0.025038750,414078,126707923,7.000000,584.000000
regions/nested_map,306,1,10400,0.025038542,415360,127100052,7.000000,584.000000
regions/nested_map,306,2,10400,0.025040208,415332,127091596,7.000000,584.000000
regions/nested_map,306,3,10432,0.025058583,416304,127389166,7.000000,584.000000
regions/nested_map,306,4,10400,0.025032416,415461,127131157,7.000000,584.000000
regions/nested_map,306,5,10304,0.025071959,410977,125758980,7.000000,584.000000
regions/nested_map,306,6,10336,0.025014625,413198,126438673,7.000000,584.000000
regions/indexed,306,0,9856,0.025046833,393503,120411870,7.000000,584.000000
regions/indexed,306,1,9856,0.025047000,393500,120411067,7.000000,584.000000
regions/indexed,306,2,9856,0.025066834,393189,120315793,7.000000,584.000000
regions/indexed,306,3,9824,0.025029500,392497,120104037,7.000000,584.000000
regions/indexed,306,4,9728,0.025066583,388086,118754439,7.000000,584.000000
regions/indexed,306,5,9632,0.025065209,384278,117588966,7.000000,584.000000
regions/indexed,306,6,9696,0.025038875,387238,118494781,7.000000,584.000000
regions/reduce,306,0,10208,0.025007375,408200,124909072,4.000000,248.000000
regions/reduce,306,1,10272,0.025024792,410473,125604720,4.000000,248.000000
regions/reduce,306,2,10272,0.025033375,410332,125561655,4.000000,248.000000
regions/reduce,306,3,10304,0.025041500,411477,125911946,4.000000,248.000000
regions/reduce,306,4,10336,0.025074791,412207,126135289,4.000000,248.000000
regions/reduce,306,5,10336,0.025003750,413378,126493666,4.000000,248.000000
regions/reduce,306,6,10336,0.025034459,412871,126338500,4.000000,248.000000
regions/filtered_sum,306,0,18400,0.025026250,735228,224979771,0.000000,0.000000
regions/filtered_sum,306,1,18816,0.025007833,752404,230235703,0.000000,0.000000
regions/filtered_sum,306,2,18912,0.025022542,755799,231274345,0.000000,0.000000
regions/filtered_sum,306,3,18880,0.025010791,754874,230991495,0.000000,0.000000
regions/filtered_sum,306,4,18816,0.025033583,751630,229998878,0.000000,0.000000
regions/filtered_sum,306,5,19008,0.025013375,759913,232533515,0.000000,0.000000
regions/filtered_sum,306,6,19072,0.025014625,762434,233304797,0.000000,0.000000
regions/object,306,0,8896,0.025087333,354601,108507987,23.000000,2056.000000
regions/object,306,1,8928,0.025069791,356126,108974502,23.000000,2056.000000
regions/object,306,2,8864,0.025060333,353706,108234156,23.000000,2056.000000
regions/object,306,3,8928,0.025081167,355964,108925075,23.000000,2056.000000
regions/object,306,4,8960,0.025039583,357833,109497031,23.000000,2056.000000
regions/object,306,5,8960,0.025060334,357537,109406363,23.000000,2056.000000
regions/object,306,6,8928,0.025048500,356429,109067130,23.000000,2056.000000
regions/sort,306,0,7264,0.025100834,289393,88554189,9.000000,968.000000
regions/sort,306,1,7264,0.025022125,290303,88832743,9.000000,968.000000
regions/sort,306,2,7264,0.025076917,289669,88638647,9.000000,968.000000
regions/sort,306,3,7232,0.025071875,288451,88265915,9.000000,968.000000
regions/sort,306,4,7232,0.025043292,288780,88366657,9.000000,968.000000
regions/sort,306,5,7232,0.025012209,289139,88476472,9.000000,968.000000
regions/sort,306,6,7232,0.025042250,288792,88370334,9.000000,968.000000
regions/groups,306,0,4544,0.025060750,181319,55483735,38.000000,1936.000000
regions/groups,306,1,4544,0.025004917,181724,55607623,38.000000,1936.000000
regions/groups,306,2,4576,0.025059084,182608,55878180,38.000000,1936.000000
regions/groups,306,3,4576,0.025029958,182821,55943202,38.000000,1936.000000
regions/groups,306,4,4608,0.025150417,183218,56064597,38.000000,1936.000000
regions/groups,306,5,4608,0.025060417,183876,56265943,38.000000,1936.000000
regions/groups,306,6,4608,0.025007042,184268,56386037,38.000000,1936.000000
regions/map,5042,0,736,0.025841125,28482,143604893,11.000000,6344.000000
regions/map,5042,1,736,0.025447666,28922,145825240,11.000000,6344.000000
regions/map,5042,2,736,0.025389666,28988,146158362,11.000000,6344.000000
regions/map,5042,3,736,0.025430125,28942,145925826,11.000000,6344.000000
regions/map,5042,4,736,0.025435917,28935,145892597,11.000000,6344.000000
regions/map,5042,5,736,0.025330833,29055,146497827,11.000000,6344.000000
regions/map,5042,6,736,0.025241541,29158,147016064,11.000000,6344.000000
regions/nested_map,5042,0,736,0.025504959,28857,145497666,11.000000,6344.000000
regions/nested_map,5042,1,736,0.025645083,28699,144702671,11.000000,6344.000000
regions/nested_map,5042,2,736,0.025564791,28790,145157142,11.000000,6344.000000
regions/nested_map,5042,3,736,0.025441875,28929,145858432,11.000000,6344.000000
regions/nested_map,5042,4,736,0.025472583,28894,145682595,11.000000,6344.000000
regions/nested_map,5042,5,736,0.025518583,28842,145419987,11.000000,6344.000000
regions/nested_map,5042,6,736,0.025879500,28439,143391951,11.000000,6344.000000
regions/indexed,5042,0,672,0.025367958,26490,133563135,11.000000,6344.000000
regions/indexed,5042,1,672,0.025291833,26570,133965142,11.000000,6344.000000
regions/indexed,5042,2,672,0.025426375,26429,133256274,11.000000,6344.000000
regions/indexed,5042,3,672,0.025440917,26414,133180105,11.000000,6344.000000
regions/indexed,5042,4,672,0.025298417,26563,133930277,11.000000,6344.000000
regions/indexed,5042,5,672,0.025443542,26411,133166365,11.000000,6344.000000
regions/indexed,5042,6,672,0.025270250,26593,134079560,11.000000,6344.000000
regions/reduce,5042,0,704,0.025626250,27472,138512970,4.000000,248.000000
regions/reduce,5042,1,704,0.025408750,27707,139698647,4.000000,248.000000
regions/reduce,5042,2,704,0.025516666,27590,139107829,4.000000,248.000000
regions/reduce,5042,3,704,0.025329083,27794,140138038,4.000000,248.000000
regions/reduce,5042,4,704,0.025072292,28079,141573335,4.000000,248.000000
regions/reduce,5042,5,704,0.025074000,28077,141563691,4.000000,248.000000
regions/reduce,5042,6,704,0.025215250,27920,140770684,4.000000,248.000000
regions/filtered_sum,5042,0,1152,0.025040709,46005,231957649,0.000000,0.000000
regions/filtered_sum,5042,1,1152,0.025142208,45819,231021237,0.000000,0.000000
regions/filtered_sum,5042,2,1184,0.025251459,46888,236411211,0.000000,0.000000
regions/filtered_sum,5042,3,1184,0.025267375,46859,236262295,0.000000,0.000000
regions/filtered_sum,5042,4,1184,0.025257292,46878,236356613,0.000000,0.000000
regions/filtered_sum,5042,5,1184,0.025090375,47189,237929007,0.000000,0.000000
regions/filtered_sum,5042,6,1184,0.025223542,46940,236672867,0.000000,0.000000
regions/object,5042,0,640,0.026068250,24551,123785831,267.000000,29896.000000
regions/object,5042,1,640,0.026092875,24528,123669009,267.000000,29896.000000
regions/object,5042,2,640,0.026071334,24548,123771189,267.000000,29896.000000
regions/object,5042,3,640,0.026062875,24556,123811360,267.000000,29896.000000
regions/object,5042,4,640,0.025988292,24626,124166682,267.000000,29896.000000
regions/object,5042,5,640,0.026016875,24599,124030269,267.000000,29896.000000
regions/object,5042,6,640,0.025945708,24667,124370474,267.000000,29896.000000
regions/sort,5042,0,480,0.025919416,18519,93372474,13.000000,14408.000000
regions/sort,5042,1,480,0.025841333,18575,93654611,13.000000,14408.000000
regions/sort,5042,2,480,0.025738084,18649,94030309,13.000000,14408.000000
regions/sort,5042,3,480,0.025618625,18736,94468770,13.000000,14408.000000
regions/sort,5042,4,480,0.025753709,18638,93973260,13.000000,14408.000000
regions/sort,5042,5,480,0.025730917,18655,94056500,13.000000,14408.000000
regions/sort,5042,6,480,0.025708166,18671,94139738,13.000000,14408.000000
regions/groups,5042,0,352,0.027262583,12911,65099628,540.000000,20256.000000
regions/groups,5042,1,352,0.027321292,12884,64959739,540.000000,20256.000000
regions/groups,5042,2,352,0.027213292,12935,65217541,540.000000,20256.000000
regions/groups,5042,3,352,0.027156917,12962,65352926,540.000000,20256.000000
regions/groups,5042,4,352,0.027100666,12989,65488575,540.000000,20256.000000
regions/groups,5042,5,352,0.027190583,12946,65272010,540.000000,20256.000000
regions/groups,5042,6,352,0.027070292,13003,65562056,540.000000,20256.000000
regions/map,41828,0,96,0.026305708,3649,152647022,14.000000,49352.000000
regions/map,41828,1,96,0.026158500,3670,153506050,14.000000,49352.000000
regions/map,41828,2,96,0.026703459,3595,150373328,14.000000,49352.000000
regions/map,41828,3,96,0.026740167,3590,150166901,14.000000,49352.000000
regions/map,41828,4,96,0.026704042,3595,150370045,14.000000,49352.000000
regions/map,41828,5,96,0.025708958,3734,156190228,14.000000,49352.000000
regions/map,41828,6,96,0.025757458,3727,155896129,14.000000,49352.000000
regions/nested_map,41828,0,96,0.026611042,3608,150895557,14.000000,49352.000000
regions/nested_map,41828,1,96,0.026397666,3637,152115267,14.000000,49352.000000
regions/nested_map,41828,2,96,0.026270125,3654,152853784,14.000000,49352.000000
regions/nested_map,41828,3,96,0.026567792,3613,151141201,14.000000,49352.000000
regions/nested_map,41828,4,96,0.026368583,3641,152283041,14.000000,49352.000000
regions/nested_map,41828,5,96,0.026468167,3627,151710090,14.000000,49352.000000
regions/nested_map,41828,6,96,0.026229000,3660,153093446,14.000000,49352.000000
regions/indexed,41828,0,96,0.027410292,3502,146495630,14.000000,49352.000000
regions/indexed,41828,1,96,0.027531500,3487,145850680,14.000000,49352.000000
regions/indexed,41828,2,96,0.027404417,3503,146527036,14.000000,49352.000000
regions/indexed,41828,3,96,0.028111000,3415,142844011,14.000000,49352.000000
regions/indexed,41828,4,96,0.027897959,3441,143934831,14.000000,49352.000000
regions/indexed,41828,5,96,0.027803625,3453,144423182,14.000000,49352.000000
regions/indexed,41828,6,96,0.027866125,3445,144099260,14.000000,49352.000000
regions/reduce,41828,0,96,0.027289042,3518,147146536,4.000000,248.000000
regions/reduce,41828,1,96,0.027225083,3526,147492223,4.000000,248.000000
regions/reduce,41828,2,96,0.027239458,3524,147414387,4.000000,248.000000
regions/reduce,41828,3,96,0.027218208,3527,147529477,4.000000,248.000000
regions/reduce,41828,4,96,0.027197792,3530,147640220,4.000000,248.000000
regions/reduce,41828,5,96,0.027166250,3534,147811641,4.000000,248.000000
regions/reduce,41828,6,96,0.026842875,3576,149592322,4.000000,248.000000
regions/filtered_sum,41828,0,160,0.027096459,5905,246987254,0.000000,0.000000
regions/filtered_sum,41828,1,160,0.026737417,5984,250303909,0.000000,0.000000
regions/filtered_sum,41828,2,160,0.026744375,5983,250238789,0.000000,0.000000
regions/filtered_sum,41828,3,160,0.027328208,5855,244892750,0.000000,0.000000
regions/filtered_sum,41828,4,160,0.027501958,5818,243345583,0.000000,0.000000
regions/filtered_sum,41828,5,160,0.027277292,5866,245349868,0.000000,0.000000
regions/filtered_sum,41828,6,160,0.027176959,5887,246255661,0.000000,0.000000
regions/object,41828,0,96,0.031149584,3082,128909844,2062.000000,237768.000000
regions/object,41828,1,96,0.031416750,3056,127813603,2062.000000,237768.000000
regions/object,41828,2,96,0.031959208,3004,125644165,2062.000000,237768.000000
regions/object,41828,3,96,0.031555000,3042,127253621,2062.000000,237768.000000
regions/object,41828,4,96,0.031804959,3018,126253519,2062.000000,237768.000000
regions/object,41828,5,96,0.031561500,3042,127227413,2062.000000,237768.000000
regions/object,41828,6,96,0.031665708,3032,126808723,2062.000000,237768.000000
regions/sort,41828,0,64,0.028105000,2277,95249671,16.000000,114760.000000
regions/sort,41828,1,64,0.028007708,2285,95580545,16.000000,114760.000000
regions/sort,41828,2,64,0.028111000,2277,95229341,16.000000,114760.000000
regions/sort,41828,3,64,0.028076416,2279,95346643,16.000000,114760.000000
regions/sort,41828,4,64,0.028149041,2274,95100647,16.000000,114760.000000
regions/sort,41828,5,64,0.028081125,2279,95330654,16.000000,114760.000000
regions/sort,41828,6,64,0.028014959,2284,95555806,16.000000,114760.000000
regions/groups,41828,0,64,0.038936292,1644,68753131,4017.000000,154528.000000
regions/groups,41828,1,64,0.039120750,1636,68428954,4017.000000,154528.000000
regions/groups,41828,2,64,0.038641917,1656,69276894,4017.000000,154528.000000
regions/groups,41828,3,64,0.038835042,1648,68932383,4017.000000,154528.000000
regions/groups,41828,4,64,0.038502250,1662,69528196,4017.000000,154528.000000
regions/groups,41828,5,64,0.038635167,1657,69288998,4017.000000,154528.000000
regions/groups,41828,6,64,0.038457375,1664,69609327,4017.000000,154528.000000
regions/sparse_callback,100,0,82336,0.025002916,3293056,329305590,3.000000,184.000000
regions/sparse_callback,100,1,81504,0.025002500,3259834,325983402,3.000000,184.000000
regions/sparse_callback,100,2,81792,0.025000042,3271675,327167450,3.000000,184.000000
regions/sparse_callback,100,3,80832,0.025003833,3232784,323278435,3.000000,184.000000
regions/sparse_callback,100,4,81536,0.025009625,3260185,326018483,3.000000,184.000000
regions/sparse_callback,100,5,81344,0.025000625,3253679,325367866,3.000000,184.000000
regions/sparse_callback,100,6,80864,0.025001875,3234317,323431743,3.000000,184.000000
regions/wide_members,100,0,101632,0.025000917,4065131,406513089,2.000000,424.000000
regions/wide_members,100,1,102080,0.025006000,4082220,408222027,2.000000,424.000000
regions/wide_members,100,2,100352,0.025001416,4013853,401385266,2.000000,424.000000
regions/wide_members,100,3,103328,0.025006542,4132039,413203873,2.000000,424.000000
regions/wide_members,100,4,103968,0.025007375,4157494,415749354,2.000000,424.000000
regions/wide_members,100,5,103040,0.025001875,4121291,412129090,2.000000,424.000000
regions/wide_members,100,6,102848,0.025003459,4113351,411335088,2.000000,424.000000
regions/reusable_members,100,0,130848,0.025005375,5232795,523279495,2.000000,136.000000
regions/reusable_members,100,1,132928,0.025002792,5316526,531652625,2.000000,136.000000
regions/reusable_members,100,2,133536,0.025003833,5340621,534062118,2.000000,136.000000
regions/reusable_members,100,3,134592,0.025004375,5382738,538273802,2.000000,136.000000
regions/reusable_members,100,4,134976,0.025005708,5397808,539780757,2.000000,136.000000
regions/reusable_members,100,5,135808,0.025003292,5431605,543160477,2.000000,136.000000
regions/reusable_members,100,6,136096,0.025005208,5442706,544270618,2.000000,136.000000
regions/sparse_callback,500,0,34048,0.025009291,1361414,680707022,3.000000,184.000000
regions/sparse_callback,500,1,34368,0.025020333,1373603,686801411,3.000000,184.000000
regions/sparse_callback,500,2,34688,0.025022500,1386272,693136177,3.000000,184.000000
regions/sparse_callback,500,3,34592,0.025022916,1382413,691206413,3.000000,184.000000
regions/sparse_callback,500,4,34368,0.025014167,1373941,686970707,3.000000,184.000000
regions/sparse_callback,500,5,34304,0.025003334,1371977,685988517,3.000000,184.000000
regions/sparse_callback,500,6,34144,0.025000625,1365726,682862928,3.000000,184.000000
regions/wide_members,500,0,53984,0.025013292,2158213,1079106261,2.000000,424.000000
regions/wide_members,500,1,53824,0.025010542,2152053,1076026261,2.000000,424.000000
regions/wide_members,500,2,54176,0.025013167,2165899,1082949632,2.000000,424.000000
regions/wide_members,500,3,54432,0.025013000,2176148,1088074201,2.000000,424.000000
regions/wide_members,500,4,54816,0.025004416,2192253,1096126380,2.000000,424.000000
regions/wide_members,500,5,54624,0.025011541,2183952,1091975900,2.000000,424.000000
regions/wide_members,500,6,54848,0.025006625,2193339,1096669383,2.000000,424.000000
regions/reusable_members,500,0,62464,0.025002583,2498302,1249150938,2.000000,136.000000
regions/reusable_members,500,1,62624,0.025008750,2504084,1252041785,2.000000,136.000000
regions/reusable_members,500,2,62496,0.025002500,2499590,1249795020,2.000000,136.000000
regions/reusable_members,500,3,62496,0.025003042,2499536,1249767928,2.000000,136.000000
regions/reusable_members,500,4,62592,0.025011500,2502529,1251264418,2.000000,136.000000
regions/reusable_members,500,5,62464,0.025007459,2497815,1248907376,2.000000,136.000000
regions/reusable_members,500,6,62464,0.025009666,2497594,1248797165,2.000000,136.000000
regions/sparse_callback,1024,0,19744,0.025011875,789385,808330283,3.000000,184.000000
regions/sparse_callback,1024,1,19808,0.025037083,791146,810133992,3.000000,184.000000
regions/sparse_callback,1024,2,19648,0.025034500,784837,803673011,3.000000,184.000000
regions/sparse_callback,1024,3,19680,0.025009417,786904,805789275,3.000000,184.000000
regions/sparse_callback,1024,4,19712,0.025016125,787972,806883080,3.000000,184.000000
regions/sparse_callback,1024,5,19840,0.025019792,792972,812003553,3.000000,184.000000
regions/sparse_callback,1024,6,19744,0.025010417,789431,808377405,3.000000,184.000000
regions/wide_members,1024,0,34304,0.025008750,1371680,1404600230,2.000000,424.000000
regions/wide_members,1024,1,34304,0.025001083,1372101,1405030974,2.000000,424.000000
regions/wide_members,1024,2,34464,0.025019250,1377499,1410559309,2.000000,424.000000
regions/wide_members,1024,3,34336,0.025020959,1372290,1405224476,2.000000,424.000000
regions/wide_members,1024,4,34336,0.025018166,1372443,1405381354,2.000000,424.000000
regions/wide_members,1024,5,34240,0.025013417,1368865,1401718126,2.000000,424.000000
regions/wide_members,1024,6,34048,0.025008625,1361450,1394125107,2.000000,424.000000
regions/reusable_members,1024,0,37120,0.025006292,1484426,1520052633,2.000000,136.000000
regions/reusable_members,1024,1,37120,0.025018250,1483717,1519326092,2.000000,136.000000
regions/reusable_members,1024,2,37056,0.025015833,1481302,1516853107,2.000000,136.000000
regions/reusable_members,1024,3,37056,0.025001500,1482151,1517722697,2.000000,136.000000
regions/reusable_members,1024,4,37152,0.025016917,1485075,1520716881,2.000000,136.000000
regions/reusable_members,1024,5,37120,0.025000792,1484753,1520387034,2.000000,136.000000
regions/reusable_members,1024,6,37088,0.025001000,1483461,1519063717,2.000000,136.000000
regions/sparse_callback,10240,0,2368,0.025071167,94451,967179549,3.000000,184.000000
regions/sparse_callback,10240,1,2368,0.025109667,94306,965696598,3.000000,184.000000
regions/sparse_callback,10240,2,2368,0.025223041,93882,961355928,3.000000,184.000000
regions/sparse_callback,10240,3,2368,0.025112209,94297,965598845,3.000000,184.000000
regions/sparse_callback,10240,4,2368,0.025116750,94280,965424269,3.000000,184.000000
regions/sparse_callback,10240,5,2368,0.025145416,94172,964323676,3.000000,184.000000
regions/sparse_callback,10240,6,2368,0.025081167,94413,966793929,3.000000,184.000000
regions/wide_members,10240,0,4576,0.025078083,182470,1868493696,2.000000,424.000000
regions/wide_members,10240,1,4544,0.025037750,181486,1858416192,2.000000,424.000000
regions/wide_members,10240,2,4576,0.025066375,182555,1869366432,2.000000,424.000000
regions/wide_members,10240,3,4576,0.025093666,182357,1867333374,2.000000,424.000000
regions/wide_members,10240,4,4576,0.025111750,182225,1865988631,2.000000,424.000000
regions/wide_members,10240,5,4576,0.025098208,182324,1866995444,2.000000,424.000000
regions/wide_members,10240,6,4576,0.025025500,182853,1872419732,2.000000,424.000000
regions/reusable_members,10240,0,4608,0.025046833,183975,1883907638,2.000000,136.000000
regions/reusable_members,10240,1,4608,0.025090583,183655,1880622702,2.000000,136.000000
regions/reusable_members,10240,2,4608,0.025086500,183684,1880928786,2.000000,136.000000
regions/reusable_members,10240,3,4608,0.025055709,183910,1883240263,2.000000,136.000000
regions/reusable_members,10240,4,4608,0.025067959,183820,1882319977,2.000000,136.000000
regions/reusable_members,10240,5,4608,0.025048500,183963,1883782262,2.000000,136.000000
regions/reusable_members,10240,6,4640,0.025161292,184410,1888360900,2.000000,136.000000
regions/sparse_callback,1048576,0,32,0.033925500,943,989062269,3.000000,184.000000
regions/sparse_callback,1048576,1,32,0.034032375,940,985956226,3.000000,184.000000
regions/sparse_callback,1048576,2,32,0.034008875,941,986637517,3.000000,184.000000
regions/sparse_callback,1048576,3,32,0.033884791,944,990250523,3.000000,184.000000
regions/sparse_callback,1048576,4,32,0.033938459,943,988684607,3.000000,184.000000
regions/sparse_callback,1048576,5,32,0.033972875,942,987683027,3.000000,184.000000
regions/sparse_callback,1048576,6,32,0.033913542,944,989411015,3.000000,184.000000
regions/wide_members,1048576,0,64,0.034575959,1851,1940911140,2.000000,424.000000
regions/wide_members,1048576,1,64,0.034558250,1852,1941905739,2.000000,424.000000
regions/wide_members,1048576,2,64,0.034597500,1850,1939702695,2.000000,424.000000
regions/wide_members,1048576,3,64,0.034574500,1851,1940993044,2.000000,424.000000
regions/wide_members,1048576,4,64,0.034497166,1855,1945344264,2.000000,424.000000
regions/wide_members,1048576,5,64,0.035078833,1824,1913087131,2.000000,424.000000
regions/wide_members,1048576,6,64,0.034852333,1836,1925519993,2.000000,424.000000
regions/reusable_members,1048576,0,64,0.034688000,1845,1934642066,2.000000,136.000000
regions/reusable_members,1048576,1,64,0.034704958,1844,1933696736,2.000000,136.000000
regions/reusable_members,1048576,2,64,0.034619542,1849,1938467701,2.000000,136.000000
regions/reusable_members,1048576,3,64,0.034636417,1848,1937523272,2.000000,136.000000
regions/reusable_members,1048576,4,64,0.034530708,1853,1943454620,2.000000,136.000000
regions/reusable_members,1048576,5,64,0.034511542,1854,1944533919,2.000000,136.000000
regions/reusable_members,1048576,6,64,0.034532500,1853,1943353768,2.000000,136.000000
acquisition/call_one,100,0,114528,0.025002459,4580669,458066945,3.000000,184.000000
acquisition/call_one,100,1,119552,0.025004042,4781307,478130696,3.000000,184.000000
acquisition/call_one,100,2,120448,0.025000458,4817832,481783174,3.000000,184.000000
acquisition/call_one,100,3,120224,0.025001750,4808623,480862340,3.000000,184.000000
acquisition/call_one,100,4,119904,0.025005209,4795161,479516088,3.000000,184.000000
acquisition/call_one,100,5,120160,0.025001042,4806200,480619968,3.000000,184.000000
acquisition/call_one,100,6,120992,0.025004750,4838761,483876064,3.000000,184.000000
acquisition/call_three,100,0,88288,0.025000292,3531479,353147875,3.000000,184.000000
acquisition/call_three,100,1,88928,0.025001375,3556924,355692437,3.000000,184.000000
acquisition/call_three,100,2,89088,0.025007166,3562499,356249885,3.000000,184.000000
acquisition/call_three,100,3,88960,0.025007750,3557297,355729724,3.000000,184.000000
acquisition/call_three,100,4,88320,0.025004917,3532105,353210531,3.000000,184.000000
acquisition/call_three,100,5,89056,0.025001625,3562008,356200847,3.000000,184.000000
acquisition/call_three,100,6,89920,0.025000709,3596698,359669800,3.000000,184.000000
acquisition/call_six,100,0,61920,0.025008792,2475929,247592927,4.000000,328.000000
acquisition/call_six,100,1,62048,0.025001875,2481734,248173387,4.000000,328.000000
acquisition/call_six,100,2,62112,0.025006959,2483789,248378861,4.000000,328.000000
acquisition/call_six,100,3,61344,0.025002000,2453564,245356371,4.000000,328.000000
acquisition/call_six,100,4,61120,0.025013292,2443501,244350084,4.000000,328.000000
acquisition/call_six,100,5,61504,0.025001833,2459980,245997963,4.000000,328.000000
acquisition/call_six,100,6,61248,0.025003292,2449597,244959744,4.000000,328.000000
acquisition/call_nested,100,0,91680,0.025006333,3666271,366627126,3.000000,184.000000
acquisition/call_nested,100,1,91840,0.025001667,3673355,367335506,3.000000,184.000000
acquisition/call_nested,100,2,92320,0.025000625,3692708,369270768,3.000000,184.000000
acquisition/call_nested,100,3,92960,0.025000458,3718332,371833188,3.000000,184.000000
acquisition/call_nested,100,4,93632,0.025003292,3744787,374478689,3.000000,184.000000
acquisition/call_nested,100,5,93056,0.025006500,3721272,372127247,3.000000,184.000000
acquisition/call_nested,100,6,90144,0.025000875,3605634,360563380,3.000000,184.000000
acquisition/call_repeated,100,0,96544,0.025007417,3860615,386061463,3.000000,184.000000
acquisition/call_repeated,100,1,97952,0.025003041,3917603,391760346,3.000000,184.000000
acquisition/call_repeated,100,2,98304,0.025000458,3932088,393208796,3.000000,184.000000
acquisition/call_repeated,100,3,97696,0.025005625,3906961,390696093,3.000000,184.000000
acquisition/call_repeated,100,4,99040,0.025002291,3961237,396123699,3.000000,184.000000
acquisition/call_repeated,100,5,99104,0.025005291,3963321,396332120,3.000000,184.000000
acquisition/call_repeated,100,6,99392,0.025000875,3975541,397554086,3.000000,184.000000
acquisition/call_one,500,0,59136,0.025005750,2364896,1182448037,3.000000,184.000000
acquisition/call_one,500,1,58976,0.025001583,2358891,1179445318,3.000000,184.000000
acquisition/call_one,500,2,59200,0.025002292,2367783,1183891461,3.000000,184.000000
acquisition/call_one,500,3,59040,0.025003083,2361309,1180654402,3.000000,184.000000
acquisition/call_one,500,4,59008,0.025003500,2359990,1179994801,3.000000,184.000000
acquisition/call_one,500,5,58752,0.025000958,2349990,1174994974,3.000000,184.000000
acquisition/call_one,500,6,58720,0.025009625,2347896,1173948030,3.000000,184.000000
acquisition/call_three,500,0,50144,0.025001625,2005630,1002814817,3.000000,184.000000
acquisition/call_three,500,1,50336,0.025010125,2012625,1006312443,3.000000,184.000000
acquisition/call_three,500,2,50528,0.025002042,2020955,1010477464,3.000000,184.000000
acquisition/call_three,500,3,50784,0.025014917,2030149,1015074325,3.000000,184.000000
acquisition/call_three,500,4,50592,0.025003500,2023397,1011698362,3.000000,184.000000
acquisition/call_three,500,5,50560,0.025000875,2022329,1011164609,3.000000,184.000000
acquisition/call_three,500,6,50560,0.025013250,2021329,1010664348,3.000000,184.000000
acquisition/call_six,500,0,39968,0.025015125,1597753,798876680,4.000000,328.000000
acquisition/call_six,500,1,39968,0.025007459,1598243,799121574,4.000000,328.000000
acquisition/call_six,500,2,40224,0.025002625,1608791,804395538,4.000000,328.000000
acquisition/call_six,500,3,40320,0.025003125,1612598,806299213,4.000000,328.000000
acquisition/call_six,500,4,40288,0.025017042,1610422,805211104,4.000000,328.000000
acquisition/call_six,500,5,40096,0.025015000,1602878,801439137,4.000000,328.000000
acquisition/call_six,500,6,40128,0.025012791,1604299,802149588,4.000000,328.000000
acquisition/call_nested,500,0,51264,0.025009083,2049815,1024907631,3.000000,184.000000
acquisition/call_nested,500,1,51520,0.025004416,2060436,1030218022,3.000000,184.000000
acquisition/call_nested,500,2,51488,0.025003250,2059252,1029626149,3.000000,184.000000
acquisition/call_nested,500,3,50976,0.025004208,2038697,1019348423,3.000000,184.000000
acquisition/call_nested,500,4,51168,0.025011750,2045758,1022879247,3.000000,184.000000
acquisition/call_nested,500,5,51488,0.025007583,2058895,1029447748,3.000000,184.000000
acquisition/call_nested,500,6,51456,0.025005375,2057798,1028898787,3.000000,184.000000
acquisition/call_repeated,500,0,53184,0.025007750,2126701,1063350361,3.000000,184.000000
acquisition/call_repeated,500,1,53248,0.025001750,2129771,1064885458,3.000000,184.000000
acquisition/call_repeated,500,2,53088,0.025008042,2122837,1061418563,3.000000,184.000000
acquisition/call_repeated,500,3,52992,0.025002667,2119454,1059726948,3.000000,184.000000
acquisition/call_repeated,500,4,53440,0.025013292,2136464,1068232042,3.000000,184.000000
acquisition/call_repeated,500,5,52864,0.025005750,2114074,1057036882,3.000000,184.000000
acquisition/call_repeated,500,6,52192,0.025014500,2086470,1043234924,3.000000,184.000000
acquisition/call_one,1024,0,35808,0.025004875,1432041,1466409730,3.000000,184.000000
acquisition/call_one,1024,1,35904,0.025004542,1435899,1470360705,3.000000,184.000000
acquisition/call_one,1024,2,35936,0.025004750,1437167,1471658945,3.000000,184.000000
acquisition/call_one,1024,3,36000,0.025013125,1439244,1473786262,3.000000,184.000000
acquisition/call_one,1024,4,35936,0.025016709,1436480,1470955432,3.000000,184.000000
acquisition/call_one,1024,5,35840,0.025006833,1433208,1467605274,3.000000,184.000000
acquisition/call_one,1024,6,35968,0.025016292,1437783,1472289818,3.000000,184.000000
acquisition/call_three,1024,0,32480,0.025000875,1299155,1330334238,3.000000,184.000000
acquisition/call_three,1024,1,32512,0.025013792,1299763,1330957258,3.000000,184.000000
acquisition/call_three,1024,2,32608,0.025005917,1304011,1335307639,3.000000,184.000000
acquisition/call_three,1024,3,32704,0.025015875,1307330,1338705762,3.000000,184.000000
acquisition/call_three,1024,4,32672,0.025012875,1306207,1337556279,3.000000,184.000000
acquisition/call_three,1024,5,32576,0.025000667,1303005,1334277361,3.000000,184.000000
acquisition/call_three,1024,6,32576,0.025000083,1303036,1334308530,3.000000,184.000000
acquisition/call_six,1024,0,27968,0.025018292,1117902,1144731703,4.000000,328.000000
acquisition/call_six,1024,1,27968,0.025019833,1117833,1144661197,4.000000,328.000000
acquisition/call_six,1024,2,27904,0.025012500,1115602,1142376652,4.000000,328.000000
acquisition/call_six,1024,3,28000,0.025003500,1119843,1146719459,4.000000,328.000000
acquisition/call_six,1024,4,28000,0.025009750,1119563,1146432891,4.000000,328.000000
acquisition/call_six,1024,5,28064,0.025003667,1122395,1149332856,4.000000,328.000000
acquisition/call_six,1024,6,28032,0.025027500,1120048,1146929098,4.000000,328.000000
acquisition/call_nested,1024,0,32736,0.025015667,1308620,1340026792,3.000000,184.000000
acquisition/call_nested,1024,1,32736,0.025002041,1309333,1340757101,3.000000,184.000000
acquisition/call_nested,1024,2,32736,0.025015917,1308607,1340013400,3.000000,184.000000
acquisition/call_nested,1024,3,32896,0.025014375,1315084,1346645839,3.000000,184.000000
acquisition/call_nested,1024,4,32928,0.025021750,1315975,1347558504,3.000000,184.000000
acquisition/call_nested,1024,5,32800,0.025019333,1310986,1342449857,3.000000,184.000000
acquisition/call_nested,1024,6,32928,0.025007208,1316740,1348342126,3.000000,184.000000
acquisition/call_repeated,1024,0,33408,0.025018959,1335307,1367354733,3.000000,184.000000
acquisition/call_repeated,1024,1,33504,0.025022334,1338964,1371098955,3.000000,184.000000
acquisition/call_repeated,1024,2,33376,0.025022834,1333822,1365833462,3.000000,184.000000
acquisition/call_repeated,1024,3,33600,0.025021542,1342843,1375071129,3.000000,184.000000
acquisition/call_repeated,1024,4,33600,0.025004333,1343767,1376017509,3.000000,184.000000
acquisition/call_repeated,1024,5,33600,0.025008416,1343548,1375792853,3.000000,184.000000
acquisition/call_repeated,1024,6,33632,0.025017917,1344317,1376580153,3.000000,184.000000
acquisition/call_one,10240,0,4608,0.025122625,183420,1878224111,3.000000,184.000000
acquisition/call_one,10240,1,4608,0.025141042,183286,1876848223,3.000000,184.000000
acquisition/call_one,10240,2,4608,0.025151208,183212,1876089610,3.000000,184.000000
acquisition/call_one,10240,3,4576,0.025053959,182646,1870292835,3.000000,184.000000
acquisition/call_one,10240,4,4608,0.025119666,183442,1878445358,3.000000,184.000000
acquisition/call_one,10240,5,4576,0.025007375,182986,1873776836,3.000000,184.000000
acquisition/call_one,10240,6,4576,0.025030125,182820,1872073751,3.000000,184.000000
acquisition/call_three,10240,0,4544,0.025146625,180700,1850369980,3.000000,184.000000
acquisition/call_three,10240,1,4544,0.025132292,180803,1851425250,3.000000,184.000000
acquisition/call_three,10240,2,4544,0.025140584,180744,1850814603,3.000000,184.000000
acquisition/call_three,10240,3,4544,0.025130375,180817,1851566481,3.000000,184.000000
acquisition/call_three,10240,4,4544,0.025124500,180859,1851999443,3.000000,184.000000
acquisition/call_three,10240,5,4544,0.025070417,181249,1855994657,3.000000,184.000000
acquisition/call_three,10240,6,4512,0.025034333,180232,1845580627,3.000000,184.000000
acquisition/call_six,10240,0,4416,0.025148000,175600,1798148561,4.000000,328.000000
acquisition/call_six,10240,1,4448,0.025142625,176911,1811565817,4.000000,328.000000
acquisition/call_six,10240,2,4416,0.025046958,176309,1805402476,4.000000,328.000000
acquisition/call_six,10240,3,4416,0.025029125,176434,1806688808,4.000000,328.000000
acquisition/call_six,10240,4,4416,0.025032875,176408,1806418160,4.000000,328.000000
acquisition/call_six,10240,5,4416,0.025014958,176534,1807712010,4.000000,328.000000
acquisition/call_six,10240,6,4448,0.025170458,176715,1809562623,4.000000,328.000000
acquisition/call_nested,10240,0,4544,0.025169167,180538,1848712752,3.000000,184.000000
acquisition/call_nested,10240,1,4544,0.025104667,181002,1853462545,3.000000,184.000000
acquisition/call_nested,10240,2,4544,0.025131625,180808,1851474387,3.000000,184.000000
acquisition/call_nested,10240,3,4544,0.025106625,180988,1853317999,3.000000,184.000000
acquisition/call_nested,10240,4,4544,0.025137792,180764,1851020169,3.000000,184.000000
acquisition/call_nested,10240,5,4544,0.025104125,181006,1853502562,3.000000,184.000000
acquisition/call_nested,10240,6,4544,0.025096750,181059,1854047237,3.000000,184.000000
acquisition/call_repeated,10240,0,4544,0.025047125,181418,1857720597,3.000000,184.000000
acquisition/call_repeated,10240,1,4544,0.025015417,181648,1860075329,3.000000,184.000000
acquisition/call_repeated,10240,2,4544,0.025062917,181304,1856550058,3.000000,184.000000
acquisition/call_repeated,10240,3,4576,0.025159334,181881,1862459475,3.000000,184.000000
acquisition/call_repeated,10240,4,4544,0.025032542,181524,1858802834,3.000000,184.000000
acquisition/call_repeated,10240,5,4544,0.025058875,181333,1856849519,3.000000,184.000000
acquisition/call_repeated,10240,6,4544,0.025038417,181481,1858366685,3.000000,184.000000
acquisition/call_one,1048576,0,64,0.034643792,1847,1937110811,3.000000,184.000000
acquisition/call_one,1048576,1,64,0.034399708,1860,1950855629,3.000000,184.000000
acquisition/call_one,1048576,2,64,0.034484208,1856,1946075259,3.000000,184.000000
acquisition/call_one,1048576,3,64,0.034506209,1855,1944834450,3.000000,184.000000
acquisition/call_one,1048576,4,64,0.034562542,1852,1941664592,3.000000,184.000000
acquisition/call_one,1048576,5,64,0.034510708,1854,1944580911,3.000000,184.000000
acquisition/call_one,1048576,6,64,0.034480125,1856,1946305705,3.000000,184.000000
acquisition/call_three,1048576,0,64,0.034505333,1855,1944883824,3.000000,184.000000
acquisition/call_three,1048576,1,64,0.034544000,1853,1942706809,3.000000,184.000000
acquisition/call_three,1048576,2,64,0.034534708,1853,1943229519,3.000000,184.000000
acquisition/call_three,1048576,3,64,0.034524875,1854,1943782968,3.000000,184.000000
acquisition/call_three,1048576,4,64,0.034577333,1851,1940834014,3.000000,184.000000
acquisition/call_three,1048576,5,64,0.034549250,1852,1942411601,3.000000,184.000000
acquisition/call_three,1048576,6,64,0.034554166,1852,1942135255,3.000000,184.000000
acquisition/call_six,1048576,0,64,0.034516250,1854,1944268685,4.000000,328.000000
acquisition/call_six,1048576,1,64,0.034541333,1853,1942856809,4.000000,328.000000
acquisition/call_six,1048576,2,64,0.034548459,1852,1942456073,4.000000,328.000000
acquisition/call_six,1048576,3,64,0.034466666,1857,1947065724,4.000000,328.000000
acquisition/call_six,1048576,4,64,0.034548667,1852,1942444379,4.000000,328.000000
acquisition/call_six,1048576,5,64,0.034531292,1853,1943421752,4.000000,328.000000
acquisition/call_six,1048576,6,64,0.034503417,1855,1944991825,4.000000,328.000000
acquisition/call_nested,1048576,0,64,0.034554708,1852,1942104792,3.000000,184.000000
acquisition/call_nested,1048576,1,64,0.034536083,1853,1943152152,3.000000,184.000000
acquisition/call_nested,1048576,2,64,0.034563583,1852,1941606112,3.000000,184.000000
acquisition/call_nested,1048576,3,64,0.034529416,1853,1943527339,3.000000,184.000000
acquisition/call_nested,1048576,4,64,0.034491083,1856,1945687353,3.000000,184.000000
acquisition/call_nested,1048576,5,64,0.034559375,1852,1941842525,3.000000,184.000000
acquisition/call_nested,1048576,6,64,0.034521875,1854,1943951886,3.000000,184.000000
acquisition/call_repeated,1048576,0,64,0.034664792,1846,1935937305,3.000000,184.000000
acquisition/call_repeated,1048576,1,64,0.034556875,1852,1941983006,3.000000,184.000000
acquisition/call_repeated,1048576,2,64,0.034495750,1855,1945424117,3.000000,184.000000
acquisition/call_repeated,1048576,3,64,0.034835542,1837,1926448109,3.000000,184.000000
acquisition/call_repeated,1048576,4,64,0.034568750,1851,1941315899,3.000000,184.000000
acquisition/call_repeated,1048576,5,64,0.034443583,1858,1948370586,3.000000,184.000000
acquisition/call_repeated,1048576,6,64,0.034442667,1858,1948422403,3.000000,184.000000
acquisition/lookup_1_short_raw,500,0,82144,0.025007250,3284807,1642403703,0.000000,0.000000
acquisition/lookup_1_short_raw,500,1,82688,0.025005959,3306732,1653365904,0.000000,0.000000
acquisition/lookup_1_short_raw,500,2,82656,0.025006833,3305337,1652668293,0.000000,0.000000
acquisition/lookup_1_short_raw,500,3,82496,0.025004917,3299191,1649595558,0.000000,0.000000
acquisition/lookup_1_short_raw,500,4,82752,0.025002541,3309744,1654871799,0.000000,0.000000
acquisition/lookup_1_short_raw,500,5,83040,0.025007459,3320609,1660304632,0.000000,0.000000
acquisition/lookup_1_short_raw,500,6,82944,0.025004000,3317229,1658614622,0.000000,0.000000
acquisition/lookup_1_short_escaped,500,0,77184,0.025008083,3086362,1543181059,0.000000,0.000000
acquisition/lookup_1_short_escaped,500,1,77120,0.025006666,3083978,1541988844,0.000000,0.000000
acquisition/lookup_1_short_escaped,500,2,77184,0.025004458,3086810,1543404780,0.000000,0.000000
acquisition/lookup_1_short_escaped,500,3,77088,0.025009500,3082349,1541174354,0.000000,0.000000
acquisition/lookup_1_short_escaped,500,4,77056,0.025002709,3081906,1540953022,0.000000,0.000000
acquisition/lookup_1_short_escaped,500,5,77568,0.025007667,3101769,1550884375,0.000000,0.000000
acquisition/lookup_1_short_escaped,500,6,77632,0.025005291,3104623,1552311469,0.000000,0.000000
acquisition/lookup_1_short_varying,500,0,81888,0.025009834,3274232,1637116024,0.000000,0.000000
acquisition/lookup_1_short_varying,500,1,82304,0.025004917,3291513,1645756313,0.000000,0.000000
acquisition/lookup_1_short_varying,500,2,82528,0.025008458,3300004,1650001771,0.000000,0.000000
acquisition/lookup_1_short_varying,500,3,82336,0.025008167,3292364,1646182225,0.000000,0.000000
acquisition/lookup_1_short_varying,500,4,82144,0.025006208,3284944,1642472141,0.000000,0.000000
acquisition/lookup_1_short_varying,500,5,82592,0.025002167,3303394,1651696831,0.000000,0.000000
acquisition/lookup_1_short_varying,500,6,82624,0.025003000,3304563,1652281726,0.000000,0.000000
acquisition/lookup_1_ascii_raw,500,0,82816,0.025004667,3312022,1656010856,0.000000,0.000000
acquisition/lookup_1_ascii_raw,500,1,82688,0.025004625,3306908,1653454111,0.000000,0.000000
acquisition/lookup_1_ascii_raw,500,2,82592,0.025000250,3303647,1651823482,0.000000,0.000000
acquisition/lookup_1_ascii_raw,500,3,82848,0.025001500,3313721,1656860588,0.000000,0.000000
acquisition/lookup_1_ascii_raw,500,4,82816,0.025007750,3311613,1655806700,0.000000,0.000000
acquisition/lookup_1_ascii_raw,500,5,82752,0.025003125,3309666,1654833146,0.000000,0.000000
acquisition/lookup_1_ascii_raw,500,6,82816,0.025009291,3311409,1655704674,0.000000,0.000000
acquisition/lookup_1_ascii_escaped,500,0,64992,0.025009250,2598718,1299359237,0.000000,0.000000
acquisition/lookup_1_ascii_escaped,500,1,64832,0.025007792,2592472,1296235989,0.000000,0.000000
acquisition/lookup_1_ascii_escaped,500,2,64960,0.025004375,2597945,1298972680,0.000000,0.000000
acquisition/lookup_1_ascii_escaped,500,3,64832,0.025007167,2592537,1296268386,0.000000,0.000000
acquisition/lookup_1_ascii_escaped,500,4,64832,0.025005083,2592753,1296376421,0.000000,0.000000
acquisition/lookup_1_ascii_escaped,500,5,65024,0.025005708,2600366,1300183142,0.000000,0.000000
acquisition/lookup_1_ascii_escaped,500,6,64736,0.025009542,2588452,1294226020,0.000000,0.000000
acquisition/lookup_1_ascii_varying,500,0,81664,0.025008042,3265510,1632754775,0.000000,0.000000
acquisition/lookup_1_ascii_varying,500,1,81984,0.025003208,3278939,1639469623,0.000000,0.000000
acquisition/lookup_1_ascii_varying,500,2,81888,0.025003041,3275122,1637560807,0.000000,0.000000
acquisition/lookup_1_ascii_varying,500,3,81888,0.025002167,3275236,1637618051,0.000000,0.000000
acquisition/lookup_1_ascii_varying,500,4,81184,0.025006542,3246510,1623255227,0.000000,0.000000
acquisition/lookup_1_ascii_varying,500,5,81056,0.025004417,3241667,1620833631,0.000000,0.000000
acquisition/lookup_1_ascii_varying,500,6,80864,0.025008958,3233401,1616700704,0.000000,0.000000
acquisition/lookup_1_unicode_raw,500,0,78400,0.025006083,3135237,1567618567,0.000000,0.000000
acquisition/lookup_1_unicode_raw,500,1,78208,0.025006000,3127569,1563784692,0.000000,0.000000
acquisition/lookup_1_unicode_raw,500,2,78496,0.025000958,3139720,1569859843,0.000000,0.000000
acquisition/lookup_1_unicode_raw,500,3,78464,0.025000917,3138445,1569222441,0.000000,0.000000
acquisition/lookup_1_unicode_raw,500,4,78592,0.025007667,3142716,1571358096,0.000000,0.000000
acquisition/lookup_1_unicode_raw,500,5,78464,0.025004542,3137990,1568994945,0.000000,0.000000
acquisition/lookup_1_unicode_raw,500,6,78464,0.025007250,3137650,1568825041,0.000000,0.000000
acquisition/lookup_1_unicode_escaped,500,0,72736,0.025004000,2908975,1454487282,0.000000,0.000000
acquisition/lookup_1_unicode_escaped,500,1,73312,0.025003416,2932079,1466039680,0.000000,0.000000
acquisition/lookup_1_unicode_escaped,500,2,73216,0.025009333,2927547,1463773544,0.000000,0.000000
acquisition/lookup_1_unicode_escaped,500,3,73184,0.025009583,2926238,1463119157,0.000000,0.000000
acquisition/lookup_1_unicode_escaped,500,4,73344,0.025001709,2933559,1466779731,0.000000,0.000000
acquisition/lookup_1_unicode_escaped,500,5,73504,0.025008625,2939146,1469572997,0.000000,0.000000
acquisition/lookup_1_unicode_escaped,500,6,72544,0.025010541,2900537,1450268509,0.000000,0.000000
acquisition/lookup_1_unicode_varying,500,0,77344,0.025007083,3092884,1546441862,0.000000,0.000000
acquisition/lookup_1_unicode_varying,500,1,77472,0.025007334,3097971,1548985590,0.000000,0.000000
acquisition/lookup_1_unicode_varying,500,2,77152,0.025006000,3085340,1542669759,0.000000,0.000000
acquisition/lookup_1_unicode_varying,500,3,76928,0.025000291,3077084,1538542091,0.000000,0.000000
acquisition/lookup_1_unicode_varying,500,4,76928,0.025006583,3076310,1538154973,0.000000,0.000000
acquisition/lookup_1_unicode_varying,500,5,77120,0.025002959,3084435,1542217463,0.000000,0.000000
acquisition/lookup_1_unicode_varying,500,6,77312,0.025000750,3092387,1546193614,0.000000,0.000000
acquisition/lookup_4_short_raw,500,0,77024,0.025003750,3080498,1540248963,0.000000,0.000000
acquisition/lookup_4_short_raw,500,1,76832,0.025007083,3072410,1536204762,0.000000,0.000000
acquisition/lookup_4_short_raw,500,2,77152,0.025005708,3085376,1542687774,0.000000,0.000000
acquisition/lookup_4_short_raw,500,3,76928,0.025009833,3075910,1537955092,0.000000,0.000000
acquisition/lookup_4_short_raw,500,4,76992,0.025010333,3078408,1539203816,0.000000,0.000000
acquisition/lookup_4_short_raw,500,5,77312,0.025004208,3091960,1545979781,0.000000,0.000000
acquisition/lookup_4_short_raw,500,6,77152,0.025006250,3085309,1542654336,0.000000,0.000000
acquisition/lookup_4_short_escaped,500,0,70080,0.025006417,2802481,1401240330,0.000000,0.000000
acquisition/lookup_4_short_escaped,500,1,70400,0.025000792,2815911,1407955396,0.000000,0.000000
acquisition/lookup_4_short_escaped,500,2,70752,0.025005958,2829406,1414702848,0.000000,0.000000
acquisition/lookup_4_short_escaped,500,3,70496,0.025004000,2819389,1409694449,0.000000,0.000000
acquisition/lookup_4_short_escaped,500,4,70464,0.025008542,2817597,1408798642,0.000000,0.000000
acquisition/lookup_4_short_escaped,500,5,69920,0.025004667,2796278,1398138995,0.000000,0.000000
acquisition/lookup_4_short_escaped,500,6,70272,0.025001917,2810664,1405332239,0.000000,0.000000
acquisition/lookup_4_short_varying,500,0,76352,0.025007083,3053215,1526607482,0.000000,0.000000
acquisition/lookup_4_short_varying,500,1,76384,0.025004125,3054856,1527427974,0.000000,0.000000
acquisition/lookup_4_short_varying,500,2,76448,0.025008000,3056942,1528470889,0.000000,0.000000
acquisition/lookup_4_short_varying,500,3,76384,0.025004875,3054764,1527382160,0.000000,0.000000
acquisition/lookup_4_short_varying,500,4,76384,0.025000417,3055309,1527654519,0.000000,0.000000
acquisition/lookup_4_short_varying,500,5,76288,0.025002208,3051251,1525625257,0.000000,0.000000
acquisition/lookup_4_short_varying,500,6,76096,0.025010167,3042603,1521301317,0.000000,0.000000
acquisition/lookup_4_ascii_raw,500,0,63168,0.025006084,2526105,1263052624,0.000000,0.000000
acquisition/lookup_4_ascii_raw,500,1,63648,0.025007042,2545203,1272601534,0.000000,0.000000
acquisition/lookup_4_ascii_raw,500,2,63744,0.025001791,2549577,1274788674,0.000000,0.000000
acquisition/lookup_4_ascii_raw,500,3,63296,0.025008250,2531005,1265502384,0.000000,0.000000
acquisition/lookup_4_ascii_raw,500,4,63840,0.025009208,2552660,1276329902,0.000000,0.000000
acquisition/lookup_4_ascii_raw,500,5,63904,0.025010666,2555070,1277534952,0.000000,0.000000
acquisition/lookup_4_ascii_raw,500,6,63968,0.025009291,2557769,1278884715,0.000000,0.000000
acquisition/lookup_4_ascii_escaped,500,0,49344,0.025008250,1973109,986554437,0.000000,0.000000
acquisition/lookup_4_ascii_escaped,500,1,49504,0.025011542,1979246,989623111,0.000000,0.000000
acquisition/lookup_4_ascii_escaped,500,2,49472,0.025000125,1978870,989435053,0.000000,0.000000
acquisition/lookup_4_ascii_escaped,500,3,49696,0.025009375,1987095,993547420,0.000000,0.000000
acquisition/lookup_4_ascii_escaped,500,4,49664,0.025009333,1985819,992909327,0.000000,0.000000
acquisition/lookup_4_ascii_escaped,500,5,49888,0.025004959,1995124,997562124,0.000000,0.000000
acquisition/lookup_4_ascii_escaped,500,6,49888,0.025004375,1995171,997585423,0.000000,0.000000
acquisition/lookup_4_ascii_varying,500,0,62816,0.025001500,2512489,1256244625,0.000000,0.000000
acquisition/lookup_4_ascii_varying,500,1,63744,0.025005709,2549178,1274588935,0.000000,0.000000
acquisition/lookup_4_ascii_varying,500,2,63712,0.025004584,2548013,1274006398,0.000000,0.000000
acquisition/lookup_4_ascii_varying,500,3,63776,0.025009250,2550096,1275048232,0.000000,0.000000
acquisition/lookup_4_ascii_varying,500,4,63680,0.025011208,2546059,1273029276,0.000000,0.000000
acquisition/lookup_4_ascii_varying,500,5,63680,0.025008000,2546385,1273192578,0.000000,0.000000
acquisition/lookup_4_ascii_varying,500,6,63872,0.025003833,2554488,1277244173,0.000000,0.000000
acquisition/lookup_4_unicode_raw,500,0,69600,0.025005542,2783383,1391691490,0.000000,0.000000
acquisition/lookup_4_unicode_raw,500,1,69504,0.025007500,2779326,1389663101,0.000000,0.000000
acquisition/lookup_4_unicode_raw,500,2,69440,0.025009708,2776522,1388260911,0.000000,0.000000
acquisition/lookup_4_unicode_raw,500,3,69632,0.025000834,2785187,1392593543,0.000000,0.000000
acquisition/lookup_4_unicode_raw,500,4,69632,0.025007875,2784403,1392201457,0.000000,0.000000
acquisition/lookup_4_unicode_raw,500,5,69664,0.025003833,2786133,1393066415,0.000000,0.000000
acquisition/lookup_4_unicode_raw,500,6,69536,0.025003291,2781074,1390536950,0.000000,0.000000
acquisition/lookup_4_unicode_escaped,500,0,62656,0.025003792,2505860,1252929956,0.000000,0.000000
acquisition/lookup_4_unicode_escaped,500,1,62784,0.025008333,2510523,1255261596,0.000000,0.000000
acquisition/lookup_4_unicode_escaped,500,2,62912,0.025005666,2515910,1257954897,0.000000,0.000000
acquisition/lookup_4_unicode_escaped,500,3,62752,0.025007042,2509373,1254686580,0.000000,0.000000
acquisition/lookup_4_unicode_escaped,500,4,62848,0.025002792,2513639,1256819638,0.000000,0.000000
acquisition/lookup_4_unicode_escaped,500,5,63008,0.025010292,2519283,1259641431,0.000000,0.000000
acquisition/lookup_4_unicode_escaped,500,6,63040,0.025007875,2520806,1260402973,0.000000,0.000000
acquisition/lookup_4_unicode_varying,500,0,69024,0.025002125,2760725,1380362669,0.000000,0.000000
acquisition/lookup_4_unicode_varying,500,1,69344,0.025002250,2773510,1386755192,0.000000,0.000000
acquisition/lookup_4_unicode_varying,500,2,69632,0.025005125,2784709,1392354567,0.000000,0.000000
acquisition/lookup_4_unicode_varying,500,3,69376,0.025005750,2774402,1387200944,0.000000,0.000000
acquisition/lookup_4_unicode_varying,500,4,68992,0.025001584,2759505,1379752579,0.000000,0.000000
acquisition/lookup_4_unicode_varying,500,5,69440,0.025004500,2777100,1388550061,0.000000,0.000000
acquisition/lookup_4_unicode_varying,500,6,69344,0.025000375,2773718,1386859197,0.000000,0.000000
acquisition/lookup_32_short_raw,500,0,76448,0.025009125,3056804,1528402133,0.000000,0.000000
acquisition/lookup_32_short_raw,500,1,76352,0.025007209,3053200,1526599790,0.000000,0.000000
acquisition/lookup_32_short_raw,500,2,76736,0.025005625,3068750,1534374766,0.000000,0.000000
acquisition/lookup_32_short_raw,500,3,76864,0.025009292,3073418,1536708836,0.000000,0.000000
acquisition/lookup_32_short_raw,500,4,76896,0.025004083,3075338,1537668868,0.000000,0.000000
acquisition/lookup_32_short_raw,500,5,76832,0.025009459,3072118,1536058817,0.000000,0.000000
acquisition/lookup_32_short_raw,500,6,76768,0.025000333,3070679,1535339549,0.000000,0.000000
acquisition/lookup_32_short_escaped,500,0,69728,0.025005417,2788516,1394257892,0.000000,0.000000
acquisition/lookup_32_short_escaped,500,1,70080,0.025002542,2802915,1401457500,0.000000,0.000000
acquisition/lookup_32_short_escaped,500,2,69888,0.025005208,2794938,1397468879,0.000000,0.000000
acquisition/lookup_32_short_escaped,500,3,69760,0.025001708,2790209,1395104686,0.000000,0.000000
acquisition/lookup_32_short_escaped,500,4,70144,0.025011167,2804507,1402253641,0.000000,0.000000
acquisition/lookup_32_short_escaped,500,5,70144,0.025003000,2805423,1402711675,0.000000,0.000000
acquisition/lookup_32_short_escaped,500,6,70336,0.025003750,2813018,1406509024,0.000000,0.000000
acquisition/lookup_32_short_varying,500,0,75328,0.025006417,3012347,1506173395,0.000000,0.000000
acquisition/lookup_32_short_varying,500,1,75424,0.025010208,3015729,1507864309,0.000000,0.000000
acquisition/lookup_32_short_varying,500,2,74944,0.025010458,2996507,1498253251,0.000000,0.000000
acquisition/lookup_32_short_varying,500,3,74816,0.025009417,2991513,1495756578,0.000000,0.000000
acquisition/lookup_32_short_varying,500,4,75264,0.025003458,3010144,1505071818,0.000000,0.000000
acquisition/lookup_32_short_varying,500,5,75360,0.025003375,3013993,1506996555,0.000000,0.000000
acquisition/lookup_32_short_varying,500,6,75424,0.025004375,3016432,1508216062,0.000000,0.000000
acquisition/lookup_32_ascii_raw,500,0,63552,0.025005291,2541542,1270771054,0.000000,0.000000
acquisition/lookup_32_ascii_raw,500,1,63488,0.025008209,2538686,1269343198,0.000000,0.000000
acquisition/lookup_32_ascii_raw,500,2,63776,0.025002916,2550742,1275371241,0.000000,0.000000
acquisition/lookup_32_ascii_raw,500,3,63008,0.025005542,2519761,1259880710,0.000000,0.000000
acquisition/lookup_32_ascii_raw,500,4,63360,0.025009875,2533399,1266699654,0.000000,0.000000
acquisition/lookup_32_ascii_raw,500,5,63616,0.025000167,2544623,1272311501,0.000000,0.000000
acquisition/lookup_32_ascii_raw,500,6,63200,0.025007750,2527217,1263608281,0.000000,0.000000
acquisition/lookup_32_ascii_escaped,500,0,47552,0.025003333,1901826,950913224,0.000000,0.000000
acquisition/lookup_32_ascii_escaped,500,1,47584,0.025000042,1903357,951678401,0.000000,0.000000
acquisition/lookup_32_ascii_escaped,500,2,49024,0.025013041,1959938,979968809,0.000000,0.000000
acquisition/lookup_32_ascii_escaped,500,3,49472,0.025008625,1978198,989098761,0.000000,0.000000
acquisition/lookup_32_ascii_escaped,500,4,49536,0.025003875,1981133,990566462,0.000000,0.000000
acquisition/lookup_32_ascii_escaped,500,5,49664,0.025010541,1985723,992861370,0.000000,0.000000
acquisition/lookup_32_ascii_escaped,500,6,48640,0.025013250,1944569,972284689,0.000000,0.000000
acquisition/lookup_32_ascii_varying,500,0,62496,0.025009000,2498940,1249470191,0.000000,0.000000
acquisition/lookup_32_ascii_varying,500,1,62784,0.025005500,2510808,1255403811,0.000000,0.000000
acquisition/lookup_32_ascii_varying,500,2,63072,0.025010042,2521867,1260933508,0.000000,0.000000
acquisition/lookup_32_ascii_varying,500,3,63424,0.025010958,2535848,1267924243,0.000000,0.000000
acquisition/lookup_32_ascii_varying,500,4,63392,0.025006917,2534979,1267489311,0.000000,0.000000
acquisition/lookup_32_ascii_varying,500,5,63392,0.025009084,2534759,1267379485,0.000000,0.000000
acquisition/lookup_32_ascii_varying,500,6,63328,0.025002042,2532913,1266456556,0.000000,0.000000
acquisition/lookup_32_unicode_raw,500,0,70016,0.025011208,2799385,1399692490,0.000000,0.000000
acquisition/lookup_32_unicode_raw,500,1,70016,0.025006792,2799879,1399939664,0.000000,0.000000
acquisition/lookup_32_unicode_raw,500,2,69504,0.025000667,2780086,1390042914,0.000000,0.000000
acquisition/lookup_32_unicode_raw,500,3,69312,0.025004542,2771976,1385988194,0.000000,0.000000
acquisition/lookup_32_unicode_raw,500,4,69376,0.025001625,2774860,1387429817,0.000000,0.000000
acquisition/lookup_32_unicode_raw,500,5,69888,0.025002875,2795199,1397599276,0.000000,0.000000
acquisition/lookup_32_unicode_raw,500,6,69056,0.025011125,2761011,1380505675,0.000000,0.000000
acquisition/lookup_32_unicode_escaped,500,0,62496,0.025004083,2499432,1249715896,0.000000,0.000000
acquisition/lookup_32_unicode_escaped,500,1,62336,0.025011792,2492264,1246132224,0.000000,0.000000
acquisition/lookup_32_unicode_escaped,500,2,62592,0.025010375,2502641,1251320702,0.000000,0.000000
acquisition/lookup_32_unicode_escaped,500,3,62656,0.025005750,2505664,1252831849,0.000000,0.000000
acquisition/lookup_32_unicode_escaped,500,4,62080,0.025008542,2482352,1241175915,0.000000,0.000000
acquisition/lookup_32_unicode_escaped,500,5,62336,0.025001958,2493245,1246622365,0.000000,0.000000
acquisition/lookup_32_unicode_escaped,500,6,63040,0.025007000,2520894,1260447075,0.000000,0.000000
acquisition/lookup_32_unicode_varying,500,0,68256,0.025000875,2730144,1365072222,0.000000,0.000000
acquisition/lookup_32_unicode_varying,500,1,67872,0.025006875,2714134,1357066807,0.000000,0.000000
acquisition/lookup_32_unicode_varying,500,2,68096,0.025005333,2723259,1361629537,0.000000,0.000000
acquisition/lookup_32_unicode_varying,500,3,68096,0.025004083,2723395,1361697608,0.000000,0.000000
acquisition/lookup_32_unicode_varying,500,4,67840,0.025007125,2712827,1356413422,0.000000,0.000000
acquisition/lookup_32_unicode_varying,500,5,67808,0.025005333,2711742,1355870766,0.000000,0.000000
acquisition/lookup_32_unicode_varying,500,6,68160,0.025008750,2725446,1362723047,0.000000,0.000000
acquisition/lookup_128_short_raw,500,0,75968,0.025005709,3038026,1519013118,0.000000,0.000000
acquisition/lookup_128_short_raw,500,1,76032,0.025002709,3040950,1520475241,0.000000,0.000000
acquisition/lookup_128_short_raw,500,2,76320,0.025006542,3052001,1526000676,0.000000,0.000000
acquisition/lookup_128_short_raw,500,3,76352,0.025007292,3053189,1526594723,0.000000,0.000000
acquisition/lookup_128_short_raw,500,4,76320,0.025007250,3051915,1525957472,0.000000,0.000000
acquisition/lookup_128_short_raw,500,5,76096,0.025003500,3043414,1521706961,0.000000,0.000000
acquisition/lookup_128_short_raw,500,6,75488,0.025006708,3018710,1509355010,0.000000,0.000000
acquisition/lookup_128_short_escaped,500,0,68608,0.025002208,2744078,1372038822,0.000000,0.000000
acquisition/lookup_128_short_escaped,500,1,69056,0.025002042,2762014,1381007199,0.000000,0.000000
acquisition/lookup_128_short_escaped,500,2,68416,0.025005292,2736061,1368030415,0.000000,0.000000
acquisition/lookup_128_short_escaped,500,3,68832,0.025003083,2752941,1376470254,0.000000,0.000000
acquisition/lookup_128_short_escaped,500,4,69056,0.025010417,2761090,1380544755,0.000000,0.000000
acquisition/lookup_128_short_escaped,500,5,68800,0.025001541,2751830,1375915189,0.000000,0.000000
acquisition/lookup_128_short_escaped,500,6,68992,0.025007583,2758843,1379421594,0.000000,0.000000
acquisition/lookup_128_short_varying,500,0,73920,0.025010458,2955564,1477781814,0.000000,0.000000
acquisition/lookup_128_short_varying,500,1,74272,0.025009500,2969751,1484875747,0.000000,0.000000
acquisition/lookup_128_short_varying,500,2,74496,0.025000708,2979756,1489877807,0.000000,0.000000
acquisition/lookup_128_short_varying,500,3,73984,0.025003709,2958921,1479460507,0.000000,0.000000
acquisition/lookup_128_short_varying,500,4,74240,0.025007292,2968734,1484367040,0.000000,0.000000
acquisition/lookup_128_short_varying,500,5,74432,0.025004375,2976759,1488379534,0.000000,0.000000
acquisition/lookup_128_short_varying,500,6,74368,0.025000042,2974715,1487357501,0.000000,0.000000
acquisition/lookup_128_ascii_raw,500,0,63104,0.025011959,2522953,1261476560,0.000000,0.000000
acquisition/lookup_128_ascii_raw,500,1,63296,0.025009417,2530887,1265443333,0.000000,0.000000
acquisition/lookup_128_ascii_raw,500,2,63584,0.025010291,2542313,1271156741,0.000000,0.000000
acquisition/lookup_128_ascii_raw,500,3,63424,0.025007292,2536220,1268110118,0.000000,0.000000
acquisition/lookup_128_ascii_raw,500,4,63424,0.025005666,2536385,1268192577,0.000000,0.000000
acquisition/lookup_128_ascii_raw,500,5,63168,0.025009583,2525752,1262875914,0.000000,0.000000
acquisition/lookup_128_ascii_raw,500,6,63488,0.025008666,2538640,1269320003,0.000000,0.000000
acquisition/lookup_128_ascii_escaped,500,0,49600,0.025012959,1982972,991486053,0.000000,0.000000
acquisition/lookup_128_ascii_escaped,500,1,49216,0.025010291,1967830,983914981,0.000000,0.000000
acquisition/lookup_128_ascii_escaped,500,2,48736,0.025010875,1948592,974296181,0.000000,0.000000
acquisition/lookup_128_ascii_escaped,500,3,48800,0.025012833,1950999,975499257,0.000000,0.000000
acquisition/lookup_128_ascii_escaped,500,4,49408,0.025009500,1975569,987784642,0.000000,0.000000
acquisition/lookup_128_ascii_escaped,500,5,49664,0.025015583,1985323,992661254,0.000000,0.000000
acquisition/lookup_128_ascii_escaped,500,6,49536,0.025012416,1980456,990228213,0.000000,0.000000
acquisition/lookup_128_ascii_varying,500,0,61248,0.025008500,2449087,1224543655,0.000000,0.000000
acquisition/lookup_128_ascii_varying,500,1,61600,0.025012042,2462814,1231406856,0.000000,0.000000
acquisition/lookup_128_ascii_varying,500,2,61952,0.025001166,2477964,1238982214,0.000000,0.000000
acquisition/lookup_128_ascii_varying,500,3,61888,0.025004125,2475112,1237555803,0.000000,0.000000
acquisition/lookup_128_ascii_varying,500,4,62208,0.025000625,2488258,1244128897,0.000000,0.000000
acquisition/lookup_128_ascii_varying,500,5,62144,0.025009250,2484841,1242420304,0.000000,0.000000
acquisition/lookup_128_ascii_varying,500,6,62304,0.025008750,2491288,1245644025,0.000000,0.000000
acquisition/lookup_128_unicode_raw,500,0,68992,0.025008250,2758770,1379384803,0.000000,0.000000
acquisition/lookup_128_unicode_raw,500,1,69376,0.025010334,2773893,1386946692,0.000000,0.000000
acquisition/lookup_128_unicode_raw,500,2,69152,0.025009083,2765075,1382537696,0.000000,0.000000
acquisition/lookup_128_unicode_raw,500,3,69440,0.025009000,2776600,1388300212,0.000000,0.000000
acquisition/lookup_128_unicode_raw,500,4,69184,0.025007625,2766516,1383258106,0.000000,0.000000
acquisition/lookup_128_unicode_raw,500,5,69472,0.025004666,2778361,1389180723,0.000000,0.000000
acquisition/lookup_128_unicode_raw,500,6,69568,0.025001000,2782609,1391304348,0.000000,0.000000
acquisition/lookup_128_unicode_escaped,500,0,62464,0.025009208,2497640,1248820035,0.000000,0.000000
acquisition/lookup_128_unicode_escaped,500,1,62784,0.025007375,2510619,1255309684,0.000000,0.000000
acquisition/lookup_128_unicode_escaped,500,2,62880,0.025003959,2514802,1257400878,0.000000,0.000000
acquisition/lookup_128_unicode_escaped,500,3,63072,0.025011958,2521674,1260836916,0.000000,0.000000
acquisition/lookup_128_unicode_escaped,500,4,62720,0.025004917,2508307,1254153333,0.000000,0.000000
acquisition/lookup_128_unicode_escaped,500,5,62944,0.025002584,2517500,1258749896,0.000000,0.000000
acquisition/lookup_128_unicode_escaped,500,6,63072,0.025001625,2522716,1261358012,0.000000,0.000000
acquisition/lookup_128_unicode_varying,500,0,67776,0.025003541,2710656,1355328031,0.000000,0.000000
acquisition/lookup_128_unicode_varying,500,1,67520,0.025004959,2700264,1350132188,0.000000,0.000000
acquisition/lookup_128_unicode_varying,500,2,67872,0.025003291,2714523,1357261330,0.000000,0.000000
acquisition/lookup_128_unicode_varying,500,3,67968,0.025009542,2717683,1358841357,0.000000,0.000000
acquisition/lookup_128_unicode_varying,500,4,67328,0.025002000,2692905,1346452284,0.000000,0.000000
acquisition/lookup_128_unicode_varying,500,5,67232,0.025001875,2689078,1344539160,0.000000,0.000000
acquisition/lookup_128_unicode_varying,500,6,67264,0.025002542,2690286,1345143226,0.000000,0.000000
acquisition/lookup_4096_short_raw,500,0,73536,0.025003292,2941053,1470526361,0.000000,0.000000
acquisition/lookup_4096_short_raw,500,1,73664,0.025005250,2945941,1472970676,0.000000,0.000000
acquisition/lookup_4096_short_raw,500,2,73280,0.025002333,2930926,1465463243,0.000000,0.000000
acquisition/lookup_4096_short_raw,500,3,73504,0.025009292,2939068,1469533804,0.000000,0.000000
acquisition/lookup_4096_short_raw,500,4,73600,0.025001709,2943799,1471899381,0.000000,0.000000
acquisition/lookup_4096_short_raw,500,5,73568,0.025006875,2941911,1470955487,0.000000,0.000000
acquisition/lookup_4096_short_raw,500,6,73216,0.025004416,2928123,1464061388,0.000000,0.000000
acquisition/lookup_4096_short_escaped,500,0,66560,0.025010459,2661287,1330643312,0.000000,0.000000
acquisition/lookup_4096_short_escaped,500,1,66944,0.025005625,2677158,1338578820,0.000000,0.000000
acquisition/lookup_4096_short_escaped,500,2,66880,0.025008041,2674340,1337169913,0.000000,0.000000
acquisition/lookup_4096_short_escaped,500,3,66816,0.025008042,2671781,1335890271,0.000000,0.000000
acquisition/lookup_4096_short_escaped,500,4,66752,0.025011750,2668826,1334412826,0.000000,0.000000
acquisition/lookup_4096_short_escaped,500,5,66880,0.025001667,2675022,1337510815,0.000000,0.000000
acquisition/lookup_4096_short_escaped,500,6,66848,0.025006875,2673185,1336592437,0.000000,0.000000
acquisition/lookup_4096_short_varying,500,0,71808,0.025000792,2872229,1436114504,0.000000,0.000000
acquisition/lookup_4096_short_varying,500,1,71808,0.025005625,2871674,1435836937,0.000000,0.000000
acquisition/lookup_4096_short_varying,500,2,71936,0.025000500,2877382,1438691226,0.000000,0.000000
acquisition/lookup_4096_short_varying,500,3,71872,0.025010083,2873721,1436860485,0.000000,0.000000
acquisition/lookup_4096_short_varying,500,4,71872,0.025008375,2873917,1436958619,0.000000,0.000000
acquisition/lookup_4096_short_varying,500,5,72064,0.025008542,2881575,1440787712,0.000000,0.000000
acquisition/lookup_4096_short_varying,500,6,72128,0.025003500,2884716,1442358070,0.000000,0.000000
acquisition/lookup_4096_ascii_raw,500,0,61984,0.025009459,2478422,1239211132,0.000000,0.000000
acquisition/lookup_4096_ascii_raw,500,1,61376,0.025010041,2454054,1227027177,0.000000,0.000000
acquisition/lookup_4096_ascii_raw,500,2,61856,0.025002792,2473964,1236981854,0.000000,0.000000
acquisition/lookup_4096_ascii_raw,500,3,62048,0.025003708,2481552,1240775968,0.000000,0.000000
acquisition/lookup_4096_ascii_raw,500,4,61920,0.025005291,2476276,1238137960,0.000000,0.000000
acquisition/lookup_4096_ascii_raw,500,5,61920,0.025006667,2476140,1238069832,0.000000,0.000000
acquisition/lookup_4096_ascii_raw,500,6,61824,0.025005958,2472371,1236185392,0.000000,0.000000
acquisition/lookup_4096_ascii_escaped,500,0,48288,0.025002583,1931320,965660228,0.000000,0.000000
acquisition/lookup_4096_ascii_escaped,500,1,48256,0.025005875,1929787,964893250,0.000000,0.000000
acquisition/lookup_4096_ascii_escaped,500,2,48480,0.025010083,1938418,969209099,0.000000,0.000000
acquisition/lookup_4096_ascii_escaped,500,3,48288,0.025005041,1931131,965565303,0.000000,0.000000
acquisition/lookup_4096_ascii_escaped,500,4,48416,0.025006167,1936162,968081194,0.000000,0.000000
acquisition/lookup_4096_ascii_escaped,500,5,48544,0.025007042,1941213,970606600,0.000000,0.000000
acquisition/lookup_4096_ascii_escaped,500,6,48864,0.025014167,1953453,976726509,0.000000,0.000000
acquisition/lookup_4096_ascii_varying,500,0,60736,0.025009084,2428558,1214278780,0.000000,0.000000
acquisition/lookup_4096_ascii_varying,500,1,60704,0.025003041,2427865,1213932337,0.000000,0.000000
acquisition/lookup_4096_ascii_varying,500,2,60832,0.025010417,2432267,1216133262,0.000000,0.000000
acquisition/lookup_4096_ascii_varying,500,3,60768,0.025002875,2430440,1215220250,0.000000,0.000000
acquisition/lookup_4096_ascii_varying,500,4,60960,0.025008625,2437559,1218779521,0.000000,0.000000
acquisition/lookup_4096_ascii_varying,500,5,60928,0.025008167,2436324,1218162051,0.000000,0.000000
acquisition/lookup_4096_ascii_varying,500,6,60864,0.025004583,2434114,1217056889,0.000000,0.000000
acquisition/lookup_repeated,500,0,37216,0.025019500,1487480,743739883,0.000000,0.000000
acquisition/lookup_repeated,500,1,37376,0.025011500,1494353,747176299,0.000000,0.000000
acquisition/lookup_repeated,500,2,37376,0.025004875,1494749,747374262,0.000000,0.000000
acquisition/lookup_repeated,500,3,37376,0.025013541,1494231,747115332,0.000000,0.000000
acquisition/lookup_repeated,500,4,37440,0.025012167,1496872,748435751,0.000000,0.000000
acquisition/lookup_repeated,500,5,37440,0.025005584,1497266,748632785,0.000000,0.000000
acquisition/lookup_repeated,500,6,37568,0.025002833,1502550,751274866,0.000000,0.000000
acquisition/lookup_mixed,500,0,39200,0.025018500,1566841,783420269,2.000000,136.000000
acquisition/lookup_mixed,500,1,39232,0.025004250,1569013,784506634,2.000000,136.000000
acquisition/lookup_mixed,500,2,39200,0.025003375,1567788,783894174,2.000000,136.000000
acquisition/lookup_mixed,500,3,39264,0.025001792,1570447,785223715,2.000000,136.000000
acquisition/lookup_mixed,500,4,39040,0.025001791,1561488,780744067,2.000000,136.000000
acquisition/lookup_mixed,500,5,39264,0.025004625,1570270,785134750,2.000000,136.000000
acquisition/lookup_mixed,500,6,39200,0.025014875,1567068,783533797,2.000000,136.000000
acquisition/lookup_4096_unicode_raw,500,0,67072,0.025005041,2682339,1341169567,0.000000,0.000000
acquisition/lookup_4096_unicode_raw,500,1,67104,0.025005542,2683565,1341782554,0.000000,0.000000
acquisition/lookup_4096_unicode_raw,500,2,67552,0.025001250,2701945,1350972451,0.000000,0.000000
acquisition/lookup_4096_unicode_raw,500,3,67776,0.025007375,2710240,1355120240,0.000000,0.000000
acquisition/lookup_4096_unicode_raw,500,4,67520,0.025006000,2700152,1350075982,0.000000,0.000000
acquisition/lookup_4096_unicode_raw,500,5,67616,0.025006292,2703959,1351979734,0.000000,0.000000
acquisition/lookup_4096_unicode_raw,500,6,67712,0.025011416,2707244,1353621882,0.000000,0.000000
acquisition/lookup_4096_unicode_escaped,500,0,60768,0.025006334,2430104,1215052154,0.000000,0.000000
acquisition/lookup_4096_unicode_escaped,500,1,60480,0.025013125,2417931,1208965293,0.000000,0.000000
acquisition/lookup_4096_unicode_escaped,500,2,60608,0.025001750,2424150,1212075155,0.000000,0.000000
acquisition/lookup_4096_unicode_escaped,500,3,60928,0.025001250,2436998,1218499075,0.000000,0.000000
acquisition/lookup_4096_unicode_escaped,500,4,61280,0.025005208,2450689,1225344736,0.000000,0.000000
acquisition/lookup_4096_unicode_escaped,500,5,61248,0.025002250,2449700,1224849764,0.000000,0.000000
acquisition/lookup_4096_unicode_escaped,500,6,61312,0.025008625,2451634,1225817093,0.000000,0.000000
acquisition/lookup_4096_unicode_varying,500,0,65152,0.025006417,2605411,1302705622,0.000000,0.000000
acquisition/lookup_4096_unicode_varying,500,1,65504,0.025001500,2620003,1310001400,0.000000,0.000000
acquisition/lookup_4096_unicode_varying,500,2,65728,0.025000208,2629098,1314549063,0.000000,0.000000
acquisition/lookup_4096_unicode_varying,500,3,65568,0.025001333,2622580,1311290082,0.000000,0.000000
acquisition/lookup_4096_unicode_varying,500,4,65504,0.025004500,2619688,1309844228,0.000000,0.000000
acquisition/lookup_4096_unicode_varying,500,5,65536,0.025001958,2621235,1310617352,0.000000,0.000000
acquisition/lookup_4096_unicode_varying,500,6,65568,0.025009417,2621732,1310866223,0.000000,0.000000
acquisition/lookup_8192_short_raw,500,0,72992,0.025006500,2918921,1459460540,0.000000,0.000000
acquisition/lookup_8192_short_raw,500,1,72832,0.025008416,2912300,1456149802,0.000000,0.000000
acquisition/lookup_8192_short_raw,500,2,73184,0.025008458,2926370,1463184975,0.000000,0.000000
acquisition/lookup_8192_short_raw,500,3,73088,0.025001000,2923403,1461701532,0.000000,0.000000
acquisition/lookup_8192_short_raw,500,4,73152,0.025003250,2925700,1462849830,0.000000,0.000000
acquisition/lookup_8192_short_raw,500,5,73216,0.025004750,2928084,1464041832,0.000000,0.000000
acquisition/lookup_8192_short_raw,500,6,73056,0.025000666,2922162,1461081077,0.000000,0.000000
acquisition/lookup_8192_short_escaped,500,0,66272,0.025006875,2650151,1325075604,0.000000,0.000000
acquisition/lookup_8192_short_escaped,500,1,66176,0.025000459,2646991,1323495701,0.000000,0.000000
acquisition/lookup_8192_short_escaped,500,2,66528,0.025009625,2660096,1330047932,0.000000,0.000000
acquisition/lookup_8192_short_escaped,500,3,66816,0.025001917,2672435,1336217539,0.000000,0.000000
acquisition/lookup_8192_short_escaped,500,4,66400,0.025007750,2655177,1327588448,0.000000,0.000000
acquisition/lookup_8192_short_escaped,500,5,66912,0.025007292,2675700,1337849776,0.000000,0.000000
acquisition/lookup_8192_short_escaped,500,6,66784,0.025011000,2670185,1335092559,0.000000,0.000000
acquisition/lookup_8192_short_varying,500,0,69696,0.025000416,2787794,1393896806,0.000000,0.000000
acquisition/lookup_8192_short_varying,500,1,69792,0.025000375,2791638,1395819063,0.000000,0.000000
acquisition/lookup_8192_short_varying,500,2,69696,0.025007625,2786990,1393494984,0.000000,0.000000
acquisition/lookup_8192_short_varying,500,3,69824,0.025005500,2792346,1396172842,0.000000,0.000000
acquisition/lookup_8192_short_varying,500,4,69792,0.025006333,2790973,1395486495,0.000000,0.000000
acquisition/lookup_8192_short_varying,500,5,69600,0.025000459,2783949,1391974443,0.000000,0.000000
acquisition/lookup_8192_short_varying,500,6,69824,0.025009750,2791871,1395935585,0.000000,0.000000
acquisition/lookup_8192_ascii_raw,500,0,61664,0.025007458,2465824,1232912198,0.000000,0.000000
acquisition/lookup_8192_ascii_raw,500,1,61600,0.025010708,2462945,1231472536,0.000000,0.000000
acquisition/lookup_8192_ascii_raw,500,2,61568,0.025003625,2462363,1231181479,0.000000,0.000000
acquisition/lookup_8192_ascii_raw,500,3,61632,0.025009500,2464344,1232171775,0.000000,0.000000
acquisition/lookup_8192_ascii_raw,500,4,61664,0.025012625,2465315,1232657508,0.000000,0.000000
acquisition/lookup_8192_ascii_raw,500,5,61696,0.025003875,2467458,1233728772,0.000000,0.000000
acquisition/lookup_8192_ascii_raw,500,6,61600,0.025005542,2463454,1231726951,0.000000,0.000000
acquisition/lookup_8192_ascii_escaped,500,0,47680,0.025001250,1907105,953552322,0.000000,0.000000
acquisition/lookup_8192_ascii_escaped,500,1,48128,0.025000375,1925091,962545562,0.000000,0.000000
acquisition/lookup_8192_ascii_escaped,500,2,48160,0.025014833,1925258,962628853,0.000000,0.000000
acquisition/lookup_8192_ascii_escaped,500,3,47584,0.025007709,1902773,951386630,0.000000,0.000000
acquisition/lookup_8192_ascii_escaped,500,4,48160,0.025007000,1925861,962930379,0.000000,0.000000
acquisition/lookup_8192_ascii_escaped,500,5,48192,0.025002667,1927474,963737189,0.000000,0.000000
acquisition/lookup_8192_ascii_escaped,500,6,48512,0.025016041,1939236,969617854,0.000000,0.000000
acquisition/lookup_8192_ascii_varying,500,0,59328,0.025007333,2372424,1186212060,0.000000,0.000000
acquisition/lookup_8192_ascii_varying,500,1,59584,0.025002041,2383165,1191582719,0.000000,0.000000
acquisition/lookup_8192_ascii_varying,500,2,59488,0.025008667,2378695,1189347677,0.000000,0.000000
acquisition/lookup_8192_ascii_varying,500,3,59648,0.025013292,2384652,1192326064,0.000000,0.000000
acquisition/lookup_8192_ascii_varying,500,4,59584,0.025008209,2382578,1191288828,0.000000,0.000000
acquisition/lookup_8192_ascii_varying,500,5,59744,0.025008250,2388972,1194485820,0.000000,0.000000
acquisition/lookup_8192_ascii_varying,500,6,59712,0.025008792,2387640,1193820157,0.000000,0.000000
acquisition/lookup_8192_unicode_raw,500,0,66848,0.025009291,2672927,1336463317,0.000000,0.000000
acquisition/lookup_8192_unicode_raw,500,1,66944,0.025004416,2677287,1338643542,0.000000,0.000000
acquisition/lookup_8192_unicode_raw,500,2,66688,0.025009000,2666560,1333280019,0.000000,0.000000
acquisition/lookup_8192_unicode_raw,500,3,66848,0.025002583,2673644,1336821880,0.000000,0.000000
acquisition/lookup_8192_unicode_raw,500,4,66944,0.025002000,2677546,1338772898,0.000000,0.000000
acquisition/lookup_8192_unicode_raw,500,5,66912,0.025009250,2675490,1337745034,0.000000,0.000000
acquisition/lookup_8192_unicode_raw,500,6,66976,0.025007584,2678228,1339113766,0.000000,0.000000
acquisition/lookup_8192_unicode_escaped,500,0,60416,0.025011625,2415517,1207758392,0.000000,0.000000
acquisition/lookup_8192_unicode_escaped,500,1,60384,0.025010125,2414382,1207191088,0.000000,0.000000
acquisition/lookup_8192_unicode_escaped,500,2,60544,0.025009542,2420836,1210418008,0.000000,0.000000
acquisition/lookup_8192_unicode_escaped,500,3,60256,0.025010667,2409212,1204606019,0.000000,0.000000
acquisition/lookup_8192_unicode_escaped,500,4,60704,0.025002417,2427925,1213962634,0.000000,0.000000
acquisition/lookup_8192_unicode_escaped,500,5,59936,0.025012292,2396262,1198130903,0.000000,0.000000
acquisition/lookup_8192_unicode_escaped,500,6,59552,0.025010250,2381104,1190551874,0.000000,0.000000
acquisition/lookup_8192_unicode_varying,500,0,64448,0.025008250,2577070,1288534784,0.000000,0.000000
acquisition/lookup_8192_unicode_varying,500,1,64448,0.025003250,2577585,1288792457,0.000000,0.000000
acquisition/lookup_8192_unicode_varying,500,2,64448,0.025003417,2577568,1288783849,0.000000,0.000000
acquisition/lookup_8192_unicode_varying,500,3,64416,0.025003958,2576232,1288116065,0.000000,0.000000
acquisition/lookup_8192_unicode_varying,500,4,64480,0.025000417,2579157,1289578490,0.000000,0.000000
acquisition/lookup_8192_unicode_varying,500,5,64256,0.025005167,2569709,1284854446,0.000000,0.000000
acquisition/lookup_8192_unicode_varying,500,6,64160,0.025004500,2565938,1282969066,0.000000,0.000000
acquisition/lookup_32768_short_raw,500,0,72288,0.025003292,2891139,1445569647,0.000000,0.000000
acquisition/lookup_32768_short_raw,500,1,72352,0.025004167,2893598,1446798848,0.000000,0.000000
acquisition/lookup_32768_short_raw,500,2,71584,0.025002500,2863074,1431536846,0.000000,0.000000
acquisition/lookup_32768_short_raw,500,3,69696,0.025000625,2787770,1393885153,0.000000,0.000000
acquisition/lookup_32768_short_raw,500,4,66464,0.025003292,2658210,1329104983,0.000000,0.000000
acquisition/lookup_32768_short_raw,500,5,56096,0.025006625,2243246,1121622770,0.000000,0.000000
acquisition/lookup_32768_short_raw,500,6,59744,0.025013167,2388502,1194251012,0.000000,0.000000
acquisition/lookup_32768_short_escaped,500,0,55296,0.025013542,2210643,1105321270,0.000000,0.000000
acquisition/lookup_32768_short_escaped,500,1,58496,0.025003125,2339548,1169773778,0.000000,0.000000
acquisition/lookup_32768_short_escaped,500,2,60064,0.025013291,2401283,1200641691,0.000000,0.000000
acquisition/lookup_32768_short_escaped,500,3,57920,0.025000666,2316738,1158369141,0.000000,0.000000
acquisition/lookup_32768_short_escaped,500,4,56352,0.025005917,2253547,1126773315,0.000000,0.000000
acquisition/lookup_32768_short_escaped,500,5,58176,0.025006917,2326396,1163198166,0.000000,0.000000
acquisition/lookup_32768_short_escaped,500,6,54976,0.025012000,2197985,1098992484,0.000000,0.000000
acquisition/lookup_32768_short_varying,500,0,63808,0.025003458,2551967,1275983506,0.000000,0.000000
acquisition/lookup_32768_short_varying,500,1,67744,0.025001625,2709584,1354791939,0.000000,0.000000
acquisition/lookup_32768_short_varying,500,2,67648,0.025002375,2705663,1352831481,0.000000,0.000000
acquisition/lookup_32768_short_varying,500,3,67584,0.025004125,2702914,1351457010,0.000000,0.000000
acquisition/lookup_32768_short_varying,500,4,65888,0.025006083,2634879,1317439441,0.000000,0.000000
acquisition/lookup_32768_short_varying,500,5,58560,0.025005416,2341893,1170946326,0.000000,0.000000
acquisition/lookup_32768_short_varying,500,6,57472,0.025007916,2298152,1149076157,0.000000,0.000000
acquisition/lookup_32768_ascii_raw,500,0,51904,0.025005500,2075703,1037851673,0.000000,0.000000
acquisition/lookup_32768_ascii_raw,500,1,51680,0.025017250,2065775,1032887308,0.000000,0.000000
acquisition/lookup_32768_ascii_raw,500,2,55264,0.025011417,2209551,1104775471,0.000000,0.000000
acquisition/lookup_32768_ascii_raw,500,3,54304,0.025010375,2171259,1085629464,0.000000,0.000000
acquisition/lookup_32768_ascii_raw,500,4,52576,0.025014083,2101856,1050927991,0.000000,0.000000
acquisition/lookup_32768_ascii_raw,500,5,52448,0.025001333,2097808,1048904072,0.000000,0.000000
acquisition/lookup_32768_ascii_raw,500,6,52800,0.025010875,2111082,1055540840,0.000000,0.000000
acquisition/lookup_32768_ascii_escaped,500,0,44576,0.025013375,1782087,891043292,0.000000,0.000000
acquisition/lookup_32768_ascii_escaped,500,1,46912,0.025008666,1875830,937914881,0.000000,0.000000
acquisition/lookup_32768_ascii_escaped,500,2,47648,0.025015625,1904730,952364772,0.000000,0.000000
acquisition/lookup_32768_ascii_escaped,500,3,47744,0.025011834,1908856,954428212,0.000000,0.000000
acquisition/lookup_32768_ascii_escaped,500,4,47808,0.025002834,1912103,956051622,0.000000,0.000000
acquisition/lookup_32768_ascii_escaped,500,5,48064,0.025013167,1921548,960773980,0.000000,0.000000
acquisition/lookup_32768_ascii_escaped,500,6,48064,0.025010417,1921759,960879621,0.000000,0.000000
acquisition/lookup_32768_ascii_varying,500,0,55968,0.025013041,2237553,1118776401,0.000000,0.000000
acquisition/lookup_32768_ascii_varying,500,1,56000,0.025002542,2239772,1119886130,0.000000,0.000000
acquisition/lookup_32768_ascii_varying,500,2,55776,0.025010125,2230137,1115068397,0.000000,0.000000
acquisition/lookup_32768_ascii_varying,500,3,56448,0.025002875,2257660,1128830185,0.000000,0.000000
acquisition/lookup_32768_ascii_varying,500,4,55840,0.025010542,2232659,1116329266,0.000000,0.000000
acquisition/lookup_32768_ascii_varying,500,5,56800,0.025005000,2271546,1135772845,0.000000,0.000000
acquisition/lookup_32768_ascii_varying,500,6,56032,0.025007000,2240653,1120326309,0.000000,0.000000
acquisition/lookup_32768_unicode_raw,500,0,66272,0.025002667,2650597,1325298617,0.000000,0.000000
acquisition/lookup_32768_unicode_raw,500,1,65888,0.025003500,2635151,1317575539,0.000000,0.000000
acquisition/lookup_32768_unicode_raw,500,2,65728,0.025004000,2628699,1314349704,0.000000,0.000000
acquisition/lookup_32768_unicode_raw,500,3,65440,0.025000500,2617548,1308773825,0.000000,0.000000
acquisition/lookup_32768_unicode_raw,500,4,65824,0.025011250,2631776,1315887850,0.000000,0.000000
acquisition/lookup_32768_unicode_raw,500,5,65984,0.025004750,2638859,1319429308,0.000000,0.000000
acquisition/lookup_32768_unicode_raw,500,6,66272,0.025003625,2650496,1325247839,0.000000,0.000000
acquisition/lookup_32768_unicode_escaped,500,0,59712,0.025009166,2387605,1193802304,0.000000,0.000000
acquisition/lookup_32768_unicode_escaped,500,1,59520,0.025007792,2380058,1190029092,0.000000,0.000000
acquisition/lookup_32768_unicode_escaped,500,2,59680,0.025004208,2386798,1193399127,0.000000,0.000000
acquisition/lookup_32768_unicode_escaped,500,3,59488,0.025000916,2379433,1189716409,0.000000,0.000000
acquisition/lookup_32768_unicode_escaped,500,4,59872,0.025012833,2393651,1196825645,0.000000,0.000000
acquisition/lookup_32768_unicode_escaped,500,5,60352,0.025003125,2413778,1206889139,0.000000,0.000000
acquisition/lookup_32768_unicode_escaped,500,6,60192,0.025003917,2407303,1203651412,0.000000,0.000000
acquisition/lookup_32768_unicode_varying,500,0,59936,0.025004250,2397033,1198516252,0.000000,0.000000
acquisition/lookup_32768_unicode_varying,500,1,59840,0.025004291,2393189,1196594617,0.000000,0.000000
acquisition/lookup_32768_unicode_varying,500,2,59872,0.025003084,2394585,1197292302,0.000000,0.000000
acquisition/lookup_32768_unicode_varying,500,3,59968,0.025005917,2398152,1199076203,0.000000,0.000000
acquisition/lookup_32768_unicode_varying,500,4,59744,0.025000834,2389680,1194840140,0.000000,0.000000
acquisition/lookup_32768_unicode_varying,500,5,59872,0.025006959,2394214,1197106773,0.000000,0.000000
acquisition/lookup_32768_unicode_varying,500,6,60576,0.025001792,2422866,1211433164,0.000000,0.000000
acquisition/string_borrowed,100,0,262496,0.025000500,10499630,1049963001,0.000000,0.000000
acquisition/string_borrowed,100,1,270336,0.025001167,10812935,1081293525,0.000000,0.000000
acquisition/string_borrowed,100,2,271072,0.025002625,10841742,1084174162,0.000000,0.000000
acquisition/string_borrowed,100,3,270400,0.025002292,10815008,1081500848,0.000000,0.000000
acquisition/string_borrowed,100,4,269280,0.025000583,10770949,1077094882,0.000000,0.000000
acquisition/string_borrowed,100,5,264800,0.025000625,10591735,1059173521,0.000000,0.000000
acquisition/string_borrowed,100,6,266496,0.025002667,10658703,1065870293,0.000000,0.000000
acquisition/string_compare,100,0,128768,0.025000250,5150668,515066849,0.000000,0.000000
acquisition/string_compare,100,1,131104,0.025005583,5242989,524298914,0.000000,0.000000
acquisition/string_compare,100,2,130688,0.025003584,5226771,522677069,0.000000,0.000000
acquisition/string_compare,100,3,130592,0.025002333,5223193,522319257,0.000000,0.000000
acquisition/string_compare,100,4,131296,0.025001166,5251595,525159507,0.000000,0.000000
acquisition/string_compare,100,5,131520,0.025003958,5259967,525996724,0.000000,0.000000
acquisition/string_compare,100,6,131712,0.025002166,5268024,526802358,0.000000,0.000000
acquisition/string_unicode_compare,100,0,88576,0.025002000,3542757,354275658,0.000000,0.000000
acquisition/string_unicode_compare,100,1,87296,0.025008292,3490682,349068221,0.000000,0.000000
acquisition/string_unicode_compare,100,2,86624,0.025004667,3464313,346431328,0.000000,0.000000
acquisition/string_unicode_compare,100,3,88224,0.025004167,3528372,352837189,0.000000,0.000000
acquisition/string_unicode_compare,100,4,88416,0.025001333,3536451,353645144,0.000000,0.000000
acquisition/string_unicode_compare,100,5,88352,0.025005750,3533267,353326735,0.000000,0.000000
acquisition/string_unicode_compare,100,6,88256,0.025000041,3530234,353023421,0.000000,0.000000
acquisition/string_concat,100,0,81216,0.025007542,3247660,324766025,2.000000,45.000000
acquisition/string_concat,100,1,80320,0.025007375,3211853,321185250,2.000000,45.000000
acquisition/string_concat,100,2,80768,0.025001209,3230564,323056377,2.000000,45.000000
acquisition/string_concat,100,3,81504,0.025000125,3260144,326014370,2.000000,45.000000
acquisition/string_concat,100,4,81440,0.025009250,3256395,325639513,2.000000,45.000000
acquisition/string_concat,100,5,81504,0.025005417,3259454,325945374,2.000000,45.000000
acquisition/string_concat,100,6,81600,0.025008083,3262945,326294502,2.000000,45.000000
acquisition/string_owned_compare,100,0,67744,0.025003875,2709340,270934005,2.000000,45.000000
acquisition/string_owned_compare,100,1,67776,0.025010959,2709852,270985211,2.000000,45.000000
acquisition/string_owned_compare,100,2,67744,0.025010333,2708640,270864046,2.000000,45.000000
acquisition/string_owned_compare,100,3,67904,0.025000250,2716133,271613284,2.000000,45.000000
acquisition/string_owned_compare,100,4,67616,0.025007458,2703833,270383339,2.000000,45.000000
acquisition/string_owned_compare,100,5,66976,0.025011666,2677790,267779044,2.000000,45.000000
acquisition/string_owned_compare,100,6,66528,0.025002708,2660832,266083178,2.000000,45.000000
acquisition/string_construct,100,0,34528,0.025019375,1380050,138005046,9.000000,417.000000
acquisition/string_construct,100,1,34656,0.025009875,1385693,138569265,9.000000,417.000000
acquisition/string_construct,100,2,34688,0.025018250,1386508,138650785,9.000000,417.000000
acquisition/string_construct,100,3,34848,0.025010791,1393319,139331859,9.000000,417.000000
acquisition/string_construct,100,4,34784,0.025007042,1390968,139096819,9.000000,417.000000
acquisition/string_construct,100,5,34720,0.025008334,1388337,138833718,9.000000,417.000000
acquisition/string_construct,100,6,34688,0.025010792,1386921,138692129,9.000000,417.000000
acquisition/string_callback,100,0,35136,0.025000375,1405419,140541892,14.000000,945.000000
acquisition/string_callback,100,1,35264,0.025018959,1409491,140949110,14.000000,945.000000
acquisition/string_callback,100,2,35200,0.025008833,1407503,140750270,14.000000,945.000000
acquisition/string_callback,100,3,35136,0.025002209,1405316,140531583,14.000000,945.000000
acquisition/string_callback,100,4,35296,0.025006166,1411492,141149187,14.000000,945.000000
acquisition/string_callback,100,5,35168,0.025001750,1406622,140662154,14.000000,945.000000
acquisition/string_callback,100,6,34848,0.025014125,1393133,139313288,14.000000,945.000000
acquisition/string_borrowed,500,0,80704,0.025006458,3227326,1613663159,0.000000,0.000000
acquisition/string_borrowed,500,1,81088,0.025002708,3243169,1621584350,0.000000,0.000000
acquisition/string_borrowed,500,2,81088,0.025006583,3242666,1621333071,0.000000,0.000000
acquisition/string_borrowed,500,3,81088,0.025002458,3243201,1621600564,0.000000,0.000000
acquisition/string_borrowed,500,4,80960,0.025000750,3238303,1619151425,0.000000,0.000000
acquisition/string_borrowed,500,5,81248,0.025001000,3249790,1624895004,0.000000,0.000000
acquisition/string_borrowed,500,6,81184,0.025002041,3247095,1623547454,0.000000,0.000000
acquisition/string_compare,500,0,40384,0.025006625,1614932,807466022,0.000000,0.000000
acquisition/string_compare,500,1,40288,0.025002958,1611329,805664674,0.000000,0.000000
acquisition/string_compare,500,2,40352,0.025005459,1613728,806863813,0.000000,0.000000
acquisition/string_compare,500,3,40256,0.025000292,1610221,805110596,0.000000,0.000000
acquisition/string_compare,500,4,40384,0.025008709,1614797,807398735,0.000000,0.000000
acquisition/string_compare,500,5,40320,0.025007833,1612295,806147418,0.000000,0.000000
acquisition/string_compare,500,6,40384,0.025019375,1614109,807054533,0.000000,0.000000
acquisition/string_unicode_compare,500,0,27168,0.025015750,1086036,543017899,0.000000,0.000000
acquisition/string_unicode_compare,500,1,27296,0.025004292,1091653,545826293,0.000000,0.000000
acquisition/string_unicode_compare,500,2,27104,0.025015209,1083501,541750421,0.000000,0.000000
acquisition/string_unicode_compare,500,3,27104,0.025000875,1084122,542061028,0.000000,0.000000
acquisition/string_unicode_compare,500,4,27168,0.025017083,1085978,542988965,0.000000,0.000000
acquisition/string_unicode_compare,500,5,26976,0.025029000,1077790,538894882,0.000000,0.000000
acquisition/string_unicode_compare,500,6,27360,0.025012125,1093869,546934737,0.000000,0.000000
acquisition/string_concat,500,0,26432,0.025002709,1057165,528582723,2.000000,45.000000
acquisition/string_concat,500,1,26464,0.025021333,1057657,528828740,2.000000,45.000000
acquisition/string_concat,500,2,26464,0.025003208,1058424,529212092,2.000000,45.000000
acquisition/string_concat,500,3,26496,0.025029709,1058582,529291012,2.000000,45.000000
acquisition/string_concat,500,4,26528,0.025017834,1060364,530181790,2.000000,45.000000
acquisition/string_concat,500,5,26592,0.025023750,1062670,531335232,2.000000,45.000000
acquisition/string_concat,500,6,26464,0.025008667,1058193,529096573,2.000000,45.000000
acquisition/string_owned_compare,500,0,24736,0.025002708,989333,494666418,2.000000,45.000000
acquisition/string_owned_compare,500,1,24768,0.025007584,990420,495209773,2.000000,45.000000
acquisition/string_owned_compare,500,2,24736,0.025030583,988231,494115539,2.000000,45.000000
acquisition/string_owned_compare,500,3,24768,0.025030875,989498,494748985,2.000000,45.000000
acquisition/string_owned_compare,500,4,24768,0.025006541,990461,495230428,2.000000,45.000000
acquisition/string_owned_compare,500,5,24768,0.025004125,990557,495278279,2.000000,45.000000
acquisition/string_owned_compare,500,6,24800,0.025017584,991303,495651379,2.000000,45.000000
acquisition/string_construct,500,0,14208,0.025044792,567304,283651787,9.000000,417.000000
acquisition/string_construct,500,1,14176,0.025051375,565877,282938561,9.000000,417.000000
acquisition/string_construct,500,2,14176,0.025015250,566694,283347158,9.000000,417.000000
acquisition/string_construct,500,3,14208,0.025025667,567737,283868558,9.000000,417.000000
acquisition/string_construct,500,4,14208,0.025030250,567633,283816582,9.000000,417.000000
acquisition/string_construct,500,5,14144,0.025020166,565304,282652002,9.000000,417.000000
acquisition/string_construct,500,6,14144,0.025005458,565637,282818255,9.000000,417.000000
acquisition/string_callback,500,0,18496,0.025007792,739609,369804739,14.000000,945.000000
acquisition/string_callback,500,1,18368,0.025030541,733824,366911766,14.000000,945.000000
acquisition/string_callback,500,2,18496,0.025001083,739808,369903976,14.000000,945.000000
acquisition/string_callback,500,3,18560,0.025039792,741220,370610107,14.000000,945.000000
acquisition/string_callback,500,4,18464,0.025011833,738211,369105295,14.000000,945.000000
acquisition/string_callback,500,5,18560,0.025027542,741583,370791506,14.000000,945.000000
acquisition/string_callback,500,6,18496,0.025003917,739724,369862050,14.000000,945.000000
acquisition/string_borrowed,10240,0,4704,0.025095291,187446,1919442177,0.000000,0.000000
acquisition/string_borrowed,10240,1,4672,0.025021959,186716,1911971800,0.000000,0.000000
acquisition/string_borrowed,10240,2,4704,0.025138125,187126,1916171552,0.000000,0.000000
acquisition/string_borrowed,10240,3,4704,0.025155375,186998,1914857560,0.000000,0.000000
acquisition/string_borrowed,10240,4,4704,0.025091542,187474,1919728967,0.000000,0.000000
acquisition/string_borrowed,10240,5,4704,0.025141583,187100,1915908000,0.000000,0.000000
acquisition/string_borrowed,10240,6,4704,0.025087250,187506,1920057400,0.000000,0.000000
acquisition/string_compare,10240,0,2400,0.025196375,95252,975378403,0.000000,0.000000
acquisition/string_compare,10240,1,2400,0.025224750,95145,974281212,0.000000,0.000000
acquisition/string_compare,10240,2,2400,0.025175250,95332,976196860,0.000000,0.000000
acquisition/string_compare,10240,3,2400,0.025185625,95292,975794724,0.000000,0.000000
acquisition/string_compare,10240,4,2400,0.025160667,95387,976762659,0.000000,0.000000
acquisition/string_compare,10240,5,2400,0.025207542,95210,974946308,0.000000,0.000000
acquisition/string_compare,10240,6,2400,0.025173917,95337,976248551,0.000000,0.000000
acquisition/string_unicode_compare,10240,0,1600,0.025073584,63812,653436701,0.000000,0.000000
acquisition/string_unicode_compare,10240,1,1600,0.025029250,63925,654594125,0.000000,0.000000
acquisition/string_unicode_compare,10240,2,1600,0.025094416,63759,652894253,0.000000,0.000000
acquisition/string_unicode_compare,10240,3,1600,0.025070708,63819,653511660,0.000000,0.000000
acquisition/string_unicode_compare,10240,4,1600,0.025042541,63891,654246708,0.000000,0.000000
acquisition/string_unicode_compare,10240,5,1600,0.025060250,63846,653784380,0.000000,0.000000
acquisition/string_unicode_compare,10240,6,1600,0.025034916,63911,654445975,0.000000,0.000000
acquisition/string_concat,10240,0,1600,0.025114334,63709,652376448,2.000000,45.000000
acquisition/string_concat,10240,1,1600,0.025101125,63742,652719749,2.000000,45.000000
acquisition/string_concat,10240,2,1600,0.025064000,63837,653686562,2.000000,45.000000
acquisition/string_concat,10240,3,1600,0.025035458,63909,654431806,2.000000,45.000000
acquisition/string_concat,10240,4,1600,0.025112375,63714,652427339,2.000000,45.000000
acquisition/string_concat,10240,5,1600,0.025106000,63730,652593006,2.000000,45.000000
acquisition/string_concat,10240,6,1600,0.025088542,63774,653047116,2.000000,45.000000
acquisition/string_owned_compare,10240,0,1600,0.025218417,63446,649683919,2.000000,45.000000
acquisition/string_owned_compare,10240,1,1600,0.025199334,63494,650175913,2.000000,45.000000
acquisition/string_owned_compare,10240,2,1600,0.025222666,63435,649574474,2.000000,45.000000
acquisition/string_owned_compare,10240,3,1600,0.025152875,63611,651376831,2.000000,45.000000
acquisition/string_owned_compare,10240,4,1600,0.025202292,63486,650099602,2.000000,45.000000
acquisition/string_owned_compare,10240,5,1600,0.025185417,63529,650535189,2.000000,45.000000
acquisition/string_owned_compare,10240,6,1600,0.025214000,63457,649797731,2.000000,45.000000
acquisition/string_construct,10240,0,960,0.025210625,38079,389930833,9.000000,417.000000
acquisition/string_construct,10240,1,960,0.025188375,38113,390275276,9.000000,417.000000
acquisition/string_construct,10240,2,960,0.025237750,38038,389511743,9.000000,417.000000
acquisition/string_construct,10240,3,960,0.025019917,38369,392902982,9.000000,417.000000
acquisition/string_construct,10240,4,960,0.025215875,38071,389849648,9.000000,417.000000
acquisition/string_construct,10240,5,960,0.025164709,38149,390642308,9.000000,417.000000
acquisition/string_construct,10240,6,960,0.025168583,38143,390582179,9.000000,417.000000
acquisition/string_callback,10240,0,1568,0.025227666,62154,636456817,14.000000,945.000000
acquisition/string_callback,10240,1,1568,0.025222042,62168,636598734,14.000000,945.000000
acquisition/string_callback,10240,2,1568,0.025211083,62195,636875457,14.000000,945.000000
acquisition/string_callback,10240,3,1568,0.025182417,62266,637600434,14.000000,945.000000
acquisition/string_callback,10240,4,1568,0.025205375,62209,637019683,14.000000,945.000000
acquisition/string_callback,10240,5,1568,0.025254708,62087,635775318,14.000000,945.000000
acquisition/string_callback,10240,6,1568,0.025220084,62173,636648157,14.000000,945.000000
rust/string_shared,12,0,854112,0.025000917,34163227,409958723,2.000000,46.000000
rust/string_shared,12,1,895456,0.025000375,35817703,429812433,2.000000,46.000000
rust/string_shared,12,2,849344,0.025000833,33972628,407671536,2.000000,46.000000
rust/string_shared,12,3,854496,0.025000916,34178588,410143052,2.000000,46.000000
rust/string_shared,12,4,863072,0.025000250,34522535,414270417,2.000000,46.000000
rust/string_shared,12,5,859040,0.025000917,34360340,412324076,2.000000,46.000000
rust/string_shared,12,6,855104,0.025000417,34203589,410443074,2.000000,46.000000
rust/string_stack,12,0,983648,0.025000250,39345527,472146319,1.000000,32.000000
rust/string_stack,12,1,990784,0.025000667,39630303,475563632,1.000000,32.000000
rust/string_stack,12,2,989632,0.025000375,39584686,475016235,1.000000,32.000000
rust/string_stack,12,3,994144,0.025000375,39765164,477181962,1.000000,32.000000
rust/string_stack,12,4,995040,0.025000417,39800936,477611233,1.000000,32.000000
rust/string_stack,12,5,992576,0.025000750,39701849,476422187,1.000000,32.000000
rust/string_stack,12,6,992512,0.025000334,39699950,476399395,1.000000,32.000000
rust/string_inline,12,0,3197728,0.025000125,127908480,1534901765,0.000000,0.000000
rust/string_inline,12,1,3281696,0.025000000,131267840,1575214080,0.000000,0.000000
rust/string_inline,12,2,3342848,0.025000125,133713251,1604559017,0.000000,0.000000
rust/string_inline,12,3,3363456,0.025000042,134538014,1614456168,0.000000,0.000000
rust/string_inline,12,4,3343264,0.025000167,133729667,1604756000,0.000000,0.000000
rust/string_inline,12,5,3304160,0.025000042,132166178,1585994136,0.000000,0.000000
rust/string_inline,12,6,3281280,0.025000125,131250544,1575006525,0.000000,0.000000
rust/string_shared,22,0,804864,0.025000333,32194131,708270886,2.000000,64.000000
rust/string_shared,22,1,816224,0.025000167,32648742,718272322,2.000000,64.000000
rust/string_shared,22,2,816608,0.025000042,32664265,718613833,2.000000,64.000000
rust/string_shared,22,3,766656,0.025000584,30665524,674641520,2.000000,64.000000
rust/string_shared,22,4,783392,0.025001000,31334427,689357386,2.000000,64.000000
rust/string_shared,22,5,779328,0.025000417,31172600,685797201,2.000000,64.000000
rust/string_shared,22,6,781696,0.025000625,31267058,687875283,2.000000,64.000000
rust/string_stack,22,0,1079968,0.025000292,43198215,950360740,1.000000,40.000000
rust/string_stack,22,1,1041920,0.025000541,41675898,916869759,1.000000,40.000000
rust/string_stack,22,2,1076800,0.025000416,43071283,947568232,1.000000,40.000000
rust/string_stack,22,3,1074080,0.025000542,42962269,945169909,1.000000,40.000000
rust/string_stack,22,4,1076288,0.025000334,43050945,947120786,1.000000,40.000000
rust/string_stack,22,5,1083776,0.025000417,43350317,953706972,1.000000,40.000000
rust/string_stack,22,6,1086144,0.025000583,43444747,955784431,1.000000,40.000000
rust/string_inline,22,0,756640,0.025000333,30265197,665834331,2.000000,64.000000
rust/string_inline,22,1,769472,0.025000792,30777905,677113909,2.000000,64.000000
rust/string_inline,22,2,778016,0.025000125,31120484,684650657,2.000000,64.000000
rust/string_inline,22,3,798144,0.025000917,31924589,702340958,2.000000,64.000000
rust/string_inline,22,4,797440,0.025000083,31897494,701744870,2.000000,64.000000
rust/string_inline,22,5,796256,0.025000250,31849922,700698273,2.000000,64.000000
rust/string_inline,22,6,796032,0.025000083,31841174,700505834,2.000000,64.000000
rust/string_shared,62,0,866208,0.025000334,34647857,2148167140,2.000000,144.000000
rust/string_shared,62,1,873536,0.025000583,34940625,2166318761,2.000000,144.000000
rust/string_shared,62,2,865568,0.025000125,34622547,2146597907,2.000000,144.000000
rust/string_shared,62,3,867392,0.025000042,34695622,2151128546,2.000000,144.000000
rust/string_shared,62,4,868896,0.025000083,34755725,2154854926,2.000000,144.000000
rust/string_shared,62,5,880032,0.025000041,35201222,2182475781,2.000000,144.000000
rust/string_shared,62,6,843040,0.025000166,33721376,2090725318,2.000000,144.000000
rust/string_stack,62,0,1086048,0.025000208,43441559,2693376631,1.000000,80.000000
rust/string_stack,62,1,1111136,0.025000250,44444996,2755589724,1.000000,80.000000
rust/string_stack,62,2,1116032,0.025000125,44641057,2767745521,1.000000,80.000000
rust/string_stack,62,3,1122592,0.025000666,44902484,2783953995,1.000000,80.000000
rust/string_stack,62,4,1137696,0.025000125,45507612,2821471973,1.000000,80.000000
rust/string_stack,62,5,1157728,0.025000500,46308194,2871108018,1.000000,80.000000
rust/string_stack,62,6,1122656,0.025000667,44905042,2784112600,1.000000,80.000000
rust/string_inline,62,0,811680,0.025000250,32466875,2012946271,2.000000,144.000000
rust/string_inline,62,1,813664,0.025000708,32545638,2017829575,2.000000,144.000000
rust/string_inline,62,2,811840,0.025000916,32472410,2013289433,2.000000,144.000000
rust/string_inline,62,3,815296,0.025000458,32611243,2021897039,2.000000,144.000000
rust/string_inline,62,4,816896,0.025000792,32674805,2025837901,2.000000,144.000000
rust/string_inline,62,5,814304,0.025000208,32571889,2019457118,2.000000,144.000000
rust/string_inline,62,6,814432,0.025000666,32576412,2019737554,2.000000,144.000000
rust/string_shared,63,0,867360,0.025000000,34694400,2185747200,2.000000,153.000000
rust/string_shared,63,1,866752,0.025000500,34669387,2184171357,2.000000,153.000000
rust/string_shared,63,2,865696,0.025000875,34626628,2181477568,2.000000,153.000000
rust/string_shared,63,3,864960,0.025000500,34597708,2179655607,2.000000,153.000000
rust/string_shared,63,4,866112,0.025000125,34644307,2182591327,2.000000,153.000000
rust/string_shared,63,5,863680,0.025000250,34546855,2176451835,2.000000,153.000000
rust/string_shared,63,6,861600,0.025000084,34463884,2171224705,2.000000,153.000000
rust/string_stack,63,0,827328,0.025000917,33091906,2084790090,2.000000,153.000000
rust/string_stack,63,1,826720,0.025000416,33068250,2083299734,2.000000,153.000000
rust/string_stack,63,2,825184,0.025000250,33007030,2079442886,2.000000,153.000000
rust/string_stack,63,3,812800,0.025000084,32511891,2048249118,2.000000,153.000000
rust/string_stack,63,4,827392,0.025000250,33095349,2085006990,2.000000,153.000000
rust/string_stack,63,5,828704,0.025000333,33147718,2088306264,2.000000,153.000000
rust/string_stack,63,6,826080,0.025000458,33042595,2081683464,2.000000,153.000000
rust/string_inline,63,0,804320,0.025000500,32172157,2026845863,2.000000,153.000000
rust/string_inline,63,1,807392,0.025000416,32295143,2034593984,2.000000,153.000000
rust/string_inline,63,2,806048,0.025000875,32240792,2031169869,2.000000,153.000000
rust/string_inline,63,3,803584,0.025000792,32142342,2024967529,2.000000,153.000000
rust/string_inline,63,4,804480,0.025000125,32179039,2027279464,2.000000,153.000000
rust/string_inline,63,5,804736,0.025000458,32188850,2027897569,2.000000,153.000000
rust/string_inline,63,6,806368,0.025000708,32253807,2031989814,2.000000,153.000000
rust/string_shared,128,0,863264,0.025000375,34530042,4419845382,2.000000,282.000000
rust/string_shared,128,1,861728,0.025000916,34467857,4411885709,2.000000,282.000000
rust/string_shared,128,2,863904,0.025000167,34555929,4423158933,2.000000,282.000000
rust/string_shared,128,3,863744,0.025000125,34549587,4422347168,2.000000,282.000000
rust/string_shared,128,4,862112,0.025000625,34483618,4413903092,2.000000,282.000000
rust/string_shared,128,5,866432,0.025000750,34656240,4435998760,2.000000,282.000000
rust/string_shared,128,6,865600,0.025000417,34623422,4431798078,2.000000,282.000000
rust/string_stack,128,0,872192,0.025000625,34886808,4465511402,2.000000,282.000000
rust/string_stack,128,1,870432,0.025000417,34816699,4456537505,2.000000,282.000000
rust/string_stack,128,2,871008,0.025000292,34839913,4459508873,2.000000,282.000000
rust/string_stack,128,3,868544,0.025000750,34740718,4446811876,2.000000,282.000000
rust/string_stack,128,4,871584,0.025000459,34862720,4462428150,2.000000,282.000000
rust/string_stack,128,5,864992,0.025000208,34599392,4428722193,2.000000,282.000000
rust/string_stack,128,6,871328,0.025000167,34852887,4461169559,2.000000,282.000000
rust/string_inline,128,0,815136,0.025000500,32604788,4173412852,2.000000,282.000000
rust/string_inline,128,1,819488,0.025000458,32778919,4195701695,2.000000,282.000000
rust/string_inline,128,2,818656,0.025000541,32745531,4191428017,2.000000,282.000000
rust/string_inline,128,3,813792,0.025000416,32551138,4166545709,2.000000,282.000000
rust/string_inline,128,4,818432,0.025000167,32737061,4190343849,2.000000,282.000000
rust/string_inline,128,5,818624,0.025000583,32744196,4191257140,2.000000,282.000000
rust/string_inline,128,6,817536,0.025000834,32700349,4185644687,2.000000,282.000000
